{"type":"FeatureCollection","features":[{"type":"Feature","properties":{"ele":350},"geometry":{"type":"MultiLineString","coordinates":[[[5.99766,50.40826],[5.99752,50.40856],[5.99749,50.40885],[5.99826,50.40914],[5.99899,50.40988],[6.00101,50.41165],[6.00124,50.41224],[6.00118,50.41244],[6.00083,50.41298],[6.00096,50.41325],[6.00204,50.41342],[6.00256,50.41319],[6.00308,50.41309],[6.00485,50.4132],[6.00507,50.41324],[6.00544,50.41361],[6.00626,50.41372],[6.00715,50.41359],[6.00749,50.41325],[6.00794,50.41296],[6.00833,50.41301],[6.00878,50.41326],[6.0092,50.41409],[6.00937,50.41463],[6.00963,50.41498],[6.01053,50.41519],[6.01129,50.41548],[6.01172,50.41576],[6.01255,50.41603],[6.01296,50.41631],[6.01376,50.41668],[6.01418,50.41681],[6.0148,50.41688],[6.01668,50.41772],[6.01805,50.41823],[6.01961,50.4191],[6.02011,50.41924],[6.02043,50.41966],[6.02171,50.41992],[6.02216,50.42017],[6.02295,50.42044],[6.0242,50.4211],[6.02476,50.42127],[6.02503,50.4216],[6.02574,50.42171],[6.02616,50.42187],[6.02654,50.42211],[6.02653,50.42243],[6.02671,50.42257],[6.02767,50.42257],[6.02834,50.42283],[6.0288,50.4227],[6.02929,50.42322],[6.02952,50.42329],[6.03167,50.42333],[6.03225,50.42321],[6.03308,50.42335],[6.0334,50.4233],[6.03373,50.42308],[6.03397,50.42303],[6.03506,50.42315],[6.03579,50.42307],[6.03657,50.42321],[6.03714,50.42298],[6.0385,50.42311],[6.0394,50.42353],[6.03838,50.42409],[6.03795,50.42419],[6.03752,50.42446],[6.03644,50.42491],[6.03504,50.42529],[6.03377,50.42542],[6.03364,50.4255],[6.0335,50.4258],[6.03264,50.42605],[6.03122,50.42627],[6.02924,50.427],[6.02881,50.42721],[6.02783,50.42794],[6.02773,50.42824],[6.02797,50.42852],[6.02931,50.42909],[6.03003,50.42965],[6.03082,50.43092],[6.03071,50.43133],[6.03019,50.43203],[6.03001,50.43299],[6.02954,50.43405],[6.0296,50.43466],[6.03011,50.43548],[6.03131,50.43602],[6.03328,50.43722],[6.0349,50.438],[6.03537,50.4384],[6.03566,50.43854],[6.03541,50.43861],[6.03462,50.43854],[6.0346,50.43883],[6.03491,50.43896],[6.03563,50.43895],[6.03642,50.43867],[6.03767,50.43877],[6.03881,50.43874],[6.03964,50.43881],[6.04007,50.43897],[6.04142,50.43924],[6.04272,50.43922],[6.04346,50.4395],[6.04466,50.43964],[6.04477,50.43993],[6.04507,50.44009],[6.04622,50.44024],[6.04675,50.44072],[6.04671,50.44089],[6.04627,50.44131],[6.04599,50.44147],[6.04574,50.44149],[6.04503,50.44132],[6.04468,50.44099],[6.04408,50.44078],[6.04392,50.44041],[6.04338,50.4402],[6.04298,50.43987],[6.04204,50.43986],[6.04193,50.43995],[6.04315,50.44048],[6.04337,50.44076],[6.04277,50.44088],[6.04191,50.4413],[6.04145,50.44161],[6.04123,50.44187],[6.04155,50.44215],[6.04069,50.44218],[6.04032,50.44214],[6.04003,50.44187],[6.04014,50.44159],[6.04002,50.44147],[6.03938,50.4415],[6.03879,50.4413],[6.03829,50.44138],[6.03812,50.44128],[6.03795,50.44103],[6.03713,50.44135],[6.03584,50.44111],[6.03471,50.44107],[6.03222,50.44019],[6.03202,50.43994],[6.03181,50.43982],[6.03165,50.43981],[6.03127,50.43996],[6.03115,50.43956],[6.03095,50.4393],[6.03015,50.43908],[6.02878,50.43827],[6.02837,50.43794],[6.02795,50.43757],[6.02776,50.43718],[6.02748,50.43692],[6.02732,50.43659],[6.02704,50.43628],[6.02691,50.43599],[6.0269,50.4355],[6.02669,50.43492],[6.0267,50.43464],[6.02698,50.43442],[6.02709,50.43422],[6.02687,50.43363],[6.02691,50.43321],[6.02673,50.43296],[6.02617,50.43275],[6.02634,50.43241],[6.02482,50.43123],[6.02474,50.43095],[6.02482,50.43026],[6.02505,50.42992],[6.02497,50.42963],[6.02469,50.42934],[6.02402,50.42916],[6.02253,50.42916],[6.02247,50.42909],[6.02272,50.42889],[6.02275,50.42876],[6.02248,50.42829],[6.0221,50.42799],[6.0208,50.42775],[6.01923,50.4273],[6.01752,50.42693],[6.01649,50.42633],[6.01527,50.42586],[6.01378,50.42574],[6.01335,50.4255],[6.01217,50.42449],[6.01125,50.42389],[6.01104,50.4235],[6.01061,50.42298],[6.01012,50.4226],[6.00621,50.42114],[6.00466,50.42075],[6.00338,50.4202],[6.00165,50.41964],[6.00033,50.41936],[5.99905,50.41887],[5.99845,50.41853],[5.99839,50.41825],[5.99758,50.41789],[5.99714,50.4176],[5.99659,50.41745],[5.99643,50.4172],[5.99637,50.41683],[5.99586,50.4166],[5.99552,50.41628],[5.99508,50.41602],[5.99483,50.41571],[5.99424,50.41537],[5.99337,50.41529],[5.9931,50.41516],[5.99294,50.41497],[5.99287,50.41464],[5.99334,50.41453],[5.99343,50.41436],[5.99253,50.41328],[5.99236,50.41273],[5.9921,50.41243],[5.99179,50.41168],[5.99182,50.41119],[5.99265,50.41014],[5.99294,50.40964],[5.99421,50.40912],[5.99542,50.40826]],[[6.0342,50.43988],[6.03397,50.43972],[6.03397,50.4396],[6.03417,50.43952],[6.03435,50.4396],[6.03435,50.43972],[6.0342,50.43988]],[[6.03295,50.43924],[6.03267,50.43904],[6.03267,50.43888],[6.03276,50.4388],[6.03298,50.43878],[6.03309,50.43891],[6.03311,50.43909],[6.03295,50.43924]],[[6.03045,50.43891],[6.03034,50.43883],[6.03038,50.43875],[6.03062,50.43879],[6.03045,50.43891]],[[6.03004,50.42325],[6.02979,50.42299],[6.03018,50.42299],[6.03004,50.42325]],[[5.9867,50.4197],[5.98713,50.4197],[5.98755,50.41918],[5.98766,50.41863],[5.98792,50.41832],[5.98855,50.41816],[5.98949,50.41817],[5.99097,50.41849],[5.99173,50.41881],[5.99214,50.41907],[5.99252,50.41952],[5.99295,50.41965],[5.99308,50.41936],[5.99343,50.41909],[5.99328,50.419],[5.99241,50.41885],[5.99248,50.4187],[5.99292,50.41865],[5.99296,50.41854],[5.99225,50.41801],[5.98922,50.41651],[5.98875,50.41634],[5.98819,50.41605],[5.98793,50.41582],[5.98753,50.41571],[5.9867,50.41516]]]}},{"type":"Feature","properties":{"ele":400},"geometry":{"type":"MultiLineString","coordinates":[[[6.00186,50.40826],[6.00218,50.40876],[6.00255,50.40909],[6.00308,50.40929],[6.00418,50.40954],[6.00537,50.40943],[6.00636,50.40946],[6.00762,50.40974],[6.00881,50.40988],[6.00949,50.40982],[6.01004,50.40963],[6.01048,50.4096],[6.01062,50.40994],[6.01055,50.41074],[6.00975,50.41108],[6.0096,50.4113],[6.00954,50.41168],[6.00964,50.41201],[6.0103,50.41258],[6.01036,50.4131],[6.01053,50.41354],[6.01256,50.41377],[6.01338,50.41377],[6.01333,50.41403],[6.01289,50.4146],[6.01291,50.41471],[6.01305,50.41475],[6.01438,50.41483],[6.01616,50.41454],[6.01712,50.41466],[6.01757,50.41454],[6.01798,50.41457],[6.01879,50.4152],[6.01879,50.41549],[6.01842,50.41578],[6.01834,50.41605],[6.01956,50.41628],[6.02245,50.41718],[6.02462,50.4177],[6.02627,50.41832],[6.02839,50.41881],[6.02915,50.41917],[6.03017,50.41903],[6.03199,50.41942],[6.03365,50.41933],[6.03756,50.41976],[6.03912,50.41957],[6.03962,50.41932],[6.04041,50.4192],[6.04097,50.41882],[6.04084,50.41856],[6.04037,50.41836],[6.03933,50.41821],[6.03898,50.41807],[6.03882,50.41795],[6.03876,50.41773],[6.03841,50.41731],[6.03844,50.41692],[6.03877,50.41659],[6.04008,50.41598],[6.04049,50.416],[6.04085,50.41633],[6.0413,50.41659],[6.04258,50.41712],[6.04392,50.41727],[6.04587,50.41778],[6.04633,50.41779],[6.0464,50.41769],[6.04611,50.41749],[6.04611,50.41735],[6.04633,50.41722],[6.04677,50.41723],[6.04688,50.41709],[6.04672,50.41683],[6.04589,50.41616],[6.04549,50.41596],[6.04379,50.41548],[6.04233,50.41549],[6.04216,50.41518],[6.04177,50.4149],[6.04125,50.41469],[6.04063,50.41408],[6.0406,50.4138],[6.04073,50.41353],[6.04149,50.41324],[6.04253,50.41221],[6.04331,50.41186],[6.04379,50.41201],[6.04417,50.41244],[6.04499,50.41279],[6.04536,50.41333],[6.04587,50.41326],[6.04608,50.41356],[6.04636,50.41428],[6.04627,50.41467],[6.04671,50.41487],[6.04773,50.41608],[6.04988,50.4178],[6.0504,50.41814],[6.05078,50.41824],[6.05199,50.41834],[6.053,50.41801],[6.05343,50.41746],[6.05391,50.41654],[6.05395,50.41613],[6.05374,50.41579],[6.05372,50.41554],[6.05396,50.41521],[6.05401,50.41484],[6.05413,50.4146],[6.05459,50.41437],[6.05589,50.41404],[6.0562,50.41399],[6.05645,50.41404],[6.05653,50.41415],[6.05648,50.41473],[6.05628,50.41492],[6.05541,50.4154],[6.05505,50.41581],[6.05491,50.41741],[6.05504,50.4185],[6.05544,50.41909],[6.05601,50.41928],[6.05645,50.41995],[6.05713,50.42047],[6.05745,50.4208],[6.05771,50.42116],[6.05781,50.4216],[6.05822,50.42184],[6.05837,50.42215],[6.0588,50.42237],[6.05899,50.42258],[6.05916,50.42303],[6.05904,50.42382],[6.05969,50.42458],[6.06062,50.42493],[6.06171,50.42561],[6.06189,50.42623],[6.0617,50.42717],[6.06138,50.42661],[6.06089,50.4263],[6.06073,50.42603],[6.06046,50.42585],[6.05923,50.42576],[6.0584,50.42546],[6.05667,50.42525],[6.0554,50.42497],[6.05368,50.42443],[6.05307,50.42405],[6.05171,50.42262],[6.05131,50.4223],[6.05003,50.42244],[6.04835,50.42212],[6.04704,50.42207],[6.0463,50.42181],[6.04584,50.4218],[6.04567,50.42191],[6.04533,50.42237],[6.04444,50.42314],[6.044,50.42383],[6.04384,50.42435],[6.04392,50.42498],[6.04388,50.42543],[6.0433,50.4271],[6.04379,50.42824],[6.044,50.42851],[6.04464,50.42904],[6.04576,50.42965],[6.04598,50.42995],[6.04532,50.43001],[6.04429,50.42982],[6.043,50.42925],[6.0424,50.42907],[6.04178,50.42871],[6.04166,50.42857],[6.04162,50.42824],[6.04128,50.42744],[6.04126,50.42693],[6.04131,50.4266],[6.04172,50.42574],[6.04129,50.42492],[6.04092,50.42459],[6.04073,50.42452],[6.04039,50.42454],[6.03958,50.42518],[6.03899,50.4255],[6.0387,50.42575],[6.03803,50.42659],[6.0372,50.42701],[6.03548,50.42714],[6.03423,50.42673],[6.0334,50.42666],[6.03215,50.42701],[6.0309,50.42723],[6.03047,50.42746],[6.03041,50.42772],[6.03048,50.42795],[6.03125,50.42828],[6.03166,50.42857],[6.03207,50.42908],[6.03226,50.42963],[6.03249,50.4299],[6.03301,50.43016],[6.0334,50.43073],[6.03499,50.43163],[6.03575,50.43243],[6.0359,50.4327],[6.03539,50.43274],[6.03499,50.43261],[6.03287,50.43235],[6.03183,50.43208],[6.03135,50.43215],[6.03121,50.43244],[6.03136,50.43302],[6.0311,50.43335],[6.03094,50.43376],[6.03093,50.4347],[6.0313,50.43513],[6.03174,50.43543],[6.03207,50.43578],[6.03336,50.43643],[6.0341,50.43694],[6.03463,50.43713],[6.03503,50.43743],[6.03592,50.43781],[6.03741,50.43812],[6.04074,50.43847],[6.04174,50.43832],[6.0425,50.43797],[6.0429,50.43795],[6.04381,50.43824],[6.04569,50.43843],[6.04668,50.43801],[6.04864,50.43737],[6.04921,50.4374],[6.0483,50.43815],[6.04805,50.43859],[6.048,50.43894],[6.04847,50.43974],[6.04878,50.44049],[6.04912,50.44064],[6.04933,50.44061],[6.04941,50.44044],[6.04919,50.4402],[6.04963,50.44044],[6.04963,50.44052],[6.04935,50.44075],[6.04984,50.44098],[6.04998,50.44119],[6.0499,50.44182],[6.04972,50.44227],[6.04978,50.44264],[6.05022,50.44284],[6.05137,50.44303],[6.0522,50.44308],[6.05263,50.44322],[6.05273,50.44387],[6.05337,50.44465],[6.05359,50.44542],[6.05376,50.4456],[6.05558,50.44528],[6.05756,50.44565],[6.05797,50.44551],[6.0583,50.44489],[6.05902,50.44453],[6.05965,50.44451],[6.06059,50.44474],[6.061,50.44477],[6.06256,50.44442],[6.06339,50.44412],[6.06433,50.44396],[6.06467,50.44384],[6.06477,50.44349],[6.06576,50.4424],[6.06721,50.44185],[6.06759,50.44186],[6.06782,50.44197],[6.0688,50.44294],[6.06963,50.44324],[6.06915,50.44375],[6.06913,50.44413],[6.06953,50.44442],[6.07048,50.44464],[6.07098,50.44489],[6.07104,50.44499],[6.07101,50.44517],[6.07088,50.44526],[6.0705,50.44527],[6.06922,50.44499],[6.06758,50.44453],[6.06679,50.44394],[6.06652,50.44392],[6.06627,50.44403],[6.06589,50.44442],[6.06542,50.44469],[6.06465,50.44486],[6.06375,50.44486],[6.06329,50.44504],[6.06206,50.44574],[6.06172,50.44636],[6.06127,50.44636],[6.06063,50.44617],[6.06026,50.44627],[6.05996,50.44655],[6.05969,50.44713],[6.05917,50.44767],[6.05891,50.44851],[6.05874,50.44866],[6.05797,50.44826],[6.05584,50.44745],[6.05458,50.44763],[6.05377,50.44796],[6.05333,50.44802],[6.05257,50.44798],[6.05134,50.44769],[6.05102,50.44739],[6.05015,50.44687],[6.04985,50.44654],[6.04984,50.44619],[6.05019,50.44553],[6.05035,50.44501],[6.05027,50.44466],[6.05008,50.4446],[6.04871,50.44453],[6.04735,50.44457],[6.04709,50.44464],[6.04699,50.4456],[6.04676,50.44638],[6.04667,50.44658],[6.04619,50.44709],[6.04608,50.44751],[6.0459,50.44778],[6.04506,50.44831],[6.04407,50.44806],[6.04337,50.44827],[6.0423,50.44829],[6.04194,50.44838],[6.04169,50.44851],[6.04151,50.44883],[6.04109,50.44928],[6.04081,50.44986],[6.04046,50.45021],[6.04004,50.45048],[6.03962,50.45048],[6.03979,50.44981],[6.04026,50.44904],[6.04041,50.44841],[6.0408,50.44819],[6.04135,50.44804],[6.04212,50.44725],[6.04324,50.44651],[6.04341,50.44607],[6.04343,50.4456],[6.04337,50.44536],[6.04319,50.44508],[6.04296,50.44486],[6.04206,50.44464],[6.03998,50.44359],[6.03923,50.44334],[6.03866,50.44338],[6.03751,50.44404],[6.03668,50.44385],[6.03616,50.44384],[6.03598,50.44369],[6.03578,50.44324],[6.03546,50.44298],[6.03494,50.44283],[6.03433,50.44239],[6.03287,50.44193],[6.03241,50.44193],[6.03183,50.44219],[6.03126,50.4427],[6.03093,50.44337],[6.03063,50.4435],[6.03041,50.44344],[6.03021,50.44298],[6.02999,50.4428],[6.0284,50.44276],[6.02803,50.44269],[6.02791,50.44215],[6.02927,50.44166],[6.0298,50.44136],[6.03006,50.44105],[6.03025,50.44051],[6.02962,50.44005],[6.02879,50.43909],[6.02798,50.43851],[6.02735,50.4382],[6.02713,50.43797],[6.02684,50.43739],[6.02658,50.43712],[6.0262,50.43698],[6.02545,50.43723],[6.02498,50.43717],[6.02487,50.43682],[6.02507,50.43639],[6.02568,50.43607],[6.02578,50.43595],[6.02542,50.43504],[6.02548,50.43433],[6.02272,50.43446],[6.02242,50.43456],[6.02169,50.43503],[6.02088,50.43524],[6.02089,50.43504],[6.02114,50.4346],[6.02103,50.43434],[6.02063,50.4342],[6.01929,50.43398],[6.01909,50.43385],[6.01925,50.43369],[6.02043,50.43335],[6.02131,50.43327],[6.02194,50.43307],[6.02334,50.4329],[6.02379,50.43271],[6.0242,50.43237],[6.02425,50.43213],[6.02316,50.43185],[6.02287,50.4317],[6.02254,50.43086],[6.02244,50.4308],[6.02006,50.43122],[6.01928,50.43118],[6.01863,50.43103],[6.0188,50.43076],[6.01856,50.4305],[6.01868,50.43023],[6.01955,50.42989],[6.0198,50.42936],[6.02006,50.4291],[6.02129,50.42882],[6.02112,50.42853],[6.01943,50.42798],[6.01876,50.42787],[6.01793,50.42759],[6.01725,50.42759],[6.0163,50.4278],[6.01584,50.42773],[6.01572,50.42751],[6.01566,50.4269],[6.01537,50.42672],[6.01407,50.42674],[6.01303,50.42706],[6.01212,50.42715],[6.0117,50.42688],[6.01159,50.42661],[6.0117,50.42603],[6.01198,50.42567],[6.01201,50.42548],[6.01167,50.4253],[6.01053,50.42509],[6.01016,50.42493],[6.00997,50.42438],[6.00999,50.42365],[6.00963,50.42323],[6.00877,50.42303],[6.0076,50.42261],[6.00673,50.42212],[6.00627,50.42212],[6.00541,50.42246],[6.00438,50.42205],[6.00386,50.42199],[6.00298,50.42205],[6.00207,50.42162],[6.00147,50.42144],[6.00122,50.42144],[6.00079,50.42162],[6.00044,50.42156],[5.99965,50.42124],[5.99921,50.42132],[5.999,50.42154],[5.99897,50.42178],[5.99913,50.42218],[6.00005,50.4229],[6.00093,50.42324],[6.00133,50.42353],[6.00179,50.424],[6.00189,50.42439],[6.00203,50.42461],[6.00265,50.42485],[6.00294,50.42522],[6.00307,50.42557],[6.00303,50.42578],[6.002,50.42573],[6.00169,50.42581],[6.00136,50.42606],[6.00131,50.42635],[6.00106,50.42675],[6.00096,50.4271],[6.00085,50.42798],[6.00109,50.42828],[6.00125,50.42883],[6.00115,50.42907],[6.00096,50.4292],[6.00046,50.42909],[5.99922,50.42826],[5.99834,50.42803],[5.9977,50.42771],[5.99754,50.42739],[5.99631,50.42712],[5.99538,50.4272],[5.99521,50.42711],[5.99504,50.42685],[5.99458,50.42698],[5.99409,50.42691],[5.99393,50.42681],[5.99379,50.42659],[5.99337,50.4266],[5.99089,50.42575],[5.98965,50.42565],[5.98855,50.42573],[5.98782,50.42562],[5.98719,50.4254],[5.9867,50.42497]],[[6.08795,50.45049],[6.08752,50.45017],[6.08803,50.45043],[6.0893,50.45048],[6.08902,50.45054],[6.08795,50.45049]],[[6.08212,50.44927],[6.08202,50.44913],[6.08206,50.44905],[6.0834,50.44859],[6.08624,50.44878],[6.0865,50.44886],[6.08676,50.44909],[6.0867,50.44919],[6.08652,50.44921],[6.08504,50.44905],[6.08466,50.44911],[6.08339,50.44911],[6.08295,50.449],[6.08212,50.44927]],[[6.0742,50.44801],[6.0742,50.44769],[6.0742,50.44801]],[[6.02295,50.43069],[6.02265,50.43043],[6.02276,50.43012],[6.02304,50.42998],[6.02347,50.43014],[6.02353,50.43029],[6.02346,50.43051],[6.02295,50.43069]],[[6.06254,50.42775],[6.06239,50.4277],[6.06334,50.42763],[6.06392,50.42772],[6.06381,50.42784],[6.06355,50.42789],[6.06254,50.42775]],[[6.0467,50.41807],[6.04651,50.41795],[6.04675,50.41788],[6.04683,50.41798],[6.0467,50.41807]],[[5.9892,50.41282],[5.98907,50.4127],[5.98922,50.41268],[5.9892,50.41282]],[[5.9867,50.41216],[5.98741,50.4118],[5.98782,50.41169],[5.98803,50.41175],[5.98829,50.41218],[5.98871,50.41235],[5.99,50.41197],[5.99007,50.41183],[5.98984,50.41123],[5.98949,50.41067],[5.98962,50.41014],[5.99001,50.41007],[5.99021,50.4099],[5.99099,50.40967],[5.99162,50.40928],[5.99248,50.409],[5.99329,50.40851],[5.99356,50.40826]]]}},{"type":"Feature","properties":{"ele":450},"geometry":{"type":"MultiLineString","coordinates":[[[6.09087,50.46188],[6.08991,50.46163],[6.08945,50.46136],[6.08945,50.46126],[6.08988,50.46081],[6.08987,50.46051],[6.08956,50.46024],[6.08877,50.45979],[6.08833,50.45939],[6.08821,50.45885],[6.08861,50.45852],[6.08753,50.45839],[6.08724,50.4579],[6.08727,50.45768],[6.08772,50.4575],[6.08829,50.45748],[6.08967,50.45825],[6.0898,50.45881],[6.08922,50.45911],[6.08902,50.4594],[6.08955,50.45972],[6.09054,50.45991],[6.09109,50.46021],[6.09114,50.46047],[6.09097,50.46109],[6.09111,50.46165],[6.09101,50.46185],[6.09087,50.46188]],[[6.08712,50.45888],[6.08711,50.4588],[6.0874,50.45873],[6.08762,50.4588],[6.08712,50.45888]],[[6.06363,50.40826],[6.06413,50.40876],[6.06414,50.40915],[6.06387,50.40963],[6.06322,50.41018],[6.063,50.41031],[6.06284,50.41029],[6.06255,50.41014],[6.06216,50.40971],[6.06173,50.40946],[6.06081,50.40997],[6.06073,50.40991],[6.06077,50.40967],[6.06067,50.40953],[6.06042,50.40942],[6.06012,50.40944],[6.05989,50.40959],[6.05982,50.40981],[6.06011,50.41026],[6.05943,50.411],[6.05932,50.41126],[6.0595,50.41165],[6.06011,50.41214],[6.06015,50.41227],[6.06006,50.4127],[6.05946,50.4129],[6.05933,50.41307],[6.05934,50.41325],[6.05965,50.41337],[6.06027,50.41339],[6.06129,50.41324],[6.06142,50.41349],[6.06133,50.41381],[6.06044,50.4152],[6.06038,50.4156],[6.06052,50.41658],[6.06027,50.4168],[6.06025,50.4169],[6.06087,50.4172],[6.06195,50.41832],[6.06269,50.41872],[6.06287,50.41912],[6.06383,50.41954],[6.06438,50.42021],[6.06565,50.42137],[6.0656,50.42182],[6.06581,50.42217],[6.06587,50.42242],[6.0657,50.42276],[6.06544,50.42302],[6.06421,50.42354],[6.06395,50.4238],[6.0638,50.42411],[6.06335,50.42442],[6.06304,50.42481],[6.06301,50.42505],[6.06319,50.4255],[6.06292,50.42602],[6.06298,50.42633],[6.0628,50.42658],[6.06295,50.42687],[6.06412,50.42678],[6.06465,50.42661],[6.06419,50.42601],[6.0643,50.4259],[6.0647,50.42578],[6.06563,50.42571],[6.06628,50.42575],[6.06671,50.42626],[6.06712,50.42623],[6.06891,50.42496],[6.06856,50.42465],[6.06858,50.42443],[6.06887,50.42419],[6.06944,50.42395],[6.07006,50.42384],[6.07069,50.42386],[6.07126,50.42412],[6.07178,50.42421],[6.07335,50.42412],[6.07402,50.42389],[6.07545,50.42378],[6.078,50.42282],[6.07883,50.42244],[6.0794,50.42137],[6.07952,50.42099],[6.08025,50.42051],[6.08049,50.42014],[6.08174,50.4202],[6.08195,50.4208],[6.08292,50.42113],[6.08333,50.42095],[6.08354,50.42098],[6.08361,50.42107],[6.08351,50.42137],[6.08376,50.422],[6.08406,50.42178],[6.0843,50.42177],[6.08483,50.42216],[6.08625,50.42274],[6.08658,50.42297],[6.08582,50.42303],[6.08496,50.4228],[6.08378,50.42273],[6.08333,50.42257],[6.08262,50.42249],[6.08201,50.42287],[6.08128,50.42353],[6.08084,50.42358],[6.08042,50.42355],[6.08014,50.42328],[6.08002,50.423],[6.0797,50.42288],[6.07951,50.4229],[6.07877,50.42325],[6.078,50.42384],[6.07746,50.42401],[6.0772,50.42443],[6.07649,50.42495],[6.07577,50.42568],[6.07551,50.42582],[6.07501,50.42588],[6.07463,50.42605],[6.07384,50.42715],[6.07376,50.42755],[6.07382,50.42801],[6.07374,50.4282],[6.07298,50.42884],[6.0722,50.429],[6.07137,50.42897],[6.07088,50.4288],[6.07041,50.42832],[6.07006,50.42824],[6.06877,50.42859],[6.06748,50.42875],[6.06639,50.42954],[6.06586,50.42965],[6.06596,50.42998],[6.06594,50.43022],[6.06541,50.4307],[6.06548,50.43133],[6.06536,50.43159],[6.0651,50.43185],[6.06382,50.43222],[6.0629,50.43296],[6.0621,50.43335],[6.0617,50.43329],[6.06132,50.43295],[6.06104,50.43219],[6.0613,50.43209],[6.06175,50.4322],[6.06224,50.43197],[6.06228,50.43182],[6.06211,50.4313],[6.06341,50.4297],[6.06353,50.42939],[6.0635,50.4291],[6.06323,50.42891],[6.06252,50.42883],[6.06213,50.42852],[6.06127,50.4285],[6.06043,50.4286],[6.06002,50.42856],[6.06018,50.4281],[6.05986,50.42693],[6.05957,50.42673],[6.05845,50.4264],[6.0572,50.42638],[6.05634,50.42649],[6.05595,50.42602],[6.05467,50.42582],[6.05381,50.42547],[6.0535,50.42542],[6.05335,50.42543],[6.05328,50.42552],[6.05318,50.42574],[6.05318,50.42598],[6.05334,50.42618],[6.05387,50.4263],[6.05382,50.42638],[6.05326,50.42635],[6.05147,50.4259],[6.05011,50.42595],[6.04836,50.42581],[6.04626,50.42521],[6.04583,50.4252],[6.04531,50.42535],[6.04512,50.42553],[6.04503,50.42576],[6.04496,50.42654],[6.04514,50.42717],[6.04491,50.42771],[6.04568,50.42856],[6.04615,50.42881],[6.04793,50.42937],[6.04871,50.42916],[6.04892,50.42918],[6.04923,50.42935],[6.04998,50.42996],[6.05253,50.43104],[6.05344,50.43123],[6.05388,50.43153],[6.05397,50.43168],[6.05392,50.43195],[6.0537,50.4321],[6.05277,50.43206],[6.05176,50.43246],[6.04824,50.43294],[6.04674,50.43283],[6.04463,50.43214],[6.04436,50.43189],[6.04423,50.43159],[6.04375,50.43174],[6.04339,50.43166],[6.04298,50.43118],[6.04243,50.43077],[6.04208,50.43064],[6.04125,50.43049],[6.041,50.43022],[6.04089,50.42991],[6.04012,50.42983],[6.0399,50.42971],[6.0399,50.42957],[6.04005,50.42937],[6.03998,50.42904],[6.03965,50.42843],[6.03922,50.42788],[6.03878,50.42809],[6.03852,50.42857],[6.03829,50.42877],[6.03804,50.42891],[6.03777,50.42894],[6.03631,50.42868],[6.03605,50.42826],[6.03504,50.4277],[6.03385,50.42735],[6.03325,50.42736],[6.03298,50.42744],[6.03279,50.42759],[6.03273,50.42783],[6.03331,50.42883],[6.03387,50.42932],[6.03441,50.42965],[6.0347,50.43042],[6.0369,50.4313],[6.03803,50.43186],[6.03834,50.4322],[6.03846,50.43248],[6.03845,50.43273],[6.03795,50.433],[6.03743,50.43292],[6.0373,50.43304],[6.03732,50.43324],[6.03845,50.43336],[6.03906,50.43357],[6.03884,50.43381],[6.03836,50.43409],[6.03837,50.43439],[6.03803,50.43458],[6.03688,50.43429],[6.036,50.43419],[6.03575,50.43426],[6.0354,50.43457],[6.03484,50.43438],[6.03425,50.43429],[6.03406,50.43414],[6.03409,50.43403],[6.03434,50.43393],[6.03517,50.43383],[6.0351,50.43372],[6.03421,50.43363],[6.03339,50.43325],[6.03253,50.43321],[6.03218,50.43358],[6.03207,50.43391],[6.03207,50.43416],[6.03224,50.43439],[6.03221,50.43467],[6.03231,50.43487],[6.03269,50.43522],[6.03367,50.43575],[6.03414,50.43615],[6.03464,50.4363],[6.03495,50.4366],[6.03578,50.43692],[6.03623,50.43721],[6.03803,50.43756],[6.03921,50.43742],[6.03995,50.43772],[6.04078,50.4378],[6.04105,50.4377],[6.04112,50.43748],[6.04111,50.43715],[6.04137,50.437],[6.04225,50.4372],[6.04397,50.43704],[6.04494,50.43707],[6.04514,50.43714],[6.04491,50.43735],[6.04495,50.43751],[6.04522,50.43758],[6.04558,50.43754],[6.04588,50.43743],[6.04571,50.43696],[6.04576,50.43684],[6.0471,50.4363],[6.04833,50.43624],[6.04854,50.43608],[6.04863,50.43574],[6.04959,50.43547],[6.0509,50.43567],[6.05217,50.43573],[6.05295,50.43606],[6.05338,50.43603],[6.0524,50.43713],[6.05193,50.43745],[6.05036,50.4382],[6.05002,50.43853],[6.04998,50.43892],[6.05018,50.43928],[6.05039,50.43947],[6.05168,50.43932],[6.05251,50.43944],[6.05296,50.43965],[6.05342,50.44047],[6.05379,50.44049],[6.05384,50.44027],[6.05395,50.4402],[6.05459,50.44021],[6.05508,50.4404],[6.05544,50.4408],[6.05588,50.44103],[6.05584,50.4413],[6.05547,50.44161],[6.05536,50.4418],[6.05527,50.4424],[6.05495,50.4427],[6.05485,50.44303],[6.05497,50.44359],[6.05584,50.44414],[6.05647,50.44432],[6.05713,50.44427],[6.05842,50.44369],[6.05874,50.44343],[6.05916,50.44288],[6.05954,50.44278],[6.0599,50.44282],[6.06016,50.44294],[6.05998,50.44338],[6.05999,50.44355],[6.06009,50.4436],[6.06121,50.44396],[6.06212,50.44383],[6.06391,50.44305],[6.06452,50.44206],[6.06504,50.44169],[6.06709,50.44111],[6.06874,50.44132],[6.06905,50.44163],[6.07003,50.44215],[6.07082,50.44176],[6.07128,50.44171],[6.07141,50.44181],[6.07143,50.44193],[6.07084,50.44326],[6.07131,50.44355],[6.07094,50.44381],[6.07093,50.44403],[6.07173,50.44427],[6.07261,50.44417],[6.07365,50.4442],[6.07387,50.44427],[6.07391,50.44444],[6.07348,50.44493],[6.07335,50.44521],[6.07376,50.4455],[6.07421,50.44548],[6.07464,50.44572],[6.0748,50.44654],[6.07547,50.44714],[6.07584,50.44853],[6.07615,50.44873],[6.07637,50.44881],[6.07782,50.44891],[6.07897,50.44914],[6.07963,50.44912],[6.08138,50.44874],[6.08213,50.44828],[6.08248,50.44781],[6.08267,50.44774],[6.08438,50.44796],[6.08595,50.44804],[6.08675,50.44822],[6.08753,50.44855],[6.08838,50.44965],[6.08892,50.44982],[6.09003,50.44993],[6.09047,50.45019],[6.09084,50.45059],[6.091,50.45085],[6.09103,50.45123],[6.09095,50.45158],[6.09073,50.4519],[6.09071,50.45213],[6.09125,50.45299],[6.09144,50.45352],[6.09167,50.45383],[6.0931,50.4541],[6.09499,50.45486],[6.09616,50.45507],[6.09682,50.45499],[6.09754,50.4545],[6.09793,50.45443],[6.09803,50.4547],[6.09771,50.45521],[6.09747,50.45544],[6.09647,50.45573],[6.09501,50.45578],[6.09371,50.45569],[6.0929,50.45541],[6.09069,50.45502],[6.08996,50.45506],[6.08918,50.4553],[6.08911,50.45515],[6.08937,50.4546],[6.08937,50.45415],[6.08912,50.45354],[6.08862,50.45286],[6.0882,50.45147],[6.08803,50.4513],[6.08742,50.4511],[6.08673,50.45074],[6.08587,50.44991],[6.08511,50.44973],[6.08289,50.4498],[6.08163,50.45047],[6.08102,50.45126],[6.0809,50.45138],[6.08079,50.45138],[6.0805,50.45125],[6.08006,50.45076],[6.07933,50.45071],[6.07796,50.4504],[6.07704,50.45037],[6.07533,50.45],[6.07462,50.44977],[6.0742,50.4495],[6.07371,50.44884],[6.07326,50.44848],[6.0721,50.44715],[6.07175,50.44685],[6.07105,50.44646],[6.06978,50.44598],[6.06709,50.44528],[6.06629,50.44515],[6.06536,50.44554],[6.06368,50.44572],[6.06334,50.44599],[6.06326,50.44623],[6.0633,50.44658],[6.06351,50.4469],[6.06344,50.44716],[6.06293,50.44729],[6.06134,50.44746],[6.06094,50.44799],[6.06034,50.44823],[6.06042,50.44863],[6.06087,50.44937],[6.06128,50.44967],[6.06196,50.44993],[6.06214,50.45019],[6.06207,50.45075],[6.06222,50.45108],[6.06212,50.45122],[6.06175,50.45137],[6.06163,50.4515],[6.0616,50.45162],[6.06175,50.45189],[6.06091,50.45225],[6.06027,50.45216],[6.06001,50.45188],[6.0602,50.45157],[6.06014,50.45113],[6.06022,50.45078],[6.06045,50.45058],[6.06087,50.45048],[6.06037,50.45019],[6.05965,50.44995],[6.05845,50.45005],[6.05791,50.44996],[6.05783,50.44956],[6.0576,50.44924],[6.0567,50.44854],[6.05626,50.4484],[6.05548,50.44853],[6.05425,50.4491],[6.05375,50.44908],[6.05343,50.44917],[6.05294,50.44951],[6.05208,50.44985],[6.05169,50.45018],[6.05149,50.45051],[6.05131,50.4506],[6.05082,50.45024],[6.05045,50.44972],[6.05002,50.44939],[6.04959,50.44888],[6.04923,50.44858],[6.04804,50.44809],[6.04782,50.44814],[6.04748,50.44838],[6.04732,50.44869],[6.04714,50.44942],[6.04666,50.44987],[6.04545,50.44993],[6.04433,50.44956],[6.04371,50.44947],[6.04324,50.44948],[6.04251,50.44963],[6.04215,50.44996],[6.04166,50.45017],[6.04128,50.45048],[6.04068,50.45126],[6.04039,50.4518],[6.04017,50.45196],[6.0385,50.45222],[6.03711,50.45234],[6.03679,50.45246],[6.03646,50.45276],[6.03603,50.45349],[6.03597,50.45373],[6.03642,50.45436],[6.03648,50.4555],[6.03713,50.45631],[6.0369,50.45682],[6.03669,50.45761],[6.03625,50.45694],[6.03615,50.45634],[6.03576,50.45604],[6.03568,50.45585],[6.03605,50.45474],[6.03574,50.45415],[6.03573,50.45366],[6.03549,50.45324],[6.0356,50.45241],[6.03572,50.45215],[6.03626,50.45152],[6.03798,50.45088],[6.03836,50.45048],[6.03866,50.44963],[6.0388,50.44885],[6.03878,50.44852],[6.03893,50.44807],[6.03924,50.44774],[6.03995,50.44732],[6.04025,50.44665],[6.04057,50.44631],[6.04054,50.44605],[6.04018,50.44533],[6.04009,50.44483],[6.03957,50.44458],[6.03872,50.44462],[6.03885,50.44495],[6.03821,50.44616],[6.03748,50.44678],[6.03716,50.44689],[6.03672,50.4469],[6.03661,50.44685],[6.03671,50.44659],[6.03666,50.44636],[6.03629,50.44601],[6.0359,50.4464],[6.03544,50.4466],[6.03462,50.44632],[6.03422,50.44601],[6.03282,50.44581],[6.03131,50.44591],[6.03037,50.44566],[6.02926,50.44549],[6.02904,50.44512],[6.02908,50.4444],[6.02928,50.4441],[6.02921,50.44397],[6.0285,50.44391],[6.02782,50.4442],[6.02725,50.44426],[6.0259,50.4436],[6.02585,50.44353],[6.02591,50.44322],[6.02528,50.44255],[6.02507,50.4421],[6.02402,50.44205],[6.02281,50.4413],[6.02357,50.44105],[6.02491,50.44085],[6.0254,50.44096],[6.0259,50.44129],[6.02615,50.44135],[6.02787,50.44126],[6.02821,50.44106],[6.02849,50.44076],[6.02846,50.44052],[6.02824,50.44024],[6.02815,50.43993],[6.02752,50.43946],[6.02661,50.4392],[6.02608,50.43863],[6.02587,50.43812],[6.02575,50.43801],[6.02547,50.43796],[6.02475,50.43812],[6.02386,50.43811],[6.0233,50.438],[6.02279,50.43771],[6.02285,50.43741],[6.02354,50.43711],[6.02389,50.43639],[6.02447,50.43581],[6.02445,50.4356],[6.02416,50.43532],[6.0238,50.4352],[6.02336,50.4352],[6.02295,50.43547],[6.02257,50.4359],[6.02179,50.43637],[6.02128,50.43687],[6.02084,50.43706],[6.02043,50.43709],[6.01997,50.43697],[6.01916,50.43639],[6.01908,50.43609],[6.01922,50.43577],[6.01923,50.43549],[6.01904,50.43522],[6.01874,50.43514],[6.01794,50.43521],[6.01756,50.43491],[6.01705,50.43466],[6.01706,50.43437],[6.01752,50.4338],[6.01871,50.43293],[6.01955,50.43266],[6.02043,50.43261],[6.02104,50.43249],[6.02127,50.43241],[6.02146,50.43216],[6.02128,50.43194],[6.02017,50.43211],[6.0196,50.43186],[6.01777,50.43209],[6.01657,50.43162],[6.01653,50.43144],[6.01676,50.43074],[6.01668,50.42993],[6.01675,50.42973],[6.01699,50.42936],[6.01755,50.4291],[6.01778,50.42891],[6.01777,50.42878],[6.01709,50.42869],[6.01493,50.42915],[6.01464,50.42906],[6.01422,50.4284],[6.01365,50.42822],[6.01336,50.42825],[6.013,50.4286],[6.01207,50.42878],[6.01171,50.42917],[6.0108,50.42914],[6.01074,50.42903],[6.01072,50.42856],[6.01018,50.42807],[6.00961,50.42714],[6.00953,50.42687],[6.00967,50.42644],[6.00958,50.42611],[6.00879,50.42576],[6.0085,50.42547],[6.00847,50.42455],[6.00798,50.42414],[6.00757,50.42391],[6.0068,50.42379],[6.00666,50.42382],[6.00703,50.42432],[6.00696,50.42453],[6.00677,50.42468],[6.00592,50.42484],[6.00574,50.42496],[6.00583,50.42578],[6.00614,50.42626],[6.00649,50.42744],[6.00629,50.4283],[6.00586,50.42825],[6.0058,50.42876],[6.00546,50.42939],[6.00503,50.42942],[6.00466,50.42935],[6.00421,50.42915],[6.00377,50.42884],[6.0041,50.42838],[6.00412,50.42824],[6.0038,50.42788],[6.00344,50.42765],[6.00298,50.42751],[6.00253,50.42769],[6.00278,50.42876],[6.00249,50.4293],[6.00234,50.42988],[6.0026,50.43049],[6.00265,50.43078],[6.00233,50.43168],[6.00249,50.43198],[6.00307,50.43242],[6.00391,50.43295],[6.00462,50.43326],[6.00466,50.4336],[6.00397,50.43389],[6.0036,50.43392],[6.00295,50.43382],[6.00261,50.43333],[6.00214,50.43287],[6.00136,50.43238],[6.00048,50.43231],[5.99999,50.43234],[5.99981,50.43244],[5.99982,50.43272],[5.9997,50.43287],[5.99949,50.43294],[5.99921,50.43288],[5.99906,50.43277],[5.99903,50.43265],[5.99917,50.43242],[5.99945,50.4322],[5.99943,50.43208],[5.99797,50.43131],[5.99756,50.4314],[5.99731,50.43159],[5.99768,50.43231],[5.99765,50.43248],[5.99752,50.43258],[5.99717,50.43258],[5.99683,50.43236],[5.99642,50.43227],[5.99546,50.43244],[5.99444,50.43237],[5.99294,50.43198],[5.99183,50.43157],[5.98975,50.4312],[5.98881,50.43071],[5.98834,50.4307],[5.98799,50.4306],[5.9871,50.43021],[5.98685,50.42994],[5.9867,50.42964]],[[6.09837,50.45429],[6.09818,50.45387],[6.09833,50.45365],[6.0992,50.45326],[6.09966,50.45324],[6.0998,50.45335],[6.09985,50.45356],[6.09964,50.45382],[6.09837,50.45429]],[[6.10462,50.45244],[6.10417,50.45225],[6.10305,50.45213],[6.1024,50.45223],[6.10176,50.45221],[6.10166,50.45215],[6.10204,50.45183],[6.10308,50.45163],[6.1043,50.45212],[6.10462,50.45244]],[[5.9867,50.44236],[5.98745,50.44248],[5.98849,50.44296],[5.98904,50.44356],[5.98954,50.44444],[5.98995,50.4447],[5.99152,50.44482],[5.9924,50.44476],[5.99388,50.44523],[5.9943,50.44517],[5.99419,50.44493],[5.99322,50.44469],[5.99321,50.44456],[5.99336,50.44437],[5.99386,50.44452],[5.99465,50.44449],[5.99541,50.44455],[5.99586,50.44475],[5.9963,50.44512],[5.99664,50.44527],[5.99715,50.44517],[5.99829,50.4454],[6.00044,50.44447],[6.00132,50.44447],[6.00143,50.44387],[6.00167,50.44353],[6.00265,50.44352],[6.00331,50.44386],[6.0036,50.44389],[6.00421,50.44382],[6.00466,50.44357],[6.00506,50.44348],[6.00545,50.44373],[6.0059,50.4438],[6.0065,50.44406],[6.0067,50.44437],[6.00688,50.44404],[6.00754,50.44326],[6.00777,50.44363],[6.00759,50.44453],[6.00773,50.44477],[6.00803,50.44489],[6.00964,50.44492],[6.01048,50.4452],[6.01101,50.44575],[6.01074,50.44581],[6.00996,50.44563],[6.00902,50.44555],[6.00832,50.44533],[6.00796,50.44504],[6.00715,50.44562],[6.00668,50.44566],[6.00627,50.44552],[6.00617,50.44502],[6.00607,50.44491],[6.00563,50.44485],[6.00503,50.44492],[6.00396,50.44521],[6.00336,50.44547],[6.00295,50.44576],[6.00301,50.44606],[6.00255,50.44633],[6.00208,50.44642],[6.00071,50.44734],[6.00063,50.44745],[6.00062,50.44774],[6.00039,50.44802],[6.00042,50.44827],[6.00068,50.44856],[6.00057,50.4488],[5.99963,50.44909],[5.99876,50.44921],[5.99836,50.44934],[5.99838,50.44948],[5.99882,50.44964],[5.99878,50.4497],[5.99836,50.44974],[5.998,50.44994],[5.99753,50.44994],[5.99722,50.4491],[5.99669,50.44839],[5.99588,50.44918],[5.99543,50.44926],[5.99463,50.44923],[5.99444,50.44937],[5.99421,50.44971],[5.99381,50.44973],[5.99342,50.44952],[5.99293,50.44951],[5.99256,50.44936],[5.9923,50.44884],[5.99191,50.44835],[5.99176,50.44796],[5.99133,50.44783],[5.99116,50.44793],[5.99094,50.44831],[5.99055,50.44857],[5.99071,50.44908],[5.99076,50.44967],[5.99056,50.44996],[5.99007,50.45029],[5.9897,50.45041],[5.98869,50.45053],[5.98795,50.45044],[5.98777,50.45073],[5.98759,50.45082],[5.98717,50.45071],[5.9867,50.45073]],[[5.9967,50.45086],[5.99669,50.45075],[5.99706,50.45046],[5.99729,50.45055],[5.99734,50.4507],[5.99726,50.45081],[5.9967,50.45086]],[[6.0142,50.44773],[6.01389,50.44738],[6.01327,50.44716],[6.0129,50.44689],[6.0129,50.44661],[6.01271,50.4463],[6.0129,50.44597],[6.01309,50.44597],[6.01385,50.44631],[6.01373,50.44643],[6.0131,50.44659],[6.01316,50.44667],[6.01417,50.44682],[6.01499,50.44729],[6.01551,50.44743],[6.01461,50.4477],[6.0142,50.44773]],[[6.04129,50.44581],[6.04122,50.44576],[6.04146,50.44576],[6.04129,50.44581]],[[6.00545,50.44419],[6.00528,50.44407],[6.0055,50.44389],[6.00582,50.44391],[6.00596,50.44405],[6.00588,50.44415],[6.00545,50.44419]],[[6.0517,50.44187],[6.05156,50.4416],[6.05189,50.44158],[6.0519,50.44168],[6.0517,50.44187]],[[6.0442,50.43778],[6.04404,50.43768],[6.04425,50.43761],[6.04466,50.4377],[6.0442,50.43778]],[[6.06962,50.42723],[6.06958,50.42713],[6.06973,50.42714],[6.06962,50.42723]],[[6.08004,50.42284],[6.08004,50.42266],[6.08004,50.42284]],[[6.08045,50.42238],[6.08025,50.42217],[6.08043,50.42201],[6.08059,50.42214],[6.08045,50.42238]],[[6.04277,50.40826],[6.04255,50.4086],[6.04212,50.40894],[6.04081,50.40967],[6.04058,50.41049],[6.04076,50.41061],[6.041,50.41063],[6.04173,50.41038],[6.04184,50.41077],[6.04151,50.41108],[6.03967,50.4116],[6.0392,50.41187],[6.038,50.41159],[6.03704,50.41116],[6.03627,50.41098],[6.03584,50.41128],[6.03558,50.41158],[6.03546,50.41192],[6.03517,50.41214],[6.03362,50.41244],[6.03318,50.41323],[6.03354,50.41349],[6.03356,50.41358],[6.03337,50.41372],[6.03297,50.41384],[6.03292,50.41415],[6.03339,50.41488],[6.03417,50.41561],[6.0346,50.41613],[6.03496,50.41682],[6.0346,50.41714],[6.03328,50.4175],[6.03291,50.41745],[6.03217,50.41713],[6.03126,50.41693],[6.03063,50.41707],[6.02975,50.41714],[6.02923,50.4173],[6.02772,50.41698],[6.02723,50.41717],[6.02667,50.41719],[6.0259,50.41687],[6.02545,50.41682],[6.02499,50.41689],[6.02379,50.41662],[6.02235,50.41604],[6.02129,50.41519],[6.02121,50.41494],[6.02126,50.41466],[6.02176,50.4144],[6.02175,50.41408],[6.0215,50.41373],[6.02045,50.41279],[6.01995,50.41264],[6.01794,50.41244],[6.01778,50.41227],[6.01773,50.4119],[6.01818,50.41159],[6.01844,50.41104],[6.0178,50.41083],[6.01697,50.40995],[6.01629,50.40956],[6.01577,50.40938],[6.01642,50.40914],[6.01673,50.40826]],[[6.06212,50.41079],[6.06219,50.41076],[6.06212,50.41079]],[[6.04212,50.41023],[6.04204,50.4102],[6.04212,50.41023]],[[6.06209,50.40826],[6.06178,50.40852],[6.0617,50.40881],[6.06151,50.40904],[6.06155,50.4094],[6.0612,50.40955],[6.06085,50.40956],[6.06058,50.40936],[6.06105,50.40906],[6.06123,50.40852],[6.0612,50.40826]],[[6.05767,50.40826],[6.05699,50.40835],[6.0562,50.40871],[6.05258,50.4089],[6.05199,50.40862],[6.05082,50.40826]],[[6.04526,50.40826],[6.04506,50.40855],[6.04494,50.40856],[6.0446,50.40855],[6.044,50.40826]]]}},{"type":"Feature","properties":{"ele":500},"geometry":{"type":"MultiLineString","coordinates":[[[5.9867,50.49736],[5.98753,50.49705],[5.98858,50.49637],[5.98865,50.49623],[5.98864,50.49574],[5.98876,50.49545],[5.98997,50.49492],[5.99096,50.49413],[5.99121,50.49359],[5.99105,50.49314],[5.99122,50.49262],[5.99127,50.49213],[5.99145,50.49172],[5.99142,50.49152],[5.99132,50.49141],[5.99122,50.49143],[5.99008,50.49235],[5.98906,50.49298],[5.9888,50.4933],[5.98722,50.49407],[5.9867,50.49448]],[[6.07298,50.40826],[6.07296,50.40855],[6.0725,50.40933],[6.07161,50.41002],[6.07105,50.41022],[6.06829,50.4103],[6.06791,50.41041],[6.06744,50.41073],[6.06727,50.41168],[6.06704,50.41215],[6.06761,50.41272],[6.06726,50.41324],[6.06683,50.41411],[6.06689,50.41515],[6.06708,50.41549],[6.06773,50.41609],[6.06907,50.41706],[6.06918,50.41745],[6.0697,50.41767],[6.07047,50.4177],[6.07135,50.41856],[6.07235,50.41913],[6.07248,50.41935],[6.07248,50.41956],[6.07209,50.4199],[6.07201,50.42021],[6.07241,50.42049],[6.07261,50.42076],[6.07304,50.42104],[6.07326,50.42161],[6.07477,50.4224],[6.07569,50.42256],[6.07679,50.42244],[6.07753,50.42215],[6.07796,50.42188],[6.0781,50.42109],[6.07822,50.42079],[6.07906,50.42017],[6.07927,50.41989],[6.07923,50.4195],[6.07911,50.41942],[6.0773,50.41969],[6.07621,50.41967],[6.07608,50.41949],[6.07599,50.41911],[6.07615,50.41855],[6.07675,50.41801],[6.07718,50.41777],[6.07842,50.41743],[6.07965,50.41734],[6.08095,50.41755],[6.08173,50.41759],[6.08369,50.41806],[6.08679,50.41936],[6.0859,50.41945],[6.08544,50.41963],[6.08518,50.41994],[6.08555,50.4202],[6.08712,50.42086],[6.08957,50.42152],[6.09367,50.423],[6.09444,50.42315],[6.09511,50.42312],[6.09589,50.42282],[6.0961,50.42251],[6.09635,50.42188],[6.09669,50.42159],[6.09771,50.421],[6.09796,50.42049],[6.09805,50.41994],[6.09799,50.41949],[6.09812,50.41934],[6.09892,50.41913],[6.09925,50.41889],[6.09966,50.41908],[6.10002,50.41938],[6.1011,50.41977],[6.10212,50.41972],[6.10275,50.41941],[6.10338,50.41883],[6.10361,50.41826],[6.10295,50.41784],[6.10208,50.41747],[6.10126,50.41686],[6.10168,50.41659],[6.10262,50.41666],[6.10301,50.41662],[6.10386,50.41609],[6.10449,50.41587],[6.1059,50.41564],[6.10716,50.41554],[6.10806,50.41522],[6.10782,50.41495],[6.10781,50.41462],[6.10722,50.41431],[6.10702,50.41414],[6.10705,50.41406],[6.1084,50.41404],[6.10923,50.41429],[6.11006,50.41429],[6.1109,50.41418],[6.1129,50.41442],[6.11319,50.41439],[6.11456,50.41325],[6.1152,50.41299],[6.11544,50.41267],[6.11596,50.41246],[6.11659,50.41202],[6.11709,50.41184],[6.11746,50.41155],[6.11795,50.41146],[6.11832,50.41126],[6.11876,50.41114],[6.11918,50.41116],[6.11965,50.4113],[6.12001,50.41161],[6.12131,50.41179],[6.12215,50.4117],[6.12376,50.41171],[6.12527,50.41119],[6.1267,50.41103],[6.12732,50.41104],[6.12807,50.41131],[6.12621,50.41171],[6.12552,50.412],[6.12481,50.41241],[6.12475,50.41255],[6.12483,50.41274],[6.12591,50.41352],[6.12587,50.41367],[6.12543,50.41354],[6.12506,50.41324],[6.12465,50.41322],[6.12407,50.41305],[6.12303,50.41312],[6.12199,50.41337],[6.12078,50.41324],[6.12053,50.41355],[6.11912,50.41374],[6.11794,50.41408],[6.11734,50.41481],[6.11677,50.41527],[6.11628,50.41588],[6.11563,50.41633],[6.11504,50.41687],[6.11375,50.41742],[6.11254,50.41846],[6.11183,50.41847],[6.11006,50.41804],[6.10911,50.41824],[6.1103,50.41942],[6.1104,50.41988],[6.11022,50.42033],[6.11026,50.42051],[6.11045,50.42062],[6.11089,50.42064],[6.11129,50.42104],[6.1113,50.42134],[6.1108,50.4211],[6.10995,50.42051],[6.10845,50.4203],[6.1072,50.42031],[6.10682,50.42046],[6.10585,50.42111],[6.10418,50.42184],[6.10379,50.4219],[6.10293,50.42183],[6.10212,50.42187],[6.10082,50.42214],[6.10063,50.42238],[6.10061,50.42277],[6.09998,50.42327],[6.10017,50.42353],[6.1006,50.42383],[6.10093,50.42431],[6.10084,50.42462],[6.09998,50.42506],[6.09878,50.42589],[6.09829,50.42592],[6.0973,50.42578],[6.0968,50.42593],[6.09662,50.42605],[6.09647,50.42658],[6.09629,50.42688],[6.09553,50.42715],[6.09496,50.42722],[6.09427,50.42716],[6.09379,50.42685],[6.09262,50.42693],[6.09096,50.42658],[6.08961,50.42576],[6.08937,50.4255],[6.08937,50.42518],[6.0886,50.42504],[6.08747,50.42466],[6.08736,50.42442],[6.08734,50.42415],[6.08744,50.424],[6.08773,50.42383],[6.08765,50.42379],[6.0863,50.42378],[6.08543,50.42399],[6.08407,50.42385],[6.08322,50.42402],[6.08298,50.42412],[6.08285,50.4243],[6.08253,50.42517],[6.08226,50.42557],[6.08166,50.426],[6.08087,50.42637],[6.08048,50.42646],[6.07994,50.42642],[6.07932,50.42607],[6.07929,50.42592],[6.07963,50.4255],[6.07962,50.4252],[6.07922,50.42481],[6.07872,50.42476],[6.07837,50.42497],[6.07789,50.42546],[6.07778,50.42567],[6.07781,50.42613],[6.07829,50.42678],[6.07825,50.42691],[6.07793,50.42716],[6.07852,50.42777],[6.0787,50.42882],[6.07882,50.42905],[6.0794,50.42953],[6.0797,50.42993],[6.08026,50.43043],[6.0803,50.43064],[6.08018,50.43083],[6.07963,50.43108],[6.07749,50.43154],[6.07699,50.4318],[6.07509,50.4321],[6.07452,50.43236],[6.07369,50.43258],[6.07188,50.43357],[6.07037,50.43463],[6.06884,50.43521],[6.06834,50.43574],[6.06799,50.43636],[6.06753,50.43631],[6.06745,50.43659],[6.06685,50.43687],[6.06597,50.43766],[6.06499,50.43816],[6.06419,50.43803],[6.06337,50.43771],[6.06295,50.43743],[6.06179,50.4371],[6.06139,50.43685],[6.06045,50.43663],[6.05885,50.43609],[6.05836,50.43572],[6.05714,50.43564],[6.05706,50.43572],[6.05703,50.43604],[6.0563,50.43633],[6.05582,50.43713],[6.05564,50.43765],[6.05567,50.43789],[6.05585,50.43815],[6.05635,50.43855],[6.05617,50.4388],[6.05543,50.43907],[6.05545,50.4392],[6.05562,50.43932],[6.05635,50.43952],[6.05711,50.43994],[6.05767,50.44007],[6.05804,50.43999],[6.05861,50.43967],[6.05881,50.43946],[6.05962,50.4395],[6.06011,50.43911],[6.06054,50.43903],[6.06083,50.43914],[6.06122,50.43944],[6.06174,50.43956],[6.06257,50.43991],[6.0642,50.44043],[6.06424,50.4405],[6.06397,50.44073],[6.06419,50.44082],[6.06546,50.44078],[6.06665,50.44055],[6.06685,50.44042],[6.06717,50.43996],[6.06824,50.43984],[6.06874,50.43996],[6.06923,50.44026],[6.07008,50.44041],[6.07104,50.44073],[6.07199,50.44079],[6.07333,50.4407],[6.07377,50.4408],[6.07422,50.44102],[6.07447,50.44126],[6.07454,50.44147],[6.07447,50.44164],[6.0742,50.44187],[6.07409,50.44212],[6.07371,50.44245],[6.07429,50.44298],[6.07448,50.44325],[6.07509,50.44346],[6.07529,50.4439],[6.07567,50.44432],[6.07564,50.44469],[6.07632,50.44512],[6.07632,50.4455],[6.07606,50.44575],[6.07595,50.44598],[6.07603,50.44607],[6.07669,50.44621],[6.07686,50.44632],[6.07687,50.44657],[6.07669,50.44687],[6.07679,50.44742],[6.07666,50.4477],[6.07714,50.44817],[6.07751,50.44829],[6.07838,50.44827],[6.07871,50.44797],[6.07948,50.44789],[6.08007,50.44807],[6.08093,50.44808],[6.08126,50.44793],[6.08157,50.4474],[6.08178,50.44722],[6.08217,50.44696],[6.08286,50.44669],[6.08304,50.44674],[6.08339,50.44713],[6.08362,50.4472],[6.08626,50.44748],[6.08751,50.44771],[6.08871,50.44832],[6.08919,50.44918],[6.08966,50.44937],[6.09048,50.4494],[6.09128,50.44963],[6.09167,50.44998],[6.09208,50.45056],[6.09223,50.45123],[6.09215,50.4516],[6.09183,50.45217],[6.09247,50.45329],[6.09392,50.45371],[6.09486,50.45419],[6.09548,50.45435],[6.09584,50.45433],[6.09625,50.45414],[6.09706,50.45369],[6.09794,50.45297],[6.09824,50.45283],[6.09966,50.45271],[6.10002,50.45254],[6.10013,50.45239],[6.10003,50.45157],[6.10048,50.45135],[6.10225,50.45116],[6.10423,50.45112],[6.10546,50.45166],[6.1061,50.45218],[6.10631,50.45267],[6.10667,50.4528],[6.10745,50.45242],[6.10731,50.45196],[6.10742,50.45183],[6.10797,50.45183],[6.10839,50.45202],[6.10876,50.45185],[6.10954,50.45183],[6.11037,50.45168],[6.11138,50.45165],[6.11144,50.45156],[6.11122,50.45135],[6.10994,50.45049],[6.10973,50.45029],[6.10974,50.45019],[6.11022,50.45009],[6.11121,50.45039],[6.11175,50.45031],[6.11184,50.45012],[6.11157,50.44959],[6.11151,50.4488],[6.11167,50.44834],[6.11201,50.44798],[6.11294,50.44742],[6.11337,50.44704],[6.11498,50.446],[6.11585,50.44564],[6.11707,50.44489],[6.11876,50.44433],[6.12001,50.44431],[6.12099,50.44449],[6.12184,50.44518],[6.12204,50.44578],[6.12275,50.44686],[6.12304,50.44699],[6.12365,50.44699],[6.12538,50.44648],[6.12688,50.44542],[6.12801,50.44483],[6.12985,50.44484],[6.13272,50.44525],[6.1335,50.44507],[6.13458,50.44457],[6.13585,50.44445],[6.1364,50.44413],[6.13659,50.4437],[6.13713,50.44309],[6.13837,50.44243],[6.13909,50.44214],[6.13969,50.44161],[6.14007,50.44148],[6.14147,50.44137],[6.14217,50.44158],[6.14255,50.44185],[6.14297,50.44234],[6.1434,50.44269],[6.14509,50.44381],[6.14527,50.44435],[6.14513,50.4447],[6.14512,50.44526],[6.14546,50.44604],[6.14502,50.44605],[6.14453,50.44578],[6.14427,50.4455],[6.14425,50.44522],[6.14452,50.44435],[6.14428,50.4438],[6.14376,50.44355],[6.14291,50.44328],[6.14166,50.44247],[6.14129,50.44238],[6.13992,50.44293],[6.1384,50.44327],[6.13797,50.4435],[6.13797,50.44409],[6.13786,50.4442],[6.13762,50.44439],[6.13676,50.44461],[6.13594,50.44494],[6.13584,50.4452],[6.13536,50.44558],[6.13501,50.44602],[6.13441,50.44655],[6.13417,50.44701],[6.13381,50.44702],[6.13298,50.44685],[6.13246,50.44698],[6.13084,50.447],[6.12944,50.44673],[6.12754,50.44715],[6.12708,50.44738],[6.12672,50.44772],[6.12627,50.4486],[6.12596,50.44886],[6.12548,50.4491],[6.12465,50.44907],[6.1235,50.44885],[6.12291,50.44882],[6.12173,50.44849],[6.12098,50.44816],[6.12054,50.44813],[6.11989,50.44853],[6.11904,50.44883],[6.11884,50.44911],[6.11875,50.44966],[6.11841,50.45028],[6.11832,50.4503],[6.11814,50.45015],[6.11797,50.44887],[6.11808,50.44821],[6.11793,50.44771],[6.11814,50.44734],[6.11819,50.4469],[6.11803,50.44677],[6.11777,50.44672],[6.11712,50.44683],[6.11678,50.44719],[6.11608,50.44748],[6.11584,50.44769],[6.11572,50.44799],[6.11537,50.44827],[6.11461,50.44853],[6.11413,50.4488],[6.11382,50.44912],[6.11369,50.44946],[6.11407,50.45024],[6.11445,50.45064],[6.11457,50.45088],[6.11464,50.45131],[6.11456,50.4515],[6.11403,50.45191],[6.11387,50.45224],[6.11474,50.45356],[6.11481,50.45428],[6.11501,50.45444],[6.11592,50.45461],[6.11755,50.45548],[6.11781,50.45585],[6.11779,50.45626],[6.11759,50.45641],[6.11735,50.45634],[6.11663,50.45577],[6.11556,50.4552],[6.1142,50.45493],[6.11338,50.45456],[6.11279,50.45412],[6.1117,50.45366],[6.1113,50.45325],[6.11074,50.45313],[6.11004,50.45325],[6.10857,50.4538],[6.10772,50.45493],[6.10751,50.4551],[6.10715,50.45522],[6.10594,50.45492],[6.10383,50.45387],[6.10369,50.45397],[6.10357,50.45432],[6.10371,50.45518],[6.10354,50.45532],[6.10334,50.45535],[6.10315,50.45508],[6.10314,50.45409],[6.10291,50.45391],[6.10256,50.45385],[6.10048,50.45439],[6.09962,50.45493],[6.09943,50.45519],[6.09914,50.45536],[6.09837,50.45604],[6.09793,50.45616],[6.09491,50.45647],[6.09385,50.45629],[6.09329,50.45627],[6.09256,50.45602],[6.09162,50.45588],[6.09121,50.45587],[6.09077,50.456],[6.09042,50.45653],[6.09043,50.4571],[6.09029,50.45737],[6.0903,50.4575],[6.09164,50.45862],[6.09177,50.45894],[6.09164,50.45941],[6.09199,50.45965],[6.09256,50.4599],[6.09262,50.46005],[6.09262,50.46026],[6.09224,50.46085],[6.09209,50.46134],[6.09359,50.46247],[6.09513,50.46299],[6.09422,50.46333],[6.09377,50.46327],[6.09297,50.46296],[6.09204,50.46317],[6.09079,50.46278],[6.09005,50.46243],[6.08958,50.46241],[6.08962,50.46298],[6.09011,50.46357],[6.0901,50.46383],[6.08991,50.46411],[6.09052,50.46464],[6.09215,50.46547],[6.09217,50.46571],[6.09231,50.46586],[6.0933,50.46648],[6.09421,50.46687],[6.09375,50.46713],[6.0921,50.46767],[6.09215,50.46795],[6.09248,50.46838],[6.09252,50.46882],[6.09336,50.46914],[6.09454,50.4692],[6.09548,50.46934],[6.09664,50.47001],[6.09723,50.4702],[6.09628,50.47075],[6.09609,50.47095],[6.09607,50.47113],[6.09637,50.4716],[6.09593,50.47206],[6.09423,50.47251],[6.09376,50.47243],[6.09415,50.47212],[6.09507,50.47161],[6.09523,50.47137],[6.09521,50.47119],[6.0948,50.47042],[6.09435,50.47019],[6.09277,50.47],[6.09168,50.46966],[6.09085,50.46911],[6.09054,50.46871],[6.0901,50.46844],[6.08857,50.468],[6.08821,50.46748],[6.08844,50.46714],[6.08805,50.46684],[6.08744,50.46665],[6.08724,50.46624],[6.08683,50.46567],[6.08662,50.46521],[6.0866,50.46488],[6.08668,50.46464],[6.08718,50.46439],[6.08714,50.46404],[6.08687,50.46363],[6.08686,50.46324],[6.08657,50.46321],[6.08629,50.46337],[6.08623,50.46324],[6.08657,50.46272],[6.08713,50.46247],[6.08699,50.46213],[6.08705,50.46183],[6.08731,50.46147],[6.08811,50.46077],[6.0877,50.4604],[6.08703,50.46001],[6.08668,50.45998],[6.08628,50.46008],[6.08553,50.46053],[6.08399,50.46102],[6.08368,50.46127],[6.08353,50.46161],[6.08378,50.46224],[6.08369,50.46279],[6.08374,50.46356],[6.08356,50.46428],[6.08365,50.46448],[6.0843,50.46521],[6.08438,50.46567],[6.08429,50.46601],[6.08418,50.46616],[6.08379,50.46633],[6.0835,50.46601],[6.08293,50.46601],[6.08271,50.4666],[6.08256,50.46676],[6.08162,50.46693],[6.08108,50.46713],[6.08087,50.46798],[6.08047,50.46829],[6.08028,50.46822],[6.08012,50.46793],[6.07997,50.46737],[6.08005,50.4669],[6.08073,50.46661],[6.08171,50.46577],[6.08214,50.46493],[6.08223,50.46408],[6.08213,50.4638],[6.08183,50.46345],[6.0821,50.46269],[6.08212,50.46242],[6.08166,50.46186],[6.08121,50.46182],[6.08087,50.462],[6.08074,50.46218],[6.08085,50.46272],[6.08147,50.46314],[6.08163,50.46338],[6.08155,50.46383],[6.08112,50.46436],[6.08076,50.46459],[6.08011,50.46472],[6.07872,50.46457],[6.07854,50.46474],[6.07835,50.46536],[6.07796,50.46566],[6.07538,50.46598],[6.07465,50.46615],[6.07313,50.46615],[6.07254,50.46632],[6.07116,50.46606],[6.07012,50.46615],[6.06993,50.4661],[6.06991,50.46599],[6.07032,50.46553],[6.07042,50.46519],[6.07087,50.46492],[6.07094,50.46442],[6.07079,50.4638],[6.07201,50.46343],[6.07231,50.46325],[6.07253,50.46297],[6.07297,50.46273],[6.07293,50.46209],[6.07377,50.4613],[6.076,50.46158],[6.0786,50.4612],[6.07912,50.46138],[6.07938,50.46139],[6.08079,50.46082],[6.08208,50.46067],[6.08259,50.46037],[6.0834,50.46002],[6.08381,50.45994],[6.08402,50.45965],[6.08377,50.45962],[6.08225,50.4601],[6.08207,50.46007],[6.08199,50.45992],[6.08225,50.45963],[6.08353,50.45892],[6.0837,50.45869],[6.08385,50.45809],[6.08409,50.45777],[6.08491,50.45714],[6.08545,50.45687],[6.08584,50.4564],[6.08605,50.45636],[6.08631,50.45646],[6.08636,50.45661],[6.08615,50.45685],[6.0863,50.45698],[6.08678,50.45702],[6.08742,50.45686],[6.0873,50.45633],[6.08748,50.45582],[6.08734,50.45567],[6.08692,50.45546],[6.08754,50.4552],[6.08694,50.45505],[6.08597,50.4544],[6.0851,50.45339],[6.08462,50.45299],[6.08461,50.45269],[6.08471,50.45244],[6.08513,50.45192],[6.08536,50.45147],[6.08554,50.45139],[6.08619,50.45138],[6.0863,50.4513],[6.08592,50.45099],[6.08573,50.45093],[6.08491,50.45097],[6.08392,50.45065],[6.0833,50.45065],[6.08296,50.45077],[6.08214,50.45191],[6.08162,50.45236],[6.08143,50.45279],[6.08076,50.45345],[6.08059,50.45376],[6.08065,50.45422],[6.08115,50.45491],[6.08113,50.45526],[6.08124,50.45563],[6.08134,50.4557],[6.08187,50.45573],[6.08197,50.45588],[6.08192,50.45608],[6.08168,50.45629],[6.08133,50.45641],[6.08089,50.45604],[6.08042,50.45622],[6.08032,50.45689],[6.08041,50.45734],[6.08021,50.45752],[6.07923,50.45761],[6.07838,50.45742],[6.07809,50.45713],[6.07874,50.45655],[6.0789,50.45616],[6.07887,50.45596],[6.07868,50.45577],[6.07813,50.45562],[6.07709,50.45561],[6.07667,50.45521],[6.07652,50.45494],[6.07824,50.45443],[6.0788,50.45446],[6.0792,50.45436],[6.07962,50.45445],[6.0798,50.45438],[6.07971,50.45404],[6.07903,50.45332],[6.07904,50.4532],[6.07924,50.45299],[6.07922,50.45266],[6.07838,50.45259],[6.07812,50.45227],[6.07813,50.45215],[6.07828,50.45205],[6.07881,50.45201],[6.07909,50.4519],[6.07917,50.45172],[6.07903,50.45151],[6.07878,50.45132],[6.07803,50.45119],[6.07627,50.45148],[6.07588,50.4513],[6.07542,50.45076],[6.07422,50.45039],[6.07337,50.45051],[6.07299,50.45044],[6.07271,50.45018],[6.07298,50.44965],[6.07273,50.44922],[6.07181,50.44851],[6.07094,50.44743],[6.0706,50.44718],[6.06963,50.44677],[6.06839,50.44666],[6.06725,50.44615],[6.06633,50.44597],[6.0659,50.44607],[6.06563,50.44631],[6.06565,50.44713],[6.06522,50.44765],[6.06516,50.44786],[6.06546,50.44828],[6.06584,50.44845],[6.06631,50.44854],[6.06683,50.44907],[6.06703,50.4494],[6.06749,50.44974],[6.06743,50.45012],[6.06715,50.45049],[6.0666,50.45098],[6.06607,50.45126],[6.06597,50.4514],[6.06624,50.4525],[6.06682,50.45327],[6.06627,50.45337],[6.06553,50.45369],[6.06483,50.45381],[6.06435,50.45404],[6.06433,50.45411],[6.06444,50.45415],[6.06527,50.45421],[6.06576,50.45436],[6.06459,50.45475],[6.06416,50.4547],[6.06413,50.45439],[6.06386,50.4542],[6.06293,50.45411],[6.06252,50.45385],[6.06221,50.45377],[6.06142,50.45372],[6.06029,50.45382],[6.05994,50.45426],[6.05932,50.45467],[6.05902,50.45544],[6.05843,50.45559],[6.05833,50.45575],[6.05879,50.45616],[6.05959,50.4566],[6.06078,50.45705],[6.06131,50.45718],[6.06183,50.45692],[6.06278,50.45715],[6.06303,50.4574],[6.06291,50.45771],[6.06312,50.45798],[6.06341,50.45814],[6.06416,50.45831],[6.06517,50.45832],[6.06644,50.45853],[6.06661,50.45876],[6.06635,50.459],[6.06563,50.45889],[6.06329,50.45894],[6.06293,50.45883],[6.06303,50.45848],[6.06293,50.45838],[6.06277,50.45837],[6.0621,50.45852],[6.06157,50.45963],[6.06132,50.45994],[6.06063,50.46002],[6.06021,50.45995],[6.06019,50.45984],[6.06053,50.45937],[6.06059,50.4588],[6.061,50.45825],[6.06007,50.45769],[6.05928,50.45757],[6.05855,50.45733],[6.05828,50.45733],[6.05793,50.4575],[6.05754,50.45749],[6.05748,50.45739],[6.05759,50.45713],[6.05749,50.45689],[6.05631,50.45658],[6.05595,50.45626],[6.05512,50.456],[6.05404,50.45474],[6.05362,50.45437],[6.05369,50.45406],[6.05418,50.45317],[6.05412,50.45299],[6.05381,50.45289],[6.05277,50.45284],[6.05214,50.45267],[6.05132,50.45274],[6.05005,50.45251],[6.04953,50.45224],[6.04887,50.45222],[6.04808,50.45206],[6.04699,50.45207],[6.04563,50.45194],[6.04471,50.45181],[6.04429,50.45153],[6.04397,50.45144],[6.04216,50.45131],[6.04201,50.45165],[6.0421,50.45202],[6.04253,50.45172],[6.04313,50.45187],[6.04271,50.45245],[6.04175,50.4525],[6.04148,50.45272],[6.04124,50.45279],[6.0397,50.45282],[6.03924,50.45303],[6.0385,50.45315],[6.03754,50.45354],[6.03743,50.4538],[6.03757,50.4541],[6.03747,50.45467],[6.03749,50.45519],[6.0382,50.45602],[6.03822,50.45623],[6.0381,50.45654],[6.03816,50.45672],[6.03834,50.45689],[6.03884,50.45687],[6.03918,50.45724],[6.04009,50.45742],[6.04061,50.45832],[6.04065,50.45878],[6.04032,50.45912],[6.04044,50.45941],[6.04062,50.45958],[6.04138,50.45989],[6.04174,50.46018],[6.0423,50.46048],[6.04337,50.46076],[6.04345,50.46095],[6.04345,50.46109],[6.04307,50.46182],[6.04293,50.46238],[6.0427,50.46272],[6.0425,50.46323],[6.0417,50.46409],[6.04088,50.46453],[6.04042,50.46435],[6.04046,50.46411],[6.04083,50.46328],[6.04168,50.46296],[6.04197,50.4622],[6.04164,50.46172],[6.04176,50.46132],[6.04166,50.46108],[6.04087,50.46048],[6.04043,50.45998],[6.04004,50.45986],[6.03961,50.45989],[6.0387,50.46015],[6.03802,50.46078],[6.03706,50.46078],[6.03628,50.46048],[6.03584,50.46041],[6.03545,50.46048],[6.03506,50.46078],[6.0348,50.46084],[6.03371,50.46086],[6.03236,50.46101],[6.03227,50.46108],[6.03229,50.46137],[6.03216,50.46162],[6.03172,50.46192],[6.03142,50.46201],[6.03012,50.46207],[6.0296,50.4618],[6.02921,50.46172],[6.02885,50.46196],[6.02837,50.46215],[6.02792,50.46212],[6.02754,50.46231],[6.02674,50.46244],[6.02628,50.46278],[6.02595,50.46266],[6.02504,50.4625],[6.02464,50.4628],[6.02337,50.46327],[6.02209,50.46282],[6.01993,50.46162],[6.01909,50.461],[6.01887,50.46078],[6.01896,50.46048],[6.01885,50.46037],[6.01834,50.46027],[6.01701,50.46027],[6.01692,50.46015],[6.01712,50.45965],[6.01638,50.4595],[6.0162,50.45938],[6.01609,50.45908],[6.01612,50.45883],[6.01691,50.45857],[6.01713,50.45825],[6.01689,50.45799],[6.01626,50.45785],[6.01543,50.45753],[6.01538,50.4574],[6.01552,50.45715],[6.01548,50.45688],[6.0151,50.4566],[6.01502,50.45647],[6.01467,50.45526],[6.01465,50.45439],[6.01419,50.45383],[6.01414,50.45356],[6.01423,50.45276],[6.01491,50.45165],[6.01493,50.45144],[6.01485,50.45128],[6.01459,50.45112],[6.01417,50.45102],[6.01333,50.45108],[6.01251,50.45099],[6.01176,50.45064],[6.01093,50.45012],[6.00938,50.4497],[6.00917,50.44972],[6.00844,50.45023],[6.00832,50.45047],[6.0084,50.4508],[6.00805,50.45111],[6.00595,50.45147],[6.0055,50.45163],[6.00337,50.45357],[6.00324,50.45338],[6.00324,50.45322],[6.00372,50.45295],[6.00404,50.45246],[6.00439,50.45216],[6.00436,50.45193],[6.00422,50.45174],[6.00344,50.4519],[6.00299,50.45233],[6.00255,50.45243],[6.00211,50.45268],[6.00196,50.45298],[6.00121,50.45306],[6.00066,50.45324],[6.00036,50.4535],[6.00023,50.45384],[6.00004,50.45394],[5.99938,50.45396],[5.99793,50.45379],[5.99605,50.45394],[5.99345,50.45476],[5.99182,50.45494],[5.99086,50.45493],[5.98968,50.45457],[5.98856,50.45437],[5.98907,50.45424],[5.99005,50.45415],[5.99045,50.45379],[5.98933,50.45371],[5.98879,50.45353],[5.98796,50.45361],[5.98749,50.4534],[5.9867,50.45322]],[[6.08045,50.46745],[6.08035,50.46742],[6.08045,50.46745]],[[6.0892,50.4675],[6.08901,50.46743],[6.08927,50.46741],[6.0892,50.4675]],[[6.07379,50.46387],[6.07379,50.46377],[6.07379,50.46387]],[[6.03462,50.46246],[6.034,50.46221],[6.03394,50.46206],[6.03416,50.46187],[6.03464,50.46186],[6.03512,50.46211],[6.03505,50.46225],[6.03462,50.46246]],[[6.02587,50.45993],[6.02541,50.45966],[6.02499,50.45886],[6.02524,50.45817],[6.02518,50.45744],[6.02537,50.45665],[6.02528,50.45626],[6.02506,50.45601],[6.02362,50.45579],[6.02361,50.4557],[6.02379,50.45548],[6.02376,50.45525],[6.02364,50.45508],[6.02343,50.45491],[6.02286,50.45469],[6.02255,50.45437],[6.02206,50.45413],[6.0223,50.45349],[6.02218,50.453],[6.02249,50.45262],[6.02365,50.45198],[6.02505,50.45165],[6.02611,50.4511],[6.02611,50.451],[6.02567,50.45079],[6.02556,50.45057],[6.02575,50.44938],[6.02663,50.44902],[6.02728,50.44895],[6.02746,50.44873],[6.02737,50.44842],[6.02679,50.44783],[6.02624,50.44773],[6.02576,50.44748],[6.02578,50.44715],[6.02503,50.44687],[6.0246,50.44607],[6.02446,50.44598],[6.02394,50.44575],[6.02295,50.44555],[6.02177,50.44506],[6.0209,50.44515],[6.02038,50.44499],[6.02004,50.44465],[6.01944,50.44431],[6.01886,50.44335],[6.01834,50.44328],[6.01837,50.4431],[6.01852,50.44298],[6.01822,50.44277],[6.01797,50.44242],[6.01711,50.44243],[6.0169,50.44212],[6.01664,50.44195],[6.01539,50.44168],[6.01529,50.44157],[6.01548,50.44131],[6.01532,50.44119],[6.01387,50.44092],[6.01334,50.44106],[6.01287,50.4409],[6.01174,50.44075],[6.01107,50.44048],[6.00833,50.44007],[6.00813,50.43953],[6.00832,50.43733],[6.00846,50.43729],[6.00912,50.43749],[6.00937,50.43748],[6.00999,50.43728],[6.01045,50.437],[6.0117,50.43659],[6.01231,50.43505],[6.01229,50.43474],[6.01212,50.43435],[6.01256,50.43429],[6.01273,50.43456],[6.01279,50.43495],[6.01382,50.43537],[6.01465,50.43582],[6.01505,50.43586],[6.01531,50.43577],[6.01496,50.43554],[6.01475,50.43526],[6.01488,50.43507],[6.01512,50.43501],[6.0166,50.43579],[6.01772,50.43604],[6.01786,50.43623],[6.01802,50.43683],[6.01819,50.43715],[6.01921,50.43798],[6.0193,50.43823],[6.01951,50.43837],[6.02027,50.43847],[6.02136,50.43834],[6.02253,50.43855],[6.02288,50.43908],[6.02284,50.43925],[6.0227,50.43939],[6.02178,50.43954],[6.02053,50.43947],[6.02001,50.43951],[6.01923,50.43993],[6.01877,50.43992],[6.01837,50.4402],[6.01814,50.44057],[6.01807,50.44088],[6.01825,50.44131],[6.01914,50.44188],[6.01983,50.44217],[6.02046,50.4427],[6.02094,50.44281],[6.02107,50.4427],[6.02104,50.44244],[6.02131,50.44238],[6.02383,50.44407],[6.02402,50.4444],[6.02483,50.44466],[6.02699,50.44585],[6.02753,50.44608],[6.02777,50.4463],[6.02795,50.44666],[6.02985,50.44729],[6.03079,50.44721],[6.03124,50.44725],[6.03145,50.44742],[6.03163,50.44801],[6.03188,50.44815],[6.03251,50.44835],[6.033,50.44824],[6.03381,50.44881],[6.03462,50.44893],[6.03505,50.44926],[6.03545,50.44937],[6.03549,50.44908],[6.03502,50.44901],[6.0347,50.44882],[6.03453,50.44857],[6.03451,50.44824],[6.0344,50.44804],[6.03379,50.4477],[6.03373,50.44738],[6.03402,50.44733],[6.03534,50.44781],[6.03611,50.44829],[6.03691,50.44851],[6.03713,50.44871],[6.03702,50.44956],[6.03669,50.44991],[6.03621,50.45004],[6.03506,50.45014],[6.03469,50.4505],[6.03454,50.45103],[6.03466,50.4516],[6.03446,50.45199],[6.03425,50.45303],[6.0346,50.45442],[6.03461,50.45483],[6.03437,50.45526],[6.03413,50.45647],[6.0337,50.45684],[6.03347,50.45718],[6.03306,50.45748],[6.03301,50.45769],[6.03309,50.45803],[6.03262,50.45884],[6.03188,50.45942],[6.03115,50.45976],[6.02855,50.45987],[6.02735,50.46001],[6.02587,50.45993]],[[6.08462,50.45941],[6.08433,50.45937],[6.08461,50.45934],[6.08462,50.45941]],[[6.01629,50.45699],[6.01606,50.45684],[6.01652,50.45672],[6.0169,50.45686],[6.0167,50.45697],[6.01629,50.45699]],[[6.00504,50.45337],[6.00497,50.45324],[6.00506,50.45304],[6.00536,50.45264],[6.00571,50.4524],[6.00591,50.45235],[6.007,50.45243],[6.00673,50.45254],[6.00621,50.45249],[6.00589,50.45262],[6.00577,50.4527],[6.0057,50.45303],[6.00553,50.45328],[6.00504,50.45337]],[[6.07462,50.45225],[6.07462,50.45206],[6.07498,50.45182],[6.07511,50.45185],[6.07524,50.45206],[6.07523,50.45219],[6.07508,50.45231],[6.07462,50.45225]],[[6.00379,50.45093],[6.00365,50.45077],[6.00373,50.45066],[6.00416,50.45032],[6.0044,50.45041],[6.00443,50.45057],[6.00426,50.45077],[6.00379,50.45093]],[[6.0992,50.45074],[6.09909,50.45054],[6.09914,50.4504],[6.09938,50.45032],[6.09964,50.45036],[6.09964,50.45057],[6.0992,50.45074]],[[6.00462,50.45041],[6.00435,50.45018],[6.00464,50.44986],[6.00476,50.44992],[6.0048,50.45005],[6.00462,50.45041]],[[6.00754,50.44978],[6.00726,50.44967],[6.0072,50.44956],[6.00728,50.44935],[6.00753,50.44908],[6.00803,50.44897],[6.00877,50.44917],[6.00914,50.44901],[6.00929,50.44908],[6.00917,50.44958],[6.00855,50.44943],[6.00754,50.44978]],[[6.02754,50.4496],[6.02746,50.44938],[6.02753,50.44917],[6.02759,50.44935],[6.02754,50.4496]],[[6.10879,50.44939],[6.10878,50.44934],[6.10879,50.44939]],[[6.00879,50.44889],[6.00879,50.4488],[6.00879,50.44889]],[[6.06462,50.44891],[6.06446,50.4488],[6.06467,50.44876],[6.06471,50.44883],[6.06462,50.44891]],[[6.1467,50.44661],[6.14655,50.44653],[6.14656,50.44631],[6.14685,50.44636],[6.14684,50.44657],[6.1467,50.44661]],[[6.14754,50.44606],[6.14753,50.446],[6.14754,50.44606]],[[6.14962,50.44473],[6.14937,50.44456],[6.14927,50.44435],[6.14969,50.44388],[6.1504,50.44352],[6.15145,50.44354],[6.15085,50.44362],[6.15003,50.44408],[6.14981,50.44435],[6.14976,50.44464],[6.14962,50.44473]],[[6.07295,50.44354],[6.07275,50.44335],[6.07274,50.44322],[6.07337,50.44268],[6.0736,50.44299],[6.07404,50.44325],[6.07357,50.44353],[6.07295,50.44354]],[[5.99545,50.44172],[5.99533,50.44157],[5.99546,50.44142],[5.99558,50.44159],[5.99545,50.44172]],[[5.9867,50.4351],[5.98885,50.43636],[5.98928,50.43656],[5.98996,50.43672],[5.99194,50.43648],[5.99331,50.43643],[5.99443,50.43578],[5.99464,50.43559],[5.99504,50.43548],[5.99553,50.43565],[5.99572,50.43585],[5.99566,50.43607],[5.99502,50.43629],[5.99507,50.43639],[5.99543,50.43661],[5.99678,50.43665],[5.99753,50.43676],[5.9979,50.43692],[5.99834,50.43691],[5.99902,50.43709],[5.99959,50.43698],[6.00017,50.43701],[6.00096,50.43667],[6.001,50.43657],[6.00044,50.43631],[6.00131,50.43604],[6.00262,50.43496],[6.00302,50.43487],[6.00319,50.43529],[6.0029,50.4363],[6.00295,50.43687],[6.00171,50.43729],[6.00102,50.43741],[6.00062,50.43771],[6.00048,50.43809],[6.00004,50.43817],[5.99968,50.43845],[5.9987,50.43846],[5.9983,50.43882],[5.9965,50.43936],[5.99751,50.43949],[5.99907,50.43948],[5.99943,50.4396],[5.99964,50.43979],[5.99976,50.44022],[5.99959,50.44093],[5.99935,50.44107],[5.99871,50.44119],[5.99836,50.44159],[5.99787,50.44175],[5.99751,50.44175],[5.997,50.4416],[5.99624,50.44123],[5.99563,50.44126],[5.99475,50.4415],[5.99272,50.44117],[5.99168,50.44083],[5.99124,50.44055],[5.99086,50.44041],[5.98998,50.44015],[5.98921,50.44008],[5.98904,50.43996],[5.98886,50.43961],[5.98746,50.43892],[5.987,50.4386],[5.9867,50.43815]],[[5.98879,50.44105],[5.9875,50.4406],[5.98731,50.44045],[5.98724,50.44024],[5.98752,50.44012],[5.98792,50.44018],[5.98881,50.44044],[5.98926,50.44074],[5.98926,50.44107],[5.98879,50.44105]],[[6.0067,50.44081],[6.00626,50.44073],[6.0049,50.44024],[6.00486,50.44018],[6.00497,50.44005],[6.00547,50.43999],[6.00548,50.43983],[6.00506,50.4398],[6.00485,50.43962],[6.00417,50.43944],[6.00414,50.43876],[6.0046,50.43843],[6.00504,50.43826],[6.00458,50.43801],[6.00366,50.43772],[6.00387,50.43743],[6.00428,50.43727],[6.00485,50.43734],[6.00548,50.43727],[6.0059,50.43734],[6.00662,50.43724],[6.00685,50.43736],[6.00717,50.4385],[6.00719,50.4389],[6.00712,50.43911],[6.00661,50.43908],[6.00657,50.43939],[6.00634,50.43968],[6.00626,50.43991],[6.00677,50.44022],[6.00684,50.4405],[6.0067,50.44081]],[[5.99962,50.43884],[5.99957,50.4388],[5.99963,50.43871],[5.99968,50.43881],[5.99962,50.43884]],[[5.99629,50.43614],[5.99606,50.436],[5.99633,50.43578],[5.99659,50.43568],[5.99714,50.43569],[5.99733,50.43592],[5.99729,50.4361],[5.99703,50.43623],[5.99629,50.43614]],[[6.03795,50.43618],[6.03757,50.43601],[6.03739,50.4358],[6.0374,50.43571],[6.03782,50.43558],[6.03839,50.43573],[6.03849,50.43598],[6.03844,50.43615],[6.03828,50.43621],[6.03795,50.43618]],[[6.01129,50.43261],[6.01117,50.4324],[6.01129,50.43214],[6.01157,50.4324],[6.01129,50.43261]],[[6.0117,50.43201],[6.01149,50.43159],[6.01086,50.43148],[6.01051,50.43126],[6.01033,50.43101],[6.01042,50.43064],[6.01077,50.43086],[6.01121,50.43095],[6.01324,50.43055],[6.01352,50.43068],[6.0135,50.43081],[6.01257,50.43131],[6.01184,50.43182],[6.0117,50.43201]],[[6.0567,50.43114],[6.05622,50.43088],[6.05544,50.43021],[6.05422,50.42952],[6.0535,50.42884],[6.05305,50.428],[6.0535,50.4279],[6.05419,50.42794],[6.05435,50.428],[6.05458,50.4283],[6.05579,50.42848],[6.05763,50.42849],[6.05794,50.42862],[6.05809,50.4288],[6.05762,50.42912],[6.05749,50.42932],[6.05763,50.42966],[6.05824,50.43007],[6.05918,50.43028],[6.05963,50.43048],[6.05922,50.43063],[6.05881,50.43093],[6.05838,50.43108],[6.05709,50.43119],[6.0567,50.43114]],[[6.01004,50.43061],[6.00933,50.43034],[6.00832,50.4302],[6.00881,50.4301],[6.0092,50.42993],[6.00959,50.42998],[6.01008,50.43017],[6.01027,50.43036],[6.01029,50.4305],[6.01004,50.43061]],[[6.09795,50.42467],[6.0978,50.42465],[6.09795,50.42467]],[[6.08337,50.41942],[6.08326,50.41937],[6.0836,50.41932],[6.08392,50.41937],[6.08378,50.41945],[6.08337,50.41942]],[[6.0267,50.41105],[6.02654,50.41076],[6.02704,50.4106],[6.02819,50.41057],[6.02839,50.41063],[6.02849,50.41074],[6.02835,50.41084],[6.02782,50.41097],[6.0267,50.41105]],[[6.03102,50.40826],[6.03117,50.40863],[6.03089,50.40938],[6.03015,50.4094],[6.02914,50.40962],[6.02884,50.41],[6.0286,50.41008],[6.02834,50.41006],[6.02753,50.40965],[6.02666,50.40938],[6.02646,50.40908],[6.02603,50.40884],[6.02725,50.40872],[6.028,50.4085],[6.03012,50.40826]]]}},{"type":"Feature","properties":{"ele":550},"geometry":{"type":"MultiLineString","coordinates":[[[5.99066,50.50132],[5.99084,50.50113],[5.99105,50.50108],[5.99235,50.50132]],[[5.99257,50.50132],[5.99255,50.50102],[5.99209,50.50076],[5.99234,50.50049],[5.99222,50.50022],[5.99224,50.50008],[5.99252,50.49965],[5.9934,50.49946],[5.99353,50.49937],[5.99294,50.49913],[5.99242,50.49878],[5.99311,50.49828],[5.9935,50.49811],[5.99397,50.49809],[5.99464,50.49827],[5.99488,50.49798],[5.99608,50.49746],[5.99628,50.49724],[5.99652,50.49623],[5.99636,50.49563],[5.9962,50.49556],[5.99539,50.49558],[5.99455,50.49492],[5.99493,50.49458],[5.9958,50.49433],[5.99577,50.49376],[5.99584,50.4935],[5.99629,50.49303],[5.99682,50.49217],[5.99702,50.49198],[5.99725,50.4919],[5.99797,50.49189],[5.99866,50.49168],[5.99963,50.49164],[6.00105,50.49119],[6.00175,50.4913],[6.00293,50.49168],[6.00454,50.49164],[6.00511,50.49171],[6.00629,50.49158],[6.00757,50.49205],[6.00813,50.49206],[6.00859,50.49189],[6.00862,50.49156],[6.00885,50.49133],[6.00872,50.49101],[6.00892,50.49053],[6.00888,50.49027],[6.00873,50.49013],[6.00795,50.49021],[6.00751,50.48995],[6.00772,50.48963],[6.00766,50.48938],[6.00727,50.489],[6.00655,50.48853],[6.00663,50.48822],[6.00719,50.48798],[6.00666,50.48771],[6.00757,50.48689],[6.00725,50.48655],[6.00699,50.48642],[6.0064,50.48632],[6.00511,50.48627],[6.00462,50.48604],[6.00364,50.48606],[6.00277,50.48555],[6.00275,50.4854],[6.00292,50.48518],[6.00336,50.48477],[6.00369,50.48461],[6.00334,50.48391],[6.00225,50.48366],[6.00086,50.48357],[5.9999,50.48332],[5.99913,50.48301],[5.9984,50.48289],[5.99795,50.48299],[5.99709,50.48287],[5.99531,50.48212],[5.99455,50.48214],[5.99407,50.4824],[5.99375,50.48269],[5.99092,50.48328],[5.99008,50.48362],[5.9892,50.48377],[5.98862,50.4841],[5.98854,50.48437],[5.9893,50.48489],[5.98975,50.48567],[5.9897,50.48581],[5.98907,50.48578],[5.98877,50.48548],[5.98894,50.4852],[5.98829,50.48502],[5.98782,50.48505],[5.9867,50.48541]],[[5.99379,50.50053],[5.99379,50.50046],[5.99379,50.50053]],[[6.01337,50.49426],[6.01327,50.49411],[6.01336,50.49405],[6.01432,50.4941],[6.01407,50.49426],[6.01337,50.49426]],[[6.15212,50.49208],[6.15084,50.49203],[6.14998,50.49188],[6.14963,50.4917],[6.1494,50.49192],[6.14903,50.49208],[6.14777,50.49231],[6.14546,50.49212],[6.14454,50.49238],[6.14411,50.49221],[6.14379,50.49178],[6.14266,50.49158],[6.1421,50.49118],[6.14131,50.49102],[6.14093,50.49065],[6.14049,50.49046],[6.13995,50.49063],[6.13933,50.49069],[6.13835,50.49049],[6.13836,50.49019],[6.13877,50.48965],[6.13909,50.48939],[6.13919,50.48907],[6.13969,50.48891],[6.14004,50.48862],[6.14009,50.48828],[6.14039,50.48789],[6.14051,50.48741],[6.14072,50.48711],[6.14092,50.48694],[6.1413,50.48689],[6.14147,50.48668],[6.14147,50.48654],[6.14129,50.48631],[6.14087,50.48604],[6.14022,50.48589],[6.13914,50.48535],[6.13756,50.48434],[6.13711,50.48385],[6.13669,50.48372],[6.13491,50.48272],[6.13673,50.48201],[6.13948,50.48169],[6.1398,50.4815],[6.14006,50.48097],[6.14041,50.48074],[6.14084,50.48064],[6.14171,50.48076],[6.1425,50.48192],[6.14319,50.48246],[6.14378,50.48271],[6.14412,50.48276],[6.14548,50.48264],[6.14632,50.48232],[6.14714,50.48216],[6.14796,50.48164],[6.14813,50.4813],[6.14837,50.48103],[6.14854,50.4805],[6.14871,50.48031],[6.14892,50.48025],[6.14924,50.48033],[6.14943,50.48051],[6.14955,50.48074],[6.14957,50.48104],[6.14984,50.48156],[6.15062,50.48248],[6.15086,50.48272],[6.15129,50.48281],[6.15182,50.48251],[6.1519,50.48217],[6.15166,50.48191],[6.15108,50.48153],[6.15057,50.48088],[6.15054,50.4806],[6.15088,50.48018],[6.15163,50.48056],[6.15212,50.48069]],[[6.01004,50.48997],[6.01004,50.48992],[6.01004,50.48997]],[[5.9867,50.48815],[5.98902,50.48804],[5.98957,50.48811],[5.98972,50.48832],[5.98966,50.48885],[5.98938,50.4891],[5.98936,50.48942],[5.98923,50.48967],[5.98866,50.48972],[5.9867,50.48957]],[[6.13962,50.48946],[6.13938,50.48936],[6.13963,50.48928],[6.13969,50.48937],[6.13962,50.48946]],[[6.14379,50.4886],[6.14297,50.48823],[6.14272,50.48806],[6.1427,50.48793],[6.14296,50.48771],[6.14324,50.48709],[6.14404,50.4863],[6.145,50.48564],[6.14532,50.48554],[6.1456,50.48562],[6.14611,50.486],[6.14621,50.48623],[6.14626,50.4869],[6.14639,50.48718],[6.14607,50.48803],[6.14547,50.4886],[6.14379,50.4886]],[[6.15212,50.48724],[6.15173,50.48726],[6.15095,50.48748],[6.14922,50.48738],[6.14873,50.48728],[6.14794,50.48688],[6.1479,50.48663],[6.1483,50.48624],[6.1485,50.48617],[6.15126,50.4858],[6.15212,50.4858]],[[5.9867,50.48469],[5.98716,50.48437],[5.9867,50.48416]],[[5.99004,50.48469],[5.98997,50.48465],[5.99003,50.4846],[5.99009,50.48464],[5.99004,50.48469]],[[5.9867,50.48315],[5.98699,50.4829],[5.98766,50.48274],[5.98796,50.48216],[5.98853,50.48193],[5.98856,50.48158],[5.98879,50.48132],[5.98923,50.48112],[5.98994,50.48099],[5.99036,50.48067],[5.9911,50.4807],[5.99216,50.48023],[5.99237,50.47991],[5.99266,50.4786],[5.99243,50.47823],[5.99296,50.47744],[5.99209,50.4776],[5.99171,50.47747],[5.99118,50.47715],[5.99096,50.47685],[5.99093,50.47626],[5.99063,50.47576],[5.98994,50.47536],[5.98916,50.47507],[5.98882,50.47481],[5.98784,50.47383],[5.98772,50.47345],[5.98776,50.47321],[5.98836,50.4727],[5.98918,50.47246],[5.99005,50.47282],[5.9907,50.47297],[5.9906,50.47305],[5.99004,50.47315],[5.98989,50.47324],[5.99004,50.47345],[5.99041,50.4735],[5.99061,50.47338],[5.99089,50.47301],[5.99084,50.47269],[5.99126,50.4725],[5.99171,50.47252],[5.99193,50.47244],[5.992,50.47208],[5.99247,50.47134],[5.99178,50.47101],[5.99158,50.47076],[5.99233,50.47052],[5.99257,50.47015],[5.99355,50.46993],[5.99388,50.4697],[5.99475,50.46938],[5.99442,50.46914],[5.99419,50.46881],[5.99482,50.46852],[5.99503,50.46826],[5.99532,50.4681],[5.99588,50.46805],[5.99585,50.46769],[5.99644,50.46741],[5.99717,50.46658],[5.99717,50.46631],[5.99669,50.46604],[5.99593,50.46582],[5.99409,50.46495],[5.99407,50.4647],[5.99423,50.4644],[5.99553,50.46326],[5.99735,50.46222],[5.99797,50.46177],[5.99884,50.46137],[5.99942,50.46081],[5.99963,50.46051],[5.99979,50.46005],[5.99984,50.4597],[5.99975,50.45911],[6.00006,50.45854],[6.00086,50.45798],[6.00162,50.45787],[6.00212,50.45769],[6.00287,50.45765],[6.00335,50.45742],[6.00412,50.45742],[6.0047,50.45719],[6.00522,50.45718],[6.00712,50.45763],[6.0088,50.45814],[6.00883,50.45827],[6.00835,50.45879],[6.00794,50.45908],[6.00709,50.45993],[6.00871,50.45948],[6.00912,50.4595],[6.00977,50.45988],[6.00993,50.46024],[6.01057,50.4608],[6.01065,50.46104],[6.01038,50.46132],[6.0105,50.4616],[6.01048,50.46189],[6.00872,50.46322],[6.0086,50.46373],[6.0087,50.46391],[6.00909,50.46413],[6.0092,50.46465],[6.00984,50.46547],[6.01118,50.46577],[6.01128,50.46638],[6.01171,50.4663],[6.01253,50.46575],[6.01308,50.4659],[6.01418,50.46565],[6.01558,50.46574],[6.01642,50.46551],[6.01684,50.46532],[6.01757,50.46526],[6.01819,50.46507],[6.01877,50.46515],[6.01962,50.46548],[6.02006,50.46505],[6.02045,50.46524],[6.02092,50.46511],[6.02227,50.46516],[6.02382,50.46562],[6.02465,50.46573],[6.02542,50.46612],[6.02632,50.46599],[6.02676,50.46657],[6.0271,50.46676],[6.02798,50.46651],[6.02997,50.46688],[6.03088,50.46685],[6.03101,50.46727],[6.03133,50.4676],[6.0325,50.46812],[6.03339,50.46864],[6.03389,50.46882],[6.03388,50.46909],[6.03366,50.46943],[6.03369,50.46989],[6.03421,50.47047],[6.03453,50.47108],[6.0362,50.47144],[6.03735,50.47183],[6.03747,50.47196],[6.03747,50.47213],[6.03694,50.47271],[6.03706,50.47299],[6.0379,50.47308],[6.03802,50.47318],[6.03816,50.47354],[6.03837,50.4737],[6.04079,50.47443],[6.04164,50.47421],[6.04172,50.47412],[6.04124,50.47352],[6.04107,50.4729],[6.0408,50.47244],[6.04083,50.47212],[6.04099,50.47188],[6.0421,50.47145],[6.04303,50.47133],[6.04336,50.47095],[6.0435,50.47092],[6.0438,50.47099],[6.0442,50.47188],[6.04464,50.47189],[6.04498,50.47157],[6.04559,50.4713],[6.04573,50.47106],[6.04572,50.47075],[6.04617,50.47039],[6.04649,50.46956],[6.04647,50.46928],[6.04607,50.46883],[6.04595,50.46852],[6.04541,50.46828],[6.0451,50.46791],[6.04468,50.46758],[6.0447,50.46741],[6.04495,50.46717],[6.04503,50.46687],[6.0452,50.46671],[6.0454,50.46656],[6.04589,50.46641],[6.04626,50.46576],[6.04678,50.46548],[6.04751,50.46531],[6.04835,50.4653],[6.04922,50.46493],[6.05022,50.46485],[6.05049,50.46474],[6.05087,50.46437],[6.05129,50.46466],[6.05128,50.46409],[6.05138,50.46382],[6.05124,50.46351],[6.05199,50.46319],[6.05308,50.4631],[6.05351,50.46325],[6.05369,50.46385],[6.05387,50.46405],[6.05459,50.46414],[6.05563,50.46402],[6.05723,50.46484],[6.058,50.46544],[6.05903,50.46604],[6.05995,50.46672],[6.06031,50.46688],[6.06044,50.46744],[6.0607,50.46771],[6.06131,50.46786],[6.06208,50.4678],[6.0623,50.46788],[6.06236,50.46807],[6.06208,50.46856],[6.06254,50.46909],[6.06438,50.47006],[6.06527,50.47035],[6.06682,50.47023],[6.06755,50.4697],[6.06831,50.4693],[6.06882,50.46893],[6.06938,50.46876],[6.06996,50.46873],[6.07047,50.46881],[6.07003,50.46909],[6.07,50.46938],[6.07166,50.46982],[6.07241,50.47012],[6.07345,50.47008],[6.07422,50.4702],[6.07553,50.47075],[6.07542,50.47112],[6.07576,50.4716],[6.07886,50.47241],[6.07965,50.47238],[6.08053,50.47255],[6.08132,50.47282],[6.0835,50.47303],[6.08405,50.47295],[6.08517,50.47256],[6.08672,50.47227],[6.08741,50.47202],[6.08878,50.47203],[6.08889,50.47245],[6.08838,50.47272],[6.08768,50.47356],[6.08707,50.47408],[6.0867,50.47464],[6.08665,50.47494],[6.08695,50.47581],[6.08689,50.47626],[6.08674,50.47659],[6.08638,50.47715],[6.08608,50.47743],[6.08477,50.4783],[6.08471,50.47852],[6.08492,50.47883],[6.08491,50.47904],[6.0842,50.47966],[6.08508,50.47946],[6.08586,50.47905],[6.08668,50.47887],[6.0886,50.47874],[6.08985,50.47896],[6.09009,50.47893],[6.09019,50.47879],[6.09012,50.47831],[6.09029,50.47786],[6.09018,50.47765],[6.08984,50.47741],[6.09016,50.47716],[6.09044,50.47657],[6.091,50.47649],[6.09153,50.47613],[6.09159,50.47595],[6.09145,50.47553],[6.09177,50.47497],[6.09256,50.47469],[6.09294,50.47437],[6.09329,50.47423],[6.0948,50.47397],[6.09586,50.47404],[6.0965,50.47456],[6.09673,50.47493],[6.09647,50.47511],[6.09621,50.47517],[6.09554,50.47511],[6.09503,50.47489],[6.09494,50.47499],[6.09493,50.47522],[6.09674,50.47599],[6.09713,50.47657],[6.09756,50.47686],[6.09786,50.47717],[6.09827,50.47798],[6.09917,50.47821],[6.09965,50.47848],[6.10059,50.47864],[6.101,50.47891],[6.10139,50.47963],[6.10258,50.48],[6.10295,50.47993],[6.1033,50.47962],[6.1038,50.47968],[6.10387,50.47934],[6.10208,50.47807],[6.10009,50.47709],[6.09971,50.47683],[6.09924,50.47623],[6.09901,50.47474],[6.09833,50.47415],[6.09816,50.4738],[6.09822,50.47342],[6.09882,50.47251],[6.09999,50.47131],[6.10053,50.4711],[6.1013,50.47104],[6.10138,50.47079],[6.09993,50.46886],[6.09966,50.46803],[6.09966,50.46737],[6.09947,50.46685],[6.09956,50.46588],[6.09949,50.46547],[6.09971,50.46497],[6.09975,50.46439],[6.09967,50.46383],[6.10047,50.46273],[6.10058,50.46244],[6.10055,50.46218],[6.10048,50.46209],[6.10004,50.46194],[6.09968,50.46172],[6.09919,50.4616],[6.0987,50.46134],[6.09892,50.46109],[6.09887,50.46098],[6.09795,50.46086],[6.09772,50.46075],[6.09758,50.46053],[6.09756,50.46029],[6.09766,50.46005],[6.09789,50.45981],[6.09824,50.45974],[6.0987,50.45978],[6.09961,50.46025],[6.09986,50.45988],[6.10032,50.45972],[6.10171,50.46006],[6.10355,50.46089],[6.10456,50.4616],[6.10508,50.46169],[6.10588,50.46224],[6.10796,50.46279],[6.10879,50.46288],[6.10925,50.46311],[6.11176,50.46378],[6.1118,50.46384],[6.11162,50.4641],[6.11169,50.46439],[6.11287,50.46477],[6.11343,50.46486],[6.11543,50.46583],[6.11832,50.46669],[6.11938,50.46678],[6.12002,50.46693],[6.12041,50.46677],[6.12052,50.46651],[6.12047,50.46627],[6.11992,50.46539],[6.1199,50.46502],[6.12001,50.46487],[6.12057,50.46471],[6.12086,50.46434],[6.12127,50.46454],[6.12195,50.46436],[6.12251,50.46433],[6.12433,50.46447],[6.12595,50.46472],[6.12709,50.46469],[6.12751,50.46435],[6.12808,50.46414],[6.12834,50.46396],[6.12882,50.46413],[6.1295,50.46382],[6.12978,50.46353],[6.12879,50.46296],[6.12883,50.46243],[6.12856,50.46209],[6.12873,50.46175],[6.12921,50.46157],[6.12967,50.46178],[6.13007,50.46212],[6.13059,50.4623],[6.13072,50.46245],[6.13076,50.46275],[6.13105,50.46291],[6.1323,50.46321],[6.1329,50.46326],[6.13374,50.46296],[6.13391,50.46297],[6.13411,50.46329],[6.13588,50.4637],[6.13667,50.46404],[6.13795,50.46548],[6.13848,50.46571],[6.13934,50.4663],[6.13941,50.46654],[6.13931,50.46689],[6.13993,50.4674],[6.14011,50.46764],[6.14002,50.46801],[6.14046,50.46831],[6.14121,50.46825],[6.14175,50.46807],[6.14212,50.46771],[6.14182,50.46635],[6.14139,50.46597],[6.14082,50.46582],[6.13953,50.46526],[6.13874,50.46412],[6.13872,50.46376],[6.13917,50.46322],[6.13949,50.46311],[6.14162,50.46276],[6.14258,50.46271],[6.1426,50.46241],[6.14198,50.46184],[6.14201,50.4611],[6.14205,50.46099],[6.14271,50.46052],[6.14312,50.45998],[6.1432,50.45968],[6.14293,50.45947],[6.14292,50.45932],[6.14355,50.45921],[6.14584,50.45796],[6.14626,50.45786],[6.14671,50.45799],[6.14699,50.45765],[6.14707,50.45713],[6.14765,50.457],[6.14792,50.45685],[6.1483,50.45648],[6.14882,50.45634],[6.14981,50.45584],[6.14998,50.4557],[6.15007,50.45549],[6.15005,50.45518],[6.14968,50.45486],[6.14935,50.45432],[6.14916,50.45422],[6.14865,50.45414],[6.14838,50.45381],[6.14794,50.45409],[6.14764,50.45439],[6.14748,50.45443],[6.14728,50.45435],[6.14707,50.45414],[6.14713,50.45374],[6.14694,50.45363],[6.14631,50.4535],[6.14589,50.45366],[6.14506,50.45368],[6.14411,50.45333],[6.14362,50.45273],[6.14405,50.45242],[6.14335,50.4522],[6.14327,50.45156],[6.14349,50.45152],[6.14384,50.45179],[6.14428,50.45175],[6.14557,50.45203],[6.1463,50.45241],[6.14669,50.45276],[6.14777,50.45283],[6.14834,50.45276],[6.14877,50.45304],[6.14902,50.45308],[6.14969,50.45288],[6.15029,50.45326],[6.15171,50.45354],[6.15212,50.4537]],[[6.14129,50.48109],[6.14113,50.48103],[6.14127,50.48089],[6.1414,50.48101],[6.14129,50.48109]],[[6.1042,50.48052],[6.10405,50.48023],[6.10422,50.48003],[6.10466,50.48048],[6.1042,50.48052]],[[6.1492,50.47999],[6.14919,50.47992],[6.1493,50.47993],[6.1492,50.47999]],[[5.98795,50.47701],[5.98794,50.47672],[5.98801,50.47667],[5.98824,50.47687],[5.98795,50.47701]],[[5.98837,50.47643],[5.98817,50.47633],[5.98813,50.47623],[5.98836,50.47575],[5.98851,50.47606],[5.98837,50.47643]],[[6.08879,50.47401],[6.08862,50.47376],[6.08868,50.47347],[6.08918,50.4732],[6.08948,50.47309],[6.08964,50.47312],[6.08968,50.47329],[6.08959,50.47347],[6.08879,50.47401]],[[6.0392,50.4719],[6.03831,50.47172],[6.03821,50.47157],[6.03828,50.47133],[6.0385,50.47126],[6.04006,50.47129],[6.03961,50.47186],[6.0392,50.4719]],[[6.0892,50.47203],[6.08892,50.47188],[6.08931,50.47185],[6.0892,50.47203]],[[6.04379,50.4707],[6.04346,50.47022],[6.04444,50.47001],[6.04514,50.4701],[6.04566,50.47048],[6.04541,50.47066],[6.04379,50.4707]],[[5.99212,50.46854],[5.99267,50.46847],[5.99304,50.46853],[5.99272,50.46859],[5.99212,50.46854]],[[6.06629,50.46827],[6.0667,50.46826],[6.06629,50.46827]],[[6.0717,50.46802],[6.07124,50.46775],[6.07003,50.46743],[6.07084,50.46737],[6.07167,50.46752],[6.07195,50.4677],[6.07215,50.46797],[6.0717,50.46802]],[[6.06254,50.46775],[6.06247,50.46771],[6.06301,50.4677],[6.06254,50.46775]],[[6.02587,50.46673],[6.02569,50.46662],[6.02576,50.46648],[6.02595,50.46645],[6.02615,50.46655],[6.02612,50.46664],[6.02587,50.46673]],[[6.02879,50.46587],[6.02837,50.46576],[6.02817,50.46557],[6.02815,50.46545],[6.02855,50.46531],[6.02912,50.46536],[6.02937,50.46547],[6.02925,50.46579],[6.02879,50.46587]],[[6.0142,50.46539],[6.01407,50.46505],[6.01413,50.46484],[6.01422,50.46478],[6.01438,50.46492],[6.01442,50.46512],[6.0142,50.46539]],[[6.05795,50.46468],[6.05814,50.46465],[6.05795,50.46468]],[[6.04712,50.46441],[6.04702,50.46433],[6.04709,50.46409],[6.04754,50.46409],[6.04712,50.46441]],[[6.09879,50.46414],[6.09878,50.46407],[6.09897,50.46409],[6.09879,50.46414]],[[6.12837,50.46362],[6.12837,50.46346],[6.12837,50.46362]],[[6.0517,50.4626],[6.05162,50.46238],[6.05293,50.46157],[6.0536,50.46143],[6.05394,50.46151],[6.05408,50.46162],[6.05394,50.46193],[6.05334,50.46241],[6.05225,50.46263],[6.0517,50.4626]],[[6.05504,50.46249],[6.05488,50.46243],[6.05481,50.46227],[6.05485,50.46214],[6.05501,50.46208],[6.05516,50.46221],[6.05504,50.46249]],[[6.09545,50.45972],[6.09505,50.45963],[6.09479,50.45888],[6.09447,50.45855],[6.09441,50.45769],[6.09447,50.45747],[6.09491,50.45738],[6.0959,50.4574],[6.09665,50.45713],[6.09714,50.45715],[6.09687,50.45734],[6.09682,50.45748],[6.09704,50.45778],[6.09723,50.45824],[6.09763,50.45853],[6.09769,50.45869],[6.09738,50.45935],[6.09699,50.45957],[6.09545,50.45972]],[[5.99754,50.45858],[5.99753,50.45851],[5.99754,50.45858]],[[6.14545,50.45527],[6.14544,50.45491],[6.14588,50.45492],[6.14587,50.45529],[6.14545,50.45527]],[[6.14879,50.45287],[6.14853,50.45268],[6.14881,50.45262],[6.14879,50.45287]],[[6.0942,50.45154],[6.09398,50.4513],[6.09424,50.45126],[6.0942,50.45154]],[[6.09379,50.45124],[6.09361,50.45103],[6.09388,50.45102],[6.09379,50.45124]],[[6.09337,50.45091],[6.09331,50.45075],[6.09337,50.45063],[6.09343,50.45077],[6.09337,50.45091]],[[6.08712,50.44691],[6.08629,50.4467],[6.08615,50.44656],[6.08642,50.4464],[6.08706,50.44636],[6.08733,50.44681],[6.08712,50.44691]],[[6.11087,50.44711],[6.11057,50.44678],[6.11062,50.4463],[6.11078,50.44602],[6.11251,50.44518],[6.11319,50.44523],[6.1132,50.4454],[6.11299,50.44605],[6.11258,50.44647],[6.11208,50.44683],[6.11171,50.447],[6.11131,50.44712],[6.11087,50.44711]],[[6.15212,50.43109],[6.15128,50.43015],[6.15104,50.42963],[6.15106,50.42891],[6.15091,50.4288],[6.15008,50.42916],[6.1496,50.42904],[6.14916,50.42908],[6.14885,50.42988],[6.14887,50.43021],[6.14866,50.43045],[6.14851,50.43081],[6.14755,50.43155],[6.14657,50.43181],[6.14584,50.43175],[6.1437,50.43121],[6.14214,50.43109],[6.14151,50.43072],[6.14069,50.43037],[6.13991,50.43031],[6.13875,50.43062],[6.1379,50.43057],[6.13715,50.43016],[6.13665,50.42947],[6.13542,50.42969],[6.13386,50.42964],[6.1334,50.42955],[6.13315,50.42959],[6.13302,50.42968],[6.133,50.42984],[6.13336,50.43062],[6.13459,50.43105],[6.13504,50.43104],[6.13862,50.43293],[6.1387,50.43304],[6.13869,50.43329],[6.13902,50.4336],[6.13957,50.434],[6.14005,50.43411],[6.1391,50.43537],[6.13894,50.43586],[6.13794,50.43628],[6.1371,50.43696],[6.13634,50.43683],[6.13584,50.43663],[6.13521,50.43604],[6.13503,50.43572],[6.13436,50.43494],[6.13365,50.43465],[6.1338,50.43455],[6.13384,50.43436],[6.13339,50.43407],[6.13322,50.43438],[6.13214,50.43481],[6.13178,50.43485],[6.13105,50.43476],[6.13044,50.43492],[6.13051,50.43547],[6.13045,50.43568],[6.13002,50.43571],[6.12915,50.43631],[6.12915,50.43659],[6.12929,50.4369],[6.12924,50.43745],[6.1289,50.43797],[6.12849,50.43829],[6.12832,50.43878],[6.12837,50.43897],[6.12868,50.43909],[6.12805,50.4392],[6.12779,50.43943],[6.1274,50.43956],[6.12662,50.43947],[6.12543,50.43911],[6.12517,50.4388],[6.12517,50.43856],[6.12541,50.43795],[6.1265,50.43602],[6.12664,50.43547],[6.12665,50.43505],[6.12648,50.43466],[6.12597,50.43434],[6.1259,50.43407],[6.12569,50.43379],[6.12567,50.43349],[6.12583,50.433],[6.12576,50.43276],[6.12507,50.43213],[6.12465,50.43184],[6.12438,50.43177],[6.12333,50.43184],[6.12311,50.43199],[6.12294,50.43215],[6.12317,50.43248],[6.12317,50.43286],[6.12298,50.43309],[6.12257,50.43312],[6.12212,50.43296],[6.12162,50.43317],[6.1204,50.43323],[6.12041,50.43413],[6.12079,50.4343],[6.12129,50.43437],[6.12135,50.43461],[6.12129,50.43471],[6.11954,50.43484],[6.11855,50.43469],[6.11793,50.43471],[6.11734,50.43464],[6.1167,50.43437],[6.11629,50.43445],[6.11602,50.43465],[6.11551,50.43482],[6.11467,50.43526],[6.11381,50.43508],[6.11295,50.43521],[6.11246,50.43502],[6.11105,50.43543],[6.11017,50.43536],[6.10953,50.43553],[6.10793,50.43574],[6.10678,50.43578],[6.10575,50.43631],[6.10558,50.43654],[6.10568,50.43689],[6.10559,50.43711],[6.10544,50.43718],[6.10503,50.43714],[6.10491,50.43744],[6.10487,50.43817],[6.10499,50.43897],[6.10483,50.43984],[6.10506,50.4402],[6.10497,50.4408],[6.10507,50.44099],[6.10546,50.44118],[6.1055,50.44134],[6.10496,50.44144],[6.10355,50.44129],[6.10263,50.44098],[6.10127,50.44073],[6.1004,50.44079],[6.09933,50.44112],[6.0985,50.44113],[6.09793,50.44123],[6.09779,50.44138],[6.09778,50.44217],[6.09764,50.44251],[6.09668,50.44323],[6.09597,50.44359],[6.09502,50.44437],[6.09554,50.44452],[6.09567,50.44461],[6.09565,50.4447],[6.09537,50.44483],[6.09467,50.44495],[6.09426,50.44522],[6.09412,50.44549],[6.0945,50.44579],[6.09425,50.44604],[6.09376,50.44602],[6.09293,50.44636],[6.09252,50.44633],[6.09214,50.446],[6.09125,50.44568],[6.08756,50.44584],[6.08748,50.44575],[6.08754,50.4455],[6.08777,50.44522],[6.08749,50.44506],[6.08712,50.44464],[6.08607,50.44412],[6.08537,50.44354],[6.08495,50.44347],[6.08414,50.4436],[6.08409,50.44325],[6.08376,50.44298],[6.08412,50.44251],[6.08407,50.44234],[6.08387,50.44215],[6.08288,50.44195],[6.08228,50.44163],[6.08225,50.44155],[6.0826,50.44134],[6.08252,50.44106],[6.08124,50.43996],[6.07994,50.43948],[6.0783,50.43855],[6.07839,50.43841],[6.07912,50.43844],[6.07971,50.43825],[6.07897,50.43787],[6.07838,50.43769],[6.07806,50.43748],[6.07799,50.43689],[6.07754,50.43603],[6.07682,50.43519],[6.07678,50.43466],[6.07622,50.43443],[6.07536,50.43378],[6.07544,50.43352],[6.07671,50.43353],[6.07713,50.43381],[6.07796,50.43404],[6.0779,50.43442],[6.07816,50.43469],[6.07963,50.435],[6.0799,50.43487],[6.08007,50.43423],[6.08215,50.43355],[6.08282,50.43344],[6.08537,50.43329],[6.08683,50.4334],[6.08728,50.4333],[6.08734,50.43314],[6.08723,50.43288],[6.08657,50.43218],[6.08582,50.43107],[6.08543,50.43076],[6.08535,50.43012],[6.08449,50.42854],[6.08381,50.42769],[6.08316,50.42744],[6.08311,50.42714],[6.08297,50.42691],[6.08248,50.4266],[6.08304,50.42607],[6.08374,50.42564],[6.0846,50.42579],[6.08549,50.42623],[6.08672,50.42657],[6.08692,50.42696],[6.08747,50.42737],[6.08937,50.42822],[6.08944,50.42842],[6.08929,50.42887],[6.08959,50.42917],[6.09001,50.42938],[6.09047,50.42944],[6.09131,50.42923],[6.09209,50.42924],[6.09338,50.42937],[6.09545,50.4299],[6.09628,50.42996],[6.0972,50.42991],[6.09902,50.42965],[6.10041,50.42934],[6.10086,50.42912],[6.1012,50.42874],[6.10165,50.42783],[6.10162,50.42765],[6.10128,50.42726],[6.10126,50.42714],[6.10138,50.42709],[6.10199,50.42697],[6.10256,50.42695],[6.10306,50.42709],[6.10346,50.42736],[6.10412,50.4274],[6.10554,50.42716],[6.10601,50.42686],[6.10647,50.42602],[6.10659,50.42564],[6.10649,50.42499],[6.10671,50.4249],[6.1072,50.42511],[6.10798,50.42511],[6.10843,50.42519],[6.1088,50.42545],[6.10947,50.42633],[6.11015,50.42658],[6.11012,50.42692],[6.11065,50.42742],[6.11126,50.42855],[6.11167,50.42887],[6.11179,50.42938],[6.11263,50.4299],[6.1135,50.43035],[6.11428,50.43038],[6.11532,50.43062],[6.11626,50.43057],[6.1167,50.43049],[6.1165,50.42998],[6.11651,50.42981],[6.11677,50.4294],[6.11715,50.42909],[6.11703,50.42883],[6.11629,50.42843],[6.1161,50.42824],[6.11635,50.42804],[6.11711,50.42787],[6.11731,50.42768],[6.11754,50.42689],[6.11776,50.42651],[6.1178,50.42604],[6.11817,50.42564],[6.11812,50.42463],[6.11834,50.42347],[6.11897,50.42333],[6.12125,50.42337],[6.12258,50.42301],[6.12335,50.42268],[6.1237,50.42234],[6.12391,50.42147],[6.12407,50.42123],[6.12458,50.42095],[6.12505,50.42108],[6.12512,50.42026],[6.12503,50.41994],[6.12507,50.41985],[6.12543,50.41982],[6.12593,50.41992],[6.12585,50.42021],[6.12677,50.42014],[6.12689,50.42021],[6.12703,50.42049],[6.12798,50.42047],[6.1284,50.42072],[6.12914,50.42076],[6.1297,50.42094],[6.13053,50.42097],[6.13336,50.42132],[6.13464,50.42169],[6.13503,50.42189],[6.136,50.42201],[6.13636,50.42191],[6.13639,50.42162],[6.13655,50.4215],[6.1372,50.42148],[6.13824,50.42112],[6.13879,50.42117],[6.13917,50.421],[6.14001,50.42083],[6.14081,50.4207],[6.14136,50.42072],[6.14225,50.42053],[6.1438,50.42049],[6.1442,50.41992],[6.14442,50.41928],[6.14425,50.4188],[6.14371,50.41825],[6.14401,50.41797],[6.14459,50.41769],[6.14532,50.41755],[6.14589,50.41764],[6.14678,50.41798],[6.14708,50.41838],[6.14694,50.41925],[6.14699,50.41942],[6.14837,50.41994],[6.14886,50.42002],[6.15001,50.41984],[6.15212,50.41979]],[[6.08629,50.44553],[6.08614,50.44526],[6.08623,50.4451],[6.08652,50.44509],[6.08682,50.44522],[6.08687,50.44542],[6.08681,50.44552],[6.08629,50.44553]],[[6.11462,50.44521],[6.11423,50.44507],[6.11374,50.44503],[6.11358,50.44493],[6.11418,50.44476],[6.1147,50.44445],[6.115,50.44444],[6.11526,50.44458],[6.1153,50.4447],[6.11519,50.44484],[6.11462,50.44521]],[[6.10962,50.44449],[6.10877,50.4441],[6.10884,50.44388],[6.10926,50.44379],[6.10978,50.444],[6.10988,50.44412],[6.10988,50.44428],[6.10962,50.44449]],[[6.11587,50.44442],[6.11567,50.44437],[6.11589,50.44437],[6.11587,50.44442]],[[6.11295,50.44424],[6.11265,50.4439],[6.11272,50.44374],[6.11292,50.44364],[6.11308,50.44371],[6.11319,50.44397],[6.11315,50.44412],[6.11295,50.44424]],[[6.11754,50.44398],[6.11737,50.44384],[6.11738,50.44369],[6.1175,50.4435],[6.11782,50.44337],[6.11811,50.44341],[6.11856,50.44379],[6.11848,50.4439],[6.11824,50.44398],[6.11754,50.44398]],[[6.11212,50.44359],[6.11201,50.44353],[6.11221,50.44353],[6.11212,50.44359]],[[6.11295,50.44339],[6.11273,50.44327],[6.11297,50.44324],[6.11295,50.44339]],[[6.09795,50.44314],[6.09774,50.44301],[6.09767,50.44283],[6.09773,50.44269],[6.09792,50.44261],[6.09806,50.44265],[6.09812,50.44276],[6.09795,50.44314]],[[6.11337,50.44301],[6.11332,50.44298],[6.11342,50.44298],[6.11337,50.44301]],[[6.12879,50.43947],[6.12867,50.43936],[6.12877,50.43916],[6.12883,50.43934],[6.12879,50.43947]],[[6.13712,50.43856],[6.13709,50.43851],[6.13717,50.43853],[6.13712,50.43856]],[[6.07754,50.43828],[6.07751,50.43812],[6.0776,50.43806],[6.07815,50.43826],[6.07795,50.43833],[6.07754,50.43828]],[[6.07712,50.43804],[6.07703,50.43797],[6.07742,50.43798],[6.07712,50.43804]],[[6.11962,50.43799],[6.11962,50.43794],[6.11962,50.43799]],[[6.12045,50.43803],[6.12023,50.43797],[6.12042,50.43792],[6.12061,50.43797],[6.12045,50.43803]],[[6.07795,50.43774],[6.0778,50.43769],[6.07792,50.43754],[6.07818,50.43767],[6.07795,50.43774]],[[6.1192,50.43778],[6.11919,50.4377],[6.11941,50.43771],[6.1192,50.43778]],[[6.12004,50.43791],[6.11973,50.43768],[6.11992,50.43741],[6.11998,50.43713],[6.12092,50.43743],[6.12037,50.43756],[6.12004,50.43791]],[[6.12129,50.43609],[6.12121,50.43598],[6.12128,50.43573],[6.12178,50.43603],[6.12168,50.43613],[6.12129,50.43609]],[[6.1392,50.43607],[6.13905,50.43603],[6.13921,50.43598],[6.13927,50.43604],[6.1392,50.43607]],[[6.1167,50.43399],[6.1166,50.43383],[6.11668,50.43372],[6.1167,50.43399]],[[6.08004,50.43359],[6.07943,50.43334],[6.07938,50.43323],[6.07961,50.43311],[6.08011,50.43309],[6.08048,50.43274],[6.0808,50.43258],[6.08132,50.43277],[6.08134,50.43263],[6.08114,50.43243],[6.08161,50.43226],[6.08174,50.43228],[6.08215,50.4327],[6.08176,50.43306],[6.08086,50.43322],[6.08091,50.43357],[6.08069,50.4337],[6.08037,50.43374],[6.08004,50.43359]],[[6.11795,50.43305],[6.11777,50.43298],[6.11813,50.43291],[6.11842,50.43298],[6.11795,50.43305]],[[6.1167,50.43272],[6.1167,50.4326],[6.1167,50.43272]],[[6.1217,50.43248],[6.1217,50.4324],[6.1217,50.43248]],[[6.1192,50.43193],[6.11914,50.43187],[6.1192,50.43181],[6.11945,50.43186],[6.1192,50.43193]],[[6.1217,50.43197],[6.12141,50.43184],[6.12172,50.43128],[6.12191,50.43138],[6.12203,50.43158],[6.1217,50.43197]],[[6.11837,50.43134],[6.11826,50.43131],[6.11886,50.43119],[6.12004,50.43131],[6.11933,50.43139],[6.11837,50.43134]],[[6.11587,50.42968],[6.11582,50.42941],[6.11589,50.42934],[6.116,50.42944],[6.11587,50.42968]],[[6.08212,50.42919],[6.08182,50.42909],[6.0822,50.42904],[6.08258,50.42909],[6.08212,50.42919]],[[6.11587,50.42637],[6.11579,50.42631],[6.11593,50.42631],[6.11587,50.42637]],[[6.13504,50.42139],[6.13498,50.42132],[6.13504,50.42129],[6.13509,50.42132],[6.13504,50.42139]],[[6.13754,50.42076],[6.13745,50.42046],[6.13813,50.42032],[6.13864,50.42045],[6.13894,50.42077],[6.1387,50.42095],[6.13824,50.42102],[6.13793,50.42096],[6.13754,50.42076]],[[6.14004,50.41887],[6.13972,50.4187],[6.13962,50.41855],[6.13959,50.41825],[6.14052,50.41854],[6.14004,50.41887]],[[6.11962,50.41862],[6.11947,50.4185],[6.11965,50.41823],[6.1204,50.41828],[6.12057,50.41852],[6.12052,50.41869],[6.12036,50.41877],[6.11962,50.41862]],[[6.08295,50.41623],[6.08289,50.41604],[6.08253,50.41577],[6.08259,50.41554],[6.08294,50.41536],[6.08345,50.41545],[6.08358,50.41574],[6.08344,50.41609],[6.08331,50.41619],[6.08295,50.41623]],[[6.0892,50.4159],[6.08834,50.4155],[6.08834,50.41516],[6.08918,50.41527],[6.08967,50.41547],[6.08978,50.41567],[6.08976,50.41579],[6.0892,50.4159]],[[6.08462,50.41479],[6.08439,50.41465],[6.08466,50.4146],[6.08462,50.41479]],[[6.09596,50.40826],[6.09583,50.40853],[6.09576,50.40925],[6.09589,50.40965],[6.09548,50.40999],[6.09481,50.41215],[6.09412,50.41224],[6.09339,50.41246],[6.09293,50.41237],[6.09258,50.41253],[6.09196,50.41262],[6.09093,50.41308],[6.0902,50.41353],[6.08963,50.41418],[6.08919,50.41434],[6.08871,50.41464],[6.08777,50.41484],[6.08741,50.41478],[6.08675,50.4145],[6.08547,50.41373],[6.08498,50.41355],[6.08421,50.41296],[6.08377,50.41324],[6.08351,50.41356],[6.08298,50.41378],[6.08246,50.41375],[6.08175,50.41352],[6.08129,50.41326],[6.07951,50.41197],[6.07912,50.41161],[6.07826,50.41105],[6.07793,50.41077],[6.07768,50.41044],[6.07706,50.40998],[6.07699,50.40925],[6.07708,50.40908],[6.07754,50.40884],[6.07792,50.4085],[6.07838,50.40853],[6.07913,50.40887],[6.07945,50.40884],[6.07953,50.40875],[6.07952,50.40863],[6.07925,50.40826]],[[6.07379,50.41437],[6.07338,50.41409],[6.07325,50.41381],[6.07454,50.41358],[6.07511,50.4138],[6.07495,50.41409],[6.07515,50.41436],[6.07502,50.41453],[6.07438,50.41455],[6.07379,50.41437]],[[6.08545,50.41442],[6.08507,50.41422],[6.08498,50.41407],[6.08537,50.41395],[6.08564,50.41402],[6.08569,50.41418],[6.08545,50.41442]],[[6.07295,50.41418],[6.0727,50.41407],[6.07294,50.41395],[6.07326,50.41407],[6.07295,50.41418]],[[6.07254,50.414],[6.07239,50.41382],[6.07269,50.41382],[6.07254,50.414]]]}},{"type":"Feature","properties":{"ele":600},"geometry":{"type":"MultiLineString","coordinates":[[[6.01397,50.50132],[6.01234,50.50005],[6.01227,50.49988],[6.0124,50.49967],[6.01262,50.49962],[6.01367,50.49993],[6.01456,50.50058],[6.01506,50.50059],[6.01545,50.50076],[6.01546,50.50104],[6.01506,50.50117],[6.01496,50.50132]],[[6.04682,50.50132],[6.04747,50.50096],[6.048,50.50078],[6.04828,50.50041],[6.04892,50.50027],[6.049,50.50015],[6.04901,50.49974],[6.04858,50.49911],[6.04874,50.49856],[6.04862,50.49829],[6.04833,50.49809],[6.04748,50.49797],[6.04712,50.49771],[6.04705,50.49738],[6.04686,50.49713],[6.0461,50.4969],[6.04556,50.49644],[6.04507,50.49629],[6.04397,50.49676],[6.04371,50.49676],[6.04337,50.49664],[6.04299,50.49623],[6.04223,50.49573],[6.04215,50.49553],[6.04218,50.49513],[6.04206,50.49494],[6.04164,50.49491],[6.04115,50.495],[6.04052,50.49491],[6.03865,50.49413],[6.03772,50.49428],[6.03711,50.49417],[6.03681,50.49383],[6.03713,50.49327],[6.03694,50.49318],[6.03672,50.49316],[6.03588,50.49371],[6.03511,50.49378],[6.03339,50.4932],[6.03257,50.49301],[6.03174,50.49269],[6.03022,50.49251],[6.02972,50.4927],[6.02962,50.49314],[6.02951,50.49327],[6.02917,50.49336],[6.02877,50.49327],[6.02883,50.49297],[6.02865,50.49276],[6.0284,50.4926],[6.02779,50.49244],[6.02814,50.49214],[6.02687,50.49159],[6.02734,50.49098],[6.02805,50.49074],[6.02748,50.48967],[6.02774,50.48911],[6.02751,50.48883],[6.02624,50.48861],[6.02229,50.48741],[6.02151,50.48692],[6.01962,50.48604],[6.01881,50.48549],[6.01856,50.48522],[6.01796,50.48492],[6.01777,50.48464],[6.01513,50.48319],[6.01465,50.48303],[6.01375,50.483],[6.01182,50.48185],[6.01162,50.48133],[6.01181,50.48074],[6.0113,50.4802],[6.01037,50.48014],[6.00954,50.47994],[6.0088,50.47993],[6.00793,50.47972],[6.00668,50.47989],[6.00634,50.4798],[6.00588,50.47954],[6.00567,50.47958],[6.00561,50.47968],[6.00588,50.47992],[6.00626,50.48002],[6.00703,50.48],[6.00722,50.48011],[6.00724,50.48027],[6.00706,50.48042],[6.00669,50.48051],[6.00552,50.48018],[6.00475,50.47959],[6.00408,50.47938],[6.0051,50.47915],[6.00519,50.479],[6.00515,50.4788],[6.0047,50.47877],[6.00414,50.47886],[6.00384,50.47879],[6.00344,50.47852],[6.00253,50.47854],[6.00215,50.47823],[6.00158,50.47743],[6.00126,50.47716],[6.00083,50.47698],[6.00033,50.4765],[6.00026,50.47629],[6.00066,50.47603],[6.002,50.47576],[6.00293,50.47587],[6.00402,50.47574],[6.00462,50.47576],[6.00518,50.47607],[6.00535,50.47644],[6.00535,50.47682],[6.00457,50.47742],[6.0044,50.47771],[6.00368,50.47795],[6.00365,50.47802],[6.00387,50.47817],[6.00543,50.47838],[6.00628,50.47866],[6.00677,50.4786],[6.00717,50.47838],[6.00845,50.47828],[6.00824,50.47804],[6.00824,50.47792],[6.00853,50.47764],[6.00881,50.47719],[6.00916,50.47713],[6.00951,50.47738],[6.00962,50.47775],[6.01045,50.47798],[6.01022,50.47769],[6.01053,50.47741],[6.01095,50.47731],[6.01194,50.47738],[6.01253,50.47713],[6.0129,50.47717],[6.01338,50.47794],[6.01367,50.47824],[6.01381,50.47857],[6.01417,50.47824],[6.01491,50.47791],[6.01669,50.47745],[6.01711,50.47714],[6.01741,50.47704],[6.01782,50.47703],[6.01833,50.47725],[6.01871,50.47727],[6.01936,50.47715],[6.02006,50.47688],[6.02046,50.47632],[6.02038,50.47574],[6.02091,50.47548],[6.02027,50.47527],[6.0201,50.47508],[6.02017,50.47489],[6.0206,50.47464],[6.02069,50.4744],[6.02058,50.47428],[6.02032,50.47422],[6.01999,50.47429],[6.01962,50.47455],[6.0192,50.47439],[6.01904,50.47411],[6.01918,50.47369],[6.01911,50.47327],[6.02004,50.47322],[6.02079,50.4735],[6.02125,50.47332],[6.0216,50.47293],[6.02177,50.47246],[6.02127,50.47186],[6.02201,50.47132],[6.02287,50.47126],[6.02464,50.47139],[6.02496,50.4713],[6.02495,50.47102],[6.02509,50.47092],[6.026,50.47082],[6.02678,50.47088],[6.02746,50.47081],[6.028,50.47102],[6.02839,50.47131],[6.02797,50.47174],[6.02753,50.47187],[6.02748,50.47221],[6.02765,50.47243],[6.02605,50.47252],[6.02543,50.4727],[6.02627,50.47299],[6.02641,50.47325],[6.02641,50.47356],[6.02661,50.4738],[6.02732,50.47411],[6.02761,50.47434],[6.02763,50.47477],[6.02724,50.47533],[6.02735,50.47573],[6.02794,50.47612],[6.02865,50.47632],[6.02812,50.4766],[6.02734,50.47686],[6.02721,50.47721],[6.0266,50.47765],[6.02673,50.47797],[6.02754,50.47854],[6.02838,50.47881],[6.02975,50.47974],[6.03037,50.47987],[6.03079,50.47985],[6.03128,50.47969],[6.03253,50.47909],[6.03297,50.47909],[6.0336,50.47936],[6.03378,50.47966],[6.03463,50.47964],[6.03634,50.48028],[6.04087,50.48161],[6.04173,50.48156],[6.04212,50.48187],[6.04304,50.48229],[6.04735,50.48273],[6.05074,50.48285],[6.05292,50.48274],[6.05335,50.48253],[6.05347,50.48246],[6.05347,50.48235],[6.05319,50.48213],[6.05338,50.48185],[6.05243,50.4816],[6.05252,50.48145],[6.05297,50.48128],[6.0532,50.48104],[6.05288,50.48079],[6.05272,50.48016],[6.05198,50.47935],[6.05217,50.47915],[6.05331,50.47892],[6.05341,50.47881],[6.05308,50.47869],[6.05253,50.47868],[6.05236,50.47859],[6.0523,50.47842],[6.05242,50.47796],[6.05338,50.47798],[6.05356,50.47771],[6.05378,50.4776],[6.05423,50.47778],[6.05501,50.47782],[6.05713,50.47771],[6.05752,50.47762],[6.05808,50.47786],[6.05876,50.47799],[6.05886,50.47794],[6.05888,50.47767],[6.05871,50.47744],[6.05834,50.47731],[6.05756,50.47731],[6.05723,50.47692],[6.05713,50.47659],[6.05647,50.47571],[6.05637,50.47496],[6.05653,50.47485],[6.05678,50.47482],[6.05829,50.47529],[6.05883,50.4756],[6.05929,50.47553],[6.06002,50.47508],[6.06047,50.47519],[6.06087,50.47557],[6.06133,50.47533],[6.06178,50.47536],[6.06201,50.47551],[6.06166,50.47576],[6.06159,50.47598],[6.06164,50.47613],[6.06309,50.4766],[6.06343,50.47661],[6.0638,50.47647],[6.06397,50.47634],[6.06412,50.476],[6.06426,50.47591],[6.06504,50.47575],[6.06506,50.47605],[6.06498,50.47633],[6.06514,50.47656],[6.06519,50.47696],[6.06537,50.47719],[6.06579,50.47725],[6.06632,50.47715],[6.0664,50.47666],[6.06673,50.47655],[6.06694,50.47675],[6.06691,50.47715],[6.06755,50.47751],[6.06793,50.47739],[6.06825,50.47685],[6.06925,50.47667],[6.0696,50.47628],[6.07022,50.47624],[6.07103,50.47631],[6.07138,50.47652],[6.07158,50.47721],[6.07224,50.47767],[6.07235,50.47796],[6.07175,50.47848],[6.07041,50.47935],[6.07043,50.4795],[6.07063,50.47954],[6.07124,50.47946],[6.07253,50.47902],[6.0738,50.47891],[6.07392,50.47881],[6.07393,50.47854],[6.07414,50.47841],[6.07438,50.47842],[6.07502,50.47863],[6.07566,50.47907],[6.07562,50.4792],[6.07525,50.47941],[6.07531,50.4797],[6.07545,50.47993],[6.07588,50.48002],[6.07612,50.4802],[6.07621,50.48051],[6.07671,50.48105],[6.07701,50.48185],[6.07796,50.48239],[6.07821,50.48273],[6.07876,50.48293],[6.07997,50.48299],[6.08105,50.48321],[6.08254,50.4831],[6.08272,50.48303],[6.08274,50.48295],[6.0823,50.48272],[6.08224,50.48262],[6.08241,50.48184],[6.08267,50.48165],[6.0834,50.48158],[6.08416,50.48173],[6.08497,50.48224],[6.08589,50.4824],[6.08631,50.4827],[6.08553,50.48294],[6.08449,50.48285],[6.08335,50.48298],[6.08388,50.48344],[6.08433,50.48342],[6.08553,50.48305],[6.08642,50.48337],[6.08772,50.48318],[6.08842,50.48325],[6.08956,50.48359],[6.09199,50.48372],[6.09252,50.48353],[6.09278,50.48299],[6.09343,50.48245],[6.09372,50.48232],[6.09391,50.48234],[6.0946,50.48275],[6.09574,50.48281],[6.09625,50.48275],[6.09666,50.483],[6.09715,50.48301],[6.09713,50.48295],[6.09673,50.48279],[6.0954,50.4825],[6.0948,50.48221],[6.09469,50.48203],[6.09485,50.48178],[6.09533,50.48159],[6.09652,50.4815],[6.09718,50.4816],[6.09697,50.4811],[6.09702,50.48099],[6.09715,50.48095],[6.09757,50.48112],[6.09839,50.48196],[6.09958,50.48225],[6.10003,50.48252],[6.1005,50.48232],[6.10148,50.48246],[6.10173,50.4827],[6.10156,50.48314],[6.10167,50.48368],[6.1018,50.48383],[6.10171,50.48412],[6.10253,50.48354],[6.10315,50.48324],[6.10324,50.48303],[6.1032,50.48268],[6.10355,50.4825],[6.10377,50.48249],[6.10398,50.48273],[6.10429,50.48287],[6.10542,50.48319],[6.10552,50.4833],[6.10554,50.48355],[6.10517,50.48394],[6.10502,50.48439],[6.10545,50.48493],[6.10672,50.48531],[6.10695,50.48523],[6.10715,50.48495],[6.10746,50.48479],[6.108,50.48496],[6.10891,50.48494],[6.10962,50.48429],[6.11046,50.48376],[6.11049,50.48326],[6.10997,50.48335],[6.10994,50.48293],[6.10961,50.48243],[6.10954,50.4821],[6.10976,50.48151],[6.10944,50.48082],[6.10885,50.48017],[6.1084,50.47989],[6.10814,50.47942],[6.10875,50.47854],[6.10935,50.47831],[6.10939,50.47822],[6.1091,50.47799],[6.10909,50.47765],[6.10872,50.47736],[6.10751,50.47688],[6.10652,50.47672],[6.10558,50.47618],[6.10517,50.47611],[6.10449,50.47629],[6.10371,50.47628],[6.10298,50.47619],[6.10216,50.47591],[6.10169,50.4755],[6.10157,50.47522],[6.10159,50.47496],[6.10229,50.47435],[6.10385,50.47412],[6.10429,50.47387],[6.1046,50.47351],[6.10546,50.47356],[6.1063,50.47317],[6.10796,50.4729],[6.10818,50.47271],[6.1082,50.47241],[6.10856,50.47215],[6.10851,50.47185],[6.10859,50.47161],[6.10848,50.47133],[6.10889,50.47115],[6.10923,50.47078],[6.10974,50.47053],[6.11069,50.47032],[6.11157,50.47035],[6.1118,50.47047],[6.11248,50.47183],[6.11299,50.47243],[6.1133,50.47293],[6.11339,50.47329],[6.11311,50.47379],[6.11339,50.47407],[6.1135,50.47437],[6.11294,50.47468],[6.11208,50.47436],[6.11167,50.47473],[6.11087,50.47493],[6.11088,50.47521],[6.11067,50.47557],[6.11054,50.47637],[6.11065,50.47657],[6.11114,50.47686],[6.11129,50.47743],[6.1118,50.47771],[6.1121,50.47815],[6.11261,50.47828],[6.11314,50.47935],[6.11339,50.47961],[6.11343,50.4799],[6.11334,50.48021],[6.11348,50.48074],[6.11332,50.48103],[6.11329,50.48159],[6.11354,50.48187],[6.1137,50.48245],[6.11406,50.48297],[6.11391,50.48328],[6.114,50.48363],[6.11372,50.48412],[6.11377,50.48437],[6.11402,50.48467],[6.11387,50.48515],[6.11393,50.4855],[6.11435,50.48603],[6.11503,50.48634],[6.11587,50.48631],[6.11578,50.48659],[6.11593,50.48681],[6.11759,50.48767],[6.11781,50.48793],[6.11778,50.48826],[6.11837,50.48824],[6.11944,50.48836],[6.12245,50.48974],[6.12305,50.4899],[6.12422,50.49047],[6.12424,50.49079],[6.12386,50.49094],[6.1229,50.49074],[6.12275,50.49078],[6.12275,50.49105],[6.12245,50.49116],[6.12204,50.49118],[6.12123,50.49104],[6.12146,50.4913],[6.12125,50.49162],[6.12198,50.49187],[6.12213,50.49216],[6.12123,50.49222],[6.12058,50.49198],[6.12002,50.49212],[6.11984,50.49262],[6.11954,50.49298],[6.1199,50.49325],[6.12007,50.49367],[6.12084,50.49414],[6.12134,50.49434],[6.12169,50.49442],[6.12197,50.49438],[6.12231,50.49411],[6.1224,50.49366],[6.12223,50.49347],[6.12157,50.49329],[6.12154,50.49317],[6.12162,50.49298],[6.12215,50.49286],[6.12303,50.49291],[6.12369,50.49267],[6.12414,50.49267],[6.12428,50.49273],[6.12452,50.49321],[6.1242,50.49355],[6.12419,50.49382],[6.12496,50.49401],[6.12546,50.49382],[6.12589,50.49379],[6.1265,50.49432],[6.12634,50.49484],[6.12651,50.49543],[6.12648,50.49574],[6.12689,50.49637],[6.12664,50.49684],[6.12591,50.49727],[6.12539,50.49744],[6.12501,50.49743],[6.12434,50.49688],[6.12403,50.49685],[6.12388,50.49696],[6.12387,50.49713],[6.12427,50.49743],[6.12319,50.49754],[6.12265,50.49774],[6.12286,50.498],[6.12373,50.49828],[6.12394,50.49856],[6.12542,50.49933],[6.12588,50.49992],[6.12568,50.50022],[6.12502,50.50048],[6.12517,50.50088],[6.12506,50.50132]],[[6.12898,50.50132],[6.1292,50.50103],[6.12963,50.50076],[6.12947,50.50046],[6.12965,50.50005],[6.1295,50.49956],[6.12969,50.499],[6.12965,50.49853],[6.12943,50.4981],[6.12944,50.49796],[6.13128,50.49708],[6.13179,50.49728],[6.13248,50.498],[6.13321,50.49856],[6.13318,50.49901],[6.13285,50.49963],[6.13269,50.50039],[6.13273,50.50051],[6.13449,50.50132]],[[6.14609,50.50132],[6.14672,50.50106],[6.14685,50.50079],[6.14703,50.50064],[6.14791,50.50045],[6.14832,50.5002],[6.1485,50.49996],[6.14856,50.4996],[6.14904,50.49908],[6.14941,50.49838],[6.14998,50.49792],[6.15127,50.4977],[6.15173,50.49753],[6.15212,50.49754]],[[6.14462,50.50063],[6.14444,50.50044],[6.14498,50.50007],[6.14542,50.50006],[6.14574,50.50023],[6.14567,50.50042],[6.14551,50.50055],[6.14462,50.50063]],[[6.0392,50.49912],[6.03929,50.49909],[6.0392,50.49912]],[[6.0417,50.49887],[6.04128,50.49843],[6.04062,50.49803],[6.0406,50.49795],[6.04174,50.49761],[6.04212,50.4977],[6.04264,50.49797],[6.04266,50.49814],[6.04254,50.49855],[6.04216,50.49888],[6.0417,50.49887]],[[6.12045,50.49801],[6.12033,50.49794],[6.12045,50.49768],[6.12084,50.49761],[6.12118,50.4977],[6.12087,50.4979],[6.12045,50.49801]],[[6.00754,50.49749],[6.00702,50.49719],[6.00701,50.4971],[6.00717,50.49704],[6.00754,50.49711],[6.00808,50.49743],[6.00794,50.49759],[6.00754,50.49749]],[[6.15212,50.49674],[6.15157,50.49664],[6.15144,50.49641],[6.15161,50.49626],[6.15212,50.49629]],[[6.03795,50.49605],[6.03768,50.4957],[6.0371,50.49547],[6.03756,50.49536],[6.0384,50.49535],[6.03884,50.49546],[6.03906,50.4957],[6.03902,50.49582],[6.03875,50.49595],[6.03795,50.49605]],[[6.12337,50.4963],[6.12321,50.49612],[6.12321,50.496],[6.12336,50.49594],[6.1236,50.496],[6.1236,50.49612],[6.12337,50.4963]],[[6.12337,50.49337],[6.12311,50.49325],[6.1234,50.49313],[6.12386,50.49326],[6.12376,50.49334],[6.12337,50.49337]],[[6.0292,50.49252],[6.02918,50.49242],[6.02928,50.49243],[6.0292,50.49252]],[[6.12254,50.4919],[6.12222,50.49182],[6.12209,50.49157],[6.12258,50.49151],[6.12347,50.49186],[6.12323,50.49195],[6.12254,50.4919]],[[6.12212,50.49089],[6.12189,50.49078],[6.12198,50.49063],[6.12219,50.49059],[6.12239,50.49071],[6.12237,50.4908],[6.12212,50.49089]],[[6.11629,50.48622],[6.11607,50.4861],[6.11607,50.48599],[6.11631,50.48591],[6.11655,50.48601],[6.11653,50.4861],[6.11629,50.48622]],[[6.12004,50.4858],[6.11999,50.48569],[6.12028,50.48519],[6.12049,50.48513],[6.12073,50.48522],[6.12052,50.4858],[6.12004,50.4858]],[[6.11837,50.48472],[6.11827,50.48466],[6.11829,50.4846],[6.1186,50.4845],[6.11922,50.48465],[6.11881,50.48477],[6.11837,50.48472]],[[6.1142,50.48449],[6.11392,50.48437],[6.11423,50.4843],[6.11427,50.48438],[6.1142,50.48449]],[[6.10795,50.48422],[6.10757,50.48406],[6.10753,50.48379],[6.10797,50.4838],[6.10803,50.48406],[6.10795,50.48422]],[[6.1042,50.48383],[6.10425,50.48381],[6.1042,50.48383]],[[6.09879,50.48332],[6.09881,50.48326],[6.09879,50.48332]],[[6.07629,50.48276],[6.07602,50.48268],[6.07627,50.48253],[6.07662,50.48247],[6.07723,50.4827],[6.07678,50.48278],[6.07629,50.48276]],[[6.0942,50.48232],[6.09405,50.48218],[6.09409,50.48209],[6.09423,50.48205],[6.09442,50.48212],[6.0942,50.48232]],[[6.09629,50.48231],[6.09599,50.48212],[6.09632,50.4818],[6.09659,50.48191],[6.09672,50.48214],[6.09629,50.48231]],[[6.11462,50.48218],[6.11432,50.48215],[6.11462,50.48218]],[[6.07379,50.48136],[6.07374,50.48126],[6.07384,50.48119],[6.07431,50.48131],[6.07379,50.48136]],[[6.09295,50.48126],[6.09253,50.48077],[6.09236,50.48019],[6.09244,50.47988],[6.09295,50.47935],[6.09348,50.47986],[6.09351,50.48047],[6.09334,50.48091],[6.09295,50.48126]],[[6.00962,50.47949],[6.00949,50.47938],[6.0096,50.47928],[6.01015,50.47937],[6.00962,50.47949]],[[6.05004,50.4789],[6.04981,50.4788],[6.04966,50.47852],[6.04917,50.47829],[6.0485,50.47779],[6.04841,50.47762],[6.04849,50.47711],[6.04667,50.47578],[6.04671,50.47567],[6.0471,50.47548],[6.04803,50.47564],[6.04907,50.47559],[6.05079,50.47605],[6.05094,50.47616],[6.05104,50.47636],[6.05073,50.47685],[6.05085,50.47729],[6.051,50.47745],[6.05191,50.478],[6.05136,50.47859],[6.05096,50.47883],[6.05004,50.4789]],[[6.10587,50.47894],[6.10587,50.47881],[6.10587,50.47894]],[[6.00504,50.47804],[6.005,50.47794],[6.00515,50.47797],[6.00504,50.47804]],[[6.04962,50.47773],[6.04951,50.4777],[6.04975,50.4777],[6.04962,50.47773]],[[6.0142,50.47688],[6.01375,50.47662],[6.01377,50.47631],[6.01423,50.4763],[6.01447,50.47651],[6.01446,50.47668],[6.0142,50.47688]],[[6.0242,50.4771],[6.024,50.47687],[6.02449,50.47682],[6.02507,50.47687],[6.0242,50.4771]],[[6.00879,50.47663],[6.00795,50.47628],[6.00651,50.47608],[6.0064,50.476],[6.0064,50.47588],[6.00694,50.47522],[6.00759,50.47498],[6.00793,50.47456],[6.00838,50.47465],[6.00887,50.47491],[6.00902,50.47599],[6.00922,50.47632],[6.00908,50.47656],[6.00879,50.47663]],[[6.06754,50.47686],[6.06726,50.47651],[6.06726,50.47609],[6.0675,50.47575],[6.06792,50.47578],[6.06806,50.47609],[6.06806,50.47659],[6.06793,50.47672],[6.06754,50.47686]],[[6.10379,50.47662],[6.10378,50.47652],[6.10392,50.47649],[6.10417,50.4765],[6.10424,50.47658],[6.10379,50.47662]],[[6.03004,50.47638],[6.02984,50.47628],[6.03004,50.476],[6.03045,50.4763],[6.03004,50.47638]],[[6.07504,50.47635],[6.075,50.47628],[6.0751,50.4763],[6.07504,50.47635]],[[6.0267,50.47606],[6.02675,50.47603],[6.0267,50.47606]],[[6.1117,50.47615],[6.11159,50.47604],[6.11169,50.47593],[6.11178,50.47603],[6.1117,50.47615]],[[6.04379,50.47469],[6.04366,50.47465],[6.0439,50.47465],[6.04379,50.47469]],[[6.11379,50.47084],[6.1136,50.47075],[6.11381,50.47068],[6.11385,50.47076],[6.11379,50.47084]],[[6.11337,50.47055],[6.11333,50.47047],[6.11341,50.47048],[6.11337,50.47055]],[[6.09962,50.43444],[6.09952,50.43437],[6.10004,50.43437],[6.09962,50.43444]]]}},{"type":"Feature","properties":{"ele":650},"geometry":{"type":"MultiLineString","coordinates":[[[6.06054,50.50132],[6.05952,50.50083],[6.05722,50.50021],[6.05576,50.49965],[6.05491,50.49911],[6.05474,50.4989],[6.05473,50.49873],[6.05502,50.49825],[6.0557,50.49779],[6.05585,50.49738],[6.0562,50.49711],[6.05754,50.4971],[6.058,50.49739],[6.05834,50.49746],[6.05893,50.49719],[6.05893,50.49708],[6.05878,50.49692],[6.05819,50.49659],[6.05903,50.49663],[6.05965,50.49682],[6.06008,50.49686],[6.06175,50.49738],[6.06253,50.49774],[6.06292,50.49758],[6.06386,50.49694],[6.06402,50.49661],[6.06395,50.49628],[6.0635,50.49614],[6.06284,50.49608],[6.06202,50.49549],[6.06224,50.49523],[6.06221,50.49517],[6.0621,50.49514],[6.06171,50.4953],[6.06127,50.49524],[6.06113,50.49493],[6.0608,50.49469],[6.06089,50.49458],[6.06159,50.49436],[6.0617,50.49379],[6.06183,50.49384],[6.06185,50.49409],[6.06205,50.49418],[6.0623,50.49413],[6.06259,50.49387],[6.06341,50.49406],[6.06343,50.49412],[6.06314,50.49431],[6.06312,50.4944],[6.06376,50.49483],[6.06418,50.49497],[6.06502,50.49492],[6.06561,50.49473],[6.0661,50.49447],[6.06647,50.49447],[6.06689,50.49469],[6.06801,50.49507],[6.07007,50.4964],[6.07048,50.49646],[6.07092,50.49634],[6.07116,50.49601],[6.07172,50.49578],[6.0721,50.49539],[6.0722,50.49523],[6.07219,50.49491],[6.07236,50.49469],[6.07303,50.49441],[6.07339,50.49393],[6.07465,50.493],[6.07502,50.49263],[6.07619,50.49207],[6.07836,50.49164],[6.07879,50.49133],[6.07893,50.49104],[6.07874,50.49089],[6.07834,50.49086],[6.07746,50.49094],[6.0759,50.49122],[6.07418,50.49171],[6.07296,50.4922],[6.07281,50.49217],[6.07275,50.49206],[6.07294,50.49169],[6.07345,50.49134],[6.07407,50.49107],[6.0744,50.49077],[6.07511,50.49072],[6.07598,50.49051],[6.0763,50.49012],[6.07704,50.49014],[6.07756,50.48996],[6.07802,50.48996],[6.07843,50.48978],[6.07876,50.48935],[6.08069,50.48979],[6.08112,50.48967],[6.0813,50.48938],[6.08162,50.48933],[6.08235,50.48953],[6.0836,50.48926],[6.08453,50.4893],[6.08487,50.48938],[6.08507,50.48963],[6.0854,50.48966],[6.08548,50.48963],[6.08543,50.48936],[6.08627,50.48941],[6.08683,50.48927],[6.08838,50.48936],[6.08926,50.4897],[6.09085,50.48995],[6.09124,50.48982],[6.09143,50.48985],[6.09158,50.48996],[6.09163,50.49023],[6.09255,50.49059],[6.09305,50.49101],[6.09328,50.49134],[6.09342,50.4914],[6.09396,50.49132],[6.09424,50.49105],[6.09412,50.49077],[6.09364,50.49049],[6.09373,50.49035],[6.0948,50.49013],[6.0954,50.4901],[6.09591,50.48981],[6.09643,50.48994],[6.09663,50.49019],[6.0967,50.49049],[6.09741,50.49027],[6.09803,50.49041],[6.09878,50.49017],[6.09947,50.49056],[6.10007,50.49067],[6.10084,50.491],[6.10142,50.49087],[6.10157,50.49074],[6.10165,50.4904],[6.10194,50.49032],[6.1024,50.49036],[6.1029,50.49054],[6.10342,50.49099],[6.10412,50.49082],[6.10494,50.49084],[6.10505,50.4909],[6.10508,50.49104],[6.10484,50.49137],[6.10505,50.49165],[6.10615,50.49139],[6.10639,50.49144],[6.1068,50.4917],[6.10725,50.49174],[6.10784,50.49151],[6.10865,50.49133],[6.10875,50.49119],[6.10876,50.49076],[6.10965,50.49053],[6.11,50.49063],[6.11008,50.49079],[6.11006,50.49112],[6.10982,50.49158],[6.10946,50.49185],[6.10967,50.49208],[6.10979,50.49238],[6.10988,50.49286],[6.10985,50.49317],[6.10948,50.49355],[6.10927,50.4939],[6.10876,50.49411],[6.10881,50.49435],[6.10949,50.49467],[6.10973,50.4949],[6.10985,50.49599],[6.10975,50.49628],[6.10797,50.49701],[6.10746,50.49712],[6.10664,50.49694],[6.10578,50.4966],[6.10467,50.49601],[6.10446,50.49606],[6.10299,50.49794],[6.10284,50.49845],[6.10259,50.49883],[6.1025,50.49938],[6.1026,50.49988],[6.10248,50.50057],[6.10253,50.50077],[6.10296,50.50132]],[[6.04587,50.49216],[6.04586,50.49202],[6.04593,50.49197],[6.0463,50.49215],[6.04587,50.49216]],[[6.10254,50.49149],[6.10244,50.49135],[6.10248,50.49128],[6.10297,50.49131],[6.10292,50.49146],[6.10254,50.49149]],[[6.1067,50.49137],[6.10664,50.49131],[6.10712,50.49131],[6.1067,50.49137]],[[6.04212,50.49108],[6.04186,50.49088],[6.04185,50.49076],[6.04216,50.49074],[6.04212,50.49108]],[[6.08879,50.49078],[6.08871,50.49076],[6.08892,50.49076],[6.08879,50.49078]],[[6.04045,50.49027],[6.04021,50.49005],[6.04024,50.4899],[6.04063,50.48984],[6.04128,50.48991],[6.04145,50.49015],[6.04141,50.49029],[6.04124,50.49038],[6.04045,50.49027]],[[6.10962,50.49048],[6.10945,50.49026],[6.10947,50.49014],[6.10975,50.48992],[6.11006,50.48983],[6.11023,50.49012],[6.1102,50.49028],[6.10999,50.49042],[6.10962,50.49048]],[[6.0392,50.4898],[6.03906,50.48959],[6.0391,50.48934],[6.03925,50.4893],[6.03963,50.48936],[6.03966,50.48972],[6.0392,50.4898]],[[6.0917,50.48979],[6.09166,50.4896],[6.09197,50.48965],[6.0917,50.48979]]]}},{"type":"Feature","properties":{"ele":700},"geometry":{"type":"MultiLineString","coordinates":[[[6.09295,50.4983],[6.09256,50.49825],[6.09242,50.49795],[6.09258,50.49789],[6.09296,50.49797],[6.09311,50.49822],[6.09295,50.4983]]]}}]}