{"type":"FeatureCollection","features":[{"type":"Feature","properties":{"ele":320},"geometry":{"type":"MultiLineString","coordinates":[[[6.00337,50.4189],[6.0032,50.41879],[6.0034,50.41872],[6.00345,50.41882],[6.00337,50.4189]],[[6.00129,50.41855],[6.00118,50.41854],[6.00129,50.41855]],[[5.99672,50.40826],[5.99646,50.40918],[5.99645,50.4097],[5.99662,50.40994],[5.99715,50.41007],[5.99769,50.41048],[5.99835,50.41136],[5.99843,50.41184],[5.99819,50.41221],[5.99834,50.41252],[5.99875,50.41274],[5.99921,50.4127],[5.99906,50.413],[5.99954,50.41333],[6.00054,50.41371],[6.00135,50.41381],[6.00141,50.41406],[6.00156,50.41418],[6.00194,50.41425],[6.0025,50.41421],[6.00273,50.41428],[6.0028,50.41437],[6.00278,50.41449],[6.00226,50.41492],[6.0024,50.41519],[6.00254,50.41525],[6.00297,50.41514],[6.0033,50.41525],[6.00376,50.41577],[6.00436,50.41603],[6.00551,50.41688],[6.00504,50.41716],[6.00489,50.41686],[6.00463,50.4167],[6.00414,50.41689],[6.00294,50.41683],[6.00257,50.41731],[6.00281,50.41772],[6.0028,50.41792],[6.00261,50.41809],[6.0023,50.41813],[6.00211,50.41808],[6.00208,50.41796],[6.00212,50.41771],[6.00247,50.41741],[6.00236,50.41685],[6.00173,50.41665],[6.00095,50.41664],[6.00023,50.41691],[6.00011,50.41713],[6.00021,50.41744],[5.9999,50.41767],[5.99912,50.41786],[5.99832,50.41746],[5.99794,50.41694],[5.99782,50.41656],[5.99679,50.41591],[5.99626,50.41577],[5.99592,50.41556],[5.99544,50.41521],[5.99525,50.41486],[5.9946,50.4144],[5.99371,50.41272],[5.99294,50.41191],[5.99294,50.41127],[5.9933,50.41078],[5.99334,50.41047],[5.99503,50.40937],[5.99616,50.40843],[5.99666,50.40826]],[[6.00129,50.41774],[6.00124,50.41769],[6.00135,50.4177],[6.00129,50.41774]],[[6.00629,50.41745],[6.00648,50.41743],[6.00629,50.41745]],[[5.99879,50.41724],[5.99878,50.41681],[5.99879,50.41724]],[[5.99837,50.4168],[5.99813,50.41666],[5.99813,50.41654],[5.9984,50.41647],[5.99866,50.41656],[5.99863,50.41666],[5.99837,50.4168]],[[6.00337,50.41678],[6.00299,50.41657],[6.00274,50.41631],[6.00324,50.4162],[6.00354,50.41628],[6.00358,50.41654],[6.00337,50.41678]],[[6.0042,50.41649],[6.00409,50.41635],[6.00412,50.41627],[6.00442,50.4163],[6.0042,50.41649]],[[5.9992,50.41618],[5.99893,50.41603],[5.99894,50.41579],[5.99923,50.41557],[5.99955,50.41518],[6.00001,50.41502],[6.00044,50.41511],[6.00091,50.41536],[6.00168,50.41532],[6.00205,50.41569],[6.00252,50.41582],[6.00271,50.41602],[6.00257,50.41622],[6.0023,50.4163],[6.00199,50.41626],[6.00132,50.41603],[6.00085,50.41616],[6.00045,50.41602],[5.99975,50.41625],[5.9992,50.41618]],[[5.99587,50.41467],[5.99582,50.41465],[5.99623,50.41455],[5.99638,50.41464],[5.99627,50.41476],[5.99587,50.41467]],[[6.00379,50.41475],[6.00371,50.41466],[6.00377,50.41461],[6.00379,50.41475]],[[5.99504,50.41449],[5.99491,50.41436],[5.99536,50.4143],[5.99555,50.41437],[5.99543,50.4145],[5.99504,50.41449]],[[5.9967,50.41163],[5.99671,50.41156],[5.9967,50.41163]]]}},{"type":"Feature","properties":{"ele":330},"geometry":{"type":"MultiLineString","coordinates":[[[6.02254,50.42717],[6.02214,50.42695],[6.0217,50.42698],[6.02151,50.42691],[6.02126,50.42631],[6.02168,50.42599],[6.02212,50.42632],[6.02263,50.42629],[6.02297,50.42656],[6.02303,50.42688],[6.02344,50.42715],[6.02303,50.42731],[6.02254,50.42717]],[[6.02754,50.42725],[6.02745,50.42716],[6.02753,50.42708],[6.02799,50.42715],[6.02754,50.42725]],[[5.99719,50.40826],[5.99698,50.40857],[5.99685,50.40901],[5.99694,50.40959],[5.99799,50.41019],[5.99822,50.4104],[5.99833,50.41079],[5.99865,50.41108],[5.99898,50.41158],[5.99911,50.41215],[5.99953,50.41249],[5.99976,50.41303],[5.99997,50.41329],[6.00282,50.41394],[6.0042,50.41407],[6.00508,50.41431],[6.00549,50.41454],[6.00621,50.41466],[6.0077,50.41511],[6.00793,50.41523],[6.00799,50.41538],[6.00793,50.41606],[6.00995,50.41644],[6.01038,50.41662],[6.01089,50.41659],[6.01166,50.41688],[6.01247,50.41744],[6.01287,50.41799],[6.01317,50.41825],[6.01331,50.41856],[6.01371,50.41891],[6.01388,50.41893],[6.01421,50.41873],[6.01444,50.41881],[6.0139,50.41913],[6.01324,50.41925],[6.01232,50.41962],[6.01232,50.41968],[6.01343,50.41973],[6.01415,50.41956],[6.0144,50.41933],[6.0148,50.41924],[6.01665,50.41938],[6.01756,50.41988],[6.01795,50.42028],[6.01839,50.42045],[6.01872,50.42107],[6.01928,50.4211],[6.01966,50.42121],[6.02044,50.4216],[6.02111,50.42207],[6.02124,50.42227],[6.02129,50.42269],[6.02154,50.42303],[6.0215,50.42352],[6.02126,50.42378],[6.02079,50.42391],[6.02031,50.42382],[6.02028,50.42363],[6.02037,50.42335],[6.02069,50.42301],[6.02059,50.4229],[6.01918,50.42279],[6.01867,50.42298],[6.01898,50.42329],[6.01888,50.4236],[6.018,50.42391],[6.0178,50.42406],[6.01797,50.42434],[6.01821,50.42445],[6.01925,50.4246],[6.01916,50.42493],[6.01965,50.4253],[6.02023,50.4255],[6.02004,50.42624],[6.0196,50.4268],[6.01934,50.42688],[6.0184,50.42683],[6.01633,50.42602],[6.01542,50.42556],[6.01383,50.42544],[6.01316,50.42485],[6.0121,50.4241],[6.01061,50.42262],[6.01007,50.42232],[6.00826,50.42163],[6.00795,50.42132],[6.00858,50.42103],[6.00787,50.42088],[6.00674,50.42089],[6.006,50.42059],[6.00475,50.4204],[6.00255,50.41948],[6.00046,50.41909],[5.99962,50.41882],[5.99909,50.41826],[5.99808,50.41763],[5.99784,50.41742],[5.99753,50.41687],[5.99719,50.41655],[5.9967,50.41632],[5.9964,50.41603],[5.99579,50.41578],[5.99443,50.41461],[5.99325,50.41268],[5.99283,50.41215],[5.99268,50.41178],[5.99267,50.41109],[5.9929,50.41041],[5.99467,50.4094],[5.99601,50.40826]],[[6.02254,50.42713],[6.02226,50.42687],[6.02282,50.42687],[6.02254,50.42713]],[[6.0192,50.42653],[6.01913,50.42631],[6.0193,50.42633],[6.0192,50.42653]],[[6.01837,50.42621],[6.01826,50.42603],[6.01841,50.42603],[6.01837,50.42621]],[[6.01629,50.42552],[6.0159,50.42536],[6.01578,50.42519],[6.01605,50.42512],[6.01644,50.42515],[6.01667,50.42523],[6.01684,50.42546],[6.01673,50.42554],[6.01629,50.42552]],[[6.01712,50.42413],[6.01705,50.42408],[6.01712,50.424],[6.01719,50.42409],[6.01712,50.42413]],[[6.01587,50.4239],[6.01563,50.4238],[6.01592,50.42372],[6.016,50.42382],[6.01587,50.4239]],[[6.01545,50.42363],[6.01538,50.42354],[6.0155,50.42354],[6.01545,50.42363]],[[6.0142,50.42335],[6.01405,50.42324],[6.01424,50.42319],[6.0145,50.42325],[6.0142,50.42335]],[[6.01754,50.42337],[6.01742,50.42327],[6.01752,50.42318],[6.01762,50.42325],[6.01754,50.42337]],[[6.01379,50.42305],[6.01367,50.42299],[6.01382,50.42298],[6.01379,50.42305]],[[6.01712,50.42221],[6.01709,50.42211],[6.01721,50.42214],[6.01712,50.42221]],[[6.01337,50.42162],[6.01332,50.42159],[6.01337,50.42162]],[[6.01837,50.42136],[6.01817,50.42131],[6.0184,50.42127],[6.01844,50.42132],[6.01837,50.42136]],[[6.0092,50.42076],[6.00907,50.42076],[6.0092,50.42076]],[[6.01004,50.4205],[6.01003,50.42045],[6.01015,50.42048],[6.01004,50.4205]],[[6.01087,50.42021],[6.01093,50.4202],[6.01087,50.42021]],[[6.0117,50.41999],[6.0116,50.41992],[6.01194,50.41979],[6.01212,50.41979],[6.01218,50.41989],[6.01212,50.41996],[6.0117,50.41999]]]}},{"type":"Feature","properties":{"ele":340},"geometry":{"type":"MultiLineString","coordinates":[[[6.03045,50.43613],[6.03041,50.43603],[6.03047,50.43604],[6.03045,50.43613]],[[6.02795,50.43563],[6.02715,50.43518],[6.02711,50.43465],[6.02801,50.43488],[6.02823,50.43527],[6.02841,50.43541],[6.02922,50.43549],[6.02917,50.43555],[6.02845,50.43551],[6.02795,50.43563]],[[6.02837,50.4345],[6.02827,50.43436],[6.02839,50.43421],[6.02873,50.43406],[6.02891,50.43411],[6.02892,50.43439],[6.02837,50.4345]],[[5.99742,50.40826],[5.99718,50.40873],[5.99712,50.4091],[5.99749,50.40939],[5.99768,50.4097],[5.99845,50.41018],[5.99881,50.41068],[5.99929,50.41103],[6.00024,50.41211],[6.00029,50.41237],[6.00002,50.41267],[6.0,50.41294],[6.00034,50.41328],[6.00194,50.41362],[6.00449,50.4139],[6.00567,50.41438],[6.0061,50.41448],[6.00718,50.41438],[6.00756,50.41411],[6.00788,50.41398],[6.00841,50.41405],[6.00879,50.41424],[6.00921,50.41496],[6.00918,50.41519],[6.00901,50.41545],[6.00837,50.41578],[6.0091,50.41606],[6.00963,50.41613],[6.00985,50.41605],[6.00997,50.4157],[6.01013,50.41567],[6.01094,50.41602],[6.01069,50.41627],[6.01073,50.41635],[6.0117,50.41632],[6.01209,50.41651],[6.01258,50.41658],[6.01306,50.41681],[6.01339,50.41727],[6.0142,50.41743],[6.01465,50.41765],[6.01505,50.41769],[6.01546,50.41798],[6.01683,50.41849],[6.01693,50.4186],[6.01701,50.4191],[6.01802,50.41925],[6.02019,50.42019],[6.02046,50.42048],[6.02027,50.42071],[6.02034,50.42088],[6.02054,50.42094],[6.02121,50.42082],[6.02171,50.42102],[6.02222,50.42132],[6.0225,50.42187],[6.02295,50.42227],[6.02381,50.42239],[6.02418,50.42276],[6.02487,50.42305],[6.02504,50.42321],[6.0252,50.42357],[6.0258,50.4239],[6.02625,50.42392],[6.02719,50.42369],[6.02744,50.42382],[6.02743,50.42413],[6.02753,50.42425],[6.02782,50.42381],[6.02845,50.42401],[6.02959,50.42401],[6.02987,50.42408],[6.02973,50.42421],[6.02921,50.42427],[6.02905,50.42436],[6.02975,50.42466],[6.02987,50.42484],[6.02984,50.42494],[6.02924,50.42521],[6.02876,50.4253],[6.02832,50.42547],[6.02906,50.42572],[6.02912,50.42585],[6.02871,50.42629],[6.02872,50.42661],[6.02839,50.42717],[6.02755,50.42772],[6.02732,50.42794],[6.02726,50.4281],[6.02749,50.42856],[6.02921,50.42936],[6.02956,50.42988],[6.0297,50.43113],[6.02987,50.43157],[6.02963,50.43179],[6.02918,50.43188],[6.02956,50.4322],[6.0294,50.43265],[6.02964,50.43296],[6.02957,50.43321],[6.02931,50.43335],[6.02905,50.43333],[6.02882,50.43321],[6.0286,50.4327],[6.02796,50.43263],[6.02777,50.43272],[6.02763,50.43293],[6.02778,50.43331],[6.02771,50.43354],[6.02754,50.43367],[6.02732,50.43359],[6.02725,50.43345],[6.02741,50.43307],[6.02737,50.43293],[6.02628,50.43215],[6.02599,50.43178],[6.02607,50.43156],[6.0264,50.43133],[6.02637,50.43104],[6.02688,50.43078],[6.02677,50.43049],[6.02591,50.4299],[6.02544,50.42978],[6.02465,50.42918],[6.02397,50.42893],[6.02335,50.42885],[6.02299,50.42868],[6.02264,50.42818],[6.02224,50.4279],[6.02113,50.42771],[6.01954,50.42726],[6.01766,50.42687],[6.01672,50.42631],[6.01513,50.42569],[6.01418,50.42567],[6.01375,50.42558],[6.01339,50.42533],[6.01299,50.42491],[6.01153,50.42384],[6.01047,50.4227],[6.01006,50.42248],[6.0079,50.42161],[6.00754,50.42131],[6.00705,50.42133],[6.00631,50.42102],[6.00591,50.42074],[6.00537,50.42072],[6.00471,50.42059],[6.00389,50.42019],[6.00254,50.41972],[6.00132,50.41936],[6.00044,50.41922],[5.99957,50.41893],[5.9993,50.41877],[5.99879,50.41826],[5.99784,50.41771],[5.99754,50.4174],[5.99711,50.41715],[5.99671,50.41659],[5.99622,50.41638],[5.99504,50.41548],[5.99455,50.41523],[5.99439,50.41494],[5.99412,50.41477],[5.99369,50.4138],[5.99322,50.41323],[5.99298,50.41269],[5.99228,50.41165],[5.99239,50.41092],[5.99258,50.4105],[5.9929,50.41013],[5.99451,50.40922],[5.99569,50.40826]],[[6.02712,50.42762],[6.02693,50.42749],[6.02693,50.42739],[6.0272,50.42737],[6.02712,50.42762]],[[6.02629,50.42699],[6.02604,50.42689],[6.02598,50.42678],[6.02608,50.42655],[6.02628,50.42638],[6.02694,50.42642],[6.0273,50.42658],[6.02629,50.42699]],[[6.02754,50.42645],[6.02741,50.42634],[6.02744,50.42625],[6.02798,50.42601],[6.02812,50.42626],[6.02805,50.42646],[6.02787,50.42653],[6.02754,50.42645]],[[6.02587,50.42613],[6.02572,50.42603],[6.02586,50.42576],[6.02645,50.42552],[6.02647,50.4252],[6.02661,50.42508],[6.02676,50.42508],[6.02708,50.4254],[6.02728,50.42549],[6.02689,50.42576],[6.02587,50.42613]],[[6.02754,50.42596],[6.02733,50.42574],[6.02755,50.42559],[6.02775,50.42577],[6.02754,50.42596]],[[6.02754,50.4251],[6.02737,50.42474],[6.0274,50.42457],[6.0276,50.42439],[6.02798,50.42435],[6.0282,50.42456],[6.0282,50.42474],[6.02796,50.42496],[6.02754,50.4251]],[[6.03129,50.42419],[6.03108,50.42409],[6.03141,50.42408],[6.03129,50.42419]],[[5.9867,50.41775],[5.98787,50.41722],[5.98836,50.41715],[5.98845,50.4169],[5.98831,50.41672],[5.98743,50.41663],[5.98742,50.41633],[5.98733,50.41619],[5.98715,50.41603],[5.9867,50.41584]],[[6.0042,50.41365],[6.00403,50.41354],[6.00429,50.41353],[6.0042,50.41365]]]}},{"type":"Feature","properties":{"ele":360},"geometry":{"type":"MultiLineString","coordinates":[[[6.05295,50.44744],[6.05283,50.44743],[6.05281,50.44734],[6.0529,50.44714],[6.05301,50.44709],[6.0534,50.44701],[6.05379,50.44715],[6.0533,50.44741],[6.05295,50.44744]],[[6.0517,50.44693],[6.05088,50.44653],[6.05077,50.44602],[6.05087,50.44565],[6.0512,50.44554],[6.05144,50.44562],[6.05158,50.44578],[6.05154,50.44606],[6.05165,50.44631],[6.05212,50.44645],[6.05215,50.44688],[6.0517,50.44693]],[[6.05212,50.44521],[6.05157,50.44491],[6.05175,50.44485],[6.05213,50.44492],[6.05212,50.44521]],[[5.9979,50.40826],[5.99785,50.40851],[5.99794,50.4087],[5.99839,50.4088],[5.99945,50.40939],[6.00087,50.41076],[6.00214,50.41154],[6.00237,50.41189],[6.00251,50.41245],[6.00499,50.41263],[6.00584,50.41291],[6.0066,50.41299],[6.0073,50.41289],[6.00804,50.41252],[6.0085,50.41254],[6.00881,50.41268],[6.00919,50.41299],[6.00962,50.41465],[6.00991,50.41481],[6.01092,50.4149],[6.01121,50.41522],[6.01162,50.4154],[6.01404,50.41604],[6.01419,50.41632],[6.01587,50.41642],[6.01661,50.41689],[6.01781,50.41747],[6.01875,50.41772],[6.02084,50.41863],[6.02214,50.41909],[6.02259,50.41932],[6.02293,50.41966],[6.02412,50.41999],[6.02505,50.42045],[6.02688,50.42106],[6.02751,50.42138],[6.02803,50.42142],[6.02944,50.42172],[6.03,50.42175],[6.03041,50.42189],[6.03096,50.42183],[6.03197,50.42189],[6.0325,50.42216],[6.03297,50.42222],[6.03341,50.42213],[6.03382,50.42235],[6.03467,50.42216],[6.03543,50.42186],[6.03678,50.42184],[6.03757,50.42193],[6.04022,50.42143],[6.04047,50.42131],[6.04085,50.42046],[6.04165,50.41992],[6.04305,50.41941],[6.04379,50.41937],[6.04403,50.41956],[6.04403,50.41973],[6.04376,50.41988],[6.04336,50.41993],[6.04376,50.41995],[6.04485,50.42022],[6.04447,50.42043],[6.04423,50.42079],[6.04349,50.42116],[6.04329,50.42117],[6.04306,50.42107],[6.04307,50.42071],[6.04291,50.42068],[6.0428,50.42075],[6.04293,50.42116],[6.04274,50.4216],[6.04297,50.42182],[6.04299,50.42212],[6.0428,50.42243],[6.04287,50.42272],[6.04265,50.42317],[6.04268,50.42359],[6.04253,50.42391],[6.0421,50.42392],[6.04204,50.42356],[6.04177,50.42337],[6.04147,50.4233],[6.0411,50.42335],[6.04018,50.42377],[6.03833,50.42435],[6.03713,50.42505],[6.03313,50.42615],[6.03133,50.42647],[6.03037,50.4268],[6.02906,50.42732],[6.02828,50.42795],[6.02815,50.42824],[6.02831,50.42845],[6.02963,50.42894],[6.03031,50.42937],[6.03088,50.42988],[6.03168,50.43078],[6.0319,50.43113],[6.0319,50.43129],[6.0318,50.43141],[6.03123,50.4315],[6.03073,50.43179],[6.03043,50.43212],[6.03017,50.43317],[6.02988,50.43383],[6.02989,50.43453],[6.03029,50.43518],[6.03065,50.43551],[6.03145,50.43591],[6.03361,50.43722],[6.03482,50.43774],[6.03547,50.43825],[6.03585,50.4384],[6.03751,50.43864],[6.03881,50.4386],[6.04084,50.43896],[6.04124,50.43893],[6.04179,50.43877],[6.04255,50.43876],[6.04291,50.43883],[6.04423,50.43932],[6.045,50.43931],[6.04559,50.4394],[6.04634,50.43928],[6.04668,50.43958],[6.04752,50.44057],[6.04757,50.44112],[6.04715,50.44185],[6.04728,50.44258],[6.04738,50.44276],[6.04792,50.44318],[6.04837,50.44335],[6.05044,50.44354],[6.05106,50.44385],[6.05129,50.44409],[6.05128,50.44423],[6.0511,50.44424],[6.05046,50.44395],[6.05006,50.44386],[6.04715,50.44386],[6.04554,50.44358],[6.04539,50.44364],[6.0453,50.44379],[6.04565,50.44439],[6.04562,50.44463],[6.04545,50.44497],[6.04505,50.44431],[6.0449,50.44437],[6.04461,50.4447],[6.0444,50.44381],[6.04398,50.4433],[6.04374,50.44316],[6.04282,50.44292],[6.04209,50.44288],[6.0405,50.44241],[6.03954,50.44227],[6.0386,50.44223],[6.03802,50.44208],[6.03751,50.44184],[6.03506,50.44152],[6.03282,50.44097],[6.0322,50.4409],[6.03128,50.44096],[6.03121,50.44075],[6.0313,50.44048],[6.03081,50.44009],[6.03062,50.43958],[6.02967,50.43905],[6.02934,50.43875],[6.02795,50.43782],[6.02674,50.43626],[6.02661,50.43547],[6.02638,50.43491],[6.02653,50.43449],[6.02677,50.43412],[6.02658,50.43366],[6.02671,50.43325],[6.02616,50.43312],[6.02583,50.4332],[6.02502,50.43358],[6.02444,50.43364],[6.02405,50.43355],[6.02553,50.43283],[6.0258,50.43248],[6.02576,50.43231],[6.02545,50.43187],[6.02459,50.43133],[6.02443,50.43109],[6.02456,50.43022],[6.02482,50.42981],[6.02477,50.42962],[6.02456,50.42942],[6.02397,50.42927],[6.02225,50.42952],[6.02196,50.42948],[6.02186,50.4294],[6.02186,50.42928],[6.02245,50.42876],[6.02231,50.42832],[6.02211,50.42814],[6.01922,50.42738],[6.01751,50.42702],[6.01627,50.42634],[6.01545,50.42602],[6.01496,50.42593],[6.01397,50.4259],[6.01359,50.4258],[6.01213,50.42464],[6.0112,50.4241],[6.01098,50.42387],[6.01088,50.42353],[6.01046,50.42298],[6.01008,50.42267],[6.00879,50.42215],[6.00631,50.4213],[6.00455,50.42087],[6.00261,50.42014],[6.0017,50.41997],[6.00125,50.41977],[6.00008,50.41947],[5.99914,50.41913],[5.99795,50.41854],[5.99769,50.41825],[5.99716,50.41792],[5.9962,50.41747],[5.99586,50.41689],[5.99545,50.41659],[5.99419,50.41604],[5.99422,50.41575],[5.9928,50.41548],[5.99266,50.41493],[5.99204,50.41412],[5.99211,50.41393],[5.99252,50.41388],[5.99256,50.41381],[5.99199,50.41328],[5.99165,50.41272],[5.99158,50.41248],[5.99161,50.41213],[5.99142,50.41172],[5.99145,50.41116],[5.99231,50.41025],[5.99261,50.4097],[5.99288,50.40945],[5.99383,50.40913],[5.99511,50.40826]],[[6.04629,50.44251],[6.04504,50.44214],[6.04463,50.44185],[6.04458,50.44158],[6.04508,50.44157],[6.04632,50.44212],[6.04638,50.44237],[6.04629,50.44251]],[[6.04212,50.42322],[6.04195,50.42301],[6.0421,50.42286],[6.04227,50.42298],[6.04212,50.42322]],[[5.9867,50.41417],[5.9871,50.41447],[5.98922,50.4155],[5.98951,50.41574],[5.98962,50.41619],[5.99002,50.4166],[5.99058,50.41651],[5.99102,50.41657],[5.99102,50.41667],[5.99079,50.41688],[5.99102,50.41706],[5.99162,50.41746],[5.9937,50.4186],[5.99436,50.41912],[5.99519,50.4196],[5.99637,50.4208],[5.99665,50.4213],[5.99668,50.42175],[5.99651,50.42193],[5.99587,50.422],[5.99545,50.42111],[5.99506,50.42167],[5.99475,50.42177],[5.99449,50.42175],[5.99419,50.42161],[5.99385,50.42127],[5.99321,50.42107],[5.99298,50.42074],[5.99136,50.41959],[5.9892,50.41906],[5.98866,50.41907],[5.98851,50.41932],[5.98852,50.42001],[5.989,50.42092],[5.98897,50.42109],[5.98877,50.42139],[5.98845,50.42147],[5.98819,50.42143],[5.9867,50.4207]],[[6.04254,50.42191],[6.04254,50.42184],[6.04254,50.42191]],[[5.9917,50.41697],[5.99145,50.41688],[5.99174,50.41686],[5.9917,50.41697]],[[5.99129,50.41621],[5.99118,50.41598],[5.9912,50.41575],[5.99175,50.41576],[5.99178,50.41608],[5.99129,50.41621]]]}},{"type":"Feature","properties":{"ele":370},"geometry":{"type":"MultiLineString","coordinates":[[[5.99829,50.40826],[5.99853,50.40855],[6.00038,50.40938],[6.00167,50.4105],[6.0032,50.41131],[6.00413,50.4119],[6.00459,50.41199],[6.00517,50.4119],[6.00616,50.4119],[6.0072,50.4121],[6.00768,50.41194],[6.00795,50.41158],[6.00839,50.41153],[6.00861,50.41218],[6.00922,50.41268],[6.00941,50.41297],[6.0098,50.41428],[6.01002,50.41466],[6.01063,50.41443],[6.01212,50.41437],[6.0118,50.4149],[6.01219,50.41516],[6.01381,50.41565],[6.01501,50.41582],[6.01579,50.41607],[6.01601,50.41605],[6.01637,50.41581],[6.01672,50.41583],[6.01699,50.41603],[6.01703,50.41636],[6.01763,50.41667],[6.02008,50.41741],[6.0209,50.41788],[6.02373,50.41887],[6.02407,50.41908],[6.02426,50.41934],[6.02464,50.41946],[6.02506,50.41972],[6.02625,50.42005],[6.02751,50.42051],[6.02798,50.42048],[6.02891,50.42072],[6.03,50.42086],[6.03043,50.42105],[6.03074,50.42109],[6.03177,50.42102],[6.03371,50.42128],[6.03454,50.4213],[6.03626,50.42111],[6.03745,50.42124],[6.03809,50.42141],[6.03897,50.42145],[6.03999,50.42129],[6.04023,50.42098],[6.04044,50.42045],[6.04076,50.42015],[6.0422,50.4194],[6.04381,50.41883],[6.0442,50.41853],[6.04543,50.41882],[6.04638,50.41926],[6.0473,50.41947],[6.04829,50.41952],[6.04918,50.41917],[6.04959,50.4192],[6.04967,50.4194],[6.04905,50.42014],[6.04912,50.42045],[6.04901,50.42054],[6.04795,50.42076],[6.04753,50.42076],[6.04621,50.42029],[6.04558,50.42025],[6.04504,50.42048],[6.04425,50.42106],[6.04334,50.42158],[6.04329,50.42185],[6.04334,50.42286],[6.04295,50.42409],[6.04275,50.42515],[6.04258,50.42534],[6.04248,50.42531],[6.04232,50.42496],[6.04204,50.42469],[6.04148,50.4236],[6.04128,50.42351],[6.04063,50.42381],[6.03996,50.42397],[6.0389,50.42439],[6.03795,50.42497],[6.03622,50.42571],[6.03485,50.42609],[6.0314,50.42662],[6.02919,50.42742],[6.0287,50.42799],[6.02861,50.42817],[6.02864,50.4283],[6.02902,50.42845],[6.03001,50.4286],[6.03048,50.42881],[6.03212,50.43074],[6.03271,50.43178],[6.03267,50.43187],[6.0325,50.43188],[6.03137,50.4317],[6.03095,50.43186],[6.03074,50.43205],[6.03055,50.43234],[6.03052,50.43273],[6.03014,50.43376],[6.03017,50.43453],[6.03054,50.43514],[6.03088,50.43547],[6.03292,50.43662],[6.03373,50.43717],[6.03503,50.43771],[6.03585,50.43828],[6.03751,50.43851],[6.03884,50.4385],[6.04084,50.43883],[6.04194,50.43863],[6.04267,50.43859],[6.04313,50.43869],[6.04418,50.4391],[6.04444,50.43912],[6.04569,50.43906],[6.0467,50.4388],[6.04678,50.43911],[6.04708,50.43965],[6.04761,50.4402],[6.04786,50.44064],[6.04782,50.44123],[6.04748,50.44187],[6.04765,50.44215],[6.04763,50.44265],[6.04795,50.44298],[6.04855,50.44317],[6.05032,50.44336],[6.05128,50.44354],[6.0517,50.44382],[6.05204,50.4444],[6.05266,50.44493],[6.05271,50.44526],[6.05259,50.44595],[6.05296,50.44637],[6.05343,50.44639],[6.05415,50.44601],[6.05502,50.44576],[6.05549,50.4458],[6.05632,50.44601],[6.05744,50.44691],[6.05828,50.44716],[6.05837,50.44727],[6.05882,50.44682],[6.05886,50.44693],[6.0588,50.44716],[6.05841,50.44744],[6.05836,50.44769],[6.05803,50.44774],[6.05751,50.44772],[6.05621,50.44723],[6.05553,50.44714],[6.05429,50.44726],[6.05329,50.44769],[6.05241,50.44756],[6.05184,50.44738],[6.05086,50.44688],[6.05048,50.4465],[6.05044,50.446],[6.05093,50.44519],[6.05102,50.44477],[6.05083,50.44442],[6.05056,50.44422],[6.04995,50.44405],[6.04642,50.44395],[6.04606,50.4441],[6.04618,50.44449],[6.04551,50.44606],[6.04499,50.44623],[6.04456,50.44659],[6.04474,50.44712],[6.04469,50.44724],[6.04456,50.44727],[6.04422,50.44698],[6.04382,50.44699],[6.04376,50.44692],[6.04408,50.44654],[6.04417,50.44585],[6.04404,50.44519],[6.04403,50.44425],[6.0438,50.4435],[6.04326,50.44361],[6.04094,50.44298],[6.04042,50.44271],[6.03928,50.44249],[6.03879,50.44257],[6.03834,50.44291],[6.03795,50.443],[6.03754,50.44259],[6.03673,50.44226],[6.03272,50.44125],[6.0321,50.44131],[6.03042,50.44186],[6.03001,50.44188],[6.03048,50.44151],[6.03088,50.44105],[6.03084,50.44073],[6.03091,50.44048],[6.03052,50.44007],[6.03026,50.43991],[6.03017,50.43962],[6.02956,50.43922],[6.02922,50.43881],[6.02792,50.43797],[6.02724,50.4371],[6.02665,50.43655],[6.02649,50.43623],[6.02637,50.43545],[6.02611,50.43494],[6.02643,50.43411],[6.02628,50.43382],[6.02629,50.43348],[6.02583,50.43345],[6.02503,50.43375],[6.02444,50.43386],[6.02313,50.43391],[6.02235,50.43382],[6.02417,50.43325],[6.02524,50.43274],[6.02539,50.43259],[6.02545,50.43243],[6.02528,50.4321],[6.02468,50.43165],[6.02413,50.43135],[6.02402,50.43116],[6.02434,50.43022],[6.02459,50.42987],[6.02462,50.42964],[6.02423,50.42943],[6.02392,50.42941],[6.02252,50.4296],[6.02169,50.43],[6.02121,50.42999],[6.02108,50.42984],[6.02107,50.42964],[6.02175,50.42914],[6.02207,50.42881],[6.02218,50.42854],[6.02212,50.42827],[6.01911,50.42745],[6.01721,50.42704],[6.01636,50.42651],[6.01543,50.42614],[6.01337,50.42592],[6.01215,50.42486],[6.01141,50.4245],[6.01086,50.4241],[6.0106,50.42342],[6.01031,50.423],[6.00999,50.42273],[6.00672,50.42157],[6.0055,50.4214],[6.00309,50.42066],[6.0023,50.42032],[6.00129,50.42024],[6.00091,50.41992],[5.99882,50.41923],[5.99797,50.41881],[5.99683,50.41797],[5.99583,50.4175],[5.99541,50.41715],[5.99441,50.41657],[5.99332,50.41577],[5.99277,50.41568],[5.99243,50.41572],[5.99235,50.41585],[5.99232,50.41634],[5.99166,50.4166],[5.9922,50.41673],[5.99299,50.41706],[5.99304,50.41724],[5.99276,50.41769],[5.99294,50.41799],[5.99373,50.4183],[5.99422,50.41823],[5.99419,50.41855],[5.99441,50.41888],[5.9948,50.41912],[5.99553,50.41931],[5.99714,50.42047],[5.99732,50.42078],[5.99776,50.42209],[5.99856,50.4229],[5.99879,50.42328],[5.99806,50.42359],[5.99754,50.42349],[5.99706,50.42356],[5.9963,50.42328],[5.99509,50.42265],[5.99412,50.42287],[5.99332,50.42273],[5.99232,50.42191],[5.99204,50.42132],[5.9917,50.42099],[5.99053,50.42032],[5.98959,50.42008],[5.98923,50.42007],[5.98915,50.42026],[5.98919,50.42049],[5.98945,50.42081],[5.98945,50.42133],[5.98975,50.42182],[5.98991,50.42231],[5.98987,50.42248],[5.98962,50.42271],[5.98834,50.42255],[5.98795,50.42243],[5.9867,50.42152]],[[6.0592,50.44592],[6.05905,50.44578],[6.05902,50.4456],[6.0591,50.44541],[6.05925,50.44536],[6.05951,50.44551],[6.0592,50.44592]],[[6.06045,50.44558],[6.06014,50.44546],[6.06062,50.4452],[6.06143,50.44523],[6.06129,50.44548],[6.0609,50.4456],[6.06045,50.44558]],[[6.06587,50.44336],[6.06581,50.44327],[6.06586,50.4432],[6.06592,50.44326],[6.06587,50.44336]],[[6.04504,50.4419],[6.04503,50.44185],[6.04518,50.44187],[6.04504,50.4419]],[[6.05254,50.42271],[6.05244,50.42242],[6.05169,50.42193],[6.05102,50.42123],[6.05054,50.42095],[6.04982,50.42075],[6.05019,50.42054],[6.05046,50.42014],[6.05087,50.41991],[6.05253,50.42076],[6.05282,50.42109],[6.05303,50.42147],[6.05319,50.4222],[6.05315,50.42244],[6.05297,50.42272],[6.05254,50.42271]],[[6.04754,50.42036],[6.04733,50.42019],[6.04752,50.42013],[6.04775,50.42019],[6.04754,50.42036]],[[5.99471,50.40826],[5.99375,50.40887],[5.99257,50.40949],[5.99238,50.40968],[5.99212,50.41021],[5.99139,50.41049],[5.99138,50.41078],[5.99107,50.41133],[5.99103,50.41182],[5.99119,50.41267],[5.99147,50.41317],[5.9915,50.41373],[5.99239,50.41501],[5.99236,50.41529],[5.99216,50.41557],[5.99128,50.41548],[5.99044,50.4152],[5.99074,50.41604],[5.99042,50.41616],[5.99002,50.41605],[5.99021,50.41575],[5.98999,50.41552],[5.98838,50.41451],[5.98734,50.41403],[5.9872,50.4138],[5.98729,50.41331],[5.98721,50.41302],[5.9867,50.4127]],[[6.0117,50.41525],[6.01163,50.41517],[6.01173,50.41502],[6.01187,50.41519],[6.0117,50.41525]]]}},{"type":"Feature","properties":{"ele":380},"geometry":{"type":"MultiLineString","coordinates":[[[5.99921,50.40826],[6.00171,50.40965],[6.00263,50.41003],[6.00453,50.41064],[6.00541,50.41106],[6.0063,50.41131],[6.00754,50.41139],[6.0086,50.41087],[6.00886,50.41088],[6.009,50.41109],[6.00891,50.41175],[6.00896,50.41206],[6.00957,50.41278],[6.01002,50.41392],[6.01044,50.4141],[6.01152,50.41402],[6.01229,50.4141],[6.01256,50.41435],[6.01227,50.41481],[6.0123,50.41492],[6.01245,50.41502],[6.0142,50.41549],[6.0148,50.41547],[6.01545,50.4152],[6.01683,50.41529],[6.01728,50.41546],[6.01728,50.41581],[6.01793,50.41632],[6.01945,50.41688],[6.02046,50.41711],[6.02295,50.41803],[6.02404,50.41833],[6.02632,50.41934],[6.02813,50.41989],[6.0309,50.42026],[6.03177,50.42048],[6.03298,50.42064],[6.03449,50.42067],[6.03558,50.42052],[6.03678,50.42054],[6.03749,50.42068],[6.03902,50.42116],[6.03949,50.42119],[6.03972,50.42112],[6.03999,50.42088],[6.04031,50.42021],[6.0405,50.42003],[6.04167,50.41937],[6.04319,50.4188],[6.04346,50.41859],[6.04345,50.41848],[6.04328,50.41839],[6.0419,50.41803],[6.0419,50.41791],[6.04211,50.41781],[6.04293,50.41795],[6.04386,50.41792],[6.04507,50.41853],[6.04632,50.4188],[6.04671,50.41909],[6.04725,50.41928],[6.04819,50.41931],[6.04884,50.41912],[6.04891,50.41885],[6.0487,50.41859],[6.04861,50.41814],[6.04769,50.41718],[6.04668,50.41633],[6.04657,50.41607],[6.04668,50.41592],[6.04735,50.4163],[6.04796,50.41687],[6.05006,50.41853],[6.05034,50.41894],[6.05045,50.41937],[6.05088,50.41938],[6.05136,50.41911],[6.05213,50.41893],[6.05263,50.41856],[6.05358,50.41805],[6.0541,50.41742],[6.05426,50.41738],[6.05446,50.41758],[6.05449,50.41772],[6.05409,50.41805],[6.05387,50.4191],[6.05375,50.41933],[6.05329,50.41968],[6.05364,50.41996],[6.05373,50.42051],[6.05426,50.421],[6.05431,50.4213],[6.05467,50.42159],[6.05476,50.42196],[6.055,50.42218],[6.05549,50.42241],[6.05577,50.42264],[6.05625,50.42331],[6.05682,50.42377],[6.05683,50.42383],[6.05657,50.42402],[6.05654,50.42413],[6.05729,50.42492],[6.05628,50.42493],[6.05579,50.42472],[6.05504,50.42465],[6.05364,50.42413],[6.05296,50.42353],[6.052,50.42246],[6.05096,50.42148],[6.05051,50.42124],[6.04995,50.42141],[6.04925,50.42137],[6.04837,50.42094],[6.0473,50.42086],[6.04596,50.42042],[6.04544,50.42048],[6.04497,50.42073],[6.04474,50.42107],[6.04426,50.42135],[6.04372,50.42189],[6.04367,50.42224],[6.04383,50.42271],[6.04325,50.42415],[6.0433,50.42519],[6.04321,50.42571],[6.04298,50.4264],[6.04254,50.42719],[6.04222,50.42689],[6.0421,50.4264],[6.0421,50.4263],[6.04233,50.42605],[6.0423,50.42582],[6.04133,50.42401],[6.0409,50.42394],[6.03998,50.42409],[6.03812,50.42526],[6.03754,50.42576],[6.03684,50.42604],[6.03591,50.42619],[6.03536,50.42647],[6.03449,50.4264],[6.0334,50.42642],[6.0322,50.42671],[6.03128,50.42683],[6.03031,50.42714],[6.02977,50.42744],[6.0292,50.42792],[6.02918,50.42804],[6.02941,50.42818],[6.0305,50.42849],[6.03096,50.42876],[6.03177,50.42991],[6.03237,50.4305],[6.03289,50.43136],[6.03378,50.43187],[6.03397,50.43211],[6.03379,50.43218],[6.03309,50.43218],[6.03172,50.43183],[6.03131,50.43183],[6.03115,50.43191],[6.03076,50.43231],[6.03074,50.43247],[6.03089,50.43271],[6.0306,50.43307],[6.03036,50.43377],[6.03046,50.43463],[6.03084,50.43522],[6.03165,50.43578],[6.03253,50.43632],[6.03314,50.43659],[6.03386,50.4371],[6.03515,50.43766],[6.03576,50.43807],[6.03605,50.43817],[6.03746,50.43837],[6.03902,50.43845],[6.04069,50.4387],[6.04272,50.43836],[6.04369,50.43857],[6.04415,50.43884],[6.04465,50.43892],[6.0459,50.43885],[6.04669,50.43826],[6.04722,50.43825],[6.04727,50.43928],[6.04746,50.43966],[6.04806,50.44044],[6.04824,50.44135],[6.04872,50.44189],[6.04857,50.44216],[6.04794,50.44241],[6.04795,50.44271],[6.04842,50.44298],[6.05056,50.44322],[6.05186,50.44351],[6.05236,50.44425],[6.05295,50.44493],[6.05301,50.44529],[6.0529,50.44584],[6.05296,50.44603],[6.0532,50.44612],[6.05346,50.44613],[6.05442,50.44574],[6.05558,50.44562],[6.05632,50.44575],[6.05685,50.446],[6.05711,50.44632],[6.05746,50.44631],[6.05799,50.44609],[6.05875,50.44516],[6.05921,50.4449],[6.0597,50.44485],[6.06074,50.44503],[6.06136,50.44505],[6.06323,50.44455],[6.06339,50.44456],[6.06342,50.44465],[6.06292,50.44477],[6.06126,50.44575],[6.06017,50.44584],[6.05971,50.44602],[6.05939,50.44654],[6.05928,50.44696],[6.05877,50.44742],[6.05853,50.44797],[6.05833,50.44805],[6.0573,50.4478],[6.05574,50.44725],[6.05455,50.44734],[6.05334,50.4478],[6.05267,50.44777],[6.05211,50.44763],[6.05163,50.44746],[6.05072,50.44694],[6.0503,50.44656],[6.05026,50.44606],[6.05067,50.44526],[6.05076,50.44488],[6.05072,50.4446],[6.05051,50.44433],[6.04907,50.44416],[6.04684,50.44424],[6.04668,50.4443],[6.04629,50.44494],[6.04617,50.44553],[6.04585,50.44629],[6.04519,50.44663],[6.04525,50.44713],[6.04514,50.44743],[6.04465,50.44759],[6.04402,50.44747],[6.04356,50.44726],[6.04341,50.44706],[6.04346,50.44685],[6.04383,50.4463],[6.04393,50.44595],[6.04376,50.44547],[6.04385,50.44467],[6.0438,50.44434],[6.04336,50.4441],[6.041,50.44339],[6.04031,50.44304],[6.03928,50.44278],[6.03888,50.44286],[6.0381,50.44333],[6.03747,50.44327],[6.03666,50.44273],[6.03577,50.44251],[6.03381,50.44174],[6.03277,50.44149],[6.03207,50.44157],[6.03058,50.44225],[6.02917,50.44216],[6.02941,50.4419],[6.03038,50.44127],[6.03059,50.44098],[6.03067,50.44047],[6.03044,50.44022],[6.02994,50.43996],[6.02973,50.43964],[6.02894,50.4388],[6.02765,50.43795],[6.02711,50.43716],[6.02675,50.43682],[6.02602,50.43658],[6.02625,50.43599],[6.02608,50.4354],[6.02584,50.43494],[6.02613,50.43415],[6.02592,50.43375],[6.02569,50.43374],[6.02465,50.434],[6.02256,50.43415],[6.02171,50.43439],[6.02133,50.43399],[6.02106,50.43383],[6.02211,50.4335],[6.02382,50.43318],[6.02489,50.43267],[6.0251,50.4325],[6.02502,50.43218],[6.02467,50.43186],[6.02359,50.43138],[6.02344,50.43123],[6.02349,50.43103],[6.02383,50.43081],[6.02403,50.43053],[6.02426,50.42992],[6.02424,50.42963],[6.02297,50.42963],[6.02263,50.42972],[6.02124,50.43066],[6.02024,50.43055],[6.02018,50.43043],[6.02048,50.4302],[6.02062,50.42963],[6.02077,50.42939],[6.02138,50.42916],[6.02185,50.42881],[6.02194,50.42852],[6.02174,50.42826],[6.01842,50.42741],[6.01675,50.42714],[6.01629,50.42659],[6.01543,50.42627],[6.01392,50.42621],[6.01303,50.42647],[6.0128,50.42643],[6.01265,50.42626],[6.01267,50.42579],[6.01233,50.4252],[6.01205,50.42499],[6.01099,50.42461],[6.01055,50.42404],[6.01046,50.42353],[6.01017,50.42302],[6.0097,50.42273],[6.00657,50.42168],[6.00548,50.42178],[6.00412,50.42145],[6.00334,50.4216],[6.00288,50.42137],[6.00241,50.42074],[6.00113,50.42056],[6.0,50.41993],[5.99772,50.41898],[5.99746,50.41896],[5.99712,50.41911],[5.99631,50.41866],[5.99548,50.41835],[5.99525,50.41844],[5.99519,50.41859],[5.99575,50.41908],[5.99711,50.41994],[5.99796,50.42018],[5.99806,50.4203],[5.99818,50.42064],[5.99807,50.42113],[5.9982,50.42182],[5.99834,50.42214],[5.99954,50.42331],[6.00017,50.42377],[6.0005,50.42434],[6.00044,50.42462],[6.00027,50.42491],[6.00031,50.42526],[6.00009,50.42554],[5.9996,50.42557],[5.99909,50.42522],[5.9987,50.42509],[5.99772,50.42509],[5.99678,50.42484],[5.99584,50.42483],[5.99505,50.42447],[5.9946,50.42441],[5.99379,50.42402],[5.99291,50.42387],[5.99255,50.42348],[5.99202,50.42337],[5.99168,50.42315],[5.99125,50.423],[5.99081,50.42215],[5.9908,50.4219],[5.99054,50.42173],[5.99039,50.42181],[5.99037,50.42258],[5.99022,50.42278],[5.98985,50.42288],[5.98871,50.4229],[5.98844,50.42302],[5.98865,50.4236],[5.98931,50.42405],[5.98921,50.42423],[5.98878,50.42393],[5.98829,50.42383],[5.98754,50.42334],[5.98715,50.42292],[5.9867,50.42268]],[[6.05795,50.44691],[6.05789,50.44687],[6.05794,50.44681],[6.05807,50.44686],[6.05795,50.44691]],[[6.06462,50.44455],[6.06441,50.44435],[6.06529,50.4439],[6.06537,50.44376],[6.06533,50.44349],[6.06539,50.44326],[6.06583,50.4429],[6.06674,50.44261],[6.0674,50.44251],[6.06755,50.44256],[6.06758,50.44275],[6.06751,50.4429],[6.0667,50.443],[6.06633,50.4433],[6.0656,50.44414],[6.06519,50.4444],[6.06462,50.44455]],[[5.99129,50.42224],[5.99103,50.42214],[5.9913,50.42209],[5.99129,50.42224]],[[5.99712,50.41901],[5.99704,50.41882],[5.99713,50.41877],[5.99721,50.41884],[5.99712,50.41901]],[[5.99504,50.41848],[5.99493,50.41823],[5.99504,50.41817],[5.99523,50.41823],[5.99525,50.41831],[5.99504,50.41848]],[[5.99379,50.41758],[5.99365,50.4174],[5.9939,50.41742],[5.99379,50.41758]],[[5.99425,50.40826],[5.99342,50.40884],[5.99246,50.40936],[5.9918,50.41001],[5.99115,50.41023],[5.99102,50.41047],[5.991,50.41101],[5.99064,50.41144],[5.99068,50.41213],[5.99112,50.41352],[5.99194,50.41488],[5.99192,50.41501],[5.99173,50.41521],[5.99044,50.41503],[5.98915,50.41458],[5.98832,50.41412],[5.98799,50.41383],[5.98785,50.41321],[5.98752,50.41272],[5.9867,50.41256]]]}},{"type":"Feature","properties":{"ele":390},"geometry":{"type":"MultiLineString","coordinates":[[[6.04045,50.44993],[6.0403,50.44968],[6.04043,50.44957],[6.04056,50.44966],[6.04045,50.44993]],[[6.04087,50.44903],[6.04074,50.44879],[6.0408,50.44852],[6.04132,50.44849],[6.04126,50.44873],[6.04087,50.44903]],[[6.00079,50.40826],[6.0013,50.40848],[6.00175,50.40907],[6.00212,50.40937],[6.0035,50.40989],[6.00511,50.40992],[6.00657,50.41032],[6.00789,50.41055],[6.00907,50.41038],[6.00979,50.41047],[6.00988,50.41057],[6.00988,50.41073],[6.00941,50.4111],[6.00923,50.41185],[6.00935,50.41213],[6.00983,50.41272],[6.01029,50.41375],[6.0105,50.41388],[6.01175,50.41381],[6.01272,50.41404],[6.01283,50.41422],[6.01257,50.41474],[6.0127,50.41495],[6.01418,50.41514],[6.01584,50.41482],[6.01657,50.41481],[6.01719,50.41491],[6.01811,50.41546],[6.01765,50.41578],[6.01786,50.41604],[6.01809,50.41615],[6.02096,50.41686],[6.02336,50.41771],[6.02536,50.41832],[6.02745,50.41915],[6.02877,50.41947],[6.0298,50.41947],[6.03136,50.41983],[6.03223,50.41993],[6.03289,50.42024],[6.0332,50.42021],[6.03366,50.42003],[6.03423,50.42007],[6.03505,50.41989],[6.036,50.4199],[6.03789,50.42021],[6.03811,50.4205],[6.0385,50.42065],[6.03962,50.42077],[6.03987,50.4205],[6.03987,50.42012],[6.04001,50.41986],[6.04123,50.41917],[6.04223,50.4188],[6.04215,50.41853],[6.04115,50.4183],[6.03992,50.4177],[6.03991,50.41748],[6.04003,50.41715],[6.04053,50.41698],[6.04105,50.41704],[6.04287,50.41752],[6.04424,50.41767],[6.04596,50.41851],[6.04672,50.41869],[6.04712,50.41909],[6.04772,50.41916],[6.04835,50.41907],[6.04851,50.4188],[6.04839,50.41825],[6.0477,50.41743],[6.04625,50.41613],[6.04546,50.41573],[6.04442,50.41551],[6.04363,50.41521],[6.04316,50.41494],[6.04316,50.41481],[6.04332,50.41459],[6.04379,50.41428],[6.04407,50.4142],[6.0449,50.41417],[6.04515,50.41425],[6.0454,50.41466],[6.04605,50.41518],[6.04678,50.41546],[6.04798,50.41659],[6.05003,50.41824],[6.05096,50.4188],[6.05133,50.41882],[6.05188,50.41869],[6.05299,50.41817],[6.0535,50.4177],[6.0538,50.41716],[6.05414,50.41679],[6.05459,50.41667],[6.05477,50.41772],[6.05457,50.41826],[6.05457,50.41848],[6.0547,50.41908],[6.05491,50.41946],[6.05505,50.42016],[6.05533,50.42054],[6.05617,50.42133],[6.0561,50.42156],[6.05569,50.42179],[6.05564,50.42191],[6.05664,50.42245],[6.05701,50.42275],[6.05759,50.42298],[6.05785,50.42361],[6.0587,50.42439],[6.0595,50.42496],[6.05969,50.42519],[6.05965,50.42529],[6.05912,50.42541],[6.05711,50.42521],[6.05572,50.42492],[6.0538,50.42437],[6.0533,50.42409],[6.05175,50.42242],[6.05087,50.42175],[6.05005,50.4219],[6.04968,50.42189],[6.04799,50.42155],[6.04679,50.42145],[6.04658,50.42131],[6.04737,50.42105],[6.04643,50.42073],[6.0454,50.42073],[6.04537,50.42083],[6.04554,50.42107],[6.04418,50.42217],[6.04412,50.42243],[6.04424,50.42271],[6.04403,50.42304],[6.04356,50.42418],[6.04361,50.42512],[6.04355,50.42557],[6.04292,50.42732],[6.04292,50.42746],[6.04325,50.42783],[6.0438,50.42882],[6.04389,50.42903],[6.04385,50.42915],[6.04344,50.42906],[6.04249,50.42861],[6.04168,50.42776],[6.04165,50.42672],[6.04196,50.42606],[6.04196,50.42578],[6.04126,50.42441],[6.04074,50.42419],[6.04037,50.42421],[6.03997,50.42434],[6.03929,50.42498],[6.03856,50.42543],[6.03797,50.42609],[6.03754,50.42638],[6.03632,50.42643],[6.03546,50.42688],[6.03454,50.42663],[6.03327,50.42655],[6.03215,50.42688],[6.03077,50.42711],[6.03013,50.42747],[6.02993,50.42771],[6.03002,50.42799],[6.03125,50.42857],[6.03171,50.42908],[6.03212,50.42993],[6.0326,50.43021],[6.03313,50.43104],[6.03381,50.4313],[6.03424,50.43157],[6.0347,50.43208],[6.03477,50.43224],[6.03472,50.43243],[6.03431,50.43243],[6.03293,50.43226],[6.03178,50.43196],[6.03119,50.43206],[6.03087,50.43243],[6.03105,50.43272],[6.03077,50.43317],[6.03062,50.4338],[6.03073,50.43474],[6.03118,50.43527],[6.03246,50.43615],[6.03587,50.43796],[6.03637,50.43808],[6.04063,50.43859],[6.04173,50.43843],[6.0425,50.43817],[6.04282,50.43814],[6.04464,50.43861],[6.04569,50.43865],[6.0459,50.43861],[6.04632,50.43828],[6.04664,50.43815],[6.04752,50.43794],[6.04796,50.43794],[6.04767,50.43863],[6.04765,50.43918],[6.04784,50.43964],[6.04816,50.44005],[6.04856,50.44095],[6.04923,50.4413],[6.04935,50.44165],[6.04933,50.44188],[6.04919,50.44214],[6.04858,50.44247],[6.04846,50.4427],[6.04876,50.44283],[6.04971,50.44298],[6.05213,50.44326],[6.05253,50.4441],[6.05296,50.44449],[6.05315,50.44477],[6.05328,50.44522],[6.05325,50.44576],[6.05335,50.44586],[6.05559,50.44545],[6.05597,50.44547],[6.05741,50.44589],[6.05767,50.44589],[6.05798,50.44579],[6.05851,50.445],[6.05913,50.44462],[6.05969,50.44462],[6.06084,50.44494],[6.0613,50.44493],[6.06336,50.44427],[6.06438,50.44417],[6.06504,50.44382],[6.06501,50.44352],[6.06601,50.44248],[6.06725,50.44203],[6.06761,50.44209],[6.06796,50.44242],[6.06821,50.44298],[6.06876,50.44354],[6.06883,50.44408],[6.06903,50.44439],[6.06949,50.44457],[6.07008,50.44465],[6.07062,50.44495],[6.07041,50.44503],[6.06994,50.44497],[6.06784,50.44439],[6.06709,50.44389],[6.0667,50.44344],[6.06626,50.44374],[6.06591,50.44419],[6.06551,50.44446],[6.0648,50.4447],[6.06392,50.44469],[6.06328,50.44488],[6.06167,50.44574],[6.06161,50.44598],[6.06147,50.44609],[6.06123,50.44612],[6.06063,50.44599],[6.06006,50.44605],[6.05965,50.44658],[6.05949,50.44703],[6.05902,50.44752],[6.0588,50.44815],[6.0585,50.44823],[6.05751,50.448],[6.05578,50.44734],[6.05461,50.44743],[6.05382,50.4478],[6.05334,50.4479],[6.05267,50.44788],[6.05195,50.44771],[6.05042,50.4469],[6.0501,50.44655],[6.05003,50.44632],[6.05009,50.44609],[6.05056,50.44498],[6.05058,50.44471],[6.05049,50.44453],[6.05017,50.44442],[6.04911,50.44433],[6.04759,50.44439],[6.04711,50.44448],[6.04682,50.44471],[6.04661,50.44517],[6.04661,50.44557],[6.04637,50.44634],[6.04622,50.44653],[6.04575,50.44685],[6.04568,50.44741],[6.04548,50.44768],[6.04496,50.44786],[6.04449,50.44786],[6.04326,50.44746],[6.04309,50.44724],[6.04307,50.4469],[6.04345,50.4466],[6.04369,50.44602],[6.04338,50.44464],[6.04239,50.44439],[6.04192,50.44408],[6.04022,50.44341],[6.03902,50.44314],[6.03874,50.44319],[6.03794,50.44357],[6.0372,50.44352],[6.03515,50.44264],[6.03458,50.44229],[6.03365,50.44192],[6.03272,50.4417],[6.03198,50.44184],[6.03144,50.44216],[6.03088,50.44262],[6.03048,50.44279],[6.03,50.4425],[6.02879,50.44243],[6.02872,50.44214],[6.0289,50.44193],[6.02963,50.44162],[6.03012,50.44132],[6.03046,50.44077],[6.03051,50.44046],[6.02972,50.43993],[6.02876,50.43887],[6.02746,50.43803],[6.02711,50.43743],[6.02667,50.43696],[6.0262,50.4368],[6.0258,50.43682],[6.02547,50.43696],[6.02531,50.43689],[6.02527,50.43665],[6.02543,50.43632],[6.02589,50.43616],[6.02603,50.43601],[6.02564,50.43494],[6.02589,50.43406],[6.02544,50.43402],[6.0247,50.43417],[6.02258,50.43431],[6.02169,50.43473],[6.0212,50.43424],[6.01991,50.43382],[6.02054,50.43359],[6.02157,50.43343],[6.02209,50.43323],[6.02378,50.43301],[6.02474,50.43246],[6.02476,50.43231],[6.02466,50.43211],[6.02418,50.43189],[6.02322,50.43162],[6.0229,50.43113],[6.02291,50.431],[6.02344,50.43082],[6.02382,50.43052],[6.02388,50.43022],[6.02382,50.42991],[6.02308,50.42979],[6.02252,50.42992],[6.02189,50.43072],[6.02173,50.43081],[6.02037,50.43094],[6.01955,50.43089],[6.01918,50.43048],[6.02007,50.42994],[6.02003,50.42937],[6.02132,50.42899],[6.02164,50.42877],[6.02172,50.42851],[6.01797,50.42742],[6.01634,50.42742],[6.01619,50.42719],[6.01618,50.42682],[6.01584,50.4266],[6.01537,50.42644],[6.0148,50.4264],[6.01382,50.42646],[6.01296,50.42688],[6.01213,50.42663],[6.01212,50.42633],[6.01232,50.42567],[6.0122,50.4253],[6.01213,50.4252],[6.01178,50.42508],[6.01081,50.42494],[6.01058,50.42474],[6.01029,50.42415],[6.01019,50.42345],[6.01002,50.4231],[6.00984,50.42297],[6.00917,50.42279],[6.00832,50.42244],[6.00755,50.42226],[6.00673,50.42186],[6.00631,50.42188],[6.00547,50.42219],[6.00465,50.42186],[6.00423,50.42177],[6.00295,50.42187],[6.00252,50.42147],[6.00055,50.42073],[6.00006,50.42062],[5.99965,50.42067],[5.99914,50.42092],[5.99869,50.42135],[5.9986,50.42165],[5.99878,50.42215],[5.99964,50.42297],[6.00041,50.42329],[6.00064,50.42347],[6.00128,50.4242],[6.00161,50.42471],[6.00214,50.42493],[6.00255,50.42521],[6.00225,50.42536],[6.00163,50.42546],[6.00128,50.4256],[6.00102,50.42585],[6.00083,50.42631],[6.00056,50.4266],[5.99968,50.42706],[5.99938,50.42713],[5.99902,50.42705],[5.99837,50.42659],[5.99755,50.42616],[5.99662,50.42622],[5.99547,50.42613],[5.99535,50.42605],[5.99522,50.42574],[5.99495,50.4256],[5.99364,50.42551],[5.99209,50.42474],[5.99048,50.42446],[5.99035,50.42434],[5.99005,50.42368],[5.98986,50.42411],[5.98931,50.42469],[5.98876,50.42497],[5.98837,50.42493],[5.98795,50.42465],[5.98743,50.42445],[5.9867,50.4239]],[[5.99629,50.41913],[5.99629,50.41906],[5.99629,50.41913]],[[6.05462,50.41647],[6.05454,50.41606],[6.05419,50.41576],[6.05456,50.41556],[6.05466,50.41575],[6.05462,50.41647]],[[5.99388,50.40826],[5.99335,50.40868],[5.99212,50.40937],[5.99132,50.40993],[5.99085,50.41004],[5.99059,50.4102],[5.99071,50.41095],[5.99029,50.4113],[5.99025,50.41144],[5.99033,50.41185],[5.9903,50.4122],[5.99059,50.4129],[5.99069,50.41342],[5.99065,50.41357],[5.9904,50.41381],[5.99066,50.41415],[5.99075,50.41459],[5.99065,50.41473],[5.99027,50.41477],[5.9896,50.41438],[5.98969,50.41408],[5.98911,50.41387],[5.98891,50.41349],[5.9884,50.41322],[5.98796,50.4127],[5.9867,50.4124]],[[6.04212,50.4147],[6.0419,50.41462],[6.04213,50.41451],[6.0422,50.41464],[6.04212,50.4147]],[[5.99087,50.41393],[5.99076,50.41382],[5.99085,50.41375],[5.99087,50.41393]]]}},{"type":"Feature","properties":{"ele":410},"geometry":{"type":"MultiLineString","coordinates":[[[6.09045,50.45394],[6.09003,50.45359],[6.08955,50.45283],[6.08945,50.45248],[6.08948,50.45203],[6.08919,50.45161],[6.08921,50.45104],[6.08872,50.45081],[6.08748,50.45053],[6.08712,50.45018],[6.08675,50.44964],[6.08647,50.4495],[6.08596,50.44935],[6.08517,50.44924],[6.08376,50.44928],[6.08298,50.44921],[6.0817,50.44951],[6.081,50.44985],[6.08083,50.44983],[6.08076,50.44965],[6.0813,50.44946],[6.08171,50.44909],[6.08304,50.44845],[6.08548,50.44853],[6.08676,50.44878],[6.08701,50.44904],[6.08718,50.44935],[6.08789,50.45003],[6.08849,50.45018],[6.08948,50.45022],[6.08971,50.45038],[6.09003,50.45116],[6.08972,50.4521],[6.09003,50.45249],[6.09023,50.45324],[6.09046,50.45353],[6.09052,50.45378],[6.09045,50.45394]],[[6.03879,50.45135],[6.03872,50.45132],[6.03887,50.45132],[6.03879,50.45135]],[[6.00266,50.40826],[6.0029,50.40866],[6.00337,50.40888],[6.00454,50.40896],[6.00583,50.40881],[6.00662,50.40884],[6.00881,50.40933],[6.00938,50.40926],[6.01048,50.40897],[6.01135,50.40902],[6.01146,50.40918],[6.01096,50.4107],[6.01022,50.4111],[6.01003,50.41131],[6.00992,50.41161],[6.01001,50.41193],[6.01114,50.41262],[6.0112,50.41276],[6.01113,50.41307],[6.0112,50.41326],[6.01209,50.41339],[6.01255,50.41354],[6.01265,50.41326],[6.01381,50.4129],[6.01397,50.41326],[6.01364,50.4136],[6.01381,50.4141],[6.01337,50.41437],[6.01423,50.4146],[6.01536,50.41446],[6.01596,50.41426],[6.01704,50.4143],[6.01754,50.41404],[6.01798,50.41405],[6.01882,50.41458],[6.01903,50.41529],[6.01892,50.41577],[6.01929,50.41604],[6.02246,50.41696],[6.02339,50.41714],[6.02589,50.41791],[6.02715,50.41809],[6.02957,50.41885],[6.03079,50.41868],[6.03178,50.41894],[6.03433,50.41888],[6.03709,50.41925],[6.03803,50.41919],[6.03887,50.41894],[6.03904,50.41879],[6.03906,50.41859],[6.03835,50.41804],[6.03818,50.41779],[6.03808,50.41751],[6.03808,50.41706],[6.03792,50.41658],[6.03879,50.41585],[6.03962,50.41548],[6.04006,50.41537],[6.04121,50.4154],[6.04174,50.4152],[6.04127,50.41494],[6.04048,50.41431],[6.03962,50.41442],[6.03919,50.41425],[6.039,50.41404],[6.03895,50.41355],[6.03859,50.41326],[6.03861,50.41302],[6.0392,50.41268],[6.03972,50.41296],[6.03966,50.41307],[6.03937,50.41323],[6.03947,50.41332],[6.04045,50.41326],[6.04082,50.41313],[6.04105,50.41295],[6.04153,50.41215],[6.04206,50.41156],[6.04267,50.41136],[6.04305,50.41105],[6.04355,50.41084],[6.04421,50.41076],[6.04453,50.4111],[6.04508,50.41125],[6.04574,50.41168],[6.04628,50.41188],[6.04665,50.41244],[6.04717,50.41255],[6.04734,50.41279],[6.04742,50.41314],[6.04735,50.41397],[6.04747,50.4146],[6.04749,50.41519],[6.04792,50.41605],[6.05037,50.41776],[6.05188,50.41808],[6.0523,50.41808],[6.05273,50.41793],[6.05297,50.41774],[6.05337,50.41705],[6.0536,50.41633],[6.05333,50.4155],[6.05342,50.4152],[6.05328,50.41487],[6.05377,50.41403],[6.05412,50.4139],[6.05469,50.41385],[6.05518,50.41353],[6.05594,50.41334],[6.05739,50.4127],[6.05757,50.41269],[6.05838,50.41298],[6.05847,50.41331],[6.05841,50.41362],[6.05768,50.41381],[6.05789,50.41396],[6.05837,50.41408],[6.05819,50.41432],[6.05667,50.41513],[6.05581,50.41544],[6.05538,50.4158],[6.05521,50.41637],[6.05519,50.41738],[6.05537,50.41801],[6.05561,50.41827],[6.05565,50.41853],[6.05583,50.41863],[6.05636,50.41859],[6.05674,50.4187],[6.05739,50.41942],[6.05978,50.42135],[6.06011,50.42185],[6.06012,50.42241],[6.06056,50.4228],[6.06065,50.4239],[6.06084,50.42465],[6.0613,50.42518],[6.06182,50.42544],[6.06213,50.42597],[6.06217,50.42637],[6.0619,50.42696],[6.06203,50.42723],[6.06246,50.42737],[6.06372,50.42741],[6.06438,50.42761],[6.06485,50.42762],[6.06598,50.42718],[6.06751,50.42694],[6.06879,50.42625],[6.06889,50.4266],[6.06837,50.4271],[6.06769,50.42748],[6.06677,50.42776],[6.06505,50.42864],[6.06458,50.42832],[6.06378,50.42826],[6.06257,50.42799],[6.06122,50.42745],[6.06092,50.42712],[6.06058,50.42629],[6.06032,50.42613],[6.05923,50.42593],[6.05829,50.42559],[6.05678,50.42539],[6.05543,50.42509],[6.05365,50.42454],[6.05291,50.42409],[6.05212,50.42329],[6.0513,50.42263],[6.05102,50.4227],[6.05057,50.4231],[6.05037,50.42317],[6.04975,50.42312],[6.04924,50.42293],[6.04886,50.42292],[6.04683,50.4231],[6.04629,50.42326],[6.04579,50.4233],[6.04466,50.42367],[6.0442,50.4241],[6.04407,50.42442],[6.04423,50.42492],[6.04423,50.42523],[6.04364,50.42678],[6.04364,50.42699],[6.04399,50.42821],[6.04425,50.42851],[6.04463,50.42881],[6.04537,50.42919],[6.04608,50.4294],[6.04746,50.42997],[6.04772,50.4302],[6.0476,50.43048],[6.04699,50.43065],[6.04636,50.43068],[6.04546,50.43048],[6.04501,50.43028],[6.04417,50.43024],[6.04291,50.42971],[6.04131,50.42882],[6.0412,50.42859],[6.04124,50.42824],[6.04111,50.42786],[6.041,50.42696],[6.0412,50.42595],[6.04101,50.42568],[6.04037,50.42533],[6.04001,50.42534],[6.03958,50.42547],[6.03905,50.42601],[6.03875,50.42655],[6.03846,50.42685],[6.03718,50.42745],[6.03585,50.42744],[6.03495,50.42718],[6.03424,50.42684],[6.0335,50.42677],[6.03295,50.42686],[6.03209,50.42717],[6.03089,50.42738],[6.0308,50.42743],[6.03087,50.42756],[6.03173,50.42824],[6.03216,50.42874],[6.03243,50.42914],[6.03264,50.42965],[6.03332,50.42995],[6.03367,50.43044],[6.03429,50.43098],[6.03569,50.43185],[6.03632,50.43268],[6.03636,50.43289],[6.03629,50.43306],[6.03596,50.43306],[6.03506,50.43279],[6.0317,50.43224],[6.03149,50.43245],[6.03157,50.43303],[6.03117,50.43401],[6.03123,50.43469],[6.03139,50.43496],[6.03214,50.43565],[6.03333,50.43627],[6.0342,50.43687],[6.03462,50.43696],[6.03511,50.4373],[6.03611,50.43773],[6.03762,50.43804],[6.0409,50.43833],[6.04157,50.43824],[6.04213,50.43795],[6.04282,50.43782],[6.04392,50.43816],[6.04553,50.43824],[6.04636,50.43801],[6.0467,50.4377],[6.04712,50.43749],[6.04798,50.43736],[6.04897,50.437],[6.04954,50.43695],[6.05007,50.4371],[6.05013,50.43716],[6.04985,50.43738],[6.04884,50.43801],[6.04859,50.43825],[6.04832,50.43875],[6.04836,50.4391],[6.04876,50.43939],[6.04922,50.43992],[6.05007,50.44019],[6.0505,50.44073],[6.05058,50.44129],[6.05011,50.4422],[6.05023,50.44255],[6.0504,50.44271],[6.05055,50.44274],[6.05162,50.44286],[6.05287,50.44283],[6.05323,50.44296],[6.05332,50.4431],[6.05333,50.44345],[6.05314,50.4438],[6.05314,50.44394],[6.05368,50.44463],[6.05382,50.44516],[6.05418,50.44537],[6.05558,50.44511],[6.05745,50.44544],[6.0577,50.44531],[6.05817,50.44482],[6.05895,50.44442],[6.05958,50.44438],[6.06084,50.44462],[6.06238,50.44432],[6.0634,50.44394],[6.06415,50.44377],[6.06438,50.44351],[6.0651,50.44303],[6.06544,50.44241],[6.06589,50.44217],[6.06725,50.44169],[6.06805,50.44181],[6.0688,50.44237],[6.06954,50.44269],[6.06978,50.44291],[6.06993,50.44314],[6.06992,50.44331],[6.06943,50.44375],[6.06932,50.44394],[6.06936,50.4441],[6.06955,50.44427],[6.07131,50.44486],[6.07225,50.44494],[6.0717,50.4451],[6.07124,50.44547],[6.07076,50.44551],[6.06919,50.44521],[6.06843,50.44492],[6.06743,50.4447],[6.06669,50.44406],[6.06627,50.44427],[6.06586,50.44464],[6.06534,50.44489],[6.06475,50.44501],[6.0636,50.44506],[6.0624,50.44572],[6.06212,50.44632],[6.06182,50.44661],[6.06165,50.44663],[6.06069,50.44637],[6.06035,50.44646],[6.06,50.44711],[6.05948,50.44763],[6.05929,50.448],[6.05919,50.44855],[6.0597,50.44909],[6.05963,50.44921],[6.05938,50.44925],[6.05915,50.4492],[6.05764,50.44826],[6.0563,50.4477],[6.0559,50.44763],[6.05355,50.44814],[6.05277,50.44813],[6.05209,50.44797],[6.05152,50.44795],[6.05137,50.44807],[6.05131,50.44842],[6.05147,50.44883],[6.05144,50.44906],[6.05127,50.44916],[6.05086,50.4491],[6.05065,50.44852],[6.05094,50.44775],[6.05085,50.44746],[6.04971,50.44687],[6.04946,50.44654],[6.0495,50.44629],[6.05005,50.44551],[6.05011,50.44486],[6.04994,50.44479],[6.04876,50.44471],[6.04762,50.44473],[6.04739,50.44492],[6.04738,50.44557],[6.04704,50.44652],[6.04626,50.44786],[6.04569,50.44862],[6.04547,50.44875],[6.04527,50.44876],[6.04412,50.44833],[6.04339,50.44856],[6.04267,50.44845],[6.04209,50.44852],[6.04154,50.44912],[6.04099,50.44995],[6.04045,50.45049],[6.03955,50.45105],[6.03934,50.45078],[6.03932,50.45043],[6.04012,50.44831],[6.0405,50.44804],[6.04125,50.44769],[6.04191,50.44712],[6.04294,50.44653],[6.04312,50.44623],[6.04321,50.44578],[6.0432,50.44547],[6.04304,50.44517],[6.04153,50.44468],[6.04004,50.4438],[6.03912,50.44343],[6.03876,50.44346],[6.03848,50.4436],[6.03783,50.44411],[6.03722,50.44479],[6.03699,50.44482],[6.03666,50.44467],[6.03651,50.44435],[6.03554,50.44423],[6.03534,50.44414],[6.03523,50.44383],[6.03549,50.44338],[6.03549,50.44322],[6.03465,50.44305],[6.03391,50.44242],[6.03293,50.44216],[6.03251,50.44214],[6.03169,50.44267],[6.03147,50.443],[6.03136,50.44362],[6.03122,50.44379],[6.03092,50.44391],[6.03041,50.44382],[6.03015,50.44352],[6.02999,50.44305],[6.02977,50.44293],[6.02897,50.4429],[6.02753,50.44301],[6.02713,50.44289],[6.02672,50.44238],[6.02663,50.44186],[6.02795,50.44187],[6.02916,50.44158],[6.02961,50.4413],[6.02994,50.44054],[6.02848,50.43906],[6.02779,50.43861],[6.02706,50.4383],[6.02667,50.43748],[6.0263,50.43714],[6.02511,50.43746],[6.02494,50.43745],[6.02481,50.43734],[6.02459,50.43692],[6.02465,50.43666],[6.02489,50.4363],[6.02542,50.43601],[6.02551,50.43578],[6.02524,50.43522],[6.02507,50.43463],[6.02407,50.43453],[6.02286,50.4346],[6.02257,50.43469],[6.02176,50.43522],[6.02089,50.43554],[6.02051,50.43561],[6.02042,50.43555],[6.02044,50.43539],[6.02066,50.43495],[6.02091,50.43466],[6.02076,50.43442],[6.02032,50.4343],[6.01866,50.43421],[6.01833,50.43412],[6.01929,50.4334],[6.02173,50.43288],[6.02309,50.43275],[6.02336,50.43265],[6.02363,50.43237],[6.02359,50.43215],[6.02296,50.43199],[6.02269,50.4318],[6.02249,50.43161],[6.02238,50.43123],[6.02215,50.431],[6.02001,50.4314],[6.01804,50.43121],[6.01776,50.43107],[6.01773,50.43081],[6.01797,50.4305],[6.01797,50.43029],[6.01805,50.43017],[6.01921,50.42966],[6.01925,50.42935],[6.01953,50.42909],[6.02001,50.42891],[6.02058,50.42883],[6.02061,50.42869],[6.02052,50.42852],[6.01938,50.42814],[6.01866,50.42807],[6.01782,50.42778],[6.01709,50.42783],[6.0162,50.42813],[6.01569,50.42809],[6.01544,50.428],[6.01523,50.42776],[6.01515,50.42712],[6.0147,50.42697],[6.01412,50.42699],[6.01218,50.42752],[6.01171,50.42749],[6.01122,50.42687],[6.01114,50.42665],[6.01117,50.4263],[6.01138,50.42571],[6.01111,50.42546],[6.01006,50.4252],[6.00974,50.42498],[6.00957,50.42438],[6.00972,50.42381],[6.0095,50.42355],[6.00824,50.4231],[6.00716,50.42282],[6.00631,50.4224],[6.00579,50.42266],[6.00534,50.42271],[6.00506,50.42268],[6.00465,50.42238],[6.00418,50.42223],[6.00261,50.42219],[6.00224,50.42238],[6.00219,50.4227],[6.00211,50.42272],[6.00059,50.42184],[5.9997,50.42148],[5.99946,50.42151],[5.99928,50.42162],[5.99925,50.42178],[5.99936,50.42199],[6.00042,50.42272],[6.00137,50.42313],[6.00221,50.42375],[6.00245,50.42437],[6.00293,50.42467],[6.00333,50.42523],[6.00383,50.4263],[6.0038,50.42645],[6.00369,50.42647],[6.00336,50.42632],[6.003,50.42601],[6.00241,50.42589],[6.00192,50.42597],[6.00163,50.42622],[6.00142,50.42668],[6.00132,50.42727],[6.00157,50.42883],[6.0015,50.42915],[6.00119,50.42971],[6.00119,50.42992],[6.00133,50.43018],[6.00129,50.4305],[6.00078,50.43033],[6.00007,50.42992],[5.99967,50.42957],[5.99831,50.42889],[5.99725,50.42877],[5.99663,50.42856],[5.99579,50.42846],[5.99466,50.42818],[5.99425,50.42794],[5.99345,50.42791],[5.99293,50.42764],[5.99207,50.42754],[5.99169,50.4273],[5.99132,50.42685],[5.99085,50.42682],[5.99046,50.42659],[5.98965,50.42675],[5.98877,50.4266],[5.98718,50.42608],[5.9867,50.42573]],[[6.07837,50.45004],[6.07817,50.44992],[6.0781,50.44974],[6.07817,50.44962],[6.07836,50.44957],[6.07983,50.44993],[6.0797,50.45007],[6.07944,50.45015],[6.07837,50.45004]],[[6.07504,50.44917],[6.07459,50.44884],[6.07451,50.44849],[6.07381,50.44795],[6.07355,50.44731],[6.07367,50.44705],[6.07384,50.44702],[6.07412,50.4472],[6.07451,50.44768],[6.07464,50.44795],[6.07465,50.44849],[6.07504,50.4488],[6.07515,50.449],[6.07516,50.4491],[6.07504,50.44917]],[[6.05337,50.44192],[6.05337,50.44177],[6.05337,50.44192]],[[6.00212,50.4224],[6.00195,50.42214],[6.00216,50.42198],[6.00234,50.42205],[6.00241,50.42217],[6.00212,50.4224]],[[6.04212,50.4166],[6.0418,50.41633],[6.04182,50.4161],[6.04289,50.41573],[6.04365,50.4157],[6.04469,50.41604],[6.04438,50.41626],[6.0442,50.41659],[6.04381,50.41675],[6.04303,50.41673],[6.04212,50.4166]],[[5.98941,50.40826],[5.98944,50.40856],[5.98933,50.40886],[5.98919,50.409],[5.98879,50.40904],[5.98869,50.40913],[5.98853,50.40949],[5.98865,50.40992],[5.98832,50.41012],[5.9876,50.41127],[5.98712,50.4116],[5.9867,50.4115]],[[5.98879,50.41033],[5.98866,50.4102],[5.98877,50.41003],[5.98884,50.41018],[5.98879,50.41033]],[[5.99313,50.40826],[5.99235,50.40873],[5.99134,50.40897],[5.99042,50.40953],[5.98985,50.40956],[5.98928,50.40937],[5.98926,50.40922],[5.9894,50.40907],[5.99061,50.4088],[5.99071,50.40856],[5.9906,50.40826]]]}},{"type":"Feature","properties":{"ele":420},"geometry":{"type":"MultiLineString","coordinates":[[[6.09379,50.45531],[6.09338,50.4552],[6.09311,50.45501],[6.09309,50.45491],[6.09355,50.45483],[6.09437,50.45519],[6.0942,50.45529],[6.09379,50.45531]],[[6.00763,50.40826],[6.00831,50.40857],[6.00881,50.40864],[6.01157,50.40844],[6.01258,50.40863],[6.01269,50.40882],[6.01196,50.40932],[6.01169,50.40964],[6.01176,50.40996],[6.01213,50.41049],[6.01182,50.41079],[6.01126,50.41087],[6.01083,50.41104],[6.01059,50.41137],[6.01056,50.41175],[6.01067,50.41192],[6.011,50.41207],[6.01251,50.41236],[6.01293,50.41274],[6.01376,50.41254],[6.01426,50.41259],[6.01439,50.41276],[6.0144,50.41314],[6.01412,50.41357],[6.01413,50.4141],[6.01423,50.41425],[6.01465,50.4143],[6.01631,50.41398],[6.01725,50.41363],[6.01808,50.41366],[6.01844,50.4138],[6.01922,50.41433],[6.01918,50.41494],[6.01935,50.41536],[6.01919,50.41576],[6.01965,50.41603],[6.02081,50.41632],[6.02173,50.41644],[6.02289,50.4169],[6.0262,50.41777],[6.02725,50.41781],[6.02892,50.41834],[6.02965,50.41831],[6.03043,50.41842],[6.03136,50.41831],[6.03324,50.41863],[6.03485,50.41855],[6.03569,50.41876],[6.03694,50.4189],[6.03782,50.41875],[6.03813,50.41862],[6.03828,50.41845],[6.03827,50.41824],[6.03787,50.4177],[6.03775,50.41696],[6.03741,50.41657],[6.03755,50.41635],[6.03796,50.41605],[6.0388,50.41521],[6.03887,50.41494],[6.03793,50.41438],[6.0375,50.41422],[6.03702,50.41387],[6.03691,50.41366],[6.03697,50.41342],[6.03792,50.41212],[6.03901,50.41217],[6.03973,50.41237],[6.04046,50.41276],[6.04086,50.41242],[6.04101,50.41213],[6.04129,50.41187],[6.04173,50.41166],[6.04309,50.41058],[6.04318,50.41043],[6.04317,50.40998],[6.04326,50.40969],[6.04382,50.40933],[6.04428,50.40933],[6.04442,50.40987],[6.04458,50.41],[6.04544,50.40963],[6.0459,50.40964],[6.04617,50.40976],[6.04634,50.40988],[6.04658,50.41033],[6.047,50.4108],[6.04867,50.41182],[6.04874,50.41196],[6.0487,50.41269],[6.04881,50.41327],[6.04818,50.41443],[6.04804,50.41491],[6.04807,50.41536],[6.04827,50.416],[6.04878,50.41629],[6.04962,50.41659],[6.05043,50.41716],[6.05069,50.41723],[6.05132,50.41717],[6.05167,50.41681],[6.05203,50.41496],[6.05231,50.41456],[6.05248,50.41411],[6.0525,50.4138],[6.05274,50.41355],[6.05296,50.41307],[6.05332,50.41296],[6.05444,50.41289],[6.05554,50.41301],[6.05581,50.41267],[6.05637,50.41271],[6.05641,50.41241],[6.05667,50.41213],[6.05708,50.41205],[6.05743,50.41215],[6.05771,50.41248],[6.05879,50.41297],[6.05873,50.41335],[6.05904,50.41404],[6.05901,50.41428],[6.05877,50.41464],[6.05832,50.41492],[6.05796,50.41528],[6.05688,50.41559],[6.05627,50.41564],[6.05589,50.41577],[6.05545,50.41627],[6.05544,50.41665],[6.05571,50.41716],[6.05631,50.41743],[6.0567,50.41771],[6.05691,50.41799],[6.05753,50.41826],[6.05796,50.41881],[6.05835,50.41914],[6.05876,50.41942],[6.0593,50.4196],[6.05969,50.42008],[6.06048,50.42038],[6.06084,50.42064],[6.06144,50.42144],[6.06167,50.4222],[6.06203,50.42262],[6.06215,50.42295],[6.06209,50.42325],[6.06174,50.42382],[6.06169,50.42408],[6.06189,50.42515],[6.06226,50.42567],[6.06234,50.42592],[6.06236,50.42633],[6.06208,50.42687],[6.06213,50.42714],[6.06256,50.42726],[6.0636,50.42729],[6.06455,50.42749],[6.06504,50.42743],[6.0658,50.42705],[6.06712,50.42688],[6.0675,50.42674],[6.06809,50.42639],[6.0684,50.42605],[6.06921,50.42558],[6.07004,50.42518],[6.07164,50.42464],[6.07272,50.42456],[6.07421,50.42464],[6.07429,50.42484],[6.07425,50.42505],[6.07411,50.42512],[6.0736,50.42509],[6.07295,50.42523],[6.07206,50.42515],[6.07087,50.42577],[6.07052,50.42606],[6.07001,50.42599],[6.06995,50.42626],[6.07009,50.42661],[6.06959,50.42662],[6.06921,50.42673],[6.06801,50.42772],[6.06707,50.42787],[6.06585,50.4285],[6.06548,50.42923],[6.06514,50.42942],[6.06475,50.42946],[6.06454,50.42938],[6.06454,50.42866],[6.06439,50.42848],[6.06299,50.42825],[6.06182,50.42794],[6.06088,50.42757],[6.06073,50.4274],[6.06046,50.42656],[6.06016,50.42628],[6.05913,50.4261],[6.05838,50.42574],[6.05735,50.42567],[6.05465,50.42506],[6.05339,50.42459],[6.05212,50.4238],[6.05179,50.42412],[6.05147,50.42416],[6.05003,50.4241],[6.04834,50.42383],[6.04711,50.42388],[6.04664,50.4238],[6.04592,50.42389],[6.04538,50.42376],[6.04461,50.42406],[6.04439,50.42439],[6.04454,50.42515],[6.04396,50.42678],[6.04399,50.42692],[6.04421,50.42715],[6.0442,50.42826],[6.04468,50.42867],[6.04522,50.42897],[6.04662,50.42938],[6.04753,50.42978],[6.0483,50.42994],[6.04878,50.4305],[6.04926,50.43077],[6.04788,50.43074],[6.04749,50.4309],[6.04707,50.43123],[6.04647,50.43123],[6.04548,50.43103],[6.04491,50.43081],[6.04392,50.43065],[6.04169,50.42941],[6.04119,50.42922],[6.04099,50.42904],[6.04057,50.42797],[6.04054,50.42765],[6.04067,50.42633],[6.0405,50.42596],[6.04027,50.42586],[6.03996,50.42585],[6.0396,50.42598],[6.03908,50.42686],[6.03795,50.42743],[6.03744,50.42779],[6.03593,50.42769],[6.03417,50.42695],[6.03319,50.42693],[6.03174,50.42745],[6.03162,50.42769],[6.03172,50.42795],[6.03211,50.42832],[6.03297,50.42945],[6.03377,50.42995],[6.03392,50.43039],[6.03406,50.43057],[6.03464,50.43101],[6.0356,50.43153],[6.03601,50.43185],[6.03665,50.43269],[6.03653,50.43327],[6.03694,50.43379],[6.03658,50.43382],[6.03648,50.43354],[6.0353,50.43298],[6.03293,50.43264],[6.03211,50.43243],[6.03169,50.4326],[6.03179,50.43304],[6.03143,50.43415],[6.03146,50.43463],[6.03162,50.43493],[6.03213,50.4354],[6.03254,50.43548],[6.03273,50.43578],[6.03333,50.43607],[6.03368,50.4364],[6.03487,50.43688],[6.03523,50.4372],[6.03635,50.43765],[6.0379,50.43796],[6.03923,50.438],[6.04027,50.4382],[6.04126,50.43818],[6.0422,50.43777],[6.0429,50.43767],[6.04326,50.43775],[6.04365,50.438],[6.04397,50.43808],[6.04542,50.43808],[6.04631,50.43784],[6.04668,50.43739],[6.04711,50.43714],[6.04813,50.43708],[6.04954,50.43657],[6.05089,50.43657],[6.05085,50.43684],[6.05067,50.43715],[6.04898,50.43825],[6.04877,50.43851],[6.04876,50.43883],[6.04904,50.43908],[6.04912,50.43942],[6.04933,50.43965],[6.05105,50.44045],[6.0512,50.4406],[6.05124,50.44081],[6.05115,50.44102],[6.05063,50.44168],[6.05042,50.44209],[6.05045,50.44233],[6.05056,50.44244],[6.05131,50.44261],[6.0523,50.44255],[6.05301,50.44219],[6.05305,50.44168],[6.05337,50.4413],[6.05386,50.44109],[6.05434,50.44126],[6.05431,50.44158],[6.0539,50.44186],[6.05376,50.44214],[6.05385,50.44245],[6.05383,50.4435],[6.05353,50.44394],[6.05361,50.44413],[6.05402,50.4446],[6.05418,50.445],[6.05444,50.44511],[6.05475,50.44512],[6.05548,50.44492],[6.0572,50.44522],[6.05752,50.44514],[6.05847,50.44444],[6.05907,50.44422],[6.05959,50.4442],[6.06006,50.44438],[6.06074,50.44449],[6.06204,50.44426],[6.0644,50.44331],[6.0649,50.44298],[6.06523,50.44238],[6.06576,50.44202],[6.06632,50.44189],[6.06709,50.44153],[6.06796,50.44159],[6.06951,50.4425],[6.07005,50.44271],[6.07018,50.44303],[6.07016,50.44335],[6.07006,50.44355],[6.06955,50.4438],[6.0695,50.444],[6.06956,50.44415],[6.07129,50.44468],[6.0724,50.44478],[6.07263,50.44487],[6.0727,50.44526],[6.07286,50.44552],[6.07387,50.44624],[6.0739,50.44657],[6.07429,50.44687],[6.07463,50.44738],[6.07497,50.44827],[6.07515,50.44854],[6.07542,50.44885],[6.07588,50.44909],[6.07636,50.44924],[6.07831,50.44938],[6.07907,50.44956],[6.0797,50.44959],[6.08041,50.44949],[6.08124,50.44923],[6.08303,50.44829],[6.08532,50.44842],[6.08657,50.44863],[6.08701,50.4488],[6.088,50.44989],[6.08822,50.45],[6.08978,50.45018],[6.09015,50.45068],[6.09028,50.45106],[6.09026,50.4514],[6.09002,50.45215],[6.0903,50.45255],[6.09105,50.45412],[6.09091,50.45424],[6.09063,50.45427],[6.09005,50.45406],[6.08956,50.45327],[6.08918,50.45247],[6.08898,50.45133],[6.08884,50.45103],[6.08742,50.45063],[6.08714,50.45046],[6.08632,50.44961],[6.08527,50.44939],[6.08376,50.44943],[6.08294,50.44935],[6.08197,50.44966],[6.08105,50.45009],[6.07954,50.45035],[6.07844,50.45018],[6.07745,50.44974],[6.07668,50.44975],[6.07544,50.44963],[6.07498,50.44944],[6.07442,50.44886],[6.07422,50.44853],[6.07378,50.44826],[6.07307,50.44708],[6.07254,50.44659],[6.07112,50.44583],[6.06902,50.44534],[6.06725,50.44481],[6.06696,50.44466],[6.0667,50.44433],[6.06631,50.44446],[6.06585,50.44481],[6.0654,50.44502],[6.0647,50.44516],[6.06374,50.44517],[6.06315,50.44543],[6.06262,50.4458],[6.06234,50.44651],[6.06211,50.44681],[6.06178,50.44681],[6.0609,50.44663],[6.06045,50.44675],[6.06021,50.44719],[6.05967,50.44776],[6.05948,50.44814],[6.05948,50.44851],[6.05986,50.44885],[6.05993,50.44915],[6.05979,50.44941],[6.05938,50.44951],[6.05878,50.44938],[6.05854,50.44908],[6.05742,50.44831],[6.05671,50.44798],[6.05595,50.44782],[6.05369,50.44828],[6.05295,50.4483],[6.05209,50.44812],[6.05172,50.44816],[6.0516,50.44827],[6.05154,50.44851],[6.0519,50.44885],[6.05194,50.44909],[6.05133,50.44943],[6.05085,50.44943],[6.05045,50.4491],[6.05016,50.44842],[6.05019,50.44824],[6.05046,50.44799],[6.05051,50.44783],[6.05052,50.44765],[6.05041,50.44747],[6.0498,50.44721],[6.04918,50.44728],[6.04879,50.44719],[6.04846,50.44672],[6.04847,50.44651],[6.04863,50.44627],[6.04962,50.44577],[6.04975,50.4456],[6.04982,50.4454],[6.04971,50.4451],[6.04958,50.44494],[6.04922,50.44488],[6.04786,50.4449],[6.04775,50.44502],[6.04782,50.4456],[6.04739,50.44647],[6.04737,50.44689],[6.04684,50.44744],[6.04642,50.44831],[6.04593,50.44892],[6.04545,50.44912],[6.04421,50.44871],[6.04376,50.44883],[6.0425,50.44876],[6.04185,50.44916],[6.04045,50.45076],[6.03955,50.45146],[6.03881,50.45173],[6.03799,50.45178],[6.03725,50.45196],[6.03695,50.45193],[6.03685,50.45182],[6.03713,50.4516],[6.03878,50.45103],[6.039,50.45071],[6.03987,50.44817],[6.04003,50.44798],[6.0408,50.44767],[6.04136,50.44699],[6.04219,50.44668],[6.04271,50.44638],[6.04295,50.44602],[6.04297,50.44541],[6.04272,50.44521],[6.04225,50.44505],[6.04128,50.44493],[6.04088,50.44451],[6.04025,50.44406],[6.03919,50.44354],[6.03867,50.44365],[6.03792,50.44429],[6.03762,50.44498],[6.03712,50.44557],[6.03685,50.44517],[6.03632,50.4449],[6.03497,50.44465],[6.03466,50.44433],[6.03456,50.44356],[6.03422,50.44297],[6.03377,50.44269],[6.03319,50.44249],[6.03262,50.4425],[6.03213,50.44272],[6.03189,50.443],[6.0319,50.44352],[6.03172,50.44389],[6.03144,50.44416],[6.0311,50.44427],[6.03059,50.4442],[6.03008,50.44395],[6.02982,50.44328],[6.02957,50.44306],[6.0273,50.44323],[6.02669,50.44303],[6.02635,50.44265],[6.02625,50.44185],[6.02673,50.44171],[6.02787,50.44174],[6.02877,50.44159],[6.02924,50.44129],[6.0295,50.44088],[6.02964,50.44048],[6.02935,50.44022],[6.0292,50.43993],[6.0284,50.43936],[6.02811,50.43905],[6.02765,50.43874],[6.02694,50.43848],[6.02671,50.43824],[6.02632,50.43739],[6.02558,50.4375],[6.02474,50.43776],[6.02409,50.43771],[6.02435,50.43731],[6.02441,50.43672],[6.02459,50.43634],[6.02508,50.43604],[6.02525,50.43581],[6.02524,50.43567],[6.02492,50.43505],[6.02475,50.43488],[6.02407,50.43471],[6.02298,50.43475],[6.02255,50.43494],[6.02213,50.43528],[6.02044,50.43596],[6.02025,50.43584],[6.02016,50.43564],[6.02033,50.43505],[6.02054,50.43468],[6.0205,50.4346],[6.01954,50.4344],[6.01841,50.43444],[6.01816,50.43436],[6.01809,50.43418],[6.01813,50.43406],[6.01926,50.43315],[6.01975,50.43302],[6.02126,50.43286],[6.02263,50.43251],[6.02285,50.43231],[6.02279,50.43211],[6.02221,50.43161],[6.02218,50.43126],[6.02198,50.43118],[6.02152,50.43119],[6.02078,50.43143],[6.02011,50.43153],[6.01871,50.43141],[6.01761,50.43148],[6.01711,50.43134],[6.01731,50.43102],[6.01751,50.43018],[6.01781,50.42989],[6.01824,50.42965],[6.01835,50.42936],[6.01896,50.42881],[6.01906,50.4286],[6.01892,50.42844],[6.01823,50.42828],[6.01786,50.4281],[6.01741,50.42804],[6.01699,50.4281],[6.01625,50.42837],[6.01545,50.4284],[6.01499,50.42804],[6.01477,50.42737],[6.01438,50.42721],[6.01302,50.42746],[6.01254,50.4278],[6.01225,50.42789],[6.01183,50.42794],[6.01152,50.42787],[6.01125,50.42773],[6.0111,50.42724],[6.01071,50.42687],[6.01077,50.42632],[6.01094,50.42598],[6.01095,50.42573],[6.00949,50.42519],[6.00936,50.42494],[6.00937,50.42394],[6.0093,50.42377],[6.00798,50.42326],[6.00716,50.42309],[6.00642,50.42285],[6.00501,50.4229],[6.00416,50.42243],[6.00292,50.42242],[6.00288,50.42255],[6.00291,50.42273],[6.00372,50.42368],[6.0047,50.42409],[6.0046,50.42425],[6.00417,50.42431],[6.00356,50.42461],[6.00349,50.42471],[6.00375,50.42521],[6.00387,50.42574],[6.00424,50.42656],[6.00429,50.42686],[6.00418,50.42693],[6.00377,50.42675],[6.00257,50.42602],[6.00214,50.42608],[6.0017,50.42657],[6.00164,50.42741],[6.0018,50.42814],[6.00183,50.42883],[6.00148,50.42981],[6.00178,50.43048],[6.00181,50.43085],[6.00175,50.43109],[6.00125,50.4317],[6.00077,50.43161],[6.00051,50.43129],[5.99938,50.43055],[5.9993,50.43043],[5.9993,50.43019],[5.99921,50.43012],[5.99879,50.43005],[5.99824,50.42983],[5.99631,50.42956],[5.99554,50.42957],[5.99507,50.42932],[5.99459,50.42927],[5.99386,50.42897],[5.99277,50.42867],[5.99169,50.42854],[5.991,50.42837],[5.99018,50.42799],[5.9912,50.42788],[5.9914,50.42774],[5.9913,50.42762],[5.99048,50.42746],[5.98957,50.42778],[5.9892,50.42771],[5.98881,50.4275],[5.98829,50.42749],[5.98813,50.42739],[5.98802,50.42709],[5.98753,50.42716],[5.98709,50.42689],[5.98696,50.42659],[5.9867,50.42642]],[[6.00087,50.42273],[6.00088,50.42262],[6.0011,50.42258],[6.00149,50.42269],[6.00129,50.42278],[6.00087,50.42273]],[[6.06087,50.42246],[6.06079,50.42241],[6.06088,50.42232],[6.06098,50.42242],[6.06087,50.42246]],[[6.00045,50.42226],[6.00022,50.42215],[6.0005,50.42211],[6.00045,50.42226]],[[6.00004,50.42208],[5.99986,50.42187],[6.00011,50.42186],[6.00004,50.42208]],[[6.05212,50.41784],[6.05196,50.41767],[6.0521,50.41741],[6.0526,50.41741],[6.05259,50.41774],[6.05212,50.41784]],[[6.04295,50.41635],[6.04276,50.41607],[6.04295,50.41594],[6.04355,50.41593],[6.04386,50.41601],[6.04392,50.41613],[6.04391,50.41633],[6.04377,50.41642],[6.04295,50.41635]],[[6.04045,50.4147],[6.04045,50.41463],[6.04045,50.4147]],[[6.05837,50.41203],[6.05831,50.41187],[6.05837,50.41178],[6.05881,50.41186],[6.05875,50.41201],[6.05837,50.41203]],[[5.9867,50.41084],[5.98718,50.41089],[5.98746,50.4104],[5.9876,50.40977],[5.98766,50.40859],[5.9875,50.40826]]]}},{"type":"Feature","properties":{"ele":430},"geometry":{"type":"MultiLineString","coordinates":[[[6.08837,50.45801],[6.08792,50.45771],[6.08837,50.45801]],[[6.01385,50.40826],[6.01351,50.40908],[6.01354,50.40946],[6.01383,50.40989],[6.01474,50.41065],[6.01491,50.41092],[6.0149,50.41102],[6.01417,50.41129],[6.01382,50.41134],[6.01287,50.41111],[6.01178,50.41106],[6.01128,50.41131],[6.01124,50.4116],[6.01133,50.4117],[6.01165,50.41189],[6.01253,50.41196],[6.01304,50.41231],[6.01487,50.41214],[6.01499,50.41224],[6.01514,50.41266],[6.0154,50.4129],[6.01597,50.41285],[6.01634,50.41318],[6.01659,50.41326],[6.01825,50.4133],[6.01963,50.41381],[6.02,50.41418],[6.01997,50.41463],[6.02014,50.41491],[6.01998,50.41519],[6.02003,50.41549],[6.02331,50.41684],[6.0244,50.41715],[6.02626,50.41758],[6.0273,50.41757],[6.0285,50.41797],[6.02971,50.418],[6.03121,50.41782],[6.03287,50.41835],[6.03464,50.41825],[6.03587,50.41855],[6.03637,50.41845],[6.03746,50.41847],[6.03798,50.41826],[6.03763,50.41758],[6.03744,50.41695],[6.03682,50.41653],[6.03688,50.4163],[6.03716,50.41602],[6.03727,50.41536],[6.03694,50.41467],[6.03667,50.41438],[6.03675,50.41408],[6.03619,50.41381],[6.03602,50.4136],[6.03606,50.41349],[6.03634,50.41331],[6.03649,50.41294],[6.03716,50.41244],[6.03736,50.41191],[6.03748,50.41182],[6.03949,50.41207],[6.04046,50.41191],[6.04147,50.41161],[6.04276,50.4106],[6.04287,50.4104],[6.04284,50.40991],[6.04293,50.40959],[6.04376,50.40877],[6.04424,50.40879],[6.04464,50.40908],[6.04507,50.40925],[6.04591,50.40916],[6.04662,50.40893],[6.04707,50.40908],[6.04728,50.40949],[6.04773,50.40993],[6.04791,50.41024],[6.04842,50.41046],[6.04918,50.41062],[6.05012,50.41129],[6.0503,50.41161],[6.05024,50.4122],[6.05033,50.41262],[6.05043,50.41277],[6.05074,50.41284],[6.05132,50.41283],[6.0523,50.41212],[6.05411,50.41156],[6.05458,50.41153],[6.05504,50.41163],[6.05541,50.41158],[6.05628,50.41126],[6.05678,50.4109],[6.05789,50.41038],[6.05806,50.41039],[6.0582,50.41054],[6.05832,50.41095],[6.05834,50.41133],[6.05885,50.41156],[6.05913,50.41192],[6.05909,50.41217],[6.05877,50.41243],[6.05898,50.41338],[6.0592,50.41362],[6.06011,50.41384],[6.06,50.41407],[6.05958,50.41436],[6.05856,50.41573],[6.05758,50.41634],[6.0574,50.41665],[6.05776,50.41713],[6.05777,50.41744],[6.05824,50.4177],[6.05831,50.41801],[6.05872,50.41855],[6.06026,50.41911],[6.06128,50.42019],[6.06198,50.42045],[6.06236,50.42072],[6.06295,50.42159],[6.06341,50.42276],[6.06338,50.42299],[6.06263,50.4239],[6.0623,50.42474],[6.0623,50.42519],[6.06259,50.42582],[6.06257,50.42631],[6.06229,50.42682],[6.06253,50.42715],[6.06337,50.42713],[6.06454,50.42732],[6.06554,50.42691],[6.06723,50.42668],[6.06792,50.42631],[6.06835,50.42586],[6.06902,50.42546],[6.07087,50.42465],[6.07121,50.42458],[6.07249,50.42436],[6.07459,50.42432],[6.07537,50.4242],[6.07628,50.42425],[6.07645,50.42438],[6.07593,50.42481],[6.07504,50.42521],[6.07433,50.42539],[6.07319,50.42545],[6.07277,50.42578],[6.07171,50.42604],[6.07091,50.42694],[6.07032,50.42694],[6.06964,50.42678],[6.06925,50.42688],[6.06877,50.4274],[6.06837,50.4277],[6.06798,50.42786],[6.06721,50.428],[6.06629,50.42858],[6.06603,50.42881],[6.0659,50.42912],[6.06563,50.42939],[6.06429,50.42985],[6.06417,50.42981],[6.0641,50.42963],[6.06418,50.4289],[6.06405,50.42856],[6.06308,50.42843],[6.06256,50.42824],[6.06152,50.42809],[6.06095,50.4279],[6.06054,50.42751],[6.06036,50.42688],[6.0598,50.42643],[6.05919,50.42632],[6.05839,50.42597],[6.05751,50.42595],[6.05461,50.42531],[6.05256,50.42435],[6.05043,50.4248],[6.04944,50.42473],[6.04845,50.42449],[6.04746,50.42458],[6.0461,50.42443],[6.04548,50.42445],[6.04509,50.42455],[6.04496,50.42464],[6.0449,50.42505],[6.04464,50.42553],[6.04435,50.42665],[6.04436,50.42685],[6.04455,50.4272],[6.0444,50.42769],[6.04438,50.428],[6.04469,50.42848],[6.0453,50.42887],[6.04666,50.42925],[6.04754,50.42965],[6.0484,50.42965],[6.04882,50.42985],[6.04923,50.43021],[6.04995,50.43058],[6.05152,50.43104],[6.05125,50.4312],[6.05017,50.43146],[6.04994,50.43144],[6.04962,50.43128],[6.04947,50.43156],[6.04925,50.43166],[6.04772,50.4318],[6.04642,50.43157],[6.04563,50.43155],[6.04468,50.4312],[6.04384,50.43102],[6.04336,50.43078],[6.04262,50.43019],[6.04161,50.42965],[6.0408,50.4294],[6.04056,50.42878],[6.0402,50.42814],[6.04007,50.42765],[6.03968,50.42706],[6.03845,50.42748],[6.03762,50.42815],[6.03745,50.4282],[6.03673,50.42791],[6.03578,50.42778],[6.03422,50.42709],[6.03355,50.42703],[6.03313,50.42708],[6.03214,50.42752],[6.03198,50.42771],[6.03207,50.42798],[6.03324,50.42936],[6.03402,50.42989],[6.03417,50.4305],[6.03622,50.43164],[6.03689,50.43265],[6.03684,50.43327],[6.03711,50.4335],[6.03761,50.43369],[6.03773,50.43383],[6.03745,50.434],[6.03642,50.43396],[6.0361,50.43383],[6.03585,50.43346],[6.03517,50.43314],[6.03211,50.43268],[6.03182,50.43352],[6.03175,50.43401],[6.03167,50.43465],[6.03182,50.43489],[6.03267,50.43545],[6.03296,50.43575],[6.03346,50.43599],[6.03376,50.43634],[6.03509,50.43684],[6.03547,50.43715],[6.03657,50.43755],[6.03758,50.43778],[6.03923,50.43785],[6.04043,50.4381],[6.04131,50.43805],[6.04184,50.43769],[6.04282,50.4375],[6.04332,50.43756],[6.0438,50.43794],[6.04408,50.43801],[6.04569,50.43788],[6.04628,50.4377],[6.04668,50.43708],[6.04707,50.43682],[6.04807,50.43691],[6.04842,50.43679],[6.0492,50.43631],[6.05027,50.43629],[6.05121,50.43615],[6.05184,50.43628],[6.05187,50.43637],[6.05128,50.43678],[6.05098,50.43722],[6.05023,50.4377],[6.04948,50.4383],[6.04936,50.43859],[6.04949,50.43937],[6.04978,50.43967],[6.05063,50.43999],[6.05139,50.4401],[6.05164,50.44023],[6.0518,50.44043],[6.05183,50.44073],[6.05166,50.44101],[6.05092,50.44162],[6.05075,50.44184],[6.05078,50.44216],[6.051,50.44228],[6.05147,50.44235],[6.05224,50.4422],[6.05255,50.44197],[6.05275,50.44159],[6.053,50.44133],[6.05335,50.44103],[6.05366,50.44091],[6.05418,50.44082],[6.05465,50.44099],[6.05479,50.44137],[6.05424,50.44196],[6.05428,50.44242],[6.05414,50.44271],[6.0542,50.44345],[6.05394,50.44394],[6.05403,50.44417],[6.05467,50.44483],[6.05569,50.44474],[6.05667,50.44495],[6.05717,50.44496],[6.05756,50.44483],[6.05834,50.44428],[6.05928,50.44398],[6.06022,50.44408],[6.06085,50.44437],[6.06198,50.44414],[6.06422,50.44327],[6.06459,50.44295],[6.06502,50.44214],[6.0656,50.44187],[6.06633,50.44169],[6.06709,50.44139],[6.06813,50.44151],[6.07037,50.44273],[6.07043,50.443],[6.07036,50.44342],[6.07023,50.44358],[6.0698,50.44382],[6.06974,50.44397],[6.0698,50.44411],[6.07131,50.44453],[6.07253,50.44463],[6.07267,50.44471],[6.07285,50.44494],[6.07292,50.44525],[6.07322,50.44553],[6.07402,50.44602],[6.07436,50.4466],[6.07467,50.44685],[6.07528,50.44831],[6.07581,50.4489],[6.07636,50.44905],[6.07944,50.44944],[6.08126,50.44905],[6.08299,50.44811],[6.08553,50.44834],[6.08671,50.44853],[6.08725,50.44878],[6.08767,50.44934],[6.08834,50.44994],[6.08959,50.45005],[6.09008,50.4502],[6.09044,50.45078],[6.09054,50.45113],[6.09051,50.45144],[6.09028,50.45196],[6.09029,50.45217],[6.0912,50.45391],[6.0921,50.45421],[6.09298,50.45436],[6.09475,50.45509],[6.09549,50.4552],[6.09569,50.45546],[6.09376,50.45549],[6.09294,50.45512],[6.09205,50.45493],[6.09131,50.45462],[6.09002,50.45451],[6.0897,50.45376],[6.089,50.45255],[6.08878,50.45133],[6.08834,50.45106],[6.08721,50.45069],[6.0869,50.45046],[6.08632,50.44984],[6.08596,50.44963],[6.08506,50.44949],[6.08392,50.44955],[6.08293,50.4495],[6.08243,50.44965],[6.08095,50.45035],[6.07971,50.45052],[6.0786,50.45034],[6.07767,50.45005],[6.07631,50.44992],[6.07509,50.4497],[6.07485,50.44956],[6.07395,50.44855],[6.07355,50.44826],[6.07278,50.44716],[6.0721,50.44661],[6.07074,50.44591],[6.06882,50.44546],[6.06629,50.44465],[6.06591,50.44494],[6.06539,50.44516],[6.06475,50.44531],[6.06376,50.44534],[6.06294,50.44574],[6.06273,50.44623],[6.0627,50.44684],[6.06256,50.44697],[6.06204,50.44705],[6.06094,50.44684],[6.06078,50.44687],[6.05971,50.44821],[6.05977,50.44834],[6.06004,50.44853],[6.06021,50.44922],[6.06046,50.44967],[6.05865,50.44968],[6.05755,50.44853],[6.05671,50.44814],[6.05605,50.44803],[6.05433,50.44844],[6.05367,50.44849],[6.05304,50.44865],[6.05279,50.44879],[6.05256,50.44912],[6.05175,50.44946],[6.05132,50.44975],[6.0511,50.44975],[6.05085,50.44967],[6.05022,50.44908],[6.04973,50.44824],[6.04953,50.44802],[6.04802,50.44702],[6.04786,50.447],[6.04751,50.44712],[6.04726,50.44737],[6.04654,50.44883],[6.0459,50.44945],[6.04544,50.44943],[6.04463,50.44909],[6.04365,50.44912],[6.0425,50.44905],[6.04209,50.44925],[6.0417,50.44959],[6.04145,50.44995],[6.03977,50.45163],[6.03893,50.4519],[6.03675,50.45209],[6.03654,50.45189],[6.03674,50.45162],[6.03841,50.45106],[6.0387,50.45079],[6.03916,50.44936],[6.03938,50.4489],[6.03949,50.44825],[6.03963,50.448],[6.04056,50.44751],[6.04074,50.44724],[6.04085,50.44686],[6.04171,50.4466],[6.04239,50.44628],[6.04266,50.44585],[6.04258,50.44547],[6.04211,50.44521],[6.04092,50.44515],[6.04064,50.44462],[6.04027,50.44436],[6.04005,50.44409],[6.03959,50.44383],[6.03907,50.44375],[6.03877,50.44381],[6.03817,50.44434],[6.03805,50.44498],[6.03781,50.4455],[6.03758,50.44579],[6.03711,50.44604],[6.03666,50.44579],[6.03646,50.44544],[6.036,50.44521],[6.03563,50.44517],[6.035,50.44525],[6.03462,50.44508],[6.03377,50.44438],[6.03374,50.44353],[6.03386,50.44297],[6.03296,50.4427],[6.03243,50.44295],[6.03247,50.44356],[6.03211,50.44419],[6.03188,50.44438],[6.03128,50.44467],[6.03043,50.44456],[6.03001,50.4444],[6.02968,50.44344],[6.02954,50.44329],[6.02808,50.44331],[6.02725,50.44346],[6.02669,50.44332],[6.0261,50.44268],[6.02594,50.44199],[6.02601,50.44183],[6.02632,50.44165],[6.02662,50.44158],[6.02795,50.4416],[6.02845,50.44148],[6.02878,50.44132],[6.02918,50.44093],[6.02928,50.44073],[6.02927,50.44046],[6.029,50.44021],[6.02884,50.43989],[6.02763,50.43901],[6.02664,50.43861],[6.02645,50.43828],[6.02627,50.43771],[6.02569,50.43761],[6.02444,50.43795],[6.02397,50.4379],[6.02362,50.43775],[6.02362,50.43765],[6.0241,50.43717],[6.02421,50.43662],[6.02434,50.4364],[6.02507,50.43577],[6.02473,50.43518],[6.02452,50.43501],[6.02381,50.43486],[6.02293,50.43491],[6.02218,50.43551],[6.02131,50.43576],[6.02086,50.43603],[6.02044,50.43648],[6.01985,50.43595],[6.01982,50.43571],[6.01998,50.43515],[6.01983,50.43487],[6.01918,50.43466],[6.01787,50.43465],[6.01776,50.43435],[6.01786,50.43406],[6.01917,50.43297],[6.02129,50.43274],[6.02214,50.43243],[6.02236,50.43217],[6.02232,50.43203],[6.02191,50.4316],[6.02187,50.43133],[6.02174,50.43128],[6.02141,50.43134],[6.02088,50.4316],[6.02037,50.43166],[6.01886,50.4316],[6.01756,50.4317],[6.01707,50.4316],[6.01695,50.4313],[6.01721,50.43002],[6.01855,50.42888],[6.01856,50.42873],[6.01839,50.42853],[6.01725,50.4283],[6.01629,50.42857],[6.01548,50.42865],[6.0151,50.4286],[6.01487,50.42838],[6.01449,50.42772],[6.01412,50.42753],[6.013,50.42773],[6.01255,50.42827],[6.01155,50.42834],[6.01094,50.42792],[6.0103,50.42696],[6.01036,50.42631],[6.01048,50.42604],[6.01043,50.42594],[6.01017,50.42572],[6.00925,50.42544],[6.00904,50.42524],[6.00901,50.42508],[6.00911,50.4246],[6.00888,50.42407],[6.00869,50.42384],[6.00796,50.42353],[6.00631,50.42308],[6.00463,50.42309],[6.00415,50.42277],[6.0038,50.42269],[6.0037,50.42273],[6.00364,50.42293],[6.00382,50.42324],[6.00485,50.42366],[6.00547,50.42381],[6.00572,50.42404],[6.00576,50.42422],[6.00565,50.42437],[6.00492,50.42469],[6.00477,50.42494],[6.00471,50.42548],[6.00447,50.42582],[6.0045,50.4263],[6.00483,50.4271],[6.00464,50.42755],[6.00378,50.42697],[6.00267,50.42642],[6.00235,50.42641],[6.00205,50.42656],[6.0019,50.42744],[6.00205,50.42821],[6.00208,50.4288],[6.00171,50.42981],[6.00179,50.43005],[6.00211,50.4305],[6.00216,50.43098],[6.00183,50.4314],[6.00165,50.43181],[6.00139,50.43196],[6.00001,50.43188],[5.99938,50.43159],[5.99853,50.43096],[5.99756,50.43046],[5.99678,50.43064],[5.99589,50.43048],[5.99532,50.43058],[5.99458,50.43037],[5.99379,50.43026],[5.99369,50.43001],[5.99371,50.42968],[5.99349,50.42953],[5.99267,50.42952],[5.9921,50.42969],[5.99161,50.42959],[5.991,50.42938],[5.99063,50.42908],[5.98949,50.42891],[5.98872,50.42866],[5.9884,50.42851],[5.98806,50.42818],[5.98748,50.42807],[5.9867,50.42762]],[[6.05212,50.44865],[6.05187,50.44851],[6.05198,50.4483],[6.05211,50.44824],[6.05238,50.44851],[6.05212,50.44865]],[[5.9867,50.4485],[5.98711,50.44826],[5.98792,50.44797],[5.98874,50.44786],[5.98892,50.44778],[5.98899,50.44765],[5.98886,50.44742],[5.98787,50.44736],[5.9867,50.44716]],[[5.99295,50.44778],[5.99208,50.44747],[5.99172,50.44681],[5.9915,50.44657],[5.99174,50.44647],[5.99298,50.44635],[5.99396,50.44658],[5.99347,50.44687],[5.99317,50.44715],[5.99307,50.44738],[5.9931,50.44769],[5.99295,50.44778]],[[5.9867,50.44606],[5.98756,50.44584],[5.98834,50.44605],[5.9888,50.44605],[5.98857,50.44574],[5.9886,50.44548],[5.98888,50.44523],[5.98942,50.44492],[5.98855,50.44451],[5.98819,50.44447],[5.98745,50.44463],[5.98703,50.44491],[5.98769,50.44548],[5.98757,50.44565],[5.9871,50.4456],[5.9867,50.44523]],[[6.04879,50.44583],[6.04857,50.44575],[6.04853,50.44549],[6.04825,50.44526],[6.04827,50.44515],[6.0486,50.44506],[6.04911,50.44508],[6.04935,50.44517],[6.04952,50.44536],[6.04953,50.44549],[6.04943,50.44557],[6.04879,50.44583]],[[5.99379,50.4295],[5.99378,50.42936],[5.99379,50.4295]],[[6.07212,50.42549],[6.07217,50.42548],[6.07212,50.42549]],[[6.04504,50.42423],[6.04501,50.42409],[6.04527,50.42401],[6.04548,50.42399],[6.04561,50.4241],[6.04545,50.42429],[6.04504,50.42423]],[[6.05004,50.41577],[6.04931,50.41551],[6.04906,50.41528],[6.04897,50.41494],[6.04918,50.41464],[6.04965,50.41446],[6.05011,50.41443],[6.05045,50.41447],[6.05068,50.41464],[6.05074,50.41498],[6.05062,50.41536],[6.05046,50.41558],[6.05004,50.41577]],[[6.01587,50.41347],[6.01564,50.41325],[6.01585,50.41319],[6.0161,50.41325],[6.01587,50.41347]],[[5.9867,50.41011],[5.98694,50.40996],[5.98698,50.40984],[5.98689,50.40965],[5.9867,50.40952]],[[5.98717,50.40826],[5.98712,50.40867],[5.9867,50.40853]]]}},{"type":"Feature","properties":{"ele":440},"geometry":{"type":"MultiLineString","coordinates":[[[6.09004,50.46136],[6.09002,50.46118],[6.09035,50.46098],[6.09045,50.46066],[6.09047,50.46099],[6.09059,50.4613],[6.09056,50.46143],[6.09036,50.46151],[6.09004,50.46136]],[[6.09045,50.46046],[6.09035,50.46021],[6.09055,50.46019],[6.09045,50.46046]],[[6.08962,50.45994],[6.08968,50.45993],[6.08962,50.45994]],[[6.08879,50.45906],[6.08876,50.45881],[6.08899,50.45862],[6.08899,50.45849],[6.08757,50.45799],[6.08745,50.45769],[6.08787,50.4576],[6.08834,50.45766],[6.08937,50.45825],[6.08943,50.45881],[6.08879,50.45906]],[[6.0367,50.4565],[6.03658,50.4563],[6.03586,50.45575],[6.03632,50.4557],[6.03647,50.45604],[6.03673,50.45628],[6.0367,50.4565]],[[6.06049,50.40826],[6.05937,50.40918],[6.05927,50.40967],[6.05911,50.40999],[6.05898,50.41071],[6.05882,50.41106],[6.05888,50.4113],[6.05921,50.41158],[6.05955,50.41213],[6.05917,50.41291],[6.05913,50.41333],[6.05959,50.41349],[6.06056,50.41353],[6.06073,50.41376],[6.06068,50.41394],[6.06018,50.41442],[6.05958,50.41518],[6.05933,50.41595],[6.05904,50.41637],[6.05904,50.41682],[6.05921,50.41711],[6.05962,50.41743],[6.05969,50.41772],[6.06024,50.41834],[6.06047,50.41853],[6.06122,50.41885],[6.0617,50.4193],[6.06201,50.41977],[6.06328,50.42053],[6.0638,50.42103],[6.0642,50.42159],[6.06459,50.42241],[6.06453,50.42269],[6.06431,50.42294],[6.0637,50.42349],[6.06314,50.42381],[6.06302,50.4242],[6.06272,50.4247],[6.06266,50.42512],[6.06298,50.42549],[6.06277,50.42599],[6.06274,50.42633],[6.06251,50.4266],[6.0625,50.42692],[6.0637,50.42703],[6.06431,50.42717],[6.06458,50.42713],[6.06476,50.42686],[6.06507,50.4267],[6.06706,50.42655],[6.06752,50.42631],[6.06876,50.42538],[6.06975,50.42494],[6.06965,50.42474],[6.06933,50.42463],[6.06959,50.42437],[6.06969,50.42438],[6.06976,50.42467],[6.07012,50.42477],[6.07052,50.42467],[6.07095,50.4244],[6.07461,50.42409],[6.07578,50.42387],[6.07668,50.42353],[6.07711,50.42326],[6.07796,50.42304],[6.07887,50.42262],[6.07912,50.42241],[6.0792,50.42214],[6.07946,50.42185],[6.07961,50.42153],[6.07988,50.42129],[6.08,50.42103],[6.08047,50.42112],[6.08094,50.42103],[6.08088,50.42132],[6.08045,50.42151],[6.07999,50.42186],[6.07921,50.42271],[6.07887,50.42296],[6.07837,50.42331],[6.07731,50.42384],[6.07707,50.42407],[6.07698,50.42439],[6.0767,50.42465],[6.07538,50.42542],[6.07385,50.42577],[6.07327,50.4262],[6.07246,50.42652],[6.07233,50.42682],[6.07256,50.42715],[6.07255,50.42741],[6.07231,50.42768],[6.07173,50.42783],[6.07134,50.42782],[6.07034,50.42714],[6.06975,50.42695],[6.06949,50.42698],[6.06919,50.42714],[6.06912,50.42744],[6.06887,50.42772],[6.06723,50.42829],[6.0663,50.42883],[6.06599,50.42939],[6.0654,50.42964],[6.06457,50.43023],[6.06429,50.43051],[6.06417,50.43076],[6.06448,50.43106],[6.06463,50.43132],[6.06412,50.43153],[6.06335,50.43159],[6.06297,50.4317],[6.06257,50.43167],[6.0625,50.43155],[6.06265,50.43132],[6.06315,50.43104],[6.06291,50.43073],[6.06344,50.4302],[6.06371,50.42967],[6.06385,50.42915],[6.0638,50.4288],[6.06225,50.42838],[6.06105,50.42821],[6.06072,50.42809],[6.06041,50.42782],[6.06008,50.42686],[6.05963,50.42658],[6.05837,50.42619],[6.05725,50.42614],[6.05588,50.42576],[6.05457,50.42556],[6.053,50.4248],[6.05252,50.42468],[6.05211,50.42465],[6.052,50.42489],[6.05257,50.42546],[6.05251,50.42554],[6.04887,50.4253],[6.04839,50.42513],[6.04725,50.42516],[6.04595,50.42498],[6.04537,50.42508],[6.04502,50.42532],[6.04486,50.42557],[6.04469,50.42654],[6.04487,50.4272],[6.0446,50.42767],[6.04459,50.42792],[6.04513,50.42857],[6.04554,50.42882],[6.04668,50.4291],[6.04758,50.42948],[6.04798,50.42953],[6.04879,50.42946],[6.04976,50.43019],[6.05045,50.43048],[6.05155,50.43076],[6.05274,50.43133],[6.05254,50.43149],[6.05203,50.43156],[6.0513,50.43188],[6.04994,50.4322],[6.0486,50.43234],[6.04673,50.43226],[6.04537,50.43192],[6.04453,50.43147],[6.04352,50.43128],[6.04254,50.43046],[6.04215,50.43028],[6.04168,50.43021],[6.04119,50.4297],[6.04044,50.42946],[6.0402,50.42869],[6.03989,50.4282],[6.0397,50.42766],[6.03953,50.42754],[6.03912,50.42751],[6.03868,50.42766],[6.03833,50.42797],[6.03801,50.42857],[6.03751,50.42865],[6.03706,50.42856],[6.03685,50.42824],[6.03669,50.42814],[6.03569,50.42787],[6.03423,50.42726],[6.03366,50.42716],[6.03313,50.42723],[6.0326,50.42745],[6.03233,50.42773],[6.03293,50.42884],[6.03357,50.42938],[6.03421,50.42976],[6.03431,50.42992],[6.03437,50.43039],[6.03449,50.43055],[6.03635,50.43131],[6.03678,50.43157],[6.03733,50.43251],[6.0373,50.43269],[6.03703,50.43295],[6.03704,50.43331],[6.03735,50.43341],[6.03848,50.43355],[6.03822,50.43382],[6.03798,50.43423],[6.03777,50.43427],[6.0363,50.43409],[6.0358,50.43386],[6.0355,50.4335],[6.03506,50.43333],[6.0334,50.43304],[6.0325,50.43297],[6.03212,50.43325],[6.03196,50.43369],[6.03192,50.4346],[6.03207,50.43492],[6.03404,50.4363],[6.03625,50.43732],[6.03782,50.43768],[6.03922,50.43768],[6.04046,50.43801],[6.04095,50.43799],[6.04123,50.43788],[6.0414,50.43773],[6.04156,50.4374],[6.04171,50.4373],[6.0422,50.43739],[6.04303,50.43732],[6.04359,50.43739],[6.04373,50.43749],[6.04373,50.43774],[6.04418,50.4379],[6.04586,50.43773],[6.04612,50.43748],[6.04644,50.43686],[6.04674,50.43662],[6.04697,50.43653],[6.04794,50.43664],[6.04838,50.43661],[6.04878,50.43624],[6.04926,50.43598],[6.05043,50.43605],[6.05131,50.43594],[6.05214,50.43601],[6.05242,50.43626],[6.05232,50.4365],[6.05125,50.43741],[6.0504,50.43788],[6.04981,50.43845],[6.04972,50.43876],[6.04981,50.43928],[6.05005,50.43959],[6.05036,50.43972],[6.05172,50.43965],[6.05218,50.43978],[6.05252,50.44001],[6.05257,50.44033],[6.05235,50.44085],[6.05176,50.44132],[6.05122,50.44153],[6.05104,50.44175],[6.05107,50.44194],[6.05132,50.44208],[6.05173,50.44208],[6.05217,50.44192],[6.05281,50.44105],[6.05339,50.44077],[6.0542,50.44048],[6.05457,50.44043],[6.05475,50.44048],[6.05505,50.44071],[6.05534,50.44132],[6.05501,50.44155],[6.05481,50.44189],[6.0545,50.44273],[6.05452,50.44335],[6.05438,50.4438],[6.0546,50.44422],[6.05488,50.44442],[6.05579,50.44449],[6.0564,50.44464],[6.05731,50.44466],[6.05799,50.44419],[6.0589,50.44383],[6.05916,50.44322],[6.05961,50.44296],[6.05968,50.44302],[6.05966,50.44327],[6.05946,50.44355],[6.05976,50.44376],[6.06121,50.44412],[6.06188,50.44403],[6.06403,50.4432],[6.06431,50.44299],[6.06469,50.4422],[6.06508,50.44193],[6.06559,50.44169],[6.06637,50.44151],[6.06708,50.44124],[6.06833,50.44139],[6.06961,50.44216],[6.06996,50.44228],[6.07045,50.44227],[6.07086,50.44201],[6.07093,50.44218],[6.07073,50.44246],[6.07063,50.44351],[6.07013,50.44382],[6.07013,50.44403],[6.07162,50.44443],[6.07345,50.44437],[6.07316,50.44491],[6.07315,50.44522],[6.07339,50.44547],[6.07415,50.44578],[6.07433,50.44597],[6.07459,50.4466],[6.07511,50.44717],[6.07527,50.44772],[6.07562,50.44848],[6.07592,50.44879],[6.07637,50.44893],[6.07777,50.44904],[6.07933,50.44929],[6.08131,50.4489],[6.08207,50.44851],[6.08257,50.448],[6.08284,50.44794],[6.08678,50.44841],[6.08754,50.44881],[6.08778,50.44922],[6.08835,50.44977],[6.0888,50.4499],[6.08985,50.45001],[6.09029,50.45023],[6.0907,50.45078],[6.09079,50.45109],[6.09074,50.45147],[6.0905,50.45196],[6.09051,50.45217],[6.09137,50.45381],[6.09173,50.45396],[6.09323,50.45429],[6.09504,50.45501],[6.09628,50.45523],[6.09715,50.45512],[6.09727,50.4552],[6.09716,50.45533],[6.09688,50.4555],[6.09631,50.45561],[6.09392,50.45561],[6.09123,50.45486],[6.09011,50.45481],[6.08981,50.45472],[6.08964,50.45456],[6.0896,50.45412],[6.08947,50.45376],[6.08883,50.45265],[6.08847,50.45131],[6.08707,50.45078],[6.08669,50.4505],[6.08618,50.44994],[6.08552,50.44964],[6.08289,50.44962],[6.0813,50.45048],[6.08087,50.45088],[6.08037,50.45067],[6.07944,50.45061],[6.07793,50.45026],[6.07668,50.45012],[6.07502,50.44979],[6.07464,50.44963],[6.0738,50.44866],[6.07333,50.44832],[6.07292,50.44773],[6.07212,50.44686],[6.07096,50.44621],[6.07006,50.44589],[6.06835,50.4455],[6.06652,50.44495],[6.06616,50.44501],[6.06512,50.44543],[6.06381,50.44548],[6.06339,50.44567],[6.06317,50.44585],[6.06301,50.44616],[6.063,50.4464],[6.06313,50.44685],[6.06295,50.44715],[6.06188,50.44722],[6.06131,50.44711],[6.06102,50.44716],[6.06085,50.44728],[6.06035,50.44793],[6.06,50.44821],[6.06026,50.44866],[6.06043,50.44917],[6.06111,50.44991],[6.06166,50.45023],[6.06169,50.45053],[6.0613,50.45048],[6.06085,50.45018],[6.05995,50.44984],[6.05944,50.44981],[6.05829,50.44994],[6.05801,50.44935],[6.05719,50.44856],[6.05666,50.44828],[6.0562,50.4482],[6.0558,50.44823],[6.0542,50.44882],[6.05295,50.44909],[6.05258,50.44938],[6.05181,50.44969],[6.05128,50.45024],[6.05002,50.44912],[6.04924,50.44811],[6.04837,50.44769],[6.04755,50.4474],[6.04744,50.44779],[6.04704,50.44845],[6.04673,50.44936],[6.04619,50.44965],[6.04569,50.44975],[6.04451,50.44939],[6.04334,50.44931],[6.04252,50.44936],[6.04209,50.44958],[6.04126,50.4503],[6.03998,50.45183],[6.03886,50.45204],[6.03715,50.45221],[6.03623,50.45251],[6.0359,50.45253],[6.03586,50.45238],[6.03651,50.45158],[6.03711,50.45131],[6.03803,50.45105],[6.03841,50.45079],[6.03886,50.44969],[6.0391,50.44883],[6.03915,50.44827],[6.03927,50.44803],[6.03961,50.44777],[6.04027,50.44743],[6.04046,50.44716],[6.04053,50.44685],[6.04086,50.44659],[6.04172,50.44632],[6.04212,50.44604],[6.04228,50.44585],[6.04228,50.44569],[6.04208,50.44552],[6.04182,50.44544],[6.0409,50.44545],[6.04048,50.44528],[6.04032,50.44468],[6.0398,50.44439],[6.03959,50.44406],[6.03915,50.44406],[6.0384,50.44448],[6.03832,50.44467],[6.03846,50.44497],[6.03817,50.44557],[6.03761,50.4461],[6.03715,50.44624],[6.03669,50.44605],[6.0359,50.44545],[6.03506,50.4457],[6.03461,50.44561],[6.03422,50.44541],[6.03374,50.44497],[6.03338,50.4448],[6.03298,50.44485],[6.0325,50.4451],[6.03131,50.44531],[6.03076,50.44526],[6.02966,50.44495],[6.02947,50.44449],[6.02957,50.4439],[6.0294,50.4437],[6.02917,50.44357],[6.02795,50.44353],[6.0272,50.44372],[6.02659,50.44359],[6.02575,50.44251],[6.02545,50.44171],[6.02461,50.44159],[6.02419,50.44175],[6.02403,50.44169],[6.02398,50.44158],[6.02423,50.44144],[6.02449,50.44104],[6.0249,50.44098],[6.02516,50.44102],[6.0255,50.44132],[6.02595,50.44151],[6.02797,50.44142],[6.02833,50.44129],[6.0288,50.4409],[6.02891,50.44073],[6.02888,50.44047],[6.02858,50.44021],[6.02849,50.4399],[6.02762,50.43929],[6.02665,50.43893],[6.02627,50.43855],[6.02608,50.438],[6.0259,50.43779],[6.02563,50.43776],[6.02502,50.43798],[6.02428,50.43805],[6.02364,50.438],[6.02321,50.43775],[6.02323,50.43762],[6.02385,50.4372],[6.02408,50.43647],[6.02477,50.4358],[6.02463,50.43542],[6.02433,50.43516],[6.02355,50.43502],[6.02296,50.43516],[6.02248,50.43558],[6.0213,50.43605],[6.02091,50.43662],[6.02045,50.43688],[6.01949,50.43611],[6.01945,50.43595],[6.01957,50.43526],[6.01929,50.43495],[6.01892,50.43488],[6.01808,50.43491],[6.01751,50.43465],[6.01743,50.43437],[6.0176,50.43408],[6.01893,50.43297],[6.01949,50.4328],[6.02093,50.43271],[6.02174,50.43244],[6.02205,50.43213],[6.02179,50.43177],[6.02147,50.43165],[6.02063,50.43185],[6.01938,50.43174],[6.01763,50.43189],[6.01688,50.43161],[6.01677,50.43133],[6.0169,50.43092],[6.01696,50.42991],[6.01713,50.42966],[6.01823,50.4289],[6.01824,50.42878],[6.018,50.42864],[6.0176,50.42849],[6.01717,50.42849],[6.01621,50.42875],[6.01505,50.4289],[6.01462,50.42854],[6.01422,50.42795],[6.01371,50.42785],[6.01325,50.42794],[6.01255,50.42845],[6.0121,50.42853],[6.01162,50.42874],[6.0113,50.42875],[6.01093,50.42834],[6.01044,50.42799],[6.01033,50.42762],[6.00999,50.42718],[6.00992,50.42692],[6.01001,50.42654],[6.00994,50.42603],[6.00959,50.42579],[6.00877,50.42549],[6.00869,50.42515],[6.00882,50.42464],[6.00839,50.42408],[6.00751,50.42364],[6.0062,50.42328],[6.00569,50.42323],[6.0053,50.42327],[6.00528,50.42352],[6.00607,50.42384],[6.00634,50.42407],[6.00648,50.42434],[6.00628,50.42449],[6.0055,50.42467],[6.00528,50.42495],[6.0053,50.42539],[6.00548,50.42574],[6.00568,50.42661],[6.00561,50.42683],[6.00532,50.42717],[6.00525,50.4279],[6.0051,50.42824],[6.00521,50.42857],[6.00495,50.42874],[6.00462,50.42873],[6.00456,50.42852],[6.00488,50.42833],[6.00491,50.42821],[6.00458,50.42799],[6.00372,50.42716],[6.00329,50.427],[6.00272,50.42693],[6.00235,50.42708],[6.00215,50.42751],[6.00234,50.42828],[6.00237,50.4288],[6.002,50.42984],[6.00236,50.43053],[6.00239,50.43092],[6.00202,50.43152],[6.00191,50.43192],[6.00171,50.43216],[5.9998,50.43201],[5.99876,50.43162],[5.99839,50.43126],[5.99793,50.43113],[5.997,50.43129],[5.99671,50.43167],[5.99642,50.43173],[5.99381,50.43121],[5.99297,50.43087],[5.99221,50.43076],[5.992,50.43051],[5.9918,50.43041],[5.98971,50.43018],[5.9888,50.42973],[5.98827,50.42968],[5.98775,50.42936],[5.98735,50.4288],[5.9867,50.42847]],[[6.09837,50.45386],[6.09836,50.4538],[6.09879,50.45369],[6.09915,50.45348],[6.09942,50.45354],[6.09887,50.45389],[6.09837,50.45386]],[[6.10254,50.45191],[6.10249,50.45187],[6.10282,50.45181],[6.10319,50.45187],[6.10254,50.45191]],[[6.06087,50.45156],[6.06058,50.45136],[6.06052,50.45123],[6.06067,50.45098],[6.0609,50.45089],[6.06126,50.45106],[6.06134,50.45131],[6.06087,50.45156]],[[5.9867,50.44929],[5.98808,50.44927],[5.98957,50.44903],[5.98975,50.44888],[5.98999,50.44848],[5.99057,50.4481],[5.99084,50.44738],[5.9911,50.4473],[5.9913,50.44733],[5.9925,50.44833],[5.99308,50.4485],[5.9934,50.44847],[5.99395,50.44827],[5.99512,50.44834],[5.9955,50.44817],[5.99587,50.44768],[5.99713,50.44791],[5.99756,50.44761],[5.99808,50.44742],[5.99967,50.44716],[5.99968,50.44692],[5.99978,50.44679],[6.00046,50.44632],[6.00109,50.44608],[6.00117,50.44595],[6.00106,50.44572],[6.00087,50.44557],[5.99991,50.44548],[6.00005,50.44535],[6.00058,50.44523],[6.00058,50.44514],[6.00044,50.44505],[5.99959,50.44542],[5.99891,50.44554],[5.99842,50.4458],[5.99801,50.44589],[5.99754,50.44633],[5.99719,50.44621],[5.99678,50.44626],[5.99654,50.44619],[5.99607,50.44569],[5.99568,50.44549],[5.99587,50.44532],[5.99589,50.44518],[5.99551,50.44489],[5.99518,50.44494],[5.99566,50.44516],[5.99568,50.44525],[5.99555,50.44536],[5.99429,50.44562],[5.99384,50.44583],[5.99346,50.44575],[5.99337,50.44548],[5.99294,50.4455],[5.99225,50.44532],[5.99162,50.44545],[5.99053,50.44543],[5.99006,50.44518],[5.98987,50.44493],[5.98933,50.44459],[5.9891,50.44436],[5.9888,50.44379],[5.98832,50.44333],[5.98771,50.44297],[5.9867,50.4428]],[[5.99795,50.44885],[5.99754,50.4486],[5.99736,50.44838],[5.99732,50.44825],[5.99741,50.44813],[5.99772,50.44807],[5.99817,50.44827],[5.99814,50.44852],[5.99795,50.44885]],[[5.99879,50.44815],[5.99852,50.44796],[5.99878,50.44763],[5.99928,50.44757],[5.99988,50.44772],[5.99953,50.44815],[5.99918,50.44821],[5.99879,50.44815]],[[5.9892,50.4472],[5.98884,50.44712],[5.98862,50.44686],[5.98959,50.44668],[5.99043,50.44681],[5.99056,50.44689],[5.99047,50.44715],[5.99001,50.44722],[5.9892,50.4472]],[[5.9992,50.44679],[5.99913,50.44662],[5.99918,50.44656],[5.99987,50.44661],[5.99963,50.44677],[5.9992,50.44679]],[[5.99629,50.44642],[5.99612,50.44631],[5.99625,50.44614],[5.99641,50.44615],[5.99658,50.44629],[5.99629,50.44642]],[[6.00254,50.44533],[6.00202,50.44492],[6.00198,50.44463],[6.00212,50.44435],[6.00251,50.44428],[6.00294,50.44437],[6.00341,50.44492],[6.00298,50.44523],[6.00254,50.44533]],[[5.9867,50.44342],[5.98714,50.4435],[5.98732,50.44363],[5.98754,50.44381],[5.98757,50.44415],[5.98747,50.44418],[5.9867,50.4438]],[[6.00295,50.43329],[6.00249,50.43298],[6.00237,50.43276],[6.00244,50.43259],[6.00262,50.43254],[6.00299,50.43265],[6.00394,50.43326],[6.0036,50.43334],[6.00295,50.43329]],[[6.03795,50.43272],[6.0379,50.4327],[6.03794,50.43265],[6.03795,50.43272]],[[6.04879,50.42504],[6.04869,50.42492],[6.04886,50.42492],[6.04879,50.42504]],[[6.0767,50.42383],[6.0767,50.42375],[6.0767,50.42383]],[[6.08087,50.42328],[6.08078,50.42322],[6.08083,50.42298],[6.08113,50.42299],[6.0811,50.4231],[6.08087,50.42328]],[[6.04688,50.40826],[6.04674,50.40857],[6.04587,50.40853],[6.04507,50.40895],[6.04375,50.40839],[6.04328,50.40839],[6.04253,50.40937],[6.0425,50.41026],[6.04235,50.4107],[6.04124,50.41149],[6.04044,50.41159],[6.03965,50.4119],[6.03912,50.41196],[6.03794,50.41171],[6.03704,50.41134],[6.03664,50.41131],[6.03645,50.41185],[6.03648,50.4122],[6.03629,50.4125],[6.03601,50.41272],[6.03512,50.41301],[6.03523,50.41359],[6.035,50.4141],[6.03537,50.4147],[6.03578,50.41564],[6.03576,50.41595],[6.03552,50.41654],[6.03554,50.41681],[6.03615,50.41717],[6.03667,50.41738],[6.03709,50.41744],[6.03724,50.41755],[6.03743,50.41779],[6.03745,50.41796],[6.03729,50.41811],[6.03704,50.41817],[6.03627,50.41794],[6.03543,50.41804],[6.03428,50.41787],[6.03292,50.41801],[6.03168,50.41745],[6.0313,50.41737],[6.03084,50.41741],[6.03004,50.41771],[6.02975,50.41771],[6.02879,50.41771],[6.02794,50.41745],[6.02735,50.41736],[6.02631,50.41739],[6.02574,50.41722],[6.02497,50.41714],[6.02339,50.41665],[6.02216,50.41616],[6.02084,50.41549],[6.02068,50.41529],[6.02065,50.41512],[6.02079,50.41466],[6.02111,50.41422],[6.02099,50.41396],[6.02044,50.41382],[6.02019,50.41352],[6.01983,50.41329],[6.01885,50.41282],[6.01767,50.41262],[6.01731,50.41243],[6.01715,50.41199],[6.01719,50.41158],[6.01712,50.41131],[6.01668,50.41105],[6.01659,50.41074],[6.0163,50.41049],[6.01574,50.41026],[6.01536,50.40999],[6.01472,50.40918],[6.01471,50.40904],[6.01495,50.40869],[6.01494,50.40826]],[[6.06033,50.40826],[6.0593,50.40864],[6.0591,50.40878],[6.05887,50.4091],[6.05831,50.40919],[6.05735,50.40975],[6.05584,50.40998],[6.0552,50.41023],[6.05384,50.41035],[6.0535,50.41057],[6.05319,50.41064],[6.05216,50.41047],[6.05177,50.41017],[6.05125,50.41005],[6.05082,50.40976],[6.04882,50.40896],[6.04839,50.40868],[6.048,50.40826]],[[6.06254,50.40944],[6.0621,50.40916],[6.06211,50.40853],[6.06238,50.40858],[6.0627,50.40904],[6.0627,50.40922],[6.06254,50.40944]]]}},{"type":"Feature","properties":{"ele":460},"geometry":{"type":"MultiLineString","coordinates":[[[5.9867,50.49624],[5.98724,50.49577],[5.9871,50.49562],[5.9867,50.49564]],[[6.08962,50.46585],[6.08945,50.46547],[6.0892,50.46522],[6.08919,50.46491],[6.08971,50.4652],[6.08971,50.46573],[6.08962,50.46585]],[[6.08795,50.46394],[6.08797,50.46356],[6.08839,50.46348],[6.08837,50.46363],[6.08795,50.46394]],[[6.09045,50.46194],[6.08928,50.46165],[6.0883,50.46162],[6.08877,50.46131],[6.08929,50.46112],[6.08967,50.4608],[6.08968,50.46071],[6.08948,50.46043],[6.08836,50.45966],[6.08794,50.45916],[6.08669,50.4591],[6.08684,50.4588],[6.08719,50.45853],[6.087,50.45783],[6.08706,50.45764],[6.08753,50.45743],[6.08842,50.45731],[6.08995,50.45829],[6.09012,50.45855],[6.09013,50.45882],[6.08941,50.45926],[6.08935,50.45941],[6.08979,50.45964],[6.09094,50.4599],[6.09134,50.46014],[6.0914,50.46029],[6.09119,50.46113],[6.09146,50.46175],[6.09146,50.4619],[6.09115,50.46202],[6.09045,50.46194]],[[6.06537,50.40826],[6.06571,50.40853],[6.06502,50.40865],[6.06478,50.40878],[6.06481,50.4089],[6.06504,50.40911],[6.0646,50.41021],[6.06341,50.41117],[6.06262,50.41151],[6.06213,50.41162],[6.06191,50.41186],[6.06179,50.41219],[6.06157,50.4124],[6.06208,50.41303],[6.06224,50.41349],[6.06213,50.41382],[6.06158,50.41456],[6.0615,50.41515],[6.06192,50.41601],[6.06235,50.41654],[6.06246,50.4169],[6.06299,50.41739],[6.06304,50.41772],[6.06319,50.41795],[6.06365,50.41827],[6.06378,50.41854],[6.0646,50.41874],[6.06505,50.41908],[6.06544,50.41968],[6.06571,50.41992],[6.06567,50.42026],[6.06577,50.42046],[6.06631,50.42059],[6.06678,50.42103],[6.06656,50.42124],[6.06655,50.4214],[6.06669,50.42161],[6.06708,50.4219],[6.06726,50.42221],[6.06686,50.42307],[6.06634,50.42356],[6.06586,50.42381],[6.06557,50.42385],[6.06501,50.4237],[6.06458,50.42376],[6.06345,50.42468],[6.06332,50.42495],[6.06352,50.42548],[6.06317,50.42606],[6.06337,50.42646],[6.0637,50.42651],[6.06401,50.42638],[6.06405,50.42623],[6.06387,50.42588],[6.06392,50.42572],[6.06479,50.42525],[6.06542,50.42478],[6.0661,50.42467],[6.0671,50.42465],[6.06881,50.42357],[6.06953,50.42331],[6.07037,50.42323],[6.07116,50.42331],[6.0719,50.42379],[6.07212,50.42409],[6.07412,50.42358],[6.07547,50.42359],[6.07674,50.423],[6.07804,50.42263],[6.07846,50.42244],[6.0788,50.42217],[6.07929,50.42101],[6.07953,50.42074],[6.08003,50.42042],[6.08047,50.41979],[6.08127,50.41995],[6.08228,50.41993],[6.08335,50.42037],[6.0838,50.42047],[6.08465,50.42092],[6.08488,50.42134],[6.08549,50.42185],[6.08566,50.42214],[6.08583,50.42222],[6.08657,50.42231],[6.08721,50.42201],[6.08767,50.42195],[6.08832,50.42216],[6.08854,50.42246],[6.08837,50.42256],[6.088,50.42251],[6.08789,50.42257],[6.08787,50.42278],[6.08816,50.42298],[6.08631,50.42319],[6.08574,50.42317],[6.08454,50.42291],[6.0834,50.42286],[6.08268,50.42298],[6.08211,50.42325],[6.08176,50.42386],[6.08123,50.4243],[6.08006,50.42408],[6.07961,50.42382],[6.07925,50.42347],[6.07876,50.42349],[6.0784,50.42383],[6.07757,50.42422],[6.07718,50.42465],[6.07676,50.42495],[6.07625,50.4257],[6.07629,50.42604],[6.0758,50.42621],[6.07533,50.42663],[6.07496,50.42736],[6.0749,50.42762],[6.07496,50.42798],[6.07533,50.42869],[6.07522,50.4289],[6.07462,50.4292],[6.07379,50.42928],[6.07328,50.42952],[6.07245,50.42969],[6.07084,50.42973],[6.06962,50.42937],[6.06834,50.42943],[6.06753,50.42965],[6.06702,50.42996],[6.06681,50.43077],[6.06643,50.43164],[6.06555,50.43214],[6.06443,50.43239],[6.06431,50.43255],[6.06422,50.43301],[6.06388,50.43328],[6.06334,50.43352],[6.06342,50.43389],[6.06334,50.434],[6.06319,50.43404],[6.06241,50.43396],[6.0617,50.43412],[6.06126,50.43387],[6.06112,50.43359],[6.06116,50.43321],[6.06043,50.43218],[6.06039,50.43193],[6.06042,50.43183],[6.06055,50.43178],[6.0613,50.43172],[6.06156,50.43159],[6.06183,50.43112],[6.06298,50.42992],[6.06321,50.42949],[6.06318,50.42932],[6.06295,50.42909],[6.06251,50.42903],[6.06172,50.42871],[6.06121,50.42869],[6.06045,50.42882],[6.05992,50.42871],[6.05971,50.42852],[6.05984,50.42793],[6.05974,50.42727],[6.05959,50.42691],[6.05847,50.42656],[6.0572,50.42661],[6.05637,50.42678],[6.0561,50.42666],[6.05587,50.42631],[6.05537,50.42623],[6.05494,50.4263],[6.05525,50.42658],[6.05516,50.42673],[6.05495,50.42681],[6.05334,50.4267],[6.05168,50.42646],[6.04928,50.42647],[6.04841,50.4263],[6.04791,50.42593],[6.04674,50.42545],[6.04595,50.42536],[6.04541,50.42546],[6.04525,50.42585],[6.04519,50.4264],[6.04536,50.42717],[6.04533,50.42765],[6.04545,50.42782],[6.04599,50.42825],[6.04682,50.42871],[6.04756,50.42896],[6.04831,50.42911],[6.04882,50.42892],[6.04927,50.42903],[6.04962,50.42926],[6.05003,50.42966],[6.05083,50.42996],[6.05242,50.43082],[6.0534,50.43092],[6.05379,50.43104],[6.05437,50.43135],[6.05465,50.43157],[6.05472,50.43172],[6.05484,50.43241],[6.05465,50.43301],[6.0541,50.43301],[6.05295,50.4327],[6.05251,50.43284],[6.05079,50.43306],[6.04928,50.43341],[6.0485,50.43324],[6.04717,50.43331],[6.04587,50.43299],[6.04557,50.4327],[6.04532,50.43259],[6.04419,50.43228],[6.0436,50.43201],[6.04211,50.43104],[6.041,50.43064],[6.03964,50.43003],[6.03945,50.4297],[6.03965,50.42938],[6.03963,50.42909],[6.03938,50.42895],[6.03892,50.4289],[6.03838,50.42916],[6.03798,50.42924],[6.03663,50.42912],[6.03612,50.42891],[6.03587,50.42851],[6.0351,50.42794],[6.03381,50.42756],[6.03341,50.42756],[6.0332,50.42766],[6.03319,50.42779],[6.03366,50.42825],[6.03378,50.42859],[6.03415,50.42894],[6.03456,50.42873],[6.03507,50.42879],[6.03563,50.42933],[6.03568,50.42956],[6.03555,50.42973],[6.0354,50.42975],[6.03505,50.4296],[6.03496,50.42965],[6.03485,50.42994],[6.03498,50.43024],[6.0359,50.43076],[6.0375,50.43136],[6.03791,50.43141],[6.03844,50.43128],[6.0387,50.43161],[6.03907,50.43265],[6.03865,50.43294],[6.03865,50.43306],[6.03881,50.43326],[6.03964,50.43356],[6.03952,50.43382],[6.03882,50.43413],[6.0387,50.4347],[6.03845,50.43496],[6.03793,50.43494],[6.03686,50.43442],[6.03629,50.43434],[6.03598,50.43445],[6.03547,50.43502],[6.03407,50.4351],[6.03372,50.43503],[6.03339,50.43484],[6.03326,50.43468],[6.0333,50.43441],[6.0336,50.43394],[6.03356,50.43374],[6.03313,50.43351],[6.03255,50.43351],[6.03239,50.43376],[6.03235,50.434],[6.03241,50.43413],[6.03278,50.4344],[6.03268,50.43484],[6.03276,50.43505],[6.03291,50.43522],[6.03319,50.43531],[6.03385,50.43532],[6.03396,50.43547],[6.03398,50.43577],[6.03422,50.43601],[6.03473,50.43623],[6.03526,50.43661],[6.03596,50.43684],[6.03633,50.43713],[6.03795,50.43743],[6.03839,50.43743],[6.03933,50.43723],[6.04017,50.43752],[6.04067,50.43743],[6.04081,50.43688],[6.0411,50.43677],[6.04142,50.43677],[6.04251,50.43701],[6.04465,50.43688],[6.04704,50.43618],[6.04787,50.43603],[6.04846,50.43562],[6.04965,50.43524],[6.05088,50.4352],[6.05162,50.43542],[6.0525,50.43549],[6.05335,50.43579],[6.05364,50.43596],[6.05371,50.43609],[6.05348,50.43654],[6.05343,50.43692],[6.0528,50.43739],[6.05065,50.4383],[6.05039,50.43853],[6.05042,50.43889],[6.05059,50.439],[6.05116,50.43904],[6.0521,50.43877],[6.05263,50.43882],[6.05335,50.43923],[6.05366,50.4396],[6.05373,50.43995],[6.05524,50.4402],[6.05613,50.4408],[6.05633,50.44107],[6.05588,50.44162],[6.0557,50.44234],[6.05527,50.44286],[6.05518,50.44314],[6.05539,50.44357],[6.05636,50.44406],[6.05676,50.444],[6.05742,50.44348],[6.05795,50.44326],[6.0584,50.44331],[6.05881,50.44248],[6.05919,50.44236],[6.06037,50.44259],[6.06095,50.44246],[6.06129,50.44252],[6.06147,50.4427],[6.06134,50.44296],[6.06041,50.44319],[6.06035,50.44328],[6.06044,50.44345],[6.06071,50.44363],[6.06121,50.44378],[6.06209,50.44367],[6.06252,50.44351],[6.0638,50.44278],[6.06419,50.44214],[6.06464,50.44166],[6.06501,50.44139],[6.06626,50.44124],[6.06712,50.44094],[6.06879,50.44119],[6.06941,50.44162],[6.07003,50.44189],[6.07082,50.44158],[6.07126,50.44151],[6.07255,50.44158],[6.07203,50.44174],[6.07152,50.44217],[6.07128,50.44298],[6.07145,50.44345],[6.07147,50.44387],[6.0717,50.4441],[6.07251,50.44403],[6.07425,50.44407],[6.07424,50.44437],[6.07394,50.4447],[6.0739,50.44494],[6.07415,50.44521],[6.07465,50.44538],[6.07484,50.44554],[6.07495,50.44581],[6.07505,50.44656],[6.07556,50.44687],[6.07593,50.44734],[6.07594,50.44779],[6.07621,50.44857],[6.07902,50.44898],[6.07965,50.44895],[6.08141,50.44858],[6.08189,50.44829],[6.08234,50.44767],[6.08262,50.44754],[6.08397,50.44778],[6.08668,50.44799],[6.08804,50.44853],[6.08816,50.44915],[6.08834,50.44941],[6.08866,50.44965],[6.09038,50.44993],[6.09104,50.45049],[6.09121,50.45074],[6.09129,50.45104],[6.09122,50.45151],[6.09096,50.45192],[6.09094,50.45217],[6.09142,50.45286],[6.09167,50.45357],[6.09209,50.45382],[6.09332,50.45402],[6.095,50.45473],[6.09632,50.45496],[6.09677,50.4548],[6.09785,50.45412],[6.09795,50.4538],[6.09838,50.45345],[6.09944,50.45312],[6.09999,50.4532],[6.10027,50.45332],[6.10035,50.45349],[6.10026,50.45366],[6.10006,50.45382],[6.0993,50.4541],[6.09893,50.45435],[6.09842,50.45475],[6.09807,50.45522],[6.09776,50.45549],[6.0974,50.45566],[6.09676,50.45581],[6.09485,50.45591],[6.09373,50.45581],[6.09282,50.45554],[6.09045,50.4552],[6.09001,50.45528],[6.0896,50.45547],[6.08877,50.45635],[6.0886,50.45574],[6.08862,50.45536],[6.08871,50.45512],[6.08909,50.45463],[6.08915,50.45425],[6.08888,50.45355],[6.0883,50.45297],[6.0882,50.45217],[6.08797,50.45159],[6.08656,50.4508],[6.08594,50.45016],[6.08557,50.44992],[6.08506,50.44984],[6.08295,50.44993],[6.08188,50.45053],[6.0813,50.45133],[6.081,50.4516],[6.08045,50.45177],[6.08028,50.45163],[6.08023,50.45119],[6.08002,50.45094],[6.07803,50.45055],[6.07705,50.45058],[6.07437,50.44983],[6.07411,50.44966],[6.07343,50.44882],[6.07301,50.44851],[6.07179,50.44712],[6.07092,50.44657],[6.06957,50.44609],[6.06636,50.4453],[6.06532,50.44569],[6.06402,50.44584],[6.0637,50.44595],[6.06355,50.44616],[6.06352,50.44651],[6.06403,50.44706],[6.06403,50.44717],[6.06346,50.44738],[6.06225,50.44749],[6.06168,50.4477],[6.06153,50.44807],[6.06171,50.44853],[6.0617,50.44882],[6.06129,50.44861],[6.06092,50.44826],[6.06079,50.44833],[6.06072,50.44849],[6.06075,50.44866],[6.06132,50.44935],[6.06204,50.44961],[6.06292,50.44959],[6.06308,50.44981],[6.06309,50.44993],[6.06265,50.45021],[6.06249,50.45047],[6.06244,50.45076],[6.06263,50.45107],[6.06266,50.45133],[6.0621,50.45214],[6.06212,50.45248],[6.06157,50.45233],[6.06087,50.45249],[6.05954,50.45252],[6.05874,50.45281],[6.05794,50.45299],[6.05826,50.4527],[6.05876,50.45241],[6.05916,50.45203],[6.05962,50.45194],[6.0597,50.45184],[6.0598,50.45158],[6.05976,50.45109],[6.05949,50.45053],[6.05949,50.45024],[6.05921,50.45013],[6.05829,50.45015],[6.05785,50.45005],[6.05767,50.4499],[6.05764,50.44962],[6.05751,50.44945],[6.05626,50.44876],[6.05584,50.44876],[6.05513,50.44897],[6.05454,50.44931],[6.0537,50.44933],[6.05333,50.44965],[6.05249,50.44991],[6.05209,50.4502],[6.05194,50.45088],[6.0517,50.45121],[6.05128,50.45099],[6.05087,50.45048],[6.05042,50.45005],[6.05005,50.44983],[6.04965,50.44933],[6.04928,50.44901],[6.0487,50.44871],[6.04824,50.4487],[6.04784,50.44881],[6.04759,50.4491],[6.04746,50.44953],[6.04723,50.44992],[6.04672,50.45029],[6.04527,50.45002],[6.04394,50.44963],[6.04346,50.4496],[6.04314,50.44966],[6.04225,50.45023],[6.04162,50.45043],[6.04086,50.4513],[6.04062,50.45187],[6.04031,50.45209],[6.04002,50.4522],[6.03725,50.45246],[6.03677,50.45278],[6.03641,50.45342],[6.03635,50.45376],[6.03664,50.45439],[6.03675,50.45547],[6.03719,50.45603],[6.03732,50.45633],[6.03713,50.45688],[6.03703,50.45755],[6.0368,50.45798],[6.03659,50.45801],[6.03634,50.45793],[6.03617,50.45774],[6.03588,50.45631],[6.03539,50.45605],[6.03544,50.45574],[6.03568,50.45519],[6.03573,50.45477],[6.03566,50.45446],[6.03539,50.45408],[6.03524,50.45331],[6.03536,50.45238],[6.03544,50.45214],[6.03618,50.4513],[6.03797,50.45068],[6.03843,50.44967],[6.03852,50.44859],[6.03871,50.44795],[6.03887,50.44772],[6.03968,50.44717],[6.03971,50.44689],[6.03961,50.44663],[6.03927,50.44621],[6.03912,50.44618],[6.03837,50.4466],[6.03772,50.44715],[6.03679,50.4472],[6.0354,50.4469],[6.03381,50.44638],[6.0325,50.44627],[6.03166,50.44632],[6.03015,50.44596],[6.02961,50.44604],[6.02884,50.44584],[6.02867,50.44576],[6.02862,50.4456],[6.02865,50.44526],[6.02879,50.44493],[6.02834,50.44467],[6.02805,50.44461],[6.02703,50.44468],[6.02632,50.44408],[6.02543,50.44383],[6.02547,50.44351],[6.02527,50.44325],[6.02467,50.44284],[6.02418,50.44261],[6.02339,50.44186],[6.02231,50.44158],[6.02205,50.44144],[6.02192,50.44123],[6.02205,50.44101],[6.02495,50.44071],[6.02539,50.44079],[6.02586,50.44107],[6.02621,50.44118],[6.02735,50.44117],[6.02791,50.441],[6.02811,50.4408],[6.02813,50.4406],[6.0278,50.43995],[6.02748,50.43969],[6.02717,50.43957],[6.02637,50.4395],[6.02601,50.43939],[6.02605,50.43901],[6.02553,50.43819],[6.02366,50.43817],[6.02309,50.43801],[6.02234,50.43767],[6.02227,50.43748],[6.02237,50.43734],[6.02338,50.43689],[6.02357,50.43637],[6.02405,50.43585],[6.02404,50.43571],[6.02389,50.43559],[6.02365,50.43553],[6.02335,50.43561],[6.02252,50.43652],[6.02135,50.43715],[6.02003,50.43743],[6.01962,50.43718],[6.01934,50.43686],[6.0189,50.43654],[6.01878,50.43605],[6.01885,50.43574],[6.0188,50.43546],[6.01779,50.43529],[6.01659,50.43468],[6.01664,50.43436],[6.01781,50.43327],[6.01909,50.43259],[6.01975,50.43242],[6.01897,50.4322],[6.01777,50.43228],[6.01683,50.43194],[6.01617,50.43187],[6.01611,50.43163],[6.01632,50.4314],[6.01648,50.43099],[6.01641,50.42942],[6.01653,50.42911],[6.01626,50.42909],[6.01505,50.42941],[6.01463,50.4294],[6.01435,50.42911],[6.01422,50.42878],[6.01381,50.42863],[6.01337,50.42882],[6.01255,50.42893],[6.01212,50.42937],[6.01162,50.42961],[6.01116,50.42957],[6.01053,50.42932],[6.01029,50.4291],[6.01032,50.42873],[6.01025,50.42853],[6.01001,50.4283],[6.00944,50.42745],[6.00913,50.42715],[6.00912,50.42687],[6.0093,50.42653],[6.00927,50.42628],[6.00898,50.42606],[6.00833,50.42577],[6.00818,50.42543],[6.00816,50.42468],[6.00802,50.42452],[6.00777,50.42447],[6.00752,50.42452],[6.00712,50.4248],[6.00664,50.42494],[6.00632,50.42523],[6.00623,50.42544],[6.00627,50.42553],[6.00671,50.42576],[6.00693,50.42602],[6.00657,50.42661],[6.00696,50.42776],[6.00677,50.42883],[6.0068,50.42953],[6.00671,50.42985],[6.00569,50.42997],[6.00424,50.42967],[6.00389,50.42931],[6.00337,50.42896],[6.00305,50.42913],[6.00287,50.42935],[6.00272,50.42994],[6.00293,50.43057],[6.00279,50.43159],[6.00328,50.43193],[6.00408,50.43271],[6.00486,50.43322],[6.00509,50.43353],[6.00501,50.4338],[6.00416,50.43421],[6.00371,50.43426],[6.003,50.43407],[6.00266,50.43381],[6.00209,50.43313],[6.00171,50.43292],[6.00088,50.43267],[6.00049,50.43273],[6.00012,50.43331],[5.99954,50.43352],[5.99803,50.43343],[5.99753,50.43355],[5.99688,50.43358],[5.99635,50.43352],[5.99584,50.43335],[5.99541,50.43335],[5.99502,50.43317],[5.99407,50.4332],[5.99001,50.43218],[5.98965,50.43185],[5.9888,50.43159],[5.98824,50.43151],[5.9867,50.43084]],[[6.10129,50.45343],[6.10099,50.45323],[6.10122,50.45276],[6.10128,50.45213],[6.10157,50.45185],[6.10227,50.4516],[6.10298,50.45152],[6.10357,50.45158],[6.10476,50.45205],[6.10505,50.45223],[6.10523,50.45252],[6.10517,50.45295],[6.10508,50.45307],[6.10494,50.45309],[6.1046,50.45301],[6.1045,50.4527],[6.10414,50.45247],[6.1034,50.45231],[6.10289,50.45232],[6.10211,50.45254],[6.10176,50.45273],[6.10151,50.45298],[6.10129,50.45343]],[[6.10795,50.45331],[6.10793,50.45324],[6.10846,50.45299],[6.10886,50.45298],[6.10842,50.45327],[6.10795,50.45331]],[[5.9867,50.44194],[5.98797,50.44235],[5.98908,50.44299],[5.98938,50.44329],[5.98984,50.4441],[5.99017,50.44433],[5.99147,50.44451],[5.99277,50.44431],[5.99343,50.44399],[5.99386,50.44398],[5.99553,50.44433],[5.99666,50.44496],[5.99725,50.4448],[5.99829,50.4451],[5.9985,50.44505],[5.99894,50.44474],[5.99921,50.44438],[5.99957,50.44407],[6.00132,50.44343],[6.00211,50.44325],[6.00304,50.4433],[6.00461,50.44295],[6.00585,50.44315],[6.00675,50.44254],[6.00778,50.44273],[6.00848,50.44294],[6.00882,50.44324],[6.00937,50.44343],[6.00954,50.44359],[6.0095,50.44404],[6.00939,50.44417],[6.00902,50.44429],[6.00826,50.4443],[6.0081,50.44437],[6.00817,50.44444],[6.01006,50.4448],[6.01157,50.44533],[6.01235,50.44541],[6.01342,50.44539],[6.01422,50.44575],[6.01462,50.44604],[6.01553,50.44616],[6.01663,50.4467],[6.01745,50.44673],[6.01777,50.44684],[6.0183,50.44738],[6.01836,50.44772],[6.01872,50.44799],[6.01928,50.44821],[6.01963,50.44881],[6.02001,50.44899],[6.02059,50.44909],[6.02047,50.44937],[6.01918,50.44965],[6.02036,50.45034],[6.02081,50.4505],[6.02098,50.45074],[6.02093,50.45083],[6.02079,50.45085],[6.01914,50.45046],[6.01918,50.45076],[6.01946,50.45103],[6.02017,50.45131],[6.02018,50.45138],[6.01969,50.45197],[6.01923,50.45221],[6.01923,50.45244],[6.01908,50.45269],[6.01922,50.45299],[6.01793,50.45311],[6.01783,50.45298],[6.01808,50.4527],[6.01807,50.4524],[6.0176,50.45207],[6.01711,50.45217],[6.0167,50.45187],[6.01713,50.45164],[6.01699,50.45136],[6.01701,50.45125],[6.0182,50.45047],[6.0186,50.45001],[6.01856,50.44984],[6.01836,50.44965],[6.01783,50.44937],[6.01799,50.44923],[6.01813,50.44894],[6.01802,50.4487],[6.01639,50.44824],[6.01569,50.44816],[6.01505,50.44796],[6.01325,50.44828],[6.01323,50.44818],[6.0136,50.44776],[6.01358,50.44758],[6.01341,50.4474],[6.01259,50.44714],[6.01218,50.44682],[6.01077,50.44688],[6.01047,50.44656],[6.00798,50.44583],[6.00754,50.44582],[6.00628,50.44662],[6.00623,50.44602],[6.00592,50.4456],[6.00578,50.44555],[6.00517,50.44567],[6.00417,50.44571],[6.00337,50.44631],[6.00235,50.44683],[6.00231,50.44693],[6.00243,50.44727],[6.0024,50.44741],[6.00137,50.44768],[6.0011,50.44797],[6.00111,50.4481],[6.00142,50.44853],[6.00126,50.44882],[6.00176,50.4491],[6.00143,50.44956],[6.00128,50.44967],[6.00041,50.44926],[5.9994,50.44937],[5.99938,50.44949],[5.99963,50.44991],[6.00026,50.45018],[6.00029,50.4503],[6.00006,50.4505],[5.99902,50.45058],[5.99833,50.45072],[5.99822,50.45102],[5.99829,50.45153],[5.99807,50.45168],[5.99707,50.45191],[5.99626,50.45187],[5.99615,50.45147],[5.99626,50.45099],[5.99654,50.45048],[5.99697,50.45018],[5.99713,50.44994],[5.99665,50.44949],[5.99501,50.44964],[5.99478,50.45012],[5.99508,50.45046],[5.99506,50.45079],[5.99376,50.45083],[5.99292,50.45131],[5.99156,50.45183],[5.99058,50.45197],[5.98782,50.45172],[5.98713,50.45157],[5.9867,50.45167]],[[5.99129,50.45087],[5.99106,50.45077],[5.99103,50.45064],[5.99127,50.4502],[5.99162,50.44987],[5.9914,50.44935],[5.99142,50.44894],[5.9915,50.44879],[5.99171,50.44874],[5.99211,50.44917],[5.99233,50.44965],[5.99261,50.4499],[5.99237,50.45049],[5.99264,50.45077],[5.9922,50.4509],[5.99129,50.45087]],[[5.99337,50.45025],[5.99331,50.45017],[5.99338,50.45001],[5.99345,50.45019],[5.99337,50.45025]],[[6.0392,50.44592],[6.03903,50.4455],[6.03912,50.44518],[6.03923,50.44509],[6.03941,50.44521],[6.03949,50.44543],[6.0392,50.44592]],[[5.99629,50.43287],[5.99604,50.43276],[5.99602,50.43266],[5.99626,50.43254],[5.99646,50.43261],[5.99651,50.43273],[5.99629,50.43287]],[[5.99837,50.43225],[5.99818,50.43193],[5.99823,50.43185],[5.99846,50.43189],[5.99837,50.43225]],[[6.0617,50.43189],[6.06165,50.43187],[6.0617,50.4318],[6.0617,50.43189]],[[5.99795,50.43168],[5.99792,50.43159],[5.99798,50.43159],[5.99795,50.43168]],[[6.00337,50.42865],[6.00329,50.42854],[6.00336,50.42842],[6.00344,50.42852],[6.00337,50.42865]],[[6.04754,50.42863],[6.04751,50.42851],[6.04776,50.42854],[6.04754,50.42863]],[[6.06712,50.42578],[6.06712,50.42571],[6.06712,50.42578]],[[6.06754,50.4256],[6.06736,50.42545],[6.06761,50.4254],[6.06765,50.4255],[6.06754,50.4256]],[[6.09337,50.42457],[6.09248,50.42414],[6.09213,50.42381],[6.09127,50.42355],[6.09085,50.42334],[6.08899,50.42298],[6.0897,50.42288],[6.09058,50.42288],[6.09295,50.42326],[6.09373,50.42357],[6.09441,50.42435],[6.09416,50.42449],[6.09337,50.42457]],[[6.0967,50.42384],[6.09707,50.42352],[6.09714,50.42317],[6.09713,50.42355],[6.0967,50.42384]],[[6.08254,50.42078],[6.08253,50.42072],[6.08269,50.42075],[6.08254,50.42078]],[[6.04177,50.40826],[6.04119,50.40876],[6.0403,50.40929],[6.03947,50.40996],[6.03751,50.41034],[6.03662,50.41033],[6.03551,50.4105],[6.03505,50.41076],[6.03495,50.41101],[6.03473,50.41115],[6.03294,50.41159],[6.03274,50.4119],[6.03231,50.41218],[6.03199,50.41297],[6.03193,50.41324],[6.03197,50.41446],[6.03168,50.4152],[6.03183,50.4155],[6.03215,50.41569],[6.03255,50.41576],[6.03273,50.41595],[6.03274,50.41608],[6.03254,50.41622],[6.03209,50.41626],[6.03176,50.41645],[6.0311,50.41641],[6.03067,50.41656],[6.03046,50.41677],[6.03032,50.4168],[6.02933,50.4167],[6.02871,50.41673],[6.02761,50.41649],[6.02616,50.41651],[6.02449,50.41615],[6.02421,50.41617],[6.02375,50.41636],[6.02293,50.41604],[6.02249,50.41578],[6.02238,50.41553],[6.0224,50.41522],[6.02223,50.41491],[6.02265,50.41444],[6.02266,50.41418],[6.02258,50.41406],[6.02208,50.41391],[6.02208,50.41373],[6.02238,50.41351],[6.02236,50.41328],[6.02212,50.41292],[6.02158,50.41245],[6.02128,50.41188],[6.02012,50.41164],[6.01996,50.4117],[6.01985,50.41186],[6.02006,50.41215],[6.02,50.41222],[6.01949,50.4123],[6.01879,50.41214],[6.01857,50.41187],[6.01887,50.41161],[6.01933,50.41143],[6.02011,50.41143],[6.02026,50.41129],[6.02022,50.41107],[6.01921,50.41071],[6.01881,50.41082],[6.0183,50.41078],[6.0182,50.4106],[6.01823,50.41045],[6.01882,50.41021],[6.01753,50.40993],[6.01711,50.40938],[6.0172,50.40914],[6.01739,50.409],[6.01845,50.40894],[6.01882,50.40882],[6.01922,50.40854],[6.01876,50.40866],[6.01871,50.40851],[6.01876,50.40826]],[[6.03295,50.41636],[6.03283,50.41631],[6.03296,50.41626],[6.03295,50.41636]],[[6.05962,50.41327],[6.05963,50.41295],[6.06032,50.41289],[6.06068,50.41299],[6.06046,50.41326],[6.05962,50.41327]],[[6.06045,50.41205],[6.06006,50.41186],[6.05974,50.41161],[6.05967,50.4114],[6.05977,50.41119],[6.06012,50.41086],[6.06129,50.41028],[6.06166,50.40989],[6.06212,50.40992],[6.06223,50.41026],[6.06156,50.41073],[6.06149,50.41104],[6.06115,50.41138],[6.06113,50.41192],[6.06084,50.41208],[6.06045,50.41205]],[[6.03879,50.41132],[6.03839,50.41115],[6.03752,50.41112],[6.03728,50.41107],[6.03722,50.41098],[6.03747,50.41071],[6.0385,50.41034],[6.03877,50.41037],[6.03912,50.41054],[6.04006,50.41062],[6.04051,50.41078],[6.04052,50.41104],[6.04036,50.41111],[6.03879,50.41132]]]}},{"type":"Feature","properties":{"ele":470},"geometry":{"type":"MultiLineString","coordinates":[[[5.9867,50.49648],[5.98748,50.496],[5.98768,50.49564],[5.98754,50.4952],[5.9873,50.49506],[5.98704,50.49502],[5.9867,50.49515]],[[6.09087,50.46716],[6.09042,50.46676],[6.08954,50.46637],[6.08906,50.46606],[6.08887,50.46511],[6.08853,50.46471],[6.08786,50.46417],[6.08769,50.4639],[6.08771,50.46363],[6.08794,50.46336],[6.08832,50.46315],[6.0885,50.46319],[6.08864,50.46349],[6.08846,50.46404],[6.08854,50.46422],[6.09013,50.46515],[6.09046,50.46559],[6.09126,50.46623],[6.0922,50.46659],[6.0924,50.46681],[6.09231,50.46691],[6.09168,50.46705],[6.09132,50.46731],[6.09087,50.46716]],[[6.07962,50.46421],[6.07865,50.46381],[6.07951,50.46322],[6.08006,50.4631],[6.08052,50.46324],[6.08072,50.46356],[6.08045,50.46409],[6.08006,50.46431],[6.07962,50.46421]],[[6.08295,50.46248],[6.08295,50.46212],[6.08295,50.46248]],[[6.06697,50.40826],[6.06721,50.40849],[6.0672,50.40858],[6.06663,50.40877],[6.06584,50.40886],[6.06544,50.40905],[6.06565,50.40953],[6.06547,50.4105],[6.06507,50.41106],[6.06416,50.41182],[6.06354,50.41245],[6.06319,50.41314],[6.06302,50.4139],[6.0629,50.41407],[6.06246,50.41437],[6.06231,50.41462],[6.06263,50.41489],[6.0628,50.41529],[6.0634,50.41602],[6.06438,50.41685],[6.06453,50.41716],[6.06476,50.41742],[6.06525,50.41771],[6.06549,50.41796],[6.06555,50.41827],[6.06629,50.4186],[6.06708,50.41966],[6.06763,50.42013],[6.06765,50.42022],[6.06736,50.42042],[6.06736,50.42053],[6.06842,50.42074],[6.06836,50.42106],[6.06881,50.42128],[6.069,50.42163],[6.06927,50.42184],[6.0712,50.42224],[6.07165,50.42247],[6.07296,50.42264],[6.07464,50.42298],[6.07461,50.42326],[6.07506,50.42338],[6.07547,50.42339],[6.07575,50.42326],[6.07589,50.42299],[6.07667,50.42285],[6.07845,50.42223],[6.07868,50.42196],[6.07878,50.42148],[6.07905,50.421],[6.07998,50.42024],[6.0802,50.4196],[6.0804,50.41947],[6.08058,50.41944],[6.08126,50.41967],[6.08272,50.4198],[6.08387,50.42019],[6.08525,50.421],[6.0855,50.42129],[6.08564,50.42164],[6.08624,50.42216],[6.08665,50.42206],[6.08721,50.42172],[6.08798,50.42177],[6.08839,50.42187],[6.08907,50.4223],[6.08964,50.42242],[6.09007,50.42263],[6.09216,50.42297],[6.09336,50.42326],[6.09399,50.42352],[6.09457,50.42398],[6.09491,50.42404],[6.09527,50.42396],[6.09631,50.42348],[6.09711,50.42227],[6.09747,50.42186],[6.09795,50.42159],[6.09867,50.4213],[6.09912,50.42123],[6.10011,50.42122],[6.10088,50.42132],[6.10055,50.42159],[6.09994,50.4218],[6.09934,50.42221],[6.09833,50.42323],[6.09798,50.42382],[6.09713,50.42411],[6.09677,50.42437],[6.09644,50.4248],[6.09602,50.42495],[6.09584,50.42496],[6.09546,50.42476],[6.09517,50.42472],[6.09327,50.42496],[6.09252,50.42495],[6.09129,50.42437],[6.0905,50.4239],[6.08949,50.42355],[6.08921,50.42325],[6.08829,50.42315],[6.08595,50.42336],[6.0847,50.4231],[6.08412,50.42307],[6.08379,50.42313],[6.08339,50.42332],[6.08259,50.42343],[6.08221,50.42368],[6.08195,50.42401],[6.08187,50.42438],[6.08099,50.42466],[6.0814,50.42517],[6.08137,50.42551],[6.08097,50.42579],[6.08051,50.42591],[6.08042,50.42586],[6.0804,50.4257],[6.08047,50.42518],[6.08018,50.42464],[6.07921,50.42404],[6.07878,50.42401],[6.07832,50.42415],[6.07786,50.42435],[6.07714,50.42495],[6.07684,50.42547],[6.07682,50.42602],[6.07671,50.4264],[6.07612,50.42734],[6.07599,50.4279],[6.07602,50.42814],[6.07662,50.42908],[6.07624,50.42961],[6.07504,50.43],[6.0734,50.43029],[6.07213,50.43017],[6.07127,50.43018],[6.07048,50.43036],[6.06845,50.43052],[6.06767,50.43187],[6.06687,50.43267],[6.06652,50.43278],[6.06553,50.43284],[6.06516,50.43299],[6.06501,50.43376],[6.06447,50.43457],[6.06426,50.43479],[6.06411,50.43485],[6.06303,50.43458],[6.06262,50.43429],[6.0624,50.43424],[6.06201,50.4343],[6.06128,50.43478],[6.06096,50.43476],[6.06078,50.43466],[6.06071,50.43439],[6.0609,50.43409],[6.06068,50.43389],[6.06062,50.43373],[6.06095,50.43325],[6.06024,50.43248],[6.06013,50.43213],[6.06014,50.43185],[6.0604,50.43156],[6.06134,50.43138],[6.06161,50.43097],[6.06212,50.43056],[6.06263,50.43001],[6.06276,50.42967],[6.06253,50.42937],[6.06213,50.42925],[6.06157,50.42889],[6.06116,50.42888],[6.06001,50.42904],[6.0597,50.42903],[6.05944,50.42891],[6.05933,50.42873],[6.05953,50.42803],[6.05953,50.42751],[6.05943,50.42717],[6.05923,50.42686],[6.05845,50.42679],[6.05711,50.42686],[6.05656,50.42712],[6.05625,50.42741],[6.05591,50.42744],[6.05425,50.42686],[6.05337,50.42689],[6.05277,50.4268],[6.0521,50.42686],[6.05157,50.42704],[6.0509,50.42701],[6.05042,50.42686],[6.04985,50.42701],[6.04919,50.42688],[6.04883,50.42658],[6.04808,50.42633],[6.04767,50.42601],[6.0473,50.42585],[6.04586,50.42561],[6.04546,50.42592],[6.0454,50.42651],[6.04568,50.42741],[6.0459,50.42768],[6.04673,50.42829],[6.04715,50.42829],[6.04747,50.42795],[6.04796,50.42798],[6.04869,50.42855],[6.04979,50.42902],[6.05042,50.42949],[6.05127,50.42981],[6.05175,50.43019],[6.05257,50.43063],[6.05293,50.43077],[6.05378,50.43076],[6.05466,50.43119],[6.05519,50.43157],[6.05536,50.43185],[6.0554,50.4327],[6.05553,50.43297],[6.05538,50.43324],[6.05506,50.43357],[6.05475,50.43368],[6.05421,50.43353],[6.05313,50.43354],[6.05225,50.43377],[6.05116,50.43378],[6.05006,50.43396],[6.04882,50.43388],[6.04756,50.43369],[6.04585,50.43358],[6.0453,50.43332],[6.04528,50.43323],[6.04549,50.43298],[6.04514,50.43267],[6.04372,50.43261],[6.04287,50.43192],[6.04168,50.43132],[6.04128,50.43104],[6.04091,50.43097],[6.04052,50.43072],[6.03989,50.43055],[6.03921,50.43026],[6.03877,50.42977],[6.03699,50.4298],[6.03664,50.42988],[6.03628,50.43032],[6.03586,50.43048],[6.03623,50.43058],[6.03647,50.43079],[6.03709,50.43091],[6.03734,50.43084],[6.03741,50.43074],[6.03687,50.43044],[6.03715,50.43032],[6.03751,50.43033],[6.03799,50.43047],[6.03886,50.43104],[6.03923,50.43133],[6.03949,50.43215],[6.03993,50.43265],[6.03991,50.43276],[6.03962,50.43299],[6.03947,50.43326],[6.04026,50.43352],[6.0403,50.43363],[6.04012,50.43383],[6.03954,50.43401],[6.03932,50.43418],[6.03919,50.43438],[6.03927,50.43499],[6.03917,50.43517],[6.03899,50.43526],[6.03871,50.4353],[6.0382,50.4352],[6.03752,50.43496],[6.03704,50.43466],[6.03657,50.43456],[6.03622,50.43469],[6.03602,50.43505],[6.03587,50.43558],[6.03556,50.43542],[6.03496,50.43538],[6.03459,50.43546],[6.0342,50.43567],[6.03416,50.43579],[6.03547,50.43657],[6.03662,50.43702],[6.03824,50.43727],[6.03918,50.43702],[6.04005,50.43692],[6.04121,50.43651],[6.04261,50.43678],[6.04336,50.43658],[6.04418,50.4367],[6.04574,50.43643],[6.04624,50.43631],[6.04672,50.43604],[6.04772,50.43588],[6.049,50.43522],[6.04922,50.43504],[6.04949,50.43497],[6.05073,50.43488],[6.05173,50.43517],[6.05267,50.43525],[6.05413,50.43576],[6.05407,50.43637],[6.05413,50.43685],[6.05389,50.43716],[6.05352,50.43742],[6.05229,50.43797],[6.05211,50.43826],[6.05337,50.43855],[6.05409,50.43917],[6.05437,50.43991],[6.05562,50.44015],[6.05648,50.4407],[6.05686,50.44104],[6.05609,50.44227],[6.0555,50.44303],[6.0555,50.44321],[6.05561,50.44338],[6.05581,50.44356],[6.05616,50.44372],[6.0567,50.44372],[6.05774,50.44298],[6.05826,50.44248],[6.05838,50.44189],[6.05866,50.44182],[6.05921,50.44186],[6.06054,50.44223],[6.06093,50.44215],[6.06063,50.44189],[6.06078,50.44159],[6.06128,50.44155],[6.06182,50.44184],[6.0621,50.4422],[6.06259,50.44259],[6.06288,50.44272],[6.06332,50.44276],[6.06381,50.44246],[6.06438,50.44162],[6.06467,50.44133],[6.06507,50.4412],[6.06636,50.44106],[6.06712,50.44075],[6.069,50.44108],[6.06962,50.44147],[6.07002,50.44161],[6.07136,50.44136],[6.07256,50.44136],[6.07308,50.44159],[6.07211,50.44193],[6.07175,50.4422],[6.07178,50.44272],[6.07159,50.44307],[6.07168,50.44383],[6.07287,50.44394],[6.07402,50.44387],[6.07441,50.44403],[6.07452,50.44428],[6.07417,50.44464],[6.07422,50.4449],[6.07516,50.44547],[6.07529,50.44629],[6.07547,50.44654],[6.0759,50.44681],[6.07619,50.44738],[6.0762,50.44782],[6.07648,50.44826],[6.07674,50.44844],[6.07919,50.44882],[6.08092,50.4486],[6.0817,50.44826],[6.08211,50.44761],[6.08254,50.44734],[6.08355,50.44759],[6.08605,50.44778],[6.08701,50.44798],[6.0883,50.44854],[6.08836,50.44866],[6.08835,50.44911],[6.0888,50.44956],[6.08909,50.44966],[6.09048,50.44984],[6.09132,50.45046],[6.09148,50.45081],[6.09151,50.45123],[6.09117,50.45216],[6.0917,50.45296],[6.09182,50.45342],[6.09194,50.45359],[6.0922,50.4537],[6.0935,50.45395],[6.09498,50.4546],[6.09569,50.45476],[6.09621,50.4548],[6.09662,50.45466],[6.09756,50.4541],[6.09793,50.45353],[6.09869,50.45317],[6.09938,50.45301],[6.10053,50.45303],[6.10087,50.4527],[6.10105,50.4521],[6.10123,50.45182],[6.10199,50.45155],[6.10272,50.45145],[6.1037,50.4515],[6.10498,50.45191],[6.10546,50.45242],[6.10561,50.45317],[6.10582,50.45343],[6.10637,50.45365],[6.10716,50.45373],[6.10718,50.45386],[6.10695,50.45415],[6.10657,50.45432],[6.10584,50.4541],[6.10548,50.45379],[6.10456,50.4533],[6.10431,50.453],[6.10422,50.45269],[6.10313,50.45247],[6.10238,50.45272],[6.10166,50.45356],[6.10122,50.45374],[6.10017,50.45396],[6.09949,50.4542],[6.09866,50.45488],[6.09837,50.45526],[6.09795,50.4556],[6.09757,50.45578],[6.09668,50.45593],[6.09479,50.45603],[6.09345,50.45592],[6.09294,50.4557],[6.09166,50.45549],[6.09053,50.45541],[6.09003,50.45548],[6.08966,50.45581],[6.08903,50.45678],[6.08896,50.4572],[6.0892,50.45771],[6.08994,50.45802],[6.09055,50.45857],[6.09053,50.45883],[6.08961,50.45938],[6.09105,50.45978],[6.09135,50.45992],[6.09161,50.46019],[6.09163,50.46043],[6.09139,50.46119],[6.09177,50.46186],[6.09179,50.46214],[6.09168,50.46221],[6.09128,50.46221],[6.08897,50.46177],[6.08864,50.46183],[6.08835,50.46214],[6.08794,50.46226],[6.08783,50.46199],[6.08794,50.46159],[6.08932,50.46089],[6.08943,50.46071],[6.0893,50.46046],[6.08864,50.46008],[6.08792,50.45939],[6.08755,50.45926],[6.08671,50.45937],[6.08546,50.45994],[6.08534,50.45993],[6.0853,50.45984],[6.08538,50.45961],[6.08625,50.4591],[6.08683,50.45858],[6.08682,50.45779],[6.08694,50.45758],[6.08712,50.45743],[6.08812,50.45717],[6.08828,50.45696],[6.08816,50.45644],[6.08829,50.45602],[6.08832,50.45551],[6.08852,50.45502],[6.08885,50.45464],[6.08888,50.45408],[6.0888,50.45376],[6.08821,50.45328],[6.08796,50.45296],[6.08788,50.45269],[6.08797,50.45214],[6.08761,50.45156],[6.08626,50.45077],[6.08579,50.45026],[6.08546,50.45005],[6.08501,50.44997],[6.08334,50.45004],[6.08289,50.45013],[6.08216,50.45055],[6.08128,50.45165],[6.08057,50.45201],[6.08027,50.45203],[6.07999,50.45186],[6.07996,50.45159],[6.08005,50.45127],[6.0797,50.45103],[6.07803,50.4507],[6.07716,50.45079],[6.07672,50.45076],[6.07618,50.45047],[6.07415,50.44993],[6.07336,50.44901],[6.07281,50.44856],[6.07163,50.44724],[6.07073,50.44668],[6.06963,50.44626],[6.06878,50.44613],[6.067,50.44555],[6.0663,50.44542],[6.06543,50.44582],[6.06417,50.44599],[6.06394,50.4461],[6.06378,50.44631],[6.06376,50.44661],[6.06466,50.44715],[6.06432,50.44743],[6.0636,50.4476],[6.06226,50.44774],[6.06255,50.44854],[6.06211,50.4491],[6.06312,50.44932],[6.06392,50.44993],[6.06371,50.45016],[6.0629,50.45045],[6.06302,50.45077],[6.06307,50.4515],[6.06266,50.45213],[6.06261,50.4527],[6.06248,50.45283],[6.0621,50.45282],[6.06137,50.45264],[6.06082,50.45275],[6.0596,50.45269],[6.05799,50.4533],[6.05773,50.45325],[6.05753,50.45297],[6.05788,50.4527],[6.05839,50.45244],[6.05866,50.45217],[6.05835,50.45156],[6.05903,50.45134],[6.05924,50.45103],[6.05886,50.45085],[6.05833,50.45081],[6.05835,50.45069],[6.05877,50.45062],[6.05891,50.45047],[6.05753,50.45021],[6.05724,50.44994],[6.05715,50.44961],[6.05691,50.44967],[6.05686,50.45001],[6.05674,50.45022],[6.05622,50.45023],[6.05563,50.44997],[6.05496,50.45003],[6.05433,50.44998],[6.05355,50.45028],[6.05263,50.45043],[6.05252,50.45049],[6.05258,50.45107],[6.05217,50.4514],[6.05173,50.4515],[6.05113,50.4513],[6.05016,50.4502],[6.04964,50.4499],[6.04922,50.44935],[6.0486,50.4492],[6.04828,50.44928],[6.0474,50.4502],[6.04679,50.45057],[6.04628,50.45058],[6.04542,50.45021],[6.04433,50.45008],[6.04299,50.45023],[6.04162,50.45066],[6.04111,50.45123],[6.04088,50.4519],[6.04051,50.45222],[6.04006,50.45235],[6.03762,50.45258],[6.03718,50.45271],[6.03671,50.45328],[6.03657,50.45373],[6.03681,50.45428],[6.03696,50.45543],[6.03742,50.45598],[6.03756,50.4563],[6.03733,50.45692],[6.0372,50.4579],[6.03753,50.45823],[6.03899,50.45909],[6.03834,50.45912],[6.03762,50.45879],[6.03713,50.4584],[6.03626,50.45816],[6.03588,50.45797],[6.03579,50.45772],[6.03588,50.4574],[6.03549,50.45657],[6.03512,50.45609],[6.03545,50.4552],[6.03552,50.45471],[6.03514,50.45404],[6.035,50.45321],[6.03517,50.45224],[6.03581,50.45127],[6.03748,50.45071],[6.03792,50.45029],[6.03815,50.44967],[6.03823,50.44863],[6.03855,50.44776],[6.03849,50.44745],[6.03626,50.44733],[6.03374,50.44654],[6.03291,50.44658],[6.03247,50.44683],[6.03211,50.44689],[6.0317,50.4466],[6.03146,50.44654],[6.02963,50.44632],[6.0287,50.44608],[6.02827,50.44581],[6.02831,50.4454],[6.02812,50.44514],[6.02697,50.44494],[6.02597,50.44429],[6.02508,50.44393],[6.02499,50.44381],[6.02504,50.44353],[6.02448,50.4433],[6.02358,50.44272],[6.02326,50.44244],[6.02285,50.4419],[6.02138,50.44157],[6.02126,50.44132],[6.02124,50.44101],[6.02163,50.44075],[6.02337,50.44076],[6.02511,50.44058],[6.02548,50.44066],[6.02623,50.441],[6.02688,50.44106],[6.02755,50.44095],[6.02777,50.4408],[6.02782,50.44064],[6.02758,50.44012],[6.0272,50.43982],[6.02557,50.43963],[6.0255,50.43942],[6.02568,50.43897],[6.02546,50.43852],[6.02536,50.43847],[6.02329,50.43818],[6.02202,50.43774],[6.02169,50.43739],[6.02107,50.43743],[6.02048,50.43772],[6.02,50.43774],[6.01952,50.43746],[6.01861,50.43662],[6.01853,50.43637],[6.01856,50.43582],[6.01849,50.43569],[6.01819,50.43555],[6.01707,50.43527],[6.01628,50.43479],[6.01617,50.43462],[6.01622,50.43435],[6.01667,50.43407],[6.01744,50.43323],[6.01788,50.43297],[6.01816,50.4327],[6.01715,50.43226],[6.01598,50.43211],[6.01559,50.43188],[6.01558,50.43162],[6.01601,50.4313],[6.01618,50.43102],[6.01607,50.43012],[6.01585,50.42978],[6.01548,50.4297],[6.01459,50.42968],[6.0142,50.42937],[6.01392,50.42926],[6.01308,50.42918],[6.01287,50.42923],[6.01186,50.42991],[6.01142,50.43003],[6.01119,50.43],[6.01034,50.42948],[6.00996,50.42914],[6.00989,50.42873],[6.00963,50.4282],[6.00923,50.42762],[6.00874,50.42717],[6.00876,50.42688],[6.0089,50.42657],[6.00882,50.4263],[6.00838,50.42608],[6.00798,50.42598],[6.00749,50.42618],[6.00708,50.42645],[6.00694,50.42665],[6.00718,50.42732],[6.00749,50.42772],[6.00758,50.42797],[6.00727,50.42869],[6.00733,50.42984],[6.00715,50.43033],[6.00712,50.43105],[6.00695,50.43132],[6.00669,50.43142],[6.00643,50.43075],[6.00613,50.43049],[6.00416,50.43021],[6.00345,50.42975],[6.00329,50.42976],[6.00317,50.42991],[6.00338,50.43047],[6.00327,50.43085],[6.00331,50.43134],[6.00426,50.43211],[6.00471,50.43269],[6.00548,50.43343],[6.00644,50.43407],[6.00658,50.43432],[6.0066,50.43456],[6.0065,50.43467],[6.0063,50.43471],[6.00581,50.43466],[6.00532,50.43445],[6.00392,50.43447],[6.00347,50.43438],[6.00272,50.4341],[6.00204,50.43345],[6.00173,50.43324],[6.00136,50.43318],[6.00084,50.43324],[6.00075,50.43352],[6.00087,50.43384],[6.00037,50.43378],[5.9984,50.43416],[5.99632,50.43415],[5.99475,50.434],[5.99421,50.43381],[5.99341,50.43379],[5.99251,50.4335],[5.99147,50.4334],[5.99049,50.43296],[5.98996,50.43293],[5.98919,50.43271],[5.98884,50.43235],[5.98804,50.43228],[5.9867,50.43165]],[[6.08337,50.4608],[6.0833,50.46076],[6.08336,50.46071],[6.08343,50.46075],[6.08337,50.4608]],[[6.08462,50.46023],[6.08467,50.46021],[6.08462,50.46023]],[[6.05837,50.45663],[6.05737,50.45634],[6.05708,50.4561],[6.05695,50.45557],[6.05714,50.45523],[6.05746,50.45509],[6.05763,50.45513],[6.0577,50.45578],[6.05842,50.45657],[6.05837,50.45663]],[[6.02129,50.45495],[6.02128,50.45474],[6.02129,50.45495]],[[6.05545,50.45482],[6.05532,50.45467],[6.05543,50.45456],[6.05582,50.45456],[6.05603,50.45466],[6.05586,50.45485],[6.05545,50.45482]],[[5.9867,50.44103],[5.98712,50.44131],[5.98709,50.44161],[5.98742,50.44187],[5.98826,50.44215],[5.98971,50.44283],[5.98991,50.44304],[5.99021,50.44366],[5.99044,50.44388],[5.9911,50.44399],[5.99188,50.44384],[5.99255,50.4441],[5.99299,50.44392],[5.99319,50.44354],[5.99334,50.44342],[5.99444,50.44346],[5.9947,50.44351],[5.99505,50.44383],[5.99584,50.44417],[5.99625,50.4445],[5.9967,50.44466],[5.99691,50.44442],[5.99711,50.44401],[5.99788,50.44441],[5.99845,50.44451],[5.99879,50.44438],[5.99922,50.44401],[6.00083,50.44334],[6.00204,50.44303],[6.00344,50.443],[6.00347,50.44271],[6.00319,50.44241],[6.00355,50.44222],[6.00626,50.44245],[6.00704,50.44228],[6.00845,50.44254],[6.00898,50.44271],[6.01084,50.44355],[6.01129,50.44407],[6.01177,50.44437],[6.011,50.44442],[6.01039,50.44466],[6.01211,50.44521],[6.01313,50.44505],[6.01401,50.44519],[6.01473,50.44542],[6.01688,50.44644],[6.0174,50.44645],[6.01798,50.44626],[6.01841,50.4463],[6.01864,50.44654],[6.01878,50.44687],[6.02001,50.44735],[6.02032,50.44733],[6.02087,50.44715],[6.02139,50.44729],[6.02243,50.44797],[6.02214,50.44806],[6.02128,50.44809],[6.02063,50.4485],[6.02063,50.44862],[6.0213,50.44908],[6.02132,50.44938],[6.01996,50.44962],[6.01993,50.44977],[6.02003,50.44993],[6.02064,50.45021],[6.02142,50.45039],[6.02214,50.45028],[6.02295,50.44984],[6.02303,50.44999],[6.02298,50.45023],[6.02227,50.45092],[6.02192,50.4514],[6.0204,50.45247],[6.02032,50.45328],[6.02129,50.45437],[6.02127,50.4545],[6.02022,50.45452],[6.01933,50.4543],[6.0184,50.45425],[6.01755,50.45391],[6.01699,50.45392],[6.01663,50.45383],[6.01653,50.45356],[6.01661,50.453],[6.01627,50.45232],[6.01615,50.45189],[6.01621,50.45155],[6.01657,50.45113],[6.01752,50.45065],[6.01783,50.45041],[6.01808,50.45005],[6.01803,50.44985],[6.0171,50.4497],[6.01587,50.44937],[6.01543,50.44913],[6.01473,50.44908],[6.01266,50.44854],[6.01251,50.44833],[6.01255,50.44803],[6.01314,50.4477],[6.01183,50.4471],[6.011,50.44708],[6.01039,50.44727],[6.00915,50.44675],[6.00838,50.44659],[6.00753,50.44627],[6.0071,50.44654],[6.00664,50.44712],[6.00587,50.44718],[6.00547,50.44696],[6.00504,50.44687],[6.00503,50.44616],[6.00462,50.44603],[6.00436,50.44633],[6.0041,50.44649],[6.00291,50.44687],[6.0038,50.44715],[6.00391,50.44743],[6.00201,50.44769],[6.00165,50.44794],[6.00197,50.44852],[6.00168,50.44882],[6.00242,50.44906],[6.00252,50.44915],[6.00258,50.44939],[6.00247,50.44962],[6.00227,50.44976],[6.00167,50.4499],[6.001,50.45021],[6.001,50.45107],[6.00037,50.4512],[5.99949,50.45089],[5.99877,50.45103],[5.99869,50.45129],[5.99877,50.4515],[5.99937,50.45188],[5.9992,50.45214],[5.99882,50.45247],[5.99683,50.45253],[5.99594,50.4524],[5.99576,50.4521],[5.99582,50.45137],[5.99568,50.45122],[5.99548,50.45115],[5.99457,50.45156],[5.99414,50.45186],[5.99326,50.45208],[5.99242,50.45267],[5.99194,50.45283],[5.99088,50.45273],[5.99057,50.45238],[5.98991,50.4522],[5.98934,50.45219],[5.98888,50.45247],[5.98834,50.45252],[5.98778,50.45245],[5.9867,50.45207]],[[6.10795,50.45355],[6.10774,50.45351],[6.10765,50.45335],[6.10772,50.45318],[6.10796,50.45299],[6.10865,50.45283],[6.10906,50.45298],[6.10884,50.45328],[6.10795,50.45355]],[[6.08004,50.45272],[6.08003,50.45242],[6.08049,50.45235],[6.08056,50.45262],[6.08051,50.45277],[6.08004,50.45272]],[[5.99587,50.4513],[5.99566,50.45102],[5.99586,50.45072],[5.99587,50.4513]],[[6.06545,50.45032],[6.06529,50.45021],[6.06543,50.45008],[6.06555,50.45019],[6.06545,50.45032]],[[6.00045,50.44995],[6.00005,50.44976],[5.99995,50.44963],[6.00009,50.44958],[6.00048,50.44963],[6.00056,50.44989],[6.00045,50.44995]],[[6.01587,50.44936],[6.01545,50.44909],[6.01505,50.44899],[6.01473,50.44875],[6.01411,50.44854],[6.01453,50.44824],[6.01499,50.4482],[6.01626,50.44859],[6.01749,50.44873],[6.01771,50.44883],[6.0176,50.44911],[6.01735,50.4492],[6.01626,50.44927],[6.01587,50.44936]],[[6.06129,50.44361],[6.06099,50.44351],[6.0608,50.44326],[6.06209,50.44307],[6.06256,50.44324],[6.0619,50.44355],[6.06129,50.44361]],[[6.03629,50.43608],[6.03623,50.43603],[6.03628,50.43593],[6.03629,50.43608]],[[6.03754,50.43105],[6.03754,50.43095],[6.03754,50.43105]],[[6.03545,50.42856],[6.03525,50.42854],[6.03545,50.42856]],[[6.03462,50.42834],[6.0345,50.42826],[6.0346,50.42816],[6.03506,50.42826],[6.03497,50.4284],[6.03462,50.42834]],[[6.05587,50.42701],[6.05578,50.42688],[6.05586,50.42681],[6.05595,50.42687],[6.05587,50.42701]],[[6.00712,50.42559],[6.00692,50.42546],[6.00716,50.42523],[6.0075,50.42508],[6.0077,50.42518],[6.00773,50.4254],[6.00759,50.42566],[6.0074,50.42569],[6.00712,50.42559]],[[6.09379,50.42549],[6.09428,50.42531],[6.09462,50.42537],[6.09479,50.42548],[6.09469,50.4256],[6.09444,50.42566],[6.09379,50.42549]],[[6.06379,50.42536],[6.06358,50.42508],[6.06363,50.42481],[6.06376,50.42464],[6.06464,50.42409],[6.06489,50.42463],[6.06482,50.4249],[6.06432,50.42528],[6.06379,50.42536]],[[6.09837,50.42225],[6.09829,50.42214],[6.09838,50.42207],[6.09849,50.42216],[6.09837,50.42225]],[[6.04029,50.40826],[6.03887,50.40915],[6.03796,50.40937],[6.03713,50.40969],[6.03498,50.40989],[6.03419,50.41008],[6.03395,50.41021],[6.03393,50.41048],[6.03381,50.41062],[6.03301,50.41079],[6.03128,50.41159],[6.03172,50.4121],[6.03176,50.41231],[6.03173,50.41247],[6.03136,50.41277],[6.03119,50.41304],[6.0312,50.41327],[6.03141,50.41383],[6.03137,50.41464],[6.03095,50.41519],[6.03089,50.4158],[6.03003,50.41601],[6.02998,50.41628],[6.02966,50.41637],[6.02932,50.41627],[6.02874,50.41581],[6.02804,50.41587],[6.02735,50.4157],[6.02547,50.41605],[6.0246,50.41577],[6.02424,50.41515],[6.02459,50.41422],[6.02453,50.41335],[6.02424,50.41294],[6.02378,50.41271],[6.02367,50.41224],[6.02349,50.41199],[6.02328,50.4119],[6.02295,50.4119],[6.02315,50.41131],[6.02282,50.41123],[6.02204,50.41121],[6.02163,50.41128],[6.02125,50.41148],[6.02083,50.41105],[6.0201,50.41073],[6.01981,50.41052],[6.01973,50.41036],[6.01964,50.40964],[6.01879,50.40975],[6.01821,50.40938],[6.01877,50.40907],[6.02049,50.40856],[6.02078,50.40826]],[[6.02712,50.41611],[6.02694,50.41603],[6.0271,50.41586],[6.02726,50.41601],[6.02712,50.41611]],[[6.02295,50.41579],[6.02298,50.41565],[6.02341,50.41576],[6.02295,50.41579]],[[6.06087,50.41188],[6.0608,50.41187],[6.06087,50.41188]],[[6.06045,50.41181],[6.06019,50.41157],[6.06045,50.41131],[6.06056,50.41157],[6.06045,50.41181]],[[6.0217,50.4106],[6.02144,50.41026],[6.02153,50.41009],[6.02174,50.40999],[6.02295,50.41021],[6.02306,50.41044],[6.02235,50.41067],[6.0217,50.4106]]]}},{"type":"Feature","properties":{"ele":480},"geometry":{"type":"MultiLineString","coordinates":[[[5.9867,50.49674],[5.98754,50.49632],[5.98791,50.49599],[5.98809,50.49522],[5.98839,50.49465],[5.98835,50.49433],[5.98897,50.49434],[5.98922,50.49427],[5.98948,50.49375],[5.99003,50.49337],[5.99006,50.49317],[5.98999,50.49315],[5.9896,50.49352],[5.98927,50.4937],[5.98791,50.49409],[5.9867,50.49493]],[[6.06871,50.40826],[6.06841,50.40886],[6.06815,50.40903],[6.06751,50.40924],[6.06671,50.40938],[6.0666,50.40967],[6.0666,50.41026],[6.06649,50.41074],[6.06569,50.41217],[6.06503,50.4127],[6.06493,50.4131],[6.06464,50.41354],[6.06409,50.4137],[6.06391,50.41384],[6.06412,50.41418],[6.06409,50.41481],[6.06425,50.4152],[6.06418,50.4155],[6.06465,50.41595],[6.06562,50.41654],[6.06573,50.41694],[6.06646,50.41714],[6.06657,50.41738],[6.06648,50.41783],[6.06662,50.41812],[6.06679,50.41822],[6.06738,50.4183],[6.06773,50.41876],[6.06834,50.41912],[6.0698,50.42049],[6.07041,50.42137],[6.07147,50.42151],[6.07277,50.42187],[6.0737,50.42217],[6.07463,50.42267],[6.07522,50.42283],[6.07574,50.42287],[6.0766,50.42273],[6.07781,50.42236],[6.07835,50.4221],[6.07851,50.42188],[6.07856,50.42137],[6.07875,50.42104],[6.07905,50.42071],[6.07978,50.42018],[6.0799,50.41907],[6.08005,50.41895],[6.08032,50.41892],[6.08099,50.419],[6.08201,50.41942],[6.08345,50.41985],[6.0842,50.42015],[6.08636,50.42124],[6.0892,50.42187],[6.08966,50.42214],[6.09129,50.4227],[6.0926,50.42294],[6.09462,50.42354],[6.09548,50.4234],[6.09624,50.42312],[6.09647,50.42286],[6.09673,50.4222],[6.09705,50.42184],[6.09828,50.42124],[6.09968,50.42092],[6.10017,50.42057],[6.10095,50.4205],[6.10142,50.42075],[6.10129,50.42104],[6.10172,50.42122],[6.10182,50.42134],[6.10133,50.4216],[6.10039,50.42185],[6.09955,50.42243],[6.09914,50.42298],[6.09887,50.42359],[6.09885,50.42383],[6.099,50.42428],[6.09886,50.42452],[6.09875,50.42453],[6.0985,50.42431],[6.09799,50.42409],[6.0974,50.42423],[6.09711,50.42437],[6.0967,50.42492],[6.09577,50.42545],[6.09506,50.42625],[6.09475,50.42634],[6.09221,50.42574],[6.09133,50.42512],[6.09076,50.42499],[6.08958,50.42439],[6.08962,50.4243],[6.09011,50.4242],[6.0902,50.42407],[6.08834,50.42335],[6.08579,50.42353],[6.08433,50.42334],[6.08257,50.42377],[6.08234,50.42404],[6.08224,50.42449],[6.08179,50.42494],[6.08175,50.42553],[6.08143,50.42579],[6.08053,50.42613],[6.08001,50.42605],[6.08015,50.42519],[6.08004,50.42493],[6.07966,50.42456],[6.07916,50.42427],[6.07877,50.42427],[6.07839,50.42438],[6.07789,50.42465],[6.07717,50.42553],[6.07722,50.42647],[6.07704,50.4269],[6.07709,50.42738],[6.07701,50.42772],[6.07701,50.42848],[6.07754,50.42937],[6.0775,50.42991],[6.07735,50.43019],[6.07713,50.43027],[6.07669,50.43019],[6.0763,50.4305],[6.07469,50.4308],[6.07419,50.43076],[6.07267,50.43092],[6.07194,50.43087],[6.07145,50.43101],[6.07091,50.43137],[6.0701,50.43161],[6.06929,50.43216],[6.06879,50.43271],[6.06757,50.43345],[6.06662,50.43377],[6.0663,50.43439],[6.06598,50.43465],[6.06529,50.43491],[6.0651,50.43522],[6.06481,50.43548],[6.06471,50.43585],[6.06444,50.43598],[6.06405,50.43587],[6.06383,50.43534],[6.06369,50.43525],[6.06287,50.43531],[6.06213,50.4355],[6.06167,50.43534],[6.06082,50.43527],[6.06032,50.43494],[6.06007,50.43455],[6.05965,50.43435],[6.05939,50.43407],[6.05931,50.4339],[6.05938,50.43377],[6.06016,50.43362],[6.06059,50.43326],[6.06047,50.43297],[6.0599,50.43243],[6.05988,50.43189],[6.06001,50.43159],[6.06097,50.4312],[6.06132,50.43078],[6.06213,50.43022],[6.06228,50.42991],[6.06211,50.42965],[6.06154,50.42941],[6.06142,50.42911],[6.06133,50.42906],[6.06105,50.42909],[6.06078,50.42928],[6.0598,50.42945],[6.05934,50.42947],[6.05906,50.4294],[6.05897,50.42925],[6.05889,50.42838],[6.05896,50.42821],[6.0592,50.42799],[6.05924,50.42769],[6.0592,50.42743],[6.05897,50.42728],[6.05866,50.42728],[6.05837,50.42771],[6.05746,50.42787],[6.05591,50.42781],[6.05505,50.42736],[6.05453,50.42718],[6.05309,50.42705],[6.05125,50.42745],[6.05069,50.42748],[6.04908,50.42716],[6.04841,50.42659],[6.04751,50.42623],[6.04596,50.42612],[6.04583,50.42618],[6.04574,50.42651],[6.04581,50.42692],[6.04618,50.42744],[6.04671,50.42784],[6.04782,50.42771],[6.04925,50.42799],[6.05009,50.42853],[6.05046,50.42915],[6.05143,50.42954],[6.05212,50.43011],[6.05288,50.43053],[6.05386,50.43055],[6.0546,50.43087],[6.05558,50.43153],[6.05592,50.43187],[6.05636,50.43264],[6.0564,50.43297],[6.05631,50.43326],[6.05596,50.43352],[6.05588,50.43385],[6.05563,50.43411],[6.05499,50.43445],[6.05433,50.43447],[6.05331,50.43433],[6.05228,50.43465],[6.05294,50.43481],[6.05418,50.43549],[6.05458,50.43557],[6.05486,50.43573],[6.0547,50.43609],[6.05481,50.43661],[6.05471,50.43698],[6.05429,50.43744],[6.05335,50.43798],[6.05417,50.43861],[6.05462,50.43909],[6.05461,50.43965],[6.05577,50.43999],[6.05647,50.44039],[6.0574,50.44058],[6.05783,50.44044],[6.05809,50.44044],[6.05829,50.44052],[6.0585,50.44076],[6.05851,50.44098],[6.05841,50.44113],[6.05757,50.44116],[6.05728,50.44131],[6.05618,50.44267],[6.05582,50.44295],[6.05584,50.44328],[6.05628,50.44354],[6.05683,50.44338],[6.05735,50.443],[6.05777,50.44255],[6.05792,50.44224],[6.05777,50.44186],[6.05792,50.4417],[6.05907,50.44148],[6.06009,50.44171],[6.06051,50.44139],[6.06094,50.44132],[6.06129,50.44099],[6.06198,50.4416],[6.06259,50.44187],[6.06336,50.44233],[6.06377,50.44213],[6.06412,50.44156],[6.06458,50.44122],[6.06501,50.44107],[6.06657,50.44088],[6.06716,50.44062],[6.06804,50.44081],[6.06917,50.44091],[6.06968,50.44114],[6.07017,50.44124],[6.07225,50.44117],[6.07343,50.44131],[6.07358,50.44151],[6.07352,50.44166],[6.07209,50.44215],[6.07201,50.44244],[6.07216,50.44271],[6.07186,50.44317],[6.07187,50.44348],[6.0721,50.44374],[6.07236,50.44382],[6.07402,50.44374],[6.07464,50.44381],[6.07486,50.44431],[6.07451,50.44464],[6.07457,50.44491],[6.07553,50.44523],[6.07561,50.4455],[6.07542,50.44609],[6.07611,50.44665],[6.07639,50.44738],[6.07638,50.44776],[6.07677,50.44825],[6.0773,50.44845],[6.07881,50.44863],[6.08084,50.44844],[6.08161,50.44802],[6.08203,50.4474],[6.08254,50.44714],[6.08294,50.44723],[6.08337,50.44743],[6.08605,50.44767],[6.08715,50.4479],[6.08847,50.44847],[6.0886,50.44908],[6.08879,50.44937],[6.08938,50.44958],[6.09053,50.44972],[6.09098,50.44994],[6.09149,50.4504],[6.0917,50.45077],[6.09175,50.45126],[6.0914,50.45217],[6.0918,50.45277],[6.09211,50.45356],[6.09366,50.45387],[6.09512,50.45452],[6.09584,50.45467],[6.09629,50.45465],[6.09667,50.45435],[6.09719,50.45411],[6.09773,50.45351],[6.09834,50.45317],[6.09881,50.45298],[6.10051,50.45281],[6.10066,50.45262],[6.10076,50.45214],[6.10089,50.45191],[6.10127,50.45159],[6.10267,50.45136],[6.10376,50.45137],[6.10515,50.45183],[6.1056,50.45231],[6.10592,50.4532],[6.10637,50.45345],[6.10688,50.45344],[6.10787,50.45288],[6.10839,50.45272],[6.10881,50.45269],[6.10932,50.45293],[6.10936,50.45304],[6.10921,50.45326],[6.10766,50.45381],[6.10713,50.45449],[6.10688,50.45459],[6.10647,50.45456],[6.10502,50.4541],[6.10463,50.4538],[6.10382,50.45284],[6.10344,50.45268],[6.10305,50.45268],[6.1029,50.4527],[6.10269,50.4529],[6.10266,50.45328],[6.10243,50.45345],[6.10137,50.45388],[6.09952,50.45432],[6.09856,50.45533],[6.09802,50.4558],[6.09782,50.45587],[6.09674,50.45604],[6.09491,50.45617],[6.09334,50.45607],[6.09277,50.45581],[6.09136,50.45559],[6.09048,50.45561],[6.09,50.45586],[6.08944,50.45689],[6.08937,50.45717],[6.08941,50.45744],[6.08957,50.45771],[6.09016,50.45795],[6.09092,50.45856],[6.09094,50.45886],[6.09044,50.45909],[6.09019,50.45938],[6.09125,50.45969],[6.09172,50.45992],[6.09194,50.46015],[6.09195,50.46033],[6.09161,50.46099],[6.09159,50.46129],[6.09223,50.46216],[6.09231,50.46239],[6.09212,50.46251],[6.09168,50.46251],[6.08933,50.46196],[6.0888,50.46198],[6.08865,50.46221],[6.08893,50.46335],[6.08889,50.46381],[6.08872,50.4641],[6.08909,50.46439],[6.08971,50.46465],[6.09069,50.46525],[6.09146,50.46603],[6.09256,50.46644],[6.09287,50.46665],[6.09295,50.46687],[6.09194,50.46718],[6.09166,50.46733],[6.09154,50.46749],[6.09157,50.46792],[6.09209,50.46883],[6.09251,50.46914],[6.0933,50.46943],[6.09412,50.46947],[6.09528,50.46965],[6.09587,50.47008],[6.09594,50.47019],[6.0959,50.47027],[6.09499,50.46984],[6.09293,50.46973],[6.09253,50.46965],[6.09195,50.4694],[6.09169,50.4691],[6.09122,50.46885],[6.09092,50.46855],[6.09077,50.46793],[6.09045,50.46738],[6.0887,50.46611],[6.08865,50.46595],[6.08873,50.46543],[6.08858,50.46505],[6.0876,50.46413],[6.08747,50.46389],[6.08753,50.46353],[6.08811,50.46295],[6.08803,50.4627],[6.08762,50.4622],[6.08757,50.46192],[6.08764,50.46168],[6.08779,50.46151],[6.08924,50.46074],[6.08754,50.45937],[6.08694,50.45946],[6.08479,50.46047],[6.08325,50.46106],[6.08302,50.46132],[6.08291,50.46158],[6.08323,50.46224],[6.0831,50.46276],[6.08316,50.46373],[6.08299,50.46414],[6.08291,50.46413],[6.08253,50.46355],[6.08251,50.46319],[6.08271,50.46272],[6.08242,50.46192],[6.08218,50.46155],[6.0815,50.46105],[6.08212,50.46112],[6.08251,50.461],[6.08313,50.4605],[6.08464,50.45994],[6.08599,50.4591],[6.08642,50.45851],[6.08659,50.4577],[6.08675,50.45748],[6.08711,50.45727],[6.0877,50.45715],[6.08799,50.45691],[6.0879,50.45638],[6.08803,50.45601],[6.08807,50.45547],[6.08828,50.45494],[6.08861,50.45459],[6.08852,50.45379],[6.08793,50.45333],[6.0876,50.45286],[6.08757,50.45265],[6.08769,50.45213],[6.08759,50.45182],[6.08613,50.45081],[6.0854,50.45021],[6.0849,50.45012],[6.08336,50.45015],[6.08288,50.45031],[6.08218,50.4508],[6.08144,50.45185],[6.08077,50.45212],[6.08087,50.45271],[6.08012,50.45338],[6.07996,50.45342],[6.07973,50.45324],[6.07984,50.45293],[6.07976,50.45248],[6.07984,50.45213],[6.07969,50.45125],[6.07808,50.45086],[6.07673,50.45099],[6.07571,50.45048],[6.07376,50.44997],[6.07313,50.44903],[6.07255,50.44854],[6.07145,50.44736],[6.07081,50.44691],[6.06959,50.44642],[6.06873,50.44634],[6.06715,50.44575],[6.06627,50.44559],[6.06506,50.44612],[6.06419,50.4463],[6.06407,50.44656],[6.06415,50.44666],[6.06504,50.44659],[6.06512,50.44719],[6.06469,50.44753],[6.06335,50.44825],[6.06287,50.4488],[6.06375,50.44944],[6.06429,50.44962],[6.06474,50.44992],[6.06504,50.44996],[6.06574,50.44973],[6.06602,50.4498],[6.06617,50.45002],[6.0659,50.45051],[6.06548,50.45068],[6.06464,50.45031],[6.06411,50.45048],[6.06428,50.45072],[6.06426,50.45102],[6.06367,50.45119],[6.06347,50.45134],[6.06345,50.45163],[6.06299,50.45227],[6.06297,50.45262],[6.0631,50.45296],[6.06298,50.45314],[6.06267,50.45316],[6.06165,50.45298],[6.06045,50.45326],[6.05965,50.45304],[6.05938,50.45303],[6.05795,50.45354],[6.05743,50.45382],[6.05727,50.45404],[6.05725,50.45439],[6.058,50.45519],[6.05791,50.45576],[6.05811,50.45599],[6.05881,50.45658],[6.05954,50.45697],[6.06015,50.45714],[6.06046,50.45743],[6.05953,50.45722],[6.05911,50.45702],[6.05749,50.4566],[6.05678,50.45632],[6.05635,50.45601],[6.05584,50.45548],[6.05502,50.45495],[6.05485,50.45474],[6.05485,50.45456],[6.05507,50.45433],[6.05548,50.45424],[6.0562,50.4543],[6.0566,50.4541],[6.05696,50.45376],[6.05722,50.45329],[6.05723,50.45297],[6.05735,50.45277],[6.05752,50.45262],[6.05801,50.45242],[6.05807,50.45211],[6.05764,50.45156],[6.05719,50.45128],[6.05627,50.45133],[6.0551,50.45068],[6.05444,50.45057],[6.05365,50.45088],[6.05298,50.45139],[6.05252,50.45158],[6.05212,50.45187],[6.05169,50.45177],[6.05077,50.45137],[6.0504,50.45087],[6.04962,50.4502],[6.04921,50.45051],[6.04829,50.45052],[6.04652,50.45091],[6.04463,50.45075],[6.04416,50.45078],[6.04334,50.45065],[6.0422,50.45067],[6.04175,50.4508],[6.04127,50.45128],[6.04113,50.45196],[6.04088,50.45243],[6.03965,50.45252],[6.03763,50.45282],[6.03711,50.45316],[6.03683,50.45359],[6.03681,50.45383],[6.037,50.45428],[6.0371,50.45527],[6.03766,50.45597],[6.03774,50.45619],[6.03752,50.45694],[6.03743,50.45797],[6.03834,50.45856],[6.03949,50.4591],[6.03976,50.45935],[6.03957,50.45947],[6.03907,50.45947],[6.03761,50.45907],[6.03711,50.45883],[6.03683,50.45851],[6.03546,50.45817],[6.03521,50.45789],[6.03506,50.45715],[6.03477,50.45654],[6.03484,50.45613],[6.03503,50.45575],[6.03528,50.45477],[6.03523,50.45456],[6.03494,50.4541],[6.03479,50.45338],[6.03479,50.45297],[6.03495,50.45218],[6.03547,50.45134],[6.03573,50.45105],[6.03657,50.45077],[6.03657,50.45049],[6.03717,50.4502],[6.03763,50.44975],[6.03772,50.44908],[6.0381,50.44824],[6.03813,50.4477],[6.03786,50.44767],[6.0374,50.44789],[6.03633,50.44779],[6.03573,50.44739],[6.03461,50.44687],[6.03376,50.44672],[6.03317,50.44681],[6.03258,50.44727],[6.03215,50.44727],[6.0317,50.44715],[6.03148,50.44685],[6.03124,50.44672],[6.02996,50.44669],[6.0285,50.44624],[6.02756,50.44546],[6.02668,50.44509],[6.02553,50.44436],[6.02464,50.44408],[6.0245,50.44383],[6.02422,50.4436],[6.02281,50.44275],[6.02221,50.44207],[6.02127,50.44184],[6.02067,50.4416],[6.02043,50.44111],[6.02046,50.44078],[6.021,50.44055],[6.0235,50.44059],[6.02464,50.44049],[6.02517,50.44036],[6.02552,50.44044],[6.02629,50.44082],[6.02709,50.44085],[6.02757,50.44075],[6.02729,50.4402],[6.02711,50.44005],[6.02489,50.43972],[6.02487,50.43957],[6.02523,50.43918],[6.02532,50.43897],[6.02526,50.43879],[6.02504,50.43866],[6.02346,50.43836],[6.02131,50.43767],[6.02048,50.43799],[6.01993,50.438],[6.01837,50.43673],[6.0182,50.43577],[6.01703,50.43551],[6.01604,50.43493],[6.01583,50.43467],[6.01581,50.43435],[6.0168,50.43357],[6.01717,50.433],[6.01716,50.43274],[6.01685,50.43243],[6.01586,50.43231],[6.01465,50.43156],[6.01425,50.43151],[6.01405,50.43139],[6.01405,50.43129],[6.01461,50.43102],[6.01477,50.43106],[6.01502,50.43138],[6.01546,50.43132],[6.01565,50.43113],[6.01572,50.43092],[6.01559,50.43054],[6.01502,50.43008],[6.01407,50.42978],[6.01303,50.42969],[6.01208,50.4302],[6.01142,50.43033],[6.01112,50.43029],[6.01089,50.43019],[6.00984,50.42937],[6.00963,50.42908],[6.00919,50.4281],[6.00888,50.42784],[6.00868,50.42786],[6.00842,50.42834],[6.00797,50.42856],[6.00783,50.42904],[6.00779,50.42967],[6.00759,50.43019],[6.00721,50.43356],[6.00716,50.43522],[6.00709,50.43531],[6.00688,50.43535],[6.0065,50.43525],[6.0064,50.43491],[6.00563,50.43482],[6.00491,50.43483],[6.00374,50.43461],[6.00258,50.43428],[6.0021,50.43388],[6.00172,50.43377],[6.00133,50.43401],[6.00091,50.43445],[6.00004,50.43455],[5.99984,50.43492],[5.99962,50.43503],[5.9992,50.43496],[5.99925,50.43462],[5.99871,50.4344],[5.996,50.43441],[5.9947,50.43458],[5.99313,50.4345],[5.99128,50.43411],[5.98992,50.43394],[5.98966,50.43373],[5.98967,50.43326],[5.98918,50.43304],[5.98866,50.43306],[5.98788,50.43341],[5.98714,50.43297],[5.9867,50.43256]],[[6.08212,50.46607],[6.08212,50.46602],[6.08212,50.46607]],[[6.07504,50.46562],[6.07484,50.46539],[6.07484,50.46519],[6.07545,50.46493],[6.07575,50.46464],[6.07603,50.46415],[6.07625,50.464],[6.07677,50.46408],[6.07663,50.46438],[6.07708,50.46473],[6.07772,50.46471],[6.07797,50.46482],[6.07795,50.4652],[6.07772,50.46529],[6.07742,50.4653],[6.0771,50.46514],[6.07647,50.4655],[6.07553,50.46553],[6.07504,50.46562]],[[6.08254,50.4656],[6.0825,50.46545],[6.08257,50.46526],[6.08274,50.46496],[6.08292,50.46483],[6.08339,50.46487],[6.08372,50.46526],[6.0837,50.46542],[6.0836,50.46549],[6.08254,50.4656]],[[6.07587,50.46493],[6.07561,50.46492],[6.07587,50.46493]],[[6.07795,50.4645],[6.07767,50.46366],[6.07773,50.46346],[6.07796,50.46327],[6.07869,50.46297],[6.07944,50.46292],[6.07968,50.46284],[6.07981,50.46268],[6.07981,50.46241],[6.08,50.46182],[6.08078,50.46125],[6.0811,50.46129],[6.0803,50.46178],[6.08011,50.4621],[6.08029,50.46274],[6.08104,50.46349],[6.08104,50.46366],[6.08076,50.4641],[6.08045,50.46437],[6.08011,50.46445],[6.07855,50.46419],[6.07816,50.46429],[6.07795,50.4645]],[[6.02295,50.46139],[6.02262,50.46128],[6.0221,50.46094],[6.02165,50.4605],[6.0213,50.45998],[6.02132,50.45975],[6.02154,50.45925],[6.02124,50.45879],[6.02131,50.45855],[6.02229,50.458],[6.02226,50.45786],[6.02191,50.45749],[6.02193,50.45741],[6.02324,50.45722],[6.0238,50.45743],[6.02384,50.45772],[6.0237,50.45798],[6.02368,50.45831],[6.02394,50.45918],[6.02446,50.45973],[6.02586,50.46049],[6.02589,50.46088],[6.02587,50.46106],[6.02539,50.46134],[6.02355,50.46153],[6.02295,50.46139]],[[6.01962,50.45773],[6.01934,50.45752],[6.01936,50.45738],[6.01985,50.45726],[6.02015,50.45737],[6.02009,50.45753],[6.01962,50.45773]],[[5.9867,50.44072],[5.98743,50.44106],[5.98779,50.44131],[5.98798,50.44158],[5.9888,50.44181],[5.98959,50.44216],[5.99133,50.44246],[5.99184,50.44238],[5.99255,50.44207],[5.99333,50.44216],[5.99375,50.44246],[5.99447,50.44278],[5.99628,50.44338],[5.99725,50.44362],[5.99813,50.44408],[5.99888,50.44384],[6.00047,50.44271],[6.00136,50.44247],[6.00251,50.44232],[6.00286,50.44165],[6.0028,50.44135],[6.0025,50.44122],[6.00194,50.44112],[6.00084,50.44112],[6.00043,50.44101],[6.00235,50.44071],[6.00323,50.44074],[6.00336,50.44079],[6.0035,50.44102],[6.0033,50.44133],[6.00459,50.4416],[6.00541,50.44196],[6.0061,50.44205],[6.00756,50.44203],[6.01006,50.44264],[6.01132,50.44323],[6.01164,50.44383],[6.01212,50.44409],[6.01604,50.44571],[6.01712,50.44608],[6.01757,50.44607],[6.01758,50.44599],[6.01739,50.4458],[6.01616,50.44493],[6.01638,50.44481],[6.01678,50.44484],[6.01795,50.44549],[6.01922,50.44603],[6.01963,50.44647],[6.02001,50.44653],[6.02046,50.44631],[6.02297,50.44741],[6.02423,50.4482],[6.02468,50.44882],[6.02455,50.4491],[6.02375,50.4499],[6.02404,50.45029],[6.02401,50.45053],[6.02385,50.45081],[6.02358,50.45104],[6.02295,50.45132],[6.02165,50.4521],[6.02083,50.45297],[6.02086,50.45327],[6.02117,50.45359],[6.02171,50.45464],[6.02225,50.4554],[6.02257,50.45559],[6.02277,50.45582],[6.02284,50.45602],[6.02282,50.45631],[6.02345,50.4564],[6.02385,50.45657],[6.02382,50.45688],[6.02313,50.45703],[6.02252,50.45689],[6.02212,50.4566],[6.02217,50.45631],[6.02134,50.45591],[6.02093,50.45591],[6.02059,50.45612],[6.02041,50.45613],[6.02011,50.45575],[6.01926,50.4554],[6.01883,50.45507],[6.0184,50.45523],[6.0183,50.45543],[6.01831,50.45552],[6.01866,50.45573],[6.01863,50.45584],[6.01829,50.45601],[6.01793,50.45599],[6.01711,50.45549],[6.01618,50.45467],[6.01575,50.454],[6.01556,50.45342],[6.01556,50.45224],[6.01564,50.45172],[6.01585,50.4513],[6.01622,50.45096],[6.01746,50.45044],[6.01765,50.45024],[6.01758,50.4501],[6.01638,50.45001],[6.01506,50.44953],[6.01332,50.44909],[6.01167,50.44886],[6.01161,50.44881],[6.01189,50.44861],[6.01203,50.44838],[6.012,50.44826],[6.01186,50.44815],[6.01136,50.44796],[6.01044,50.44778],[6.01,50.44749],[6.00886,50.44702],[6.00772,50.44679],[6.00747,50.44681],[6.00731,50.44706],[6.00736,50.44721],[6.0076,50.4474],[6.00754,50.44757],[6.00727,50.44731],[6.00704,50.44726],[6.00625,50.44742],[6.00587,50.44789],[6.00551,50.44756],[6.00532,50.44752],[6.00429,50.44777],[6.00382,50.44767],[6.00344,50.44771],[6.00272,50.44814],[6.00262,50.44828],[6.00271,50.44852],[6.00261,50.44876],[6.00265,50.44886],[6.00369,50.4494],[6.00345,50.44967],[6.00236,50.45043],[6.00209,50.45074],[6.00168,50.45102],[6.0016,50.45126],[6.00165,50.45141],[6.00237,50.4516],[6.0024,50.45181],[5.99996,50.45297],[5.99928,50.45305],[5.99688,50.45301],[5.99527,50.45278],[5.99451,50.45291],[5.99371,50.45313],[5.99289,50.45348],[5.99188,50.45368],[5.99155,50.4536],[5.99122,50.45328],[5.99085,50.45311],[5.99051,50.45263],[5.99012,50.45239],[5.98959,50.45239],[5.98924,50.45273],[5.9886,50.45279],[5.98772,50.45262],[5.9867,50.45225]],[[6.02087,50.4556],[6.02068,50.45549],[6.02088,50.45547],[6.02087,50.4556]],[[6.0567,50.4551],[6.05655,50.45491],[6.05672,50.45476],[6.05686,50.45493],[6.0567,50.4551]],[[6.0642,50.45357],[6.06377,50.45326],[6.06428,50.45314],[6.06484,50.45326],[6.0642,50.45357]],[[5.99504,50.45265],[5.99475,50.45241],[5.99459,50.45214],[5.99497,50.45178],[5.99542,50.45172],[5.99548,50.45191],[5.99537,50.45231],[5.99504,50.45265]],[[6.00004,50.45233],[5.9998,50.45215],[5.99982,50.4518],[5.99917,50.4513],[5.99963,50.45127],[6.00007,50.45146],[6.0012,50.45163],[6.00142,50.45182],[6.0012,50.45213],[6.00093,50.45229],[6.00004,50.45233]],[[6.05712,50.45078],[6.05705,50.45075],[6.05712,50.45066],[6.05745,50.45056],[6.05779,50.45074],[6.05755,50.45087],[6.05712,50.45078]],[[6.0567,50.45051],[6.05678,50.45048],[6.0567,50.45051]],[[6.0217,50.45003],[6.02164,50.44991],[6.02202,50.44983],[6.02217,50.4499],[6.0217,50.45003]],[[6.02254,50.44957],[6.02236,50.44938],[6.02218,50.44876],[6.02218,50.4486],[6.02232,50.44852],[6.02257,50.44851],[6.02264,50.44858],[6.02254,50.44957]],[[6.01504,50.44441],[6.01493,50.44433],[6.01503,50.44408],[6.01512,50.44433],[6.01504,50.44441]],[[5.99129,50.44361],[5.99089,50.44352],[5.99077,50.44323],[5.99201,50.44258],[5.9923,50.44255],[5.99293,50.44265],[5.99322,50.44293],[5.99322,50.44307],[5.99305,50.44329],[5.99255,50.44355],[5.99175,50.44348],[5.99129,50.44361]],[[6.0367,50.43691],[6.03608,50.43659],[6.03628,50.43651],[6.03698,50.43653],[6.03721,50.43636],[6.03659,50.43584],[6.03642,50.43557],[6.03642,50.43526],[6.0367,50.4349],[6.03713,50.4349],[6.03771,50.43519],[6.03849,50.43541],[6.03929,50.436],[6.03965,50.43599],[6.04004,50.43576],[6.04019,50.43547],[6.04019,50.43522],[6.04006,50.43492],[6.03972,50.43449],[6.03972,50.43432],[6.03999,50.43409],[6.04048,50.43403],[6.04101,50.43381],[6.04135,50.43358],[6.04144,50.43335],[6.04123,50.43298],[6.04116,50.43262],[6.04027,50.4319],[6.04028,50.43175],[6.04043,50.43156],[6.0411,50.43167],[6.0417,50.43187],[6.04251,50.43245],[6.043,50.43263],[6.04462,50.43354],[6.04499,50.43384],[6.04532,50.43396],[6.04741,50.43432],[6.04845,50.4342],[6.04969,50.43439],[6.04956,50.43458],[6.04921,50.43459],[6.0485,50.43479],[6.04787,50.43466],[6.04758,50.43449],[6.04735,50.4345],[6.04628,50.4349],[6.04545,50.43549],[6.04453,50.4357],[6.04419,50.43603],[6.0447,50.43624],[6.0455,50.43595],[6.04588,50.43595],[6.0461,50.43604],[6.0455,50.43632],[6.04465,50.43635],[6.04397,50.43647],[6.043,50.43629],[6.0425,50.43638],[6.04137,50.43626],[6.04054,50.43644],[6.04002,50.43664],[6.0391,50.4368],[6.03834,50.43707],[6.0367,50.43691]],[[6.03545,50.43641],[6.0345,50.43574],[6.03498,50.4357],[6.03542,50.43589],[6.03569,50.43626],[6.03545,50.43641]],[[6.04754,50.43577],[6.04734,50.4357],[6.0473,50.43547],[6.04772,50.43538],[6.04801,50.43545],[6.04754,50.43577]],[[6.06212,50.43541],[6.06189,50.43505],[6.06189,50.43484],[6.06212,50.43458],[6.06256,50.4346],[6.06253,50.43493],[6.06212,50.43541]],[[6.00629,50.43361],[6.00584,50.43327],[6.00473,50.43186],[6.00379,50.43103],[6.00372,50.43074],[6.00385,50.43058],[6.00425,50.43045],[6.00503,50.4308],[6.00589,50.43093],[6.00611,50.43113],[6.00631,50.43155],[6.00643,50.43241],[6.00692,50.43314],[6.00701,50.43342],[6.00688,50.43358],[6.00629,50.43361]],[[6.04045,50.43329],[6.04026,50.43322],[6.04046,50.43298],[6.04054,50.43322],[6.04045,50.43329]],[[6.00587,50.4322],[6.00588,50.43198],[6.00594,50.43214],[6.00587,50.4322]],[[6.00795,50.42772],[6.00784,50.42741],[6.008,50.4272],[6.0084,50.42734],[6.00861,50.42765],[6.00857,50.42775],[6.00838,50.42782],[6.00795,50.42772]],[[6.00795,50.42713],[6.00773,50.42665],[6.00781,50.42654],[6.00797,50.4265],[6.00814,50.42656],[6.00818,50.42665],[6.00795,50.42713]],[[6.06379,50.42502],[6.06377,50.42491],[6.06415,50.4246],[6.06466,50.42463],[6.06458,50.42488],[6.06431,50.42509],[6.06412,50.42512],[6.06379,50.42502]],[[6.09504,50.42497],[6.09499,50.42493],[6.09508,50.42493],[6.09504,50.42497]],[[6.09045,50.42445],[6.09035,50.42439],[6.09039,50.42431],[6.09063,50.42436],[6.09045,50.42445]],[[6.10379,50.42138],[6.10369,50.42129],[6.1038,50.42118],[6.10393,50.42131],[6.10379,50.42138]],[[6.10212,50.42076],[6.1019,50.42057],[6.1019,50.42043],[6.10235,50.4202],[6.10257,50.41994],[6.103,50.41976],[6.10333,50.41934],[6.10374,50.41908],[6.10404,50.41876],[6.10414,50.41831],[6.10397,50.41748],[6.10418,50.41714],[6.10505,50.4166],[6.10558,50.41653],[6.10746,50.41649],[6.10791,50.4166],[6.10823,50.41682],[6.10817,50.41692],[6.1066,50.41744],[6.10588,50.41756],[6.10558,50.41773],[6.105,50.41763],[6.10473,50.41774],[6.1047,50.41797],[6.10544,50.41827],[6.10568,50.41853],[6.10585,50.4189],[6.10634,50.41902],[6.10645,50.41918],[6.10637,50.41938],[6.10584,50.41922],[6.10501,50.41936],[6.10482,50.42047],[6.10467,50.42078],[6.1042,50.42087],[6.10393,50.42024],[6.10379,50.42013],[6.10296,50.42033],[6.10253,50.42064],[6.10212,50.42076]],[[6.10545,50.41742],[6.10527,50.41723],[6.10526,50.41711],[6.10579,50.41679],[6.10596,50.4168],[6.10636,50.41713],[6.106,50.41733],[6.10545,50.41742]],[[6.10879,50.4169],[6.10854,50.41687],[6.10888,50.41687],[6.10879,50.4169]],[[6.02754,50.41523],[6.02748,50.4152],[6.02754,50.41523]],[[6.03815,50.40826],[6.03622,50.40905],[6.0348,50.4093],[6.03375,50.40937],[6.03325,50.40953],[6.03234,50.40997],[6.03173,50.41051],[6.03154,50.41079],[6.03092,50.41106],[6.03033,50.41166],[6.03022,50.41217],[6.0298,50.41249],[6.02962,50.41326],[6.02963,50.41385],[6.02935,50.41436],[6.02922,50.41446],[6.02871,50.41449],[6.028,50.41469],[6.02743,50.41438],[6.02755,50.41411],[6.02797,50.41381],[6.02775,50.41352],[6.02757,50.41292],[6.02737,50.41269],[6.0263,50.41192],[6.02603,50.41161],[6.02558,50.41132],[6.02527,50.41088],[6.02522,50.4106],[6.02542,50.41015],[6.02534,50.4096],[6.0248,50.40914],[6.02458,50.40885],[6.02435,50.40871],[6.02397,50.40861],[6.02333,50.40859],[6.02335,50.40826]],[[6.03004,50.41415],[6.02987,50.41409],[6.03005,50.41406],[6.03004,50.41415]],[[6.02587,50.41364],[6.02576,50.41354],[6.02583,50.41345],[6.02674,50.41308],[6.02718,50.41312],[6.02746,50.41335],[6.02738,50.41355],[6.02694,50.41369],[6.02642,50.41373],[6.02587,50.41364]],[[6.0267,50.41283],[6.02663,50.4127],[6.02673,50.41261],[6.02685,50.41271],[6.0267,50.41283]],[[6.02295,50.40996],[6.02289,50.40989],[6.02295,50.40965],[6.02319,50.40951],[6.02341,50.40947],[6.02355,50.4096],[6.02359,50.40977],[6.0235,50.40994],[6.02295,50.40996]],[[6.02087,50.40961],[6.02066,50.40918],[6.0207,50.40909],[6.02084,50.40905],[6.02094,50.40913],[6.02087,50.40961]],[[6.02505,50.40826],[6.02497,50.40842],[6.02465,50.4085],[6.02429,50.40843],[6.02395,50.40826]]]}},{"type":"Feature","properties":{"ele":490},"geometry":{"type":"MultiLineString","coordinates":[[[5.9867,50.49704],[5.98737,50.49676],[5.98801,50.49635],[5.98823,50.49606],[5.98832,50.49547],[5.98848,50.49526],[5.98976,50.49441],[5.99003,50.49409],[5.99052,50.49392],[5.99057,50.49379],[5.99048,50.49342],[5.9907,50.49286],[5.99072,50.49246],[5.9904,50.49238],[5.98876,50.49352],[5.98751,50.49408],[5.9867,50.49474]],[[6.09462,50.47224],[6.09451,50.47214],[6.09548,50.47151],[6.09578,50.4714],[6.09595,50.47149],[6.09597,50.47166],[6.09577,50.47188],[6.09515,50.47214],[6.09462,50.47224]],[[6.07098,50.40826],[6.07045,50.40908],[6.07003,50.40937],[6.06964,50.40953],[6.06916,50.40957],[6.06797,50.41009],[6.06726,50.41067],[6.06712,50.41113],[6.06693,50.41132],[6.06699,50.41165],[6.06675,50.41213],[6.06699,50.41276],[6.06587,50.41434],[6.06562,50.41456],[6.06559,50.41474],[6.066,50.4155],[6.06751,50.41644],[6.06793,50.41688],[6.06842,50.41714],[6.06856,50.41748],[6.06893,50.41798],[6.06902,50.41835],[6.06937,50.41878],[6.06953,50.41913],[6.07,50.41966],[6.07066,50.41988],[6.07069,50.41999],[6.0706,50.42022],[6.07085,50.4205],[6.07173,50.42071],[6.07253,50.42112],[6.07285,50.42163],[6.0738,50.42202],[6.0746,50.4225],[6.07543,50.42271],[6.07596,50.42272],[6.07688,50.42254],[6.07798,50.42217],[6.07819,50.42199],[6.07831,50.42178],[6.0783,50.42131],[6.0784,50.42106],[6.0787,50.42071],[6.07948,50.42018],[6.07963,50.41986],[6.07961,50.4194],[6.07938,50.41922],[6.07907,50.41912],[6.07834,50.41917],[6.07822,50.41911],[6.07823,50.419],[6.07836,50.4188],[6.07875,50.41853],[6.08017,50.41813],[6.08216,50.41848],[6.08277,50.41881],[6.08244,50.41908],[6.08269,50.41939],[6.08423,50.41991],[6.08469,50.4202],[6.08668,50.42104],[6.08934,50.42167],[6.09201,50.4227],[6.09286,50.42288],[6.09423,50.4233],[6.09513,50.42331],[6.09587,50.42309],[6.09616,50.42292],[6.09632,50.42271],[6.09648,50.4221],[6.0967,50.42182],[6.09799,50.42116],[6.09936,50.42077],[6.09896,50.42053],[6.09887,50.42039],[6.09918,50.41963],[6.09963,50.41964],[6.10015,50.4199],[6.10121,50.42001],[6.10225,50.41983],[6.10288,50.41955],[6.10367,50.41882],[6.1039,50.41838],[6.10387,50.4182],[6.10326,50.4177],[6.10347,50.41693],[6.10456,50.4163],[6.10675,50.41598],[6.10892,50.41587],[6.10933,50.41575],[6.11055,50.41512],[6.11113,50.41519],[6.11207,50.41552],[6.11253,50.4155],[6.11298,50.41532],[6.11422,50.41509],[6.11509,50.41466],[6.11588,50.41467],[6.11609,50.41409],[6.11629,50.41393],[6.11679,50.41401],[6.11701,50.41422],[6.11695,50.41449],[6.11637,50.41492],[6.11629,50.41521],[6.11584,50.41574],[6.11467,50.41636],[6.11377,50.41631],[6.11385,50.41662],[6.11322,50.41679],[6.11257,50.41716],[6.11205,50.41712],[6.11133,50.41744],[6.10975,50.41733],[6.10877,50.41742],[6.10748,50.41777],[6.10626,50.41798],[6.10625,50.41829],[6.10824,50.41884],[6.10883,50.41937],[6.10837,50.41965],[6.10762,50.41974],[6.1071,50.41964],[6.10622,50.41988],[6.10578,50.4202],[6.10551,50.42079],[6.10387,50.42163],[6.10294,50.4215],[6.10087,50.42192],[6.10041,50.42208],[6.10001,50.42243],[6.09953,50.42322],[6.09955,50.42335],[6.10004,50.42409],[6.10005,50.42438],[6.09962,50.42465],[6.0991,50.42513],[6.09881,50.42527],[6.09845,50.42533],[6.09807,50.42521],[6.09791,50.42494],[6.09838,50.42464],[6.09799,50.42432],[6.09749,50.42435],[6.09725,50.42463],[6.09714,50.42493],[6.09587,50.42605],[6.09567,50.42656],[6.09522,50.42679],[6.0947,50.42678],[6.09343,50.42628],[6.09286,50.42634],[6.09178,50.42622],[6.09068,50.42576],[6.09036,50.42555],[6.09018,50.42517],[6.08894,50.42439],[6.08897,50.42429],[6.08921,50.42409],[6.08824,50.42359],[6.08642,50.42363],[6.08553,50.42375],[6.08412,50.42367],[6.08311,50.42386],[6.08266,50.42412],[6.08211,50.42546],[6.08187,50.4257],[6.08093,50.42617],[6.08043,50.42629],[6.08003,50.42625],[6.07978,50.42602],[6.07989,50.42529],[6.07968,50.42488],[6.07923,50.42453],[6.07871,50.42451],[6.07835,50.42465],[6.0775,50.42547],[6.07749,50.42604],[6.07766,50.42656],[6.07745,50.4269],[6.07777,50.42765],[6.07799,50.42793],[6.078,50.42831],[6.07825,50.42903],[6.07884,50.42969],[6.07901,50.43019],[6.07879,50.43049],[6.07746,50.43093],[6.07672,50.43104],[6.07427,50.43168],[6.07262,50.43199],[6.07214,50.43216],[6.07171,50.43243],[6.07084,50.43268],[6.07022,50.43298],[6.06959,50.43352],[6.06869,50.4338],[6.06828,50.43432],[6.06753,50.43463],[6.06737,50.43498],[6.06652,50.43585],[6.06627,50.43603],[6.06586,50.43617],[6.06544,50.43664],[6.06466,50.43694],[6.0639,50.43683],[6.06308,50.43647],[6.06171,50.43604],[6.06116,50.43601],[6.06039,50.43584],[6.05903,50.43518],[6.05762,50.43393],[6.05718,50.43385],[6.05694,50.43413],[6.05631,50.43446],[6.05576,50.43464],[6.05565,50.43585],[6.05529,50.43685],[6.05496,50.43741],[6.05433,50.43797],[6.05444,50.4382],[6.05506,50.43879],[6.05503,50.43941],[6.05546,50.43963],[6.0563,50.43986],[6.05674,50.44016],[6.05756,50.4403],[6.05844,50.44013],[6.05921,50.44052],[6.0597,50.4406],[6.06005,50.44055],[6.06048,50.44027],[6.06089,50.44019],[6.06171,50.44049],[6.06244,50.44097],[6.06282,50.44134],[6.06336,50.44162],[6.06375,50.44156],[6.0641,50.44127],[6.06487,50.44097],[6.06658,50.44073],[6.06715,50.44044],[6.06843,50.44045],[6.06998,50.44077],[6.07086,50.44104],[6.07235,50.441],[6.0739,50.4412],[6.07406,50.44129],[6.07411,50.4414],[6.07386,50.44172],[6.07341,50.44196],[6.07267,50.44215],[6.07252,50.44226],[6.07244,50.44246],[6.07261,50.44271],[6.07207,50.44321],[6.07211,50.44354],[6.07298,50.44368],[6.07444,50.44361],[6.07496,50.44384],[6.07528,50.44435],[6.075,50.44469],[6.07526,50.44492],[6.07599,50.44522],[6.07601,50.44548],[6.07574,50.44576],[6.07568,50.44604],[6.07586,50.44621],[6.07625,50.44635],[6.07641,50.44652],[6.07658,50.44738],[6.07654,50.44775],[6.07703,50.44828],[6.07751,50.44838],[6.07855,50.44843],[6.08095,50.44821],[6.0814,50.44801],[6.08173,50.44746],[6.08206,50.44721],[6.08277,50.44696],[6.08298,50.44699],[6.08327,50.44722],[6.0836,50.44733],[6.08616,50.44757],[6.0872,50.44779],[6.08841,50.44827],[6.08872,50.44858],[6.08888,50.44911],[6.08918,50.44938],[6.0897,50.4495],[6.09051,50.44955],[6.09131,50.4499],[6.09177,50.45041],[6.09193,50.45081],[6.09197,50.4514],[6.09159,50.45216],[6.09199,50.45276],[6.09217,50.45324],[6.09259,50.45351],[6.09387,50.45381],[6.09504,50.4544],[6.09574,50.45451],[6.09622,50.45441],[6.09716,50.4539],[6.09751,50.45348],[6.09838,50.45299],[6.1003,50.4527],[6.10049,50.45245],[6.10042,50.45214],[6.10053,50.45185],[6.10045,50.45159],[6.10235,50.45127],[6.10392,50.45125],[6.10458,50.45145],[6.10539,50.45181],[6.10577,50.45223],[6.10611,50.45303],[6.10629,50.45328],[6.10678,50.4533],[6.10734,50.45294],[6.1084,50.4525],[6.10915,50.45259],[6.10971,50.45289],[6.10976,50.45302],[6.10952,50.45328],[6.10799,50.45384],[6.10755,50.45468],[6.10714,50.45494],[6.10661,50.45493],[6.10478,50.45416],[6.10426,50.45379],[6.10367,50.45311],[6.10334,50.45293],[6.10311,50.45302],[6.10295,50.45354],[6.09971,50.45446],[6.09872,50.45546],[6.09796,50.45604],[6.09475,50.4563],[6.09335,50.45617],[6.09251,50.45589],[6.09121,50.45572],[6.09066,50.45578],[6.09025,50.45607],[6.08988,50.45675],[6.08979,50.45744],[6.09001,50.4577],[6.09084,50.45821],[6.09126,50.45858],[6.09136,50.45887],[6.09115,50.4594],[6.09221,50.45999],[6.09228,50.46026],[6.09189,50.46092],[6.09182,50.46133],[6.0921,50.46169],[6.09301,50.46244],[6.09258,50.46271],[6.09194,50.46284],[6.09017,50.46228],[6.08914,50.46214],[6.08908,50.46244],[6.08924,50.46325],[6.08923,50.46381],[6.0891,50.46411],[6.0894,50.46434],[6.09006,50.4646],[6.09049,50.4649],[6.09128,50.46521],[6.09167,50.4658],[6.09297,50.46646],[6.09349,50.46686],[6.09294,50.46714],[6.09205,50.46735],[6.09186,50.46752],[6.09182,50.46783],[6.09222,50.46846],[6.09232,50.46879],[6.09254,50.46896],[6.09335,50.46925],[6.09469,50.46936],[6.09542,50.4695],[6.09581,50.46967],[6.09652,50.47023],[6.09633,50.47047],[6.09586,50.47082],[6.09559,50.47093],[6.0954,50.47091],[6.09528,50.47074],[6.09516,50.47024],[6.09502,50.47013],[6.09277,50.46985],[6.09166,50.46944],[6.09088,50.46887],[6.09031,50.4683],[6.09026,50.4679],[6.08998,50.46749],[6.08943,50.46714],[6.08921,50.46686],[6.08871,50.46659],[6.0884,50.46628],[6.08827,50.46604],[6.08847,50.4655],[6.08837,50.46519],[6.08795,50.46465],[6.08741,50.46416],[6.08726,50.4638],[6.08727,50.46352],[6.08768,50.4631],[6.08777,50.4629],[6.08769,50.46266],[6.08734,50.4622],[6.0873,50.46199],[6.08748,50.46153],[6.08865,50.46075],[6.08825,50.46049],[6.08795,50.45993],[6.08754,50.45963],[6.08708,50.45963],[6.08627,50.4599],[6.08517,50.46051],[6.08371,50.46099],[6.08335,50.4613],[6.08324,50.46161],[6.08349,50.4622],[6.08343,50.46265],[6.08347,50.46373],[6.08339,50.46435],[6.08351,50.46463],[6.084,50.46519],[6.08414,50.46567],[6.08407,50.46576],[6.08386,50.46581],[6.08291,50.46574],[6.08254,50.46604],[6.08216,50.46661],[6.08165,50.46665],[6.08146,50.46653],[6.08168,50.46603],[6.08219,50.46547],[6.0826,50.46449],[6.08261,50.46428],[6.08226,50.46349],[6.08236,50.46269],[6.0823,50.46231],[6.08182,50.46161],[6.08152,50.46152],[6.08124,50.46154],[6.08092,50.4617],[6.08043,50.46215],[6.08062,50.46272],[6.0813,50.46325],[6.08136,50.46345],[6.08134,50.46361],[6.08088,50.46438],[6.07996,50.46459],[6.07886,50.46435],[6.0786,50.46439],[6.07828,50.4646],[6.07818,50.46519],[6.07792,50.4655],[6.07587,50.4658],[6.07491,50.46587],[6.07456,50.46581],[6.07423,50.46539],[6.07382,50.46526],[6.07352,50.46543],[6.07358,50.46573],[6.07352,50.46581],[6.07293,50.46588],[6.07255,50.46605],[6.0723,50.466],[6.07219,50.46578],[6.07233,50.46547],[6.07187,50.46518],[6.07234,50.46464],[6.07334,50.46454],[6.07425,50.46422],[6.07473,50.46386],[6.07487,50.46352],[6.07543,50.46307],[6.07631,50.46313],[6.07673,50.46306],[6.07687,50.46297],[6.07705,50.46258],[6.07721,50.46245],[6.0784,50.46213],[6.07876,50.46218],[6.07921,50.46251],[6.07975,50.46163],[6.0806,50.46106],[6.08096,50.46094],[6.08204,50.46089],[6.08244,50.46078],[6.08285,50.46044],[6.08424,50.45993],[6.0856,50.45912],[6.08561,50.459],[6.08546,50.45882],[6.08505,50.45852],[6.08503,50.45822],[6.08541,50.45792],[6.08594,50.45786],[6.08642,50.4574],[6.08702,50.45712],[6.08753,50.45702],[6.08772,50.45687],[6.08767,50.45637],[6.0878,50.45547],[6.08802,50.45494],[6.08839,50.45465],[6.08812,50.45415],[6.08817,50.45382],[6.08777,50.45353],[6.08727,50.45293],[6.08722,50.45251],[6.0874,50.45203],[6.08723,50.45176],[6.08675,50.45148],[6.08588,50.45078],[6.08506,50.4504],[6.0835,50.45032],[6.08319,50.45038],[6.08252,50.45075],[6.08207,50.45129],[6.08179,50.4519],[6.08115,50.45215],[6.08108,50.45276],[6.08035,50.45346],[6.08003,50.45393],[6.07956,50.45358],[6.07941,50.45335],[6.07956,50.4529],[6.07944,50.45244],[6.07955,50.45206],[6.07933,50.4513],[6.07804,50.45101],[6.07683,50.45119],[6.07637,50.45119],[6.07609,50.45106],[6.07573,50.45072],[6.07533,50.45052],[6.07418,50.45025],[6.07334,50.45031],[6.07295,50.45021],[6.07323,50.44994],[6.07329,50.44977],[6.07298,50.44909],[6.07252,50.44882],[6.07126,50.44745],[6.07088,50.44715],[6.07042,50.44689],[6.06963,50.44659],[6.06855,50.44649],[6.06659,50.44578],[6.06628,50.44575],[6.06571,50.446],[6.06531,50.4463],[6.06546,50.44715],[6.06486,50.44768],[6.06479,50.44786],[6.06483,50.44802],[6.06506,50.44828],[6.06383,50.44843],[6.06365,50.44851],[6.06358,50.44863],[6.06363,50.44884],[6.06387,50.44904],[6.06503,50.44965],[6.0661,50.44944],[6.06665,50.44964],[6.06679,50.44985],[6.06677,50.44999],[6.06637,50.45049],[6.06542,50.45128],[6.06537,50.45185],[6.06502,50.45243],[6.06522,50.45292],[6.06565,50.45323],[6.0656,50.45336],[6.06526,50.45356],[6.06407,50.45373],[6.06294,50.45366],[6.06204,50.45338],[6.06043,50.45357],[6.05954,50.45324],[6.05857,50.45355],[6.0587,50.45382],[6.05907,50.45406],[6.05902,50.45422],[6.05855,50.45449],[6.05801,50.45451],[6.05787,50.4546],[6.05792,50.45479],[6.05826,50.45499],[6.05814,50.45571],[6.05836,50.45605],[6.05878,50.45638],[6.05963,50.45682],[6.06141,50.45746],[6.06172,50.45769],[6.06167,50.45792],[6.06156,50.458],[6.06118,50.45803],[6.06012,50.45756],[6.0588,50.45713],[6.05801,50.45701],[6.05771,50.45682],[6.05686,50.45654],[6.05581,50.45604],[6.05547,50.45548],[6.05481,50.45515],[6.05431,50.45449],[6.05429,50.45428],[6.0544,50.45409],[6.05462,50.45395],[6.05491,50.45389],[6.0559,50.45401],[6.05634,50.45392],[6.05672,50.45354],[6.05664,50.45297],[6.0572,50.45243],[6.05673,50.45208],[6.05627,50.45192],[6.05541,50.45134],[6.05498,50.45131],[6.05466,50.45167],[6.0537,50.4518],[6.05299,50.45217],[6.05172,50.45219],[6.05125,50.45197],[6.05032,50.452],[6.0492,50.45149],[6.04522,50.45141],[6.04397,50.45114],[6.04296,50.4511],[6.04216,50.45091],[6.04175,50.45111],[6.04155,50.45131],[6.04141,50.45237],[6.0413,50.45252],[6.04063,50.45263],[6.03963,50.45265],[6.03916,50.45282],[6.03835,50.45294],[6.03753,50.45328],[6.0371,50.45356],[6.03706,50.45381],[6.03722,50.45422],[6.03729,50.45519],[6.03796,50.45604],[6.03796,50.45632],[6.03781,50.45678],[6.03786,50.45741],[6.03774,50.45769],[6.03777,50.45789],[6.03787,50.45801],[6.0384,50.45823],[6.03877,50.45855],[6.03972,50.459],[6.04008,50.45935],[6.04001,50.4595],[6.03938,50.45972],[6.03897,50.45977],[6.0372,50.45954],[6.03668,50.45957],[6.03591,50.45931],[6.03534,50.45931],[6.03506,50.45939],[6.03468,50.45967],[6.03451,50.46033],[6.03434,50.46051],[6.03409,50.4605],[6.03394,50.46019],[6.03375,50.46011],[6.03336,50.46047],[6.03313,50.46056],[6.0317,50.46073],[6.03128,50.46088],[6.03089,50.46113],[6.03046,50.46103],[6.0296,50.46103],[6.02914,50.46116],[6.02832,50.46167],[6.02699,50.46149],[6.02669,50.46159],[6.02622,50.46214],[6.02554,50.46215],[6.02496,50.46201],[6.02421,50.46244],[6.02397,50.46247],[6.02277,50.4623],[6.02162,50.4619],[6.02071,50.46133],[6.02041,50.46105],[6.02016,50.46071],[6.02007,50.46018],[6.01919,50.45993],[6.01968,50.4594],[6.02025,50.45912],[6.02028,50.45901],[6.02016,50.45879],[6.01999,50.45866],[6.01943,50.45854],[6.01941,50.45827],[6.01928,50.45817],[6.0183,50.45831],[6.0174,50.45769],[6.01717,50.45727],[6.01725,50.45706],[6.01763,50.45673],[6.01798,50.45666],[6.01874,50.45668],[6.01894,50.45658],[6.0185,50.45647],[6.01782,50.45653],[6.01662,50.45632],[6.01536,50.4547],[6.01488,50.45387],[6.01476,50.45265],[6.01503,50.45186],[6.01555,50.45107],[6.0155,50.45066],[6.01495,50.45024],[6.01409,50.44992],[6.01256,50.44971],[6.01116,50.44985],[6.01017,50.44964],[6.00987,50.44944],[6.00984,50.44925],[6.01003,50.449],[6.01139,50.44855],[6.0112,50.4484],[6.01079,50.44836],[6.01008,50.44848],[6.00956,50.44806],[6.0084,50.44778],[6.00788,50.44795],[6.00756,50.44833],[6.0071,50.44857],[6.00684,50.44774],[6.00669,50.44768],[6.00646,50.44827],[6.00586,50.44912],[6.0057,50.44881],[6.0055,50.44865],[6.00504,50.44864],[6.0046,50.44834],[6.00407,50.4481],[6.0036,50.44812],[6.00335,50.44826],[6.00334,50.44882],[6.00366,50.44911],[6.00428,50.44932],[6.00434,50.44942],[6.00367,50.45013],[6.00291,50.45046],[6.00303,50.45078],[6.00273,50.45107],[6.00266,50.45128],[6.00307,50.45134],[6.00417,50.45117],[6.00462,50.451],[6.00469,50.45108],[6.00463,50.45132],[6.00295,50.45183],[6.00128,50.4527],[5.99958,50.45336],[5.99871,50.45334],[5.99772,50.45345],[5.99678,50.4533],[5.9961,50.45333],[5.9947,50.45369],[5.99418,50.45366],[5.99388,50.45373],[5.99375,50.45379],[5.99353,50.45413],[5.99319,50.45426],[5.99245,50.45443],[5.99157,50.45444],[5.99085,50.45432],[5.99072,50.45408],[5.99077,50.45356],[5.99043,50.45311],[5.98959,50.45303],[5.98801,50.45307],[5.9867,50.4524]],[[6.07712,50.46393],[6.07686,50.46381],[6.07717,50.46373],[6.07725,50.46382],[6.07712,50.46393]],[[6.04254,50.46219],[6.04206,50.46166],[6.04217,50.46132],[6.04209,50.46102],[6.04218,50.46093],[6.04259,50.46093],[6.04284,50.4611],[6.04254,50.46219]],[[6.0292,50.46049],[6.02957,50.46042],[6.02971,50.46047],[6.0292,50.46049]],[[6.04129,50.46051],[6.04127,50.46042],[6.04135,50.46039],[6.04175,50.46049],[6.04164,50.46057],[6.04129,50.46051]],[[5.9867,50.43436],[5.98711,50.43466],[5.98784,50.43497],[5.98852,50.43489],[5.98879,50.43521],[5.99129,50.4352],[5.99366,50.4354],[5.9942,50.43521],[5.99454,50.43491],[5.99517,50.43479],[5.99588,50.43492],[5.99619,50.43534],[5.99637,50.43544],[5.99713,50.43548],[5.99793,50.43569],[5.99876,50.43579],[5.99995,50.43582],[6.00128,50.43548],[6.00173,50.43494],[6.0025,50.43463],[6.00313,50.43459],[6.00336,50.43465],[6.00353,50.43488],[6.0036,50.4357],[6.00379,50.43593],[6.0047,50.4361],[6.0061,50.43611],[6.00671,50.43601],[6.00716,50.43629],[6.00744,50.43738],[6.00744,50.43807],[6.00755,50.43865],[6.0077,50.43821],[6.00767,50.43738],[6.00792,50.43624],[6.00873,50.43635],[6.00904,50.4363],[6.00936,50.43601],[6.00987,50.43578],[6.0096,50.43549],[6.0099,50.43525],[6.00996,50.43512],[6.00982,50.43474],[6.00957,50.43438],[6.00939,50.43384],[6.00917,50.43356],[6.00875,50.43327],[6.00797,50.43309],[6.00785,50.43297],[6.0078,50.43244],[6.00793,50.43154],[6.00873,50.4312],[6.00933,50.43077],[6.00801,50.43039],[6.00787,50.43023],[6.00795,50.43001],[6.0084,50.42972],[6.00877,50.42935],[6.00915,50.42919],[6.01049,50.43013],[6.01083,50.43053],[6.0111,50.43063],[6.01252,50.43043],[6.01333,50.42991],[6.01382,50.43012],[6.01463,50.4302],[6.01484,50.4305],[6.0147,50.43075],[6.01418,50.43103],[6.01323,50.43134],[6.01374,50.43171],[6.01464,50.43185],[6.0161,50.43273],[6.0157,50.433],[6.01546,50.43328],[6.01443,50.43382],[6.01426,50.43408],[6.01445,50.43436],[6.01514,50.43446],[6.01545,50.43468],[6.01589,50.43519],[6.01674,50.43563],[6.01799,50.43594],[6.01809,50.4361],[6.01815,50.43665],[6.01829,50.43695],[6.01971,50.43814],[6.02022,50.43823],[6.02126,50.43801],[6.02162,50.43802],[6.02272,50.43824],[6.02402,50.43871],[6.02475,50.43884],[6.02463,50.43911],[6.02417,50.43899],[6.02377,50.43909],[6.02408,50.43939],[6.02402,50.43989],[6.02432,50.44021],[6.0234,50.44023],[6.02282,50.43999],[6.02034,50.43989],[6.01991,50.4401],[6.01938,50.44054],[6.01937,50.44095],[6.01964,50.4413],[6.02048,50.44181],[6.0217,50.44215],[6.02221,50.44271],[6.02374,50.44367],[6.02459,50.4443],[6.02587,50.44486],[6.02634,50.44519],[6.02774,50.44594],[6.02842,50.44645],[6.02996,50.44704],[6.0309,50.44692],[6.03124,50.44695],[6.03194,50.44762],[6.03241,50.44778],[6.03298,50.44771],[6.0332,50.44744],[6.03329,50.44706],[6.0335,50.44695],[6.03412,50.447],[6.03514,50.44736],[6.0364,50.44819],[6.03729,50.44848],[6.03741,50.44876],[6.03731,50.44953],[6.03722,50.44971],[6.03678,50.45003],[6.03595,50.45024],[6.03541,50.45047],[6.03559,50.45078],[6.03529,50.45107],[6.03507,50.45161],[6.03475,50.45206],[6.03454,50.4531],[6.03471,50.45401],[6.03497,50.4546],[6.03499,50.45484],[6.03466,50.45598],[6.0344,50.45657],[6.0335,50.45752],[6.03351,50.45776],[6.03381,50.45855],[6.03297,50.45877],[6.03253,50.45909],[6.03261,50.45937],[6.03126,50.45989],[6.02991,50.46007],[6.02871,50.46007],[6.02712,50.46023],[6.02595,50.46013],[6.02533,50.45991],[6.02467,50.45936],[6.02447,50.45894],[6.0244,50.45852],[6.02462,50.45798],[6.02477,50.45699],[6.02477,50.45661],[6.02465,50.45631],[6.02428,50.45616],[6.02374,50.45609],[6.02333,50.4559],[6.02286,50.45528],[6.02209,50.45467],[6.02172,50.45406],[6.02167,50.45338],[6.02152,50.45301],[6.02229,50.45217],[6.02317,50.45163],[6.02434,50.45133],[6.02505,50.45104],[6.02504,50.45048],[6.02528,50.44943],[6.02599,50.4488],[6.0258,50.44836],[6.02538,50.44799],[6.02461,50.44753],[6.0212,50.4459],[6.02009,50.44544],[6.01962,50.44552],[6.01923,50.44539],[6.01903,50.44524],[6.01872,50.44479],[6.01717,50.44379],[6.01589,50.4431],[6.01412,50.44252],[6.01296,50.44234],[6.01293,50.44248],[6.01338,50.44298],[6.01462,50.44352],[6.01467,50.4436],[6.01472,50.44385],[6.01422,50.44416],[6.01378,50.44414],[6.01282,50.4437],[6.0121,50.44356],[6.01216,50.44323],[6.01203,50.44296],[6.0109,50.44238],[6.01023,50.44214],[6.01049,50.44194],[6.01144,50.44185],[6.01049,50.44176],[6.01004,50.44158],[6.01031,50.44185],[6.01005,50.44204],[6.00874,50.4419],[6.00825,50.44166],[6.00797,50.44132],[6.00733,50.44103],[6.00711,50.44102],[6.00662,50.4413],[6.00616,50.44136],[6.0055,50.44118],[6.0051,50.44098],[6.00419,50.44077],[6.0037,50.44049],[6.00337,50.43988],[6.00298,50.43976],[6.00126,50.4398],[6.00037,50.44004],[6.00003,50.44035],[5.99989,50.44095],[5.99969,50.44132],[5.99908,50.44157],[5.99918,50.4417],[5.99975,50.44184],[5.99978,50.44191],[5.99929,50.44216],[5.99932,50.44243],[5.99921,50.44258],[5.99854,50.44298],[5.99843,50.44321],[5.99842,50.44355],[5.99827,50.44358],[5.9979,50.44357],[5.99713,50.44324],[5.99453,50.44254],[5.99434,50.44237],[5.99414,50.44166],[5.994,50.44156],[5.99308,50.44146],[5.99183,50.44119],[5.991,50.44121],[5.99009,50.4409],[5.98979,50.4411],[5.98915,50.44134],[5.98797,50.44111],[5.9867,50.44048]],[[6.03295,50.46],[6.03273,50.45974],[6.03287,50.45948],[6.03313,50.45946],[6.03348,50.45964],[6.03352,50.45984],[6.03346,50.45997],[6.03295,50.46]],[[6.06087,50.45978],[6.06072,50.45959],[6.0608,50.45881],[6.06122,50.45848],[6.06139,50.45848],[6.06151,50.45866],[6.06128,50.45945],[6.06115,50.45965],[6.06087,50.45978]],[[6.03629,50.45927],[6.03584,50.45879],[6.03625,50.45867],[6.03653,50.45879],[6.03655,50.4589],[6.03629,50.45927]],[[6.08045,50.45578],[6.07963,50.45517],[6.07867,50.45493],[6.07949,50.45483],[6.08003,50.45462],[6.08039,50.45475],[6.08069,50.45499],[6.08087,50.45548],[6.08045,50.45578]],[[6.06379,50.45276],[6.06338,50.45257],[6.06337,50.45215],[6.06386,50.45188],[6.06415,50.45156],[6.06469,50.45158],[6.06486,50.45185],[6.06444,50.45216],[6.06453,50.45248],[6.06448,50.45267],[6.06421,50.45281],[6.06379,50.45276]],[[6.00795,50.45079],[6.00776,50.45076],[6.00795,50.45073],[6.00795,50.45079]],[[6.00795,50.44996],[6.00802,50.44993],[6.00795,50.44996]],[[6.01629,50.44435],[6.01613,50.44417],[6.01613,50.44405],[6.01633,50.44399],[6.01658,50.44407],[6.01656,50.44417],[6.01629,50.44435]],[[5.99254,50.44305],[5.99234,50.44298],[5.99281,50.44298],[5.99254,50.44305]],[[6.05629,50.44319],[6.05624,50.44297],[6.05656,50.44272],[6.0567,50.44237],[6.0571,50.44206],[6.05742,50.44216],[6.05744,50.44244],[6.05714,50.44283],[6.05673,50.44308],[6.05629,50.44319]],[[5.99712,50.44224],[5.99696,50.44215],[5.99709,50.44204],[5.99718,50.44213],[5.99712,50.44224]],[[6.00045,50.4419],[6.00026,50.44168],[6.00031,50.44156],[6.00173,50.44147],[6.00232,50.44159],[6.00173,50.44181],[6.00045,50.4419]],[[6.00754,50.44074],[6.00742,50.44026],[6.00754,50.43992],[6.0076,50.44026],[6.00754,50.44074]],[[6.00754,50.4394],[6.00754,50.43899],[6.00754,50.4394]],[[6.03837,50.43664],[6.03693,50.43586],[6.03676,50.43569],[6.03669,50.43547],[6.03712,50.4352],[6.03838,50.43548],[6.03902,50.43629],[6.03896,50.43638],[6.03837,50.43664]],[[6.04379,50.43622],[6.04359,50.4361],[6.04359,50.436],[6.0438,50.43595],[6.04379,50.43622]],[[6.04212,50.43578],[6.04134,50.43546],[6.04104,50.43501],[6.04102,50.43481],[6.04115,50.4346],[6.04169,50.43409],[6.04287,50.43342],[6.04334,50.43347],[6.04372,50.43382],[6.04461,50.43426],[6.04512,50.43438],[6.0445,50.43495],[6.0437,50.43543],[6.04338,50.43588],[6.04256,50.4359],[6.04212,50.43578]],[[5.99754,50.43503],[5.99697,50.43464],[5.99782,50.43454],[5.99873,50.43458],[5.99888,50.43465],[5.99869,50.4348],[5.99754,50.43503]],[[5.98879,50.43359],[5.98878,50.43351],[5.98922,50.43325],[5.98919,50.43368],[5.98879,50.43359]],[[6.06004,50.43335],[6.05974,50.43314],[6.05973,50.43297],[6.05998,50.43289],[6.06013,50.43295],[6.06015,50.4332],[6.06004,50.43335]],[[6.01462,50.43297],[6.01361,50.43214],[6.01384,50.43209],[6.01421,50.43228],[6.01465,50.43239],[6.01506,50.43268],[6.015,50.43285],[6.01462,50.43297]],[[6.05754,50.43293],[6.05674,50.43235],[6.05637,50.43184],[6.05495,50.43057],[6.05293,50.42941],[6.05259,50.42887],[6.05257,50.42822],[6.05201,50.42772],[6.05208,50.42743],[6.05297,50.42743],[6.05472,50.42768],[6.05488,50.42777],[6.05503,50.42799],[6.05569,50.42811],[6.05673,50.42818],[6.05797,50.42808],[6.05832,50.42831],[6.05851,50.42869],[6.0585,50.42885],[6.05826,50.42925],[6.05829,50.42942],[6.05844,50.42956],[6.05883,50.42971],[6.06027,50.42983],[6.0606,50.42994],[6.06071,50.43022],[6.06029,50.43071],[6.06036,50.43105],[6.05993,50.43133],[6.05967,50.43168],[6.05964,50.43238],[6.05974,50.43269],[6.05967,50.43289],[6.05956,50.4329],[6.05942,50.43279],[6.0594,50.43265],[6.0595,50.43242],[6.05914,50.43216],[6.05941,50.43187],[6.05937,50.43168],[6.05926,50.43157],[6.05888,50.43154],[6.0587,50.43158],[6.05837,50.43187],[6.05812,50.43276],[6.05791,50.43288],[6.05754,50.43293]],[[6.00545,50.43163],[6.00504,50.43142],[6.00497,50.43133],[6.00499,50.43124],[6.00527,50.4312],[6.00574,50.4313],[6.00571,50.4315],[6.00545,50.43163]],[[6.00462,50.4311],[6.00455,50.43104],[6.00459,50.43099],[6.00477,50.43103],[6.00462,50.4311]],[[6.05295,50.43029],[6.05238,50.42994],[6.05212,50.42965],[6.05245,50.42955],[6.05265,50.42957],[6.05349,50.4302],[6.05335,50.43031],[6.05295,50.43029]],[[6.05045,50.42812],[6.04985,50.42779],[6.04906,50.4277],[6.05011,50.42759],[6.05092,50.4277],[6.05099,50.42789],[6.05096,50.42804],[6.05045,50.42812]],[[6.05837,50.42808],[6.05827,50.42798],[6.05841,50.42798],[6.05837,50.42808]],[[6.04754,50.42745],[6.04724,50.4274],[6.04694,50.42721],[6.04688,50.42706],[6.04697,50.42686],[6.04756,50.42668],[6.04813,50.42673],[6.04841,50.42685],[6.04868,50.4274],[6.04834,50.42753],[6.04754,50.42745]],[[6.11087,50.41578],[6.11071,50.41554],[6.11085,50.41539],[6.11096,50.41551],[6.11087,50.41578]],[[6.11754,50.41359],[6.11749,50.41352],[6.1178,50.41327],[6.11798,50.41298],[6.1184,50.41284],[6.11886,50.41297],[6.11868,50.41318],[6.11789,50.41352],[6.11754,50.41359]],[[6.03598,50.40826],[6.03504,50.40854],[6.03371,50.40864],[6.0324,50.40891],[6.03207,50.40891],[6.0317,50.40877],[6.03157,50.40908],[6.03158,50.4096],[6.03139,50.40991],[6.03151,50.41026],[6.03128,50.41054],[6.03086,50.41049],[6.03089,50.41017],[6.03079,50.40996],[6.03051,50.40975],[6.03017,50.4097],[6.02991,50.4098],[6.02953,50.41013],[6.02954,50.4105],[6.02932,50.41074],[6.02853,50.4111],[6.02688,50.41123],[6.02632,50.41116],[6.02595,50.41102],[6.02586,50.41075],[6.02699,50.41038],[6.02762,50.41028],[6.02774,50.41018],[6.02747,50.40995],[6.02689,50.40965],[6.02596,50.40929],[6.02531,50.40915],[6.02519,50.409],[6.0252,50.40882],[6.02554,50.40867],[6.02647,50.40855],[6.02699,50.40839],[6.02822,50.40826]]]}},{"type":"Feature","properties":{"ele":510},"geometry":{"type":"MultiLineString","coordinates":[[[5.9867,50.49768],[5.98779,50.49739],[5.98871,50.49684],[5.98927,50.49661],[5.98945,50.49631],[5.98914,50.496],[5.98953,50.4955],[5.98991,50.49518],[5.99027,50.49513],[5.99089,50.49521],[5.99105,50.49505],[5.99129,50.49468],[5.99132,50.49432],[5.99172,50.49355],[5.99159,50.49301],[5.99181,50.49262],[5.99217,50.4913],[5.99176,50.49097],[5.99128,50.49103],[5.99003,50.49214],[5.98921,50.49271],[5.98865,50.49295],[5.98841,50.49328],[5.9867,50.494]],[[5.99212,50.49054],[5.9916,50.49023],[5.9917,50.48938],[5.99215,50.48897],[5.99337,50.48825],[5.99372,50.48884],[5.99386,50.48884],[5.99424,50.48858],[5.99459,50.48861],[5.99514,50.48884],[5.99539,50.48909],[5.9955,50.48932],[5.99549,50.48938],[5.99532,50.48941],[5.99428,50.48947],[5.99375,50.48961],[5.99326,50.48992],[5.99268,50.49051],[5.99212,50.49054]],[[6.09754,50.4758],[6.09754,50.47572],[6.09754,50.4758]],[[6.15212,50.44401],[6.15165,50.44409],[6.15089,50.4444],[6.15047,50.44466],[6.15034,50.44487],[6.1502,50.44495],[6.14929,50.445],[6.14905,50.44495],[6.14882,50.44479],[6.14868,50.44482],[6.14832,50.44521],[6.1482,50.4455],[6.14821,50.44601],[6.14858,50.44658],[6.14849,50.44684],[6.14835,50.44694],[6.14755,50.44658],[6.14704,50.44673],[6.14657,50.44676],[6.1446,50.44633],[6.1443,50.44602],[6.14356,50.44551],[6.14371,50.44488],[6.14298,50.44381],[6.14223,50.44343],[6.14167,50.44326],[6.14084,50.44318],[6.13958,50.44325],[6.13859,50.44351],[6.13829,50.44409],[6.138,50.4444],[6.13655,50.44491],[6.13628,50.44548],[6.13548,50.44579],[6.13525,50.44616],[6.13472,50.44665],[6.13477,50.44703],[6.13506,50.44743],[6.13475,50.44758],[6.13444,50.44761],[6.13338,50.44743],[6.13271,50.44715],[6.13173,50.44709],[6.13053,50.44723],[6.12961,50.44711],[6.12921,50.44743],[6.12711,50.44789],[6.12637,50.44882],[6.12573,50.44914],[6.1247,50.44919],[6.12261,50.44903],[6.12086,50.4485],[6.11965,50.44883],[6.11918,50.44906],[6.11904,50.44988],[6.11866,50.45044],[6.11881,50.45074],[6.11928,50.45094],[6.12003,50.45104],[6.12086,50.4516],[6.12256,50.45215],[6.12204,50.45233],[6.12088,50.45225],[6.11974,50.45155],[6.11833,50.45106],[6.11766,50.45072],[6.11742,50.4505],[6.11731,50.4502],[6.11701,50.44977],[6.1172,50.44875],[6.11707,50.44865],[6.11676,50.44873],[6.11636,50.44918],[6.11637,50.44966],[6.11584,50.45007],[6.11522,50.45071],[6.11487,50.45154],[6.11431,50.45192],[6.11412,50.45218],[6.11461,50.45299],[6.11507,50.45356],[6.11513,50.45382],[6.11502,50.45412],[6.11587,50.45439],[6.11736,50.45503],[6.11805,50.45546],[6.11825,50.45567],[6.11836,50.45607],[6.11861,50.45631],[6.1187,50.45654],[6.11866,50.45706],[6.11855,50.45738],[6.11858,50.45755],[6.11871,50.45771],[6.11929,50.45793],[6.11979,50.45856],[6.11969,50.45882],[6.11885,50.45921],[6.11865,50.45918],[6.1185,50.45907],[6.11847,50.45832],[6.1182,50.45802],[6.1181,50.4576],[6.11787,50.45747],[6.1167,50.45727],[6.11633,50.45709],[6.11616,50.45688],[6.11599,50.45629],[6.11529,50.4555],[6.11471,50.4552],[6.11412,50.45511],[6.11339,50.45482],[6.1126,50.45429],[6.11169,50.45384],[6.11104,50.45342],[6.11079,50.45335],[6.11012,50.45344],[6.10886,50.45383],[6.10804,50.45496],[6.10764,50.45528],[6.10725,50.45541],[6.10688,50.45539],[6.10542,50.45501],[6.1044,50.45462],[6.1042,50.45437],[6.1042,50.45493],[6.10448,50.45595],[6.10437,50.4561],[6.10402,50.4562],[6.10371,50.45618],[6.10334,50.45605],[6.10243,50.45553],[6.10212,50.4552],[6.10205,50.45488],[6.1021,50.45454],[6.10258,50.45441],[6.10264,50.45416],[6.10254,50.45406],[6.10208,50.45431],[6.10099,50.4544],[6.10046,50.45462],[6.10025,50.45488],[6.1001,50.45528],[6.09916,50.45562],[6.09828,50.45628],[6.09756,50.45632],[6.09584,50.45662],[6.09501,50.45664],[6.09329,50.45645],[6.0925,50.45618],[6.09171,50.45602],[6.09121,50.45602],[6.09099,50.4563],[6.09089,50.45672],[6.09104,50.45762],[6.09216,50.45877],[6.09226,50.45904],[6.0922,50.45938],[6.09296,50.45992],[6.09306,50.46015],[6.09304,50.46048],[6.09268,50.46106],[6.09267,50.46132],[6.09311,50.46161],[6.09368,50.46218],[6.09407,50.46242],[6.09449,50.46248],[6.095,50.4624],[6.09548,50.46242],[6.09585,50.46272],[6.09607,50.46304],[6.09588,50.46345],[6.0955,50.46364],[6.09419,50.46386],[6.09261,50.46376],[6.09212,50.4638],[6.09168,50.46402],[6.0914,50.46442],[6.09128,50.46465],[6.09213,50.4652],[6.09263,50.46543],[6.09302,50.46604],[6.09329,50.46633],[6.09416,50.46662],[6.0945,50.46686],[6.09447,50.46699],[6.09426,50.4672],[6.09284,50.46769],[6.09253,50.46793],[6.09251,50.468],[6.09284,50.46831],[6.09285,50.46881],[6.0934,50.46899],[6.09449,50.46902],[6.09544,50.46916],[6.09705,50.46995],[6.09787,50.46987],[6.09818,50.46993],[6.09688,50.47073],[6.09658,50.471],[6.09672,50.4716],[6.09628,50.47215],[6.09365,50.47277],[6.09223,50.47358],[6.09172,50.47382],[6.09137,50.47389],[6.09101,50.4738],[6.09166,50.4735],[6.09222,50.47299],[6.09337,50.47251],[6.09381,50.47215],[6.09479,50.47159],[6.09497,50.47126],[6.09467,50.47069],[6.09397,50.47037],[6.09256,50.4701],[6.09132,50.46965],[6.09073,50.4692],[6.09046,50.4688],[6.08973,50.46849],[6.08886,50.46838],[6.08792,50.46857],[6.08748,50.46857],[6.08669,50.46771],[6.08628,50.46744],[6.08588,50.46703],[6.08574,50.46721],[6.08563,50.46776],[6.08549,50.46791],[6.08532,50.46795],[6.08499,50.46787],[6.08453,50.46754],[6.0837,50.46728],[6.08337,50.46726],[6.08294,50.46747],[6.08279,50.46741],[6.08261,50.46714],[6.08209,50.46706],[6.08158,50.46712],[6.08143,50.46727],[6.08102,50.46823],[6.08066,50.46857],[6.08047,50.46895],[6.08036,50.46899],[6.07945,50.46884],[6.07939,50.46873],[6.07948,50.46828],[6.07924,50.46798],[6.07805,50.4673],[6.07751,50.46716],[6.07712,50.46686],[6.0771,50.46659],[6.07749,50.46617],[6.07767,50.4661],[6.0781,50.46619],[6.07828,50.46637],[6.07838,50.46659],[6.07873,50.46679],[6.07905,50.46656],[6.07998,50.46661],[6.08038,50.46649],[6.08089,50.46604],[6.08128,50.46548],[6.08172,50.46522],[6.08178,50.46491],[6.08167,50.4646],[6.08127,50.46455],[6.08087,50.46479],[6.08037,50.46488],[6.07923,50.46477],[6.07881,50.46483],[6.07838,50.46567],[6.07782,50.46599],[6.07647,50.46597],[6.07554,50.46612],[6.07501,50.46637],[6.07386,50.46625],[6.07256,50.46649],[6.07125,50.46626],[6.07045,50.46631],[6.06975,50.4665],[6.0694,50.46635],[6.06939,50.4661],[6.06976,50.46578],[6.06985,50.4655],[6.06967,50.46512],[6.0697,50.46464],[6.06954,50.46418],[6.06906,50.46366],[6.06903,50.46345],[6.06916,50.46326],[6.0696,50.46294],[6.07008,50.463],[6.07078,50.46268],[6.07106,50.4621],[6.07093,50.46186],[6.07064,50.46163],[6.0706,50.46147],[6.07084,50.461],[6.07144,50.46054],[6.07169,50.46043],[6.07216,50.46053],[6.07223,50.46047],[6.07224,50.46023],[6.07252,50.46018],[6.07343,50.46047],[6.07424,50.46047],[6.07574,50.46071],[6.07642,50.46058],[6.07813,50.46058],[6.07948,50.46017],[6.08021,50.45941],[6.08037,50.45908],[6.08021,50.45879],[6.07999,50.45865],[6.07907,50.4587],[6.07869,50.4586],[6.07828,50.45831],[6.07751,50.45839],[6.07696,50.4583],[6.07629,50.4577],[6.07604,50.45696],[6.07634,50.45656],[6.07578,50.45639],[6.07576,50.45626],[6.07588,50.45604],[6.07554,50.45578],[6.07558,50.45549],[6.07538,50.45538],[6.07498,50.45493],[6.07511,50.45442],[6.07511,50.45408],[6.07546,50.45354],[6.07479,50.45321],[6.07418,50.45303],[6.07373,50.45272],[6.07401,50.45227],[6.07403,50.45196],[6.07381,50.45156],[6.07332,50.45132],[6.07335,50.45101],[6.07417,50.45096],[6.07446,50.45083],[6.07446,50.4507],[6.07407,50.45057],[6.07324,50.45073],[6.07284,50.45064],[6.07219,50.45012],[6.07223,50.44993],[6.07264,50.44967],[6.07251,50.4493],[6.07178,50.44891],[6.07121,50.44898],[6.07043,50.44894],[6.07004,50.44883],[6.06926,50.44807],[6.06885,50.4479],[6.06829,50.44816],[6.06753,50.44791],[6.06742,50.44814],[6.06746,50.44853],[6.06813,50.44956],[6.06819,50.44998],[6.06798,50.45082],[6.06711,50.45159],[6.06704,50.45187],[6.06755,50.45296],[6.06791,50.4533],[6.06805,50.45369],[6.06811,50.45411],[6.06795,50.45481],[6.06754,50.45502],[6.0671,50.45492],[6.06665,50.4553],[6.06506,50.45558],[6.06334,50.4556],[6.0625,50.45549],[6.06173,50.45526],[6.0608,50.45546],[6.06066,50.45574],[6.06097,50.45604],[6.0616,50.45632],[6.06381,50.45657],[6.0651,50.45718],[6.06584,50.45736],[6.0667,50.45738],[6.06712,50.45749],[6.06753,50.45779],[6.06796,50.45797],[6.06834,50.45854],[6.069,50.45901],[6.06911,50.4594],[6.06944,50.45968],[6.06978,50.46023],[6.06915,50.4606],[6.0688,50.46066],[6.06797,50.45992],[6.0673,50.45997],[6.06682,50.45991],[6.06646,50.45962],[6.06578,50.45938],[6.06547,50.45909],[6.0647,50.45907],[6.06425,50.45911],[6.06293,50.45959],[6.06212,50.45965],[6.0618,50.45994],[6.06126,50.46014],[6.05962,50.46025],[6.05975,50.45998],[6.0602,50.45949],[6.06025,50.45925],[6.06017,50.45883],[6.06053,50.45836],[6.06051,50.45819],[6.06009,50.45793],[6.05919,50.45782],[6.05845,50.45755],[6.05829,50.45758],[6.05794,50.45782],[6.05749,50.45779],[6.05721,50.45758],[6.05727,50.45714],[6.05711,50.45696],[6.056,50.45678],[6.05543,50.4568],[6.05507,50.45668],[6.05461,50.45631],[6.05399,50.45512],[6.05337,50.45465],[6.05294,50.45411],[6.05252,50.45379],[6.05185,50.45349],[6.05084,50.45338],[6.04917,50.45289],[6.04662,50.45257],[6.04494,50.45265],[6.04465,50.45273],[6.04427,50.45302],[6.04409,50.45326],[6.04384,50.45387],[6.0429,50.45463],[6.04244,50.4549],[6.04209,50.45547],[6.04192,50.45658],[6.04218,50.45744],[6.04202,50.4577],[6.04196,50.45824],[6.04166,50.45854],[6.04184,50.4586],[6.04257,50.45843],[6.04304,50.45854],[6.04347,50.45883],[6.04369,50.4594],[6.0444,50.45994],[6.04412,50.46003],[6.04334,50.45976],[6.04262,50.45989],[6.04211,50.45956],[6.04174,50.45953],[6.04151,50.45962],[6.04207,50.45997],[6.04252,50.45999],[6.04291,50.46033],[6.04376,50.46061],[6.04397,50.46109],[6.04356,50.46172],[6.04338,50.46244],[6.04289,50.46327],[6.04204,50.46422],[6.04123,50.46484],[6.04003,50.46662],[6.03989,50.46655],[6.03985,50.4663],[6.04036,50.46529],[6.04033,50.4647],[6.04022,50.46455],[6.03983,50.46431],[6.03975,50.46404],[6.04013,50.46323],[6.04043,50.46297],[6.04108,50.46272],[6.04118,50.46242],[6.04144,50.46216],[6.04092,50.46154],[6.04091,50.46101],[6.0404,50.46064],[6.04005,50.46063],[6.03978,50.46078],[6.03919,50.46087],[6.03876,50.46111],[6.03834,50.46121],[6.03709,50.46118],[6.0367,50.46104],[6.03632,50.46073],[6.03615,50.46072],[6.03578,50.46075],[6.03517,50.46108],[6.03392,50.46107],[6.03315,50.4613],[6.03308,50.46147],[6.03329,50.46168],[6.03379,50.46159],[6.03491,50.46165],[6.03582,50.46197],[6.03632,50.46202],[6.03647,50.46217],[6.03593,50.4627],[6.03553,50.46286],[6.0347,50.46295],[6.03402,50.46284],[6.03257,50.46328],[6.0325,50.46354],[6.03274,50.46404],[6.03257,50.4642],[6.03147,50.46407],[6.03002,50.4641],[6.02959,50.46365],[6.02903,50.46383],[6.02838,50.46386],[6.02699,50.46339],[6.02666,50.46346],[6.02625,50.46379],[6.02626,50.46409],[6.02641,50.46434],[6.02629,50.4644],[6.02543,50.46416],[6.02444,50.46425],[6.02377,50.46412],[6.02206,50.4633],[6.02088,50.46242],[6.01965,50.46185],[6.0185,50.46141],[6.01635,50.46098],[6.01587,50.46039],[6.01508,50.46016],[6.01465,50.45992],[6.01447,50.45972],[6.01427,50.45914],[6.01399,50.4589],[6.01397,50.4588],[6.01507,50.45853],[6.01465,50.45838],[6.01385,50.45829],[6.01361,50.4581],[6.01345,50.45786],[6.01316,50.45696],[6.01338,50.45659],[6.01294,50.45633],[6.01331,50.45576],[6.01379,50.45549],[6.01408,50.45512],[6.01408,50.45488],[6.01387,50.45456],[6.01336,50.45426],[6.0131,50.45386],[6.01349,50.45367],[6.01382,50.45328],[6.01412,50.45247],[6.01466,50.45167],[6.01461,50.45132],[6.01407,50.45121],[6.01332,50.45137],[6.01266,50.45128],[6.01154,50.45079],[6.01094,50.4504],[6.01042,50.45022],[6.00934,50.45012],[6.00911,50.45017],[6.00873,50.45044],[6.00861,50.45095],[6.00813,50.45147],[6.0081,50.45185],[6.00834,50.45218],[6.00965,50.4527],[6.00972,50.45296],[6.00923,50.45327],[6.00898,50.45356],[6.00793,50.45423],[6.00767,50.45432],[6.00741,50.45431],[6.0067,50.45408],[6.00631,50.45422],[6.00587,50.45425],[6.00548,50.45441],[6.00506,50.45437],[6.00465,50.45423],[6.00426,50.45438],[6.00382,50.45442],[6.00336,50.45425],[6.00216,50.45473],[6.00105,50.45481],[5.99968,50.45469],[5.99912,50.45446],[5.99787,50.45422],[5.99652,50.45416],[5.99587,50.45428],[5.9954,50.45452],[5.99482,50.45466],[5.99345,50.45534],[5.99074,50.45531],[5.99037,50.45541],[5.99006,50.45579],[5.98994,50.45581],[5.98755,50.45545],[5.98739,50.45494],[5.9876,50.454],[5.98746,50.45381],[5.9867,50.45346]],[[6.06879,50.467],[6.06873,50.46685],[6.06922,50.4668],[6.06921,50.46691],[6.06879,50.467]],[[6.08504,50.46688],[6.08442,50.46632],[6.08464,50.46538],[6.08505,50.4656],[6.08551,50.466],[6.0858,50.46651],[6.0858,50.46678],[6.08564,50.46694],[6.08537,50.46699],[6.08504,50.46688]],[[6.0842,50.46475],[6.08374,50.46431],[6.08375,50.46407],[6.08395,50.46379],[6.084,50.46356],[6.08396,50.46297],[6.08403,50.4622],[6.08385,50.46161],[6.08396,50.46134],[6.08432,50.4611],[6.08581,50.46058],[6.08648,50.46018],[6.08701,50.4602],[6.08755,50.46048],[6.08754,50.46104],[6.08715,50.46134],[6.08632,50.46226],[6.08595,50.46243],[6.08596,50.46274],[6.08557,50.46299],[6.08538,50.46322],[6.08543,50.46358],[6.08576,50.46425],[6.08565,50.46462],[6.08544,50.46478],[6.08506,50.46487],[6.0842,50.46475]],[[6.03004,50.46358],[6.02979,50.4635],[6.02998,50.46325],[6.03049,50.46321],[6.0307,50.46332],[6.03071,50.46348],[6.03061,50.46358],[6.03004,50.46358]],[[6.08129,50.46259],[6.08118,50.46237],[6.08123,50.46213],[6.08141,50.46215],[6.08173,50.46239],[6.08167,50.4626],[6.08129,50.46259]],[[6.02712,50.45978],[6.02614,50.45948],[6.02587,50.45929],[6.02563,50.45894],[6.02564,50.45758],[6.02602,50.45682],[6.02597,50.45656],[6.02579,50.45625],[6.02552,50.45596],[6.02532,50.45586],[6.0242,50.45576],[6.02446,50.45522],[6.02436,50.45494],[6.02372,50.45466],[6.02334,50.45432],[6.02253,50.45408],[6.02303,50.45327],[6.02312,50.45283],[6.02323,50.45269],[6.02438,50.4523],[6.0259,50.45215],[6.02631,50.45191],[6.02642,50.45162],[6.02677,50.45132],[6.0269,50.45104],[6.0267,50.4509],[6.02619,50.45078],[6.02602,50.4505],[6.02658,50.44994],[6.02666,50.44936],[6.02673,50.44939],[6.02675,50.44991],[6.02689,50.45043],[6.02716,50.45073],[6.02795,50.45076],[6.0286,50.45033],[6.02871,50.45012],[6.02864,50.44961],[6.02903,50.44922],[6.02912,50.44894],[6.02877,50.44855],[6.02831,50.44842],[6.02805,50.44821],[6.02795,50.44798],[6.02817,50.44765],[6.0286,50.4475],[6.02928,50.44765],[6.02965,50.44765],[6.03042,50.44741],[6.03105,50.4474],[6.03122,50.44758],[6.03114,50.44796],[6.03087,50.44818],[6.03043,50.44827],[6.033,50.44936],[6.03386,50.44952],[6.0343,50.44969],[6.03434,50.44993],[6.03414,50.45019],[6.03389,50.45113],[6.03406,50.45185],[6.03408,50.45269],[6.03402,50.4531],[6.03417,50.45356],[6.03428,50.4544],[6.03392,50.45492],[6.03344,50.4554],[6.03344,50.45659],[6.03313,50.45712],[6.03275,50.45745],[6.03274,50.45797],[6.03248,50.45857],[6.03228,50.45883],[6.03184,50.45912],[6.0317,50.45937],[6.03084,50.45966],[6.02712,50.45978]],[[6.0267,50.45895],[6.0266,50.4588],[6.02672,50.45869],[6.02686,50.45882],[6.0267,50.45895]],[[6.04045,50.45716],[6.04045,50.45704],[6.04045,50.45716]],[[6.04004,50.45693],[6.03987,50.45686],[6.03963,50.45655],[6.0388,50.45667],[6.03836,50.4566],[6.0388,50.45604],[6.03814,50.45553],[6.03792,50.45523],[6.038,50.4547],[6.03832,50.45425],[6.03822,50.4538],[6.03834,50.45355],[6.0397,50.45305],[6.0405,50.45298],[6.04123,50.45303],[6.0416,50.45341],[6.04212,50.45364],[6.04233,50.45345],[6.04236,50.45324],[6.04141,50.45298],[6.0422,50.45281],[6.04303,50.45296],[6.04294,50.45326],[6.04316,50.45359],[6.04314,50.45384],[6.04287,50.45398],[6.04209,50.45407],[6.04236,50.4543],[6.04238,50.45441],[6.04162,50.4549],[6.04148,50.4552],[6.04123,50.45545],[6.04113,50.45577],[6.0407,50.45619],[6.04044,50.45682],[6.04004,50.45693]],[[6.06045,50.45665],[6.05961,50.45633],[6.05914,50.45607],[6.05907,50.45579],[6.05922,50.45576],[6.05985,50.45591],[6.06041,50.45611],[6.06076,50.45632],[6.06093,50.45657],[6.06084,50.4568],[6.06045,50.45665]],[[6.08462,50.45493],[6.08418,50.4547],[6.084,50.45443],[6.08406,50.4543],[6.08462,50.45409],[6.08495,50.4546],[6.08488,50.45474],[6.08462,50.45493]],[[6.06004,50.45489],[6.05986,50.4547],[6.05987,50.45461],[6.06074,50.45423],[6.06178,50.45424],[6.06256,50.45437],[6.06136,50.45448],[6.06004,50.45489]],[[6.00129,50.4542],[6.00097,50.4539],[6.00101,50.45378],[6.00117,50.45368],[6.00199,50.4537],[6.00226,50.4538],[6.00212,50.4541],[6.00173,50.45423],[6.00129,50.4542]],[[6.00379,50.45428],[6.00369,50.45412],[6.00377,50.45403],[6.00383,50.4541],[6.00379,50.45428]],[[6.15212,50.44225],[6.15182,50.44252],[6.15125,50.4427],[6.15137,50.44294],[6.15132,50.44307],[6.15053,50.44303],[6.1497,50.44331],[6.14882,50.44387],[6.14798,50.44466],[6.14711,50.44514],[6.14642,50.44528],[6.1462,50.44526],[6.14585,50.44503],[6.14552,50.44378],[6.14418,50.44299],[6.14257,50.44159],[6.14213,50.4413],[6.14121,50.44117],[6.13933,50.44139],[6.13866,50.44156],[6.1383,50.44185],[6.13758,50.44216],[6.13618,50.44295],[6.13646,50.44326],[6.13628,50.44363],[6.13593,50.44347],[6.1354,50.44352],[6.13587,50.44382],[6.13603,50.44404],[6.13599,50.44414],[6.13537,50.44436],[6.13434,50.44449],[6.1337,50.44474],[6.13334,50.44474],[6.13286,50.44448],[6.13218,50.44433],[6.1317,50.4444],[6.13053,50.44427],[6.12949,50.4445],[6.12802,50.44434],[6.1273,50.44408],[6.12689,50.44384],[6.12669,50.44362],[6.12662,50.44383],[6.12704,50.44417],[6.12718,50.44434],[6.12717,50.44444],[6.12671,50.44466],[6.12622,50.4452],[6.12546,50.44577],[6.12485,50.44596],[6.1234,50.44594],[6.12253,50.44578],[6.1219,50.44499],[6.12127,50.4444],[6.12098,50.44427],[6.11965,50.44421],[6.11876,50.44426],[6.11715,50.44477],[6.11494,50.44592],[6.11379,50.44659],[6.11184,50.44799],[6.1115,50.44832],[6.11124,50.44883],[6.11145,50.44988],[6.11132,50.45021],[6.1101,50.44992],[6.10947,50.44966],[6.10919,50.44914],[6.10929,50.44866],[6.1092,50.44844],[6.10881,50.44838],[6.10837,50.44854],[6.10819,50.44894],[6.10828,50.44937],[6.10857,50.44994],[6.10879,50.45013],[6.1092,50.4502],[6.10957,50.45066],[6.11011,50.45099],[6.11025,50.45119],[6.11021,50.45134],[6.10975,50.45159],[6.10755,50.45159],[6.10694,50.45171],[6.10632,50.45173],[6.10463,50.45065],[6.10412,50.45051],[6.1038,50.45056],[6.10345,50.45088],[6.10309,50.45105],[6.09982,50.45106],[6.09974,50.45098],[6.10023,50.45046],[6.1002,50.44967],[6.10004,50.44927],[6.09961,50.44907],[6.09841,50.44994],[6.09836,50.4505],[6.09866,50.451],[6.09836,50.45116],[6.09829,50.45132],[6.09842,50.45158],[6.09837,50.45187],[6.09858,50.45211],[6.09948,50.4523],[6.09968,50.45244],[6.09907,50.45258],[6.09797,50.45254],[6.09754,50.45299],[6.09699,50.45338],[6.09612,50.45375],[6.0957,50.45409],[6.09532,50.45414],[6.09501,50.45411],[6.09344,50.4534],[6.09286,50.45328],[6.09253,50.45301],[6.09204,50.45215],[6.09245,50.45144],[6.09234,50.45071],[6.09226,50.45049],[6.09198,50.45023],[6.09164,50.44969],[6.09089,50.44936],[6.08947,50.44915],[6.0892,50.44891],[6.08903,50.44849],[6.08883,50.44821],[6.08749,50.44759],[6.08631,50.44737],[6.08385,50.4471],[6.08343,50.44682],[6.08339,50.44629],[6.08282,50.44609],[6.08236,50.44626],[6.08233,50.44662],[6.0817,50.44702],[6.08124,50.44766],[6.08087,50.44798],[6.08039,50.44779],[6.08006,50.44707],[6.0799,50.44702],[6.07963,50.44706],[6.07914,50.44731],[6.07866,50.44769],[6.07796,50.44799],[6.07753,50.44804],[6.07718,50.44794],[6.07699,50.44768],[6.07704,50.44696],[6.07708,50.44683],[6.07734,50.4466],[6.07737,50.44644],[6.07728,50.44628],[6.0765,50.44579],[6.07668,50.44533],[6.07694,50.44525],[6.07723,50.44533],[6.07836,50.44616],[6.07852,50.44611],[6.07858,50.44601],[6.07819,50.4455],[6.07795,50.44493],[6.07748,50.44442],[6.07708,50.44386],[6.07684,50.44298],[6.07604,50.44189],[6.07523,50.4416],[6.07449,50.44078],[6.07434,50.44047],[6.07411,50.44034],[6.0722,50.43976],[6.07129,50.43969],[6.07085,50.43938],[6.06886,50.43886],[6.06828,50.43883],[6.06789,50.43869],[6.06765,50.43851],[6.06767,50.43826],[6.06824,50.43797],[6.0683,50.43769],[6.06871,50.43738],[6.06908,50.43687],[6.06968,50.43666],[6.07097,50.4355],[6.07177,50.43499],[6.07331,50.43376],[6.07374,50.43324],[6.07544,50.43256],[6.0771,50.43228],[6.07794,50.43185],[6.07838,50.43179],[6.0788,50.43189],[6.07933,50.43171],[6.08028,50.43157],[6.08087,50.43132],[6.08129,50.43104],[6.08122,50.43078],[6.08104,50.43052],[6.08003,50.42993],[6.07981,50.42946],[6.07946,50.42906],[6.07943,50.42881],[6.07968,50.42849],[6.07924,50.42733],[6.07853,50.42714],[6.07924,50.42697],[6.07941,50.42659],[6.07968,50.42657],[6.08012,50.42678],[6.08048,50.42677],[6.08086,50.42664],[6.08126,50.4263],[6.08177,50.42609],[6.08264,50.42547],[6.08283,50.42515],[6.08301,50.42445],[6.08343,50.42412],[6.08416,50.42402],[6.08496,50.42429],[6.08556,50.42434],[6.08571,50.42467],[6.08599,50.42488],[6.08672,50.42522],[6.08761,50.42542],[6.08797,50.42574],[6.08863,50.42615],[6.08921,50.42631],[6.08955,50.42661],[6.09058,50.42707],[6.09173,50.42719],[6.09254,50.42743],[6.09392,50.42768],[6.09511,50.42774],[6.0962,50.42756],[6.09867,50.42657],[6.1,50.42562],[6.10049,50.42553],[6.10087,50.4253],[6.10144,50.42519],[6.10175,50.42506],[6.10189,50.42484],[6.1019,50.42465],[6.10125,50.42412],[6.10077,50.42354],[6.10075,50.42342],[6.10083,50.42323],[6.10158,50.423],[6.10116,50.42276],[6.1011,50.42258],[6.10114,50.42242],[6.102,50.4221],[6.1027,50.42212],[6.10279,50.42219],[6.10284,50.42247],[6.10342,50.4225],[6.10461,50.42227],[6.10503,50.42187],[6.10665,50.42168],[6.1068,50.4216],[6.10697,50.42127],[6.1079,50.42096],[6.1085,50.42091],[6.10969,50.42122],[6.1113,50.42214],[6.11327,50.42275],[6.11353,50.42273],[6.11355,50.42262],[6.11342,50.42243],[6.11267,50.42163],[6.1115,50.4206],[6.11139,50.42005],[6.11148,50.41974],[6.11163,50.41956],[6.11184,50.41951],[6.11324,50.41974],[6.11362,50.41966],[6.11368,50.41956],[6.11366,50.41887],[6.11407,50.41815],[6.11629,50.41661],[6.11707,50.41547],[6.11832,50.4145],[6.11924,50.41433],[6.12131,50.41423],[6.12249,50.41407],[6.12329,50.41424],[6.12448,50.41419],[6.12467,50.41414],[6.12504,50.41381],[6.12517,50.41404],[6.12517,50.41439],[6.12544,50.4147],[6.12629,50.41495],[6.12621,50.41462],[6.12637,50.41442],[6.12709,50.41438],[6.12735,50.4146],[6.12746,50.41484],[6.12732,50.41504],[6.12699,50.41521],[6.12754,50.41548],[6.12786,50.41579],[6.12848,50.41585],[6.12862,50.41573],[6.12793,50.41521],[6.12799,50.41463],[6.12776,50.41412],[6.12627,50.41271],[6.12645,50.4124],[6.12744,50.41207],[6.12829,50.41169],[6.12923,50.41166],[6.13074,50.41115],[6.13245,50.41089],[6.13304,50.41052],[6.13378,50.41045],[6.13498,50.41015],[6.13675,50.40993],[6.13766,50.40968],[6.13773,50.40959],[6.13762,50.40933],[6.13715,50.40909],[6.13588,50.40911],[6.13547,50.40904],[6.13504,50.40924],[6.13459,50.40923],[6.1338,50.4094],[6.13174,50.40928],[6.13,50.40978],[6.1292,50.40992],[6.12876,50.4101],[6.12735,50.4102],[6.12708,50.41013],[6.12671,50.40977],[6.12638,50.40959],[6.12574,50.40954],[6.1254,50.4096],[6.12501,50.40977],[6.12422,50.41022],[6.12379,50.41077],[6.12334,50.41086],[6.12256,50.41071],[6.12137,50.41067],[6.12047,50.41038],[6.12002,50.40999],[6.11944,50.4097],[6.11905,50.40914],[6.11856,50.40884],[6.11863,50.40852],[6.11851,50.40826]],[[6.00545,50.45396],[6.00536,50.45381],[6.00555,50.4538],[6.00545,50.45396]],[[6.00837,50.45339],[6.00821,50.45325],[6.0089,50.45326],[6.00837,50.45339]],[[6.08254,50.45333],[6.08242,50.4531],[6.08245,50.45293],[6.08277,50.45286],[6.08299,50.4529],[6.08297,50.45305],[6.08254,50.45333]],[[6.01045,50.45273],[6.01041,50.4527],[6.01069,50.4527],[6.01045,50.45273]],[[6.12379,50.45277],[6.12368,50.4527],[6.1238,50.45263],[6.12426,50.45271],[6.12414,50.45279],[6.12379,50.45277]],[[6.07587,50.4522],[6.07582,50.45212],[6.0759,50.45204],[6.07713,50.45154],[6.07798,50.45144],[6.0788,50.45159],[6.07762,50.45176],[6.07642,50.45225],[6.07587,50.4522]],[[6.0067,50.45198],[6.0065,50.45184],[6.00667,50.45158],[6.00734,50.45161],[6.00706,50.45185],[6.0067,50.45198]],[[6.10087,50.45085],[6.10069,50.45076],[6.10101,50.45075],[6.10087,50.45085]],[[6.11462,50.45036],[6.11418,50.44997],[6.11409,50.44918],[6.11416,50.44905],[6.11456,50.44877],[6.11507,50.44873],[6.11521,50.44888],[6.11492,50.44933],[6.11484,50.44959],[6.11514,50.44994],[6.11462,50.45036]],[[6.03587,50.44988],[6.03562,50.44964],[6.03606,50.44936],[6.03611,50.44912],[6.03501,50.44861],[6.03497,50.44848],[6.03502,50.44824],[6.03548,50.44824],[6.0359,50.44844],[6.0364,50.44855],[6.03676,50.44878],[6.03661,50.44911],[6.03671,50.44965],[6.03631,50.44983],[6.03587,50.44988]],[[6.11712,50.44846],[6.117,50.44826],[6.11714,50.44826],[6.11712,50.44846]],[[6.06545,50.44798],[6.06545,50.4477],[6.06579,50.44743],[6.06591,50.44717],[6.06581,50.44665],[6.06584,50.44631],[6.06626,50.44616],[6.06717,50.44629],[6.06753,50.44648],[6.06795,50.44659],[6.06837,50.4469],[6.06934,50.44687],[6.07009,50.44713],[6.07055,50.44743],[6.07046,50.44756],[6.07022,50.4476],[6.06927,50.4474],[6.06808,50.44738],[6.06748,50.4471],[6.06733,50.44716],[6.06724,50.44744],[6.06679,50.44794],[6.06647,50.44812],[6.06595,50.44822],[6.06545,50.44798]],[[6.10879,50.44808],[6.10813,50.44774],[6.10809,50.44758],[6.10824,50.44736],[6.10847,50.44732],[6.10884,50.44755],[6.10891,50.44776],[6.10879,50.44808]],[[6.06795,50.44786],[6.06787,50.4477],[6.06798,50.4476],[6.06812,50.44772],[6.06795,50.44786]],[[6.0267,50.44662],[6.02625,50.4464],[6.02596,50.44605],[6.02637,50.44596],[6.02722,50.44632],[6.02715,50.44661],[6.0267,50.44662]],[[6.07879,50.44661],[6.07857,50.44656],[6.07879,50.44644],[6.07893,50.44658],[6.07879,50.44661]],[[6.10837,50.44611],[6.10749,50.44582],[6.1073,50.44548],[6.10702,50.44524],[6.10704,50.44512],[6.10715,50.44507],[6.10746,50.4453],[6.10796,50.44548],[6.10816,50.44576],[6.10855,50.44602],[6.10837,50.44611]],[[6.02545,50.44578],[6.02466,50.44538],[6.02399,50.44493],[6.02424,50.44487],[6.02463,50.44492],[6.02593,50.4458],[6.02581,50.44597],[6.02545,50.44578]],[[6.02087,50.44498],[6.02079,50.4449],[6.02088,50.44477],[6.02097,50.44492],[6.02087,50.44498]],[[6.07629,50.44469],[6.0762,50.44463],[6.07612,50.44432],[6.0756,50.44383],[6.0756,50.44366],[6.07571,50.44352],[6.07589,50.44349],[6.07602,50.44355],[6.07687,50.44438],[6.07677,50.44467],[6.07629,50.44469]],[[5.9867,50.43535],[5.98909,50.43672],[5.99127,50.43773],[5.99248,50.43861],[5.99338,50.43873],[5.99377,50.43911],[5.9942,50.4392],[5.99482,50.43887],[5.99488,50.43852],[5.99507,50.43845],[5.9956,50.43879],[5.99573,50.43904],[5.99575,50.43944],[5.99617,50.4398],[5.99709,50.43979],[5.99787,50.44009],[5.99876,50.44011],[5.99884,50.4402],[5.99782,50.44039],[5.99679,50.44041],[5.99619,50.44004],[5.99525,50.43998],[5.99513,50.43987],[5.99513,50.4396],[5.99494,50.43954],[5.99461,50.43965],[5.99489,50.43994],[5.99425,50.44006],[5.99407,50.44018],[5.99419,50.44039],[5.9947,50.44075],[5.99454,50.44092],[5.99415,50.44108],[5.99293,50.44104],[5.99209,50.44076],[5.99267,50.44001],[5.99267,50.43992],[5.99095,50.43976],[5.98921,50.43937],[5.98842,50.4391],[5.98747,50.4386],[5.98724,50.43822],[5.9867,50.4378]],[[5.99504,50.44028],[5.99504,50.44008],[5.99504,50.44028]],[[5.99337,50.43999],[5.99326,50.43993],[5.99352,50.43993],[5.99337,50.43999]],[[5.9992,50.4401],[5.99894,50.43993],[5.99924,50.43988],[5.9992,50.4401]],[[6.01462,50.44007],[6.01396,50.43946],[6.01395,50.43932],[6.01409,50.43919],[6.01433,50.43912],[6.01499,50.43918],[6.01552,50.4396],[6.01548,50.4397],[6.01491,50.43983],[6.01462,50.44007]],[[6.05754,50.43943],[6.05674,50.43925],[6.0565,50.43908],[6.05679,50.43882],[6.05717,50.43872],[6.05837,50.43937],[6.05798,50.43952],[6.05754,50.43943]],[[6.01629,50.43912],[6.01626,50.43904],[6.01637,50.43908],[6.01629,50.43912]],[[6.01045,50.43887],[6.00961,50.43854],[6.01002,50.43841],[6.01045,50.43812],[6.01179,50.4377],[6.01257,50.43716],[6.01368,50.43687],[6.01594,50.43712],[6.01647,50.43741],[6.01662,50.43769],[6.0166,50.43797],[6.0164,50.43826],[6.01513,50.43862],[6.01482,50.43892],[6.01454,50.43905],[6.01386,50.43906],[6.01326,50.43882],[6.01147,50.43877],[6.01088,50.43889],[6.01045,50.43887]],[[6.0667,50.43828],[6.06703,50.43821],[6.0673,50.43826],[6.0667,50.43828]],[[6.01795,50.43777],[6.01752,50.43741],[6.01799,50.43737],[6.01795,50.43777]],[[6.01712,50.43691],[6.01623,50.43648],[6.01599,50.43627],[6.01586,50.43602],[6.01642,50.43594],[6.01757,50.43624],[6.01772,50.43661],[6.01761,50.43702],[6.01745,50.43706],[6.01712,50.43691]],[[6.00212,50.43674],[6.00206,50.43659],[6.00212,50.4365],[6.00218,50.43661],[6.00212,50.43674]],[[6.0567,50.43065],[6.05633,50.43046],[6.05563,50.42991],[6.05462,50.42937],[6.05433,50.42909],[6.05418,50.42881],[6.0548,50.42877],[6.05574,50.4289],[6.05625,50.4288],[6.05677,50.42882],[6.05655,50.42909],[6.05659,50.42938],[6.05673,50.42963],[6.05727,50.43008],[6.05736,50.43029],[6.05722,50.43052],[6.0567,50.43065]],[[6.07837,50.42613],[6.07822,50.42603],[6.07814,50.42581],[6.07832,50.42544],[6.07877,50.4251],[6.07924,50.42516],[6.07932,50.42539],[6.07928,50.42554],[6.07877,50.42594],[6.07837,50.42613]],[[6.08629,50.42421],[6.08613,50.42408],[6.08643,50.42408],[6.08629,50.42421]],[[6.11583,50.40826],[6.11609,50.40866],[6.11654,50.40908],[6.11662,50.40939],[6.11685,50.40974],[6.11686,50.40993],[6.11666,50.41018],[6.11655,50.41067],[6.11582,50.41132],[6.11451,50.41212],[6.11381,50.41283],[6.113,50.41326],[6.11173,50.41365],[6.10949,50.41377],[6.10866,50.41364],[6.10752,50.41334],[6.10642,50.41285],[6.105,50.41239],[6.10471,50.41273],[6.10435,50.413],[6.10419,50.41327],[6.10462,50.41382],[6.10504,50.41399],[6.10526,50.41462],[6.10548,50.41494],[6.10504,50.41521],[6.10461,50.4152],[6.10336,50.41548],[6.10318,50.41578],[6.10257,50.41612],[6.10138,50.41636],[6.10074,50.41639],[6.10029,50.41655],[6.10019,50.41665],[6.10031,50.41709],[6.10077,50.4178],[6.10161,50.4184],[6.10194,50.41843],[6.10287,50.41815],[6.10319,50.41824],[6.10322,50.41835],[6.10309,50.41863],[6.10253,50.41934],[6.10194,50.41954],[6.10153,50.41948],[6.1013,50.41934],[6.10117,50.41894],[6.10101,50.4187],[6.10085,50.41855],[6.10057,50.41846],[6.10001,50.41861],[6.09924,50.41821],[6.0984,50.41804],[6.09752,50.41825],[6.09712,50.41853],[6.09674,50.41914],[6.09671,50.41959],[6.09691,50.42012],[6.09685,50.42067],[6.09669,50.42103],[6.09625,50.4213],[6.09588,50.42244],[6.0951,50.42286],[6.09462,50.42298],[6.09407,50.4229],[6.09212,50.42225],[6.0888,50.42092],[6.08756,50.4207],[6.08712,50.42043],[6.08634,50.4202],[6.08608,50.42],[6.08611,50.41985],[6.08642,50.41978],[6.0888,50.42016],[6.08933,50.42018],[6.08929,50.41987],[6.08832,50.41913],[6.08762,50.41876],[6.08392,50.41762],[6.08219,50.41744],[6.08189,50.41711],[6.0809,50.41671],[6.07938,50.4164],[6.07892,50.41648],[6.07838,50.41673],[6.07808,50.41675],[6.07781,50.41668],[6.07712,50.41631],[6.07682,50.4166],[6.07657,50.41671],[6.07586,50.41687],[6.07459,50.41736],[6.07308,50.41766],[6.07213,50.41753],[6.07197,50.41767],[6.07184,50.41803],[6.0717,50.41818],[6.07128,50.41771],[6.071,50.41757],[6.06991,50.41742],[6.06951,50.41685],[6.06838,50.41631],[6.06747,50.41553],[6.06734,50.41526],[6.06744,50.41491],[6.06737,50.41432],[6.06763,50.41331],[6.06796,50.41271],[6.06742,50.41212],[6.06753,50.41114],[6.06773,50.41076],[6.06837,50.41046],[6.07001,50.41036],[6.071,50.41052],[6.07178,50.4104],[6.07272,50.41042],[6.07313,50.41033],[6.07393,50.40993],[6.07439,50.40946],[6.07447,50.40928],[6.07443,50.40881],[6.0749,50.40826]],[[6.07504,50.42222],[6.07462,50.42215],[6.07376,50.4216],[6.07346,50.42106],[6.07299,50.42069],[6.07292,50.42047],[6.0731,50.42015],[6.07329,50.4199],[6.07371,50.41958],[6.07419,50.41968],[6.07445,50.41991],[6.07461,50.42021],[6.07496,50.42026],[6.07547,50.42025],[6.07595,50.4201],[6.07756,50.41983],[6.07833,50.41981],[6.07862,50.41993],[6.07847,50.42021],[6.07783,50.42074],[6.07774,50.42154],[6.07754,50.42188],[6.07665,50.42223],[6.0761,50.42236],[6.07563,50.42236],[6.07504,50.42222]],[[6.09754,50.41887],[6.09737,50.4188],[6.09752,50.41872],[6.09768,50.41879],[6.09754,50.41887]],[[6.07129,50.41695],[6.07105,50.41668],[6.07105,50.41657],[6.07169,50.41631],[6.07209,50.4167],[6.07211,50.41688],[6.07129,50.41695]],[[6.09962,50.41653],[6.09944,50.41629],[6.09962,50.41604],[6.09982,50.41629],[6.09962,50.41653]],[[6.06837,50.41497],[6.06816,50.41491],[6.0685,50.41467],[6.06858,50.41432],[6.06881,50.41389],[6.0692,50.41465],[6.06891,50.41496],[6.06837,50.41497]],[[6.12004,50.41078],[6.11997,50.41074],[6.12005,50.41063],[6.12012,50.41075],[6.12004,50.41078]],[[6.11837,50.40915],[6.11827,50.40909],[6.11836,50.40899],[6.11846,50.40908],[6.11837,50.40915]]]}},{"type":"Feature","properties":{"ele":520},"geometry":{"type":"MultiLineString","coordinates":[[[5.9867,50.49785],[5.98784,50.49766],[5.9885,50.49763],[5.98925,50.49736],[5.99018,50.49662],[5.99019,50.49647],[5.98996,50.49595],[5.99001,50.49569],[5.9902,50.49547],[5.99063,50.4954],[5.99162,50.49558],[5.99213,50.49553],[5.99234,50.49498],[5.9924,50.4946],[5.9923,50.49439],[5.99185,50.49414],[5.99181,50.49397],[5.99214,50.49355],[5.99209,50.49325],[5.99215,50.49304],[5.99262,50.4927],[5.9928,50.49203],[5.99325,50.49129],[5.99385,50.49056],[5.99386,50.49048],[5.99366,50.4902],[5.9939,50.48999],[5.99449,50.4898],[5.99536,50.48996],[5.99587,50.48993],[5.99812,50.48965],[5.99943,50.48941],[5.99952,50.48931],[5.99923,50.48906],[5.99871,50.48915],[5.99793,50.48882],[5.99764,50.48853],[5.99739,50.488],[5.99711,50.48772],[5.99614,50.48748],[5.99591,50.48713],[5.99537,50.4869],[5.99508,50.48658],[5.99423,50.48641],[5.99371,50.48643],[5.99287,50.48677],[5.99275,50.4869],[5.99304,50.48703],[5.99355,50.48711],[5.99463,50.48703],[5.99551,50.4873],[5.99568,50.48746],[5.99532,50.4876],[5.99462,50.48771],[5.99377,50.48723],[5.99297,50.48766],[5.99298,50.48798],[5.99282,50.48825],[5.99255,50.48855],[5.99198,50.48883],[5.99157,50.48925],[5.99092,50.49078],[5.99054,50.49132],[5.99011,50.49161],[5.9898,50.49199],[5.98918,50.49242],[5.988,50.49293],[5.9867,50.49315]],[[6.08879,50.47647],[6.08862,50.47609],[6.08871,50.47576],[6.08922,50.47529],[6.08965,50.47512],[6.08974,50.47533],[6.08971,50.47552],[6.08944,50.47576],[6.08921,50.47614],[6.08879,50.47647]],[[6.09754,50.47609],[6.09732,50.47588],[6.09726,50.47571],[6.09741,50.47544],[6.09757,50.47536],[6.09791,50.47552],[6.09802,50.47582],[6.09797,50.47605],[6.09754,50.47609]],[[6.15212,50.44481],[6.15129,50.44499],[6.15056,50.44526],[6.14975,50.44516],[6.14922,50.44521],[6.14876,50.44546],[6.14853,50.44578],[6.14855,50.44602],[6.14882,50.44632],[6.14896,50.44689],[6.14916,50.44718],[6.15103,50.44828],[6.15107,50.44852],[6.15088,50.44872],[6.15008,50.44825],[6.14919,50.4479],[6.1474,50.44703],[6.14563,50.4468],[6.14454,50.44647],[6.1438,50.44596],[6.14279,50.44551],[6.14264,50.44489],[6.1413,50.44381],[6.13985,50.44362],[6.13884,50.44388],[6.13797,50.4446],[6.13705,50.4449],[6.13673,50.4455],[6.13558,50.44637],[6.13544,50.44659],[6.13549,50.44699],[6.1365,50.44795],[6.13633,50.44812],[6.13471,50.44822],[6.13411,50.44835],[6.13308,50.44837],[6.13254,50.44826],[6.13208,50.44794],[6.13157,50.44787],[6.13022,50.44814],[6.12721,50.44845],[6.12625,50.44908],[6.12574,50.44926],[6.12412,50.44926],[6.12328,50.44944],[6.12267,50.44948],[6.12203,50.4494],[6.12126,50.44915],[6.12037,50.44918],[6.11998,50.44927],[6.1197,50.44942],[6.1196,50.44963],[6.11964,50.45022],[6.11922,50.45034],[6.11909,50.45046],[6.1192,50.45076],[6.11959,50.45084],[6.12043,50.45079],[6.12105,50.45105],[6.12215,50.45124],[6.12291,50.45154],[6.12346,50.45165],[6.12485,50.45231],[6.12562,50.45238],[6.12642,50.45259],[6.12673,50.4527],[6.12701,50.45305],[6.12744,50.4533],[6.12881,50.45345],[6.13008,50.45376],[6.13016,50.45385],[6.13003,50.4541],[6.1309,50.45421],[6.13165,50.45443],[6.13206,50.45468],[6.13255,50.45483],[6.13337,50.45537],[6.13375,50.45553],[6.13422,50.45547],[6.13432,50.45579],[6.13514,50.45629],[6.13502,50.45642],[6.13459,50.45636],[6.13337,50.45575],[6.13246,50.45581],[6.13191,50.45551],[6.13124,50.45495],[6.13005,50.45465],[6.12944,50.45462],[6.12877,50.45471],[6.12846,50.45448],[6.12829,50.45445],[6.12755,50.45466],[6.12709,50.45468],[6.12626,50.45487],[6.12585,50.45469],[6.12566,50.45404],[6.12545,50.45378],[6.12444,50.45367],[6.12298,50.45385],[6.12255,50.45349],[6.12235,50.45343],[6.12045,50.45333],[6.11997,50.453],[6.11952,50.45241],[6.11837,50.45159],[6.11666,50.4509],[6.1159,50.45087],[6.11542,50.451],[6.11517,50.45158],[6.11462,50.45191],[6.11441,50.45214],[6.1149,50.45306],[6.11553,50.45354],[6.11586,50.45393],[6.11669,50.4544],[6.11714,50.45427],[6.11843,50.45451],[6.11908,50.45489],[6.11912,50.45525],[6.11975,50.45547],[6.12016,50.45601],[6.12029,50.4563],[6.12012,50.4571],[6.12027,50.45769],[6.12044,50.45799],[6.12082,50.45828],[6.12081,50.45884],[6.12108,50.45918],[6.12137,50.45991],[6.1217,50.46022],[6.12121,50.45992],[6.12022,50.45948],[6.12001,50.45946],[6.11962,50.45965],[6.11874,50.45986],[6.11785,50.46041],[6.11716,50.46051],[6.11683,50.46077],[6.11586,50.46104],[6.11615,50.46072],[6.11707,50.46016],[6.1172,50.46002],[6.11724,50.45942],[6.11716,50.45908],[6.11447,50.45716],[6.11434,50.45692],[6.11432,50.45655],[6.11419,50.45633],[6.11278,50.455],[6.11256,50.45464],[6.11216,50.45436],[6.11129,50.45406],[6.11086,50.45415],[6.11085,50.454],[6.11097,50.45381],[6.11043,50.4536],[6.10919,50.45386],[6.10878,50.45437],[6.10856,50.45493],[6.10831,50.45518],[6.10836,50.45539],[6.1085,50.45549],[6.10843,50.45556],[6.10794,50.45544],[6.10754,50.45562],[6.10715,50.45567],[6.10634,50.45545],[6.10603,50.4555],[6.10595,50.45616],[6.10675,50.45749],[6.10678,50.45795],[6.10664,50.45808],[6.10584,50.458],[6.10529,50.45771],[6.10506,50.45742],[6.10475,50.45732],[6.10407,50.45726],[6.10284,50.4569],[6.10268,50.45672],[6.10258,50.45629],[6.10126,50.45587],[6.10037,50.45594],[6.09954,50.45584],[6.0992,50.45596],[6.09879,50.45632],[6.09845,50.45645],[6.09767,50.45645],[6.09532,50.45679],[6.09386,50.45674],[6.09324,50.45679],[6.09294,50.45671],[6.0925,50.4564],[6.09183,50.45635],[6.09157,50.45641],[6.09128,50.45658],[6.09121,50.45689],[6.09125,50.4572],[6.09159,50.4578],[6.09258,50.4588],[6.0928,50.45939],[6.09347,50.45996],[6.09366,50.4605],[6.0936,50.46105],[6.09411,50.46161],[6.09426,50.46209],[6.0946,50.46221],[6.09592,50.4623],[6.09683,50.46298],[6.0966,50.46321],[6.09647,50.46359],[6.09602,50.46408],[6.09589,50.46439],[6.09543,50.46454],[6.0948,50.46461],[6.09414,50.4645],[6.09365,50.46487],[6.09363,50.46498],[6.09382,50.46546],[6.09424,50.46576],[6.09336,50.46606],[6.09377,50.46632],[6.09466,50.46658],[6.0954,50.46664],[6.09557,50.46684],[6.09547,50.46698],[6.09457,50.46735],[6.09399,50.46776],[6.09462,50.46826],[6.09513,50.46849],[6.09528,50.46881],[6.09621,50.46917],[6.09691,50.46967],[6.09716,50.46973],[6.09813,50.4697],[6.09942,50.47022],[6.09912,50.47033],[6.09804,50.47032],[6.09739,50.47071],[6.09728,50.47126],[6.09674,50.4721],[6.09692,50.47272],[6.09675,50.47356],[6.09667,50.47355],[6.0964,50.473],[6.09605,50.47265],[6.09578,50.47253],[6.09537,50.4725],[6.09373,50.47292],[6.09213,50.47382],[6.09127,50.47412],[6.09077,50.4741],[6.09057,50.47394],[6.09054,50.4738],[6.09087,50.47355],[6.09138,50.47331],[6.09174,50.47298],[6.09344,50.47226],[6.09464,50.47144],[6.09471,50.47131],[6.09467,50.47113],[6.09452,50.47084],[6.09428,50.47066],[6.0917,50.46998],[6.09067,50.4694],[6.09005,50.46881],[6.08933,50.46861],[6.08876,50.46856],[6.08815,50.46879],[6.08817,50.46889],[6.08837,50.46905],[6.08902,50.46937],[6.0888,50.46948],[6.08717,50.46937],[6.08652,50.46944],[6.08627,50.4694],[6.0858,50.46915],[6.08522,50.46907],[6.085,50.46908],[6.08468,50.46928],[6.08449,50.4693],[6.08382,50.46907],[6.08335,50.46858],[6.08292,50.4683],[6.08171,50.46784],[6.0812,50.46848],[6.08088,50.46922],[6.07956,50.46965],[6.07835,50.46938],[6.07881,50.46885],[6.07889,50.46838],[6.07885,50.46822],[6.0784,50.46796],[6.07787,50.46778],[6.07678,50.46812],[6.07641,50.46801],[6.07645,50.46763],[6.07583,50.46687],[6.07688,50.46634],[6.07678,50.4662],[6.07652,50.46615],[6.07562,50.46629],[6.07496,50.46656],[6.07407,50.46644],[6.07334,50.46674],[6.07221,50.46671],[6.07126,50.46643],[6.07045,50.46652],[6.06982,50.4668],[6.06929,50.4673],[6.06862,50.46769],[6.06841,50.46802],[6.06797,50.46798],[6.06753,50.46771],[6.0675,50.46688],[6.06833,50.46659],[6.06862,50.46632],[6.06829,50.46616],[6.06751,50.46604],[6.06739,50.46526],[6.06725,50.46494],[6.06777,50.46446],[6.06783,50.46425],[6.06766,50.46402],[6.06694,50.46353],[6.06665,50.463],[6.06688,50.46271],[6.06698,50.46236],[6.06757,50.46226],[6.0677,50.46213],[6.06755,50.46197],[6.06715,50.46178],[6.066,50.46075],[6.0654,50.46043],[6.06392,50.46037],[6.0634,50.46056],[6.06256,50.46123],[6.06215,50.46088],[6.06169,50.46084],[6.06082,50.46045],[6.06039,50.46044],[6.05985,50.46064],[6.05913,50.46077],[6.05901,50.4606],[6.05902,50.46044],[6.05939,50.45996],[6.05978,50.45968],[6.05961,50.4594],[6.05868,50.4591],[6.05813,50.45857],[6.05782,50.45838],[6.05588,50.45783],[6.05534,50.45752],[6.05434,50.45717],[6.05364,50.45663],[6.05367,50.45631],[6.05296,50.45575],[6.05267,50.45509],[6.05175,50.45434],[6.05127,50.45438],[6.05042,50.45413],[6.04963,50.45361],[6.04907,50.45371],[6.04751,50.45356],[6.04669,50.45366],[6.04587,50.4541],[6.04543,50.45517],[6.04466,50.45529],[6.04446,50.45542],[6.04454,50.45578],[6.04421,50.45623],[6.04405,50.45682],[6.04422,50.45738],[6.04464,50.45769],[6.04462,50.45799],[6.04504,50.45854],[6.04443,50.45879],[6.0441,50.45937],[6.04453,50.45971],[6.04505,50.45992],[6.04518,50.46023],[6.0444,50.46076],[6.0444,50.46123],[6.04399,50.46206],[6.04355,50.4635],[6.04274,50.46405],[6.04221,50.46469],[6.04171,50.46495],[6.04111,50.46602],[6.04021,50.46717],[6.04003,50.46807],[6.03983,50.46767],[6.03904,50.4669],[6.03892,50.46668],[6.03895,50.46657],[6.03971,50.46598],[6.03988,50.46553],[6.03989,50.46529],[6.03935,50.46491],[6.0398,50.46465],[6.03927,50.46444],[6.0387,50.46409],[6.0393,50.46382],[6.03941,50.46353],[6.03905,50.46322],[6.03925,50.46309],[6.03965,50.46299],[6.03974,50.46268],[6.04058,50.46219],[6.04067,50.46196],[6.04058,50.46184],[6.03784,50.46159],[6.03774,50.46182],[6.03773,50.46258],[6.03786,50.46274],[6.03847,50.46299],[6.03675,50.46313],[6.03567,50.46379],[6.03578,50.46397],[6.03621,50.4642],[6.0369,50.46436],[6.03675,50.46451],[6.03574,50.4645],[6.03527,50.46437],[6.03503,50.46409],[6.03454,50.46431],[6.03377,50.46435],[6.03453,50.46444],[6.03474,50.46462],[6.03426,50.46504],[6.03397,50.46513],[6.03308,50.46507],[6.03209,50.46528],[6.03087,50.46522],[6.03057,50.46494],[6.03047,50.46464],[6.03017,50.46443],[6.02938,50.46419],[6.02846,50.46424],[6.02756,50.46466],[6.0272,50.46469],[6.02621,50.46471],[6.02416,50.46441],[6.02171,50.46357],[6.02096,50.46308],[6.02037,50.46283],[6.01995,50.46252],[6.0187,50.46193],[6.01761,50.46166],[6.01616,50.46172],[6.01586,50.4616],[6.01573,50.46131],[6.01541,50.46109],[6.01465,50.46084],[6.01385,50.46075],[6.01332,50.46049],[6.01289,50.45996],[6.01238,50.45964],[6.01254,50.45882],[6.01239,50.45856],[6.01212,50.45834],[6.01137,50.45796],[6.01112,50.4577],[6.01121,50.45738],[6.01191,50.4564],[6.01199,50.45606],[6.01232,50.4558],[6.01251,50.45543],[6.01273,50.45521],[6.01241,50.45467],[6.01211,50.45439],[6.01142,50.45418],[6.01085,50.45419],[6.0106,50.4543],[6.0105,50.45446],[6.01073,50.45489],[6.01153,50.45564],[6.01158,50.45595],[6.01137,50.45607],[6.01113,50.45605],[6.01079,50.45584],[6.01007,50.45566],[6.00962,50.45543],[6.00679,50.45474],[6.00663,50.45481],[6.0063,50.45522],[6.00574,50.45512],[6.00465,50.45542],[6.00414,50.45523],[6.00378,50.4552],[6.00172,50.45588],[6.00159,50.45576],[6.0015,50.45529],[6.00131,50.45512],[5.99982,50.45521],[5.99963,50.45515],[5.99908,50.45465],[5.9973,50.45435],[5.99668,50.45432],[5.99627,50.45437],[5.99611,50.4547],[5.99593,50.45551],[5.99572,50.45575],[5.99546,50.4559],[5.99376,50.45622],[5.99291,50.45597],[5.99124,50.45593],[5.99115,50.4561],[5.99121,50.45662],[5.99178,50.45684],[5.99224,50.45713],[5.99211,50.45725],[5.99084,50.45745],[5.98813,50.45705],[5.9867,50.45721]],[[5.9867,50.4697],[5.98757,50.46911],[5.98802,50.46855],[5.98793,50.4685],[5.98713,50.4687],[5.98696,50.46854],[5.9871,50.46826],[5.98751,50.46816],[5.98776,50.46786],[5.98829,50.46752],[5.98849,50.46756],[5.98878,50.46791],[5.98891,50.46772],[5.98888,50.46742],[5.98843,50.46714],[5.98836,50.4669],[5.9888,50.46658],[5.98781,50.46636],[5.98764,50.46619],[5.98764,50.46603],[5.98793,50.46586],[5.98842,50.46591],[5.98875,50.4657],[5.98936,50.46558],[5.9895,50.46543],[5.98923,50.46491],[5.98871,50.46468],[5.98886,50.46435],[5.9882,50.46423],[5.98692,50.46335],[5.98685,50.46317],[5.98694,50.46272],[5.9868,50.46241],[5.9867,50.46176]],[[5.9867,50.46931],[5.98721,50.46909],[5.98702,50.4688],[5.9867,50.4686]],[[5.98879,50.4689],[5.98869,50.46882],[5.98875,50.46876],[5.989,50.46881],[5.98879,50.4689]],[[6.09337,50.46883],[6.09343,50.46881],[6.09337,50.46883]],[[6.08504,50.46664],[6.08473,50.4663],[6.08503,50.46599],[6.08549,50.46659],[6.08504,50.46664]],[[6.08004,50.46634],[6.07977,50.4663],[6.08001,50.46622],[6.08004,50.46634]],[[6.0792,50.46607],[6.07901,50.46595],[6.07883,50.46553],[6.07888,50.46536],[6.07914,50.46507],[6.07959,50.46506],[6.08028,50.46521],[6.08044,50.46535],[6.08047,50.46549],[6.08001,50.46572],[6.07992,50.46602],[6.07972,50.46621],[6.07949,50.46623],[6.0792,50.46607]],[[5.98754,50.46601],[5.98745,50.46574],[5.98776,50.46576],[5.98754,50.46601]],[[6.06879,50.46587],[6.06858,50.46573],[6.06871,50.46547],[6.06882,50.46547],[6.06924,50.46576],[6.06879,50.46587]],[[5.98795,50.46441],[5.98792,50.4643],[5.98799,50.46421],[5.98813,50.46436],[5.98795,50.46441]],[[6.08504,50.46446],[6.08416,50.4641],[6.0843,50.46356],[6.08426,50.46297],[6.08464,50.46167],[6.08445,50.46131],[6.08597,50.46077],[6.0863,50.46048],[6.08672,50.46041],[6.08706,50.4605],[6.08718,50.46072],[6.08716,50.46102],[6.08688,50.4613],[6.08672,50.46161],[6.08591,50.46171],[6.08567,50.46182],[6.08555,50.46199],[6.0854,50.46267],[6.08486,50.46302],[6.08485,50.46326],[6.08514,50.46357],[6.08529,50.46401],[6.08523,50.46431],[6.08504,50.46446]],[[6.0467,50.45994],[6.04663,50.45964],[6.04673,50.45969],[6.04676,50.4599],[6.0467,50.45994]],[[6.07462,50.45967],[6.07366,50.45913],[6.0738,50.45883],[6.07413,50.45864],[6.07438,50.45863],[6.07508,50.45902],[6.07594,50.45937],[6.07584,50.45948],[6.07511,50.45965],[6.07462,50.45967]],[[6.02754,50.45953],[6.02722,50.45928],[6.02736,50.45859],[6.02721,50.45838],[6.02668,50.45815],[6.02646,50.45824],[6.02629,50.45855],[6.02625,50.4585],[6.02622,50.45797],[6.02649,50.45758],[6.02665,50.4571],[6.02692,50.45684],[6.02691,50.45655],[6.02623,50.45578],[6.02489,50.45551],[6.025,50.45505],[6.02495,50.45492],[6.02404,50.45441],[6.02386,50.45407],[6.02331,50.45384],[6.02338,50.45355],[6.02394,50.45327],[6.02421,50.45299],[6.02472,50.45275],[6.0262,50.45238],[6.02709,50.45228],[6.02754,50.45215],[6.02738,50.45187],[6.02796,50.45153],[6.02815,50.45133],[6.02826,50.45102],[6.02878,50.45076],[6.02933,50.4507],[6.03074,50.45088],[6.03212,50.45133],[6.03258,50.45085],[6.03301,50.45071],[6.03315,50.4513],[6.03337,50.45159],[6.03362,50.45237],[6.03381,50.45266],[6.03379,50.45326],[6.03389,50.45379],[6.03382,50.45397],[6.03369,50.45403],[6.03267,50.45393],[6.03237,50.45406],[6.03247,50.45419],[6.03344,50.45465],[6.03297,50.45495],[6.0328,50.45519],[6.0326,50.45578],[6.03263,50.4563],[6.03245,50.45703],[6.03215,50.4577],[6.03184,50.45804],[6.03169,50.4588],[6.03127,50.45938],[6.02923,50.45953],[6.02754,50.45953]],[[6.07295,50.45883],[6.07214,50.45854],[6.07087,50.45845],[6.06989,50.45776],[6.06989,50.45763],[6.07007,50.45741],[6.06931,50.45705],[6.06873,50.45697],[6.06734,50.45656],[6.06735,50.45635],[6.06748,50.45622],[6.06835,50.45603],[6.06886,50.45578],[6.06933,50.45523],[6.06963,50.45444],[6.06933,50.45378],[6.06874,50.453],[6.06867,50.45274],[6.06822,50.45251],[6.06806,50.45224],[6.06824,50.45184],[6.06876,50.45128],[6.06883,50.45105],[6.06876,50.45076],[6.06886,50.45051],[6.06885,50.45022],[6.0692,50.44989],[6.07087,50.45062],[6.07136,50.45101],[6.07163,50.45215],[6.07177,50.45246],[6.07235,50.45317],[6.07338,50.45409],[6.07355,50.45481],[6.07394,50.45567],[6.07421,50.45603],[6.07432,50.45668],[6.07427,50.45692],[6.07411,50.45713],[6.07416,50.45744],[6.07404,50.45776],[6.07412,50.45852],[6.07375,50.45881],[6.07295,50.45883]],[[6.0592,50.45826],[6.0597,50.45821],[6.06007,50.45827],[6.0599,50.45832],[6.0592,50.45826]],[[6.07337,50.4583],[6.07337,50.45823],[6.07354,50.45826],[6.07337,50.4583]],[[5.99212,50.45781],[5.99202,50.45769],[5.99245,50.45761],[5.99265,50.4577],[5.99252,50.45785],[5.99212,50.45781]],[[6.05629,50.45748],[6.05578,50.45715],[6.05632,50.45715],[6.0567,50.4574],[6.05629,50.45748]],[[5.9867,50.45711],[5.987,50.45688],[5.98708,50.45668],[5.9867,50.45599]],[[6.03962,50.45611],[6.03933,50.456],[6.03913,50.45577],[6.03902,50.4555],[6.0391,50.45525],[6.03965,50.45515],[6.04013,50.45493],[6.0398,50.4546],[6.03991,50.45407],[6.04045,50.45379],[6.04107,50.45381],[6.04117,50.45394],[6.04118,50.45411],[6.04088,50.45466],[6.04056,50.45505],[6.04053,50.45585],[6.0404,50.45601],[6.04022,50.45608],[6.03962,50.45611]],[[5.99754,50.45503],[5.99728,50.45493],[5.99803,50.45492],[5.99754,50.45503]],[[6.10087,50.45515],[6.10066,50.4549],[6.10083,50.45463],[6.10126,50.45458],[6.10171,50.45465],[6.10136,50.455],[6.10087,50.45515]],[[6.00629,50.45467],[6.00636,50.45465],[6.00629,50.45467]],[[5.9867,50.45456],[5.98709,50.45447],[5.98717,50.45434],[5.98712,50.45409],[5.9867,50.45389]],[[6.15212,50.44071],[6.15084,50.44102],[6.15064,50.44133],[6.15065,50.44192],[6.15045,50.44224],[6.15017,50.44246],[6.14918,50.44294],[6.14875,50.44323],[6.14796,50.44416],[6.14755,50.4444],[6.14709,50.44451],[6.1467,50.44447],[6.14629,50.4443],[6.14578,50.44379],[6.14456,50.443],[6.14218,50.44101],[6.14166,50.44104],[6.14157,50.44075],[6.14105,50.44063],[6.13995,50.44085],[6.13883,50.44089],[6.13843,50.44109],[6.13784,50.44119],[6.13548,50.44288],[6.13525,50.44239],[6.13418,50.44126],[6.13399,50.44161],[6.13396,50.44269],[6.13374,50.44322],[6.13381,50.44355],[6.13282,50.44366],[6.13147,50.44362],[6.13087,50.44382],[6.13002,50.44381],[6.12984,50.44413],[6.12958,50.44427],[6.12879,50.44409],[6.12834,50.4442],[6.12789,50.44413],[6.12745,50.44384],[6.12762,50.4435],[6.12731,50.44301],[6.12705,50.44279],[6.12631,50.44247],[6.12543,50.44254],[6.12485,50.44272],[6.12509,50.44316],[6.12516,50.44351],[6.12553,50.44382],[6.12508,50.44415],[6.12493,50.44474],[6.12471,50.44498],[6.12402,50.44501],[6.12293,50.44478],[6.12194,50.44447],[6.12127,50.4441],[6.12095,50.44403],[6.12044,50.44412],[6.11907,50.44414],[6.11797,50.44438],[6.11707,50.44473],[6.11384,50.44643],[6.11167,50.44798],[6.11092,50.44874],[6.11044,50.44889],[6.11003,50.44883],[6.10964,50.44838],[6.10932,50.44797],[6.1092,50.4476],[6.10877,50.44687],[6.10968,50.4466],[6.10971,50.44624],[6.10936,50.4458],[6.10757,50.44491],[6.10674,50.44461],[6.10628,50.4443],[6.10588,50.44427],[6.1057,50.4444],[6.10539,50.44496],[6.10609,50.44574],[6.10677,50.44605],[6.106,50.44649],[6.10553,50.44663],[6.10525,50.44687],[6.10615,50.44748],[6.10638,50.44774],[6.10683,50.4488],[6.10671,50.44939],[6.10625,50.44935],[6.10574,50.44958],[6.10407,50.44944],[6.10249,50.44962],[6.10174,50.44997],[6.10135,50.44995],[6.10124,50.44989],[6.10087,50.44909],[6.10051,50.44879],[6.09926,50.44823],[6.09874,50.44818],[6.09831,50.44871],[6.09753,50.44893],[6.09734,50.44906],[6.0973,50.44918],[6.09742,50.44963],[6.09736,50.45033],[6.0967,50.45102],[6.0966,50.4514],[6.09626,50.45186],[6.09724,50.45201],[6.09751,50.45218],[6.09756,50.45247],[6.09713,50.45276],[6.09622,50.45284],[6.09609,50.45301],[6.09607,50.45327],[6.0959,50.45345],[6.09543,50.4538],[6.09504,50.45388],[6.0941,50.45354],[6.09372,50.45327],[6.09356,50.45297],[6.09295,50.453],[6.09253,50.45258],[6.09231,50.4521],[6.09267,50.45156],[6.0927,50.45126],[6.0925,50.45053],[6.0921,50.45022],[6.09176,50.4496],[6.09095,50.44925],[6.08964,50.44906],[6.08935,50.4488],[6.08913,50.44828],[6.08878,50.44798],[6.08796,50.44771],[6.08749,50.44746],[6.08621,50.44724],[6.08503,50.44715],[6.08376,50.44689],[6.08372,50.44658],[6.08391,50.44634],[6.08392,50.44619],[6.08386,50.44601],[6.08365,50.4459],[6.08287,50.44571],[6.08162,50.44567],[6.08119,50.44552],[6.08028,50.44473],[6.07983,50.44401],[6.07917,50.44329],[6.07871,50.44303],[6.07885,50.44241],[6.07836,50.44217],[6.07837,50.44187],[6.07713,50.44075],[6.07562,50.43993],[6.07468,50.43955],[6.07385,50.43936],[6.07182,50.43847],[6.07147,50.43826],[6.07126,50.438],[6.0713,50.4377],[6.07118,50.43738],[6.07223,50.43636],[6.07262,50.43573],[6.07361,50.43474],[6.07374,50.43446],[6.07374,50.43407],[6.07423,50.43327],[6.07582,50.4327],[6.07657,50.43275],[6.07739,50.43269],[6.0777,50.43249],[6.07792,50.43214],[6.07819,50.43206],[6.0789,50.43213],[6.07997,50.43185],[6.08074,50.43175],[6.08138,50.4315],[6.08226,50.43131],[6.0823,50.43116],[6.08221,50.43093],[6.08173,50.43046],[6.08138,50.42995],[6.08043,50.42983],[6.07996,50.42909],[6.08057,50.42852],[6.08037,50.42776],[6.08038,50.42743],[6.0813,50.42689],[6.08141,50.42658],[6.0816,50.42634],[6.08289,50.42545],[6.08308,50.42518],[6.0832,50.42463],[6.08339,50.42438],[6.08382,50.42429],[6.08424,50.42434],[6.08508,50.42503],[6.0866,50.42576],[6.08722,50.42597],[6.0884,50.42685],[6.09003,50.42755],[6.09082,50.42772],[6.09174,50.42768],[6.09329,50.42812],[6.09454,50.42836],[6.09631,50.42817],[6.09719,50.42799],[6.09757,50.42778],[6.09799,50.42773],[6.09885,50.42732],[6.10013,50.42641],[6.10124,50.42602],[6.10213,50.42551],[6.10294,50.42529],[6.10296,50.42519],[6.10251,50.42494],[6.10246,50.42463],[6.1023,50.42438],[6.10171,50.42409],[6.10136,50.42374],[6.10127,50.42353],[6.1017,50.42326],[6.10319,50.42326],[6.10522,50.42264],[6.10671,50.42252],[6.10834,50.422],[6.10881,50.42196],[6.11015,50.42219],[6.11116,50.42274],[6.11154,50.42305],[6.11252,50.42355],[6.11366,50.42366],[6.11449,50.42347],[6.11483,50.42326],[6.11475,50.4229],[6.11418,50.42216],[6.11296,50.421],[6.11282,50.4208],[6.11284,50.42064],[6.11294,50.42048],[6.11323,50.42041],[6.11375,50.42051],[6.11511,50.42053],[6.11544,50.42047],[6.1159,50.42026],[6.1159,50.42016],[6.11536,50.41995],[6.11478,50.41946],[6.11471,50.41932],[6.11474,50.41908],[6.11452,50.4188],[6.11505,50.41854],[6.11524,50.41823],[6.11654,50.4171],[6.11697,50.41651],[6.11714,50.41578],[6.11827,50.41506],[6.12055,50.41492],[6.12427,50.41541],[6.12512,50.41568],[6.12704,50.41659],[6.12793,50.4168],[6.13199,50.41693],[6.13342,50.41659],[6.1338,50.41645],[6.13387,50.41628],[6.13256,50.41575],[6.13039,50.41522],[6.13002,50.41494],[6.12901,50.41345],[6.12891,50.41303],[6.12903,50.41271],[6.1295,50.41244],[6.13085,50.41187],[6.13162,50.41194],[6.13298,50.41184],[6.13501,50.41103],[6.13673,50.41085],[6.13819,50.41052],[6.13957,50.41056],[6.14001,50.41088],[6.14045,50.41105],[6.1411,50.4106],[6.14119,50.41047],[6.14065,50.40974],[6.14062,50.40935],[6.14074,50.40904],[6.14129,50.40859],[6.14259,50.40826]],[[6.01295,50.45357],[6.0122,50.45347],[6.01095,50.4535],[6.01059,50.45339],[6.01042,50.45331],[6.01041,50.45321],[6.01056,50.453],[6.01108,50.45276],[6.01109,50.45255],[6.01087,50.45234],[6.01047,50.45245],[6.00993,50.45246],[6.00983,50.45239],[6.00985,50.45224],[6.01023,50.45183],[6.01081,50.45147],[6.0113,50.45166],[6.0118,50.45148],[6.01249,50.45163],[6.0136,50.45157],[6.01398,50.45162],[6.01419,50.45179],[6.01421,50.45193],[6.01385,50.45248],[6.01377,50.45299],[6.01339,50.45348],[6.01295,50.45357]],[[6.04712,50.45349],[6.04698,50.45329],[6.0471,50.4532],[6.04722,50.45327],[6.04712,50.45349]],[[6.00879,50.45191],[6.00873,50.45181],[6.00878,50.4515],[6.00919,50.45112],[6.00984,50.45154],[6.00994,50.45168],[6.00986,50.45191],[6.00954,50.45208],[6.00918,50.45207],[6.00879,50.45191]],[[6.02837,50.45189],[6.02827,50.45187],[6.02843,50.45187],[6.02837,50.45189]],[[6.11087,50.44999],[6.11015,50.44962],[6.11022,50.44939],[6.11042,50.44919],[6.11082,50.44915],[6.11105,50.44936],[6.11111,50.44981],[6.11104,50.44993],[6.11087,50.44999]],[[6.02879,50.44832],[6.02866,50.44826],[6.02874,50.44817],[6.02896,50.44825],[6.02879,50.44832]],[[6.08087,50.4476],[6.08055,50.44721],[6.08061,50.4471],[6.08084,50.44703],[6.08109,50.44708],[6.08118,50.44718],[6.08087,50.4476]],[[6.1317,50.44761],[6.13157,50.44747],[6.13162,50.44737],[6.13194,50.44735],[6.13218,50.44742],[6.13209,50.4476],[6.1317,50.44761]],[[6.07837,50.44722],[6.07834,50.44713],[6.07843,50.44703],[6.0788,50.44687],[6.07881,50.44718],[6.07837,50.44722]],[[6.0667,50.44698],[6.06628,50.44663],[6.06629,50.44654],[6.06668,50.44648],[6.06713,50.44659],[6.06675,50.44686],[6.0667,50.44698]],[[6.07754,50.44612],[6.07743,50.44603],[6.07762,50.44602],[6.07754,50.44612]],[[6.07712,50.44581],[6.07705,50.44576],[6.07711,50.44569],[6.07712,50.44581]],[[6.1342,50.44385],[6.1341,50.44379],[6.13423,50.44375],[6.13427,50.44381],[6.1342,50.44385]],[[6.13462,50.44301],[6.13519,50.44298],[6.13462,50.44301]],[[6.11004,50.44192],[6.10989,50.44183],[6.11002,50.44155],[6.11041,50.44129],[6.11074,50.44136],[6.11077,50.44161],[6.11056,50.44187],[6.11004,50.44192]],[[5.99129,50.43954],[5.99103,50.43943],[5.99101,50.43934],[5.99142,50.43918],[5.99216,50.43906],[5.99298,50.43908],[5.99354,50.43936],[5.99337,50.43951],[5.99293,50.43959],[5.99188,50.43962],[5.99129,50.43954]],[[5.98962,50.4391],[5.98927,50.43906],[5.98864,50.43881],[5.98881,50.43856],[5.98878,50.43843],[5.98857,50.43802],[5.98813,50.43774],[5.98818,50.43759],[5.98841,50.43742],[5.98964,50.43714],[5.99133,50.43796],[5.99175,50.43852],[5.99147,50.43867],[5.99087,50.43882],[5.99041,50.4388],[5.99054,50.43907],[5.99046,50.43917],[5.98962,50.4391]],[[5.98712,50.43773],[5.98712,50.43765],[5.9873,50.4377],[5.98712,50.43773]],[[6.15212,50.43763],[6.15158,50.43719],[6.15156,50.4369],[6.15142,50.43676],[6.15001,50.43632],[6.1506,50.4363],[6.15126,50.43645],[6.15212,50.43652]],[[6.01712,50.43664],[6.01705,50.43658],[6.01712,50.43647],[6.0174,50.43657],[6.01712,50.43664]],[[6.0167,50.43636],[6.01663,50.43631],[6.01687,50.43631],[6.0167,50.43636]],[[6.11296,50.40826],[6.11247,50.40881],[6.11235,50.40931],[6.11245,50.40941],[6.1134,50.40964],[6.11342,50.40995],[6.11314,50.41023],[6.11337,50.41049],[6.11358,50.41095],[6.11358,50.41113],[6.11344,50.41137],[6.11268,50.41214],[6.11254,50.41244],[6.11195,50.4127],[6.11175,50.41311],[6.11165,50.41318],[6.11007,50.41294],[6.10961,50.41299],[6.1092,50.41266],[6.10834,50.41248],[6.10735,50.41135],[6.10678,50.4111],[6.10591,50.41115],[6.10546,50.41135],[6.10527,50.4113],[6.10505,50.41102],[6.1047,50.41097],[6.10292,50.411],[6.10253,50.41113],[6.10223,50.41166],[6.10166,50.41188],[6.10201,50.41218],[6.10211,50.41269],[6.10224,50.4129],[6.10267,50.41317],[6.10297,50.41354],[6.10267,50.41387],[6.10295,50.41429],[6.10305,50.41468],[6.10288,50.41472],[6.10253,50.41461],[6.1024,50.41489],[6.10256,50.41505],[6.10258,50.41525],[6.10234,50.41552],[6.10208,50.41566],[6.10093,50.41547],[6.10001,50.4155],[6.09919,50.41519],[6.09871,50.4151],[6.09833,50.41517],[6.09802,50.41549],[6.09753,50.41571],[6.09764,50.41613],[6.09747,50.41654],[6.09672,50.41696],[6.09626,50.41737],[6.09544,50.4177],[6.09525,50.418],[6.09509,50.41849],[6.09514,50.41883],[6.09502,50.41909],[6.09503,50.41937],[6.09529,50.41977],[6.09546,50.42019],[6.0954,50.42106],[6.09577,50.42168],[6.09558,50.42222],[6.09506,50.42252],[6.09454,50.42265],[6.09378,50.42251],[6.09244,50.42209],[6.09203,50.42191],[6.09167,50.42161],[6.09087,50.42132],[6.08989,50.42083],[6.08987,50.42072],[6.09008,50.42064],[6.09214,50.42048],[6.09098,50.41992],[6.09048,50.41951],[6.09003,50.41938],[6.08978,50.41899],[6.08886,50.41838],[6.08772,50.41804],[6.08626,50.41776],[6.08544,50.41736],[6.0847,50.41727],[6.08345,50.41697],[6.08287,50.41707],[6.08254,50.41704],[6.08191,50.41659],[6.08203,50.41606],[6.08171,50.41575],[6.08095,50.41568],[6.07965,50.41517],[6.07907,50.41503],[6.07668,50.4149],[6.07629,50.4151],[6.07619,50.41536],[6.0762,50.41551],[6.0765,50.41582],[6.07658,50.41613],[6.07655,50.41637],[6.07635,50.41661],[6.0747,50.41709],[6.07376,50.41709],[6.07328,50.41689],[6.07349,50.41662],[6.07352,50.4164],[6.07338,50.41595],[6.07322,50.41578],[6.07214,50.41531],[6.07116,50.41539],[6.0706,50.4152],[6.07047,50.41491],[6.07012,50.41461],[6.06974,50.41394],[6.06977,50.41301],[6.06957,50.41276],[6.06929,50.41261],[6.06909,50.41262],[6.06879,50.413],[6.06835,50.41329],[6.06833,50.41293],[6.06853,50.41238],[6.06851,50.41178],[6.06842,50.41157],[6.06801,50.41148],[6.06792,50.41134],[6.06798,50.41123],[6.06849,50.41105],[6.0683,50.41081],[6.06832,50.41074],[6.06996,50.41051],[6.0711,50.41069],[6.07282,50.41063],[6.07421,50.41018],[6.0746,50.41029],[6.07502,50.41051],[6.07575,50.411],[6.07588,50.4112],[6.07616,50.41071],[6.07614,50.41033],[6.07584,50.40986],[6.07503,50.40909],[6.07499,50.40891],[6.075,50.4088],[6.07538,50.40826]],[[6.10545,50.42226],[6.10539,50.42214],[6.10557,50.42215],[6.10545,50.42226]],[[6.07545,50.42193],[6.07451,50.42133],[6.07432,50.42088],[6.07441,50.4207],[6.0747,50.42057],[6.07547,50.42054],[6.07634,50.42021],[6.07732,50.42021],[6.07714,50.42165],[6.07672,50.42191],[6.07595,50.42198],[6.07545,50.42193]],[[6.0742,50.4205],[6.07373,50.42026],[6.07375,50.41991],[6.07398,50.41993],[6.07421,50.42008],[6.0742,50.4205]],[[6.0992,50.41726],[6.09914,50.41713],[6.09964,50.41715],[6.0992,50.41726]],[[6.07795,50.41634],[6.07807,50.41603],[6.07875,50.41564],[6.07918,50.4156],[6.07952,50.41576],[6.07927,50.41605],[6.07844,50.4164],[6.07795,50.41634]],[[6.06879,50.4159],[6.06862,50.41579],[6.06863,50.41573],[6.06882,50.4157],[6.06879,50.4159]],[[6.06837,50.4156],[6.06795,50.4152],[6.06839,50.4152],[6.06847,50.41545],[6.06837,50.4156]],[[6.1442,50.41304],[6.14388,50.41297],[6.14397,50.4127],[6.14383,50.41256],[6.14336,50.41283],[6.14241,50.4126],[6.14126,50.4119],[6.14085,50.41157],[6.1417,50.4116],[6.14235,50.41149],[6.14263,50.41153],[6.14332,50.41202],[6.14472,50.41268],[6.14461,50.41298],[6.1442,50.41304]],[[6.07462,50.41247],[6.07453,50.41239],[6.0746,50.41214],[6.07544,50.41154],[6.07566,50.41161],[6.07562,50.41184],[6.07544,50.41205],[6.07491,50.41238],[6.07462,50.41247]],[[6.12212,50.40966],[6.12204,50.40964],[6.12212,50.40966]],[[6.12962,50.4091],[6.12961,50.40904],[6.12962,50.4091]],[[6.13295,50.4091],[6.1334,50.40892],[6.13389,50.40909],[6.1335,50.40914],[6.13295,50.4091]],[[6.13188,50.40826],[6.12971,50.40867],[6.12922,50.40898],[6.12903,50.40894],[6.12854,50.40862],[6.12842,50.40845],[6.12841,50.40826]]]}},{"type":"Feature","properties":{"ele":530},"geometry":{"type":"MultiLineString","coordinates":[[[5.9867,50.49896],[5.98725,50.49873],[5.98813,50.49879],[5.98845,50.49873],[5.9888,50.49855],[5.98897,50.49821],[5.99004,50.49771],[5.98997,50.49736],[5.99093,50.4966],[5.99083,50.49631],[5.99102,50.49577],[5.99134,50.49575],[5.99215,50.49624],[5.9925,50.49637],[5.99287,50.49631],[5.99338,50.49604],[5.99357,50.49536],[5.99361,50.49439],[5.99355,50.49412],[5.99343,50.49395],[5.99328,50.49391],[5.99247,50.49398],[5.9923,50.49389],[5.99226,50.49376],[5.9925,50.49318],[5.99282,50.49313],[5.99332,50.49319],[5.99346,50.49313],[5.99385,50.49239],[5.9945,50.49168],[5.9946,50.4913],[5.99506,50.49086],[5.99508,50.49072],[5.99488,50.49052],[5.9942,50.4902],[5.9948,50.49011],[5.9959,50.4906],[5.99642,50.49034],[5.99698,50.49021],[5.99902,50.49012],[6.00048,50.49026],[6.00174,50.49],[6.00189,50.4899],[6.00091,50.48882],[6.00081,50.48855],[5.99951,50.48801],[5.99966,50.4877],[5.9992,50.48743],[5.99917,50.48714],[5.99965,50.48721],[6.00004,50.48714],[5.99969,50.48684],[5.99918,50.48661],[5.99832,50.48606],[5.99805,50.48572],[5.99751,50.48578],[5.99665,50.48554],[5.99624,50.48534],[5.99587,50.48545],[5.9957,50.48576],[5.99541,50.4859],[5.99503,50.48582],[5.99458,50.48558],[5.99381,50.48562],[5.99319,50.48553],[5.99219,50.4858],[5.99123,50.48653],[5.99125,50.48688],[5.99171,50.48706],[5.99235,50.48746],[5.99259,50.48793],[5.99257,50.48826],[5.99158,50.48881],[5.9905,50.48998],[5.98998,50.48992],[5.99034,50.49043],[5.99038,50.49064],[5.99027,50.49088],[5.98957,50.49184],[5.98902,50.49209],[5.98767,50.49203],[5.9871,50.49223],[5.9867,50.49227]],[[5.98712,50.49805],[5.98701,50.49799],[5.98736,50.49799],[5.98712,50.49805]],[[6.00295,50.49021],[6.00288,50.4902],[6.00295,50.49021]],[[5.99504,50.48746],[5.99487,50.48743],[5.99509,50.48743],[5.99504,50.48746]],[[5.99754,50.48715],[5.99701,50.48665],[5.9971,50.48642],[5.99763,50.4865],[5.99802,50.48679],[5.99798,50.48695],[5.99754,50.48715]],[[5.99587,50.48606],[5.99586,50.486],[5.996,50.48603],[5.99587,50.48606]],[[5.9942,50.48495],[5.99413,50.48491],[5.99434,50.48485],[5.99474,50.48493],[5.9946,50.48502],[5.9942,50.48495]],[[5.9867,50.47972],[5.98689,50.47959],[5.98694,50.47908],[5.98719,50.47875],[5.98715,50.47854],[5.9868,50.47807],[5.98701,50.47765],[5.98691,50.4772],[5.98697,50.47685],[5.9869,50.47662],[5.9867,50.47637]],[[6.08754,50.47827],[6.08772,50.4779],[6.08766,50.47746],[6.08812,50.47712],[6.08823,50.47606],[6.08836,50.47575],[6.0887,50.47538],[6.08895,50.47492],[6.08919,50.4747],[6.09004,50.47459],[6.09016,50.47501],[6.09009,50.47547],[6.08945,50.47633],[6.08889,50.47692],[6.08873,50.47742],[6.08884,50.47771],[6.08879,50.47798],[6.08754,50.47827]],[[6.15212,50.44916],[6.1497,50.45031],[6.14912,50.4503],[6.14897,50.4502],[6.14896,50.45008],[6.14946,50.44928],[6.14946,50.44904],[6.14764,50.44765],[6.14643,50.44717],[6.14548,50.44699],[6.14466,50.44674],[6.1435,50.44616],[6.14252,50.44611],[6.14216,50.44602],[6.14172,50.44574],[6.14152,50.44505],[6.14108,50.44465],[6.13919,50.44404],[6.13895,50.44413],[6.13872,50.44434],[6.13886,50.44467],[6.13795,50.44505],[6.13716,50.44559],[6.13669,50.44604],[6.13667,50.44635],[6.13694,50.44668],[6.13717,50.44716],[6.13784,50.44796],[6.13798,50.44825],[6.13802,50.44855],[6.1379,50.44904],[6.13756,50.44939],[6.13709,50.44948],[6.13632,50.44948],[6.13573,50.44979],[6.13433,50.45009],[6.13261,50.45012],[6.13133,50.44961],[6.13044,50.44966],[6.12985,50.44953],[6.1296,50.44943],[6.12931,50.44909],[6.12918,50.44904],[6.12874,50.44922],[6.12735,50.44923],[6.12666,50.44937],[6.126,50.4496],[6.12582,50.44957],[6.12555,50.44937],[6.12534,50.44937],[6.12459,50.4497],[6.12365,50.44991],[6.12335,50.45024],[6.12344,50.45048],[6.12377,50.45065],[6.1251,50.45076],[6.12589,50.45101],[6.12642,50.45126],[6.1272,50.45121],[6.12795,50.45132],[6.12854,50.45156],[6.12884,50.45184],[6.12928,50.45186],[6.12964,50.45198],[6.13009,50.45236],[6.13132,50.45247],[6.13213,50.45268],[6.13229,50.4529],[6.13243,50.45331],[6.13385,50.4537],[6.13501,50.45426],[6.13532,50.4546],[6.13538,50.45496],[6.13591,50.45512],[6.13665,50.4558],[6.13787,50.45633],[6.13819,50.4566],[6.13866,50.45671],[6.13928,50.4567],[6.14066,50.45687],[6.14111,50.45714],[6.1404,50.45735],[6.14001,50.45768],[6.13996,50.458],[6.14007,50.45852],[6.14004,50.45885],[6.13993,50.45905],[6.13975,50.45915],[6.13946,50.45915],[6.13907,50.459],[6.13877,50.45884],[6.13835,50.45839],[6.13794,50.4582],[6.13715,50.45827],[6.13673,50.45839],[6.13628,50.45854],[6.13589,50.45885],[6.13507,50.45885],[6.13461,50.45834],[6.13382,50.45805],[6.1334,50.45769],[6.13256,50.45739],[6.13212,50.45687],[6.13004,50.45631],[6.12881,50.45622],[6.12835,50.45604],[6.1282,50.45579],[6.12803,50.45568],[6.12752,50.45575],[6.12732,50.45603],[6.12715,50.45612],[6.12596,50.45615],[6.12542,50.45638],[6.12516,50.45628],[6.1252,50.45595],[6.12509,50.45572],[6.12407,50.45563],[6.12331,50.45547],[6.12312,50.45571],[6.12301,50.45608],[6.12235,50.45658],[6.1225,50.45668],[6.12296,50.45678],[6.12304,50.45687],[6.1225,50.45705],[6.12236,50.45717],[6.12288,50.45749],[6.1231,50.45786],[6.12298,50.45831],[6.12297,50.45881],[6.12284,50.45915],[6.123,50.45962],[6.12343,50.46011],[6.12343,50.46053],[6.12378,50.46136],[6.12405,50.46178],[6.12403,50.46188],[6.12365,50.46195],[6.12282,50.4617],[6.12167,50.46164],[6.11918,50.46111],[6.11808,50.461],[6.11749,50.46103],[6.11664,50.46123],[6.11629,50.46139],[6.11616,50.46175],[6.11638,50.46218],[6.11639,50.46248],[6.11629,50.46271],[6.11587,50.46305],[6.11543,50.46299],[6.11521,50.46279],[6.11467,50.46214],[6.11428,50.46185],[6.11375,50.46102],[6.11379,50.46072],[6.11504,50.46047],[6.11521,50.46008],[6.11501,50.45944],[6.11375,50.45829],[6.11293,50.45786],[6.11252,50.45754],[6.1121,50.45743],[6.11184,50.45706],[6.11175,50.45661],[6.11179,50.45629],[6.11128,50.45604],[6.11039,50.456],[6.11008,50.45635],[6.10905,50.45681],[6.10838,50.45723],[6.10824,50.45748],[6.10811,50.45803],[6.10811,50.45942],[6.10798,50.45968],[6.10761,50.45975],[6.10623,50.45939],[6.10562,50.45903],[6.10506,50.4585],[6.10433,50.45844],[6.10345,50.45816],[6.10251,50.45799],[6.09968,50.45703],[6.0988,50.45698],[6.09801,50.45658],[6.09537,50.457],[6.09313,50.45702],[6.09244,50.45679],[6.09187,50.45688],[6.09169,50.45716],[6.09188,50.45765],[6.09275,50.45859],[6.09329,50.45944],[6.09382,50.45992],[6.09433,50.46099],[6.09496,50.46189],[6.09542,50.46204],[6.09562,50.46196],[6.09573,50.46182],[6.0957,50.46161],[6.09543,50.46133],[6.09538,50.46109],[6.09536,50.46047],[6.09542,50.46031],[6.09553,50.4603],[6.09581,50.46053],[6.09616,50.46126],[6.09674,50.46206],[6.09712,50.46243],[6.09758,50.4627],[6.0976,50.46301],[6.09716,50.46335],[6.09698,50.46408],[6.09701,50.46439],[6.09692,50.46459],[6.09673,50.46475],[6.0963,50.46482],[6.09583,50.46521],[6.09598,50.46548],[6.09629,50.46576],[6.09639,50.46602],[6.09655,50.46696],[6.0965,50.46717],[6.09628,50.46743],[6.09665,50.4683],[6.09768,50.46935],[6.09837,50.46953],[6.10004,50.4702],[6.10016,50.47042],[6.10008,50.47052],[6.09938,50.47061],[6.09836,50.47047],[6.09802,50.47064],[6.09786,50.47075],[6.09782,50.47106],[6.09735,50.4721],[6.0974,50.47234],[6.09764,50.47271],[6.09729,50.47317],[6.09727,50.47338],[6.09768,50.47408],[6.09838,50.47602],[6.09869,50.47659],[6.09948,50.47737],[6.09945,50.47745],[6.09927,50.47749],[6.09875,50.47747],[6.09837,50.47715],[6.0979,50.47638],[6.09744,50.47618],[6.09703,50.47583],[6.09702,50.47554],[6.09733,50.47518],[6.09734,50.47488],[6.097,50.47444],[6.09681,50.47405],[6.09627,50.47355],[6.09588,50.47289],[6.09561,50.47269],[6.09503,50.4727],[6.09464,50.47306],[6.09374,50.47313],[6.09216,50.474],[6.09147,50.47423],[6.09053,50.47431],[6.09004,50.47407],[6.09003,50.47378],[6.09045,50.47326],[6.09095,50.47287],[6.09152,50.47262],[6.09255,50.47244],[6.09338,50.47215],[6.09363,50.47189],[6.09371,50.47158],[6.09438,50.47131],[6.09439,50.47106],[6.0942,50.47076],[6.09225,50.47034],[6.09131,50.47042],[6.08965,50.47006],[6.08845,50.46996],[6.08672,50.47017],[6.0861,50.47031],[6.08502,50.47017],[6.08424,50.47038],[6.08384,50.4702],[6.08329,50.47017],[6.08233,50.46995],[6.08171,50.46963],[6.0815,50.47021],[6.08106,50.4705],[6.08122,50.47085],[6.08121,50.47102],[6.08104,50.47118],[6.08082,50.47122],[6.08066,50.47102],[6.08081,50.47067],[6.08082,50.47043],[6.08063,50.47012],[6.08041,50.46997],[6.0798,50.47002],[6.07865,50.47033],[6.07759,50.4702],[6.07708,50.46999],[6.0767,50.46965],[6.07541,50.46911],[6.07459,50.46885],[6.07376,50.46883],[6.07374,50.46855],[6.07381,50.46845],[6.07404,50.46852],[6.07419,50.4687],[6.07435,50.46851],[6.07465,50.4684],[6.07546,50.46853],[6.076,50.46872],[6.07628,50.4687],[6.07644,50.46855],[6.07598,50.46807],[6.07603,50.46758],[6.07547,50.46683],[6.0747,50.46675],[6.0742,50.46659],[6.07346,50.46695],[6.0729,50.46696],[6.07254,50.46722],[6.07147,50.46666],[6.0711,50.4666],[6.07069,50.46666],[6.07006,50.46691],[6.06951,50.46739],[6.06933,50.468],[6.06874,50.46813],[6.06835,50.4684],[6.06793,50.46836],[6.06723,50.46787],[6.06692,50.46751],[6.06692,50.46713],[6.06669,50.46687],[6.06688,50.46668],[6.06688,50.46653],[6.06625,50.46625],[6.06555,50.46574],[6.06525,50.46543],[6.06511,50.46515],[6.06513,50.46463],[6.06505,50.46436],[6.06441,50.46409],[6.06388,50.46356],[6.06379,50.46315],[6.06345,50.46293],[6.06308,50.46288],[6.06235,50.46297],[6.06263,50.46244],[6.0626,50.46184],[6.06237,50.46186],[6.06196,50.46212],[6.06172,50.46248],[6.06149,50.46245],[6.06146,50.46237],[6.06163,50.46213],[6.06165,50.46196],[6.06137,50.4611],[6.06087,50.46076],[6.06045,50.46076],[6.05996,50.46097],[6.05892,50.46112],[6.05837,50.46132],[6.05747,50.46116],[6.05732,50.46101],[6.05712,50.46048],[6.05716,50.45964],[6.05709,50.45947],[6.05573,50.45906],[6.05533,50.45885],[6.05509,50.4585],[6.05477,50.45825],[6.05415,50.45802],[6.05379,50.45779],[6.05329,50.45772],[6.05295,50.45743],[6.05281,50.45714],[6.0525,50.45689],[6.05226,50.45649],[6.05124,50.45582],[6.05095,50.45541],[6.05013,50.45534],[6.04962,50.45506],[6.04879,50.45492],[6.0482,50.45515],[6.04813,50.45529],[6.04812,50.45578],[6.04753,50.45603],[6.04762,50.45634],[6.04683,50.45683],[6.04674,50.45696],[6.04673,50.45717],[6.04701,50.45771],[6.0485,50.45877],[6.04966,50.4599],[6.04964,50.4603],[6.04912,50.4603],[6.04875,50.46046],[6.04907,50.46082],[6.04906,50.46105],[6.04871,50.46128],[6.04809,50.46138],[6.0478,50.4613],[6.04802,50.46077],[6.04793,50.4607],[6.04756,50.46054],[6.04675,50.46042],[6.0463,50.4605],[6.0462,50.46075],[6.04575,50.4613],[6.04631,50.46157],[6.04672,50.46189],[6.04626,50.46204],[6.04544,50.46185],[6.04503,50.46214],[6.04445,50.46293],[6.04451,50.46369],[6.04442,50.4639],[6.04422,50.4641],[6.04381,50.46416],[6.04337,50.46437],[6.0431,50.4647],[6.04251,50.4652],[6.04235,50.46547],[6.04233,50.46601],[6.04184,50.46635],[6.04158,50.46682],[6.04124,50.46715],[6.04111,50.46793],[6.04097,50.46824],[6.04126,50.46859],[6.04133,50.46884],[6.04115,50.4691],[6.04068,50.46941],[6.03993,50.47045],[6.03963,50.47069],[6.03908,50.47053],[6.03873,50.47024],[6.03794,50.46916],[6.03712,50.46882],[6.03695,50.46842],[6.0369,50.46804],[6.03734,50.46748],[6.03738,50.46721],[6.0372,50.46708],[6.03626,50.46687],[6.03782,50.4668],[6.03838,50.46664],[6.03929,50.46604],[6.03937,50.46557],[6.03922,50.46519],[6.03837,50.46514],[6.03757,50.46542],[6.03642,50.46557],[6.03585,50.4658],[6.03502,50.46573],[6.03418,50.46581],[6.03295,50.46548],[6.0325,50.46603],[6.03209,50.46615],[6.03162,50.46617],[6.03095,50.46602],[6.03057,50.46576],[6.03005,50.46464],[6.02952,50.46439],[6.02877,50.46437],[6.02714,50.46495],[6.02586,50.46503],[6.02209,50.46413],[6.02129,50.46381],[6.02087,50.46353],[6.02003,50.46328],[6.01965,50.46294],[6.01794,50.46241],[6.01615,50.46241],[6.01612,50.46248],[6.0163,50.46272],[6.01586,50.46266],[6.01374,50.46328],[6.01338,50.46284],[6.01248,50.46219],[6.01223,50.46172],[6.01224,50.46132],[6.01202,50.46092],[6.01202,50.4605],[6.01185,50.45998],[6.01187,50.45942],[6.01212,50.4591],[6.01217,50.4589],[6.0121,50.45861],[6.01135,50.45822],[6.011,50.45812],[6.01058,50.45813],[6.01,50.45827],[6.00971,50.45764],[6.00918,50.45745],[6.00939,50.45716],[6.0092,50.45687],[6.00819,50.45672],[6.00783,50.45661],[6.00765,50.45644],[6.00766,50.45627],[6.00803,50.45602],[6.00804,50.45576],[6.00793,50.45563],[6.00754,50.45556],[6.00711,50.45592],[6.00642,50.45599],[6.00449,50.45584],[6.00277,50.45592],[6.00126,50.45671],[6.0005,50.45743],[5.99921,50.45832],[5.99918,50.45824],[5.99993,50.45768],[6.00036,50.45686],[6.00071,50.45657],[6.00092,50.45574],[6.00069,50.4556],[5.99961,50.4555],[5.99917,50.45514],[5.99883,50.455],[5.99841,50.45524],[5.99712,50.45548],[5.9967,50.45631],[5.99636,50.45663],[5.99574,50.45702],[5.99544,50.45733],[5.99521,50.45744],[5.99512,50.4578],[5.99384,50.45808],[5.99339,50.45844],[5.99329,50.45876],[5.99332,50.45974],[5.99313,50.45998],[5.99287,50.46003],[5.99178,50.45997],[5.99132,50.46006],[5.99091,50.46025],[5.99047,50.46021],[5.9903,50.45996],[5.98987,50.4597],[5.98962,50.45936],[5.98922,50.45994],[5.98878,50.45991],[5.98865,50.46002],[5.98853,50.46026],[5.98854,50.46088],[5.98862,50.46133],[5.98897,50.46196],[5.98883,50.46255],[5.98889,50.46289],[5.98904,50.46304],[5.98962,50.46326],[5.99129,50.46464],[5.99151,50.46498],[5.99164,50.46553],[5.99143,50.46595],[5.99094,50.46654],[5.99099,50.46678],[5.9913,50.46713],[5.99116,50.46762],[5.99094,50.46778],[5.99011,50.46803],[5.98984,50.46824],[5.98999,50.46839],[5.99063,50.46853],[5.99078,50.46866],[5.99087,50.46882],[5.99052,50.46933],[5.98928,50.4698],[5.98834,50.46964],[5.98797,50.46994],[5.98741,50.47013],[5.98735,50.47026],[5.98736,50.47072],[5.9867,50.47102]],[[5.9867,50.47625],[5.98712,50.47604],[5.9867,50.47532]],[[6.09087,50.46999],[6.09078,50.46992],[6.09096,50.46992],[6.09087,50.46999]],[[6.09045,50.46976],[6.09036,50.46963],[6.09053,50.46964],[6.09045,50.46976]],[[6.03795,50.46898],[6.03788,50.4688],[6.03802,50.46882],[6.03795,50.46898]],[[6.03545,50.46664],[6.03532,50.46659],[6.03555,50.46659],[6.03545,50.46664]],[[6.09504,50.46613],[6.09501,50.46603],[6.09546,50.46604],[6.09504,50.46613]],[[6.09462,50.46522],[6.09516,50.46521],[6.09499,50.46529],[6.09462,50.46522]],[[6.03754,50.46439],[6.03657,50.46382],[6.03715,50.46328],[6.0379,50.46326],[6.03902,50.46354],[6.03865,50.46369],[6.03767,50.46367],[6.03737,50.46375],[6.03734,50.46387],[6.03779,50.46411],[6.03754,50.46439]],[[6.06754,50.46442],[6.06736,50.46437],[6.06754,50.46432],[6.06754,50.46442]],[[6.06712,50.46424],[6.06701,50.46411],[6.06711,50.46405],[6.06719,50.4641],[6.06712,50.46424]],[[6.06087,50.46248],[6.06086,50.46242],[6.06101,50.46243],[6.06087,50.46248]],[[6.05795,50.46199],[6.05764,50.46187],[6.05798,50.46181],[6.0588,50.46187],[6.05795,50.46199]],[[6.08629,50.46137],[6.08601,50.46128],[6.08594,50.46108],[6.08643,50.46104],[6.08629,50.46137]],[[6.04587,50.46003],[6.04565,50.45992],[6.0459,50.45986],[6.04594,50.45993],[6.04587,50.46003]],[[6.04504,50.45967],[6.04457,50.45935],[6.04504,50.45937],[6.04558,50.45965],[6.0454,50.4598],[6.04504,50.45967]],[[6.02754,50.45912],[6.02754,50.45884],[6.02769,50.45852],[6.02764,50.4581],[6.02773,50.45776],[6.02809,50.45742],[6.02844,50.45689],[6.02906,50.45637],[6.029,50.45604],[6.02929,50.45577],[6.0291,50.45546],[6.02996,50.455],[6.03049,50.45493],[6.0305,50.45438],[6.03041,50.45416],[6.02995,50.45394],[6.02902,50.45394],[6.028,50.4544],[6.02752,50.45481],[6.02602,50.45492],[6.02636,50.45505],[6.02647,50.45516],[6.02645,50.45526],[6.02597,50.45549],[6.02544,50.45549],[6.02545,50.4552],[6.02578,50.45494],[6.02576,50.45474],[6.02553,50.45455],[6.02491,50.45437],[6.02467,50.45402],[6.02423,50.45367],[6.02416,50.45353],[6.02506,50.45322],[6.02636,50.45302],[6.02683,50.45319],[6.02712,50.45367],[6.0275,50.45386],[6.02772,50.45387],[6.02884,50.45361],[6.02961,50.45318],[6.02998,50.45307],[6.03025,50.45328],[6.03095,50.45346],[6.0322,50.45435],[6.03222,50.4547],[6.03177,50.45517],[6.03166,50.45546],[6.03144,50.45571],[6.03158,50.45602],[6.03136,50.45637],[6.03149,50.45692],[6.03103,50.45803],[6.03099,50.45842],[6.03105,50.4588],[6.03089,50.4591],[6.02944,50.45926],[6.02813,50.45923],[6.02754,50.45912]],[[6.13545,50.45881],[6.13509,50.45849],[6.13518,50.45795],[6.1342,50.45743],[6.1346,50.45715],[6.13546,50.45729],[6.13603,50.45767],[6.13597,50.45783],[6.13567,50.458],[6.13572,50.45845],[6.13545,50.45881]],[[6.0092,50.45613],[6.00902,50.45603],[6.00918,50.45598],[6.00935,50.45602],[6.0092,50.45613]],[[6.12504,50.45525],[6.12488,50.4552],[6.12506,50.45517],[6.12504,50.45525]],[[6.10962,50.45471],[6.10945,50.45461],[6.1096,50.45434],[6.11004,50.45426],[6.11006,50.45439],[6.10962,50.45471]],[[6.07087,50.45416],[6.07084,50.45407],[6.07096,50.45409],[6.07087,50.45416]],[[6.03254,50.45358],[6.03235,50.45328],[6.03253,50.45298],[6.03297,50.45298],[6.03329,50.45335],[6.03325,50.45354],[6.03306,50.45366],[6.03254,50.45358]],[[6.01087,50.45327],[6.01127,50.45298],[6.01173,50.45281],[6.01319,50.45265],[6.01338,50.45266],[6.01344,50.45277],[6.01339,50.45327],[6.01313,50.45335],[6.01282,50.45335],[6.01213,50.45318],[6.01171,50.45326],[6.01087,50.45327]],[[6.15212,50.4353],[6.1517,50.43567],[6.1514,50.43581],[6.15045,50.43578],[6.14758,50.4352],[6.14668,50.43494],[6.14644,50.4347],[6.14643,50.43438],[6.14634,50.43431],[6.14541,50.43439],[6.14476,50.4341],[6.14419,50.4341],[6.14413,50.43441],[6.14493,50.43546],[6.14525,50.43604],[6.14798,50.43646],[6.15003,50.43706],[6.15096,50.43765],[6.15129,50.43826],[6.15138,50.4388],[6.15129,50.43965],[6.15085,50.43993],[6.15013,50.44022],[6.14865,50.4405],[6.14854,50.44081],[6.1488,50.44159],[6.14873,50.44187],[6.14788,50.44297],[6.14719,50.44358],[6.14668,50.44355],[6.14499,50.44247],[6.1446,50.44217],[6.14376,50.44106],[6.14256,50.44019],[6.14171,50.44006],[6.14124,50.4397],[6.14088,50.43972],[6.14045,50.44006],[6.13959,50.44006],[6.13794,50.44037],[6.13666,50.44103],[6.1363,50.44133],[6.13569,50.44147],[6.13538,50.44141],[6.13495,50.44115],[6.13422,50.44044],[6.13379,50.43953],[6.13338,50.4393],[6.13315,50.43974],[6.13275,50.44023],[6.13289,50.44116],[6.13259,50.44216],[6.13206,50.44266],[6.12975,50.44293],[6.12923,50.44292],[6.12877,50.44303],[6.12867,50.44297],[6.12861,50.44271],[6.12832,50.44254],[6.1278,50.44206],[6.12754,50.44187],[6.1267,50.44159],[6.1247,50.44161],[6.12382,50.44174],[6.12294,50.44214],[6.1231,50.44293],[6.1229,50.4432],[6.1211,50.44346],[6.12083,50.44354],[6.12039,50.44382],[6.11919,50.44399],[6.11787,50.44431],[6.11708,50.4446],[6.11545,50.44544],[6.11464,50.44577],[6.11296,50.44688],[6.11089,50.44843],[6.11073,50.44848],[6.1104,50.44842],[6.10962,50.448],[6.10952,50.44776],[6.10942,50.44717],[6.10997,50.44659],[6.11005,50.44635],[6.10983,50.44576],[6.10947,50.44547],[6.10875,50.44522],[6.10706,50.44439],[6.1071,50.44408],[6.10754,50.44354],[6.10795,50.44324],[6.10877,50.44298],[6.10919,50.44268],[6.10963,50.44281],[6.10966,50.4427],[6.10954,50.44246],[6.10959,50.44237],[6.11037,50.44235],[6.11088,50.44221],[6.11304,50.44132],[6.11323,50.44098],[6.1135,50.44083],[6.11418,50.44068],[6.11507,50.44078],[6.11589,50.44037],[6.11629,50.44028],[6.11636,50.44018],[6.11623,50.44002],[6.11465,50.44018],[6.11346,50.44],[6.11296,50.43976],[6.11248,50.43918],[6.11208,50.43897],[6.11163,50.43902],[6.11153,50.43938],[6.11129,50.43954],[6.11043,50.4391],[6.11,50.43904],[6.10959,50.43909],[6.10919,50.43937],[6.10963,50.43994],[6.10874,50.44044],[6.10862,50.44064],[6.1087,50.44106],[6.10836,50.44159],[6.10886,50.44175],[6.1089,50.44191],[6.10873,50.4421],[6.10794,50.44241],[6.10699,50.44292],[6.10553,50.44333],[6.10498,50.44335],[6.1038,50.44301],[6.10319,50.44292],[6.10247,50.44297],[6.10243,50.44359],[6.10278,50.44406],[6.10321,50.44439],[6.10403,50.44539],[6.10396,50.44552],[6.10326,50.44571],[6.10296,50.44618],[6.10243,50.44627],[6.10233,50.44635],[6.10248,50.44663],[6.10297,50.44675],[6.10337,50.44705],[6.10384,50.44714],[6.10379,50.44728],[6.10337,50.44735],[6.10329,50.44749],[6.10334,50.44783],[6.10384,50.44797],[6.10357,50.44827],[6.10293,50.44841],[6.10017,50.44777],[6.09953,50.44778],[6.09834,50.44706],[6.09799,50.44723],[6.09747,50.44796],[6.09728,50.44811],[6.09666,50.44821],[6.09586,50.44853],[6.09555,50.44932],[6.0955,50.45022],[6.09535,50.45074],[6.09553,50.45131],[6.09553,50.45158],[6.09497,50.45191],[6.09502,50.45216],[6.09552,50.45241],[6.09571,50.45265],[6.09574,50.45283],[6.09551,50.45329],[6.09485,50.45353],[6.09454,50.45346],[6.0942,50.45326],[6.09424,50.45296],[6.09386,50.45271],[6.093,50.45264],[6.09254,50.45217],[6.09265,50.45192],[6.09295,50.45159],[6.093,50.45132],[6.09277,50.45098],[6.09272,50.45049],[6.09233,50.45017],[6.09194,50.44957],[6.09167,50.44938],[6.09087,50.44909],[6.0896,50.44887],[6.08948,50.44832],[6.08916,50.44801],[6.0883,50.44773],[6.0876,50.44737],[6.086,50.44707],[6.08421,50.44687],[6.08412,50.44656],[6.08465,50.44632],[6.08469,50.44613],[6.08462,50.44576],[6.08423,50.44536],[6.08389,50.44516],[6.08324,50.44504],[6.08309,50.4449],[6.08298,50.44457],[6.08248,50.44441],[6.08241,50.44408],[6.08223,50.44383],[6.08033,50.44197],[6.08009,50.44156],[6.0797,50.44125],[6.07918,50.44105],[6.07906,50.44071],[6.07833,50.43994],[6.07777,50.43963],[6.07549,50.4388],[6.07429,50.43815],[6.07379,50.4377],[6.07375,50.43743],[6.07382,50.43715],[6.07355,50.43688],[6.07378,50.43659],[6.07427,50.43631],[6.07461,50.43573],[6.07469,50.43499],[6.07431,50.43422],[6.07452,50.43357],[6.07478,50.43324],[6.07586,50.43298],[6.07756,50.43293],[6.07796,50.43275],[6.07836,50.43233],[6.07938,50.43226],[6.08194,50.43166],[6.08225,50.43166],[6.08298,50.43185],[6.08328,50.43182],[6.08345,50.43172],[6.0835,50.43147],[6.08308,50.43068],[6.08293,50.4305],[6.08233,50.43022],[6.08246,50.42991],[6.08233,50.42969],[6.08212,50.42963],[6.08126,50.42971],[6.0808,50.42968],[6.08044,50.42943],[6.0803,50.42912],[6.08046,50.42894],[6.08087,50.42882],[6.08132,50.42834],[6.08134,50.42804],[6.08118,50.42746],[6.08156,50.42696],[6.08168,50.42657],[6.08195,50.4263],[6.08292,50.42565],[6.08326,50.42526],[6.08339,50.42495],[6.08367,50.42479],[6.08411,50.42483],[6.08462,50.4252],[6.08698,50.42607],[6.08763,50.42653],[6.08792,50.42689],[6.08844,50.42714],[6.08888,50.42763],[6.09008,50.42821],[6.0905,50.42828],[6.0917,50.42822],[6.09371,50.42873],[6.09501,50.4289],[6.09575,50.42883],[6.09746,50.4284],[6.09813,50.42833],[6.0996,50.42798],[6.10003,50.4277],[6.10039,50.42711],[6.10096,50.42669],[6.10207,50.42619],[6.10272,50.42614],[6.10383,50.42578],[6.10384,50.42541],[6.10302,50.42436],[6.10288,50.42407],[6.10347,50.42356],[6.10453,50.42321],[6.10543,50.42332],[6.10616,50.42326],[6.10761,50.42332],[6.1085,50.42319],[6.11001,50.42345],[6.11046,50.42344],[6.11137,50.42396],[6.1125,50.42413],[6.11295,50.42465],[6.11412,50.42452],[6.11461,50.42457],[6.11475,50.42464],[6.1148,50.42481],[6.11455,50.42527],[6.11452,50.42574],[6.11462,50.42604],[6.11491,50.42578],[6.11485,50.42551],[6.11491,50.4254],[6.11508,50.42533],[6.11549,50.42533],[6.11565,50.42521],[6.11559,50.42442],[6.11587,50.42381],[6.11593,50.42345],[6.1158,50.42276],[6.11525,50.42212],[6.11498,50.42164],[6.11501,50.42148],[6.11545,50.42133],[6.11787,50.42087],[6.11874,50.42084],[6.11894,50.42077],[6.11905,50.4206],[6.11906,50.42043],[6.11891,50.42022],[6.11838,50.41992],[6.11623,50.41941],[6.11618,50.41911],[6.11599,50.41884],[6.11631,50.41858],[6.11644,50.41824],[6.11731,50.4172],[6.11751,50.41655],[6.11877,50.41575],[6.11944,50.41562],[6.12001,50.41565],[6.12248,50.41638],[6.1242,50.41659],[6.12709,50.41757],[6.12968,50.41763],[6.13128,50.41826],[6.13209,50.41834],[6.13449,50.41834],[6.13563,50.41863],[6.13668,50.41853],[6.13712,50.41826],[6.13701,50.41771],[6.13714,50.41758],[6.13754,50.41743],[6.1374,50.41716],[6.13593,50.41617],[6.1344,50.41493],[6.13383,50.41462],[6.13225,50.41411],[6.13218,50.414],[6.13219,50.41363],[6.13246,50.41325],[6.13319,50.41315],[6.13465,50.41245],[6.13541,50.41186],[6.13716,50.41157],[6.13777,50.41163],[6.13837,50.41187],[6.14013,50.41212],[6.14014,50.41223],[6.13999,50.41243],[6.14035,50.4127],[6.14086,50.41326],[6.14148,50.41346],[6.14182,50.41384],[6.14272,50.41427],[6.14496,50.41448],[6.14747,50.41526],[6.1484,50.41539],[6.14919,50.41559],[6.15073,50.41543],[6.15089,50.41535],[6.15092,50.41517],[6.15048,50.41474],[6.15018,50.41455],[6.14993,50.41453],[6.14923,50.41485],[6.14898,50.41476],[6.14884,50.4146],[6.14896,50.41433],[6.14942,50.41406],[6.14882,50.41352],[6.14877,50.41326],[6.14967,50.41274],[6.14974,50.41252],[6.1497,50.41239],[6.14918,50.41236],[6.14838,50.41204],[6.14754,50.41187],[6.14575,50.41166],[6.14461,50.41132],[6.14265,50.40991],[6.14286,50.40961],[6.14334,50.40945],[6.1459,50.40942],[6.14683,50.40926],[6.14758,50.40898],[6.14835,50.40889],[6.14876,50.40859],[6.149,50.40826]],[[6.11795,50.45301],[6.11787,50.45296],[6.11796,50.45292],[6.11806,50.45297],[6.11795,50.45301]],[[6.03004,50.45294],[6.0298,50.45255],[6.02995,50.45211],[6.03035,50.45182],[6.0307,50.45132],[6.0313,50.45131],[6.03133,50.45162],[6.03102,50.45187],[6.03093,50.45221],[6.03048,50.45273],[6.03004,50.45294]],[[6.11629,50.45291],[6.1159,50.45268],[6.11544,50.45226],[6.11477,50.45215],[6.11503,50.45209],[6.11546,50.45174],[6.11657,50.45168],[6.11683,50.45176],[6.11714,50.45204],[6.11754,50.45202],[6.11781,50.45237],[6.11773,50.45252],[6.11719,50.45285],[6.11678,50.45293],[6.11629,50.45291]],[[6.03212,50.45266],[6.03194,50.45241],[6.03212,50.45214],[6.03239,50.45241],[6.03212,50.45266]],[[6.1292,50.45247],[6.12913,50.45242],[6.1295,50.45242],[6.1292,50.45247]],[[6.12879,50.4522],[6.12879,50.45195],[6.12879,50.4522]],[[6.1242,50.44942],[6.12417,50.44937],[6.12428,50.44937],[6.1242,50.44942]],[[6.1042,50.44857],[6.10421,50.44848],[6.1042,50.44857]],[[6.15212,50.44857],[6.15174,50.44825],[6.15043,50.44774],[6.14922,50.44696],[6.14908,50.4464],[6.14885,50.44606],[6.14882,50.44585],[6.14919,50.44545],[6.14965,50.44534],[6.15005,50.44536],[6.15033,50.44548],[6.15054,50.44573],[6.15131,50.44582],[6.15173,50.44598],[6.15199,50.4463],[6.15212,50.44664]],[[6.12795,50.44388],[6.12791,50.44379],[6.1281,50.44381],[6.12795,50.44388]],[[6.1092,50.44332],[6.10911,50.44324],[6.10921,50.44316],[6.1093,50.44326],[6.1092,50.44332]],[[6.13962,50.44059],[6.13937,50.44048],[6.13956,50.4403],[6.13975,50.4403],[6.14005,50.44046],[6.13962,50.44059]],[[6.1017,50.42365],[6.1017,50.42352],[6.10228,50.42355],[6.10211,50.42367],[6.1017,50.42365]],[[6.09379,50.4222],[6.09259,50.42181],[6.09206,50.42133],[6.09127,50.42104],[6.09116,50.42077],[6.09172,50.42074],[6.0923,50.42086],[6.09296,50.42075],[6.09418,50.42083],[6.09461,50.42097],[6.09552,50.42158],[6.09543,50.42184],[6.095,50.42207],[6.09379,50.4222]],[[6.10986,50.40826],[6.10975,50.40853],[6.1096,50.40864],[6.10839,50.40899],[6.108,50.4092],[6.10753,50.40914],[6.10704,50.40892],[6.10558,50.40901],[6.10494,50.40909],[6.10462,50.40965],[6.10287,50.40952],[6.10242,50.40957],[6.10214,50.40966],[6.10176,50.41],[6.10085,50.41018],[6.10047,50.41033],[6.10009,50.41066],[6.09962,50.41076],[6.09987,50.41105],[6.09969,50.41124],[6.09942,50.41134],[6.09929,50.41196],[6.09945,50.41217],[6.10001,50.41234],[6.10011,50.41243],[6.09929,50.41271],[6.09917,50.41297],[6.09878,50.41326],[6.09905,50.41345],[6.09905,50.41362],[6.09876,50.41377],[6.09824,50.41374],[6.09763,50.41381],[6.09733,50.41411],[6.09642,50.4142],[6.09585,50.41437],[6.09563,50.4147],[6.09603,50.41513],[6.09605,50.41525],[6.09548,50.41585],[6.09452,50.41627],[6.0944,50.4166],[6.09339,50.41717],[6.09302,50.41754],[6.09212,50.41802],[6.0909,50.41779],[6.0898,50.41777],[6.08907,50.41762],[6.0871,50.41754],[6.08673,50.41741],[6.08621,50.41687],[6.08589,50.41676],[6.08508,50.41671],[6.08488,50.41661],[6.08462,50.41631],[6.08434,50.41625],[6.08417,50.41625],[6.08349,50.41661],[6.08308,50.41674],[6.08277,50.41676],[6.08245,50.41667],[6.08231,50.41647],[6.08229,50.41602],[6.08211,50.41576],[6.08203,50.41533],[6.08191,50.41516],[6.08112,50.41488],[6.08042,50.41449],[6.07998,50.41411],[6.07963,50.41405],[6.07907,50.41416],[6.07879,50.41409],[6.07848,50.41387],[6.07845,50.41366],[6.07881,50.41323],[6.07815,50.4121],[6.07811,50.41156],[6.07667,50.41024],[6.07624,50.40996],[6.07593,50.40957],[6.07539,50.40911],[6.07535,50.40878],[6.07568,50.40826]],[[6.0742,50.41688],[6.07401,50.41654],[6.0738,50.41575],[6.07245,50.41501],[6.07199,50.41502],[6.07122,50.41522],[6.07043,50.41445],[6.07003,50.41382],[6.07015,50.41295],[6.06994,50.41264],[6.0698,50.41214],[6.06957,50.41183],[6.06957,50.41157],[6.06982,50.41131],[6.07038,50.41096],[6.0709,50.41103],[6.07078,50.41131],[6.07027,50.41166],[6.07024,50.41185],[6.07034,50.41201],[6.07054,50.41208],[6.07126,50.41202],[6.07215,50.41219],[6.07303,50.41195],[6.07368,50.41105],[6.07392,50.41087],[6.07465,50.41064],[6.07505,50.41075],[6.07518,50.41092],[6.07527,50.41113],[6.07518,50.41137],[6.07462,50.41187],[6.07409,50.41212],[6.07391,50.41241],[6.0742,50.41267],[6.07475,50.41297],[6.07615,50.41397],[6.0762,50.41415],[6.07595,50.41496],[6.07526,50.41524],[6.07543,50.4155],[6.07587,50.4156],[6.0761,50.41575],[6.0763,50.41602],[6.07633,50.4163],[6.07584,50.41658],[6.07488,50.41688],[6.0742,50.41688]],[[6.10004,50.41417],[6.09991,50.41407],[6.10007,50.41402],[6.10011,50.41409],[6.10004,50.41417]],[[6.0992,50.41393],[6.09894,50.41385],[6.09891,50.41376],[6.09928,50.4136],[6.09969,50.41381],[6.0992,50.41393]],[[6.1417,50.41138],[6.14153,50.41131],[6.14168,50.41116],[6.14185,50.41129],[6.1417,50.41138]],[[6.14129,50.41116],[6.14123,50.41102],[6.14148,50.41104],[6.14129,50.41116]],[[6.0742,50.41075],[6.07414,50.41049],[6.0743,50.41047],[6.0742,50.41075]],[[6.10837,50.41001],[6.10828,50.40989],[6.10839,50.40972],[6.10884,50.40992],[6.10837,50.41001]],[[6.1417,50.40891],[6.14162,50.40883],[6.1417,50.40878],[6.14178,50.40882],[6.1417,50.40891]]]}},{"type":"Feature","properties":{"ele":540},"geometry":{"type":"MultiLineString","coordinates":[[[5.98903,50.50132],[5.98879,50.50091],[5.98834,50.50089],[5.98795,50.50076],[5.988,50.50019],[5.9867,50.49998]],[[5.9867,50.49949],[5.98723,50.49944],[5.98798,50.49921],[5.98885,50.49942],[5.98994,50.49912],[5.99012,50.49882],[5.98991,50.4985],[5.99032,50.49834],[5.99096,50.49831],[5.99168,50.49739],[5.9922,50.49748],[5.99266,50.49744],[5.99207,50.49731],[5.99177,50.49706],[5.99166,50.49683],[5.99203,50.49659],[5.99345,50.49681],[5.99355,50.49696],[5.99351,50.49737],[5.99361,50.49746],[5.99407,50.49748],[5.9944,50.49741],[5.99488,50.49613],[5.99474,50.49549],[5.99441,50.49518],[5.99427,50.49488],[5.99435,50.49464],[5.9947,50.49435],[5.99455,50.49356],[5.99459,50.49314],[5.99494,50.49269],[5.99505,50.49244],[5.99553,50.49222],[5.99606,50.49175],[5.99614,50.49158],[5.99604,50.49135],[5.99615,50.49124],[5.99647,50.49119],[5.99714,50.49134],[5.99725,50.49106],[5.9974,50.49092],[5.99771,50.49077],[5.99819,50.49066],[5.99848,50.49067],[5.99907,50.49089],[5.99959,50.49092],[6.00176,50.49048],[6.00334,50.49064],[6.00423,50.49062],[6.00462,50.49072],[6.00512,50.49097],[6.00584,50.49091],[6.00652,50.49109],[6.00676,50.49104],[6.00542,50.49049],[6.00504,50.4902],[6.00442,50.48993],[6.00438,50.48963],[6.00398,50.48939],[6.00388,50.48922],[6.00393,50.48905],[6.00423,50.48883],[6.0042,50.48871],[6.00404,50.48854],[6.00349,50.48829],[6.00341,50.48796],[6.00315,50.48778],[6.00296,50.48767],[6.00161,50.48749],[6.00133,50.48735],[6.00103,50.48662],[6.00131,50.48634],[6.0017,50.48575],[6.00169,50.48544],[6.00024,50.48468],[5.99881,50.48406],[5.99801,50.4839],[5.99762,50.48421],[5.99725,50.4842],[5.99709,50.48414],[5.99703,50.48384],[5.99682,50.48367],[5.99587,50.48354],[5.99551,50.48321],[5.99511,50.48317],[5.99373,50.48345],[5.99279,50.4838],[5.99227,50.4842],[5.99128,50.48516],[5.99092,50.48531],[5.99038,50.48538],[5.99027,50.48578],[5.99005,50.48605],[5.98962,50.48613],[5.98931,50.48603],[5.98882,50.486],[5.98842,50.48609],[5.9882,50.48661],[5.98829,50.48719],[5.98848,50.48766],[5.98959,50.48781],[5.99014,50.488],[5.98987,50.48935],[5.98968,50.48968],[5.98923,50.48987],[5.98753,50.48993],[5.9888,50.49062],[5.98889,50.49079],[5.98884,50.49102],[5.98802,50.4915],[5.98714,50.49154],[5.9867,50.49179]],[[5.98712,50.49191],[5.98697,50.49185],[5.98713,50.49176],[5.98718,50.49186],[5.98712,50.49191]],[[5.98712,50.49049],[5.98689,50.49048],[5.9875,50.49032],[5.98775,50.49045],[5.98712,50.49049]],[[6.15212,50.48974],[6.15202,50.48961],[6.15212,50.48935]],[[5.9917,50.48803],[5.99157,50.48772],[5.99172,50.48751],[5.9921,50.48782],[5.99216,50.48799],[5.99206,50.4881],[5.9917,50.48803]],[[6.0042,50.48744],[6.00457,50.48736],[6.00476,50.48743],[6.00461,50.48753],[6.0042,50.48744]],[[5.99337,50.48525],[5.99329,50.48517],[5.99339,50.48503],[5.99385,50.4852],[5.99337,50.48525]],[[6.15212,50.48411],[6.1517,50.48403],[6.15125,50.48408],[6.15143,50.48382],[6.15212,50.48364]],[[5.9867,50.48159],[5.9872,50.48113],[5.98915,50.48018],[5.98974,50.47975],[5.98985,50.47956],[5.98984,50.47939],[5.98913,50.47908],[5.98949,50.47888],[5.99006,50.4789],[5.99014,50.47859],[5.99006,50.47817],[5.99017,50.47777],[5.99013,50.47768],[5.98958,50.47754],[5.98911,50.47727],[5.98813,50.47736],[5.98758,50.47713],[5.98739,50.47658],[5.98758,50.47604],[5.98741,50.47546],[5.98759,50.47535],[5.98814,50.4752],[5.98823,50.47495],[5.98792,50.4747],[5.98752,50.47415],[5.98722,50.47392],[5.98709,50.47391],[5.9867,50.47417]],[[6.15212,50.45125],[6.15123,50.45098],[6.15084,50.45113],[6.15036,50.45155],[6.14949,50.45164],[6.14841,50.45159],[6.14719,50.45129],[6.14674,50.45093],[6.14651,50.45051],[6.14621,50.45021],[6.14583,50.44965],[6.14597,50.44911],[6.14628,50.4488],[6.14667,50.44868],[6.14712,50.44882],[6.14713,50.44853],[6.1467,50.44838],[6.14594,50.44767],[6.14471,50.44713],[6.14407,50.44697],[6.1434,50.44693],[6.14332,50.44734],[6.14338,50.44771],[6.14316,50.44797],[6.14324,50.44823],[6.14299,50.44833],[6.14217,50.44793],[6.14116,50.44766],[6.14081,50.44746],[6.14067,50.44714],[6.14049,50.447],[6.14029,50.44703],[6.13995,50.44733],[6.13961,50.44749],[6.13948,50.44769],[6.13947,50.44823],[6.13971,50.44851],[6.13983,50.44939],[6.13957,50.45023],[6.13994,50.45081],[6.13978,50.4514],[6.13964,50.4516],[6.13845,50.4517],[6.13796,50.45194],[6.13725,50.45203],[6.13696,50.45216],[6.13714,50.45242],[6.13708,50.45271],[6.13739,50.453],[6.13748,50.45329],[6.13767,50.45354],[6.13771,50.45387],[6.138,50.45437],[6.1388,50.45517],[6.13878,50.45549],[6.13923,50.45565],[6.13985,50.45568],[6.14089,50.45559],[6.14128,50.45548],[6.14169,50.45519],[6.1423,50.45528],[6.14329,50.45508],[6.14415,50.45522],[6.14465,50.45546],[6.14456,50.45555],[6.14375,50.45563],[6.14361,50.45575],[6.14368,50.45583],[6.14462,50.45595],[6.145,50.45608],[6.1455,50.45604],[6.14476,50.45659],[6.14469,50.45693],[6.14457,50.45711],[6.14367,50.45735],[6.1428,50.45793],[6.14253,50.45826],[6.14191,50.45878],[6.1417,50.45909],[6.14126,50.45931],[6.14125,50.45944],[6.14137,50.45964],[6.14128,50.45974],[6.14089,50.45996],[6.14042,50.45986],[6.13985,50.45993],[6.14008,50.46021],[6.13939,50.46076],[6.1392,50.46124],[6.13878,50.46124],[6.1387,50.46132],[6.1392,50.46137],[6.13951,50.46164],[6.14004,50.46188],[6.13987,50.46214],[6.13927,50.4625],[6.13839,50.4633],[6.13813,50.46336],[6.1379,50.46333],[6.13725,50.46262],[6.13712,50.46187],[6.1374,50.46099],[6.13713,50.46043],[6.13662,50.46038],[6.13612,50.46066],[6.13543,50.46129],[6.1351,50.46143],[6.13487,50.46141],[6.13464,50.4613],[6.13427,50.46094],[6.13337,50.46048],[6.1329,50.45994],[6.13171,50.45907],[6.13142,50.45876],[6.13122,50.45826],[6.13091,50.45794],[6.1285,50.45749],[6.12832,50.45752],[6.12798,50.45774],[6.12622,50.45792],[6.12553,50.45842],[6.12517,50.45823],[6.12495,50.45826],[6.12501,50.45855],[6.12568,50.45878],[6.12566,50.45889],[6.12539,50.4591],[6.12619,50.45967],[6.12611,50.46022],[6.12587,50.46048],[6.12553,50.46116],[6.1254,50.46206],[6.12544,50.4622],[6.12642,50.46298],[6.12638,50.46327],[6.12582,50.46329],[6.12386,50.4631],[6.12188,50.46283],[6.11995,50.46301],[6.1185,50.46262],[6.11801,50.46263],[6.11761,50.46298],[6.11715,50.46318],[6.11707,50.46328],[6.11738,50.46407],[6.1184,50.46518],[6.11832,50.46525],[6.11767,50.4651],[6.11674,50.46459],[6.11616,50.4645],[6.11534,50.46415],[6.11513,50.46385],[6.11547,50.46364],[6.11547,50.4635],[6.11497,50.46351],[6.1149,50.46382],[6.11434,50.46393],[6.11413,50.4639],[6.11334,50.46355],[6.11253,50.46298],[6.1121,50.46247],[6.11106,50.46184],[6.11091,50.46158],[6.11091,50.46102],[6.1105,50.46068],[6.11003,50.46074],[6.10987,50.46104],[6.10963,50.46118],[6.10892,50.46111],[6.10837,50.46132],[6.10797,50.46126],[6.1075,50.46105],[6.10717,50.46044],[6.10676,50.46019],[6.10553,50.46036],[6.10496,50.46021],[6.1046,50.45993],[6.10438,50.45941],[6.10426,50.4593],[6.10403,50.45934],[6.10385,50.45967],[6.1037,50.4597],[6.10257,50.45934],[6.1018,50.45901],[6.10021,50.45853],[6.09879,50.45797],[6.09805,50.45801],[6.09765,50.4579],[6.09752,50.45781],[6.09737,50.45744],[6.09797,50.45717],[6.09803,50.45691],[6.09796,50.45682],[6.09647,50.45696],[6.09582,50.45723],[6.09355,50.45726],[6.09295,50.45742],[6.09302,50.4577],[6.09287,50.45803],[6.09313,50.45832],[6.09336,50.45885],[6.09422,50.45991],[6.09459,50.46053],[6.09497,50.46017],[6.09552,50.45997],[6.09621,50.45987],[6.09687,50.45991],[6.09711,50.4603],[6.09723,50.46078],[6.09793,50.46164],[6.09801,50.46213],[6.0986,50.46247],[6.0985,50.46275],[6.09795,50.46361],[6.09777,50.46432],[6.09751,50.46488],[6.09759,50.46522],[6.0975,50.46549],[6.09781,50.46599],[6.09796,50.46685],[6.09795,50.46713],[6.09775,50.46744],[6.09803,50.46772],[6.09837,50.46854],[6.09886,50.46933],[6.09928,50.46964],[6.10046,50.4702],[6.10071,50.47047],[6.10077,50.47067],[6.10055,50.47081],[6.09934,50.47092],[6.09821,50.47128],[6.09831,50.47172],[6.09805,50.47231],[6.09808,50.47279],[6.09799,50.47301],[6.09768,50.47325],[6.09766,50.47345],[6.09812,50.47439],[6.09835,50.4751],[6.09872,50.47577],[6.09889,50.4763],[6.09922,50.47677],[6.09964,50.47714],[6.10142,50.47799],[6.10304,50.47908],[6.10277,50.47923],[6.10241,50.47922],[6.10173,50.47902],[6.10078,50.47837],[6.09967,50.47815],[6.09921,50.4777],[6.09877,50.47777],[6.09843,50.47767],[6.09796,50.47686],[6.09755,50.47656],[6.09676,50.47574],[6.09674,50.4755],[6.09695,50.47522],[6.097,50.47501],[6.09671,50.47435],[6.09588,50.47347],[6.09545,50.47325],[6.09496,50.47342],[6.0938,50.47344],[6.09291,50.4738],[6.09253,50.47413],[6.09082,50.47464],[6.0906,50.47522],[6.09062,50.47578],[6.09006,50.47615],[6.08967,50.47667],[6.08916,50.47713],[6.08915,50.47743],[6.08949,50.47783],[6.08971,50.47848],[6.08967,50.47859],[6.08871,50.47832],[6.0866,50.47856],[6.08659,50.47824],[6.0859,50.47806],[6.08582,50.47798],[6.08708,50.47731],[6.08755,50.47715],[6.0874,50.47574],[6.08727,50.47519],[6.08732,50.47494],[6.08753,50.47464],[6.08797,50.4743],[6.08927,50.47437],[6.08964,50.47412],[6.08982,50.47366],[6.09015,50.47325],[6.09045,50.47267],[6.09152,50.47221],[6.09211,50.47208],[6.09254,50.47215],[6.09303,50.47189],[6.09293,50.47162],[6.09183,50.47116],[6.08968,50.47069],[6.08918,50.47065],[6.0863,50.471],[6.08504,50.47132],[6.08465,50.47149],[6.08415,50.47153],[6.08379,50.47175],[6.08345,50.47183],[6.08209,50.4717],[6.08128,50.47196],[6.08078,50.4718],[6.07991,50.4718],[6.07934,50.47171],[6.07909,50.47162],[6.07879,50.47131],[6.07826,50.47136],[6.07756,50.47119],[6.07392,50.46976],[6.07296,50.46949],[6.073,50.46878],[6.07249,50.46856],[6.07252,50.46826],[6.07379,50.46798],[6.07458,50.46793],[6.0751,50.46747],[6.07501,50.46722],[6.07461,50.46711],[6.0742,50.46687],[6.07342,50.46727],[6.07317,50.4677],[6.07295,50.4678],[6.07246,50.46755],[6.07208,50.46719],[6.0718,50.46704],[6.07131,50.46686],[6.07081,50.46685],[6.07006,50.46716],[6.06977,50.46748],[6.06998,50.46785],[6.07062,50.46795],[6.07067,50.46799],[6.07062,50.46805],[6.07007,50.46827],[6.06933,50.4683],[6.06892,50.4684],[6.06787,50.46908],[6.06715,50.46918],[6.0667,50.4691],[6.0662,50.46882],[6.06709,50.46876],[6.06741,50.46855],[6.06676,50.46784],[6.06647,50.4678],[6.06583,50.46797],[6.06564,50.46821],[6.06556,50.46851],[6.06547,50.46854],[6.06423,50.46786],[6.06409,50.46775],[6.06409,50.46765],[6.06472,50.46714],[6.06429,50.46688],[6.06437,50.46663],[6.0643,50.46655],[6.06411,50.46657],[6.06415,50.46681],[6.06402,50.46688],[6.0637,50.46687],[6.0632,50.4666],[6.06356,50.46639],[6.06357,50.46616],[6.06341,50.46599],[6.06264,50.46578],[6.06259,50.46546],[6.06214,50.46556],[6.06195,50.4655],[6.06186,50.46526],[6.06222,50.46495],[6.06217,50.46463],[6.06147,50.46473],[6.0609,50.46464],[6.06045,50.46432],[6.05953,50.46397],[6.05846,50.46369],[6.05777,50.46322],[6.05711,50.46296],[6.05624,50.46275],[6.0559,50.46239],[6.05572,50.46189],[6.05572,50.46154],[6.05559,50.4611],[6.05545,50.46097],[6.05524,50.46103],[6.05503,50.46123],[6.05488,50.46105],[6.05467,50.46096],[6.05419,50.46107],[6.05334,50.46093],[6.05134,50.4617],[6.05077,50.46184],[6.0503,50.46215],[6.0506,50.4624],[6.05054,50.4625],[6.0504,50.46251],[6.05004,50.46231],[6.04959,50.46242],[6.04839,50.46328],[6.04787,50.46328],[6.04714,50.4634],[6.04705,50.46324],[6.04724,50.46296],[6.04702,50.46268],[6.04605,50.46236],[6.04545,50.46238],[6.04517,50.46272],[6.04514,50.46296],[6.0458,50.46329],[6.04612,50.46355],[6.04547,50.46399],[6.0453,50.46439],[6.04461,50.46465],[6.04373,50.46544],[6.04379,50.46575],[6.04424,50.46602],[6.04424,50.46614],[6.04398,50.46668],[6.04337,50.46715],[6.04339,50.46748],[6.04288,50.46824],[6.04307,50.4685],[6.04411,50.46909],[6.04417,50.46928],[6.04406,50.46949],[6.04388,50.46966],[6.04321,50.46993],[6.04173,50.47021],[6.04134,50.47037],[6.0412,50.47047],[6.0411,50.47081],[6.04087,50.47105],[6.04048,50.47111],[6.04,50.47092],[6.03881,50.47097],[6.03793,50.47084],[6.03746,50.471],[6.03738,50.47131],[6.0371,50.47139],[6.03554,50.46963],[6.03515,50.46894],[6.03519,50.46881],[6.03587,50.46854],[6.0358,50.46825],[6.03588,50.46797],[6.03575,50.46773],[6.0354,50.46754],[6.03501,50.46714],[6.03465,50.46715],[6.03451,50.46731],[6.03448,50.46747],[6.03465,50.46771],[6.0341,50.46771],[6.03299,50.46735],[6.03276,50.46718],[6.0325,50.46683],[6.03215,50.46672],[6.0316,50.46668],[6.0301,50.46612],[6.02998,50.46595],[6.03005,50.46545],[6.02966,50.46477],[6.02953,50.46466],[6.02876,50.46464],[6.0274,50.46516],[6.02704,50.46548],[6.02727,50.46573],[6.02713,50.46581],[6.02652,50.46558],[6.02544,50.46553],[6.02492,50.46524],[6.02402,50.4651],[6.02017,50.464],[6.01928,50.46421],[6.01884,50.46421],[6.01826,50.46383],[6.01772,50.46367],[6.01749,50.46371],[6.01703,50.46405],[6.01626,50.46394],[6.01588,50.46424],[6.01567,50.46413],[6.01545,50.46381],[6.01531,50.4641],[6.01505,50.46427],[6.01412,50.46423],[6.01355,50.46429],[6.0125,50.46468],[6.01212,50.46437],[6.01145,50.46412],[6.01129,50.46381],[6.01049,50.46292],[6.01016,50.46268],[6.01045,50.46215],[6.01106,50.46169],[6.01173,50.46138],[6.0118,50.46128],[6.01174,50.46099],[6.01113,50.45998],[6.01109,50.45963],[6.0107,50.45914],[6.01051,50.45873],[6.01007,50.45868],[6.00891,50.45908],[6.00835,50.45916],[6.00833,50.45907],[6.00931,50.45832],[6.0094,50.45817],[6.00937,50.45797],[6.00886,50.45751],[6.00889,50.45714],[6.00762,50.45681],[6.00668,50.45696],[6.00582,50.45696],[6.0056,50.45687],[6.00542,50.45661],[6.00504,50.45638],[6.00433,50.45625],[6.00162,50.45683],[6.00126,50.45741],[6.00057,50.45773],[5.99946,50.45881],[5.99935,50.45911],[5.99944,50.45963],[5.99938,50.45991],[5.99919,50.46038],[5.99881,50.46083],[5.99824,50.46126],[5.99748,50.46154],[5.99713,50.4619],[5.99632,50.46217],[5.99586,50.46243],[5.99441,50.46363],[5.99319,50.46499],[5.9929,50.46602],[5.99269,50.4664],[5.99271,50.46661],[5.99296,50.46687],[5.9936,50.46716],[5.99338,50.46771],[5.99282,50.4679],[5.9911,50.46825],[5.99167,50.46868],[5.9922,50.46882],[5.99223,50.46906],[5.99156,50.46989],[5.99142,50.47046],[5.99071,50.47075],[5.99088,50.47132],[5.99027,50.47163],[5.99028,50.47217],[5.99019,50.47236],[5.99002,50.47244],[5.98919,50.47205],[5.98873,50.47208],[5.98733,50.47291],[5.98713,50.47317],[5.98702,50.47352],[5.9867,50.47378]],[[5.98837,50.4783],[5.98824,50.47804],[5.98836,50.47792],[5.98848,50.47804],[5.98837,50.4783]],[[5.98962,50.47851],[5.9896,50.47813],[5.98989,50.4782],[5.98991,50.47831],[5.98962,50.47851]],[[5.9892,50.47689],[5.98893,50.47644],[5.98898,50.47619],[5.98914,50.47597],[5.98995,50.47592],[5.99027,50.47607],[5.99034,50.47633],[5.99016,50.47662],[5.98963,50.47695],[5.9892,50.47689]],[[5.9867,50.47276],[5.98711,50.47267],[5.98766,50.47213],[5.98758,50.47203],[5.98745,50.47201],[5.9867,50.47226]],[[6.04004,50.47276],[6.03997,50.4727],[6.04006,50.47263],[6.04048,50.4727],[6.04042,50.47276],[6.04004,50.47276]],[[5.98795,50.47195],[5.98776,50.47181],[5.98789,50.4715],[5.98812,50.47132],[5.9885,50.47132],[5.98846,50.4716],[5.98795,50.47195]],[[5.9892,50.47112],[5.98908,50.47095],[5.98931,50.47053],[5.9896,50.47043],[5.98991,50.47052],[5.98994,50.47067],[5.98988,50.47078],[5.9892,50.47112]],[[6.08004,50.47084],[6.07989,50.47073],[6.08005,50.47059],[6.08019,50.47075],[6.08004,50.47084]],[[5.99129,50.46978],[5.99112,50.46966],[5.99152,50.46966],[5.99129,50.46978]],[[6.04254,50.46969],[6.04253,50.46962],[6.04254,50.46969]],[[6.07129,50.46912],[6.07119,50.46909],[6.07129,50.46912]],[[6.06754,50.46904],[6.06739,50.46883],[6.06751,50.46869],[6.06759,50.46881],[6.06754,50.46904]],[[6.03587,50.46634],[6.03582,50.46631],[6.03616,50.46618],[6.0368,50.46605],[6.03708,50.46575],[6.03754,50.46576],[6.0376,50.46595],[6.03759,50.4661],[6.03745,50.46627],[6.03703,50.46649],[6.03642,50.4665],[6.03587,50.46634]],[[5.99337,50.46607],[5.99319,50.46603],[5.99383,50.46604],[5.99373,50.46611],[5.99337,50.46607]],[[5.99295,50.46375],[5.99204,50.46271],[5.992,50.46244],[5.99232,50.46219],[5.99255,50.46187],[5.99252,50.46159],[5.9936,50.46149],[5.99391,50.46131],[5.99374,50.4612],[5.99212,50.46082],[5.99198,50.46064],[5.99198,50.46044],[5.99209,50.46031],[5.99225,50.46028],[5.99383,50.4605],[5.99421,50.46017],[5.99455,50.46105],[5.99491,50.46137],[5.99511,50.46188],[5.99435,50.46273],[5.99346,50.46354],[5.99295,50.46375]],[[6.01879,50.46367],[6.01867,50.46355],[6.01874,50.46349],[6.01911,50.46346],[6.01927,50.46353],[6.01918,50.46371],[6.01879,50.46367]],[[6.1142,50.4633],[6.11414,50.46326],[6.11424,50.46325],[6.1142,50.4633]],[[6.06045,50.46226],[6.06002,50.46196],[6.05976,50.46168],[6.05976,50.46158],[6.06012,50.4615],[6.06088,50.46158],[6.0613,50.46186],[6.06045,50.46226]],[[6.0467,50.4616],[6.04628,50.46131],[6.04694,50.46091],[6.04715,50.4609],[6.0472,50.46105],[6.0471,50.46129],[6.0467,50.4616]],[[6.10837,50.46123],[6.10835,50.46105],[6.10841,50.46103],[6.10837,50.46123]],[[5.99504,50.45931],[5.99487,50.45911],[5.99501,50.45893],[5.99513,50.45908],[5.99504,50.45931]],[[5.99629,50.45884],[5.99586,50.45836],[5.99575,50.45807],[5.99583,50.45787],[5.99617,50.45761],[5.99678,50.45743],[5.99743,50.45705],[5.99805,50.45699],[5.9985,50.45661],[5.99881,50.45659],[5.99953,50.4567],[5.99972,50.45682],[5.99975,50.45709],[5.9996,50.45734],[5.99921,50.45779],[5.99829,50.45854],[5.998,50.45886],[5.99735,50.45902],[5.99629,50.45884]],[[6.02837,50.45883],[6.02809,50.45856],[6.02819,50.45817],[6.029,50.4572],[6.02917,50.45685],[6.02964,50.45658],[6.02977,50.45692],[6.02969,50.45772],[6.02978,50.45842],[6.02973,50.45861],[6.02959,50.4588],[6.02941,50.45884],[6.02837,50.45883]],[[6.11129,50.45886],[6.1111,50.4588],[6.11126,50.45861],[6.11141,50.45878],[6.11129,50.45886]],[[6.12462,50.45885],[6.12462,50.45878],[6.12462,50.45885]],[[6.11129,50.45854],[6.1112,50.45828],[6.11129,50.45824],[6.11137,50.4583],[6.11129,50.45854]],[[6.12754,50.45759],[6.1275,50.45741],[6.12773,50.45743],[6.12754,50.45759]],[[6.13504,50.45747],[6.13495,50.45743],[6.13515,50.45743],[6.13504,50.45747]],[[6.05045,50.45723],[6.05043,50.45707],[6.05055,50.45702],[6.05086,50.45704],[6.05102,50.45714],[6.05086,50.45726],[6.05045,50.45723]],[[6.02629,50.45403],[6.02625,50.45379],[6.02672,50.45381],[6.02667,50.45392],[6.02629,50.45403]],[[6.15212,50.4342],[6.15161,50.43452],[6.15089,50.43471],[6.14919,50.43466],[6.14873,50.43441],[6.14876,50.43408],[6.14915,50.43378],[6.15001,50.43353],[6.15057,50.43289],[6.1506,50.4327],[6.15048,50.43256],[6.14962,50.43211],[6.14921,50.43243],[6.14843,50.43276],[6.14652,50.43306],[6.14581,50.43301],[6.1447,50.43277],[6.1421,50.43272],[6.14132,50.43241],[6.14044,50.43184],[6.13996,50.43176],[6.13955,50.4318],[6.13947,50.43191],[6.14126,50.43343],[6.14177,50.43406],[6.14203,50.43467],[6.14298,50.43629],[6.14256,50.43656],[6.14211,50.43668],[6.14144,50.4371],[6.14143,50.43724],[6.14169,50.43745],[6.14209,50.43755],[6.14286,50.43759],[6.14421,50.43799],[6.14501,50.43791],[6.14636,50.43751],[6.14809,50.43767],[6.14881,50.43798],[6.14913,50.43825],[6.14927,50.43851],[6.1492,50.43881],[6.14887,50.43913],[6.14835,50.43933],[6.14757,50.43946],[6.14714,50.43967],[6.14633,50.43967],[6.14599,50.44006],[6.14569,50.44017],[6.14475,50.44006],[6.14376,50.43958],[6.14291,50.43944],[6.14251,50.43911],[6.1424,50.43881],[6.14162,50.4386],[6.14049,50.43866],[6.14008,50.43886],[6.1388,50.43903],[6.13795,50.43949],[6.13692,50.43989],[6.13626,50.43998],[6.1355,50.43939],[6.13528,50.4391],[6.13496,50.43892],[6.1347,50.43832],[6.1342,50.4377],[6.13306,50.43771],[6.13299,50.43761],[6.13298,50.43734],[6.13263,50.43685],[6.13209,50.43685],[6.13178,50.43712],[6.1317,50.43737],[6.13186,50.438],[6.1318,50.43842],[6.1319,50.43883],[6.13182,50.4391],[6.13172,50.43922],[6.13161,50.4392],[6.13129,50.43872],[6.13083,50.43879],[6.1307,50.43922],[6.13091,50.43967],[6.13046,50.43993],[6.13009,50.44026],[6.13002,50.44049],[6.13016,50.44078],[6.13,50.44103],[6.12886,50.44118],[6.12671,50.44075],[6.12579,50.44065],[6.1234,50.4407],[6.12128,50.44104],[6.12107,50.4415],[6.12067,50.44187],[6.12062,50.4422],[6.11897,50.44345],[6.11895,50.44359],[6.11906,50.44378],[6.11902,50.44385],[6.11845,50.44411],[6.11747,50.4443],[6.11546,50.44526],[6.11404,50.44574],[6.11302,50.44661],[6.11168,50.44758],[6.11092,50.44803],[6.11063,50.44809],[6.11002,50.44799],[6.10983,50.44765],[6.1098,50.44731],[6.11023,50.44658],[6.11038,50.44596],[6.11097,50.44545],[6.11009,50.44508],[6.10934,50.44495],[6.10899,50.44443],[6.10844,50.44408],[6.10836,50.4438],[6.10877,50.44352],[6.11003,50.44362],[6.11046,50.44299],[6.11084,50.4427],[6.11209,50.44229],[6.11334,50.44213],[6.11379,50.44214],[6.11428,50.44227],[6.11468,50.44223],[6.11502,50.44212],[6.11626,50.4413],[6.11682,50.44135],[6.11761,50.44114],[6.1178,50.44098],[6.1185,50.44001],[6.11862,50.43962],[6.11909,50.43928],[6.11958,50.43908],[6.12037,50.43905],[6.12127,50.43888],[6.12176,50.43858],[6.12215,50.43802],[6.12259,50.43713],[6.12307,50.43661],[6.1231,50.43633],[6.1233,50.43606],[6.12332,50.43588],[6.12322,50.43577],[6.12293,50.43576],[6.12282,50.43602],[6.12289,50.43651],[6.12277,50.43665],[6.1225,50.43677],[6.12178,50.43677],[6.12091,50.43654],[6.12039,50.43656],[6.12028,50.43687],[6.12135,50.43726],[6.12153,50.43739],[6.12159,50.43755],[6.12152,50.43771],[6.12099,50.43826],[6.12051,50.43841],[6.12006,50.43866],[6.11917,50.43833],[6.1186,50.43795],[6.11832,50.43748],[6.11804,50.4374],[6.11785,50.43745],[6.11766,50.43776],[6.11796,50.43825],[6.11795,50.43855],[6.1175,50.43841],[6.11673,50.4384],[6.11629,50.43825],[6.11574,50.43845],[6.11532,50.43842],[6.11429,50.43793],[6.11338,50.43706],[6.11267,50.43685],[6.11213,50.43687],[6.1097,50.43729],[6.10785,50.43732],[6.10754,50.43749],[6.10737,50.43823],[6.10695,50.43863],[6.10682,50.43959],[6.10719,50.43994],[6.10664,50.44009],[6.10649,50.44029],[6.10655,50.44076],[6.10695,50.44113],[6.10706,50.44133],[6.10692,50.44185],[6.1067,50.44215],[6.10626,50.44225],[6.10545,50.44213],[6.10388,50.44219],[6.10152,50.44181],[6.1009,50.44188],[6.10045,50.44209],[6.10037,50.44219],[6.10037,50.44239],[6.10062,50.44279],[6.10038,50.44326],[6.10052,50.44353],[6.1004,50.44382],[6.1006,50.44406],[6.10061,50.44425],[6.10046,50.4445],[6.10001,50.44462],[6.0999,50.4449],[6.09999,50.44502],[6.10048,50.44522],[6.09995,50.44548],[6.09962,50.44548],[6.09912,50.44533],[6.09866,50.44545],[6.09782,50.4455],[6.09673,50.44578],[6.09652,50.44599],[6.09646,50.44619],[6.09672,50.44661],[6.09585,50.44709],[6.09548,50.44772],[6.09465,50.44829],[6.09451,50.44853],[6.09446,50.44908],[6.09422,50.44948],[6.09378,50.44936],[6.09334,50.44949],[6.09332,50.44969],[6.09385,50.45017],[6.09399,50.45073],[6.09443,50.45106],[6.09477,50.45147],[6.09478,50.45162],[6.09451,50.45183],[6.09451,50.45191],[6.09504,50.45243],[6.09545,50.4527],[6.09498,50.45301],[6.09462,50.45298],[6.0943,50.45266],[6.09347,50.45234],[6.09325,50.45189],[6.09333,50.4514],[6.09295,50.45103],[6.09292,50.45074],[6.09303,50.45043],[6.09254,50.45001],[6.09228,50.44954],[6.09207,50.44937],[6.09095,50.44891],[6.09,50.44882],[6.09086,50.44864],[6.09102,50.44853],[6.09086,50.44827],[6.09007,50.44754],[6.08951,50.44743],[6.08976,50.44755],[6.08986,50.44771],[6.08972,50.44785],[6.08949,50.44788],[6.08878,50.44756],[6.08832,50.44753],[6.08748,50.44721],[6.08461,50.4466],[6.08561,50.44637],[6.08601,50.446],[6.08434,50.44436],[6.08352,50.44386],[6.08345,50.44325],[6.08313,50.44299],[6.08296,50.44269],[6.08132,50.44158],[6.08109,50.44136],[6.08096,50.44099],[6.08042,50.44026],[6.07965,50.43965],[6.07877,50.4391],[6.07542,50.43773],[6.0753,50.43738],[6.07537,50.43675],[6.07545,50.43659],[6.07606,50.43633],[6.0762,50.43602],[6.07609,50.43543],[6.0758,50.43497],[6.07551,50.43478],[6.07498,50.43468],[6.07497,50.43439],[6.07514,50.43408],[6.07494,50.4336],[6.07502,50.43343],[6.07539,50.43325],[6.07652,50.43315],[6.07678,50.43319],[6.07711,50.43356],[6.07819,50.43349],[6.07846,50.43334],[6.07849,50.43297],[6.07873,50.4327],[6.0799,50.43259],[6.08057,50.4322],[6.08157,50.43199],[6.08218,50.43213],[6.08244,50.43249],[6.08263,50.43257],[6.08507,50.43244],[6.08505,50.43213],[6.0846,50.43161],[6.08422,50.43072],[6.08365,50.43005],[6.0835,50.42959],[6.08287,50.42944],[6.08116,50.42947],[6.08084,50.4294],[6.08076,50.42918],[6.08083,50.42906],[6.08212,50.42882],[6.08293,50.4289],[6.08328,50.42881],[6.08291,50.42801],[6.08217,50.42782],[6.08201,50.42772],[6.08195,50.42665],[6.08201,50.42651],[6.08253,50.42604],[6.08302,50.42579],[6.08337,50.4254],[6.08376,50.42526],[6.08499,50.42553],[6.08585,50.42595],[6.08647,50.42605],[6.08711,50.42632],[6.08732,50.42658],[6.08736,50.42692],[6.08857,50.42773],[6.08968,50.42823],[6.08981,50.42856],[6.09004,50.42882],[6.09051,50.42885],[6.09121,50.42863],[6.09152,50.42862],[6.09466,50.42933],[6.09584,50.42944],[6.09793,50.42891],[6.10002,50.42865],[6.10087,50.42798],[6.10099,50.42769],[6.10097,50.4272],[6.10126,50.42695],[6.1023,50.4267],[6.10308,50.42678],[6.10371,50.42674],[6.10425,50.42662],[6.10458,50.42642],[6.10476,50.42619],[6.10489,50.42574],[6.10451,50.42494],[6.10387,50.42408],[6.10416,50.42372],[6.10467,50.42352],[6.10502,50.42361],[6.10547,50.42393],[6.10662,50.42396],[6.1075,50.42414],[6.10892,50.42427],[6.11051,50.42492],[6.11086,50.42514],[6.11129,50.42558],[6.11214,50.42604],[6.11272,50.42703],[6.11292,50.42775],[6.1134,50.4278],[6.1138,50.42796],[6.1136,50.42825],[6.11375,50.42841],[6.11427,50.42842],[6.11459,50.42824],[6.11474,50.42795],[6.11539,50.42764],[6.11535,50.42713],[6.11575,50.42678],[6.11568,50.42661],[6.11525,50.42635],[6.11523,50.42623],[6.11533,50.42605],[6.11554,50.42598],[6.11629,50.42604],[6.11674,50.42551],[6.11677,50.42481],[6.11695,50.42415],[6.11701,50.42338],[6.11679,50.42276],[6.11692,50.42249],[6.11761,50.42222],[6.11912,50.42208],[6.12046,50.42208],[6.12089,50.42174],[6.12148,50.42155],[6.12163,50.42133],[6.12169,50.42089],[6.12215,50.4205],[6.12207,50.42044],[6.12172,50.42058],[6.12154,50.42044],[6.12085,50.42021],[6.12101,50.42009],[6.12158,50.41992],[6.12145,50.41984],[6.11877,50.41938],[6.11798,50.41906],[6.11787,50.41869],[6.11822,50.41742],[6.11921,50.41638],[6.12044,50.41688],[6.12088,50.41715],[6.12254,50.4177],[6.12355,50.41794],[6.12423,50.41794],[6.12543,50.41829],[6.12588,50.41835],[6.12611,50.4185],[6.12633,50.41877],[6.1266,50.41885],[6.12777,50.41891],[6.12866,50.41877],[6.12955,50.41883],[6.13037,50.41932],[6.13088,50.41937],[6.13296,50.41993],[6.13463,50.42011],[6.13503,50.42023],[6.13629,50.42033],[6.13672,50.42015],[6.13834,50.41978],[6.13945,50.41934],[6.13946,50.41908],[6.13893,50.41826],[6.13873,50.41802],[6.1383,50.41773],[6.13835,50.41741],[6.13914,50.41782],[6.14001,50.41793],[6.14078,50.41827],[6.14142,50.41826],[6.14122,50.41805],[6.14107,50.41771],[6.14065,50.4174],[6.14052,50.41679],[6.13965,50.41629],[6.13932,50.41643],[6.13911,50.41643],[6.13791,50.41579],[6.13731,50.41533],[6.13715,50.41491],[6.13645,50.41415],[6.13643,50.41401],[6.1367,50.41329],[6.1369,50.41302],[6.13716,50.4129],[6.13782,50.41286],[6.13808,50.41291],[6.13868,50.41323],[6.13878,50.41355],[6.13918,50.41386],[6.14009,50.41435],[6.1409,50.41462],[6.14128,50.41521],[6.14337,50.41595],[6.14376,50.41661],[6.14462,50.41715],[6.14537,50.41721],[6.14586,50.41743],[6.14631,50.41749],[6.14698,50.41771],[6.14823,50.41781],[6.14842,50.41777],[6.1487,50.41743],[6.1491,50.41713],[6.14953,50.41708],[6.15046,50.41754],[6.15168,50.41749],[6.15212,50.4177]],[[6.13712,50.45172],[6.13705,50.4516],[6.13713,50.45155],[6.1372,50.45161],[6.13712,50.45172]],[[6.15087,50.44777],[6.15066,50.44758],[6.15064,50.44743],[6.1509,50.44739],[6.15157,50.44769],[6.15131,50.44786],[6.15087,50.44777]],[[6.10004,50.44718],[6.09995,50.44709],[6.09998,50.44687],[6.10004,50.44687],[6.1001,50.44706],[6.10004,50.44718]],[[6.15004,50.4472],[6.14946,50.44689],[6.14943,50.44668],[6.14954,50.44651],[6.14971,50.44649],[6.15002,50.44666],[6.15056,50.44715],[6.15052,50.44729],[6.1504,50.44734],[6.15004,50.4472]],[[6.13962,50.44713],[6.13932,50.44685],[6.13916,50.44631],[6.13965,50.44615],[6.14043,50.44569],[6.14078,50.44561],[6.14095,50.44566],[6.14101,50.44578],[6.14074,50.44601],[6.14037,50.44656],[6.14025,50.44695],[6.14,50.4471],[6.13962,50.44713]],[[6.14962,50.44582],[6.14953,50.44576],[6.14961,50.44567],[6.1497,50.44575],[6.14962,50.44582]],[[6.14087,50.44502],[6.14077,50.44493],[6.14089,50.44492],[6.14087,50.44502]],[[6.1142,50.43942],[6.11412,50.43937],[6.11417,50.43932],[6.11435,50.43936],[6.1142,50.43942]],[[6.13129,50.43939],[6.13117,50.43937],[6.13135,50.43937],[6.13129,50.43939]],[[6.1092,50.43861],[6.10913,50.43853],[6.10923,50.43846],[6.10967,50.43853],[6.1092,50.43861]],[[6.13337,50.43662],[6.13322,50.43658],[6.13333,50.43644],[6.13355,50.43656],[6.13337,50.43662]],[[6.0792,50.43444],[6.07875,50.43401],[6.0787,50.43377],[6.0789,50.43377],[6.07923,50.43405],[6.07935,50.43433],[6.0792,50.43444]],[[6.1142,50.42502],[6.11414,50.42494],[6.11419,50.42489],[6.1142,50.42502]],[[6.09295,50.42144],[6.09283,50.42131],[6.09283,50.42108],[6.09313,50.42099],[6.0941,50.42105],[6.09472,50.42133],[6.09466,50.42149],[6.09448,50.42157],[6.09295,50.42144]],[[6.10044,50.40826],[6.0996,50.40841],[6.09925,50.40888],[6.09832,50.40873],[6.09802,50.40885],[6.09775,50.40909],[6.09733,50.40981],[6.09729,50.4102],[6.09696,50.41051],[6.0967,50.41104],[6.09661,50.41237],[6.09676,50.41268],[6.09672,50.41278],[6.09574,50.41299],[6.09501,50.41324],[6.09421,50.41383],[6.09347,50.4147],[6.09259,50.41537],[6.0913,50.41611],[6.09057,50.41639],[6.09024,50.41662],[6.08929,50.41661],[6.08887,50.41692],[6.0879,50.4172],[6.08753,50.41715],[6.08771,50.41683],[6.08809,50.41659],[6.08758,50.4165],[6.08728,50.4163],[6.08657,50.41608],[6.08628,50.41586],[6.08581,50.41578],[6.08537,50.4156],[6.08422,50.41562],[6.08352,50.41636],[6.08297,50.4166],[6.08255,50.41636],[6.08255,50.41604],[6.08235,50.41578],[6.08234,50.41553],[6.08252,50.41516],[6.08288,50.4149],[6.08304,50.41434],[6.08212,50.41409],[6.08168,50.41386],[6.08087,50.41326],[6.08023,50.41303],[6.08007,50.41266],[6.07791,50.41106],[6.07657,50.40994],[6.07581,50.40908],[6.07586,50.40852],[6.07611,50.40826]],[[6.08545,50.4164],[6.08538,50.4163],[6.08547,50.41618],[6.08556,50.41631],[6.08545,50.4164]],[[6.08962,50.41641],[6.0896,50.41632],[6.08966,50.41631],[6.08962,50.41641]],[[6.07504,50.41605],[6.07464,50.41603],[6.07456,50.41578],[6.07415,50.4155],[6.07365,50.41471],[6.07348,50.41459],[6.07303,50.41451],[6.07241,50.41464],[6.07182,50.41464],[6.07131,50.41457],[6.07087,50.41439],[6.07045,50.41384],[6.07045,50.41325],[6.071,50.41304],[6.07277,50.41324],[6.07412,50.41301],[6.07453,50.41311],[6.07505,50.4134],[6.07562,50.4138],[6.0759,50.4141],[6.07551,50.41493],[6.07502,50.41503],[6.07479,50.41517],[6.07481,50.41529],[6.07532,50.41574],[6.07526,50.41588],[6.07504,50.41605]],[[6.07962,50.41356],[6.07954,50.41353],[6.07962,50.41356]],[[6.15212,50.41147],[6.15169,50.41117],[6.15142,50.41111],[6.15066,50.4113],[6.15013,50.41161],[6.14991,50.41159],[6.14979,50.41137],[6.15005,50.41104],[6.15006,50.41081],[6.15018,50.41064],[6.1504,50.41047],[6.15078,50.41042],[6.15091,50.41033],[6.15096,50.40999],[6.15083,50.40962],[6.15152,50.40921],[6.15212,50.40904]],[[6.1492,50.41085],[6.14866,50.41059],[6.14859,50.41045],[6.14882,50.41031],[6.14917,50.4103],[6.14992,50.41076],[6.14964,50.41095],[6.1492,50.41085]],[[6.14962,50.41038],[6.14945,50.41024],[6.14946,50.41018],[6.14971,50.41013],[6.15005,50.41019],[6.14962,50.41038]],[[6.10171,50.40826],[6.10126,50.40831],[6.10054,50.40826]],[[6.10352,50.40826],[6.10313,50.40833],[6.10255,50.40826]]]}},{"type":"Feature","properties":{"ele":560},"geometry":{"type":"MultiLineString","coordinates":[[[5.9969,50.50132],[5.99711,50.50128],[5.99732,50.50109],[5.99727,50.50094],[5.99701,50.50076],[5.99716,50.50048],[5.9967,50.50046],[5.9963,50.50059],[5.99543,50.50023],[5.99533,50.49998],[5.99539,50.49963],[5.99528,50.49939],[5.99544,50.49934],[5.99655,50.49937],[5.99667,50.49906],[5.99705,50.49852],[5.99781,50.49825],[5.99808,50.49798],[5.99816,50.49745],[5.99841,50.49715],[5.99821,50.49688],[5.99799,50.49604],[5.99734,50.49526],[5.99741,50.49488],[5.99725,50.49408],[5.99742,50.49372],[5.99846,50.49283],[5.99878,50.49233],[5.99944,50.49253],[6.00005,50.49236],[6.00084,50.49235],[6.00194,50.49259],[6.00282,50.49238],[6.00345,50.49258],[6.00407,50.49252],[6.0047,50.49259],[6.00569,50.49246],[6.00625,50.49256],[6.00672,50.49277],[6.00715,50.49281],[6.00763,50.49277],[6.00837,50.49243],[6.00861,50.49244],[6.00989,50.49273],[6.01121,50.4933],[6.01162,50.49338],[6.01192,50.49327],[6.01152,50.49297],[6.01169,50.49268],[6.01215,50.49268],[6.01366,50.49302],[6.01494,50.493],[6.01508,50.49298],[6.01536,50.49274],[6.01547,50.49246],[6.01541,50.49216],[6.01468,50.49184],[6.01412,50.492],[6.01304,50.49175],[6.01225,50.49196],[6.01178,50.49183],[6.01162,50.49163],[6.0117,50.49152],[6.01293,50.49148],[6.01339,50.49135],[6.01346,50.49071],[6.01336,50.49049],[6.01308,50.49019],[6.01347,50.48992],[6.01322,50.4899],[6.01294,50.49004],[6.0127,50.48991],[6.01221,50.48982],[6.01101,50.48913],[6.01137,50.48896],[6.0119,50.48854],[6.01036,50.48805],[6.00961,50.48743],[6.00927,50.48698],[6.00894,50.48683],[6.0089,50.48661],[6.00915,50.48626],[6.00927,50.4858],[6.0092,50.48539],[6.00886,50.48516],[6.0081,50.48497],[6.00803,50.48487],[6.00806,50.48463],[6.00751,50.48447],[6.00712,50.48422],[6.00667,50.48417],[6.00617,50.48379],[6.00541,50.48347],[6.00517,50.48327],[6.00516,50.48295],[6.00494,50.48271],[6.00433,50.48252],[6.00287,50.48234],[6.00239,50.4824],[6.00212,50.48256],[6.00188,50.48234],[6.00162,50.48222],[5.99897,50.48171],[5.99877,50.48174],[5.99828,50.48201],[5.99791,50.48241],[5.9977,50.48251],[5.99735,50.48256],[5.99699,50.48246],[5.99668,50.48213],[5.9973,50.48188],[5.99768,50.48158],[5.99637,50.48151],[5.99613,50.48141],[5.99609,50.48126],[5.99634,50.48102],[5.99615,50.48076],[5.99553,50.48043],[5.99551,50.47963],[5.99428,50.47953],[5.99375,50.47937],[5.99372,50.47906],[5.99393,50.47856],[5.99418,50.47835],[5.9947,50.47812],[5.99481,50.47797],[5.99424,50.47766],[5.99377,50.47763],[5.99366,50.47748],[5.9936,50.47715],[5.99328,50.47698],[5.99282,50.47696],[5.99219,50.47723],[5.99201,50.47721],[5.99181,50.47661],[5.99181,50.47631],[5.99127,50.47579],[5.99105,50.47521],[5.9905,50.47486],[5.98959,50.47443],[5.98949,50.47409],[5.98911,50.47383],[5.98915,50.47368],[5.98926,50.47362],[5.99011,50.47379],[5.99074,50.47378],[5.9918,50.47328],[5.99303,50.47218],[5.9929,50.47187],[5.993,50.47162],[5.99331,50.47146],[5.99378,50.47144],[5.99392,50.47136],[5.99368,50.47054],[5.99374,50.47042],[5.99419,50.47059],[5.99465,50.47063],[5.99626,50.47026],[5.99714,50.47021],[5.99553,50.47004],[5.99516,50.46993],[5.99589,50.46967],[5.99628,50.46961],[5.99688,50.4692],[5.99695,50.46907],[5.99683,50.46882],[5.99747,50.46851],[5.9975,50.46798],[5.99841,50.46804],[5.99884,50.46782],[5.99933,50.46771],[5.99885,50.46732],[5.99815,50.46709],[5.99804,50.46626],[5.99821,50.46582],[5.99843,50.46547],[5.99755,50.46578],[5.99715,50.46584],[5.99669,50.46576],[5.99606,50.46548],[5.99604,50.46521],[5.99648,50.4649],[5.99652,50.46449],[5.99632,50.46408],[5.99585,50.46384],[5.99585,50.46369],[5.99587,50.46354],[5.99693,50.463],[5.99703,50.46267],[5.99797,50.46214],[5.99879,50.46187],[5.9997,50.46133],[6.00013,50.46022],[6.00028,50.45915],[6.00043,50.45901],[6.00147,50.45898],[6.00217,50.45875],[6.00376,50.45867],[6.00511,50.45889],[6.006,50.45869],[6.00677,50.45877],[6.00729,50.45899],[6.00737,50.45918],[6.00705,50.45961],[6.00542,50.46073],[6.00533,50.461],[6.00544,50.4611],[6.00626,50.46069],[6.00752,50.4602],[6.00793,50.45991],[6.00845,50.45989],[6.0089,50.46019],[6.00907,50.46047],[6.00905,50.46081],[6.00939,50.46126],[6.00934,50.46165],[6.00954,50.46217],[6.00932,50.46244],[6.00826,50.46325],[6.00801,50.464],[6.00777,50.46432],[6.0077,50.46466],[6.00751,50.46494],[6.00769,50.46518],[6.00816,50.46543],[6.00842,50.4657],[6.00898,50.46602],[6.00887,50.46633],[6.00895,50.46661],[6.00861,50.46688],[6.00853,50.46712],[6.00874,50.46724],[6.00923,50.46728],[6.00963,50.46769],[6.00936,50.46794],[6.00929,50.4681],[6.00963,50.4686],[6.01036,50.4687],[6.01086,50.46891],[6.01152,50.46883],[6.01184,50.46857],[6.01253,50.46825],[6.0137,50.46685],[6.01425,50.46664],[6.01461,50.46631],[6.01584,50.46622],[6.01669,50.4659],[6.01762,50.46573],[6.0184,50.46575],[6.01943,50.46633],[6.01876,50.46654],[6.01713,50.46654],[6.01631,50.4668],[6.0157,50.46721],[6.01564,50.46772],[6.01583,50.46808],[6.01636,50.4682],[6.01763,50.468],[6.01793,50.46789],[6.01828,50.46754],[6.01855,50.46747],[6.01879,50.46751],[6.01898,50.46766],[6.01896,50.46777],[6.01871,50.46799],[6.01906,50.46796],[6.01978,50.46771],[6.01979,50.46717],[6.01997,50.46684],[6.02058,50.46679],[6.021,50.46659],[6.02129,50.46632],[6.02173,50.46613],[6.02252,50.4664],[6.0247,50.46648],[6.026,50.46701],[6.0284,50.46722],[6.02928,50.46722],[6.02999,50.46733],[6.03085,50.4676],[6.03146,50.46799],[6.0325,50.46839],[6.03284,50.4686],[6.03305,50.46888],[6.03302,50.46964],[6.03276,50.46998],[6.03301,50.47048],[6.03288,50.47075],[6.03338,50.47099],[6.03418,50.47162],[6.03462,50.47168],[6.03508,50.47151],[6.03563,50.47151],[6.03707,50.47193],[6.03715,50.47217],[6.03657,50.47262],[6.0365,50.47283],[6.03664,50.47303],[6.03745,50.47335],[6.03769,50.47354],[6.03771,50.47394],[6.03747,50.47436],[6.03734,50.4749],[6.03746,50.47502],[6.03793,50.47521],[6.04046,50.47548],[6.04085,50.47561],[6.0414,50.47568],[6.0426,50.47605],[6.04258,50.47576],[6.04191,50.47512],[6.04186,50.47477],[6.04204,50.47432],[6.04203,50.47408],[6.04121,50.47252],[6.04125,50.4723],[6.04169,50.47187],[6.04303,50.4717],[6.04375,50.47191],[6.0441,50.47216],[6.04503,50.47261],[6.04582,50.47277],[6.04627,50.4727],[6.04673,50.47247],[6.04678,50.47217],[6.04668,50.47187],[6.04683,50.47144],[6.04672,50.47085],[6.04691,50.47047],[6.04691,50.47012],[6.04711,50.46956],[6.04747,50.46894],[6.04799,50.46881],[6.04769,50.46851],[6.04706,50.46827],[6.0469,50.46798],[6.04781,50.46731],[6.04787,50.46713],[6.04782,50.46682],[6.04812,50.46637],[6.04825,50.466],[6.04838,50.46598],[6.04845,50.46605],[6.04846,50.46678],[6.04856,50.46691],[6.04996,50.46718],[6.0505,50.46752],[6.0507,50.46742],[6.05074,50.46712],[6.05091,50.46691],[6.05131,50.46662],[6.0505,50.46643],[6.0503,50.46628],[6.05037,50.46592],[6.0506,50.46554],[6.05083,50.46535],[6.05136,50.46529],[6.05212,50.46539],[6.05248,50.46616],[6.05286,50.46634],[6.05323,50.46638],[6.05348,50.46633],[6.05381,50.46593],[6.05503,50.46576],[6.05546,50.46546],[6.056,50.4657],[6.05702,50.46632],[6.05707,50.46694],[6.05852,50.46789],[6.05915,50.46883],[6.05959,50.46889],[6.06004,50.46883],[6.06074,50.46822],[6.061,50.46818],[6.06136,50.46825],[6.06145,50.46852],[6.06125,50.46882],[6.0618,50.4691],[6.06145,50.46956],[6.06153,50.47008],[6.06124,50.47046],[6.06123,50.47075],[6.06206,50.47109],[6.0629,50.47113],[6.06372,50.47068],[6.06411,50.47066],[6.0643,50.47073],[6.06502,50.47141],[6.06542,50.47161],[6.06561,50.4716],[6.06659,50.47108],[6.06668,50.47074],[6.06724,50.47063],[6.06831,50.47006],[6.0688,50.46993],[6.06918,50.46963],[6.06966,50.46962],[6.07074,50.47006],[6.07132,50.47008],[6.07204,50.47054],[6.07341,50.47045],[6.07346,50.47074],[6.07328,50.47133],[6.07423,50.4714],[6.07464,50.47156],[6.07449,50.47183],[6.07416,50.47213],[6.07421,50.47241],[6.07432,50.47245],[6.07496,50.47263],[6.07574,50.47248],[6.0767,50.47262],[6.07695,50.47274],[6.07715,50.47318],[6.07808,50.47346],[6.08084,50.47376],[6.08207,50.4737],[6.08262,50.474],[6.08501,50.47423],[6.08546,50.47434],[6.08628,50.47522],[6.08647,50.47585],[6.08647,50.47623],[6.08587,50.47715],[6.08557,50.47746],[6.08496,50.47784],[6.08373,50.47841],[6.08331,50.47878],[6.08326,50.4791],[6.08357,50.47933],[6.08369,50.47972],[6.08401,50.47995],[6.08493,50.47988],[6.08589,50.47959],[6.08664,50.47947],[6.08725,50.47925],[6.08803,50.47924],[6.08922,50.4794],[6.09046,50.47939],[6.09052,50.47908],[6.0904,50.47854],[6.09042,50.47826],[6.09084,50.47765],[6.09105,50.47753],[6.09251,50.47698],[6.09308,50.47714],[6.09418,50.47717],[6.09501,50.47682],[6.09548,50.47709],[6.09611,50.4769],[6.09605,50.47684],[6.09496,50.47658],[6.09476,50.47663],[6.09418,50.47703],[6.09376,50.47682],[6.09294,50.47675],[6.09259,50.47657],[6.09235,50.47613],[6.09253,50.47579],[6.09329,50.47531],[6.09381,50.47519],[6.09414,50.47528],[6.09446,50.47552],[6.09543,50.47571],[6.09639,50.47602],[6.09663,50.4763],[6.09665,50.47667],[6.09753,50.47715],[6.09772,50.47762],[6.09769,50.47793],[6.09779,50.47809],[6.09799,50.47821],[6.09841,50.47825],[6.09884,50.47842],[6.09909,50.47855],[6.09925,50.47879],[6.09951,50.47898],[6.10005,50.47908],[6.10055,50.47933],[6.10086,50.47967],[6.10106,50.48015],[6.10119,50.48027],[6.1022,50.48071],[6.10249,50.48069],[6.10275,50.48048],[6.10299,50.48044],[6.10361,50.48075],[6.10495,50.48091],[6.10523,50.48084],[6.10529,50.4807],[6.10461,50.47966],[6.10394,50.4791],[6.10292,50.47844],[6.1017,50.47743],[6.10037,50.47697],[6.09992,50.47661],[6.09957,50.47607],[6.09969,50.47567],[6.09963,50.47492],[6.09895,50.47428],[6.09882,50.47404],[6.09891,50.47376],[6.09955,50.47285],[6.1013,50.4716],[6.10213,50.47133],[6.10223,50.47116],[6.10224,50.47095],[6.10197,50.47005],[6.10136,50.46904],[6.10126,50.46831],[6.10108,50.46783],[6.10122,50.46637],[6.1011,50.46585],[6.10126,50.46555],[6.1017,50.4651],[6.10185,50.46453],[6.10286,50.46358],[6.10333,50.46325],[6.10376,50.46316],[6.10414,50.46285],[6.10434,50.46288],[6.10464,50.46309],[6.10507,50.46298],[6.10543,50.46327],[6.10594,50.4635],[6.10704,50.46362],[6.10756,50.46389],[6.10923,50.46426],[6.11093,50.4653],[6.11156,50.46554],[6.11338,50.46603],[6.11433,50.46654],[6.11633,50.46744],[6.11756,50.46784],[6.11954,50.46808],[6.12003,50.46827],[6.12041,50.46832],[6.12086,50.46858],[6.12128,50.46837],[6.12173,50.46829],[6.12207,50.4679],[6.12208,50.46765],[6.12189,50.46699],[6.12166,50.46661],[6.12169,50.46629],[6.12214,50.46639],[6.12319,50.46595],[6.12491,50.46565],[6.12595,50.4659],[6.12662,50.46591],[6.12735,50.46606],[6.12786,50.46602],[6.12928,50.46549],[6.13008,50.465],[6.13046,50.4649],[6.13128,50.46492],[6.13194,50.46509],[6.13313,50.46512],[6.13428,50.46532],[6.13524,50.46574],[6.13539,50.46588],[6.13548,50.4663],[6.13534,50.46661],[6.13543,50.46747],[6.13602,50.46802],[6.13622,50.46838],[6.13621,50.46887],[6.13588,50.46966],[6.13532,50.4696],[6.1346,50.46995],[6.13381,50.47012],[6.13256,50.47003],[6.13209,50.47009],[6.13192,50.47023],[6.13167,50.47097],[6.1317,50.47132],[6.13234,50.47161],[6.1335,50.47172],[6.13417,50.47158],[6.13462,50.47113],[6.13503,50.47091],[6.13605,50.47111],[6.13712,50.47104],[6.13834,50.47071],[6.13959,50.47082],[6.13994,50.47101],[6.14019,50.47131],[6.14145,50.47183],[6.14153,50.47199],[6.14145,50.47223],[6.14128,50.47242],[6.14089,50.47263],[6.14022,50.47267],[6.13963,50.47242],[6.13882,50.47233],[6.13845,50.47214],[6.13762,50.4721],[6.13717,50.47187],[6.13686,50.47188],[6.13719,50.47197],[6.13799,50.47238],[6.13927,50.47264],[6.13997,50.47298],[6.14121,50.47329],[6.1417,50.47354],[6.14296,50.47298],[6.14246,50.47225],[6.14229,50.47178],[6.14204,50.47141],[6.14124,50.47077],[6.14156,50.47043],[6.14171,50.47014],[6.14211,50.47031],[6.14227,50.46988],[6.14298,50.46941],[6.14527,50.46973],[6.14589,50.46966],[6.14601,50.46928],[6.14588,50.46881],[6.14543,50.4686],[6.14505,50.46824],[6.14364,50.46601],[6.14298,50.46543],[6.14162,50.46494],[6.14128,50.46474],[6.14107,50.46442],[6.14113,50.46413],[6.14168,50.46399],[6.14378,50.4638],[6.14427,50.4638],[6.14511,50.46395],[6.14625,50.46391],[6.14668,50.4638],[6.14691,50.46352],[6.14674,50.46324],[6.14569,50.46278],[6.14463,50.46214],[6.14443,50.46158],[6.14441,50.46126],[6.14475,50.46026],[6.14492,50.45999],[6.14545,50.45965],[6.14647,50.45922],[6.14716,50.45907],[6.14798,50.45922],[6.14836,50.45909],[6.14862,50.4588],[6.14846,50.45835],[6.14851,50.45821],[6.14998,50.4574],[6.15212,50.45715]],[[5.99712,50.49939],[5.99687,50.49936],[5.99758,50.49937],[5.99712,50.49939]],[[6.14545,50.49775],[6.14539,50.49767],[6.14555,50.4976],[6.14585,50.49763],[6.14594,50.49772],[6.14591,50.49785],[6.14581,50.49791],[6.14545,50.49775]],[[6.15212,50.49341],[6.15105,50.49337],[6.15003,50.49354],[6.1498,50.49317],[6.1492,50.49295],[6.14725,50.4934],[6.14689,50.49355],[6.14619,50.49407],[6.14607,50.49463],[6.14666,50.49525],[6.14726,50.49549],[6.14664,50.49572],[6.14629,50.49599],[6.14586,50.49603],[6.14597,50.4964],[6.14562,50.49688],[6.14596,50.49717],[6.14522,50.49736],[6.14491,50.49729],[6.14469,50.49716],[6.14468,50.49686],[6.14447,50.4964],[6.14467,50.49608],[6.14523,50.49572],[6.145,50.49556],[6.14463,50.49547],[6.14425,50.49557],[6.14414,50.49551],[6.14445,50.49505],[6.14453,50.49464],[6.14479,50.49437],[6.14489,50.49411],[6.14468,50.49328],[6.14418,50.49291],[6.14303,50.4928],[6.1411,50.49291],[6.14017,50.49306],[6.1393,50.4933],[6.13819,50.49341],[6.13626,50.49376],[6.13511,50.49362],[6.13449,50.49373],[6.13346,50.49348],[6.13291,50.49361],[6.13253,50.49337],[6.13217,50.49287],[6.1317,50.49299],[6.13197,50.49269],[6.13181,50.49216],[6.13269,50.49169],[6.13324,50.49092],[6.13317,50.49072],[6.13285,50.49047],[6.1328,50.49002],[6.13271,50.48987],[6.13245,50.48973],[6.1319,50.48965],[6.1324,50.48954],[6.13269,50.48934],[6.13287,50.48911],[6.13293,50.48878],[6.13319,50.48835],[6.13317,50.48821],[6.13295,50.48798],[6.13333,50.48792],[6.13358,50.48775],[6.13354,50.48758],[6.133,50.48706],[6.13292,50.48686],[6.13302,50.48664],[6.13337,50.48632],[6.13351,50.48602],[6.13377,50.48576],[6.13498,50.48556],[6.13512,50.48547],[6.13412,50.48528],[6.13336,50.4853],[6.13302,50.48516],[6.13239,50.48435],[6.1316,50.48356],[6.13118,50.48327],[6.13173,50.48337],[6.13222,50.48303],[6.13215,50.48269],[6.13147,50.48253],[6.13049,50.48258],[6.13008,50.48237],[6.12874,50.48199],[6.12788,50.4816],[6.12799,50.48132],[6.12784,50.48106],[6.12791,50.48091],[6.12809,50.48084],[6.12897,50.48085],[6.13047,50.48045],[6.1323,50.47975],[6.13324,50.47967],[6.13456,50.48029],[6.13464,50.48049],[6.1345,50.48102],[6.13458,50.48133],[6.13495,50.48164],[6.13547,50.48166],[6.13585,50.48131],[6.1362,50.48071],[6.13595,50.48042],[6.13534,50.48026],[6.13517,50.48005],[6.13517,50.47992],[6.13553,50.47967],[6.13588,50.47919],[6.13648,50.47879],[6.13659,50.47856],[6.13651,50.47821],[6.13668,50.47796],[6.13763,50.47729],[6.13804,50.47715],[6.13893,50.47721],[6.13911,50.47711],[6.13948,50.47658],[6.14037,50.47653],[6.14087,50.47632],[6.14123,50.47671],[6.14171,50.47687],[6.14211,50.47717],[6.1426,50.47675],[6.14298,50.47666],[6.14386,50.47705],[6.14451,50.4775],[6.14538,50.47785],[6.14626,50.47792],[6.14669,50.47768],[6.14673,50.47717],[6.14691,50.47685],[6.14698,50.47626],[6.14834,50.47575],[6.14857,50.4756],[6.14897,50.47524],[6.14878,50.47492],[6.14916,50.47465],[6.14966,50.47438],[6.15079,50.47416],[6.15212,50.47416]],[[6.02129,50.49691],[6.02121,50.49683],[6.02123,50.49659],[6.02157,50.49655],[6.02217,50.49658],[6.0226,50.49687],[6.02248,50.49696],[6.02183,50.49701],[6.02129,50.49691]],[[6.01295,50.49549],[6.01254,50.4951],[6.0121,50.49496],[6.01194,50.49446],[6.01215,50.49411],[6.01329,50.49362],[6.01384,50.4938],[6.01459,50.49393],[6.01548,50.49427],[6.01627,50.49441],[6.01677,50.49462],[6.01718,50.49493],[6.01688,50.4952],[6.01652,50.49531],[6.01402,50.49524],[6.01295,50.49549]],[[5.99545,50.49524],[5.99523,50.49495],[5.9954,50.49477],[5.99583,50.49495],[5.99594,50.49515],[5.99587,50.49525],[5.99545,50.49524]],[[6.01045,50.48937],[6.01046,50.48909],[6.01083,50.48911],[6.01108,50.48934],[6.01091,50.48941],[6.01045,50.48937]],[[5.9867,50.48904],[5.98745,50.48902],[5.98768,50.48885],[5.98713,50.48851],[5.9867,50.48842]],[[5.98837,50.4883],[5.98832,50.48826],[5.98856,50.48826],[5.98837,50.4883]],[[6.14337,50.48802],[6.1433,50.48798],[6.14382,50.48798],[6.14337,50.48802]],[[6.14379,50.48756],[6.14372,50.4874],[6.14376,50.48713],[6.14409,50.48689],[6.14427,50.48658],[6.14491,50.486],[6.14542,50.48584],[6.14574,50.48606],[6.14595,50.48661],[6.14596,50.48712],[6.14587,50.4873],[6.14496,50.48739],[6.14423,50.4876],[6.14379,50.48756]],[[6.13045,50.483],[6.13051,50.48298],[6.13045,50.483]],[[6.15129,50.4825],[6.15084,50.4822],[6.15074,50.48196],[6.15078,50.48183],[6.15094,50.48181],[6.15132,50.48213],[6.15138,50.48239],[6.15129,50.4825]],[[5.98962,50.48196],[5.98942,50.48187],[5.98969,50.48182],[5.98973,50.48189],[5.98962,50.48196]],[[5.99462,50.48188],[5.99445,50.48163],[5.9946,50.48151],[5.99477,50.48163],[5.99462,50.48188]],[[5.9892,50.48169],[5.98921,50.48157],[5.9892,50.48169]],[[6.15045,50.48169],[6.1504,50.48159],[6.15047,50.48152],[6.15055,50.4816],[6.15045,50.48169]],[[6.1442,50.47996],[6.14421,50.47982],[6.1442,50.47996]],[[6.14712,50.47998],[6.1466,50.47977],[6.14653,50.47966],[6.1466,50.4795],[6.14684,50.47939],[6.14713,50.47944],[6.14723,50.4797],[6.14712,50.47998]],[[6.14587,50.4794],[6.14587,50.47935],[6.14587,50.4794]],[[6.14879,50.4786],[6.14858,50.47854],[6.14886,50.47853],[6.14879,50.4786]],[[6.1467,50.47839],[6.14646,50.47804],[6.14651,50.47791],[6.14667,50.4778],[6.14678,50.47785],[6.14685,50.478],[6.1467,50.47839]],[[6.09504,50.47774],[6.09488,50.47749],[6.09492,50.47741],[6.09514,50.47743],[6.09547,50.47769],[6.09542,50.47775],[6.09504,50.47774]],[[6.14004,50.47693],[6.1399,50.47686],[6.14008,50.47676],[6.1404,50.47678],[6.14052,50.47686],[6.14043,50.47693],[6.14004,50.47693]],[[6.09545,50.47466],[6.09583,50.47455],[6.09609,50.47465],[6.09588,50.47479],[6.09545,50.47466]],[[6.03254,50.47218],[6.03211,50.47164],[6.03213,50.47149],[6.03257,50.47156],[6.03301,50.47186],[6.03318,50.47209],[6.033,50.47225],[6.03254,50.47218]],[[6.07087,50.47167],[6.07064,50.47158],[6.07084,50.47151],[6.07103,50.47157],[6.07087,50.47167]],[[6.13587,50.47182],[6.13574,50.47164],[6.13579,50.47155],[6.13657,50.47161],[6.1363,50.47179],[6.13587,50.47182]],[[6.1417,50.46956],[6.14166,50.46938],[6.14172,50.46933],[6.14181,50.4694],[6.1417,50.46956]],[[5.99504,50.46882],[5.9961,50.46875],[5.99649,50.46881],[5.99504,50.46882]],[[6.0492,50.46807],[6.0492,50.46797],[6.04965,50.46799],[6.0492,50.46807]],[[6.05754,50.46657],[6.05717,50.4663],[6.05723,50.46606],[6.05755,50.46601],[6.05771,50.46619],[6.05773,50.46636],[6.05754,50.46657]],[[6.0567,50.46563],[6.05651,50.46549],[6.0567,50.46533],[6.05703,50.46534],[6.05726,50.46546],[6.05711,50.46567],[6.0567,50.46563]],[[6.05254,50.46474],[6.05235,50.46459],[6.05264,50.46386],[6.05259,50.46359],[6.05268,50.46347],[6.0529,50.46337],[6.05302,50.46341],[6.05348,50.46409],[6.05422,50.46465],[6.05355,50.46485],[6.05254,50.46474]],[[6.10254,50.4622],[6.10242,50.46215],[6.10263,50.46215],[6.10254,50.4622]],[[6.09962,50.46138],[6.09948,50.46128],[6.0992,50.46068],[6.09963,50.46075],[6.1001,50.46106],[6.10017,50.46126],[6.10011,50.46138],[6.09962,50.46138]],[[6.09795,50.46061],[6.09786,50.46045],[6.09789,50.4602],[6.09819,50.46008],[6.09879,50.46015],[6.09909,50.46045],[6.09876,50.4606],[6.09795,50.46061]],[[6.09587,50.45944],[6.09576,50.45933],[6.09608,50.45908],[6.09601,50.4588],[6.09626,50.45823],[6.0967,50.45796],[6.0968,50.45848],[6.09654,50.45901],[6.09656,50.45933],[6.09587,50.45944]],[[6.08879,50.44354],[6.0872,50.4433],[6.08668,50.44334],[6.08629,50.44326],[6.08564,50.44213],[6.08422,50.44098],[6.08374,50.44078],[6.08341,50.44032],[6.08278,50.43973],[6.08257,50.43936],[6.08079,50.43955],[6.08024,50.43938],[6.08006,50.43904],[6.07944,50.43885],[6.07944,50.43878],[6.07983,50.43856],[6.08112,50.43798],[6.08118,50.43789],[6.08114,50.43774],[6.08056,50.43742],[6.07965,50.4373],[6.07919,50.43716],[6.07882,50.43655],[6.07816,50.4361],[6.07798,50.43574],[6.07752,50.4355],[6.07726,50.43522],[6.07744,50.43491],[6.07777,50.43487],[6.07799,50.4349],[6.07884,50.4353],[6.07949,50.43536],[6.08002,50.4352],[6.08049,50.43483],[6.08084,50.43473],[6.08261,50.43444],[6.08461,50.43432],[6.08897,50.43478],[6.08923,50.43476],[6.08942,50.43462],[6.08973,50.4338],[6.08937,50.43304],[6.08819,50.43162],[6.08752,50.43105],[6.08676,50.42993],[6.08574,50.42946],[6.08541,50.42892],[6.08399,50.42731],[6.08393,50.4271],[6.08402,50.42689],[6.08421,50.4266],[6.08444,50.42648],[6.0847,50.42642],[6.08502,50.42649],[6.08709,50.42752],[6.08908,50.42825],[6.08915,50.42835],[6.0891,50.42852],[6.08865,50.42883],[6.08899,50.42938],[6.08968,50.43008],[6.09032,50.43037],[6.09096,50.43052],[6.09168,50.43047],[6.09211,50.43027],[6.09249,50.42992],[6.09319,50.42982],[6.09711,50.43048],[6.10046,50.43021],[6.10131,50.42995],[6.10204,50.42933],[6.10276,50.42831],[6.10275,50.42804],[6.10251,50.42769],[6.10282,50.42753],[6.10304,50.42756],[6.10346,50.42781],[6.10501,50.42817],[6.10543,50.42818],[6.10595,50.42804],[6.10782,50.42819],[6.1085,50.42814],[6.1088,50.42825],[6.10906,50.42859],[6.10964,50.42909],[6.10946,50.42967],[6.10987,50.43033],[6.10999,50.43082],[6.11035,50.43066],[6.11054,50.43067],[6.1106,50.43079],[6.11054,50.43105],[6.11093,50.43134],[6.11121,50.43192],[6.11255,50.43214],[6.11271,50.43243],[6.113,50.43269],[6.11253,50.43297],[6.11217,50.43334],[6.11129,50.43326],[6.11089,50.43345],[6.11044,50.4335],[6.10988,50.43384],[6.10965,50.43411],[6.10932,50.43379],[6.10887,50.43378],[6.10782,50.43387],[6.10582,50.43436],[6.10377,50.43583],[6.10337,50.4366],[6.10316,50.43748],[6.10322,50.43789],[6.10348,50.43829],[6.10352,50.43859],[6.10333,50.43904],[6.10295,50.43941],[6.10215,50.43964],[6.0998,50.43974],[6.0984,50.44003],[6.09709,50.44],[6.09638,50.44014],[6.09582,50.44045],[6.09595,50.44073],[6.0959,50.44091],[6.09503,50.44188],[6.09375,50.44228],[6.09299,50.44243],[6.09251,50.44267],[6.0912,50.44308],[6.09017,50.44331],[6.08967,50.44356],[6.08879,50.44354]],[[6.1017,50.43996],[6.10164,50.43991],[6.10168,50.43975],[6.10188,50.43966],[6.10219,50.43972],[6.10241,50.43989],[6.10219,50.44],[6.1017,50.43996]],[[6.08212,50.43857],[6.08162,50.43833],[6.08166,50.43808],[6.08181,50.43808],[6.08207,50.43831],[6.0822,50.43851],[6.08212,50.43857]],[[6.13712,50.43475],[6.13711,50.43463],[6.13712,50.43475]],[[6.11879,50.43437],[6.11837,50.43406],[6.11781,50.43381],[6.11796,50.43372],[6.11845,50.4337],[6.11879,50.43354],[6.11873,50.43325],[6.11904,50.43305],[6.11909,50.4329],[6.11877,50.43256],[6.11795,50.4324],[6.11779,50.43216],[6.11795,50.43187],[6.11923,50.43231],[6.12003,50.43243],[6.12092,50.43269],[6.12094,50.43298],[6.12043,50.43304],[6.12008,50.43328],[6.12002,50.43425],[6.11992,50.4344],[6.11954,50.43451],[6.11879,50.43437]],[[6.13545,50.43217],[6.13539,50.43215],[6.13545,50.43217]],[[6.15212,50.42609],[6.15167,50.42586],[6.15116,50.42578],[6.15011,50.42599],[6.14953,50.42603],[6.14931,50.4263],[6.14917,50.42675],[6.14878,50.42742],[6.14839,50.42759],[6.14782,50.42764],[6.14662,50.42791],[6.14611,50.42849],[6.14587,50.42909],[6.14546,50.42938],[6.14458,50.42898],[6.14343,50.4288],[6.14133,50.42824],[6.14084,50.42799],[6.14055,50.42768],[6.13934,50.42732],[6.13829,50.42765],[6.13758,50.42734],[6.13707,50.42725],[6.13587,50.42683],[6.13548,50.42678],[6.13444,50.42678],[6.1326,50.42716],[6.13206,50.42713],[6.13129,50.42751],[6.13053,50.42799],[6.13001,50.4282],[6.12981,50.42845],[6.12996,50.42936],[6.13031,50.42974],[6.13033,50.4302],[6.13057,50.43043],[6.13055,50.43055],[6.12993,50.43073],[6.1296,50.43103],[6.12927,50.43112],[6.12801,50.43096],[6.12786,50.43103],[6.12794,50.43121],[6.12834,50.43116],[6.12846,50.43131],[6.12867,50.43138],[6.1298,50.43145],[6.1303,50.43162],[6.1305,50.43184],[6.13011,50.43194],[6.12902,50.43171],[6.12728,50.4316],[6.12733,50.43126],[6.12725,50.43108],[6.12628,50.42996],[6.12545,50.42882],[6.12465,50.42859],[6.12411,50.42862],[6.12391,50.42851],[6.12376,50.42828],[6.12364,50.42826],[6.12272,50.42838],[6.12178,50.4284],[6.12082,50.42859],[6.11967,50.42781],[6.11915,50.42772],[6.11903,50.42749],[6.11942,50.42718],[6.11952,50.42683],[6.12001,50.42627],[6.12019,50.42574],[6.12024,50.42499],[6.12035,50.42484],[6.12059,50.42479],[6.12157,50.42483],[6.12254,50.42466],[6.12308,50.42441],[6.12494,50.42319],[6.12545,50.42296],[6.1258,50.42312],[6.12605,50.42311],[6.12632,50.42301],[6.12647,50.42274],[6.12663,50.42262],[6.12715,50.42261],[6.12757,50.42243],[6.12916,50.42214],[6.12961,50.42225],[6.13027,50.4222],[6.13095,50.42233],[6.13218,50.4224],[6.13381,50.42268],[6.13386,50.42273],[6.13362,50.42293],[6.1336,50.42303],[6.13418,50.42358],[6.13517,50.42399],[6.1363,50.42407],[6.13683,50.42428],[6.13759,50.42415],[6.13804,50.42388],[6.13806,50.42379],[6.13781,50.42338],[6.13785,50.42324],[6.13809,50.42325],[6.13841,50.42343],[6.1388,50.42326],[6.13965,50.42321],[6.14049,50.42285],[6.14277,50.42233],[6.1449,50.42238],[6.14587,50.42182],[6.1467,50.42159],[6.14944,50.4217],[6.15074,50.42139],[6.15098,50.42144],[6.15129,50.42164],[6.1517,50.42149],[6.15212,50.42151]],[[6.13087,50.43164],[6.1307,50.43159],[6.13089,50.43157],[6.13087,50.43164]],[[6.14629,50.43035],[6.14607,50.43021],[6.14626,50.43007],[6.14644,50.43019],[6.14629,50.43035]],[[6.15212,50.42959],[6.1519,50.42938],[6.15183,50.42918],[6.15212,50.42888]],[[6.12337,50.42893],[6.1232,50.42879],[6.12341,50.42861],[6.12374,50.42864],[6.12392,50.42879],[6.12337,50.42893]],[[6.13879,50.4283],[6.13885,50.42822],[6.13925,50.42826],[6.13879,50.4283]],[[6.13962,50.42804],[6.13954,50.42797],[6.13961,50.42784],[6.13968,50.42796],[6.13962,50.42804]],[[6.10254,50.42733],[6.10223,50.42716],[6.10262,50.42714],[6.10254,50.42733]],[[6.13837,50.42079],[6.13827,50.42075],[6.13838,50.4207],[6.13837,50.42079]],[[6.14587,50.41941],[6.14546,50.41924],[6.14459,50.41855],[6.14442,50.41828],[6.14461,50.41798],[6.14553,50.41779],[6.14634,50.41795],[6.14675,50.41823],[6.14681,50.41848],[6.14671,50.41872],[6.1463,50.41915],[6.14587,50.41941]],[[6.08636,50.40826],[6.08628,50.40854],[6.08741,50.40899],[6.08959,50.40905],[6.09045,50.40881],[6.09119,50.40914],[6.09173,50.40916],[6.09213,50.40937],[6.09206,50.40966],[6.09215,50.40994],[6.09195,50.41016],[6.09188,50.4105],[6.09059,50.41051],[6.09006,50.41077],[6.08989,50.41105],[6.08907,50.41183],[6.08937,50.41234],[6.08935,50.4125],[6.08837,50.41326],[6.08793,50.41337],[6.08754,50.41332],[6.08674,50.41312],[6.08511,50.41252],[6.08465,50.41246],[6.08339,50.41273],[6.08324,50.41294],[6.08319,50.41335],[6.08297,50.41355],[6.08279,50.41354],[6.08169,50.41327],[6.0813,50.41283],[6.07998,50.4119],[6.07957,50.41136],[6.07964,50.41118],[6.08008,50.41104],[6.07938,50.41097],[6.07911,50.41079],[6.07916,50.41064],[6.07945,50.41047],[6.07946,50.4102],[6.07962,50.41001],[6.08002,50.40992],[6.08048,50.41],[6.08063,50.40992],[6.08068,50.40937],[6.08131,50.40882],[6.08074,50.40854],[6.08084,50.40826]],[[6.08337,50.41114],[6.0825,50.4108],[6.08245,50.41046],[6.08379,50.41014],[6.08394,50.41053],[6.08379,50.41104],[6.08337,50.41114]]]}},{"type":"Feature","properties":{"ele":570},"geometry":{"type":"MultiLineString","coordinates":[[[5.99843,50.50132],[5.99879,50.50104],[5.99922,50.50048],[5.99892,50.4999],[5.99878,50.49986],[5.99838,50.50021],[5.99787,50.50035],[5.99744,50.50025],[5.99699,50.50002],[5.99616,50.4999],[5.99668,50.4997],[5.99752,50.49969],[5.9992,50.49937],[5.99943,50.49967],[5.99993,50.49993],[5.99987,50.50047],[6.00037,50.50082],[6.00033,50.50103],[5.99992,50.50132]],[[6.00206,50.50132],[6.0018,50.50098],[6.00054,50.50069],[6.0003,50.50052],[6.0001,50.49998],[6.00015,50.49963],[6.00003,50.49937],[6.00043,50.49927],[6.00115,50.49926],[6.00136,50.49918],[6.0014,50.49907],[6.00095,50.49847],[6.00045,50.49799],[6.0006,50.49768],[6.00054,50.4974],[5.99982,50.49691],[5.99919,50.4966],[5.99871,50.49577],[5.9986,50.49526],[5.99819,50.4947],[5.9982,50.49456],[5.99834,50.49436],[5.99902,50.4941],[5.99917,50.4938],[5.99963,50.49352],[6.00032,50.49341],[6.00204,50.4937],[6.00378,50.49373],[6.00425,50.49384],[6.00506,50.49381],[6.00548,50.49396],[6.0059,50.49433],[6.00622,50.49437],[6.00725,50.49384],[6.00753,50.49353],[6.00777,50.49349],[6.00871,50.49363],[6.00975,50.49365],[6.01083,50.49382],[6.01147,50.49413],[6.01151,50.49477],[6.01135,50.49522],[6.01145,50.49545],[6.01218,50.4957],[6.01262,50.49604],[6.013,50.49649],[6.0138,50.49691],[6.01449,50.49704],[6.01511,50.497],[6.01545,50.49687],[6.01559,50.49658],[6.01587,50.49631],[6.01699,50.49646],[6.01791,50.49647],[6.01832,50.49664],[6.01844,50.49683],[6.01857,50.49742],[6.01915,50.49779],[6.01912,50.498],[6.01878,50.49826],[6.01877,50.49853],[6.01926,50.49898],[6.02006,50.49906],[6.02173,50.49896],[6.02402,50.49987],[6.02426,50.49985],[6.0246,50.49962],[6.02482,50.49964],[6.02482,50.49996],[6.02507,50.50009],[6.02543,50.50007],[6.02582,50.49981],[6.02623,50.49985],[6.02637,50.49994],[6.02615,50.50023],[6.02647,50.50035],[6.02714,50.50035],[6.02798,50.50003],[6.02855,50.5002],[6.02912,50.50056],[6.02985,50.5007],[6.03181,50.50079],[6.03209,50.50074],[6.0322,50.50051],[6.03215,50.50043],[6.03159,50.50027],[6.03084,50.49942],[6.03014,50.49896],[6.0279,50.49856],[6.02769,50.49794],[6.02703,50.49772],[6.02679,50.49732],[6.02587,50.49687],[6.02547,50.4963],[6.02522,50.49616],[6.02485,50.49615],[6.02428,50.4964],[6.02378,50.49675],[6.02334,50.49679],[6.02178,50.49617],[6.02079,50.49606],[6.02065,50.49577],[6.0213,50.49549],[6.02142,50.49523],[6.02132,50.49507],[6.02037,50.49548],[6.02017,50.49576],[6.01956,50.49579],[6.01853,50.49523],[6.01829,50.49497],[6.0175,50.49467],[6.01679,50.49379],[6.01626,50.4936],[6.0154,50.49357],[6.01548,50.49327],[6.016,50.49299],[6.01631,50.49291],[6.01664,50.49302],[6.0172,50.49354],[6.0175,50.49363],[6.01769,50.49358],[6.01769,50.49347],[6.01739,50.49325],[6.01697,50.49271],[6.01709,50.49255],[6.0174,50.49243],[6.01709,50.49241],[6.01668,50.49258],[6.01645,50.49249],[6.01635,50.49234],[6.01673,50.49163],[6.01729,50.49134],[6.01755,50.49079],[6.01796,50.49049],[6.01794,50.49042],[6.01776,50.49016],[6.01748,50.48996],[6.01652,50.48982],[6.01609,50.48969],[6.0156,50.48883],[6.01503,50.48855],[6.01424,50.48795],[6.01381,50.48783],[6.01295,50.48781],[6.01244,50.48749],[6.012,50.48687],[6.01178,50.4864],[6.01191,50.486],[6.01151,50.48564],[6.0113,50.4852],[6.01086,50.48497],[6.0107,50.48477],[6.01061,50.48425],[6.0105,50.48406],[6.00969,50.48376],[6.0084,50.48353],[6.00799,50.48323],[6.00619,50.48269],[6.00557,50.48236],[6.00453,50.48216],[6.00406,50.48189],[6.00411,50.48144],[6.00396,50.48129],[6.00215,50.48098],[6.0017,50.48076],[5.99996,50.4807],[5.99955,50.48062],[5.9992,50.48042],[5.99876,50.4804],[5.99864,50.48019],[5.99925,50.47966],[5.99918,50.47957],[5.99866,50.47957],[5.99787,50.47983],[5.9972,50.47978],[5.99664,50.47969],[5.99623,50.47929],[5.99459,50.47928],[5.99415,50.47914],[5.9942,50.47879],[5.99451,50.47852],[5.99506,50.47827],[5.99527,50.47807],[5.99528,50.47794],[5.99449,50.47746],[5.99439,50.4771],[5.99341,50.47656],[5.99293,50.47616],[5.99286,50.476],[5.99302,50.47575],[5.9925,50.4756],[5.99199,50.47524],[5.99165,50.47466],[5.9918,50.47437],[5.99162,50.47405],[5.99191,50.47381],[5.9921,50.47351],[5.99249,50.47341],[5.9929,50.47356],[5.99305,50.47352],[5.99325,50.47328],[5.99327,50.47293],[5.99344,50.47248],[5.99481,50.47161],[5.99501,50.47103],[5.99567,50.47072],[5.99674,50.47049],[5.99756,50.47042],[5.99796,50.47026],[5.99802,50.47016],[5.99782,50.46971],[5.9979,50.46958],[5.99832,50.46959],[5.99892,50.46976],[5.99938,50.4697],[5.99946,50.46962],[5.9994,50.4694],[5.99947,50.46928],[6.00009,50.46894],[6.00046,50.46847],[6.0013,50.46799],[6.0011,50.46748],[6.0008,50.46717],[6.00035,50.46692],[5.99962,50.46687],[5.99922,50.46672],[5.99877,50.46633],[5.99868,50.46606],[5.99878,50.46576],[5.99919,50.46547],[5.99944,50.46514],[6.00129,50.46354],[5.99953,50.46456],[5.99837,50.46494],[5.99822,50.46467],[5.99822,50.46432],[5.99806,50.46373],[5.99829,50.46339],[5.99889,50.46307],[5.99893,50.46262],[5.99945,50.46184],[6.00027,50.46132],[6.00048,50.4605],[6.00079,50.45983],[6.00127,50.45965],[6.0017,50.45967],[6.00287,50.45953],[6.00366,50.45982],[6.00432,50.45985],[6.00546,50.4602],[6.0046,50.46045],[6.00484,50.46068],[6.00486,50.4608],[6.00421,50.46132],[6.00413,50.46165],[6.00379,50.46215],[6.00423,50.462],[6.00496,50.46206],[6.00527,50.46198],[6.00547,50.46189],[6.00559,50.46154],[6.00579,50.46128],[6.0067,50.46079],[6.00735,50.46062],[6.00757,50.46064],[6.00804,50.46122],[6.00806,50.46135],[6.00787,50.46168],[6.00803,50.46216],[6.00756,50.46247],[6.00743,50.46263],[6.00744,50.463],[6.00723,50.46331],[6.00716,50.46363],[6.00727,50.46411],[6.00726,50.46462],[6.0069,50.46499],[6.00707,50.46523],[6.00762,50.4655],[6.00796,50.46656],[6.00773,50.46724],[6.00771,50.46795],[6.00847,50.46826],[6.00781,50.46853],[6.00791,50.46909],[6.00873,50.46928],[6.00937,50.46963],[6.00946,50.47005],[6.00941,50.47074],[6.00951,50.4709],[6.0097,50.471],[6.0124,50.47075],[6.01281,50.46994],[6.01284,50.46953],[6.01295,50.46937],[6.0134,50.46917],[6.01407,50.4692],[6.01471,50.46945],[6.01588,50.46945],[6.01623,50.46936],[6.01666,50.46906],[6.01704,50.46895],[6.0185,50.46904],[6.02053,50.46857],[6.02057,50.46849],[6.02031,50.46825],[6.02093,50.46812],[6.02171,50.46771],[6.02181,50.46734],[6.02211,50.46686],[6.02297,50.46687],[6.02376,50.46704],[6.02501,50.467],[6.02548,50.46712],[6.0259,50.46732],[6.02662,50.46728],[6.02752,50.46745],[6.03011,50.46761],[6.03048,50.4677],[6.03108,50.46802],[6.03238,50.46851],[6.03263,50.46875],[6.03261,50.46887],[6.0324,50.46895],[6.03092,50.46901],[6.03073,50.46911],[6.03087,50.46937],[6.03129,50.46937],[6.03178,50.46958],[6.03193,50.46977],[6.03194,50.47001],[6.0316,50.47049],[6.03176,50.47102],[6.03161,50.47136],[6.03211,50.47215],[6.03238,50.47239],[6.03277,50.47253],[6.03329,50.47256],[6.0338,50.47245],[6.03428,50.47218],[6.03546,50.47214],[6.03587,50.47243],[6.03592,50.47272],[6.03616,50.47301],[6.03731,50.47357],[6.03735,50.47383],[6.03725,50.47411],[6.03697,50.47459],[6.03658,50.47494],[6.03627,50.47542],[6.03612,50.47605],[6.03588,50.47624],[6.03541,50.47635],[6.03595,50.47653],[6.03672,50.47659],[6.0386,50.47707],[6.03959,50.47706],[6.04003,50.47715],[6.04251,50.4773],[6.04392,50.47749],[6.04425,50.47746],[6.04483,50.47715],[6.04445,50.47651],[6.04439,50.47595],[6.04423,50.47576],[6.0435,50.47569],[6.04289,50.47548],[6.04245,50.47523],[6.04225,50.47484],[6.04232,50.47397],[6.0421,50.47353],[6.04205,50.47323],[6.04267,50.47318],[6.043,50.47298],[6.04261,50.47278],[6.04208,50.47271],[6.04254,50.47261],[6.04304,50.47225],[6.04355,50.47223],[6.04424,50.47238],[6.04554,50.47321],[6.04645,50.47323],[6.04636,50.47332],[6.04589,50.47333],[6.04579,50.4736],[6.04631,50.4742],[6.04666,50.47439],[6.04684,50.4744],[6.04782,50.47429],[6.04875,50.47408],[6.04918,50.47377],[6.04945,50.47322],[6.05027,50.47287],[6.05063,50.47283],[6.05133,50.47298],[6.05145,50.47273],[6.05125,50.47246],[6.05125,50.47212],[6.05174,50.47161],[6.05214,50.47131],[6.05248,50.47091],[6.0533,50.47066],[6.05359,50.4702],[6.05379,50.47004],[6.05538,50.47054],[6.05591,50.47052],[6.05633,50.47032],[6.05701,50.471],[6.05796,50.47174],[6.05837,50.4719],[6.05924,50.47181],[6.06003,50.47255],[6.06032,50.47262],[6.06092,50.47246],[6.06181,50.47193],[6.06295,50.4716],[6.06392,50.47113],[6.06425,50.47114],[6.06513,50.47171],[6.06583,50.47196],[6.06615,50.47198],[6.06634,50.47193],[6.06665,50.47152],[6.06705,50.47128],[6.0675,50.47126],[6.06799,50.47135],[6.06805,50.47128],[6.06795,50.47104],[6.06928,50.47074],[6.06939,50.47082],[6.06941,50.47102],[6.06859,50.4715],[6.06855,50.47164],[6.06918,50.47179],[6.06999,50.47164],[6.07041,50.47195],[6.07079,50.47205],[6.07168,50.47199],[6.07254,50.47206],[6.0731,50.47235],[6.0733,50.47262],[6.07322,50.47279],[6.07295,50.47298],[6.07241,50.47322],[6.07004,50.4724],[6.06897,50.4723],[6.06827,50.47242],[6.06932,50.4726],[6.07062,50.47326],[6.07173,50.47353],[6.07223,50.47354],[6.07295,50.47325],[6.07339,50.47291],[6.0742,50.47293],[6.07506,50.47317],[6.07542,50.47305],[6.07581,50.4728],[6.07615,50.47279],[6.07645,50.47291],[6.07657,50.47307],[6.07659,50.47363],[6.07628,50.47409],[6.07628,50.4744],[6.07634,50.47447],[6.07671,50.47468],[6.07777,50.47496],[6.07924,50.47487],[6.07965,50.47491],[6.07956,50.47528],[6.07991,50.47543],[6.08036,50.47538],[6.08088,50.47512],[6.08188,50.47494],[6.08213,50.47477],[6.08253,50.47497],[6.08302,50.47494],[6.08247,50.47483],[6.08229,50.4747],[6.08234,50.47463],[6.0834,50.4745],[6.08423,50.47464],[6.08417,50.47484],[6.08373,50.47494],[6.08444,50.47497],[6.08483,50.47512],[6.085,50.47524],[6.0853,50.47581],[6.08533,50.47609],[6.08512,50.47709],[6.08431,50.47772],[6.08341,50.478],[6.08253,50.47852],[6.08273,50.47934],[6.0822,50.47968],[6.08198,50.47992],[6.08196,50.48005],[6.08209,50.48028],[6.08251,50.48042],[6.08377,50.48015],[6.08558,50.48019],[6.08566,50.48027],[6.08566,50.48043],[6.08543,50.48105],[6.08596,50.48137],[6.08633,50.48133],[6.08655,50.48102],[6.08672,50.48049],[6.08741,50.48029],[6.08772,50.4803],[6.08833,50.4806],[6.08871,50.48064],[6.08922,50.48056],[6.09004,50.48018],[6.09045,50.48014],[6.09088,50.48022],[6.09101,50.47988],[6.09099,50.47949],[6.09062,50.47849],[6.0907,50.47821],[6.09093,50.47798],[6.09162,50.47787],[6.09293,50.47814],[6.09454,50.47809],[6.09559,50.4783],[6.09587,50.47826],[6.09621,50.47798],[6.09643,50.47765],[6.09683,50.47746],[6.09714,50.47754],[6.09728,50.47776],[6.09723,50.47823],[6.097,50.47854],[6.09709,50.47883],[6.09756,50.47894],[6.09802,50.47891],[6.09825,50.47881],[6.09833,50.47854],[6.0984,50.47853],[6.09879,50.47904],[6.0989,50.47937],[6.10003,50.47973],[6.10049,50.48017],[6.10068,50.48075],[6.1015,50.4813],[6.10235,50.48147],[6.10291,50.4812],[6.10329,50.48115],[6.10351,50.48121],[6.10409,50.48161],[6.10502,50.48188],[6.10621,50.48201],[6.10712,50.48187],[6.10702,50.48159],[6.10632,50.48128],[6.10601,50.48102],[6.10558,50.48047],[6.10516,50.47958],[6.10464,50.47935],[6.10297,50.47822],[6.10192,50.47709],[6.10115,50.47676],[6.10043,50.47663],[6.10008,50.47606],[6.10005,50.47527],[6.09981,50.47456],[6.09994,50.47406],[6.10046,50.47327],[6.10197,50.47211],[6.103,50.47161],[6.10311,50.47144],[6.10335,50.47067],[6.10302,50.46911],[6.10298,50.46859],[6.10313,50.46821],[6.10311,50.46772],[6.10296,50.46735],[6.10253,50.46715],[6.10376,50.46657],[6.10394,50.46595],[6.1044,50.46523],[6.10466,50.46502],[6.10591,50.46491],[6.10662,50.46495],[6.10741,50.46517],[6.10804,50.46507],[6.10836,50.46527],[6.10907,50.46547],[6.11011,50.46602],[6.11162,50.46649],[6.11248,50.46666],[6.11305,50.467],[6.11617,50.46833],[6.11675,50.46869],[6.11836,50.46919],[6.11919,50.46967],[6.11966,50.47017],[6.12002,50.47033],[6.12039,50.47028],[6.12085,50.47006],[6.1215,50.46998],[6.12305,50.46945],[6.12358,50.46906],[6.12413,50.46823],[6.12462,50.46808],[6.12508,50.46773],[6.12503,50.46743],[6.12624,50.4675],[6.12684,50.46733],[6.12811,50.46769],[6.12838,50.46798],[6.12808,50.46828],[6.12788,50.46875],[6.12786,50.46953],[6.12813,50.47033],[6.12845,50.4708],[6.12846,50.47106],[6.12825,50.47133],[6.12845,50.47155],[6.12847,50.47185],[6.12861,50.47212],[6.12855,50.47222],[6.12834,50.47227],[6.12792,50.4721],[6.12754,50.47237],[6.12744,50.47272],[6.1278,50.47298],[6.12732,50.4732],[6.12723,50.47356],[6.12704,50.47357],[6.12601,50.47323],[6.12558,50.47331],[6.12539,50.47356],[6.12562,50.47407],[6.12579,50.47426],[6.12636,50.47431],[6.12649,50.47465],[6.1267,50.47477],[6.1273,50.47484],[6.12824,50.47515],[6.12879,50.4751],[6.12923,50.47523],[6.13027,50.47484],[6.13126,50.47488],[6.13255,50.47439],[6.13305,50.4741],[6.13374,50.4734],[6.13413,50.47323],[6.13444,50.47321],[6.13502,50.47327],[6.1361,50.47366],[6.1367,50.4736],[6.13742,50.4742],[6.13796,50.47417],[6.13816,50.47436],[6.13796,50.47465],[6.1363,50.47554],[6.13607,50.47575],[6.13593,50.47606],[6.13536,50.47624],[6.13506,50.4766],[6.13459,50.47657],[6.13429,50.47685],[6.13405,50.47737],[6.1337,50.47768],[6.13254,50.47804],[6.13077,50.47824],[6.12959,50.47868],[6.12908,50.47864],[6.12894,50.47851],[6.12886,50.47824],[6.12837,50.47783],[6.12767,50.47756],[6.12709,50.4775],[6.12626,50.47757],[6.12544,50.47738],[6.12444,50.47768],[6.12379,50.47771],[6.12342,50.47742],[6.12309,50.47744],[6.12294,50.4776],[6.123,50.47793],[6.12336,50.47828],[6.12455,50.47793],[6.12503,50.47791],[6.12541,50.47804],[6.12576,50.47828],[6.12626,50.47836],[6.12669,50.47854],[6.12753,50.47866],[6.12772,50.47884],[6.12753,50.47909],[6.12683,50.47929],[6.12629,50.47909],[6.12537,50.47901],[6.12495,50.47877],[6.12462,50.47846],[6.12383,50.47886],[6.12297,50.47889],[6.12285,50.47909],[6.12337,50.47922],[6.12475,50.47993],[6.12355,50.48035],[6.1225,50.48047],[6.12212,50.48081],[6.12212,50.48132],[6.12248,50.48165],[6.12277,50.48175],[6.12382,50.4817],[6.1241,50.48203],[6.12419,50.48249],[6.12589,50.48297],[6.126,50.48323],[6.12623,50.48338],[6.12715,50.48352],[6.12711,50.48382],[6.12809,50.48424],[6.12918,50.48456],[6.13,50.4845],[6.13026,50.4846],[6.13063,50.48545],[6.13012,50.48588],[6.13013,50.48659],[6.12965,50.48694],[6.12958,50.48771],[6.13025,50.4877],[6.13015,50.48738],[6.13042,50.4871],[6.13086,50.48738],[6.13132,50.4874],[6.13129,50.48753],[6.1308,50.4875],[6.13059,50.48771],[6.13167,50.48828],[6.13212,50.48878],[6.13258,50.48908],[6.13225,50.48923],[6.13144,50.48941],[6.13006,50.48953],[6.1294,50.48937],[6.12898,50.48912],[6.12879,50.48889],[6.12869,50.48911],[6.12828,50.48956],[6.12827,50.48969],[6.12898,50.49043],[6.12907,50.49078],[6.12886,50.49132],[6.12816,50.49182],[6.12814,50.4919],[6.12848,50.49214],[6.13002,50.49275],[6.13029,50.49294],[6.13036,50.4931],[6.13021,50.49359],[6.12974,50.49418],[6.12878,50.49465],[6.12889,50.4949],[6.12928,50.49506],[6.13048,50.49512],[6.13126,50.49499],[6.13178,50.49474],[6.1323,50.49472],[6.13303,50.49487],[6.13337,50.49523],[6.13421,50.49524],[6.13496,50.49497],[6.13588,50.49493],[6.13721,50.49459],[6.13967,50.49433],[6.14092,50.49388],[6.14095,50.49378],[6.14074,50.49332],[6.14088,50.49322],[6.14212,50.49298],[6.1438,50.49298],[6.1442,50.49311],[6.14441,50.49329],[6.14452,50.49415],[6.14424,50.49444],[6.14358,50.49463],[6.14386,50.49491],[6.14382,50.49522],[6.14339,50.4955],[6.14259,50.49619],[6.14146,50.49664],[6.14124,50.49685],[6.14127,50.49704],[6.14155,50.49744],[6.14216,50.49779],[6.14253,50.49778],[6.14423,50.49739],[6.14609,50.49843],[6.14625,50.49859],[6.14629,50.49883],[6.14629,50.49854],[6.14602,50.49835],[6.14598,50.49821],[6.14659,50.49758],[6.14711,50.49658],[6.14756,50.49633],[6.14751,50.49603],[6.14798,50.49598],[6.14839,50.49613],[6.14886,50.49575],[6.14883,50.49548],[6.14873,50.49541],[6.14808,50.49526],[6.14749,50.49523],[6.14665,50.49494],[6.14653,50.49467],[6.14657,50.49439],[6.14669,50.49409],[6.14703,50.49379],[6.14752,50.49353],[6.14928,50.49321],[6.1495,50.49335],[6.14977,50.49381],[6.14961,50.49395],[6.14911,50.49405],[6.14905,50.49431],[6.14962,50.49496],[6.15005,50.49494],[6.15032,50.49467],[6.15042,50.49436],[6.15074,50.49427],[6.151,50.49429],[6.15138,50.4945],[6.15212,50.49447]],[[6.0242,50.49946],[6.02411,50.49938],[6.02419,50.49932],[6.02428,50.49937],[6.0242,50.49946]],[[6.02212,50.49908],[6.02194,50.49873],[6.02214,50.49836],[6.02231,50.49863],[6.02212,50.49908]],[[6.01087,50.4966],[6.0114,50.49659],[6.01087,50.4966]],[[6.01837,50.49218],[6.01824,50.49215],[6.01842,50.49215],[6.01837,50.49218]],[[6.1317,50.49177],[6.13137,50.49157],[6.13119,50.49129],[6.13174,50.49105],[6.13179,50.49082],[6.13193,50.49074],[6.13217,50.49074],[6.13264,50.49097],[6.13264,50.49116],[6.1323,50.49161],[6.1317,50.49177]],[[6.01962,50.4908],[6.01892,50.49019],[6.01923,50.49012],[6.01964,50.4902],[6.01984,50.49051],[6.02015,50.49076],[6.02002,50.49084],[6.01962,50.4908]],[[6.01545,50.4898],[6.01533,50.48968],[6.01538,50.48956],[6.01553,50.48953],[6.01572,50.48962],[6.01569,50.4897],[6.01545,50.4898]],[[6.01795,50.48948],[6.0178,50.48931],[6.01727,50.48908],[6.01746,50.48898],[6.01763,50.48901],[6.01799,50.48936],[6.01795,50.48948]],[[6.01587,50.48826],[6.01544,50.48788],[6.01461,50.48743],[6.01451,50.48717],[6.01457,50.48699],[6.01468,50.48699],[6.01504,50.4873],[6.01554,50.48743],[6.01607,50.4877],[6.01656,50.4882],[6.01651,50.48831],[6.0163,50.48839],[6.01587,50.48826]],[[6.13212,50.48832],[6.13177,50.4882],[6.13147,50.48779],[6.13147,50.48769],[6.13174,50.4876],[6.13213,50.48768],[6.1327,50.48824],[6.13253,50.48842],[6.13212,50.48832]],[[6.0142,50.48647],[6.01377,50.48603],[6.01399,50.48607],[6.01433,50.48627],[6.0142,50.48647]],[[6.13129,50.48632],[6.13074,50.48605],[6.13063,50.48585],[6.13068,50.48571],[6.13089,50.48563],[6.13148,50.48599],[6.13149,50.48613],[6.13129,50.48632]],[[6.14504,50.48646],[6.14503,50.4863],[6.14518,50.48632],[6.14504,50.48646]],[[6.00212,50.48165],[6.00203,50.48158],[6.00213,50.48149],[6.00222,50.48159],[6.00212,50.48165]],[[6.1242,50.48171],[6.124,50.48163],[6.124,50.48152],[6.12427,50.48131],[6.12503,50.481],[6.12549,50.48099],[6.12591,50.48132],[6.12587,50.48159],[6.1242,50.48171]],[[6.12254,50.48136],[6.12229,50.48132],[6.12254,50.4813],[6.12254,50.48136]],[[6.13379,50.47805],[6.1337,50.47798],[6.13377,50.47787],[6.13379,50.47805]],[[6.09629,50.47761],[6.09619,50.47746],[6.09622,50.47734],[6.09636,50.47731],[6.09654,50.4774],[6.09652,50.47749],[6.09629,50.47761]],[[6.0942,50.47632],[6.09447,50.476],[6.09471,50.47591],[6.09548,50.47603],[6.09571,50.47628],[6.09546,50.47637],[6.0942,50.47632]],[[6.03295,50.47477],[6.03292,50.47464],[6.03339,50.47457],[6.0338,50.47433],[6.03423,50.47384],[6.03426,50.47338],[6.03436,50.47324],[6.03467,50.47317],[6.03497,50.47335],[6.03507,50.47353],[6.03504,50.47382],[6.03472,50.47419],[6.03381,50.47439],[6.03334,50.47485],[6.03295,50.47477]],[[6.06629,50.47383],[6.06579,50.47352],[6.06578,50.4731],[6.06592,50.47287],[6.06636,50.4727],[6.06763,50.47302],[6.06767,50.47331],[6.06703,50.47375],[6.06673,50.47386],[6.06629,50.47383]],[[6.03129,50.47362],[6.03122,50.47351],[6.03132,50.47335],[6.03147,50.47353],[6.03129,50.47362]],[[5.99379,50.47329],[5.99358,50.47324],[5.99395,50.47293],[5.99461,50.47267],[5.99507,50.47268],[5.99551,50.47299],[5.99539,50.47313],[5.9951,50.47328],[5.99428,50.47338],[5.99379,50.47329]],[[6.04754,50.47313],[6.04733,50.47295],[6.04732,50.47248],[6.04765,50.47217],[6.04748,50.47187],[6.04775,50.47159],[6.04712,50.47105],[6.04711,50.47075],[6.04736,50.47046],[6.04754,50.46962],[6.04791,50.46933],[6.04851,50.46932],[6.04865,50.46946],[6.0485,50.47001],[6.04848,50.47071],[6.04903,50.47126],[6.04905,50.47144],[6.04891,50.47185],[6.04927,50.47244],[6.04878,50.47275],[6.04754,50.47313]],[[6.13962,50.47224],[6.13868,50.47188],[6.13833,50.47164],[6.13753,50.47162],[6.13747,50.47152],[6.13763,50.47141],[6.1384,50.47155],[6.13906,50.47129],[6.13956,50.47124],[6.14,50.47151],[6.14097,50.47184],[6.14105,50.47196],[6.141,50.47221],[6.14074,50.47236],[6.14037,50.47238],[6.13962,50.47224]],[[6.03379,50.47195],[6.03286,50.47137],[6.03288,50.47118],[6.03304,50.47113],[6.03328,50.47122],[6.03379,50.47159],[6.0339,50.47184],[6.03379,50.47195]],[[6.05004,50.47197],[6.0498,50.47188],[6.04973,50.47175],[6.04982,50.47116],[6.05002,50.47075],[6.05043,50.47078],[6.05097,50.47101],[6.05051,50.47161],[6.05004,50.47197]],[[6.15212,50.47195],[6.15143,50.47159],[6.15084,50.47141],[6.14959,50.47086],[6.14908,50.47048],[6.14931,50.47016],[6.15212,50.4688]],[[6.13504,50.47162],[6.13503,50.47154],[6.13504,50.47162]],[[6.05379,50.47153],[6.05358,50.47132],[6.05462,50.47132],[6.05379,50.47153]],[[6.05962,50.47117],[6.05832,50.4705],[6.05855,50.46946],[6.05848,50.46909],[6.05881,50.46902],[6.05927,50.46906],[6.06078,50.46945],[6.06114,50.46984],[6.06116,50.47001],[6.06108,50.47018],[6.06038,50.47099],[6.06004,50.47118],[6.05962,50.47117]],[[6.05379,50.46973],[6.05383,50.46943],[6.05411,50.46901],[6.05408,50.46885],[6.05397,50.46877],[6.05249,50.4687],[6.0523,50.46882],[6.05232,50.46915],[6.05219,50.46939],[6.05175,50.46944],[6.05141,50.46934],[6.05096,50.46895],[6.0505,50.46876],[6.05033,50.46853],[6.05059,50.46845],[6.05162,50.46842],[6.05189,50.46831],[6.05197,50.46814],[6.05188,50.46713],[6.05201,50.46686],[6.05217,50.46678],[6.05411,50.46726],[6.05429,50.46738],[6.05462,50.46799],[6.05506,50.46794],[6.05542,50.46799],[6.05584,50.46842],[6.05636,50.46853],[6.05578,50.46864],[6.05538,50.46906],[6.05496,50.46931],[6.05464,50.46976],[6.05423,50.46982],[6.05379,50.46973]],[[6.05795,50.46911],[6.05688,50.46882],[6.05718,50.46867],[6.05795,50.46792],[6.0584,50.46821],[6.05855,50.46876],[6.05837,50.46909],[6.05795,50.46911]],[[6.13212,50.46917],[6.13192,50.469],[6.13199,50.46871],[6.13225,50.46858],[6.13258,50.46867],[6.13262,50.46887],[6.13212,50.46917]],[[6.02962,50.46887],[6.02951,50.4688],[6.02945,50.4686],[6.02967,50.46843],[6.03009,50.46841],[6.03036,50.46866],[6.03033,50.46881],[6.03015,50.4689],[6.02962,50.46887]],[[6.1292,50.4686],[6.12886,50.46848],[6.12918,50.46812],[6.12932,50.46845],[6.1292,50.4686]],[[6.13129,50.46862],[6.13113,50.46853],[6.13133,50.46843],[6.13195,50.46854],[6.13172,50.46863],[6.13129,50.46862]],[[6.01337,50.46832],[6.01331,50.46825],[6.01345,50.46825],[6.01337,50.46832]],[[6.15212,50.46806],[6.15162,50.46811],[6.15084,50.46843],[6.1498,50.46846],[6.14884,50.46794],[6.14806,50.46772],[6.1479,50.46744],[6.14751,50.46715],[6.14726,50.46665],[6.14736,50.4665],[6.1478,50.46623],[6.14777,50.46603],[6.1475,50.46574],[6.14802,50.46573],[6.14921,50.46605],[6.14939,50.4655],[6.14959,50.4652],[6.15047,50.46468],[6.1508,50.46434],[6.15089,50.46403],[6.15088,50.4638],[6.15058,50.46335],[6.14996,50.46274],[6.14953,50.46248],[6.14858,50.46209],[6.14777,50.46153],[6.14754,50.46131],[6.14747,50.46073],[6.14787,50.46062],[6.14877,50.4607],[6.14891,50.46053],[6.14895,50.46012],[6.14962,50.45952],[6.15048,50.4591],[6.15088,50.45905],[6.1517,50.45913],[6.15212,50.45876]],[[6.02629,50.46819],[6.02589,50.46787],[6.02537,50.46785],[6.02492,50.4677],[6.02588,50.4676],[6.02648,50.46796],[6.02629,50.46819]],[[6.12962,50.46806],[6.1294,50.46798],[6.12965,50.46794],[6.12971,50.46799],[6.12962,50.46806]],[[6.10337,50.46654],[6.10321,50.46636],[6.10325,50.46623],[6.10341,50.46618],[6.10361,50.46626],[6.10363,50.46636],[6.10337,50.46654]],[[6.00004,50.46334],[5.99978,50.46326],[6.00013,50.46325],[6.00004,50.46334]],[[6.08879,50.44191],[6.08672,50.44124],[6.08595,50.44075],[6.08537,50.44072],[6.08493,50.44057],[6.08464,50.44019],[6.08419,50.43993],[6.08416,50.43962],[6.08435,50.43937],[6.08439,50.43915],[6.08394,50.43858],[6.08337,50.43833],[6.08294,50.43799],[6.08233,50.43773],[6.08079,50.43727],[6.07954,50.43699],[6.07929,50.43675],[6.079,50.43613],[6.07902,50.43602],[6.0792,50.43591],[6.07987,50.43578],[6.08017,50.43545],[6.08085,50.43516],[6.08152,50.43509],[6.08287,50.43511],[6.08433,50.43533],[6.08522,50.43529],[6.08704,50.43592],[6.09095,50.43671],[6.09172,50.43672],[6.09211,50.43659],[6.09236,50.4363],[6.09236,50.43557],[6.09249,50.43519],[6.09257,50.43439],[6.09243,50.43414],[6.0923,50.43356],[6.09193,50.43279],[6.09178,50.43264],[6.0913,50.43242],[6.09076,50.43195],[6.09065,50.43172],[6.09074,50.43156],[6.09253,50.43138],[6.09378,50.43075],[6.09558,50.43072],[6.09909,50.43105],[6.1012,50.43089],[6.10171,50.43066],[6.10258,50.43052],[6.10296,50.43022],[6.10342,50.42968],[6.10402,50.42943],[6.10459,50.42944],[6.10579,50.42976],[6.10751,50.42975],[6.10797,50.42992],[6.10769,50.43019],[6.10763,50.43039],[6.108,50.43062],[6.10826,50.43102],[6.10831,50.43126],[6.1082,50.43158],[6.10827,50.43186],[6.10744,50.43203],[6.10599,50.43273],[6.10491,50.43342],[6.1038,50.43438],[6.10298,50.43495],[6.10247,50.43545],[6.10222,50.43595],[6.10209,50.43678],[6.10182,50.43734],[6.10169,50.43804],[6.10084,50.4384],[6.0993,50.43866],[6.0988,50.43898],[6.09833,50.43882],[6.09741,50.43868],[6.09587,50.43878],[6.09461,50.4395],[6.09383,50.44076],[6.09338,50.44105],[6.0923,50.44125],[6.09101,50.44134],[6.08965,50.44188],[6.08879,50.44191]],[[6.0817,50.43919],[6.08147,50.43912],[6.08145,50.43904],[6.08178,50.43889],[6.0822,50.43909],[6.0817,50.43919]],[[6.08712,50.4297],[6.08638,50.42937],[6.08629,50.42893],[6.08584,50.42859],[6.08545,50.42779],[6.08502,50.42744],[6.08505,50.4273],[6.08588,50.42742],[6.08712,50.42816],[6.08767,50.42808],[6.08848,50.42825],[6.08841,50.42853],[6.08804,50.42883],[6.08838,50.42941],[6.08795,50.42965],[6.08712,50.4297]],[[6.12754,50.4284],[6.12722,50.42823],[6.1273,50.42797],[6.12721,50.42765],[6.12739,50.42724],[6.12736,50.42715],[6.12709,50.42712],[6.12698,50.42741],[6.12668,50.42747],[6.1259,50.42695],[6.12498,50.42661],[6.12501,50.4265],[6.12526,50.42631],[6.12502,50.42604],[6.12494,50.42567],[6.12523,50.42488],[6.12547,50.42466],[6.12607,50.42438],[6.12799,50.42405],[6.12968,50.42433],[6.13052,50.42468],[6.13073,50.42494],[6.13068,50.42519],[6.12964,50.42637],[6.12914,50.42675],[6.12879,50.42693],[6.12808,50.42711],[6.12778,50.42735],[6.12776,50.42744],[6.12805,50.4276],[6.12812,50.42773],[6.12779,50.42823],[6.12754,50.4284]],[[6.14379,50.42665],[6.14361,50.42656],[6.14387,50.4264],[6.1442,50.42644],[6.14438,50.42657],[6.1442,50.42665],[6.14379,50.42665]],[[6.14629,50.42576],[6.14666,50.42564],[6.1469,50.42575],[6.1467,50.42585],[6.14629,50.42576]],[[6.14254,50.42569],[6.14236,50.42546],[6.14254,50.4252],[6.14212,50.42512],[6.14192,50.4249],[6.14197,50.42464],[6.14217,50.4244],[6.14286,50.42438],[6.14332,50.42473],[6.14379,50.42465],[6.14434,50.42491],[6.14423,50.42525],[6.14377,50.42547],[6.14254,50.42569]],[[6.14712,50.42501],[6.14609,50.42463],[6.14633,50.42451],[6.1472,50.42445],[6.14749,50.42447],[6.14768,50.42459],[6.14766,50.42471],[6.14712,50.42501]],[[6.14545,50.42449],[6.14532,50.42437],[6.14564,50.42438],[6.14545,50.42449]],[[6.14879,50.4244],[6.14875,50.42433],[6.14907,50.42423],[6.14922,50.42424],[6.14933,50.42435],[6.14879,50.4244]],[[6.15004,50.42442],[6.14991,50.42435],[6.15005,50.42423],[6.15052,50.42437],[6.15004,50.42442]],[[6.14795,50.42429],[6.14767,50.42401],[6.14778,50.4237],[6.14799,50.42359],[6.14843,50.42358],[6.14877,50.42344],[6.14887,50.42348],[6.14893,50.42366],[6.14888,50.42383],[6.14795,50.42429]],[[6.15212,50.42396],[6.15157,50.42399],[6.15084,50.42383],[6.15043,50.42383],[6.1501,50.4239],[6.14989,50.42413],[6.14964,50.42423],[6.14942,50.42417],[6.14933,50.42404],[6.14963,50.42327],[6.15019,50.42324],[6.15051,50.42335],[6.15212,50.42321]],[[6.12962,50.42361],[6.12956,50.42354],[6.12963,50.4235],[6.12968,50.42354],[6.12962,50.42361]],[[6.08451,50.40826],[6.08581,50.40848],[6.08685,50.4091],[6.08694,50.40932],[6.08686,50.40965],[6.08719,50.4099],[6.08726,50.41018],[6.0867,50.41076],[6.08658,50.41106],[6.08658,50.41129],[6.08678,50.41156],[6.08729,50.41191],[6.08794,50.41271],[6.08796,50.41299],[6.08744,50.41298],[6.08623,50.41272],[6.08574,50.41243],[6.0856,50.41214],[6.08541,50.41207],[6.08438,50.41201],[6.08371,50.41239],[6.08263,50.41245],[6.08249,50.41243],[6.08184,50.41191],[6.08163,50.41129],[6.08168,50.41071],[6.08209,50.41086],[6.08249,50.41115],[6.08375,50.41152],[6.08403,50.41137],[6.08425,50.41105],[6.08461,50.41075],[6.08485,50.41026],[6.08466,50.4099],[6.08379,50.4093],[6.08294,50.40894],[6.08252,50.40843],[6.08227,50.40826]],[[6.08212,50.40993],[6.08204,50.4096],[6.08218,50.4094],[6.08243,50.40925],[6.08294,50.40923],[6.08318,50.40953],[6.08319,50.40987],[6.08299,50.41007],[6.08261,50.4101],[6.08212,50.40993]]]}},{"type":"Feature","properties":{"ele":580},"geometry":{"type":"MultiLineString","coordinates":[[[6.0049,50.50132],[6.00427,50.50102],[6.0042,50.50076],[6.00558,50.50056],[6.00671,50.50103],[6.00664,50.50132]],[[6.00749,50.50132],[6.00746,50.50102],[6.00766,50.50078],[6.00766,50.50064],[6.00714,50.4999],[6.00623,50.50004],[6.00616,50.49986],[6.00643,50.49964],[6.0056,50.49909],[6.00451,50.49882],[6.00409,50.49857],[6.00346,50.49844],[6.0031,50.49824],[6.00218,50.49798],[6.0017,50.4977],[6.0016,50.49744],[6.0016,50.4972],[6.00148,50.49705],[6.00009,50.49656],[5.99969,50.49601],[5.9996,50.49576],[6.00037,50.49561],[6.0011,50.49586],[6.00135,50.49586],[6.00144,50.49575],[6.00109,50.49548],[6.00179,50.49521],[6.00156,50.49491],[6.00332,50.49459],[6.00396,50.49492],[6.00506,50.49485],[6.00589,50.49496],[6.00709,50.49469],[6.00832,50.49494],[6.00878,50.49523],[6.00934,50.49515],[6.01041,50.49521],[6.0105,50.49552],[6.01019,50.49579],[6.01012,50.49637],[6.01039,50.49672],[6.01095,50.49687],[6.01081,50.49717],[6.01206,50.49685],[6.01253,50.49654],[6.01309,50.49686],[6.01307,50.49715],[6.01283,50.49743],[6.01254,50.4976],[6.01197,50.4977],[6.01249,50.49801],[6.01298,50.49798],[6.01324,50.49829],[6.01386,50.49831],[6.01586,50.49897],[6.01605,50.4991],[6.01622,50.49939],[6.01699,50.49946],[6.01744,50.4997],[6.01801,50.49978],[6.01883,50.50038],[6.0198,50.50043],[6.02047,50.50014],[6.02106,50.50016],[6.02109,50.50025],[6.0206,50.50049],[6.0209,50.50082],[6.02136,50.50101],[6.02241,50.50095],[6.02295,50.50104],[6.02294,50.50132]],[[6.03834,50.50132],[6.03833,50.50101],[6.03921,50.50077],[6.03981,50.50021],[6.0403,50.49995],[6.04038,50.49984],[6.04034,50.49969],[6.03996,50.49965],[6.0385,50.49984],[6.0378,50.49975],[6.03664,50.49914],[6.03655,50.49884],[6.03672,50.49852],[6.03632,50.49816],[6.03591,50.49812],[6.03539,50.49833],[6.03417,50.49772],[6.03386,50.49713],[6.0334,50.49696],[6.03288,50.49707],[6.03213,50.49658],[6.0317,50.4966],[6.03159,50.49633],[6.0316,50.49599],[6.03132,50.49571],[6.0297,50.49541],[6.02914,50.49512],[6.02832,50.49503],[6.02744,50.49458],[6.0271,50.4946],[6.02558,50.49554],[6.02508,50.49579],[6.0248,50.49585],[6.02422,50.49577],[6.02298,50.49531],[6.02252,50.49521],[6.0223,50.49498],[6.02224,50.49477],[6.02255,50.49438],[6.02264,50.49407],[6.02204,50.49399],[6.02076,50.49338],[6.0204,50.493],[6.02054,50.49272],[6.02052,50.49231],[6.02085,50.49193],[6.02134,50.49184],[6.02191,50.4916],[6.0225,50.49101],[6.0229,50.49111],[6.02332,50.49139],[6.02366,50.49148],[6.02438,50.49134],[6.02442,50.49123],[6.02378,50.49049],[6.02142,50.48881],[6.01961,50.48787],[6.01868,50.48751],[6.01835,50.48716],[6.01755,50.48658],[6.01713,50.48647],[6.01657,50.48615],[6.01548,50.48619],[6.01504,50.48613],[6.01424,50.48569],[6.0138,50.48571],[6.01303,50.48591],[6.01246,50.48581],[6.01227,50.4856],[6.01226,50.48549],[6.0131,50.48514],[6.01323,50.48491],[6.01304,50.48467],[6.01124,50.48358],[6.01081,50.48317],[6.01043,50.48308],[6.00988,50.48326],[6.00956,50.48325],[6.00918,50.48294],[6.00982,50.48268],[6.00916,50.48254],[6.0088,50.48237],[6.0084,50.48233],[6.00827,50.48182],[6.00758,50.48131],[6.00652,50.48124],[6.00546,50.48098],[6.00295,50.48076],[6.00248,50.48051],[6.00204,50.48038],[6.00035,50.48049],[6.00005,50.48015],[6.00021,50.47946],[6.00006,50.47928],[5.99959,50.47916],[5.99892,50.47916],[5.99792,50.47939],[5.99735,50.47888],[5.99736,50.47856],[5.99721,50.47842],[5.99703,50.47842],[5.99669,50.47859],[5.99587,50.47852],[5.99573,50.47821],[5.99608,50.47762],[5.99603,50.47718],[5.99461,50.47632],[5.99442,50.47606],[5.9944,50.47568],[5.99352,50.47512],[5.99346,50.47491],[5.99364,50.47463],[5.99366,50.47446],[5.99334,50.47381],[5.99459,50.47368],[5.99599,50.47331],[5.99607,50.47317],[5.99601,50.47296],[5.9953,50.47246],[5.99532,50.47231],[5.99554,50.47218],[5.99627,50.47214],[5.9969,50.47162],[5.99767,50.47132],[5.99799,50.4713],[5.99824,50.47151],[5.99824,50.47163],[5.99792,50.47184],[5.99787,50.47217],[5.99801,50.47224],[5.9984,50.47202],[5.99857,50.4729],[5.99878,50.47318],[5.99922,50.47284],[5.99959,50.47273],[6.00017,50.47273],[6.00115,50.47293],[6.00139,50.47279],[6.00139,50.47267],[6.00127,50.47258],[6.00005,50.47224],[5.99919,50.47188],[5.99922,50.47162],[5.99945,50.47153],[5.99999,50.47149],[6.00084,50.47172],[6.00188,50.47171],[6.00298,50.47211],[6.00343,50.472],[6.00366,50.47184],[6.00352,50.47151],[6.0035,50.47113],[6.00391,50.47076],[6.00369,50.47053],[6.00338,50.47043],[6.00295,50.47052],[6.00168,50.47021],[6.00135,50.47006],[6.00091,50.47009],[6.00073,50.46999],[6.00085,50.46936],[6.00131,50.4691],[6.00184,50.46855],[6.00214,50.46798],[6.0022,50.46771],[6.00176,50.46712],[6.0013,50.46678],[6.00085,50.46661],[6.00087,50.46632],[6.00002,50.4658],[5.99982,50.4656],[5.99975,50.4654],[5.99988,50.46518],[6.00085,50.46436],[6.00213,50.46355],[6.00247,50.46323],[6.00405,50.46233],[6.00438,50.46226],[6.00537,50.46233],[6.00566,50.46223],[6.00588,50.46205],[6.00609,50.46217],[6.0067,50.46271],[6.00677,50.463],[6.00671,50.46327],[6.00644,50.46363],[6.00614,50.46434],[6.00557,50.46463],[6.00548,50.46477],[6.00562,50.46519],[6.00557,50.4655],[6.00563,50.46567],[6.00578,50.46585],[6.00619,50.46607],[6.00655,50.46689],[6.00657,50.46768],[6.00672,50.46797],[6.00667,50.46826],[6.00672,50.46854],[6.00617,50.46912],[6.00651,50.46937],[6.00679,50.46947],[6.00883,50.46964],[6.0086,50.4698],[6.00708,50.4702],[6.00792,50.47051],[6.00846,50.47041],[6.00883,50.47047],[6.00862,50.47076],[6.00859,50.47113],[6.00843,50.47139],[6.00743,50.47157],[6.00739,50.47168],[6.0075,50.47194],[6.00767,50.47202],[6.00842,50.47202],[6.00858,50.47244],[6.00881,50.47268],[6.00918,50.4733],[6.01002,50.47355],[6.01087,50.47356],[6.01142,50.47337],[6.01252,50.47323],[6.01295,50.47361],[6.01345,50.47369],[6.01529,50.47328],[6.01567,50.47299],[6.01639,50.47279],[6.01661,50.47255],[6.01658,50.47239],[6.01627,50.4722],[6.01609,50.47196],[6.01603,50.47153],[6.01569,50.47139],[6.01428,50.47137],[6.01378,50.47144],[6.0136,50.47154],[6.01358,50.47168],[6.01391,50.47211],[6.01433,50.47243],[6.01402,50.47254],[6.01336,50.47254],[6.01311,50.4724],[6.01306,50.47199],[6.01322,50.47158],[6.01319,50.47119],[6.01333,50.47088],[6.0135,50.47087],[6.01423,50.47117],[6.01468,50.47105],[6.01507,50.47081],[6.01584,50.47086],[6.01627,50.471],[6.0171,50.47151],[6.01829,50.47136],[6.01884,50.47158],[6.01965,50.47161],[6.02007,50.47136],[6.02058,50.47072],[6.0209,50.47057],[6.02134,50.47049],[6.02197,50.46978],[6.02262,50.46949],[6.02276,50.46925],[6.02279,50.4688],[6.02294,50.46854],[6.02374,50.46841],[6.02405,50.46826],[6.02504,50.46843],[6.02547,50.46863],[6.026,50.4686],[6.02787,50.46886],[6.02912,50.46931],[6.02968,50.46933],[6.03012,50.46995],[6.03013,50.47023],[6.02994,50.47049],[6.03094,50.4707],[6.03134,50.47097],[6.03135,50.47137],[6.0315,50.47185],[6.03146,50.47217],[6.03137,50.47243],[6.03119,50.4725],[6.02918,50.47258],[6.02855,50.4727],[6.02865,50.47348],[6.0285,50.47367],[6.02815,50.47386],[6.02831,50.47418],[6.0284,50.47477],[6.02906,50.47529],[6.03041,50.47537],[6.03063,50.47549],[6.03086,50.47578],[6.0311,50.47587],[6.03213,50.47576],[6.03217,50.47605],[6.03199,50.4765],[6.03208,50.47668],[6.03269,50.47683],[6.033,50.47704],[6.03417,50.47707],[6.03421,50.47716],[6.03392,50.47765],[6.0341,50.47784],[6.03464,50.47803],[6.03673,50.47846],[6.03876,50.47877],[6.04392,50.47901],[6.04503,50.47886],[6.04508,50.47881],[6.04497,50.47853],[6.04543,50.4784],[6.04595,50.47841],[6.04671,50.47861],[6.04755,50.47855],[6.04763,50.47832],[6.04759,50.47818],[6.04712,50.47796],[6.04668,50.47718],[6.04621,50.47688],[6.04642,50.4766],[6.04632,50.4763],[6.04581,50.47609],[6.04553,50.47574],[6.04475,50.47558],[6.04338,50.4755],[6.04294,50.4752],[6.04267,50.47488],[6.04259,50.4746],[6.04265,50.47432],[6.04293,50.4738],[6.04332,50.47352],[6.04384,50.47327],[6.04378,50.47297],[6.04444,50.47291],[6.04465,50.47296],[6.04506,50.47323],[6.0452,50.47351],[6.04556,50.47383],[6.0461,50.47462],[6.04642,50.47482],[6.04787,50.47512],[6.04902,50.47504],[6.05005,50.47521],[6.04991,50.47491],[6.04999,50.47466],[6.05061,50.47434],[6.05054,50.47407],[6.04997,50.47354],[6.05041,50.4732],[6.05098,50.47318],[6.05207,50.47356],[6.0523,50.47378],[6.05234,50.47394],[6.05208,50.47439],[6.0523,50.47446],[6.05284,50.47436],[6.05375,50.47379],[6.05423,50.47376],[6.05468,50.47355],[6.05474,50.47325],[6.05509,50.47298],[6.05503,50.47245],[6.05417,50.47223],[6.05403,50.47213],[6.05434,50.47198],[6.05522,50.47203],[6.05557,50.47195],[6.05564,50.47184],[6.05533,50.47158],[6.05558,50.4713],[6.05527,50.4711],[6.05423,50.47101],[6.05405,50.47074],[6.05421,50.47047],[6.05517,50.47086],[6.05591,50.47097],[6.05682,50.47121],[6.05794,50.47216],[6.05915,50.47355],[6.05954,50.4737],[6.06004,50.47356],[6.06126,50.4727],[6.06182,50.47245],[6.06207,50.47212],[6.06277,50.47206],[6.0634,50.47223],[6.06349,50.47215],[6.06326,50.47186],[6.0637,50.47173],[6.06416,50.47196],[6.06462,50.47187],[6.06486,50.47195],[6.06556,50.4724],[6.06557,50.47276],[6.06527,50.47342],[6.06533,50.47359],[6.06557,50.47381],[6.06712,50.47438],[6.06752,50.47441],[6.06799,50.47428],[6.06838,50.4743],[6.0689,50.47462],[6.0692,50.47496],[6.06967,50.47446],[6.06976,50.4741],[6.06953,50.47397],[6.0686,50.47405],[6.0679,50.47383],[6.06821,50.47331],[6.06822,50.47297],[6.06838,50.47279],[6.06922,50.47284],[6.07009,50.47335],[6.07206,50.47387],[6.07245,50.47415],[6.07253,50.47469],[6.07336,50.47478],[6.07387,50.47515],[6.07424,50.47508],[6.07499,50.47458],[6.07517,50.4744],[6.07522,50.47407],[6.07588,50.47371],[6.07595,50.47401],[6.07585,50.47438],[6.07601,50.47519],[6.07782,50.47572],[6.07799,50.47569],[6.07835,50.47541],[6.07886,50.47541],[6.0791,50.47567],[6.079,50.47586],[6.0786,50.47597],[6.07798,50.47583],[6.07793,50.47609],[6.07876,50.4766],[6.07943,50.47688],[6.07996,50.47702],[6.08044,50.47705],[6.08082,50.47772],[6.08085,50.47806],[6.08095,50.47822],[6.08174,50.47842],[6.08228,50.47881],[6.08229,50.47908],[6.08211,50.47932],[6.08096,50.47928],[6.08071,50.47936],[6.08072,50.47962],[6.08105,50.48019],[6.08102,50.4806],[6.08062,50.48135],[6.08006,50.48162],[6.08003,50.48188],[6.08129,50.48145],[6.08255,50.48077],[6.08335,50.48047],[6.08386,50.48036],[6.08449,50.48036],[6.08504,50.48048],[6.08522,50.48109],[6.08539,50.48136],[6.08624,50.48195],[6.08684,50.48215],[6.08707,50.48245],[6.08757,50.48239],[6.08879,50.48245],[6.0884,50.48229],[6.08744,50.48163],[6.08746,50.48147],[6.08772,50.48137],[6.08907,50.48153],[6.09017,50.48153],[6.09175,50.48131],[6.09182,50.48099],[6.09147,50.4804],[6.09135,50.47953],[6.09081,50.47855],[6.0909,50.47827],[6.09126,50.47811],[6.09157,50.47808],[6.09298,50.47838],[6.09454,50.47829],[6.09508,50.47853],[6.09485,50.4788],[6.09502,50.47918],[6.09548,50.47925],[6.09559,50.47937],[6.095,50.47947],[6.09462,50.47986],[6.09465,50.4801],[6.09505,50.48024],[6.09547,50.48023],[6.09543,50.47992],[6.09625,50.4796],[6.09631,50.47936],[6.09581,50.47925],[6.09559,50.47904],[6.09579,50.47877],[6.09624,50.47844],[6.09637,50.47844],[6.09711,50.47904],[6.09795,50.47936],[6.0984,50.47964],[6.09947,50.47993],[6.10005,50.48019],[6.10025,50.48077],[6.10054,50.48108],[6.10085,50.48165],[6.101,50.48175],[6.10128,50.48187],[6.10254,50.48187],[6.10334,50.48164],[6.10402,50.48179],[6.10505,50.48214],[6.10543,50.48238],[6.1059,50.48243],[6.10568,50.48262],[6.10567,50.48276],[6.1063,50.48329],[6.10649,50.48323],[6.10671,50.48304],[6.10684,50.48242],[6.10754,50.48228],[6.10777,50.48215],[6.10777,50.48189],[6.10757,50.48148],[6.10733,50.48128],[6.10665,50.48106],[6.10633,50.48076],[6.10603,50.48036],[6.10584,50.47998],[6.10579,50.4797],[6.10565,50.47954],[6.10319,50.47798],[6.1021,50.47689],[6.10082,50.47615],[6.10051,50.47574],[6.10036,50.47466],[6.1012,50.47376],[6.10214,50.47302],[6.10263,50.47267],[6.10418,50.47187],[6.10447,50.47161],[6.10455,50.47137],[6.10448,50.47104],[6.10465,50.47075],[6.1046,50.4702],[6.10466,50.46993],[6.10442,50.46937],[6.10484,50.46897],[6.10499,50.46849],[6.1052,50.46828],[6.10533,50.46792],[6.10585,50.46731],[6.10629,50.46746],[6.10649,50.46685],[6.10671,50.46653],[6.1075,50.46652],[6.10819,50.46664],[6.11074,50.46738],[6.1113,50.46742],[6.113,50.46823],[6.11413,50.46861],[6.11584,50.46953],[6.11712,50.47013],[6.11814,50.47045],[6.11814,50.47055],[6.11789,50.47076],[6.11801,50.47101],[6.11837,50.47106],[6.11882,50.47097],[6.11976,50.47129],[6.11997,50.47154],[6.1199,50.47185],[6.11996,50.47198],[6.12055,50.47208],[6.12091,50.4724],[6.12083,50.4727],[6.12099,50.47302],[6.12042,50.47315],[6.12027,50.47326],[6.1203,50.4741],[6.12079,50.47464],[6.1214,50.47479],[6.12155,50.47489],[6.12155,50.47497],[6.12115,50.47515],[6.12017,50.47508],[6.11978,50.47522],[6.11954,50.47548],[6.11976,50.47578],[6.11944,50.47603],[6.11975,50.47625],[6.11976,50.47637],[6.11962,50.4766],[6.11977,50.47687],[6.12015,50.47711],[6.12013,50.47725],[6.11995,50.47733],[6.11949,50.47721],[6.11869,50.47715],[6.11837,50.47734],[6.11816,50.47772],[6.11816,50.47792],[6.11825,50.47799],[6.1188,50.47799],[6.11954,50.47782],[6.12023,50.47798],[6.11967,50.47838],[6.11881,50.47873],[6.11827,50.47884],[6.11826,50.47908],[6.11808,50.47942],[6.11811,50.47967],[6.11831,50.47993],[6.11878,50.48007],[6.11893,50.4802],[6.11848,50.48088],[6.11839,50.4813],[6.11845,50.48165],[6.11857,50.48187],[6.1191,50.48238],[6.11915,50.48304],[6.11971,50.48347],[6.12017,50.48339],[6.12091,50.48302],[6.12308,50.48224],[6.12381,50.48211],[6.12351,50.48269],[6.12211,50.48381],[6.12207,50.4841],[6.12254,50.48409],[6.12346,50.48433],[6.12494,50.48499],[6.12543,50.48501],[6.12588,50.4848],[6.12626,50.48504],[6.12669,50.48514],[6.12669,50.4853],[6.12628,50.48549],[6.1275,50.48639],[6.12795,50.4866],[6.12803,50.48685],[6.12796,50.48701],[6.12757,50.48717],[6.12712,50.48752],[6.12669,50.48769],[6.12627,50.48798],[6.127,50.48835],[6.128,50.48845],[6.12822,50.48873],[6.12814,50.4889],[6.12792,50.48899],[6.12767,50.48896],[6.12679,50.48864],[6.126,50.48903],[6.12574,50.489],[6.12511,50.48873],[6.12496,50.48875],[6.12491,50.48888],[6.12502,50.48912],[6.12587,50.48935],[6.12665,50.49024],[6.12686,50.49064],[6.12687,50.49081],[6.12671,50.49105],[6.12594,50.49141],[6.1258,50.49156],[6.12637,50.49174],[6.12682,50.49214],[6.12616,50.49234],[6.12613,50.49248],[6.12628,50.49271],[6.12657,50.49287],[6.12683,50.49292],[6.12777,50.49265],[6.12837,50.49271],[6.12892,50.49265],[6.12922,50.4927],[6.12991,50.49301],[6.12984,50.49335],[6.12953,50.49378],[6.12921,50.49394],[6.12842,50.49413],[6.12813,50.49439],[6.12827,50.49476],[6.12876,50.49533],[6.12926,50.49547],[6.12913,50.49573],[6.12916,50.49582],[6.13011,50.49588],[6.1312,50.49558],[6.13145,50.49547],[6.13191,50.49496],[6.13212,50.49489],[6.13251,50.49494],[6.13263,50.4951],[6.13264,50.49527],[6.13243,50.49552],[6.13251,50.49607],[6.13293,50.49626],[6.13381,50.49601],[6.13696,50.49572],[6.13766,50.49521],[6.1384,50.49495],[6.14047,50.4952],[6.14121,50.49544],[6.1422,50.49538],[6.14235,50.49557],[6.14208,50.49602],[6.14138,50.49634],[6.14086,50.49638],[6.14064,50.49655],[6.13947,50.49832],[6.13937,50.49859],[6.13946,50.49917],[6.14006,50.49963],[6.14085,50.49993],[6.14129,50.49993],[6.14204,50.5001],[6.14266,50.49994],[6.14315,50.49969],[6.14378,50.49909],[6.14457,50.49881],[6.145,50.4985],[6.14538,50.49859],[6.14573,50.49888],[6.14605,50.499],[6.14652,50.49902],[6.14712,50.49891],[6.1472,50.49879],[6.14711,50.49857],[6.14665,50.4983],[6.14666,50.49813],[6.14676,50.49807],[6.14715,50.49809],[6.14751,50.49802],[6.14796,50.4981],[6.14827,50.49796],[6.14845,50.4977],[6.14879,50.49743],[6.1487,50.49715],[6.14906,50.49682],[6.14902,50.4963],[6.14918,50.49601],[6.15011,50.49596],[6.15045,50.49576],[6.1507,50.49541],[6.15091,50.49526],[6.15212,50.4953]],[[6.0167,50.49806],[6.01659,50.49798],[6.01669,50.49791],[6.01713,50.49798],[6.0167,50.49806]],[[6.01212,50.49635],[6.01206,50.49631],[6.01211,50.49621],[6.01217,50.4963],[6.01212,50.49635]],[[6.12879,50.49642],[6.12876,50.49629],[6.12907,50.49619],[6.12926,50.49621],[6.12934,50.49631],[6.12919,50.4965],[6.12879,50.49642]],[[6.01129,50.49604],[6.0118,50.49604],[6.01129,50.49604]],[[6.00962,50.49554],[6.00961,50.4954],[6.00962,50.49554]],[[6.14712,50.49499],[6.14692,50.49484],[6.14685,50.4946],[6.14705,50.49426],[6.1473,50.49416],[6.14836,50.49426],[6.14886,50.49451],[6.1491,50.49484],[6.14903,50.49497],[6.1487,50.49507],[6.14712,50.49499]],[[6.14337,50.49423],[6.14256,50.49399],[6.14168,50.49385],[6.14123,50.49352],[6.14179,50.49328],[6.14225,50.4932],[6.14303,50.49316],[6.1442,50.49326],[6.14428,50.49414],[6.14392,50.49424],[6.14337,50.49423]],[[6.02045,50.49364],[6.02039,50.4935],[6.02059,50.49352],[6.02045,50.49364]],[[6.12962,50.48913],[6.12912,50.48858],[6.12923,50.48827],[6.12996,50.48815],[6.13053,50.48815],[6.13092,50.48822],[6.13119,50.48849],[6.131,50.48883],[6.13094,50.48911],[6.13011,50.48929],[6.12962,50.48913]],[[6.01379,50.48746],[6.01365,50.48741],[6.01352,50.48721],[6.01374,50.48702],[6.01382,50.48706],[6.01389,50.48734],[6.01379,50.48746]],[[6.01337,50.48696],[6.01315,50.48687],[6.01339,50.48683],[6.01337,50.48696]],[[6.00879,50.48272],[6.0088,50.48265],[6.00885,50.4827],[6.00879,50.48272]],[[6.12004,50.48136],[6.12,50.48127],[6.12027,50.48116],[6.12088,50.48115],[6.12127,50.481],[6.12138,50.48104],[6.12129,50.48132],[6.1209,50.48145],[6.12048,50.48148],[6.12004,50.48136]],[[6.1217,50.4804],[6.12113,50.47997],[6.12135,50.47938],[6.12115,50.47914],[6.12103,50.47879],[6.12064,50.47845],[6.12064,50.4781],[6.12078,50.47793],[6.12132,50.47795],[6.1212,50.47827],[6.12137,50.47851],[6.12223,50.47879],[6.12222,50.47894],[6.1219,50.47932],[6.12192,50.47941],[6.12225,50.47952],[6.12342,50.47964],[6.12357,50.47984],[6.12348,50.47998],[6.12277,50.48006],[6.1217,50.4804]],[[6.12629,50.47883],[6.12701,50.47882],[6.12668,50.47889],[6.12629,50.47883]],[[5.99754,50.47814],[5.99753,50.47796],[5.99754,50.47814]],[[6.12254,50.47721],[6.12233,50.47711],[6.12195,50.47659],[6.12244,50.47632],[6.12256,50.47604],[6.12288,50.4759],[6.12313,50.4759],[6.1238,50.47617],[6.12403,50.47634],[6.12403,50.47675],[6.12379,50.47715],[6.12337,50.47709],[6.12254,50.47721]],[[6.12004,50.47671],[6.11973,50.47659],[6.12008,50.47653],[6.12015,50.4766],[6.12004,50.47671]],[[6.1217,50.47643],[6.12157,50.47631],[6.12178,50.4763],[6.1217,50.47643]],[[6.03545,50.47607],[6.03393,50.4755],[6.03425,50.47495],[6.03411,50.47465],[6.03501,50.47444],[6.03547,50.47443],[6.03587,50.47429],[6.03642,50.47433],[6.03648,50.47441],[6.03647,50.47456],[6.0361,50.47502],[6.03591,50.47581],[6.03545,50.47607]],[[6.0542,50.47579],[6.05378,50.47548],[6.05423,50.47534],[6.05467,50.47544],[6.0545,50.47572],[6.0542,50.47579]],[[6.05462,50.47509],[6.05452,50.47492],[6.05467,50.47493],[6.05462,50.47509]],[[6.07129,50.47504],[6.07127,50.47491],[6.07149,50.47493],[6.07129,50.47504]],[[6.03212,50.47476],[6.03155,50.47437],[6.03145,50.47415],[6.03154,50.47401],[6.03213,50.47371],[6.03256,50.4736],[6.03329,50.47359],[6.03359,50.47377],[6.0336,50.47394],[6.03341,50.47417],[6.03212,50.47476]],[[6.12379,50.47454],[6.12361,50.47436],[6.12387,50.47435],[6.12379,50.47454]],[[6.0742,50.47412],[6.0736,50.47381],[6.074,50.47327],[6.07427,50.47322],[6.075,50.4736],[6.07506,50.47382],[6.075,50.47388],[6.07462,50.47409],[6.0742,50.47412]],[[6.03087,50.47388],[6.0307,50.47381],[6.0309,50.47375],[6.03095,50.47382],[6.03087,50.47388]],[[6.03045,50.47367],[6.03035,50.47351],[6.03045,50.47311],[6.03056,50.47351],[6.03045,50.47367]],[[6.07629,50.47357],[6.07617,50.47353],[6.07628,50.47351],[6.07629,50.47357]],[[6.03212,50.4734],[6.03169,50.47299],[6.03172,50.47283],[6.03185,50.47271],[6.0322,50.47268],[6.03322,50.47299],[6.03296,50.47332],[6.03277,50.47341],[6.03246,50.47346],[6.03212,50.4734]],[[6.05254,50.47275],[6.05186,50.47243],[6.05168,50.47216],[6.05212,50.47173],[6.05253,50.47156],[6.05302,50.47178],[6.05313,50.4719],[6.05286,50.4724],[6.05254,50.47275]],[[6.06795,50.47277],[6.06773,50.4727],[6.06817,50.4727],[6.06795,50.47277]],[[6.07212,50.47277],[6.07188,50.47264],[6.07186,50.47243],[6.07249,50.47244],[6.07266,50.47268],[6.07252,50.4728],[6.07212,50.47277]],[[6.04795,50.47248],[6.04793,50.4724],[6.04813,50.47237],[6.04869,50.47235],[6.04882,50.47242],[6.04795,50.47248]],[[6.01712,50.47217],[6.01705,50.47214],[6.01713,50.47212],[6.01712,50.47217]],[[6.07004,50.47216],[6.06992,50.47215],[6.07004,50.47216]],[[6.0117,50.47188],[6.01208,50.47182],[6.01234,50.47187],[6.01213,50.47195],[6.0117,50.47188]],[[6.15212,50.4716],[6.15173,50.47143],[6.15122,50.47133],[6.14997,50.4708],[6.14975,50.4706],[6.14969,50.47043],[6.14978,50.47023],[6.14999,50.47008],[6.15212,50.46915]],[[6.00295,50.4711],[6.00285,50.47103],[6.00305,50.47103],[6.00295,50.4711]],[[6.15212,50.47128],[6.15189,50.47102],[6.15212,50.47053]],[[6.02337,50.47076],[6.02331,50.47076],[6.02337,50.47076]],[[6.05962,50.47076],[6.06004,50.47075],[6.05962,50.47076]],[[6.00379,50.47014],[6.0037,50.46992],[6.00381,50.46981],[6.00393,50.46994],[6.00379,50.47014]],[[6.0142,50.47009],[6.01396,50.46991],[6.01428,50.46983],[6.01505,50.46993],[6.01465,50.47013],[6.0142,50.47009]],[[6.03087,50.4686],[6.03085,50.4684],[6.03096,50.46833],[6.0318,50.46854],[6.03168,50.46865],[6.03136,50.46872],[6.03087,50.4686]],[[6.02754,50.46843],[6.02736,50.46817],[6.02667,50.46772],[6.02668,50.46766],[6.02802,50.46768],[6.02919,50.46793],[6.02933,50.46802],[6.02927,50.46827],[6.02902,50.46835],[6.02793,50.46847],[6.02754,50.46843]],[[6.00087,50.46332],[6.00005,50.46297],[5.99997,50.46266],[6.00013,50.46242],[6.00057,50.46209],[6.00152,50.46158],[6.00166,50.46099],[6.00204,50.46092],[6.00287,50.461],[6.00336,50.46094],[6.00377,50.46122],[6.00384,50.46162],[6.00348,50.46193],[6.00142,50.46327],[6.00087,50.46332]],[[6.15212,50.46145],[6.15095,50.4607],[6.15029,50.46052],[6.15022,50.46042],[6.15041,50.46017],[6.1509,50.46002],[6.15212,50.46058]],[[6.08712,50.44094],[6.08687,50.44076],[6.08676,50.4404],[6.08647,50.44027],[6.0861,50.44026],[6.08544,50.44048],[6.08525,50.4402],[6.08494,50.43993],[6.08493,50.43965],[6.08515,50.43961],[6.086,50.43978],[6.0863,50.43966],[6.08642,50.43946],[6.08641,50.43931],[6.08548,50.43852],[6.08393,50.43824],[6.08375,50.43797],[6.08409,50.43768],[6.08384,50.43744],[6.08335,50.4374],[6.08256,50.43753],[6.08171,50.43742],[6.08073,50.43704],[6.07991,50.43688],[6.07973,50.43665],[6.07973,50.43638],[6.07986,50.43629],[6.08063,50.43613],[6.08202,50.4362],[6.08232,50.43634],[6.08422,50.43648],[6.0854,50.43698],[6.08591,50.43738],[6.0867,50.43776],[6.08671,50.4377],[6.08543,50.43661],[6.08499,50.43607],[6.08502,50.43593],[6.08519,50.43581],[6.08566,50.43579],[6.08629,50.43604],[6.0894,50.43788],[6.08956,50.43807],[6.08956,50.43856],[6.09045,50.43885],[6.09131,50.43888],[6.09171,50.43909],[6.09186,50.43932],[6.09185,50.43949],[6.09173,50.43968],[6.09082,50.43998],[6.09036,50.43994],[6.08953,50.43951],[6.08872,50.43951],[6.08798,50.43995],[6.08767,50.44055],[6.08712,50.44094]],[[6.09754,50.43744],[6.09712,50.43738],[6.09633,50.437],[6.09599,50.43665],[6.09571,50.43606],[6.09561,50.43554],[6.09527,50.4352],[6.09514,50.43463],[6.09464,50.43406],[6.09427,50.43307],[6.09421,50.43226],[6.09449,50.43189],[6.09507,50.43159],[6.09595,50.43141],[6.10173,50.43176],[6.10251,50.4317],[6.1036,50.43149],[6.10387,50.43152],[6.10407,50.43165],[6.10424,50.43189],[6.10412,50.43243],[6.10445,50.43264],[6.10448,50.43273],[6.10376,50.43298],[6.10349,50.43333],[6.10308,50.43357],[6.10278,50.43407],[6.10296,50.43437],[6.10272,50.43459],[6.10204,50.43487],[6.10148,50.43527],[6.1013,50.43552],[6.10097,50.43638],[6.10035,50.43714],[6.10031,50.43746],[6.0999,50.4376],[6.09754,50.43744]],[[6.08254,50.43608],[6.08235,50.43602],[6.08277,50.43578],[6.08341,50.43576],[6.08298,50.43609],[6.08254,50.43608]],[[6.10295,50.43141],[6.10295,50.4313],[6.10295,50.43141]],[[6.08587,50.41115],[6.08561,50.41102],[6.08545,50.41084],[6.0853,50.4105],[6.08532,50.41015],[6.08486,50.40956],[6.08484,50.40941],[6.08491,50.40933],[6.08579,50.40934],[6.08623,50.40926],[6.08636,50.40932],[6.086,50.4097],[6.08593,50.41023],[6.08578,50.41048],[6.08604,50.41079],[6.08587,50.41115]]]}},{"type":"Feature","properties":{"ele":590},"geometry":{"type":"MultiLineString","coordinates":[[[6.01141,50.50132],[6.01143,50.50106],[6.01226,50.50084],[6.01237,50.50076],[6.01234,50.50067],[6.0112,50.49981],[6.01088,50.49964],[6.01045,50.49965],[6.01032,50.49956],[6.01007,50.49933],[6.0099,50.49884],[6.00957,50.49855],[6.00919,50.49837],[6.00877,50.49863],[6.0084,50.49874],[6.00755,50.49851],[6.00708,50.49867],[6.0067,50.49862],[6.00646,50.49828],[6.00647,50.49793],[6.00669,50.49768],[6.00707,50.49777],[6.00724,50.49769],[6.00629,50.49715],[6.00593,50.49683],[6.00531,50.49662],[6.00464,50.49623],[6.00413,50.49613],[6.00402,50.49601],[6.00438,50.4959],[6.00522,50.49597],[6.00625,50.49546],[6.00665,50.49542],[6.00682,50.49548],[6.00713,50.49575],[6.00751,50.4959],[6.00887,50.49627],[6.00902,50.49641],[6.00921,50.49683],[6.00912,50.49734],[6.00923,50.49756],[6.01013,50.49767],[6.01123,50.498],[6.01218,50.49839],[6.01287,50.49886],[6.01381,50.4989],[6.01466,50.49933],[6.01547,50.49949],[6.01665,50.49995],[6.01675,50.5002],[6.01661,50.50051],[6.01655,50.50101],[6.01688,50.50132]],[[6.04241,50.50132],[6.04295,50.50076],[6.04335,50.50048],[6.04504,50.49993],[6.0456,50.49965],[6.04573,50.49915],[6.04561,50.49882],[6.0454,50.49869],[6.04454,50.49856],[6.04424,50.49825],[6.04374,50.49806],[6.04338,50.49779],[6.0432,50.49817],[6.04294,50.49839],[6.04264,50.4988],[6.04173,50.49939],[6.04135,50.49935],[6.04079,50.49914],[6.03995,50.49942],[6.03902,50.49951],[6.03823,50.49945],[6.03805,50.49928],[6.03804,50.49888],[6.03889,50.49826],[6.03856,50.49805],[6.03856,50.4979],[6.03882,50.49776],[6.03924,50.49772],[6.03908,50.49742],[6.03925,50.49729],[6.0397,50.49718],[6.0405,50.49715],[6.04054,50.49687],[6.03888,50.49632],[6.03878,50.49631],[6.03837,50.4966],[6.03755,50.49629],[6.0371,50.49605],[6.03666,50.49559],[6.03559,50.49496],[6.03542,50.49479],[6.03457,50.49479],[6.0342,50.49426],[6.03387,50.49399],[6.03298,50.49364],[6.03209,50.49385],[6.03188,50.49345],[6.03088,50.49298],[6.03035,50.49299],[6.02953,50.49354],[6.02921,50.4941],[6.02866,50.49422],[6.02803,50.49422],[6.02732,50.49407],[6.02658,50.49362],[6.02624,50.49349],[6.02618,50.49356],[6.02643,50.49382],[6.02588,50.49393],[6.02572,50.49408],[6.02599,50.49441],[6.02595,50.49468],[6.02543,50.4948],[6.02459,50.49465],[6.02462,50.49437],[6.02478,50.4941],[6.02438,50.49381],[6.02435,50.4936],[6.02462,50.49349],[6.02498,50.49367],[6.0251,50.49365],[6.02514,50.49352],[6.02492,50.49325],[6.0252,50.49297],[6.02522,50.49276],[6.02502,50.49243],[6.02421,50.49225],[6.02397,50.49189],[6.02433,50.49179],[6.02584,50.49166],[6.02629,50.49132],[6.02607,50.49088],[6.02614,50.4907],[6.02635,50.49049],[6.02627,50.4902],[6.02636,50.48974],[6.02631,50.48961],[6.02596,50.48932],[6.02517,50.48895],[6.02452,50.48885],[6.02374,50.48828],[6.02298,50.48798],[6.02136,50.48749],[6.02085,50.48744],[6.0192,50.48661],[6.01892,50.48629],[6.01789,50.48577],[6.01704,50.48552],[6.01634,50.48578],[6.01582,50.48576],[6.01594,50.48548],[6.01578,50.48521],[6.01538,50.48499],[6.01449,50.4848],[6.01332,50.48412],[6.01254,50.48326],[6.01229,50.48271],[6.0121,50.48269],[6.01175,50.48301],[6.0113,50.48296],[6.01115,50.48275],[6.01112,50.48255],[6.0112,50.48235],[6.01143,50.48217],[6.0114,50.48209],[6.00803,50.4804],[6.00668,50.48105],[6.00569,50.48082],[6.00461,50.48076],[6.00344,50.48047],[6.00293,50.48017],[6.00105,50.48008],[6.00045,50.47993],[6.00099,50.47939],[6.00088,50.47908],[5.99959,50.47829],[5.99917,50.47774],[5.99865,50.47752],[5.99848,50.47714],[5.99799,50.47677],[5.99754,50.47603],[5.99707,50.47609],[5.99653,50.47579],[5.99628,50.47548],[5.99676,50.4752],[5.9965,50.4749],[5.99711,50.47445],[5.99772,50.47439],[5.99797,50.47445],[5.99833,50.47496],[5.99876,50.47527],[5.99895,50.47521],[5.99919,50.47491],[5.99938,50.47484],[6.0004,50.47471],[6.00105,50.47448],[6.00134,50.47451],[6.00153,50.47464],[6.00122,50.47494],[6.0017,50.47495],[6.00179,50.47456],[6.00193,50.47436],[6.003,50.47396],[6.00382,50.47407],[6.00423,50.47432],[6.00464,50.47429],[6.00496,50.47443],[6.0054,50.47448],[6.0059,50.4749],[6.00627,50.47504],[6.00675,50.47493],[6.00713,50.4744],[6.00731,50.47428],[6.00756,50.47419],[6.00787,50.4742],[6.00913,50.47466],[6.00953,50.47492],[6.00962,50.47524],[6.00999,50.47539],[6.01054,50.47496],[6.01091,50.47483],[6.01246,50.47502],[6.01355,50.47542],[6.01465,50.4753],[6.01543,50.47538],[6.01662,50.47534],[6.01725,50.47511],[6.01879,50.47495],[6.01846,50.47411],[6.01846,50.47379],[6.0179,50.47358],[6.01772,50.47335],[6.01779,50.47321],[6.01842,50.47298],[6.01789,50.47269],[6.01845,50.47261],[6.01933,50.47282],[6.02089,50.47285],[6.02101,50.47271],[6.02105,50.47248],[6.02073,50.47196],[6.02069,50.47175],[6.02107,50.47104],[6.02137,50.47086],[6.02183,50.47085],[6.0235,50.47114],[6.02412,50.47117],[6.02441,50.4711],[6.02454,50.47095],[6.02442,50.47075],[6.0238,50.47033],[6.02331,50.47031],[6.02313,50.47018],[6.02374,50.46958],[6.02449,50.46939],[6.02473,50.46947],[6.02522,50.46986],[6.02545,50.47025],[6.02553,50.47021],[6.02563,50.46988],[6.02586,50.46965],[6.0263,50.46965],[6.02652,50.46993],[6.02622,50.47022],[6.02752,50.47041],[6.02795,50.47057],[6.02933,50.47063],[6.03054,50.47103],[6.03035,50.47132],[6.0303,50.47178],[6.03047,50.47216],[6.02996,50.47228],[6.02897,50.47235],[6.02706,50.47292],[6.02695,50.47302],[6.02691,50.47326],[6.02663,50.47354],[6.0271,50.47383],[6.02763,50.47402],[6.02803,50.47434],[6.02802,50.4747],[6.02763,50.47522],[6.02753,50.47548],[6.02789,50.47579],[6.02866,50.47588],[6.02918,50.47582],[6.02985,50.47559],[6.0304,50.47564],[6.03068,50.47592],[6.03084,50.47636],[6.03129,50.47659],[6.03143,50.47691],[6.03127,50.4771],[6.031,50.47723],[6.03054,50.47728],[6.03022,50.47717],[6.03017,50.47688],[6.03008,50.4768],[6.02959,50.47678],[6.02878,50.47659],[6.02814,50.4769],[6.02787,50.47711],[6.02785,50.4772],[6.02797,50.47741],[6.03002,50.47828],[6.03129,50.47793],[6.03253,50.47882],[6.03333,50.47896],[6.03437,50.47936],[6.03699,50.48013],[6.04063,50.48056],[6.04293,50.4807],[6.04506,50.48069],[6.04929,50.48046],[6.04963,50.48047],[6.05006,50.48061],[6.05016,50.48044],[6.04874,50.4794],[6.0492,50.47882],[6.04915,50.47862],[6.04786,50.47773],[6.04783,50.47751],[6.04795,50.47715],[6.04737,50.47661],[6.04596,50.47565],[6.04438,50.47522],[6.04401,50.47494],[6.04319,50.47472],[6.04315,50.47457],[6.04342,50.47439],[6.04489,50.47404],[6.04545,50.47409],[6.04536,50.47439],[6.0457,50.47474],[6.04632,50.4751],[6.04787,50.47536],[6.04918,50.47535],[6.05039,50.47579],[6.05133,50.47602],[6.05156,50.4763],[6.05128,50.47659],[6.05132,50.47666],[6.0517,50.47657],[6.05211,50.47592],[6.05324,50.47578],[6.054,50.47599],[6.05409,50.4761],[6.05411,50.47637],[6.05426,50.47648],[6.05578,50.47644],[6.05609,50.47631],[6.05608,50.47606],[6.05589,50.4757],[6.05541,50.47528],[6.0552,50.47486],[6.05495,50.47473],[6.05417,50.47467],[6.05376,50.47436],[6.0542,50.47409],[6.05515,50.47382],[6.05528,50.47359],[6.05529,50.47325],[6.05571,50.47301],[6.05583,50.4727],[6.05624,50.47239],[6.05657,50.47243],[6.05676,50.47268],[6.05712,50.47279],[6.05728,50.4727],[6.05732,50.47241],[6.05752,50.47232],[6.05838,50.47297],[6.05861,50.47352],[6.0592,50.47382],[6.05912,50.47411],[6.0592,50.47437],[6.05972,50.47439],[6.0599,50.47408],[6.06088,50.47363],[6.06134,50.47389],[6.06205,50.47414],[6.06308,50.47394],[6.06377,50.474],[6.06391,50.47408],[6.06394,50.47431],[6.06405,50.47443],[6.06468,50.47458],[6.06543,50.47497],[6.06569,50.47493],[6.06577,50.47457],[6.06594,50.4744],[6.06618,50.47434],[6.06735,50.47471],[6.06839,50.47462],[6.06849,50.47484],[6.0685,50.47529],[6.0687,50.47555],[6.0696,50.47579],[6.07047,50.47583],[6.07084,50.47604],[6.07147,50.47624],[6.07173,50.47657],[6.07205,50.47669],[6.0723,50.47661],[6.07223,50.47629],[6.07261,50.47613],[6.07293,50.47609],[6.0735,50.4762],[6.0742,50.47612],[6.07463,50.47562],[6.07509,50.47531],[6.07716,50.47575],[6.07725,50.47595],[6.07721,50.47605],[6.07662,50.47586],[6.07616,50.47588],[6.07583,50.47599],[6.07558,50.47638],[6.07535,50.47654],[6.07502,50.47664],[6.0742,50.47643],[6.07377,50.47677],[6.07332,50.47687],[6.07639,50.47763],[6.07798,50.47818],[6.07838,50.47844],[6.0786,50.47887],[6.07883,50.47995],[6.07797,50.48049],[6.07737,50.481],[6.07731,50.48113],[6.07744,50.48162],[6.07814,50.48213],[6.07835,50.48244],[6.07877,50.48273],[6.08053,50.48283],[6.08141,50.48298],[6.08133,50.48268],[6.08042,50.48215],[6.08102,50.48191],[6.08171,50.48188],[6.08198,50.48161],[6.08211,50.48131],[6.08254,50.48108],[6.0834,50.48077],[6.08407,50.4807],[6.08457,50.48079],[6.08479,50.48116],[6.08523,50.4816],[6.08632,50.4823],[6.08671,50.4827],[6.08715,50.48288],[6.08907,50.48312],[6.08947,50.483],[6.08954,50.48266],[6.08971,50.48256],[6.09095,50.4826],[6.0922,50.48251],[6.09296,50.48215],[6.09318,50.48196],[6.09323,50.48182],[6.09309,50.48161],[6.09246,50.4812],[6.09183,50.4804],[6.09174,50.47959],[6.0915,50.4786],[6.09157,50.47848],[6.09179,50.47842],[6.09319,50.47863],[6.0938,50.47854],[6.09422,50.47869],[6.09424,50.47883],[6.09401,50.47915],[6.09421,50.47963],[6.09425,50.47993],[6.09401,50.4802],[6.094,50.48053],[6.09375,50.48078],[6.09378,50.48104],[6.09402,50.48114],[6.09501,50.4813],[6.09595,50.48118],[6.09629,50.48105],[6.09671,50.48076],[6.09693,50.4802],[6.09724,50.48017],[6.09814,50.48071],[6.09829,50.4811],[6.09842,50.48124],[6.10039,50.48178],[6.10084,50.48216],[6.10199,50.4823],[6.10324,50.482],[6.10376,50.48201],[6.10428,50.48213],[6.10454,50.48238],[6.10455,50.48273],[6.10549,50.48292],[6.10626,50.48363],[6.10662,50.48374],[6.10685,50.48367],[6.10706,50.48349],[6.1072,50.48293],[6.10735,50.48268],[6.1084,50.48211],[6.10832,50.4817],[6.10808,50.4813],[6.1077,50.48103],[6.10705,50.48079],[6.10679,50.4805],[6.10676,50.48029],[6.10686,50.47991],[6.10672,50.47893],[6.10655,50.47922],[6.10632,50.4794],[6.10586,50.47938],[6.1054,50.47911],[6.10524,50.47884],[6.10551,50.47854],[6.10545,50.4777],[6.10466,50.47737],[6.10373,50.47749],[6.10296,50.47712],[6.10242,50.47661],[6.10114,50.47575],[6.10096,50.47547],[6.10092,50.47491],[6.10115,50.47457],[6.103,50.47326],[6.10375,50.47294],[6.10461,50.47242],[6.10558,50.47221],[6.10628,50.47187],[6.10644,50.47151],[6.10642,50.47078],[6.10659,50.47051],[6.10621,50.4702],[6.10667,50.46986],[6.10705,50.46921],[6.10758,50.46913],[6.10844,50.46858],[6.10876,50.46821],[6.10928,50.46829],[6.11017,50.46806],[6.1106,50.46823],[6.1109,50.46852],[6.11176,50.46881],[6.11216,50.46909],[6.11383,50.46992],[6.11451,50.47067],[6.11484,50.47157],[6.11505,50.47186],[6.11508,50.47212],[6.11537,50.47224],[6.11586,50.47226],[6.11599,50.47236],[6.11598,50.47251],[6.11544,50.47302],[6.1159,50.47315],[6.11625,50.47334],[6.11682,50.47388],[6.11679,50.47411],[6.1161,50.47402],[6.11573,50.47409],[6.11559,50.47449],[6.11576,50.47498],[6.11574,50.47518],[6.11555,50.47531],[6.11501,50.4754],[6.11487,50.47549],[6.11526,50.4763],[6.11516,50.47656],[6.11478,50.47703],[6.11491,50.4777],[6.11549,50.47825],[6.11573,50.47878],[6.11607,50.47908],[6.11577,50.47937],[6.11574,50.47953],[6.11584,50.47998],[6.11574,50.48048],[6.11605,50.48077],[6.11526,50.48103],[6.11542,50.48149],[6.11556,50.48159],[6.11543,50.48168],[6.11536,50.48187],[6.11593,50.482],[6.11604,50.48214],[6.11601,50.48239],[6.1161,50.48248],[6.1173,50.4827],[6.11703,50.4828],[6.11543,50.48295],[6.1154,50.48331],[6.11559,50.4839],[6.11629,50.4845],[6.11756,50.48423],[6.1187,50.48422],[6.11917,50.48439],[6.11946,50.48464],[6.11931,50.48491],[6.11938,50.48517],[6.1193,50.48524],[6.11836,50.48509],[6.11753,50.4846],[6.1171,50.48463],[6.117,50.48489],[6.11716,50.48495],[6.11756,50.48485],[6.11812,50.48521],[6.11877,50.48533],[6.11919,50.48583],[6.11966,50.48522],[6.12004,50.48496],[6.12049,50.48487],[6.12092,50.4849],[6.12109,50.48512],[6.12111,50.48533],[6.12044,50.48637],[6.12081,50.48626],[6.12129,50.48631],[6.12122,50.48656],[6.12129,50.48661],[6.12212,50.48628],[6.12255,50.48624],[6.12266,50.48634],[6.12251,50.48663],[6.12285,50.4869],[6.12271,50.48717],[6.12228,50.48743],[6.12263,50.48775],[6.12241,50.488],[6.12199,50.48826],[6.12187,50.48845],[6.12209,50.4891],[6.12235,50.48936],[6.12284,50.48963],[6.12341,50.4898],[6.12462,50.49048],[6.12438,50.49099],[6.12442,50.49116],[6.12468,50.49142],[6.12573,50.49187],[6.12547,50.49201],[6.12464,50.49209],[6.12454,50.49213],[6.12456,50.4922],[6.12485,50.4923],[6.12551,50.4923],[6.12587,50.49263],[6.1261,50.49297],[6.12629,50.49307],[6.12683,50.49315],[6.12787,50.49313],[6.12869,50.49329],[6.12899,50.49349],[6.12895,50.49359],[6.12799,50.49397],[6.12776,50.49425],[6.12783,50.49481],[6.12775,50.49522],[6.12804,50.49577],[6.12744,50.49602],[6.12778,50.49631],[6.12765,50.49658],[6.12672,50.49717],[6.12631,50.4976],[6.12603,50.4977],[6.12644,50.49792],[6.12652,50.49834],[6.12706,50.49874],[6.12754,50.49882],[6.12786,50.49915],[6.1283,50.49942],[6.12864,50.49991],[6.12882,50.49998],[6.12913,50.49904],[6.12883,50.49826],[6.12852,50.49793],[6.12856,50.49766],[6.12883,50.49744],[6.13042,50.49659],[6.13061,50.49631],[6.13095,50.49606],[6.13137,50.49594],[6.13181,50.49596],[6.13199,50.49607],[6.1319,50.49637],[6.13199,50.49659],[6.13295,50.49773],[6.13392,50.49735],[6.1347,50.4972],[6.13552,50.49715],[6.13642,50.49739],[6.13721,50.49742],[6.13739,50.49772],[6.13739,50.49803],[6.13708,50.49855],[6.13643,50.49928],[6.13635,50.49956],[6.13637,50.49987],[6.13674,50.50019],[6.13896,50.50132]],[[6.12554,50.50132],[6.12579,50.50093],[6.12596,50.50088],[6.12714,50.50132]],[[6.14446,50.50132],[6.14424,50.50104],[6.14378,50.50084],[6.14369,50.50073],[6.14379,50.50049],[6.14457,50.49988],[6.14545,50.49963],[6.14589,50.49964],[6.14615,50.50001],[6.14642,50.50009],[6.14721,50.49983],[6.14794,50.49971],[6.14804,50.4994],[6.14852,50.49903],[6.14864,50.49855],[6.1489,50.49826],[6.14915,50.49768],[6.14947,50.49743],[6.14944,50.49712],[6.15069,50.49687],[6.15086,50.49675],[6.15094,50.4964],[6.1511,50.49623],[6.15142,50.49611],[6.15212,50.49603]],[[6.1467,50.49972],[6.14657,50.49965],[6.14678,50.49965],[6.1467,50.49972]],[[6.04045,50.49888],[6.04009,50.49869],[6.03947,50.49852],[6.03959,50.49842],[6.0398,50.49842],[6.04044,50.49874],[6.04088,50.49882],[6.04083,50.49899],[6.04045,50.49888]],[[6.1242,50.49799],[6.12499,50.49792],[6.12519,50.49797],[6.1242,50.49799]],[[6.01212,50.49731],[6.01195,50.49715],[6.01256,50.49714],[6.01212,50.49731]],[[6.14837,50.49467],[6.14831,50.49465],[6.14842,50.49465],[6.14837,50.49467]],[[6.0267,50.49439],[6.02664,50.49437],[6.0267,50.49439]],[[6.03045,50.49331],[6.03017,50.49324],[6.03041,50.49315],[6.0306,50.49323],[6.03045,50.49331]],[[6.12587,50.48865],[6.12578,50.48855],[6.12584,50.48849],[6.12633,50.48854],[6.12587,50.48865]],[[6.12045,50.48696],[6.12038,50.48687],[6.12044,50.48678],[6.1205,50.48686],[6.12045,50.48696]],[[6.0167,50.48535],[6.016,50.48464],[6.01455,50.48357],[6.01459,50.48339],[6.01475,50.48337],[6.01505,50.4835],[6.01624,50.48416],[6.01674,50.48436],[6.01711,50.48466],[6.01726,50.48498],[6.01716,50.48535],[6.01703,50.48542],[6.0167,50.48535]],[[6.12129,50.48411],[6.12091,50.48408],[6.12072,50.48393],[6.12065,50.48376],[6.12076,50.48353],[6.1217,50.48298],[6.1224,50.48279],[6.12256,50.48282],[6.12259,50.48304],[6.12212,50.48354],[6.12164,50.48381],[6.12129,50.48411]],[[6.10837,50.48389],[6.10825,50.48357],[6.10838,50.48343],[6.10851,50.48352],[6.10854,50.48366],[6.10849,50.48382],[6.10837,50.48389]],[[6.11837,50.48331],[6.11823,50.48274],[6.11839,50.48265],[6.11856,50.48274],[6.11845,50.483],[6.11846,50.48324],[6.11837,50.48331]],[[6.10212,50.48302],[6.10208,50.48274],[6.10214,50.48263],[6.10241,50.48273],[6.10254,50.48295],[6.10212,50.48302]],[[6.12295,50.48273],[6.12275,50.4827],[6.12295,50.48273]],[[6.11754,50.48187],[6.11729,50.48162],[6.1175,50.48148],[6.11769,50.4816],[6.11754,50.48187]],[[6.05129,50.48093],[6.05087,50.48076],[6.05064,50.4805],[6.05063,50.48026],[6.0508,50.48007],[6.051,50.48002],[6.05133,50.48008],[6.05175,50.48046],[6.05178,50.48081],[6.05129,50.48093]],[[6.04879,50.48026],[6.04879,50.4802],[6.04879,50.48026]],[[6.11879,50.47842],[6.11871,50.47824],[6.11922,50.47826],[6.11879,50.47842]],[[6.07045,50.47562],[6.0704,50.47549],[6.07046,50.47544],[6.07053,50.4755],[6.07045,50.47562]],[[6.07087,50.47536],[6.07071,50.47522],[6.07084,50.47513],[6.07092,50.4752],[6.07087,50.47536]],[[6.0617,50.47494],[6.06165,50.47492],[6.0617,50.47494]],[[6.03212,50.4744],[6.03213,50.47423],[6.03218,50.47436],[6.03212,50.4744]],[[6.07129,50.47444],[6.07106,50.47434],[6.07131,50.4741],[6.07171,50.47408],[6.07182,50.47414],[6.07186,50.47434],[6.07176,50.47448],[6.07129,50.47444]],[[6.05129,50.47418],[6.05107,50.47406],[6.05085,50.47381],[6.05171,50.47381],[6.05175,50.47412],[6.05129,50.47418]],[[6.07087,50.47411],[6.07095,50.47409],[6.07087,50.47411]],[[6.11795,50.47404],[6.11783,50.47376],[6.11794,50.47354],[6.11803,50.47354],[6.11827,50.47379],[6.11795,50.47404]],[[6.00712,50.47356],[6.00705,50.47354],[6.00712,50.47356]],[[6.11795,50.4723],[6.11767,50.47212],[6.11773,50.47186],[6.11834,50.47158],[6.11873,50.47129],[6.11915,50.47137],[6.11921,50.4716],[6.11873,50.47182],[6.11837,50.47215],[6.11795,50.4723]],[[6.00379,50.46585],[6.00329,50.46559],[6.00213,50.46526],[6.00172,50.46491],[6.00161,50.46456],[6.0017,50.46437],[6.00266,50.46412],[6.00259,50.46373],[6.00294,50.46323],[6.00336,50.46298],[6.00417,50.46268],[6.00463,50.46267],[6.00468,50.46297],[6.00492,50.46324],[6.00456,50.46378],[6.00476,50.46411],[6.00423,50.46447],[6.00382,50.46435],[6.00366,50.46438],[6.00389,50.4646],[6.00395,50.46477],[6.00397,50.46522],[6.00379,50.46585]],[[6.1517,50.4608],[6.15168,50.46073],[6.15178,50.46075],[6.1517,50.4608]],[[6.08712,50.43946],[6.08623,50.43881],[6.08607,50.43859],[6.08612,50.43844],[6.08632,50.43832],[6.08657,50.43831],[6.08717,50.43854],[6.08758,50.43902],[6.08761,50.43915],[6.08755,50.43939],[6.08712,50.43946]],[[6.08545,50.43827],[6.08448,50.43801],[6.08448,50.43793],[6.08478,50.43765],[6.08472,50.43742],[6.08457,50.43731],[6.0838,50.43714],[6.08298,50.43715],[6.08196,50.43685],[6.08222,50.43661],[6.08267,50.43656],[6.08418,50.4367],[6.08462,50.43684],[6.08518,50.43716],[6.08632,50.43797],[6.0863,50.43811],[6.08615,50.4382],[6.08545,50.43827]],[[6.08837,50.43829],[6.08832,50.43823],[6.08838,50.43812],[6.08846,50.43825],[6.08837,50.43829]],[[6.0992,50.43612],[6.09909,50.43603],[6.09919,50.43588],[6.09931,50.43601],[6.0992,50.43612]],[[6.09962,50.43556],[6.09956,50.43549],[6.09961,50.4354],[6.09962,50.43556]],[[6.09837,50.43505],[6.09799,50.43466],[6.09733,50.43418],[6.09681,50.43349],[6.09675,50.4331],[6.09709,50.43265],[6.09746,50.4325],[6.09795,50.43245],[6.09835,50.43227],[6.09944,50.43245],[6.10094,50.43242],[6.101,50.43271],[6.10141,50.43299],[6.10148,50.43348],[6.1007,50.43442],[6.10016,50.43481],[6.09962,50.43493],[6.09923,50.43514],[6.09886,50.43516],[6.09837,50.43505]]]}},{"type":"Feature","properties":{"ele":610},"geometry":{"type":"MultiLineString","coordinates":[[[6.05067,50.50132],[6.05086,50.501],[6.05186,50.50048],[6.05245,50.50049],[6.05338,50.50078],[6.0542,50.5002],[6.05465,50.50054],[6.05474,50.50039],[6.05473,50.50015],[6.05462,50.49993],[6.05432,50.49965],[6.0537,50.49943],[6.05261,50.4992],[6.05165,50.49943],[6.05152,50.49934],[6.05138,50.49901],[6.05113,50.49883],[6.04996,50.49876],[6.04948,50.4986],[6.04932,50.49842],[6.04928,50.49817],[6.04963,50.49742],[6.04923,50.49721],[6.04877,50.49716],[6.04874,50.49689],[6.04842,50.49654],[6.04854,50.49613],[6.04851,50.49599],[6.0471,50.49561],[6.04598,50.4948],[6.04574,50.49482],[6.04471,50.49548],[6.04414,50.49599],[6.04395,50.49637],[6.0438,50.49645],[6.04369,50.49642],[6.04334,50.49606],[6.04286,50.49532],[6.04281,50.49488],[6.04192,50.49435],[6.04222,50.4941],[6.04262,50.49396],[6.04298,50.49395],[6.0436,50.49407],[6.04386,50.49402],[6.04479,50.49338],[6.04485,50.49329],[6.04479,50.4932],[6.04422,50.49292],[6.0438,50.49312],[6.043,50.49314],[6.04258,50.49332],[6.04133,50.49319],[6.0406,50.49276],[6.04005,50.49223],[6.03922,50.49273],[6.03888,50.49302],[6.0384,50.49318],[6.03793,50.49302],[6.0381,50.49238],[6.03796,50.49207],[6.03753,50.49213],[6.03712,50.49243],[6.03674,50.49249],[6.03595,50.49238],[6.03501,50.49244],[6.03411,50.49226],[6.03395,50.49212],[6.03404,50.49178],[6.03394,50.49156],[6.03294,50.49145],[6.03263,50.49126],[6.03261,50.49104],[6.0331,50.49078],[6.0329,50.49057],[6.03258,50.49045],[6.03204,50.49042],[6.03046,50.48992],[6.0297,50.48979],[6.02918,50.48993],[6.02927,50.48936],[6.02902,50.48906],[6.02608,50.48827],[6.02522,50.48772],[6.02376,50.48709],[6.02254,50.48671],[6.02201,50.48635],[6.02174,50.48602],[6.02088,50.48575],[6.01875,50.48411],[6.01891,50.48338],[6.01886,50.48316],[6.01845,50.48265],[6.01774,50.48209],[6.01721,50.48131],[6.01662,50.48122],[6.01589,50.48086],[6.0145,50.48089],[6.01431,50.48103],[6.01427,50.48116],[6.01433,50.48158],[6.01462,50.48187],[6.01468,50.48234],[6.01462,50.48247],[6.01417,50.48217],[6.01389,50.48208],[6.01335,50.48202],[6.01295,50.48185],[6.01244,50.4819],[6.01237,50.48175],[6.01242,50.48153],[6.01258,50.48134],[6.01314,50.48107],[6.01322,50.48072],[6.01344,50.48047],[6.01344,50.48017],[6.01328,50.48002],[6.01202,50.47998],[6.01189,50.47987],[6.01187,50.47969],[6.01211,50.47959],[6.01257,50.47965],[6.01296,50.47925],[6.0131,50.47963],[6.01336,50.47984],[6.0148,50.47975],[6.01605,50.48015],[6.01619,50.48026],[6.01628,50.48049],[6.01673,50.48043],[6.01715,50.48061],[6.01786,50.48017],[6.01839,50.47999],[6.01874,50.47961],[6.01958,50.47908],[6.02043,50.47905],[6.02113,50.47875],[6.02171,50.47865],[6.02294,50.47825],[6.02335,50.47847],[6.02379,50.4785],[6.02463,50.47897],[6.02542,50.47895],[6.02571,50.47881],[6.02565,50.47857],[6.02443,50.47775],[6.02438,50.47755],[6.02451,50.47739],[6.02531,50.47716],[6.02627,50.4767],[6.02656,50.47717],[6.02583,50.47771],[6.02805,50.47901],[6.02984,50.48026],[6.03087,50.4806],[6.03125,50.48081],[6.03186,50.48079],[6.03189,50.48067],[6.03177,50.48044],[6.03149,50.48025],[6.03147,50.48015],[6.03207,50.47963],[6.03257,50.47962],[6.03276,50.47969],[6.03342,50.48041],[6.03373,50.48037],[6.03405,50.48015],[6.03462,50.47992],[6.03501,50.48024],[6.0356,50.48046],[6.03572,50.48067],[6.03569,50.48078],[6.03495,50.48094],[6.03462,50.48161],[6.03313,50.48095],[6.03262,50.48089],[6.03235,50.48102],[6.03305,50.48143],[6.0336,50.48163],[6.03421,50.48171],[6.03491,50.48203],[6.03527,50.48205],[6.03562,50.48192],[6.03611,50.48133],[6.03623,50.48103],[6.03667,50.48071],[6.03708,50.48077],[6.04005,50.48159],[6.04027,50.48178],[6.0403,50.48192],[6.04009,50.48216],[6.03964,50.48247],[6.03926,50.48324],[6.0393,50.48345],[6.03945,50.48357],[6.04079,50.48366],[6.04235,50.48395],[6.04444,50.48415],[6.04579,50.48438],[6.04671,50.48472],[6.04829,50.48503],[6.04878,50.48521],[6.04962,50.48519],[6.05002,50.48534],[6.05105,50.48541],[6.05162,50.48539],[6.05211,50.4852],[6.05253,50.48519],[6.05297,50.4856],[6.05407,50.48559],[6.05467,50.48592],[6.05543,50.48589],[6.05642,50.48612],[6.05671,50.48608],[6.05672,50.48576],[6.05642,50.48543],[6.05609,50.48474],[6.05605,50.48438],[6.05574,50.48415],[6.05553,50.4838],[6.05544,50.48354],[6.05566,50.48324],[6.05486,50.48272],[6.05474,50.48245],[6.05505,50.48217],[6.05553,50.48198],[6.05586,50.48201],[6.05652,50.48227],[6.05682,50.48222],[6.05684,50.48203],[6.05657,50.48163],[6.05646,50.48132],[6.05622,50.48111],[6.05619,50.48095],[6.05626,50.48074],[6.05664,50.48043],[6.05683,50.47974],[6.05716,50.47916],[6.05733,50.47903],[6.05795,50.47881],[6.05924,50.47917],[6.05966,50.47912],[6.06011,50.47885],[6.06019,50.47866],[6.06015,50.47848],[6.0591,50.47712],[6.05923,50.47688],[6.06037,50.47674],[6.06115,50.47675],[6.06157,50.47685],[6.06252,50.47746],[6.06254,50.47798],[6.0621,50.47848],[6.06207,50.47884],[6.06254,50.47872],[6.06378,50.47912],[6.06501,50.47852],[6.0654,50.47841],[6.06555,50.47847],[6.06589,50.47889],[6.06652,50.47891],[6.0671,50.47876],[6.06755,50.47888],[6.06769,50.47857],[6.06783,50.47849],[6.06965,50.47829],[6.07023,50.47773],[6.07027,50.47742],[6.07086,50.47709],[6.07128,50.47727],[6.07184,50.47772],[6.07194,50.4779],[6.07192,50.47803],[6.07126,50.47852],[6.06962,50.47941],[6.06942,50.47964],[6.06931,50.48018],[6.06909,50.48054],[6.06878,50.48076],[6.06767,50.48093],[6.06719,50.48066],[6.0667,50.48076],[6.06752,50.48105],[6.06768,50.48123],[6.0677,50.4814],[6.06762,50.48158],[6.06711,50.48213],[6.0671,50.48271],[6.06792,50.48302],[6.06835,50.48283],[6.06922,50.48273],[6.06988,50.48235],[6.07082,50.48212],[6.07168,50.48224],[6.07212,50.4822],[6.07218,50.48212],[6.07204,50.48187],[6.07248,50.48159],[6.07267,50.48134],[6.07286,50.48127],[6.0732,50.48132],[6.07432,50.48187],[6.07381,50.48245],[6.07301,50.48271],[6.07271,50.48295],[6.07368,50.48353],[6.07375,50.48373],[6.07364,50.48387],[6.07334,50.48395],[6.07282,50.48392],[6.07092,50.48401],[6.07077,50.48407],[6.07086,50.48414],[6.07378,50.48423],[6.07421,50.48396],[6.07516,50.48382],[6.07453,50.48352],[6.07544,50.48321],[6.07554,50.48326],[6.07557,50.48355],[6.0759,50.48379],[6.07594,50.48407],[6.07621,50.48425],[6.0768,50.48404],[6.07755,50.48397],[6.07797,50.48375],[6.07878,50.4843],[6.07961,50.48406],[6.08005,50.48405],[6.08026,50.48439],[6.08067,50.48467],[6.0809,50.48474],[6.08126,50.48462],[6.08165,50.48405],[6.0825,50.48402],[6.08324,50.48432],[6.08384,50.48437],[6.0836,50.48463],[6.0838,50.48476],[6.08418,50.48454],[6.08466,50.48448],[6.08532,50.48417],[6.08555,50.48421],[6.08584,50.48449],[6.08595,50.4845],[6.08711,50.48381],[6.08755,50.48377],[6.08793,50.4839],[6.08808,50.48412],[6.08806,50.48467],[6.08784,50.48547],[6.08798,50.48582],[6.08818,50.48572],[6.08837,50.48545],[6.08897,50.48526],[6.08904,50.48468],[6.08962,50.48409],[6.09015,50.48441],[6.09033,50.48467],[6.09044,50.48503],[6.09063,50.48502],[6.09093,50.48493],[6.09123,50.48463],[6.09182,50.48439],[6.09205,50.48408],[6.0925,50.48401],[6.09285,50.48384],[6.09313,50.48329],[6.09329,50.48314],[6.09378,50.48293],[6.09418,50.48289],[6.09488,50.48299],[6.09483,50.48325],[6.09503,50.48335],[6.09616,50.48334],[6.09688,50.48346],[6.09746,50.48345],[6.0979,50.48334],[6.09808,50.48349],[6.098,50.48361],[6.09751,50.48365],[6.09711,50.4838],[6.09732,50.48422],[6.09723,50.48442],[6.09703,50.48454],[6.09615,50.48483],[6.09436,50.48492],[6.09464,50.48499],[6.095,50.48522],[6.09636,50.48502],[6.09787,50.48501],[6.0996,50.48518],[6.10002,50.48534],[6.10009,50.48521],[6.10009,50.48491],[6.10004,50.48465],[6.09985,50.48435],[6.09985,50.48415],[6.10024,50.48382],[6.10041,50.48351],[6.10076,50.48328],[6.10018,50.48297],[6.10083,50.48275],[6.10111,50.48293],[6.10109,50.48324],[6.1013,50.4834],[6.1014,50.4839],[6.10126,50.48439],[6.10157,50.48456],[6.10183,50.48458],[6.1023,50.48439],[6.1026,50.48418],[6.10291,50.48376],[6.10331,50.48361],[6.10356,50.48388],[6.10426,50.48435],[6.10423,50.48447],[6.10402,50.48463],[6.10406,50.48473],[6.10462,50.48492],[6.10549,50.48536],[6.1063,50.48546],[6.10664,50.48564],[6.10688,50.48567],[6.1073,50.48558],[6.10807,50.48521],[6.10877,50.48522],[6.10898,50.4855],[6.10888,50.48577],[6.10845,50.48598],[6.1079,50.48597],[6.10784,50.48654],[6.10751,50.48687],[6.10755,50.48695],[6.10815,50.48685],[6.10874,50.48647],[6.10987,50.48606],[6.11016,50.48573],[6.11043,50.48565],[6.11087,50.48568],[6.11128,50.48538],[6.11163,50.48602],[6.11213,50.48631],[6.11272,50.48689],[6.11317,50.48715],[6.1138,50.4873],[6.11504,50.48827],[6.11541,50.48836],[6.11558,50.4883],[6.11558,50.48819],[6.1154,50.48799],[6.11544,50.48742],[6.116,50.4873],[6.1164,50.48742],[6.11621,50.48769],[6.11625,50.48774],[6.1167,50.48764],[6.11715,50.4877],[6.1167,50.48826],[6.11603,50.48854],[6.11657,50.48889],[6.11754,50.48887],[6.11845,50.48865],[6.11918,50.48861],[6.11996,50.48882],[6.12099,50.48936],[6.1198,50.48965],[6.11973,50.48994],[6.11952,50.49017],[6.11964,50.49032],[6.1204,50.49035],[6.12055,50.49048],[6.11973,50.49076],[6.11984,50.49106],[6.11979,50.49132],[6.12015,50.4916],[6.11917,50.49187],[6.11961,50.4921],[6.11963,50.49219],[6.11884,50.4923],[6.11872,50.49238],[6.11874,50.49249],[6.11906,50.49271],[6.11897,50.49301],[6.11939,50.49327],[6.11967,50.4938],[6.11959,50.49407],[6.11907,50.49439],[6.12003,50.49521],[6.12118,50.49574],[6.12161,50.49621],[6.12179,50.49621],[6.12214,50.49585],[6.12251,50.49567],[6.12255,50.49607],[6.12175,50.49667],[6.12129,50.49648],[6.12084,50.49675],[6.12072,50.49687],[6.12066,50.49717],[6.12006,50.49761],[6.11922,50.49753],[6.11876,50.49798],[6.11965,50.4981],[6.12049,50.49852],[6.1211,50.49867],[6.12215,50.49935],[6.12204,50.49994],[6.12228,50.50018],[6.12234,50.50036],[6.1222,50.50088],[6.12249,50.50124],[6.12289,50.50132]],[[6.1196,50.50132],[6.11986,50.50105],[6.11989,50.50068],[6.12008,50.50056],[6.12047,50.50074],[6.12048,50.50085],[6.12047,50.50105],[6.1201,50.50132]],[[6.13114,50.50132],[6.13073,50.50102],[6.1311,50.50096],[6.13177,50.50112],[6.13252,50.50075],[6.13338,50.50103],[6.13393,50.50132]],[[6.14945,50.50132],[6.14933,50.50102],[6.14898,50.5007],[6.14945,50.49992],[6.14976,50.4996],[6.15017,50.49944],[6.15084,50.4996],[6.15135,50.49961],[6.1517,50.49974],[6.15212,50.49941]],[[6.13129,50.49967],[6.13115,50.49938],[6.1315,50.49908],[6.13119,50.4988],[6.13113,50.49852],[6.13128,50.49826],[6.1316,50.498],[6.13212,50.49798],[6.1329,50.4986],[6.13296,50.49883],[6.13266,50.49932],[6.13251,50.49987],[6.13211,50.49982],[6.13169,50.49957],[6.13129,50.49967]],[[6.05045,50.49936],[6.05024,50.49912],[6.05042,50.49899],[6.05053,50.4991],[6.05045,50.49936]],[[6.15212,50.49935],[6.15168,50.4991],[6.15067,50.49881],[6.15091,50.49863],[6.15171,50.49832],[6.15212,50.49808]],[[6.12129,50.49831],[6.12126,50.49825],[6.12138,50.49826],[6.12129,50.49831]],[[6.1242,50.4966],[6.12438,50.49632],[6.12411,50.49604],[6.1223,50.49492],[6.12242,50.49458],[6.123,50.49391],[6.12334,50.49386],[6.12383,50.49408],[6.12416,50.49412],[6.12505,50.49464],[6.12553,50.49572],[6.12629,50.49603],[6.12646,50.49629],[6.12632,50.49646],[6.12587,50.49665],[6.12509,50.49649],[6.1247,50.49664],[6.1242,50.4966]],[[6.04045,50.49439],[6.04032,50.49415],[6.04036,50.49382],[6.03983,50.49353],[6.04074,50.4931],[6.04099,50.49312],[6.04127,50.49327],[6.04167,50.49388],[6.04194,50.49409],[6.04184,50.49421],[6.04152,50.49432],[6.04045,50.49439]],[[6.03754,50.49389],[6.03744,50.49381],[6.03777,50.49381],[6.03754,50.49389]],[[6.03545,50.49356],[6.0352,50.49353],[6.03554,50.49353],[6.03545,50.49356]],[[6.0417,50.49276],[6.04168,50.4927],[6.04175,50.4927],[6.0417,50.49276]],[[6.03545,50.49085],[6.03442,50.49052],[6.03434,50.49042],[6.03435,50.49027],[6.03447,50.49019],[6.03501,50.49016],[6.03661,50.49037],[6.03696,50.49013],[6.03714,50.49011],[6.03723,50.49018],[6.03711,50.49039],[6.03638,50.49071],[6.03545,50.49085]],[[6.11837,50.49081],[6.11763,50.49045],[6.11745,50.49026],[6.11746,50.49011],[6.11777,50.48963],[6.11808,50.48958],[6.11852,50.48965],[6.11824,50.49022],[6.11881,50.49051],[6.11871,50.49074],[6.11837,50.49081]],[[6.02837,50.48948],[6.02833,50.48935],[6.02864,50.48938],[6.02837,50.48948]],[[6.10545,50.48748],[6.1049,50.4872],[6.10413,50.48715],[6.10508,50.48715],[6.10594,50.48743],[6.10545,50.48748]],[[6.06962,50.48689],[6.06947,50.48687],[6.07011,50.48675],[6.07061,50.48687],[6.07036,50.48695],[6.06962,50.48689]],[[6.07045,50.48555],[6.07029,50.48545],[6.07026,50.48524],[6.07063,50.48513],[6.07104,50.48518],[6.07136,50.48547],[6.07095,50.48561],[6.07045,50.48555]],[[6.07254,50.48551],[6.07249,50.48548],[6.07303,50.48549],[6.07254,50.48551]],[[6.01712,50.4841],[6.01526,50.48303],[6.01502,50.4827],[6.01547,50.48269],[6.01666,50.48338],[6.0177,50.48378],[6.01821,50.48412],[6.01806,50.48428],[6.01782,50.48434],[6.01712,50.4841]],[[6.09879,50.483],[6.09856,50.48283],[6.09851,50.4827],[6.09887,50.48252],[6.09921,50.48258],[6.0995,50.48292],[6.09945,50.48301],[6.09927,50.48305],[6.09879,50.483]],[[6.11129,50.48301],[6.11118,50.48298],[6.11129,50.48301]],[[6.09712,50.48244],[6.09713,50.48238],[6.09744,50.48231],[6.09757,50.48241],[6.09712,50.48244]],[[6.08337,50.48218],[6.08365,50.4821],[6.08386,50.48215],[6.08376,50.48223],[6.08337,50.48218]],[[6.07462,50.48107],[6.0746,50.48099],[6.0749,50.48092],[6.07508,50.48094],[6.07515,50.48104],[6.07502,50.48122],[6.07462,50.48107]],[[6.0542,50.48083],[6.05371,50.48053],[6.05345,50.48022],[6.05345,50.47995],[6.05372,50.47974],[6.05412,50.4797],[6.0546,50.47985],[6.05517,50.48017],[6.05534,50.4804],[6.05532,50.48067],[6.05511,50.48084],[6.05465,50.48093],[6.0542,50.48083]],[[6.07545,50.48092],[6.07523,50.48077],[6.07543,50.48063],[6.07566,50.48075],[6.07545,50.48092]],[[6.01254,50.4791],[6.01234,50.47884],[6.01251,50.47869],[6.01263,50.47874],[6.01269,50.47887],[6.01263,50.47907],[6.01254,50.4791]],[[6.0542,50.47931],[6.0539,50.47905],[6.05364,50.47863],[6.05364,50.47845],[6.05377,50.47826],[6.05423,50.47816],[6.05463,50.47823],[6.05525,50.47878],[6.05525,50.4789],[6.05507,50.47912],[6.0542,50.47931]],[[6.05045,50.47854],[6.04998,50.47826],[6.05085,50.47779],[6.05133,50.47797],[6.05087,50.47847],[6.05045,50.47854]],[[6.01295,50.47837],[6.0129,50.47827],[6.01294,50.47816],[6.01295,50.47837]],[[6.0492,50.47725],[6.04866,50.47665],[6.04866,50.47657],[6.04918,50.47644],[6.04978,50.47653],[6.05002,50.47661],[6.05048,50.47712],[6.05046,50.47725],[6.05032,50.4773],[6.0492,50.47725]],[[6.05795,50.47691],[6.05789,50.47687],[6.05795,50.47678],[6.05836,50.47656],[6.05907,50.47687],[6.05795,50.47691]],[[6.0217,50.47663],[6.02156,50.47655],[6.02085,50.47576],[6.02133,50.47549],[6.02146,50.47519],[6.0217,50.47499],[6.02242,50.47491],[6.02303,50.47472],[6.0236,50.47472],[6.02465,50.47485],[6.02504,50.47508],[6.0255,50.47519],[6.02521,50.47548],[6.02561,50.47573],[6.02562,50.47602],[6.02573,50.47625],[6.02568,50.47633],[6.02506,50.47652],[6.02457,50.47652],[6.02319,50.47678],[6.0223,50.47674],[6.0217,50.47663]],[[6.1067,50.47542],[6.10661,50.47518],[6.10669,50.47492],[6.10754,50.47488],[6.10778,50.47515],[6.1077,50.47529],[6.10745,50.4754],[6.1067,50.47542]]]}},{"type":"Feature","properties":{"ele":620},"geometry":{"type":"MultiLineString","coordinates":[[[6.05897,50.50132],[6.05855,50.50104],[6.0574,50.50069],[6.0551,50.49983],[6.05372,50.49903],[6.0529,50.49884],[6.05258,50.49852],[6.05255,50.49798],[6.05213,50.49784],[6.05144,50.49743],[6.05064,50.49656],[6.04975,50.49641],[6.04921,50.49661],[6.049,50.49657],[6.04895,50.49641],[6.04902,50.49628],[6.04987,50.49606],[6.04956,50.49581],[6.04955,50.49572],[6.04974,50.49551],[6.05017,50.49528],[6.05033,50.49508],[6.05033,50.49477],[6.05,50.49442],[6.04842,50.49378],[6.04796,50.49376],[6.04752,50.49325],[6.04711,50.49318],[6.04625,50.49335],[6.04561,50.49301],[6.04553,50.49267],[6.04469,50.49234],[6.04418,50.49229],[6.04348,50.49248],[6.04246,50.49257],[6.04132,50.49237],[6.04029,50.49191],[6.04004,50.49159],[6.03958,50.49131],[6.03902,50.49124],[6.03858,50.4913],[6.03794,50.49159],[6.0371,50.49216],[6.0367,50.49219],[6.03564,50.49194],[6.03546,50.49175],[6.03564,50.49135],[6.03668,50.4911],[6.0372,50.49081],[6.03754,50.49042],[6.03758,50.49019],[6.03748,50.49003],[6.03713,50.48987],[6.03616,50.49007],[6.03491,50.48995],[6.03428,50.49001],[6.03379,50.49021],[6.03336,50.49027],[6.03325,50.49019],[6.03323,50.48999],[6.03354,50.48968],[6.03344,50.48958],[6.03215,50.48924],[6.03045,50.4891],[6.02797,50.48853],[6.02727,50.48817],[6.02688,50.48772],[6.0272,50.48764],[6.02806,50.48772],[6.02819,50.48755],[6.02814,50.4874],[6.02715,50.48706],[6.02652,50.48703],[6.02623,50.4869],[6.02549,50.48629],[6.0247,50.48609],[6.02418,50.48605],[6.02297,50.4855],[6.02255,50.48505],[6.02211,50.48493],[6.02091,50.48397],[6.02039,50.48384],[6.02045,50.48354],[6.02005,50.48324],[6.01979,50.48274],[6.01939,50.48249],[6.01936,50.48237],[6.0196,50.48213],[6.02015,50.48191],[6.02044,50.48132],[6.02129,50.4812],[6.02171,50.4809],[6.02212,50.48074],[6.02231,50.48048],[6.02205,50.48018],[6.02244,50.4799],[6.02336,50.47965],[6.0238,50.47977],[6.02421,50.47964],[6.02437,50.47992],[6.02462,50.48001],[6.02478,50.47992],[6.02494,50.47963],[6.02517,50.47953],[6.02553,50.47944],[6.02624,50.47944],[6.02665,50.47972],[6.02731,50.47995],[6.02745,50.48049],[6.02791,50.4808],[6.02808,50.48076],[6.02828,50.48039],[6.02842,50.48031],[6.0292,50.48049],[6.02962,50.48048],[6.02976,50.48085],[6.02968,50.48134],[6.02917,50.48172],[6.02883,50.48159],[6.02782,50.4815],[6.02703,50.48122],[6.0259,50.48123],[6.02503,50.48072],[6.02489,50.48076],[6.02483,50.48092],[6.02499,50.48134],[6.02547,50.48143],[6.02593,50.48165],[6.02719,50.48181],[6.02772,50.48222],[6.02831,50.4825],[6.02897,50.48218],[6.0298,50.48225],[6.03074,50.48257],[6.03129,50.48241],[6.03174,50.48238],[6.03202,50.48265],[6.03187,50.48302],[6.0322,50.4832],[6.03267,50.48313],[6.03336,50.48267],[6.03376,50.48258],[6.03493,50.48297],[6.03503,50.48332],[6.03543,50.48307],[6.03586,50.48298],[6.03704,50.48341],[6.03804,50.48325],[6.03813,50.48354],[6.0384,50.48381],[6.03797,50.48418],[6.03711,50.48404],[6.03558,50.48396],[6.03503,50.48375],[6.03496,50.48382],[6.03587,50.48522],[6.03626,50.48532],[6.03671,50.48528],[6.03759,50.48486],[6.03876,50.48481],[6.0397,50.48451],[6.04334,50.48484],[6.04361,50.48518],[6.04335,50.48548],[6.04338,50.48586],[6.04417,50.48606],[6.04505,50.48659],[6.04682,50.48733],[6.04804,50.48769],[6.04881,50.48776],[6.05001,50.48812],[6.05061,50.48819],[6.05333,50.48923],[6.05384,50.48954],[6.05467,50.48959],[6.05558,50.49013],[6.05793,50.49069],[6.05875,50.49046],[6.05921,50.49004],[6.06005,50.48965],[6.06018,50.48935],[6.06044,50.48908],[6.06095,50.48923],[6.06178,50.48931],[6.06271,50.4891],[6.06278,50.489],[6.06281,50.48856],[6.0625,50.48809],[6.06249,50.48769],[6.06194,50.48709],[6.0616,50.48641],[6.0616,50.48627],[6.06179,50.48603],[6.06173,50.48574],[6.06126,50.48501],[6.06101,50.48477],[6.06069,50.48471],[6.06,50.48489],[6.05819,50.4856],[6.05772,50.48568],[6.05748,50.48564],[6.05718,50.48543],[6.05679,50.48471],[6.05685,50.48459],[6.0572,50.4844],[6.05719,50.4843],[6.05685,50.4841],[6.05624,50.48398],[6.05613,50.48366],[6.05631,50.48326],[6.05595,50.48297],[6.05542,50.48281],[6.05528,50.48267],[6.05535,50.4824],[6.05559,50.48236],[6.0559,50.48241],[6.0563,50.48263],[6.05673,50.48275],[6.05763,50.48251],[6.05843,50.48215],[6.05859,50.48141],[6.05795,50.48076],[6.05779,50.48015],[6.05792,50.47961],[6.0585,50.47962],[6.05928,50.4795],[6.06046,50.47906],[6.06112,50.47943],[6.0612,50.47963],[6.06123,50.48025],[6.06171,50.48031],[6.06191,50.48045],[6.0619,50.48057],[6.06172,50.48077],[6.06121,50.48103],[6.06172,50.48131],[6.06215,50.48133],[6.0626,50.48124],[6.06333,50.48143],[6.06372,50.48162],[6.06422,50.48161],[6.0642,50.48153],[6.06369,50.48132],[6.06389,50.48108],[6.06419,50.48092],[6.06471,50.48115],[6.0655,50.48093],[6.06564,50.48102],[6.06571,50.48131],[6.06584,50.48139],[6.06652,50.4812],[6.06715,50.48131],[6.06719,50.4816],[6.06694,50.4819],[6.06674,50.48245],[6.06641,50.48277],[6.06546,50.48337],[6.06493,50.48354],[6.06501,50.48383],[6.06563,50.48386],[6.06711,50.48421],[6.06789,50.48374],[6.06858,50.48356],[6.06893,50.48325],[6.06919,50.48312],[6.07048,50.48315],[6.07094,50.48325],[6.07081,50.48352],[6.07007,50.48362],[6.06979,50.48381],[6.07,50.48413],[6.07058,50.48439],[6.07061,50.48463],[6.07047,50.48492],[6.0695,50.48508],[6.06922,50.48522],[6.06908,50.48545],[6.06925,50.48558],[6.07058,50.48589],[6.07105,50.48591],[6.07183,50.48581],[6.07324,50.48596],[6.07412,50.48581],[6.075,50.48591],[6.07542,50.48606],[6.07588,50.48599],[6.07629,50.48606],[6.07639,50.48574],[6.07702,50.48542],[6.07725,50.48538],[6.07771,50.48546],[6.07793,50.4858],[6.07829,50.48595],[6.07919,50.48576],[6.0797,50.48555],[6.08036,50.48569],[6.08089,50.4859],[6.08172,50.48546],[6.08184,50.4855],[6.08198,50.48582],[6.08298,50.48626],[6.08382,50.48608],[6.08459,50.48576],[6.08542,50.4858],[6.08595,50.48553],[6.08662,50.48562],[6.08703,50.48557],[6.08717,50.48561],[6.08763,50.48607],[6.08769,50.48633],[6.0875,50.48662],[6.08793,50.48671],[6.08966,50.48625],[6.09004,50.48624],[6.09063,50.48636],[6.09103,50.48633],[6.09129,50.48604],[6.09127,50.48576],[6.09144,50.4855],[6.09143,50.48519],[6.09214,50.48493],[6.09251,50.4846],[6.09286,50.48456],[6.09453,50.48538],[6.09626,50.48587],[6.09708,50.48632],[6.09879,50.48701],[6.09961,50.48744],[6.10015,50.48756],[6.10089,50.48797],[6.10171,50.48826],[6.10335,50.48859],[6.10491,50.48864],[6.10544,50.48856],[6.10667,50.48798],[6.10717,50.48764],[6.10765,50.48767],[6.10775,50.48795],[6.10785,50.48802],[6.10837,50.48799],[6.1092,50.4874],[6.1096,50.48773],[6.11063,50.48762],[6.11204,50.48783],[6.11293,50.48756],[6.11334,50.48757],[6.11369,50.48771],[6.11366,50.488],[6.11388,50.48829],[6.11345,50.48848],[6.11298,50.48824],[6.11277,50.48825],[6.11273,50.48842],[6.1129,50.48865],[6.11365,50.48863],[6.11457,50.48917],[6.11553,50.48901],[6.1161,50.4891],[6.11552,50.48956],[6.11502,50.4897],[6.11462,50.4899],[6.11466,50.4902],[6.11455,50.49044],[6.11393,50.4908],[6.11377,50.49104],[6.11377,50.49163],[6.11432,50.49269],[6.11471,50.49318],[6.11489,50.49327],[6.11543,50.49331],[6.11669,50.49324],[6.11675,50.49298],[6.11638,50.4927],[6.1159,50.49206],[6.11604,50.49181],[6.11647,50.49167],[6.11703,50.49178],[6.118,50.49215],[6.11808,50.49242],[6.11789,50.49272],[6.11881,50.49326],[6.11879,50.49355],[6.1184,50.49363],[6.11794,50.49354],[6.11835,50.49438],[6.11855,50.4946],[6.11851,50.4947],[6.11819,50.49476],[6.11755,50.49461],[6.11712,50.49463],[6.11672,50.49473],[6.11647,50.49492],[6.11665,50.49527],[6.11711,50.49554],[6.11746,50.49547],[6.11778,50.4952],[6.11801,50.49518],[6.11809,50.4957],[6.11804,50.49582],[6.11745,50.49616],[6.11674,50.49619],[6.116,50.49593],[6.11577,50.49595],[6.11563,50.49605],[6.11627,50.49634],[6.11699,50.4969],[6.11704,50.4971],[6.11679,50.49748],[6.11675,50.49803],[6.11696,50.49831],[6.11741,50.49861],[6.11771,50.49907],[6.11764,50.49919],[6.11731,50.49937],[6.11824,50.49949],[6.11857,50.49961],[6.11861,50.49971],[6.11833,50.50006],[6.11829,50.50026],[6.1192,50.50072],[6.1193,50.50102],[6.11925,50.50132]],[[6.15101,50.50132],[6.15099,50.501],[6.15063,50.5006],[6.15062,50.50047],[6.15162,50.50039],[6.15212,50.50013]],[[6.15212,50.49907],[6.1515,50.49882],[6.15212,50.49857]],[[6.05004,50.49829],[6.05004,50.49819],[6.0503,50.49825],[6.05004,50.49829]],[[6.05045,50.49825],[6.05022,50.49796],[6.05045,50.49759],[6.05059,50.49796],[6.05045,50.49825]],[[6.05087,50.49745],[6.0506,50.49743],[6.05092,50.49743],[6.05087,50.49745]],[[6.04379,50.49471],[6.04376,50.49464],[6.04387,50.49465],[6.04379,50.49471]],[[6.04504,50.49443],[6.04496,50.49433],[6.045,50.49408],[6.04544,50.49411],[6.04547,50.49439],[6.04504,50.49443]],[[6.04129,50.49411],[6.04116,50.494],[6.04126,50.4938],[6.04129,50.49411]],[[6.0392,50.49247],[6.0388,50.49235],[6.03866,50.49221],[6.03866,50.4921],[6.03887,50.49202],[6.03924,50.49211],[6.03928,50.49234],[6.0392,50.49247]],[[6.11587,50.49136],[6.11535,50.4911],[6.11528,50.49092],[6.11533,50.49075],[6.11564,50.49046],[6.11588,50.4899],[6.11601,50.48999],[6.11616,50.49043],[6.11601,50.49081],[6.11597,50.49128],[6.11587,50.49136]],[[6.11712,50.4894],[6.11711,50.48934],[6.11735,50.48931],[6.11772,50.48936],[6.11712,50.4894]],[[6.03462,50.48918],[6.03435,50.48909],[6.03485,50.4889],[6.03504,50.48874],[6.03504,50.48882],[6.03462,50.48918]],[[6.0692,50.48796],[6.06906,50.48771],[6.06922,50.48763],[6.06935,50.48773],[6.0692,50.48796]],[[6.0717,50.48745],[6.07043,50.48728],[6.06923,50.4873],[6.06789,50.48697],[6.0677,50.48684],[6.06833,50.4863],[6.06881,50.48619],[6.07053,50.48621],[6.07173,50.4864],[6.07313,50.48647],[6.07347,50.48658],[6.07317,50.48686],[6.07341,50.48716],[6.07316,50.48744],[6.07277,50.48752],[6.0717,50.48745]],[[6.08004,50.48717],[6.07998,50.48715],[6.08004,50.48717]],[[6.10462,50.48692],[6.10381,50.48672],[6.10246,50.48679],[6.10196,50.48667],[6.10146,50.48577],[6.10078,50.48523],[6.10066,50.48505],[6.10063,50.48474],[6.10086,50.48426],[6.10095,50.48456],[6.10111,50.48469],[6.10168,50.48482],[6.10279,50.4849],[6.10281,50.48497],[6.10248,50.4852],[6.10259,50.48547],[6.10384,50.48576],[6.10432,50.48604],[6.1045,50.48633],[6.10588,50.48653],[6.1063,50.48687],[6.10574,50.48697],[6.10462,50.48692]],[[6.10712,50.48673],[6.10681,50.48654],[6.107,50.48622],[6.10714,50.48614],[6.10733,50.48628],[6.1074,50.48647],[6.10733,50.48661],[6.10712,50.48673]],[[6.03295,50.48506],[6.03295,50.48492],[6.03295,50.48506]],[[6.06712,50.48498],[6.06704,50.48492],[6.06755,50.48493],[6.06712,50.48498]],[[6.07212,50.48496],[6.07179,50.48486],[6.0719,50.48465],[6.07212,50.48454],[6.07295,50.48472],[6.07337,50.48464],[6.07342,50.48484],[6.07338,50.48504],[6.07319,50.4851],[6.07212,50.48496]],[[6.08962,50.48501],[6.08953,50.48474],[6.08964,50.48459],[6.08977,50.48464],[6.08981,50.48477],[6.08975,50.48493],[6.08962,50.48501]],[[6.09504,50.48438],[6.09516,50.48409],[6.09586,50.48381],[6.09615,50.48378],[6.0963,50.48379],[6.09671,50.48406],[6.09678,50.48431],[6.09674,50.4844],[6.09642,50.48444],[6.09504,50.48438]],[[6.03379,50.48383],[6.03378,50.48377],[6.03387,50.48381],[6.03379,50.48383]],[[6.02004,50.4836],[6.01995,50.48353],[6.02003,50.48339],[6.02034,50.48351],[6.02004,50.4836]],[[6.0342,50.48337],[6.03421,50.48325],[6.0342,50.48337]],[[6.06295,50.48219],[6.06244,50.48191],[6.06243,50.48183],[6.06267,50.48174],[6.06301,50.4818],[6.06322,50.48211],[6.06295,50.48219]],[[6.06295,50.48107],[6.06333,50.48067],[6.06343,50.4807],[6.06346,50.48105],[6.06295,50.48107]],[[6.06462,50.48092],[6.06448,50.48074],[6.06486,50.48077],[6.06462,50.48092]],[[6.01462,50.4805],[6.01447,50.48026],[6.01456,50.48007],[6.01475,50.48006],[6.01508,50.4802],[6.01496,50.48044],[6.01462,50.4805]],[[6.0542,50.48057],[6.05389,50.48029],[6.05393,50.48015],[6.05418,50.48007],[6.05448,50.4801],[6.05468,50.48018],[6.05484,50.48039],[6.05482,50.48052],[6.05466,50.48063],[6.0542,50.48057]],[[6.06837,50.48057],[6.06809,50.48046],[6.06845,50.48027],[6.06869,50.48028],[6.06881,50.48037],[6.06881,50.48051],[6.06837,50.48057]],[[6.06795,50.48044],[6.0678,50.48019],[6.06795,50.48013],[6.06815,50.48018],[6.06815,50.48028],[6.06795,50.48044]],[[6.06837,50.48007],[6.06831,50.4799],[6.06861,50.47965],[6.06874,50.47935],[6.06903,50.47937],[6.06885,50.4797],[6.06879,50.48003],[6.06837,50.48007]],[[6.0267,50.47952],[6.02633,50.47935],[6.02623,50.47908],[6.02671,50.47909],[6.02685,50.47934],[6.0267,50.47952]],[[6.0542,50.47891],[6.05404,50.47856],[6.05421,50.47839],[6.05462,50.47854],[6.05488,50.47879],[6.05463,50.47897],[6.0542,50.47891]],[[6.02295,50.4766],[6.02278,50.47644],[6.02279,50.4763],[6.02307,50.47632],[6.02305,50.47653],[6.02295,50.4766]]]}},{"type":"Feature","properties":{"ele":630},"geometry":{"type":"MultiLineString","coordinates":[[[6.05991,50.50132],[6.05928,50.50102],[6.05846,50.50074],[6.05755,50.50056],[6.05543,50.4998],[6.05426,50.49911],[6.05409,50.49889],[6.05407,50.49873],[6.05433,50.49827],[6.05438,50.49801],[6.05423,50.49784],[6.05377,50.4977],[6.05431,50.49754],[6.05504,50.49717],[6.05495,50.4969],[6.05462,50.49659],[6.05494,50.49632],[6.05517,50.49598],[6.05602,50.49548],[6.0561,50.49519],[6.0567,50.4948],[6.05696,50.49427],[6.05753,50.49387],[6.05804,50.4937],[6.05876,50.49333],[6.06017,50.4931],[6.06106,50.49269],[6.06215,50.49244],[6.06341,50.492],[6.06397,50.49203],[6.06505,50.49252],[6.06554,50.4925],[6.06711,50.49187],[6.06819,50.49173],[6.06887,50.49139],[6.07078,50.49096],[6.07123,50.49071],[6.07206,50.49054],[6.07296,50.48965],[6.07281,50.4894],[6.0723,50.48913],[6.07234,50.48885],[6.07227,50.48878],[6.07162,50.48862],[6.07079,50.48862],[6.06982,50.48908],[6.06975,50.48967],[6.06886,50.49031],[6.06751,50.49071],[6.06633,50.49146],[6.06578,50.49138],[6.06567,50.49126],[6.06566,50.49106],[6.06619,50.49005],[6.06616,50.48988],[6.06543,50.48939],[6.06548,50.48908],[6.06456,50.48779],[6.06378,50.48743],[6.0634,50.48686],[6.06267,50.48681],[6.06233,50.48663],[6.06235,50.48652],[6.06253,50.48639],[6.06313,50.48631],[6.06238,50.4857],[6.06164,50.48463],[6.06202,50.48431],[6.06293,50.48402],[6.06381,50.48422],[6.06596,50.48437],[6.06609,50.48467],[6.06594,50.48511],[6.0652,50.48623],[6.06514,50.48662],[6.06491,50.48692],[6.06512,50.48698],[6.06589,50.48676],[6.06671,50.48622],[6.06758,50.48619],[6.06773,50.48637],[6.06735,50.4868],[6.06735,50.48695],[6.06755,50.48712],[6.0679,50.48724],[6.06881,50.48742],[6.06833,50.48757],[6.0682,50.48773],[6.06866,50.48807],[6.06912,50.4882],[6.06976,50.48799],[6.07002,50.48742],[6.071,50.48761],[6.07261,50.4877],[6.07298,50.48796],[6.07335,50.48809],[6.07358,50.48767],[6.07387,50.48751],[6.07462,50.48742],[6.07553,50.48756],[6.07668,50.48726],[6.07761,50.48733],[6.07806,50.48722],[6.07842,50.48697],[6.08017,50.48756],[6.08087,50.4874],[6.0813,50.48745],[6.08142,50.48716],[6.08168,50.48707],[6.08251,50.48728],[6.08459,50.48734],[6.08504,50.48743],[6.0855,50.48704],[6.08591,50.48689],[6.08628,50.48687],[6.08685,50.48711],[6.087,50.48744],[6.08712,50.48752],[6.08734,50.48713],[6.08853,50.48694],[6.08877,50.48686],[6.08917,50.48658],[6.08949,50.4865],[6.09001,50.48647],[6.09124,50.48671],[6.09198,50.48639],[6.09257,50.48629],[6.09345,50.48639],[6.09421,50.48659],[6.09502,50.48665],[6.09526,50.48647],[6.0953,50.48605],[6.09583,50.48597],[6.09612,50.48605],[6.09664,50.4864],[6.09712,50.48659],[6.09748,50.48691],[6.09796,50.48706],[6.09832,50.48734],[6.09892,50.48739],[6.09929,50.48769],[6.10017,50.4879],[6.10175,50.48871],[6.10299,50.48904],[6.10373,50.48939],[6.10423,50.48973],[6.10465,50.48971],[6.10542,50.48984],[6.10547,50.48963],[6.10533,50.48935],[6.10543,50.48909],[6.10592,50.48886],[6.10626,50.48852],[6.10712,50.48821],[6.10735,50.48883],[6.10718,50.48953],[6.10754,50.48993],[6.10822,50.48874],[6.109,50.488],[6.1092,50.48794],[6.10975,50.48806],[6.11044,50.48796],[6.11085,50.48798],[6.1111,50.48821],[6.11123,50.48845],[6.11125,50.48873],[6.11109,50.48932],[6.11134,50.48962],[6.11175,50.48966],[6.11294,50.48944],[6.11341,50.48912],[6.11375,50.48901],[6.11443,50.48941],[6.11432,50.49019],[6.11419,50.49048],[6.11334,50.49064],[6.11245,50.49031],[6.11193,50.49047],[6.11154,50.49075],[6.11174,50.49106],[6.11177,50.49158],[6.11201,50.49262],[6.11204,50.49342],[6.11163,50.49464],[6.1112,50.49547],[6.1113,50.49555],[6.11146,50.49546],[6.11172,50.49527],[6.11201,50.49482],[6.11256,50.49458],[6.11372,50.4938],[6.11537,50.49367],[6.11569,50.49384],[6.11574,50.49411],[6.11546,50.49438],[6.11509,50.49501],[6.11459,50.49508],[6.11355,50.49487],[6.11324,50.49492],[6.11344,50.49527],[6.11328,50.49575],[6.11306,50.49604],[6.11232,50.4966],[6.1122,50.49682],[6.1123,50.49703],[6.11281,50.49742],[6.1129,50.49774],[6.11307,50.49797],[6.11198,50.49853],[6.11241,50.49862],[6.11371,50.49863],[6.11461,50.49883],[6.11475,50.49962],[6.11453,50.49997],[6.11498,50.5003],[6.1156,50.5005],[6.11591,50.50076],[6.11544,50.50081],[6.115,50.50064],[6.11454,50.50076],[6.11507,50.50096],[6.11548,50.50132]],[[6.11055,50.50132],[6.10962,50.50076],[6.10956,50.50047],[6.10921,50.50016],[6.10891,50.49964],[6.10845,50.49925],[6.10841,50.49904],[6.10852,50.49886],[6.10879,50.49881],[6.10917,50.49903],[6.10999,50.49965],[6.11096,50.50018],[6.1126,50.50132]],[[6.11379,50.50033],[6.11351,50.5002],[6.11385,50.50016],[6.11388,50.50023],[6.11379,50.50033]],[[6.05254,50.49691],[6.05186,50.49663],[6.05181,50.49647],[6.05192,50.49629],[6.05225,50.49617],[6.05267,50.4963],[6.05284,50.49661],[6.05254,50.49691]],[[6.1117,50.49672],[6.1115,50.49658],[6.11168,50.49652],[6.11184,50.49656],[6.1117,50.49672]],[[6.05462,50.49472],[6.0544,50.49463],[6.05469,50.49454],[6.05478,50.49464],[6.05462,50.49472]],[[6.05212,50.49453],[6.05196,50.49439],[6.0521,50.49428],[6.05221,50.49437],[6.05212,50.49453]],[[6.0542,50.4939],[6.05348,50.49353],[6.05347,50.49342],[6.05361,50.49324],[6.05465,50.49278],[6.05549,50.49294],[6.05566,50.49314],[6.05576,50.49376],[6.0556,50.49392],[6.0547,50.49405],[6.0542,50.4939]],[[6.04629,50.49274],[6.04578,50.49254],[6.04511,50.49213],[6.04512,50.49189],[6.04547,50.49155],[6.04574,50.49141],[6.04594,50.49141],[6.04626,50.4916],[6.04674,50.49172],[6.04698,50.49196],[6.04711,50.49219],[6.04714,50.49246],[6.04675,50.49271],[6.04629,50.49274]],[[6.0417,50.49223],[6.04077,50.49187],[6.04004,50.49132],[6.03944,50.49113],[6.03871,50.4911],[6.03749,50.49138],[6.03706,50.49139],[6.03698,50.4913],[6.03751,50.49096],[6.03773,50.4906],[6.03778,50.49019],[6.03761,50.48984],[6.03715,50.48971],[6.0361,50.48982],[6.03497,50.48964],[6.03546,50.48938],[6.03553,50.48915],[6.03567,50.48905],[6.03668,50.48867],[6.03751,50.4886],[6.03918,50.48877],[6.03965,50.48889],[6.04058,50.48935],[6.04136,50.48948],[6.04216,50.4899],[6.04292,50.4905],[6.04307,50.49075],[6.04295,50.49106],[6.04315,50.49172],[6.043,50.49216],[6.04241,50.49234],[6.0417,50.49223]],[[6.05045,50.49223],[6.04921,50.49184],[6.04732,50.4916],[6.04628,50.49136],[6.04505,50.49092],[6.04423,50.49075],[6.04236,50.4897],[6.04209,50.48941],[6.04124,50.48884],[6.04094,50.48842],[6.03948,50.48805],[6.03935,50.48786],[6.03938,50.48762],[6.03952,50.4874],[6.04049,50.4866],[6.04188,50.48647],[6.04218,50.48652],[6.04251,50.48669],[6.04293,50.48664],[6.04323,50.48671],[6.04393,50.48716],[6.04558,50.48856],[6.04595,50.48871],[6.04671,50.48881],[6.04712,50.48898],[6.04798,50.48946],[6.05008,50.49036],[6.05184,50.49128],[6.05223,50.49157],[6.05181,50.49187],[6.05183,50.49214],[6.05175,50.49221],[6.051,50.4923],[6.05045,50.49223]],[[6.1167,50.49223],[6.11664,50.49215],[6.11678,50.49215],[6.1167,50.49223]],[[6.06837,50.4893],[6.06805,50.48907],[6.06845,50.48854],[6.06878,50.48849],[6.069,50.48855],[6.06931,50.48875],[6.0695,50.489],[6.06944,50.48913],[6.06922,50.48921],[6.06837,50.4893]],[[6.03295,50.4889],[6.03178,50.48837],[6.03128,50.48826],[6.03104,50.48786],[6.03103,50.48771],[6.03137,50.48761],[6.03225,50.48785],[6.03297,50.48789],[6.03309,50.48799],[6.03337,50.48855],[6.0338,50.48862],[6.03406,50.48879],[6.03345,50.48894],[6.03295,50.4889]],[[6.08004,50.48883],[6.07944,50.48853],[6.0801,50.48824],[6.08019,50.48852],[6.08004,50.48883]],[[6.0342,50.48876],[6.03397,50.48848],[6.03404,50.4883],[6.03419,50.48822],[6.03438,50.48848],[6.0342,50.48876]],[[6.08712,50.48811],[6.08692,50.48796],[6.0872,50.48778],[6.08772,50.48783],[6.0881,50.48797],[6.08782,50.48807],[6.08712,50.48811]],[[6.02962,50.48779],[6.02845,50.48726],[6.02797,50.48714],[6.02784,50.48687],[6.02809,50.48679],[6.02847,50.4868],[6.0302,50.48742],[6.03009,50.48771],[6.02962,50.48779]],[[6.03379,50.48777],[6.03337,50.48747],[6.03285,50.48725],[6.03278,50.48716],[6.03282,50.48704],[6.033,50.48694],[6.03323,50.48696],[6.03374,50.4873],[6.03424,50.4874],[6.03409,50.48759],[6.03379,50.48777]],[[6.03795,50.48774],[6.03781,50.4877],[6.03777,50.48758],[6.03784,50.48721],[6.03797,50.48701],[6.03839,50.48731],[6.03847,50.48746],[6.03837,50.48771],[6.03795,50.48774]],[[6.07504,50.48722],[6.07502,50.48715],[6.07504,50.48722]],[[6.09212,50.48723],[6.09196,50.48715],[6.0922,50.48713],[6.09212,50.48723]],[[6.0317,50.48695],[6.03171,50.48664],[6.032,50.48619],[6.03235,50.48608],[6.03261,50.48618],[6.03266,50.48636],[6.03251,50.4866],[6.03281,50.48682],[6.03278,50.48692],[6.03246,50.48702],[6.0317,50.48695]],[[6.03837,50.48705],[6.03815,50.48693],[6.03812,50.48684],[6.03845,50.48675],[6.03881,50.48684],[6.03875,50.48709],[6.03837,50.48705]],[[6.02962,50.48644],[6.02951,50.4863],[6.02963,50.4862],[6.02975,50.48632],[6.02962,50.48644]],[[6.02879,50.48605],[6.02924,50.48604],[6.02879,50.48605]],[[6.03295,50.48618],[6.0327,50.48608],[6.03268,50.48599],[6.03303,50.48586],[6.03359,50.48604],[6.03338,50.48619],[6.03295,50.48618]],[[6.04087,50.4861],[6.03958,50.48588],[6.03944,50.48578],[6.03952,50.48552],[6.03942,50.48546],[6.0388,50.48547],[6.03813,50.48562],[6.03779,50.48556],[6.03767,50.48545],[6.03793,50.48519],[6.03813,50.48513],[6.03897,50.48508],[6.04017,50.48476],[6.04255,50.48492],[6.04304,50.48523],[6.04302,50.48556],[6.04254,50.48593],[6.04166,50.48611],[6.04087,50.4861]],[[6.02962,50.4859],[6.0293,50.48566],[6.02871,50.48552],[6.02872,50.48523],[6.0285,50.48505],[6.02833,50.48504],[6.02808,50.48522],[6.02751,50.48539],[6.0272,50.48522],[6.02712,50.48488],[6.02626,50.48481],[6.026,50.48468],[6.02595,50.48453],[6.02629,50.48409],[6.02688,50.48431],[6.028,50.48454],[6.02842,50.48486],[6.02884,50.4849],[6.02957,50.48517],[6.03036,50.48527],[6.03057,50.48541],[6.03058,50.4856],[6.03039,50.48585],[6.03001,50.48598],[6.02962,50.4859]],[[6.03254,50.48598],[6.03251,50.48575],[6.03272,50.48577],[6.03254,50.48598]],[[6.03462,50.48586],[6.0346,50.48569],[6.03483,50.48575],[6.03462,50.48586]],[[6.06754,50.48578],[6.06746,50.48545],[6.06782,50.48531],[6.06798,50.48535],[6.0682,50.48571],[6.06812,50.48588],[6.06796,50.48597],[6.06754,50.48578]],[[6.03504,50.48567],[6.03492,50.4855],[6.03502,50.48541],[6.03509,50.48549],[6.03504,50.48567]],[[6.03087,50.48531],[6.03062,50.4852],[6.03083,50.485],[6.03095,50.48515],[6.03087,50.48531]],[[6.0342,50.48529],[6.03373,50.48504],[6.03347,50.48467],[6.03403,50.4841],[6.03453,50.48412],[6.03497,50.48439],[6.03506,50.4847],[6.03491,50.48493],[6.0349,50.48518],[6.03476,50.48533],[6.03454,50.48538],[6.0342,50.48529]],[[6.06837,50.48522],[6.06828,50.4852],[6.06837,50.48522]],[[6.03045,50.4851],[6.03037,50.4849],[6.03076,50.48494],[6.03045,50.4851]],[[6.02962,50.48466],[6.03005,50.48465],[6.02962,50.48466]],[[6.03212,50.48479],[6.03212,50.48456],[6.03212,50.48479]],[[6.0592,50.4849],[6.05898,50.48464],[6.05954,50.48418],[6.0596,50.4839],[6.05942,50.48355],[6.05963,50.48346],[6.06009,50.48379],[6.06014,50.4841],[6.06051,50.48437],[6.05998,50.48466],[6.0592,50.4849]],[[6.03087,50.48445],[6.03063,50.48422],[6.03063,50.4841],[6.03111,50.48411],[6.03107,50.48431],[6.03087,50.48445]],[[6.02504,50.48391],[6.02483,50.48382],[6.02525,50.48382],[6.02504,50.48391]],[[6.06212,50.48357],[6.06193,50.48353],[6.06237,50.48353],[6.06212,50.48357]],[[6.05879,50.48303],[6.05867,50.48297],[6.0588,50.48288],[6.0592,50.48298],[6.05879,50.48303]],[[6.0642,50.483],[6.06414,50.48295],[6.0642,50.48283],[6.06465,50.48274],[6.06487,50.4824],[6.06568,50.48216],[6.06625,50.48181],[6.06643,50.48188],[6.06634,50.48251],[6.06547,50.48301],[6.06501,50.48317],[6.0642,50.483]]]}},{"type":"Feature","properties":{"ele":640},"geometry":{"type":"MultiLineString","coordinates":[[[6.06024,50.50132],[6.05956,50.50097],[6.05716,50.5003],[6.05543,50.49968],[6.0545,50.49908],[6.05438,50.49876],[6.05461,50.49834],[6.055,50.49796],[6.05548,50.49771],[6.05552,50.49734],[6.05577,50.49668],[6.05571,50.49631],[6.05588,50.49609],[6.05627,50.49595],[6.05678,50.49594],[6.05846,50.49633],[6.05954,50.49644],[6.06095,50.49681],[6.06147,50.49674],[6.062,50.49655],[6.06222,50.49639],[6.06223,50.49629],[6.06195,50.49604],[6.06065,50.49524],[6.06027,50.49477],[6.06025,50.49464],[6.06066,50.49422],[6.06062,50.49383],[6.06132,50.49356],[6.06164,50.4929],[6.06261,50.49274],[6.06295,50.49241],[6.06307,50.49247],[6.06317,50.49272],[6.06308,50.49351],[6.06334,50.49371],[6.06426,50.49409],[6.06374,50.49437],[6.06416,50.49466],[6.06509,50.49466],[6.06514,50.49422],[6.06526,50.49406],[6.06548,50.49401],[6.06588,50.4941],[6.06626,50.49396],[6.06756,50.49456],[6.06798,50.49456],[6.06844,50.49444],[6.06959,50.49387],[6.07004,50.49347],[6.07175,50.49271],[6.07295,50.49021],[6.07372,50.48946],[6.07428,50.48916],[6.0747,50.48914],[6.07548,50.48928],[6.07626,50.48915],[6.07683,50.48917],[6.07729,50.48909],[6.07701,50.48887],[6.07705,50.48878],[6.07748,50.48878],[6.07795,50.48889],[6.0785,50.48864],[6.07928,50.48877],[6.07959,50.48913],[6.08046,50.48911],[6.08092,50.4889],[6.08135,50.48855],[6.08244,50.48836],[6.08294,50.48818],[6.08366,50.48814],[6.08459,50.48818],[6.08631,50.48843],[6.08834,50.4884],[6.09005,50.48857],[6.09048,50.48838],[6.09089,50.48796],[6.09127,50.48799],[6.09211,50.48828],[6.09303,50.48812],[6.09414,50.48826],[6.09459,50.48843],[6.09504,50.48847],[6.0954,50.48871],[6.09569,50.48875],[6.0961,50.48861],[6.09668,50.48815],[6.09715,50.48808],[6.09795,50.48835],[6.09875,50.48836],[6.09918,50.48856],[6.10006,50.48851],[6.10069,50.48892],[6.10136,50.48903],[6.10171,50.48924],[6.10246,50.4892],[6.10301,50.48933],[6.10364,50.48962],[6.10382,50.48989],[6.10399,50.48999],[6.10511,50.49015],[6.10561,50.49047],[6.10589,50.4908],[6.10674,50.4905],[6.10701,50.49018],[6.10761,50.49015],[6.10814,50.48994],[6.10836,50.48964],[6.10874,50.48873],[6.10926,50.48864],[6.10971,50.48826],[6.11087,50.48824],[6.11086,50.48878],[6.11059,50.48922],[6.11086,50.48995],[6.11199,50.48988],[6.11236,50.48994],[6.1118,50.49023],[6.11089,50.49052],[6.11038,50.4911],[6.11035,50.49136],[6.1105,50.4916],[6.11026,50.4921],[6.11035,50.49314],[6.11003,50.49379],[6.11009,50.49411],[6.10987,50.49443],[6.10998,50.49488],[6.10997,50.49545],[6.11017,50.49588],[6.11023,50.49626],[6.10998,50.4966],[6.10964,50.49675],[6.10907,50.49686],[6.10938,50.49721],[6.10937,50.49826],[6.10916,50.49838],[6.10877,50.49827],[6.10781,50.49774],[6.10758,50.49742],[6.10626,50.49724],[6.10585,50.49741],[6.10548,50.49775],[6.10503,50.49881],[6.10526,50.49922],[6.10524,50.4997],[6.10533,50.50022],[6.10656,50.50132]],[[6.11254,50.50081],[6.11254,50.50063],[6.1126,50.50075],[6.11254,50.50081]],[[6.11212,50.50053],[6.1121,50.50045],[6.11233,50.50048],[6.11212,50.50053]],[[6.1117,50.50021],[6.1117,50.50016],[6.1117,50.50021]],[[6.11129,50.50001],[6.11075,50.49966],[6.11066,50.49946],[6.11071,50.49934],[6.11096,50.49928],[6.11131,50.49934],[6.11171,50.49965],[6.11161,50.4999],[6.11129,50.50001]],[[6.05962,50.49366],[6.05937,50.49354],[6.05978,50.49353],[6.05962,50.49366]],[[6.04629,50.49251],[6.04543,50.49216],[6.04542,50.49185],[6.04574,50.49172],[6.046,50.49171],[6.04677,50.4921],[6.04669,50.49242],[6.04629,50.49251]],[[6.04212,50.49217],[6.04127,50.49188],[6.04021,50.49119],[6.03958,50.49091],[6.03912,50.49082],[6.03845,50.49089],[6.03821,50.49083],[6.03811,50.49067],[6.03809,50.49019],[6.03778,50.48935],[6.03824,50.48907],[6.03918,50.48897],[6.03961,50.4891],[6.04007,50.48941],[6.04095,50.48961],[6.04171,50.48992],[6.04263,50.4908],[6.04278,50.49165],[6.04274,50.49189],[6.04257,50.49216],[6.04212,50.49217]],[[6.0492,50.49111],[6.04909,50.49105],[6.04912,50.49098],[6.04944,50.49087],[6.05023,50.49103],[6.0492,50.49111]],[[6.0667,50.49102],[6.06645,50.49078],[6.06637,50.49057],[6.06646,50.4904],[6.06672,50.49019],[6.06684,50.48968],[6.06669,50.48948],[6.06627,50.48937],[6.06669,50.48892],[6.0671,50.48915],[6.06729,50.48936],[6.06745,50.4896],[6.06745,50.48992],[6.06753,50.49002],[6.06797,50.48999],[6.06841,50.48975],[6.0688,50.48985],[6.06881,50.48994],[6.06843,50.49022],[6.06752,50.49034],[6.0667,50.49102]],[[6.11379,50.49022],[6.11336,50.48988],[6.11326,50.48964],[6.11381,50.48959],[6.11379,50.49022]],[[6.10629,50.48994],[6.10594,50.48949],[6.10601,50.48935],[6.10637,50.48931],[6.10656,50.48943],[6.10653,50.48967],[6.10629,50.48994]],[[6.1067,50.48926],[6.10656,50.48888],[6.10669,50.48879],[6.10679,50.48886],[6.1067,50.48926]],[[6.06712,50.48899],[6.06685,50.48882],[6.06707,50.48865],[6.06718,50.48877],[6.06712,50.48899]],[[6.0842,50.48892],[6.08407,50.48877],[6.08434,50.48861],[6.08475,50.48865],[6.08512,50.48881],[6.0842,50.48892]],[[6.09587,50.48802],[6.09586,50.48796],[6.09601,50.48798],[6.09587,50.48802]],[[6.08962,50.48749],[6.08952,50.48741],[6.08966,50.48738],[6.08962,50.48749]],[[6.04004,50.48524],[6.03998,50.4852],[6.04046,50.48521],[6.04004,50.48524]],[[6.04129,50.48528],[6.04128,50.4852],[6.04129,50.48528]]]}},{"type":"Feature","properties":{"ele":660},"geometry":{"type":"MultiLineString","coordinates":[[[6.06098,50.50132],[6.0596,50.50069],[6.05873,50.50049],[6.05705,50.49993],[6.05612,50.49918],[6.05599,50.4989],[6.05604,50.49854],[6.0558,50.49826],[6.05707,50.49797],[6.05808,50.49793],[6.06083,50.49761],[6.0613,50.49784],[6.06214,50.4979],[6.06252,50.49827],[6.06296,50.49827],[6.06311,50.49797],[6.06357,50.49743],[6.06433,50.49709],[6.0645,50.49675],[6.06458,50.49602],[6.06465,50.49591],[6.06501,50.49579],[6.06545,50.49582],[6.06586,50.49564],[6.06671,50.49576],[6.06701,50.49525],[6.06718,50.49519],[6.06804,50.49536],[6.06842,50.49572],[6.06882,50.49589],[6.06939,50.49632],[6.06921,50.4966],[6.06803,50.49665],[6.06753,50.49682],[6.06752,50.4969],[6.06776,50.4971],[6.06912,50.49756],[6.06957,50.4975],[6.07027,50.49725],[6.07089,50.49739],[6.07166,50.49855],[6.07241,50.49905],[6.07253,50.49937],[6.07282,50.49936],[6.07289,50.49907],[6.0734,50.49903],[6.07387,50.49883],[6.07402,50.49859],[6.07407,50.49822],[6.07472,50.49805],[6.07504,50.49743],[6.07524,50.4972],[6.07529,50.49685],[6.07563,50.49613],[6.07565,50.49592],[6.07554,50.4957],[6.07504,50.49545],[6.07482,50.49521],[6.07517,50.49505],[6.0759,50.49493],[6.07599,50.49456],[6.07583,50.49411],[6.07591,50.49393],[6.0771,50.49298],[6.07799,50.49275],[6.0784,50.49252],[6.07904,50.49168],[6.0792,50.49131],[6.07955,50.49092],[6.07957,50.49078],[6.07938,50.49054],[6.0794,50.49046],[6.07999,50.4904],[6.08084,50.49065],[6.08127,50.49046],[6.08173,50.49037],[6.08264,50.49048],[6.08344,50.49075],[6.08501,50.4907],[6.0857,50.49103],[6.08669,50.49133],[6.08767,50.491],[6.09053,50.49086],[6.09136,50.49095],[6.09167,50.49106],[6.09172,50.49126],[6.09144,50.49185],[6.09147,50.4921],[6.09209,50.49272],[6.0924,50.49268],[6.09251,50.49243],[6.093,50.49219],[6.09336,50.49186],[6.09402,50.49172],[6.0946,50.4918],[6.09507,50.49203],[6.0961,50.49215],[6.09675,50.49239],[6.09717,50.49269],[6.09837,50.49297],[6.09837,50.49327],[6.09746,50.49443],[6.09742,50.4947],[6.09759,50.49491],[6.09808,50.49504],[6.0986,50.49504],[6.10011,50.49445],[6.10124,50.49447],[6.10167,50.49478],[6.10214,50.49491],[6.10245,50.49523],[6.10334,50.49559],[6.10342,50.49579],[6.1017,50.49742],[6.10129,50.49798],[6.10104,50.49918],[6.101,50.50132]],[[6.06355,50.50132],[6.06392,50.50121],[6.06511,50.50131],[6.06574,50.50125],[6.06612,50.50108],[6.06665,50.50067],[6.0668,50.50048],[6.06671,50.50016],[6.06628,50.49996],[6.06553,50.49984],[6.06502,50.49966],[6.0644,50.49914],[6.06429,50.49885],[6.06683,50.49834],[6.06711,50.49825],[6.06738,50.49793],[6.06777,50.49786],[6.06824,50.498],[6.06869,50.49861],[6.06962,50.49881],[6.07008,50.49908],[6.07017,50.49941],[6.06988,50.4997],[6.07047,50.50038],[6.07069,50.50085],[6.07059,50.50106],[6.07008,50.50132]],[[6.07129,50.50112],[6.07108,50.50103],[6.07132,50.50099],[6.07136,50.50104],[6.07129,50.50112]],[[6.06837,50.50085],[6.06797,50.50072],[6.06784,50.50056],[6.06784,50.50044],[6.06836,50.50016],[6.06874,50.50013],[6.06892,50.5002],[6.06907,50.50043],[6.06899,50.50064],[6.06881,50.50081],[6.06837,50.50085]],[[6.0667,50.4998],[6.06657,50.49967],[6.06669,50.49958],[6.06681,50.49965],[6.0667,50.4998]],[[6.1067,50.49662],[6.10584,50.49633],[6.10595,50.49602],[6.1056,50.49571],[6.10383,50.49547],[6.10369,50.49523],[6.10319,50.49494],[6.10295,50.49461],[6.1021,50.49437],[6.10253,50.49408],[6.10293,50.49404],[6.10347,50.49416],[6.105,50.49374],[6.10542,50.49351],[6.10586,50.49347],[6.10646,50.49382],[6.10649,50.4941],[6.10666,50.49423],[6.10746,50.49433],[6.10831,50.49419],[6.10864,50.4945],[6.10936,50.49491],[6.10919,50.49548],[6.10815,50.49603],[6.10721,50.49632],[6.10693,50.49657],[6.1067,50.49662]],[[6.10129,50.49359],[6.1009,50.49353],[6.1005,50.49325],[6.0998,50.49311],[6.09855,50.49261],[6.09774,50.49218],[6.09772,50.49209],[6.0979,50.49195],[6.09813,50.49189],[6.09954,50.49196],[6.1004,50.49245],[6.1009,50.49233],[6.1012,50.49285],[6.10137,50.49293],[6.1017,50.49286],[6.1021,50.49259],[6.10241,50.49251],[6.10339,50.49267],[6.10316,50.49323],[6.10259,50.49369],[6.10215,50.49374],[6.10129,50.49359]],[[6.08587,50.49271],[6.08592,50.49245],[6.08642,50.49243],[6.08587,50.49271]],[[6.09754,50.4919],[6.09762,50.49187],[6.09754,50.4919]],[[6.09629,50.49161],[6.09658,50.49159],[6.09629,50.49161]],[[6.09004,50.49051],[6.0898,50.49047],[6.09012,50.49047],[6.09004,50.49051]]]}},{"type":"Feature","properties":{"ele":670},"geometry":{"type":"MultiLineString","coordinates":[[[6.06266,50.50132],[6.06209,50.501],[6.06162,50.5009],[6.06087,50.50088],[6.06001,50.50051],[6.05962,50.49987],[6.05835,50.49993],[6.05834,50.49966],[6.05854,50.49918],[6.05942,50.4988],[6.05969,50.49879],[6.06041,50.499],[6.06078,50.4988],[6.06128,50.49875],[6.06171,50.49891],[6.06302,50.49901],[6.06378,50.49938],[6.06408,50.49967],[6.06472,50.4999],[6.0646,50.50021],[6.06489,50.50067],[6.06486,50.50083],[6.06459,50.50096],[6.06362,50.50098],[6.06338,50.50105],[6.06305,50.50132]],[[6.06504,50.50108],[6.0648,50.50101],[6.06508,50.50078],[6.06569,50.50065],[6.06589,50.50069],[6.06588,50.50082],[6.06556,50.50103],[6.06504,50.50108]],[[6.07625,50.50132],[6.07657,50.50093],[6.07708,50.50062],[6.07757,50.50051],[6.07841,50.49994],[6.07864,50.49953],[6.07923,50.49911],[6.0793,50.49894],[6.0793,50.49878],[6.07917,50.49853],[6.07936,50.49772],[6.07915,50.49722],[6.07897,50.49637],[6.07862,50.49585],[6.07826,50.49549],[6.07847,50.49517],[6.07886,50.49416],[6.0785,50.49376],[6.07855,50.49345],[6.07877,50.49322],[6.07918,50.49309],[6.07954,50.49325],[6.07958,50.4936],[6.07971,50.49368],[6.08043,50.49364],[6.08127,50.49319],[6.08179,50.49343],[6.08222,50.4934],[6.08236,50.49331],[6.08234,50.49323],[6.08118,50.4927],[6.08226,50.49246],[6.08226,50.49238],[6.08192,50.49219],[6.0819,50.49209],[6.0821,50.49185],[6.08256,50.49171],[6.08373,50.49189],[6.08417,50.49224],[6.08511,50.49239],[6.08531,50.49273],[6.08623,50.49308],[6.0867,50.49299],[6.08734,50.49246],[6.0874,50.49213],[6.08841,50.49181],[6.08879,50.49187],[6.08957,50.4922],[6.09007,50.49211],[6.09012,50.49237],[6.0902,50.49245],[6.0909,50.49254],[6.09248,50.49311],[6.09299,50.49315],[6.09375,50.49355],[6.09433,50.49356],[6.09467,50.49327],[6.09505,50.49325],[6.09548,50.49351],[6.09542,50.49376],[6.09498,50.49381],[6.09543,50.49416],[6.09605,50.49433],[6.09678,50.49436],[6.09675,50.49464],[6.09656,50.49502],[6.09657,50.49524],[6.09753,50.49586],[6.09792,50.4959],[6.0985,50.49568],[6.09892,50.49564],[6.09959,50.49578],[6.10002,50.49638],[6.10042,50.49631],[6.10087,50.49603],[6.10212,50.49631],[6.10214,50.49662],[6.10173,50.4969],[6.10137,50.49746],[6.10107,50.4977],[6.10002,50.49935],[6.09979,50.49991],[6.10004,50.50021],[6.09967,50.5006],[6.09959,50.50099],[6.09963,50.50132]],[[6.06629,50.50054],[6.0661,50.50044],[6.06629,50.50034],[6.06634,50.50047],[6.06629,50.50054]],[[6.0717,50.50056],[6.07122,50.50025],[6.071,50.49998],[6.07051,50.49885],[6.07033,50.49863],[6.0701,50.49847],[6.06933,50.49824],[6.06904,50.49797],[6.06991,50.49769],[6.07038,50.49741],[6.07062,50.49752],[6.07092,50.49789],[6.07103,50.4985],[6.0717,50.49882],[6.07195,50.49908],[6.072,50.4994],[6.07258,50.49963],[6.07305,50.5002],[6.07296,50.50049],[6.07267,50.50059],[6.0722,50.50065],[6.0717,50.50056]],[[6.06587,50.50035],[6.06581,50.5002],[6.06606,50.50021],[6.06587,50.50035]],[[6.06004,50.4994],[6.06029,50.49937],[6.06004,50.4994]],[[6.06087,50.49943],[6.06058,50.49936],[6.06084,50.49931],[6.06113,50.49936],[6.06087,50.49943]],[[6.06712,50.49728],[6.06706,50.49716],[6.06711,50.49709],[6.06712,50.49728]],[[6.10545,50.49531],[6.10518,50.49519],[6.10596,50.49483],[6.10631,50.4948],[6.10719,50.49493],[6.10678,50.4952],[6.10636,50.49533],[6.10545,50.49531]],[[6.07879,50.49275],[6.07919,50.49214],[6.07964,50.49175],[6.08,50.49175],[6.08044,50.49189],[6.08089,50.49185],[6.08105,50.49206],[6.08104,50.49224],[6.08088,50.49245],[6.08048,50.49271],[6.07964,50.49262],[6.07916,50.49292],[6.07879,50.49275]],[[6.09045,50.49209],[6.09024,50.49191],[6.09027,50.49175],[6.09044,50.49156],[6.09088,50.49156],[6.09088,50.49199],[6.09045,50.49209]]]}},{"type":"Feature","properties":{"ele":680},"geometry":{"type":"MultiLineString","coordinates":[[[6.08117,50.50132],[6.08107,50.50102],[6.08123,50.50068],[6.08234,50.49997],[6.08287,50.49931],[6.0832,50.49909],[6.08327,50.4988],[6.08349,50.49854],[6.08353,50.49802],[6.08296,50.4977],[6.08212,50.49754],[6.0803,50.49695],[6.08012,50.49681],[6.08011,50.49661],[6.08045,50.49603],[6.08127,50.49504],[6.08163,50.49437],[6.08211,50.49409],[6.0824,50.49378],[6.08293,50.49352],[6.08331,50.49284],[6.08377,50.49269],[6.08418,50.49287],[6.08475,50.49298],[6.08554,50.49348],[6.0874,50.49344],[6.0878,50.49317],[6.08808,50.49313],[6.08847,50.49325],[6.08878,50.49346],[6.08921,50.4935],[6.08959,50.49384],[6.09032,50.49375],[6.09131,50.49388],[6.09222,50.49381],[6.09252,50.49414],[6.0929,50.4944],[6.09412,50.49447],[6.0944,50.49456],[6.09454,50.49471],[6.09462,50.49504],[6.09558,50.4954],[6.09689,50.49616],[6.09703,50.49637],[6.09693,50.49678],[6.09697,50.49692],[6.09739,50.49713],[6.098,50.49731],[6.09828,50.49765],[6.09834,50.49801],[6.09882,50.49789],[6.0993,50.49792],[6.09955,50.49801],[6.09995,50.49842],[6.09998,50.49873],[6.09966,50.49942],[6.09834,50.50132]],[[6.08337,50.50067],[6.08326,50.50048],[6.08349,50.50047],[6.08337,50.50067]],[[6.09837,50.49722],[6.09822,50.49714],[6.09837,50.49708],[6.09837,50.49722]],[[6.09004,50.49587],[6.08984,50.49576],[6.09017,50.49567],[6.09142,50.49569],[6.09205,50.49546],[6.0922,50.49549],[6.09175,50.4958],[6.09004,50.49587]],[[6.08795,50.4944],[6.08799,50.4943],[6.08834,50.49415],[6.08892,50.49437],[6.08881,50.49446],[6.0885,50.49451],[6.08795,50.4944]],[[6.08629,50.49386],[6.08627,50.4938],[6.08635,50.49381],[6.08629,50.49386]]]}},{"type":"Feature","properties":{"ele":690},"geometry":{"type":"MultiLineString","coordinates":[[[6.09016,50.50132],[6.09065,50.50088],[6.09079,50.50044],[6.09134,50.50033],[6.09154,50.50021],[6.09135,50.49984],[6.09155,50.49928],[6.09114,50.4986],[6.09142,50.49831],[6.09143,50.4982],[6.09129,50.49797],[6.0904,50.49748],[6.08882,50.49705],[6.08795,50.49659],[6.08763,50.49619],[6.08762,50.49604],[6.08846,50.49574],[6.08711,50.49532],[6.08669,50.49568],[6.08616,50.49565],[6.08566,50.49592],[6.08554,50.49609],[6.08542,50.49687],[6.08623,50.49717],[6.08636,50.49743],[6.08601,50.49799],[6.08559,50.49813],[6.08509,50.49791],[6.08375,50.49774],[6.08213,50.49706],[6.08161,50.497],[6.08089,50.49655],[6.08086,50.49621],[6.08102,50.49603],[6.08154,50.4957],[6.08208,50.49462],[6.08253,50.4942],[6.08309,50.49391],[6.08417,50.49405],[6.08464,50.49429],[6.08553,50.49453],[6.08672,50.49463],[6.08688,50.49497],[6.08715,50.49512],[6.08829,50.49497],[6.08855,50.49502],[6.08923,50.49536],[6.08929,50.49554],[6.08925,50.49633],[6.08957,50.4967],[6.09001,50.49692],[6.09016,50.49687],[6.09045,50.49657],[6.09087,50.49659],[6.0913,50.49671],[6.09162,50.49649],[6.09216,50.49643],[6.09277,50.49613],[6.09313,50.49614],[6.09375,50.49629],[6.09424,50.49659],[6.094,50.49686],[6.09411,50.49715],[6.09482,50.49741],[6.09494,50.49755],[6.09492,50.49767],[6.09481,50.49775],[6.09374,50.49797],[6.09431,50.49822],[6.09411,50.49857],[6.09461,50.49882],[6.09493,50.49917],[6.09547,50.49923],[6.09584,50.49939],[6.09589,50.49964],[6.09578,50.49995],[6.09583,50.50022],[6.0966,50.49993],[6.0971,50.49964],[6.0976,50.49963],[6.0975,50.49995],[6.09838,50.50048],[6.09797,50.50107],[6.09767,50.50132]],[[6.0842,50.50006],[6.08407,50.49995],[6.0841,50.49982],[6.08424,50.49967],[6.08458,50.49953],[6.08518,50.49992],[6.08499,50.50006],[6.0842,50.50006]],[[6.08587,50.49975],[6.0856,50.49962],[6.08553,50.49939],[6.08618,50.49898],[6.0867,50.49906],[6.08725,50.49937],[6.08709,50.49957],[6.08674,50.49973],[6.08587,50.49975]],[[6.09337,50.4991],[6.09312,50.49882],[6.09359,50.49882],[6.09337,50.4991]],[[6.09795,50.49914],[6.09793,50.49909],[6.09795,50.49914]],[[6.08504,50.49884],[6.08496,50.49881],[6.08503,50.49875],[6.08548,50.49865],[6.0861,50.49882],[6.086,50.49895],[6.08583,50.49902],[6.08504,50.49884]],[[6.09129,50.49641],[6.09117,50.49628],[6.09128,50.49604],[6.09137,50.49628],[6.09129,50.49641]],[[6.09337,50.49552],[6.09336,50.49543],[6.09337,50.49552]]]}}]}