{"type":"FeatureCollection","features":[{"type":"Feature","properties":{"ele":290},"geometry":{"type":"MultiLineString","coordinates":[[[5.95686,50.39429],[5.95563,50.39386],[5.95529,50.39352],[5.95528,50.39339],[5.95572,50.39313],[5.95756,50.39299],[5.95844,50.39281],[5.95942,50.39205],[5.96107,50.39172],[5.96094,50.39199],[5.96,50.39262],[5.95907,50.39301],[5.95848,50.39299],[5.9581,50.39339],[5.95816,50.39392],[5.95811,50.39401],[5.9577,50.39424],[5.95686,50.39429]],[[5.96978,50.39315],[5.96699,50.39141],[5.96642,50.3909],[5.96735,50.39089],[5.96887,50.39129],[5.96938,50.39132],[5.96971,50.39143],[5.9702,50.39173],[5.97027,50.39203],[5.97057,50.39234],[5.97148,50.3927],[5.9717,50.39297],[5.97165,50.39314],[5.9714,50.39322],[5.96978,50.39315]],[[5.97394,50.39167],[5.97395,50.39143],[5.97427,50.39127],[5.97442,50.39131],[5.97444,50.39149],[5.97394,50.39167]],[[5.97561,50.39098],[5.97555,50.39086],[5.97579,50.39078],[5.97607,50.39078],[5.97623,50.39088],[5.97561,50.39098]],[[5.97769,50.39025],[5.97765,50.39003],[5.97773,50.38991],[5.97792,50.39008],[5.97769,50.39025]],[[5.97811,50.38971],[5.97804,50.3895],[5.97827,50.38951],[5.97811,50.38971]]]}},{"type":"Feature","properties":{"ele":310},"geometry":{"type":"MultiLineString","coordinates":[[[5.95519,50.39956],[5.95552,50.40008],[5.95627,50.40168],[5.95647,50.40245],[5.95731,50.40365],[5.9572,50.40393],[5.95683,50.40424],[5.95725,50.40456],[5.95805,50.40482],[5.95853,50.40515],[5.95901,50.40532],[5.95936,50.40562],[5.96021,50.40607],[5.96134,50.40645],[5.96216,50.40706],[5.96271,50.40725],[5.96331,50.40757],[5.96357,50.40783],[5.96365,50.40803],[5.96346,50.40842],[5.96387,50.40871],[5.96487,50.40974],[5.96486,50.41008],[5.96521,50.41035],[5.96479,50.41014],[5.96428,50.41019],[5.96395,50.41014],[5.96287,50.4097],[5.96144,50.40841],[5.9613,50.40811],[5.96103,50.40783],[5.9598,50.40779],[5.95812,50.40755],[5.95636,50.40764],[5.95586,50.4078],[5.95558,50.40829],[5.95519,50.40862]],[[5.95978,50.40624],[5.95963,50.40617],[5.95974,50.40604],[5.95999,50.40616],[5.95978,50.40624]],[[5.95519,50.3927],[5.95569,50.39279],[5.95621,50.39272],[5.9566,50.39258],[5.95685,50.39217],[5.95777,50.39206],[5.9585,50.39116],[5.95885,50.39091],[5.95904,50.39087],[5.96017,50.3908],[5.96147,50.39099],[5.9627,50.39061],[5.96397,50.39038],[5.96501,50.39047],[5.966,50.39041],[5.96887,50.39097],[5.96957,50.39092],[5.97035,50.39062],[5.97133,50.38991],[5.97187,50.38975],[5.97269,50.38921],[5.97281,50.38946],[5.97277,50.38967],[5.97205,50.39031],[5.97198,50.39061],[5.97213,50.39092],[5.97262,50.39123],[5.97308,50.39123],[5.97342,50.39091],[5.97484,50.39009],[5.97492,50.38981],[5.97467,50.38936],[5.97474,50.38917],[5.97573,50.389],[5.97709,50.3886],[5.97735,50.3886],[5.97768,50.38877],[5.97781,50.38842],[5.97813,50.38814],[5.97903,50.38772],[5.98028,50.38761],[5.98215,50.38716],[5.98397,50.38704],[5.9844,50.38679],[5.98522,50.38594],[5.98603,50.38535],[5.98881,50.38442],[5.99001,50.38467],[5.9915,50.38473],[5.99234,50.38506],[5.99252,50.38557],[5.9925,50.38587],[5.99259,50.38595],[5.99487,50.38619],[5.99565,50.3861],[5.99608,50.38616],[5.99943,50.38728],[5.99925,50.38755],[5.99941,50.38772],[6.00028,50.38761],[6.00148,50.38732],[6.0017,50.387],[6.00195,50.38686],[6.00349,50.3866],[6.00524,50.38602],[6.00623,50.38554],[6.0065,50.38532],[6.00685,50.38478],[6.00762,50.38451],[6.00809,50.38451],[6.00889,50.38492],[6.00944,50.38507],[6.00998,50.38558],[6.00991,50.38584],[6.00996,50.38595],[6.01057,50.38631],[6.0111,50.38646],[6.01043,50.38677],[6.01026,50.38699],[6.01017,50.3873],[6.00965,50.38745],[6.00866,50.38748],[6.00765,50.38783],[6.00834,50.38841],[6.00757,50.38892],[6.00637,50.38921],[6.00437,50.38986],[6.00241,50.39006],[6.00162,50.38984],[6.00006,50.38963],[5.99893,50.38922],[5.99801,50.389],[5.99644,50.3884],[5.99403,50.38803],[5.99357,50.3878],[5.9932,50.38775],[5.99295,50.38783],[5.99282,50.38813],[5.99188,50.38859],[5.99148,50.38909],[5.9902,50.38989],[5.9899,50.39017],[5.98947,50.39071],[5.98874,50.39203],[5.98844,50.39286],[5.98897,50.39367],[5.98907,50.394],[5.98974,50.39453],[5.99162,50.39563],[5.99208,50.39613],[5.99268,50.39706],[5.99313,50.39869],[5.99282,50.39974],[5.99281,50.40007],[5.99265,50.40034],[5.99289,50.40059],[5.99294,50.40074],[5.99262,50.40177],[5.99271,50.4023],[5.99256,50.40256],[5.9927,50.40264],[5.99334,50.40271],[5.9937,50.40285],[5.99395,50.40311],[5.99403,50.40341],[5.99478,50.40395],[5.99487,50.40419],[5.99482,50.40425],[5.99226,50.40258],[5.99143,50.40159],[5.99136,50.39977],[5.99101,50.39924],[5.9912,50.39852],[5.99117,50.39837],[5.98977,50.39714],[5.98891,50.3962],[5.98877,50.39589],[5.98766,50.39453],[5.98743,50.3939],[5.98741,50.39342],[5.98763,50.392],[5.98829,50.39148],[5.98842,50.39112],[5.98885,50.39057],[5.98876,50.39005],[5.98878,50.38946],[5.98835,50.3888],[5.98835,50.38864],[5.99025,50.38735],[5.99061,50.38701],[5.99112,50.38678],[5.99113,50.38668],[5.99101,50.38661],[5.99017,50.38668],[5.98793,50.3865],[5.98584,50.38695],[5.98472,50.38734],[5.98344,50.38753],[5.98329,50.38769],[5.98321,50.38817],[5.98272,50.38929],[5.98226,50.38978],[5.98179,50.39005],[5.98114,50.39062],[5.98021,50.39091],[5.9793,50.39149],[5.9784,50.39163],[5.97694,50.39148],[5.97601,50.39179],[5.97506,50.39189],[5.97406,50.39239],[5.97268,50.39283],[5.97243,50.3934],[5.97194,50.39356],[5.97079,50.39356],[5.96978,50.39343],[5.96687,50.39194],[5.96548,50.3918],[5.96476,50.39199],[5.96395,50.39285],[5.96313,50.3927],[5.96278,50.39275],[5.9607,50.39339],[5.9596,50.39396],[5.95793,50.3945],[5.95741,50.39455],[5.95686,50.3945],[5.95562,50.39423],[5.95519,50.394]],[[6.00853,50.38707],[6.00837,50.38701],[6.00933,50.3869],[6.00994,50.38702],[6.00933,50.38721],[6.00853,50.38707]],[[6.00728,50.38686],[6.00708,50.38671],[6.00726,50.38664],[6.00743,50.38669],[6.00745,50.38676],[6.00728,50.38686]],[[6.01103,50.38563],[6.01038,50.38541],[6.01031,50.38533],[6.0108,50.38505],[6.01087,50.38456],[6.01101,50.38429],[6.01155,50.38402],[6.01175,50.38363],[6.01187,50.38355],[6.01228,50.38402],[6.01232,50.38429],[6.01191,50.38459],[6.01131,50.38477],[6.01115,50.38505],[6.01146,50.38537],[6.01103,50.38563]]]}},{"type":"Feature","properties":{"ele":320},"geometry":{"type":"MultiLineString","coordinates":[[[6.00353,50.41876],[6.00335,50.41865],[6.00356,50.41858],[6.0036,50.41868],[6.00353,50.41876]],[[6.00144,50.41842],[6.00133,50.4184],[6.00144,50.41842]],[[6.00228,50.41799],[6.00228,50.41758],[6.00263,50.41724],[6.00256,50.41676],[6.00242,50.41665],[6.00168,50.41649],[6.00084,50.41656],[6.00047,50.41671],[6.0003,50.41689],[6.00035,50.41732],[5.99998,50.41757],[5.99928,50.41773],[5.99848,50.41732],[5.99811,50.41682],[5.99806,50.41654],[5.99794,50.4164],[5.99695,50.41578],[5.9964,50.41563],[5.9956,50.41508],[5.99543,50.41475],[5.99476,50.41425],[5.99387,50.41258],[5.99309,50.41177],[5.9931,50.41113],[5.99345,50.41064],[5.99349,50.41033],[5.99518,50.40923],[5.99632,50.4083],[5.99686,50.40807],[5.99678,50.40863],[5.99661,50.40908],[5.99661,50.40956],[5.99678,50.4098],[5.99731,50.40993],[5.99784,50.41034],[5.99851,50.41122],[5.99859,50.4117],[5.99835,50.41207],[5.99849,50.41238],[5.9989,50.41261],[5.99936,50.41256],[5.99922,50.41286],[5.9997,50.41319],[6.00069,50.41357],[6.00151,50.41367],[6.00157,50.41393],[6.00172,50.41404],[6.00209,50.41411],[6.00266,50.41407],[6.00289,50.41415],[6.00297,50.41426],[6.00294,50.41436],[6.00242,50.41478],[6.00256,50.41505],[6.0027,50.41511],[6.00312,50.41501],[6.00346,50.41511],[6.00392,50.41564],[6.00451,50.41589],[6.00567,50.41673],[6.00519,50.41702],[6.00505,50.41672],[6.00479,50.41656],[6.0043,50.41676],[6.0031,50.41669],[6.00273,50.41717],[6.00297,50.41758],[6.00294,50.41782],[6.00269,50.41797],[6.00228,50.41799]],[[6.00144,50.41761],[6.0014,50.41756],[6.00151,50.41756],[6.00144,50.41761]],[[6.00644,50.41731],[6.00664,50.41729],[6.00644,50.41731]],[[5.99894,50.4171],[5.99894,50.41667],[5.99894,50.4171]],[[5.99853,50.41667],[5.99829,50.41652],[5.99829,50.41641],[5.99855,50.41633],[5.99881,50.41643],[5.99879,50.41652],[5.99853,50.41667]],[[6.00353,50.41664],[6.00315,50.41643],[6.0029,50.41617],[6.00339,50.41607],[6.0037,50.41614],[6.00374,50.4164],[6.00353,50.41664]],[[6.00436,50.41635],[6.00425,50.41621],[6.00427,50.41613],[6.00457,50.41616],[6.00436,50.41635]],[[5.99936,50.41604],[5.99909,50.4159],[5.99909,50.41565],[5.99939,50.41544],[5.99971,50.41504],[6.00017,50.41488],[6.0006,50.41497],[6.00107,50.41522],[6.00183,50.41518],[6.0022,50.41555],[6.00267,50.41568],[6.00287,50.41589],[6.00273,50.41609],[6.00246,50.41616],[6.00215,50.41613],[6.00148,50.41589],[6.00101,50.41602],[6.00061,50.41588],[5.99991,50.41611],[5.99936,50.41604]],[[5.99603,50.41454],[5.99598,50.41451],[5.99639,50.41442],[5.99654,50.41451],[5.99642,50.41462],[5.99603,50.41454]],[[6.00394,50.41461],[6.00387,50.41452],[6.00393,50.41447],[6.00394,50.41461]],[[5.99519,50.41435],[5.99507,50.41423],[5.99552,50.41416],[5.9957,50.41424],[5.99559,50.41436],[5.99519,50.41435]],[[5.95519,50.39763],[5.95582,50.39831],[5.95609,50.39887],[5.95644,50.39924],[5.95684,50.39984],[5.957,50.4004],[5.95774,50.40143],[5.95899,50.40369],[5.95984,50.40447],[5.96062,50.40505],[5.96093,50.4054],[5.96273,50.40639],[5.96353,50.40703],[5.96433,50.40732],[5.96478,50.40774],[5.96584,50.40845],[5.96604,50.40867],[5.966,50.40897],[5.96698,50.40945],[5.96718,50.40981],[5.96777,50.41006],[5.96801,50.41037],[5.96857,50.41059],[5.96973,50.41124],[5.9706,50.41136],[5.97238,50.41203],[5.97281,50.41226],[5.97305,50.41267],[5.97381,50.41246],[5.97409,50.4125],[5.9742,50.4126],[5.97402,50.41286],[5.97396,50.41315],[5.97355,50.41326],[5.97246,50.41304],[5.97057,50.41247],[5.96938,50.41236],[5.96845,50.41237],[5.96793,50.41248],[5.96763,50.41256],[5.96729,50.41287],[5.96643,50.41285],[5.96435,50.41155],[5.96275,50.41092],[5.96169,50.41034],[5.96137,50.41001],[5.96129,50.40949],[5.96109,50.40921],[5.96018,50.40841],[5.9597,50.40827],[5.95861,50.40832],[5.95782,50.4085],[5.95728,50.40853],[5.9571,50.40865],[5.95692,50.40898],[5.95635,50.40914],[5.95519,50.40968]],[[5.99686,50.41149],[5.99686,50.41142],[5.99686,50.41149]],[[5.99686,50.40667],[5.99673,50.40623],[5.99686,50.40589],[5.99709,50.40613],[5.99717,50.40633],[5.99711,50.40649],[5.99686,50.40667]],[[5.95519,50.39234],[5.95553,50.39247],[5.95578,50.39242],[5.95595,50.39227],[5.95593,50.39198],[5.95646,50.39147],[5.9577,50.39063],[5.95885,50.39013],[5.95897,50.39017],[5.95932,50.39063],[5.96126,50.39079],[5.96193,50.39064],[5.96236,50.39038],[5.96311,50.39035],[5.96392,50.39017],[5.96516,50.39036],[5.9656,50.39022],[5.96595,50.39023],[5.9675,50.39062],[5.96912,50.39082],[5.97015,50.39032],[5.97082,50.38981],[5.97094,50.38948],[5.97144,50.38896],[5.97205,50.38842],[5.97228,50.38834],[5.97316,50.38832],[5.97341,50.38846],[5.97371,50.38922],[5.97342,50.38943],[5.97316,50.3898],[5.9725,50.39028],[5.97242,50.39047],[5.97249,50.39063],[5.97269,50.39071],[5.9735,50.39066],[5.97391,50.39029],[5.97451,50.39003],[5.97452,50.38975],[5.97416,50.38929],[5.97421,50.38912],[5.97437,50.38896],[5.97489,50.38881],[5.97561,50.38841],[5.97679,50.38808],[5.97726,50.38781],[5.97812,50.38789],[5.97888,50.38753],[5.97985,50.38754],[5.98225,50.38701],[5.98397,50.38681],[5.98439,50.38658],[5.98508,50.38586],[5.98604,50.38517],[5.98811,50.38451],[5.98934,50.38393],[5.99027,50.38423],[5.99009,50.38444],[5.9901,50.38453],[5.99142,50.38456],[5.99262,50.38486],[5.99276,50.38501],[5.99279,50.38543],[5.99304,50.38573],[5.99324,50.38584],[5.99397,50.3859],[5.99468,50.38553],[5.99506,50.38551],[5.99728,50.38618],[5.99834,50.38637],[5.99991,50.38632],[6.00069,50.38621],[6.00309,50.38549],[6.0038,50.38535],[6.0044,50.38508],[6.00565,50.38491],[6.00725,50.38418],[6.00938,50.38414],[6.0102,50.38369],[6.01062,50.38286],[6.01089,50.38262],[6.01083,50.38241],[6.01067,50.38228],[6.00965,50.38206],[6.00892,50.38179],[6.00695,50.38161],[6.00674,50.38144],[6.00691,50.38123],[6.0078,50.38061],[6.00782,50.38035],[6.00756,50.37984],[6.00767,50.3795],[6.00822,50.37932],[6.00932,50.37865],[6.0097,50.37858],[6.01026,50.37861],[6.01061,50.37883],[6.01096,50.37867],[6.01114,50.37867],[6.01121,50.37887],[6.01119,50.37921],[6.01098,50.37939],[6.0106,50.37942],[6.01038,50.37924],[6.01042,50.37894],[6.01017,50.37887],[6.00996,50.37932],[6.00918,50.37953],[6.00893,50.37968],[6.00887,50.37981],[6.00928,50.37994],[6.00977,50.3799],[6.01013,50.38013],[6.01128,50.38044],[6.01226,50.38093],[6.01286,50.3814],[6.01313,50.38171],[6.01325,50.38224],[6.01352,50.38258],[6.01367,50.38293],[6.01378,50.38335],[6.01376,50.38359],[6.01342,50.38423],[6.0131,50.38451],[6.01257,50.38471],[6.01207,50.3853],[6.012,50.38557],[6.01225,50.38591],[6.01329,50.38645],[6.01343,50.38677],[6.014,50.38686],[6.01459,50.38751],[6.01455,50.38758],[6.01435,50.38761],[6.01343,50.38731],[6.01305,50.38698],[6.01267,50.38693],[6.01222,50.38699],[6.01093,50.38789],[6.01066,50.38816],[6.01018,50.38894],[6.00938,50.38947],[6.00743,50.39007],[6.00688,50.39037],[6.00584,50.39057],[6.00518,50.39063],[6.00444,50.39049],[6.00231,50.39034],[6.00154,50.39],[6.00018,50.38983],[5.99699,50.38884],[5.99642,50.38896],[5.99423,50.38881],[5.99308,50.38862],[5.9927,50.3887],[5.99179,50.38962],[5.99147,50.38983],[5.99062,50.39007],[5.99044,50.39034],[5.98981,50.39075],[5.98896,50.39234],[5.98882,50.39276],[5.98885,50.39297],[5.98906,50.39335],[5.98941,50.39366],[5.98943,50.3939],[5.98953,50.39404],[5.99018,50.39458],[5.99212,50.3956],[5.99243,50.3959],[5.99277,50.3964],[5.99297,50.39682],[5.99325,50.39783],[5.99343,50.3987],[5.99337,50.39942],[5.99361,50.39998],[5.99376,50.40068],[5.99361,50.40154],[5.99335,50.40203],[5.99334,50.40226],[5.99364,50.40255],[5.99418,50.40289],[5.99554,50.40428],[5.99632,50.40483],[5.99645,50.40509],[5.99611,50.40519],[5.99589,50.40516],[5.9949,50.40464],[5.99275,50.40327],[5.99141,50.40204],[5.99105,50.40123],[5.99105,50.40029],[5.99079,50.39918],[5.99084,50.39839],[5.99021,50.39783],[5.98974,50.39762],[5.98937,50.39701],[5.98854,50.39636],[5.98807,50.39632],[5.98789,50.3959],[5.98764,50.39563],[5.98763,50.39536],[5.98782,50.39505],[5.98728,50.39423],[5.98716,50.3939],[5.98712,50.39352],[5.98724,50.39278],[5.98747,50.39193],[5.98797,50.39146],[5.98808,50.39115],[5.98856,50.39061],[5.98846,50.39009],[5.98856,50.38949],[5.98811,50.38896],[5.98802,50.38866],[5.98823,50.38842],[5.98887,50.3881],[5.98997,50.38729],[5.99021,50.38701],[5.98996,50.38691],[5.98709,50.38687],[5.98398,50.3878],[5.98392,50.38786],[5.98409,50.38809],[5.9841,50.38824],[5.9835,50.38949],[5.98297,50.39002],[5.982,50.39065],[5.98152,50.39083],[5.9805,50.39105],[5.97927,50.39197],[5.97866,50.39197],[5.97772,50.39171],[5.9772,50.39168],[5.97686,50.39173],[5.97601,50.39211],[5.97519,50.39227],[5.97393,50.39283],[5.97321,50.39351],[5.97293,50.39363],[5.97178,50.39376],[5.96996,50.3936],[5.96714,50.3924],[5.96646,50.39222],[5.96574,50.39216],[5.96522,50.39225],[5.96482,50.39242],[5.9644,50.3929],[5.96407,50.39306],[5.96293,50.39305],[5.95829,50.39458],[5.95756,50.39466],[5.95699,50.39464],[5.95579,50.39441],[5.95519,50.39417]],[[5.95603,50.3926],[5.95579,50.39253],[5.95605,50.39239],[5.95614,50.39255],[5.95603,50.3926]],[[5.96186,50.39027],[5.96172,50.39011],[5.96177,50.38998],[5.96209,50.38989],[5.96232,50.38996],[5.96228,50.39025],[5.96186,50.39027]],[[5.96478,50.38981],[5.96478,50.3897],[5.96489,50.38977],[5.96478,50.38981]],[[6.01603,50.37816],[6.01598,50.37787],[6.01604,50.37759],[6.01641,50.37722],[6.01676,50.37731],[6.01713,50.37765],[6.01752,50.37784],[6.01704,50.37809],[6.01662,50.37821],[6.01603,50.37816]],[[6.01353,50.37787],[6.01313,50.37768],[6.01269,50.37765],[6.01263,50.37756],[6.01318,50.37728],[6.01353,50.37787]]]}},{"type":"Feature","properties":{"ele":330},"geometry":{"type":"MultiLineString","coordinates":[[[6.02269,50.42703],[6.02229,50.42682],[6.02185,50.42685],[6.02167,50.42678],[6.02142,50.42617],[6.02184,50.42585],[6.02227,50.42619],[6.02279,50.42615],[6.02312,50.42642],[6.02318,50.42675],[6.02359,50.42702],[6.02319,50.42718],[6.02269,50.42703]],[[6.02769,50.42711],[6.02761,50.42702],[6.02768,50.42695],[6.02815,50.42701],[6.02769,50.42711]],[[5.95519,50.39194],[5.95565,50.3918],[5.95604,50.39148],[5.95627,50.3909],[5.95689,50.39036],[5.95714,50.39003],[5.95831,50.38949],[5.95897,50.38935],[5.95959,50.39039],[5.95991,50.39048],[5.96043,50.39044],[5.96098,50.39031],[5.96127,50.39002],[5.96182,50.3897],[5.9627,50.38965],[5.96313,50.38946],[5.96432,50.38922],[5.96463,50.38897],[5.96433,50.38867],[5.96512,50.38898],[5.96535,50.38936],[5.96595,50.3899],[5.96705,50.39005],[5.96701,50.39031],[5.96709,50.39038],[5.96903,50.39066],[5.96909,50.39059],[5.96902,50.39026],[5.96912,50.39005],[5.97017,50.38896],[5.97058,50.38866],[5.97083,50.38813],[5.97131,50.38784],[5.97138,50.38752],[5.97161,50.38713],[5.97224,50.38644],[5.97235,50.38645],[5.97238,50.38655],[5.9724,50.38756],[5.97204,50.38787],[5.97266,50.38813],[5.97314,50.38807],[5.97397,50.38848],[5.97435,50.38856],[5.97453,50.38841],[5.97437,50.38809],[5.9761,50.38768],[5.97717,50.38724],[5.9781,50.38701],[5.97799,50.38726],[5.97809,50.38736],[5.97886,50.38732],[5.97975,50.38738],[5.98144,50.38701],[5.98324,50.38675],[5.98398,50.38655],[5.98432,50.38636],[5.9848,50.38589],[5.98588,50.38507],[5.98846,50.38421],[5.98875,50.38397],[5.98893,50.38365],[5.98923,50.38359],[5.99062,50.38368],[5.99103,50.38396],[5.99152,50.38404],[5.99237,50.38433],[5.99318,50.38447],[5.99325,50.3846],[5.9931,50.38535],[5.99376,50.38551],[5.99407,50.3855],[5.99486,50.3852],[5.99553,50.38509],[5.99726,50.38567],[5.99829,50.38584],[5.99892,50.38579],[6.00056,50.38544],[6.00185,50.38478],[6.00377,50.38424],[6.00433,50.38416],[6.00476,50.38395],[6.00605,50.38397],[6.00638,50.38366],[6.0077,50.38324],[6.00855,50.38285],[6.01036,50.38259],[6.00978,50.38229],[6.00894,50.38201],[6.0085,50.38223],[6.0081,50.38229],[6.00725,50.38229],[6.00606,50.38212],[6.00565,50.38199],[6.00545,50.38173],[6.00482,50.38142],[6.00463,50.38122],[6.00473,50.38098],[6.0049,50.38088],[6.00532,50.38084],[6.00648,50.38093],[6.00733,50.38067],[6.00747,50.38036],[6.00724,50.3798],[6.00734,50.37956],[6.00814,50.37913],[6.00932,50.37833],[6.01051,50.37811],[6.01104,50.37815],[6.01309,50.37701],[6.0137,50.37685],[6.01436,50.37643],[6.01591,50.37712],[6.01644,50.377],[6.01682,50.37714],[6.01732,50.37749],[6.01812,50.37785],[6.01765,50.37812],[6.01687,50.3784],[6.01605,50.3785],[6.01558,50.37847],[6.01545,50.37837],[6.01564,50.37813],[6.0156,50.37784],[6.01581,50.37731],[6.01569,50.37713],[6.01548,50.3771],[6.01514,50.37725],[6.01465,50.37786],[6.0136,50.37849],[6.01277,50.37884],[6.01181,50.3789],[6.01177,50.37905],[6.0119,50.3795],[6.01185,50.37961],[6.011,50.37967],[6.01054,50.3798],[6.011,50.37996],[6.01191,50.38],[6.01234,50.38058],[6.01276,50.38076],[6.01307,50.3812],[6.01355,50.38144],[6.01383,50.38217],[6.01436,50.38284],[6.01442,50.3834],[6.014,50.38477],[6.01318,50.38515],[6.01298,50.3853],[6.01298,50.38539],[6.01364,50.38586],[6.01499,50.38707],[6.0164,50.38776],[6.01737,50.3881],[6.01805,50.3889],[6.01822,50.38949],[6.01814,50.3898],[6.01761,50.38997],[6.01689,50.38972],[6.01654,50.38982],[6.01662,50.39007],[6.01694,50.39034],[6.01683,50.39061],[6.01637,50.39064],[6.01612,50.39028],[6.01548,50.39024],[6.015,50.39001],[6.01439,50.38931],[6.01418,50.38894],[6.01406,50.38786],[6.01366,50.38771],[6.01265,50.38783],[6.01223,50.38807],[6.01199,50.38842],[6.01184,50.3892],[6.01117,50.38981],[6.01022,50.3902],[6.00876,50.39048],[6.00775,50.39094],[6.00724,50.39142],[6.00692,50.3915],[6.0035,50.39104],[6.00271,50.39076],[6.00184,50.39063],[6.00153,50.39027],[6.00116,50.39015],[6.00088,50.39028],[6.00079,50.39064],[5.99932,50.39093],[5.99887,50.39061],[5.99872,50.39036],[5.99878,50.39008],[5.99848,50.38994],[5.99822,50.38949],[5.99735,50.38927],[5.9961,50.38942],[5.99418,50.38928],[5.9935,50.38913],[5.99313,50.38925],[5.9921,50.3901],[5.99157,50.39029],[5.99102,50.39034],[5.9901,50.39084],[5.98951,50.39196],[5.98917,50.39293],[5.98937,50.39336],[5.99025,50.39435],[5.99099,50.39484],[5.99227,50.39535],[5.99285,50.39583],[5.99326,50.3964],[5.99335,50.39672],[5.99335,50.39738],[5.99371,50.39866],[5.99366,50.39949],[5.99397,50.40004],[5.99448,50.40061],[5.99401,50.40122],[5.99369,50.40199],[5.99368,50.40227],[5.99395,50.40254],[5.9945,50.40288],[5.99582,50.40427],[5.99656,50.40476],[5.99671,50.40537],[5.99741,50.40609],[5.99755,50.40654],[5.99736,50.40727],[5.99743,50.40786],[5.99701,50.40883],[5.99707,50.40939],[5.99717,50.40953],[5.99815,50.41005],[5.99837,50.41026],[5.99849,50.41065],[5.99881,50.41095],[5.99914,50.41144],[5.99926,50.41202],[5.99968,50.41235],[6.00009,50.41312],[6.00058,50.41329],[6.00298,50.41381],[6.00436,50.41393],[6.00524,50.41418],[6.00565,50.4144],[6.00637,50.41452],[6.00771,50.41492],[6.00812,50.41517],[6.0081,50.41593],[6.01011,50.4163],[6.01054,50.41648],[6.01104,50.41645],[6.01182,50.41674],[6.01263,50.41731],[6.01302,50.41785],[6.01333,50.41812],[6.01346,50.41842],[6.01387,50.41877],[6.01403,50.41879],[6.01437,50.41859],[6.0146,50.41867],[6.01406,50.41899],[6.0134,50.41912],[6.01246,50.41953],[6.01359,50.41959],[6.0143,50.41942],[6.01456,50.4192],[6.01496,50.4191],[6.01683,50.41925],[6.01771,50.41974],[6.01811,50.42015],[6.01855,50.42031],[6.01888,50.42093],[6.01944,50.42096],[6.01981,50.42108],[6.0206,50.42146],[6.02126,50.42193],[6.0214,50.42213],[6.02144,50.42255],[6.02169,50.42286],[6.02164,50.42341],[6.02141,50.42365],[6.02112,50.42375],[6.02053,50.42372],[6.02043,50.42362],[6.02047,50.42335],[6.02058,50.42312],[6.02083,50.4229],[6.02081,50.4228],[6.02053,50.42271],[6.01928,50.42266],[6.01882,50.42284],[6.01914,50.42315],[6.01904,50.42347],[6.01797,50.4239],[6.01799,50.42406],[6.01832,50.4243],[6.01876,50.42442],[6.0194,50.42447],[6.01932,50.42479],[6.01981,50.42516],[6.02039,50.42537],[6.02019,50.42612],[6.01965,50.42672],[6.0185,50.42668],[6.01809,50.42646],[6.01649,50.42589],[6.01558,50.42542],[6.01401,50.42532],[6.01226,50.42396],[6.01077,50.42248],[6.01023,50.42218],[6.00842,50.42149],[6.0081,50.42118],[6.00874,50.42089],[6.00803,50.42075],[6.0069,50.42075],[6.00616,50.42045],[6.00491,50.42027],[6.00271,50.41934],[6.00062,50.41895],[5.99977,50.41868],[5.99925,50.41812],[5.99804,50.41733],[5.99769,50.41674],[5.99735,50.41641],[5.99686,50.41618],[5.99656,50.41589],[5.99595,50.41564],[5.99458,50.41448],[5.99343,50.41257],[5.99293,50.41192],[5.99281,50.41151],[5.99283,50.41092],[5.99309,50.41024],[5.99484,50.40925],[5.99612,50.40815],[5.99656,50.40759],[5.99669,50.40717],[5.99647,50.40623],[5.99644,50.40564],[5.99481,50.40477],[5.99317,50.40367],[5.99267,50.40342],[5.99163,50.40251],[5.99121,50.40203],[5.99082,50.40127],[5.99068,50.40068],[5.99072,50.40029],[5.99064,50.39971],[5.99046,50.39915],[5.99049,50.39867],[5.99018,50.39851],[5.98977,50.39897],[5.98921,50.398],[5.98851,50.3973],[5.98797,50.39702],[5.9877,50.39645],[5.98712,50.39574],[5.98716,50.39538],[5.98756,50.39501],[5.98703,50.39415],[5.98691,50.39377],[5.9869,50.39345],[5.98723,50.39197],[5.98765,50.39142],[5.98812,50.39043],[5.98805,50.39005],[5.98814,50.38955],[5.98808,50.38942],[5.98777,50.38932],[5.98726,50.38954],[5.98701,50.38901],[5.98722,50.38876],[5.9877,50.38875],[5.98792,50.38836],[5.98832,50.388],[5.98837,50.38787],[5.98829,50.38773],[5.98783,50.38757],[5.98839,50.38753],[5.98868,50.38742],[5.98878,50.38727],[5.98859,50.38709],[5.98784,50.387],[5.98739,50.38704],[5.98735,50.38724],[5.98757,50.38758],[5.98643,50.38812],[5.986,50.38824],[5.98392,50.39004],[5.9826,50.39089],[5.98214,50.39103],[5.98121,50.39103],[5.98061,50.39118],[5.97997,50.39168],[5.97978,50.39232],[5.97927,50.39236],[5.97772,50.39188],[5.97709,50.39191],[5.97654,50.39213],[5.97599,50.39256],[5.97511,50.39271],[5.97401,50.39311],[5.97359,50.3937],[5.97319,50.39384],[5.97185,50.394],[5.97017,50.39382],[5.96936,50.3936],[5.96768,50.39286],[5.96688,50.3926],[5.9659,50.39243],[5.96512,50.39252],[5.96451,50.39314],[5.96422,50.39328],[5.96319,50.39328],[5.95969,50.39438],[5.95834,50.39472],[5.95741,50.39478],[5.95668,50.39472],[5.95597,50.3946],[5.95519,50.39433]],[[6.02269,50.42699],[6.02242,50.42673],[6.02297,50.42673],[6.02269,50.42699]],[[6.01936,50.42639],[6.01928,50.42617],[6.01946,50.42619],[6.01936,50.42639]],[[6.01853,50.42607],[6.01841,50.4259],[6.01857,50.4259],[6.01853,50.42607]],[[6.01644,50.42539],[6.01606,50.42522],[6.01594,50.42506],[6.01621,50.42499],[6.0166,50.42502],[6.01682,50.42509],[6.01699,50.42532],[6.01688,50.4254],[6.01644,50.42539]],[[6.01728,50.424],[6.01721,50.42394],[6.01728,50.42386],[6.01734,50.42395],[6.01728,50.424]],[[6.01603,50.42376],[6.01579,50.42366],[6.01608,50.42358],[6.01616,50.42368],[6.01603,50.42376]],[[6.01561,50.42349],[6.01553,50.4234],[6.01565,50.4234],[6.01561,50.42349]],[[6.01436,50.42321],[6.01421,50.42311],[6.0144,50.42305],[6.01465,50.42312],[6.01436,50.42321]],[[6.01769,50.42323],[6.01758,50.42313],[6.01768,50.42304],[6.01777,50.42312],[6.01769,50.42323]],[[6.01394,50.42292],[6.01383,50.42285],[6.01398,50.42284],[6.01394,50.42292]],[[6.01728,50.42207],[6.01725,50.42198],[6.01737,50.422],[6.01728,50.42207]],[[6.01353,50.42148],[6.01348,50.42146],[6.01353,50.42148]],[[6.01853,50.42123],[6.01833,50.42117],[6.01855,50.42113],[6.0186,50.42118],[6.01853,50.42123]],[[6.00936,50.42063],[6.00923,50.42062],[6.00936,50.42063]],[[6.01019,50.42036],[6.01019,50.42031],[6.01031,50.42034],[6.01019,50.42036]],[[6.01103,50.42007],[6.01108,50.42007],[6.01103,50.42007]],[[6.01186,50.41986],[6.01176,50.41978],[6.01209,50.41965],[6.01228,50.41965],[6.01234,50.41975],[6.01228,50.41982],[6.01186,50.41986]],[[5.95519,50.39671],[5.95632,50.39754],[5.95732,50.39895],[5.95745,50.39936],[5.9573,50.40005],[5.95744,50.40036],[5.9581,50.40091],[5.95894,50.40118],[5.95913,50.40196],[5.95999,50.40287],[5.96019,50.40349],[5.96194,50.40508],[5.96273,50.4056],[5.96586,50.40707],[5.96618,50.40735],[5.96636,50.40784],[5.96714,50.40849],[5.96871,50.40865],[5.96883,50.40874],[5.96891,50.40902],[5.97048,50.40934],[5.97147,50.40976],[5.97152,50.41036],[5.97185,50.41091],[5.97229,50.41116],[5.97346,50.41148],[5.97518,50.41231],[5.97631,50.41234],[5.9773,50.41255],[5.97775,50.4128],[5.98085,50.41396],[5.98009,50.41418],[5.97975,50.41472],[5.97937,50.41496],[5.97896,50.41488],[5.97821,50.41447],[5.97767,50.41438],[5.97675,50.41448],[5.97569,50.41475],[5.97511,50.41465],[5.9747,50.41467],[5.97433,50.41477],[5.97351,50.41518],[5.9732,50.41522],[5.97308,50.41517],[5.9728,50.41466],[5.97265,50.4146],[5.97224,50.41461],[5.97177,50.41403],[5.97136,50.41378],[5.97027,50.41349],[5.96927,50.41334],[5.96824,50.41333],[5.96794,50.41339],[5.96767,50.41367],[5.96722,50.41393],[5.96708,50.41429],[5.96685,50.41454],[5.96572,50.41422],[5.96491,50.41336],[5.96373,50.41258],[5.96201,50.41175],[5.96104,50.41116],[5.96018,50.41035],[5.9597,50.40954],[5.95898,50.40923],[5.95809,50.40968],[5.95684,50.41016],[5.95562,50.4105],[5.95519,50.41088]],[[5.95519,50.41238],[5.95528,50.41217],[5.95519,50.4117]],[[5.96478,50.39009],[5.96464,50.39007],[5.96527,50.39007],[5.96478,50.39009]],[[6.00061,50.39015],[6.00044,50.39007],[6.0008,50.39007],[6.00061,50.39015]],[[5.96311,50.38996],[5.96296,50.38982],[5.96302,50.38969],[5.96319,50.38966],[5.96338,50.38976],[5.96335,50.38984],[5.96311,50.38996]],[[5.97394,50.38982],[5.97387,50.38977],[5.97393,50.38963],[5.97394,50.38982]],[[5.96311,50.38841],[5.96305,50.3884],[5.96363,50.3884],[5.96311,50.38841]],[[5.98311,50.38624],[5.98293,50.38617],[5.98336,50.38617],[5.98311,50.38624]],[[6.01561,50.37594],[6.01543,50.37588],[6.01546,50.37566],[6.016,50.37529],[6.01715,50.3752],[6.01775,50.37535],[6.01729,50.37593],[6.01686,50.37596],[6.01631,50.37584],[6.01561,50.37594]],[[6.01894,50.37517],[6.01875,50.37506],[6.0187,50.37478],[6.01851,50.37454],[6.01778,50.37444],[6.01762,50.37435],[6.01749,50.37401],[6.0177,50.37368],[6.01848,50.37349],[6.01861,50.37356],[6.01892,50.37398],[6.01949,50.37413],[6.0209,50.37391],[6.0222,50.37361],[6.02267,50.37339],[6.02335,50.37281],[6.02472,50.37238],[6.02514,50.37217],[6.02573,50.37207],[6.02615,50.37186],[6.02628,50.37171],[6.02631,50.37127],[6.02652,50.37092],[6.02616,50.37063],[6.02637,50.37042],[6.02673,50.37037],[6.02741,50.37055],[6.02813,50.37058],[6.02872,50.37039],[6.02886,50.37001],[6.02932,50.36978],[6.03025,50.36973],[6.0306,50.36988],[6.03063,50.37008],[6.03042,50.37034],[6.03077,50.3706],[6.03072,50.37081],[6.02946,50.37173],[6.02814,50.37189],[6.02736,50.37211],[6.02673,50.37252],[6.02598,50.37276],[6.02554,50.37311],[6.02353,50.37328],[6.02331,50.37341],[6.02317,50.37372],[6.02247,50.37427],[6.02144,50.37451],[6.02092,50.37476],[6.02027,50.3749],[6.0198,50.3751],[6.01894,50.37517]],[[6.03144,50.36985],[6.03133,50.36975],[6.03144,50.36939],[6.03144,50.36985]]]}},{"type":"Feature","properties":{"ele":340},"geometry":{"type":"MultiLineString","coordinates":[[[6.03061,50.43599],[6.03057,50.43589],[6.03063,50.4359],[6.03061,50.43599]],[[6.02811,50.43549],[6.02731,50.43504],[6.02727,50.43451],[6.02817,50.43474],[6.02838,50.43514],[6.02857,50.43528],[6.02938,50.43535],[6.02932,50.43541],[6.0286,50.43537],[6.02811,50.43549]],[[6.02853,50.43437],[6.02843,50.43422],[6.02855,50.43408],[6.02888,50.43392],[6.02907,50.43397],[6.02908,50.43425],[6.02853,50.43437]],[[6.0364,50.36896],[6.03381,50.36916],[6.03325,50.36949],[6.03253,50.36977],[6.0315,50.37067],[6.03104,50.37119],[6.02986,50.37183],[6.02805,50.37217],[6.02731,50.37258],[6.02566,50.37322],[6.02475,50.37343],[6.02387,50.37349],[6.02353,50.3737],[6.02306,50.37421],[6.02264,50.37449],[6.02054,50.37497],[6.0198,50.37524],[6.01896,50.37535],[6.01853,50.37551],[6.01833,50.37563],[6.01818,50.37592],[6.01681,50.37632],[6.01656,50.37654],[6.01663,50.37676],[6.0173,50.37729],[6.01767,50.37745],[6.01833,50.37758],[6.01834,50.37782],[6.01807,50.37806],[6.01733,50.37841],[6.01603,50.37868],[6.01517,50.37858],[6.0141,50.37868],[6.01241,50.37948],[6.01245,50.37963],[6.01316,50.38006],[6.01341,50.38035],[6.01424,50.38213],[6.01437,50.38229],[6.015,50.38258],[6.01514,50.38284],[6.0153,50.38363],[6.01515,50.38423],[6.0153,50.38463],[6.01514,50.38523],[6.01488,50.38571],[6.01509,50.38622],[6.0156,50.38674],[6.01632,50.38712],[6.01709,50.38734],[6.01927,50.38765],[6.01981,50.38806],[6.01974,50.38866],[6.01933,50.38924],[6.01915,50.39008],[6.01926,50.39062],[6.01955,50.39115],[6.01986,50.39141],[6.01981,50.39153],[6.01935,50.3916],[6.01889,50.39177],[6.01751,50.39156],[6.01519,50.39082],[6.01356,50.38991],[6.01324,50.38985],[6.01269,50.39006],[6.01251,50.39047],[6.01195,50.39082],[6.01084,50.39109],[6.00891,50.39141],[6.00825,50.39182],[6.00768,50.39229],[6.00408,50.3917],[6.00231,50.39117],[6.00152,50.39102],[6.00022,50.39104],[5.99977,50.39118],[5.99962,50.39145],[5.99903,50.39144],[5.99808,50.39067],[5.99764,50.3904],[5.99621,50.39017],[5.99478,50.38979],[5.99404,50.38978],[5.99324,50.38998],[5.99231,50.39051],[5.99126,50.39083],[5.99068,50.3912],[5.99035,50.39151],[5.98983,50.39229],[5.98955,50.39297],[5.98959,50.39318],[5.98975,50.39341],[5.99059,50.39426],[5.99144,50.39479],[5.9923,50.39504],[5.99262,50.39523],[5.99338,50.39588],[5.99371,50.39637],[5.99375,50.39658],[5.99361,50.39727],[5.99399,50.3987],[5.994,50.39897],[5.99385,50.39926],[5.9939,50.39955],[5.99429,50.40014],[5.99519,50.40047],[5.99535,50.40062],[5.99522,50.40078],[5.99476,50.40087],[5.99431,50.40114],[5.99395,50.40203],[5.99393,50.4023],[5.99477,50.40285],[5.99602,50.40424],[5.99687,50.40477],[5.99702,50.40526],[5.99788,50.40637],[5.99793,50.40665],[5.99773,50.40727],[5.99766,50.40786],[5.99734,50.40859],[5.99727,50.40896],[5.99765,50.40925],[5.99784,50.40956],[5.9986,50.41004],[5.99897,50.41054],[5.99945,50.41089],[6.0004,50.41197],[6.00044,50.41223],[6.00018,50.41253],[6.00016,50.41275],[6.00017,50.41287],[6.00039,50.41307],[6.00199,50.41346],[6.00469,50.41377],[6.00583,50.41425],[6.00626,50.41434],[6.00734,50.41424],[6.00771,50.41397],[6.00804,50.41384],[6.00856,50.41391],[6.00895,50.4141],[6.00936,50.41482],[6.00934,50.41505],[6.00916,50.41531],[6.00852,50.41565],[6.00926,50.41592],[6.00978,50.41599],[6.01001,50.41592],[6.01012,50.41557],[6.01029,50.41554],[6.01109,50.41588],[6.01084,50.41613],[6.01088,50.41621],[6.01186,50.41618],[6.01225,50.41637],[6.01273,50.41645],[6.01321,50.41667],[6.01354,50.41713],[6.01435,50.41729],[6.0148,50.41751],[6.01521,50.41756],[6.01562,50.41784],[6.01699,50.41836],[6.01708,50.41846],[6.01717,50.41896],[6.01818,50.41911],[6.02035,50.42005],[6.02061,50.42034],[6.02042,50.42057],[6.0205,50.42075],[6.02069,50.4208],[6.02136,50.42069],[6.02186,50.42088],[6.02237,50.42118],[6.02266,50.42173],[6.0231,50.42214],[6.02397,50.42225],[6.02434,50.42262],[6.02502,50.42291],[6.02519,50.42307],[6.02535,50.42343],[6.02596,50.42376],[6.02641,50.42378],[6.02735,50.42355],[6.02759,50.42368],[6.02758,50.42399],[6.02768,50.42411],[6.02798,50.42367],[6.02861,50.42387],[6.02974,50.42387],[6.03003,50.42394],[6.02988,50.42407],[6.02937,50.42413],[6.02921,50.42422],[6.0299,50.42452],[6.03002,50.4247],[6.03,50.42481],[6.0294,50.42507],[6.02892,50.42516],[6.02848,50.42534],[6.02921,50.42559],[6.02928,50.42571],[6.02887,50.42616],[6.02887,50.42647],[6.02855,50.42703],[6.02771,50.42758],[6.02747,50.4278],[6.02742,50.42797],[6.02765,50.42842],[6.02937,50.42922],[6.02972,50.42974],[6.02985,50.43099],[6.03002,50.43143],[6.02978,50.43165],[6.02934,50.43173],[6.02972,50.43207],[6.02956,50.43254],[6.02979,50.4328],[6.0298,50.43292],[6.02971,50.43309],[6.0295,50.4332],[6.02925,50.43321],[6.029,50.4331],[6.02876,50.43256],[6.02812,50.43249],[6.02793,50.43258],[6.02778,50.43279],[6.02793,50.43318],[6.02786,50.4334],[6.02769,50.43354],[6.02748,50.43346],[6.02741,50.43331],[6.02757,50.43293],[6.02753,50.4328],[6.02644,50.43201],[6.02614,50.43165],[6.02623,50.43143],[6.02655,50.43119],[6.02653,50.43091],[6.02703,50.43064],[6.02694,50.43037],[6.02607,50.42976],[6.0256,50.42964],[6.02481,50.42905],[6.02412,50.42879],[6.0235,50.42871],[6.02315,50.42855],[6.02282,50.42807],[6.02247,50.4278],[6.01779,50.42672],[6.01687,50.42617],[6.01528,50.42555],[6.01433,50.42553],[6.01388,50.42543],[6.01314,50.42477],[6.01169,50.4237],[6.01057,50.42253],[6.00805,50.42147],[6.00769,50.42117],[6.00721,50.4212],[6.00647,50.42089],[6.00606,50.42061],[6.00548,50.42058],[6.00483,50.42044],[6.00405,50.42005],[6.0027,50.41958],[6.00148,50.41922],[6.00059,50.41908],[5.99965,50.41876],[5.99895,50.41812],[5.99802,50.41759],[5.99769,50.41726],[5.99726,50.41702],[5.99687,50.41645],[5.99637,50.41624],[5.9952,50.41534],[5.99468,50.41507],[5.99455,50.41481],[5.99419,50.41452],[5.99385,50.41366],[5.99337,50.41309],[5.99313,50.41254],[5.99251,50.41168],[5.99243,50.41144],[5.9925,50.41095],[5.99273,50.41038],[5.99308,50.40997],[5.99463,50.40911],[5.99577,50.40819],[5.9959,50.40772],[5.99635,50.4072],[5.99634,50.40665],[5.99618,50.40602],[5.99604,50.40579],[5.99557,50.40541],[5.99509,50.40508],[5.99438,50.40475],[5.99259,50.40355],[5.99186,50.40288],[5.99141,50.40257],[5.99098,50.40203],[5.99085,50.40168],[5.99018,50.40063],[5.99017,50.39998],[5.99002,50.39957],[5.98931,50.39923],[5.98896,50.39837],[5.98867,50.39802],[5.98811,50.39756],[5.98727,50.39714],[5.98731,50.39668],[5.98683,50.39602],[5.98673,50.39571],[5.98686,50.39535],[5.98715,50.39512],[5.9872,50.39495],[5.98662,50.39363],[5.98694,50.39258],[5.98704,50.39182],[5.98735,50.39121],[5.98734,50.3909],[5.98725,50.3907],[5.9871,50.3906],[5.98635,50.39027],[5.9856,50.39008],[5.98585,50.38967],[5.98582,50.3895],[5.98569,50.38936],[5.98546,50.38938],[5.98297,50.39116],[5.98225,50.39127],[5.98128,50.39116],[5.98105,50.39119],[5.98057,50.39142],[5.98017,50.39173],[5.98024,50.39238],[5.98018,50.39262],[5.97959,50.39266],[5.97853,50.39226],[5.97782,50.39208],[5.97746,50.39208],[5.97685,50.39229],[5.97639,50.39281],[5.97617,50.39294],[5.97435,50.39334],[5.97405,50.39371],[5.97366,50.39396],[5.97267,50.39423],[5.97186,50.39429],[5.97004,50.394],[5.96889,50.3937],[5.96769,50.39313],[5.96685,50.39288],[5.96569,50.39272],[5.96517,50.39279],[5.96476,50.39328],[5.96443,50.39347],[5.9634,50.39349],[5.95982,50.39459],[5.95844,50.39487],[5.95735,50.39493],[5.95602,50.39479],[5.95519,50.39449]],[[6.02728,50.42748],[6.02709,50.42735],[6.02709,50.42725],[6.02735,50.42723],[6.02728,50.42748]],[[6.02644,50.42686],[6.02619,50.42675],[6.02614,50.42664],[6.02624,50.42641],[6.02644,50.42624],[6.02709,50.42628],[6.02745,50.42644],[6.02644,50.42686]],[[6.02769,50.42631],[6.02757,50.4262],[6.02759,50.42611],[6.02813,50.42587],[6.02828,50.42613],[6.0282,50.42632],[6.02802,50.42639],[6.02769,50.42631]],[[6.02603,50.42599],[6.02588,50.42589],[6.02602,50.42562],[6.02661,50.42538],[6.02663,50.42506],[6.02677,50.42495],[6.02692,50.42495],[6.02723,50.42526],[6.02744,50.42535],[6.02705,50.42563],[6.02603,50.42599]],[[6.02769,50.42582],[6.02748,50.42561],[6.02771,50.42545],[6.02791,50.42563],[6.02769,50.42582]],[[6.02769,50.42496],[6.02753,50.4246],[6.02755,50.42443],[6.02775,50.42425],[6.02813,50.42421],[6.02836,50.42443],[6.02835,50.4246],[6.02812,50.42482],[6.02769,50.42496]],[[6.03144,50.42405],[6.03123,50.42396],[6.03157,50.42395],[6.03144,50.42405]],[[5.95519,50.39589],[5.95557,50.39592],[5.95612,50.39616],[5.95726,50.39703],[5.95784,50.39763],[5.95822,50.39842],[5.95858,50.39889],[5.95858,50.39898],[5.95841,50.3992],[5.95799,50.39944],[5.95768,50.39977],[5.95757,50.40008],[5.95771,50.40033],[5.95807,50.40065],[5.9586,50.40085],[5.9603,50.40088],[5.95959,50.40148],[5.95954,50.40175],[5.95969,50.40204],[5.9602,50.40228],[5.96095,50.40239],[5.96138,50.40257],[5.96182,50.40344],[5.96249,50.40393],[5.96261,50.40428],[5.96445,50.4053],[5.96517,50.40591],[5.96684,50.40661],[5.96807,50.40702],[5.96846,50.40731],[5.96902,50.40738],[5.97019,50.40778],[5.97038,50.40813],[5.97056,50.40828],[5.97147,50.40804],[5.97267,50.40831],[5.97353,50.4084],[5.97296,50.40893],[5.97282,50.40918],[5.97276,50.40951],[5.97238,50.4098],[5.97358,50.41062],[5.97371,50.41091],[5.9739,50.41106],[5.97434,50.41118],[5.97557,50.41132],[5.97652,50.41156],[5.97688,50.41157],[5.97727,50.41145],[5.97753,50.4115],[5.97811,50.41173],[5.97819,50.4122],[5.97834,50.41233],[5.97985,50.41255],[5.98076,50.41257],[5.98053,50.41272],[5.98047,50.41286],[5.98075,50.41313],[5.98128,50.41344],[5.98365,50.41418],[5.98442,50.41449],[5.98487,50.41477],[5.9857,50.41507],[5.98733,50.41591],[5.98756,50.41616],[5.98758,50.4165],[5.98847,50.41658],[5.98861,50.41676],[5.98852,50.41701],[5.98803,50.41709],[5.98685,50.41761],[5.9865,50.41764],[5.98554,50.41704],[5.98524,50.41671],[5.98478,50.41645],[5.98433,50.41657],[5.98371,50.41651],[5.98232,50.41613],[5.981,50.416],[5.98019,50.41609],[5.97936,50.41646],[5.97862,50.41658],[5.97799,50.4162],[5.9777,50.41589],[5.9773,50.41572],[5.97616,50.41577],[5.97478,50.41559],[5.97394,50.41598],[5.9731,50.41673],[5.97266,50.41683],[5.97229,50.4168],[5.97213,50.41672],[5.97181,50.41628],[5.97164,50.41585],[5.97132,50.41542],[5.97063,50.41477],[5.96907,50.41439],[5.96824,50.4144],[5.96767,50.41476],[5.96689,50.41564],[5.96657,50.41557],[5.96507,50.41489],[5.96437,50.41444],[5.96358,50.41367],[5.96318,50.4134],[5.96062,50.412],[5.95982,50.41142],[5.95891,50.41105],[5.95761,50.41107],[5.95694,50.41123],[5.95647,50.41145],[5.9562,50.41179],[5.95624,50.41231],[5.9561,50.41263],[5.95576,50.41287],[5.95519,50.41297]],[[5.98061,50.41463],[5.98053,50.4145],[5.9809,50.41441],[5.98169,50.41452],[5.98155,50.41469],[5.98131,50.41477],[5.98061,50.41463]],[[6.00436,50.41351],[6.00419,50.4134],[6.00445,50.41339],[6.00436,50.41351]],[[5.97144,50.40872],[5.97134,50.40867],[5.97146,50.40865],[5.97144,50.40872]],[[5.95519,50.39067],[5.95565,50.39043],[5.95685,50.3895],[5.95808,50.38901],[5.95892,50.38883],[5.95941,50.38884],[5.95993,50.38918],[5.95995,50.38927],[5.95971,50.38951],[5.9596,50.38981],[5.95972,50.39017],[5.95991,50.39023],[5.9606,50.39007],[5.96098,50.38976],[5.96148,50.38957],[5.96399,50.38896],[5.96216,50.38843],[5.96198,50.38818],[5.962,50.38793],[5.96217,50.38778],[5.96256,50.3877],[5.96396,50.38781],[5.96519,50.38816],[5.9656,50.38841],[5.96581,50.38863],[5.96618,50.38919],[5.96602,50.38951],[5.96636,50.38964],[5.96694,50.38966],[5.96812,50.38924],[5.96902,50.38877],[5.96945,50.38843],[5.96956,50.3881],[5.97027,50.38757],[5.97113,50.38628],[5.97191,50.38564],[5.97182,50.3853],[5.97205,50.38504],[5.97228,50.38451],[5.97268,50.38415],[5.97313,50.38452],[5.97255,50.38497],[5.97251,50.3851],[5.97306,50.38563],[5.97362,50.38578],[5.97382,50.38599],[5.97377,50.38623],[5.9736,50.38648],[5.97309,50.38671],[5.97292,50.38724],[5.97305,50.38758],[5.97355,50.38791],[5.9738,50.38776],[5.97391,50.38725],[5.97543,50.38721],[5.97745,50.38674],[5.97813,50.3867],[5.97907,50.38694],[5.98037,50.38702],[5.98231,50.38674],[5.98246,50.38646],[5.9822,50.38624],[5.9822,50.38615],[5.98272,50.38591],[5.98309,50.38584],[5.98355,50.38589],[5.98388,50.3861],[5.98407,50.38609],[5.98482,50.38566],[5.98566,50.38496],[5.98662,50.38469],[5.98853,50.38396],[5.98887,50.38314],[5.98897,50.38308],[5.98988,50.38309],[5.99188,50.38339],[5.99229,50.38367],[5.99267,50.3838],[5.99394,50.38381],[5.99437,50.38422],[5.99433,50.38457],[5.9947,50.38486],[5.99517,50.38482],[5.99569,50.38463],[5.99605,50.38459],[5.99767,50.38507],[5.99881,50.38516],[6.00015,50.38491],[6.00187,50.38423],[6.00443,50.38374],[6.00625,50.3831],[6.00589,50.38285],[6.00491,50.38249],[6.00439,50.38219],[6.00417,50.38201],[6.00392,50.38155],[6.00341,50.38147],[6.0038,50.38119],[6.00392,50.38089],[6.00471,50.38053],[6.00605,50.38032],[6.00649,50.38034],[6.00618,50.38057],[6.0062,50.38064],[6.00692,50.38064],[6.00715,50.38033],[6.00704,50.37977],[6.00714,50.3795],[6.00814,50.37898],[6.00931,50.37805],[6.01001,50.3777],[6.01055,50.37755],[6.01097,50.37751],[6.01153,50.37761],[6.01294,50.37692],[6.01355,50.37675],[6.01435,50.3759],[6.01475,50.3756],[6.01621,50.37488],[6.01685,50.37476],[6.01726,50.37457],[6.01724,50.37408],[6.01697,50.37359],[6.01706,50.37338],[6.01782,50.3731],[6.01829,50.37304],[6.01865,50.37312],[6.01902,50.37365],[6.01935,50.37385],[6.02056,50.37374],[6.02107,50.37357],[6.02219,50.37336],[6.0225,50.37313],[6.02269,50.37285],[6.02268,50.37255],[6.02317,50.3726],[6.02361,50.37242],[6.02437,50.37229],[6.0251,50.37193],[6.02577,50.37179],[6.02582,50.37172],[6.02569,50.37162],[6.02515,50.37151],[6.02457,50.37125],[6.02449,50.37118],[6.0245,50.37106],[6.02466,50.37089],[6.02527,50.37066],[6.02592,50.37021],[6.02641,50.37004],[6.02687,50.37004],[6.02775,50.37033],[6.02815,50.37037],[6.02851,50.3695],[6.02895,50.36924],[6.02902,50.36896]],[[5.96811,50.39036],[5.96799,50.39034],[5.96818,50.39034],[5.96811,50.39036]],[[5.97394,50.38814],[5.97394,50.38808],[5.97394,50.38814]],[[6.00144,50.38097],[6.0013,50.38084],[6.00131,50.38061],[6.00145,50.38053],[6.00168,50.38059],[6.00173,50.38074],[6.00144,50.38097]],[[6.04478,50.37158],[6.04481,50.3713],[6.04495,50.37146],[6.04478,50.37158]],[[6.04071,50.36896],[6.04109,50.36927],[6.04118,50.36949],[6.04116,50.36978],[6.04181,50.3701],[6.04222,50.37065],[6.04272,50.37092],[6.04209,50.371],[6.04019,50.37063],[6.0389,50.3701],[6.03869,50.36977],[6.03849,50.36963],[6.03712,50.3693],[6.03647,50.36896]],[[6.04019,50.37059],[6.04007,50.37037],[6.04018,50.37025],[6.0403,50.37035],[6.04019,50.37059]],[[6.04061,50.36988],[6.04051,50.36981],[6.04055,50.36975],[6.04087,50.36979],[6.04061,50.36988]]]}},{"type":"Feature","properties":{"ele":360},"geometry":{"type":"MultiLineString","coordinates":[[[6.05311,50.4473],[6.05299,50.44729],[6.05296,50.4472],[6.05306,50.447],[6.05317,50.44695],[6.05355,50.44688],[6.05394,50.44701],[6.05345,50.44727],[6.05311,50.4473]],[[6.05186,50.44679],[6.05103,50.44639],[6.05092,50.44588],[6.05102,50.44551],[6.05136,50.44541],[6.0516,50.44548],[6.05174,50.44564],[6.0517,50.44592],[6.05181,50.44617],[6.05228,50.44631],[6.05231,50.44675],[6.05186,50.44679]],[[6.05228,50.44507],[6.05173,50.44477],[6.05191,50.44471],[6.05228,50.44479],[6.05228,50.44507]],[[6.05686,50.37686],[6.05574,50.37664],[6.0547,50.37656],[6.05344,50.37601],[6.05274,50.37601],[6.05219,50.37625],[6.05101,50.37636],[6.05062,50.37647],[6.05018,50.37646],[6.04961,50.3753],[6.04817,50.3745],[6.04795,50.3743],[6.04795,50.37417],[6.04819,50.37397],[6.04814,50.37388],[6.04684,50.37369],[6.04602,50.3734],[6.04521,50.37301],[6.04436,50.37241],[6.04264,50.37161],[6.04189,50.37143],[6.04061,50.37146],[6.04026,50.3714],[6.03863,50.37088],[6.03718,50.3703],[6.03608,50.37032],[6.03537,50.37044],[6.03366,50.37017],[6.03314,50.37021],[6.03264,50.37049],[6.03187,50.37174],[6.03084,50.37185],[6.03006,50.37215],[6.02924,50.37227],[6.02888,50.37277],[6.02805,50.37271],[6.02579,50.37354],[6.02414,50.37394],[6.02403,50.37408],[6.02403,50.37476],[6.0239,50.37497],[6.02307,50.37533],[6.02268,50.37562],[6.0215,50.37585],[6.02056,50.37635],[6.02013,50.37646],[6.02001,50.37668],[6.02,50.37703],[6.0198,50.37729],[6.01898,50.37772],[6.01842,50.37815],[6.01773,50.37849],[6.01652,50.3788],[6.01515,50.37894],[6.01471,50.37923],[6.01506,50.37998],[6.01514,50.38078],[6.0151,50.38099],[6.01477,50.38161],[6.01479,50.38198],[6.01553,50.38222],[6.01621,50.38232],[6.01721,50.38319],[6.01753,50.3837],[6.01786,50.3847],[6.01781,50.38526],[6.01802,50.3859],[6.01892,50.38602],[6.0215,50.38611],[6.02182,50.3862],[6.02217,50.3865],[6.02273,50.38673],[6.02264,50.38726],[6.02185,50.38895],[6.02107,50.38988],[6.02105,50.39054],[6.0212,50.39088],[6.02229,50.39255],[6.02351,50.39303],[6.02398,50.3931],[6.02413,50.39331],[6.0241,50.39342],[6.0234,50.39353],[6.02267,50.39412],[6.0222,50.39413],[6.02131,50.39384],[6.02019,50.39299],[6.01921,50.39291],[6.01824,50.39258],[6.01796,50.39231],[6.01769,50.39221],[6.01647,50.3921],[6.01449,50.39169],[6.01392,50.39173],[6.0127,50.39205],[6.01182,50.39197],[6.01144,50.39229],[6.00828,50.3932],[6.00699,50.3933],[6.00639,50.39321],[6.00459,50.39267],[6.00261,50.39235],[6.00134,50.39181],[6.00079,50.39169],[6.00053,50.3917],[6.00003,50.39194],[5.99938,50.39259],[5.99894,50.39262],[5.99843,50.39209],[5.99691,50.39185],[5.99476,50.39111],[5.99412,50.39101],[5.99316,50.3912],[5.99227,50.3917],[5.99216,50.39231],[5.99184,50.39282],[5.99106,50.39315],[5.99095,50.39338],[5.99118,50.39367],[5.99159,50.39394],[5.99226,50.39424],[5.99314,50.3945],[5.99364,50.39507],[5.99439,50.39559],[5.99468,50.3963],[5.99464,50.39654],[5.99435,50.39702],[5.99459,50.39811],[5.99468,50.39883],[5.99459,50.39929],[5.99477,50.40007],[5.99523,50.4001],[5.99594,50.40001],[5.99636,50.40008],[5.99729,50.40062],[5.99766,50.40126],[5.99823,50.40146],[5.99869,50.40173],[5.99854,50.4023],[5.99784,50.40311],[5.99801,50.4034],[5.99855,50.40368],[5.99863,50.40394],[5.99853,50.40421],[5.99807,50.40426],[5.99737,50.40402],[5.99725,50.40406],[5.9972,50.4042],[5.99744,50.4045],[5.99762,50.40508],[5.99827,50.40586],[5.99846,50.40597],[5.99902,50.406],[5.99937,50.40615],[5.99927,50.40651],[5.99854,50.40703],[5.99826,50.40738],[5.99812,50.40776],[5.99803,50.40846],[5.99813,50.40858],[5.99855,50.40867],[5.99961,50.40925],[6.00103,50.41062],[6.00212,50.41124],[6.0025,50.41168],[6.00267,50.41231],[6.00515,50.41249],[6.006,50.41277],[6.00675,50.41285],[6.00746,50.41276],[6.00819,50.41238],[6.00866,50.4124],[6.00897,50.41254],[6.00935,50.41286],[6.00977,50.41451],[6.01006,50.41467],[6.01107,50.41476],[6.01137,50.41508],[6.01178,50.41526],[6.01419,50.4159],[6.01435,50.41618],[6.01603,50.41628],[6.01677,50.41675],[6.01797,50.41734],[6.01891,50.41758],[6.02099,50.41849],[6.0223,50.41895],[6.02275,50.41918],[6.02308,50.41952],[6.02428,50.41985],[6.02521,50.42031],[6.02704,50.42093],[6.02766,50.42125],[6.02819,50.42128],[6.02959,50.42158],[6.03015,50.42161],[6.03057,50.42176],[6.03112,50.4217],[6.03213,50.42175],[6.03266,50.42202],[6.03312,50.42208],[6.03357,50.422],[6.03398,50.42222],[6.03483,50.42202],[6.03557,50.42172],[6.03694,50.4217],[6.03773,50.42179],[6.04027,50.42133],[6.04062,50.42118],[6.041,50.42033],[6.04133,50.42006],[6.04183,50.41977],[6.04324,50.41927],[6.04394,50.41923],[6.04421,50.41946],[6.04419,50.41959],[6.04401,50.41971],[6.04352,50.4198],[6.04392,50.41982],[6.04499,50.42006],[6.04462,50.42029],[6.04439,50.42065],[6.04364,50.42102],[6.04345,50.42103],[6.04322,50.42093],[6.04323,50.42058],[6.04307,50.42055],[6.04296,50.42061],[6.04309,50.42102],[6.0429,50.42146],[6.04313,50.42168],[6.04314,50.42198],[6.04295,50.42229],[6.04303,50.42258],[6.0428,50.42304],[6.04284,50.42345],[6.04269,50.42377],[6.04226,50.42378],[6.04219,50.42342],[6.04193,50.42323],[6.04162,50.42317],[6.04126,50.42321],[6.04034,50.42363],[6.03849,50.42421],[6.03728,50.42491],[6.03329,50.42602],[6.03144,50.42634],[6.02975,50.42694],[6.02913,50.42723],[6.02871,50.42755],[6.02839,50.42788],[6.02831,50.42813],[6.02856,50.42839],[6.02979,50.4288],[6.03047,50.42923],[6.03103,50.42973],[6.03204,50.43095],[6.03206,50.43115],[6.03196,50.43127],[6.03139,50.43136],[6.03092,50.43163],[6.03065,50.43191],[6.03049,50.43224],[6.03032,50.43307],[6.03006,50.43359],[6.02999,50.43404],[6.03007,50.43445],[6.03047,50.43506],[6.03078,50.43536],[6.03185,50.43591],[6.03377,50.43708],[6.03497,50.4376],[6.03563,50.43811],[6.03606,50.43828],[6.03767,50.4385],[6.03897,50.43846],[6.041,50.43882],[6.0414,50.4388],[6.04195,50.43863],[6.04271,50.43862],[6.04307,50.43869],[6.04438,50.43919],[6.04516,50.43918],[6.04574,50.43926],[6.0465,50.43914],[6.04684,50.43944],[6.04768,50.44043],[6.04773,50.44098],[6.04731,50.44172],[6.04743,50.44245],[6.04753,50.44263],[6.04808,50.44304],[6.04853,50.44321],[6.0506,50.44341],[6.05124,50.44374],[6.05145,50.44395],[6.05141,50.44412],[6.05022,50.44372],[6.0473,50.44372],[6.0457,50.44344],[6.04555,50.4435],[6.04545,50.44365],[6.04581,50.44425],[6.04578,50.44449],[6.0456,50.44483],[6.04521,50.44418],[6.04505,50.44423],[6.04476,50.44456],[6.04456,50.44367],[6.04414,50.44316],[6.04389,50.44303],[6.04297,50.44279],[6.04225,50.44274],[6.04066,50.44228],[6.0397,50.44213],[6.03876,50.44209],[6.03817,50.44194],[6.03767,50.4417],[6.03522,50.44138],[6.03402,50.44104],[6.03293,50.44083],[6.0323,50.44076],[6.03147,50.44084],[6.03137,50.44064],[6.03146,50.44034],[6.03097,50.43995],[6.03078,50.43945],[6.02983,50.43892],[6.02949,50.43861],[6.02811,50.43768],[6.0269,50.43612],[6.02677,50.43533],[6.02653,50.43477],[6.02668,50.43436],[6.02693,50.43398],[6.02673,50.43352],[6.02686,50.43312],[6.02631,50.43299],[6.02598,50.43306],[6.02517,50.43345],[6.02459,50.4335],[6.02421,50.43341],[6.02569,50.43269],[6.02595,50.43234],[6.02591,50.43217],[6.02561,50.43173],[6.02475,50.43119],[6.02459,50.43095],[6.02472,50.43008],[6.02498,50.42967],[6.02493,50.42948],[6.02472,50.42928],[6.02412,50.42913],[6.02241,50.42938],[6.02212,50.42934],[6.022,50.42924],[6.02202,50.42915],[6.02261,50.42862],[6.02247,50.42818],[6.02226,50.428],[6.01938,50.42725],[6.01767,50.42688],[6.01643,50.4262],[6.0156,50.42588],[6.01511,50.42579],[6.01412,50.42576],[6.01375,50.42566],[6.01228,50.4245],[6.01135,50.42396],[6.01113,50.42373],[6.01104,50.42339],[6.01062,50.42284],[6.01024,50.42253],[6.00895,50.42201],[6.00647,50.42117],[6.00471,50.42074],[6.00276,50.42],[6.00186,50.41984],[6.00141,50.41963],[6.00024,50.41933],[5.9993,50.41899],[5.99811,50.4184],[5.99785,50.41811],[5.99731,50.41778],[5.99635,50.41733],[5.99601,50.41675],[5.99561,50.41645],[5.99435,50.41591],[5.99437,50.41561],[5.99295,50.41534],[5.99282,50.41479],[5.99219,50.41398],[5.99227,50.41379],[5.99268,50.41374],[5.99272,50.41368],[5.99215,50.41314],[5.9918,50.41258],[5.99174,50.41234],[5.99176,50.41199],[5.99158,50.41158],[5.9916,50.41102],[5.99247,50.41011],[5.99277,50.40957],[5.99304,50.40931],[5.99399,50.40899],[5.99524,50.40815],[5.99535,50.40769],[5.99587,50.40703],[5.99589,50.40665],[5.99563,50.40615],[5.99521,50.40589],[5.99436,50.40562],[5.99413,50.40532],[5.99351,50.4048],[5.99228,50.40394],[5.99153,50.40307],[5.99093,50.40269],[5.99073,50.40226],[5.99052,50.40203],[5.99039,50.40161],[5.98933,50.40063],[5.98928,50.40037],[5.98939,50.39975],[5.98904,50.3995],[5.98816,50.39922],[5.98682,50.39786],[5.98598,50.39731],[5.98592,50.39693],[5.98551,50.39618],[5.98546,50.39571],[5.98559,50.39501],[5.98604,50.39498],[5.98626,50.39453],[5.98608,50.39345],[5.98636,50.39286],[5.98642,50.39258],[5.98631,50.39151],[5.98608,50.39134],[5.9851,50.39138],[5.98411,50.39171],[5.98316,50.39215],[5.98307,50.39209],[5.98305,50.39177],[5.98287,50.39167],[5.98199,50.39163],[5.98161,50.39173],[5.98137,50.39194],[5.98102,50.39254],[5.981,50.3929],[5.98109,50.3931],[5.98133,50.39326],[5.98212,50.39342],[5.98152,50.39368],[5.98034,50.39364],[5.97961,50.39308],[5.97901,50.39281],[5.97778,50.39273],[5.97738,50.39294],[5.97684,50.39371],[5.97515,50.39422],[5.97445,50.39434],[5.97394,50.39464],[5.97277,50.39487],[5.97162,50.39475],[5.97097,50.39454],[5.96938,50.39426],[5.9667,50.39342],[5.96569,50.3932],[5.96546,50.39327],[5.96473,50.39384],[5.96377,50.3939],[5.96001,50.39498],[5.95845,50.39525],[5.95631,50.39519],[5.95533,50.39535],[5.95597,50.39563],[5.95686,50.39589],[5.95767,50.39632],[5.95828,50.39677],[5.9593,50.39788],[5.96027,50.39842],[5.96039,50.39866],[5.96027,50.39883],[5.95894,50.39951],[5.95879,50.3997],[5.95882,50.3999],[5.95925,50.40032],[5.95991,50.40039],[5.96136,50.40016],[5.96191,50.40033],[5.96201,50.40064],[5.96189,50.40092],[5.96143,50.4012],[5.96057,50.40144],[5.9606,50.40174],[5.96157,50.40189],[5.96342,50.40171],[5.96395,50.40173],[5.96447,50.40199],[5.96446,50.40238],[5.96466,50.40275],[5.96556,50.40349],[5.96644,50.40397],[5.96899,50.40502],[5.97185,50.4058],[5.97228,50.40602],[5.97266,50.40602],[5.97314,50.40586],[5.97439,50.40633],[5.97613,50.40665],[5.97621,50.40679],[5.97609,50.40703],[5.97538,50.40728],[5.97504,50.40763],[5.97519,50.40812],[5.97549,50.40842],[5.97561,50.40868],[5.97512,50.40927],[5.97561,50.40977],[5.9762,50.41002],[5.97763,50.41036],[5.97829,50.41042],[5.97981,50.41088],[5.98262,50.41151],[5.98289,50.41167],[5.98297,50.41182],[5.98288,50.41258],[5.98314,50.41282],[5.98351,50.41296],[5.98433,50.4131],[5.98527,50.41306],[5.98603,50.41314],[5.9865,50.41308],[5.98664,50.41331],[5.9867,50.41377],[5.98685,50.41402],[5.98725,50.41433],[5.98937,50.41536],[5.98967,50.41561],[5.98977,50.41606],[5.99018,50.41646],[5.99074,50.41638],[5.99117,50.41644],[5.99117,50.41653],[5.99094,50.41674],[5.99118,50.41692],[5.99177,50.41733],[5.99386,50.41846],[5.99443,50.41892],[5.99543,50.41953],[5.99619,50.42027],[5.99665,50.42085],[5.99683,50.42127],[5.99683,50.42165],[5.99675,50.42175],[5.99626,50.42188],[5.996,50.42185],[5.99561,50.42098],[5.99519,50.42154],[5.99485,50.42164],[5.99459,50.42159],[5.99435,50.42147],[5.994,50.42113],[5.99337,50.42094],[5.99314,50.42061],[5.99152,50.41946],[5.98939,50.41893],[5.98884,50.41892],[5.98869,50.41908],[5.98867,50.41984],[5.98916,50.42085],[5.98895,50.42124],[5.9886,50.42133],[5.98809,50.42119],[5.98648,50.42032],[5.98505,50.4198],[5.98189,50.41839],[5.98027,50.41802],[5.97949,50.41796],[5.97876,50.41801],[5.97846,50.4181],[5.97825,50.41841],[5.97806,50.41848],[5.97688,50.41833],[5.97527,50.41799],[5.97433,50.41797],[5.97391,50.41808],[5.97366,50.41824],[5.9731,50.41895],[5.97265,50.4191],[5.97188,50.41866],[5.971,50.41842],[5.97076,50.41814],[5.97066,50.41782],[5.97009,50.41762],[5.96954,50.41699],[5.96927,50.41686],[5.96803,50.41682],[5.96662,50.41719],[5.96605,50.41719],[5.96556,50.41708],[5.96515,50.41681],[5.96395,50.41622],[5.96356,50.41559],[5.96228,50.41506],[5.96179,50.41454],[5.96055,50.41358],[5.95866,50.41333],[5.95775,50.41343],[5.95699,50.41363],[5.95569,50.41356],[5.95519,50.41364]],[[6.04644,50.44237],[6.0452,50.442],[6.04479,50.44171],[6.04474,50.44144],[6.04523,50.44143],[6.04648,50.44198],[6.04653,50.44223],[6.04644,50.44237]],[[5.95519,50.42687],[5.95591,50.42732],[5.95625,50.42788],[5.95666,50.42816],[5.9572,50.42828],[5.95813,50.42827],[5.95858,50.42839],[5.95869,50.42863],[5.95869,50.42897],[5.95904,50.42924],[5.95911,50.42948],[5.95897,50.42956],[5.95852,50.4295],[5.95787,50.42966],[5.95756,50.42965],[5.95519,50.42857]],[[6.04228,50.42309],[6.04211,50.42287],[6.04226,50.42273],[6.04242,50.42284],[6.04228,50.42309]],[[6.04269,50.42177],[6.0427,50.4217],[6.04269,50.42177]],[[5.99186,50.41683],[5.99161,50.41674],[5.9919,50.41672],[5.99186,50.41683]],[[5.99144,50.41607],[5.99134,50.41584],[5.99136,50.41561],[5.99191,50.41562],[5.99193,50.41595],[5.99144,50.41607]],[[5.99686,50.40407],[5.99665,50.40396],[5.99685,50.4039],[5.99716,50.40396],[5.99686,50.40407]],[[5.99644,50.40381],[5.99644,50.40366],[5.99644,50.40381]],[[5.99603,50.40285],[5.99631,50.40241],[5.99631,50.4023],[5.99562,50.40206],[5.99518,50.40175],[5.99517,50.40145],[5.99595,50.40138],[5.99683,50.40154],[5.99731,50.40146],[5.99746,50.40182],[5.99735,50.40287],[5.99657,50.40299],[5.99603,50.40285]],[[5.98644,50.39509],[5.98619,50.39506],[5.98643,50.39503],[5.98644,50.39509]],[[6.02228,50.39319],[6.0222,50.39311],[6.02233,50.39306],[6.02292,50.39312],[6.02228,50.39319]],[[5.95519,50.389],[5.95608,50.38844],[5.95699,50.38801],[5.95765,50.38782],[5.95854,50.38785],[5.95881,50.38753],[5.95903,50.38741],[5.96142,50.38693],[5.96301,50.38673],[5.96407,50.38668],[5.96489,50.3867],[5.96626,50.38691],[5.96686,50.38713],[5.96762,50.38693],[5.96954,50.38595],[5.96954,50.38584],[5.96923,50.38565],[5.96922,50.38556],[5.96979,50.3848],[5.97032,50.38449],[5.97092,50.38395],[5.97239,50.38291],[5.97305,50.38253],[5.97398,50.38212],[5.97439,50.3822],[5.97459,50.38311],[5.9744,50.38347],[5.97389,50.38394],[5.97401,50.38429],[5.97374,50.38502],[5.97387,50.38535],[5.97438,50.38561],[5.97478,50.38595],[5.97543,50.38608],[5.97631,50.38598],[5.97691,50.38618],[5.97808,50.38633],[5.97852,50.38629],[5.97901,50.38607],[5.97919,50.38619],[5.97884,50.38646],[5.97933,50.38659],[5.98064,50.38623],[5.98073,50.38587],[5.98116,50.38568],[5.98303,50.3855],[5.98401,50.38564],[5.98462,50.38532],[5.9846,50.38477],[5.98642,50.38441],[5.98798,50.38385],[5.98817,50.38371],[5.98822,50.38342],[5.98815,50.3831],[5.98788,50.38282],[5.98793,50.38256],[5.98821,50.3823],[5.98904,50.38202],[5.99218,50.38199],[5.99386,50.38217],[5.99496,50.38219],[5.99648,50.38252],[5.99678,50.38279],[5.99678,50.38316],[5.99739,50.38317],[5.999,50.38249],[5.99971,50.38227],[6.00002,50.382],[6.00063,50.38172],[6.00036,50.38143],[5.99977,50.38132],[5.99949,50.38115],[5.99885,50.38065],[5.99853,50.38006],[5.99769,50.37951],[5.9972,50.37927],[5.99644,50.37924],[5.99628,50.37908],[5.99623,50.37894],[5.99644,50.37883],[5.99678,50.37876],[5.99726,50.37878],[5.99741,50.37869],[5.99726,50.37859],[5.99662,50.3786],[5.99623,50.37843],[5.99628,50.37836],[5.99696,50.37816],[5.99711,50.37793],[5.99705,50.3778],[5.99677,50.37767],[5.99587,50.37757],[5.99639,50.37716],[5.99662,50.37718],[5.99728,50.37754],[5.99779,50.3781],[5.99928,50.37897],[6.00061,50.37929],[6.00104,50.37896],[6.00169,50.37895],[6.00303,50.37936],[6.0047,50.37959],[6.00519,50.37951],[6.00855,50.37774],[6.00938,50.37713],[6.01062,50.37646],[6.0127,50.37592],[6.0135,50.3752],[6.01395,50.37537],[6.01441,50.37526],[6.01565,50.37426],[6.01563,50.3741],[6.01551,50.37406],[6.0148,50.37427],[6.01433,50.37423],[6.01481,50.37378],[6.01574,50.37316],[6.01573,50.37276],[6.01584,50.37255],[6.01607,50.37247],[6.01699,50.37249],[6.01853,50.37173],[6.01844,50.37149],[6.01805,50.37125],[6.01804,50.37113],[6.01815,50.37102],[6.01886,50.37075],[6.0198,50.371],[6.02084,50.37076],[6.02114,50.37065],[6.02181,50.37005],[6.0222,50.36994],[6.02256,50.37004],[6.02257,50.37034],[6.02267,50.37044],[6.02334,50.37053],[6.02366,50.37048],[6.02394,50.37035],[6.024,50.36979],[6.02366,50.36959],[6.02325,50.3695],[6.02322,50.36939],[6.02339,50.3692],[6.02431,50.36896]],[[5.96061,50.38852],[5.96052,50.38815],[5.96066,50.3879],[5.96096,50.38779],[5.96116,50.38784],[5.96133,50.38811],[5.96128,50.38837],[5.96107,50.38848],[5.96061,50.38852]],[[5.99811,50.38381],[5.99793,50.38366],[6.00016,50.38255],[6.00069,50.38252],[6.00168,50.38285],[6.00065,50.38342],[5.99996,50.38368],[5.99811,50.38381]],[[6.00811,50.37843],[6.008,50.37839],[6.00812,50.37835],[6.00811,50.37843]],[[6.02019,50.37593],[6.02011,50.37561],[6.02056,50.37535],[6.02099,50.37527],[6.02126,50.37534],[6.02019,50.37593]],[[6.05686,50.37402],[6.05645,50.37384],[6.05559,50.37369],[6.0552,50.3734],[6.05303,50.37314],[6.0529,50.37285],[6.05273,50.37273],[6.05108,50.37219],[6.04969,50.37206],[6.04899,50.37141],[6.04812,50.37092],[6.04592,50.37017],[6.0457,50.36988],[6.04555,50.36932],[6.04535,50.36896]],[[6.02144,50.37239],[6.02103,50.37229],[6.02091,50.37213],[6.02085,50.37193],[6.02095,50.37171],[6.02142,50.3716],[6.02197,50.37171],[6.02204,50.37199],[6.02187,50.37229],[6.02144,50.37239]],[[6.01936,50.37219],[6.01927,50.37201],[6.01937,50.37193],[6.01948,50.37203],[6.01936,50.37219]],[[6.01894,50.37151],[6.01874,50.37146],[6.01878,50.37133],[6.01918,50.37104],[6.0194,50.37102],[6.01944,50.37123],[6.01894,50.37151]],[[6.04311,50.36934],[6.04293,50.36923],[6.04309,50.36908],[6.04322,50.36921],[6.04311,50.36934]]]}},{"type":"Feature","properties":{"ele":370},"geometry":{"type":"MultiLineString","coordinates":[[[6.05686,50.4473],[6.05626,50.44707],[6.05563,50.447],[6.05444,50.44712],[6.05345,50.44755],[6.05293,50.4475],[6.05215,50.44731],[6.05101,50.44674],[6.0506,50.44629],[6.05059,50.44586],[6.05109,50.44505],[6.05118,50.44467],[6.05113,50.44446],[6.05076,50.44411],[6.05014,50.44391],[6.04657,50.44381],[6.04622,50.44396],[6.04633,50.44436],[6.04567,50.44592],[6.04514,50.4461],[6.04471,50.44646],[6.0449,50.44698],[6.04484,50.4471],[6.04472,50.44713],[6.04438,50.44685],[6.04397,50.44685],[6.04391,50.44678],[6.04424,50.4464],[6.04432,50.44571],[6.04419,50.44505],[6.04418,50.44411],[6.04396,50.44337],[6.04342,50.44348],[6.04109,50.44284],[6.04058,50.44257],[6.03944,50.44235],[6.03895,50.44243],[6.03849,50.44277],[6.03811,50.44287],[6.0377,50.44245],[6.03688,50.44213],[6.03287,50.44111],[6.03226,50.44117],[6.03058,50.44173],[6.03017,50.44174],[6.03063,50.44137],[6.03104,50.44091],[6.031,50.4406],[6.03106,50.44034],[6.03067,50.43993],[6.03041,50.43978],[6.03032,50.43948],[6.02972,50.43908],[6.02938,50.43867],[6.02808,50.43784],[6.0274,50.43696],[6.0268,50.43641],[6.02665,50.43609],[6.02652,50.43531],[6.02627,50.43481],[6.02658,50.43397],[6.02644,50.43368],[6.02644,50.43335],[6.02599,50.43331],[6.02519,50.43361],[6.02459,50.43373],[6.02329,50.43377],[6.02251,50.43368],[6.02433,50.43311],[6.02539,50.4326],[6.02554,50.43245],[6.02561,50.43229],[6.02543,50.43196],[6.02483,50.43151],[6.02428,50.43121],[6.02417,50.43102],[6.0245,50.43008],[6.02475,50.42974],[6.02478,50.42951],[6.02438,50.42929],[6.02407,50.42927],[6.02267,50.42946],[6.02184,50.42986],[6.02136,50.42985],[6.02123,50.4297],[6.02123,50.42951],[6.0219,50.42901],[6.02223,50.42867],[6.02234,50.4284],[6.02227,50.42813],[6.01927,50.42732],[6.01736,50.42691],[6.01651,50.42637],[6.01558,50.426],[6.01353,50.42578],[6.0123,50.42472],[6.01157,50.42436],[6.01102,50.42397],[6.01075,50.42328],[6.01046,50.42286],[6.01015,50.42259],[6.00688,50.42144],[6.00566,50.42126],[6.00324,50.42052],[6.00246,50.42018],[6.00144,50.4201],[6.00107,50.41978],[5.99898,50.41909],[5.99812,50.41867],[5.99699,50.41784],[5.99599,50.41736],[5.99557,50.41701],[5.99457,50.41644],[5.99347,50.41563],[5.99293,50.41554],[5.99258,50.41558],[5.9925,50.41571],[5.99247,50.4162],[5.99181,50.41646],[5.99235,50.41659],[5.99315,50.41692],[5.9932,50.4171],[5.99291,50.41755],[5.9931,50.41785],[5.99389,50.41816],[5.99438,50.41809],[5.99434,50.41842],[5.99457,50.41874],[5.99496,50.41898],[5.99568,50.41918],[5.9973,50.42033],[5.99748,50.42064],[5.99791,50.42195],[5.99872,50.42276],[5.99894,50.42315],[5.99821,50.42345],[5.9977,50.42335],[5.99722,50.42342],[5.99646,50.42314],[5.99525,50.42251],[5.99428,50.42273],[5.99348,50.42259],[5.99247,50.42177],[5.99219,50.42119],[5.99183,50.42084],[5.99064,50.42017],[5.98965,50.41993],[5.98936,50.41995],[5.98931,50.42013],[5.98935,50.42035],[5.98961,50.42068],[5.98961,50.4212],[5.98991,50.42168],[5.99006,50.42217],[5.99003,50.42234],[5.98978,50.42257],[5.9885,50.42241],[5.9881,50.42229],[5.98612,50.4209],[5.98517,50.42066],[5.98442,50.4206],[5.98353,50.42029],[5.98244,50.41968],[5.98186,50.41951],[5.98109,50.41912],[5.9806,50.41929],[5.97933,50.41908],[5.97898,50.41911],[5.97847,50.41928],[5.97688,50.4192],[5.97643,50.41926],[5.97485,50.419],[5.97407,50.41898],[5.97354,50.41924],[5.97271,50.4201],[5.97221,50.42021],[5.97192,50.42005],[5.97183,50.41981],[5.97139,50.41971],[5.96978,50.41867],[5.96898,50.41805],[5.96852,50.41782],[5.96787,50.41763],[5.9673,50.41758],[5.96647,50.41765],[5.9656,50.41785],[5.96396,50.41724],[5.96337,50.41681],[5.96309,50.41648],[5.963,50.41615],[5.9619,50.41543],[5.96142,50.41532],[5.96048,50.41482],[5.95972,50.41452],[5.95843,50.41426],[5.95652,50.41405],[5.95562,50.41413],[5.95519,50.41445]],[[6.05686,50.44614],[6.05621,50.44578],[6.05519,50.44562],[6.05431,50.44587],[6.05359,50.44626],[6.05311,50.44623],[6.05275,50.44581],[6.05287,50.44512],[6.05282,50.44479],[6.0522,50.44427],[6.05186,50.44368],[6.05144,50.4434],[6.05048,50.44322],[6.04871,50.44304],[6.04811,50.44285],[6.04779,50.44252],[6.04781,50.44201],[6.04764,50.44174],[6.04798,50.44109],[6.04802,50.4405],[6.04777,50.44006],[6.04724,50.43951],[6.04694,50.43897],[6.04686,50.43866],[6.04584,50.43892],[6.04459,50.43899],[6.04434,50.43897],[6.04329,50.43855],[6.04282,50.43845],[6.04209,50.43849],[6.041,50.43869],[6.039,50.43837],[6.03767,50.43838],[6.03601,50.43814],[6.03519,50.43757],[6.03389,50.43703],[6.03308,50.43648],[6.03104,50.43534],[6.03068,50.43498],[6.03032,50.43436],[6.03029,50.43363],[6.03068,50.43259],[6.03071,50.4322],[6.03089,50.43191],[6.0311,50.43172],[6.03152,50.43156],[6.03265,50.43175],[6.03283,50.43174],[6.03287,50.43164],[6.03228,50.4306],[6.03064,50.42868],[6.03017,50.42847],[6.02918,50.42831],[6.0288,50.42816],[6.02877,50.42803],[6.02885,50.42786],[6.02935,50.42729],[6.03155,50.42649],[6.03501,50.42596],[6.03637,50.42558],[6.03811,50.42483],[6.03905,50.42426],[6.04012,50.42384],[6.04079,50.42368],[6.04143,50.42338],[6.04164,50.42346],[6.0422,50.42456],[6.04248,50.42482],[6.04264,50.42517],[6.04274,50.4252],[6.04291,50.42501],[6.04311,50.42395],[6.04349,50.42272],[6.04344,50.42172],[6.0435,50.42144],[6.0444,50.42092],[6.04519,50.42035],[6.04574,50.42011],[6.04636,50.42016],[6.04768,50.42063],[6.04811,50.42062],[6.04917,50.42041],[6.04928,50.42029],[6.04919,50.42003],[6.04983,50.41926],[6.04978,50.41908],[6.04933,50.41903],[6.04844,50.41938],[6.04746,50.41933],[6.04653,50.41912],[6.04559,50.41869],[6.04436,50.41839],[6.04397,50.41869],[6.04235,50.41926],[6.04092,50.42002],[6.0406,50.42032],[6.04021,50.42109],[6.03983,50.42125],[6.0385,50.4213],[6.0376,50.4211],[6.03642,50.42097],[6.0347,50.42117],[6.03386,50.42114],[6.03192,50.42089],[6.03084,50.42095],[6.03016,50.42072],[6.02906,50.42058],[6.02814,50.42034],[6.02767,50.42037],[6.02641,50.41991],[6.02528,50.41961],[6.02442,50.4192],[6.02422,50.41894],[6.02386,50.41872],[6.02106,50.41774],[6.02023,50.41727],[6.0177,50.41649],[6.01717,50.41621],[6.01715,50.41589],[6.01687,50.41569],[6.01653,50.41567],[6.01617,50.41591],[6.01595,50.41593],[6.01517,50.41568],[6.01397,50.41552],[6.01231,50.41501],[6.01195,50.41477],[6.01228,50.41423],[6.01079,50.4143],[6.01017,50.41453],[6.00995,50.41415],[6.00957,50.41283],[6.00938,50.41254],[6.00877,50.41204],[6.00855,50.41139],[6.0081,50.41145],[6.00784,50.4118],[6.00735,50.41197],[6.00631,50.41177],[6.00532,50.41176],[6.00475,50.41186],[6.00431,50.41177],[6.00336,50.41117],[6.00182,50.41036],[6.00052,50.40923],[5.99984,50.40888],[5.99928,50.40871],[5.99855,50.4083],[5.99844,50.40797],[5.9985,50.40751],[5.99892,50.40711],[5.99979,50.40674],[6.00004,50.40602],[6.00005,50.40574],[5.99983,50.40533],[5.99894,50.40496],[5.99804,50.40488],[5.99791,50.40478],[5.99789,50.40463],[5.99802,50.40449],[5.99854,50.40453],[5.99885,50.40446],[5.9992,50.40418],[5.99937,50.40367],[5.99913,50.40331],[5.99909,50.40307],[5.99938,50.40261],[5.99979,50.4023],[5.99997,50.40182],[5.99996,50.40165],[5.99982,50.40144],[5.99949,50.40131],[5.99876,50.40135],[5.99811,50.40118],[5.9982,50.40089],[5.99798,50.40066],[5.99694,50.40006],[5.99642,50.39992],[5.99558,50.39984],[5.99537,50.39973],[5.99506,50.39931],[5.99499,50.39911],[5.99494,50.39797],[5.99519,50.39729],[5.9949,50.39706],[5.99485,50.39693],[5.99522,50.39645],[5.99508,50.39588],[5.99478,50.39534],[5.99417,50.39501],[5.99348,50.39429],[5.99265,50.39397],[5.99225,50.3937],[5.99218,50.39346],[5.99221,50.39335],[5.99259,50.39304],[5.99327,50.3928],[5.99369,50.39221],[5.99412,50.39204],[5.99465,50.39208],[5.99589,50.39239],[5.9964,50.39222],[5.9969,50.39225],[5.99738,50.39244],[5.99772,50.39268],[5.99847,50.39289],[5.99894,50.39316],[5.99951,50.39295],[6.00032,50.3924],[6.00059,50.39228],[6.0008,50.3923],[6.00241,50.39286],[6.00371,50.39287],[6.00449,50.39296],[6.00516,50.39314],[6.00629,50.39365],[6.00719,50.39383],[6.00767,50.39366],[6.00853,50.39365],[6.01095,50.39293],[6.01183,50.39287],[6.01392,50.39214],[6.0148,50.39207],[6.01597,50.39224],[6.01648,50.39243],[6.0172,50.39238],[6.01746,50.39243],[6.0177,50.39255],[6.01791,50.39288],[6.01856,50.39311],[6.01976,50.39369],[6.02055,50.39456],[6.02149,50.39486],[6.02235,50.39496],[6.02312,50.39479],[6.02354,50.39452],[6.02339,50.39408],[6.02342,50.39391],[6.0239,50.39367],[6.02475,50.39378],[6.02544,50.39399],[6.02607,50.39397],[6.02622,50.39363],[6.02616,50.39337],[6.02584,50.39327],[6.02523,50.39329],[6.02502,50.39316],[6.02516,50.39299],[6.02561,50.39284],[6.02485,50.39264],[6.02397,50.39265],[6.02324,50.39246],[6.02259,50.39205],[6.02232,50.39151],[6.02221,50.39081],[6.0223,50.39013],[6.02269,50.38945],[6.02327,50.38793],[6.02403,50.38673],[6.02406,50.38633],[6.02394,50.3859],[6.02306,50.38535],[6.02105,50.38527],[6.0203,50.38506],[6.01978,50.38479],[6.01881,50.38371],[6.01756,50.38288],[6.01686,50.38229],[6.0154,50.38198],[6.01518,50.38173],[6.01566,50.38019],[6.01576,50.37929],[6.01634,50.37896],[6.0181,50.37844],[6.02021,50.3773],[6.02143,50.37617],[6.02188,50.37609],[6.02271,50.37619],[6.02317,50.376],[6.02409,50.37513],[6.02436,50.37446],[6.02467,50.37417],[6.02605,50.37397],[6.02733,50.37323],[6.02798,50.373],[6.02839,50.37298],[6.029,50.37314],[6.02938,50.37293],[6.0294,50.37262],[6.0295,50.37252],[6.03084,50.37209],[6.03145,50.372],[6.03225,50.37215],[6.03263,50.37206],[6.03298,50.37179],[6.03327,50.37127],[6.03347,50.37113],[6.03506,50.37121],[6.036,50.37109],[6.03662,50.3711],[6.03918,50.37136],[6.04022,50.37165],[6.04173,50.37157],[6.04244,50.37171],[6.04429,50.37259],[6.04524,50.37339],[6.04477,50.37368],[6.04519,50.37424],[6.04592,50.37453],[6.04733,50.37473],[6.04796,50.37506],[6.04892,50.37542],[6.04907,50.37566],[6.04843,50.37645],[6.04839,50.37669],[6.04941,50.37727],[6.05028,50.3773],[6.05063,50.37696],[6.05116,50.37724],[6.05241,50.37725],[6.05313,50.3771],[6.05412,50.37715],[6.05579,50.37752],[6.05686,50.37741]],[[6.04519,50.44176],[6.04519,50.44171],[6.04533,50.44173],[6.04519,50.44176]],[[5.95519,50.42654],[5.95546,50.42677],[5.95617,50.42714],[5.9567,50.42756],[5.95683,50.42786],[5.95709,50.428],[5.95741,50.42809],[5.95819,50.42802],[5.95867,50.4281],[5.95937,50.4284],[5.95947,50.4287],[5.95981,50.42893],[5.96027,50.42893],[5.96141,50.42867],[5.96174,50.42872],[5.96192,50.42896],[5.96172,50.42924],[5.96216,50.42954],[5.96234,50.43],[5.96258,50.43033],[5.96308,50.43065],[5.9637,50.43117],[5.96505,50.43197],[5.96526,50.43227],[5.96576,50.43258],[5.9656,50.43268],[5.96518,50.4323],[5.96438,50.43191],[5.96412,50.43185],[5.96341,50.43198],[5.96354,50.43228],[5.96355,50.43255],[5.96334,50.43263],[5.96259,50.43259],[5.96148,50.43228],[5.96079,50.43192],[5.96018,50.43178],[5.95898,50.43093],[5.95775,50.43027],[5.95668,50.4299],[5.95519,50.42916]],[[5.96644,50.43262],[5.96638,50.43257],[5.96649,50.43257],[5.96644,50.43262]],[[6.05269,50.42257],[6.0526,50.42229],[6.05184,50.42179],[6.05118,50.42109],[6.05069,50.42081],[6.04998,50.42062],[6.05034,50.4204],[6.05062,50.42001],[6.05103,50.41978],[6.05269,50.42063],[6.05298,50.42095],[6.05319,50.42133],[6.05335,50.42206],[6.0533,50.42231],[6.05312,50.42259],[6.05269,50.42257]],[[6.04769,50.42023],[6.04749,50.42005],[6.04768,50.41999],[6.04791,50.42005],[6.04769,50.42023]],[[5.99019,50.41593],[5.99037,50.41561],[5.99014,50.41538],[5.98853,50.41437],[5.9875,50.41389],[5.98736,50.41366],[5.98744,50.41318],[5.98738,50.41291],[5.98689,50.41258],[5.98603,50.41257],[5.98561,50.41285],[5.98423,50.41282],[5.98381,50.41274],[5.98347,50.4126],[5.98337,50.41245],[5.98331,50.41206],[5.98342,50.41147],[5.98317,50.41116],[5.98231,50.4109],[5.98148,50.41075],[5.98098,50.41048],[5.9798,50.41034],[5.9786,50.4099],[5.97809,50.40979],[5.97623,50.40897],[5.97605,50.40869],[5.97588,50.40814],[5.97592,50.40783],[5.97612,50.40771],[5.977,50.40757],[5.97772,50.40674],[5.97761,50.40649],[5.97711,50.40617],[5.97689,50.40555],[5.976,50.4055],[5.97478,50.40507],[5.9735,50.40476],[5.97143,50.40453],[5.96927,50.40388],[5.96728,50.40316],[5.96646,50.40256],[5.9655,50.40237],[5.96484,50.40166],[5.96441,50.4015],[5.96392,50.40144],[5.96267,50.40158],[5.96216,50.40151],[5.9621,50.40133],[5.96232,50.40093],[5.96236,50.40071],[5.96212,50.40029],[5.96185,50.40007],[5.96157,50.39998],[5.96059,50.40007],[5.96033,50.39984],[5.96031,50.3997],[5.96045,50.39926],[5.96076,50.39877],[5.96059,50.39842],[5.95937,50.39766],[5.95859,50.39673],[5.95822,50.39642],[5.95677,50.39562],[5.9573,50.39549],[5.95881,50.39541],[5.96021,50.39518],[5.96386,50.3941],[5.96486,50.39403],[5.96517,50.39388],[5.96558,50.39348],[5.96574,50.39344],[5.96641,50.39355],[5.96939,50.39447],[5.97272,50.39517],[5.97354,50.39504],[5.97438,50.39518],[5.97483,50.39513],[5.97506,50.39475],[5.97595,50.39439],[5.97685,50.39421],[5.97736,50.39402],[5.97752,50.39383],[5.97771,50.39334],[5.97797,50.3931],[5.97824,50.39303],[5.97936,50.39312],[5.97962,50.39345],[5.9798,50.39386],[5.98023,50.39409],[5.98147,50.39436],[5.98261,50.3944],[5.98283,50.39431],[5.98313,50.39397],[5.98353,50.39369],[5.98392,50.39307],[5.98476,50.39296],[5.98487,50.3926],[5.98522,50.39242],[5.98563,50.39241],[5.98603,50.39256],[5.98605,50.39287],[5.98546,50.39338],[5.98562,50.39372],[5.98504,50.39371],[5.98478,50.3935],[5.98465,50.3939],[5.98466,50.39429],[5.98442,50.39574],[5.98463,50.39642],[5.98524,50.39699],[5.98518,50.39756],[5.98526,50.39777],[5.98569,50.39801],[5.98646,50.39811],[5.98686,50.3984],[5.98768,50.39924],[5.98813,50.3995],[5.98899,50.39976],[5.98893,50.40064],[5.99022,50.4017],[5.99027,50.40199],[5.99051,50.40241],[5.99052,50.40286],[5.99116,50.40312],[5.99187,50.40395],[5.99311,50.40479],[5.99435,50.4059],[5.99519,50.40621],[5.99563,50.40671],[5.99558,50.40703],[5.99483,50.40816],[5.99381,50.40879],[5.99286,50.40924],[5.99256,50.40952],[5.99228,50.41007],[5.99153,50.41038],[5.99153,50.41064],[5.99126,50.41113],[5.99117,50.41144],[5.99134,50.41248],[5.99162,50.413],[5.99168,50.41366],[5.9925,50.41477],[5.99254,50.41508],[5.99235,50.4154],[5.99218,50.41545],[5.99144,50.41535],[5.9906,50.41507],[5.9909,50.4159],[5.99063,50.41602],[5.99019,50.41593]],[[6.01186,50.41511],[6.01179,50.41503],[6.01189,50.41489],[6.01203,50.41505],[6.01186,50.41511]],[[5.98186,50.39305],[5.9816,50.39282],[5.98186,50.39221],[5.98221,50.39196],[5.98269,50.39201],[5.98269,50.39253],[5.98255,50.39279],[5.98231,50.39296],[5.98186,50.39305]],[[5.95519,50.38823],[5.95563,50.38786],[5.956,50.38769],[5.95732,50.3873],[5.95811,50.38731],[5.95855,50.38702],[5.96136,50.38666],[5.96348,50.38651],[5.96399,50.38631],[5.96476,50.38617],[5.966,50.38607],[5.96768,50.38575],[5.96785,50.38562],[5.96796,50.38529],[5.96897,50.38428],[5.96959,50.38398],[5.96994,50.38361],[5.9725,50.38231],[5.97362,50.38206],[5.97378,50.38179],[5.97371,50.38144],[5.97378,50.38121],[5.97396,50.38102],[5.97432,50.38081],[5.97457,50.38089],[5.97468,50.38109],[5.97454,50.38186],[5.97487,50.38314],[5.97479,50.38344],[5.97435,50.38395],[5.97421,50.38482],[5.97459,50.3849],[5.97522,50.38486],[5.97579,50.38499],[5.97774,50.38505],[5.97871,50.38519],[5.98182,50.38514],[5.98272,50.38498],[5.98388,50.38447],[5.98478,50.38455],[5.98647,50.38425],[5.98788,50.38367],[5.98796,50.38328],[5.98758,50.38286],[5.98759,50.38254],[5.98805,50.38214],[5.98866,50.3819],[5.99102,50.38179],[5.99178,50.38149],[5.99264,50.38143],[5.99366,50.38159],[5.99496,50.38149],[5.99771,50.38154],[5.99796,50.38123],[5.99791,50.3809],[5.9975,50.38059],[5.99705,50.37996],[5.99648,50.37951],[5.99596,50.37933],[5.99557,50.37905],[5.99504,50.37814],[5.9949,50.37776],[5.9949,50.37758],[5.99519,50.37726],[5.99548,50.37647],[5.99561,50.37563],[5.99602,50.37492],[5.99644,50.37507],[5.99672,50.3762],[5.99768,50.37729],[5.99852,50.37785],[5.99875,50.37837],[5.99891,50.37849],[5.99936,50.37868],[6.00006,50.37879],[6.0009,50.37855],[6.00183,50.37848],[6.00275,50.37867],[6.0031,50.379],[6.00407,50.379],[6.00479,50.3792],[6.00519,50.37924],[6.00582,50.37898],[6.00715,50.37825],[6.0132,50.37456],[6.01342,50.37429],[6.01351,50.37395],[6.01408,50.37331],[6.01436,50.37284],[6.01503,50.37237],[6.01518,50.37228],[6.01679,50.37199],[6.01733,50.37173],[6.01757,50.37154],[6.01758,50.37141],[6.01683,50.3709],[6.01728,50.37106],[6.01768,50.37081],[6.01786,50.3706],[6.01803,50.37004],[6.01856,50.36998],[6.01935,50.37035],[6.01978,50.37038],[6.02029,50.37009],[6.02054,50.36976],[6.02111,50.36956],[6.02113,50.36946],[6.02102,50.36924],[6.0205,50.36896]],[[5.97811,50.3862],[5.97804,50.38617],[5.9781,50.38611],[5.97811,50.3862]],[[5.98269,50.38535],[5.98274,50.38534],[5.98269,50.38535]],[[5.97394,50.38011],[5.97389,50.37963],[5.97395,50.37941],[5.97436,50.37979],[5.97442,50.38005],[5.97433,50.38013],[5.97394,50.38011]],[[6.05103,50.37696],[6.05083,50.37672],[6.05101,50.37664],[6.05122,50.3767],[6.05123,50.37678],[6.05103,50.37696]],[[6.05686,50.37321],[6.05511,50.37288],[6.05437,50.37256],[6.05269,50.37201],[6.05102,50.37174],[6.05061,50.37144],[6.04956,50.37091],[6.04943,50.37061],[6.04912,50.37045],[6.0481,50.37035],[6.04641,50.3698],[6.04602,50.36952],[6.0459,50.36926],[6.04558,50.36896]]]}},{"type":"Feature","properties":{"ele":380},"geometry":{"type":"MultiLineString","coordinates":[[[6.05686,50.44741],[6.056,50.44712],[6.05527,50.44713],[6.05461,50.44722],[6.05385,50.44757],[6.05334,50.44767],[6.05261,50.44759],[6.05182,50.44734],[6.05074,50.44671],[6.05042,50.44633],[6.05044,50.44585],[6.0509,50.44488],[6.05092,50.44456],[6.05077,50.4443],[6.05043,50.44413],[6.04918,50.44402],[6.04751,50.44406],[6.04685,50.44415],[6.04645,50.4448],[6.04633,50.4454],[6.04601,50.44615],[6.04535,50.44649],[6.04541,50.44699],[6.04531,50.44727],[6.04496,50.44743],[6.04459,50.44744],[6.04397,50.44727],[6.04357,50.44696],[6.0436,50.44675],[6.04397,50.4462],[6.04409,50.44581],[6.04392,50.44533],[6.04401,50.44453],[6.04396,50.4442],[6.04352,50.44397],[6.04116,50.44326],[6.04047,50.4429],[6.03944,50.44264],[6.03904,50.44272],[6.03826,50.44319],[6.03763,50.44313],[6.03681,50.4426],[6.03593,50.44237],[6.03396,50.4416],[6.03293,50.44135],[6.03223,50.44143],[6.03074,50.44212],[6.02934,50.44203],[6.02956,50.44176],[6.03054,50.44113],[6.03074,50.44084],[6.03083,50.44033],[6.03059,50.44008],[6.0301,50.43982],[6.02989,50.4395],[6.02909,50.43867],[6.0278,50.43781],[6.02727,50.43702],[6.02691,50.43668],[6.02618,50.43644],[6.02641,50.43585],[6.02624,50.43526],[6.02599,50.4348],[6.02629,50.43401],[6.02607,50.43361],[6.02584,50.4336],[6.0248,50.43386],[6.02272,50.43402],[6.02187,50.43425],[6.02148,50.43385],[6.02122,50.43369],[6.02227,50.43336],[6.02398,50.43304],[6.02505,50.43253],[6.02526,50.43236],[6.02517,50.43204],[6.02482,50.43172],[6.02375,50.43125],[6.0236,50.43109],[6.02364,50.4309],[6.02398,50.43067],[6.02418,50.4304],[6.02442,50.42978],[6.02439,50.4295],[6.02313,50.42949],[6.02279,50.42958],[6.02139,50.43052],[6.0204,50.43042],[6.02034,50.43029],[6.02063,50.43006],[6.02078,50.42949],[6.02093,50.42926],[6.02153,50.42902],[6.02202,50.42865],[6.02209,50.42838],[6.02189,50.42812],[6.01858,50.42727],[6.01691,50.427],[6.01644,50.42646],[6.01559,50.42613],[6.01501,50.42606],[6.01402,50.42608],[6.01319,50.42633],[6.013,50.42632],[6.01281,50.42615],[6.01284,50.42568],[6.01251,50.42509],[6.0122,50.42485],[6.01114,50.42447],[6.0107,50.4239],[6.01062,50.42339],[6.01025,50.42279],[6.009,50.42227],[6.00773,50.4219],[6.00725,50.42169],[6.00652,50.42152],[6.00558,50.42164],[6.00433,50.42132],[6.0035,50.42146],[6.00303,50.42123],[6.00256,50.4206],[6.00129,50.42042],[6.00016,50.4198],[5.99787,50.41884],[5.99762,50.41882],[5.99727,50.41897],[5.99642,50.4185],[5.99559,50.41822],[5.99537,50.41833],[5.99534,50.41846],[5.99593,50.41896],[5.99726,50.4198],[5.99812,50.42005],[5.99819,50.42013],[5.99833,50.42047],[5.99823,50.42099],[5.99836,50.42168],[5.9985,50.422],[5.9997,50.42318],[6.00032,50.42363],[6.00066,50.4242],[6.0006,50.42449],[6.00042,50.42477],[6.00046,50.42512],[6.00026,50.42539],[5.99975,50.42544],[5.99924,50.42508],[5.99886,50.42495],[5.99787,50.42495],[5.99694,50.4247],[5.996,50.42469],[5.99521,50.42433],[5.99476,50.42428],[5.99395,50.42388],[5.99306,50.42373],[5.99271,50.42334],[5.99217,50.42323],[5.99183,50.42301],[5.99141,50.42286],[5.99096,50.42201],[5.99096,50.42176],[5.99066,50.42158],[5.99053,50.4217],[5.99053,50.42245],[5.99041,50.42262],[5.99001,50.42275],[5.98887,50.42276],[5.9886,50.42288],[5.98881,50.42346],[5.98947,50.42392],[5.98947,50.42402],[5.98934,50.4241],[5.98894,50.42379],[5.98845,50.42369],[5.98769,50.4232],[5.9873,50.42278],[5.98688,50.42255],[5.9855,50.42203],[5.98487,50.42165],[5.98392,50.42147],[5.98347,50.42119],[5.98332,50.42071],[5.9831,50.42053],[5.98246,50.42046],[5.98188,50.42054],[5.98116,50.42038],[5.97741,50.42028],[5.97428,50.41989],[5.97355,50.42008],[5.97303,50.42057],[5.97274,50.42075],[5.97194,50.42084],[5.97173,50.42075],[5.97127,50.42034],[5.97054,50.42009],[5.9703,50.41976],[5.96995,50.41953],[5.96891,50.41924],[5.96845,50.41884],[5.96734,50.41826],[5.96652,50.41823],[5.96595,50.41835],[5.96527,50.41838],[5.96478,50.41829],[5.96332,50.41759],[5.96306,50.4173],[5.96294,50.41702],[5.96216,50.41649],[5.96089,50.41598],[5.95894,50.41496],[5.95821,50.41476],[5.95746,50.41467],[5.95519,50.41475]],[[6.05686,50.44581],[6.05616,50.44553],[6.05548,50.44548],[6.05445,50.44564],[6.05357,50.446],[6.05326,50.44595],[6.05312,50.44589],[6.05305,50.44567],[6.05316,50.44515],[6.05311,50.44479],[6.05251,50.44411],[6.05201,50.44337],[6.05072,50.44308],[6.04858,50.44285],[6.0481,50.44257],[6.0481,50.44227],[6.04873,50.44202],[6.04888,50.44175],[6.0484,50.44121],[6.04822,50.4403],[6.04761,50.43952],[6.04743,50.43915],[6.04736,50.43887],[6.04742,50.43824],[6.04736,50.43811],[6.04685,50.43812],[6.04606,50.43871],[6.0448,50.43879],[6.04431,50.43871],[6.04385,50.43843],[6.04287,50.43822],[6.04084,50.43856],[6.03912,50.43831],[6.03761,50.43824],[6.03649,50.43809],[6.03599,50.43796],[6.0353,50.43753],[6.03402,50.43696],[6.03332,50.43647],[6.03269,50.43618],[6.03134,50.43535],[6.03099,50.43508],[6.03066,50.43457],[6.03051,50.43377],[6.03074,50.43297],[6.03104,50.43257],[6.03089,50.4323],[6.03101,50.432],[6.0314,50.43171],[6.03168,50.43168],[6.03311,50.43203],[6.03386,50.43205],[6.03413,50.43197],[6.03394,50.43174],[6.03305,50.43122],[6.03252,50.43037],[6.03193,50.42977],[6.03112,50.42862],[6.03063,50.42834],[6.0297,50.42811],[6.02931,50.42785],[6.0299,50.42732],[6.03044,50.42701],[6.03144,50.4267],[6.03235,50.42658],[6.03355,50.42628],[6.03465,50.42626],[6.03552,50.42634],[6.03607,50.42605],[6.037,50.4259],[6.0377,50.42563],[6.03828,50.42512],[6.04014,50.42395],[6.04105,50.4238],[6.04149,50.42387],[6.04246,50.42568],[6.04249,50.42591],[6.04225,50.42616],[6.04225,50.42626],[6.04237,50.42675],[6.04269,50.42706],[6.04314,50.42626],[6.04336,50.42557],[6.04345,50.42505],[6.04341,50.42401],[6.04399,50.42257],[6.04383,50.4221],[6.04389,50.42173],[6.04441,50.42122],[6.04489,50.42093],[6.04512,50.42059],[6.0456,50.42034],[6.04589,50.42028],[6.04616,50.42029],[6.04751,50.42073],[6.04856,50.42081],[6.04937,50.42123],[6.0501,50.42127],[6.05067,50.42111],[6.05111,50.42135],[6.05377,50.42397],[6.05519,50.42451],[6.05595,50.42459],[6.05644,50.42479],[6.05686,50.4248]],[[5.96894,50.43938],[5.96887,50.43867],[5.96979,50.4384],[5.96979,50.43869],[5.96947,50.43894],[5.9694,50.4393],[5.96894,50.43938]],[[5.96936,50.43736],[5.96893,50.43673],[5.96936,50.43645],[5.9696,50.43672],[5.96968,50.4372],[5.96963,50.43729],[5.96936,50.43736]],[[5.95519,50.42568],[5.95562,50.4259],[5.956,50.42648],[5.95624,50.4267],[5.95725,50.42703],[5.95774,50.42753],[5.95815,50.42783],[5.95949,50.42817],[5.96069,50.4281],[5.96183,50.42841],[5.96222,50.42859],[5.96319,50.42948],[5.96342,50.42982],[5.96395,50.43017],[5.96444,50.4303],[5.96517,50.43037],[5.96616,50.43014],[5.96657,50.43022],[5.96728,50.4309],[5.96792,50.43181],[5.96862,50.43229],[5.9689,50.43262],[5.96935,50.43288],[5.96959,50.43393],[5.96913,50.43432],[5.96902,50.43456],[5.96947,50.43509],[5.96931,50.43516],[5.96873,50.43479],[5.9684,50.43445],[5.96781,50.4341],[5.96762,50.43409],[5.96741,50.4342],[5.96739,50.43429],[5.96752,50.43448],[5.96741,50.43459],[5.96722,50.4346],[5.9669,50.43441],[5.96633,50.43395],[5.96696,50.43393],[5.96729,50.43413],[5.96745,50.43397],[5.96742,50.43371],[5.96692,50.43332],[5.96621,50.43307],[5.96515,50.43303],[5.96489,50.43359],[5.96472,50.43371],[5.96345,50.43371],[5.96227,50.4334],[5.96029,50.43251],[5.95991,50.432],[5.95896,50.4311],[5.95761,50.43044],[5.95728,50.43034],[5.95642,50.43035],[5.95519,50.42976]],[[5.96478,50.43294],[5.96452,50.43272],[5.96455,50.43254],[5.9648,50.4325],[5.96494,50.43258],[5.96496,50.43281],[5.96478,50.43294]],[[6.05686,50.42352],[6.05639,50.42316],[6.05592,50.4225],[6.05564,50.42228],[6.05516,50.42205],[6.05492,50.42182],[6.05482,50.42145],[6.05446,50.42116],[6.05441,50.42086],[6.05388,50.42037],[6.0538,50.41982],[6.05345,50.41954],[6.05391,50.41919],[6.05402,50.41896],[6.05425,50.41791],[6.05465,50.41758],[6.05462,50.41745],[6.05438,50.41723],[6.05424,50.4173],[6.05373,50.41791],[6.05279,50.41843],[6.05229,50.41879],[6.05152,50.41897],[6.05104,50.41924],[6.05061,50.41923],[6.0505,50.4188],[6.05021,50.41839],[6.04811,50.41673],[6.04751,50.41616],[6.04683,50.41579],[6.04673,50.41593],[6.04684,50.41619],[6.04784,50.41705],[6.04876,50.418],[6.04886,50.41845],[6.04906,50.41871],[6.049,50.41898],[6.04834,50.41917],[6.04741,50.41914],[6.04686,50.41895],[6.04647,50.41866],[6.04523,50.41839],[6.04402,50.41778],[6.04308,50.41781],[6.04226,50.41767],[6.04206,50.41778],[6.04206,50.41789],[6.04343,50.41826],[6.04361,50.41835],[6.04362,50.41845],[6.04334,50.41866],[6.04183,50.41923],[6.04068,50.41987],[6.04049,50.42004],[6.04021,50.42067],[6.04004,50.42086],[6.03977,50.42103],[6.03938,50.42105],[6.03694,50.4204],[6.03574,50.42039],[6.03465,50.42054],[6.03313,50.4205],[6.03193,50.42034],[6.03105,50.42012],[6.02813,50.41972],[6.02648,50.4192],[6.02419,50.4182],[6.0231,50.41789],[6.02061,50.41698],[6.01961,50.41675],[6.01809,50.41618],[6.01744,50.41567],[6.01744,50.41532],[6.01704,50.41517],[6.01561,50.41506],[6.01495,50.41533],[6.01435,50.41535],[6.0125,50.41483],[6.01245,50.4146],[6.01272,50.41422],[6.01242,50.41396],[6.01168,50.41388],[6.0106,50.41396],[6.01028,50.41385],[6.01017,50.41376],[6.00972,50.41264],[6.00911,50.41192],[6.00906,50.41161],[6.00916,50.41095],[6.00902,50.41074],[6.00876,50.41073],[6.00767,50.41125],[6.00669,50.41121],[6.00557,50.41092],[6.00469,50.4105],[6.00278,50.40989],[6.00186,50.40951],[6.00027,50.40867],[5.99936,50.40812],[5.99897,50.40779],[5.9989,50.40754],[5.99913,50.40729],[6.00025,50.40708],[6.00061,50.40674],[6.00067,50.40593],[6.00053,50.40556],[6.00035,50.40531],[5.99982,50.40504],[5.9997,50.40478],[5.9999,50.40445],[6.00008,50.40365],[6.00042,50.40312],[6.0008,50.40279],[6.00108,50.40238],[6.00118,50.40199],[6.00116,50.40161],[6.00107,50.40142],[6.00075,50.40116],[5.99933,50.40078],[5.99687,50.39978],[5.99601,50.39971],[5.99542,50.39927],[5.99532,50.39901],[5.99537,50.39842],[5.99568,50.3973],[5.99535,50.39702],[5.99529,50.39682],[5.99538,50.39668],[5.99581,50.39645],[5.99589,50.39616],[5.99523,50.39436],[5.99559,50.39367],[5.99643,50.3934],[5.99813,50.39349],[5.99897,50.39362],[6.0009,50.39324],[6.0022,50.39336],[6.00444,50.39331],[6.00517,50.39349],[6.00608,50.39402],[6.00683,50.39424],[6.00731,50.39428],[6.00793,50.39414],[6.00871,50.39412],[6.01229,50.39344],[6.01314,50.39315],[6.01356,50.39286],[6.01387,50.39253],[6.01522,50.39242],[6.01583,50.39255],[6.01722,50.39315],[6.01802,50.39369],[6.01904,50.39464],[6.02017,50.39528],[6.02052,50.39538],[6.02131,50.39541],[6.02216,50.39569],[6.02259,50.39558],[6.02313,50.39509],[6.02367,50.3948],[6.02382,50.39453],[6.02392,50.39394],[6.02422,50.39428],[6.02543,50.39465],[6.02604,50.39459],[6.02688,50.39428],[6.0273,50.39424],[6.02739,50.39395],[6.02709,50.39368],[6.02696,50.39343],[6.0272,50.39326],[6.02791,50.39316],[6.02792,50.39303],[6.02772,50.39285],[6.02555,50.39225],[6.02392,50.39202],[6.02344,50.39178],[6.02317,50.39137],[6.02307,50.39087],[6.02347,50.39033],[6.02351,50.39006],[6.0239,50.38923],[6.02418,50.38818],[6.02531,50.38698],[6.02542,50.38672],[6.02534,50.38623],[6.02563,50.3859],[6.02507,50.38565],[6.02497,50.3854],[6.02495,50.38502],[6.02482,50.38478],[6.02438,50.38465],[6.02355,50.38466],[6.02195,50.3844],[6.02159,50.38414],[6.02047,50.38367],[6.01859,50.383],[6.01806,50.38291],[6.01711,50.38223],[6.01586,50.38182],[6.01566,50.38154],[6.01564,50.38116],[6.01607,50.37978],[6.0164,50.37924],[6.01675,50.37896],[6.01805,50.37859],[6.02016,50.37755],[6.02153,50.3766],[6.02204,50.37648],[6.02282,50.37652],[6.02346,50.37641],[6.02367,50.37622],[6.02385,50.37583],[6.02442,50.37536],[6.02463,50.37495],[6.02518,50.37451],[6.02669,50.37397],[6.02766,50.37336],[6.02871,50.37362],[6.02923,50.37358],[6.02976,50.37342],[6.02983,50.37321],[6.02981,50.37286],[6.02993,50.37263],[6.03097,50.37227],[6.03172,50.37223],[6.03267,50.37251],[6.03387,50.37221],[6.03435,50.37201],[6.03605,50.37177],[6.03907,50.3718],[6.04011,50.3719],[6.04101,50.3717],[6.04192,50.37172],[6.04249,50.37203],[6.04316,50.37223],[6.04387,50.37256],[6.04435,50.37294],[6.04463,50.37335],[6.04457,50.37373],[6.04468,50.37423],[6.04511,50.37458],[6.04563,50.37479],[6.04693,50.37501],[6.04734,50.37533],[6.04825,50.37561],[6.04827,50.37585],[6.04813,50.37617],[6.04771,50.3765],[6.04657,50.37638],[6.046,50.37644],[6.0456,50.377],[6.04559,50.37731],[6.04574,50.37739],[6.04645,50.37756],[6.04729,50.37789],[6.04812,50.37785],[6.04845,50.37766],[6.04871,50.37765],[6.04916,50.37781],[6.04922,50.3779],[6.04917,50.37814],[6.04949,50.37825],[6.0523,50.37804],[6.05319,50.3781],[6.05392,50.37804],[6.05584,50.37823],[6.05686,50.37791]],[[5.99144,50.4221],[5.99119,50.42201],[5.99146,50.42195],[5.99144,50.4221]],[[5.98561,50.4215],[5.98561,50.42139],[5.98561,50.4215]],[[5.99728,50.41888],[5.99719,50.41869],[5.99728,50.41863],[5.99736,50.4187],[5.99728,50.41888]],[[5.99519,50.41834],[5.99508,50.41809],[5.99519,50.41803],[5.99539,50.41809],[5.99539,50.41819],[5.99519,50.41834]],[[5.99394,50.41744],[5.99381,50.41727],[5.99406,50.41728],[5.99394,50.41744]],[[5.99186,50.41508],[5.99046,50.41485],[5.9894,50.41449],[5.98847,50.41398],[5.98812,50.41366],[5.988,50.41307],[5.98765,50.41257],[5.98621,50.41234],[5.98552,50.41265],[5.98399,50.41255],[5.98363,50.41206],[5.98372,50.41144],[5.98359,50.41115],[5.98272,50.41083],[5.98182,50.41062],[5.98153,50.41036],[5.98164,50.4101],[5.98156,50.41002],[5.98116,50.40999],[5.98023,50.41012],[5.97964,50.40999],[5.97887,50.40959],[5.97824,50.40891],[5.97709,50.40844],[5.97709,50.40833],[5.97731,50.40817],[5.97816,50.40784],[5.97897,50.40647],[5.97852,50.40591],[5.97809,50.40564],[5.97769,50.40506],[5.97736,50.40476],[5.97658,50.40461],[5.97501,50.4041],[5.97431,50.40398],[5.97354,50.40367],[5.97305,50.40388],[5.97283,50.40427],[5.97188,50.40423],[5.97116,50.40391],[5.97079,50.40359],[5.97058,50.40322],[5.9704,50.40312],[5.96934,50.40285],[5.96812,50.40229],[5.96741,50.40216],[5.96678,50.40221],[5.96633,50.40212],[5.96608,50.402],[5.96529,50.40138],[5.9648,50.40118],[5.96389,50.40122],[5.96311,50.40098],[5.96242,50.40024],[5.96166,50.39963],[5.96154,50.39923],[5.96131,50.39899],[5.96115,50.39864],[5.96059,50.39813],[5.95974,50.39764],[5.95941,50.39733],[5.95927,50.39692],[5.95846,50.39586],[5.95892,50.39565],[5.96029,50.39541],[5.96386,50.39433],[5.96493,50.39424],[5.9657,50.39383],[5.9661,50.39373],[5.96933,50.39466],[5.97102,50.39499],[5.97264,50.39542],[5.97392,50.39547],[5.97482,50.39568],[5.97518,50.39553],[5.97594,50.39476],[5.97683,50.39456],[5.97768,50.3945],[5.97847,50.39339],[5.97896,50.39337],[5.97927,50.39348],[5.97943,50.39371],[5.97912,50.39425],[5.97936,50.39515],[5.97978,50.39503],[5.98051,50.39509],[5.98231,50.39557],[5.9831,50.39604],[5.98355,50.39645],[5.98398,50.39671],[5.98388,50.39701],[5.98394,50.39729],[5.98435,50.39801],[5.98471,50.39831],[5.98548,50.39852],[5.98641,50.3985],[5.98684,50.3987],[5.9875,50.39927],[5.98842,50.39988],[5.98852,50.40007],[5.98858,50.40061],[5.98867,50.40078],[5.98978,50.40173],[5.98984,50.40203],[5.99011,50.40252],[5.99004,50.40282],[5.99008,50.40293],[5.99071,50.40324],[5.99178,50.40415],[5.99273,50.40478],[5.99344,50.40542],[5.9939,50.40606],[5.99484,50.40643],[5.99522,50.4067],[5.99527,50.40706],[5.99477,50.40784],[5.99357,50.4087],[5.99262,50.40922],[5.99198,50.40985],[5.99134,50.41006],[5.9912,50.41026],[5.99117,50.41084],[5.99078,50.41137],[5.99083,50.41196],[5.99129,50.41342],[5.9921,50.41474],[5.99207,50.41488],[5.99186,50.41508]],[[5.97811,50.39593],[5.97817,50.39586],[5.97866,50.3959],[5.97811,50.39593]],[[5.99478,50.39482],[5.99448,50.39453],[5.99456,50.3944],[5.99475,50.39432],[5.99493,50.39437],[5.99506,50.39453],[5.99495,50.39473],[5.99478,50.39482]],[[5.98561,50.39286],[5.98561,50.39279],[5.98561,50.39286]],[[5.99686,50.39311],[5.99669,50.39286],[5.99683,50.39266],[5.99714,50.39265],[5.99738,50.39279],[5.99738,50.39293],[5.99726,50.39307],[5.99686,50.39311]],[[5.95519,50.38754],[5.95562,50.3873],[5.95688,50.38682],[5.95774,50.38675],[5.95893,50.38645],[5.95996,50.38654],[5.96074,50.38637],[5.96194,50.38643],[5.96313,50.38632],[5.96343,50.3862],[5.96383,50.3859],[5.96477,50.38548],[5.96559,50.38529],[5.96646,50.38497],[5.96737,50.38437],[5.96767,50.38428],[5.96818,50.38429],[5.96857,50.384],[5.96865,50.38366],[5.96894,50.38336],[5.97053,50.38241],[5.97096,50.38224],[5.9722,50.38196],[5.97303,50.38195],[5.97339,50.38177],[5.97345,50.38113],[5.974,50.38062],[5.97341,50.38006],[5.97324,50.37929],[5.97352,50.37889],[5.97385,50.37874],[5.974,50.37878],[5.97524,50.38003],[5.97546,50.38036],[5.97539,50.38059],[5.9751,50.38093],[5.97485,50.38182],[5.97488,50.38248],[5.97508,50.38321],[5.97501,50.38352],[5.97463,50.38415],[5.97463,50.38439],[5.97474,50.38458],[5.976,50.3847],[5.97688,50.38457],[5.97897,50.38463],[5.98032,50.38446],[5.98187,50.38452],[5.98354,50.38397],[5.98394,50.38368],[5.98465,50.38353],[5.9851,50.38357],[5.98526,50.38367],[5.98435,50.38424],[5.98532,50.38434],[5.98657,50.38405],[5.98744,50.38371],[5.98765,50.38352],[5.98772,50.3834],[5.98767,50.38327],[5.98731,50.38276],[5.9874,50.38224],[5.98759,50.38197],[5.98841,50.38168],[5.98933,50.38144],[5.99027,50.38159],[5.99069,50.38159],[5.9923,50.38105],[5.99334,50.38099],[5.99397,50.38107],[5.99475,50.38095],[5.9956,50.38096],[5.9958,50.38089],[5.99588,50.38057],[5.99581,50.38005],[5.99567,50.37975],[5.99482,50.37864],[5.99435,50.37841],[5.9941,50.37814],[5.99393,50.37786],[5.99387,50.37748],[5.99392,50.37728],[5.99451,50.37677],[5.99452,50.37637],[5.99469,50.37582],[5.9949,50.37544],[5.99548,50.37504],[5.99601,50.37441],[5.99643,50.37416],[5.99659,50.37432],[5.99686,50.37533],[5.99722,50.37623],[5.99796,50.37701],[5.99889,50.3776],[6.00022,50.37816],[6.00308,50.37837],[6.00361,50.37856],[6.00522,50.37872],[6.00538,50.37838],[6.00597,50.37804],[6.00631,50.37798],[6.00682,50.37802],[6.00704,50.37793],[6.00709,50.3778],[6.00681,50.37756],[6.00726,50.37726],[6.00779,50.37675],[6.00854,50.37643],[6.00866,50.37648],[6.00883,50.37673],[6.00897,50.37676],[6.01078,50.37567],[6.01105,50.37538],[6.01164,50.37501],[6.01229,50.3748],[6.01278,50.37432],[6.01293,50.37393],[6.0134,50.37349],[6.0135,50.37312],[6.01375,50.37286],[6.01388,50.37255],[6.01447,50.37206],[6.01451,50.37151],[6.01477,50.37118],[6.01518,50.37089],[6.01589,50.37088],[6.01611,50.3708],[6.01637,50.37047],[6.01634,50.37],[6.01814,50.36896]],[[6.00728,50.37767],[6.00709,50.37757],[6.00725,50.37744],[6.00739,50.37755],[6.00728,50.37767]],[[6.00769,50.37739],[6.0075,50.37729],[6.00771,50.37725],[6.00769,50.37739]],[[6.00811,50.37713],[6.00794,50.377],[6.0082,50.37687],[6.00852,50.37685],[6.00867,50.37699],[6.00855,50.37707],[6.00811,50.37713]],[[6.05686,50.37291],[6.05604,50.37227],[6.05537,50.37221],[6.05438,50.37188],[6.05315,50.3717],[6.0528,50.37144],[6.05227,50.37126],[6.05181,50.37092],[6.05104,50.3706],[6.05011,50.37007],[6.04944,50.36987],[6.04768,50.36956],[6.04714,50.36927],[6.04691,50.36896]],[[6.01936,50.36995],[6.01926,50.36982],[6.0193,50.36972],[6.01967,50.36952],[6.01984,50.36951],[6.01979,50.36982],[6.01936,50.36995]],[[6.04666,50.36896],[6.04602,50.36896]]]}},{"type":"Feature","properties":{"ele":390},"geometry":{"type":"MultiLineString","coordinates":[[[6.04103,50.4489],[6.04089,50.44866],[6.04095,50.44839],[6.04148,50.44836],[6.04142,50.44859],[6.04103,50.4489]],[[6.05686,50.44752],[6.05584,50.4472],[6.05477,50.44729],[6.05397,50.44766],[6.05345,50.44777],[6.05267,50.44771],[6.0519,50.44749],[6.05056,50.44676],[6.05024,50.44638],[6.05019,50.44618],[6.05024,50.44595],[6.05071,50.44488],[6.05074,50.4446],[6.05067,50.44442],[6.05032,50.44429],[6.04902,50.44419],[6.04756,50.44428],[6.04708,50.44445],[6.04676,50.44503],[6.04676,50.44543],[6.04652,50.4462],[6.04638,50.44639],[6.04591,50.44672],[6.04578,50.44738],[6.04561,50.44757],[6.04537,50.44766],[6.0447,50.44773],[6.04342,50.44732],[6.04325,50.4471],[6.04323,50.44676],[6.04361,50.44647],[6.04385,50.44588],[6.04353,50.4445],[6.04254,50.44426],[6.04208,50.44394],[6.04037,50.44327],[6.03918,50.443],[6.0389,50.44305],[6.0381,50.44343],[6.03735,50.44339],[6.03531,50.4425],[6.03473,50.44215],[6.03381,50.44179],[6.03287,50.44156],[6.03213,50.4417],[6.0316,50.44202],[6.03104,50.44248],[6.03063,50.44266],[6.03016,50.44236],[6.02894,50.44229],[6.02887,50.442],[6.02906,50.44179],[6.02979,50.44148],[6.03028,50.44118],[6.03061,50.44064],[6.03067,50.44032],[6.02988,50.4398],[6.02891,50.43873],[6.02761,50.4379],[6.02727,50.43729],[6.02683,50.43682],[6.02636,50.43666],[6.02596,50.43669],[6.02562,50.43682],[6.02546,50.43675],[6.02543,50.43651],[6.02559,50.43618],[6.02605,50.43602],[6.02618,50.43587],[6.02579,50.43481],[6.02604,50.43393],[6.0256,50.43389],[6.02485,50.43403],[6.02274,50.43417],[6.02185,50.43459],[6.02136,50.4341],[6.02007,50.43368],[6.0207,50.43345],[6.02173,50.43329],[6.02225,50.4331],[6.02394,50.43287],[6.0249,50.43232],[6.02492,50.43217],[6.02481,50.43197],[6.02433,50.43175],[6.02337,50.43148],[6.02306,50.431],[6.02307,50.43086],[6.0236,50.43068],[6.02398,50.43038],[6.02404,50.43008],[6.02398,50.42977],[6.02324,50.42965],[6.02268,50.42978],[6.02205,50.43059],[6.02188,50.43068],[6.02053,50.4308],[6.01974,50.43077],[6.01934,50.43034],[6.02022,50.4298],[6.02019,50.42923],[6.02147,50.42885],[6.0218,50.42863],[6.02188,50.42837],[6.01813,50.42729],[6.01649,50.42728],[6.01635,50.42706],[6.01633,50.42669],[6.016,50.42646],[6.01553,50.42631],[6.01496,50.42626],[6.01398,50.42632],[6.01311,50.42674],[6.01231,50.42651],[6.01224,50.42645],[6.01228,50.42619],[6.01247,50.42557],[6.01239,50.42522],[6.01226,50.42505],[6.01097,50.4248],[6.01071,50.42457],[6.01045,50.42401],[6.01036,50.42335],[6.01013,50.42291],[6.00849,50.42231],[6.0077,50.42212],[6.00691,50.42172],[6.00647,50.42174],[6.00559,50.42205],[6.00481,50.42172],[6.00438,50.42164],[6.00311,50.42174],[6.00264,50.42131],[6.00037,50.4205],[5.99987,50.42052],[5.9993,50.42078],[5.9989,50.42114],[5.99877,50.42137],[5.99894,50.42201],[5.99979,50.42283],[6.00056,50.42315],[6.00079,50.42333],[6.00144,50.42407],[6.00176,50.42457],[6.0023,50.42479],[6.00271,50.42507],[6.00241,50.42522],[6.00146,50.42544],[6.0012,50.42568],[6.00099,50.42617],[6.0007,50.42648],[5.99979,50.42694],[5.99944,50.42699],[5.99904,50.42683],[5.99853,50.42646],[5.99771,50.42602],[5.99678,50.42608],[5.99563,50.42599],[5.9955,50.42591],[5.99538,50.4256],[5.99511,50.42547],[5.9938,50.42537],[5.99225,50.42461],[5.99063,50.42432],[5.99051,50.4242],[5.9902,50.42354],[5.99002,50.42397],[5.9894,50.42461],[5.98896,50.42483],[5.98852,50.42479],[5.98811,50.42451],[5.9875,50.42426],[5.9868,50.42373],[5.98472,50.42257],[5.98232,50.42172],[5.98059,50.42156],[5.98018,50.42104],[5.98001,50.42096],[5.97959,50.42097],[5.97866,50.42136],[5.97829,50.42142],[5.97746,50.42131],[5.97691,50.42115],[5.97644,50.42118],[5.97525,50.42084],[5.97428,50.4208],[5.97392,50.42085],[5.97301,50.42143],[5.9723,50.42154],[5.97166,50.42148],[5.97111,50.42119],[5.97062,50.42062],[5.96934,50.42001],[5.96793,50.41966],[5.96685,50.41906],[5.96486,50.41908],[5.96442,50.41895],[5.96412,50.41869],[5.96395,50.4184],[5.96308,50.41814],[5.9598,50.41617],[5.95855,50.41561],[5.95616,50.41538],[5.95564,50.41546],[5.95519,50.41568]],[[6.05686,50.44553],[6.05609,50.44533],[6.05562,50.44531],[6.05351,50.44573],[6.0534,50.44562],[6.05344,50.44508],[6.0533,50.44463],[6.05312,50.44436],[6.05269,50.44396],[6.05229,50.44312],[6.04986,50.44284],[6.04864,50.44259],[6.04861,50.44248],[6.04874,50.44233],[6.04935,50.442],[6.04949,50.44175],[6.0495,50.44151],[6.04939,50.44116],[6.04872,50.44081],[6.04832,50.43991],[6.048,50.4395],[6.0478,50.43904],[6.04783,50.43849],[6.04812,50.4378],[6.04767,50.4378],[6.0468,50.43802],[6.04648,50.43814],[6.04606,50.43847],[6.04584,50.43851],[6.04479,50.43847],[6.04298,50.438],[6.04266,50.43803],[6.04188,50.43829],[6.04084,50.43845],[6.03725,50.43806],[6.03604,50.43783],[6.03397,50.43679],[6.03354,50.43645],[6.03204,50.43566],[6.03126,50.43507],[6.03084,50.43449],[6.03078,50.43366],[6.03093,50.43304],[6.03119,50.43262],[6.03102,50.43229],[6.03116,50.4321],[6.03141,50.43189],[6.03178,50.43181],[6.03308,50.43212],[6.03441,50.43229],[6.03487,50.43229],[6.03491,50.43204],[6.0344,50.43144],[6.03397,50.43116],[6.03329,50.4309],[6.03276,50.43007],[6.03227,50.42979],[6.03187,50.42894],[6.03141,50.42844],[6.03017,50.42785],[6.03008,50.4276],[6.03036,50.42728],[6.03084,50.427],[6.03231,50.42675],[6.03339,50.42642],[6.0347,50.42649],[6.03562,50.42675],[6.03648,50.4263],[6.0377,50.42624],[6.03813,50.42596],[6.03871,50.4253],[6.03945,50.42484],[6.04013,50.4242],[6.04053,50.42407],[6.04089,50.42405],[6.04141,50.42427],[6.04212,50.42564],[6.04212,50.42592],[6.0418,50.42658],[6.04184,50.42762],[6.04265,50.42848],[6.0436,50.42892],[6.044,50.42901],[6.04405,50.4289],[6.04396,50.42869],[6.0434,50.42769],[6.04308,50.42732],[6.04308,50.42718],[6.04371,50.42543],[6.04377,50.42498],[6.04372,50.42404],[6.04419,50.4229],[6.0444,50.42258],[6.04428,50.4223],[6.04434,50.42204],[6.0457,50.42093],[6.04552,50.42067],[6.0456,50.42058],[6.04659,50.42059],[6.04753,50.42091],[6.04674,50.42117],[6.04695,50.42132],[6.04815,50.42141],[6.04983,50.42176],[6.05021,50.42177],[6.05103,50.42162],[6.05191,50.42228],[6.05353,50.42401],[6.05395,50.42423],[6.05504,50.42457],[6.05686,50.42497]],[[5.97103,50.4443],[5.97064,50.44392],[5.96999,50.44367],[5.96981,50.44338],[5.96949,50.44313],[5.96948,50.44285],[5.9694,50.44275],[5.96809,50.4427],[5.96805,50.44254],[5.96824,50.44206],[5.96811,50.44145],[5.96877,50.44116],[5.96975,50.44103],[5.97007,50.44115],[5.9702,50.44145],[5.97068,50.44172],[5.97106,50.4425],[5.97098,50.44284],[5.97105,50.44318],[5.97094,50.44341],[5.97176,50.44369],[5.9719,50.44393],[5.97186,50.44425],[5.97103,50.4443]],[[5.96936,50.4418],[5.96932,50.44171],[5.97006,50.4415],[5.97021,50.44154],[5.97031,50.4417],[5.97024,50.4418],[5.96991,50.4419],[5.96936,50.4418]],[[5.95519,50.42483],[5.95563,50.42505],[5.95601,50.42546],[5.95641,50.42572],[5.95676,50.42626],[5.95761,50.42624],[5.95811,50.42645],[5.95812,50.42699],[5.95855,50.42728],[5.95907,50.42784],[5.95949,50.42795],[5.95996,50.42794],[5.9606,50.42782],[5.96142,50.42745],[5.96158,50.42748],[5.96218,50.42786],[5.9627,50.4284],[5.96351,50.42901],[5.96365,50.42922],[5.96379,50.42978],[5.96414,50.43003],[5.96501,50.43022],[5.96621,50.42996],[5.96686,50.43007],[5.96723,50.43039],[5.96841,50.4318],[5.96918,50.4321],[5.96992,50.43228],[5.97013,50.43259],[5.97065,50.43283],[5.97073,50.43345],[5.97069,50.43393],[5.97096,50.4341],[5.97144,50.43424],[5.97133,50.43456],[5.97081,50.43531],[5.97033,50.43562],[5.97025,50.4362],[5.97093,50.43734],[5.97109,50.43788],[5.97037,50.43887],[5.96977,50.44023],[5.96936,50.4404],[5.96884,50.44018],[5.96861,50.43988],[5.96862,50.43947],[5.96838,50.43901],[5.96815,50.43879],[5.96769,50.4386],[5.96768,50.43836],[5.96806,50.43804],[5.96851,50.43783],[5.96858,50.43767],[5.96859,50.43752],[5.96844,50.43728],[5.96824,50.43658],[5.9683,50.43645],[5.96884,50.43618],[5.96887,50.43606],[5.96876,50.43589],[5.96849,50.43582],[5.96805,50.4359],[5.96796,50.43643],[5.9677,50.4366],[5.96755,50.43593],[5.96726,50.43571],[5.9667,50.43505],[5.96602,50.43452],[5.96553,50.43435],[5.96346,50.434],[5.96227,50.43366],[5.96104,50.43307],[5.96063,50.43299],[5.96017,50.43301],[5.95987,50.43291],[5.95976,50.43282],[5.95981,50.43225],[5.95886,50.43128],[5.95767,50.43071],[5.95631,50.43052],[5.95519,50.4301]],[[5.96894,50.4382],[5.96862,50.43809],[5.96862,50.43785],[5.96912,50.43772],[5.96943,50.43777],[5.96958,50.43788],[5.96958,50.43806],[5.96949,50.43817],[5.96894,50.4382]],[[5.96603,50.4337],[5.96562,50.43352],[5.96552,50.43339],[5.96579,50.43332],[5.96622,50.43338],[5.96629,50.43346],[5.96625,50.43361],[5.96603,50.4337]],[[5.96686,50.4337],[5.96668,50.43367],[5.96686,50.4337]],[[6.05686,50.42235],[6.05612,50.422],[6.05578,50.42175],[6.05624,50.42144],[6.05633,50.4212],[6.05548,50.4204],[6.0552,50.42002],[6.05506,50.41932],[6.05486,50.41894],[6.05473,50.41834],[6.05473,50.41812],[6.05492,50.41758],[6.05477,50.41655],[6.05459,50.41653],[6.0543,50.41666],[6.05395,50.41702],[6.05364,50.41759],[6.05311,50.41805],[6.05199,50.41857],[6.05147,50.41869],[6.05109,50.41866],[6.05017,50.41809],[6.04814,50.41645],[6.04694,50.41533],[6.04621,50.41504],[6.04555,50.41452],[6.04533,50.41414],[6.04511,50.41404],[6.04438,50.41404],[6.04397,50.41413],[6.04344,50.41448],[6.0433,50.41478],[6.04381,50.41509],[6.04468,50.41541],[6.04562,50.41559],[6.04641,50.41599],[6.04786,50.41729],[6.04854,50.41811],[6.04866,50.41866],[6.04855,50.41889],[6.04798,50.41902],[6.04728,50.41896],[6.04688,50.41856],[6.04611,50.41838],[6.0444,50.41753],[6.04303,50.41738],[6.04116,50.41689],[6.04058,50.41686],[6.04019,50.41701],[6.04006,50.41734],[6.04008,50.41757],[6.04131,50.41816],[6.0423,50.41839],[6.04239,50.41866],[6.04139,50.41903],[6.04016,50.41972],[6.04003,50.41998],[6.04002,50.42036],[6.03977,50.42063],[6.03866,50.42051],[6.03827,50.42037],[6.03805,50.42008],[6.03645,50.41979],[6.03524,50.41975],[6.03444,50.41993],[6.03376,50.4199],[6.03335,50.42007],[6.03307,50.4201],[6.03246,50.41981],[6.03152,50.41969],[6.03032,50.4194],[6.02888,50.41932],[6.02732,50.41893],[6.02552,50.41819],[6.02351,50.41758],[6.0211,50.41672],[6.01816,50.41599],[6.01781,50.41565],[6.01827,50.41532],[6.01734,50.41478],[6.01673,50.41467],[6.016,50.41468],[6.01433,50.41501],[6.01286,50.41481],[6.01272,50.4146],[6.01299,50.41408],[6.01288,50.4139],[6.01191,50.41367],[6.01066,50.41375],[6.01045,50.41362],[6.00998,50.41258],[6.00951,50.41199],[6.00939,50.41172],[6.00956,50.41096],[6.01003,50.41059],[6.01003,50.41044],[6.00994,50.41033],[6.00923,50.41024],[6.00804,50.41041],[6.00673,50.41018],[6.00527,50.40979],[6.00366,50.40975],[6.00228,50.40923],[6.0019,50.40893],[6.00145,50.40834],[6.00099,50.40815],[6.00078,50.40797],[6.00073,50.40772],[6.00138,50.40689],[6.00137,50.40637],[6.00152,50.40592],[6.0014,50.40558],[6.00135,50.40509],[6.00098,50.40477],[6.00122,50.40451],[6.00117,50.40418],[6.00152,50.40372],[6.00134,50.4034],[6.00189,50.40316],[6.00223,50.40275],[6.00234,50.40179],[6.00229,50.40144],[6.00204,50.40116],[6.00168,50.401],[6.00016,50.40062],[5.99853,50.40007],[5.99809,50.40008],[5.99771,50.39999],[5.99654,50.3995],[5.99647,50.39916],[5.99618,50.39887],[5.99599,50.39845],[5.99608,50.39814],[5.996,50.39781],[5.9961,50.3973],[5.99587,50.39704],[5.99581,50.39686],[5.9959,50.39668],[5.99649,50.39646],[5.99681,50.39616],[5.99683,50.39592],[5.99668,50.39522],[5.99685,50.39474],[5.99727,50.39451],[5.99756,50.39445],[5.99901,50.39431],[5.99936,50.39413],[5.99965,50.3937],[5.99977,50.39363],[6.00024,50.39388],[6.00053,50.39392],[6.00371,50.39376],[6.00491,50.39407],[6.00683,50.39472],[6.00892,50.39456],[6.00954,50.39462],[6.00983,50.39457],[6.0106,50.39422],[6.01131,50.39402],[6.01289,50.39394],[6.01357,50.39368],[6.01436,50.39304],[6.01471,50.39286],[6.01511,50.39276],[6.01547,50.39276],[6.01571,50.39283],[6.01597,50.39319],[6.01673,50.39365],[6.01726,50.39425],[6.01821,50.39504],[6.018,50.39535],[6.01811,50.39562],[6.01894,50.39591],[6.0198,50.39583],[6.02024,50.39589],[6.02025,50.39615],[6.02048,50.39625],[6.02066,50.39625],[6.02103,50.39609],[6.02144,50.39614],[6.02226,50.39682],[6.02299,50.39646],[6.02325,50.39624],[6.02328,50.39612],[6.02309,50.39561],[6.02328,50.39534],[6.02355,50.39516],[6.02394,50.39504],[6.0246,50.39535],[6.02509,50.39535],[6.02542,50.39502],[6.02688,50.39462],[6.02772,50.39452],[6.02818,50.39426],[6.0279,50.39377],[6.02793,50.39366],[6.02943,50.39339],[6.02888,50.39262],[6.02834,50.3924],[6.02764,50.39235],[6.02695,50.39206],[6.02616,50.39185],[6.02408,50.39141],[6.02381,50.39119],[6.02393,50.39096],[6.02438,50.3905],[6.02458,50.39012],[6.02452,50.38978],[6.02487,50.38947],[6.0253,50.38845],[6.02633,50.38735],[6.02683,50.38649],[6.02695,50.38592],[6.02677,50.38529],[6.02702,50.38456],[6.02688,50.38411],[6.02557,50.3837],[6.02319,50.38353],[6.02173,50.38325],[6.02019,50.38312],[6.01904,50.38279],[6.0182,50.38267],[6.01719,50.38206],[6.01613,50.38171],[6.01594,50.38148],[6.01593,50.38116],[6.01608,50.38043],[6.01637,50.37978],[6.01725,50.37895],[6.01808,50.37873],[6.01933,50.37811],[6.02072,50.37761],[6.0212,50.37706],[6.02145,50.37691],[6.0222,50.37679],[6.02343,50.37678],[6.02388,50.37664],[6.02406,50.37646],[6.02419,50.37587],[6.02472,50.37559],[6.02518,50.37506],[6.02601,50.37471],[6.02674,50.37423],[6.02763,50.3738],[6.02812,50.37374],[6.02852,50.37412],[6.02881,50.37419],[6.02938,50.37414],[6.03002,50.37394],[6.03149,50.37302],[6.0316,50.37285],[6.0313,50.3726],[6.03139,50.37251],[6.03197,50.3725],[6.03206,50.37257],[6.03206,50.37283],[6.03219,50.37302],[6.03235,50.37311],[6.03269,50.37313],[6.0334,50.37281],[6.03386,50.37278],[6.03437,50.37286],[6.03525,50.37259],[6.0359,50.37249],[6.03803,50.37243],[6.03968,50.37228],[6.04105,50.3719],[6.04186,50.37201],[6.04348,50.37264],[6.04427,50.37342],[6.04442,50.37395],[6.0443,50.37426],[6.04483,50.37474],[6.04519,50.37495],[6.04565,50.37507],[6.04597,50.37536],[6.04596,50.37554],[6.04584,50.37569],[6.04482,50.37619],[6.04427,50.37679],[6.04421,50.37724],[6.04428,50.37755],[6.04464,50.37783],[6.0447,50.37814],[6.0452,50.37857],[6.04751,50.37908],[6.04897,50.37911],[6.04973,50.37903],[6.05101,50.37867],[6.05173,50.3786],[6.05407,50.3789],[6.05514,50.37897],[6.05584,50.37893],[6.05639,50.37865],[6.05686,50.37853]],[[5.99644,50.41899],[5.99645,50.41892],[5.99644,50.41899]],[[5.95519,50.41843],[5.95548,50.41807],[5.95575,50.41727],[5.95566,50.41699],[5.95519,50.41631]],[[6.05478,50.41633],[6.05469,50.41592],[6.05435,50.41562],[6.05471,50.41542],[6.05481,50.41561],[6.05478,50.41633]],[[5.99019,50.41455],[5.98975,50.41424],[5.98985,50.41394],[5.98927,50.41373],[5.98907,50.41336],[5.98856,50.41308],[5.98807,50.41254],[5.98621,50.41213],[5.98506,50.41236],[5.98435,50.4123],[5.98406,50.41214],[5.98391,50.41201],[5.98399,50.41148],[5.98392,50.4112],[5.98347,50.41094],[5.9825,50.4106],[5.98239,50.4104],[5.98244,50.41005],[5.98237,50.40979],[5.98202,50.40951],[5.98146,50.40935],[5.98077,50.40982],[5.98032,50.40992],[5.97973,50.40984],[5.97926,50.40954],[5.97841,50.40837],[5.97874,50.4081],[5.9794,50.40788],[5.97969,50.40718],[5.98016,50.40671],[5.98026,50.40645],[5.97989,50.40616],[5.97958,50.40559],[5.97847,50.40486],[5.97808,50.40434],[5.97778,50.40412],[5.97687,50.40368],[5.97553,50.40324],[5.9748,50.40312],[5.97396,50.40284],[5.9731,50.40286],[5.97271,50.40273],[5.97229,50.40285],[5.97219,50.40311],[5.9723,50.40334],[5.97269,50.4034],[5.97204,50.40369],[5.97143,50.40374],[5.97102,50.4034],[5.97117,50.40263],[5.97113,50.40254],[5.96897,50.40214],[5.96782,50.40184],[5.96736,50.40185],[5.96683,50.40202],[5.9656,50.40119],[5.96393,50.4008],[5.9631,50.40036],[5.96271,50.40006],[5.96255,50.39984],[5.96261,50.39946],[5.9624,50.39897],[5.96105,50.39784],[5.96062,50.39728],[5.96017,50.39703],[5.96009,50.39665],[5.95977,50.39619],[5.95985,50.39598],[5.96045,50.39559],[5.96399,50.39452],[5.96516,50.3944],[5.96616,50.39402],[5.96997,50.39503],[5.97012,50.39513],[5.97018,50.39535],[5.97186,50.39534],[5.97293,50.39575],[5.97423,50.39594],[5.97482,50.39617],[5.9752,50.39618],[5.97585,50.39593],[5.97625,50.39568],[5.97627,50.39558],[5.97601,50.39533],[5.9772,50.39526],[5.97769,50.39508],[5.97811,50.39479],[5.97853,50.39421],[5.97875,50.39453],[5.97894,50.39507],[5.97891,50.39522],[5.97868,50.39543],[5.97805,50.39552],[5.97774,50.39567],[5.97766,50.39591],[5.9781,50.39623],[5.97944,50.39632],[5.98095,50.39624],[5.98207,50.39642],[5.98213,50.39651],[5.98181,50.39677],[5.98214,50.39702],[5.98273,50.39715],[5.98306,50.39788],[5.98351,50.39774],[5.98395,50.39801],[5.98436,50.39868],[5.98478,50.39904],[5.98548,50.39914],[5.98642,50.39886],[5.9869,50.39903],[5.9876,50.39952],[5.98813,50.40005],[5.9883,50.40036],[5.98838,50.40093],[5.98903,50.40143],[5.98924,50.40171],[5.98937,50.40202],[5.98894,50.40221],[5.98889,50.4023],[5.98937,50.40256],[5.98978,50.40312],[5.99098,50.40379],[5.99252,50.40495],[5.99346,50.40622],[5.99486,50.40701],[5.99442,50.40784],[5.9936,50.40848],[5.99228,50.40924],[5.99147,50.4098],[5.99101,50.40991],[5.99074,50.41007],[5.99086,50.41081],[5.99045,50.41116],[5.99041,50.4113],[5.99049,50.41172],[5.99046,50.41206],[5.99074,50.41276],[5.99085,50.41331],[5.99056,50.41371],[5.99081,50.41399],[5.9909,50.41446],[5.99084,50.41457],[5.99062,50.41466],[5.99019,50.41455]],[[6.04228,50.41456],[6.04206,50.41449],[6.04229,50.41437],[6.04236,50.4145],[6.04228,50.41456]],[[5.99103,50.41379],[5.99092,50.41369],[5.99101,50.41361],[5.99103,50.41379]],[[5.99978,50.40766],[5.99963,50.40755],[5.99977,50.40749],[5.99994,50.40755],[5.99978,50.40766]],[[5.99603,50.39938],[5.99596,50.39923],[5.99605,50.39914],[5.99617,50.39925],[5.99603,50.39938]],[[5.95519,50.38695],[5.95566,50.38689],[5.95635,50.38635],[5.9573,50.38604],[5.95938,50.38586],[5.96178,50.38614],[5.96224,50.3861],[5.96287,50.38572],[5.96385,50.38493],[5.96475,50.3847],[5.96558,50.3842],[5.96722,50.38357],[5.96808,50.38359],[5.96856,50.38347],[5.96898,50.38301],[5.97112,50.38158],[5.97152,50.38149],[5.97261,50.38166],[5.97305,50.38154],[5.97312,50.38145],[5.97304,50.38113],[5.97345,50.38061],[5.97299,50.38001],[5.97288,50.37929],[5.97321,50.37868],[5.97257,50.37792],[5.97257,50.37777],[5.9727,50.37766],[5.97307,50.37786],[5.97338,50.37825],[5.97404,50.37848],[5.97436,50.37868],[5.97484,50.37915],[5.97559,50.37952],[5.97579,50.37988],[5.9759,50.38022],[5.9759,50.38054],[5.9753,50.3812],[5.97505,50.3821],[5.97535,50.38324],[5.97531,50.38352],[5.9751,50.38396],[5.9751,50.38422],[5.97548,50.3844],[5.97584,50.38446],[5.97684,50.38411],[5.97782,50.38406],[5.97881,50.38388],[5.98043,50.38387],[5.98105,50.38399],[5.98183,50.38375],[5.98243,50.38372],[5.98275,50.38352],[5.98322,50.38341],[5.98361,50.38322],[5.98449,50.38298],[5.9856,50.38282],[5.98603,50.38258],[5.98659,50.38205],[5.98731,50.38155],[5.98933,50.38128],[5.99069,50.38139],[5.99228,50.38078],[5.99456,50.38035],[5.99491,50.37977],[5.99347,50.37815],[5.99326,50.37762],[5.99326,50.37741],[5.99352,50.37709],[5.99412,50.37677],[5.99412,50.37661],[5.9939,50.37614],[5.99432,50.37531],[5.99518,50.37501],[5.996,50.37412],[5.99641,50.37384],[5.9969,50.37394],[5.99694,50.37463],[5.99728,50.37562],[5.99765,50.3763],[5.9981,50.37674],[5.99936,50.3774],[6.00084,50.37798],[6.00355,50.37833],[6.00391,50.3783],[6.00559,50.37748],[6.00616,50.37705],[6.00688,50.3769],[6.00778,50.3765],[6.00811,50.3761],[6.00922,50.37534],[6.00981,50.37482],[6.01068,50.37442],[6.01137,50.37386],[6.01193,50.37372],[6.01231,50.37329],[6.01289,50.37291],[6.01299,50.37252],[6.01364,50.37199],[6.01381,50.37171],[6.01436,50.37113],[6.01468,50.37059],[6.01539,50.37009],[6.01558,50.36976],[6.01649,50.36924],[6.01679,50.36896]],[[5.98519,50.38397],[5.98569,50.38388],[5.98616,50.38395],[5.98563,50.38405],[5.98519,50.38397]],[[5.97186,50.37734],[5.97175,50.3773],[5.97177,50.37724],[5.97209,50.37715],[5.9727,50.37729],[5.97263,50.37737],[5.97186,50.37734]],[[6.04644,50.37597],[6.04614,50.37588],[6.04645,50.37578],[6.04653,50.3759],[6.04644,50.37597]],[[6.05686,50.37181],[6.05642,50.37154],[6.05536,50.37117],[6.05474,50.37127],[6.05431,50.37121],[6.05392,50.37099],[6.0522,50.37034],[6.05069,50.36951],[6.04884,50.36896]]]}},{"type":"Feature","properties":{"ele":410},"geometry":{"type":"MultiLineString","coordinates":[[[6.03986,50.44923],[6.04035,50.44809],[6.0414,50.44756],[6.04203,50.447],[6.04314,50.44634],[6.04331,50.44599],[6.04337,50.44547],[6.04316,50.445],[6.04172,50.44456],[6.0402,50.44366],[6.03923,50.44329],[6.03891,50.44332],[6.03862,50.44348],[6.03799,50.44397],[6.03738,50.44465],[6.03714,50.44469],[6.03681,50.44453],[6.03666,50.44421],[6.0357,50.44409],[6.03549,50.444],[6.03538,50.4437],[6.03565,50.44324],[6.03565,50.44308],[6.03481,50.44291],[6.03406,50.44229],[6.03308,50.44202],[6.03267,50.44201],[6.03185,50.44253],[6.03163,50.44286],[6.03152,50.44349],[6.03137,50.44365],[6.03108,50.44377],[6.03057,50.44369],[6.03031,50.44338],[6.03015,50.44291],[6.02992,50.44279],[6.02912,50.44276],[6.02768,50.44287],[6.02733,50.44278],[6.02688,50.44225],[6.02678,50.44173],[6.0281,50.44173],[6.02931,50.44145],[6.02977,50.44116],[6.0301,50.4404],[6.02864,50.43892],[6.02794,50.43847],[6.02721,50.43816],[6.02682,50.43734],[6.02646,50.437],[6.02527,50.43732],[6.0251,50.43731],[6.02496,50.4372],[6.02475,50.43678],[6.02481,50.43652],[6.02504,50.43617],[6.02557,50.43588],[6.02567,50.43564],[6.0254,50.43508],[6.02523,50.43449],[6.02423,50.43439],[6.02302,50.43446],[6.02273,50.43455],[6.02192,50.43509],[6.02104,50.43541],[6.02067,50.43547],[6.02058,50.43541],[6.02059,50.43525],[6.02081,50.43481],[6.02107,50.43452],[6.02092,50.43428],[6.02048,50.43416],[6.01881,50.43407],[6.01849,50.43398],[6.01945,50.43326],[6.02189,50.43274],[6.02325,50.43261],[6.02351,50.43251],[6.02378,50.43224],[6.02374,50.43201],[6.02312,50.43185],[6.02285,50.43166],[6.02265,50.43147],[6.02253,50.43109],[6.0223,50.43086],[6.02017,50.43126],[6.01819,50.43107],[6.01791,50.43093],[6.01789,50.43068],[6.01812,50.43036],[6.01812,50.43016],[6.01821,50.43003],[6.01936,50.42952],[6.01941,50.42922],[6.01969,50.42895],[6.02017,50.42878],[6.02074,50.42869],[6.0207,50.4284],[6.01954,50.428],[6.01881,50.42793],[6.01798,50.42764],[6.01725,50.42769],[6.01636,50.42799],[6.01584,50.42795],[6.01559,50.42787],[6.01539,50.42762],[6.0153,50.42698],[6.01485,50.42684],[6.01428,50.42686],[6.01233,50.42738],[6.01186,50.42735],[6.01138,50.42674],[6.0113,50.42651],[6.01132,50.42616],[6.01154,50.42557],[6.01127,50.42532],[6.01022,50.42506],[6.0099,50.42484],[6.00973,50.42424],[6.00988,50.42373],[6.00977,50.42349],[6.00844,50.42298],[6.00728,50.42267],[6.00655,50.42229],[6.00641,50.42227],[6.00591,50.42253],[6.0055,50.42258],[6.00522,50.42254],[6.0048,50.42224],[6.00433,50.42209],[6.00277,50.42205],[6.00239,50.42224],[6.00235,50.42256],[6.00227,50.42259],[6.00021,50.42145],[5.99976,50.42134],[5.99944,50.42149],[5.99945,50.42175],[5.99969,50.42203],[6.00084,50.42272],[6.00149,50.42297],[6.00237,50.42361],[6.00261,50.42423],[6.00309,50.42453],[6.00349,50.4251],[6.00398,50.42617],[6.00395,50.42632],[6.00385,50.42633],[6.00352,50.42619],[6.00315,50.42587],[6.00256,50.42575],[6.00208,50.42584],[6.00178,50.42608],[6.00158,50.42654],[6.00148,50.42713],[6.00173,50.4287],[6.00166,50.42901],[6.00135,50.42957],[6.00135,50.42978],[6.00148,50.43004],[6.00144,50.43037],[6.00094,50.4302],[6.00023,50.42978],[5.99983,50.42944],[5.99842,50.42874],[5.99735,50.42862],[5.99678,50.42842],[5.996,50.42833],[5.99486,50.42805],[5.99441,50.42781],[5.99361,50.42777],[5.99309,50.4275],[5.99223,50.4274],[5.99184,50.42717],[5.99149,50.42672],[5.99101,50.42668],[5.99063,50.42645],[5.9897,50.42661],[5.98893,50.42646],[5.9877,50.42609],[5.98726,50.42591],[5.98652,50.42527],[5.98577,50.42481],[5.98438,50.42422],[5.98396,50.42434],[5.98359,50.42408],[5.98314,50.42393],[5.9822,50.42391],[5.981,50.4237],[5.98053,50.42369],[5.9802,50.42358],[5.97912,50.42356],[5.97766,50.42334],[5.97657,50.42329],[5.97617,50.42314],[5.97605,50.42283],[5.97563,50.4227],[5.97474,50.42289],[5.97366,50.42268],[5.97272,50.42274],[5.97233,50.42266],[5.97103,50.42219],[5.9694,50.42138],[5.96819,50.42101],[5.96652,50.42086],[5.96519,50.42041],[5.9641,50.41983],[5.96362,50.41945],[5.96303,50.41945],[5.96261,50.4193],[5.96099,50.41813],[5.95824,50.41713],[5.95767,50.41706],[5.95725,50.4172],[5.95687,50.41771],[5.95659,50.41865],[5.95609,50.41955],[5.95559,50.42005],[5.95519,50.42021]],[[6.04152,50.44923],[6.04223,50.44839],[6.04246,50.44834],[6.04293,50.44832],[6.04353,50.44843],[6.04433,50.4482],[6.04543,50.44862],[6.04576,50.44855],[6.04599,50.44836],[6.04708,50.44661],[6.04752,50.4455],[6.04754,50.44478],[6.04764,50.44465],[6.04783,50.44459],[6.04892,50.44457],[6.0501,50.44465],[6.05027,50.44473],[6.05021,50.44537],[6.04965,50.44616],[6.04961,50.4464],[6.04987,50.44673],[6.05101,50.44733],[6.0511,50.44761],[6.05081,50.44838],[6.05102,50.44896],[6.05143,50.44903],[6.0516,50.44892],[6.05163,50.4487],[6.05147,50.44828],[6.05153,50.44794],[6.05168,50.44782],[6.05224,50.44783],[6.05293,50.448],[6.05371,50.448],[6.056,50.44749],[6.05645,50.44756],[6.05686,50.44773]],[[5.95519,50.4235],[5.95661,50.42446],[5.95767,50.42537],[5.95925,50.42561],[5.95933,50.42574],[5.95928,50.42623],[5.96024,50.42671],[5.96059,50.42707],[5.96144,50.42673],[5.96198,50.42667],[5.96354,50.42712],[5.96434,50.42758],[5.96467,50.42785],[5.96479,50.42806],[5.96479,50.42844],[5.96447,50.42925],[5.96454,50.42949],[5.96477,50.42979],[5.96555,50.42982],[5.96673,50.42959],[5.96809,50.42974],[5.96824,50.42979],[5.96838,50.42998],[5.96843,50.43041],[5.96895,50.43062],[5.96934,50.43104],[5.97032,50.43085],[5.97066,50.43088],[5.97114,50.43108],[5.97124,50.43124],[5.971,50.43201],[5.97175,50.43269],[5.97181,50.4329],[5.97176,50.43338],[5.97184,50.43356],[5.97289,50.43256],[5.97311,50.43222],[5.97326,50.43293],[5.97318,50.43414],[5.9728,50.43474],[5.97292,50.43509],[5.97259,50.4353],[5.97251,50.43557],[5.97272,50.43588],[5.97339,50.43621],[5.97342,50.43692],[5.97328,50.43704],[5.97235,50.43712],[5.97185,50.43728],[5.97184,50.43812],[5.97063,50.43956],[5.97054,50.43985],[5.97056,50.44014],[5.97092,50.4405],[5.97195,50.44109],[5.9725,50.44173],[5.9727,50.4418],[5.97345,50.4418],[5.97388,50.44196],[5.97432,50.44232],[5.97436,50.44285],[5.97543,50.44311],[5.97539,50.44349],[5.97553,50.44397],[5.97461,50.44451],[5.9759,50.4445],[5.97655,50.44427],[5.97659,50.44393],[5.97728,50.44359],[5.9778,50.44366],[5.97799,50.44387],[5.97798,50.44404],[5.97729,50.44463],[5.97697,50.44501],[5.97675,50.44588],[5.9765,50.44619],[5.9756,50.44693],[5.97528,50.4469],[5.97481,50.44668],[5.97457,50.44676],[5.97433,50.44697],[5.97394,50.44756],[5.97401,50.44786],[5.97386,50.44805],[5.97312,50.44844],[5.97281,50.44837],[5.97236,50.44804],[5.97183,50.448],[5.97142,50.44786],[5.97019,50.44702],[5.97003,50.44602],[5.97026,50.44534],[5.96995,50.44501],[5.96961,50.4448],[5.96902,50.44467],[5.96807,50.44475],[5.96664,50.44535],[5.96579,50.44556],[5.96559,50.44554],[5.9655,50.44539],[5.96552,50.44522],[5.96592,50.44455],[5.96636,50.44401],[5.96661,50.44318],[5.96644,50.44284],[5.96612,50.44281],[5.96596,50.44271],[5.96578,50.44206],[5.96592,50.44168],[5.96599,50.44096],[5.96627,50.44043],[5.96643,50.43949],[5.96681,50.43857],[5.96728,50.43785],[5.96737,50.43752],[5.96738,50.43724],[5.96728,50.43683],[5.96691,50.43608],[5.96615,50.43526],[5.96552,50.43486],[5.96485,50.43471],[5.96392,50.43465],[5.96274,50.43416],[5.96142,50.43437],[5.96092,50.43424],[5.96055,50.43398],[5.95965,50.43384],[5.95891,50.4334],[5.9591,50.43266],[5.95895,50.43242],[5.95848,50.4321],[5.95767,50.43203],[5.95778,50.43176],[5.95768,50.43164],[5.95729,50.43143],[5.95635,50.43129],[5.95519,50.43044]],[[5.97311,50.4472],[5.97297,50.44701],[5.97313,50.44691],[5.97329,50.44703],[5.97311,50.4472]],[[5.97353,50.4469],[5.97329,50.44668],[5.9732,50.44644],[5.97341,50.44606],[5.97355,50.44598],[5.97378,50.44616],[5.97395,50.44646],[5.97353,50.4469]],[[6.05686,50.44519],[6.05574,50.44497],[6.05454,50.44524],[6.05424,50.44521],[6.05398,50.44503],[6.05383,50.44449],[6.0533,50.4438],[6.05329,50.44366],[6.05349,50.44331],[6.05347,50.44297],[6.05338,50.44282],[6.05303,50.4427],[6.05178,50.44272],[6.05064,50.44259],[6.05035,50.44238],[6.05027,50.4422],[6.05029,50.44196],[6.05074,50.44112],[6.05066,50.4406],[6.05022,50.44004],[6.04937,50.43977],[6.04892,50.43926],[6.04851,50.43897],[6.04847,50.43873],[6.04854,50.43843],[6.04879,50.43806],[6.05027,50.43703],[6.05017,50.43693],[6.04975,50.43682],[6.04933,50.43683],[6.04813,50.43722],[6.04736,50.43733],[6.04686,50.43756],[6.04652,50.43787],[6.04579,50.43809],[6.04412,50.43803],[6.04293,50.43768],[6.04228,50.43782],[6.0416,50.43814],[6.04043,50.43818],[6.03773,50.4379],[6.0363,50.4376],[6.03526,50.43716],[6.03478,50.43683],[6.03436,50.43674],[6.03349,50.43614],[6.03232,50.43553],[6.03152,50.4348],[6.03135,50.43442],[6.03132,50.43387],[6.03172,50.43293],[6.03163,50.43238],[6.03179,50.43213],[6.03204,50.43209],[6.03315,50.43236],[6.03522,50.43266],[6.03616,50.43293],[6.03648,50.43291],[6.0365,50.43263],[6.03582,50.43169],[6.03444,50.43084],[6.03383,50.43031],[6.03347,50.42982],[6.0328,50.42951],[6.03259,50.42901],[6.03226,50.42854],[6.03188,50.42811],[6.03147,50.42784],[6.03096,50.42731],[6.03366,50.42664],[6.0344,50.4267],[6.03511,50.42704],[6.03601,50.42731],[6.03733,50.42731],[6.03861,50.42671],[6.03891,50.42642],[6.03921,50.42587],[6.03973,50.42533],[6.04017,50.4252],[6.04056,50.4252],[6.04117,50.42554],[6.04135,50.42581],[6.04115,50.42682],[6.04126,50.42772],[6.0414,50.42811],[6.04136,50.42845],[6.04145,50.42867],[6.04307,50.42957],[6.0443,50.4301],[6.04517,50.43014],[6.04562,50.43034],[6.04631,50.43051],[6.04694,50.43053],[6.04774,50.43035],[6.04786,50.43019],[6.04787,50.43004],[6.04752,50.42978],[6.04621,50.42925],[6.04561,50.42908],[6.04485,50.42871],[6.04437,50.42834],[6.04414,50.42804],[6.04378,50.42672],[6.04439,50.42508],[6.04425,50.42418],[6.04436,50.42396],[6.04479,50.42355],[6.04584,50.42319],[6.04645,50.42312],[6.04689,50.42298],[6.04862,50.42281],[6.04936,50.42279],[6.04991,50.42298],[6.05052,50.42303],[6.05073,50.42296],[6.05118,50.42257],[6.05146,50.42249],[6.05351,50.42427],[6.05473,50.42472],[6.05686,50.42524]],[[6.05353,50.44179],[6.05353,50.44163],[6.05353,50.44179]],[[6.00228,50.42226],[6.00211,50.422],[6.00232,50.42184],[6.0025,50.42191],[6.00257,50.42203],[6.00228,50.42226]],[[6.05686,50.4129],[6.05606,50.41321],[6.05533,50.41339],[6.05484,50.41371],[6.05428,50.41376],[6.05391,50.41391],[6.05352,50.41451],[6.05344,50.41476],[6.05357,50.41506],[6.05348,50.41536],[6.05375,50.41613],[6.05368,50.41651],[6.05313,50.4176],[6.05279,50.41786],[6.05246,50.41794],[6.05189,50.41792],[6.05053,50.41762],[6.04808,50.41592],[6.04765,50.41506],[6.04763,50.41446],[6.04751,50.41383],[6.04758,50.413],[6.0474,50.4125],[6.04723,50.41236],[6.04681,50.41231],[6.04643,50.41174],[6.0459,50.41155],[6.04524,50.41112],[6.04469,50.41096],[6.04436,50.41062],[6.04352,50.41076],[6.04316,50.41094],[6.04286,50.41121],[6.04223,50.41141],[6.04168,50.41201],[6.04121,50.41281],[6.04094,50.41301],[6.04061,50.41312],[6.03958,50.41317],[6.03953,50.41309],[6.03981,50.41294],[6.03987,50.41282],[6.03936,50.41255],[6.03878,50.41285],[6.03875,50.41312],[6.03911,50.41341],[6.03916,50.4139],[6.03935,50.41412],[6.03978,50.41428],[6.04064,50.41417],[6.04143,50.4148],[6.0419,50.41507],[6.04136,50.41526],[6.04022,50.41523],[6.03977,50.41534],[6.03895,50.41572],[6.03807,50.41644],[6.03823,50.41693],[6.03824,50.41738],[6.03833,50.41765],[6.03851,50.4179],[6.03922,50.41846],[6.03918,50.41868],[6.03887,50.41887],[6.03808,50.41906],[6.0372,50.41911],[6.03449,50.41875],[6.03194,50.4188],[6.03095,50.41854],[6.02969,50.41871],[6.0273,50.41795],[6.02605,50.41777],[6.02355,50.417],[6.02257,50.41681],[6.01941,50.41589],[6.01907,50.4156],[6.01919,50.41519],[6.01899,50.41446],[6.01814,50.41391],[6.01769,50.4139],[6.01719,50.41416],[6.01611,50.41413],[6.01552,50.41433],[6.01438,50.41446],[6.01352,50.41423],[6.01397,50.41397],[6.0138,50.41346],[6.01412,50.41313],[6.01397,50.41276],[6.01281,50.41313],[6.01271,50.41341],[6.01225,50.41326],[6.01136,50.41313],[6.01129,50.41293],[6.01136,50.41262],[6.0113,50.41248],[6.01017,50.41179],[6.01007,50.41147],[6.01019,50.41117],[6.01038,50.41096],[6.01112,50.41056],[6.01162,50.40905],[6.01151,50.40888],[6.01063,50.40884],[6.00954,50.40912],[6.00897,50.40919],[6.00683,50.4087],[6.00598,50.40867],[6.00465,50.40882],[6.00349,50.40873],[6.00312,50.40857],[6.00292,50.40834],[6.00263,50.40764],[6.0026,50.40697],[6.00303,50.40559],[6.00388,50.40506],[6.00453,50.40454],[6.00519,50.4037],[6.00523,50.40303],[6.00503,50.4021],[6.00445,50.4012],[6.00424,50.40071],[6.00391,50.40036],[6.00307,50.40009],[6.00232,50.39969],[6.00098,50.39928],[6.0002,50.39889],[5.99978,50.39888],[5.99943,50.39914],[5.99897,50.39927],[5.9986,50.39957],[5.99811,50.39979],[5.99771,50.39949],[5.99705,50.39849],[5.99731,50.39755],[5.99723,50.39723],[5.99698,50.39677],[5.99785,50.39647],[5.99796,50.39613],[5.99793,50.39566],[5.9981,50.39556],[5.99837,50.39564],[5.99843,50.39594],[5.99892,50.39622],[5.9993,50.39631],[5.99942,50.39625],[5.99945,50.39596],[5.99958,50.39587],[6.00104,50.39607],[6.00215,50.39557],[6.00392,50.39513],[6.00436,50.39521],[6.00486,50.39551],[6.00543,50.39569],[6.00678,50.39589],[6.00834,50.39584],[6.01058,50.39545],[6.01188,50.39531],[6.01319,50.39542],[6.01501,50.39543],[6.0154,50.39562],[6.01556,50.39588],[6.01561,50.39618],[6.01647,50.39707],[6.01688,50.39722],[6.01798,50.39737],[6.01895,50.39726],[6.01917,50.3976],[6.01942,50.39776],[6.02057,50.39816],[6.02105,50.39824],[6.02214,50.398],[6.02273,50.39815],[6.02431,50.39755],[6.02561,50.39703],[6.0265,50.39647],[6.02686,50.39611],[6.02721,50.39589],[6.02816,50.39622],[6.02993,50.3962],[6.02988,50.39607],[6.02969,50.39601],[6.02856,50.39611],[6.02829,50.39594],[6.02825,50.39574],[6.02842,50.39553],[6.02866,50.39546],[6.02935,50.39554],[6.02996,50.39584],[6.03027,50.3958],[6.0306,50.39563],[6.03142,50.39504],[6.03204,50.3942],[6.03312,50.39368],[6.03327,50.39331],[6.03311,50.39292],[6.0323,50.39228],[6.02979,50.39133],[6.02688,50.39094],[6.02561,50.39096],[6.02539,50.39086],[6.02529,50.39057],[6.02537,50.39037],[6.02553,50.39023],[6.02635,50.38999],[6.02699,50.38899],[6.028,50.38815],[6.02828,50.38762],[6.02878,50.3871],[6.02893,50.38671],[6.02939,50.38648],[6.02953,50.3863],[6.02972,50.38595],[6.0297,50.38561],[6.02996,50.38526],[6.03018,50.38444],[6.03084,50.38345],[6.03097,50.3829],[6.03091,50.38272],[6.03022,50.38228],[6.02934,50.38192],[6.02816,50.38167],[6.02731,50.38182],[6.02686,50.38205],[6.02674,50.38199],[6.02665,50.38176],[6.02642,50.38173],[6.02562,50.38201],[6.02483,50.38204],[6.02366,50.3824],[6.02319,50.38237],[6.02256,50.38221],[6.02105,50.38238],[6.01906,50.38199],[6.01887,50.382],[6.01853,50.38217],[6.01834,50.38216],[6.0169,50.38158],[6.01675,50.38147],[6.01668,50.38127],[6.0168,50.38038],[6.01724,50.37978],[6.01876,50.37942],[6.02026,50.37924],[6.02185,50.37867],[6.02201,50.37839],[6.02227,50.37818],[6.02351,50.37769],[6.02389,50.37723],[6.02484,50.37677],[6.02499,50.37645],[6.0252,50.37624],[6.02602,50.37568],[6.02644,50.37562],[6.02678,50.37509],[6.02709,50.37496],[6.02892,50.37486],[6.02942,50.37504],[6.02973,50.37535],[6.03009,50.37533],[6.03126,50.37489],[6.0322,50.37463],[6.03513,50.37423],[6.03769,50.37366],[6.04058,50.37341],[6.04222,50.37378],[6.04311,50.37334],[6.04349,50.37372],[6.04358,50.37396],[6.0428,50.37423],[6.04271,50.37446],[6.04285,50.37477],[6.04344,50.37554],[6.04349,50.37581],[6.04318,50.37619],[6.04269,50.37643],[6.0423,50.37678],[6.04118,50.37733],[6.04064,50.37785],[6.04012,50.37923],[6.04034,50.3795],[6.0409,50.3798],[6.04335,50.38038],[6.04598,50.38057],[6.04683,50.38082],[6.04761,50.38068],[6.04824,50.38076],[6.04938,50.3804],[6.05188,50.38028],[6.05311,50.38006],[6.05558,50.38028],[6.05686,50.38003]],[[6.05686,50.41851],[6.05585,50.41844],[6.05577,50.41813],[6.05552,50.41787],[6.05534,50.4172],[6.05537,50.4162],[6.05557,50.41561],[6.05599,50.41529],[6.05686,50.41499]],[[6.04228,50.41646],[6.04195,50.4162],[6.04198,50.41596],[6.04305,50.41559],[6.04381,50.41556],[6.04484,50.4159],[6.04454,50.41613],[6.04435,50.41645],[6.04397,50.41661],[6.04319,50.4166],[6.04228,50.41646]],[[5.98728,50.41146],[5.98568,50.41109],[5.98469,50.41039],[5.98353,50.41006],[5.98316,50.40977],[5.98312,50.40919],[5.98269,50.40885],[5.98194,50.40871],[5.98147,50.40872],[5.98095,50.40892],[5.98059,50.40929],[5.97974,50.40902],[5.97971,50.40837],[5.98017,50.40801],[5.98103,50.40777],[5.98195,50.4073],[5.98253,50.40682],[5.98265,50.40658],[5.98228,50.40589],[5.98178,50.40551],[5.9812,50.40477],[5.98042,50.40426],[5.98015,50.40399],[5.98006,50.4037],[5.98019,50.4034],[5.97993,50.40306],[5.97926,50.40284],[5.97848,50.40238],[5.97696,50.40173],[5.97647,50.40165],[5.97601,50.40169],[5.97588,50.40175],[5.9757,50.40202],[5.97554,50.40203],[5.97536,50.40171],[5.97479,50.40117],[5.97266,50.40112],[5.97231,50.40135],[5.97187,50.40202],[5.97136,50.40208],[5.97053,50.40204],[5.97018,50.40201],[5.96948,50.40146],[5.96937,50.40117],[5.96897,50.40113],[5.96818,50.40088],[5.96728,50.40092],[5.96565,50.4006],[5.96526,50.40031],[5.96488,50.39977],[5.96477,50.39951],[5.96486,50.39918],[5.9648,50.39891],[5.96395,50.39845],[5.96356,50.3981],[5.96302,50.39783],[5.96226,50.3973],[5.96191,50.39602],[5.96196,50.39578],[5.96213,50.39559],[5.96268,50.39534],[5.96412,50.39493],[5.96465,50.39483],[5.96567,50.3948],[5.9664,50.39459],[5.96661,50.39472],[5.96683,50.3951],[5.96728,50.39513],[5.96798,50.39497],[5.96824,50.39498],[5.96853,50.39507],[5.96892,50.39548],[5.96931,50.39563],[5.97011,50.3958],[5.97152,50.39575],[5.97248,50.3962],[5.97415,50.39674],[5.97532,50.39696],[5.97626,50.39685],[5.97676,50.39665],[5.97709,50.39664],[5.9776,50.39677],[5.97808,50.39709],[5.97968,50.39744],[5.9798,50.3975],[5.97987,50.3979],[5.98045,50.39878],[5.98143,50.39951],[5.98198,50.39967],[5.9831,50.40023],[5.98366,50.40025],[5.98514,50.40055],[5.98525,50.40048],[5.98549,50.40002],[5.98602,50.39957],[5.98642,50.39944],[5.98673,50.39953],[5.98716,50.40012],[5.9877,50.40062],[5.98763,50.4012],[5.98768,50.40146],[5.98815,50.40173],[5.98699,50.40227],[5.98692,50.40241],[5.98703,50.40265],[5.98726,50.40286],[5.9886,50.40307],[5.99163,50.40484],[5.99189,50.40506],[5.99209,50.40547],[5.99235,50.40615],[5.99232,50.40661],[5.99247,50.40692],[5.99291,50.40727],[5.99357,50.40748],[5.99368,50.40766],[5.99359,50.40792],[5.99265,50.40853],[5.99228,50.40868],[5.99153,50.40881],[5.99057,50.40939],[5.99017,50.40944],[5.9897,50.40935],[5.98942,50.40921],[5.98949,50.40897],[5.99071,50.40869],[5.99086,50.40845],[5.99056,50.40709],[5.99016,50.40657],[5.98975,50.40731],[5.98958,50.408],[5.98959,50.40845],[5.98949,50.40872],[5.98934,50.40887],[5.98889,50.40894],[5.98869,50.40932],[5.98881,50.40978],[5.98848,50.40998],[5.98773,50.41117],[5.98728,50.41146]],[[5.98894,50.41019],[5.98882,50.41007],[5.98892,50.40989],[5.98899,50.41004],[5.98894,50.41019]],[[5.97311,50.4023],[5.973,50.40189],[5.9728,50.40167],[5.97241,50.40148],[5.97247,50.40135],[5.97282,50.40122],[5.97334,50.40123],[5.97374,50.40142],[5.97377,50.40158],[5.97364,50.40185],[5.97311,50.4023]],[[5.99978,50.39842],[5.99928,50.39822],[5.99801,50.39815],[5.99806,50.39805],[5.99856,50.39796],[5.99868,50.39783],[5.99852,50.39771],[5.99798,50.39757],[5.99891,50.39745],[5.99933,50.39728],[5.99957,50.39703],[5.99934,50.39682],[5.99934,50.39663],[5.99941,50.39661],[5.99986,50.39702],[5.99995,50.398],[5.99978,50.39842]],[[6.02436,50.39704],[6.0242,50.39686],[6.02421,50.39673],[6.02441,50.39673],[6.02436,50.39704]],[[6.01561,50.3951],[6.0156,50.39504],[6.01561,50.3951]],[[5.95519,50.38563],[5.95534,50.38531],[5.9562,50.38477],[5.95787,50.38466],[5.95936,50.38474],[5.96056,50.38508],[5.96093,50.38568],[5.96142,50.38574],[5.96195,50.38569],[5.96213,50.38559],[5.96218,50.38531],[5.96232,50.3851],[5.9628,50.38489],[5.96354,50.38424],[5.96353,50.38357],[5.96389,50.38326],[5.96428,50.38312],[5.96517,50.38298],[5.96611,50.38318],[5.96722,50.3831],[5.96818,50.38319],[5.97062,50.38147],[5.97093,50.38116],[5.97167,50.38095],[5.97173,50.38084],[5.9717,50.38056],[5.97212,50.38031],[5.97225,50.38005],[5.97223,50.37946],[5.97247,50.37894],[5.97228,50.37839],[5.97206,50.37808],[5.97148,50.37757],[5.97066,50.37724],[5.97053,50.37701],[5.9707,50.37676],[5.97066,50.37666],[5.96975,50.37646],[5.96952,50.37599],[5.96956,50.37587],[5.96973,50.37575],[5.97018,50.37581],[5.97102,50.37618],[5.97149,50.3762],[5.97225,50.37605],[5.97264,50.37616],[5.97344,50.37677],[5.97353,50.377],[5.9735,50.37734],[5.97366,50.37783],[5.97385,50.37803],[5.97407,50.37809],[5.9752,50.37794],[5.97648,50.37867],[5.97664,50.37894],[5.97687,50.37979],[5.97664,50.38015],[5.97654,50.38092],[5.97642,50.38102],[5.97597,50.38114],[5.9758,50.3813],[5.97555,50.38205],[5.9756,50.38238],[5.97605,50.38298],[5.97649,50.38312],[5.97727,50.38314],[5.97768,50.38284],[5.97975,50.38263],[5.98104,50.38286],[5.98147,50.3823],[5.98219,50.38218],[5.98283,50.38187],[5.98475,50.38141],[5.98624,50.38086],[5.98761,50.38062],[5.98839,50.38056],[5.98932,50.38086],[5.9898,50.38091],[5.99019,50.38033],[5.99282,50.37958],[5.99304,50.37932],[5.99302,50.37915],[5.99225,50.37843],[5.99185,50.37785],[5.99185,50.3775],[5.99208,50.3772],[5.99222,50.37673],[5.99253,50.37618],[5.99277,50.37595],[5.99357,50.37563],[5.99394,50.37488],[5.99474,50.37475],[5.9952,50.37438],[5.99565,50.37373],[5.99597,50.37309],[5.99662,50.3722],[5.99727,50.3709],[5.99762,50.37054],[5.9978,50.37055],[5.99791,50.37068],[5.99775,50.37116],[5.99774,50.37155],[5.99765,50.37172],[5.99705,50.3722],[5.99695,50.37241],[5.9971,50.37342],[5.99752,50.37408],[5.99754,50.37484],[5.99814,50.37586],[5.99889,50.37648],[6.00114,50.37752],[6.00168,50.37762],[6.00397,50.37767],[6.00438,50.37758],[6.00484,50.3773],[6.00428,50.37703],[6.00432,50.37672],[6.00567,50.3762],[6.00662,50.37609],[6.00716,50.3759],[6.00724,50.37574],[6.00726,50.3753],[6.00794,50.37456],[6.00811,50.37422],[6.0094,50.37353],[6.00997,50.37314],[6.01139,50.37268],[6.01316,50.37176],[6.01344,50.37145],[6.01373,50.37089],[6.01435,50.37026],[6.01442,50.37006],[6.0143,50.36976],[6.01429,50.36939],[6.01434,50.36918],[6.01452,50.36896]],[[5.95644,50.38539],[5.95623,50.38522],[5.95625,50.385],[5.95657,50.38486],[5.9569,50.38491],[5.95696,50.38505],[5.9569,50.38518],[5.95644,50.38539]],[[6.02936,50.38315],[6.02908,50.38312],[6.02936,50.38315]],[[6.04269,50.37327],[6.04245,50.37317],[6.04243,50.37308],[6.04262,50.37296],[6.0428,50.37299],[6.04288,50.37315],[6.04269,50.37327]],[[6.04103,50.37296],[6.04089,50.37284],[6.04083,50.37262],[6.0409,50.37249],[6.04107,50.37243],[6.04189,50.37255],[6.04253,50.37285],[6.04242,50.37298],[6.04219,50.37305],[6.04103,50.37296]],[[6.05686,50.37036],[6.05636,50.37037],[6.0554,50.36979],[6.05454,50.36963],[6.05355,50.36929],[6.05312,50.36923],[6.0527,50.36896]]]}},{"type":"Feature","properties":{"ele":420},"geometry":{"type":"MultiLineString","coordinates":[[[5.97292,50.44923],[5.97267,50.4489],[5.97228,50.44888],[5.97189,50.44902],[5.97175,50.44899],[5.97172,50.44892],[5.97191,50.44869],[5.97184,50.44842],[5.97141,50.44833],[5.97019,50.44786],[5.9702,50.44756],[5.96975,50.44674],[5.96977,50.4459],[5.96992,50.44557],[5.96993,50.44533],[5.96978,50.44506],[5.96938,50.44492],[5.96892,50.44489],[5.96812,50.44499],[5.96646,50.44563],[5.96498,50.44639],[5.96456,50.44674],[5.96437,50.44706],[5.96409,50.447],[5.96387,50.44651],[5.96331,50.44617],[5.96339,50.44588],[5.96337,50.44554],[5.96354,50.44516],[5.96476,50.44337],[5.96494,50.44258],[5.96519,50.44228],[5.96525,50.44199],[5.96561,50.44151],[5.96605,50.44037],[5.96617,50.43967],[5.96642,50.43894],[5.96703,50.43786],[5.96709,50.4372],[5.96684,50.43648],[5.96631,50.43588],[5.96552,50.43545],[5.96438,50.43524],[5.96359,50.43537],[5.96324,50.43535],[5.96226,50.43479],[5.96147,50.43468],[5.96079,50.43445],[5.96006,50.43442],[5.95971,50.43433],[5.95831,50.43343],[5.95822,50.43324],[5.95825,50.43276],[5.95817,50.43254],[5.95741,50.43254],[5.95682,50.43241],[5.95588,50.43178],[5.95519,50.4312]],[[5.97549,50.44923],[5.97593,50.44849],[5.9761,50.44759],[5.9769,50.44709],[5.9773,50.44675],[5.97739,50.44547],[5.97746,50.44532],[5.97782,50.44519],[5.97881,50.44542],[5.97915,50.44538],[5.97941,50.44486],[5.97959,50.44472],[5.97991,50.4446],[5.98066,50.44451],[5.97969,50.44395],[5.98032,50.44391],[5.98061,50.44379],[5.98069,50.44368],[5.97975,50.44337],[5.97964,50.44342],[5.97945,50.44377],[5.97923,50.44381],[5.97804,50.44347],[5.97739,50.44316],[5.9773,50.443],[5.97737,50.44284],[5.97787,50.44255],[5.97814,50.44229],[5.97682,50.44229],[5.97522,50.44261],[5.97485,50.44247],[5.97363,50.4414],[5.97371,50.44099],[5.97403,50.4404],[5.97406,50.43953],[5.97392,50.43931],[5.9727,50.43968],[5.97148,50.44037],[5.97138,50.44034],[5.97135,50.44006],[5.97171,50.43956],[5.97169,50.43915],[5.97219,50.43824],[5.97221,50.43755],[5.97229,50.43731],[5.97366,50.43721],[5.97399,50.43707],[5.97409,50.43686],[5.97412,50.4363],[5.97395,50.43561],[5.97377,50.43536],[5.9737,50.43505],[5.97324,50.43473],[5.97346,50.43422],[5.97368,50.4329],[5.9736,50.43217],[5.97363,50.43147],[5.97351,50.43097],[5.97298,50.43077],[5.97183,50.43081],[5.97056,50.43063],[5.97033,50.43037],[5.97064,50.43005],[5.97016,50.43025],[5.96935,50.43007],[5.96919,50.42957],[5.96937,50.42926],[5.96934,50.42903],[5.96896,50.42885],[5.96803,50.42881],[5.96724,50.42914],[5.96688,50.4292],[5.96521,50.42908],[5.9651,50.42893],[5.96512,50.42811],[5.96531,50.42756],[5.96353,50.42634],[5.96312,50.42611],[5.96277,50.42603],[5.96238,50.42617],[5.96275,50.42644],[5.96264,50.42655],[5.96162,50.4264],[5.96105,50.42642],[5.96074,50.42633],[5.96013,50.42594],[5.9599,50.42558],[5.95849,50.42508],[5.95585,50.42314],[5.95561,50.42304],[5.95519,50.42302]],[[6.03957,50.44923],[6.03976,50.44893],[6.03996,50.44814],[6.04019,50.44784],[6.04095,50.44753],[6.04151,50.44685],[6.04238,50.44653],[6.04293,50.44618],[6.04313,50.4457],[6.04315,50.44535],[6.04306,50.4452],[6.04235,50.4449],[6.04144,50.44479],[6.04104,50.44437],[6.0404,50.44393],[6.03934,50.4434],[6.03878,50.44354],[6.03806,50.44417],[6.03778,50.44484],[6.03728,50.44544],[6.03701,50.44503],[6.03648,50.44477],[6.03513,50.44451],[6.03482,50.44419],[6.03471,50.44342],[6.03438,50.44283],[6.03393,50.44255],[6.03334,50.44235],[6.03277,50.44236],[6.03229,50.44258],[6.03204,50.44286],[6.03206,50.44338],[6.03188,50.44375],[6.0316,50.44402],[6.03126,50.44413],[6.03074,50.44406],[6.03023,50.44381],[6.02998,50.44315],[6.02973,50.44293],[6.02746,50.44309],[6.02684,50.44289],[6.02651,50.44252],[6.0264,50.44172],[6.02688,50.44157],[6.02803,50.4416],[6.02893,50.44145],[6.02939,50.44115],[6.02966,50.44074],[6.02979,50.44035],[6.02951,50.44008],[6.02936,50.43979],[6.02855,50.43922],[6.02827,50.43891],[6.0278,50.4386],[6.02709,50.43834],[6.02687,50.4381],[6.02648,50.43725],[6.02574,50.43736],[6.02489,50.43762],[6.02425,50.43757],[6.0245,50.43717],[6.02457,50.43658],[6.02475,50.4362],[6.02524,50.43591],[6.02541,50.43568],[6.0254,50.43554],[6.02499,50.4348],[6.02428,50.43457],[6.02314,50.43461],[6.02271,50.4348],[6.02228,50.43514],[6.0206,50.43582],[6.0204,50.4357],[6.02032,50.4355],[6.02048,50.43491],[6.02069,50.43455],[6.02066,50.43446],[6.01954,50.43425],[6.01849,50.4343],[6.01827,50.43414],[6.01832,50.43389],[6.01945,50.433],[6.01991,50.43288],[6.02131,50.43274],[6.02292,50.43231],[6.02299,50.43204],[6.02239,50.43151],[6.02234,50.43113],[6.02209,50.43104],[6.02173,50.43104],[6.02089,50.4313],[6.02022,50.43139],[6.01886,50.43127],[6.01777,50.43135],[6.01727,50.43121],[6.01747,50.43088],[6.01767,50.43003],[6.01797,50.42975],[6.01842,50.42948],[6.01851,50.42922],[6.01915,50.42862],[6.01921,50.42846],[6.01915,50.42835],[6.01838,50.42814],[6.01802,50.42796],[6.01761,50.4279],[6.0172,50.42794],[6.0164,50.42823],[6.01561,50.42826],[6.01514,50.4279],[6.01492,50.42723],[6.01454,50.42708],[6.01318,50.42732],[6.0127,50.42766],[6.01235,50.42777],[6.01194,50.4278],[6.01158,50.42769],[6.0114,50.42758],[6.01121,50.42704],[6.01086,50.42673],[6.01093,50.42618],[6.0111,50.42584],[6.01111,50.42559],[6.00968,50.42508],[6.00952,50.42481],[6.00949,50.42367],[6.00813,50.42312],[6.00647,50.42269],[6.00522,50.42278],[6.00479,50.4226],[6.00434,50.42229],[6.00306,50.42229],[6.00306,50.42258],[6.00385,50.42352],[6.00486,50.42395],[6.00475,50.42412],[6.00433,50.42417],[6.00371,50.42447],[6.00365,50.42457],[6.0039,50.42507],[6.00402,50.42561],[6.0044,50.42642],[6.00445,50.42672],[6.00434,50.42679],[6.00392,50.42661],[6.00272,50.42588],[6.00229,50.42595],[6.00186,50.42644],[6.0018,50.42727],[6.00196,50.428],[6.00199,50.4287],[6.00164,50.42967],[6.00194,50.43035],[6.00197,50.43071],[6.00191,50.43095],[6.00147,50.43153],[6.00135,50.43157],[6.00092,50.43147],[6.00066,50.43115],[5.99954,50.43041],[5.99945,50.43029],[5.99946,50.43006],[5.99937,50.42998],[5.99894,50.42991],[5.99839,50.42969],[5.99647,50.42942],[5.99569,50.42943],[5.99523,50.42919],[5.99475,50.42913],[5.99402,50.42883],[5.99293,50.42853],[5.99184,50.4284],[5.99107,50.42821],[5.99034,50.42785],[5.99131,50.42776],[5.99153,50.42764],[5.99151,50.4275],[5.99063,50.42732],[5.98972,50.42764],[5.98936,50.42757],[5.98897,50.42736],[5.98841,50.42735],[5.98829,50.42726],[5.98817,50.42695],[5.98769,50.42702],[5.98724,50.42675],[5.98711,50.42645],[5.98675,50.4262],[5.98601,50.42594],[5.98555,50.42565],[5.98423,50.42543],[5.98355,50.4252],[5.98312,50.42518],[5.98272,50.42499],[5.98225,50.42501],[5.98161,50.42471],[5.98116,50.4246],[5.97892,50.42457],[5.97808,50.42446],[5.9773,50.42422],[5.97678,50.42431],[5.97558,50.42418],[5.97444,50.42375],[5.97271,50.42332],[5.97164,50.42286],[5.97022,50.42239],[5.96829,50.42186],[5.96603,50.42146],[5.96519,50.42107],[5.9623,50.42024],[5.96113,50.41949],[5.96055,50.41886],[5.9602,50.41868],[5.95939,50.41848],[5.95859,50.41804],[5.95778,50.41775],[5.95754,50.41777],[5.95723,50.41798],[5.95673,50.41932],[5.95627,50.41995],[5.95568,50.4204],[5.95519,50.4205]],[[6.0418,50.44923],[6.04221,50.44884],[6.04268,50.44862],[6.04392,50.44869],[6.0444,50.44858],[6.04561,50.44898],[6.04609,50.44878],[6.04658,50.44817],[6.047,50.44731],[6.04752,50.44675],[6.04755,50.44633],[6.04798,50.44547],[6.04793,50.44481],[6.04871,50.4447],[6.0497,50.4448],[6.04992,50.44506],[6.04998,50.44533],[6.04978,50.44563],[6.04881,50.4461],[6.04864,50.44633],[6.04862,50.44658],[6.04895,50.44706],[6.04933,50.44714],[6.04996,50.44707],[6.05057,50.44733],[6.05067,50.44751],[6.05067,50.44769],[6.05061,50.44785],[6.05034,50.44811],[6.05032,50.44828],[6.0506,50.44896],[6.05094,50.44923]],[[6.0516,50.44923],[6.05211,50.44893],[6.05206,50.44871],[6.0517,50.44837],[6.05176,50.44811],[6.05191,50.44801],[6.05225,50.44798],[6.05276,50.44812],[6.05345,50.44816],[6.05506,50.44794],[6.056,50.44769],[6.05686,50.44784]],[[5.97394,50.44896],[5.97366,50.44873],[5.97367,50.44859],[5.97393,50.44839],[5.97436,50.44847],[5.97445,50.44863],[5.97442,50.44877],[5.97394,50.44896]],[[5.97478,50.4476],[5.97476,50.44754],[5.97506,50.44749],[5.97531,50.44756],[5.97518,50.44763],[5.97478,50.4476]],[[5.96478,50.4451],[5.96477,50.44502],[5.96478,50.4451]],[[6.05686,50.44502],[6.05563,50.44479],[6.05485,50.44499],[6.05445,50.44494],[6.05434,50.44486],[6.05413,50.44439],[6.05374,50.44396],[6.05371,50.4437],[6.05399,50.44331],[6.054,50.44231],[6.05392,50.44201],[6.05403,50.44175],[6.05444,50.44148],[6.05453,50.4413],[6.05451,50.44115],[6.05435,50.44103],[6.05397,50.44095],[6.05351,50.44116],[6.0532,50.44154],[6.05317,50.44206],[6.0526,50.44237],[6.0522,50.44247],[6.05147,50.44247],[6.05063,50.44224],[6.05056,50.44201],[6.05064,50.44178],[6.05127,50.44095],[6.05139,50.44071],[6.05137,50.4405],[6.05121,50.44032],[6.04946,50.43949],[6.04926,50.43926],[6.0492,50.43895],[6.04892,50.4387],[6.04891,50.43846],[6.04922,50.43805],[6.0508,50.43704],[6.05101,50.43671],[6.05103,50.43643],[6.04969,50.43644],[6.04829,50.43694],[6.04727,50.437],[6.04684,50.43726],[6.04647,50.43771],[6.04548,50.43795],[6.04408,50.43793],[6.0431,50.43753],[6.04236,50.43764],[6.04168,50.43796],[6.04116,50.43807],[6.04032,50.43805],[6.03938,50.43787],[6.03812,50.43783],[6.03651,50.43752],[6.03539,50.43706],[6.03503,50.43674],[6.03384,50.43626],[6.03348,50.43593],[6.03288,50.43565],[6.0327,50.43534],[6.03229,50.43526],[6.0318,50.43483],[6.03163,50.43453],[6.03159,50.43404],[6.03194,50.4329],[6.03185,50.43246],[6.03227,50.43229],[6.03308,50.4325],[6.03546,50.43285],[6.03664,50.4334],[6.03674,50.43368],[6.03709,50.43366],[6.03669,50.43314],[6.0368,50.43255],[6.03617,50.43171],[6.03576,50.43139],[6.03479,50.43087],[6.03422,50.43044],[6.03408,50.43026],[6.03393,50.42981],[6.03313,50.42931],[6.03227,50.42818],[6.03187,50.42781],[6.03177,50.42756],[6.0319,50.42731],[6.03309,50.42687],[6.0336,50.42676],[6.03423,50.42679],[6.03606,50.42755],[6.0376,50.42765],[6.03811,50.42729],[6.03923,50.42672],[6.03976,50.42584],[6.04017,50.42571],[6.04052,50.42575],[6.04067,50.42584],[6.04083,50.4262],[6.04071,50.42776],[6.04124,50.42901],[6.04185,50.42927],[6.04408,50.43051],[6.04511,50.43068],[6.04564,50.4309],[6.04704,50.43112],[6.04726,50.43108],[6.04764,50.43076],[6.04804,50.4306],[6.04902,50.43067],[6.04942,50.43062],[6.04894,50.43036],[6.04846,50.4298],[6.04768,50.42965],[6.04678,50.42924],[6.04537,50.42883],[6.04483,50.42853],[6.04435,50.42813],[6.04436,50.42701],[6.04415,50.42678],[6.04411,50.42665],[6.04469,50.42505],[6.04454,50.42432],[6.04476,50.42392],[6.04563,50.42362],[6.04604,50.42376],[6.04682,50.42366],[6.04727,50.42374],[6.0485,50.4237],[6.05019,50.42396],[6.05172,50.42402],[6.05196,50.42397],[6.05228,50.42366],[6.05345,50.4244],[6.05398,50.42464],[6.05501,50.42498],[6.05686,50.42539]],[[5.96561,50.44403],[5.96561,50.44392],[5.96561,50.44403]],[[5.97603,50.44371],[5.97595,50.44346],[5.97605,50.44333],[5.97647,50.44325],[5.9769,50.44339],[5.97646,50.44369],[5.97603,50.44371]],[[5.95728,50.4337],[5.95682,50.4334],[5.95728,50.4337]],[[5.97228,50.43273],[5.97217,50.43257],[5.97226,50.43239],[5.97236,50.43255],[5.97228,50.43273]],[[5.97228,50.43167],[5.97206,50.43144],[5.97234,50.43141],[5.97228,50.43167]],[[6.00103,50.42259],[6.00104,50.42249],[6.00126,50.42245],[6.00165,50.42256],[6.00145,50.42264],[6.00103,50.42259]],[[6.00061,50.42212],[6.00038,50.42201],[6.00065,50.42197],[6.00061,50.42212]],[[6.00019,50.42194],[6.00001,50.42173],[6.00026,50.42172],[6.00019,50.42194]],[[6.05686,50.41197],[6.05658,50.41224],[6.05653,50.41257],[6.05597,50.41253],[6.05572,50.41287],[6.05459,50.41275],[6.05348,50.41283],[6.05311,50.41293],[6.05289,50.41341],[6.05266,50.41367],[6.05264,50.41397],[6.05247,50.41442],[6.05219,50.41482],[6.05183,50.41667],[6.05147,50.41703],[6.05084,50.41709],[6.05059,50.41703],[6.04977,50.41646],[6.04894,50.41615],[6.04842,50.41586],[6.04822,50.41522],[6.0482,50.41477],[6.04833,50.41429],[6.04897,50.41313],[6.04885,50.41255],[6.0489,50.41182],[6.04883,50.41168],[6.04715,50.41066],[6.04674,50.41019],[6.0465,50.40974],[6.04633,50.40962],[6.04606,50.4095],[6.0456,50.40949],[6.04474,50.40986],[6.04457,50.40973],[6.04443,50.4092],[6.044,50.40919],[6.04343,50.40952],[6.04333,50.40981],[6.04333,50.41029],[6.04324,50.41044],[6.04188,50.41152],[6.04144,50.41173],[6.04117,50.41199],[6.04102,50.41228],[6.04062,50.41262],[6.03988,50.41223],[6.03917,50.41203],[6.03807,50.41198],[6.03713,50.41328],[6.03706,50.41352],[6.03717,50.41373],[6.03766,50.41408],[6.03809,50.41425],[6.03903,50.4148],[6.03896,50.41507],[6.03757,50.41641],[6.03791,50.41682],[6.03803,50.41756],[6.03844,50.41814],[6.0384,50.41838],[6.03812,50.41857],[6.03709,50.41876],[6.03584,50.41862],[6.03501,50.41841],[6.0334,50.4185],[6.03152,50.41817],[6.03058,50.41828],[6.0298,50.41817],[6.02903,50.4182],[6.02735,50.41766],[6.0264,50.41764],[6.02444,50.41714],[6.02303,50.41675],[6.02188,50.41631],[6.02097,50.41619],[6.01979,50.41589],[6.01935,50.41562],[6.01951,50.41522],[6.01934,50.4148],[6.01938,50.4142],[6.0185,50.41362],[6.01803,50.41348],[6.01741,50.4135],[6.01647,50.41385],[6.0148,50.41416],[6.01449,50.41415],[6.01434,50.41408],[6.01428,50.4139],[6.01429,50.41339],[6.01456,50.413],[6.01454,50.41262],[6.01441,50.41245],[6.01392,50.4124],[6.01309,50.4126],[6.0126,50.4122],[6.01144,50.41201],[6.01083,50.41179],[6.01071,50.41161],[6.01071,50.41137],[6.01098,50.41091],[6.01142,50.41074],[6.01198,50.41066],[6.01228,50.41035],[6.01191,50.40982],[6.01185,50.40951],[6.01212,50.40918],[6.01285,50.40869],[6.01265,50.40843],[6.01173,50.4083],[6.00897,50.40851],[6.00849,50.40844],[6.00801,50.40818],[6.00694,50.40794],[6.00475,50.40806],[6.00428,50.408],[6.00377,50.40778],[6.00347,50.40746],[6.00334,50.40717],[6.00345,50.40675],[6.00326,50.40644],[6.00323,50.40623],[6.00348,50.40563],[6.0043,50.40525],[6.00557,50.40504],[6.00609,50.40454],[6.00643,50.40401],[6.00665,50.40342],[6.00707,50.40293],[6.00719,50.40234],[6.00708,50.40207],[6.00655,50.40131],[6.00599,50.4012],[6.00614,50.40078],[6.00598,50.4004],[6.00488,50.39963],[6.00431,50.39958],[6.00381,50.39927],[6.00236,50.39813],[6.00222,50.39785],[6.00248,50.39705],[6.00355,50.39655],[6.00553,50.39663],[6.00746,50.3966],[6.00954,50.39626],[6.01064,50.39619],[6.01111,50.396],[6.01231,50.39634],[6.01345,50.39652],[6.01429,50.39676],[6.0156,50.39782],[6.0159,50.39794],[6.01678,50.39809],[6.01767,50.39802],[6.01805,50.39808],[6.01944,50.39864],[6.02057,50.39898],[6.021,50.39887],[6.02185,50.39835],[6.0227,50.39876],[6.02366,50.39849],[6.02506,50.39825],[6.02566,50.39843],[6.02574,50.39838],[6.0257,50.39807],[6.02577,50.39787],[6.02626,50.39756],[6.02609,50.39713],[6.02633,50.39686],[6.0273,50.39649],[6.02866,50.39656],[6.03001,50.39639],[6.03033,50.39628],[6.0307,50.39597],[6.03096,50.39559],[6.0319,50.39508],[6.03253,50.39425],[6.03345,50.39372],[6.03432,50.39279],[6.03478,50.39257],[6.03315,50.39187],[6.03185,50.39116],[6.03063,50.3908],[6.0282,50.39047],[6.02798,50.39036],[6.02787,50.39008],[6.02786,50.38974],[6.028,50.38929],[6.02787,50.38901],[6.0279,50.38888],[6.02885,50.38836],[6.02978,50.38729],[6.03028,50.38701],[6.03081,50.38651],[6.03099,50.38581],[6.03072,50.38522],[6.03085,50.38488],[6.03102,50.38473],[6.03189,50.38454],[6.03228,50.38421],[6.0325,50.38367],[6.03304,50.38334],[6.03315,50.38223],[6.03307,50.38202],[6.03273,50.38173],[6.03103,50.38105],[6.0306,50.3808],[6.02973,50.38063],[6.02866,50.38058],[6.02721,50.38085],[6.02615,50.38128],[6.02407,50.3818],[6.02353,50.38206],[6.02311,50.38189],[6.02228,50.38173],[6.02105,50.38168],[6.01959,50.38146],[6.01928,50.38152],[6.01864,50.38183],[6.01829,50.38185],[6.01803,50.38179],[6.01752,50.3815],[6.01722,50.38121],[6.01724,50.38061],[6.01735,50.38034],[6.01761,50.38005],[6.01809,50.37979],[6.02017,50.3795],[6.02069,50.37963],[6.02107,50.37962],[6.02124,50.37951],[6.02135,50.37921],[6.02175,50.37894],[6.02268,50.37863],[6.02418,50.37829],[6.02482,50.37804],[6.02518,50.37783],[6.02538,50.37755],[6.02511,50.37745],[6.02442,50.37739],[6.02432,50.37728],[6.02496,50.37707],[6.02564,50.37705],[6.02555,50.37668],[6.02574,50.37644],[6.02641,50.3759],[6.02728,50.3757],[6.02765,50.37534],[6.02808,50.37519],[6.02852,50.37507],[6.02898,50.37506],[6.02852,50.37562],[6.02899,50.37591],[6.03048,50.37582],[6.03147,50.37546],[6.03293,50.37522],[6.03412,50.37519],[6.03516,50.37506],[6.03725,50.37439],[6.0386,50.37428],[6.03965,50.37428],[6.04071,50.37448],[6.04108,50.37472],[6.04186,50.37562],[6.04184,50.37618],[6.04225,50.37632],[6.04235,50.37647],[6.04145,50.37702],[6.0398,50.37725],[6.03894,50.37775],[6.03833,50.3784],[6.03807,50.37893],[6.03799,50.37946],[6.03804,50.37975],[6.03839,50.3801],[6.03935,50.38063],[6.04048,50.38097],[6.0431,50.38154],[6.04371,50.38159],[6.04532,50.38149],[6.04709,50.38157],[6.04769,50.38144],[6.04814,50.38152],[6.05019,50.3812],[6.05074,50.381],[6.05146,50.38088],[6.05267,50.38086],[6.0536,50.3807],[6.05517,50.38074],[6.05603,50.38091],[6.05686,50.38073]],[[6.05228,50.4177],[6.05211,50.41754],[6.05225,50.41728],[6.05276,50.41727],[6.05275,50.4176],[6.05228,50.4177]],[[6.05686,50.41758],[6.05645,50.41728],[6.05586,50.41702],[6.05558,50.41637],[6.05562,50.41611],[6.05605,50.41564],[6.05642,50.4155],[6.05686,50.41551]],[[6.04311,50.41621],[6.04292,50.41593],[6.04311,50.4158],[6.04371,50.41579],[6.04402,50.41587],[6.04408,50.41599],[6.04406,50.4162],[6.04393,50.41629],[6.04311,50.41621]],[[6.04061,50.41456],[6.0406,50.41449],[6.04061,50.41456]],[[5.98644,50.41064],[5.98527,50.40994],[5.98381,50.4095],[5.98351,50.40928],[5.98364,50.40895],[5.98339,50.40877],[5.98251,50.40849],[5.98178,50.40851],[5.98052,50.4084],[5.98053,50.40811],[5.98145,50.40789],[5.98236,50.40742],[5.98336,50.40727],[5.98366,50.40695],[5.98378,50.40668],[5.98331,50.40592],[5.98276,50.40529],[5.98226,50.40426],[5.98132,50.40374],[5.98129,50.40362],[5.98145,50.4034],[5.9813,50.4031],[5.98105,50.40283],[5.98019,50.40229],[5.97829,50.40144],[5.97709,50.40141],[5.97604,50.40125],[5.97561,50.4009],[5.97501,50.40076],[5.97431,50.40093],[5.97269,50.40062],[5.97226,50.40088],[5.97181,50.40142],[5.97095,50.40168],[5.97037,50.40163],[5.97016,50.40152],[5.97008,50.40127],[5.97014,50.40107],[5.97036,50.40091],[5.97032,50.40087],[5.96897,50.40042],[5.96775,50.4004],[5.96729,50.40027],[5.96648,50.40019],[5.96611,50.40003],[5.96559,50.39926],[5.96533,50.39859],[5.96501,50.39821],[5.96445,50.39793],[5.96349,50.39762],[5.96303,50.39729],[5.9628,50.39675],[5.96266,50.39587],[5.96293,50.3956],[5.96337,50.3954],[5.96476,50.395],[5.96601,50.39499],[5.96648,50.39533],[5.96689,50.39544],[5.96813,50.39519],[5.96853,50.39534],[5.96887,50.39571],[5.96908,50.39582],[5.97011,50.39603],[5.971,50.39592],[5.97142,50.39595],[5.97334,50.39684],[5.97438,50.39716],[5.97543,50.39735],[5.97709,50.39736],[5.97907,50.39763],[5.97939,50.39777],[5.97962,50.39811],[5.97963,50.39846],[5.98057,50.39925],[5.98075,50.39974],[5.98094,50.39996],[5.98204,50.39994],[5.98236,50.40005],[5.98257,50.40041],[5.98279,50.40057],[5.98329,50.40068],[5.98395,50.40062],[5.98461,50.40114],[5.98478,50.40145],[5.98514,50.40162],[5.98523,50.40158],[5.9853,50.4012],[5.9856,50.40087],[5.986,50.40004],[5.98647,50.39997],[5.9869,50.40033],[5.98728,50.40116],[5.98658,50.40231],[5.98663,50.40255],[5.98683,50.40285],[5.98725,50.40303],[5.98787,50.40315],[5.98858,50.40362],[5.99034,50.40448],[5.99107,50.4051],[5.99097,50.40526],[5.99027,50.40515],[5.98893,50.40535],[5.98901,50.40619],[5.98855,50.40763],[5.98806,50.40762],[5.98784,50.40724],[5.98746,50.407],[5.98737,50.4067],[5.98724,50.40667],[5.98727,50.4071],[5.98782,50.40843],[5.98773,50.40981],[5.98756,50.41043],[5.98733,50.41075],[5.98644,50.41064]],[[5.99144,50.40798],[5.99132,50.40788],[5.99132,50.40776],[5.99144,50.40756],[5.99168,50.40752],[5.9923,50.40755],[5.99272,50.40784],[5.9923,50.40789],[5.99183,50.40807],[5.99144,50.40798]],[[5.99144,50.4063],[5.99099,50.4059],[5.99103,50.40556],[5.99135,50.40541],[5.99148,50.40544],[5.99156,50.40564],[5.99144,50.4063]],[[5.98603,50.40407],[5.98587,50.40363],[5.98602,50.40311],[5.98615,50.40338],[5.98618,50.4039],[5.98603,50.40407]],[[5.98519,50.40206],[5.98519,50.40189],[5.98519,50.40206]],[[5.99853,50.39931],[5.99836,50.39922],[5.99801,50.39873],[5.99809,50.39848],[5.99897,50.39848],[5.99945,50.39864],[5.9993,50.39887],[5.99853,50.39931]],[[5.99853,50.39719],[5.99822,50.39696],[5.99853,50.39641],[5.99869,50.3967],[5.99902,50.39702],[5.99892,50.39713],[5.99853,50.39719]],[[6.02603,50.39073],[6.02593,50.39059],[6.02612,50.39048],[6.02676,50.39048],[6.02691,50.3906],[6.02603,50.39073]],[[6.01392,50.36896],[6.01366,50.36953],[6.01396,50.3701],[6.01386,50.37034],[6.01342,50.37083],[6.01326,50.37143],[6.01301,50.37168],[6.01111,50.37266],[6.00982,50.37286],[6.00866,50.3737],[6.00813,50.37397],[6.0072,50.37503],[6.00695,50.37568],[6.00674,50.37589],[6.00478,50.37618],[6.0034,50.37671],[6.00272,50.37712],[6.00194,50.37719],[6.00098,50.37711],[5.99934,50.37639],[5.99847,50.37575],[5.99787,50.37488],[5.99787,50.37415],[5.99735,50.37338],[5.99736,50.37245],[5.99749,50.37213],[5.998,50.37154],[5.99823,50.37099],[5.99837,50.37029],[5.99862,50.3698],[5.99855,50.36952],[5.99848,50.3695],[5.99773,50.37021],[5.99711,50.37065],[5.99642,50.37171],[5.99592,50.37227],[5.99566,50.37292],[5.99485,50.37429],[5.99442,50.37457],[5.99338,50.37477],[5.99358,50.37505],[5.99353,50.37537],[5.99312,50.37563],[5.99186,50.3759],[5.99143,50.37639],[5.99126,50.37693],[5.9913,50.37748],[5.99113,50.37793],[5.99123,50.37811],[5.99177,50.37846],[5.99181,50.37866],[5.99166,50.37896],[5.99195,50.37924],[5.99138,50.37938],[5.99058,50.37976],[5.98978,50.37987],[5.98961,50.38006],[5.98959,50.3804],[5.98937,50.38063],[5.98855,50.38031],[5.98829,50.38028],[5.98527,50.38043],[5.98318,50.38099],[5.98243,50.38128],[5.98225,50.3814],[5.98215,50.38175],[5.98196,50.38199],[5.98134,50.38212],[5.98113,50.38231],[5.98103,50.38257],[5.9798,50.38218],[5.97892,50.38245],[5.97735,50.38278],[5.97652,50.38277],[5.97603,50.38246],[5.97591,50.38223],[5.97589,50.38196],[5.976,50.38142],[5.97695,50.38119],[5.97704,50.38085],[5.97701,50.38037],[5.97736,50.38009],[5.97739,50.37977],[5.97767,50.37939],[5.97771,50.37922],[5.97762,50.37896],[5.97723,50.37844],[5.97688,50.37811],[5.976,50.37753],[5.97547,50.37752],[5.97445,50.37787],[5.97404,50.37783],[5.97388,50.37699],[5.97395,50.37643],[5.97289,50.37587],[5.97246,50.37579],[5.97102,50.37591],[5.97061,50.37562],[5.96959,50.37547],[5.9693,50.37556],[5.96921,50.37571],[5.96935,50.37649],[5.9699,50.3768],[5.97061,50.37741],[5.97146,50.37783],[5.97193,50.37836],[5.97216,50.37901],[5.97165,50.37981],[5.97119,50.38088],[5.9705,50.38116],[5.97022,50.38147],[5.96978,50.38174],[5.96923,50.38189],[5.96862,50.38221],[5.96821,50.3827],[5.96775,50.38287],[5.96621,50.383],[5.96566,50.3829],[5.96449,50.38251],[5.96356,50.38268],[5.96329,50.38279],[5.96318,50.38293],[5.96313,50.38335],[5.9632,50.38393],[5.96281,50.38463],[5.96268,50.38479],[5.96183,50.38499],[5.96136,50.38496],[5.95981,50.38455],[5.9594,50.38419],[5.95912,50.38412],[5.95813,50.3841],[5.95673,50.38387],[5.95519,50.38414]],[[6.05686,50.36978],[6.05635,50.36982],[6.05449,50.36939],[6.0542,50.36923],[6.05445,50.36896]]]}},{"type":"Feature","properties":{"ele":430},"geometry":{"type":"MultiLineString","coordinates":[[[5.97029,50.44923],[5.9704,50.44901],[5.97035,50.44883],[5.97021,50.44867],[5.96974,50.44844],[5.96987,50.44758],[5.96978,50.44728],[5.96952,50.44689],[5.96943,50.44623],[5.96959,50.4454],[5.96947,50.4452],[5.96928,50.4451],[5.9687,50.44509],[5.96803,50.44522],[5.96632,50.44587],[5.96529,50.44648],[5.96436,50.44757],[5.96353,50.44813],[5.963,50.44814],[5.96299,50.44784],[5.96258,50.44757],[5.96243,50.44726],[5.96212,50.44698],[5.96217,50.44647],[5.96276,50.44594],[5.96286,50.44547],[5.96307,50.44502],[5.96308,50.4445],[5.96337,50.44421],[5.96352,50.44367],[5.9639,50.44298],[5.96436,50.44237],[5.96472,50.442],[5.96517,50.44171],[5.96535,50.44147],[5.96579,50.4405],[5.96594,50.4397],[5.96623,50.4389],[5.96676,50.43786],[5.96661,50.43668],[5.96604,50.4359],[5.96563,50.4358],[5.96324,50.43568],[5.96145,50.43505],[5.9611,50.4351],[5.96085,50.43525],[5.96077,50.43537],[5.96082,50.43562],[5.96073,50.43569],[5.95977,50.43562],[5.95921,50.43535],[5.95835,50.43516],[5.95703,50.43448],[5.95602,50.43368],[5.95519,50.43281]],[[5.97626,50.44923],[5.97662,50.44787],[5.97771,50.44702],[5.97781,50.44672],[5.97781,50.44616],[5.97808,50.44562],[5.97897,50.44579],[5.98043,50.44578],[5.98104,50.44564],[5.98147,50.44509],[5.98189,50.44494],[5.98392,50.44484],[5.98506,50.44488],[5.98558,50.44508],[5.98624,50.44559],[5.98582,50.44587],[5.98584,50.44599],[5.98603,50.44618],[5.98646,50.4458],[5.98688,50.44592],[5.98772,50.4457],[5.9885,50.44591],[5.98896,50.44591],[5.98873,50.4456],[5.98876,50.44535],[5.98903,50.44509],[5.98958,50.44478],[5.98855,50.44433],[5.98762,50.44448],[5.98718,50.44478],[5.98785,50.44535],[5.98772,50.44551],[5.98746,50.44553],[5.98723,50.44545],[5.98681,50.44508],[5.98638,50.44503],[5.986,50.44514],[5.9857,50.44502],[5.98504,50.44451],[5.98474,50.44448],[5.98431,50.44461],[5.98393,50.4446],[5.9836,50.4441],[5.98267,50.44399],[5.98209,50.44369],[5.98178,50.44342],[5.97983,50.44311],[5.97928,50.44285],[5.97936,50.44264],[5.9795,50.44256],[5.981,50.44244],[5.98153,50.44229],[5.98052,50.44202],[5.97928,50.44192],[5.97756,50.44196],[5.97569,50.44235],[5.97519,50.44229],[5.97471,50.44207],[5.97424,50.44172],[5.97405,50.44133],[5.97412,50.44099],[5.97449,50.4404],[5.9748,50.43949],[5.97431,50.43906],[5.97315,50.43904],[5.97293,50.43898],[5.97286,50.43887],[5.97311,50.43786],[5.97326,50.43761],[5.97366,50.43749],[5.97439,50.43743],[5.97458,50.43726],[5.97468,50.43699],[5.97466,50.4363],[5.97453,50.43557],[5.97432,50.4351],[5.97393,50.43479],[5.97372,50.43446],[5.97384,50.43363],[5.97429,50.43297],[5.97421,50.4328],[5.97394,50.43257],[5.97388,50.4321],[5.97413,50.43012],[5.97397,50.42966],[5.97381,50.42962],[5.9735,50.42967],[5.97278,50.43016],[5.97237,50.43013],[5.97207,50.42991],[5.97185,50.42952],[5.9713,50.42926],[5.97118,50.42897],[5.97104,50.42889],[5.97033,50.42924],[5.971,50.42942],[5.97109,50.42949],[5.97107,50.42957],[5.97063,50.42969],[5.97025,50.42961],[5.97015,50.42954],[5.97007,50.42918],[5.96939,50.42866],[5.96821,50.42842],[5.96774,50.42809],[5.96643,50.42758],[5.9635,50.42568],[5.96312,50.4256],[5.96256,50.42575],[5.96157,50.42571],[5.96102,50.42563],[5.96022,50.42518],[5.95935,50.42507],[5.95811,50.42396],[5.95714,50.42344],[5.95611,50.42274],[5.95519,50.42236]],[[6.0393,50.44923],[6.03951,50.44883],[6.03964,50.44814],[6.03979,50.44786],[6.04072,50.44737],[6.0409,50.4471],[6.04101,50.44672],[6.04186,50.44646],[6.04255,50.44614],[6.04282,50.44571],[6.04273,50.44532],[6.04226,50.44507],[6.04108,50.44502],[6.04079,50.44448],[6.04043,50.44422],[6.0402,50.44395],[6.03974,50.44369],[6.03923,50.44362],[6.03893,50.44367],[6.03833,50.4442],[6.03821,50.44484],[6.03797,50.44536],[6.03774,50.44565],[6.03727,50.44591],[6.03681,50.44565],[6.03662,50.4453],[6.03615,50.44507],[6.03579,50.44503],[6.03516,50.44511],[6.03477,50.44494],[6.03392,50.44424],[6.0339,50.44339],[6.03401,50.44283],[6.03311,50.44256],[6.03259,50.44281],[6.03263,50.44342],[6.03227,50.44405],[6.03204,50.44425],[6.03144,50.44453],[6.03058,50.44442],[6.03017,50.44426],[6.02983,50.4433],[6.02969,50.44316],[6.02824,50.44317],[6.02741,50.44332],[6.02684,50.44318],[6.02626,50.44255],[6.0261,50.44186],[6.02617,50.4417],[6.02648,50.44151],[6.02678,50.44144],[6.02811,50.44146],[6.02861,50.44134],[6.02894,50.44118],[6.02931,50.44083],[6.02943,50.44062],[6.02944,50.44036],[6.02915,50.44007],[6.029,50.43975],[6.02778,50.43887],[6.0268,50.43848],[6.0266,50.43814],[6.02643,50.43757],[6.02584,50.43747],[6.02459,50.43781],[6.02412,50.43776],[6.02377,50.43762],[6.02377,50.43751],[6.02426,50.43703],[6.02437,50.43648],[6.0245,50.43627],[6.02523,50.43564],[6.02483,50.43498],[6.02422,50.43474],[6.02308,50.43477],[6.02233,50.43537],[6.02147,50.43563],[6.02101,50.4359],[6.0206,50.43634],[6.02,50.43581],[6.01998,50.43557],[6.02014,50.43502],[6.01999,50.43473],[6.0193,50.43452],[6.0181,50.43456],[6.01794,50.43436],[6.01792,50.43415],[6.01802,50.43392],[6.01933,50.43284],[6.02121,50.43265],[6.02231,50.43229],[6.02249,50.4321],[6.02251,50.43196],[6.02209,50.43149],[6.02201,50.43118],[6.0217,50.43116],[6.02104,50.43147],[6.02053,50.43153],[6.01897,50.43147],[6.01777,50.43156],[6.01724,50.43147],[6.01711,50.43116],[6.01737,50.42988],[6.0187,50.42875],[6.01872,50.42859],[6.01856,50.4284],[6.01741,50.42817],[6.01645,50.42843],[6.01563,50.42851],[6.01525,50.42847],[6.01503,50.42824],[6.01465,50.42758],[6.01428,50.42739],[6.01316,50.42759],[6.0127,50.42814],[6.01189,50.42824],[6.01149,50.42811],[6.01105,50.42774],[6.01045,50.42682],[6.01061,50.42583],[6.01035,50.4256],[6.00945,50.42532],[6.00927,50.42519],[6.00916,50.42498],[6.00927,50.42449],[6.00901,50.42389],[6.00883,50.42369],[6.00812,50.42339],[6.00636,50.42293],[6.00482,50.42296],[6.0043,50.42263],[6.00387,50.42258],[6.0038,50.42285],[6.00398,50.4231],[6.00501,50.42352],[6.00563,50.42367],[6.00588,50.4239],[6.00592,50.42408],[6.00581,50.42423],[6.00507,50.42455],[6.00493,50.42481],[6.00486,50.42534],[6.00463,50.42568],[6.00466,50.42616],[6.00498,50.42696],[6.0048,50.42742],[6.00394,50.42683],[6.00282,50.42629],[6.00251,50.42627],[6.00221,50.42642],[6.00205,50.42731],[6.00221,50.42807],[6.00223,50.42866],[6.00187,50.42967],[6.00195,50.42991],[6.00227,50.43036],[6.00231,50.43088],[6.00199,50.43127],[6.00176,50.43172],[6.00126,50.43185],[6.00015,50.43174],[5.99954,50.43145],[5.99869,50.43083],[5.99771,50.43033],[5.99694,50.4305],[5.99605,50.43034],[5.99563,50.43044],[5.99525,50.43041],[5.99474,50.43023],[5.99392,50.4301],[5.99384,50.42988],[5.99386,50.42954],[5.9936,50.42938],[5.99282,50.42939],[5.99216,50.42954],[5.99122,50.42927],[5.99079,50.42894],[5.9897,50.42878],[5.98911,50.42861],[5.98857,50.42838],[5.98818,50.42803],[5.98761,50.42792],[5.98561,50.42673],[5.98523,50.4264],[5.98478,50.42647],[5.98438,50.42632],[5.98366,50.42637],[5.98225,50.42598],[5.9815,50.42586],[5.98094,50.42564],[5.98063,50.42528],[5.97985,50.42544],[5.97798,50.42543],[5.97608,50.42514],[5.97519,50.42471],[5.97428,50.42455],[5.97343,50.42453],[5.97225,50.42425],[5.97074,50.42358],[5.96833,50.42291],[5.96769,50.4224],[5.96723,50.42239],[5.96642,50.4221],[5.96474,50.42205],[5.96382,50.42183],[5.96268,50.42146],[5.96235,50.42092],[5.96199,50.42059],[5.96048,50.41951],[5.95934,50.41884],[5.95881,50.4184],[5.95812,50.41808],[5.95771,50.41805],[5.95758,50.41813],[5.95725,50.41953],[5.95676,50.42035],[5.95609,50.42075],[5.95519,50.42087]],[[6.04211,50.44923],[6.04258,50.44895],[6.04283,50.4489],[6.04376,50.44898],[6.04479,50.44895],[6.04548,50.44923]],[[6.04615,50.44923],[6.04669,50.4487],[6.04741,50.44724],[6.04766,50.44698],[6.04806,50.44686],[6.04971,50.4479],[6.04991,50.44812],[6.05018,50.44869],[6.0507,50.44923]],[[6.0521,50.44923],[6.05272,50.44898],[6.05305,50.44858],[6.05359,50.4484],[6.05449,50.4483],[6.05605,50.4479],[6.05686,50.44799]],[[6.05228,50.44851],[6.05203,50.44837],[6.05214,50.44816],[6.05226,50.4481],[6.05254,50.44837],[6.05228,50.44851]],[[5.98644,50.44829],[5.98522,50.44774],[5.98508,50.44754],[5.98509,50.44729],[5.98558,50.44716],[5.98694,50.44704],[5.98803,50.44722],[5.98902,50.44728],[5.98914,50.44745],[5.98911,50.44762],[5.98886,50.44774],[5.98807,50.44783],[5.98688,50.44832],[5.98644,50.44829]],[[5.99311,50.44764],[5.99224,50.44734],[5.99188,50.44667],[5.99166,50.44643],[5.9919,50.44633],[5.99313,50.44621],[5.99411,50.44644],[5.99362,50.44673],[5.99333,50.44701],[5.99322,50.44724],[5.99326,50.44755],[5.99311,50.44764]],[[6.04894,50.44569],[6.04873,50.44561],[6.04868,50.44536],[6.04841,50.44512],[6.04843,50.44502],[6.04876,50.44492],[6.04927,50.44494],[6.0495,50.44503],[6.04968,50.44522],[6.04969,50.44532],[6.04959,50.44543],[6.04894,50.44569]],[[6.05686,50.44482],[6.05584,50.44461],[6.05479,50.44468],[6.05414,50.44397],[6.0541,50.44373],[6.05435,50.44331],[6.0543,50.44257],[6.05443,50.44229],[6.0544,50.44182],[6.05479,50.44147],[6.05496,50.4412],[6.05488,50.44096],[6.05472,50.4408],[6.05418,50.44068],[6.05351,50.44089],[6.05295,50.44139],[6.05269,50.44185],[6.05231,50.4421],[6.05147,50.44221],[6.05094,50.44202],[6.05092,50.44167],[6.05181,50.44087],[6.05198,50.4406],[6.05196,50.44031],[6.0518,50.4401],[6.05154,50.43996],[6.05064,50.43981],[6.04984,50.43948],[6.04963,50.43921],[6.04952,50.43838],[6.04969,50.43811],[6.05114,50.43708],[6.05144,50.43665],[6.05202,50.43623],[6.052,50.43614],[6.05136,50.43602],[6.05043,50.43615],[6.04936,50.43618],[6.04857,50.43666],[6.04822,50.43677],[6.04723,50.43668],[6.04684,50.43694],[6.04643,50.43756],[6.04584,50.43775],[6.04424,50.43787],[6.04396,50.4378],[6.04347,50.43742],[6.04298,50.43736],[6.042,50.43756],[6.04147,50.43791],[6.04058,50.43797],[6.03938,50.43772],[6.03773,50.43764],[6.03673,50.43742],[6.03562,50.43701],[6.03525,50.4367],[6.0339,50.4362],[6.03362,50.43585],[6.03312,50.43562],[6.03282,50.43531],[6.03209,50.43486],[6.03183,50.43451],[6.03197,50.43342],[6.03227,50.43254],[6.03532,50.433],[6.03601,50.43333],[6.03626,50.43369],[6.03658,50.43382],[6.03761,50.43386],[6.03788,50.43369],[6.03777,50.43356],[6.03726,50.43336],[6.037,50.43314],[6.03704,50.43252],[6.03638,50.4315],[6.03432,50.43037],[6.03417,50.42975],[6.03339,50.42922],[6.03223,50.42786],[6.03214,50.42763],[6.03218,50.4275],[6.03242,50.4273],[6.03308,50.42699],[6.03366,50.42689],[6.03434,50.42694],[6.03594,50.42764],[6.03689,50.42778],[6.03761,50.42806],[6.03777,50.42801],[6.0386,50.42734],[6.03983,50.42692],[6.04023,50.42751],[6.04036,50.428],[6.04072,50.42864],[6.04096,50.42926],[6.04177,50.42951],[6.04278,50.43005],[6.04351,50.43064],[6.04399,50.43088],[6.04484,50.43106],[6.04579,50.43141],[6.04657,50.43144],[6.04787,50.43167],[6.0494,50.43153],[6.04962,50.43142],[6.04977,50.43115],[6.05009,50.4313],[6.05032,50.43132],[6.05141,50.43107],[6.05167,50.4309],[6.05011,50.43044],[6.04939,50.43007],[6.04898,50.42971],[6.04856,50.42951],[6.04769,50.42951],[6.04682,50.42911],[6.04545,50.42873],[6.04485,50.42834],[6.04454,50.42786],[6.04455,50.42755],[6.0447,50.42706],[6.0445,50.42654],[6.0448,50.42539],[6.04506,50.42491],[6.04516,50.42445],[6.04579,50.4243],[6.04761,50.42444],[6.0486,50.42435],[6.04959,50.42459],[6.05058,50.42466],[6.0527,50.42421],[6.05468,50.42515],[6.05686,50.42563]],[[5.98436,50.44407],[5.98407,50.44393],[5.98433,50.4438],[5.9846,50.44391],[5.98458,50.44399],[5.98436,50.44407]],[[5.97811,50.44295],[5.97797,50.44284],[5.97831,50.44285],[5.97811,50.44295]],[[5.97436,50.43865],[5.97423,50.43836],[5.97482,50.43807],[5.97493,50.43841],[5.97436,50.43865]],[[5.95519,50.43211],[5.9555,50.43198],[5.95519,50.43168]],[[5.99394,50.42936],[5.99394,50.42922],[5.99394,50.42936]],[[5.96644,50.4287],[5.9656,50.42844],[5.96553,50.4281],[5.96584,50.428],[5.96626,50.42801],[5.96732,50.42828],[5.96752,50.42843],[5.96743,50.42864],[5.96729,50.42876],[5.96644,50.4287]],[[5.96019,50.42401],[5.95986,50.42384],[5.95973,50.42367],[5.96004,50.42369],[5.96047,50.42393],[5.96019,50.42401]],[[6.04519,50.42409],[6.04517,50.42395],[6.04543,50.42387],[6.04564,50.42386],[6.04577,50.42396],[6.0456,50.42415],[6.04519,50.42409]],[[6.05686,50.4108],[6.05644,50.41112],[6.05557,50.41144],[6.0552,50.4115],[6.05473,50.41139],[6.05426,50.41142],[6.05246,50.41199],[6.05148,50.41269],[6.05074,50.41268],[6.05057,50.41262],[6.05045,50.41238],[6.05039,50.41203],[6.05046,50.41151],[6.05028,50.41115],[6.04933,50.41048],[6.04858,50.41033],[6.04807,50.4101],[6.04788,50.40979],[6.04744,50.40936],[6.04724,50.40895],[6.04678,50.40879],[6.04606,50.40902],[6.04522,50.40911],[6.0448,50.40894],[6.0444,50.40865],[6.04392,50.40864],[6.04309,50.40946],[6.043,50.40977],[6.04302,50.41026],[6.04292,50.41047],[6.04165,50.41146],[6.04102,50.41168],[6.03965,50.41194],[6.03761,50.41169],[6.0375,50.4118],[6.03732,50.4123],[6.03671,50.41274],[6.0365,50.41317],[6.03619,50.41337],[6.03618,50.41349],[6.03633,50.41366],[6.03691,50.41394],[6.03682,50.41424],[6.03708,50.4145],[6.03739,50.41507],[6.03743,50.4154],[6.03733,50.41584],[6.03704,50.41617],[6.03698,50.41639],[6.0374,50.41662],[6.03762,50.41684],[6.03778,50.41745],[6.03813,50.41815],[6.03756,50.41834],[6.03653,50.41831],[6.03604,50.41842],[6.03479,50.41811],[6.03313,50.41822],[6.03136,50.41768],[6.02987,50.41786],[6.0286,50.41782],[6.02746,50.41743],[6.02642,50.41745],[6.02354,50.41673],[6.02018,50.41535],[6.02013,50.41505],[6.0203,50.41477],[6.02013,50.4145],[6.02016,50.41404],[6.01979,50.41367],[6.0184,50.41316],[6.01674,50.41312],[6.0165,50.41304],[6.01612,50.41272],[6.01556,50.41276],[6.01529,50.41252],[6.01515,50.4121],[6.01502,50.412],[6.01324,50.41218],[6.01306,50.41213],[6.01265,50.41181],[6.01171,50.41171],[6.01141,50.41149],[6.01143,50.41119],[6.01188,50.41094],[6.01303,50.41097],[6.01397,50.4112],[6.01432,50.41116],[6.01507,50.41086],[6.015,50.41064],[6.01476,50.41036],[6.01399,50.40975],[6.01371,50.40936],[6.01366,50.40897],[6.01399,50.40814],[6.01376,50.408],[6.0111,50.40766],[6.00965,50.40766],[6.00683,50.40716],[6.00612,50.40721],[6.00553,50.40743],[6.0052,50.40729],[6.00477,50.40729],[6.00462,50.40702],[6.00387,50.40646],[6.00397,50.40639],[6.00469,50.40632],[6.00493,50.40622],[6.00499,50.40606],[6.00485,50.40565],[6.00507,50.40548],[6.00537,50.40541],[6.00635,50.40542],[6.00657,50.40535],[6.00712,50.40475],[6.00761,50.40448],[6.00851,50.40369],[6.00893,50.40312],[6.00913,50.40266],[6.0091,50.40252],[6.00857,50.40202],[6.00766,50.40131],[6.00728,50.4009],[6.00681,50.40065],[6.00664,50.40043],[6.00649,50.40012],[6.00656,50.39977],[6.00647,50.39951],[6.00591,50.39895],[6.00569,50.39852],[6.0057,50.39835],[6.00597,50.39781],[6.0072,50.39764],[6.00896,50.39758],[6.00925,50.39725],[6.00976,50.39714],[6.00977,50.39673],[6.0102,50.39644],[6.01102,50.39683],[6.01152,50.39682],[6.01276,50.39725],[6.01304,50.39759],[6.01351,50.39786],[6.01407,50.39803],[6.01519,50.39868],[6.01597,50.39867],[6.01673,50.3985],[6.01714,50.39853],[6.01741,50.39864],[6.01769,50.39918],[6.018,50.39935],[6.01853,50.39951],[6.0198,50.39969],[6.02098,50.39961],[6.02183,50.39932],[6.02246,50.39936],[6.02298,50.39951],[6.02242,50.39979],[6.02272,50.39986],[6.02342,50.39924],[6.02403,50.39902],[6.02519,50.39867],[6.02574,50.39881],[6.0262,50.39874],[6.02631,50.39862],[6.02634,50.39821],[6.02641,50.39809],[6.02725,50.39825],[6.02809,50.39803],[6.02823,50.3979],[6.02827,50.39772],[6.02819,50.39727],[6.02793,50.39698],[6.02799,50.39673],[6.03117,50.39651],[6.03134,50.39627],[6.03142,50.39561],[6.03232,50.39537],[6.03271,50.39481],[6.03268,50.3945],[6.03353,50.39396],[6.03435,50.39325],[6.03475,50.39343],[6.03562,50.3934],[6.03587,50.39256],[6.03504,50.39205],[6.03472,50.39167],[6.03437,50.39145],[6.03315,50.39107],[6.03169,50.39035],[6.03021,50.39005],[6.02976,50.3898],[6.02959,50.38932],[6.02983,50.3887],[6.03163,50.38713],[6.03247,50.38602],[6.03244,50.38588],[6.03129,50.38542],[6.03117,50.38526],[6.0312,50.38507],[6.03148,50.38496],[6.0323,50.38514],[6.03312,50.38514],[6.0335,50.38473],[6.03434,50.38422],[6.03482,50.3837],[6.03536,50.38238],[6.03534,50.38222],[6.03515,50.382],[6.03547,50.38168],[6.03547,50.3812],[6.03559,50.38098],[6.03574,50.38098],[6.03639,50.38125],[6.03876,50.38152],[6.04267,50.38257],[6.04324,50.38261],[6.046,50.38234],[6.04817,50.3823],[6.04965,50.38198],[6.05053,50.38155],[6.05225,50.38117],[6.05433,50.38165],[6.0549,50.38159],[6.0556,50.38116],[6.05686,50.38143]],[[6.05019,50.41563],[6.04947,50.41537],[6.04922,50.41514],[6.04913,50.41481],[6.04934,50.4145],[6.0498,50.41433],[6.05027,50.41429],[6.05061,50.41434],[6.05084,50.41451],[6.0509,50.41484],[6.05078,50.41522],[6.05062,50.41544],[6.05019,50.41563]],[[6.01603,50.41333],[6.01579,50.41311],[6.01601,50.41305],[6.01626,50.41311],[6.01603,50.41333]],[[5.98644,50.40984],[5.98521,50.40932],[5.98473,50.40923],[5.98599,50.4092],[5.98692,50.40942],[5.98713,50.40967],[5.98709,50.40982],[5.98691,50.40992],[5.98644,50.40984]],[[5.98436,50.40855],[5.98257,50.40788],[5.98249,50.40778],[5.9825,50.40761],[5.98272,50.40752],[5.98313,50.40764],[5.98386,50.40766],[5.98435,50.40785],[5.98473,50.40819],[5.98494,50.40815],[5.98498,50.40803],[5.98487,50.40782],[5.98439,50.40771],[5.98434,50.40753],[5.98522,50.40737],[5.98523,50.40726],[5.9847,50.40671],[5.98513,50.40643],[5.98529,50.40622],[5.98535,50.40574],[5.98569,50.4051],[5.98591,50.40496],[5.98606,50.40496],[5.98631,50.40533],[5.98668,50.40665],[5.98688,50.40697],[5.98697,50.40762],[5.98731,50.40806],[5.9873,50.4085],[5.98711,50.4085],[5.98641,50.4081],[5.98622,50.40814],[5.98611,50.40841],[5.98569,50.40859],[5.98511,50.40848],[5.98436,50.40855]],[[6.00519,50.40759],[6.00514,50.40753],[6.00521,50.40739],[6.00531,50.40755],[6.00519,50.40759]],[[5.98811,50.4051],[5.98723,50.40483],[5.98686,50.40423],[5.98746,50.40407],[5.98787,50.40408],[5.98833,50.40421],[5.9889,50.40454],[5.98943,50.40448],[5.98988,50.40478],[5.98976,50.40487],[5.98864,50.40508],[5.98811,50.4051]],[[5.98394,50.40377],[5.98347,50.40343],[5.98224,50.40297],[5.98145,50.40228],[5.97935,50.40115],[5.97881,50.40103],[5.97751,50.40125],[5.97683,50.40119],[5.97512,50.40039],[5.97307,50.39993],[5.97263,50.39948],[5.97226,50.39943],[5.97177,50.39956],[5.97084,50.3996],[5.97018,50.39952],[5.96938,50.39922],[5.96896,50.39917],[5.96882,50.39924],[5.96905,50.39951],[5.96893,50.39967],[5.96811,50.39971],[5.96709,50.39998],[5.96673,50.39994],[5.96642,50.39978],[5.9659,50.39838],[5.96595,50.39811],[5.96642,50.39795],[5.96652,50.39784],[5.96555,50.39758],[5.96449,50.39751],[5.96399,50.39731],[5.96354,50.397],[5.96345,50.39684],[5.96337,50.39654],[5.96341,50.39618],[5.96388,50.39562],[5.96496,50.3952],[5.96548,50.39519],[5.96603,50.39532],[5.96603,50.39539],[5.96558,50.39563],[5.96621,50.39583],[5.96677,50.39581],[5.96722,50.3956],[5.96808,50.39543],[5.96848,50.39563],[5.96875,50.39595],[5.96912,50.3961],[5.97011,50.39631],[5.97097,50.39613],[5.97144,50.39618],[5.97396,50.39746],[5.9752,50.39787],[5.97563,50.39794],[5.97652,50.39792],[5.97769,50.39816],[5.97817,50.39805],[5.97889,50.39822],[5.97936,50.39868],[5.98023,50.39924],[5.98038,50.39974],[5.98015,50.40023],[5.98017,50.40045],[5.98037,50.40047],[5.98185,50.40015],[5.98207,50.40043],[5.98203,50.40109],[5.9823,50.40144],[5.98287,50.40161],[5.98393,50.40134],[5.98439,50.40171],[5.98498,50.40258],[5.98502,50.40335],[5.98481,50.40361],[5.98445,50.40379],[5.98394,50.40377]],[[5.98728,50.40349],[5.98705,50.4034],[5.98734,50.40339],[5.98728,50.40349]],[[5.98603,50.40203],[5.98577,50.40179],[5.98573,50.40161],[5.98598,50.40108],[5.98612,50.40104],[5.98645,50.40115],[5.98658,50.40146],[5.98603,50.40203]],[[5.97144,50.40119],[5.9713,50.40071],[5.97133,50.40055],[5.97151,50.40039],[5.97186,50.40034],[5.972,50.40054],[5.972,50.40071],[5.97186,50.40093],[5.97144,50.40119]],[[6.03019,50.39785],[6.03073,50.39784],[6.03019,50.39785]],[[6.03144,50.39785],[6.03125,50.39784],[6.03144,50.39785]],[[6.02686,50.39733],[6.02648,50.39726],[6.02641,50.39699],[6.02688,50.39692],[6.02732,50.39699],[6.02686,50.39733]],[[6.03478,50.3932],[6.03461,50.39313],[6.03525,50.39312],[6.03478,50.3932]],[[5.96144,50.3848],[5.96025,50.38446],[5.95966,50.38403],[5.95965,50.38389],[5.96012,50.38351],[5.96028,50.38347],[5.96217,50.38426],[5.9622,50.38449],[5.96192,50.38478],[5.96144,50.3848]],[[6.01366,50.36896],[6.01298,50.36953],[6.01337,50.3704],[6.01312,50.37092],[6.01305,50.3714],[6.01269,50.37171],[6.01103,50.37257],[6.01006,50.37261],[6.00945,50.37287],[6.00868,50.37348],[6.00787,50.37398],[6.00711,50.37482],[6.00661,50.37565],[6.00638,50.37582],[6.00597,50.37592],[6.00468,50.3759],[6.00262,50.37671],[6.00168,50.37689],[6.00065,50.37671],[5.99945,50.37617],[5.99877,50.37562],[5.99824,50.37491],[5.99822,50.37474],[5.99835,50.37443],[5.99831,50.37418],[5.99816,50.37395],[5.99771,50.37363],[5.99757,50.37341],[5.99764,50.37248],[5.99786,50.37199],[5.99861,50.37117],[5.99872,50.37074],[5.99873,50.37033],[5.99901,50.36978],[5.9989,50.36955],[5.99869,50.36938],[5.9981,50.36919],[5.99772,50.36981],[5.99687,50.37053],[5.99553,50.37221],[5.99476,50.37366],[5.99435,50.37423],[5.99395,50.37451],[5.99299,50.37474],[5.99296,50.37483],[5.9932,50.37508],[5.99289,50.37537],[5.99241,50.37552],[5.99155,50.37563],[5.99105,50.37594],[5.99082,50.37672],[5.99103,50.37731],[5.99087,50.37754],[5.99045,50.37777],[5.99035,50.3779],[5.99065,50.3787],[5.99035,50.37924],[5.98862,50.37967],[5.98771,50.38008],[5.98682,50.38005],[5.98595,50.38015],[5.98449,50.37991],[5.98387,50.37997],[5.98272,50.38047],[5.98201,50.38113],[5.98186,50.38147],[5.98157,50.38161],[5.98126,50.38168],[5.97975,50.38173],[5.97939,50.38192],[5.97897,50.3823],[5.97735,50.38263],[5.97687,50.38263],[5.97661,50.38253],[5.97637,50.3823],[5.97632,50.38193],[5.97644,50.38165],[5.97736,50.3815],[5.97757,50.38084],[5.97804,50.38056],[5.97783,50.38005],[5.97782,50.37985],[5.97844,50.37929],[5.97855,50.37895],[5.97838,50.37856],[5.97802,50.37811],[5.97733,50.37756],[5.97636,50.37705],[5.97514,50.37724],[5.97472,50.37757],[5.9746,50.37734],[5.97462,50.37703],[5.97449,50.37668],[5.97467,50.37613],[5.97445,50.37588],[5.97395,50.37562],[5.97303,50.37547],[5.97228,50.37562],[5.9718,50.37563],[5.97143,50.37535],[5.9711,50.37522],[5.97027,50.37528],[5.96978,50.37505],[5.96893,50.37499],[5.96838,50.37456],[5.96809,50.37424],[5.96758,50.37423],[5.96794,50.3747],[5.968,50.3751],[5.96868,50.37541],[5.96909,50.37617],[5.96912,50.37672],[5.96981,50.37698],[5.97106,50.37784],[5.97152,50.37832],[5.97189,50.37894],[5.97181,50.37905],[5.97102,50.37951],[5.97099,50.37978],[5.97124,50.38015],[5.97102,50.38055],[5.97013,50.38102],[5.96975,50.38133],[5.96937,50.38146],[5.9685,50.38152],[5.96683,50.38144],[5.96675,50.38168],[5.9668,50.38227],[5.96647,50.38258],[5.9661,50.38273],[5.96584,50.38273],[5.96526,50.38254],[5.96442,50.38219],[5.96392,50.38214],[5.96268,50.38226],[5.96236,50.38259],[5.96178,50.38255],[5.9614,50.3828],[5.96102,50.38284],[5.96058,50.38319],[5.95964,50.38359],[5.95907,50.38358],[5.95824,50.38328],[5.95595,50.38358],[5.95559,50.38355],[5.95519,50.38338]],[[6.01853,50.3816],[6.01823,50.3814],[6.01786,50.38064],[6.01793,50.38031],[6.01828,50.38005],[6.02018,50.37977],[6.021,50.38009],[6.02179,50.38006],[6.02235,50.37986],[6.02246,50.3795],[6.02218,50.37923],[6.02265,50.37895],[6.02355,50.37917],[6.02432,50.37901],[6.02478,50.37927],[6.02599,50.37863],[6.02621,50.37841],[6.02615,50.378],[6.02644,50.37757],[6.02672,50.37732],[6.02642,50.37707],[6.02636,50.37668],[6.02686,50.37632],[6.02725,50.3763],[6.02773,50.37645],[6.02766,50.37659],[6.02724,50.37684],[6.02695,50.3772],[6.02705,50.37733],[6.02751,50.37739],[6.02807,50.37727],[6.02894,50.37673],[6.02944,50.37656],[6.03001,50.37624],[6.03079,50.37637],[6.03284,50.37592],[6.03537,50.37584],[6.03639,50.37554],[6.03696,50.37509],[6.03722,50.37498],[6.03779,50.37513],[6.03939,50.37528],[6.04007,50.37564],[6.04059,50.37578],[6.04073,50.37589],[6.04043,50.37642],[6.04085,50.37666],[6.04085,50.37677],[6.04053,50.37686],[6.03954,50.37685],[6.03854,50.3772],[6.0383,50.37745],[6.03828,50.37786],[6.03812,50.37813],[6.03772,50.37824],[6.03725,50.37826],[6.03687,50.37842],[6.03652,50.3789],[6.03603,50.38041],[6.0356,50.38082],[6.03451,50.38056],[6.03298,50.37988],[6.03194,50.3798],[6.02935,50.38001],[6.02765,50.38034],[6.02668,50.38042],[6.0257,50.38075],[6.02515,50.38106],[6.02402,50.38128],[6.02199,50.38122],[6.02131,50.3813],[6.02086,50.38119],[6.02058,50.38063],[6.01979,50.38028],[6.01933,50.38022],[6.01889,50.38031],[6.01872,50.3805],[6.01868,50.38088],[6.01896,50.38145],[6.01853,50.3816]],[[5.98894,50.3801],[5.98884,50.38007],[5.98895,50.38004],[5.98894,50.3801]],[[6.02478,50.37917],[6.02443,50.37893],[6.02457,50.37869],[6.02491,50.37857],[6.02536,50.37864],[6.02527,50.37884],[6.02478,50.37917]],[[6.05478,50.36929],[6.05464,50.36923],[6.05482,50.36917],[6.05523,50.36923],[6.05478,50.36929]]]}},{"type":"Feature","properties":{"ele":440},"geometry":{"type":"MultiLineString","coordinates":[[[5.9597,50.44923],[5.96047,50.44923]],[[5.96921,50.44923],[5.96943,50.44916],[5.9696,50.44896],[5.9691,50.44865],[5.96939,50.44815],[5.96941,50.44783],[5.96933,50.4473],[5.96904,50.44679],[5.9689,50.44619],[5.969,50.44556],[5.96892,50.44545],[5.96876,50.44541],[5.96756,50.44557],[5.9667,50.44587],[5.96611,50.44618],[5.96557,50.44651],[5.96405,50.44818],[5.96274,50.44872],[5.96176,50.44899],[5.96105,50.44908],[5.96072,50.44895],[5.96075,50.44865],[5.96052,50.44849],[5.96019,50.4484],[5.95933,50.44841],[5.95981,50.44787],[5.95997,50.44749],[5.96147,50.44648],[5.96163,50.44606],[5.96249,50.44508],[5.96266,50.4445],[5.96298,50.44415],[5.96367,50.44283],[5.96433,50.44199],[5.96482,50.44167],[5.9651,50.44137],[5.96519,50.44118],[5.96518,50.44089],[5.96561,50.44035],[5.9657,50.43953],[5.96605,50.43871],[5.9661,50.43811],[5.96587,50.43745],[5.96611,50.43695],[5.96615,50.43669],[5.96601,50.43656],[5.96543,50.43659],[5.96518,50.43647],[5.96482,50.43615],[5.96423,50.43598],[5.96356,50.436],[5.96324,50.43614],[5.96305,50.43634],[5.96224,50.4365],[5.95929,50.43593],[5.95773,50.43532],[5.95587,50.43423],[5.95519,50.43374]],[[5.97666,50.44923],[5.97675,50.4487],[5.97699,50.44811],[5.97724,50.44783],[5.9781,50.44728],[5.97829,50.44696],[5.97841,50.44646],[5.97854,50.44631],[5.97888,50.44618],[5.97944,50.4461],[5.98106,50.446],[5.98194,50.44542],[5.98267,50.4452],[5.98423,50.44516],[5.98481,50.44532],[5.98484,50.44568],[5.9852,50.44618],[5.98475,50.44645],[5.98514,50.44682],[5.98508,50.44697],[5.98475,50.44712],[5.98463,50.44731],[5.98476,50.44815],[5.985,50.44846],[5.9852,50.44903],[5.98642,50.44917],[5.98819,50.44914],[5.9897,50.44891],[5.98991,50.44874],[5.99015,50.44835],[5.99073,50.44796],[5.991,50.44724],[5.99126,50.44717],[5.99146,50.44719],[5.99266,50.4482],[5.99324,50.44836],[5.99355,50.44834],[5.99411,50.44814],[5.99528,50.4482],[5.99566,50.44803],[5.99603,50.44754],[5.99729,50.44778],[5.99772,50.44748],[5.99824,50.44728],[5.99983,50.44703],[5.99984,50.44679],[5.99993,50.44665],[6.00062,50.44619],[6.00125,50.44594],[6.00132,50.44581],[6.00121,50.44558],[6.00102,50.44544],[6.00007,50.44534],[6.0002,50.44521],[6.00073,50.44509],[6.00073,50.445],[6.0006,50.44491],[5.99974,50.44528],[5.99906,50.4454],[5.99858,50.44566],[5.99817,50.44575],[5.9977,50.44619],[5.99734,50.44608],[5.99694,50.44612],[5.99669,50.44605],[5.99623,50.44555],[5.99583,50.44535],[5.99602,50.44518],[5.99605,50.44504],[5.99567,50.44475],[5.99533,50.4448],[5.99582,50.44502],[5.99584,50.44511],[5.99571,50.44523],[5.99445,50.44549],[5.99399,50.4457],[5.99361,50.44561],[5.99353,50.44534],[5.99309,50.44536],[5.99241,50.44518],[5.99178,50.44531],[5.99069,50.44529],[5.99022,50.44505],[5.99003,50.44479],[5.98951,50.44447],[5.98926,50.44422],[5.98894,50.44363],[5.98851,50.44322],[5.98802,50.4429],[5.98756,50.44276],[5.98579,50.44248],[5.9848,50.4422],[5.98334,50.44204],[5.98168,50.44217],[5.98021,50.44169],[5.97944,50.44159],[5.97772,50.44174],[5.97579,50.44218],[5.9752,50.4421],[5.97469,50.44186],[5.97432,50.44149],[5.97432,50.44117],[5.9752,50.4398],[5.97525,50.43954],[5.97514,50.43927],[5.97477,50.43896],[5.97524,50.43874],[5.97552,50.4384],[5.97564,50.43812],[5.97537,50.43758],[5.97545,50.43727],[5.97535,50.43696],[5.97543,50.43613],[5.97537,50.43565],[5.97496,50.43504],[5.9742,50.43459],[5.97408,50.43442],[5.97412,50.43422],[5.97437,50.43396],[5.9743,50.43366],[5.97477,50.43338],[5.97533,50.43286],[5.97541,50.43266],[5.97536,50.43252],[5.97518,50.4324],[5.97436,50.43206],[5.97429,50.43195],[5.97425,50.43165],[5.97436,50.43063],[5.9746,50.42963],[5.9745,50.42932],[5.97418,50.42912],[5.97324,50.42885],[5.97273,50.42884],[5.97227,50.42899],[5.97105,50.42851],[5.97058,50.42873],[5.97012,50.42876],[5.96939,50.42835],[5.96863,50.42809],[5.96719,50.42733],[5.96684,50.42702],[5.96601,50.42647],[5.96518,50.42604],[5.96362,50.42492],[5.963,50.4248],[5.96235,50.42411],[5.96072,50.42305],[5.9602,50.42315],[5.9589,50.42375],[5.95769,50.42312],[5.95685,50.42253],[5.95592,50.42212],[5.95558,50.42175],[5.95569,50.42124],[5.95597,50.42113],[5.95683,50.4211],[5.95728,50.42092],[5.95762,50.42054],[5.95839,50.41932],[5.95838,50.4188],[5.95846,50.41863],[5.95855,50.41862],[5.95895,50.41896],[5.96018,50.41952],[5.96183,50.42072],[5.96203,50.42093],[5.96224,50.42147],[5.96335,50.42198],[5.96364,50.42221],[5.96381,50.42285],[5.96403,50.42304],[5.96689,50.42362],[5.96756,50.42397],[5.96981,50.42451],[5.97053,50.42463],[5.97104,50.4245],[5.97198,50.42474],[5.97311,50.42516],[5.97396,50.42506],[5.97513,50.42529],[5.97565,50.42581],[5.97704,50.42612],[5.97834,50.42632],[5.97897,50.42632],[5.98043,50.42662],[5.98104,50.42662],[5.98438,50.42744],[5.98532,50.42738],[5.98604,50.42776],[5.98642,50.42814],[5.9875,50.42866],[5.98791,50.42923],[5.98845,50.42955],[5.98896,50.42959],[5.98987,50.43004],[5.99191,50.43027],[5.99213,50.43035],[5.99231,50.4306],[5.9925,50.43067],[5.99313,50.43073],[5.99397,50.43108],[5.99642,50.43158],[5.99685,50.43155],[5.99715,50.43115],[5.99803,50.43099],[5.99853,50.43111],[5.99891,50.43148],[5.99996,50.43188],[6.00187,50.43202],[6.00206,50.43179],[6.00218,50.43138],[6.00255,50.43078],[6.00251,50.4304],[6.00215,50.42974],[6.00253,50.42863],[6.00231,50.42741],[6.00243,50.42703],[6.00265,50.42683],[6.00287,50.42679],[6.00344,50.42687],[6.00387,50.42702],[6.00474,50.42785],[6.00506,50.42808],[6.00504,50.42819],[6.00471,50.42838],[6.00475,50.42857],[6.00496,50.42863],[6.00526,50.42853],[6.00537,50.42841],[6.00526,50.42811],[6.00541,50.42776],[6.00548,50.42703],[6.00577,50.4267],[6.00584,50.42647],[6.00563,50.4256],[6.00546,50.42526],[6.00544,50.42481],[6.00566,50.42453],[6.00644,50.42435],[6.00664,50.4242],[6.0065,50.42393],[6.00622,50.4237],[6.00546,50.4234],[6.00543,50.42316],[6.00562,50.4231],[6.00621,50.42312],[6.00782,50.42356],[6.00854,50.42394],[6.00897,50.42448],[6.00885,50.42502],[6.00893,50.42535],[6.00975,50.42565],[6.0101,50.42589],[6.01017,50.4264],[6.01008,50.42679],[6.01015,50.42704],[6.01049,50.42748],[6.0106,50.42785],[6.01112,50.42823],[6.01143,50.42859],[6.01173,50.42861],[6.01226,50.42839],[6.01271,50.42832],[6.01341,50.4278],[6.01381,50.42772],[6.01438,50.42781],[6.01478,50.4284],[6.0152,50.42877],[6.01636,50.42861],[6.01729,50.42835],[6.01782,50.42837],[6.01833,50.42859],[6.01841,50.4287],[6.01813,50.42898],[6.01728,50.42952],[6.01713,50.42974],[6.01706,50.43078],[6.01692,50.4312],[6.01704,50.43148],[6.01773,50.43175],[6.01954,50.4316],[6.02079,50.43172],[6.02157,50.43151],[6.02185,50.43157],[6.02203,50.4317],[6.02221,50.43199],[6.02189,50.4323],[6.02106,50.43258],[6.01965,50.43266],[6.01906,50.43285],[6.01778,50.43392],[6.01759,50.4342],[6.01763,50.43445],[6.01819,50.43476],[6.01907,50.43474],[6.01947,50.43483],[6.01972,50.43512],[6.0196,50.43581],[6.01964,50.43598],[6.0206,50.43675],[6.02107,50.43649],[6.02146,50.43591],[6.02263,50.43545],[6.02314,50.43501],[6.02355,50.43489],[6.02397,50.43489],[6.02439,50.43498],[6.02467,50.43515],[6.02492,50.4355],[6.02492,50.43569],[6.02424,50.43633],[6.024,50.43706],[6.02339,50.43748],[6.02337,50.43761],[6.0238,50.43786],[6.02444,50.43791],[6.02518,50.43784],[6.02579,50.43762],[6.02606,50.43765],[6.02624,50.43786],[6.02643,50.43841],[6.02681,50.4388],[6.0271,50.43895],[6.02772,50.43912],[6.02862,50.43974],[6.02874,50.44007],[6.02906,50.44041],[6.02905,50.44065],[6.02887,50.44085],[6.02849,50.44116],[6.02812,50.44129],[6.02611,50.44138],[6.02566,50.44118],[6.02531,50.44088],[6.02506,50.44085],[6.02464,50.44091],[6.02439,50.4413],[6.02414,50.44144],[6.02418,50.44155],[6.02434,50.44162],[6.02476,50.44145],[6.02561,50.44157],[6.02591,50.44237],[6.02675,50.44345],[6.02735,50.44359],[6.0281,50.4434],[6.02933,50.44343],[6.02956,50.44356],[6.02973,50.44377],[6.02963,50.44436],[6.02981,50.44481],[6.03092,50.44512],[6.03147,50.44517],[6.03266,50.44497],[6.03313,50.44472],[6.03353,50.44466],[6.03389,50.44483],[6.03438,50.44527],[6.03477,50.44548],[6.03522,50.44556],[6.03606,50.44531],[6.03684,50.44591],[6.03725,50.4461],[6.03771,50.446],[6.03814,50.44567],[6.03837,50.44536],[6.03861,50.44483],[6.03848,50.44453],[6.03852,50.44438],[6.03938,50.44391],[6.03981,50.44393],[6.03993,50.44423],[6.04043,50.44449],[6.04052,50.44463],[6.04058,50.44508],[6.04079,50.44522],[6.0411,50.44532],[6.0419,50.44529],[6.04235,50.44547],[6.04246,50.44565],[6.04228,50.4459],[6.04188,50.44619],[6.04101,50.44645],[6.04068,50.44672],[6.04062,50.44702],[6.04043,50.44729],[6.03945,50.44787],[6.03931,50.44811],[6.03925,50.44873],[6.03906,50.44923]],[[6.04266,50.44923],[6.04345,50.44918],[6.04442,50.44923]],[[6.04688,50.44923],[6.04719,50.44832],[6.0476,50.44765],[6.0477,50.44726],[6.04853,50.44755],[6.04939,50.44798],[6.05043,50.44923]],[[6.05277,50.44923],[6.05311,50.44895],[6.05436,50.44868],[6.05595,50.4481],[6.05645,50.44806],[6.05686,50.44816]],[[5.99811,50.44872],[5.9977,50.44846],[5.99751,50.44824],[5.99748,50.44811],[5.99757,50.44799],[5.99787,50.44794],[5.99832,50.44813],[5.9983,50.44838],[5.99811,50.44872]],[[5.96103,50.44853],[5.96078,50.44837],[5.96067,50.44814],[5.96088,50.44732],[5.96098,50.44722],[5.9614,50.44731],[5.96169,50.44752],[5.96167,50.44763],[5.9613,50.44787],[5.96194,50.44792],[5.96232,50.44811],[5.96186,50.44841],[5.96103,50.44853]],[[5.99894,50.44801],[5.99868,50.44782],[5.99893,50.44749],[5.99944,50.44743],[6.00004,50.44758],[5.99968,50.44801],[5.99933,50.44807],[5.99894,50.44801]],[[5.98936,50.44706],[5.989,50.44698],[5.98877,50.44672],[5.98975,50.44654],[5.99059,50.44667],[5.99071,50.44675],[5.99062,50.44702],[5.99017,50.44708],[5.98936,50.44706]],[[5.99936,50.44666],[5.99929,50.44648],[5.99933,50.44642],[6.00002,50.44647],[5.99979,50.44663],[5.99936,50.44666]],[[5.99644,50.44628],[5.99628,50.44617],[5.99641,50.446],[5.99657,50.44602],[5.99674,50.44615],[5.99644,50.44628]],[[6.00269,50.44519],[6.00218,50.44478],[6.00214,50.44449],[6.00227,50.44421],[6.00266,50.44414],[6.0031,50.44424],[6.00356,50.44478],[6.00313,50.44509],[6.00269,50.44519]],[[6.05686,50.44452],[6.0559,50.44435],[6.05511,50.44431],[6.05483,50.44417],[6.05457,50.4438],[6.05454,50.44363],[6.05468,50.44318],[6.05468,50.44253],[6.05503,50.44161],[6.05516,50.44141],[6.0555,50.44115],[6.05523,50.44059],[6.05487,50.44031],[6.05436,50.44034],[6.05303,50.44087],[6.0527,50.44121],[6.05237,50.44174],[6.05218,50.44185],[6.05157,50.44196],[6.05119,50.44174],[6.05119,50.44161],[6.05136,50.44141],[6.05192,50.44119],[6.05251,50.44071],[6.05269,50.44035],[6.05272,50.43997],[6.05247,50.43971],[6.05188,50.43951],[6.05074,50.43962],[6.05027,50.43949],[6.04998,50.43918],[6.04988,50.43849],[6.05009,50.43816],[6.05054,50.43776],[6.0514,50.43728],[6.05254,50.4363],[6.05257,50.43613],[6.05231,50.43588],[6.05152,50.4358],[6.05058,50.43591],[6.04942,50.43584],[6.04894,50.43611],[6.04853,50.43648],[6.0481,50.4365],[6.04713,50.4364],[6.04689,50.43648],[6.0466,50.43672],[6.04627,50.43734],[6.04602,50.43759],[6.04433,50.43776],[6.04389,50.4376],[6.04388,50.43735],[6.04375,50.43725],[6.04319,50.43718],[6.04235,50.43725],[6.04187,50.43717],[6.04173,50.43724],[6.04154,50.43761],[6.04136,50.43776],[6.04109,50.43786],[6.04055,50.43787],[6.03937,50.43755],[6.03803,50.43755],[6.03685,50.4373],[6.03631,50.43714],[6.03529,50.43663],[6.03478,50.43646],[6.03417,50.43615],[6.03225,50.43481],[6.03209,50.43453],[6.03206,50.43394],[6.03227,50.43311],[6.03268,50.43283],[6.03522,50.43319],[6.03566,50.43336],[6.03595,50.43372],[6.03645,50.43395],[6.03793,50.43413],[6.03813,50.43409],[6.03838,50.43368],[6.03864,50.43341],[6.03751,50.43328],[6.0372,50.43317],[6.03719,50.43281],[6.03746,50.43255],[6.03749,50.43238],[6.03693,50.43144],[6.03651,50.43117],[6.03465,50.43041],[6.03453,50.43026],[6.03447,50.42979],[6.03437,50.42963],[6.03373,50.42924],[6.03308,50.4287],[6.03248,50.42759],[6.03275,50.42731],[6.03319,50.42712],[6.03371,50.42702],[6.03438,50.42712],[6.03584,50.42774],[6.03685,50.428],[6.037,50.42811],[6.03721,50.42842],[6.03767,50.42851],[6.03816,50.42843],[6.03848,50.42783],[6.03884,50.42753],[6.03928,50.42737],[6.03968,50.4274],[6.03985,50.42752],[6.04005,50.42806],[6.04036,50.42856],[6.0406,50.42933],[6.04135,50.42956],[6.04183,50.43008],[6.0423,50.43015],[6.0427,50.43032],[6.04362,50.43112],[6.04469,50.43133],[6.04553,50.43178],[6.04684,50.43212],[6.04892,50.43219],[6.05017,50.43205],[6.05145,50.43174],[6.05219,50.43142],[6.0527,50.43136],[6.0529,50.43119],[6.0517,50.43063],[6.05061,50.43035],[6.04991,50.43005],[6.04895,50.42932],[6.04813,50.42939],[6.04773,50.42934],[6.04684,50.42896],[6.0457,50.42868],[6.04526,50.42841],[6.04508,50.42813],[6.04476,50.42788],[6.04474,50.42766],[6.04503,50.42706],[6.04485,50.42654],[6.0449,50.42592],[6.04504,50.42537],[6.04523,50.42513],[6.04565,50.42489],[6.04621,50.42484],[6.04741,50.42502],[6.04855,50.425],[6.04903,50.42516],[6.05266,50.4254],[6.05272,50.42532],[6.05216,50.42478],[6.05226,50.42451],[6.05255,50.42452],[6.05316,50.42467],[6.05464,50.4254],[6.05604,50.42562],[6.05686,50.42588]],[[5.98769,50.44409],[5.98687,50.44367],[5.9864,50.44356],[5.98623,50.44341],[5.98673,50.4433],[5.98732,50.44337],[5.98769,50.44368],[5.98769,50.44409]],[[5.98436,50.44328],[5.98412,50.44317],[5.9841,50.44308],[5.98439,50.44298],[5.98444,50.44313],[5.98436,50.44328]],[[5.98603,50.44318],[5.98602,50.44311],[5.98603,50.44318]],[[5.98311,50.44287],[5.98307,50.44258],[5.98324,50.44255],[5.98388,50.44258],[5.9842,50.44283],[5.98409,50.44299],[5.98386,50.44307],[5.98311,50.44287]],[[6.00311,50.43315],[6.00265,50.43284],[6.00253,50.43262],[6.0026,50.43246],[6.00278,50.43241],[6.00315,50.43251],[6.00409,50.43312],[6.00376,50.4332],[6.00311,50.43315]],[[6.03811,50.43258],[6.03805,50.43256],[6.0381,50.43251],[6.03811,50.43258]],[[5.96186,50.42541],[5.96101,50.42479],[5.96194,50.42468],[5.96266,50.42482],[5.96299,50.42512],[5.96294,50.42535],[5.9627,50.42549],[5.96186,50.42541]],[[6.04894,50.4249],[6.04884,50.42479],[6.04902,50.42479],[6.04894,50.4249]],[[5.95978,50.42457],[5.95934,50.42425],[5.95937,50.42406],[5.96066,50.42452],[5.96061,50.42465],[5.96043,50.4247],[5.95978,50.42457]],[[5.96728,50.42353],[5.96723,50.42339],[5.96731,50.4234],[5.96728,50.42353]],[[6.05686,50.4097],[6.05589,50.40987],[6.05536,50.41009],[6.054,50.41022],[6.05358,50.41047],[6.05313,50.41048],[6.05231,50.41033],[6.05194,50.41004],[6.0514,50.40991],[6.05098,50.40962],[6.04891,50.40879],[6.04787,50.40794],[6.04761,50.40788],[6.04722,50.40791],[6.04686,50.40767],[6.04651,50.40772],[6.04643,50.40785],[6.04697,50.40808],[6.047,50.40824],[6.04691,50.40842],[6.04602,50.4084],[6.04527,50.40881],[6.04509,50.4088],[6.04395,50.40827],[6.04352,50.40822],[6.04325,50.40842],[6.04269,50.40923],[6.04265,50.41012],[6.0425,50.41056],[6.04151,50.4113],[6.04059,50.41145],[6.0398,50.41176],[6.03928,50.41182],[6.03819,50.4116],[6.03722,50.41121],[6.03682,50.41116],[6.03661,50.41172],[6.03663,50.41206],[6.03644,50.41236],[6.03617,50.41258],[6.03528,50.41288],[6.03538,50.41345],[6.03516,50.41397],[6.03553,50.41456],[6.03594,50.41554],[6.03591,50.41581],[6.03567,50.4164],[6.03569,50.41665],[6.03633,50.41705],[6.03731,50.41734],[6.03761,50.41772],[6.03759,50.41785],[6.03744,50.41797],[6.03709,50.41802],[6.03645,50.41781],[6.03559,50.4179],[6.03454,50.41774],[6.03308,50.41787],[6.03186,50.41732],[6.0315,50.41723],[6.03099,50.41728],[6.0302,50.41757],[6.02894,50.41757],[6.02778,50.41726],[6.02652,50.41725],[6.0259,50.41708],[6.02518,50.41702],[6.02293,50.41629],[6.021,50.41535],[6.0208,50.41502],[6.02096,50.4145],[6.02126,50.41408],[6.02118,50.41385],[6.02094,50.41372],[6.0206,50.41368],[6.02034,50.41339],[6.01999,50.41316],[6.01901,50.41268],[6.01782,50.41248],[6.01749,50.41232],[6.0173,50.41186],[6.01734,50.41144],[6.01728,50.41117],[6.01683,50.41091],[6.01674,50.41061],[6.01646,50.41035],[6.0159,50.41012],[6.01551,50.40985],[6.01487,50.40904],[6.01487,50.4089],[6.0151,50.40859],[6.01512,50.40811],[6.01528,50.40783],[6.01482,50.40743],[6.01446,50.40728],[6.01371,50.40719],[6.01275,50.40723],[6.01217,50.40736],[6.01137,50.40709],[6.01101,50.40688],[6.01016,50.40676],[6.00925,50.40647],[6.0086,50.40614],[6.00803,50.40611],[6.0075,50.40594],[6.00748,50.40585],[6.00764,50.40572],[6.00813,50.40561],[6.01021,50.40396],[6.01077,50.40337],[6.01106,50.40285],[6.01072,50.40256],[6.00954,50.40233],[6.00952,50.40225],[6.00966,50.40216],[6.0102,50.40201],[6.00947,50.40172],[6.00893,50.4018],[6.00849,50.40157],[6.00721,50.40064],[6.00684,50.40007],[6.00713,50.39977],[6.00707,50.39927],[6.00728,50.39911],[6.00829,50.39887],[6.01047,50.39865],[6.01148,50.39828],[6.01204,50.39823],[6.01273,50.39849],[6.0132,50.3988],[6.01395,50.39895],[6.01482,50.39948],[6.01518,50.39962],[6.01724,50.40007],[6.01927,50.40029],[6.01975,50.40046],[6.02028,50.40079],[6.02104,50.401],[6.02194,50.40063],[6.02124,50.40031],[6.02142,50.39996],[6.02184,50.39978],[6.02198,50.40004],[6.02218,50.40019],[6.02246,50.40026],[6.02287,50.40023],[6.02369,50.40005],[6.02386,50.39981],[6.02376,50.3995],[6.02403,50.39938],[6.02517,50.39932],[6.02579,50.39946],[6.02684,50.39923],[6.02767,50.39894],[6.0281,50.39873],[6.02849,50.39839],[6.02892,50.39822],[6.03181,50.39798],[6.03197,50.39785],[6.03171,50.39753],[6.03194,50.39682],[6.03186,50.3959],[6.03262,50.3956],[6.03277,50.39547],[6.03316,50.39483],[6.0331,50.39451],[6.03397,50.39424],[6.03419,50.39393],[6.03445,50.39377],[6.03623,50.39343],[6.03643,50.39284],[6.03689,50.39272],[6.03736,50.39235],[6.03772,50.39234],[6.03799,50.39251],[6.03796,50.39264],[6.03761,50.39284],[6.03773,50.39296],[6.03811,50.39314],[6.03824,50.39311],[6.03834,50.39297],[6.03833,50.39279],[6.03815,50.39257],[6.03727,50.39202],[6.03678,50.3918],[6.03617,50.39135],[6.03557,50.39125],[6.03462,50.39061],[6.03262,50.39007],[6.03211,50.38985],[6.0315,50.38911],[6.03148,50.38877],[6.03159,50.38859],[6.03243,50.38783],[6.03354,50.38717],[6.03444,50.38625],[6.03522,50.3851],[6.03529,50.38479],[6.03618,50.38447],[6.03667,50.38401],[6.03702,50.38346],[6.03733,50.38317],[6.03816,50.38285],[6.03933,50.38274],[6.0402,50.38284],[6.04233,50.38339],[6.04376,50.38344],[6.04563,50.3832],[6.04793,50.38308],[6.04938,50.38259],[6.05063,50.38257],[6.05147,50.38235],[6.05298,50.38221],[6.05686,50.38264]],[[6.00519,50.40682],[6.00496,50.4067],[6.00542,50.40616],[6.0056,50.40562],[6.00604,50.40562],[6.00659,50.40589],[6.00578,50.40647],[6.00568,50.40681],[6.00519,50.40682]],[[5.98353,50.40292],[5.98325,50.40282],[5.98341,50.40269],[5.98366,50.40263],[5.98437,50.40284],[5.98432,50.40293],[5.98402,50.40301],[5.98353,50.40292]],[[5.98269,50.40264],[5.98221,50.40232],[5.98222,50.4022],[5.98303,50.402],[5.98335,50.40202],[5.98321,50.40227],[5.98338,50.40251],[5.98336,50.40265],[5.98308,50.40277],[5.98269,50.40264]],[[5.98103,50.40143],[5.98065,50.40116],[5.9806,50.4009],[5.98097,50.40059],[5.98152,50.4006],[5.9816,50.40092],[5.98149,50.40129],[5.98103,50.40143]],[[5.97728,50.40101],[5.97689,50.40061],[5.97599,50.40037],[5.97562,50.39978],[5.97511,50.39991],[5.97429,50.39983],[5.97347,50.39958],[5.97296,50.39922],[5.97261,50.39908],[5.9703,50.39895],[5.96938,50.39872],[5.96818,50.39894],[5.96802,50.39921],[5.9678,50.39933],[5.96726,50.39931],[5.96711,50.39914],[5.9669,50.39849],[5.96712,50.39807],[5.967,50.39779],[5.96605,50.39727],[5.96472,50.39711],[5.96429,50.39676],[5.96424,50.39637],[5.96437,50.39613],[5.96514,50.39582],[5.96555,50.39598],[5.96686,50.39618],[5.96756,50.39575],[5.96802,50.39567],[5.96825,50.39583],[5.9685,50.39632],[5.96869,50.39641],[5.97019,50.39673],[5.97088,50.39641],[5.97145,50.39645],[5.97295,50.39725],[5.97389,50.39789],[5.97474,50.39813],[5.97523,50.39837],[5.97549,50.39871],[5.9767,50.39897],[5.97695,50.39897],[5.97736,50.39881],[5.97802,50.3989],[5.97944,50.39919],[5.97978,50.39936],[5.97995,50.39957],[5.97999,50.39988],[5.97974,50.40033],[5.97942,50.40067],[5.97787,50.40102],[5.97728,50.40101]],[[6.00978,50.39855],[6.00965,50.39841],[6.00976,50.39827],[6.00987,50.39839],[6.00978,50.39855]],[[6.02894,50.39769],[6.02868,50.39754],[6.02852,50.39728],[6.02905,50.39706],[6.02981,50.39698],[6.03071,50.39729],[6.02981,50.39759],[6.02894,50.39769]],[[5.96144,50.38453],[5.96145,50.38441],[5.96144,50.38453]],[[5.96061,50.38431],[5.96035,50.38417],[5.96028,50.38397],[5.96058,50.38388],[5.96101,50.38394],[5.9613,50.3842],[5.96104,50.38435],[5.96061,50.38431]],[[5.99756,50.36896],[5.99736,50.36929],[5.99694,50.36963],[5.99601,50.36979],[5.99657,50.37006],[5.9965,50.37042],[5.99506,50.37222],[5.99477,50.37283],[5.99443,50.37317],[5.99367,50.37423],[5.99324,50.37443],[5.99255,50.37451],[5.9925,50.37463],[5.9926,50.37501],[5.99252,50.37514],[5.99218,50.37534],[5.99131,50.37555],[5.99096,50.37577],[5.99071,50.37629],[5.99032,50.37671],[5.99061,50.377],[5.99064,50.37731],[5.99021,50.3776],[5.98956,50.37784],[5.98952,50.37797],[5.98962,50.37835],[5.98954,50.37852],[5.98912,50.37882],[5.98807,50.37914],[5.98771,50.37981],[5.98595,50.38],[5.98543,50.37992],[5.98444,50.37955],[5.98303,50.37967],[5.98271,50.3798],[5.98207,50.38028],[5.98199,50.3807],[5.9814,50.38144],[5.98094,50.38148],[5.97935,50.38129],[5.97908,50.38148],[5.97909,50.38195],[5.97896,50.38211],[5.97832,50.3823],[5.97767,50.38237],[5.97725,50.38233],[5.97702,50.38213],[5.97699,50.38201],[5.97772,50.3816],[5.97801,50.38113],[5.97816,50.38109],[5.97853,50.38122],[5.97877,50.38114],[5.9782,50.37995],[5.97833,50.37973],[5.97895,50.37924],[5.97912,50.37894],[5.97903,50.37858],[5.97825,50.37776],[5.97803,50.37733],[5.97603,50.37662],[5.97562,50.37617],[5.97521,50.37601],[5.97439,50.37552],[5.97364,50.37526],[5.97298,50.37517],[5.97224,50.37536],[5.97131,50.37489],[5.97048,50.37486],[5.96975,50.3746],[5.96892,50.37464],[5.96878,50.37442],[5.96887,50.37409],[5.96903,50.37399],[5.96944,50.37395],[5.96915,50.37369],[5.96893,50.37361],[5.96839,50.37383],[5.96725,50.37386],[5.967,50.37408],[5.96695,50.37425],[5.96758,50.37474],[5.96768,50.37513],[5.96833,50.37554],[5.96853,50.3759],[5.96883,50.37616],[5.96888,50.37633],[5.96875,50.37668],[5.96878,50.37678],[5.96998,50.37726],[5.97069,50.37787],[5.97128,50.37852],[5.97134,50.37877],[5.97123,50.37897],[5.97001,50.37951],[5.96966,50.37977],[5.96978,50.38007],[5.97043,50.37998],[5.97103,50.38005],[5.9708,50.38032],[5.9702,50.38048],[5.9697,50.38086],[5.96887,50.38115],[5.96819,50.38123],[5.96728,50.38115],[5.9668,50.38119],[5.96639,50.38139],[5.96615,50.382],[5.96564,50.3823],[5.96518,50.3823],[5.96404,50.38179],[5.96347,50.3817],[5.96182,50.38214],[5.96053,50.382],[5.95978,50.38285],[5.95936,50.38314],[5.95811,50.38256],[5.95771,50.38314],[5.95652,50.38334],[5.9561,50.38334],[5.95562,50.38312],[5.95519,50.38303]],[[6.05603,50.38153],[6.05574,50.38146],[6.05612,50.38145],[6.05603,50.38153]],[[6.02144,50.38105],[6.02119,50.38068],[6.02118,50.38044],[6.02126,50.38035],[6.02199,50.38041],[6.02237,50.38058],[6.02249,50.38078],[6.02247,50.38092],[6.02232,50.38099],[6.02144,50.38105]],[[6.02353,50.38023],[6.02312,50.38004],[6.02305,50.37977],[6.02309,50.37949],[6.02427,50.37958],[6.02447,50.37971],[6.02446,50.37985],[6.02402,50.38012],[6.02353,50.38023]],[[6.02686,50.37988],[6.02676,50.3798],[6.02678,50.37972],[6.02724,50.3794],[6.02737,50.37944],[6.02752,50.37967],[6.02751,50.37979],[6.02737,50.37989],[6.02686,50.37988]],[[6.02936,50.37925],[6.02783,50.37919],[6.02768,50.37911],[6.02766,50.37895],[6.02805,50.37839],[6.02852,50.37799],[6.02991,50.37735],[6.03219,50.37714],[6.03313,50.37687],[6.03418,50.37674],[6.03643,50.377],[6.03653,50.3772],[6.03653,50.37732],[6.03632,50.37752],[6.03541,50.37819],[6.03438,50.37865],[6.03272,50.37876],[6.02936,50.37925]],[[6.02728,50.37845],[6.02703,50.37834],[6.02699,50.37818],[6.02707,50.37806],[6.02755,50.37782],[6.02789,50.37786],[6.02795,50.37803],[6.02788,50.37818],[6.02728,50.37845]],[[5.97561,50.37687],[5.97541,50.37676],[5.97549,50.37661],[5.97568,50.37658],[5.97586,50.37669],[5.97584,50.37678],[5.97561,50.37687]],[[6.01222,50.36896],[6.01207,50.36936],[6.01214,50.3698],[6.01231,50.37004],[6.01273,50.3702],[6.01288,50.37034],[6.01277,50.3705],[6.0125,50.37064],[6.01245,50.37078],[6.01248,50.37088],[6.01282,50.37114],[6.01275,50.37149],[6.01186,50.37198],[6.01108,50.37231],[6.01078,50.37229],[6.01072,50.37196],[6.01047,50.37187],[6.00876,50.3725],[6.00861,50.37269],[6.00859,50.37321],[6.00756,50.37391],[6.00728,50.37429],[6.00687,50.37462],[6.00651,50.37516],[6.00606,50.37537],[6.00595,50.37562],[6.00543,50.37573],[6.00418,50.37577],[6.00232,50.37647],[6.00157,50.3766],[6.00101,50.37654],[6.00037,50.37636],[5.99938,50.37585],[5.99865,50.37495],[5.99865,50.37477],[5.99886,50.37446],[5.99875,50.37415],[5.9986,50.37394],[5.99814,50.37367],[5.9979,50.37341],[5.99808,50.372],[5.9985,50.37171],[5.99894,50.37118],[5.99917,50.37071],[5.99917,50.37033],[5.9995,50.36984],[5.99935,50.36952],[5.99887,50.36925],[5.99881,50.36896]],[[5.97061,50.37454],[5.97022,50.37443],[5.97013,50.37422],[5.97028,50.3742],[5.97071,50.37451],[5.97061,50.37454]],[[6.01328,50.36896],[6.0131,50.36909],[6.01277,50.36916],[6.01236,50.36896]]]}},{"type":"Feature","properties":{"ele":460},"geometry":{"type":"MultiLineString","coordinates":[[[5.95801,50.44923],[5.95859,50.44817],[5.95904,50.4476],[5.95982,50.44704],[5.96003,50.44668],[5.96088,50.44596],[5.96144,50.44563],[5.962,50.44507],[5.96237,50.44423],[5.96237,50.44366],[5.96253,50.44318],[5.96286,50.4426],[5.96276,50.44248],[5.96226,50.4423],[5.96226,50.44201],[5.96331,50.44125],[5.96369,50.44087],[5.96386,50.44047],[5.96397,50.43951],[5.96363,50.43895],[5.96326,50.43866],[5.96283,50.43811],[5.96248,50.43784],[5.96112,50.43725],[5.95897,50.43661],[5.95809,50.43627],[5.95772,50.43604],[5.95744,50.43563],[5.95701,50.43526],[5.95519,50.4342]],[[5.96315,50.44923],[5.96386,50.4491],[5.96433,50.44923]],[[5.96438,50.44923],[5.96422,50.44895],[5.965,50.4487],[5.96523,50.44855],[5.96531,50.44838],[5.96507,50.44812],[5.96518,50.44788],[5.96642,50.44672],[5.96704,50.44662],[5.96771,50.44669],[5.96782,50.44729],[5.96761,50.44756],[5.96753,50.44793],[5.96726,50.44834],[5.96589,50.44867],[5.96523,50.44897],[5.96501,50.44923]],[[5.97788,50.44923],[5.97756,50.44901],[5.97742,50.44877],[5.97748,50.44856],[5.97771,50.44831],[5.9782,50.44808],[5.97902,50.44799],[5.97919,50.44782],[5.97935,50.4475],[5.97954,50.44735],[5.98051,50.447],[5.98055,50.4467],[5.98105,50.44664],[5.98158,50.44643],[5.98256,50.44634],[5.98313,50.44643],[5.98326,50.44673],[5.98363,50.44702],[5.98395,50.44756],[5.98409,50.44807],[5.98436,50.4484],[5.98451,50.44923]],[[5.99153,50.44923],[5.99159,50.44871],[5.99182,50.4486],[5.99225,50.44902],[5.99235,50.44923]],[[5.99948,50.44923],[6.00048,50.44912],[6.00085,50.44923]],[[6.00175,50.44923],[6.00191,50.44896],[6.00142,50.44869],[6.00157,50.44836],[6.00125,50.4479],[6.00146,50.44758],[6.00254,50.44729],[6.0026,50.44717],[6.00246,50.44679],[6.00251,50.44669],[6.00352,50.44618],[6.00431,50.44558],[6.00532,50.44553],[6.00594,50.44541],[6.00607,50.44546],[6.00639,50.44588],[6.00644,50.44648],[6.00678,50.44632],[6.00765,50.4457],[6.00787,50.44565],[6.0086,50.4458],[6.01063,50.44643],[6.01093,50.44674],[6.01229,50.44667],[6.01284,50.44705],[6.01358,50.44727],[6.01374,50.44745],[6.01375,50.44762],[6.01339,50.44804],[6.01339,50.44813],[6.01518,50.44782],[6.01584,50.44803],[6.01653,50.4481],[6.0182,50.44858],[6.01829,50.44871],[6.01825,50.4489],[6.01811,50.44914],[6.01794,50.44923]],[[6.02064,50.44923],[6.02074,50.44894],[6.02017,50.44885],[6.01978,50.44867],[6.01946,50.44809],[6.01888,50.44785],[6.01852,50.44759],[6.01844,50.4472],[6.01803,50.44678],[6.01779,50.44663],[6.01668,50.44653],[6.01569,50.44602],[6.01477,50.4459],[6.01437,50.44561],[6.01358,50.44525],[6.01251,50.44527],[6.01173,50.44519],[6.01022,50.44467],[6.00832,50.4443],[6.00826,50.44423],[6.00841,50.44416],[6.00918,50.44415],[6.00954,50.44403],[6.00966,50.4439],[6.00967,50.4434],[6.00897,50.44311],[6.00855,50.44276],[6.00715,50.44242],[6.00679,50.44244],[6.00601,50.44301],[6.00477,50.44281],[6.0032,50.44317],[6.00227,50.44311],[6.00139,50.44332],[5.99973,50.44394],[5.99937,50.44424],[5.9991,50.44461],[5.99866,50.44491],[5.99844,50.44497],[5.99741,50.44466],[5.99682,50.44483],[5.99568,50.44419],[5.99402,50.44385],[5.99358,50.44385],[5.99293,50.44417],[5.99162,50.44437],[5.99033,50.44419],[5.98999,50.44396],[5.98956,50.44318],[5.98929,50.4429],[5.98812,50.44221],[5.98678,50.4418],[5.98427,50.44137],[5.9832,50.44127],[5.98236,50.44176],[5.98194,50.44183],[5.9809,50.4416],[5.9802,50.4413],[5.97991,50.44125],[5.97871,50.4413],[5.9777,50.44146],[5.97602,50.44144],[5.97543,50.44159],[5.97477,50.44146],[5.97484,50.44119],[5.97519,50.44062],[5.97557,50.44032],[5.9763,50.44],[5.97649,50.43981],[5.97637,50.43926],[5.97681,50.43724],[5.97673,50.43701],[5.97632,50.43672],[5.97626,50.43637],[5.97636,50.43557],[5.97682,50.43445],[5.97728,50.43258],[5.97731,50.43205],[5.97727,50.43195],[5.9765,50.4324],[5.97614,50.43227],[5.97601,50.43197],[5.97659,50.43172],[5.97634,50.43144],[5.97599,50.4312],[5.97578,50.43082],[5.9752,50.43027],[5.97512,50.42982],[5.97529,50.42948],[5.97478,50.42896],[5.97435,50.42868],[5.97308,50.42841],[5.97302,50.42813],[5.97404,50.42816],[5.9741,50.42809],[5.97387,50.42783],[5.97413,50.42758],[5.97465,50.42746],[5.97522,50.4275],[5.97599,50.42724],[5.97621,50.42733],[5.97641,50.42785],[5.97728,50.42795],[5.97785,50.42766],[5.97808,50.42728],[5.97853,50.42724],[5.97867,50.42754],[5.97846,50.42787],[5.97887,50.42814],[5.98186,50.42868],[5.98391,50.42926],[5.98439,50.42923],[5.98467,50.42955],[5.98558,50.42984],[5.98651,50.43053],[5.98728,50.4309],[5.9884,50.43137],[5.98895,50.43145],[5.98981,50.43171],[5.99017,50.43205],[5.99063,50.43211],[5.99178,50.43248],[5.99428,50.43307],[5.99518,50.43304],[5.99557,50.43321],[5.996,50.43321],[5.99653,50.43339],[5.9972,50.43344],[5.99814,50.43329],[5.99985,50.43335],[6.00029,50.43316],[6.00064,50.43259],[6.00104,50.43253],[6.00187,50.43278],[6.00224,50.43299],[6.00281,50.43367],[6.00314,50.43392],[6.00407,50.43412],[6.00515,50.43367],[6.00525,50.43339],[6.00501,50.43308],[6.00423,50.43257],[6.00344,50.4318],[6.00295,50.43145],[6.00308,50.43043],[6.00287,50.42981],[6.00304,50.42919],[6.00322,50.42898],[6.00353,50.42882],[6.00405,50.42917],[6.0044,50.42953],[6.00584,50.42983],[6.00686,50.42971],[6.00696,50.42939],[6.00693,50.4287],[6.00712,50.42762],[6.00673,50.42648],[6.00709,50.42588],[6.00686,50.42562],[6.00642,50.42539],[6.00639,50.4253],[6.00648,50.42509],[6.00681,50.42479],[6.00732,50.42465],[6.00771,50.42437],[6.0081,50.42436],[6.00833,50.42457],[6.00833,50.42529],[6.00848,50.42562],[6.00914,50.42592],[6.00943,50.42614],[6.00945,50.4264],[6.00927,50.42674],[6.00928,50.427],[6.0104,50.4284],[6.01047,50.42859],[6.01045,50.42896],[6.01064,50.42915],[6.01131,50.42943],[6.01178,50.42947],[6.01227,50.42923],[6.01271,50.42879],[6.01353,50.42868],[6.01397,50.42849],[6.01437,50.42865],[6.0145,50.42897],[6.01479,50.42926],[6.0152,50.42927],[6.01641,50.42895],[6.01666,50.42896],[6.0167,50.42902],[6.01657,50.42929],[6.01663,50.43085],[6.01648,50.43126],[6.01627,50.43149],[6.01633,50.43173],[6.01699,50.4318],[6.01793,50.43214],[6.01912,50.43206],[6.01991,50.43229],[6.01925,50.43245],[6.01799,50.43312],[6.01679,50.43422],[6.01672,50.43445],[6.01689,50.43464],[6.0179,50.43513],[6.01896,50.43533],[6.01901,50.4356],[6.01893,50.43592],[6.01904,50.43637],[6.0195,50.43672],[6.01977,50.43704],[6.0202,50.4373],[6.02148,50.43702],[6.02266,50.4364],[6.02351,50.43547],[6.02376,50.43539],[6.024,50.43543],[6.02419,50.43558],[6.02421,50.43571],[6.02373,50.43624],[6.02354,50.43675],[6.02252,50.4372],[6.02243,50.43735],[6.0225,50.43753],[6.02324,50.43788],[6.02381,50.43803],[6.02568,50.43806],[6.02621,50.43887],[6.02616,50.43925],[6.02652,50.43936],[6.02733,50.43943],[6.02764,50.43955],[6.02796,50.43981],[6.02829,50.4405],[6.02824,50.44069],[6.02806,50.44087],[6.02751,50.44103],[6.02636,50.44104],[6.02601,50.44093],[6.02554,50.44065],[6.02511,50.44057],[6.0222,50.44088],[6.02207,50.44109],[6.02218,50.44128],[6.02247,50.44144],[6.02354,50.44173],[6.02434,50.44248],[6.02483,50.4427],[6.02542,50.44311],[6.02562,50.44337],[6.02558,50.44369],[6.02647,50.44395],[6.02719,50.44454],[6.02821,50.44447],[6.0285,50.44453],[6.02894,50.44479],[6.0288,50.44512],[6.02878,50.4455],[6.02884,50.44564],[6.02903,50.44572],[6.02977,50.44591],[6.03031,50.44582],[6.03182,50.44619],[6.03265,50.44613],[6.03397,50.44624],[6.03557,50.44676],[6.03709,50.44707],[6.03787,50.44702],[6.03888,50.44623],[6.03924,50.44605],[6.0394,50.44605],[6.0398,50.44654],[6.03986,50.44698],[6.0389,50.44774],[6.03869,50.44838],[6.03859,50.44923]],[[6.04768,50.44923],[6.04775,50.44896],[6.04802,50.44866],[6.0486,50.44855],[6.04919,50.4487],[6.04984,50.44923]],[[6.05375,50.44923],[6.05474,50.44916],[6.05521,50.44886],[6.05603,50.44862],[6.05647,50.44863],[6.05686,50.44886]],[[6.03936,50.44578],[6.03919,50.44536],[6.03928,50.44504],[6.03939,50.44495],[6.03957,50.44507],[6.03965,50.44529],[6.03936,50.44578]],[[6.05686,50.44391],[6.05652,50.44392],[6.05626,50.44383],[6.05553,50.44342],[6.05535,50.44307],[6.0554,50.44276],[6.05585,50.4422],[6.05604,50.44148],[6.05648,50.44093],[6.05626,50.44064],[6.0554,50.44006],[6.05388,50.43981],[6.05382,50.43946],[6.05351,50.43909],[6.05322,50.43887],[6.05277,50.43867],[6.05225,50.43863],[6.05131,50.4389],[6.05079,50.43887],[6.05058,50.43877],[6.05055,50.43839],[6.05081,50.43816],[6.05295,50.43725],[6.05359,50.43678],[6.05363,50.4364],[6.05387,50.43595],[6.0538,50.43582],[6.0535,50.43565],[6.05266,50.43535],[6.05178,50.43528],[6.05104,50.43506],[6.0498,50.4351],[6.04862,50.43548],[6.04802,50.4359],[6.0472,50.43604],[6.04481,50.43675],[6.04267,50.43687],[6.04136,50.43662],[6.04098,50.43673],[6.04087,50.43725],[6.04066,50.43736],[6.04016,50.43737],[6.03973,50.43715],[6.03938,50.43708],[6.03854,50.43729],[6.03811,50.43729],[6.03649,50.43699],[6.03611,50.4367],[6.03542,50.43647],[6.03488,50.4361],[6.03437,50.43588],[6.03416,50.43567],[6.03411,50.43533],[6.03397,50.43517],[6.03345,50.43519],[6.03307,50.43509],[6.03285,50.43477],[6.03292,50.43423],[6.03256,50.43399],[6.03251,50.43383],[6.03269,50.43337],[6.03316,50.43335],[6.03356,50.43348],[6.03374,50.43364],[6.03377,50.43377],[6.03346,50.43427],[6.03341,50.43455],[6.03356,50.43472],[6.03403,50.43495],[6.03563,50.43488],[6.03613,50.43431],[6.03645,50.4342],[6.03687,50.43423],[6.03808,50.4348],[6.03852,50.43484],[6.03868,50.43479],[6.03884,50.4346],[6.03898,50.43399],[6.03968,50.43369],[6.0398,50.43343],[6.03895,50.43311],[6.03881,50.43293],[6.03881,50.43281],[6.03923,50.43251],[6.03885,50.43147],[6.03863,50.43117],[6.03851,50.43112],[6.03811,50.43126],[6.03768,50.43123],[6.03607,50.43063],[6.03534,50.43026],[6.03507,50.43001],[6.03503,50.42967],[6.03519,50.42946],[6.03556,50.42961],[6.03574,50.42957],[6.03583,50.42942],[6.03578,50.42919],[6.03523,50.42865],[6.03471,50.42859],[6.03431,50.42881],[6.03394,50.42845],[6.03382,50.42811],[6.03335,50.42766],[6.03335,50.42752],[6.03352,50.42743],[6.03397,50.42742],[6.03526,50.42781],[6.03603,50.42837],[6.03628,50.42877],[6.03679,50.42898],[6.03813,50.4291],[6.03854,50.42903],[6.03907,50.42877],[6.03954,50.42882],[6.03979,50.42895],[6.0398,50.42925],[6.03961,50.42957],[6.03979,50.42989],[6.04116,50.4305],[6.04226,50.4309],[6.04376,50.43187],[6.04435,50.43214],[6.04547,50.43245],[6.04572,50.43257],[6.04603,50.43285],[6.04732,50.43317],[6.04866,50.43311],[6.04944,50.43327],[6.05095,50.43292],[6.05266,50.4327],[6.05311,50.43256],[6.05426,50.43287],[6.05481,50.43287],[6.055,50.43227],[6.05487,50.43158],[6.05481,50.43143],[6.05453,50.43121],[6.05394,50.4309],[6.05355,50.43078],[6.05257,50.43068],[6.05099,50.42982],[6.05018,50.42952],[6.04978,50.42912],[6.04942,50.42889],[6.04897,50.42879],[6.04847,50.42897],[6.04772,50.42882],[6.04697,50.42857],[6.04614,50.42811],[6.0456,50.42769],[6.04548,50.42751],[6.04551,50.42703],[6.04535,50.42627],[6.0454,50.42571],[6.04557,50.42532],[6.0461,50.42523],[6.0469,50.42531],[6.04806,50.42579],[6.04856,50.42616],[6.04938,50.42633],[6.05048,50.42637],[6.05183,50.42632],[6.0535,50.42656],[6.05511,50.42667],[6.05532,50.42659],[6.0554,50.42644],[6.0551,50.42617],[6.05558,50.42609],[6.05603,50.42618],[6.05617,50.42643],[6.0564,50.42661],[6.05686,50.42661]],[[5.97561,50.43427],[5.97555,50.43423],[5.9756,50.43413],[5.97561,50.43427]],[[5.99644,50.43273],[5.9962,50.43262],[5.99618,50.43252],[5.99641,50.43241],[5.99662,50.43247],[5.99667,50.4326],[5.99644,50.43273]],[[5.99853,50.43211],[5.99834,50.4318],[5.99839,50.43171],[5.99861,50.43175],[5.99853,50.43211]],[[5.99811,50.43155],[5.99808,50.43145],[5.99813,50.43146],[5.99811,50.43155]],[[6.00353,50.42851],[6.00344,50.4284],[6.00352,50.42828],[6.00359,50.42839],[6.00353,50.42851]],[[6.04769,50.42849],[6.04766,50.42837],[6.04791,50.4284],[6.04769,50.42849]],[[5.97103,50.42717],[5.97079,50.42706],[5.97077,50.42698],[5.97099,50.42688],[5.97116,50.42694],[5.9712,50.42704],[5.97103,50.42717]],[[5.96894,50.42646],[5.96889,50.42615],[5.96916,50.42618],[5.9691,50.42637],[5.96894,50.42646]],[[5.96269,50.42287],[5.96254,50.42283],[5.96267,50.42272],[5.96276,50.42282],[5.96269,50.42287]],[[5.96186,50.42262],[5.96175,50.42251],[5.96195,50.42234],[5.96228,50.4224],[5.96248,50.42255],[5.96228,50.42268],[5.96186,50.42262]],[[5.96103,50.42222],[5.96097,50.42202],[5.96103,50.42196],[5.96109,50.42204],[5.96103,50.42222]],[[6.05686,50.40732],[6.05528,50.40723],[6.05403,50.40742],[6.0535,50.40758],[6.05262,50.40731],[6.05222,50.40703],[6.05048,50.40658],[6.049,50.40681],[6.04768,50.40735],[6.04755,50.40728],[6.04745,50.40706],[6.04757,50.40651],[6.04747,50.40638],[6.04687,50.40616],[6.04601,50.40618],[6.04565,50.40589],[6.04534,50.40595],[6.04359,50.40668],[6.04308,50.40699],[6.0424,50.40756],[6.04154,50.40847],[6.04043,50.40918],[6.03973,50.40978],[6.03933,50.40991],[6.03812,50.41007],[6.03767,50.4102],[6.03678,50.41019],[6.03567,50.41036],[6.0352,50.41063],[6.03511,50.41088],[6.03488,50.41102],[6.0331,50.41145],[6.03289,50.41176],[6.03247,50.41205],[6.03215,50.41283],[6.03208,50.41311],[6.03213,50.41432],[6.03184,50.41505],[6.03191,50.41528],[6.03205,50.41541],[6.03231,50.41555],[6.0327,50.41562],[6.03286,50.41578],[6.0329,50.41594],[6.03274,50.41606],[6.03227,50.41611],[6.03187,50.41632],[6.03126,50.41627],[6.03082,50.41642],[6.03062,50.41663],[6.03047,50.41667],[6.02949,50.41656],[6.02886,50.41659],[6.02777,50.41635],[6.02631,50.41637],[6.02465,50.41601],[6.02437,50.41603],[6.0239,50.41622],[6.02309,50.41591],[6.02261,50.41558],[6.02253,50.41536],[6.02256,50.41508],[6.02239,50.41477],[6.02279,50.41434],[6.02282,50.41408],[6.02273,50.41392],[6.02224,50.41377],[6.02224,50.4136],[6.02254,50.41337],[6.02251,50.41314],[6.02228,50.41278],[6.02173,50.41231],[6.02143,50.41175],[6.02028,50.41151],[6.02012,50.41156],[6.02001,50.41172],[6.02022,50.41201],[6.02016,50.41208],[6.01965,50.41216],[6.01895,50.41201],[6.01872,50.41173],[6.01902,50.41147],[6.01949,50.41129],[6.02027,50.41129],[6.02042,50.41115],[6.02038,50.41094],[6.01936,50.41057],[6.01896,50.41068],[6.01845,50.41064],[6.01835,50.41047],[6.01839,50.41031],[6.01897,50.41007],[6.01769,50.40979],[6.01727,50.40925],[6.01735,50.409],[6.01755,50.40886],[6.0186,50.4088],[6.01898,50.40868],[6.01938,50.4084],[6.01899,50.40854],[6.01888,50.40846],[6.0189,50.40765],[6.01865,50.40727],[6.01877,50.40696],[6.01867,50.40647],[6.01874,50.40609],[6.01857,50.4056],[6.01813,50.40548],[6.01699,50.40554],[6.01591,50.40536],[6.01568,50.40505],[6.01514,50.40492],[6.01495,50.40463],[6.01492,50.40436],[6.01549,50.40321],[6.01565,50.40229],[6.01373,50.40204],[6.01353,50.40185],[6.01331,50.40127],[6.01337,50.40115],[6.01357,50.40108],[6.01431,50.40114],[6.01605,50.40157],[6.01724,50.40207],[6.01755,50.40179],[6.01765,50.40144],[6.01798,50.4013],[6.01829,50.40127],[6.01896,50.40145],[6.01939,50.40173],[6.01922,50.40204],[6.01982,50.40252],[6.01992,50.40318],[6.01988,50.40342],[6.01976,50.40354],[6.01938,50.40362],[6.01897,50.40349],[6.0189,50.4037],[6.01934,50.40404],[6.01996,50.40418],[6.02087,50.40395],[6.02113,50.4029],[6.02139,50.40264],[6.02178,50.40261],[6.0227,50.40293],[6.02317,50.40293],[6.02399,50.40268],[6.0248,50.40231],[6.02528,50.40182],[6.0253,50.40171],[6.02518,50.4016],[6.02477,50.40149],[6.02433,50.40126],[6.02345,50.40105],[6.02334,50.40085],[6.02357,50.40062],[6.02434,50.40032],[6.02511,50.40052],[6.02561,50.40048],[6.02581,50.40062],[6.02577,50.40085],[6.02582,50.40097],[6.02602,50.40108],[6.02621,50.40107],[6.02657,50.40091],[6.02655,50.40061],[6.02674,50.40036],[6.02814,50.40013],[6.02897,50.39981],[6.0292,50.39956],[6.02928,50.39936],[6.0291,50.39895],[6.02939,50.39879],[6.0298,50.39879],[6.03024,50.39895],[6.02954,50.3992],[6.02957,50.39929],[6.03094,50.39939],[6.03138,50.39957],[6.0317,50.40006],[6.03208,50.40034],[6.03201,50.40071],[6.0321,50.40089],[6.03303,50.40096],[6.03397,50.40092],[6.03408,50.40064],[6.03399,50.40032],[6.03353,50.39979],[6.03308,50.39953],[6.0329,50.39901],[6.0329,50.39849],[6.03318,50.39815],[6.0332,50.39793],[6.03269,50.39729],[6.03265,50.39699],[6.03269,50.39673],[6.03298,50.39635],[6.0332,50.39623],[6.03366,50.39617],[6.03368,50.39585],[6.03389,50.39561],[6.03484,50.39563],[6.03503,50.39534],[6.03553,50.39501],[6.03565,50.39479],[6.03559,50.39446],[6.03596,50.39418],[6.03643,50.39419],[6.03687,50.39431],[6.03736,50.39407],[6.03766,50.39401],[6.03807,50.39426],[6.03852,50.39508],[6.03936,50.39479],[6.04063,50.39401],[6.04208,50.39258],[6.04192,50.39168],[6.04149,50.39136],[6.0408,50.39061],[6.03954,50.39025],[6.03689,50.38985],[6.0364,50.38952],[6.03701,50.38922],[6.03732,50.3887],[6.03814,50.38787],[6.03853,50.38675],[6.03879,50.38642],[6.03986,50.386],[6.0406,50.38562],[6.04116,50.38545],[6.04211,50.38533],[6.04324,50.38539],[6.04396,50.38531],[6.04438,50.3851],[6.04419,50.3848],[6.04433,50.38452],[6.04475,50.38438],[6.04527,50.38442],[6.04687,50.38481],[6.04787,50.38494],[6.04944,50.38473],[6.05136,50.38462],[6.0531,50.38421],[6.05418,50.38408],[6.05686,50.38408]],[[6.03311,50.41622],[6.03299,50.41617],[6.03312,50.41612],[6.03311,50.41622]],[[6.03894,50.41118],[6.03855,50.41101],[6.03767,50.41098],[6.03744,50.41093],[6.03738,50.41084],[6.03762,50.41057],[6.03866,50.4102],[6.03892,50.41023],[6.03927,50.4104],[6.04022,50.41048],[6.04067,50.41064],[6.04067,50.4109],[6.04051,50.41097],[6.03894,50.41118]],[[6.04394,50.4078],[6.04365,50.40755],[6.04365,50.40728],[6.04397,50.40714],[6.04437,50.40727],[6.04427,50.40753],[6.04394,50.4078]],[[6.01394,50.40591],[6.01401,50.4059],[6.01394,50.40591]],[[6.01061,50.40518],[6.01051,50.40505],[6.01094,50.40499],[6.01118,50.40507],[6.01102,50.40519],[6.01061,50.40518]],[[6.00853,50.40037],[6.00834,50.39995],[6.00847,50.39971],[6.00974,50.39944],[6.01002,50.3997],[6.01001,50.39988],[6.0098,50.40008],[6.00853,50.40037]],[[5.96978,50.39791],[5.96931,50.39767],[5.96838,50.39735],[5.9682,50.39719],[5.9681,50.39695],[5.96898,50.39699],[5.96944,50.39716],[5.9703,50.3973],[5.97034,50.39755],[5.97021,50.39785],[5.96978,50.39791]],[[5.97103,50.39732],[5.97092,50.39728],[5.97131,50.39721],[5.97165,50.39729],[5.97145,50.39737],[5.97103,50.39732]],[[5.9962,50.36896],[5.99597,50.36924],[5.99558,50.36927],[5.99501,50.36916],[5.99462,50.36923],[5.99478,50.36951],[5.9948,50.37001],[5.99503,50.3704],[5.99454,50.37143],[5.9931,50.37369],[5.99263,50.37421],[5.99091,50.37446],[5.99094,50.37462],[5.99128,50.3748],[5.99086,50.37505],[5.99082,50.37535],[5.99039,50.37578],[5.99024,50.3762],[5.98971,50.37635],[5.98938,50.37703],[5.98812,50.37636],[5.98779,50.37634],[5.98725,50.37673],[5.98727,50.37702],[5.98741,50.37726],[5.98735,50.37737],[5.98714,50.3774],[5.98643,50.37724],[5.98601,50.3774],[5.98562,50.37819],[5.98558,50.37845],[5.98594,50.37876],[5.98697,50.37893],[5.98715,50.37929],[5.98709,50.37948],[5.98697,50.37956],[5.98601,50.37979],[5.98552,50.37954],[5.98511,50.37901],[5.98491,50.37888],[5.98454,50.37883],[5.98366,50.37894],[5.98331,50.37865],[5.98287,50.37855],[5.98244,50.37866],[5.98184,50.37924],[5.98155,50.37865],[5.98112,50.37853],[5.98097,50.37858],[5.98093,50.37877],[5.981,50.37899],[5.98125,50.3792],[5.98125,50.37932],[5.98079,50.37967],[5.98043,50.37968],[5.98018,50.37954],[5.97977,50.37901],[5.97969,50.37866],[5.97972,50.37836],[5.97993,50.37813],[5.98028,50.37797],[5.98145,50.37785],[5.98164,50.37724],[5.98155,50.377],[5.98129,50.37674],[5.97993,50.37564],[5.97935,50.37549],[5.97851,50.37507],[5.9774,50.3747],[5.97695,50.37474],[5.9765,50.37498],[5.97626,50.375],[5.97121,50.37355],[5.96928,50.37292],[5.96775,50.37214],[5.96717,50.37146],[5.96736,50.37124],[5.96733,50.37107],[5.96714,50.37096],[5.96678,50.37093],[5.9665,50.37099],[5.96635,50.37114],[5.96637,50.37123],[5.96665,50.37143],[5.9667,50.37158],[5.96663,50.37196],[5.96637,50.37238],[5.96609,50.37335],[5.9663,50.3738],[5.96618,50.3745],[5.96687,50.37478],[5.96696,50.37498],[5.96694,50.37511],[5.96657,50.37535],[5.96694,50.3755],[5.9677,50.37562],[5.96783,50.37599],[5.96824,50.37642],[5.96805,50.37672],[5.96814,50.37698],[5.96876,50.3772],[5.96939,50.37728],[5.96975,50.37751],[5.97003,50.37783],[5.97029,50.37833],[5.97061,50.37868],[5.97046,50.37898],[5.96933,50.37951],[5.96911,50.3797],[5.969,50.37991],[5.96901,50.38037],[5.96811,50.38065],[5.96733,50.38032],[5.96709,50.3803],[5.96491,50.38057],[5.96397,50.38054],[5.96387,50.38066],[5.9637,50.3812],[5.96312,50.38146],[5.96219,50.38109],[5.9609,50.38103],[5.96006,50.38067],[5.95935,50.38073],[5.95895,50.3806],[5.95824,50.38054],[5.95657,50.3807],[5.95519,50.38139]],[[6.0099,50.36896],[6.00976,50.36923],[6.00984,50.3695],[6.00977,50.36979],[6.0103,50.37035],[6.0106,50.37051],[6.01102,50.37056],[6.01105,50.37063],[6.0105,50.37089],[6.01019,50.37129],[6.00997,50.37118],[6.01002,50.37096],[6.00998,50.37084],[6.0097,50.37076],[6.00916,50.37114],[6.00879,50.37173],[6.00785,50.3723],[6.00732,50.37295],[6.00687,50.37327],[6.00597,50.37374],[6.00467,50.37394],[6.00457,50.37424],[6.00506,50.37481],[6.00498,50.37501],[6.0048,50.37518],[6.0023,50.37578],[6.00144,50.37591],[6.00061,50.37574],[6.00018,50.37549],[5.99977,50.37508],[5.99971,50.3747],[5.99934,50.37399],[5.99893,50.37367],[5.99906,50.37318],[5.99899,50.37262],[5.99904,50.37238],[5.99934,50.37198],[5.99991,50.37155],[6.00008,50.37133],[6.00011,50.37116],[5.9999,50.37074],[5.99992,50.37062],[6.00054,50.37032],[6.00086,50.37007],[6.00097,50.36896]],[[5.97728,50.37538],[5.97722,50.37535],[5.97736,50.37535],[5.97728,50.37538]]]}},{"type":"Feature","properties":{"ele":470},"geometry":{"type":"MultiLineString","coordinates":[[[5.95779,50.44923],[5.95833,50.44814],[5.95872,50.4476],[5.9591,50.44731],[5.95926,50.44694],[5.9602,50.44626],[5.96055,50.44589],[5.96144,50.44539],[5.96172,50.44505],[5.96201,50.4442],[5.9618,50.44403],[5.96085,50.44372],[5.96077,50.44359],[5.96073,50.44318],[5.96085,50.44307],[5.96193,50.44259],[5.96159,50.44227],[5.96162,50.44199],[5.96184,50.44172],[5.96316,50.44066],[5.96319,50.44038],[5.96295,50.44007],[5.96266,50.43926],[5.96226,50.4388],[5.96108,50.43804],[5.96016,50.43757],[5.95765,50.43654],[5.95753,50.4364],[5.95734,50.43582],[5.95693,50.43535],[5.95519,50.43437]],[[5.97858,50.44923],[5.97849,50.44913],[5.97802,50.44897],[5.97786,50.44877],[5.97787,50.44867],[5.97815,50.4486],[5.97856,50.4488],[5.97918,50.44836],[5.97976,50.44812],[5.98014,50.44783],[5.98097,50.44752],[5.98139,50.4472],[5.98251,50.44709],[5.98316,50.44727],[5.98321,50.44758],[5.98352,50.44785],[5.9837,50.44818],[5.98395,50.44895],[5.98392,50.44923]],[[6.00275,50.44923],[6.00258,50.44892],[6.00184,50.44868],[6.00213,50.44838],[6.0018,50.44782],[6.00217,50.44755],[6.00407,50.44729],[6.00396,50.44701],[6.00307,50.44673],[6.00422,50.44637],[6.00449,50.44622],[6.00479,50.44589],[6.00519,50.44602],[6.00519,50.44673],[6.00563,50.44682],[6.00603,50.44704],[6.0068,50.44698],[6.00726,50.4464],[6.00768,50.44613],[6.00854,50.44645],[6.00931,50.44661],[6.01055,50.44714],[6.01116,50.44695],[6.01199,50.44696],[6.0133,50.44756],[6.01271,50.44789],[6.01266,50.44817],[6.01279,50.44839],[6.01489,50.44894],[6.01558,50.44899],[6.01602,50.44923]],[[6.01603,50.44923],[6.01561,50.44896],[6.01521,50.44885],[6.01489,50.44861],[6.01427,50.4484],[6.01469,50.4481],[6.01514,50.44806],[6.01641,50.44846],[6.01765,50.44859],[6.01786,50.44869],[6.01776,50.44897],[6.01751,50.44906],[6.01642,50.44913],[6.01603,50.44923]],[[6.0215,50.44923],[6.02145,50.44894],[6.02082,50.44851],[6.02076,50.44838],[6.02144,50.44795],[6.0223,50.44792],[6.02258,50.44783],[6.02159,50.44718],[6.02103,50.44701],[6.02048,50.44719],[6.02017,50.44721],[6.01894,50.44674],[6.01879,50.4464],[6.01857,50.44616],[6.01814,50.44613],[6.01756,50.44631],[6.01704,50.4463],[6.01488,50.44528],[6.01416,50.44505],[6.01329,50.44491],[6.01227,50.44507],[6.01054,50.44452],[6.01116,50.44428],[6.01193,50.44423],[6.01145,50.44394],[6.011,50.44341],[6.00914,50.44257],[6.0085,50.44238],[6.0072,50.44215],[6.00642,50.44232],[6.00371,50.44208],[6.00334,50.44228],[6.00363,50.44257],[6.00359,50.44286],[6.0022,50.44289],[6.00099,50.4432],[5.99938,50.44388],[5.99895,50.44424],[5.9986,50.44437],[5.99804,50.44427],[5.99727,50.44388],[5.99707,50.44429],[5.99685,50.44453],[5.9964,50.44436],[5.996,50.44403],[5.99521,50.44369],[5.99486,50.44337],[5.99459,50.44332],[5.9935,50.44328],[5.99335,50.4434],[5.99314,50.44378],[5.99271,50.44396],[5.99204,50.44371],[5.99126,50.44386],[5.9906,50.44374],[5.99036,50.44352],[5.99007,50.4429],[5.98987,50.44269],[5.98842,50.44201],[5.98758,50.44173],[5.98725,50.44148],[5.98728,50.44117],[5.98687,50.4409],[5.98556,50.44095],[5.98523,50.44086],[5.98483,50.44061],[5.98428,50.44061],[5.98386,50.44081],[5.98313,50.44093],[5.98233,50.44148],[5.98218,50.4415],[5.98162,50.44138],[5.98103,50.44113],[5.98032,50.44102],[5.97766,50.44091],[5.9769,50.44052],[5.97604,50.4404],[5.97601,50.44034],[5.9766,50.44018],[5.97681,50.43998],[5.97666,50.43925],[5.97685,50.43838],[5.97701,50.438],[5.97745,50.43754],[5.97737,50.43693],[5.97773,50.43645],[5.97766,50.4363],[5.97721,50.43619],[5.97715,50.43612],[5.97709,50.43592],[5.97716,50.43561],[5.97705,50.43522],[5.9773,50.43452],[5.97725,50.43414],[5.9775,50.4339],[5.9778,50.43324],[5.978,50.43245],[5.97803,50.43196],[5.97775,50.43064],[5.97725,50.43006],[5.97718,50.42956],[5.97724,50.42918],[5.97711,50.42868],[5.97724,50.42858],[5.97744,50.42862],[5.97753,50.42871],[5.9775,50.42894],[5.97762,50.429],[5.97901,50.42891],[5.97959,50.42903],[5.98012,50.42926],[5.9809,50.42931],[5.98319,50.42991],[5.98522,50.43056],[5.98561,50.43062],[5.98686,50.43151],[5.98812,50.43212],[5.9885,50.43222],[5.98896,50.43221],[5.98935,50.43257],[5.99011,50.43279],[5.99065,50.43282],[5.99162,50.43326],[5.99267,50.43336],[5.99344,50.43363],[5.99436,50.43367],[5.99491,50.43386],[5.99647,50.43401],[5.9985,50.43403],[6.00053,50.43364],[6.00102,50.4337],[6.00091,50.43338],[6.001,50.4331],[6.00152,50.43304],[6.00188,50.43311],[6.00219,50.43331],[6.00287,50.43396],[6.00365,50.43425],[6.00407,50.43433],[6.00548,50.43431],[6.00598,50.43453],[6.0065,50.43457],[6.00669,50.43452],[6.00676,50.43439],[6.0066,50.43394],[6.00564,50.43329],[6.00487,50.43255],[6.00441,50.43198],[6.00347,50.4312],[6.00343,50.43071],[6.00354,50.43033],[6.00333,50.42978],[6.00345,50.42962],[6.00361,50.42961],[6.00432,50.43007],[6.00632,50.43036],[6.00659,50.43062],[6.00684,50.43128],[6.00708,50.4312],[6.00728,50.43091],[6.00731,50.43019],[6.00749,50.4297],[6.00743,50.42852],[6.00774,50.42784],[6.00765,50.42759],[6.00734,50.42718],[6.00711,50.42648],[6.00744,50.42616],[6.00809,50.42585],[6.0085,50.42593],[6.00899,50.42618],[6.00905,50.42647],[6.00892,50.42674],[6.0089,50.42703],[6.00939,50.42748],[6.00979,50.42806],[6.01004,50.42859],[6.01013,50.42902],[6.01049,50.42934],[6.01135,50.42986],[6.01158,50.42989],[6.01202,50.42977],[6.01303,50.4291],[6.01324,50.42904],[6.01407,50.42912],[6.01436,50.42923],[6.01474,50.42954],[6.01569,50.42956],[6.01609,50.4297],[6.01624,50.43002],[6.01634,50.43088],[6.01617,50.43117],[6.01574,50.43148],[6.01575,50.43174],[6.01613,50.43197],[6.0173,50.43213],[6.01831,50.43257],[6.01804,50.43283],[6.0176,50.4331],[6.01683,50.43394],[6.01639,50.43421],[6.01634,50.43453],[6.01652,50.43472],[6.01722,50.43513],[6.01834,50.43541],[6.01865,50.43555],[6.01872,50.43568],[6.01875,50.43646],[6.01969,50.43734],[6.02015,50.4376],[6.02033,50.43762],[6.02064,50.43758],[6.02118,50.43731],[6.02185,50.43726],[6.02217,50.43761],[6.02344,50.43804],[6.02551,50.43833],[6.02562,50.43838],[6.02583,50.43883],[6.02566,50.43929],[6.02572,50.4395],[6.02736,50.43968],[6.02774,50.43998],[6.02798,50.4405],[6.02793,50.44066],[6.02771,50.44081],[6.02704,50.44092],[6.02639,50.44087],[6.02564,50.44052],[6.02527,50.44044],[6.02353,50.44062],[6.02179,50.44062],[6.0214,50.44087],[6.02142,50.44118],[6.02153,50.44143],[6.02301,50.44176],[6.02342,50.44231],[6.02373,50.44258],[6.02463,50.44316],[6.0252,50.44339],[6.02514,50.44367],[6.02524,50.44379],[6.02613,50.44416],[6.02713,50.4448],[6.02828,50.445],[6.02846,50.44526],[6.02843,50.44567],[6.02885,50.44594],[6.02978,50.44618],[6.03162,50.4464],[6.03185,50.44646],[6.03227,50.44676],[6.03262,50.44669],[6.03307,50.44644],[6.03389,50.4464],[6.03642,50.44719],[6.0386,50.44728],[6.03871,50.44758],[6.03839,50.44849],[6.0383,50.44923]],[[6.04832,50.44923],[6.0485,50.4491],[6.04876,50.44906],[6.0494,50.44923]],[[5.96603,50.4484],[5.96591,50.44812],[5.96606,50.44794],[5.96648,50.44769],[5.96688,50.44769],[5.96692,50.44787],[5.9667,50.44806],[5.96603,50.4484]],[[6.05686,50.44362],[6.05642,50.44361],[6.05598,50.44343],[6.05573,50.44321],[6.05565,50.443],[6.05571,50.44279],[6.05625,50.44213],[6.05686,50.44107]],[[5.98436,50.44099],[5.98416,50.44086],[5.98434,50.44077],[5.98458,50.44086],[5.98436,50.44099]],[[6.05686,50.4408],[6.05664,50.44056],[6.05578,50.44001],[6.05453,50.43977],[6.05425,50.43903],[6.05352,50.43841],[6.05227,50.43812],[6.05245,50.43783],[6.05391,50.43713],[6.05429,50.43668],[6.05423,50.43623],[6.05428,50.43562],[6.05278,50.4351],[6.05188,50.43503],[6.05089,50.43475],[6.04964,50.43483],[6.04938,50.4349],[6.04916,50.43509],[6.04787,50.43575],[6.04688,50.43591],[6.04639,50.43617],[6.04589,50.43629],[6.04433,50.43656],[6.04352,50.43644],[6.04277,50.43664],[6.04136,50.43638],[6.0402,50.43678],[6.03933,50.43688],[6.03839,50.43713],[6.03678,50.43688],[6.03563,50.43643],[6.03431,50.43562],[6.03475,50.43532],[6.03511,50.43524],[6.03572,50.43528],[6.03602,50.43544],[6.03618,50.43491],[6.03638,50.43455],[6.03673,50.43443],[6.03719,50.43453],[6.03767,50.43482],[6.03835,50.43507],[6.03886,50.43517],[6.03915,50.43512],[6.03933,50.43503],[6.03943,50.43485],[6.03935,50.43424],[6.03948,50.43404],[6.0397,50.43387],[6.04027,50.43369],[6.04045,50.43349],[6.04042,50.43338],[6.03963,50.43313],[6.03978,50.43286],[6.04007,50.43262],[6.04008,50.43252],[6.03965,50.43202],[6.03938,50.43119],[6.03902,50.4309],[6.03815,50.43033],[6.03767,50.43019],[6.03731,50.43018],[6.03702,50.4303],[6.03757,50.43061],[6.0375,50.4307],[6.03725,50.43077],[6.03662,50.43065],[6.03638,50.43044],[6.03601,50.43035],[6.03644,50.43019],[6.0368,50.42974],[6.0372,50.42966],[6.03893,50.42963],[6.03937,50.43012],[6.04004,50.43041],[6.04068,50.43058],[6.04106,50.43083],[6.04143,50.4309],[6.04183,50.43119],[6.04302,50.43178],[6.04388,50.43247],[6.0453,50.43253],[6.04565,50.43284],[6.04544,50.43309],[6.04545,50.43318],[6.04597,50.43344],[6.04772,50.43355],[6.05017,50.43383],[6.05131,50.43364],[6.05241,50.43364],[6.05324,50.43341],[6.05436,50.4334],[6.0548,50.43355],[6.05513,50.43347],[6.05549,50.43315],[6.05569,50.43285],[6.05556,50.43256],[6.05554,50.43179],[6.0553,50.4314],[6.05479,50.43104],[6.05394,50.43063],[6.05309,50.43063],[6.05273,50.43049],[6.0519,50.43006],[6.05143,50.42967],[6.05057,50.42935],[6.04994,50.42889],[6.04885,50.42842],[6.04811,50.42784],[6.04765,50.4278],[6.04729,50.42816],[6.04684,50.42814],[6.04605,50.42754],[6.04585,50.4273],[6.04556,50.42649],[6.0456,50.42583],[6.04576,50.42561],[6.04606,50.42547],[6.04724,50.42565],[6.0478,50.42586],[6.04827,50.42621],[6.04899,50.42644],[6.04935,50.42674],[6.05001,50.42687],[6.05057,50.42672],[6.05106,50.42687],[6.05173,50.4269],[6.05226,50.42672],[6.05293,50.42666],[6.05353,50.42675],[6.0544,50.42672],[6.05604,50.42731],[6.0564,50.42727],[6.05686,50.4269]],[[6.03644,50.43594],[6.03639,50.43589],[6.03643,50.43579],[6.03644,50.43594]],[[6.03769,50.43091],[6.0377,50.43081],[6.03769,50.43091]],[[5.97603,50.43014],[5.97564,50.42999],[5.97551,50.42976],[5.97574,50.4297],[5.97606,50.42974],[5.9762,50.43003],[5.97603,50.43014]],[[5.97769,50.4286],[5.97754,50.42844],[5.97757,50.42836],[5.97817,50.4284],[5.97769,50.4286]],[[6.03561,50.42842],[6.03541,50.4284],[6.03561,50.42842]],[[6.03478,50.4282],[6.03466,50.42812],[6.03476,50.42802],[6.03521,50.42813],[6.03513,50.42826],[6.03478,50.4282]],[[6.05603,50.42687],[6.05593,50.42675],[6.05602,50.42667],[6.0561,50.42673],[6.05603,50.42687]],[[6.00728,50.42546],[6.00707,50.42532],[6.00732,50.42509],[6.00766,50.42494],[6.00785,50.42504],[6.00788,50.42526],[6.00775,50.42552],[6.0076,50.42556],[6.00728,50.42546]],[[6.05686,50.4062],[6.05537,50.40605],[6.05386,50.40564],[6.05283,50.40552],[6.05224,50.40574],[6.05183,50.40577],[6.05143,50.40563],[6.05103,50.40533],[6.0508,50.40564],[6.0502,50.40591],[6.05006,50.40616],[6.04987,50.40631],[6.04883,50.4065],[6.04811,50.40635],[6.0472,50.4059],[6.04771,50.40561],[6.04811,50.40559],[6.04852,50.40571],[6.04894,50.40563],[6.04906,50.40529],[6.04888,50.40496],[6.04813,50.40468],[6.0473,50.40464],[6.04673,50.40467],[6.04594,50.40488],[6.04399,50.40578],[6.04272,50.40657],[6.0417,50.40697],[6.04133,50.40725],[6.04052,50.40807],[6.03903,50.40901],[6.03811,50.40924],[6.03727,50.40955],[6.03584,50.40966],[6.03449,50.40989],[6.03413,50.41005],[6.03409,50.41035],[6.03396,50.41048],[6.03316,50.41065],[6.03144,50.41145],[6.03188,50.41197],[6.03192,50.41217],[6.03189,50.41233],[6.03152,50.41263],[6.03134,50.4129],[6.03135,50.41313],[6.03157,50.4137],[6.03152,50.41451],[6.03111,50.41505],[6.03105,50.41567],[6.03019,50.41587],[6.03014,50.41614],[6.02986,50.41623],[6.02951,50.41615],[6.0289,50.41567],[6.02819,50.41573],[6.02751,50.41556],[6.02562,50.41591],[6.02475,50.41563],[6.0244,50.41502],[6.02474,50.41408],[6.02468,50.41321],[6.0244,50.4128],[6.02393,50.41257],[6.02383,50.4121],[6.02365,50.41186],[6.02344,50.41176],[6.0231,50.41176],[6.0233,50.41117],[6.02298,50.41109],[6.0222,50.41107],[6.02179,50.41115],[6.02141,50.41134],[6.02099,50.41091],[6.02025,50.4106],[6.01997,50.41038],[6.01988,50.41022],[6.01979,50.40951],[6.01895,50.40961],[6.01837,50.40925],[6.01892,50.40893],[6.02064,50.40842],[6.02102,50.40802],[6.02148,50.40784],[6.02109,50.40754],[6.02094,50.40732],[6.02086,50.40682],[6.02106,50.40618],[6.02053,50.40563],[6.02042,50.40535],[6.0214,50.40518],[6.02184,50.40542],[6.0223,50.40547],[6.02359,50.40491],[6.02368,50.40479],[6.02366,50.40467],[6.0232,50.4042],[6.02297,50.4038],[6.02296,50.40364],[6.0231,50.40347],[6.02346,50.40328],[6.02392,50.40317],[6.02525,50.4035],[6.02608,50.40315],[6.02644,50.40284],[6.0272,50.40177],[6.02759,50.40137],[6.02761,50.40109],[6.02737,50.40068],[6.02752,50.40052],[6.02803,50.40044],[6.02853,50.40063],[6.02881,50.40011],[6.02935,50.39976],[6.02996,50.39965],[6.03031,50.39968],[6.03161,50.40033],[6.03148,50.40047],[6.03097,50.40061],[6.03132,50.40089],[6.03141,50.40119],[6.0319,50.40116],[6.03287,50.40142],[6.0329,50.40155],[6.03269,50.40211],[6.03286,50.40226],[6.03312,50.40233],[6.03438,50.40223],[6.03484,50.40212],[6.0358,50.40178],[6.03643,50.40145],[6.03672,50.40118],[6.03713,50.40074],[6.03713,50.40062],[6.03636,50.40045],[6.03553,50.40055],[6.0352,50.40034],[6.0351,50.40008],[6.03489,50.39989],[6.03434,50.39972],[6.03401,50.39945],[6.03391,50.39922],[6.03402,50.39894],[6.03367,50.39842],[6.03378,50.39793],[6.03345,50.39757],[6.03355,50.39743],[6.03396,50.39729],[6.03381,50.39696],[6.03381,50.39674],[6.03443,50.39654],[6.03458,50.39617],[6.03474,50.39602],[6.03562,50.396],[6.03638,50.39534],[6.03694,50.39523],[6.03761,50.39492],[6.03779,50.39495],[6.03804,50.39536],[6.03852,50.39563],[6.03891,50.3956],[6.0398,50.39534],[6.0406,50.39497],[6.04184,50.39395],[6.04271,50.39368],[6.04359,50.39322],[6.04425,50.3928],[6.04446,50.39254],[6.04452,50.39197],[6.04394,50.39146],[6.04346,50.3912],[6.04214,50.39094],[6.04213,50.39068],[6.04234,50.39031],[6.04187,50.38969],[6.04145,50.38947],[6.04017,50.38921],[6.03969,50.38902],[6.03967,50.38889],[6.03997,50.38838],[6.04064,50.38761],[6.04277,50.3865],[6.04525,50.38622],[6.04605,50.38604],[6.04876,50.38584],[6.05027,50.38548],[6.05136,50.38556],[6.05225,50.3853],[6.0527,50.38535],[6.05426,50.38508],[6.05626,50.38495],[6.05652,50.38487],[6.05686,50.38456]],[[6.02728,50.41597],[6.0271,50.41589],[6.02726,50.41573],[6.02742,50.41587],[6.02728,50.41597]],[[6.02311,50.41565],[6.02314,50.41551],[6.02357,50.41562],[6.02311,50.41565]],[[6.02186,50.41047],[6.0216,50.41012],[6.02169,50.40996],[6.02189,50.40985],[6.0231,50.41008],[6.02322,50.41031],[6.02251,50.41053],[6.02186,50.41047]],[[6.04811,50.40688],[6.04797,50.40674],[6.04806,50.40659],[6.04829,50.40652],[6.04854,50.40659],[6.04856,50.40674],[6.04811,50.40688]],[[6.01769,50.4051],[6.01756,50.40507],[6.01813,50.40496],[6.01861,50.40506],[6.01819,50.40514],[6.01769,50.4051]],[[6.02186,50.4038],[6.02181,50.40363],[6.02223,50.40339],[6.02236,50.4034],[6.02228,50.40368],[6.02186,50.4038]],[[6.01519,50.40177],[6.01494,50.40173],[6.01565,50.40173],[6.01519,50.40177]],[[6.02478,50.40119],[6.02479,50.40109],[6.02496,50.40106],[6.02517,50.40108],[6.02526,50.40117],[6.02517,50.40122],[6.02478,50.40119]],[[6.04478,50.38491],[6.04463,50.38478],[6.04482,50.38467],[6.04576,50.38479],[6.04548,50.38491],[6.04478,50.38491]],[[5.99397,50.36896],[5.99389,50.36919],[5.9939,50.36949],[5.99367,50.36984],[5.99369,50.37032],[5.99346,50.37062],[5.99395,50.3709],[5.99353,50.37174],[5.99298,50.37186],[5.99204,50.37183],[5.99113,50.37201],[5.99287,50.37259],[5.99287,50.37286],[5.9927,50.37341],[5.99228,50.37395],[5.99168,50.37408],[5.991,50.37409],[5.99062,50.37425],[5.99047,50.3745],[5.99047,50.37481],[5.99021,50.37512],[5.99019,50.37535],[5.98979,50.37563],[5.98893,50.37562],[5.989,50.37616],[5.98894,50.37633],[5.98852,50.3762],[5.98769,50.37565],[5.98724,50.37559],[5.98732,50.37622],[5.9864,50.37666],[5.98555,50.37674],[5.98543,50.37786],[5.98522,50.37852],[5.9851,50.3786],[5.9844,50.37861],[5.98385,50.3782],[5.98298,50.37834],[5.98217,50.37822],[5.98207,50.3781],[5.98214,50.37788],[5.98271,50.37729],[5.9826,50.377],[5.98147,50.37619],[5.98129,50.37589],[5.981,50.37564],[5.9797,50.37517],[5.97808,50.37429],[5.97741,50.37411],[5.97709,50.3741],[5.97686,50.37418],[5.9768,50.37442],[5.97667,50.37456],[5.97626,50.37461],[5.97515,50.37411],[5.97352,50.37357],[5.97257,50.37346],[5.97105,50.37311],[5.9685,50.37225],[5.96808,50.37203],[5.96764,50.3715],[5.96775,50.37118],[5.96766,50.37089],[5.96788,50.3706],[5.96784,50.37038],[5.96768,50.37027],[5.96731,50.37021],[5.96691,50.37036],[5.96658,50.37067],[5.96595,50.3709],[5.9663,50.37144],[5.96631,50.37172],[5.96596,50.37235],[5.96583,50.37279],[5.96585,50.37314],[5.96533,50.37368],[5.96583,50.37402],[5.96583,50.37421],[5.96558,50.37455],[5.96651,50.37507],[5.96555,50.37535],[5.96608,50.37561],[5.967,50.37581],[5.96711,50.37593],[5.96703,50.37618],[5.96781,50.37643],[5.96783,50.37658],[5.96767,50.37702],[5.96769,50.37729],[5.96834,50.37749],[5.96907,50.37754],[5.96938,50.37764],[5.96985,50.37832],[5.9702,50.37867],[5.97008,50.37897],[5.96956,50.37923],[5.96892,50.37934],[5.96851,50.37951],[5.96813,50.37989],[5.96802,50.37991],[5.96766,50.37981],[5.96788,50.3796],[5.96795,50.37943],[5.96765,50.37886],[5.96722,50.37917],[5.9673,50.37954],[5.96704,50.37982],[5.96636,50.37998],[5.96353,50.38024],[5.96333,50.38035],[5.96343,50.38071],[5.9631,50.38098],[5.96266,50.38091],[5.96226,50.38056],[5.96194,50.38042],[5.961,50.38045],[5.95986,50.38002],[5.95819,50.37991],[5.95771,50.37977],[5.95582,50.37977],[5.95562,50.3798],[5.95519,50.38011]],[[6.00834,50.36896],[6.00846,50.36953],[6.00932,50.37008],[6.00955,50.37033],[6.00937,50.37063],[6.00871,50.37118],[6.00854,50.37149],[6.00801,50.37179],[6.00719,50.37202],[6.00701,50.37227],[6.0071,50.37252],[6.00706,50.37265],[6.00643,50.37312],[6.00527,50.37351],[6.00405,50.37373],[6.0035,50.37395],[6.00349,50.37425],[6.00436,50.37479],[6.00394,50.37507],[6.00324,50.37537],[6.00187,50.37564],[6.00092,50.37536],[6.00041,50.37482],[5.99978,50.37436],[5.99954,50.37377],[5.99939,50.37272],[5.99944,50.37252],[5.99969,50.37223],[6.00051,50.37172],[6.00073,50.37146],[6.00082,50.37117],[6.00056,50.37086],[6.00145,50.37035],[6.00161,50.37015],[6.00154,50.3697],[6.00176,50.36896]]]}},{"type":"Feature","properties":{"ele":480},"geometry":{"type":"MultiLineString","coordinates":[[[5.95754,50.44923],[5.95822,50.44762],[5.95869,50.44717],[5.95874,50.44651],[5.95856,50.44631],[5.95787,50.44642],[5.95718,50.4462],[5.95716,50.4461],[5.95736,50.4459],[5.95819,50.44564],[5.95866,50.44571],[5.95945,50.44601],[5.9606,50.44562],[5.96114,50.44516],[5.96126,50.44491],[5.9612,50.44451],[5.96149,50.44423],[5.96038,50.44397],[5.96022,50.44386],[5.96016,50.4437],[5.96037,50.44312],[5.96081,50.44281],[5.96095,50.4426],[5.96079,50.44247],[5.96017,50.44228],[5.96097,50.44114],[5.96189,50.44094],[5.96228,50.44062],[5.96229,50.44035],[5.96157,50.44001],[5.96105,50.43921],[5.96058,50.43897],[5.95982,50.43836],[5.95717,50.4368],[5.95709,50.43661],[5.95715,50.43599],[5.95695,50.43559],[5.95519,50.43455]],[[5.97915,50.44923],[5.97915,50.44887],[5.97969,50.4484],[5.98018,50.44836],[5.98065,50.44848],[5.98104,50.44842],[5.98185,50.44768],[5.98224,50.44791],[5.98271,50.44794],[5.98309,50.44816],[5.98355,50.44893],[5.98325,50.44923]],[[6.00392,50.44923],[6.00314,50.44895],[6.0028,50.44872],[6.00277,50.44863],[6.00287,50.44838],[6.00278,50.44814],[6.00288,50.448],[6.00359,50.44758],[6.00398,50.44753],[6.00444,50.44763],[6.00547,50.44738],[6.00566,50.44742],[6.00602,50.44775],[6.0064,50.44728],[6.00719,50.44712],[6.00742,50.44717],[6.0077,50.44743],[6.00776,50.44726],[6.00746,50.44696],[6.00757,50.44672],[6.00774,50.44664],[6.00902,50.44688],[6.01016,50.44735],[6.01059,50.44764],[6.01152,50.44782],[6.01197,50.44799],[6.01216,50.44812],[6.01218,50.44824],[6.01204,50.44847],[6.01177,50.44867],[6.01182,50.44873],[6.01308,50.44887],[6.01462,50.44923]],[[6.02248,50.44923],[6.02233,50.44849],[6.02241,50.4484],[6.02265,50.44837],[6.0228,50.44844],[6.02276,50.44923]],[[6.02439,50.44923],[6.02472,50.44894],[6.02483,50.44869],[6.02441,50.44809],[6.02314,50.44728],[6.02117,50.44638],[6.02061,50.44617],[6.02022,50.44638],[6.01986,50.44636],[6.01964,50.44623],[6.01938,50.4459],[6.0181,50.44535],[6.01696,50.44471],[6.01668,50.44466],[6.01635,50.44474],[6.01635,50.44484],[6.01752,50.44564],[6.01775,50.44589],[6.01763,50.44596],[6.01725,50.44593],[6.01561,50.44535],[6.01483,50.44496],[6.01414,50.44478],[6.01227,50.44395],[6.01179,50.4437],[6.01147,50.44309],[6.01024,50.44251],[6.00772,50.4419],[6.00626,50.44191],[6.00556,50.44182],[6.00474,50.44146],[6.00345,50.44119],[6.00362,50.441],[6.00365,50.44085],[6.00351,50.44064],[6.00327,50.44058],[6.00204,50.44062],[6.00059,50.44087],[6.001,50.44099],[6.00209,50.44098],[6.00265,50.44109],[6.00295,50.44121],[6.00302,50.44151],[6.00267,50.44218],[6.00152,50.44233],[6.00062,50.44257],[5.99904,50.4437],[5.99829,50.44395],[5.99741,50.44348],[5.99643,50.44325],[5.99462,50.44265],[5.9939,50.44232],[5.99348,50.44202],[5.99271,50.44193],[5.992,50.44224],[5.99148,50.44233],[5.98975,50.44202],[5.98896,50.44167],[5.98813,50.44144],[5.98794,50.44118],[5.98751,50.44087],[5.98642,50.44047],[5.98394,50.44035],[5.98339,50.44061],[5.98256,50.44086],[5.98225,50.4412],[5.981,50.44074],[5.97769,50.44014],[5.97726,50.43982],[5.977,50.43932],[5.97717,50.43831],[5.97726,50.43809],[5.97765,50.43777],[5.97803,50.43764],[5.97856,50.43757],[5.97844,50.43661],[5.97856,50.43621],[5.979,50.43563],[5.97805,50.43543],[5.97792,50.43531],[5.97789,50.43512],[5.97812,50.4348],[5.97809,50.4345],[5.97843,50.43418],[5.97886,50.4336],[5.97899,50.43357],[5.97913,50.43366],[5.97936,50.43402],[5.97962,50.43286],[5.97936,50.43126],[5.97894,50.43117],[5.9791,50.43148],[5.97866,50.43161],[5.97844,50.43156],[5.97825,50.43123],[5.97829,50.43085],[5.97819,50.43038],[5.97794,50.43012],[5.97792,50.43001],[5.97807,50.42987],[5.97829,50.4299],[5.97937,50.43075],[5.97994,50.43038],[5.98052,50.43031],[5.98184,50.43061],[5.98298,50.431],[5.98358,50.43104],[5.98396,50.43129],[5.98563,50.43178],[5.98692,50.43247],[5.98729,50.43284],[5.98804,50.43327],[5.98886,50.43291],[5.98918,50.43288],[5.98949,50.43295],[5.98982,50.43312],[5.98981,50.43356],[5.98987,50.43368],[5.99027,50.43385],[5.99141,50.43396],[5.99381,50.43441],[5.99485,50.43444],[5.9961,50.43428],[5.99737,50.43423],[5.99886,50.43426],[5.99941,50.43448],[5.99936,50.43482],[5.99973,50.4349],[6.0,50.43478],[6.0002,50.43441],[6.00107,50.43431],[6.00149,50.43388],[6.00188,50.43363],[6.00226,50.43374],[6.00274,50.43414],[6.0039,50.43447],[6.00506,50.4347],[6.00579,50.43468],[6.00656,50.43477],[6.00665,50.43512],[6.00704,50.43521],[6.00725,50.43517],[6.00732,50.43508],[6.00737,50.43342],[6.00774,50.43005],[6.00794,50.42953],[6.00799,50.42887],[6.00813,50.42842],[6.00856,50.42821],[6.00875,50.42781],[6.009,50.42769],[6.00936,50.42798],[6.00997,50.42921],[6.01105,50.43005],[6.01128,50.43016],[6.01157,50.43019],[6.01224,50.43006],[6.01298,50.42961],[6.01324,50.42955],[6.01453,50.42972],[6.01517,50.42995],[6.01567,50.4303],[6.01588,50.43081],[6.01562,50.43118],[6.01515,50.43123],[6.01492,50.43092],[6.01478,50.43088],[6.01418,50.4312],[6.01436,50.43136],[6.01481,50.43142],[6.01597,50.43215],[6.01698,50.43229],[6.0173,50.43254],[6.01734,50.43285],[6.01697,50.43342],[6.01596,50.43421],[6.016,50.43454],[6.01626,50.43484],[6.01709,50.43533],[6.01836,50.43564],[6.01853,50.43659],[6.01996,50.43778],[6.02018,50.43789],[6.0206,50.43786],[6.02147,50.43753],[6.02362,50.43822],[6.0252,50.43852],[6.02542,50.43865],[6.02548,50.43883],[6.02538,50.43904],[6.02503,50.43943],[6.02505,50.43958],[6.02727,50.43992],[6.02745,50.44007],[6.02773,50.44061],[6.02725,50.44071],[6.02644,50.44068],[6.02568,50.4403],[6.02532,50.44023],[6.0248,50.44035],[6.02366,50.44045],[6.02116,50.44041],[6.02061,50.44064],[6.02058,50.44097],[6.02083,50.44147],[6.02143,50.4417],[6.02236,50.44193],[6.02297,50.44261],[6.02438,50.44346],[6.02466,50.44369],[6.0248,50.44394],[6.02569,50.44422],[6.02683,50.44496],[6.02772,50.44532],[6.02866,50.4461],[6.03011,50.44655],[6.0314,50.44658],[6.03163,50.44671],[6.03186,50.44701],[6.03235,50.44714],[6.0328,50.4471],[6.03342,50.44663],[6.03392,50.44658],[6.03477,50.44674],[6.03588,50.44725],[6.03649,50.44766],[6.03756,50.44775],[6.03802,50.44753],[6.03824,50.44754],[6.03831,50.44763],[6.03826,50.44811],[6.0379,50.44887],[6.03783,50.44923]],[[5.95894,50.44635],[5.95872,50.44616],[5.95893,50.44609],[5.95919,50.44616],[5.95894,50.44635]],[[6.01519,50.44428],[6.01508,50.44419],[6.01519,50.44394],[6.01527,50.44419],[6.01519,50.44428]],[[5.99144,50.44347],[5.99105,50.44338],[5.99093,50.44309],[5.99216,50.44245],[5.99246,50.44241],[5.99308,50.44251],[5.99337,50.44279],[5.99337,50.44293],[5.99321,50.44315],[5.99271,50.44341],[5.99191,50.44334],[5.99144,50.44347]],[[6.05686,50.44333],[6.05644,50.4434],[6.056,50.44314],[6.05596,50.44291],[6.05686,50.44181]],[[6.05686,50.44032],[6.05641,50.44018],[6.05593,50.43986],[6.05477,50.43952],[6.05478,50.43895],[6.05432,50.43847],[6.05351,50.43785],[6.05444,50.43731],[6.05487,50.43684],[6.05497,50.43647],[6.05486,50.43595],[6.05501,50.43559],[6.05474,50.43543],[6.05433,50.43535],[6.05309,50.43467],[6.05243,50.43451],[6.05347,50.43419],[6.05449,50.43433],[6.05514,50.43432],[6.05579,50.43398],[6.05604,50.43371],[6.05612,50.43339],[6.05647,50.43313],[6.05655,50.43283],[6.05652,50.43251],[6.05607,50.43172],[6.05573,50.43139],[6.05472,50.43072],[6.05402,50.43041],[6.05304,50.43039],[6.05228,50.42997],[6.05159,50.4294],[6.05061,50.42901],[6.05025,50.42839],[6.04939,50.42785],[6.04803,50.42758],[6.04704,50.42771],[6.0468,50.42768],[6.04633,50.4273],[6.04604,50.42692],[6.0459,50.4264],[6.04605,50.42599],[6.04751,50.42606],[6.04856,50.42646],[6.04923,50.42703],[6.05061,50.42731],[6.05138,50.42732],[6.05324,50.42692],[6.05458,50.42702],[6.05521,50.42722],[6.05599,50.42765],[6.05686,50.4277]],[[5.98228,50.43953],[5.98179,50.43923],[5.98177,50.43895],[5.98223,50.43897],[5.98258,50.43919],[5.98262,50.43929],[5.98254,50.43942],[5.98228,50.43953]],[[6.03686,50.43677],[6.03624,50.43646],[6.03644,50.43638],[6.03714,50.4364],[6.03736,50.43622],[6.03675,50.43571],[6.03657,50.43543],[6.03658,50.43512],[6.03685,50.43476],[6.03729,50.43476],[6.03787,50.43505],[6.03865,50.43528],[6.03945,50.43586],[6.0398,50.43585],[6.04019,50.43562],[6.04035,50.43533],[6.04035,50.43508],[6.04022,50.43478],[6.03987,50.43436],[6.03988,50.43418],[6.04015,50.43395],[6.04063,50.43389],[6.04117,50.43367],[6.0415,50.43345],[6.04159,50.43321],[6.04138,50.43284],[6.04132,50.43248],[6.04043,50.43176],[6.04043,50.43161],[6.04058,50.43143],[6.04126,50.43153],[6.04185,50.43174],[6.04266,50.43231],[6.04315,50.43249],[6.04477,50.4334],[6.04514,50.4337],[6.04548,50.43382],[6.04756,50.43418],[6.0486,50.43406],[6.04984,50.43425],[6.04972,50.43445],[6.04937,50.43445],[6.04866,50.43465],[6.04803,50.43453],[6.04774,50.43436],[6.04751,50.43436],[6.04643,50.43476],[6.04561,50.43535],[6.04468,50.43556],[6.04435,50.43589],[6.04485,50.4361],[6.04565,50.43581],[6.04603,50.43581],[6.04625,50.4359],[6.04565,50.43618],[6.0448,50.43621],[6.04412,50.43633],[6.04316,50.43615],[6.04266,50.43624],[6.04153,50.43613],[6.04069,50.43631],[6.04018,50.43651],[6.03925,50.43666],[6.0385,50.43693],[6.03686,50.43677]],[[6.03561,50.43627],[6.03465,50.43561],[6.03514,50.43557],[6.03558,50.43575],[6.03585,50.43612],[6.03561,50.43627]],[[6.04769,50.43563],[6.0475,50.43556],[6.04745,50.43534],[6.04787,50.43524],[6.04817,50.43531],[6.04769,50.43563]],[[6.00644,50.43348],[6.006,50.43313],[6.00489,50.43172],[6.00395,50.4309],[6.00387,50.4306],[6.00401,50.43044],[6.00441,50.43031],[6.00519,50.43067],[6.00605,50.4308],[6.00627,50.43099],[6.00647,50.43141],[6.00658,50.43227],[6.00708,50.433],[6.00717,50.43328],[6.00704,50.43344],[6.00644,50.43348]],[[6.04061,50.43315],[6.04041,50.43308],[6.04061,50.43284],[6.04069,50.43308],[6.04061,50.43315]],[[6.00603,50.43206],[6.00604,50.43184],[6.0061,50.432],[6.00603,50.43206]],[[6.00811,50.42758],[6.008,50.42727],[6.00816,50.42707],[6.00855,50.4272],[6.00877,50.42751],[6.00873,50.42761],[6.00853,50.42768],[6.00811,50.42758]],[[6.00811,50.42699],[6.00789,50.42652],[6.00797,50.4264],[6.00813,50.42636],[6.00829,50.42642],[6.00833,50.42652],[6.00811,50.42699]],[[6.02769,50.41509],[6.02763,50.41506],[6.02769,50.41509]],[[6.05686,50.40501],[6.05565,50.40493],[6.05538,50.40482],[6.05504,50.40453],[6.05445,50.40437],[6.05431,50.4044],[6.05365,50.40486],[6.05306,50.40488],[6.05285,50.40476],[6.05288,50.40446],[6.05274,50.40414],[6.05227,50.40395],[6.05175,50.4041],[6.05101,50.40457],[6.05058,50.40494],[6.05028,50.40562],[6.04979,50.40598],[6.04959,50.40599],[6.04931,50.40588],[6.04949,50.40536],[6.04954,50.40481],[6.04979,50.40441],[6.05013,50.4041],[6.05073,50.40399],[6.05073,50.40369],[6.04975,50.40347],[6.04824,50.40335],[6.04768,50.4034],[6.04682,50.40364],[6.0448,50.40453],[6.04393,50.40506],[6.04351,50.40544],[6.04155,50.40629],[6.04079,50.4065],[6.04049,50.4067],[6.0398,50.40735],[6.03724,50.40861],[6.03616,50.40897],[6.03496,50.40916],[6.03389,50.40923],[6.03256,50.4098],[6.03189,50.41037],[6.03169,50.41066],[6.03108,50.41092],[6.0305,50.4115],[6.0304,50.41172],[6.03038,50.41204],[6.02995,50.41235],[6.02977,50.41312],[6.02979,50.41371],[6.02949,50.41425],[6.02815,50.41455],[6.02759,50.41424],[6.0277,50.41397],[6.02813,50.41368],[6.02791,50.41338],[6.02773,50.41278],[6.02752,50.41255],[6.02645,50.41179],[6.02618,50.41148],[6.02573,50.41118],[6.02542,50.41074],[6.02538,50.41047],[6.02558,50.41002],[6.02549,50.40946],[6.02496,50.40901],[6.02474,50.40871],[6.02451,50.40858],[6.02418,50.40847],[6.02346,50.40843],[6.02351,50.40813],[6.02359,50.4081],[6.02399,50.40807],[6.02475,50.40836],[6.02513,50.40828],[6.02521,50.40813],[6.02424,50.40733],[6.02397,50.40699],[6.02319,50.40647],[6.0231,50.40618],[6.02433,50.40539],[6.02556,50.40534],[6.02627,50.40504],[6.02782,50.40373],[6.02797,50.40345],[6.02809,50.40283],[6.02833,50.40257],[6.02857,50.40245],[6.02907,50.4024],[6.02975,50.40252],[6.03025,50.40251],[6.03261,50.40368],[6.03412,50.40379],[6.03548,50.40362],[6.03608,50.40346],[6.03844,50.40232],[6.03915,50.40178],[6.0394,50.40148],[6.03965,50.40057],[6.03953,50.40022],[6.03922,50.39986],[6.03906,50.39978],[6.0369,50.39965],[6.03685,50.3995],[6.0373,50.39898],[6.03727,50.39877],[6.03713,50.39869],[6.03685,50.39867],[6.03598,50.39908],[6.03507,50.39899],[6.03482,50.39862],[6.03448,50.39837],[6.03448,50.39785],[6.03422,50.39757],[6.03476,50.39717],[6.03519,50.39719],[6.03559,50.39694],[6.03631,50.39692],[6.03657,50.39684],[6.03724,50.39641],[6.03734,50.39616],[6.03712,50.39589],[6.03732,50.39574],[6.03808,50.39567],[6.0389,50.39594],[6.03922,50.39597],[6.03976,50.39577],[6.04074,50.39575],[6.04141,50.3954],[6.04219,50.39476],[6.04303,50.39472],[6.04431,50.39434],[6.0457,50.39369],[6.04622,50.39321],[6.04657,50.39251],[6.04611,50.39175],[6.04514,50.39094],[6.04444,50.39052],[6.04388,50.39034],[6.04359,50.39004],[6.04321,50.38924],[6.04303,50.38903],[6.04185,50.38841],[6.04192,50.38833],[6.04225,50.38817],[6.04274,50.38814],[6.04323,50.38791],[6.04521,50.38745],[6.04601,50.38699],[6.04645,50.3873],[6.04803,50.387],[6.04852,50.38673],[6.04897,50.38682],[6.04977,50.38678],[6.04982,50.38673],[6.04945,50.38644],[6.04942,50.38623],[6.04964,50.3859],[6.05001,50.38579],[6.05061,50.38577],[6.05104,50.38602],[6.05162,50.38593],[6.05256,50.38596],[6.05283,50.38606],[6.0531,50.38628],[6.05324,50.3863],[6.05569,50.38582],[6.05639,50.38558],[6.05686,50.38526]],[[6.03019,50.41401],[6.03003,50.41395],[6.0302,50.41393],[6.03019,50.41401]],[[6.02603,50.4135],[6.02591,50.4134],[6.02598,50.41331],[6.0269,50.41295],[6.02734,50.41299],[6.02762,50.41321],[6.02754,50.41342],[6.02709,50.41355],[6.02657,50.41359],[6.02603,50.4135]],[[6.02686,50.41269],[6.02679,50.41256],[6.02688,50.41247],[6.02701,50.41257],[6.02686,50.41269]],[[6.02311,50.40982],[6.02305,50.40975],[6.0231,50.40951],[6.02334,50.40937],[6.02356,50.40933],[6.02371,50.40947],[6.02375,50.40963],[6.02366,50.40981],[6.02311,50.40982]],[[6.02103,50.40947],[6.02082,50.40905],[6.02085,50.40896],[6.021,50.40891],[6.02109,50.40899],[6.02103,50.40947]],[[6.02394,50.40427],[6.02398,50.40423],[6.02394,50.40427]],[[6.03144,50.40217],[6.03112,50.40198],[6.03126,50.40172],[6.03182,50.40142],[6.03227,50.40147],[6.03242,50.40182],[6.03229,50.40219],[6.03194,50.40227],[6.03144,50.40217]],[[6.02936,50.40128],[6.02874,50.4009],[6.02895,50.40064],[6.02904,50.40033],[6.02935,50.40005],[6.02982,50.40004],[6.0302,50.40018],[6.03036,50.40034],[6.03048,50.40069],[6.0308,50.40096],[6.03073,50.40125],[6.03052,50.4014],[6.03001,50.4014],[6.02936,50.40128]],[[5.9935,50.36896],[5.99246,50.37033],[5.99234,50.37064],[5.99199,50.37091],[5.99172,50.37099],[5.99058,50.37105],[5.9901,50.37116],[5.99001,50.37124],[5.98982,50.37172],[5.98984,50.37196],[5.99048,50.37281],[5.98974,50.3733],[5.98936,50.37368],[5.98926,50.37392],[5.98932,50.37398],[5.98948,50.37396],[5.99015,50.37355],[5.99035,50.37365],[5.98978,50.37508],[5.98928,50.37532],[5.98853,50.37528],[5.9881,50.37544],[5.98732,50.37531],[5.9867,50.37535],[5.98635,50.37564],[5.98646,50.37575],[5.98687,50.37581],[5.98686,50.37608],[5.98603,50.37647],[5.98582,50.37637],[5.98519,50.37577],[5.98444,50.37547],[5.98389,50.37541],[5.98356,50.37524],[5.9832,50.37527],[5.9823,50.37555],[5.98145,50.37534],[5.98062,50.37534],[5.97923,50.37454],[5.97858,50.37394],[5.97772,50.37367],[5.97673,50.37355],[5.9763,50.37362],[5.97593,50.3738],[5.97548,50.37379],[5.97513,50.3737],[5.97479,50.37339],[5.97435,50.37332],[5.97389,50.37304],[5.97261,50.37297],[5.97146,50.37253],[5.97084,50.3725],[5.96891,50.37203],[5.96829,50.37147],[5.9683,50.3712],[5.96819,50.37092],[5.96844,50.37064],[5.96846,50.3705],[5.96832,50.37033],[5.9679,50.37006],[5.9677,50.36931],[5.96747,50.36921],[5.96709,50.36921],[5.96696,50.36932],[5.96713,50.36974],[5.96708,50.36987],[5.96642,50.3705],[5.96555,50.37088],[5.96563,50.37115],[5.96584,50.3714],[5.96582,50.37151],[5.96543,50.37162],[5.9648,50.37137],[5.96449,50.37135],[5.96427,50.37141],[5.96417,50.37164],[5.96429,50.37181],[5.96522,50.37209],[5.96549,50.37238],[5.9654,50.37309],[5.96506,50.37335],[5.96494,50.37362],[5.96538,50.37415],[5.96529,50.37456],[5.96534,50.37477],[5.96572,50.37507],[5.96494,50.37532],[5.96491,50.37547],[5.96509,50.37564],[5.9662,50.37588],[5.96643,50.37618],[5.96724,50.37647],[5.96732,50.37667],[5.96731,50.37676],[5.96696,50.37702],[5.96679,50.37728],[5.96714,50.37772],[5.96716,50.3779],[5.96691,50.37845],[5.96634,50.37913],[5.96618,50.37952],[5.96486,50.37982],[5.96308,50.37981],[5.96209,50.37989],[5.96093,50.37982],[5.95988,50.37943],[5.95934,50.37943],[5.95891,50.37919],[5.95814,50.3791],[5.95772,50.37895],[5.9564,50.37895],[5.95563,50.37905],[5.95519,50.37899]],[[5.96853,50.37907],[5.96828,50.37899],[5.96817,50.37887],[5.96824,50.37863],[5.96846,50.37838],[5.96892,50.37818],[5.96936,50.37833],[5.96938,50.37869],[5.96918,50.3789],[5.96853,50.37907]],[[5.96894,50.37804],[5.96888,50.37783],[5.96899,50.37785],[5.96894,50.37804]],[[5.98311,50.37805],[5.98291,50.37784],[5.98329,50.37784],[5.98311,50.37805]],[[5.98478,50.37762],[5.98445,50.37699],[5.98449,50.3768],[5.98462,50.37672],[5.98484,50.37674],[5.98516,50.3771],[5.98509,50.37731],[5.98478,50.37762]],[[6.00786,50.36896],[6.00803,50.36956],[6.00843,50.36998],[6.00839,50.37019],[6.00802,50.37044],[6.00726,50.37034],[6.00743,50.37059],[6.00741,50.37071],[6.00727,50.3709],[6.00685,50.37118],[6.00678,50.37143],[6.00628,50.37189],[6.0062,50.37206],[6.0062,50.37257],[6.00578,50.37289],[6.00471,50.3734],[6.00308,50.37356],[6.00259,50.37368],[6.00243,50.37394],[6.00245,50.37418],[6.0027,50.3745],[6.00312,50.37478],[6.0031,50.37502],[6.00275,50.37536],[6.00194,50.37544],[6.00152,50.37532],[6.00072,50.37469],[6.00022,50.37446],[6.00001,50.37427],[5.99993,50.37408],[5.99995,50.37359],[5.99979,50.37272],[5.99988,50.37252],[6.00012,50.37229],[6.00105,50.37175],[6.00128,50.37147],[6.00135,50.3712],[6.00102,50.3709],[6.00227,50.37062],[6.00283,50.37036],[6.00235,50.36967],[6.0023,50.36932],[6.00236,50.36896]],[[5.97644,50.37427],[5.97637,50.37423],[5.97644,50.37427]],[[5.99061,50.37355],[5.99043,50.37345],[5.99041,50.37334],[5.99059,50.3731],[5.99067,50.37279],[5.99087,50.37257],[5.99147,50.37244],[5.99208,50.37258],[5.99223,50.37318],[5.99212,50.37341],[5.99152,50.37356],[5.99061,50.37355]],[[5.97144,50.37204],[5.97178,50.37195],[5.9723,50.37202],[5.97194,50.37213],[5.97144,50.37204]]]}},{"type":"Feature","properties":{"ele":490},"geometry":{"type":"MultiLineString","coordinates":[[[5.95726,50.44923],[5.95763,50.44835],[5.95767,50.44747],[5.95802,50.44703],[5.95804,50.4468],[5.95728,50.44645],[5.95699,50.44643],[5.9568,50.44644],[5.95607,50.44675],[5.95563,50.44673],[5.9556,50.44616],[5.95588,50.44584],[5.95716,50.44534],[5.95928,50.44553],[5.95991,50.44537],[5.96029,50.44511],[5.96017,50.44481],[5.96015,50.44432],[5.95991,50.44387],[5.96011,50.44272],[5.95997,50.44254],[5.95933,50.4423],[5.95927,50.44207],[5.95964,50.44147],[5.95981,50.44095],[5.9602,50.44034],[5.95979,50.43962],[5.95866,50.43893],[5.95685,50.43732],[5.95665,50.43682],[5.95691,50.4362],[5.95687,50.43585],[5.95648,50.43556],[5.95519,50.43491]],[[5.98138,50.44923],[5.98157,50.44896],[5.98183,50.44879],[5.98202,50.44895],[5.98198,50.44923]],[[6.00455,50.44923],[6.00382,50.44898],[6.0035,50.44869],[6.00351,50.44812],[6.00397,50.44793],[6.00436,50.44801],[6.00519,50.4485],[6.0057,50.44853],[6.00602,50.44898],[6.00661,50.44813],[6.00685,50.44754],[6.007,50.44761],[6.00725,50.44843],[6.00772,50.44819],[6.00806,50.4478],[6.0086,50.44764],[6.00971,50.44792],[6.01024,50.44834],[6.01105,50.44822],[6.01155,50.44837],[6.01019,50.44886],[6.00994,50.44923]],[[6.02545,50.44923],[6.02615,50.44864],[6.02591,50.44817],[6.02549,50.44782],[6.02352,50.44677],[6.02103,50.44562],[6.02025,50.4453],[6.01977,50.44538],[6.01939,50.44525],[6.01919,50.4451],[6.01888,50.44465],[6.01732,50.44366],[6.01595,50.44291],[6.01428,50.44238],[6.01311,50.4422],[6.01308,50.44234],[6.01353,50.44284],[6.01478,50.44338],[6.01483,50.44346],[6.01487,50.44371],[6.01438,50.44402],[6.01394,50.44401],[6.01297,50.44356],[6.01226,50.44342],[6.01232,50.44309],[6.01219,50.44282],[6.01106,50.44224],[6.01038,50.442],[6.01065,50.4418],[6.0116,50.44172],[6.01065,50.44162],[6.0102,50.44144],[6.01047,50.44171],[6.01021,50.4419],[6.0089,50.44176],[6.00841,50.44152],[6.00812,50.44118],[6.00748,50.44089],[6.00726,50.44089],[6.00678,50.44116],[6.00632,50.44122],[6.00565,50.44104],[6.00525,50.44085],[6.00434,50.44063],[6.00388,50.44038],[6.00366,50.44008],[6.00354,50.43975],[6.00324,50.43964],[6.00142,50.43967],[6.00052,50.4399],[6.00019,50.44021],[6.00005,50.44081],[5.99985,50.44118],[5.99924,50.44143],[5.99934,50.44156],[5.9999,50.4417],[5.99994,50.44177],[5.99944,50.44202],[5.99945,50.44237],[5.9987,50.44285],[5.99858,50.44307],[5.99857,50.44341],[5.99834,50.44345],[5.99806,50.44343],[5.99729,50.4431],[5.99469,50.4424],[5.9945,50.44223],[5.9943,50.44152],[5.99415,50.44143],[5.99324,50.44132],[5.99199,50.44105],[5.99116,50.44107],[5.99025,50.44076],[5.98938,50.44121],[5.98813,50.44098],[5.98686,50.44035],[5.98668,50.44009],[5.98686,50.43979],[5.98684,50.43957],[5.98646,50.43923],[5.98593,50.43922],[5.98627,50.43946],[5.98636,50.43973],[5.98623,50.43988],[5.98567,50.44012],[5.98491,50.44022],[5.98368,50.44006],[5.98357,50.43995],[5.9836,50.43977],[5.98395,50.43952],[5.98447,50.43893],[5.98234,50.43839],[5.9818,50.43814],[5.98059,50.43786],[5.98027,50.43755],[5.98022,50.43648],[5.97995,50.43619],[5.97971,50.43563],[5.97992,50.43512],[5.97994,50.4346],[5.98028,50.43311],[5.98015,50.43251],[5.98015,50.43172],[5.98006,50.4312],[5.98018,50.43114],[5.98037,50.43119],[5.98278,50.43225],[5.98314,50.43232],[5.98355,50.4322],[5.98403,50.43253],[5.98485,50.43266],[5.98643,50.43369],[5.98687,50.43422],[5.98726,50.43452],[5.98806,50.43485],[5.98848,50.43473],[5.98868,50.43475],[5.98894,50.43508],[5.99145,50.43507],[5.99381,50.43526],[5.99436,50.43507],[5.9947,50.43477],[5.99532,50.43465],[5.99603,50.43478],[5.99635,50.43521],[5.99653,50.4353],[5.99729,50.43534],[5.99808,50.43555],[5.99891,50.43566],[6.00015,50.43569],[6.00144,50.43534],[6.00188,50.4348],[6.00266,50.4345],[6.00308,50.43443],[6.0035,50.43451],[6.00371,50.43481],[6.00377,50.4356],[6.00395,50.43579],[6.00486,50.43597],[6.00626,50.43597],[6.00687,50.43588],[6.00731,50.43616],[6.00759,50.43724],[6.00759,50.43793],[6.0077,50.43851],[6.00785,50.43807],[6.00782,50.43724],[6.00807,50.4361],[6.00889,50.43622],[6.0092,50.43616],[6.00951,50.43587],[6.01003,50.43564],[6.00975,50.43535],[6.01006,50.43511],[6.01011,50.43498],[6.00997,50.4346],[6.00973,50.43424],[6.00954,50.4337],[6.00933,50.43343],[6.00891,50.43314],[6.00813,50.43295],[6.00801,50.43284],[6.00796,50.43231],[6.00809,50.43141],[6.00889,50.43107],[6.00948,50.43064],[6.00817,50.43026],[6.00803,50.4301],[6.0081,50.42988],[6.00856,50.42958],[6.00892,50.42922],[6.00931,50.42905],[6.01065,50.42999],[6.01099,50.4304],[6.01126,50.43049],[6.01268,50.43029],[6.01349,50.42978],[6.01398,50.42998],[6.01478,50.43006],[6.01499,50.43036],[6.01486,50.43061],[6.01434,50.43089],[6.01339,50.4312],[6.0139,50.43157],[6.0148,50.43172],[6.01625,50.43259],[6.01585,50.43286],[6.01561,50.43315],[6.01458,50.43368],[6.01442,50.43394],[6.0146,50.43422],[6.0153,50.43433],[6.0156,50.43454],[6.01604,50.43505],[6.0169,50.43549],[6.01815,50.4358],[6.01825,50.43596],[6.0183,50.43651],[6.01845,50.43681],[6.01987,50.43801],[6.02037,50.4381],[6.02142,50.43788],[6.02178,50.43789],[6.02288,50.4381],[6.02418,50.43857],[6.02491,50.4387],[6.02479,50.43897],[6.02432,50.43885],[6.02392,50.43896],[6.02424,50.43925],[6.02418,50.43976],[6.02448,50.44008],[6.02356,50.44009],[6.02298,50.43985],[6.0205,50.43976],[6.02007,50.43996],[6.01953,50.4404],[6.01952,50.44081],[6.01979,50.44116],[6.02064,50.44167],[6.02186,50.44201],[6.02236,50.44258],[6.02389,50.44353],[6.02474,50.44416],[6.02603,50.44473],[6.02794,50.44583],[6.0285,50.44629],[6.03011,50.4469],[6.03105,50.44678],[6.03139,50.44681],[6.0321,50.44748],[6.03256,50.44764],[6.03314,50.44757],[6.03336,50.44731],[6.03345,50.44693],[6.03358,50.44683],[6.03397,50.4468],[6.03447,50.44692],[6.03555,50.44735],[6.03659,50.44807],[6.03742,50.44832],[6.03756,50.44859],[6.03749,50.44923]],[[6.01644,50.44421],[6.01628,50.44404],[6.01628,50.44391],[6.01648,50.44385],[6.01674,50.44393],[6.01671,50.44404],[6.01644,50.44421]],[[5.99269,50.44291],[5.99249,50.44285],[5.99297,50.44285],[5.99269,50.44291]],[[6.05686,50.44296],[6.0565,50.44302],[6.05639,50.44287],[6.05671,50.44258],[6.05686,50.44222]],[[5.99728,50.4421],[5.99711,50.44201],[5.99725,50.4419],[5.99734,50.442],[5.99728,50.4421]],[[6.00061,50.44176],[6.00041,50.44155],[6.00047,50.44142],[6.00188,50.44133],[6.00248,50.44145],[6.00188,50.44168],[6.00061,50.44176]],[[5.98186,50.44039],[5.981,50.44015],[5.97904,50.43977],[5.97769,50.43925],[5.97762,50.43887],[5.97768,50.43812],[5.97803,50.43796],[5.97829,50.43798],[5.97857,50.4381],[5.97881,50.43845],[5.98062,50.43923],[5.98296,50.43985],[5.98341,50.44009],[5.98319,50.44036],[5.98287,50.44045],[5.98186,50.44039]],[[6.00769,50.4406],[6.00758,50.44012],[6.00769,50.43978],[6.00775,50.44012],[6.00769,50.4406]],[[6.05686,50.44002],[6.05646,50.43972],[6.05562,50.43949],[6.05519,50.43927],[6.05521,50.43865],[6.05459,50.43806],[6.05448,50.43786],[6.05456,50.43772],[6.05513,50.43725],[6.05545,50.43672],[6.05581,50.43571],[6.05592,50.4345],[6.05647,50.43433],[6.05686,50.43409]],[[6.00769,50.43926],[6.0077,50.43885],[6.00769,50.43926]],[[5.98519,50.43902],[5.98505,50.43896],[5.98535,50.43896],[5.98519,50.43902]],[[6.03853,50.4365],[6.03708,50.43573],[6.03691,50.43556],[6.03685,50.43533],[6.03728,50.43506],[6.03854,50.43534],[6.03918,50.43615],[6.03912,50.43624],[6.03853,50.4365]],[[6.04394,50.43608],[6.04375,50.43596],[6.04375,50.43586],[6.04395,50.43581],[6.04394,50.43608]],[[6.04228,50.43564],[6.0415,50.43532],[6.04119,50.43488],[6.04117,50.43467],[6.0413,50.43446],[6.04185,50.43395],[6.04303,50.43329],[6.04349,50.43333],[6.04388,50.43368],[6.04477,50.43412],[6.04528,50.43424],[6.04465,50.43481],[6.04385,50.4353],[6.04354,50.43574],[6.04272,50.43576],[6.04228,50.43564]],[[5.99769,50.43489],[5.99712,50.4345],[5.99798,50.43441],[5.99889,50.43444],[5.99903,50.43451],[5.99885,50.43466],[5.99769,50.43489]],[[5.98894,50.43346],[5.98893,50.43337],[5.98938,50.43312],[5.98935,50.43354],[5.98894,50.43346]],[[6.01478,50.43283],[6.01377,50.432],[6.014,50.43195],[6.01436,50.43214],[6.01481,50.43225],[6.01522,50.43254],[6.01516,50.43271],[6.01478,50.43283]],[[6.05686,50.43218],[6.05653,50.4317],[6.05511,50.43043],[6.05308,50.42927],[6.05275,50.42873],[6.05274,50.4281],[6.05218,50.4276],[6.05216,50.42748],[6.05224,50.42729],[6.05312,50.42729],[6.05491,50.42755],[6.05519,50.42785],[6.05548,50.42791],[6.05686,50.42805]],[[6.00561,50.43149],[6.0052,50.43128],[6.00512,50.4312],[6.00515,50.4311],[6.00543,50.43106],[6.0059,50.43117],[6.00586,50.43137],[6.00561,50.43149]],[[6.00478,50.43096],[6.00471,50.4309],[6.00475,50.43085],[6.00492,50.4309],[6.00478,50.43096]],[[6.05311,50.43015],[6.05254,50.4298],[6.05227,50.42951],[6.05261,50.42941],[6.05281,50.42943],[6.05364,50.43007],[6.05351,50.43017],[6.05311,50.43015]],[[6.05061,50.42798],[6.05001,50.42766],[6.04921,50.42756],[6.05027,50.42745],[6.05107,50.42756],[6.05115,50.42776],[6.05111,50.4279],[6.05061,50.42798]],[[6.04769,50.42731],[6.04739,50.42726],[6.04709,50.42707],[6.04703,50.42692],[6.04712,50.42672],[6.04772,50.42654],[6.04829,50.4266],[6.04856,50.42671],[6.04883,50.42726],[6.0485,50.42739],[6.04769,50.42731]],[[6.05686,50.40358],[6.05566,50.40334],[6.0544,50.40283],[6.05362,50.40265],[6.05317,50.40247],[6.05277,50.4027],[6.05262,50.40272],[6.05145,50.40222],[6.04798,50.40242],[6.0469,50.40263],[6.04635,50.40279],[6.04581,50.40309],[6.04524,50.40372],[6.04437,50.40396],[6.04269,50.40479],[6.04144,50.40516],[6.04101,50.40557],[6.04058,50.4056],[6.03978,50.40618],[6.03928,50.40629],[6.03835,50.40672],[6.03778,50.40707],[6.03686,50.40786],[6.03518,50.4084],[6.03386,50.40851],[6.03246,50.40878],[6.03186,50.40864],[6.03173,50.40894],[6.03174,50.40946],[6.03155,50.40977],[6.03166,50.41012],[6.03146,50.41039],[6.03102,50.41036],[6.03105,50.41003],[6.03093,50.40979],[6.03062,50.4096],[6.03028,50.40957],[6.02969,50.41],[6.0297,50.41036],[6.02946,50.41062],[6.02888,50.4109],[6.02834,50.41103],[6.02694,50.41109],[6.02613,50.4109],[6.02602,50.41062],[6.02715,50.41024],[6.02777,50.41014],[6.0279,50.41004],[6.02763,50.40981],[6.02704,50.40951],[6.02612,50.40915],[6.0255,50.40903],[6.02532,50.40877],[6.0254,50.40864],[6.02574,50.40852],[6.02663,50.40841],[6.02725,50.40824],[6.02828,50.40813],[6.02831,50.40803],[6.02819,50.40787],[6.02809,50.40783],[6.02766,50.40802],[6.0272,50.40808],[6.02616,50.40803],[6.0256,50.4079],[6.02515,50.40761],[6.02383,50.40649],[6.0237,50.40627],[6.02378,50.40609],[6.02457,50.40562],[6.02584,50.40548],[6.02745,50.4051],[6.02808,50.40474],[6.02892,50.40486],[6.02974,50.40484],[6.02996,50.40495],[6.03022,50.40524],[6.03053,50.40531],[6.03173,50.40519],[6.03313,50.40518],[6.03433,50.40527],[6.03552,50.40519],[6.03731,50.40452],[6.03852,50.40426],[6.0393,50.40381],[6.0403,50.40349],[6.04056,50.4031],[6.04106,50.40287],[6.04114,50.40248],[6.04186,50.40173],[6.04221,50.40113],[6.0423,50.40035],[6.04146,50.3995],[6.04047,50.39896],[6.03941,50.3986],[6.0391,50.3984],[6.03883,50.39806],[6.03894,50.39755],[6.03937,50.39713],[6.04018,50.39678],[6.04143,50.39645],[6.04352,50.39562],[6.04589,50.39498],[6.04723,50.39449],[6.04761,50.39421],[6.04776,50.39399],[6.04753,50.39375],[6.04753,50.39363],[6.04805,50.39312],[6.04852,50.39304],[6.04872,50.39286],[6.04866,50.3926],[6.04843,50.39233],[6.04702,50.39117],[6.04651,50.39061],[6.04579,50.39012],[6.04531,50.38967],[6.04505,50.38923],[6.04522,50.38904],[6.04552,50.38837],[6.04616,50.38814],[6.04777,50.38832],[6.049,50.38785],[6.04981,50.38744],[6.05025,50.38748],[6.0506,50.38763],[6.05077,50.3876],[6.05087,50.38745],[6.0506,50.38703],[6.05045,50.38658],[6.05045,50.38647],[6.05055,50.38641],[6.05109,50.38653],[6.05154,50.38629],[6.05194,50.38625],[6.05233,50.38637],[6.05298,50.38681],[6.0535,50.38687],[6.05427,50.38667],[6.05475,50.3864],[6.05581,50.38617],[6.05686,50.38562]],[[6.02686,50.40717],[6.02668,50.40701],[6.02662,50.40682],[6.02683,50.40645],[6.02972,50.40644],[6.02983,50.40646],[6.02988,50.40658],[6.02985,50.40676],[6.02938,50.40696],[6.02895,50.40693],[6.02824,50.40709],[6.02686,50.40717]],[[6.04936,50.40318],[6.04917,50.40311],[6.0494,50.40305],[6.04947,50.40312],[6.04936,50.40318]],[[6.02978,50.40118],[6.02932,50.40092],[6.02933,50.40083],[6.02954,50.40075],[6.02982,50.40076],[6.0302,50.40117],[6.02978,50.40118]],[[6.03811,50.39952],[6.0378,50.39918],[6.0381,50.3986],[6.03852,50.39856],[6.03889,50.39872],[6.03936,50.39875],[6.03953,50.39891],[6.03949,50.39907],[6.039,50.39952],[6.03811,50.39952]],[[6.03603,50.39877],[6.03573,50.39866],[6.0356,50.3985],[6.03539,50.39804],[6.03548,50.39778],[6.03602,50.39756],[6.03631,50.39728],[6.0369,50.39714],[6.03762,50.39671],[6.03786,50.39609],[6.03802,50.39588],[6.03843,50.39594],[6.03901,50.39616],[6.03923,50.39637],[6.03931,50.39661],[6.03919,50.3968],[6.03843,50.39704],[6.03769,50.39757],[6.03755,50.39811],[6.03603,50.39877]],[[6.04436,50.38908],[6.04396,50.38895],[6.04347,50.38867],[6.04386,50.3886],[6.0444,50.38867],[6.04464,50.38892],[6.04436,50.38908]],[[5.96599,50.36896],[5.96589,50.36924],[5.96646,50.3695],[5.96664,50.3697],[5.96664,50.36983],[5.96592,50.37029],[5.96426,50.37059],[5.96402,50.37116],[5.96356,50.37147],[5.96349,50.37173],[5.964,50.37199],[5.96499,50.37224],[5.96514,50.37238],[5.96499,50.37283],[5.96445,50.37349],[5.9645,50.37373],[5.96487,50.37415],[5.9649,50.37432],[5.96479,50.37453],[5.96432,50.37479],[5.96497,50.37507],[5.96423,50.3753],[5.96377,50.37562],[5.96525,50.37589],[5.96554,50.37619],[5.96653,50.37646],[5.96661,50.37664],[5.96657,50.37676],[5.9657,50.37702],[5.96551,50.37727],[5.96628,50.37772],[5.96634,50.37786],[5.96621,50.37803],[5.96502,50.37888],[5.96435,50.37904],[5.96399,50.37926],[5.96351,50.37922],[5.96209,50.37944],[5.96059,50.37926],[5.95999,50.37868],[5.95918,50.37857],[5.95857,50.37838],[5.95751,50.37835],[5.95519,50.37852]],[[5.98561,50.3751],[5.98555,50.37507],[5.9856,50.37503],[5.98561,50.3751]],[[5.99318,50.36896],[5.99272,50.36926],[5.99209,50.36947],[5.99186,50.37007],[5.99101,50.37033],[5.99103,50.37063],[5.99053,50.3708],[5.98959,50.3709],[5.9888,50.37122],[5.98862,50.37168],[5.98886,50.37217],[5.98889,50.37252],[5.98877,50.37279],[5.98848,50.37312],[5.9884,50.37349],[5.98854,50.37393],[5.98921,50.37444],[5.98927,50.3746],[5.98893,50.37491],[5.98815,50.37496],[5.98751,50.37515],[5.98654,50.37508],[5.98563,50.37472],[5.98522,50.3747],[5.98454,50.37443],[5.9836,50.37428],[5.98283,50.37442],[5.98214,50.37469],[5.98183,50.37471],[5.98091,50.37425],[5.97936,50.374],[5.97893,50.37363],[5.97811,50.37334],[5.97699,50.37316],[5.9761,50.37336],[5.97574,50.37333],[5.97523,50.37296],[5.97475,50.37286],[5.97437,50.37253],[5.97353,50.37229],[5.97316,50.37183],[5.97275,50.37156],[5.97157,50.37131],[5.97099,50.3713],[5.97083,50.37145],[5.97071,50.37178],[5.97059,50.37185],[5.96966,50.37176],[5.96948,50.37161],[5.96925,50.37124],[5.96946,50.37087],[5.96931,50.37044],[5.96913,50.3703],[5.96838,50.37008],[5.96822,50.36926],[5.96794,50.36896]],[[5.96269,50.37424],[5.96227,50.37396],[5.96311,50.37368],[5.96348,50.37371],[5.96365,50.3739],[5.96351,50.37405],[5.96269,50.37424]],[[6.00061,50.37428],[6.00048,50.37423],[6.00038,50.37408],[6.00048,50.37363],[6.00019,50.37313],[6.00018,50.37282],[6.00068,50.37231],[6.00217,50.37169],[6.00238,50.37147],[6.00219,50.37124],[6.0022,50.37115],[6.00293,50.37097],[6.00345,50.37096],[6.00397,50.37113],[6.00436,50.37146],[6.00456,50.37186],[6.00455,50.3723],[6.0048,50.37257],[6.00467,50.37287],[6.00445,50.37312],[6.00244,50.37341],[6.00184,50.37367],[6.00147,50.3743],[6.00061,50.37428]],[[5.99144,50.37315],[5.99134,50.37312],[5.99144,50.37308],[5.99144,50.37315]],[[6.00741,50.36896],[6.0077,50.36932],[6.00772,50.36981],[6.00715,50.36999],[6.00647,50.37036],[6.00611,50.37039],[6.00522,50.37025],[6.00477,50.37007],[6.00445,50.36977],[6.00435,50.36938],[6.00401,50.36921],[6.00391,50.36924],[6.00397,50.36953],[6.00378,50.37007],[6.00349,50.37019],[6.00308,50.3701],[6.0028,50.3697],[6.00268,50.36921],[6.00343,50.36896]],[[5.96754,50.36896],[5.96699,50.36901],[5.96654,50.36896]]]}},{"type":"Feature","properties":{"ele":510},"geometry":{"type":"MultiLineString","coordinates":[[[6.02906,50.44923],[6.02925,50.44897],[6.02926,50.44873],[6.02893,50.44841],[6.02851,50.4483],[6.02823,50.4481],[6.0281,50.44784],[6.02827,50.44756],[6.02848,50.44742],[6.02876,50.44737],[6.02944,50.44752],[6.02991,50.4475],[6.03054,50.44728],[6.03094,50.44723],[6.03132,50.44733],[6.03135,50.44772],[6.03107,50.44803],[6.03059,50.44813],[6.03315,50.44923]],[[6.03625,50.44923],[6.03628,50.44902],[6.03621,50.44892],[6.03515,50.44845],[6.03518,50.44811],[6.03562,50.4481],[6.03682,50.44855],[6.03692,50.44868],[6.03676,50.44897],[6.03686,50.44923]],[[6.02686,50.44648],[6.0264,50.44627],[6.02612,50.44591],[6.02653,50.44582],[6.02737,50.44618],[6.02731,50.44647],[6.02686,50.44648]],[[6.02561,50.44565],[6.02481,50.44525],[6.02414,50.44479],[6.0244,50.44474],[6.02479,50.44478],[6.02609,50.44566],[6.02597,50.44583],[6.02561,50.44565]],[[6.02103,50.44484],[6.02094,50.44476],[6.02104,50.44463],[6.02113,50.44478],[6.02103,50.44484]],[[5.95519,50.43609],[5.95562,50.43625],[5.95601,50.43652],[5.95613,50.43727],[5.95589,50.43793],[5.95582,50.43842],[5.95603,50.43868],[5.95702,50.43927],[5.95789,50.44034],[5.95807,50.44088],[5.95827,50.4412],[5.9584,50.44186],[5.95876,50.44252],[5.95867,50.44303],[5.95899,50.44343],[5.95892,50.44389],[5.95885,50.44396],[5.95766,50.44423],[5.95813,50.44442],[5.95891,50.44445],[5.95895,50.44454],[5.95787,50.44456],[5.95668,50.44475],[5.95606,50.44469],[5.9556,50.44448],[5.95519,50.44448]],[[5.99311,50.44091],[5.99224,50.44062],[5.99283,50.43987],[5.99283,50.43978],[5.99111,50.43962],[5.98937,50.43923],[5.98854,50.43895],[5.98761,50.43845],[5.98739,50.43809],[5.98691,50.4377],[5.98542,50.43724],[5.985,50.43686],[5.98482,50.43644],[5.98438,50.4359],[5.9834,50.43587],[5.98261,50.43569],[5.98173,50.43567],[5.98162,50.4354],[5.98186,50.43507],[5.98232,50.43497],[5.98292,50.43459],[5.98328,50.43423],[5.98311,50.43395],[5.98242,50.43369],[5.9821,50.43339],[5.98246,50.4333],[5.98334,50.43327],[5.98392,50.43341],[5.98901,50.43646],[5.99143,50.43759],[5.99264,50.43847],[5.99354,50.4386],[5.99393,50.43897],[5.99436,50.43907],[5.99498,50.43873],[5.99503,50.43838],[5.99523,50.43831],[5.99575,50.43865],[5.99589,50.4389],[5.99591,50.4393],[5.99633,50.43966],[5.99724,50.43965],[5.99808,50.43997],[5.99891,50.43998],[5.999,50.44005],[5.99798,50.44025],[5.99694,50.44027],[5.99635,50.4399],[5.9954,50.43985],[5.99528,50.43973],[5.99529,50.43947],[5.9951,50.4394],[5.99476,50.43951],[5.99505,50.4398],[5.99441,50.43993],[5.99423,50.44004],[5.99434,50.44025],[5.99485,50.4406],[5.99472,50.44076],[5.99435,50.44094],[5.99311,50.44091]],[[5.99519,50.44014],[5.9952,50.43994],[5.99519,50.44014]],[[5.99353,50.43985],[5.99342,50.43979],[5.99368,50.43979],[5.99353,50.43985]],[[5.99936,50.43996],[5.99909,50.43979],[5.9994,50.43974],[5.99936,50.43996]],[[6.01478,50.43993],[6.01411,50.43932],[6.0141,50.43918],[6.01425,50.43905],[6.01449,50.43898],[6.01515,50.43904],[6.01568,50.43946],[6.01564,50.43956],[6.01506,50.4397],[6.01478,50.43993]],[[6.01644,50.43899],[6.01642,50.4389],[6.01653,50.43894],[6.01644,50.43899]],[[6.01061,50.43873],[6.00977,50.4384],[6.01018,50.43827],[6.01061,50.43798],[6.01195,50.43757],[6.01272,50.43702],[6.01383,50.43673],[6.0161,50.43698],[6.01663,50.43727],[6.01677,50.43755],[6.01676,50.43783],[6.01655,50.43812],[6.01529,50.43849],[6.01498,50.43879],[6.01469,50.43891],[6.01402,50.43892],[6.01342,50.43868],[6.01162,50.43864],[6.01104,50.43876],[6.01061,50.43873]],[[6.01811,50.43764],[6.01768,50.43727],[6.01815,50.43723],[6.01811,50.43764]],[[6.01728,50.43677],[6.01638,50.43634],[6.01614,50.43613],[6.01602,50.43588],[6.01657,50.4358],[6.01773,50.4361],[6.01788,50.43647],[6.01777,50.43688],[6.0176,50.43693],[6.01728,50.43677]],[[6.00228,50.4366],[6.00222,50.43645],[6.00228,50.43636],[6.00234,50.43647],[6.00228,50.4366]],[[6.05686,50.43052],[6.05648,50.43032],[6.05579,50.42977],[6.05478,50.42923],[6.05433,50.42869],[6.05491,50.42863],[6.05594,50.42877],[6.05641,50.42866],[6.05686,50.42866]],[[6.05686,50.42944],[6.0567,50.42904],[6.05686,50.42873]],[[6.05686,50.4014],[6.05556,50.40124],[6.05402,50.40088],[6.05348,50.40116],[6.0531,50.40119],[6.05226,50.4009],[6.04851,50.40051],[6.04811,50.4003],[6.04756,50.39984],[6.04729,50.3995],[6.04664,50.39901],[6.04603,50.39834],[6.04587,50.39793],[6.04599,50.3977],[6.04653,50.3973],[6.0476,50.3968],[6.0481,50.3967],[6.04892,50.3968],[6.04982,50.39675],[6.05135,50.39624],[6.05188,50.3959],[6.05146,50.39557],[6.05107,50.39554],[6.05087,50.39541],[6.05063,50.39477],[6.05028,50.39446],[6.05027,50.39395],[6.04993,50.39365],[6.05015,50.39338],[6.05069,50.39341],[6.05069,50.3929],[6.05116,50.39237],[6.05116,50.39223],[6.05083,50.39179],[6.05086,50.39167],[6.05115,50.39144],[6.05099,50.39105],[6.05078,50.39087],[6.04811,50.38965],[6.0473,50.38936],[6.04684,50.38933],[6.04673,50.38922],[6.04819,50.38914],[6.04978,50.38954],[6.05034,50.38955],[6.05045,50.38952],[6.05046,50.38942],[6.04988,50.38863],[6.04936,50.3884],[6.05019,50.38811],[6.05136,50.38865],[6.05182,50.3886],[6.05229,50.38833],[6.05358,50.38869],[6.05449,50.38843],[6.05524,50.3884],[6.05499,50.38814],[6.0552,50.38785],[6.05605,50.38752],[6.05686,50.38739]],[[6.05686,50.38715],[6.05639,50.38708],[6.05579,50.38673],[6.05597,50.38657],[6.05626,50.38651],[6.05686,50.38668]],[[5.96366,50.36896],[5.96321,50.36952],[5.962,50.37057],[5.96181,50.37089],[5.96144,50.37118],[5.96095,50.37131],[5.95936,50.37146],[5.9609,50.37169],[5.96147,50.37165],[5.96219,50.37186],[5.96312,50.37229],[5.96368,50.37282],[5.96361,50.37314],[5.96308,50.37339],[5.96147,50.37354],[5.96094,50.37367],[5.96038,50.37395],[5.96128,50.37444],[5.96138,50.37457],[5.96142,50.37482],[5.96209,50.37506],[5.96204,50.37517],[5.96178,50.37535],[5.9623,50.37551],[5.96279,50.3759],[5.96181,50.37619],[5.96213,50.37646],[5.9631,50.37682],[5.9635,50.37705],[5.96375,50.37762],[5.96377,50.37811],[5.96363,50.37838],[5.96293,50.3785],[5.96163,50.37845],[5.9615,50.37837],[5.96147,50.37809],[5.96121,50.37776],[5.96078,50.37743],[5.96053,50.37734],[5.96018,50.37739],[5.95987,50.37756],[5.95952,50.37811],[5.95927,50.37819],[5.95704,50.37798],[5.95679,50.37789],[5.95667,50.3776],[5.95651,50.3775],[5.95519,50.37739]],[[5.95728,50.37705],[5.95726,50.37698],[5.95738,50.37701],[5.95728,50.37705]],[[5.96061,50.3759],[5.96016,50.37569],[5.95975,50.37535],[5.96058,50.37524],[5.96115,50.37533],[5.96103,50.37568],[5.96061,50.3759]],[[5.99043,50.36896],[5.99056,50.36942],[5.99041,50.36962],[5.99011,50.36976],[5.98975,50.36979],[5.98973,50.37005],[5.98949,50.37023],[5.98894,50.37034],[5.98854,50.37062],[5.98766,50.37087],[5.98686,50.37146],[5.98676,50.37161],[5.98667,50.37203],[5.98676,50.37256],[5.98778,50.37369],[5.98774,50.37397],[5.98735,50.37403],[5.98569,50.37383],[5.98425,50.37341],[5.9835,50.37339],[5.98241,50.37359],[5.98194,50.37359],[5.98142,50.37341],[5.97978,50.37319],[5.97947,50.37251],[5.97909,50.37228],[5.97892,50.37227],[5.97824,50.37275],[5.97787,50.37281],[5.97693,50.37248],[5.97664,50.37229],[5.97643,50.37202],[5.97548,50.37173],[5.97514,50.37168],[5.97444,50.37179],[5.97394,50.37173],[5.97342,50.37149],[5.97361,50.37102],[5.9736,50.37082],[5.97351,50.37064],[5.97309,50.37037],[5.97241,50.3703],[5.97142,50.37037],[5.97124,50.37028],[5.97115,50.37012],[5.97121,50.37001],[5.9718,50.36978],[5.97203,50.36953],[5.97137,50.36896]],[[5.96978,50.36953],[5.9701,50.36944],[5.97032,50.36951],[5.97018,50.36957],[5.96978,50.36953]]]}},{"type":"Feature","properties":{"ele":520},"geometry":{"type":"MultiLineString","coordinates":[[[6.02894,50.44818],[6.02882,50.44812],[6.02889,50.44804],[6.02912,50.44811],[6.02894,50.44818]],[[5.95519,50.44392],[5.95562,50.44384],[5.95636,50.4435],[5.9572,50.44365],[5.95789,50.44347],[5.95801,50.44334],[5.958,50.44294],[5.95826,50.44254],[5.95797,50.44123],[5.95766,50.44044],[5.95728,50.44007],[5.95675,50.43932],[5.95575,50.43867],[5.95552,50.43844],[5.95581,50.43727],[5.95566,50.43698],[5.95519,50.43673]],[[5.99144,50.43941],[5.99119,50.43929],[5.99116,50.4392],[5.99157,50.43904],[5.99232,50.43892],[5.99314,50.43895],[5.9937,50.43922],[5.99352,50.43938],[5.99308,50.43945],[5.99204,50.43948],[5.99144,50.43941]],[[5.98978,50.43897],[5.98943,50.43892],[5.9888,50.43868],[5.98897,50.43842],[5.98894,50.43829],[5.98873,50.43788],[5.98829,50.43761],[5.98834,50.43745],[5.98857,50.43728],[5.98979,50.437],[5.99149,50.43782],[5.99191,50.43839],[5.99162,50.43853],[5.99103,50.43868],[5.99057,50.43866],[5.99069,50.43894],[5.99062,50.43903],[5.98978,50.43897]],[[5.98728,50.43759],[5.98728,50.43752],[5.98746,50.43756],[5.98728,50.43759]],[[6.01728,50.4365],[6.01721,50.43645],[6.01727,50.43633],[6.01756,50.43643],[6.01728,50.4365]],[[5.98519,50.43619],[5.98484,50.43583],[5.98377,50.43564],[5.98308,50.43534],[5.98403,50.4351],[5.98405,50.43498],[5.98387,50.43451],[5.98438,50.43422],[5.98447,50.43453],[5.98567,50.43506],[5.98557,50.43537],[5.98597,50.43568],[5.98599,50.43609],[5.98589,50.43624],[5.98558,50.43632],[5.98519,50.43619]],[[6.01686,50.43622],[6.01679,50.43617],[6.01703,50.43618],[6.01686,50.43622]],[[6.05686,50.40094],[6.05543,50.40047],[6.05403,50.4002],[6.05381,50.40029],[6.05337,50.40088],[6.05299,50.40095],[6.05249,50.40063],[6.05186,50.39992],[6.05102,50.39979],[6.05075,50.39947],[6.05022,50.39922],[6.05009,50.39906],[6.05006,50.39894],[6.0502,50.39869],[6.05023,50.39824],[6.05041,50.39805],[6.05069,50.39798],[6.05145,50.39799],[6.05342,50.39718],[6.05401,50.39707],[6.05401,50.39698],[6.05352,50.39672],[6.05335,50.39709],[6.05313,50.39723],[6.05293,50.39724],[6.05256,50.39709],[6.0524,50.39679],[6.05247,50.3967],[6.05302,50.39646],[6.05311,50.39624],[6.0528,50.39589],[6.05267,50.39562],[6.05261,50.39477],[6.0531,50.39446],[6.05376,50.39456],[6.05409,50.39451],[6.05369,50.39427],[6.05338,50.3937],[6.05288,50.39334],[6.05266,50.3926],[6.05165,50.39204],[6.05174,50.39151],[6.05135,50.39093],[6.05098,50.39067],[6.04968,50.39005],[6.04974,50.38992],[6.04987,50.38988],[6.05126,50.3901],[6.052,50.39009],[6.05207,50.38998],[6.05197,50.38977],[6.05094,50.38926],[6.05105,50.38899],[6.05182,50.38883],[6.0523,50.38861],[6.0536,50.38884],[6.05441,50.38862],[6.05649,50.38842],[6.05645,50.38834],[6.0559,50.38812],[6.05635,50.38778],[6.05686,50.38765]],[[6.05144,50.3974],[6.05136,50.3973],[6.05144,50.39722],[6.05192,50.39729],[6.05183,50.39737],[6.05144,50.3974]],[[6.05144,50.39507],[6.05152,50.39507],[6.05144,50.39507]],[[6.05269,50.39179],[6.05257,50.39173],[6.05273,50.39172],[6.05269,50.39179]],[[5.95811,50.37758],[5.95795,50.37726],[5.95817,50.37704],[5.95826,50.37668],[5.95849,50.37645],[5.95965,50.37623],[5.96016,50.37629],[5.96049,50.37648],[5.96037,50.37679],[5.95982,50.37731],[5.95949,50.37748],[5.9586,50.37762],[5.95811,50.37758]],[[5.96228,50.37757],[5.96264,50.37767],[5.96282,50.37761],[5.96289,50.37734],[5.96284,50.37701],[5.96236,50.37694],[5.96207,50.37702],[5.96198,50.37727],[5.96228,50.37757]],[[5.963,50.36896],[5.96228,50.36951],[5.96027,50.37064],[5.96003,50.37091],[5.95967,50.37112],[5.95772,50.37134],[5.95717,50.3715],[5.95716,50.37174],[5.95741,50.37181],[5.96011,50.37184],[5.96123,50.37201],[5.96233,50.37249],[5.96271,50.37275],[5.96278,50.37288],[5.96267,50.37306],[5.96218,50.37304],[5.96148,50.37341],[5.95865,50.37396],[5.96023,50.37421],[5.9608,50.37452],[5.96092,50.3747],[5.96088,50.3748],[5.95853,50.37535],[5.95847,50.37561],[5.95823,50.3758],[5.95763,50.37581],[5.95719,50.37608],[5.95616,50.37603],[5.95519,50.37583]],[[5.95561,50.37536],[5.95566,50.37535],[5.95561,50.37536]],[[5.99017,50.36896],[5.99006,50.36921],[5.98983,50.36936],[5.98801,50.36976],[5.98804,50.36989],[5.98829,50.37006],[5.98825,50.37018],[5.9867,50.37136],[5.98639,50.37177],[5.98636,50.37213],[5.98646,50.37253],[5.98692,50.37309],[5.98699,50.37338],[5.98579,50.37353],[5.98418,50.37316],[5.98339,50.37309],[5.98224,50.37314],[5.98149,50.37271],[5.98065,50.37245],[5.97979,50.37171],[5.97933,50.37159],[5.9789,50.3716],[5.9787,50.37209],[5.97821,50.37259],[5.97793,50.37265],[5.97758,50.37259],[5.9767,50.37194],[5.97602,50.37166],[5.97477,50.37141],[5.97387,50.37147],[5.97389,50.37085],[5.97354,50.37034],[5.97298,50.37017],[5.97198,50.37007],[5.97325,50.36977],[5.97317,50.3695],[5.97269,50.36924],[5.97244,50.36896]]]}},{"type":"Feature","properties":{"ele":530},"geometry":{"type":"MultiLineString","coordinates":[[[5.95519,50.44375],[5.95548,50.44365],[5.95631,50.4431],[5.95687,50.44201],[5.95596,50.44172],[5.95594,50.44145],[5.95654,50.44149],[5.95671,50.4413],[5.95674,50.44109],[5.95657,50.44063],[5.95632,50.44037],[5.95599,50.4398],[5.95608,50.43952],[5.95601,50.43932],[5.95576,50.43897],[5.95526,50.43856],[5.95527,50.4379],[5.95519,50.43762]],[[6.05311,50.40051],[6.0527,50.40028],[6.05253,50.40008],[6.05248,50.3997],[6.05259,50.39948],[6.05303,50.39955],[6.05324,50.39975],[6.05311,50.40051]],[[6.05686,50.39829],[6.05642,50.39845],[6.05597,50.39845],[6.05475,50.39702],[6.05334,50.39593],[6.05333,50.39581],[6.05346,50.39561],[6.05386,50.39544],[6.05412,50.39542],[6.05501,50.3956],[6.0556,50.39542],[6.05572,50.39512],[6.05558,50.39479],[6.05571,50.39419],[6.05554,50.39377],[6.05542,50.39366],[6.05433,50.39359],[6.05391,50.39346],[6.05397,50.39323],[6.05443,50.39312],[6.05417,50.39286],[6.05406,50.39231],[6.0535,50.39216],[6.05344,50.392],[6.05355,50.39171],[6.05192,50.39118],[6.05167,50.39039],[6.05241,50.39025],[6.05276,50.3901],[6.05281,50.38998],[6.05273,50.38967],[6.05223,50.38953],[6.05185,50.38922],[6.05256,50.3891],[6.05324,50.3892],[6.05601,50.38867],[6.0564,50.3887],[6.05686,50.3889]],[[6.05686,50.39802],[6.05634,50.3976],[6.05557,50.3972],[6.05538,50.39699],[6.05561,50.39673],[6.05627,50.39712],[6.05686,50.39728]],[[6.05519,50.39289],[6.05512,50.39281],[6.05519,50.39257],[6.05525,50.39281],[6.05519,50.39289]],[[5.95936,50.37674],[5.95979,50.37673],[5.95936,50.37674]],[[5.95686,50.37509],[5.95672,50.37506],[5.95703,50.37506],[5.95686,50.37509]],[[5.95519,50.37236],[5.95756,50.37254],[5.9578,50.37246],[5.95814,50.37218],[5.95851,50.37201],[5.95959,50.37203],[5.96019,50.3723],[5.96067,50.37338],[5.9598,50.37351],[5.95936,50.37368],[5.95845,50.37375],[5.95795,50.3739],[5.95793,50.37402],[5.9582,50.37419],[5.95959,50.37447],[5.95975,50.3746],[5.95969,50.37475],[5.95956,50.37482],[5.95819,50.37489],[5.95755,50.37479],[5.95731,50.37421],[5.95649,50.37413],[5.9562,50.37393],[5.95547,50.3737],[5.95566,50.37343],[5.95561,50.37312],[5.95519,50.37307]],[[5.98478,50.37295],[5.98447,50.37258],[5.98471,50.37229],[5.9856,50.37199],[5.98583,50.37202],[5.98601,50.37219],[5.98603,50.37259],[5.98575,50.37285],[5.98537,50.37294],[5.98478,50.37295]],[[5.98935,50.36896],[5.98887,50.3692],[5.98771,50.36952],[5.98683,50.3695],[5.98669,50.36988],[5.98672,50.3704],[5.98665,50.37063],[5.98603,50.37118],[5.98563,50.37131],[5.98478,50.37115],[5.98394,50.37131],[5.98351,50.37113],[5.98272,50.37129],[5.98226,50.37128],[5.9818,50.37109],[5.98159,50.37088],[5.98148,50.3706],[5.98103,50.37031],[5.98032,50.37019],[5.98006,50.37022],[5.97864,50.37092],[5.97838,50.37112],[5.97819,50.37144],[5.97832,50.37203],[5.97813,50.37232],[5.97801,50.37234],[5.97768,50.3723],[5.97696,50.37171],[5.97633,50.37147],[5.97603,50.37117],[5.97479,50.37089],[5.97435,50.37097],[5.97391,50.37036],[5.97344,50.37007],[5.97401,50.36981],[5.97402,50.36974],[5.97373,50.36946],[5.97313,50.36921],[5.97309,50.36896]],[[5.98228,50.3721],[5.98187,50.37195],[5.98172,50.37172],[5.98191,50.37166],[5.98229,50.37172],[5.98228,50.3721]],[[5.9618,50.36896],[5.96115,50.3693],[5.96026,50.37008],[5.9598,50.37035],[5.95812,50.37093],[5.95684,50.37065],[5.95655,50.37036],[5.95644,50.37002],[5.95605,50.36977],[5.95535,50.36896]],[[5.98519,50.37009],[5.98513,50.37007],[5.98519,50.37002],[5.98519,50.37009]],[[5.98436,50.36952],[5.98472,50.36945],[5.98489,50.36951],[5.98472,50.36964],[5.98436,50.36952]],[[5.97619,50.36896],[5.97646,50.36924],[5.97532,50.3694],[5.97472,50.36928],[5.97448,50.36896]]]}},{"type":"Feature","properties":{"ele":540},"geometry":{"type":"MultiLineString","coordinates":[[[5.95519,50.44316],[5.95528,50.44286],[5.95519,50.44256]],[[6.05644,50.3982],[6.0563,50.3981],[6.0565,50.39806],[6.05654,50.39814],[6.05644,50.3982]],[[6.05603,50.398],[6.05589,50.39784],[6.05604,50.39774],[6.05618,50.39786],[6.05603,50.398]],[[6.05686,50.39393],[6.0565,50.3936],[6.05578,50.3934],[6.05646,50.39321],[6.05686,50.39285]],[[6.05686,50.39214],[6.0561,50.39241],[6.05569,50.39238],[6.05475,50.39202],[6.05437,50.3917],[6.05371,50.3914],[6.05264,50.39118],[6.05341,50.3906],[6.054,50.3898],[6.05475,50.38944],[6.05584,50.38916],[6.05639,50.3891],[6.05655,50.38923],[6.05642,50.3895],[6.05644,50.38965],[6.05686,50.38977]],[[5.95853,50.37344],[5.95832,50.37334],[5.95853,50.37283],[5.95876,50.37334],[5.95853,50.37344]],[[5.98815,50.36896],[5.98756,50.3691],[5.98657,50.36909],[5.98563,50.36927],[5.98465,50.36916],[5.98436,50.36924],[5.98302,50.36991],[5.98267,50.36988],[5.98214,50.36958],[5.9811,50.36968],[5.98023,50.36961],[5.97984,50.36981],[5.97892,50.37051],[5.97824,50.37082],[5.97799,50.37089],[5.97732,50.37089],[5.97595,50.3698],[5.9769,50.36959],[5.97739,50.36924],[5.9776,50.36896]],[[5.98228,50.37094],[5.98222,50.37088],[5.98237,50.37084],[5.98279,50.37089],[5.98228,50.37094]],[[5.98353,50.37063],[5.98367,50.37062],[5.98353,50.37063]],[[5.98436,50.37067],[5.9841,50.37061],[5.98459,50.37053],[5.9849,50.37062],[5.98476,50.3707],[5.98436,50.37067]],[[5.95913,50.36896],[5.95878,50.36927],[5.95854,50.36979],[5.95764,50.3703],[5.95726,50.37037],[5.95712,50.36952],[5.95755,50.36924],[5.95749,50.36896]]]}}]}