<?xml version="1.0" encoding="UTF-8"?>
<gpx xmlns="http://www.topografix.com/GPX/1/1" creator="RouteYou" version="1.1" xmlns:xsi="http://www.w3.org/2001/XMLSchema-instance" xsi:schemaLocation="http://www.topografix.com/GPX/1/1 http://www.topografix.com/GPX/1/1/gpx.xsd">
  <trk>
    <name>OSO 2023</name>
    <desc></desc>
    <trkseg>
      <trkpt lat="50.58989" lon="5.75061">
        <ele>237</ele>
      </trkpt>
      <trkpt lat="50.58986" lon="5.75012">
        <ele>235</ele>
      </trkpt>
      <trkpt lat="50.58953" lon="5.75021">
        <ele>237</ele>
      </trkpt>
      <trkpt lat="50.58986" lon="5.75012">
        <ele>235</ele>
      </trkpt>
      <trkpt lat="50.58992" lon="5.75114">
        <ele>239</ele>
      </trkpt>
      <trkpt lat="50.58993" lon="5.75182">
        <ele>241</ele>
      </trkpt>
      <trkpt lat="50.5899" lon="5.75203">
        <ele>241</ele>
      </trkpt>
      <trkpt lat="50.58982" lon="5.75224">
        <ele>241</ele>
      </trkpt>
      <trkpt lat="50.5899" lon="5.75203">
        <ele>241</ele>
      </trkpt>
      <trkpt lat="50.58993" lon="5.75182">
        <ele>241</ele>
      </trkpt>
      <trkpt lat="50.58992" lon="5.75114">
        <ele>239</ele>
      </trkpt>
      <trkpt lat="50.58978" lon="5.74914">
        <ele>233</ele>
      </trkpt>
      <trkpt lat="50.58977" lon="5.74857">
        <ele>232</ele>
      </trkpt>
      <trkpt lat="50.58977" lon="5.74806">
        <ele>231</ele>
      </trkpt>
      <trkpt lat="50.58984" lon="5.74735">
        <ele>228</ele>
      </trkpt>
      <trkpt lat="50.59005" lon="5.74661">
        <ele>225</ele>
      </trkpt>
      <trkpt lat="50.59008" lon="5.74655">
        <ele>225</ele>
      </trkpt>
      <trkpt lat="50.59008" lon="5.74644">
        <ele>225</ele>
      </trkpt>
      <trkpt lat="50.59018" lon="5.74597">
        <ele>223</ele>
      </trkpt>
      <trkpt lat="50.59018" lon="5.74573">
        <ele>222</ele>
      </trkpt>
      <trkpt lat="50.58994" lon="5.74414">
        <ele>217</ele>
      </trkpt>
      <trkpt lat="50.58991" lon="5.74405">
        <ele>217</ele>
      </trkpt>
      <trkpt lat="50.58993" lon="5.74399">
        <ele>217</ele>
      </trkpt>
      <trkpt lat="50.58993" lon="5.74392">
        <ele>217</ele>
      </trkpt>
      <trkpt lat="50.5899" lon="5.74373">
        <ele>217</ele>
      </trkpt>
      <trkpt lat="50.58989" lon="5.74341">
        <ele>216</ele>
      </trkpt>
      <trkpt lat="50.59005" lon="5.74269">
        <ele>216</ele>
      </trkpt>
      <trkpt lat="50.59013" lon="5.74264">
        <ele>220</ele>
      </trkpt>
      <trkpt lat="50.59061" lon="5.74155">
        <ele>221</ele>
      </trkpt>
      <trkpt lat="50.59078" lon="5.741">
        <ele>222</ele>
      </trkpt>
      <trkpt lat="50.59122" lon="5.73976">
        <ele>228</ele>
      </trkpt>
      <trkpt lat="50.59137" lon="5.73926">
        <ele>229</ele>
      </trkpt>
      <trkpt lat="50.59132" lon="5.73856">
        <ele>229</ele>
      </trkpt>
      <trkpt lat="50.59138" lon="5.73809">
        <ele>230</ele>
      </trkpt>
      <trkpt lat="50.59169" lon="5.73705">
        <ele>233</ele>
      </trkpt>
      <trkpt lat="50.59197" lon="5.736">
        <ele>237</ele>
      </trkpt>
      <trkpt lat="50.59236" lon="5.73478">
        <ele>236</ele>
      </trkpt>
      <trkpt lat="50.59261" lon="5.73408">
        <ele>234</ele>
      </trkpt>
      <trkpt lat="50.59281" lon="5.73334">
        <ele>231</ele>
      </trkpt>
      <trkpt lat="50.59315" lon="5.73138">
        <ele>224</ele>
      </trkpt>
      <trkpt lat="50.59319" lon="5.73062">
        <ele>221</ele>
      </trkpt>
      <trkpt lat="50.59332" lon="5.72978">
        <ele>219</ele>
      </trkpt>
      <trkpt lat="50.59349" lon="5.72916">
        <ele>216</ele>
      </trkpt>
      <trkpt lat="50.59372" lon="5.72848">
        <ele>215</ele>
      </trkpt>
      <trkpt lat="50.5938" lon="5.72829">
        <ele>213</ele>
      </trkpt>
      <trkpt lat="50.59395" lon="5.72712">
        <ele>211</ele>
      </trkpt>
      <trkpt lat="50.59396" lon="5.72668">
        <ele>210</ele>
      </trkpt>
      <trkpt lat="50.59393" lon="5.72638">
        <ele>209</ele>
      </trkpt>
      <trkpt lat="50.59388" lon="5.72611">
        <ele>209</ele>
      </trkpt>
      <trkpt lat="50.5937" lon="5.72522">
        <ele>208</ele>
      </trkpt>
      <trkpt lat="50.59366" lon="5.72483">
        <ele>207</ele>
      </trkpt>
      <trkpt lat="50.59371" lon="5.72425">
        <ele>205</ele>
      </trkpt>
      <trkpt lat="50.59367" lon="5.72366">
        <ele>205</ele>
      </trkpt>
      <trkpt lat="50.59348" lon="5.72254">
        <ele>200</ele>
      </trkpt>
      <trkpt lat="50.59349" lon="5.72243">
        <ele>200</ele>
      </trkpt>
      <trkpt lat="50.59306" lon="5.72234">
        <ele>199</ele>
      </trkpt>
      <trkpt lat="50.59291" lon="5.72253">
        <ele>199</ele>
      </trkpt>
      <trkpt lat="50.59273" lon="5.72287">
        <ele>200</ele>
      </trkpt>
      <trkpt lat="50.59257" lon="5.72296">
        <ele>199</ele>
      </trkpt>
      <trkpt lat="50.59242" lon="5.72294">
        <ele>198</ele>
      </trkpt>
      <trkpt lat="50.5923" lon="5.72287">
        <ele>198</ele>
      </trkpt>
      <trkpt lat="50.59216" lon="5.72256">
        <ele>196</ele>
      </trkpt>
      <trkpt lat="50.59214" lon="5.72231">
        <ele>195</ele>
      </trkpt>
      <trkpt lat="50.59218" lon="5.72074">
        <ele>188</ele>
      </trkpt>
      <trkpt lat="50.59239" lon="5.72033">
        <ele>187</ele>
      </trkpt>
      <trkpt lat="50.59243" lon="5.72022">
        <ele>187</ele>
      </trkpt>
      <trkpt lat="50.59237" lon="5.72027">
        <ele>187</ele>
      </trkpt>
      <trkpt lat="50.59228" lon="5.72026">
        <ele>187</ele>
      </trkpt>
      <trkpt lat="50.59224" lon="5.72029">
        <ele>187</ele>
      </trkpt>
      <trkpt lat="50.59215" lon="5.72022">
        <ele>187</ele>
      </trkpt>
      <trkpt lat="50.59206" lon="5.72007">
        <ele>184</ele>
      </trkpt>
      <trkpt lat="50.59197" lon="5.72005">
        <ele>185</ele>
      </trkpt>
      <trkpt lat="50.59214" lon="5.7189">
        <ele>177</ele>
      </trkpt>
      <trkpt lat="50.59213" lon="5.71878">
        <ele>177</ele>
      </trkpt>
      <trkpt lat="50.59208" lon="5.7185">
        <ele>177</ele>
      </trkpt>
      <trkpt lat="50.59178" lon="5.71794">
        <ele>176</ele>
      </trkpt>
      <trkpt lat="50.59164" lon="5.71787">
        <ele>182</ele>
      </trkpt>
      <trkpt lat="50.59143" lon="5.7177">
        <ele>182</ele>
      </trkpt>
      <trkpt lat="50.59123" lon="5.71748">
        <ele>178</ele>
      </trkpt>
      <trkpt lat="50.59104" lon="5.71712">
        <ele>178</ele>
      </trkpt>
      <trkpt lat="50.59094" lon="5.71681">
        <ele>178</ele>
      </trkpt>
      <trkpt lat="50.59068" lon="5.71635">
        <ele>181</ele>
      </trkpt>
      <trkpt lat="50.59056" lon="5.716">
        <ele>180</ele>
      </trkpt>
      <trkpt lat="50.5905" lon="5.71573">
        <ele>177</ele>
      </trkpt>
      <trkpt lat="50.59048" lon="5.71536">
        <ele>177</ele>
      </trkpt>
      <trkpt lat="50.59052" lon="5.71509">
        <ele>175</ele>
      </trkpt>
      <trkpt lat="50.5905" lon="5.71504">
        <ele>175</ele>
      </trkpt>
      <trkpt lat="50.59043" lon="5.71469">
        <ele>173</ele>
      </trkpt>
      <trkpt lat="50.59035" lon="5.71446">
        <ele>176</ele>
      </trkpt>
      <trkpt lat="50.59017" lon="5.71374">
        <ele>179</ele>
      </trkpt>
      <trkpt lat="50.59006" lon="5.71341">
        <ele>189</ele>
      </trkpt>
      <trkpt lat="50.59002" lon="5.71301">
        <ele>190</ele>
      </trkpt>
      <trkpt lat="50.58994" lon="5.71289">
        <ele>191</ele>
      </trkpt>
      <trkpt lat="50.58988" lon="5.71257">
        <ele>195</ele>
      </trkpt>
      <trkpt lat="50.5898" lon="5.71248">
        <ele>196</ele>
      </trkpt>
      <trkpt lat="50.58978" lon="5.71241">
        <ele>196</ele>
      </trkpt>
      <trkpt lat="50.58976" lon="5.71228">
        <ele>196</ele>
      </trkpt>
      <trkpt lat="50.58975" lon="5.7121">
        <ele>197</ele>
      </trkpt>
      <trkpt lat="50.5898" lon="5.71198">
        <ele>197</ele>
      </trkpt>
      <trkpt lat="50.58984" lon="5.71193">
        <ele>197</ele>
      </trkpt>
      <trkpt lat="50.58985" lon="5.71147">
        <ele>200</ele>
      </trkpt>
      <trkpt lat="50.58976" lon="5.7113">
        <ele>201</ele>
      </trkpt>
      <trkpt lat="50.58965" lon="5.71117">
        <ele>202</ele>
      </trkpt>
      <trkpt lat="50.58939" lon="5.71095">
        <ele>208</ele>
      </trkpt>
      <trkpt lat="50.58926" lon="5.71052">
        <ele>217</ele>
      </trkpt>
      <trkpt lat="50.58916" lon="5.71047">
        <ele>219</ele>
      </trkpt>
      <trkpt lat="50.58914" lon="5.70957">
        <ele>218</ele>
      </trkpt>
      <trkpt lat="50.58907" lon="5.70877">
        <ele>217</ele>
      </trkpt>
      <trkpt lat="50.58848" lon="5.70766">
        <ele>216</ele>
      </trkpt>
      <trkpt lat="50.58825" lon="5.70747">
        <ele>221</ele>
      </trkpt>
      <trkpt lat="50.58798" lon="5.70718">
        <ele>222</ele>
      </trkpt>
      <trkpt lat="50.58792" lon="5.70715">
        <ele>222</ele>
      </trkpt>
      <trkpt lat="50.58719" lon="5.70677">
        <ele>228</ele>
      </trkpt>
      <trkpt lat="50.58714" lon="5.7067">
        <ele>228</ele>
      </trkpt>
      <trkpt lat="50.58702" lon="5.70663">
        <ele>228</ele>
      </trkpt>
      <trkpt lat="50.58692" lon="5.70653">
        <ele>229</ele>
      </trkpt>
      <trkpt lat="50.58674" lon="5.70631">
        <ele>233</ele>
      </trkpt>
      <trkpt lat="50.5865" lon="5.70612">
        <ele>234</ele>
      </trkpt>
      <trkpt lat="50.58625" lon="5.70603">
        <ele>234</ele>
      </trkpt>
      <trkpt lat="50.5862" lon="5.70586">
        <ele>235</ele>
      </trkpt>
      <trkpt lat="50.58621" lon="5.70559">
        <ele>235</ele>
      </trkpt>
      <trkpt lat="50.58634" lon="5.70534">
        <ele>235</ele>
      </trkpt>
      <trkpt lat="50.58608" lon="5.70518">
        <ele>236</ele>
      </trkpt>
      <trkpt lat="50.58598" lon="5.70516">
        <ele>236</ele>
      </trkpt>
      <trkpt lat="50.58518" lon="5.70535">
        <ele>241</ele>
      </trkpt>
      <trkpt lat="50.58481" lon="5.70528">
        <ele>246</ele>
      </trkpt>
      <trkpt lat="50.58472" lon="5.70519">
        <ele>246</ele>
      </trkpt>
      <trkpt lat="50.58454" lon="5.70501">
        <ele>248</ele>
      </trkpt>
      <trkpt lat="50.58382" lon="5.70326">
        <ele>253</ele>
      </trkpt>
      <trkpt lat="50.58379" lon="5.70266">
        <ele>254</ele>
      </trkpt>
      <trkpt lat="50.5838" lon="5.70245">
        <ele>254</ele>
      </trkpt>
      <trkpt lat="50.58378" lon="5.70222">
        <ele>255</ele>
      </trkpt>
      <trkpt lat="50.5838" lon="5.70187">
        <ele>254</ele>
      </trkpt>
      <trkpt lat="50.5839" lon="5.70142">
        <ele>255</ele>
      </trkpt>
      <trkpt lat="50.58393" lon="5.70143">
        <ele>255</ele>
      </trkpt>
      <trkpt lat="50.58415" lon="5.70131">
        <ele>254</ele>
      </trkpt>
      <trkpt lat="50.58426" lon="5.70117">
        <ele>253</ele>
      </trkpt>
      <trkpt lat="50.58449" lon="5.70077">
        <ele>249</ele>
      </trkpt>
      <trkpt lat="50.58451" lon="5.70065">
        <ele>249</ele>
      </trkpt>
      <trkpt lat="50.5845" lon="5.70048">
        <ele>249</ele>
      </trkpt>
      <trkpt lat="50.58447" lon="5.70036">
        <ele>249</ele>
      </trkpt>
      <trkpt lat="50.58483" lon="5.70012">
        <ele>248</ele>
      </trkpt>
      <trkpt lat="50.58492" lon="5.70016">
        <ele>248</ele>
      </trkpt>
      <trkpt lat="50.58497" lon="5.70014">
        <ele>248</ele>
      </trkpt>
      <trkpt lat="50.58505" lon="5.70006">
        <ele>247</ele>
      </trkpt>
      <trkpt lat="50.58534" lon="5.69965">
        <ele>242</ele>
      </trkpt>
      <trkpt lat="50.58564" lon="5.69933">
        <ele>241</ele>
      </trkpt>
      <trkpt lat="50.58565" lon="5.69915">
        <ele>240</ele>
      </trkpt>
      <trkpt lat="50.58562" lon="5.69906">
        <ele>240</ele>
      </trkpt>
      <trkpt lat="50.58546" lon="5.69871">
        <ele>241</ele>
      </trkpt>
      <trkpt lat="50.58532" lon="5.69833">
        <ele>239</ele>
      </trkpt>
      <trkpt lat="50.58532" lon="5.69823">
        <ele>239</ele>
      </trkpt>
      <trkpt lat="50.58537" lon="5.69812">
        <ele>239</ele>
      </trkpt>
      <trkpt lat="50.58541" lon="5.69807">
        <ele>239</ele>
      </trkpt>
      <trkpt lat="50.58577" lon="5.69763">
        <ele>237</ele>
      </trkpt>
      <trkpt lat="50.58591" lon="5.6975">
        <ele>234</ele>
      </trkpt>
      <trkpt lat="50.58606" lon="5.69739">
        <ele>230</ele>
      </trkpt>
      <trkpt lat="50.58612" lon="5.69727">
        <ele>229</ele>
      </trkpt>
      <trkpt lat="50.58619" lon="5.69689">
        <ele>229</ele>
      </trkpt>
      <trkpt lat="50.58631" lon="5.69656">
        <ele>228</ele>
      </trkpt>
      <trkpt lat="50.58639" lon="5.69643">
        <ele>228</ele>
      </trkpt>
      <trkpt lat="50.58649" lon="5.69634">
        <ele>227</ele>
      </trkpt>
      <trkpt lat="50.5866" lon="5.69634">
        <ele>225</ele>
      </trkpt>
      <trkpt lat="50.58685" lon="5.69645">
        <ele>219</ele>
      </trkpt>
      <trkpt lat="50.58698" lon="5.69646">
        <ele>218</ele>
      </trkpt>
      <trkpt lat="50.58743" lon="5.69608">
        <ele>216</ele>
      </trkpt>
      <trkpt lat="50.58758" lon="5.69585">
        <ele>213</ele>
      </trkpt>
      <trkpt lat="50.58765" lon="5.69562">
        <ele>208</ele>
      </trkpt>
      <trkpt lat="50.58766" lon="5.69544">
        <ele>207</ele>
      </trkpt>
      <trkpt lat="50.58763" lon="5.69526">
        <ele>209</ele>
      </trkpt>
      <trkpt lat="50.58756" lon="5.69504">
        <ele>215</ele>
      </trkpt>
      <trkpt lat="50.58758" lon="5.69489">
        <ele>213</ele>
      </trkpt>
      <trkpt lat="50.58762" lon="5.69483">
        <ele>208</ele>
      </trkpt>
      <trkpt lat="50.58831" lon="5.69419">
        <ele>201</ele>
      </trkpt>
      <trkpt lat="50.58835" lon="5.69397">
        <ele>200</ele>
      </trkpt>
      <trkpt lat="50.58831" lon="5.6936">
        <ele>200</ele>
      </trkpt>
      <trkpt lat="50.5882" lon="5.69272">
        <ele>194</ele>
      </trkpt>
      <trkpt lat="50.58809" lon="5.69212">
        <ele>187</ele>
      </trkpt>
      <trkpt lat="50.58801" lon="5.69181">
        <ele>185</ele>
      </trkpt>
      <trkpt lat="50.58789" lon="5.69079">
        <ele>170</ele>
      </trkpt>
      <trkpt lat="50.5879" lon="5.68987">
        <ele>162</ele>
      </trkpt>
      <trkpt lat="50.58787" lon="5.68942">
        <ele>162</ele>
      </trkpt>
      <trkpt lat="50.58782" lon="5.68914">
        <ele>158</ele>
      </trkpt>
      <trkpt lat="50.58767" lon="5.68864">
        <ele>162</ele>
      </trkpt>
      <trkpt lat="50.58755" lon="5.68777">
        <ele>177</ele>
      </trkpt>
      <trkpt lat="50.5874" lon="5.6868">
        <ele>173</ele>
      </trkpt>
      <trkpt lat="50.58723" lon="5.68607">
        <ele>169</ele>
      </trkpt>
      <trkpt lat="50.58703" lon="5.68502">
        <ele>160</ele>
      </trkpt>
      <trkpt lat="50.58702" lon="5.68443">
        <ele>158</ele>
      </trkpt>
      <trkpt lat="50.58699" lon="5.68392">
        <ele>153</ele>
      </trkpt>
      <trkpt lat="50.58709" lon="5.68336">
        <ele>146</ele>
      </trkpt>
      <trkpt lat="50.58679" lon="5.68307">
        <ele>153</ele>
      </trkpt>
      <trkpt lat="50.58661" lon="5.68255">
        <ele>167</ele>
      </trkpt>
      <trkpt lat="50.58646" lon="5.68232">
        <ele>171</ele>
      </trkpt>
      <trkpt lat="50.5863" lon="5.68267">
        <ele>177</ele>
      </trkpt>
      <trkpt lat="50.58617" lon="5.68284">
        <ele>180</ele>
      </trkpt>
      <trkpt lat="50.58594" lon="5.68349">
        <ele>189</ele>
      </trkpt>
      <trkpt lat="50.58584" lon="5.684">
        <ele>202</ele>
      </trkpt>
      <trkpt lat="50.58578" lon="5.68423">
        <ele>204</ele>
      </trkpt>
      <trkpt lat="50.58558" lon="5.68446">
        <ele>209</ele>
      </trkpt>
      <trkpt lat="50.58551" lon="5.68455">
        <ele>210</ele>
      </trkpt>
      <trkpt lat="50.58548" lon="5.68435">
        <ele>208</ele>
      </trkpt>
      <trkpt lat="50.58536" lon="5.68418">
        <ele>205</ele>
      </trkpt>
      <trkpt lat="50.58521" lon="5.68393">
        <ele>205</ele>
      </trkpt>
      <trkpt lat="50.58508" lon="5.68357">
        <ele>209</ele>
      </trkpt>
      <trkpt lat="50.58485" lon="5.68276">
        <ele>201</ele>
      </trkpt>
      <trkpt lat="50.5847" lon="5.68199">
        <ele>193</ele>
      </trkpt>
      <trkpt lat="50.58465" lon="5.68101">
        <ele>182</ele>
      </trkpt>
      <trkpt lat="50.58454" lon="5.68017">
        <ele>172</ele>
      </trkpt>
      <trkpt lat="50.58433" lon="5.67946">
        <ele>162</ele>
      </trkpt>
      <trkpt lat="50.5842" lon="5.67895">
        <ele>147</ele>
      </trkpt>
      <trkpt lat="50.58413" lon="5.67887">
        <ele>146</ele>
      </trkpt>
      <trkpt lat="50.5834" lon="5.67915">
        <ele>144</ele>
      </trkpt>
      <trkpt lat="50.58335" lon="5.67927">
        <ele>146</ele>
      </trkpt>
      <trkpt lat="50.58297" lon="5.67957">
        <ele>157</ele>
      </trkpt>
      <trkpt lat="50.58273" lon="5.67961">
        <ele>156</ele>
      </trkpt>
      <trkpt lat="50.58241" lon="5.67958">
        <ele>153</ele>
      </trkpt>
      <trkpt lat="50.58202" lon="5.68024">
        <ele>164</ele>
      </trkpt>
      <trkpt lat="50.5819" lon="5.68029">
        <ele>164</ele>
      </trkpt>
      <trkpt lat="50.58161" lon="5.68053">
        <ele>162</ele>
      </trkpt>
      <trkpt lat="50.5809" lon="5.68083">
        <ele>169</ele>
      </trkpt>
      <trkpt lat="50.58092" lon="5.67892">
        <ele>149</ele>
      </trkpt>
      <trkpt lat="50.58095" lon="5.67866">
        <ele>142</ele>
      </trkpt>
      <trkpt lat="50.58103" lon="5.67823">
        <ele>135</ele>
      </trkpt>
      <trkpt lat="50.58045" lon="5.67786">
        <ele>143</ele>
      </trkpt>
      <trkpt lat="50.58032" lon="5.67774">
        <ele>143</ele>
      </trkpt>
      <trkpt lat="50.57979" lon="5.67708">
        <ele>143</ele>
      </trkpt>
      <trkpt lat="50.57982" lon="5.67695">
        <ele>142</ele>
      </trkpt>
      <trkpt lat="50.57989" lon="5.67684">
        <ele>140</ele>
      </trkpt>
      <trkpt lat="50.58016" lon="5.67684">
        <ele>135</ele>
      </trkpt>
      <trkpt lat="50.58018" lon="5.67681">
        <ele>133</ele>
      </trkpt>
      <trkpt lat="50.58017" lon="5.6767">
        <ele>128</ele>
      </trkpt>
      <trkpt lat="50.58007" lon="5.67642">
        <ele>130</ele>
      </trkpt>
      <trkpt lat="50.57991" lon="5.67612">
        <ele>128</ele>
      </trkpt>
      <trkpt lat="50.57973" lon="5.67589">
        <ele>120</ele>
      </trkpt>
      <trkpt lat="50.57968" lon="5.67587">
        <ele>120</ele>
      </trkpt>
      <trkpt lat="50.57964" lon="5.67584">
        <ele>120</ele>
      </trkpt>
      <trkpt lat="50.5795" lon="5.67578">
        <ele>119</ele>
      </trkpt>
      <trkpt lat="50.5793" lon="5.67582">
        <ele>119</ele>
      </trkpt>
      <trkpt lat="50.57862" lon="5.67628">
        <ele>122</ele>
      </trkpt>
      <trkpt lat="50.57818" lon="5.67671">
        <ele>112</ele>
      </trkpt>
      <trkpt lat="50.57805" lon="5.67679">
        <ele>117</ele>
      </trkpt>
      <trkpt lat="50.57783" lon="5.67697">
        <ele>117</ele>
      </trkpt>
      <trkpt lat="50.57775" lon="5.67699">
        <ele>116</ele>
      </trkpt>
      <trkpt lat="50.57715" lon="5.67974">
        <ele>113</ele>
      </trkpt>
      <trkpt lat="50.57731" lon="5.67984">
        <ele>118</ele>
      </trkpt>
      <trkpt lat="50.57726" lon="5.68042">
        <ele>121</ele>
      </trkpt>
      <trkpt lat="50.57717" lon="5.68113">
        <ele>125</ele>
      </trkpt>
      <trkpt lat="50.57714" lon="5.68201">
        <ele>125</ele>
      </trkpt>
      <trkpt lat="50.57713" lon="5.6824">
        <ele>125</ele>
      </trkpt>
      <trkpt lat="50.57715" lon="5.68284">
        <ele>125</ele>
      </trkpt>
      <trkpt lat="50.57717" lon="5.68378">
        <ele>119</ele>
      </trkpt>
      <trkpt lat="50.57718" lon="5.68388">
        <ele>118</ele>
      </trkpt>
      <trkpt lat="50.57726" lon="5.68411">
        <ele>121</ele>
      </trkpt>
      <trkpt lat="50.57743" lon="5.6844">
        <ele>122</ele>
      </trkpt>
      <trkpt lat="50.57758" lon="5.68454">
        <ele>126</ele>
      </trkpt>
      <trkpt lat="50.57801" lon="5.68488">
        <ele>149</ele>
      </trkpt>
      <trkpt lat="50.57826" lon="5.68504">
        <ele>155</ele>
      </trkpt>
      <trkpt lat="50.57835" lon="5.68524">
        <ele>159</ele>
      </trkpt>
      <trkpt lat="50.57834" lon="5.68561">
        <ele>160</ele>
      </trkpt>
      <trkpt lat="50.57827" lon="5.6859">
        <ele>161</ele>
      </trkpt>
      <trkpt lat="50.57822" lon="5.68622">
        <ele>167</ele>
      </trkpt>
      <trkpt lat="50.57785" lon="5.68679">
        <ele>173</ele>
      </trkpt>
      <trkpt lat="50.57779" lon="5.68705">
        <ele>175</ele>
      </trkpt>
      <trkpt lat="50.57772" lon="5.68766">
        <ele>184</ele>
      </trkpt>
      <trkpt lat="50.57755" lon="5.68865">
        <ele>183</ele>
      </trkpt>
      <trkpt lat="50.5775" lon="5.68869">
        <ele>183</ele>
      </trkpt>
      <trkpt lat="50.57738" lon="5.68899">
        <ele>184</ele>
      </trkpt>
      <trkpt lat="50.5773" lon="5.68912">
        <ele>185</ele>
      </trkpt>
      <trkpt lat="50.57723" lon="5.68917">
        <ele>185</ele>
      </trkpt>
      <trkpt lat="50.57708" lon="5.68921">
        <ele>185</ele>
      </trkpt>
      <trkpt lat="50.5768" lon="5.68952">
        <ele>194</ele>
      </trkpt>
      <trkpt lat="50.57678" lon="5.68965">
        <ele>193</ele>
      </trkpt>
      <trkpt lat="50.57676" lon="5.68995">
        <ele>186</ele>
      </trkpt>
      <trkpt lat="50.57659" lon="5.69047">
        <ele>197</ele>
      </trkpt>
      <trkpt lat="50.57652" lon="5.69051">
        <ele>196</ele>
      </trkpt>
      <trkpt lat="50.57638" lon="5.69053">
        <ele>196</ele>
      </trkpt>
      <trkpt lat="50.57621" lon="5.69049">
        <ele>194</ele>
      </trkpt>
      <trkpt lat="50.57611" lon="5.69053">
        <ele>193</ele>
      </trkpt>
      <trkpt lat="50.57606" lon="5.69058">
        <ele>192</ele>
      </trkpt>
      <trkpt lat="50.57604" lon="5.69068">
        <ele>194</ele>
      </trkpt>
      <trkpt lat="50.57613" lon="5.69101">
        <ele>203</ele>
      </trkpt>
      <trkpt lat="50.57634" lon="5.69151">
        <ele>209</ele>
      </trkpt>
      <trkpt lat="50.57666" lon="5.69182">
        <ele>215</ele>
      </trkpt>
      <trkpt lat="50.57676" lon="5.69197">
        <ele>217</ele>
      </trkpt>
      <trkpt lat="50.57677" lon="5.69213">
        <ele>219</ele>
      </trkpt>
      <trkpt lat="50.57676" lon="5.69223">
        <ele>217</ele>
      </trkpt>
      <trkpt lat="50.57668" lon="5.69237">
        <ele>217</ele>
      </trkpt>
      <trkpt lat="50.5764" lon="5.69212">
        <ele>214</ele>
      </trkpt>
      <trkpt lat="50.57621" lon="5.69178">
        <ele>207</ele>
      </trkpt>
      <trkpt lat="50.57588" lon="5.69212">
        <ele>206</ele>
      </trkpt>
      <trkpt lat="50.57504" lon="5.69151">
        <ele>185</ele>
      </trkpt>
      <trkpt lat="50.57458" lon="5.69141">
        <ele>184</ele>
      </trkpt>
      <trkpt lat="50.57443" lon="5.69128">
        <ele>181</ele>
      </trkpt>
      <trkpt lat="50.5743" lon="5.69131">
        <ele>180</ele>
      </trkpt>
      <trkpt lat="50.57421" lon="5.6917">
        <ele>178</ele>
      </trkpt>
      <trkpt lat="50.574" lon="5.69207">
        <ele>191</ele>
      </trkpt>
      <trkpt lat="50.5737" lon="5.69237">
        <ele>191</ele>
      </trkpt>
      <trkpt lat="50.57346" lon="5.69253">
        <ele>189</ele>
      </trkpt>
      <trkpt lat="50.57329" lon="5.69269">
        <ele>180</ele>
      </trkpt>
      <trkpt lat="50.57324" lon="5.69284">
        <ele>180</ele>
      </trkpt>
      <trkpt lat="50.57333" lon="5.69333">
        <ele>182</ele>
      </trkpt>
      <trkpt lat="50.57344" lon="5.69379">
        <ele>196</ele>
      </trkpt>
      <trkpt lat="50.57353" lon="5.69407">
        <ele>197</ele>
      </trkpt>
      <trkpt lat="50.57358" lon="5.69436">
        <ele>194</ele>
      </trkpt>
      <trkpt lat="50.57369" lon="5.69464">
        <ele>196</ele>
      </trkpt>
      <trkpt lat="50.57372" lon="5.69495">
        <ele>195</ele>
      </trkpt>
      <trkpt lat="50.57388" lon="5.6956">
        <ele>195</ele>
      </trkpt>
      <trkpt lat="50.57377" lon="5.6962">
        <ele>189</ele>
      </trkpt>
      <trkpt lat="50.5736" lon="5.69675">
        <ele>184</ele>
      </trkpt>
      <trkpt lat="50.57356" lon="5.69698">
        <ele>181</ele>
      </trkpt>
      <trkpt lat="50.5736" lon="5.69719">
        <ele>182</ele>
      </trkpt>
      <trkpt lat="50.57371" lon="5.69736">
        <ele>184</ele>
      </trkpt>
      <trkpt lat="50.57375" lon="5.69759">
        <ele>183</ele>
      </trkpt>
      <trkpt lat="50.57374" lon="5.69783">
        <ele>181</ele>
      </trkpt>
      <trkpt lat="50.57362" lon="5.69839">
        <ele>179</ele>
      </trkpt>
      <trkpt lat="50.57371" lon="5.69904">
        <ele>181</ele>
      </trkpt>
      <trkpt lat="50.57373" lon="5.69936">
        <ele>181</ele>
      </trkpt>
      <trkpt lat="50.57367" lon="5.69952">
        <ele>181</ele>
      </trkpt>
      <trkpt lat="50.5736" lon="5.69956">
        <ele>180</ele>
      </trkpt>
      <trkpt lat="50.57347" lon="5.6995">
        <ele>176</ele>
      </trkpt>
      <trkpt lat="50.57335" lon="5.69932">
        <ele>164</ele>
      </trkpt>
      <trkpt lat="50.57323" lon="5.69921">
        <ele>160</ele>
      </trkpt>
      <trkpt lat="50.57317" lon="5.69898">
        <ele>158</ele>
      </trkpt>
      <trkpt lat="50.57309" lon="5.69955">
        <ele>162</ele>
      </trkpt>
      <trkpt lat="50.57302" lon="5.70024">
        <ele>167</ele>
      </trkpt>
      <trkpt lat="50.57303" lon="5.70059">
        <ele>164</ele>
      </trkpt>
      <trkpt lat="50.57318" lon="5.70159">
        <ele>172</ele>
      </trkpt>
      <trkpt lat="50.57322" lon="5.70194">
        <ele>174</ele>
      </trkpt>
      <trkpt lat="50.57329" lon="5.70232">
        <ele>174</ele>
      </trkpt>
      <trkpt lat="50.57343" lon="5.7028">
        <ele>178</ele>
      </trkpt>
      <trkpt lat="50.57351" lon="5.7032">
        <ele>178</ele>
      </trkpt>
      <trkpt lat="50.57352" lon="5.70339">
        <ele>178</ele>
      </trkpt>
      <trkpt lat="50.5735" lon="5.70357">
        <ele>177</ele>
      </trkpt>
      <trkpt lat="50.57338" lon="5.70398">
        <ele>173</ele>
      </trkpt>
      <trkpt lat="50.57335" lon="5.70431">
        <ele>172</ele>
      </trkpt>
      <trkpt lat="50.57328" lon="5.70469">
        <ele>172</ele>
      </trkpt>
      <trkpt lat="50.57317" lon="5.70486">
        <ele>172</ele>
      </trkpt>
      <trkpt lat="50.57277" lon="5.70519">
        <ele>174</ele>
      </trkpt>
      <trkpt lat="50.57201" lon="5.70595">
        <ele>182</ele>
      </trkpt>
      <trkpt lat="50.57178" lon="5.70582">
        <ele>183</ele>
      </trkpt>
      <trkpt lat="50.57181" lon="5.7058">
        <ele>183</ele>
      </trkpt>
      <trkpt lat="50.57147" lon="5.70534">
        <ele>189</ele>
      </trkpt>
      <trkpt lat="50.57122" lon="5.7052">
        <ele>189</ele>
      </trkpt>
      <trkpt lat="50.5708" lon="5.7058">
        <ele>194</ele>
      </trkpt>
      <trkpt lat="50.57038" lon="5.7063">
        <ele>200</ele>
      </trkpt>
      <trkpt lat="50.56989" lon="5.7067">
        <ele>205</ele>
      </trkpt>
      <trkpt lat="50.56978" lon="5.70675">
        <ele>205</ele>
      </trkpt>
      <trkpt lat="50.56948" lon="5.70677">
        <ele>205</ele>
      </trkpt>
      <trkpt lat="50.569" lon="5.70689">
        <ele>209</ele>
      </trkpt>
      <trkpt lat="50.56897" lon="5.70699">
        <ele>209</ele>
      </trkpt>
      <trkpt lat="50.56895" lon="5.70755">
        <ele>212</ele>
      </trkpt>
      <trkpt lat="50.56895" lon="5.70794">
        <ele>216</ele>
      </trkpt>
      <trkpt lat="50.56897" lon="5.70828">
        <ele>216</ele>
      </trkpt>
      <trkpt lat="50.56932" lon="5.71027">
        <ele>224</ele>
      </trkpt>
      <trkpt lat="50.56971" lon="5.71219">
        <ele>227</ele>
      </trkpt>
      <trkpt lat="50.56977" lon="5.71259">
        <ele>224</ele>
      </trkpt>
      <trkpt lat="50.57005" lon="5.71356">
        <ele>223</ele>
      </trkpt>
      <trkpt lat="50.57023" lon="5.71407">
        <ele>230</ele>
      </trkpt>
      <trkpt lat="50.57053" lon="5.71462">
        <ele>234</ele>
      </trkpt>
      <trkpt lat="50.57083" lon="5.71535">
        <ele>232</ele>
      </trkpt>
      <trkpt lat="50.5715" lon="5.71647">
        <ele>240</ele>
      </trkpt>
      <trkpt lat="50.57123" lon="5.71663">
        <ele>239</ele>
      </trkpt>
      <trkpt lat="50.57116" lon="5.71676">
        <ele>239</ele>
      </trkpt>
      <trkpt lat="50.57105" lon="5.71765">
        <ele>238</ele>
      </trkpt>
      <trkpt lat="50.57104" lon="5.71831">
        <ele>237</ele>
      </trkpt>
      <trkpt lat="50.57102" lon="5.71891">
        <ele>237</ele>
      </trkpt>
      <trkpt lat="50.57099" lon="5.71941">
        <ele>234</ele>
      </trkpt>
      <trkpt lat="50.57083" lon="5.72098">
        <ele>210</ele>
      </trkpt>
      <trkpt lat="50.57081" lon="5.72165">
        <ele>208</ele>
      </trkpt>
      <trkpt lat="50.57077" lon="5.72193">
        <ele>205</ele>
      </trkpt>
      <trkpt lat="50.57064" lon="5.72234">
        <ele>202</ele>
      </trkpt>
      <trkpt lat="50.57064" lon="5.72247">
        <ele>201</ele>
      </trkpt>
      <trkpt lat="50.57092" lon="5.7229">
        <ele>204</ele>
      </trkpt>
      <trkpt lat="50.57107" lon="5.72306">
        <ele>217</ele>
      </trkpt>
      <trkpt lat="50.57118" lon="5.7234">
        <ele>217</ele>
      </trkpt>
      <trkpt lat="50.57128" lon="5.72385">
        <ele>216</ele>
      </trkpt>
      <trkpt lat="50.57133" lon="5.72417">
        <ele>214</ele>
      </trkpt>
      <trkpt lat="50.57136" lon="5.72526">
        <ele>213</ele>
      </trkpt>
      <trkpt lat="50.57132" lon="5.72557">
        <ele>214</ele>
      </trkpt>
      <trkpt lat="50.57101" lon="5.72666">
        <ele>213</ele>
      </trkpt>
      <trkpt lat="50.57096" lon="5.72679">
        <ele>207</ele>
      </trkpt>
      <trkpt lat="50.57091" lon="5.72686">
        <ele>202</ele>
      </trkpt>
      <trkpt lat="50.5708" lon="5.72686">
        <ele>201</ele>
      </trkpt>
      <trkpt lat="50.57076" lon="5.72689">
        <ele>201</ele>
      </trkpt>
      <trkpt lat="50.57073" lon="5.72698">
        <ele>201</ele>
      </trkpt>
      <trkpt lat="50.57071" lon="5.7271">
        <ele>200</ele>
      </trkpt>
      <trkpt lat="50.57042" lon="5.72672">
        <ele>197</ele>
      </trkpt>
      <trkpt lat="50.57037" lon="5.72667">
        <ele>197</ele>
      </trkpt>
      <trkpt lat="50.5703" lon="5.72663">
        <ele>196</ele>
      </trkpt>
      <trkpt lat="50.57025" lon="5.72657">
        <ele>195</ele>
      </trkpt>
      <trkpt lat="50.57022" lon="5.72648">
        <ele>195</ele>
      </trkpt>
      <trkpt lat="50.57019" lon="5.72638">
        <ele>194</ele>
      </trkpt>
      <trkpt lat="50.57015" lon="5.72629">
        <ele>194</ele>
      </trkpt>
      <trkpt lat="50.57012" lon="5.72621">
        <ele>187</ele>
      </trkpt>
      <trkpt lat="50.57008" lon="5.72612">
        <ele>180</ele>
      </trkpt>
      <trkpt lat="50.57007" lon="5.72602">
        <ele>178</ele>
      </trkpt>
      <trkpt lat="50.57003" lon="5.72591">
        <ele>175</ele>
      </trkpt>
      <trkpt lat="50.57" lon="5.7258">
        <ele>174</ele>
      </trkpt>
      <trkpt lat="50.56995" lon="5.72574">
        <ele>174</ele>
      </trkpt>
      <trkpt lat="50.56989" lon="5.72568">
        <ele>173</ele>
      </trkpt>
      <trkpt lat="50.56985" lon="5.72559">
        <ele>171</ele>
      </trkpt>
      <trkpt lat="50.56981" lon="5.72551">
        <ele>171</ele>
      </trkpt>
      <trkpt lat="50.56975" lon="5.72542">
        <ele>170</ele>
      </trkpt>
      <trkpt lat="50.56971" lon="5.72536">
        <ele>169</ele>
      </trkpt>
      <trkpt lat="50.56967" lon="5.72529">
        <ele>168</ele>
      </trkpt>
      <trkpt lat="50.56964" lon="5.72519">
        <ele>165</ele>
      </trkpt>
      <trkpt lat="50.5696" lon="5.72512">
        <ele>164</ele>
      </trkpt>
      <trkpt lat="50.56956" lon="5.725">
        <ele>163</ele>
      </trkpt>
      <trkpt lat="50.56954" lon="5.72487">
        <ele>162</ele>
      </trkpt>
      <trkpt lat="50.5695" lon="5.72481">
        <ele>162</ele>
      </trkpt>
      <trkpt lat="50.56949" lon="5.7247">
        <ele>162</ele>
      </trkpt>
      <trkpt lat="50.56946" lon="5.72459">
        <ele>161</ele>
      </trkpt>
      <trkpt lat="50.5693" lon="5.72466">
        <ele>159</ele>
      </trkpt>
      <trkpt lat="50.56928" lon="5.72446">
        <ele>155</ele>
      </trkpt>
      <trkpt lat="50.5691" lon="5.7243">
        <ele>141</ele>
      </trkpt>
      <trkpt lat="50.56901" lon="5.72419">
        <ele>138</ele>
      </trkpt>
      <trkpt lat="50.56879" lon="5.72361">
        <ele>134</ele>
      </trkpt>
      <trkpt lat="50.56868" lon="5.72357">
        <ele>133</ele>
      </trkpt>
      <trkpt lat="50.56855" lon="5.72358">
        <ele>132</ele>
      </trkpt>
      <trkpt lat="50.56843" lon="5.72361">
        <ele>129</ele>
      </trkpt>
      <trkpt lat="50.56818" lon="5.72371">
        <ele>119</ele>
      </trkpt>
      <trkpt lat="50.56813" lon="5.7237">
        <ele>118</ele>
      </trkpt>
      <trkpt lat="50.56807" lon="5.72365">
        <ele>118</ele>
      </trkpt>
      <trkpt lat="50.56793" lon="5.7235">
        <ele>116</ele>
      </trkpt>
      <trkpt lat="50.56794" lon="5.72319">
        <ele>109</ele>
      </trkpt>
      <trkpt lat="50.56789" lon="5.72282">
        <ele>108</ele>
      </trkpt>
      <trkpt lat="50.56773" lon="5.72242">
        <ele>104</ele>
      </trkpt>
      <trkpt lat="50.56745" lon="5.72201">
        <ele>100</ele>
      </trkpt>
      <trkpt lat="50.56721" lon="5.72167">
        <ele>100</ele>
      </trkpt>
      <trkpt lat="50.56717" lon="5.72162">
        <ele>100</ele>
      </trkpt>
      <trkpt lat="50.56703" lon="5.72186">
        <ele>100</ele>
      </trkpt>
      <trkpt lat="50.56688" lon="5.72219">
        <ele>101</ele>
      </trkpt>
      <trkpt lat="50.56669" lon="5.72249">
        <ele>104</ele>
      </trkpt>
      <trkpt lat="50.56654" lon="5.72266">
        <ele>104</ele>
      </trkpt>
      <trkpt lat="50.56627" lon="5.72311">
        <ele>104</ele>
      </trkpt>
      <trkpt lat="50.56591" lon="5.72378">
        <ele>105</ele>
      </trkpt>
      <trkpt lat="50.56581" lon="5.72384">
        <ele>105</ele>
      </trkpt>
      <trkpt lat="50.56574" lon="5.72382">
        <ele>105</ele>
      </trkpt>
      <trkpt lat="50.56563" lon="5.72384">
        <ele>106</ele>
      </trkpt>
      <trkpt lat="50.56563" lon="5.72367">
        <ele>106</ele>
      </trkpt>
      <trkpt lat="50.56557" lon="5.72348">
        <ele>107</ele>
      </trkpt>
      <trkpt lat="50.56551" lon="5.72336">
        <ele>109</ele>
      </trkpt>
      <trkpt lat="50.56549" lon="5.72328">
        <ele>109</ele>
      </trkpt>
      <trkpt lat="50.56556" lon="5.72331">
        <ele>109</ele>
      </trkpt>
      <trkpt lat="50.56521" lon="5.72349">
        <ele>107</ele>
      </trkpt>
      <trkpt lat="50.56519" lon="5.7236">
        <ele>107</ele>
      </trkpt>
      <trkpt lat="50.56516" lon="5.72373">
        <ele>106</ele>
      </trkpt>
      <trkpt lat="50.56514" lon="5.72385">
        <ele>106</ele>
      </trkpt>
      <trkpt lat="50.56514" lon="5.72391">
        <ele>107</ele>
      </trkpt>
      <trkpt lat="50.56501" lon="5.72387">
        <ele>110</ele>
      </trkpt>
      <trkpt lat="50.56493" lon="5.72372">
        <ele>110</ele>
      </trkpt>
      <trkpt lat="50.56489" lon="5.72374">
        <ele>110</ele>
      </trkpt>
      <trkpt lat="50.56483" lon="5.72367">
        <ele>110</ele>
      </trkpt>
      <trkpt lat="50.56477" lon="5.72379">
        <ele>110</ele>
      </trkpt>
      <trkpt lat="50.56473" lon="5.72391">
        <ele>110</ele>
      </trkpt>
      <trkpt lat="50.56465" lon="5.72395">
        <ele>110</ele>
      </trkpt>
      <trkpt lat="50.56438" lon="5.72378">
        <ele>113</ele>
      </trkpt>
      <trkpt lat="50.56423" lon="5.72364">
        <ele>119</ele>
      </trkpt>
      <trkpt lat="50.56381" lon="5.72355">
        <ele>122</ele>
      </trkpt>
      <trkpt lat="50.5638" lon="5.7237">
        <ele>121</ele>
      </trkpt>
      <trkpt lat="50.56352" lon="5.72375">
        <ele>125</ele>
      </trkpt>
      <trkpt lat="50.56326" lon="5.72367">
        <ele>137</ele>
      </trkpt>
      <trkpt lat="50.56313" lon="5.72361">
        <ele>139</ele>
      </trkpt>
      <trkpt lat="50.56285" lon="5.72349">
        <ele>144</ele>
      </trkpt>
      <trkpt lat="50.56254" lon="5.72341">
        <ele>160</ele>
      </trkpt>
      <trkpt lat="50.56228" lon="5.72326">
        <ele>164</ele>
      </trkpt>
      <trkpt lat="50.56209" lon="5.72326">
        <ele>167</ele>
      </trkpt>
      <trkpt lat="50.56132" lon="5.72289">
        <ele>190</ele>
      </trkpt>
      <trkpt lat="50.56109" lon="5.7228">
        <ele>192</ele>
      </trkpt>
      <trkpt lat="50.56092" lon="5.72284">
        <ele>204</ele>
      </trkpt>
      <trkpt lat="50.56071" lon="5.72286">
        <ele>207</ele>
      </trkpt>
      <trkpt lat="50.56047" lon="5.72284">
        <ele>209</ele>
      </trkpt>
      <trkpt lat="50.56013" lon="5.72294">
        <ele>212</ele>
      </trkpt>
      <trkpt lat="50.55991" lon="5.72304">
        <ele>221</ele>
      </trkpt>
      <trkpt lat="50.55946" lon="5.72332">
        <ele>223</ele>
      </trkpt>
      <trkpt lat="50.55883" lon="5.72154">
        <ele>212</ele>
      </trkpt>
      <trkpt lat="50.55821" lon="5.71989">
        <ele>200</ele>
      </trkpt>
      <trkpt lat="50.5578" lon="5.71926">
        <ele>188</ele>
      </trkpt>
      <trkpt lat="50.55738" lon="5.71895">
        <ele>190</ele>
      </trkpt>
      <trkpt lat="50.55686" lon="5.71881">
        <ele>189</ele>
      </trkpt>
      <trkpt lat="50.55651" lon="5.7191">
        <ele>191</ele>
      </trkpt>
      <trkpt lat="50.55619" lon="5.71926">
        <ele>193</ele>
      </trkpt>
      <trkpt lat="50.55591" lon="5.71922">
        <ele>191</ele>
      </trkpt>
      <trkpt lat="50.55529" lon="5.71925">
        <ele>191</ele>
      </trkpt>
      <trkpt lat="50.5545" lon="5.71907">
        <ele>188</ele>
      </trkpt>
      <trkpt lat="50.55436" lon="5.71901">
        <ele>188</ele>
      </trkpt>
      <trkpt lat="50.5543" lon="5.71902">
        <ele>188</ele>
      </trkpt>
      <trkpt lat="50.55406" lon="5.71995">
        <ele>193</ele>
      </trkpt>
      <trkpt lat="50.55392" lon="5.72057">
        <ele>199</ele>
      </trkpt>
      <trkpt lat="50.55372" lon="5.72116">
        <ele>208</ele>
      </trkpt>
      <trkpt lat="50.55352" lon="5.72153">
        <ele>209</ele>
      </trkpt>
      <trkpt lat="50.55347" lon="5.72158">
        <ele>208</ele>
      </trkpt>
      <trkpt lat="50.55329" lon="5.72178">
        <ele>207</ele>
      </trkpt>
      <trkpt lat="50.55273" lon="5.72224">
        <ele>210</ele>
      </trkpt>
      <trkpt lat="50.55203" lon="5.72288">
        <ele>213</ele>
      </trkpt>
      <trkpt lat="50.55149" lon="5.72369">
        <ele>223</ele>
      </trkpt>
      <trkpt lat="50.55132" lon="5.72413">
        <ele>223</ele>
      </trkpt>
      <trkpt lat="50.55128" lon="5.72461">
        <ele>221</ele>
      </trkpt>
      <trkpt lat="50.55105" lon="5.72543">
        <ele>229</ele>
      </trkpt>
      <trkpt lat="50.55079" lon="5.72644">
        <ele>242</ele>
      </trkpt>
      <trkpt lat="50.55047" lon="5.72759">
        <ele>248</ele>
      </trkpt>
      <trkpt lat="50.5502" lon="5.72837">
        <ele>252</ele>
      </trkpt>
      <trkpt lat="50.54995" lon="5.72919">
        <ele>263</ele>
      </trkpt>
      <trkpt lat="50.54971" lon="5.72948">
        <ele>264</ele>
      </trkpt>
      <trkpt lat="50.54963" lon="5.72952">
        <ele>264</ele>
      </trkpt>
      <trkpt lat="50.54933" lon="5.72967">
        <ele>266</ele>
      </trkpt>
      <trkpt lat="50.54911" lon="5.72997">
        <ele>271</ele>
      </trkpt>
      <trkpt lat="50.54871" lon="5.73063">
        <ele>270</ele>
      </trkpt>
      <trkpt lat="50.54829" lon="5.73163">
        <ele>274</ele>
      </trkpt>
      <trkpt lat="50.54799" lon="5.73256">
        <ele>275</ele>
      </trkpt>
      <trkpt lat="50.54768" lon="5.73297">
        <ele>276</ele>
      </trkpt>
      <trkpt lat="50.54738" lon="5.73321">
        <ele>280</ele>
      </trkpt>
      <trkpt lat="50.5466" lon="5.73408">
        <ele>280</ele>
      </trkpt>
      <trkpt lat="50.54611" lon="5.73438">
        <ele>280</ele>
      </trkpt>
      <trkpt lat="50.5459" lon="5.73459">
        <ele>277</ele>
      </trkpt>
      <trkpt lat="50.54574" lon="5.73501">
        <ele>276</ele>
      </trkpt>
      <trkpt lat="50.54568" lon="5.73512">
        <ele>276</ele>
      </trkpt>
      <trkpt lat="50.54553" lon="5.73518">
        <ele>278</ele>
      </trkpt>
      <trkpt lat="50.54539" lon="5.73509">
        <ele>275</ele>
      </trkpt>
      <trkpt lat="50.54509" lon="5.73485">
        <ele>272</ele>
      </trkpt>
      <trkpt lat="50.54515" lon="5.73526">
        <ele>277</ele>
      </trkpt>
      <trkpt lat="50.54516" lon="5.73592">
        <ele>278</ele>
      </trkpt>
      <trkpt lat="50.54519" lon="5.73626">
        <ele>281</ele>
      </trkpt>
      <trkpt lat="50.54519" lon="5.73664">
        <ele>281</ele>
      </trkpt>
      <trkpt lat="50.54513" lon="5.73702">
        <ele>283</ele>
      </trkpt>
      <trkpt lat="50.54483" lon="5.73836">
        <ele>289</ele>
      </trkpt>
      <trkpt lat="50.54481" lon="5.73852">
        <ele>290</ele>
      </trkpt>
      <trkpt lat="50.54483" lon="5.73864">
        <ele>290</ele>
      </trkpt>
      <trkpt lat="50.54501" lon="5.73915">
        <ele>291</ele>
      </trkpt>
      <trkpt lat="50.54501" lon="5.73927">
        <ele>292</ele>
      </trkpt>
      <trkpt lat="50.54497" lon="5.73934">
        <ele>293</ele>
      </trkpt>
      <trkpt lat="50.54469" lon="5.7398">
        <ele>293</ele>
      </trkpt>
      <trkpt lat="50.54464" lon="5.74001">
        <ele>294</ele>
      </trkpt>
      <trkpt lat="50.5447" lon="5.74022">
        <ele>296</ele>
      </trkpt>
      <trkpt lat="50.54466" lon="5.74049">
        <ele>296</ele>
      </trkpt>
      <trkpt lat="50.54451" lon="5.74102">
        <ele>299</ele>
      </trkpt>
      <trkpt lat="50.54465" lon="5.7411">
        <ele>299</ele>
      </trkpt>
      <trkpt lat="50.54459" lon="5.74174">
        <ele>300</ele>
      </trkpt>
      <trkpt lat="50.54453" lon="5.74218">
        <ele>303</ele>
      </trkpt>
      <trkpt lat="50.54451" lon="5.74268">
        <ele>305</ele>
      </trkpt>
      <trkpt lat="50.54449" lon="5.74291">
        <ele>305</ele>
      </trkpt>
      <trkpt lat="50.54445" lon="5.74308">
        <ele>305</ele>
      </trkpt>
      <trkpt lat="50.54436" lon="5.74332">
        <ele>305</ele>
      </trkpt>
      <trkpt lat="50.54428" lon="5.74384">
        <ele>307</ele>
      </trkpt>
      <trkpt lat="50.54428" lon="5.74393">
        <ele>307</ele>
      </trkpt>
      <trkpt lat="50.54432" lon="5.744">
        <ele>307</ele>
      </trkpt>
      <trkpt lat="50.54469" lon="5.74421">
        <ele>307</ele>
      </trkpt>
      <trkpt lat="50.54481" lon="5.7446">
        <ele>307</ele>
      </trkpt>
      <trkpt lat="50.54411" lon="5.74669">
        <ele>309</ele>
      </trkpt>
      <trkpt lat="50.54397" lon="5.74695">
        <ele>308</ele>
      </trkpt>
      <trkpt lat="50.5438" lon="5.74719">
        <ele>309</ele>
      </trkpt>
      <trkpt lat="50.54347" lon="5.74752">
        <ele>309</ele>
      </trkpt>
      <trkpt lat="50.54326" lon="5.74768">
        <ele>309</ele>
      </trkpt>
      <trkpt lat="50.54312" lon="5.74775">
        <ele>309</ele>
      </trkpt>
      <trkpt lat="50.5428" lon="5.74774">
        <ele>309</ele>
      </trkpt>
      <trkpt lat="50.54272" lon="5.74782">
        <ele>309</ele>
      </trkpt>
      <trkpt lat="50.54225" lon="5.74814">
        <ele>309</ele>
      </trkpt>
      <trkpt lat="50.54206" lon="5.74841">
        <ele>309</ele>
      </trkpt>
      <trkpt lat="50.54189" lon="5.74862">
        <ele>308</ele>
      </trkpt>
      <trkpt lat="50.54176" lon="5.74872">
        <ele>309</ele>
      </trkpt>
      <trkpt lat="50.54094" lon="5.74922">
        <ele>310</ele>
      </trkpt>
      <trkpt lat="50.54074" lon="5.74932">
        <ele>311</ele>
      </trkpt>
      <trkpt lat="50.54041" lon="5.74938">
        <ele>311</ele>
      </trkpt>
      <trkpt lat="50.54016" lon="5.74945">
        <ele>311</ele>
      </trkpt>
      <trkpt lat="50.53986" lon="5.74959">
        <ele>311</ele>
      </trkpt>
      <trkpt lat="50.53975" lon="5.74961">
        <ele>311</ele>
      </trkpt>
      <trkpt lat="50.53964" lon="5.74961">
        <ele>311</ele>
      </trkpt>
      <trkpt lat="50.5396" lon="5.74961">
        <ele>311</ele>
      </trkpt>
      <trkpt lat="50.53923" lon="5.74966">
        <ele>312</ele>
      </trkpt>
      <trkpt lat="50.53914" lon="5.74972">
        <ele>312</ele>
      </trkpt>
      <trkpt lat="50.53911" lon="5.7498">
        <ele>312</ele>
      </trkpt>
      <trkpt lat="50.53911" lon="5.74993">
        <ele>312</ele>
      </trkpt>
      <trkpt lat="50.53915" lon="5.75001">
        <ele>312</ele>
      </trkpt>
      <trkpt lat="50.539" lon="5.75021">
        <ele>313</ele>
      </trkpt>
      <trkpt lat="50.53884" lon="5.75034">
        <ele>313</ele>
      </trkpt>
      <trkpt lat="50.53884" lon="5.75042">
        <ele>313</ele>
      </trkpt>
      <trkpt lat="50.53866" lon="5.75052">
        <ele>313</ele>
      </trkpt>
      <trkpt lat="50.53842" lon="5.75063">
        <ele>315</ele>
      </trkpt>
      <trkpt lat="50.53804" lon="5.751">
        <ele>318</ele>
      </trkpt>
      <trkpt lat="50.53789" lon="5.75113">
        <ele>318</ele>
      </trkpt>
      <trkpt lat="50.53733" lon="5.75162">
        <ele>321</ele>
      </trkpt>
      <trkpt lat="50.53623" lon="5.75253">
        <ele>325</ele>
      </trkpt>
      <trkpt lat="50.53486" lon="5.75387">
        <ele>326</ele>
      </trkpt>
      <trkpt lat="50.53448" lon="5.7545">
        <ele>327</ele>
      </trkpt>
      <trkpt lat="50.53425" lon="5.75475">
        <ele>325</ele>
      </trkpt>
      <trkpt lat="50.53417" lon="5.7548">
        <ele>324</ele>
      </trkpt>
      <trkpt lat="50.53409" lon="5.75479">
        <ele>324</ele>
      </trkpt>
      <trkpt lat="50.53429" lon="5.75537">
        <ele>327</ele>
      </trkpt>
      <trkpt lat="50.53394" lon="5.75566">
        <ele>324</ele>
      </trkpt>
      <trkpt lat="50.53322" lon="5.75615">
        <ele>319</ele>
      </trkpt>
      <trkpt lat="50.5328" lon="5.75637">
        <ele>319</ele>
      </trkpt>
      <trkpt lat="50.53254" lon="5.75657">
        <ele>316</ele>
      </trkpt>
      <trkpt lat="50.53231" lon="5.75665">
        <ele>316</ele>
      </trkpt>
      <trkpt lat="50.532" lon="5.75683">
        <ele>316</ele>
      </trkpt>
      <trkpt lat="50.53187" lon="5.75684">
        <ele>316</ele>
      </trkpt>
      <trkpt lat="50.53047" lon="5.75763">
        <ele>316</ele>
      </trkpt>
      <trkpt lat="50.52834" lon="5.75893">
        <ele>326</ele>
      </trkpt>
      <trkpt lat="50.52647" lon="5.76007">
        <ele>337</ele>
      </trkpt>
      <trkpt lat="50.5248" lon="5.76108">
        <ele>337</ele>
      </trkpt>
      <trkpt lat="50.52145" lon="5.76313">
        <ele>344</ele>
      </trkpt>
      <trkpt lat="50.52019" lon="5.7639">
        <ele>347</ele>
      </trkpt>
      <trkpt lat="50.51895" lon="5.76465">
        <ele>344</ele>
      </trkpt>
      <trkpt lat="50.51733" lon="5.76565">
        <ele>342</ele>
      </trkpt>
      <trkpt lat="50.51691" lon="5.76588">
        <ele>342</ele>
      </trkpt>
      <trkpt lat="50.51348" lon="5.76503">
        <ele>339</ele>
      </trkpt>
      <trkpt lat="50.51165" lon="5.76452">
        <ele>345</ele>
      </trkpt>
      <trkpt lat="50.50989" lon="5.76405">
        <ele>349</ele>
      </trkpt>
      <trkpt lat="50.50952" lon="5.76722">
        <ele>350</ele>
      </trkpt>
      <trkpt lat="50.50979" lon="5.76761">
        <ele>350</ele>
      </trkpt>
      <trkpt lat="50.50985" lon="5.76767">
        <ele>349</ele>
      </trkpt>
      <trkpt lat="50.50987" lon="5.7678">
        <ele>349</ele>
      </trkpt>
      <trkpt lat="50.50793" lon="5.76794">
        <ele>344</ele>
      </trkpt>
      <trkpt lat="50.5074" lon="5.76961">
        <ele>326</ele>
      </trkpt>
      <trkpt lat="50.50741" lon="5.76961">
        <ele>326</ele>
      </trkpt>
      <trkpt lat="50.50719" lon="5.77001">
        <ele>325</ele>
      </trkpt>
      <trkpt lat="50.5075" lon="5.7703">
        <ele>324</ele>
      </trkpt>
      <trkpt lat="50.50778" lon="5.77066">
        <ele>325</ele>
      </trkpt>
      <trkpt lat="50.50768" lon="5.77503">
        <ele>330</ele>
      </trkpt>
      <trkpt lat="50.50694" lon="5.77566">
        <ele>336</ele>
      </trkpt>
      <trkpt lat="50.50675" lon="5.77521">
        <ele>335</ele>
      </trkpt>
      <trkpt lat="50.50658" lon="5.77502">
        <ele>335</ele>
      </trkpt>
      <trkpt lat="50.50621" lon="5.77466">
        <ele>335</ele>
      </trkpt>
      <trkpt lat="50.50603" lon="5.77443">
        <ele>335</ele>
      </trkpt>
      <trkpt lat="50.50578" lon="5.77502">
        <ele>333</ele>
      </trkpt>
      <trkpt lat="50.5054" lon="5.7757">
        <ele>331</ele>
      </trkpt>
      <trkpt lat="50.50528" lon="5.77595">
        <ele>330</ele>
      </trkpt>
      <trkpt lat="50.50504" lon="5.77663">
        <ele>326</ele>
      </trkpt>
      <trkpt lat="50.50493" lon="5.77709">
        <ele>324</ele>
      </trkpt>
      <trkpt lat="50.5049" lon="5.77719">
        <ele>324</ele>
      </trkpt>
      <trkpt lat="50.50463" lon="5.77752">
        <ele>323</ele>
      </trkpt>
      <trkpt lat="50.50444" lon="5.77788">
        <ele>321</ele>
      </trkpt>
      <trkpt lat="50.50425" lon="5.77831">
        <ele>316</ele>
      </trkpt>
      <trkpt lat="50.5042" lon="5.77851">
        <ele>312</ele>
      </trkpt>
      <trkpt lat="50.50417" lon="5.7787">
        <ele>312</ele>
      </trkpt>
      <trkpt lat="50.50416" lon="5.77897">
        <ele>311</ele>
      </trkpt>
      <trkpt lat="50.50417" lon="5.77922">
        <ele>310</ele>
      </trkpt>
      <trkpt lat="50.50366" lon="5.77975">
        <ele>304</ele>
      </trkpt>
      <trkpt lat="50.50319" lon="5.78053">
        <ele>299</ele>
      </trkpt>
      <trkpt lat="50.50278" lon="5.78167">
        <ele>302</ele>
      </trkpt>
      <trkpt lat="50.50276" lon="5.78179">
        <ele>302</ele>
      </trkpt>
      <trkpt lat="50.50238" lon="5.78263">
        <ele>311</ele>
      </trkpt>
      <trkpt lat="50.50236" lon="5.78272">
        <ele>314</ele>
      </trkpt>
      <trkpt lat="50.50235" lon="5.78332">
        <ele>315</ele>
      </trkpt>
      <trkpt lat="50.50251" lon="5.78388">
        <ele>319</ele>
      </trkpt>
      <trkpt lat="50.50254" lon="5.78408">
        <ele>319</ele>
      </trkpt>
      <trkpt lat="50.50254" lon="5.78434">
        <ele>323</ele>
      </trkpt>
      <trkpt lat="50.50252" lon="5.78479">
        <ele>323</ele>
      </trkpt>
      <trkpt lat="50.50248" lon="5.78503">
        <ele>324</ele>
      </trkpt>
      <trkpt lat="50.50239" lon="5.78542">
        <ele>326</ele>
      </trkpt>
      <trkpt lat="50.50224" lon="5.78592">
        <ele>327</ele>
      </trkpt>
      <trkpt lat="50.50224" lon="5.78598">
        <ele>327</ele>
      </trkpt>
      <trkpt lat="50.5023" lon="5.78611">
        <ele>327</ele>
      </trkpt>
      <trkpt lat="50.50234" lon="5.78628">
        <ele>328</ele>
      </trkpt>
      <trkpt lat="50.50234" lon="5.78652">
        <ele>328</ele>
      </trkpt>
      <trkpt lat="50.50226" lon="5.78703">
        <ele>327</ele>
      </trkpt>
      <trkpt lat="50.50226" lon="5.78714">
        <ele>328</ele>
      </trkpt>
      <trkpt lat="50.5024" lon="5.78775">
        <ele>326</ele>
      </trkpt>
      <trkpt lat="50.50266" lon="5.78821">
        <ele>328</ele>
      </trkpt>
      <trkpt lat="50.50263" lon="5.78832">
        <ele>328</ele>
      </trkpt>
      <trkpt lat="50.50252" lon="5.78827">
        <ele>327</ele>
      </trkpt>
      <trkpt lat="50.50247" lon="5.78842">
        <ele>326</ele>
      </trkpt>
      <trkpt lat="50.50221" lon="5.78814">
        <ele>326</ele>
      </trkpt>
      <trkpt lat="50.50184" lon="5.78803">
        <ele>325</ele>
      </trkpt>
      <trkpt lat="50.50175" lon="5.78796">
        <ele>322</ele>
      </trkpt>
      <trkpt lat="50.50166" lon="5.78783">
        <ele>321</ele>
      </trkpt>
      <trkpt lat="50.50137" lon="5.78776">
        <ele>321</ele>
      </trkpt>
      <trkpt lat="50.50092" lon="5.78751">
        <ele>322</ele>
      </trkpt>
      <trkpt lat="50.50075" lon="5.78745">
        <ele>321</ele>
      </trkpt>
      <trkpt lat="50.50037" lon="5.78747">
        <ele>320</ele>
      </trkpt>
      <trkpt lat="50.5003" lon="5.78751">
        <ele>320</ele>
      </trkpt>
      <trkpt lat="50.50023" lon="5.78759">
        <ele>320</ele>
      </trkpt>
      <trkpt lat="50.5003" lon="5.78777">
        <ele>317</ele>
      </trkpt>
      <trkpt lat="50.50056" lon="5.78821">
        <ele>315</ele>
      </trkpt>
      <trkpt lat="50.50071" lon="5.78845">
        <ele>315</ele>
      </trkpt>
      <trkpt lat="50.50089" lon="5.78881">
        <ele>312</ele>
      </trkpt>
      <trkpt lat="50.50096" lon="5.78898">
        <ele>314</ele>
      </trkpt>
      <trkpt lat="50.50102" lon="5.78938">
        <ele>312</ele>
      </trkpt>
      <trkpt lat="50.50103" lon="5.78967">
        <ele>311</ele>
      </trkpt>
      <trkpt lat="50.50099" lon="5.7899">
        <ele>311</ele>
      </trkpt>
      <trkpt lat="50.50094" lon="5.79012">
        <ele>311</ele>
      </trkpt>
      <trkpt lat="50.50082" lon="5.79041">
        <ele>305</ele>
      </trkpt>
      <trkpt lat="50.50075" lon="5.79067">
        <ele>305</ele>
      </trkpt>
      <trkpt lat="50.50068" lon="5.79089">
        <ele>305</ele>
      </trkpt>
      <trkpt lat="50.50055" lon="5.79115">
        <ele>305</ele>
      </trkpt>
      <trkpt lat="50.50052" lon="5.7913">
        <ele>304</ele>
      </trkpt>
      <trkpt lat="50.4998" lon="5.79246">
        <ele>293</ele>
      </trkpt>
      <trkpt lat="50.49972" lon="5.79266">
        <ele>293</ele>
      </trkpt>
      <trkpt lat="50.49957" lon="5.79317">
        <ele>291</ele>
      </trkpt>
      <trkpt lat="50.49955" lon="5.79322">
        <ele>291</ele>
      </trkpt>
      <trkpt lat="50.4995" lon="5.79323">
        <ele>291</ele>
      </trkpt>
      <trkpt lat="50.49949" lon="5.79326">
        <ele>291</ele>
      </trkpt>
      <trkpt lat="50.49946" lon="5.79336">
        <ele>291</ele>
      </trkpt>
      <trkpt lat="50.49949" lon="5.79358">
        <ele>290</ele>
      </trkpt>
      <trkpt lat="50.49943" lon="5.79406">
        <ele>290</ele>
      </trkpt>
      <trkpt lat="50.49947" lon="5.79451">
        <ele>289</ele>
      </trkpt>
      <trkpt lat="50.49942" lon="5.79493">
        <ele>288</ele>
      </trkpt>
      <trkpt lat="50.49943" lon="5.79503">
        <ele>288</ele>
      </trkpt>
      <trkpt lat="50.4994" lon="5.79545">
        <ele>287</ele>
      </trkpt>
      <trkpt lat="50.49937" lon="5.79565">
        <ele>286</ele>
      </trkpt>
      <trkpt lat="50.49901" lon="5.79674">
        <ele>267</ele>
      </trkpt>
      <trkpt lat="50.49891" lon="5.79727">
        <ele>261</ele>
      </trkpt>
      <trkpt lat="50.49884" lon="5.79749">
        <ele>261</ele>
      </trkpt>
      <trkpt lat="50.49877" lon="5.79755">
        <ele>260</ele>
      </trkpt>
      <trkpt lat="50.49876" lon="5.7976">
        <ele>260</ele>
      </trkpt>
      <trkpt lat="50.49875" lon="5.79769">
        <ele>256</ele>
      </trkpt>
      <trkpt lat="50.49878" lon="5.79787">
        <ele>256</ele>
      </trkpt>
      <trkpt lat="50.49882" lon="5.79801">
        <ele>255</ele>
      </trkpt>
      <trkpt lat="50.499" lon="5.7984">
        <ele>256</ele>
      </trkpt>
      <trkpt lat="50.49915" lon="5.79882">
        <ele>251</ele>
      </trkpt>
      <trkpt lat="50.49932" lon="5.79943">
        <ele>250</ele>
      </trkpt>
      <trkpt lat="50.49951" lon="5.80003">
        <ele>248</ele>
      </trkpt>
      <trkpt lat="50.49958" lon="5.80029">
        <ele>243</ele>
      </trkpt>
      <trkpt lat="50.49961" lon="5.80043">
        <ele>242</ele>
      </trkpt>
      <trkpt lat="50.50012" lon="5.80141">
        <ele>240</ele>
      </trkpt>
      <trkpt lat="50.50022" lon="5.80201">
        <ele>239</ele>
      </trkpt>
      <trkpt lat="50.5003" lon="5.80222">
        <ele>239</ele>
      </trkpt>
      <trkpt lat="50.5003" lon="5.80229">
        <ele>240</ele>
      </trkpt>
      <trkpt lat="50.5003" lon="5.80237">
        <ele>240</ele>
      </trkpt>
      <trkpt lat="50.50022" lon="5.80269">
        <ele>243</ele>
      </trkpt>
      <trkpt lat="50.50019" lon="5.80289">
        <ele>243</ele>
      </trkpt>
      <trkpt lat="50.50017" lon="5.80367">
        <ele>248</ele>
      </trkpt>
      <trkpt lat="50.50018" lon="5.80407">
        <ele>248</ele>
      </trkpt>
      <trkpt lat="50.49829" lon="5.80222">
        <ele>251</ele>
      </trkpt>
      <trkpt lat="50.49812" lon="5.80262">
        <ele>252</ele>
      </trkpt>
      <trkpt lat="50.49802" lon="5.803">
        <ele>255</ele>
      </trkpt>
      <trkpt lat="50.49793" lon="5.80317">
        <ele>256</ele>
      </trkpt>
      <trkpt lat="50.49772" lon="5.80344">
        <ele>258</ele>
      </trkpt>
      <trkpt lat="50.49756" lon="5.8036">
        <ele>271</ele>
      </trkpt>
      <trkpt lat="50.49734" lon="5.80376">
        <ele>273</ele>
      </trkpt>
      <trkpt lat="50.49727" lon="5.80376">
        <ele>273</ele>
      </trkpt>
      <trkpt lat="50.49723" lon="5.80373">
        <ele>273</ele>
      </trkpt>
      <trkpt lat="50.49691" lon="5.80344">
        <ele>270</ele>
      </trkpt>
      <trkpt lat="50.49648" lon="5.80311">
        <ele>279</ele>
      </trkpt>
      <trkpt lat="50.49638" lon="5.80301">
        <ele>280</ele>
      </trkpt>
      <trkpt lat="50.49613" lon="5.80271">
        <ele>280</ele>
      </trkpt>
      <trkpt lat="50.49598" lon="5.80259">
        <ele>275</ele>
      </trkpt>
      <trkpt lat="50.49582" lon="5.80253">
        <ele>282</ele>
      </trkpt>
      <trkpt lat="50.49569" lon="5.80253">
        <ele>283</ele>
      </trkpt>
      <trkpt lat="50.49574" lon="5.80286">
        <ele>289</ele>
      </trkpt>
      <trkpt lat="50.49587" lon="5.80362">
        <ele>297</ele>
      </trkpt>
      <trkpt lat="50.49598" lon="5.80413">
        <ele>293</ele>
      </trkpt>
      <trkpt lat="50.49599" lon="5.80425">
        <ele>293</ele>
      </trkpt>
      <trkpt lat="50.49602" lon="5.80454">
        <ele>300</ele>
      </trkpt>
      <trkpt lat="50.49607" lon="5.80479">
        <ele>301</ele>
      </trkpt>
      <trkpt lat="50.49617" lon="5.80505">
        <ele>301</ele>
      </trkpt>
      <trkpt lat="50.4972" lon="5.80713">
        <ele>305</ele>
      </trkpt>
      <trkpt lat="50.49744" lon="5.80761">
        <ele>305</ele>
      </trkpt>
      <trkpt lat="50.49761" lon="5.80779">
        <ele>299</ele>
      </trkpt>
      <trkpt lat="50.49768" lon="5.80785">
        <ele>299</ele>
      </trkpt>
      <trkpt lat="50.49795" lon="5.80797">
        <ele>297</ele>
      </trkpt>
      <trkpt lat="50.49829" lon="5.80849">
        <ele>302</ele>
      </trkpt>
      <trkpt lat="50.49846" lon="5.80874">
        <ele>292</ele>
      </trkpt>
      <trkpt lat="50.49864" lon="5.8089">
        <ele>291</ele>
      </trkpt>
      <trkpt lat="50.4988" lon="5.80911">
        <ele>291</ele>
      </trkpt>
      <trkpt lat="50.49911" lon="5.80924">
        <ele>289</ele>
      </trkpt>
      <trkpt lat="50.4992" lon="5.80934">
        <ele>293</ele>
      </trkpt>
      <trkpt lat="50.49927" lon="5.80938">
        <ele>286</ele>
      </trkpt>
      <trkpt lat="50.49946" lon="5.80936">
        <ele>284</ele>
      </trkpt>
      <trkpt lat="50.49981" lon="5.80915">
        <ele>279</ele>
      </trkpt>
      <trkpt lat="50.50005" lon="5.80904">
        <ele>278</ele>
      </trkpt>
      <trkpt lat="50.50096" lon="5.8088">
        <ele>267</ele>
      </trkpt>
      <trkpt lat="50.50095" lon="5.80895">
        <ele>268</ele>
      </trkpt>
      <trkpt lat="50.50096" lon="5.80912">
        <ele>268</ele>
      </trkpt>
      <trkpt lat="50.50107" lon="5.81005">
        <ele>271</ele>
      </trkpt>
      <trkpt lat="50.5011" lon="5.8104">
        <ele>274</ele>
      </trkpt>
      <trkpt lat="50.50124" lon="5.81114">
        <ele>277</ele>
      </trkpt>
      <trkpt lat="50.50148" lon="5.81198">
        <ele>281</ele>
      </trkpt>
      <trkpt lat="50.50153" lon="5.81211">
        <ele>281</ele>
      </trkpt>
      <trkpt lat="50.50168" lon="5.81231">
        <ele>281</ele>
      </trkpt>
      <trkpt lat="50.50191" lon="5.81273">
        <ele>278</ele>
      </trkpt>
      <trkpt lat="50.502" lon="5.81294">
        <ele>278</ele>
      </trkpt>
      <trkpt lat="50.50205" lon="5.81315">
        <ele>279</ele>
      </trkpt>
      <trkpt lat="50.5023" lon="5.81361">
        <ele>281</ele>
      </trkpt>
      <trkpt lat="50.50242" lon="5.81388">
        <ele>281</ele>
      </trkpt>
      <trkpt lat="50.50251" lon="5.81413">
        <ele>281</ele>
      </trkpt>
      <trkpt lat="50.50254" lon="5.8144">
        <ele>284</ele>
      </trkpt>
      <trkpt lat="50.50254" lon="5.81479">
        <ele>284</ele>
      </trkpt>
      <trkpt lat="50.50251" lon="5.81506">
        <ele>285</ele>
      </trkpt>
      <trkpt lat="50.50241" lon="5.81562">
        <ele>291</ele>
      </trkpt>
      <trkpt lat="50.5023" lon="5.81596">
        <ele>293</ele>
      </trkpt>
      <trkpt lat="50.50215" lon="5.81626">
        <ele>299</ele>
      </trkpt>
      <trkpt lat="50.50214" lon="5.81643">
        <ele>299</ele>
      </trkpt>
      <trkpt lat="50.50214" lon="5.81657">
        <ele>300</ele>
      </trkpt>
      <trkpt lat="50.5023" lon="5.81701">
        <ele>305</ele>
      </trkpt>
      <trkpt lat="50.50276" lon="5.81783">
        <ele>303</ele>
      </trkpt>
      <trkpt lat="50.50297" lon="5.81832">
        <ele>303</ele>
      </trkpt>
      <trkpt lat="50.5034" lon="5.81976">
        <ele>314</ele>
      </trkpt>
      <trkpt lat="50.50364" lon="5.8204">
        <ele>313</ele>
      </trkpt>
      <trkpt lat="50.50379" lon="5.82106">
        <ele>311</ele>
      </trkpt>
      <trkpt lat="50.50382" lon="5.82129">
        <ele>311</ele>
      </trkpt>
      <trkpt lat="50.50383" lon="5.82148">
        <ele>311</ele>
      </trkpt>
      <trkpt lat="50.5039" lon="5.82164">
        <ele>310</ele>
      </trkpt>
      <trkpt lat="50.50409" lon="5.8219">
        <ele>306</ele>
      </trkpt>
      <trkpt lat="50.50524" lon="5.82317">
        <ele>273</ele>
      </trkpt>
      <trkpt lat="50.50528" lon="5.82319">
        <ele>273</ele>
      </trkpt>
      <trkpt lat="50.50537" lon="5.82311">
        <ele>273</ele>
      </trkpt>
      <trkpt lat="50.50553" lon="5.82287">
        <ele>274</ele>
      </trkpt>
      <trkpt lat="50.50543" lon="5.82325">
        <ele>272</ele>
      </trkpt>
      <trkpt lat="50.50541" lon="5.82342">
        <ele>269</ele>
      </trkpt>
      <trkpt lat="50.50534" lon="5.82355">
        <ele>258</ele>
      </trkpt>
      <trkpt lat="50.50488" lon="5.82381">
        <ele>266</ele>
      </trkpt>
      <trkpt lat="50.50474" lon="5.82399">
        <ele>265</ele>
      </trkpt>
      <trkpt lat="50.50457" lon="5.8243">
        <ele>263</ele>
      </trkpt>
      <trkpt lat="50.50436" lon="5.82448">
        <ele>251</ele>
      </trkpt>
      <trkpt lat="50.50423" lon="5.8247">
        <ele>261</ele>
      </trkpt>
      <trkpt lat="50.50406" lon="5.82509">
        <ele>259</ele>
      </trkpt>
      <trkpt lat="50.50399" lon="5.8252">
        <ele>248</ele>
      </trkpt>
      <trkpt lat="50.50398" lon="5.82528">
        <ele>246</ele>
      </trkpt>
      <trkpt lat="50.50393" lon="5.82558">
        <ele>243</ele>
      </trkpt>
      <trkpt lat="50.50375" lon="5.82602">
        <ele>232</ele>
      </trkpt>
      <trkpt lat="50.50361" lon="5.82644">
        <ele>229</ele>
      </trkpt>
      <trkpt lat="50.5034" lon="5.82771">
        <ele>225</ele>
      </trkpt>
      <trkpt lat="50.50308" lon="5.82757">
        <ele>233</ele>
      </trkpt>
      <trkpt lat="50.50299" lon="5.82761">
        <ele>233</ele>
      </trkpt>
      <trkpt lat="50.50297" lon="5.82764">
        <ele>230</ele>
      </trkpt>
      <trkpt lat="50.50292" lon="5.82774">
        <ele>229</ele>
      </trkpt>
      <trkpt lat="50.5029" lon="5.82791">
        <ele>227</ele>
      </trkpt>
      <trkpt lat="50.50286" lon="5.82805">
        <ele>226</ele>
      </trkpt>
      <trkpt lat="50.50278" lon="5.82814">
        <ele>228</ele>
      </trkpt>
      <trkpt lat="50.50264" lon="5.82819">
        <ele>231</ele>
      </trkpt>
      <trkpt lat="50.50241" lon="5.82819">
        <ele>245</ele>
      </trkpt>
      <trkpt lat="50.50208" lon="5.82813">
        <ele>249</ele>
      </trkpt>
      <trkpt lat="50.50179" lon="5.828">
        <ele>251</ele>
      </trkpt>
      <trkpt lat="50.50152" lon="5.82792">
        <ele>264</ele>
      </trkpt>
      <trkpt lat="50.50112" lon="5.82792">
        <ele>265</ele>
      </trkpt>
      <trkpt lat="50.5008" lon="5.82787">
        <ele>271</ele>
      </trkpt>
      <trkpt lat="50.50048" lon="5.82775">
        <ele>273</ele>
      </trkpt>
      <trkpt lat="50.50023" lon="5.82752">
        <ele>282</ele>
      </trkpt>
      <trkpt lat="50.49994" lon="5.82719">
        <ele>283</ele>
      </trkpt>
      <trkpt lat="50.49986" lon="5.82702">
        <ele>284</ele>
      </trkpt>
      <trkpt lat="50.49985" lon="5.82683">
        <ele>284</ele>
      </trkpt>
      <trkpt lat="50.49991" lon="5.82615">
        <ele>293</ele>
      </trkpt>
      <trkpt lat="50.49994" lon="5.82544">
        <ele>300</ele>
      </trkpt>
      <trkpt lat="50.49992" lon="5.82521">
        <ele>300</ele>
      </trkpt>
      <trkpt lat="50.49991" lon="5.8249">
        <ele>305</ele>
      </trkpt>
      <trkpt lat="50.49993" lon="5.82452">
        <ele>306</ele>
      </trkpt>
      <trkpt lat="50.49993" lon="5.82413">
        <ele>311</ele>
      </trkpt>
      <trkpt lat="50.49989" lon="5.82358">
        <ele>312</ele>
      </trkpt>
      <trkpt lat="50.49972" lon="5.82312">
        <ele>317</ele>
      </trkpt>
      <trkpt lat="50.49935" lon="5.82228">
        <ele>322</ele>
      </trkpt>
      <trkpt lat="50.49911" lon="5.82177">
        <ele>327</ele>
      </trkpt>
      <trkpt lat="50.49906" lon="5.82173">
        <ele>327</ele>
      </trkpt>
      <trkpt lat="50.4989" lon="5.82159">
        <ele>327</ele>
      </trkpt>
      <trkpt lat="50.49861" lon="5.82148">
        <ele>328</ele>
      </trkpt>
      <trkpt lat="50.49808" lon="5.82132">
        <ele>329</ele>
      </trkpt>
      <trkpt lat="50.4979" lon="5.82121">
        <ele>330</ele>
      </trkpt>
      <trkpt lat="50.49777" lon="5.82119">
        <ele>330</ele>
      </trkpt>
      <trkpt lat="50.49759" lon="5.82119">
        <ele>330</ele>
      </trkpt>
      <trkpt lat="50.49741" lon="5.82127">
        <ele>332</ele>
      </trkpt>
      <trkpt lat="50.49716" lon="5.82143">
        <ele>331</ele>
      </trkpt>
      <trkpt lat="50.49699" lon="5.82157">
        <ele>332</ele>
      </trkpt>
      <trkpt lat="50.49673" lon="5.82156">
        <ele>337</ele>
      </trkpt>
      <trkpt lat="50.49643" lon="5.82208">
        <ele>333</ele>
      </trkpt>
      <trkpt lat="50.49627" lon="5.82256">
        <ele>332</ele>
      </trkpt>
      <trkpt lat="50.49605" lon="5.82327">
        <ele>328</ele>
      </trkpt>
      <trkpt lat="50.4958" lon="5.82384">
        <ele>325</ele>
      </trkpt>
      <trkpt lat="50.49546" lon="5.82445">
        <ele>316</ele>
      </trkpt>
      <trkpt lat="50.49524" lon="5.82463">
        <ele>315</ele>
      </trkpt>
      <trkpt lat="50.49486" lon="5.82471">
        <ele>315</ele>
      </trkpt>
      <trkpt lat="50.49452" lon="5.82485">
        <ele>314</ele>
      </trkpt>
      <trkpt lat="50.49413" lon="5.82514">
        <ele>303</ele>
      </trkpt>
      <trkpt lat="50.49401" lon="5.82519">
        <ele>303</ele>
      </trkpt>
      <trkpt lat="50.49377" lon="5.82524">
        <ele>302</ele>
      </trkpt>
      <trkpt lat="50.49352" lon="5.82513">
        <ele>309</ele>
      </trkpt>
      <trkpt lat="50.49332" lon="5.8251">
        <ele>306</ele>
      </trkpt>
      <trkpt lat="50.49322" lon="5.8251">
        <ele>306</ele>
      </trkpt>
      <trkpt lat="50.49311" lon="5.82516">
        <ele>301</ele>
      </trkpt>
      <trkpt lat="50.49294" lon="5.8254">
        <ele>298</ele>
      </trkpt>
      <trkpt lat="50.49281" lon="5.82568">
        <ele>297</ele>
      </trkpt>
      <trkpt lat="50.49276" lon="5.82584">
        <ele>295</ele>
      </trkpt>
      <trkpt lat="50.49262" lon="5.82649">
        <ele>286</ele>
      </trkpt>
      <trkpt lat="50.49257" lon="5.82682">
        <ele>277</ele>
      </trkpt>
      <trkpt lat="50.49253" lon="5.82731">
        <ele>274</ele>
      </trkpt>
      <trkpt lat="50.49253" lon="5.82764">
        <ele>267</ele>
      </trkpt>
      <trkpt lat="50.49262" lon="5.8281">
        <ele>261</ele>
      </trkpt>
      <trkpt lat="50.49265" lon="5.82833">
        <ele>259</ele>
      </trkpt>
      <trkpt lat="50.4926" lon="5.82877">
        <ele>248</ele>
      </trkpt>
      <trkpt lat="50.49256" lon="5.82899">
        <ele>249</ele>
      </trkpt>
      <trkpt lat="50.4925" lon="5.82915">
        <ele>248</ele>
      </trkpt>
      <trkpt lat="50.49245" lon="5.82938">
        <ele>242</ele>
      </trkpt>
      <trkpt lat="50.49237" lon="5.82952">
        <ele>241</ele>
      </trkpt>
      <trkpt lat="50.49233" lon="5.82957">
        <ele>241</ele>
      </trkpt>
      <trkpt lat="50.49218" lon="5.82971">
        <ele>241</ele>
      </trkpt>
      <trkpt lat="50.49197" lon="5.82986">
        <ele>241</ele>
      </trkpt>
      <trkpt lat="50.49164" lon="5.83019">
        <ele>237</ele>
      </trkpt>
      <trkpt lat="50.49155" lon="5.83024">
        <ele>237</ele>
      </trkpt>
      <trkpt lat="50.49148" lon="5.8302">
        <ele>237</ele>
      </trkpt>
      <trkpt lat="50.49144" lon="5.83005">
        <ele>241</ele>
      </trkpt>
      <trkpt lat="50.49136" lon="5.82955">
        <ele>242</ele>
      </trkpt>
      <trkpt lat="50.49135" lon="5.82926">
        <ele>249</ele>
      </trkpt>
      <trkpt lat="50.49126" lon="5.8289">
        <ele>251</ele>
      </trkpt>
      <trkpt lat="50.4912" lon="5.82881">
        <ele>251</ele>
      </trkpt>
      <trkpt lat="50.49114" lon="5.82886">
        <ele>250</ele>
      </trkpt>
      <trkpt lat="50.49109" lon="5.82914">
        <ele>248</ele>
      </trkpt>
      <trkpt lat="50.4911" lon="5.82935">
        <ele>242</ele>
      </trkpt>
      <trkpt lat="50.49109" lon="5.82953">
        <ele>242</ele>
      </trkpt>
      <trkpt lat="50.49107" lon="5.82974">
        <ele>241</ele>
      </trkpt>
      <trkpt lat="50.49102" lon="5.82998">
        <ele>240</ele>
      </trkpt>
      <trkpt lat="50.49093" lon="5.83026">
        <ele>236</ele>
      </trkpt>
      <trkpt lat="50.49077" lon="5.8306">
        <ele>232</ele>
      </trkpt>
      <trkpt lat="50.49072" lon="5.83082">
        <ele>232</ele>
      </trkpt>
      <trkpt lat="50.4904" lon="5.83077">
        <ele>231</ele>
      </trkpt>
      <trkpt lat="50.49035" lon="5.83077">
        <ele>231</ele>
      </trkpt>
      <trkpt lat="50.49035" lon="5.83112">
        <ele>235</ele>
      </trkpt>
      <trkpt lat="50.49033" lon="5.8312">
        <ele>234</ele>
      </trkpt>
      <trkpt lat="50.48999" lon="5.83151">
        <ele>233</ele>
      </trkpt>
      <trkpt lat="50.4897" lon="5.83173">
        <ele>234</ele>
      </trkpt>
      <trkpt lat="50.48918" lon="5.83197">
        <ele>239</ele>
      </trkpt>
      <trkpt lat="50.48899" lon="5.83212">
        <ele>239</ele>
      </trkpt>
      <trkpt lat="50.48883" lon="5.8323">
        <ele>238</ele>
      </trkpt>
      <trkpt lat="50.48871" lon="5.83279">
        <ele>244</ele>
      </trkpt>
      <trkpt lat="50.4888" lon="5.83278">
        <ele>244</ele>
      </trkpt>
      <trkpt lat="50.4889" lon="5.83273">
        <ele>245</ele>
      </trkpt>
      <trkpt lat="50.48898" lon="5.83264">
        <ele>245</ele>
      </trkpt>
      <trkpt lat="50.48923" lon="5.83238">
        <ele>241</ele>
      </trkpt>
      <trkpt lat="50.48953" lon="5.83221">
        <ele>244</ele>
      </trkpt>
      <trkpt lat="50.48963" lon="5.83217">
        <ele>244</ele>
      </trkpt>
      <trkpt lat="50.49006" lon="5.83211">
        <ele>245</ele>
      </trkpt>
      <trkpt lat="50.49031" lon="5.83209">
        <ele>249</ele>
      </trkpt>
      <trkpt lat="50.49041" lon="5.8321">
        <ele>249</ele>
      </trkpt>
      <trkpt lat="50.49045" lon="5.83214">
        <ele>250</ele>
      </trkpt>
      <trkpt lat="50.49047" lon="5.83218">
        <ele>250</ele>
      </trkpt>
      <trkpt lat="50.49048" lon="5.83223">
        <ele>250</ele>
      </trkpt>
      <trkpt lat="50.49049" lon="5.8323">
        <ele>251</ele>
      </trkpt>
      <trkpt lat="50.49044" lon="5.83239">
        <ele>251</ele>
      </trkpt>
      <trkpt lat="50.49039" lon="5.83242">
        <ele>252</ele>
      </trkpt>
      <trkpt lat="50.48987" lon="5.83249">
        <ele>247</ele>
      </trkpt>
      <trkpt lat="50.48969" lon="5.83255">
        <ele>247</ele>
      </trkpt>
      <trkpt lat="50.48948" lon="5.83268">
        <ele>254</ele>
      </trkpt>
      <trkpt lat="50.48943" lon="5.83274">
        <ele>256</ele>
      </trkpt>
      <trkpt lat="50.48939" lon="5.83291">
        <ele>257</ele>
      </trkpt>
      <trkpt lat="50.4894" lon="5.83301">
        <ele>258</ele>
      </trkpt>
      <trkpt lat="50.48941" lon="5.83309">
        <ele>258</ele>
      </trkpt>
      <trkpt lat="50.48945" lon="5.83313">
        <ele>259</ele>
      </trkpt>
      <trkpt lat="50.48949" lon="5.83313">
        <ele>260</ele>
      </trkpt>
      <trkpt lat="50.48978" lon="5.83293">
        <ele>260</ele>
      </trkpt>
      <trkpt lat="50.49001" lon="5.83285">
        <ele>260</ele>
      </trkpt>
      <trkpt lat="50.49025" lon="5.83283">
        <ele>266</ele>
      </trkpt>
      <trkpt lat="50.49059" lon="5.83286">
        <ele>268</ele>
      </trkpt>
      <trkpt lat="50.49063" lon="5.8329">
        <ele>268</ele>
      </trkpt>
      <trkpt lat="50.49067" lon="5.83298">
        <ele>269</ele>
      </trkpt>
      <trkpt lat="50.49067" lon="5.8331">
        <ele>269</ele>
      </trkpt>
      <trkpt lat="50.49064" lon="5.8332">
        <ele>270</ele>
      </trkpt>
      <trkpt lat="50.49057" lon="5.83324">
        <ele>270</ele>
      </trkpt>
      <trkpt lat="50.4903" lon="5.83328">
        <ele>269</ele>
      </trkpt>
      <trkpt lat="50.49015" lon="5.83334">
        <ele>269</ele>
      </trkpt>
      <trkpt lat="50.48984" lon="5.83364">
        <ele>272</ele>
      </trkpt>
      <trkpt lat="50.48979" lon="5.83371">
        <ele>273</ele>
      </trkpt>
      <trkpt lat="50.48976" lon="5.83386">
        <ele>275</ele>
      </trkpt>
      <trkpt lat="50.48977" lon="5.83392">
        <ele>275</ele>
      </trkpt>
      <trkpt lat="50.48978" lon="5.83398">
        <ele>275</ele>
      </trkpt>
      <trkpt lat="50.48983" lon="5.83407">
        <ele>275</ele>
      </trkpt>
      <trkpt lat="50.48987" lon="5.83408">
        <ele>275</ele>
      </trkpt>
      <trkpt lat="50.49037" lon="5.83393">
        <ele>282</ele>
      </trkpt>
      <trkpt lat="50.49051" lon="5.83392">
        <ele>282</ele>
      </trkpt>
      <trkpt lat="50.49063" lon="5.83394">
        <ele>282</ele>
      </trkpt>
      <trkpt lat="50.49056" lon="5.83414">
        <ele>283</ele>
      </trkpt>
      <trkpt lat="50.49033" lon="5.8345">
        <ele>291</ele>
      </trkpt>
      <trkpt lat="50.49032" lon="5.83455">
        <ele>291</ele>
      </trkpt>
      <trkpt lat="50.49036" lon="5.8346">
        <ele>292</ele>
      </trkpt>
      <trkpt lat="50.49046" lon="5.83477">
        <ele>294</ele>
      </trkpt>
      <trkpt lat="50.49075" lon="5.83508">
        <ele>294</ele>
      </trkpt>
      <trkpt lat="50.49083" lon="5.8352">
        <ele>298</ele>
      </trkpt>
      <trkpt lat="50.49085" lon="5.83531">
        <ele>299</ele>
      </trkpt>
      <trkpt lat="50.49084" lon="5.83536">
        <ele>299</ele>
      </trkpt>
      <trkpt lat="50.49081" lon="5.83538">
        <ele>299</ele>
      </trkpt>
      <trkpt lat="50.49043" lon="5.83539">
        <ele>299</ele>
      </trkpt>
      <trkpt lat="50.49038" lon="5.83544">
        <ele>299</ele>
      </trkpt>
      <trkpt lat="50.49037" lon="5.83552">
        <ele>300</ele>
      </trkpt>
      <trkpt lat="50.49037" lon="5.83557">
        <ele>300</ele>
      </trkpt>
      <trkpt lat="50.49042" lon="5.83567">
        <ele>300</ele>
      </trkpt>
      <trkpt lat="50.49086" lon="5.83611">
        <ele>304</ele>
      </trkpt>
      <trkpt lat="50.49096" lon="5.83624">
        <ele>304</ele>
      </trkpt>
      <trkpt lat="50.49099" lon="5.83634">
        <ele>304</ele>
      </trkpt>
      <trkpt lat="50.49099" lon="5.83645">
        <ele>304</ele>
      </trkpt>
      <trkpt lat="50.49095" lon="5.83651">
        <ele>305</ele>
      </trkpt>
      <trkpt lat="50.49066" lon="5.83653">
        <ele>306</ele>
      </trkpt>
      <trkpt lat="50.49057" lon="5.83658">
        <ele>306</ele>
      </trkpt>
      <trkpt lat="50.4905" lon="5.83665">
        <ele>305</ele>
      </trkpt>
      <trkpt lat="50.4904" lon="5.83639">
        <ele>306</ele>
      </trkpt>
      <trkpt lat="50.49016" lon="5.83603">
        <ele>303</ele>
      </trkpt>
      <trkpt lat="50.48991" lon="5.83553">
        <ele>291</ele>
      </trkpt>
      <trkpt lat="50.48963" lon="5.83524">
        <ele>287</ele>
      </trkpt>
      <trkpt lat="50.48935" lon="5.83504">
        <ele>280</ele>
      </trkpt>
      <trkpt lat="50.48924" lon="5.83503">
        <ele>268</ele>
      </trkpt>
      <trkpt lat="50.4892" lon="5.83507">
        <ele>264</ele>
      </trkpt>
      <trkpt lat="50.48919" lon="5.83514">
        <ele>265</ele>
      </trkpt>
      <trkpt lat="50.48922" lon="5.83534">
        <ele>267</ele>
      </trkpt>
      <trkpt lat="50.48923" lon="5.83554">
        <ele>268</ele>
      </trkpt>
      <trkpt lat="50.48939" lon="5.83607">
        <ele>286</ele>
      </trkpt>
      <trkpt lat="50.48947" lon="5.83638">
        <ele>290</ele>
      </trkpt>
      <trkpt lat="50.48966" lon="5.83702">
        <ele>292</ele>
      </trkpt>
      <trkpt lat="50.48969" lon="5.83715">
        <ele>294</ele>
      </trkpt>
      <trkpt lat="50.4897" lon="5.83739">
        <ele>293</ele>
      </trkpt>
      <trkpt lat="50.4897" lon="5.83762">
        <ele>291</ele>
      </trkpt>
      <trkpt lat="50.48971" lon="5.83774">
        <ele>290</ele>
      </trkpt>
      <trkpt lat="50.48978" lon="5.83811">
        <ele>292</ele>
      </trkpt>
      <trkpt lat="50.48983" lon="5.83852">
        <ele>288</ele>
      </trkpt>
      <trkpt lat="50.49001" lon="5.83933">
        <ele>286</ele>
      </trkpt>
      <trkpt lat="50.49004" lon="5.83958">
        <ele>286</ele>
      </trkpt>
      <trkpt lat="50.49017" lon="5.84021">
        <ele>300</ele>
      </trkpt>
      <trkpt lat="50.49026" lon="5.84078">
        <ele>301</ele>
      </trkpt>
      <trkpt lat="50.49034" lon="5.84108">
        <ele>297</ele>
      </trkpt>
      <trkpt lat="50.49042" lon="5.84104">
        <ele>298</ele>
      </trkpt>
      <trkpt lat="50.49045" lon="5.84107">
        <ele>299</ele>
      </trkpt>
      <trkpt lat="50.4906" lon="5.8413">
        <ele>301</ele>
      </trkpt>
      <trkpt lat="50.49059" lon="5.84122">
        <ele>301</ele>
      </trkpt>
      <trkpt lat="50.49057" lon="5.84108">
        <ele>300</ele>
      </trkpt>
      <trkpt lat="50.49057" lon="5.84092">
        <ele>304</ele>
      </trkpt>
      <trkpt lat="50.49072" lon="5.84109">
        <ele>302</ele>
      </trkpt>
      <trkpt lat="50.49069" lon="5.84058">
        <ele>308</ele>
      </trkpt>
      <trkpt lat="50.49071" lon="5.84053">
        <ele>308</ele>
      </trkpt>
      <trkpt lat="50.49078" lon="5.84063">
        <ele>308</ele>
      </trkpt>
      <trkpt lat="50.49087" lon="5.84069">
        <ele>309</ele>
      </trkpt>
      <trkpt lat="50.49107" lon="5.84076">
        <ele>321</ele>
      </trkpt>
      <trkpt lat="50.49121" lon="5.84077">
        <ele>324</ele>
      </trkpt>
      <trkpt lat="50.49136" lon="5.84125">
        <ele>324</ele>
      </trkpt>
      <trkpt lat="50.49176" lon="5.84196">
        <ele>332</ele>
      </trkpt>
      <trkpt lat="50.49202" lon="5.84259">
        <ele>333</ele>
      </trkpt>
      <trkpt lat="50.49215" lon="5.8428">
        <ele>333</ele>
      </trkpt>
      <trkpt lat="50.49235" lon="5.84302">
        <ele>334</ele>
      </trkpt>
      <trkpt lat="50.49256" lon="5.84345">
        <ele>334</ele>
      </trkpt>
      <trkpt lat="50.4927" lon="5.8436">
        <ele>341</ele>
      </trkpt>
      <trkpt lat="50.49294" lon="5.84388">
        <ele>345</ele>
      </trkpt>
      <trkpt lat="50.49308" lon="5.84413">
        <ele>344</ele>
      </trkpt>
      <trkpt lat="50.49315" lon="5.84427">
        <ele>344</ele>
      </trkpt>
      <trkpt lat="50.49347" lon="5.8452">
        <ele>351</ele>
      </trkpt>
      <trkpt lat="50.4938" lon="5.84585">
        <ele>353</ele>
      </trkpt>
      <trkpt lat="50.49389" lon="5.84608">
        <ele>353</ele>
      </trkpt>
      <trkpt lat="50.49391" lon="5.84635">
        <ele>355</ele>
      </trkpt>
      <trkpt lat="50.49368" lon="5.8464">
        <ele>353</ele>
      </trkpt>
      <trkpt lat="50.49347" lon="5.84649">
        <ele>351</ele>
      </trkpt>
      <trkpt lat="50.49341" lon="5.84657">
        <ele>345</ele>
      </trkpt>
      <trkpt lat="50.49331" lon="5.84685">
        <ele>340</ele>
      </trkpt>
      <trkpt lat="50.49324" lon="5.84712">
        <ele>339</ele>
      </trkpt>
      <trkpt lat="50.49319" lon="5.8476">
        <ele>338</ele>
      </trkpt>
      <trkpt lat="50.49318" lon="5.84791">
        <ele>336</ele>
      </trkpt>
      <trkpt lat="50.49316" lon="5.84815">
        <ele>336</ele>
      </trkpt>
      <trkpt lat="50.49311" lon="5.84847">
        <ele>334</ele>
      </trkpt>
      <trkpt lat="50.49311" lon="5.84854">
        <ele>333</ele>
      </trkpt>
      <trkpt lat="50.49312" lon="5.84876">
        <ele>332</ele>
      </trkpt>
      <trkpt lat="50.49316" lon="5.84959">
        <ele>327</ele>
      </trkpt>
      <trkpt lat="50.49317" lon="5.85018">
        <ele>322</ele>
      </trkpt>
      <trkpt lat="50.4932" lon="5.85053">
        <ele>320</ele>
      </trkpt>
      <trkpt lat="50.49328" lon="5.85086">
        <ele>320</ele>
      </trkpt>
      <trkpt lat="50.49332" lon="5.85133">
        <ele>315</ele>
      </trkpt>
      <trkpt lat="50.49342" lon="5.85175">
        <ele>327</ele>
      </trkpt>
      <trkpt lat="50.49345" lon="5.85203">
        <ele>324</ele>
      </trkpt>
      <trkpt lat="50.49339" lon="5.85245">
        <ele>311</ele>
      </trkpt>
      <trkpt lat="50.49317" lon="5.85304">
        <ele>301</ele>
      </trkpt>
      <trkpt lat="50.49313" lon="5.85328">
        <ele>300</ele>
      </trkpt>
      <trkpt lat="50.49313" lon="5.85335">
        <ele>300</ele>
      </trkpt>
      <trkpt lat="50.49321" lon="5.85408">
        <ele>291</ele>
      </trkpt>
      <trkpt lat="50.49324" lon="5.85422">
        <ele>290</ele>
      </trkpt>
      <trkpt lat="50.49333" lon="5.85438">
        <ele>284</ele>
      </trkpt>
      <trkpt lat="50.49337" lon="5.85452">
        <ele>284</ele>
      </trkpt>
      <trkpt lat="50.49342" lon="5.85524">
        <ele>286</ele>
      </trkpt>
      <trkpt lat="50.49348" lon="5.8556">
        <ele>284</ele>
      </trkpt>
      <trkpt lat="50.49356" lon="5.8558">
        <ele>284</ele>
      </trkpt>
      <trkpt lat="50.49364" lon="5.85619">
        <ele>277</ele>
      </trkpt>
      <trkpt lat="50.49366" lon="5.85673">
        <ele>276</ele>
      </trkpt>
      <trkpt lat="50.49392" lon="5.85668">
        <ele>278</ele>
      </trkpt>
      <trkpt lat="50.49404" lon="5.85669">
        <ele>279</ele>
      </trkpt>
      <trkpt lat="50.49413" lon="5.85678">
        <ele>280</ele>
      </trkpt>
      <trkpt lat="50.4943" lon="5.85692">
        <ele>289</ele>
      </trkpt>
      <trkpt lat="50.4944" lon="5.85695">
        <ele>292</ele>
      </trkpt>
      <trkpt lat="50.49489" lon="5.85708">
        <ele>296</ele>
      </trkpt>
      <trkpt lat="50.49601" lon="5.85766">
        <ele>325</ele>
      </trkpt>
      <trkpt lat="50.49614" lon="5.85777">
        <ele>326</ele>
      </trkpt>
      <trkpt lat="50.49621" lon="5.85792">
        <ele>326</ele>
      </trkpt>
      <trkpt lat="50.49622" lon="5.85804">
        <ele>326</ele>
      </trkpt>
      <trkpt lat="50.49622" lon="5.85813">
        <ele>326</ele>
      </trkpt>
      <trkpt lat="50.49618" lon="5.85817">
        <ele>325</ele>
      </trkpt>
      <trkpt lat="50.49614" lon="5.85832">
        <ele>325</ele>
      </trkpt>
      <trkpt lat="50.4961" lon="5.85869">
        <ele>322</ele>
      </trkpt>
      <trkpt lat="50.4961" lon="5.85894">
        <ele>322</ele>
      </trkpt>
      <trkpt lat="50.49626" lon="5.85907">
        <ele>324</ele>
      </trkpt>
      <trkpt lat="50.49631" lon="5.85906">
        <ele>324</ele>
      </trkpt>
      <trkpt lat="50.49647" lon="5.85903">
        <ele>325</ele>
      </trkpt>
      <trkpt lat="50.49664" lon="5.85911">
        <ele>327</ele>
      </trkpt>
      <trkpt lat="50.49674" lon="5.85906">
        <ele>328</ele>
      </trkpt>
      <trkpt lat="50.49709" lon="5.85923">
        <ele>339</ele>
      </trkpt>
      <trkpt lat="50.49733" lon="5.85916">
        <ele>340</ele>
      </trkpt>
      <trkpt lat="50.49757" lon="5.85898">
        <ele>341</ele>
      </trkpt>
      <trkpt lat="50.49774" lon="5.85893">
        <ele>344</ele>
      </trkpt>
      <trkpt lat="50.49787" lon="5.859">
        <ele>344</ele>
      </trkpt>
      <trkpt lat="50.49785" lon="5.85969">
        <ele>345</ele>
      </trkpt>
      <trkpt lat="50.49786" lon="5.86005">
        <ele>345</ele>
      </trkpt>
      <trkpt lat="50.49789" lon="5.86041">
        <ele>345</ele>
      </trkpt>
      <trkpt lat="50.49794" lon="5.86075">
        <ele>345</ele>
      </trkpt>
      <trkpt lat="50.49802" lon="5.86104">
        <ele>345</ele>
      </trkpt>
      <trkpt lat="50.49822" lon="5.86166">
        <ele>345</ele>
      </trkpt>
      <trkpt lat="50.49826" lon="5.86158">
        <ele>345</ele>
      </trkpt>
      <trkpt lat="50.49848" lon="5.86029">
        <ele>344</ele>
      </trkpt>
      <trkpt lat="50.49857" lon="5.85985">
        <ele>342</ele>
      </trkpt>
      <trkpt lat="50.4986" lon="5.85979">
        <ele>342</ele>
      </trkpt>
      <trkpt lat="50.4987" lon="5.85956">
        <ele>341</ele>
      </trkpt>
      <trkpt lat="50.49895" lon="5.85892">
        <ele>340</ele>
      </trkpt>
      <trkpt lat="50.49936" lon="5.85762">
        <ele>333</ele>
      </trkpt>
      <trkpt lat="50.49972" lon="5.85682">
        <ele>332</ele>
      </trkpt>
      <trkpt lat="50.49982" lon="5.85662">
        <ele>332</ele>
      </trkpt>
      <trkpt lat="50.50002" lon="5.85631">
        <ele>331</ele>
      </trkpt>
      <trkpt lat="50.50022" lon="5.85607">
        <ele>326</ele>
      </trkpt>
      <trkpt lat="50.5003" lon="5.85605">
        <ele>326</ele>
      </trkpt>
      <trkpt lat="50.5012" lon="5.85578">
        <ele>319</ele>
      </trkpt>
      <trkpt lat="50.50145" lon="5.85577">
        <ele>318</ele>
      </trkpt>
      <trkpt lat="50.50157" lon="5.85581">
        <ele>317</ele>
      </trkpt>
      <trkpt lat="50.50205" lon="5.8563">
        <ele>309</ele>
      </trkpt>
      <trkpt lat="50.50228" lon="5.85643">
        <ele>308</ele>
      </trkpt>
      <trkpt lat="50.5025" lon="5.85637">
        <ele>307</ele>
      </trkpt>
      <trkpt lat="50.50269" lon="5.85641">
        <ele>300</ele>
      </trkpt>
      <trkpt lat="50.50291" lon="5.85649">
        <ele>298</ele>
      </trkpt>
      <trkpt lat="50.5031" lon="5.85664">
        <ele>297</ele>
      </trkpt>
      <trkpt lat="50.50348" lon="5.85701">
        <ele>290</ele>
      </trkpt>
      <trkpt lat="50.50358" lon="5.85707">
        <ele>290</ele>
      </trkpt>
      <trkpt lat="50.50365" lon="5.85708">
        <ele>289</ele>
      </trkpt>
      <trkpt lat="50.50379" lon="5.857">
        <ele>289</ele>
      </trkpt>
      <trkpt lat="50.50387" lon="5.85699">
        <ele>289</ele>
      </trkpt>
      <trkpt lat="50.5039" lon="5.85701">
        <ele>289</ele>
      </trkpt>
      <trkpt lat="50.50395" lon="5.85704">
        <ele>288</ele>
      </trkpt>
      <trkpt lat="50.50404" lon="5.85726">
        <ele>288</ele>
      </trkpt>
      <trkpt lat="50.50408" lon="5.85764">
        <ele>289</ele>
      </trkpt>
      <trkpt lat="50.50411" lon="5.85772">
        <ele>290</ele>
      </trkpt>
      <trkpt lat="50.50415" lon="5.85775">
        <ele>291</ele>
      </trkpt>
      <trkpt lat="50.50405" lon="5.85836">
        <ele>291</ele>
      </trkpt>
      <trkpt lat="50.50379" lon="5.85872">
        <ele>292</ele>
      </trkpt>
      <trkpt lat="50.50317" lon="5.8598">
        <ele>293</ele>
      </trkpt>
      <trkpt lat="50.50312" lon="5.86002">
        <ele>294</ele>
      </trkpt>
      <trkpt lat="50.50309" lon="5.86029">
        <ele>295</ele>
      </trkpt>
      <trkpt lat="50.50314" lon="5.86053">
        <ele>294</ele>
      </trkpt>
      <trkpt lat="50.5034" lon="5.86109">
        <ele>297</ele>
      </trkpt>
      <trkpt lat="50.50354" lon="5.86123">
        <ele>296</ele>
      </trkpt>
      <trkpt lat="50.50383" lon="5.86124">
        <ele>295</ele>
      </trkpt>
      <trkpt lat="50.50393" lon="5.86126">
        <ele>296</ele>
      </trkpt>
      <trkpt lat="50.50401" lon="5.86131">
        <ele>296</ele>
      </trkpt>
      <trkpt lat="50.50405" lon="5.86136">
        <ele>296</ele>
      </trkpt>
      <trkpt lat="50.50416" lon="5.86164">
        <ele>298</ele>
      </trkpt>
      <trkpt lat="50.50422" lon="5.8619">
        <ele>299</ele>
      </trkpt>
      <trkpt lat="50.50428" lon="5.86233">
        <ele>303</ele>
      </trkpt>
      <trkpt lat="50.50433" lon="5.86249">
        <ele>304</ele>
      </trkpt>
      <trkpt lat="50.50441" lon="5.86268">
        <ele>305</ele>
      </trkpt>
      <trkpt lat="50.50444" lon="5.86286">
        <ele>305</ele>
      </trkpt>
      <trkpt lat="50.50444" lon="5.86313">
        <ele>305</ele>
      </trkpt>
      <trkpt lat="50.50436" lon="5.86405">
        <ele>311</ele>
      </trkpt>
      <trkpt lat="50.50465" lon="5.86372">
        <ele>310</ele>
      </trkpt>
      <trkpt lat="50.50477" lon="5.86363">
        <ele>310</ele>
      </trkpt>
      <trkpt lat="50.50487" lon="5.86358">
        <ele>310</ele>
      </trkpt>
      <trkpt lat="50.50493" lon="5.86359">
        <ele>310</ele>
      </trkpt>
      <trkpt lat="50.50501" lon="5.86361">
        <ele>310</ele>
      </trkpt>
      <trkpt lat="50.50513" lon="5.8637">
        <ele>313</ele>
      </trkpt>
      <trkpt lat="50.50551" lon="5.86408">
        <ele>314</ele>
      </trkpt>
      <trkpt lat="50.50566" lon="5.86419">
        <ele>314</ele>
      </trkpt>
      <trkpt lat="50.50576" lon="5.8642">
        <ele>315</ele>
      </trkpt>
      <trkpt lat="50.50581" lon="5.86418">
        <ele>315</ele>
      </trkpt>
      <trkpt lat="50.50586" lon="5.86411">
        <ele>315</ele>
      </trkpt>
      <trkpt lat="50.50591" lon="5.86386">
        <ele>315</ele>
      </trkpt>
      <trkpt lat="50.50613" lon="5.86415">
        <ele>320</ele>
      </trkpt>
      <trkpt lat="50.50634" lon="5.8645">
        <ele>320</ele>
      </trkpt>
      <trkpt lat="50.50653" lon="5.86493">
        <ele>321</ele>
      </trkpt>
      <trkpt lat="50.50663" lon="5.86534">
        <ele>322</ele>
      </trkpt>
      <trkpt lat="50.50665" lon="5.86547">
        <ele>322</ele>
      </trkpt>
      <trkpt lat="50.50664" lon="5.86599">
        <ele>324</ele>
      </trkpt>
      <trkpt lat="50.50666" lon="5.86616">
        <ele>324</ele>
      </trkpt>
      <trkpt lat="50.5067" lon="5.86634">
        <ele>324</ele>
      </trkpt>
      <trkpt lat="50.50675" lon="5.86643">
        <ele>324</ele>
      </trkpt>
      <trkpt lat="50.5068" lon="5.8659">
        <ele>326</ele>
      </trkpt>
      <trkpt lat="50.50692" lon="5.86553">
        <ele>327</ele>
      </trkpt>
      <trkpt lat="50.50698" lon="5.86521">
        <ele>327</ele>
      </trkpt>
      <trkpt lat="50.50699" lon="5.86491">
        <ele>328</ele>
      </trkpt>
      <trkpt lat="50.50702" lon="5.8648">
        <ele>328</ele>
      </trkpt>
      <trkpt lat="50.50706" lon="5.86477">
        <ele>329</ele>
      </trkpt>
      <trkpt lat="50.5071" lon="5.86477">
        <ele>329</ele>
      </trkpt>
      <trkpt lat="50.50716" lon="5.86482">
        <ele>329</ele>
      </trkpt>
      <trkpt lat="50.50723" lon="5.86484">
        <ele>329</ele>
      </trkpt>
      <trkpt lat="50.50742" lon="5.86476">
        <ele>329</ele>
      </trkpt>
      <trkpt lat="50.50765" lon="5.8647">
        <ele>332</ele>
      </trkpt>
      <trkpt lat="50.50789" lon="5.86473">
        <ele>332</ele>
      </trkpt>
      <trkpt lat="50.50788" lon="5.86435">
        <ele>331</ele>
      </trkpt>
      <trkpt lat="50.50783" lon="5.864">
        <ele>331</ele>
      </trkpt>
      <trkpt lat="50.50771" lon="5.86357">
        <ele>331</ele>
      </trkpt>
      <trkpt lat="50.5076" lon="5.86308">
        <ele>330</ele>
      </trkpt>
      <trkpt lat="50.50749" lon="5.86277">
        <ele>330</ele>
      </trkpt>
      <trkpt lat="50.50699" lon="5.86173">
        <ele>330</ele>
      </trkpt>
      <trkpt lat="50.50692" lon="5.86145">
        <ele>330</ele>
      </trkpt>
      <trkpt lat="50.50684" lon="5.86065">
        <ele>329</ele>
      </trkpt>
      <trkpt lat="50.50685" lon="5.86041">
        <ele>329</ele>
      </trkpt>
      <trkpt lat="50.50698" lon="5.85939">
        <ele>327</ele>
      </trkpt>
      <trkpt lat="50.50707" lon="5.85889">
        <ele>325</ele>
      </trkpt>
      <trkpt lat="50.50717" lon="5.85859">
        <ele>324</ele>
      </trkpt>
      <trkpt lat="50.50733" lon="5.85833">
        <ele>322</ele>
      </trkpt>
      <trkpt lat="50.50787" lon="5.85787">
        <ele>321</ele>
      </trkpt>
      <trkpt lat="50.50796" lon="5.85766">
        <ele>320</ele>
      </trkpt>
      <trkpt lat="50.50798" lon="5.85745">
        <ele>318</ele>
      </trkpt>
      <trkpt lat="50.50796" lon="5.85727">
        <ele>318</ele>
      </trkpt>
      <trkpt lat="50.50783" lon="5.85686">
        <ele>317</ele>
      </trkpt>
      <trkpt lat="50.50781" lon="5.85654">
        <ele>313</ele>
      </trkpt>
      <trkpt lat="50.50784" lon="5.85626">
        <ele>313</ele>
      </trkpt>
      <trkpt lat="50.50793" lon="5.85594">
        <ele>307</ele>
      </trkpt>
      <trkpt lat="50.50797" lon="5.85564">
        <ele>307</ele>
      </trkpt>
      <trkpt lat="50.50803" lon="5.85542">
        <ele>306</ele>
      </trkpt>
      <trkpt lat="50.50812" lon="5.85527">
        <ele>305</ele>
      </trkpt>
      <trkpt lat="50.50831" lon="5.85509">
        <ele>298</ele>
      </trkpt>
      <trkpt lat="50.5084" lon="5.85492">
        <ele>297</ele>
      </trkpt>
      <trkpt lat="50.50841" lon="5.85472">
        <ele>297</ele>
      </trkpt>
      <trkpt lat="50.50834" lon="5.85427">
        <ele>290</ele>
      </trkpt>
      <trkpt lat="50.50832" lon="5.85388">
        <ele>288</ele>
      </trkpt>
      <trkpt lat="50.50832" lon="5.85365">
        <ele>287</ele>
      </trkpt>
      <trkpt lat="50.50828" lon="5.8535">
        <ele>286</ele>
      </trkpt>
      <trkpt lat="50.50821" lon="5.85335">
        <ele>282</ele>
      </trkpt>
      <trkpt lat="50.5082" lon="5.85328">
        <ele>281</ele>
      </trkpt>
      <trkpt lat="50.50822" lon="5.8532">
        <ele>281</ele>
      </trkpt>
      <trkpt lat="50.50864" lon="5.85257">
        <ele>271</ele>
      </trkpt>
      <trkpt lat="50.50876" lon="5.85235">
        <ele>270</ele>
      </trkpt>
      <trkpt lat="50.50887" lon="5.85234">
        <ele>270</ele>
      </trkpt>
      <trkpt lat="50.5089" lon="5.85239">
        <ele>269</ele>
      </trkpt>
      <trkpt lat="50.50899" lon="5.8528">
        <ele>273</ele>
      </trkpt>
      <trkpt lat="50.50912" lon="5.85321">
        <ele>274</ele>
      </trkpt>
      <trkpt lat="50.5092" lon="5.85329">
        <ele>273</ele>
      </trkpt>
      <trkpt lat="50.50944" lon="5.85325">
        <ele>269</ele>
      </trkpt>
      <trkpt lat="50.50952" lon="5.85293">
        <ele>268</ele>
      </trkpt>
      <trkpt lat="50.50956" lon="5.85259">
        <ele>266</ele>
      </trkpt>
      <trkpt lat="50.50958" lon="5.85225">
        <ele>264</ele>
      </trkpt>
      <trkpt lat="50.50955" lon="5.85185">
        <ele>266</ele>
      </trkpt>
      <trkpt lat="50.51021" lon="5.85176">
        <ele>272</ele>
      </trkpt>
      <trkpt lat="50.51008" lon="5.8522">
        <ele>267</ele>
      </trkpt>
      <trkpt lat="50.51006" lon="5.85246">
        <ele>267</ele>
      </trkpt>
      <trkpt lat="50.51012" lon="5.85402">
        <ele>272</ele>
      </trkpt>
      <trkpt lat="50.51015" lon="5.85421">
        <ele>272</ele>
      </trkpt>
      <trkpt lat="50.51024" lon="5.85442">
        <ele>274</ele>
      </trkpt>
      <trkpt lat="50.5103" lon="5.8545">
        <ele>274</ele>
      </trkpt>
      <trkpt lat="50.51038" lon="5.85455">
        <ele>274</ele>
      </trkpt>
      <trkpt lat="50.51052" lon="5.85449">
        <ele>274</ele>
      </trkpt>
      <trkpt lat="50.51062" lon="5.85436">
        <ele>275</ele>
      </trkpt>
      <trkpt lat="50.51071" lon="5.85429">
        <ele>274</ele>
      </trkpt>
      <trkpt lat="50.51083" lon="5.85422">
        <ele>275</ele>
      </trkpt>
      <trkpt lat="50.51108" lon="5.85416">
        <ele>283</ele>
      </trkpt>
      <trkpt lat="50.51118" lon="5.85406">
        <ele>284</ele>
      </trkpt>
      <trkpt lat="50.51121" lon="5.854">
        <ele>284</ele>
      </trkpt>
      <trkpt lat="50.51126" lon="5.8539">
        <ele>284</ele>
      </trkpt>
      <trkpt lat="50.51131" lon="5.85365">
        <ele>284</ele>
      </trkpt>
      <trkpt lat="50.51136" lon="5.85295">
        <ele>285</ele>
      </trkpt>
      <trkpt lat="50.51134" lon="5.85254">
        <ele>287</ele>
      </trkpt>
      <trkpt lat="50.51129" lon="5.85226">
        <ele>288</ele>
      </trkpt>
      <trkpt lat="50.51129" lon="5.85198">
        <ele>287</ele>
      </trkpt>
      <trkpt lat="50.51134" lon="5.8517">
        <ele>290</ele>
      </trkpt>
      <trkpt lat="50.51148" lon="5.85132">
        <ele>292</ele>
      </trkpt>
      <trkpt lat="50.51155" lon="5.85118">
        <ele>292</ele>
      </trkpt>
      <trkpt lat="50.5117" lon="5.85103">
        <ele>293</ele>
      </trkpt>
      <trkpt lat="50.51184" lon="5.85057">
        <ele>306</ele>
      </trkpt>
      <trkpt lat="50.51201" lon="5.8502">
        <ele>309</ele>
      </trkpt>
      <trkpt lat="50.51225" lon="5.84994">
        <ele>314</ele>
      </trkpt>
      <trkpt lat="50.51252" lon="5.8497">
        <ele>315</ele>
      </trkpt>
      <trkpt lat="50.51291" lon="5.8494">
        <ele>323</ele>
      </trkpt>
      <trkpt lat="50.51343" lon="5.84821">
        <ele>341</ele>
      </trkpt>
      <trkpt lat="50.51357" lon="5.84784">
        <ele>342</ele>
      </trkpt>
      <trkpt lat="50.51362" lon="5.84739">
        <ele>347</ele>
      </trkpt>
      <trkpt lat="50.51358" lon="5.84703">
        <ele>348</ele>
      </trkpt>
      <trkpt lat="50.51352" lon="5.8468">
        <ele>352</ele>
      </trkpt>
      <trkpt lat="50.51353" lon="5.84659">
        <ele>352</ele>
      </trkpt>
      <trkpt lat="50.51371" lon="5.846">
        <ele>354</ele>
      </trkpt>
      <trkpt lat="50.51386" lon="5.84569">
        <ele>358</ele>
      </trkpt>
      <trkpt lat="50.51409" lon="5.84513">
        <ele>361</ele>
      </trkpt>
      <trkpt lat="50.51435" lon="5.84485">
        <ele>365</ele>
      </trkpt>
      <trkpt lat="50.51489" lon="5.84453">
        <ele>366</ele>
      </trkpt>
      <trkpt lat="50.51515" lon="5.84414">
        <ele>370</ele>
      </trkpt>
      <trkpt lat="50.51544" lon="5.84381">
        <ele>369</ele>
      </trkpt>
      <trkpt lat="50.51599" lon="5.84336">
        <ele>371</ele>
      </trkpt>
      <trkpt lat="50.51625" lon="5.84318">
        <ele>371</ele>
      </trkpt>
      <trkpt lat="50.5166" lon="5.84299">
        <ele>371</ele>
      </trkpt>
      <trkpt lat="50.51677" lon="5.84284">
        <ele>370</ele>
      </trkpt>
      <trkpt lat="50.51705" lon="5.84267">
        <ele>370</ele>
      </trkpt>
      <trkpt lat="50.51735" lon="5.84262">
        <ele>368</ele>
      </trkpt>
      <trkpt lat="50.51764" lon="5.84251">
        <ele>363</ele>
      </trkpt>
      <trkpt lat="50.5182" lon="5.84262">
        <ele>361</ele>
      </trkpt>
      <trkpt lat="50.51836" lon="5.84266">
        <ele>361</ele>
      </trkpt>
      <trkpt lat="50.51849" lon="5.84258">
        <ele>353</ele>
      </trkpt>
      <trkpt lat="50.51853" lon="5.84252">
        <ele>351</ele>
      </trkpt>
      <trkpt lat="50.51881" lon="5.84204">
        <ele>349</ele>
      </trkpt>
      <trkpt lat="50.51899" lon="5.84175">
        <ele>347</ele>
      </trkpt>
      <trkpt lat="50.51924" lon="5.84107">
        <ele>345</ele>
      </trkpt>
      <trkpt lat="50.51928" lon="5.84094">
        <ele>336</ele>
      </trkpt>
      <trkpt lat="50.51969" lon="5.8404">
        <ele>331</ele>
      </trkpt>
      <trkpt lat="50.52008" lon="5.83979">
        <ele>327</ele>
      </trkpt>
      <trkpt lat="50.52018" lon="5.83948">
        <ele>315</ele>
      </trkpt>
      <trkpt lat="50.52023" lon="5.83915">
        <ele>315</ele>
      </trkpt>
      <trkpt lat="50.52021" lon="5.83889">
        <ele>315</ele>
      </trkpt>
      <trkpt lat="50.52014" lon="5.83849">
        <ele>315</ele>
      </trkpt>
      <trkpt lat="50.52013" lon="5.83824">
        <ele>315</ele>
      </trkpt>
      <trkpt lat="50.52016" lon="5.83776">
        <ele>314</ele>
      </trkpt>
      <trkpt lat="50.52025" lon="5.83709">
        <ele>311</ele>
      </trkpt>
      <trkpt lat="50.52037" lon="5.83654">
        <ele>306</ele>
      </trkpt>
      <trkpt lat="50.52044" lon="5.83637">
        <ele>306</ele>
      </trkpt>
      <trkpt lat="50.52054" lon="5.83623">
        <ele>304</ele>
      </trkpt>
      <trkpt lat="50.52073" lon="5.83612">
        <ele>302</ele>
      </trkpt>
      <trkpt lat="50.52089" lon="5.836">
        <ele>300</ele>
      </trkpt>
      <trkpt lat="50.52098" lon="5.83583">
        <ele>286</ele>
      </trkpt>
      <trkpt lat="50.52106" lon="5.83555">
        <ele>283</ele>
      </trkpt>
      <trkpt lat="50.52106" lon="5.8352">
        <ele>282</ele>
      </trkpt>
      <trkpt lat="50.52111" lon="5.83508">
        <ele>277</ele>
      </trkpt>
      <trkpt lat="50.52119" lon="5.83499">
        <ele>275</ele>
      </trkpt>
      <trkpt lat="50.52127" lon="5.83494">
        <ele>275</ele>
      </trkpt>
      <trkpt lat="50.52136" lon="5.83494">
        <ele>274</ele>
      </trkpt>
      <trkpt lat="50.52147" lon="5.83486">
        <ele>273</ele>
      </trkpt>
      <trkpt lat="50.52159" lon="5.83483">
        <ele>272</ele>
      </trkpt>
      <trkpt lat="50.52172" lon="5.83487">
        <ele>270</ele>
      </trkpt>
      <trkpt lat="50.52198" lon="5.83505">
        <ele>257</ele>
      </trkpt>
      <trkpt lat="50.5222" lon="5.8353">
        <ele>258</ele>
      </trkpt>
      <trkpt lat="50.52258" lon="5.83554">
        <ele>254</ele>
      </trkpt>
      <trkpt lat="50.52259" lon="5.83536">
        <ele>239</ele>
      </trkpt>
      <trkpt lat="50.52246" lon="5.83423">
        <ele>244</ele>
      </trkpt>
      <trkpt lat="50.52242" lon="5.83404">
        <ele>244</ele>
      </trkpt>
      <trkpt lat="50.52231" lon="5.83372">
        <ele>244</ele>
      </trkpt>
      <trkpt lat="50.52227" lon="5.83351">
        <ele>243</ele>
      </trkpt>
      <trkpt lat="50.52235" lon="5.83293">
        <ele>236</ele>
      </trkpt>
      <trkpt lat="50.5222" lon="5.83233">
        <ele>231</ele>
      </trkpt>
      <trkpt lat="50.52201" lon="5.83175">
        <ele>228</ele>
      </trkpt>
      <trkpt lat="50.52186" lon="5.83123">
        <ele>228</ele>
      </trkpt>
      <trkpt lat="50.52173" lon="5.83069">
        <ele>234</ele>
      </trkpt>
      <trkpt lat="50.52144" lon="5.82933">
        <ele>229</ele>
      </trkpt>
      <trkpt lat="50.52148" lon="5.82845">
        <ele>222</ele>
      </trkpt>
      <trkpt lat="50.5215" lon="5.82827">
        <ele>222</ele>
      </trkpt>
      <trkpt lat="50.52153" lon="5.8281">
        <ele>222</ele>
      </trkpt>
      <trkpt lat="50.52158" lon="5.82791">
        <ele>221</ele>
      </trkpt>
      <trkpt lat="50.52165" lon="5.82769">
        <ele>220</ele>
      </trkpt>
      <trkpt lat="50.52172" lon="5.82763">
        <ele>218</ele>
      </trkpt>
      <trkpt lat="50.52182" lon="5.82753">
        <ele>213</ele>
      </trkpt>
      <trkpt lat="50.52197" lon="5.82734">
        <ele>213</ele>
      </trkpt>
      <trkpt lat="50.52225" lon="5.82691">
        <ele>211</ele>
      </trkpt>
      <trkpt lat="50.52283" lon="5.82565">
        <ele>200</ele>
      </trkpt>
      <trkpt lat="50.52305" lon="5.82532">
        <ele>200</ele>
      </trkpt>
      <trkpt lat="50.52343" lon="5.8249">
        <ele>191</ele>
      </trkpt>
      <trkpt lat="50.52351" lon="5.82484">
        <ele>191</ele>
      </trkpt>
      <trkpt lat="50.52365" lon="5.82472">
        <ele>190</ele>
      </trkpt>
      <trkpt lat="50.52397" lon="5.82447">
        <ele>189</ele>
      </trkpt>
      <trkpt lat="50.52415" lon="5.82439">
        <ele>188</ele>
      </trkpt>
      <trkpt lat="50.52486" lon="5.82434">
        <ele>182</ele>
      </trkpt>
      <trkpt lat="50.52508" lon="5.82425">
        <ele>179</ele>
      </trkpt>
      <trkpt lat="50.52578" lon="5.82358">
        <ele>181</ele>
      </trkpt>
      <trkpt lat="50.52582" lon="5.82357">
        <ele>181</ele>
      </trkpt>
      <trkpt lat="50.52582" lon="5.82385">
        <ele>181</ele>
      </trkpt>
      <trkpt lat="50.526" lon="5.82388">
        <ele>190</ele>
      </trkpt>
      <trkpt lat="50.52617" lon="5.82394">
        <ele>192</ele>
      </trkpt>
      <trkpt lat="50.52621" lon="5.82394">
        <ele>192</ele>
      </trkpt>
      <trkpt lat="50.52627" lon="5.82391">
        <ele>192</ele>
      </trkpt>
      <trkpt lat="50.52657" lon="5.82367">
        <ele>196</ele>
      </trkpt>
      <trkpt lat="50.52664" lon="5.82311">
        <ele>192</ele>
      </trkpt>
      <trkpt lat="50.52667" lon="5.82317">
        <ele>193</ele>
      </trkpt>
      <trkpt lat="50.52667" lon="5.82371">
        <ele>197</ele>
      </trkpt>
      <trkpt lat="50.52667" lon="5.82381">
        <ele>197</ele>
      </trkpt>
      <trkpt lat="50.52672" lon="5.82403">
        <ele>199</ele>
      </trkpt>
      <trkpt lat="50.5268" lon="5.82463">
        <ele>212</ele>
      </trkpt>
      <trkpt lat="50.52682" lon="5.82528">
        <ele>212</ele>
      </trkpt>
      <trkpt lat="50.52703" lon="5.82597">
        <ele>214</ele>
      </trkpt>
      <trkpt lat="50.52706" lon="5.82611">
        <ele>213</ele>
      </trkpt>
      <trkpt lat="50.52707" lon="5.82638">
        <ele>214</ele>
      </trkpt>
      <trkpt lat="50.52722" lon="5.82682">
        <ele>211</ele>
      </trkpt>
      <trkpt lat="50.52733" lon="5.82744">
        <ele>211</ele>
      </trkpt>
      <trkpt lat="50.52758" lon="5.82856">
        <ele>208</ele>
      </trkpt>
      <trkpt lat="50.52773" lon="5.82881">
        <ele>227</ele>
      </trkpt>
      <trkpt lat="50.5278" lon="5.82926">
        <ele>228</ele>
      </trkpt>
      <trkpt lat="50.5278" lon="5.82941">
        <ele>227</ele>
      </trkpt>
      <trkpt lat="50.52786" lon="5.83004">
        <ele>227</ele>
      </trkpt>
      <trkpt lat="50.52788" lon="5.83041">
        <ele>226</ele>
      </trkpt>
      <trkpt lat="50.52793" lon="5.8306">
        <ele>227</ele>
      </trkpt>
      <trkpt lat="50.52793" lon="5.83124">
        <ele>226</ele>
      </trkpt>
      <trkpt lat="50.52795" lon="5.83168">
        <ele>226</ele>
      </trkpt>
      <trkpt lat="50.528" lon="5.83211">
        <ele>225</ele>
      </trkpt>
      <trkpt lat="50.52808" lon="5.83255">
        <ele>226</ele>
      </trkpt>
      <trkpt lat="50.52819" lon="5.83306">
        <ele>226</ele>
      </trkpt>
      <trkpt lat="50.52816" lon="5.83395">
        <ele>223</ele>
      </trkpt>
      <trkpt lat="50.52835" lon="5.834">
        <ele>227</ele>
      </trkpt>
      <trkpt lat="50.52852" lon="5.8341">
        <ele>242</ele>
      </trkpt>
      <trkpt lat="50.52859" lon="5.83409">
        <ele>245</ele>
      </trkpt>
      <trkpt lat="50.52864" lon="5.83426">
        <ele>245</ele>
      </trkpt>
      <trkpt lat="50.52867" lon="5.8346">
        <ele>242</ele>
      </trkpt>
      <trkpt lat="50.52875" lon="5.83472">
        <ele>244</ele>
      </trkpt>
      <trkpt lat="50.52915" lon="5.83432">
        <ele>247</ele>
      </trkpt>
      <trkpt lat="50.52928" lon="5.83431">
        <ele>256</ele>
      </trkpt>
      <trkpt lat="50.52954" lon="5.83406">
        <ele>260</ele>
      </trkpt>
      <trkpt lat="50.52957" lon="5.83399">
        <ele>261</ele>
      </trkpt>
      <trkpt lat="50.52961" lon="5.8339">
        <ele>263</ele>
      </trkpt>
      <trkpt lat="50.52961" lon="5.83341">
        <ele>261</ele>
      </trkpt>
      <trkpt lat="50.52958" lon="5.83321">
        <ele>263</ele>
      </trkpt>
      <trkpt lat="50.52958" lon="5.83302">
        <ele>264</ele>
      </trkpt>
      <trkpt lat="50.52952" lon="5.83279">
        <ele>262</ele>
      </trkpt>
      <trkpt lat="50.52948" lon="5.83247">
        <ele>264</ele>
      </trkpt>
      <trkpt lat="50.52951" lon="5.83232">
        <ele>265</ele>
      </trkpt>
      <trkpt lat="50.5296" lon="5.83224">
        <ele>268</ele>
      </trkpt>
      <trkpt lat="50.52975" lon="5.83224">
        <ele>267</ele>
      </trkpt>
      <trkpt lat="50.52994" lon="5.83218">
        <ele>263</ele>
      </trkpt>
      <trkpt lat="50.53008" lon="5.83216">
        <ele>261</ele>
      </trkpt>
      <trkpt lat="50.5303" lon="5.83202">
        <ele>254</ele>
      </trkpt>
      <trkpt lat="50.53048" lon="5.83182">
        <ele>253</ele>
      </trkpt>
      <trkpt lat="50.53056" lon="5.83176">
        <ele>251</ele>
      </trkpt>
      <trkpt lat="50.53036" lon="5.83135">
        <ele>251</ele>
      </trkpt>
      <trkpt lat="50.53035" lon="5.83091">
        <ele>249</ele>
      </trkpt>
      <trkpt lat="50.53023" lon="5.83052">
        <ele>248</ele>
      </trkpt>
      <trkpt lat="50.52986" lon="5.82995">
        <ele>251</ele>
      </trkpt>
      <trkpt lat="50.52962" lon="5.82917">
        <ele>245</ele>
      </trkpt>
      <trkpt lat="50.52933" lon="5.82857">
        <ele>246</ele>
      </trkpt>
      <trkpt lat="50.52917" lon="5.82802">
        <ele>243</ele>
      </trkpt>
      <trkpt lat="50.52849" lon="5.82616">
        <ele>233</ele>
      </trkpt>
      <trkpt lat="50.52843" lon="5.82591">
        <ele>229</ele>
      </trkpt>
      <trkpt lat="50.52846" lon="5.8258">
        <ele>228</ele>
      </trkpt>
      <trkpt lat="50.52814" lon="5.82508">
        <ele>223</ele>
      </trkpt>
      <trkpt lat="50.52809" lon="5.82503">
        <ele>223</ele>
      </trkpt>
      <trkpt lat="50.52805" lon="5.82487">
        <ele>224</ele>
      </trkpt>
      <trkpt lat="50.52805" lon="5.82466">
        <ele>225</ele>
      </trkpt>
      <trkpt lat="50.52798" lon="5.82447">
        <ele>222</ele>
      </trkpt>
      <trkpt lat="50.52795" lon="5.82431">
        <ele>221</ele>
      </trkpt>
      <trkpt lat="50.52795" lon="5.82409">
        <ele>217</ele>
      </trkpt>
      <trkpt lat="50.52795" lon="5.82391">
        <ele>217</ele>
      </trkpt>
      <trkpt lat="50.52797" lon="5.82375">
        <ele>216</ele>
      </trkpt>
      <trkpt lat="50.52797" lon="5.82367">
        <ele>215</ele>
      </trkpt>
      <trkpt lat="50.52794" lon="5.82361">
        <ele>215</ele>
      </trkpt>
      <trkpt lat="50.52775" lon="5.82341">
        <ele>210</ele>
      </trkpt>
      <trkpt lat="50.52768" lon="5.82324">
        <ele>209</ele>
      </trkpt>
      <trkpt lat="50.52763" lon="5.82316">
        <ele>209</ele>
      </trkpt>
      <trkpt lat="50.52759" lon="5.82314">
        <ele>209</ele>
      </trkpt>
      <trkpt lat="50.52759" lon="5.82305">
        <ele>209</ele>
      </trkpt>
      <trkpt lat="50.52747" lon="5.82301">
        <ele>205</ele>
      </trkpt>
      <trkpt lat="50.52744" lon="5.8229">
        <ele>204</ele>
      </trkpt>
      <trkpt lat="50.52762" lon="5.82272">
        <ele>207</ele>
      </trkpt>
      <trkpt lat="50.52773" lon="5.82271">
        <ele>207</ele>
      </trkpt>
      <trkpt lat="50.52809" lon="5.82246">
        <ele>200</ele>
      </trkpt>
      <trkpt lat="50.52813" lon="5.8223">
        <ele>199</ele>
      </trkpt>
      <trkpt lat="50.52811" lon="5.82212">
        <ele>198</ele>
      </trkpt>
      <trkpt lat="50.52786" lon="5.82175">
        <ele>192</ele>
      </trkpt>
      <trkpt lat="50.52781" lon="5.82163">
        <ele>191</ele>
      </trkpt>
      <trkpt lat="50.52779" lon="5.82135">
        <ele>189</ele>
      </trkpt>
      <trkpt lat="50.52781" lon="5.82133">
        <ele>189</ele>
      </trkpt>
      <trkpt lat="50.52796" lon="5.82112">
        <ele>190</ele>
      </trkpt>
      <trkpt lat="50.52809" lon="5.82106">
        <ele>191</ele>
      </trkpt>
      <trkpt lat="50.52803" lon="5.82058">
        <ele>181</ele>
      </trkpt>
      <trkpt lat="50.52815" lon="5.82046">
        <ele>185</ele>
      </trkpt>
      <trkpt lat="50.52829" lon="5.82038">
        <ele>188</ele>
      </trkpt>
      <trkpt lat="50.52838" lon="5.82023">
        <ele>189</ele>
      </trkpt>
      <trkpt lat="50.52879" lon="5.81896">
        <ele>192</ele>
      </trkpt>
      <trkpt lat="50.52888" lon="5.81881">
        <ele>192</ele>
      </trkpt>
      <trkpt lat="50.52947" lon="5.81829">
        <ele>194</ele>
      </trkpt>
      <trkpt lat="50.5295" lon="5.81822">
        <ele>193</ele>
      </trkpt>
      <trkpt lat="50.52945" lon="5.81807">
        <ele>192</ele>
      </trkpt>
      <trkpt lat="50.52963" lon="5.81782">
        <ele>191</ele>
      </trkpt>
      <trkpt lat="50.5298" lon="5.81763">
        <ele>183</ele>
      </trkpt>
      <trkpt lat="50.53054" lon="5.81707">
        <ele>184</ele>
      </trkpt>
      <trkpt lat="50.5309" lon="5.81673">
        <ele>175</ele>
      </trkpt>
      <trkpt lat="50.53099" lon="5.81671">
        <ele>174</ele>
      </trkpt>
      <trkpt lat="50.53144" lon="5.81673">
        <ele>174</ele>
      </trkpt>
      <trkpt lat="50.53144" lon="5.81708">
        <ele>183</ele>
      </trkpt>
      <trkpt lat="50.53142" lon="5.81712">
        <ele>183</ele>
      </trkpt>
      <trkpt lat="50.53144" lon="5.81726">
        <ele>184</ele>
      </trkpt>
      <trkpt lat="50.53137" lon="5.81737">
        <ele>184</ele>
      </trkpt>
      <trkpt lat="50.53125" lon="5.81752">
        <ele>186</ele>
      </trkpt>
      <trkpt lat="50.53123" lon="5.8176">
        <ele>187</ele>
      </trkpt>
      <trkpt lat="50.5314" lon="5.81753">
        <ele>186</ele>
      </trkpt>
      <trkpt lat="50.5317" lon="5.81748">
        <ele>184</ele>
      </trkpt>
      <trkpt lat="50.5319" lon="5.8175">
        <ele>182</ele>
      </trkpt>
      <trkpt lat="50.53226" lon="5.81756">
        <ele>182</ele>
      </trkpt>
      <trkpt lat="50.5326" lon="5.8177">
        <ele>188</ele>
      </trkpt>
      <trkpt lat="50.53297" lon="5.81778">
        <ele>188</ele>
      </trkpt>
      <trkpt lat="50.53315" lon="5.81778">
        <ele>188</ele>
      </trkpt>
      <trkpt lat="50.53343" lon="5.81771">
        <ele>187</ele>
      </trkpt>
      <trkpt lat="50.53348" lon="5.8179">
        <ele>188</ele>
      </trkpt>
      <trkpt lat="50.53366" lon="5.81782">
        <ele>187</ele>
      </trkpt>
      <trkpt lat="50.5339" lon="5.81776">
        <ele>187</ele>
      </trkpt>
      <trkpt lat="50.53418" lon="5.81761">
        <ele>181</ele>
      </trkpt>
      <trkpt lat="50.53428" lon="5.8175">
        <ele>182</ele>
      </trkpt>
      <trkpt lat="50.53435" lon="5.81742">
        <ele>181</ele>
      </trkpt>
      <trkpt lat="50.53453" lon="5.81731">
        <ele>181</ele>
      </trkpt>
      <trkpt lat="50.53487" lon="5.81716">
        <ele>181</ele>
      </trkpt>
      <trkpt lat="50.53503" lon="5.81712">
        <ele>181</ele>
      </trkpt>
      <trkpt lat="50.5359" lon="5.81631">
        <ele>178</ele>
      </trkpt>
      <trkpt lat="50.53696" lon="5.81487">
        <ele>172</ele>
      </trkpt>
      <trkpt lat="50.53723" lon="5.81459">
        <ele>172</ele>
      </trkpt>
      <trkpt lat="50.53719" lon="5.81451">
        <ele>172</ele>
      </trkpt>
      <trkpt lat="50.53733" lon="5.81432">
        <ele>171</ele>
      </trkpt>
      <trkpt lat="50.53884" lon="5.81347">
        <ele>166</ele>
      </trkpt>
      <trkpt lat="50.53893" lon="5.81399">
        <ele>167</ele>
      </trkpt>
      <trkpt lat="50.53893" lon="5.81407">
        <ele>167</ele>
      </trkpt>
      <trkpt lat="50.53958" lon="5.81498">
        <ele>171</ele>
      </trkpt>
      <trkpt lat="50.54041" lon="5.81583">
        <ele>173</ele>
      </trkpt>
      <trkpt lat="50.54045" lon="5.8159">
        <ele>174</ele>
      </trkpt>
      <trkpt lat="50.54026" lon="5.8162">
        <ele>178</ele>
      </trkpt>
      <trkpt lat="50.54019" lon="5.81634">
        <ele>178</ele>
      </trkpt>
      <trkpt lat="50.53999" lon="5.81692">
        <ele>184</ele>
      </trkpt>
      <trkpt lat="50.5399" lon="5.81711">
        <ele>185</ele>
      </trkpt>
      <trkpt lat="50.5391" lon="5.81848">
        <ele>193</ele>
      </trkpt>
      <trkpt lat="50.53915" lon="5.81856">
        <ele>193</ele>
      </trkpt>
      <trkpt lat="50.5392" lon="5.81881">
        <ele>193</ele>
      </trkpt>
      <trkpt lat="50.53928" lon="5.81903">
        <ele>194</ele>
      </trkpt>
      <trkpt lat="50.53951" lon="5.81947">
        <ele>199</ele>
      </trkpt>
      <trkpt lat="50.53972" lon="5.81977">
        <ele>199</ele>
      </trkpt>
      <trkpt lat="50.5399" lon="5.82087">
        <ele>206</ele>
      </trkpt>
      <trkpt lat="50.53993" lon="5.82104">
        <ele>208</ele>
      </trkpt>
      <trkpt lat="50.53998" lon="5.8212">
        <ele>209</ele>
      </trkpt>
      <trkpt lat="50.54007" lon="5.82156">
        <ele>210</ele>
      </trkpt>
      <trkpt lat="50.54008" lon="5.82178">
        <ele>210</ele>
      </trkpt>
      <trkpt lat="50.54002" lon="5.82205">
        <ele>212</ele>
      </trkpt>
      <trkpt lat="50.54" lon="5.8222">
        <ele>212</ele>
      </trkpt>
      <trkpt lat="50.54012" lon="5.82251">
        <ele>219</ele>
      </trkpt>
      <trkpt lat="50.54013" lon="5.82261">
        <ele>219</ele>
      </trkpt>
      <trkpt lat="50.54012" lon="5.82277">
        <ele>220</ele>
      </trkpt>
      <trkpt lat="50.54016" lon="5.82285">
        <ele>220</ele>
      </trkpt>
      <trkpt lat="50.5402" lon="5.82289">
        <ele>221</ele>
      </trkpt>
      <trkpt lat="50.54023" lon="5.82301">
        <ele>221</ele>
      </trkpt>
      <trkpt lat="50.54034" lon="5.82311">
        <ele>222</ele>
      </trkpt>
      <trkpt lat="50.54051" lon="5.8232">
        <ele>222</ele>
      </trkpt>
      <trkpt lat="50.54075" lon="5.82358">
        <ele>224</ele>
      </trkpt>
      <trkpt lat="50.5409" lon="5.82403">
        <ele>226</ele>
      </trkpt>
      <trkpt lat="50.54098" lon="5.82419">
        <ele>229</ele>
      </trkpt>
      <trkpt lat="50.54107" lon="5.82427">
        <ele>230</ele>
      </trkpt>
      <trkpt lat="50.54117" lon="5.82432">
        <ele>231</ele>
      </trkpt>
      <trkpt lat="50.54125" lon="5.82439">
        <ele>232</ele>
      </trkpt>
      <trkpt lat="50.54141" lon="5.82469">
        <ele>232</ele>
      </trkpt>
      <trkpt lat="50.5415" lon="5.82491">
        <ele>232</ele>
      </trkpt>
      <trkpt lat="50.54165" lon="5.82534">
        <ele>233</ele>
      </trkpt>
      <trkpt lat="50.54181" lon="5.82562">
        <ele>235</ele>
      </trkpt>
      <trkpt lat="50.542" lon="5.82585">
        <ele>235</ele>
      </trkpt>
      <trkpt lat="50.54217" lon="5.82601">
        <ele>234</ele>
      </trkpt>
      <trkpt lat="50.54232" lon="5.82608">
        <ele>234</ele>
      </trkpt>
      <trkpt lat="50.54261" lon="5.82616">
        <ele>235</ele>
      </trkpt>
      <trkpt lat="50.54334" lon="5.82604">
        <ele>235</ele>
      </trkpt>
      <trkpt lat="50.54351" lon="5.82607">
        <ele>236</ele>
      </trkpt>
      <trkpt lat="50.54356" lon="5.82609">
        <ele>236</ele>
      </trkpt>
      <trkpt lat="50.54394" lon="5.8263">
        <ele>236</ele>
      </trkpt>
      <trkpt lat="50.54408" lon="5.82629">
        <ele>236</ele>
      </trkpt>
      <trkpt lat="50.54424" lon="5.82632">
        <ele>237</ele>
      </trkpt>
      <trkpt lat="50.54441" lon="5.82641">
        <ele>238</ele>
      </trkpt>
      <trkpt lat="50.545" lon="5.82685">
        <ele>238</ele>
      </trkpt>
      <trkpt lat="50.54512" lon="5.8269">
        <ele>240</ele>
      </trkpt>
      <trkpt lat="50.54517" lon="5.8269">
        <ele>240</ele>
      </trkpt>
      <trkpt lat="50.5452" lon="5.82686">
        <ele>240</ele>
      </trkpt>
      <trkpt lat="50.5456" lon="5.82599">
        <ele>240</ele>
      </trkpt>
      <trkpt lat="50.54572" lon="5.82602">
        <ele>240</ele>
      </trkpt>
      <trkpt lat="50.54588" lon="5.82613">
        <ele>240</ele>
      </trkpt>
      <trkpt lat="50.54601" lon="5.82664">
        <ele>240</ele>
      </trkpt>
      <trkpt lat="50.54622" lon="5.8273">
        <ele>242</ele>
      </trkpt>
      <trkpt lat="50.54646" lon="5.82827">
        <ele>245</ele>
      </trkpt>
      <trkpt lat="50.54655" lon="5.82981">
        <ele>254</ele>
      </trkpt>
      <trkpt lat="50.54658" lon="5.82989">
        <ele>254</ele>
      </trkpt>
      <trkpt lat="50.5466" lon="5.83002">
        <ele>254</ele>
      </trkpt>
      <trkpt lat="50.5466" lon="5.83076">
        <ele>259</ele>
      </trkpt>
      <trkpt lat="50.54667" lon="5.83154">
        <ele>263</ele>
      </trkpt>
      <trkpt lat="50.54671" lon="5.83179">
        <ele>263</ele>
      </trkpt>
      <trkpt lat="50.54695" lon="5.83272">
        <ele>270</ele>
      </trkpt>
      <trkpt lat="50.54702" lon="5.8327">
        <ele>270</ele>
      </trkpt>
      <trkpt lat="50.54722" lon="5.83196">
        <ele>268</ele>
      </trkpt>
      <trkpt lat="50.5474" lon="5.83153">
        <ele>265</ele>
      </trkpt>
      <trkpt lat="50.54745" lon="5.83144">
        <ele>264</ele>
      </trkpt>
      <trkpt lat="50.54755" lon="5.83137">
        <ele>264</ele>
      </trkpt>
      <trkpt lat="50.54786" lon="5.8313">
        <ele>261</ele>
      </trkpt>
      <trkpt lat="50.54801" lon="5.83132">
        <ele>261</ele>
      </trkpt>
      <trkpt lat="50.54839" lon="5.83153">
        <ele>260</ele>
      </trkpt>
      <trkpt lat="50.54859" lon="5.83169">
        <ele>255</ele>
      </trkpt>
      <trkpt lat="50.54949" lon="5.83254">
        <ele>254</ele>
      </trkpt>
      <trkpt lat="50.55063" lon="5.8332">
        <ele>256</ele>
      </trkpt>
      <trkpt lat="50.55079" lon="5.83325">
        <ele>255</ele>
      </trkpt>
      <trkpt lat="50.55106" lon="5.83329">
        <ele>251</ele>
      </trkpt>
      <trkpt lat="50.5511" lon="5.83333">
        <ele>251</ele>
      </trkpt>
      <trkpt lat="50.55154" lon="5.83421">
        <ele>257</ele>
      </trkpt>
      <trkpt lat="50.5517" lon="5.83463">
        <ele>260</ele>
      </trkpt>
      <trkpt lat="50.55181" lon="5.83501">
        <ele>258</ele>
      </trkpt>
      <trkpt lat="50.55193" lon="5.8357">
        <ele>258</ele>
      </trkpt>
      <trkpt lat="50.55207" lon="5.83634">
        <ele>258</ele>
      </trkpt>
      <trkpt lat="50.55246" lon="5.83753">
        <ele>265</ele>
      </trkpt>
      <trkpt lat="50.55266" lon="5.83793">
        <ele>269</ele>
      </trkpt>
      <trkpt lat="50.55292" lon="5.83846">
        <ele>270</ele>
      </trkpt>
      <trkpt lat="50.55306" lon="5.83881">
        <ele>270</ele>
      </trkpt>
      <trkpt lat="50.55396" lon="5.84136">
        <ele>278</ele>
      </trkpt>
      <trkpt lat="50.55413" lon="5.84173">
        <ele>280</ele>
      </trkpt>
      <trkpt lat="50.55439" lon="5.8421">
        <ele>284</ele>
      </trkpt>
      <trkpt lat="50.55467" lon="5.84263">
        <ele>285</ele>
      </trkpt>
      <trkpt lat="50.55478" lon="5.84299">
        <ele>287</ele>
      </trkpt>
      <trkpt lat="50.55484" lon="5.84331">
        <ele>288</ele>
      </trkpt>
      <trkpt lat="50.55485" lon="5.84365">
        <ele>290</ele>
      </trkpt>
      <trkpt lat="50.55484" lon="5.84405">
        <ele>289</ele>
      </trkpt>
      <trkpt lat="50.55485" lon="5.84467">
        <ele>290</ele>
      </trkpt>
      <trkpt lat="50.55496" lon="5.84568">
        <ele>294</ele>
      </trkpt>
      <trkpt lat="50.5551" lon="5.84652">
        <ele>300</ele>
      </trkpt>
      <trkpt lat="50.55525" lon="5.84701">
        <ele>303</ele>
      </trkpt>
      <trkpt lat="50.55541" lon="5.84736">
        <ele>303</ele>
      </trkpt>
      <trkpt lat="50.55549" lon="5.84798">
        <ele>304</ele>
      </trkpt>
      <trkpt lat="50.55551" lon="5.8482">
        <ele>305</ele>
      </trkpt>
      <trkpt lat="50.55546" lon="5.84856">
        <ele>306</ele>
      </trkpt>
      <trkpt lat="50.55544" lon="5.84883">
        <ele>305</ele>
      </trkpt>
      <trkpt lat="50.55547" lon="5.84894">
        <ele>305</ele>
      </trkpt>
      <trkpt lat="50.55553" lon="5.84904">
        <ele>306</ele>
      </trkpt>
      <trkpt lat="50.55561" lon="5.84904">
        <ele>306</ele>
      </trkpt>
      <trkpt lat="50.55563" lon="5.84901">
        <ele>306</ele>
      </trkpt>
      <trkpt lat="50.55575" lon="5.8485">
        <ele>308</ele>
      </trkpt>
      <trkpt lat="50.55597" lon="5.84788">
        <ele>313</ele>
      </trkpt>
      <trkpt lat="50.55601" lon="5.84771">
        <ele>314</ele>
      </trkpt>
      <trkpt lat="50.55612" lon="5.84702">
        <ele>314</ele>
      </trkpt>
      <trkpt lat="50.55625" lon="5.84656">
        <ele>314</ele>
      </trkpt>
      <trkpt lat="50.55666" lon="5.84564">
        <ele>313</ele>
      </trkpt>
      <trkpt lat="50.55678" lon="5.84551">
        <ele>319</ele>
      </trkpt>
      <trkpt lat="50.55737" lon="5.84514">
        <ele>319</ele>
      </trkpt>
      <trkpt lat="50.55755" lon="5.84497">
        <ele>319</ele>
      </trkpt>
      <trkpt lat="50.55809" lon="5.84438">
        <ele>321</ele>
      </trkpt>
      <trkpt lat="50.55815" lon="5.84433">
        <ele>321</ele>
      </trkpt>
      <trkpt lat="50.55827" lon="5.84431">
        <ele>321</ele>
      </trkpt>
      <trkpt lat="50.55839" lon="5.84433">
        <ele>321</ele>
      </trkpt>
      <trkpt lat="50.55858" lon="5.84442">
        <ele>322</ele>
      </trkpt>
      <trkpt lat="50.55844" lon="5.84409">
        <ele>320</ele>
      </trkpt>
      <trkpt lat="50.55788" lon="5.84269">
        <ele>316</ele>
      </trkpt>
      <trkpt lat="50.55767" lon="5.84204">
        <ele>314</ele>
      </trkpt>
      <trkpt lat="50.55756" lon="5.84163">
        <ele>312</ele>
      </trkpt>
      <trkpt lat="50.55744" lon="5.8413">
        <ele>311</ele>
      </trkpt>
      <trkpt lat="50.55739" lon="5.84121">
        <ele>311</ele>
      </trkpt>
      <trkpt lat="50.55721" lon="5.84095">
        <ele>312</ele>
      </trkpt>
      <trkpt lat="50.55673" lon="5.84042">
        <ele>308</ele>
      </trkpt>
      <trkpt lat="50.55653" lon="5.84026">
        <ele>308</ele>
      </trkpt>
      <trkpt lat="50.55625" lon="5.84015">
        <ele>307</ele>
      </trkpt>
      <trkpt lat="50.55608" lon="5.84003">
        <ele>310</ele>
      </trkpt>
      <trkpt lat="50.55585" lon="5.83979">
        <ele>304</ele>
      </trkpt>
      <trkpt lat="50.55559" lon="5.83932">
        <ele>304</ele>
      </trkpt>
      <trkpt lat="50.55524" lon="5.83854">
        <ele>307</ele>
      </trkpt>
      <trkpt lat="50.55507" lon="5.83792">
        <ele>302</ele>
      </trkpt>
      <trkpt lat="50.555" lon="5.83758">
        <ele>304</ele>
      </trkpt>
      <trkpt lat="50.55496" lon="5.83718">
        <ele>304</ele>
      </trkpt>
      <trkpt lat="50.55494" lon="5.83679">
        <ele>304</ele>
      </trkpt>
      <trkpt lat="50.55495" lon="5.83629">
        <ele>305</ele>
      </trkpt>
      <trkpt lat="50.55505" lon="5.8349">
        <ele>303</ele>
      </trkpt>
      <trkpt lat="50.55502" lon="5.83416">
        <ele>302</ele>
      </trkpt>
      <trkpt lat="50.55498" lon="5.83388">
        <ele>302</ele>
      </trkpt>
      <trkpt lat="50.55496" lon="5.8338">
        <ele>302</ele>
      </trkpt>
      <trkpt lat="50.55491" lon="5.83365">
        <ele>301</ele>
      </trkpt>
      <trkpt lat="50.55483" lon="5.83347">
        <ele>300</ele>
      </trkpt>
      <trkpt lat="50.55477" lon="5.83339">
        <ele>300</ele>
      </trkpt>
      <trkpt lat="50.55441" lon="5.8331">
        <ele>299</ele>
      </trkpt>
      <trkpt lat="50.5542" lon="5.83288">
        <ele>291</ele>
      </trkpt>
      <trkpt lat="50.5541" lon="5.83271">
        <ele>290</ele>
      </trkpt>
      <trkpt lat="50.55391" lon="5.83224">
        <ele>289</ele>
      </trkpt>
      <trkpt lat="50.55376" lon="5.83197">
        <ele>288</ele>
      </trkpt>
      <trkpt lat="50.55372" lon="5.83183">
        <ele>288</ele>
      </trkpt>
      <trkpt lat="50.55371" lon="5.83152">
        <ele>287</ele>
      </trkpt>
      <trkpt lat="50.55375" lon="5.83133">
        <ele>287</ele>
      </trkpt>
      <trkpt lat="50.55402" lon="5.83089">
        <ele>285</ele>
      </trkpt>
      <trkpt lat="50.55432" lon="5.83016">
        <ele>291</ele>
      </trkpt>
      <trkpt lat="50.55438" lon="5.82991">
        <ele>288</ele>
      </trkpt>
      <trkpt lat="50.55438" lon="5.82982">
        <ele>288</ele>
      </trkpt>
      <trkpt lat="50.55439" lon="5.8297">
        <ele>288</ele>
      </trkpt>
      <trkpt lat="50.55435" lon="5.82898">
        <ele>283</ele>
      </trkpt>
      <trkpt lat="50.55428" lon="5.82846">
        <ele>278</ele>
      </trkpt>
      <trkpt lat="50.55425" lon="5.82795">
        <ele>270</ele>
      </trkpt>
      <trkpt lat="50.55426" lon="5.82701">
        <ele>273</ele>
      </trkpt>
      <trkpt lat="50.55423" lon="5.82633">
        <ele>265</ele>
      </trkpt>
      <trkpt lat="50.55419" lon="5.82596">
        <ele>263</ele>
      </trkpt>
      <trkpt lat="50.5542" lon="5.82576">
        <ele>263</ele>
      </trkpt>
      <trkpt lat="50.55442" lon="5.8248">
        <ele>264</ele>
      </trkpt>
      <trkpt lat="50.55459" lon="5.82378">
        <ele>257</ele>
      </trkpt>
      <trkpt lat="50.5546" lon="5.82351">
        <ele>256</ele>
      </trkpt>
      <trkpt lat="50.55454" lon="5.8231">
        <ele>250</ele>
      </trkpt>
      <trkpt lat="50.55448" lon="5.82277">
        <ele>248</ele>
      </trkpt>
      <trkpt lat="50.55447" lon="5.8225">
        <ele>242</ele>
      </trkpt>
      <trkpt lat="50.5545" lon="5.82212">
        <ele>241</ele>
      </trkpt>
      <trkpt lat="50.55457" lon="5.8218">
        <ele>235</ele>
      </trkpt>
      <trkpt lat="50.55466" lon="5.82169">
        <ele>235</ele>
      </trkpt>
      <trkpt lat="50.55476" lon="5.82167">
        <ele>235</ele>
      </trkpt>
      <trkpt lat="50.5552" lon="5.8217">
        <ele>234</ele>
      </trkpt>
      <trkpt lat="50.55559" lon="5.82214">
        <ele>241</ele>
      </trkpt>
      <trkpt lat="50.5557" lon="5.8222">
        <ele>240</ele>
      </trkpt>
      <trkpt lat="50.55576" lon="5.82221">
        <ele>240</ele>
      </trkpt>
      <trkpt lat="50.55609" lon="5.82213">
        <ele>232</ele>
      </trkpt>
      <trkpt lat="50.55617" lon="5.82217">
        <ele>231</ele>
      </trkpt>
      <trkpt lat="50.55621" lon="5.82221">
        <ele>231</ele>
      </trkpt>
      <trkpt lat="50.55628" lon="5.82232">
        <ele>231</ele>
      </trkpt>
      <trkpt lat="50.55632" lon="5.82245">
        <ele>231</ele>
      </trkpt>
      <trkpt lat="50.55633" lon="5.82262">
        <ele>231</ele>
      </trkpt>
      <trkpt lat="50.55622" lon="5.82345">
        <ele>237</ele>
      </trkpt>
      <trkpt lat="50.55621" lon="5.8236">
        <ele>241</ele>
      </trkpt>
      <trkpt lat="50.55623" lon="5.82381">
        <ele>241</ele>
      </trkpt>
      <trkpt lat="50.55632" lon="5.82421">
        <ele>242</ele>
      </trkpt>
      <trkpt lat="50.55639" lon="5.82443">
        <ele>248</ele>
      </trkpt>
      <trkpt lat="50.55648" lon="5.82463">
        <ele>248</ele>
      </trkpt>
      <trkpt lat="50.55659" lon="5.82484">
        <ele>248</ele>
      </trkpt>
      <trkpt lat="50.55689" lon="5.82523">
        <ele>248</ele>
      </trkpt>
      <trkpt lat="50.55707" lon="5.82543">
        <ele>248</ele>
      </trkpt>
      <trkpt lat="50.55758" lon="5.82594">
        <ele>248</ele>
      </trkpt>
      <trkpt lat="50.55808" lon="5.8264">
        <ele>246</ele>
      </trkpt>
      <trkpt lat="50.55827" lon="5.82662">
        <ele>250</ele>
      </trkpt>
      <trkpt lat="50.55884" lon="5.82721">
        <ele>250</ele>
      </trkpt>
      <trkpt lat="50.55896" lon="5.82734">
        <ele>254</ele>
      </trkpt>
      <trkpt lat="50.55941" lon="5.82807">
        <ele>259</ele>
      </trkpt>
      <trkpt lat="50.55956" lon="5.8282">
        <ele>259</ele>
      </trkpt>
      <trkpt lat="50.55972" lon="5.82831">
        <ele>260</ele>
      </trkpt>
      <trkpt lat="50.55986" lon="5.82849">
        <ele>263</ele>
      </trkpt>
      <trkpt lat="50.55997" lon="5.82884">
        <ele>263</ele>
      </trkpt>
      <trkpt lat="50.56005" lon="5.82894">
        <ele>263</ele>
      </trkpt>
      <trkpt lat="50.5605" lon="5.82934">
        <ele>266</ele>
      </trkpt>
      <trkpt lat="50.56005" lon="5.82894">
        <ele>263</ele>
      </trkpt>
      <trkpt lat="50.55997" lon="5.82884">
        <ele>263</ele>
      </trkpt>
      <trkpt lat="50.55986" lon="5.82849">
        <ele>263</ele>
      </trkpt>
      <trkpt lat="50.55972" lon="5.82831">
        <ele>260</ele>
      </trkpt>
      <trkpt lat="50.55986" lon="5.82849">
        <ele>263</ele>
      </trkpt>
      <trkpt lat="50.55997" lon="5.82884">
        <ele>263</ele>
      </trkpt>
      <trkpt lat="50.56005" lon="5.82894">
        <ele>263</ele>
      </trkpt>
      <trkpt lat="50.5605" lon="5.82934">
        <ele>266</ele>
      </trkpt>
      <trkpt lat="50.56053" lon="5.82933">
        <ele>266</ele>
      </trkpt>
      <trkpt lat="50.56056" lon="5.82929">
        <ele>265</ele>
      </trkpt>
      <trkpt lat="50.56056" lon="5.82923">
        <ele>265</ele>
      </trkpt>
      <trkpt lat="50.56045" lon="5.82871">
        <ele>265</ele>
      </trkpt>
      <trkpt lat="50.56039" lon="5.82802">
        <ele>267</ele>
      </trkpt>
      <trkpt lat="50.5604" lon="5.82783">
        <ele>267</ele>
      </trkpt>
      <trkpt lat="50.56041" lon="5.82765">
        <ele>267</ele>
      </trkpt>
      <trkpt lat="50.56043" lon="5.82758">
        <ele>268</ele>
      </trkpt>
      <trkpt lat="50.56054" lon="5.82752">
        <ele>269</ele>
      </trkpt>
      <trkpt lat="50.56062" lon="5.82758">
        <ele>269</ele>
      </trkpt>
      <trkpt lat="50.56072" lon="5.8277">
        <ele>268</ele>
      </trkpt>
      <trkpt lat="50.56101" lon="5.82816">
        <ele>273</ele>
      </trkpt>
      <trkpt lat="50.56154" lon="5.82887">
        <ele>274</ele>
      </trkpt>
      <trkpt lat="50.56178" lon="5.82913">
        <ele>278</ele>
      </trkpt>
      <trkpt lat="50.56212" lon="5.82969">
        <ele>282</ele>
      </trkpt>
      <trkpt lat="50.56321" lon="5.83085">
        <ele>287</ele>
      </trkpt>
      <trkpt lat="50.56352" lon="5.83123">
        <ele>292</ele>
      </trkpt>
      <trkpt lat="50.56422" lon="5.83233">
        <ele>294</ele>
      </trkpt>
      <trkpt lat="50.56465" lon="5.83156">
        <ele>293</ele>
      </trkpt>
      <trkpt lat="50.56475" lon="5.8313">
        <ele>293</ele>
      </trkpt>
      <trkpt lat="50.56478" lon="5.83111">
        <ele>292</ele>
      </trkpt>
      <trkpt lat="50.56471" lon="5.83055">
        <ele>292</ele>
      </trkpt>
      <trkpt lat="50.56468" lon="5.83004">
        <ele>290</ele>
      </trkpt>
      <trkpt lat="50.56463" lon="5.82955">
        <ele>290</ele>
      </trkpt>
      <trkpt lat="50.56461" lon="5.82932">
        <ele>289</ele>
      </trkpt>
      <trkpt lat="50.56461" lon="5.82879">
        <ele>289</ele>
      </trkpt>
      <trkpt lat="50.56451" lon="5.82807">
        <ele>287</ele>
      </trkpt>
      <trkpt lat="50.5645" lon="5.82779">
        <ele>287</ele>
      </trkpt>
      <trkpt lat="50.56462" lon="5.82707">
        <ele>285</ele>
      </trkpt>
      <trkpt lat="50.56464" lon="5.82568">
        <ele>283</ele>
      </trkpt>
      <trkpt lat="50.56463" lon="5.82543">
        <ele>283</ele>
      </trkpt>
      <trkpt lat="50.5645" lon="5.82458">
        <ele>283</ele>
      </trkpt>
      <trkpt lat="50.5645" lon="5.82421">
        <ele>285</ele>
      </trkpt>
      <trkpt lat="50.56446" lon="5.82375">
        <ele>286</ele>
      </trkpt>
      <trkpt lat="50.56443" lon="5.82354">
        <ele>286</ele>
      </trkpt>
      <trkpt lat="50.56437" lon="5.8233">
        <ele>287</ele>
      </trkpt>
      <trkpt lat="50.56436" lon="5.82328">
        <ele>287</ele>
      </trkpt>
      <trkpt lat="50.5641" lon="5.8222">
        <ele>291</ele>
      </trkpt>
      <trkpt lat="50.56391" lon="5.82175">
        <ele>289</ele>
      </trkpt>
      <trkpt lat="50.56382" lon="5.82145">
        <ele>289</ele>
      </trkpt>
      <trkpt lat="50.56333" lon="5.82042">
        <ele>291</ele>
      </trkpt>
      <trkpt lat="50.56313" lon="5.82001">
        <ele>289</ele>
      </trkpt>
      <trkpt lat="50.56308" lon="5.81983">
        <ele>289</ele>
      </trkpt>
      <trkpt lat="50.56308" lon="5.81951">
        <ele>289</ele>
      </trkpt>
      <trkpt lat="50.5631" lon="5.81929">
        <ele>286</ele>
      </trkpt>
      <trkpt lat="50.56314" lon="5.81886">
        <ele>285</ele>
      </trkpt>
      <trkpt lat="50.56316" lon="5.81879">
        <ele>285</ele>
      </trkpt>
      <trkpt lat="50.56343" lon="5.81843">
        <ele>276</ele>
      </trkpt>
      <trkpt lat="50.56355" lon="5.81819">
        <ele>275</ele>
      </trkpt>
      <trkpt lat="50.56365" lon="5.81795">
        <ele>275</ele>
      </trkpt>
      <trkpt lat="50.56371" lon="5.81756">
        <ele>272</ele>
      </trkpt>
      <trkpt lat="50.5638" lon="5.81745">
        <ele>272</ele>
      </trkpt>
      <trkpt lat="50.56407" lon="5.81728">
        <ele>272</ele>
      </trkpt>
      <trkpt lat="50.56419" lon="5.81717">
        <ele>271</ele>
      </trkpt>
      <trkpt lat="50.56444" lon="5.81681">
        <ele>264</ele>
      </trkpt>
      <trkpt lat="50.5646" lon="5.81655">
        <ele>266</ele>
      </trkpt>
      <trkpt lat="50.56472" lon="5.81626">
        <ele>266</ele>
      </trkpt>
      <trkpt lat="50.56484" lon="5.81583">
        <ele>261</ele>
      </trkpt>
      <trkpt lat="50.56491" lon="5.81561">
        <ele>260</ele>
      </trkpt>
      <trkpt lat="50.565" lon="5.81539">
        <ele>259</ele>
      </trkpt>
      <trkpt lat="50.56509" lon="5.81482">
        <ele>252</ele>
      </trkpt>
      <trkpt lat="50.56512" lon="5.81418">
        <ele>245</ele>
      </trkpt>
      <trkpt lat="50.56513" lon="5.81376">
        <ele>243</ele>
      </trkpt>
      <trkpt lat="50.56516" lon="5.81327">
        <ele>237</ele>
      </trkpt>
      <trkpt lat="50.5652" lon="5.81297">
        <ele>236</ele>
      </trkpt>
      <trkpt lat="50.56513" lon="5.81231">
        <ele>227</ele>
      </trkpt>
      <trkpt lat="50.56512" lon="5.81146">
        <ele>217</ele>
      </trkpt>
      <trkpt lat="50.56513" lon="5.81112">
        <ele>215</ele>
      </trkpt>
      <trkpt lat="50.56519" lon="5.81065">
        <ele>208</ele>
      </trkpt>
      <trkpt lat="50.56519" lon="5.81036">
        <ele>206</ele>
      </trkpt>
      <trkpt lat="50.56534" lon="5.80998">
        <ele>200</ele>
      </trkpt>
      <trkpt lat="50.56521" lon="5.8096">
        <ele>199</ele>
      </trkpt>
      <trkpt lat="50.56509" lon="5.80882">
        <ele>192</ele>
      </trkpt>
      <trkpt lat="50.56494" lon="5.80886">
        <ele>192</ele>
      </trkpt>
      <trkpt lat="50.5647" lon="5.80886">
        <ele>195</ele>
      </trkpt>
      <trkpt lat="50.56453" lon="5.80892">
        <ele>192</ele>
      </trkpt>
      <trkpt lat="50.5645" lon="5.80907">
        <ele>191</ele>
      </trkpt>
      <trkpt lat="50.56443" lon="5.8097">
        <ele>195</ele>
      </trkpt>
      <trkpt lat="50.56445" lon="5.81004">
        <ele>195</ele>
      </trkpt>
      <trkpt lat="50.56435" lon="5.811">
        <ele>207</ele>
      </trkpt>
      <trkpt lat="50.56426" lon="5.81117">
        <ele>193</ele>
      </trkpt>
      <trkpt lat="50.564" lon="5.80779">
        <ele>175</ele>
      </trkpt>
      <trkpt lat="50.56387" lon="5.80711">
        <ele>176</ele>
      </trkpt>
      <trkpt lat="50.56383" lon="5.80626">
        <ele>175</ele>
      </trkpt>
      <trkpt lat="50.56362" lon="5.80587">
        <ele>167</ele>
      </trkpt>
      <trkpt lat="50.56351" lon="5.80531">
        <ele>164</ele>
      </trkpt>
      <trkpt lat="50.56353" lon="5.80514">
        <ele>163</ele>
      </trkpt>
      <trkpt lat="50.56368" lon="5.80493">
        <ele>160</ele>
      </trkpt>
      <trkpt lat="50.5636" lon="5.80485">
        <ele>159</ele>
      </trkpt>
      <trkpt lat="50.56358" lon="5.80465">
        <ele>158</ele>
      </trkpt>
      <trkpt lat="50.56355" lon="5.80469">
        <ele>158</ele>
      </trkpt>
      <trkpt lat="50.5634" lon="5.80474">
        <ele>150</ele>
      </trkpt>
      <trkpt lat="50.56336" lon="5.80472">
        <ele>150</ele>
      </trkpt>
      <trkpt lat="50.56333" lon="5.80472">
        <ele>149</ele>
      </trkpt>
      <trkpt lat="50.56315" lon="5.80498">
        <ele>148</ele>
      </trkpt>
      <trkpt lat="50.56318" lon="5.80502">
        <ele>148</ele>
      </trkpt>
      <trkpt lat="50.56307" lon="5.80521">
        <ele>150</ele>
      </trkpt>
      <trkpt lat="50.56306" lon="5.80521">
        <ele>150</ele>
      </trkpt>
      <trkpt lat="50.56289" lon="5.80547">
        <ele>148</ele>
      </trkpt>
      <trkpt lat="50.56275" lon="5.80576">
        <ele>149</ele>
      </trkpt>
      <trkpt lat="50.56265" lon="5.80605">
        <ele>151</ele>
      </trkpt>
      <trkpt lat="50.56256" lon="5.8068">
        <ele>145</ele>
      </trkpt>
      <trkpt lat="50.56255" lon="5.80746">
        <ele>147</ele>
      </trkpt>
      <trkpt lat="50.56228" lon="5.8072">
        <ele>145</ele>
      </trkpt>
      <trkpt lat="50.56221" lon="5.80705">
        <ele>146</ele>
      </trkpt>
      <trkpt lat="50.56224" lon="5.80687">
        <ele>146</ele>
      </trkpt>
      <trkpt lat="50.56246" lon="5.80606">
        <ele>144</ele>
      </trkpt>
      <trkpt lat="50.56261" lon="5.80564">
        <ele>148</ele>
      </trkpt>
      <trkpt lat="50.56272" lon="5.8054">
        <ele>149</ele>
      </trkpt>
      <trkpt lat="50.56222" lon="5.80432">
        <ele>140</ele>
      </trkpt>
      <trkpt lat="50.56205" lon="5.80385">
        <ele>139</ele>
      </trkpt>
      <trkpt lat="50.56197" lon="5.80346">
        <ele>139</ele>
      </trkpt>
      <trkpt lat="50.56193" lon="5.80298">
        <ele>139</ele>
      </trkpt>
      <trkpt lat="50.56173" lon="5.8028">
        <ele>143</ele>
      </trkpt>
      <trkpt lat="50.56164" lon="5.80294">
        <ele>143</ele>
      </trkpt>
      <trkpt lat="50.5614" lon="5.80275">
        <ele>144</ele>
      </trkpt>
      <trkpt lat="50.56139" lon="5.80289">
        <ele>143</ele>
      </trkpt>
      <trkpt lat="50.56133" lon="5.80321">
        <ele>143</ele>
      </trkpt>
      <trkpt lat="50.56119" lon="5.80371">
        <ele>144</ele>
      </trkpt>
      <trkpt lat="50.56109" lon="5.80359">
        <ele>145</ele>
      </trkpt>
      <trkpt lat="50.56106" lon="5.80329">
        <ele>146</ele>
      </trkpt>
      <trkpt lat="50.56107" lon="5.80303">
        <ele>145</ele>
      </trkpt>
      <trkpt lat="50.56109" lon="5.80243">
        <ele>147</ele>
      </trkpt>
      <trkpt lat="50.56113" lon="5.80189">
        <ele>148</ele>
      </trkpt>
      <trkpt lat="50.56125" lon="5.80131">
        <ele>150</ele>
      </trkpt>
      <trkpt lat="50.56145" lon="5.80097">
        <ele>152</ele>
      </trkpt>
      <trkpt lat="50.56167" lon="5.80073">
        <ele>158</ele>
      </trkpt>
      <trkpt lat="50.56194" lon="5.80041">
        <ele>150</ele>
      </trkpt>
      <trkpt lat="50.56231" lon="5.80005">
        <ele>160</ele>
      </trkpt>
      <trkpt lat="50.56257" lon="5.79993">
        <ele>160</ele>
      </trkpt>
      <trkpt lat="50.56277" lon="5.79999">
        <ele>154</ele>
      </trkpt>
      <trkpt lat="50.56322" lon="5.79989">
        <ele>153</ele>
      </trkpt>
      <trkpt lat="50.56355" lon="5.79966">
        <ele>149</ele>
      </trkpt>
      <trkpt lat="50.56367" lon="5.79947">
        <ele>150</ele>
      </trkpt>
      <trkpt lat="50.56378" lon="5.79944">
        <ele>150</ele>
      </trkpt>
      <trkpt lat="50.56387" lon="5.79952">
        <ele>148</ele>
      </trkpt>
      <trkpt lat="50.56398" lon="5.79946">
        <ele>150</ele>
      </trkpt>
      <trkpt lat="50.56413" lon="5.79917">
        <ele>164</ele>
      </trkpt>
      <trkpt lat="50.56451" lon="5.79908">
        <ele>161</ele>
      </trkpt>
      <trkpt lat="50.56478" lon="5.79892">
        <ele>162</ele>
      </trkpt>
      <trkpt lat="50.56516" lon="5.79887">
        <ele>162</ele>
      </trkpt>
      <trkpt lat="50.56539" lon="5.7988">
        <ele>163</ele>
      </trkpt>
      <trkpt lat="50.56564" lon="5.79888">
        <ele>162</ele>
      </trkpt>
      <trkpt lat="50.56574" lon="5.79896">
        <ele>162</ele>
      </trkpt>
      <trkpt lat="50.56583" lon="5.79899">
        <ele>162</ele>
      </trkpt>
      <trkpt lat="50.56586" lon="5.79905">
        <ele>162</ele>
      </trkpt>
      <trkpt lat="50.56599" lon="5.79929">
        <ele>162</ele>
      </trkpt>
      <trkpt lat="50.56615" lon="5.79944">
        <ele>153</ele>
      </trkpt>
      <trkpt lat="50.56627" lon="5.79959">
        <ele>152</ele>
      </trkpt>
      <trkpt lat="50.56652" lon="5.7998">
        <ele>153</ele>
      </trkpt>
      <trkpt lat="50.56663" lon="5.79996">
        <ele>153</ele>
      </trkpt>
      <trkpt lat="50.56677" lon="5.80006">
        <ele>154</ele>
      </trkpt>
      <trkpt lat="50.56691" lon="5.80013">
        <ele>155</ele>
      </trkpt>
      <trkpt lat="50.56711" lon="5.80027">
        <ele>149</ele>
      </trkpt>
      <trkpt lat="50.56714" lon="5.80019">
        <ele>149</ele>
      </trkpt>
      <trkpt lat="50.5671" lon="5.80013">
        <ele>155</ele>
      </trkpt>
      <trkpt lat="50.56711" lon="5.8001">
        <ele>155</ele>
      </trkpt>
      <trkpt lat="50.56728" lon="5.80021">
        <ele>149</ele>
      </trkpt>
      <trkpt lat="50.56741" lon="5.80022">
        <ele>149</ele>
      </trkpt>
      <trkpt lat="50.56687" lon="5.79971">
        <ele>157</ele>
      </trkpt>
      <trkpt lat="50.56683" lon="5.79964">
        <ele>157</ele>
      </trkpt>
      <trkpt lat="50.56697" lon="5.79966">
        <ele>158</ele>
      </trkpt>
      <trkpt lat="50.56726" lon="5.79982">
        <ele>158</ele>
      </trkpt>
      <trkpt lat="50.56756" lon="5.80005">
        <ele>155</ele>
      </trkpt>
      <trkpt lat="50.56778" lon="5.80016">
        <ele>147</ele>
      </trkpt>
      <trkpt lat="50.56788" lon="5.80015">
        <ele>147</ele>
      </trkpt>
      <trkpt lat="50.56745" lon="5.79971">
        <ele>157</ele>
      </trkpt>
      <trkpt lat="50.56707" lon="5.79937">
        <ele>159</ele>
      </trkpt>
      <trkpt lat="50.56701" lon="5.79927">
        <ele>164</ele>
      </trkpt>
      <trkpt lat="50.56688" lon="5.79914">
        <ele>165</ele>
      </trkpt>
      <trkpt lat="50.5669" lon="5.79885">
        <ele>166</ele>
      </trkpt>
      <trkpt lat="50.56699" lon="5.7988">
        <ele>166</ele>
      </trkpt>
      <trkpt lat="50.5672" lon="5.79857">
        <ele>167</ele>
      </trkpt>
      <trkpt lat="50.56731" lon="5.7984">
        <ele>168</ele>
      </trkpt>
      <trkpt lat="50.56739" lon="5.79819">
        <ele>169</ele>
      </trkpt>
      <trkpt lat="50.56751" lon="5.79775">
        <ele>166</ele>
      </trkpt>
      <trkpt lat="50.56756" lon="5.79769">
        <ele>166</ele>
      </trkpt>
      <trkpt lat="50.56721" lon="5.79711">
        <ele>164</ele>
      </trkpt>
      <trkpt lat="50.56701" lon="5.79683">
        <ele>164</ele>
      </trkpt>
      <trkpt lat="50.5666" lon="5.79653">
        <ele>171</ele>
      </trkpt>
      <trkpt lat="50.5653" lon="5.79433">
        <ele>170</ele>
      </trkpt>
      <trkpt lat="50.56498" lon="5.79391">
        <ele>178</ele>
      </trkpt>
      <trkpt lat="50.56497" lon="5.79361">
        <ele>177</ele>
      </trkpt>
      <trkpt lat="50.56482" lon="5.79305">
        <ele>174</ele>
      </trkpt>
      <trkpt lat="50.56465" lon="5.7926">
        <ele>166</ele>
      </trkpt>
      <trkpt lat="50.56444" lon="5.79223">
        <ele>167</ele>
      </trkpt>
      <trkpt lat="50.56411" lon="5.79192">
        <ele>179</ele>
      </trkpt>
      <trkpt lat="50.56392" lon="5.79165">
        <ele>174</ele>
      </trkpt>
      <trkpt lat="50.56349" lon="5.79087">
        <ele>167</ele>
      </trkpt>
      <trkpt lat="50.56337" lon="5.79071">
        <ele>175</ele>
      </trkpt>
      <trkpt lat="50.56297" lon="5.78998">
        <ele>168</ele>
      </trkpt>
      <trkpt lat="50.56254" lon="5.78888">
        <ele>164</ele>
      </trkpt>
      <trkpt lat="50.56242" lon="5.78848">
        <ele>163</ele>
      </trkpt>
      <trkpt lat="50.56235" lon="5.78835">
        <ele>158</ele>
      </trkpt>
      <trkpt lat="50.56226" lon="5.78817">
        <ele>157</ele>
      </trkpt>
      <trkpt lat="50.56211" lon="5.78801">
        <ele>156</ele>
      </trkpt>
      <trkpt lat="50.56179" lon="5.78757">
        <ele>155</ele>
      </trkpt>
      <trkpt lat="50.56174" lon="5.78741">
        <ele>165</ele>
      </trkpt>
      <trkpt lat="50.56174" lon="5.78723">
        <ele>164</ele>
      </trkpt>
      <trkpt lat="50.56191" lon="5.78675">
        <ele>151</ele>
      </trkpt>
      <trkpt lat="50.56192" lon="5.78657">
        <ele>150</ele>
      </trkpt>
      <trkpt lat="50.56189" lon="5.78639">
        <ele>150</ele>
      </trkpt>
      <trkpt lat="50.56175" lon="5.78618">
        <ele>162</ele>
      </trkpt>
      <trkpt lat="50.56162" lon="5.78602">
        <ele>164</ele>
      </trkpt>
      <trkpt lat="50.56145" lon="5.78587">
        <ele>166</ele>
      </trkpt>
      <trkpt lat="50.56124" lon="5.7857">
        <ele>168</ele>
      </trkpt>
      <trkpt lat="50.5611" lon="5.78552">
        <ele>169</ele>
      </trkpt>
      <trkpt lat="50.56104" lon="5.78532">
        <ele>170</ele>
      </trkpt>
      <trkpt lat="50.56104" lon="5.78523">
        <ele>171</ele>
      </trkpt>
      <trkpt lat="50.56105" lon="5.78469">
        <ele>174</ele>
      </trkpt>
      <trkpt lat="50.56114" lon="5.78441">
        <ele>174</ele>
      </trkpt>
      <trkpt lat="50.56117" lon="5.78442">
        <ele>174</ele>
      </trkpt>
      <trkpt lat="50.56123" lon="5.78433">
        <ele>174</ele>
      </trkpt>
      <trkpt lat="50.56142" lon="5.78379">
        <ele>178</ele>
      </trkpt>
      <trkpt lat="50.56147" lon="5.78337">
        <ele>183</ele>
      </trkpt>
      <trkpt lat="50.56147" lon="5.78307">
        <ele>183</ele>
      </trkpt>
      <trkpt lat="50.56151" lon="5.78272">
        <ele>184</ele>
      </trkpt>
      <trkpt lat="50.56151" lon="5.78251">
        <ele>184</ele>
      </trkpt>
      <trkpt lat="50.56148" lon="5.78229">
        <ele>183</ele>
      </trkpt>
      <trkpt lat="50.56143" lon="5.78214">
        <ele>182</ele>
      </trkpt>
      <trkpt lat="50.56113" lon="5.78165">
        <ele>181</ele>
      </trkpt>
      <trkpt lat="50.56104" lon="5.78136">
        <ele>181</ele>
      </trkpt>
      <trkpt lat="50.5609" lon="5.78102">
        <ele>187</ele>
      </trkpt>
      <trkpt lat="50.56075" lon="5.78081">
        <ele>184</ele>
      </trkpt>
      <trkpt lat="50.56051" lon="5.78054">
        <ele>186</ele>
      </trkpt>
      <trkpt lat="50.56043" lon="5.78043">
        <ele>185</ele>
      </trkpt>
      <trkpt lat="50.56044" lon="5.78016">
        <ele>183</ele>
      </trkpt>
      <trkpt lat="50.56054" lon="5.78004">
        <ele>181</ele>
      </trkpt>
      <trkpt lat="50.56088" lon="5.77996">
        <ele>178</ele>
      </trkpt>
      <trkpt lat="50.56104" lon="5.77983">
        <ele>167</ele>
      </trkpt>
      <trkpt lat="50.56116" lon="5.77967">
        <ele>165</ele>
      </trkpt>
      <trkpt lat="50.56132" lon="5.77939">
        <ele>164</ele>
      </trkpt>
      <trkpt lat="50.56139" lon="5.77911">
        <ele>161</ele>
      </trkpt>
      <trkpt lat="50.56141" lon="5.77888">
        <ele>162</ele>
      </trkpt>
      <trkpt lat="50.56138" lon="5.77866">
        <ele>161</ele>
      </trkpt>
      <trkpt lat="50.56132" lon="5.77844">
        <ele>161</ele>
      </trkpt>
      <trkpt lat="50.56123" lon="5.77796">
        <ele>162</ele>
      </trkpt>
      <trkpt lat="50.56122" lon="5.77711">
        <ele>159</ele>
      </trkpt>
      <trkpt lat="50.56133" lon="5.77692">
        <ele>157</ele>
      </trkpt>
      <trkpt lat="50.5615" lon="5.77649">
        <ele>153</ele>
      </trkpt>
      <trkpt lat="50.56169" lon="5.77595">
        <ele>149</ele>
      </trkpt>
      <trkpt lat="50.5618" lon="5.77563">
        <ele>137</ele>
      </trkpt>
      <trkpt lat="50.56191" lon="5.7752">
        <ele>136</ele>
      </trkpt>
      <trkpt lat="50.56195" lon="5.77483">
        <ele>134</ele>
      </trkpt>
      <trkpt lat="50.56199" lon="5.77469">
        <ele>133</ele>
      </trkpt>
      <trkpt lat="50.56209" lon="5.77447">
        <ele>133</ele>
      </trkpt>
      <trkpt lat="50.56224" lon="5.77402">
        <ele>133</ele>
      </trkpt>
      <trkpt lat="50.56233" lon="5.77387">
        <ele>133</ele>
      </trkpt>
      <trkpt lat="50.56242" lon="5.77357">
        <ele>133</ele>
      </trkpt>
      <trkpt lat="50.56247" lon="5.77347">
        <ele>133</ele>
      </trkpt>
      <trkpt lat="50.5625" lon="5.77341">
        <ele>136</ele>
      </trkpt>
      <trkpt lat="50.56261" lon="5.7733">
        <ele>132</ele>
      </trkpt>
      <trkpt lat="50.56276" lon="5.77326">
        <ele>131</ele>
      </trkpt>
      <trkpt lat="50.56302" lon="5.77303">
        <ele>127</ele>
      </trkpt>
      <trkpt lat="50.56327" lon="5.77262">
        <ele>137</ele>
      </trkpt>
      <trkpt lat="50.56335" lon="5.77256">
        <ele>137</ele>
      </trkpt>
      <trkpt lat="50.56342" lon="5.77244">
        <ele>138</ele>
      </trkpt>
      <trkpt lat="50.56347" lon="5.77275">
        <ele>130</ele>
      </trkpt>
      <trkpt lat="50.56338" lon="5.77346">
        <ele>130</ele>
      </trkpt>
      <trkpt lat="50.5633" lon="5.77367">
        <ele>129</ele>
      </trkpt>
      <trkpt lat="50.56317" lon="5.77429">
        <ele>129</ele>
      </trkpt>
      <trkpt lat="50.56316" lon="5.77485">
        <ele>130</ele>
      </trkpt>
      <trkpt lat="50.56313" lon="5.77514">
        <ele>133</ele>
      </trkpt>
      <trkpt lat="50.56321" lon="5.77518">
        <ele>134</ele>
      </trkpt>
      <trkpt lat="50.5634" lon="5.77521">
        <ele>136</ele>
      </trkpt>
      <trkpt lat="50.56349" lon="5.77493">
        <ele>139</ele>
      </trkpt>
      <trkpt lat="50.56358" lon="5.77473">
        <ele>139</ele>
      </trkpt>
      <trkpt lat="50.56388" lon="5.77418">
        <ele>135</ele>
      </trkpt>
      <trkpt lat="50.56553" lon="5.77185">
        <ele>130</ele>
      </trkpt>
      <trkpt lat="50.56578" lon="5.77199">
        <ele>131</ele>
      </trkpt>
      <trkpt lat="50.56591" lon="5.77196">
        <ele>131</ele>
      </trkpt>
      <trkpt lat="50.56617" lon="5.77177">
        <ele>134</ele>
      </trkpt>
      <trkpt lat="50.56624" lon="5.77272">
        <ele>143</ele>
      </trkpt>
      <trkpt lat="50.56623" lon="5.77287">
        <ele>143</ele>
      </trkpt>
      <trkpt lat="50.56633" lon="5.77296">
        <ele>142</ele>
      </trkpt>
      <trkpt lat="50.56636" lon="5.77304">
        <ele>141</ele>
      </trkpt>
      <trkpt lat="50.56634" lon="5.7732">
        <ele>143</ele>
      </trkpt>
      <trkpt lat="50.5663" lon="5.77339">
        <ele>145</ele>
      </trkpt>
      <trkpt lat="50.56626" lon="5.77371">
        <ele>150</ele>
      </trkpt>
      <trkpt lat="50.56623" lon="5.77408">
        <ele>152</ele>
      </trkpt>
      <trkpt lat="50.5663" lon="5.77439">
        <ele>157</ele>
      </trkpt>
      <trkpt lat="50.56646" lon="5.77488">
        <ele>158</ele>
      </trkpt>
      <trkpt lat="50.56681" lon="5.77572">
        <ele>163</ele>
      </trkpt>
      <trkpt lat="50.56684" lon="5.77576">
        <ele>163</ele>
      </trkpt>
      <trkpt lat="50.56693" lon="5.77588">
        <ele>164</ele>
      </trkpt>
      <trkpt lat="50.56751" lon="5.77594">
        <ele>165</ele>
      </trkpt>
      <trkpt lat="50.56814" lon="5.77596">
        <ele>178</ele>
      </trkpt>
      <trkpt lat="50.56863" lon="5.77601">
        <ele>197</ele>
      </trkpt>
      <trkpt lat="50.56863" lon="5.77585">
        <ele>201</ele>
      </trkpt>
      <trkpt lat="50.56861" lon="5.77513">
        <ele>201</ele>
      </trkpt>
      <trkpt lat="50.56858" lon="5.77471">
        <ele>203</ele>
      </trkpt>
      <trkpt lat="50.56852" lon="5.77418">
        <ele>205</ele>
      </trkpt>
      <trkpt lat="50.56883" lon="5.77449">
        <ele>206</ele>
      </trkpt>
      <trkpt lat="50.56892" lon="5.77464">
        <ele>206</ele>
      </trkpt>
      <trkpt lat="50.56925" lon="5.77553">
        <ele>211</ele>
      </trkpt>
      <trkpt lat="50.56934" lon="5.77599">
        <ele>226</ele>
      </trkpt>
      <trkpt lat="50.56939" lon="5.77636">
        <ele>226</ele>
      </trkpt>
      <trkpt lat="50.56951" lon="5.77677">
        <ele>226</ele>
      </trkpt>
      <trkpt lat="50.56956" lon="5.77707">
        <ele>221</ele>
      </trkpt>
      <trkpt lat="50.56977" lon="5.77733">
        <ele>223</ele>
      </trkpt>
      <trkpt lat="50.56987" lon="5.77743">
        <ele>224</ele>
      </trkpt>
      <trkpt lat="50.57117" lon="5.77912">
        <ele>255</ele>
      </trkpt>
      <trkpt lat="50.57146" lon="5.77925">
        <ele>257</ele>
      </trkpt>
      <trkpt lat="50.57165" lon="5.77948">
        <ele>255</ele>
      </trkpt>
      <trkpt lat="50.57196" lon="5.77981">
        <ele>264</ele>
      </trkpt>
      <trkpt lat="50.57212" lon="5.78001">
        <ele>264</ele>
      </trkpt>
      <trkpt lat="50.57221" lon="5.78004">
        <ele>264</ele>
      </trkpt>
      <trkpt lat="50.57233" lon="5.77996">
        <ele>265</ele>
      </trkpt>
      <trkpt lat="50.57207" lon="5.77919">
        <ele>265</ele>
      </trkpt>
      <trkpt lat="50.57184" lon="5.77826">
        <ele>264</ele>
      </trkpt>
      <trkpt lat="50.57156" lon="5.77695">
        <ele>265</ele>
      </trkpt>
      <trkpt lat="50.57147" lon="5.77675">
        <ele>265</ele>
      </trkpt>
      <trkpt lat="50.5713" lon="5.77629">
        <ele>267</ele>
      </trkpt>
      <trkpt lat="50.57089" lon="5.77488">
        <ele>260</ele>
      </trkpt>
      <trkpt lat="50.57078" lon="5.77454">
        <ele>261</ele>
      </trkpt>
      <trkpt lat="50.57053" lon="5.774">
        <ele>263</ele>
      </trkpt>
      <trkpt lat="50.57034" lon="5.7735">
        <ele>260</ele>
      </trkpt>
      <trkpt lat="50.5702" lon="5.77291">
        <ele>259</ele>
      </trkpt>
      <trkpt lat="50.5701" lon="5.77259">
        <ele>256</ele>
      </trkpt>
      <trkpt lat="50.57009" lon="5.77251">
        <ele>249</ele>
      </trkpt>
      <trkpt lat="50.56999" lon="5.77171">
        <ele>247</ele>
      </trkpt>
      <trkpt lat="50.56991" lon="5.77121">
        <ele>246</ele>
      </trkpt>
      <trkpt lat="50.56982" lon="5.77076">
        <ele>245</ele>
      </trkpt>
      <trkpt lat="50.5697" lon="5.77031">
        <ele>243</ele>
      </trkpt>
      <trkpt lat="50.56953" lon="5.76962">
        <ele>241</ele>
      </trkpt>
      <trkpt lat="50.56928" lon="5.76795">
        <ele>222</ele>
      </trkpt>
      <trkpt lat="50.56918" lon="5.76743">
        <ele>202</ele>
      </trkpt>
      <trkpt lat="50.56906" lon="5.76694">
        <ele>198</ele>
      </trkpt>
      <trkpt lat="50.56905" lon="5.76672">
        <ele>189</ele>
      </trkpt>
      <trkpt lat="50.56905" lon="5.76637">
        <ele>189</ele>
      </trkpt>
      <trkpt lat="50.56911" lon="5.76552">
        <ele>169</ele>
      </trkpt>
      <trkpt lat="50.56921" lon="5.76555">
        <ele>169</ele>
      </trkpt>
      <trkpt lat="50.56945" lon="5.76569">
        <ele>166</ele>
      </trkpt>
      <trkpt lat="50.56956" lon="5.76591">
        <ele>170</ele>
      </trkpt>
      <trkpt lat="50.56984" lon="5.76608">
        <ele>185</ele>
      </trkpt>
      <trkpt lat="50.57034" lon="5.76644">
        <ele>176</ele>
      </trkpt>
      <trkpt lat="50.57068" lon="5.76658">
        <ele>176</ele>
      </trkpt>
      <trkpt lat="50.57096" lon="5.76662">
        <ele>163</ele>
      </trkpt>
      <trkpt lat="50.57177" lon="5.76693">
        <ele>161</ele>
      </trkpt>
      <trkpt lat="50.57217" lon="5.76693">
        <ele>156</ele>
      </trkpt>
      <trkpt lat="50.57248" lon="5.76685">
        <ele>154</ele>
      </trkpt>
      <trkpt lat="50.57287" lon="5.76666">
        <ele>140</ele>
      </trkpt>
      <trkpt lat="50.57307" lon="5.76663">
        <ele>139</ele>
      </trkpt>
      <trkpt lat="50.57315" lon="5.76662">
        <ele>140</ele>
      </trkpt>
      <trkpt lat="50.57335" lon="5.76671">
        <ele>142</ele>
      </trkpt>
      <trkpt lat="50.57345" lon="5.76679">
        <ele>152</ele>
      </trkpt>
      <trkpt lat="50.5735" lon="5.76683">
        <ele>159</ele>
      </trkpt>
      <trkpt lat="50.57372" lon="5.76692">
        <ele>162</ele>
      </trkpt>
      <trkpt lat="50.57371" lon="5.76808">
        <ele>169</ele>
      </trkpt>
      <trkpt lat="50.57392" lon="5.76915">
        <ele>173</ele>
      </trkpt>
      <trkpt lat="50.57453" lon="5.77019">
        <ele>190</ele>
      </trkpt>
      <trkpt lat="50.57487" lon="5.77088">
        <ele>190</ele>
      </trkpt>
      <trkpt lat="50.57492" lon="5.7709">
        <ele>191</ele>
      </trkpt>
      <trkpt lat="50.57581" lon="5.77133">
        <ele>207</ele>
      </trkpt>
      <trkpt lat="50.57626" lon="5.77221">
        <ele>221</ele>
      </trkpt>
      <trkpt lat="50.57639" lon="5.77245">
        <ele>221</ele>
      </trkpt>
      <trkpt lat="50.57671" lon="5.7728">
        <ele>224</ele>
      </trkpt>
      <trkpt lat="50.57739" lon="5.7734">
        <ele>237</ele>
      </trkpt>
      <trkpt lat="50.57774" lon="5.77403">
        <ele>249</ele>
      </trkpt>
      <trkpt lat="50.57799" lon="5.77492">
        <ele>251</ele>
      </trkpt>
      <trkpt lat="50.57803" lon="5.77556">
        <ele>249</ele>
      </trkpt>
      <trkpt lat="50.57796" lon="5.7764">
        <ele>250</ele>
      </trkpt>
      <trkpt lat="50.57743" lon="5.77752">
        <ele>250</ele>
      </trkpt>
      <trkpt lat="50.57743" lon="5.77826">
        <ele>252</ele>
      </trkpt>
      <trkpt lat="50.57758" lon="5.77899">
        <ele>255</ele>
      </trkpt>
      <trkpt lat="50.5777" lon="5.77964">
        <ele>261</ele>
      </trkpt>
      <trkpt lat="50.57784" lon="5.78012">
        <ele>261</ele>
      </trkpt>
      <trkpt lat="50.57839" lon="5.78074">
        <ele>264</ele>
      </trkpt>
      <trkpt lat="50.57859" lon="5.78102">
        <ele>269</ele>
      </trkpt>
      <trkpt lat="50.5786" lon="5.78094">
        <ele>269</ele>
      </trkpt>
      <trkpt lat="50.5789" lon="5.77936">
        <ele>270</ele>
      </trkpt>
      <trkpt lat="50.57901" lon="5.77905">
        <ele>270</ele>
      </trkpt>
      <trkpt lat="50.57916" lon="5.77877">
        <ele>270</ele>
      </trkpt>
      <trkpt lat="50.57928" lon="5.77862">
        <ele>274</ele>
      </trkpt>
      <trkpt lat="50.57964" lon="5.77827">
        <ele>275</ele>
      </trkpt>
      <trkpt lat="50.57974" lon="5.77812">
        <ele>275</ele>
      </trkpt>
      <trkpt lat="50.57978" lon="5.778">
        <ele>275</ele>
      </trkpt>
      <trkpt lat="50.57979" lon="5.77783">
        <ele>275</ele>
      </trkpt>
      <trkpt lat="50.57978" lon="5.77678">
        <ele>274</ele>
      </trkpt>
      <trkpt lat="50.57971" lon="5.77622">
        <ele>274</ele>
      </trkpt>
      <trkpt lat="50.57992" lon="5.77602">
        <ele>275</ele>
      </trkpt>
      <trkpt lat="50.58062" lon="5.77566">
        <ele>278</ele>
      </trkpt>
      <trkpt lat="50.58159" lon="5.77433">
        <ele>270</ele>
      </trkpt>
      <trkpt lat="50.58193" lon="5.77394">
        <ele>261</ele>
      </trkpt>
      <trkpt lat="50.58219" lon="5.77368">
        <ele>259</ele>
      </trkpt>
      <trkpt lat="50.58253" lon="5.77327">
        <ele>253</ele>
      </trkpt>
      <trkpt lat="50.58255" lon="5.7732">
        <ele>253</ele>
      </trkpt>
      <trkpt lat="50.58251" lon="5.773">
        <ele>252</ele>
      </trkpt>
      <trkpt lat="50.58238" lon="5.7726">
        <ele>247</ele>
      </trkpt>
      <trkpt lat="50.58239" lon="5.7725">
        <ele>247</ele>
      </trkpt>
      <trkpt lat="50.58255" lon="5.77237">
        <ele>245</ele>
      </trkpt>
      <trkpt lat="50.58264" lon="5.77227">
        <ele>239</ele>
      </trkpt>
      <trkpt lat="50.58268" lon="5.77211">
        <ele>238</ele>
      </trkpt>
      <trkpt lat="50.58263" lon="5.7719">
        <ele>237</ele>
      </trkpt>
      <trkpt lat="50.58256" lon="5.77111">
        <ele>236</ele>
      </trkpt>
      <trkpt lat="50.58242" lon="5.77029">
        <ele>227</ele>
      </trkpt>
      <trkpt lat="50.58222" lon="5.76984">
        <ele>220</ele>
      </trkpt>
      <trkpt lat="50.5821" lon="5.76965">
        <ele>220</ele>
      </trkpt>
      <trkpt lat="50.58212" lon="5.76947">
        <ele>219</ele>
      </trkpt>
      <trkpt lat="50.58206" lon="5.76884">
        <ele>210</ele>
      </trkpt>
      <trkpt lat="50.58207" lon="5.76875">
        <ele>210</ele>
      </trkpt>
      <trkpt lat="50.5821" lon="5.76839">
        <ele>202</ele>
      </trkpt>
      <trkpt lat="50.58234" lon="5.76821">
        <ele>200</ele>
      </trkpt>
      <trkpt lat="50.58251" lon="5.76821">
        <ele>198</ele>
      </trkpt>
      <trkpt lat="50.58258" lon="5.76815">
        <ele>196</ele>
      </trkpt>
      <trkpt lat="50.58261" lon="5.76798">
        <ele>188</ele>
      </trkpt>
      <trkpt lat="50.58248" lon="5.76761">
        <ele>191</ele>
      </trkpt>
      <trkpt lat="50.58249" lon="5.76729">
        <ele>189</ele>
      </trkpt>
      <trkpt lat="50.58262" lon="5.76725">
        <ele>182</ele>
      </trkpt>
      <trkpt lat="50.58278" lon="5.76713">
        <ele>180</ele>
      </trkpt>
      <trkpt lat="50.58327" lon="5.7666">
        <ele>177</ele>
      </trkpt>
      <trkpt lat="50.58333" lon="5.76652">
        <ele>177</ele>
      </trkpt>
      <trkpt lat="50.5834" lon="5.76649">
        <ele>178</ele>
      </trkpt>
      <trkpt lat="50.58378" lon="5.76649">
        <ele>186</ele>
      </trkpt>
      <trkpt lat="50.58385" lon="5.76642">
        <ele>186</ele>
      </trkpt>
      <trkpt lat="50.58385" lon="5.76608">
        <ele>187</ele>
      </trkpt>
      <trkpt lat="50.58381" lon="5.7655">
        <ele>190</ele>
      </trkpt>
      <trkpt lat="50.58385" lon="5.7652">
        <ele>191</ele>
      </trkpt>
      <trkpt lat="50.58395" lon="5.765">
        <ele>194</ele>
      </trkpt>
      <trkpt lat="50.58524" lon="5.76372">
        <ele>219</ele>
      </trkpt>
      <trkpt lat="50.58581" lon="5.76331">
        <ele>221</ele>
      </trkpt>
      <trkpt lat="50.58609" lon="5.76293">
        <ele>226</ele>
      </trkpt>
      <trkpt lat="50.58651" lon="5.76243">
        <ele>228</ele>
      </trkpt>
      <trkpt lat="50.58649" lon="5.76234">
        <ele>228</ele>
      </trkpt>
      <trkpt lat="50.58593" lon="5.75995">
        <ele>226</ele>
      </trkpt>
      <trkpt lat="50.5858" lon="5.75925">
        <ele>223</ele>
      </trkpt>
      <trkpt lat="50.5858" lon="5.75905">
        <ele>222</ele>
      </trkpt>
      <trkpt lat="50.58662" lon="5.75933">
        <ele>227</ele>
      </trkpt>
      <trkpt lat="50.58698" lon="5.75935">
        <ele>230</ele>
      </trkpt>
      <trkpt lat="50.58681" lon="5.75869">
        <ele>229</ele>
      </trkpt>
      <trkpt lat="50.58657" lon="5.75805">
        <ele>222</ele>
      </trkpt>
      <trkpt lat="50.58614" lon="5.75704">
        <ele>219</ele>
      </trkpt>
      <trkpt lat="50.58578" lon="5.75579">
        <ele>210</ele>
      </trkpt>
      <trkpt lat="50.58481" lon="5.75345">
        <ele>202</ele>
      </trkpt>
      <trkpt lat="50.58469" lon="5.75311">
        <ele>202</ele>
      </trkpt>
      <trkpt lat="50.58485" lon="5.75294">
        <ele>202</ele>
      </trkpt>
      <trkpt lat="50.58561" lon="5.75254">
        <ele>211</ele>
      </trkpt>
      <trkpt lat="50.58576" lon="5.75235">
        <ele>212</ele>
      </trkpt>
      <trkpt lat="50.58606" lon="5.75208">
        <ele>220</ele>
      </trkpt>
      <trkpt lat="50.5863" lon="5.75195">
        <ele>222</ele>
      </trkpt>
      <trkpt lat="50.58684" lon="5.75156">
        <ele>231</ele>
      </trkpt>
      <trkpt lat="50.58703" lon="5.7515">
        <ele>232</ele>
      </trkpt>
      <trkpt lat="50.5874" lon="5.75159">
        <ele>233</ele>
      </trkpt>
      <trkpt lat="50.58763" lon="5.75161">
        <ele>236</ele>
      </trkpt>
      <trkpt lat="50.58804" lon="5.75145">
        <ele>237</ele>
      </trkpt>
      <trkpt lat="50.58845" lon="5.75124">
        <ele>238</ele>
      </trkpt>
      <trkpt lat="50.5885" lon="5.7512">
        <ele>238</ele>
      </trkpt>
      <trkpt lat="50.58897" lon="5.75076">
        <ele>237</ele>
      </trkpt>
      <trkpt lat="50.58932" lon="5.75039">
        <ele>237</ele>
      </trkpt>
      <trkpt lat="50.58949" lon="5.75023">
        <ele>237</ele>
      </trkpt>
      <trkpt lat="50.58968" lon="5.75012">
        <ele>235</ele>
      </trkpt>
      <trkpt lat="50.58986" lon="5.75012">
        <ele>235</ele>
      </trkpt>
    </trkseg>
  </trk>
</gpx>
