{"type":"FeatureCollection","features":[{"type":"Feature","properties":{"ele":120},"geometry":{"type":"MultiLineString","coordinates":[[[5.70044,50.48162],[5.70034,50.48159],[5.70128,50.48159],[5.70044,50.48162]],[[5.64919,50.48056],[5.64899,50.48045],[5.64919,50.48021],[5.64994,50.47973],[5.65044,50.47959],[5.65082,50.47937],[5.65104,50.47913],[5.65123,50.47875],[5.65266,50.47861],[5.65371,50.47788],[5.65411,50.47777],[5.65458,50.47775],[5.65526,50.47813],[5.65554,50.47814],[5.65574,50.47796],[5.65585,50.4777],[5.65652,50.47718],[5.65588,50.47696],[5.65581,50.47685],[5.65629,50.4766],[5.65666,50.47653],[5.65751,50.47603],[5.66041,50.47491],[5.66087,50.47461],[5.66401,50.47353],[5.66472,50.47354],[5.6645,50.47367],[5.66443,50.47383],[5.66504,50.47414],[5.66554,50.47382],[5.66518,50.47357],[5.66521,50.47349],[5.66627,50.47339],[5.66642,50.47355],[5.66618,50.47381],[5.66624,50.47393],[5.66674,50.47393],[5.66709,50.47419],[5.6675,50.47432],[5.66845,50.47432],[5.66883,50.47451],[5.66916,50.47496],[5.66961,50.47481],[5.67047,50.47471],[5.6717,50.47491],[5.67113,50.47545],[5.67127,50.47582],[5.67205,50.4754],[5.67234,50.47533],[5.67255,50.47535],[5.67296,50.4756],[5.67321,50.47515],[5.67376,50.47514],[5.67391,50.47523],[5.67366,50.47549],[5.67376,50.47578],[5.67422,50.4757],[5.67445,50.47598],[5.67441,50.47612],[5.67419,50.47631],[5.67383,50.47641],[5.67358,50.47659],[5.67337,50.4766],[5.6725,50.47649],[5.67167,50.47648],[5.67111,50.4763],[5.67107,50.47605],[5.67089,50.47596],[5.67054,50.47614],[5.67026,50.47618],[5.66505,50.47595],[5.66328,50.47597],[5.66224,50.47611],[5.65928,50.47677],[5.65879,50.47704],[5.65801,50.47722],[5.65627,50.47782],[5.65553,50.47824],[5.65502,50.47844],[5.65461,50.47882],[5.65378,50.47938],[5.65257,50.47976],[5.65211,50.4802],[5.6501,50.48055],[5.64919,50.48056]],[[5.64461,50.47815],[5.64702,50.47883],[5.64741,50.47911],[5.64796,50.4793],[5.64817,50.47962],[5.64799,50.47977],[5.64748,50.47984],[5.64708,50.48001],[5.64673,50.4799],[5.64627,50.47993],[5.64538,50.47974],[5.64508,50.47963],[5.64461,50.47928]],[[5.69336,50.47912],[5.69335,50.47907],[5.69336,50.47912]],[[5.68502,50.47716],[5.68502,50.47709],[5.68502,50.47716]],[[5.68919,50.47725],[5.68909,50.47712],[5.68927,50.47712],[5.68919,50.47725]],[[5.68294,50.4769],[5.68288,50.47686],[5.68293,50.4768],[5.68294,50.4769]],[[5.68419,50.47663],[5.68411,50.47659],[5.68435,50.47629],[5.6837,50.47607],[5.68354,50.47588],[5.68354,50.47576],[5.6842,50.47576],[5.68483,50.4761],[5.68497,50.47647],[5.68486,50.47666],[5.68458,50.47676],[5.68419,50.47663]],[[5.67211,50.47605],[5.67187,50.47579],[5.67205,50.47561],[5.67249,50.47555],[5.67281,50.47575],[5.67278,50.47588],[5.67257,50.47607],[5.67211,50.47605]],[[5.67502,50.47611],[5.67484,50.47606],[5.67478,50.47595],[5.67484,50.47576],[5.67502,50.4756],[5.67539,50.47546],[5.67597,50.47548],[5.67537,50.47561],[5.67502,50.47611]],[[5.67836,50.47616],[5.67825,50.47605],[5.67823,50.47576],[5.67792,50.47572],[5.67754,50.4759],[5.67745,50.47576],[5.67795,50.47536],[5.67835,50.47571],[5.67881,50.47575],[5.6793,50.47604],[5.6788,50.47625],[5.67836,50.47616]],[[5.68002,50.47619],[5.67982,50.47608],[5.6798,50.476],[5.68009,50.4758],[5.68043,50.47541],[5.68126,50.47558],[5.68158,50.47573],[5.68168,50.47588],[5.68159,50.47606],[5.68125,50.47617],[5.68002,50.47619]],[[5.66294,50.47446],[5.66263,50.47435],[5.663,50.47427],[5.66308,50.47437],[5.66294,50.47446]],[[5.66044,50.47415],[5.66037,50.4739],[5.66048,50.47356],[5.66094,50.47346],[5.66139,50.47354],[5.66129,50.47382],[5.66044,50.47415]],[[5.66836,50.47357],[5.66831,50.47354],[5.66842,50.47354],[5.66836,50.47357]],[[5.66377,50.47277],[5.66365,50.47271],[5.66401,50.47271],[5.66377,50.47277]]]}},{"type":"Feature","properties":{"ele":130},"geometry":{"type":"MultiLineString","coordinates":[[[5.64461,50.47734],[5.64501,50.47748],[5.64629,50.4777],[5.64705,50.47813],[5.64759,50.47823],[5.64875,50.47867],[5.64984,50.47873],[5.65044,50.47869],[5.65289,50.47783],[5.65335,50.4774],[5.65533,50.4766],[5.65583,50.4765],[5.6567,50.47618],[5.65724,50.47587],[5.65831,50.47547],[5.65947,50.47471],[5.6603,50.47327],[5.66085,50.47295],[5.6613,50.47284],[5.66207,50.47281],[5.66333,50.47255],[5.66455,50.47222],[5.66511,50.47198],[5.66569,50.47144],[5.66582,50.47123],[5.66578,50.47081],[5.66544,50.47048],[5.666,50.47076],[5.66599,50.47102],[5.66608,50.47119],[5.6667,50.47159],[5.66655,50.47182],[5.66661,50.47194],[5.66786,50.47243],[5.66859,50.47288],[5.66937,50.47296],[5.67095,50.47298],[5.67066,50.47324],[5.67083,50.47355],[5.67161,50.47363],[5.67219,50.47358],[5.67296,50.47369],[5.67336,50.47384],[5.6742,50.47356],[5.6745,50.47326],[5.67535,50.47272],[5.67545,50.47244],[5.67579,50.4721],[5.67587,50.47168],[5.67587,50.47244],[5.67556,50.47266],[5.67552,50.47279],[5.67622,50.47387],[5.67669,50.47371],[5.67712,50.47373],[5.67786,50.47398],[5.67875,50.4741],[5.67984,50.47453],[5.68056,50.47462],[5.68058,50.47489],[5.68067,50.47494],[5.68187,50.47512],[5.68286,50.47505],[5.68337,50.47521],[5.68462,50.47537],[5.68568,50.47572],[5.68744,50.47583],[5.68802,50.47572],[5.68952,50.47606],[5.69127,50.47663],[5.69171,50.47658],[5.69204,50.4769],[5.69262,50.47713],[5.69288,50.47747],[5.69382,50.47762],[5.69458,50.47793],[5.69507,50.47797],[5.69518,50.47829],[5.69595,50.47868],[5.69671,50.47881],[5.69719,50.47902],[5.69837,50.47931],[5.69881,50.47956],[5.69989,50.47978],[5.70125,50.4799],[5.70256,50.47991],[5.70359,50.48014],[5.70458,50.48005],[5.70536,50.47986],[5.70614,50.48],[5.7066,50.48001],[5.70678,50.47995],[5.70677,50.47981],[5.70665,50.47969],[5.70644,50.47965],[5.70927,50.47914],[5.71015,50.47922],[5.71046,50.4791],[5.71034,50.47886],[5.71038,50.47877],[5.71141,50.47854],[5.71154,50.47835],[5.71162,50.47796],[5.71182,50.47798],[5.71186,50.47824],[5.7117,50.47923],[5.71131,50.47966],[5.71118,50.47995],[5.71041,50.48044],[5.70999,50.48089],[5.70886,50.48161],[5.70706,50.48213],[5.70711,50.48244],[5.70631,50.48236],[5.70547,50.48261],[5.70453,50.48264],[5.70359,50.48296],[5.70357,50.48303],[5.70379,50.48323],[5.70375,50.48329],[5.70336,50.48315],[5.70297,50.48317],[5.70265,50.48272],[5.70239,50.4826],[5.70132,50.48237],[5.70057,50.48243],[5.70032,50.48252],[5.70016,50.48268],[5.70049,50.48298],[5.70039,50.48318],[5.70004,50.48342],[5.69962,50.48356],[5.69918,50.48337],[5.69903,50.4832],[5.69887,50.48282],[5.69889,50.48243],[5.69879,50.48232],[5.69766,50.48277],[5.69744,50.48278],[5.69531,50.48206],[5.69384,50.48121],[5.69333,50.48104],[5.69245,50.48055],[5.69134,50.48017],[5.68947,50.47937],[5.68884,50.47901],[5.68805,50.4788],[5.68729,50.47843],[5.68494,50.47781],[5.6841,50.47772],[5.68213,50.47723],[5.68087,50.47711],[5.67891,50.47714],[5.67776,50.47699],[5.67698,50.47704],[5.67495,50.47696],[5.67328,50.47677],[5.67151,50.4768],[5.66989,50.47642],[5.66693,50.47622],[5.66406,50.47627],[5.66239,50.47641],[5.66172,50.4766],[5.66099,50.47668],[5.65886,50.47744],[5.65766,50.47757],[5.65546,50.47855],[5.65415,50.47948],[5.65287,50.48018],[5.65171,50.4805],[5.64989,50.48071],[5.64917,50.48067],[5.64863,50.48051],[5.64862,50.48039],[5.64875,50.48019],[5.64948,50.47965],[5.65048,50.47912],[5.65041,50.47903],[5.65005,50.47894],[5.64943,50.47895],[5.6488,50.4791],[5.64857,50.47932],[5.64861,50.47963],[5.64853,50.47975],[5.64759,50.48024],[5.64713,50.48039],[5.64619,50.4802],[5.64497,50.47977],[5.64461,50.47957]],[[5.70002,50.4826],[5.69998,50.48239],[5.70032,50.48243],[5.70002,50.4826]],[[5.70419,50.48219],[5.70412,50.48211],[5.7042,50.48197],[5.70428,50.48213],[5.70419,50.48219]],[[5.70294,50.4819],[5.70287,50.48187],[5.70337,50.48187],[5.70294,50.4819]],[[5.70502,50.48152],[5.70453,50.48107],[5.70454,50.48073],[5.705,50.48056],[5.70555,50.48071],[5.70559,50.48078],[5.70518,50.48123],[5.70502,50.48152]],[[5.69419,50.48085],[5.69331,50.48053],[5.69315,50.48029],[5.69318,50.48012],[5.69342,50.47993],[5.69378,50.47992],[5.6955,50.48047],[5.69569,50.4807],[5.69562,50.48083],[5.69536,50.48091],[5.69419,50.48085]],[[5.70627,50.48083],[5.70614,50.48072],[5.70627,50.48048],[5.70639,50.48072],[5.70627,50.48083]],[[5.70836,50.48054],[5.70827,50.48044],[5.70834,50.48016],[5.7088,50.4802],[5.70836,50.48054]],[[5.69836,50.48036],[5.69829,50.48022],[5.69834,50.48014],[5.69881,50.4802],[5.69874,50.48028],[5.69836,50.48036]],[[5.69461,50.47871],[5.69434,50.47854],[5.69458,50.47835],[5.69484,50.47851],[5.69461,50.47871]],[[5.71419,50.47503],[5.71403,50.47489],[5.7142,50.47465],[5.71456,50.47458],[5.71476,50.47464],[5.71477,50.47484],[5.71468,50.47499],[5.71419,50.47503]]]}},{"type":"Feature","properties":{"ele":140},"geometry":{"type":"MultiLineString","coordinates":[[[5.64461,50.47708],[5.64836,50.47798],[5.64884,50.47817],[5.64923,50.47845],[5.6496,50.47854],[5.65068,50.47843],[5.65252,50.4778],[5.65338,50.4772],[5.65412,50.4769],[5.6546,50.47659],[5.6564,50.47615],[5.65669,50.47603],[5.65702,50.47573],[5.65796,50.47551],[5.65885,50.47499],[5.65934,50.47462],[5.65975,50.4739],[5.66001,50.47325],[5.66046,50.47299],[5.66084,50.47265],[5.66125,50.47258],[5.66208,50.47263],[5.66286,50.47252],[5.66422,50.47218],[5.665,50.47185],[5.66538,50.47126],[5.66528,50.47085],[5.66509,50.47052],[5.66362,50.4699],[5.66383,50.46968],[5.66526,50.46926],[5.66548,50.46933],[5.66532,50.46967],[5.66539,50.4699],[5.66547,50.46996],[5.66599,50.4701],[5.66698,50.47016],[5.66748,50.47005],[5.66766,50.47014],[5.66778,50.4705],[5.66749,50.47102],[5.6675,50.47128],[5.66759,50.47156],[5.66757,50.47185],[5.6679,50.47216],[5.66875,50.47245],[5.66979,50.47249],[5.67044,50.47243],[5.6709,50.4722],[5.67127,50.47212],[5.67168,50.47271],[5.67401,50.47294],[5.67443,50.47289],[5.67473,50.47275],[5.67506,50.47223],[5.67546,50.47185],[5.67559,50.47106],[5.67547,50.47086],[5.67528,50.47076],[5.67585,50.47082],[5.67627,50.47068],[5.67706,50.47059],[5.67796,50.47022],[5.67813,50.4698],[5.67809,50.46932],[5.67825,50.46887],[5.67826,50.46851],[5.67838,50.4684],[5.67864,50.46836],[5.6792,50.46853],[5.67931,50.46897],[5.67929,50.46946],[5.67962,50.47021],[5.67937,50.47049],[5.67852,50.47098],[5.67746,50.47121],[5.67662,50.47157],[5.67654,50.47217],[5.67614,50.47263],[5.67607,50.47282],[5.67616,50.47305],[5.67663,50.47333],[5.67914,50.47383],[5.68042,50.47425],[5.68182,50.47451],[5.68437,50.47486],[5.68583,50.47476],[5.68677,50.47514],[5.68875,50.47548],[5.69203,50.47624],[5.69261,50.47631],[5.69303,50.4765],[5.6947,50.47687],[5.69532,50.47714],[5.69576,50.47769],[5.69585,50.47827],[5.69625,50.47839],[5.69666,50.47833],[5.69674,50.4785],[5.69693,50.47857],[5.69795,50.47852],[5.69878,50.47901],[5.70052,50.47958],[5.70286,50.47972],[5.70364,50.47986],[5.70415,50.47964],[5.705,50.47946],[5.70585,50.47937],[5.70667,50.47916],[5.70782,50.47908],[5.71087,50.47827],[5.71135,50.47744],[5.71136,50.47703],[5.71144,50.47682],[5.71168,50.47658],[5.71288,50.47574],[5.71313,50.47539],[5.71315,50.47512],[5.71265,50.47449],[5.71266,50.47432],[5.71348,50.47378],[5.71427,50.47366],[5.71446,50.47342],[5.71432,50.47258],[5.71452,50.47171],[5.71451,50.47123],[5.71483,50.47067],[5.71455,50.46976],[5.71431,50.46939],[5.71436,50.46909],[5.71397,50.46854],[5.71325,50.46773],[5.71259,50.4663],[5.71229,50.46588],[5.71241,50.46529],[5.71188,50.46487],[5.71195,50.46465],[5.71223,50.46435],[5.7117,50.46423],[5.71153,50.46409],[5.71065,50.46244],[5.71067,50.4622],[5.71088,50.46188],[5.71091,50.46163],[5.71054,50.46095],[5.71049,50.46064],[5.7108,50.45963],[5.71127,50.45895],[5.71165,50.45851],[5.71209,50.45824],[5.71294,50.45714],[5.71464,50.45663],[5.71546,50.45621],[5.71608,50.45577],[5.71651,50.45571],[5.71713,50.45576],[5.71766,50.45595],[5.7192,50.45603],[5.71964,50.45621],[5.72014,50.45631],[5.72048,50.45654],[5.72106,50.45659],[5.72178,50.45679],[5.72252,50.45721],[5.72337,50.4574],[5.72361,50.45827],[5.72418,50.45854],[5.72431,50.45876],[5.7243,50.45885],[5.72418,50.45892],[5.72365,50.45878],[5.72342,50.4591],[5.72331,50.45911],[5.72325,50.45876],[5.72303,50.45851],[5.72245,50.45831],[5.72168,50.45826],[5.72211,50.45799],[5.72202,50.45779],[5.72089,50.45695],[5.72043,50.45673],[5.71998,50.45705],[5.71942,50.45653],[5.71873,50.4562],[5.71824,50.45619],[5.71793,50.45645],[5.71765,50.4563],[5.71656,50.45613],[5.71614,50.45615],[5.71574,50.4563],[5.71614,50.45665],[5.71671,50.45686],[5.71695,50.4572],[5.71697,50.45751],[5.71685,50.45775],[5.71639,50.45804],[5.71537,50.45798],[5.71537,50.45825],[5.7156,50.45856],[5.71566,50.45883],[5.71449,50.46036],[5.71432,50.46079],[5.71412,50.46101],[5.71415,50.46137],[5.71377,50.46242],[5.71391,50.46449],[5.7141,50.46494],[5.71448,50.46529],[5.7148,50.46585],[5.71517,50.46628],[5.71558,50.46741],[5.71598,50.4679],[5.71613,50.46825],[5.71671,50.46878],[5.71725,50.46956],[5.71735,50.46993],[5.71755,50.47019],[5.71761,50.47071],[5.7178,50.47116],[5.71763,50.47243],[5.71657,50.47352],[5.71584,50.47406],[5.7158,50.47439],[5.71563,50.47464],[5.71473,50.4753],[5.71417,50.47547],[5.71319,50.47603],[5.71273,50.47668],[5.71275,50.47691],[5.7134,50.47709],[5.71346,50.47721],[5.71295,50.47799],[5.71266,50.47828],[5.7126,50.47859],[5.7123,50.47914],[5.71225,50.47956],[5.71237,50.47972],[5.71326,50.48026],[5.71377,50.48071],[5.71385,50.48104],[5.71373,50.48105],[5.71281,50.48054],[5.71187,50.4804],[5.71129,50.48049],[5.71002,50.48131],[5.70923,50.48194],[5.70779,50.48266],[5.70766,50.48289],[5.70768,50.48331],[5.70753,50.48383],[5.70674,50.48453],[5.70601,50.48438],[5.70585,50.48408],[5.70535,50.48434],[5.70422,50.48456],[5.70261,50.48455],[5.70202,50.48472],[5.70094,50.48484],[5.70057,50.48479],[5.69962,50.48434],[5.69841,50.48405],[5.69804,50.48378],[5.69752,50.48354],[5.69707,50.48298],[5.69505,50.48213],[5.69355,50.48127],[5.69213,50.48061],[5.68711,50.47856],[5.68213,50.47737],[5.68094,50.47726],[5.67693,50.47719],[5.67328,50.47691],[5.67224,50.47693],[5.6716,50.4772],[5.67127,50.47715],[5.67003,50.47658],[5.66682,50.47637],[5.66252,50.47659],[5.66086,50.47687],[5.66027,50.47715],[5.65956,50.47765],[5.65812,50.47762],[5.65744,50.47781],[5.65545,50.47882],[5.6538,50.47994],[5.65291,50.48036],[5.65171,50.48076],[5.65119,50.48069],[5.64995,50.48083],[5.64876,50.48076],[5.64796,50.48043],[5.64694,50.48052],[5.6454,50.4801],[5.64461,50.47998]],[[5.69419,50.48055],[5.69381,50.48043],[5.69359,50.4802],[5.69421,50.48018],[5.69503,50.48048],[5.69463,50.48058],[5.69419,50.48055]],[[5.64919,50.47943],[5.64908,50.47937],[5.64937,50.47937],[5.64919,50.47943]],[[5.68586,50.4745],[5.68567,50.47438],[5.68588,50.47434],[5.68586,50.4745]],[[5.72294,50.46396],[5.72294,50.4638],[5.72307,50.46381],[5.72294,50.46396]],[[5.72544,50.46121],[5.72525,50.46103],[5.72553,50.46102],[5.72544,50.46121]],[[5.72377,50.46093],[5.72377,50.46065],[5.72406,50.46073],[5.72404,50.46081],[5.72377,50.46093]],[[5.72544,50.46049],[5.72533,50.45997],[5.72542,50.4599],[5.72549,50.45997],[5.72544,50.46049]],[[5.71461,50.45898],[5.71435,50.45879],[5.71457,50.45871],[5.71474,50.45875],[5.71477,50.45885],[5.71461,50.45898]],[[5.71377,50.45864],[5.71369,50.45856],[5.71372,50.4585],[5.71397,50.45854],[5.71377,50.45864]],[[5.71419,50.45793],[5.714,50.45775],[5.71402,50.45767],[5.7143,50.45767],[5.71419,50.45793]],[[5.71627,50.45784],[5.7162,50.45769],[5.7163,50.4576],[5.71644,50.45771],[5.71627,50.45784]],[[5.72294,50.45786],[5.72282,50.45769],[5.72316,50.45771],[5.72294,50.45786]],[[5.71752,50.45722],[5.71741,50.45715],[5.71748,50.45707],[5.71774,50.45714],[5.71752,50.45722]],[[5.72002,50.45677],[5.71987,50.45663],[5.71988,50.45656],[5.72006,50.45651],[5.72026,50.45658],[5.72002,50.45677]]]}},{"type":"Feature","properties":{"ele":160},"geometry":{"type":"MultiLineString","coordinates":[[[5.64461,50.47667],[5.64587,50.47707],[5.64729,50.47736],[5.64836,50.4777],[5.64889,50.47773],[5.64925,50.47758],[5.64959,50.47761],[5.64971,50.47769],[5.64968,50.47803],[5.64989,50.47824],[5.6505,50.47828],[5.65212,50.47771],[5.65251,50.47741],[5.65278,50.47707],[5.65369,50.47674],[5.65422,50.47636],[5.65521,50.47609],[5.65586,50.47604],[5.6563,50.47583],[5.65647,50.47551],[5.65662,50.47538],[5.65764,50.4753],[5.65884,50.47468],[5.65929,50.4739],[5.65946,50.47327],[5.65999,50.47283],[5.66041,50.47211],[5.66073,50.47187],[5.66052,50.47144],[5.6606,50.47127],[5.66099,50.47119],[5.66145,50.47131],[5.66179,50.4718],[5.66191,50.47219],[5.66224,50.47235],[5.66333,50.47213],[5.66349,50.47191],[5.6635,50.47161],[5.66423,50.47132],[5.66425,50.471],[5.66383,50.47048],[5.66329,50.47021],[5.66166,50.46974],[5.6611,50.46937],[5.66078,50.46903],[5.66056,50.46824],[5.65873,50.46775],[5.65769,50.46716],[5.65833,50.46692],[5.65901,50.46697],[5.65963,50.46712],[5.66085,50.46771],[5.66151,50.46793],[5.66183,50.46825],[5.66198,50.46885],[5.66271,50.46906],[5.66326,50.46896],[5.66339,50.46888],[5.66344,50.46873],[5.66342,50.46852],[5.66319,50.4683],[5.66308,50.468],[5.66282,50.46771],[5.6628,50.46746],[5.66291,50.46735],[5.66316,50.46744],[5.66456,50.46846],[5.66468,50.46841],[5.66491,50.46807],[5.66502,50.46757],[5.66538,50.46769],[5.66581,50.468],[5.66631,50.46792],[5.66679,50.46796],[5.66745,50.46864],[5.66926,50.46932],[5.66946,50.46968],[5.66967,50.46986],[5.67042,50.4701],[5.67145,50.47012],[5.67165,50.47026],[5.67169,50.47048],[5.67197,50.4702],[5.67328,50.47034],[5.67368,50.4703],[5.6738,50.4702],[5.67364,50.46997],[5.67367,50.46989],[5.67497,50.46964],[5.67604,50.46983],[5.67661,50.46979],[5.6771,50.46964],[5.67797,50.468],[5.67793,50.46742],[5.67801,50.46685],[5.67772,50.46633],[5.67743,50.46532],[5.6773,50.46512],[5.67657,50.46442],[5.67608,50.46383],[5.67418,50.46223],[5.67381,50.46183],[5.67368,50.4616],[5.67377,50.46126],[5.6741,50.46114],[5.67425,50.4612],[5.67447,50.46166],[5.67514,50.46185],[5.67589,50.46232],[5.67633,50.46266],[5.6768,50.46328],[5.67744,50.46363],[5.67813,50.46384],[5.67929,50.46491],[5.67887,50.46526],[5.67877,50.46576],[5.67899,50.46633],[5.67931,50.46686],[5.67946,50.46786],[5.67994,50.46859],[5.68002,50.46911],[5.6808,50.46972],[5.68224,50.47019],[5.68021,50.47067],[5.67906,50.47116],[5.6774,50.47157],[5.67709,50.47183],[5.67701,50.4722],[5.6766,50.47268],[5.67659,50.47294],[5.67671,50.47305],[5.67721,50.47324],[5.67797,50.47329],[5.67932,50.47354],[5.68047,50.47399],[5.68109,50.47414],[5.68406,50.47455],[5.68437,50.47445],[5.68467,50.47412],[5.68521,50.47382],[5.6866,50.47331],[5.68709,50.4732],[5.68842,50.47247],[5.68906,50.47235],[5.68967,50.4724],[5.69136,50.47298],[5.68863,50.47318],[5.68691,50.47409],[5.68663,50.47436],[5.68664,50.47469],[5.68712,50.47498],[5.69088,50.47562],[5.69406,50.47641],[5.69539,50.4766],[5.6961,50.47688],[5.6974,50.47773],[5.69801,50.47795],[5.69936,50.47882],[5.70088,50.47934],[5.70172,50.47932],[5.7026,50.47949],[5.70359,50.47943],[5.70458,50.47915],[5.71012,50.47805],[5.71043,50.47793],[5.7109,50.47745],[5.71091,50.47612],[5.71097,50.47595],[5.71124,50.4757],[5.71212,50.47548],[5.71214,50.4752],[5.71184,50.47487],[5.71172,50.47442],[5.71174,50.47404],[5.71193,50.47348],[5.71185,50.47298],[5.7121,50.47285],[5.71259,50.47279],[5.7133,50.47239],[5.71377,50.47224],[5.71393,50.47171],[5.71387,50.47082],[5.71371,50.47049],[5.71383,50.47017],[5.71363,50.46963],[5.71372,50.46911],[5.71206,50.4666],[5.71164,50.4661],[5.71085,50.46467],[5.71055,50.4636],[5.71002,50.46243],[5.71009,50.46161],[5.70997,50.46043],[5.71026,50.4596],[5.71062,50.45897],[5.71243,50.45685],[5.71445,50.45602],[5.71578,50.45562],[5.7166,50.45546],[5.71838,50.45556],[5.7209,50.45611],[5.72187,50.45641],[5.7234,50.45704],[5.72382,50.45728],[5.72506,50.45842],[5.72594,50.45906],[5.72623,50.45941],[5.72648,50.45987],[5.72669,50.46048],[5.72689,50.46147],[5.72676,50.46223],[5.72687,50.46269],[5.72685,50.463],[5.72711,50.46381],[5.72709,50.4641],[5.72795,50.4652],[5.72806,50.46557],[5.72832,50.46596],[5.72924,50.4663],[5.73004,50.46686],[5.73087,50.46714],[5.73128,50.46743],[5.73187,50.46759],[5.73255,50.4679],[5.73296,50.46798],[5.73359,50.4685],[5.73376,50.46857],[5.73422,50.46832],[5.7346,50.46825],[5.73562,50.46832],[5.73635,50.4685],[5.73748,50.46835],[5.73925,50.46778],[5.74041,50.46704],[5.74059,50.46713],[5.74064,50.46743],[5.74114,50.46758],[5.74133,50.46755],[5.74174,50.46721],[5.74179,50.4669],[5.74164,50.46675],[5.74127,50.46657],[5.74092,50.46675],[5.74083,50.46672],[5.74082,50.46655],[5.74112,50.46605],[5.74097,50.46547],[5.74015,50.46508],[5.73961,50.46492],[5.73944,50.46466],[5.73941,50.46437],[5.73906,50.46409],[5.73853,50.46303],[5.73868,50.4621],[5.73854,50.4613],[5.73887,50.46012],[5.73892,50.45911],[5.73884,50.45876],[5.739,50.45828],[5.73899,50.45779],[5.73911,50.45717],[5.73919,50.45686],[5.73937,50.45662],[5.73992,50.4562],[5.74006,50.45617],[5.74019,50.4564],[5.73976,50.45741],[5.73965,50.45845],[5.73992,50.46042],[5.74053,50.46189],[5.7417,50.46353],[5.74217,50.46459],[5.74252,50.46493],[5.74318,50.46605],[5.74382,50.46774],[5.74386,50.46825],[5.74358,50.46857],[5.74386,50.46873],[5.74463,50.46878],[5.74467,50.46888],[5.7446,50.46912],[5.74416,50.4691],[5.74375,50.46894],[5.74338,50.4691],[5.742,50.46928],[5.74174,50.4694],[5.74124,50.46981],[5.73969,50.47043],[5.73875,50.47039],[5.73771,50.4706],[5.73672,50.47065],[5.73546,50.47045],[5.73499,50.47048],[5.73422,50.4703],[5.73281,50.47011],[5.73052,50.47004],[5.72734,50.46916],[5.7267,50.46906],[5.72585,50.46909],[5.72569,50.46887],[5.72561,50.46848],[5.72485,50.468],[5.7242,50.46742],[5.72338,50.46645],[5.72325,50.46588],[5.7229,50.46548],[5.72271,50.46508],[5.72241,50.46324],[5.72265,50.46241],[5.72271,50.46182],[5.7233,50.46057],[5.7232,50.46019],[5.72294,50.45992],[5.72218,50.45957],[5.72126,50.45939],[5.72047,50.45906],[5.7189,50.45893],[5.7184,50.45897],[5.71807,50.45909],[5.71755,50.45968],[5.71676,50.46024],[5.71641,50.46078],[5.71592,50.46131],[5.71584,50.46158],[5.71575,50.46293],[5.71562,50.46352],[5.71577,50.46411],[5.71575,50.46522],[5.71596,50.46605],[5.7165,50.46709],[5.71733,50.46821],[5.71775,50.46897],[5.71783,50.46937],[5.71819,50.47019],[5.71824,50.47077],[5.71839,50.47108],[5.71829,50.47181],[5.71842,50.47246],[5.71833,50.47269],[5.71769,50.47335],[5.71754,50.47424],[5.71731,50.47462],[5.71681,50.47493],[5.71619,50.47508],[5.71575,50.47549],[5.71595,50.47561],[5.71677,50.47572],[5.71759,50.47613],[5.71836,50.47631],[5.71855,50.47659],[5.71836,50.47669],[5.71797,50.47668],[5.71751,50.47661],[5.71698,50.4764],[5.71571,50.47653],[5.71438,50.47712],[5.71384,50.47775],[5.71331,50.47822],[5.71287,50.47902],[5.71283,50.47941],[5.713,50.47967],[5.7142,50.48048],[5.71461,50.48103],[5.71455,50.4812],[5.71433,50.4814],[5.71401,50.48144],[5.71281,50.4809],[5.71218,50.48072],[5.71195,50.48074],[5.71132,50.48107],[5.71079,50.48155],[5.71079,50.48192],[5.71068,50.48213],[5.70996,50.48234],[5.70933,50.48278],[5.70916,50.48297],[5.70904,50.48342],[5.70873,50.48379],[5.70869,50.48432],[5.70875,50.48466],[5.70915,50.48524],[5.70952,50.48616],[5.70953,50.48657],[5.70916,50.48674],[5.70832,50.48662],[5.70756,50.48622],[5.70594,50.48558],[5.70569,50.48564],[5.7055,50.48581],[5.70559,50.48633],[5.70545,50.48659],[5.7038,50.48614],[5.70338,50.48626],[5.70302,50.48663],[5.70257,50.48658],[5.70217,50.4862],[5.70155,50.48606],[5.70117,50.48574],[5.70004,50.48517],[5.69851,50.48462],[5.69749,50.48384],[5.69674,50.48352],[5.69567,50.4827],[5.69458,50.48219],[5.69417,50.48188],[5.6918,50.48069],[5.68979,50.4798],[5.68661,50.47869],[5.68212,50.47769],[5.68094,50.47756],[5.67505,50.47729],[5.6739,50.47716],[5.67254,50.47715],[5.67206,50.47737],[5.67159,50.47795],[5.67152,50.47821],[5.67174,50.47873],[5.67171,50.47919],[5.6715,50.47956],[5.67128,50.47969],[5.67083,50.47801],[5.67089,50.47738],[5.67057,50.47715],[5.66964,50.47683],[5.66672,50.47667],[5.66328,50.47694],[5.6625,50.47692],[5.66141,50.477],[5.66091,50.47715],[5.66068,50.47735],[5.66057,50.47755],[5.66053,50.47802],[5.65974,50.47838],[5.65917,50.47833],[5.65879,50.47798],[5.65828,50.47788],[5.65779,50.47792],[5.65717,50.47818],[5.65648,50.47858],[5.65583,50.47914],[5.65476,50.4799],[5.65448,50.48018],[5.65421,50.48077],[5.65396,50.48085],[5.65302,50.48078],[5.65213,50.48104],[5.65129,50.48101],[5.65036,50.4811],[5.64849,50.48099],[5.64739,50.48071],[5.64667,50.48067],[5.64613,50.48074],[5.6465,50.4811],[5.64696,50.48131],[5.64656,50.48141],[5.64526,50.48118],[5.64461,50.48087]],[[5.71919,50.48605],[5.7187,50.48583],[5.71794,50.48576],[5.71769,50.48557],[5.71761,50.48543],[5.71764,50.4852],[5.71711,50.48453],[5.71668,50.48379],[5.71711,50.48352],[5.71791,50.48396],[5.71818,50.48403],[5.71854,50.48401],[5.71917,50.48381],[5.71968,50.48381],[5.71827,50.48494],[5.71833,50.48521],[5.71923,50.48547],[5.71981,50.48603],[5.71961,50.48612],[5.71919,50.48605]],[[5.67419,50.47153],[5.67417,50.4713],[5.67465,50.47131],[5.67419,50.47153]],[[5.73627,50.46975],[5.7362,50.46963],[5.73633,50.46955],[5.73702,50.46955],[5.73721,50.46964],[5.73706,50.46972],[5.73627,50.46975]],[[5.73836,50.46884],[5.73835,50.4687],[5.73836,50.46884]],[[5.74002,50.46199],[5.73979,50.4619],[5.73977,50.46182],[5.73996,50.46169],[5.74016,50.46173],[5.74025,50.46189],[5.74002,50.46199]],[[5.74044,50.45581],[5.74044,50.45548],[5.74044,50.45581]]]}},{"type":"Feature","properties":{"ele":170},"geometry":{"type":"MultiLineString","coordinates":[[[5.71961,50.49154],[5.71955,50.49132],[5.7196,50.49111],[5.71965,50.49129],[5.71961,50.49154]],[[5.71919,50.49078],[5.71902,50.49023],[5.71876,50.48998],[5.71879,50.4898],[5.71924,50.48989],[5.71961,50.49017],[5.7194,50.49067],[5.71919,50.49078]],[[5.71877,50.48959],[5.71841,50.48887],[5.71855,50.48828],[5.71842,50.48772],[5.71924,50.48661],[5.71927,50.48633],[5.71878,50.48603],[5.71777,50.48583],[5.71753,50.48575],[5.7174,50.4856],[5.71711,50.48492],[5.71652,50.4839],[5.71668,50.48353],[5.71693,50.48343],[5.71729,50.48342],[5.71798,50.48372],[5.71833,50.48379],[5.71958,50.48356],[5.72015,50.48359],[5.72089,50.48377],[5.72129,50.48409],[5.72073,50.48393],[5.71994,50.48402],[5.71929,50.48436],[5.71886,50.4848],[5.71886,50.48498],[5.71906,50.48518],[5.71975,50.48551],[5.72044,50.48604],[5.72044,50.4863],[5.71975,50.48709],[5.7193,50.48748],[5.71919,50.48798],[5.71936,50.48831],[5.71927,50.48873],[5.71907,50.48932],[5.71877,50.48959]],[[5.64461,50.47642],[5.64524,50.47657],[5.6458,50.47688],[5.64823,50.47749],[5.64864,50.47741],[5.64874,50.47714],[5.64921,50.47675],[5.65068,50.47701],[5.65167,50.47692],[5.65211,50.47715],[5.6526,50.47689],[5.6525,50.47658],[5.65292,50.4763],[5.65338,50.47628],[5.65376,50.47613],[5.65422,50.47572],[5.65489,50.47552],[5.65568,50.47562],[5.65593,50.47556],[5.65612,50.47529],[5.65616,50.47505],[5.65602,50.47467],[5.65601,50.47438],[5.6557,50.47415],[5.65572,50.47405],[5.65609,50.47398],[5.6564,50.47402],[5.65709,50.47456],[5.65786,50.47482],[5.6584,50.47469],[5.65873,50.47445],[5.65902,50.47326],[5.65963,50.47284],[5.66005,50.47217],[5.66003,50.47187],[5.65944,50.47098],[5.65937,50.47082],[5.65942,50.47075],[5.66042,50.47083],[5.66219,50.47128],[5.66265,50.47125],[5.66311,50.47108],[5.66313,50.47099],[5.66292,50.47078],[5.66282,50.47046],[5.66254,50.4702],[5.6614,50.46983],[5.66089,50.46984],[5.6606,50.46972],[5.66054,50.46959],[5.66065,50.46942],[5.66064,50.46928],[5.66,50.46855],[5.65984,50.46826],[5.65845,50.4678],[5.65719,50.46714],[5.65698,50.46687],[5.65794,50.46687],[5.65752,50.46631],[5.65798,50.46631],[5.65826,50.46639],[5.66043,50.46729],[5.66123,50.4675],[5.66252,50.46801],[5.66253,50.4677],[5.66239,50.4673],[5.66252,50.46686],[5.6637,50.46743],[5.66417,50.46775],[5.66447,50.46782],[5.66462,50.46779],[5.66465,50.46751],[5.66477,50.46734],[5.6651,50.46722],[5.66584,50.46764],[5.66676,50.46768],[5.66734,50.46781],[5.6684,50.46839],[5.66961,50.46881],[5.67089,50.46908],[5.67146,50.46929],[5.67294,50.46937],[5.67354,50.46928],[5.67557,50.46924],[5.67705,50.46904],[5.67762,50.46826],[5.67778,50.46779],[5.67778,50.46689],[5.67749,50.46634],[5.67732,50.46557],[5.67716,50.4652],[5.67685,50.46487],[5.67619,50.46439],[5.67584,50.46394],[5.67464,50.46333],[5.67377,50.46271],[5.67366,50.46224],[5.67332,50.4619],[5.67291,50.4617],[5.67204,50.46159],[5.6722,50.46152],[5.67297,50.46149],[5.67341,50.46135],[5.67367,50.46078],[5.67373,50.4601],[5.67419,50.45937],[5.67447,50.45933],[5.67465,50.45935],[5.67507,50.4602],[5.67485,50.46047],[5.67475,50.46078],[5.67477,50.46105],[5.67494,50.46134],[5.6766,50.46249],[5.67678,50.46269],[5.67709,50.46327],[5.67755,50.4635],[5.67857,50.46382],[5.67934,50.46442],[5.68025,50.46488],[5.6802,50.46497],[5.67923,50.46523],[5.67901,50.46564],[5.67916,50.46625],[5.67952,50.46685],[5.67972,50.46772],[5.67997,50.4683],[5.68027,50.46853],[5.68046,50.4688],[5.68089,50.46905],[5.68171,50.46927],[5.68221,50.46965],[5.68321,50.46996],[5.68301,50.47021],[5.68223,50.47054],[5.68044,50.47076],[5.67986,50.47094],[5.67917,50.47131],[5.67759,50.47169],[5.67736,50.47187],[5.67711,50.47243],[5.67687,50.47269],[5.67684,50.47286],[5.67694,50.47301],[5.67961,50.4735],[5.6804,50.47386],[5.68127,50.47409],[5.68385,50.47443],[5.68421,50.47439],[5.68453,50.47405],[5.68508,50.47371],[5.68739,50.47285],[5.68828,50.47238],[5.68903,50.47213],[5.68958,50.47209],[5.69076,50.47215],[5.6912,50.47245],[5.69182,50.47262],[5.69296,50.4724],[5.69432,50.47233],[5.69449,50.47241],[5.69449,50.47251],[5.69412,50.47287],[5.69377,50.47307],[5.69281,50.47307],[5.69205,50.47323],[5.69125,50.4733],[5.68963,50.47321],[5.68886,50.4733],[5.68717,50.47411],[5.68687,50.47436],[5.68682,50.47459],[5.68693,50.47475],[5.68725,50.47491],[5.69086,50.47548],[5.69299,50.47597],[5.69416,50.47632],[5.695,50.47638],[5.6956,50.47652],[5.69638,50.47685],[5.69751,50.47751],[5.69831,50.47781],[5.69962,50.47881],[5.70094,50.47923],[5.70172,50.47919],[5.70254,50.47939],[5.70328,50.47934],[5.70424,50.47911],[5.70466,50.47882],[5.70458,50.47852],[5.70499,50.4781],[5.70523,50.47822],[5.70527,50.4785],[5.70535,50.47861],[5.70588,50.47863],[5.70849,50.47812],[5.70976,50.478],[5.71038,50.4777],[5.71063,50.47743],[5.71069,50.47717],[5.71062,50.47668],[5.71033,50.47633],[5.7103,50.47613],[5.71036,50.47599],[5.71108,50.47552],[5.71134,50.47519],[5.71164,50.47355],[5.71154,50.47328],[5.71127,50.47298],[5.71166,50.47267],[5.71264,50.47251],[5.71291,50.47211],[5.71342,50.47206],[5.71361,50.47191],[5.71365,50.47178],[5.71354,50.47131],[5.71317,50.47085],[5.71355,50.47019],[5.71339,50.46973],[5.71334,50.46915],[5.71301,50.46838],[5.71171,50.46656],[5.71041,50.46437],[5.71011,50.46307],[5.70984,50.46248],[5.70975,50.4605],[5.71002,50.45962],[5.71032,50.45902],[5.71215,50.4569],[5.7126,50.45663],[5.71428,50.45594],[5.71626,50.45542],[5.71807,50.45534],[5.72083,50.45587],[5.72336,50.45687],[5.72396,50.4572],[5.72526,50.45832],[5.7263,50.45906],[5.72693,50.45998],[5.72723,50.4605],[5.72723,50.46105],[5.72754,50.46206],[5.72749,50.46245],[5.72774,50.46279],[5.7281,50.46373],[5.72839,50.46405],[5.72883,50.46494],[5.72888,50.46521],[5.72875,50.46551],[5.7289,50.46573],[5.72968,50.46585],[5.73082,50.46662],[5.73203,50.46707],[5.73417,50.46757],[5.73671,50.46771],[5.73793,50.46742],[5.73885,50.46734],[5.7397,50.46691],[5.73997,50.46659],[5.7407,50.46606],[5.74077,50.46595],[5.74061,50.46566],[5.73999,50.46522],[5.73943,50.46495],[5.73903,50.46459],[5.73836,50.46353],[5.73817,50.46282],[5.73825,50.46199],[5.73822,50.46116],[5.73841,50.4607],[5.73853,50.45987],[5.73848,50.45918],[5.73831,50.45878],[5.73896,50.45657],[5.73922,50.45615],[5.73966,50.45577],[5.73955,50.45544],[5.74022,50.45494],[5.74028,50.45465],[5.74051,50.45442],[5.74041,50.45382],[5.74045,50.45352],[5.74001,50.45244],[5.73982,50.45218],[5.73877,50.45132],[5.73794,50.45076],[5.737,50.44995],[5.73693,50.44876],[5.73709,50.44685],[5.73725,50.4465],[5.73718,50.44632],[5.73662,50.44577],[5.73644,50.44526],[5.73649,50.44464],[5.73685,50.44431],[5.73692,50.44404],[5.73669,50.44377],[5.73599,50.444],[5.7358,50.44398],[5.7357,50.44383],[5.73565,50.44351],[5.73503,50.44296],[5.73496,50.44255],[5.73519,50.44212],[5.73517,50.4419],[5.73461,50.44125],[5.73374,50.4397],[5.73376,50.43928],[5.7342,50.43874],[5.73462,50.43906],[5.73492,50.4399],[5.73511,50.4401],[5.73526,50.44052],[5.73589,50.4413],[5.73628,50.44159],[5.73665,50.44245],[5.73711,50.44298],[5.73723,50.44352],[5.73754,50.44381],[5.73742,50.44405],[5.73742,50.44421],[5.73785,50.44473],[5.738,50.44519],[5.73804,50.44626],[5.73793,50.44745],[5.73806,50.44817],[5.73806,50.44897],[5.73831,50.44989],[5.73865,50.45024],[5.73917,50.4505],[5.74025,50.4513],[5.74079,50.45213],[5.74137,50.4535],[5.74146,50.45432],[5.74123,50.4549],[5.7413,50.45523],[5.74092,50.45602],[5.74072,50.45628],[5.74064,50.45671],[5.74027,50.45734],[5.74017,50.45842],[5.74035,50.45909],[5.74053,50.4594],[5.74066,50.46019],[5.74109,50.46123],[5.74115,50.46178],[5.74212,50.46323],[5.74253,50.46353],[5.74284,50.46404],[5.74285,50.46456],[5.74351,50.46598],[5.74431,50.46817],[5.74505,50.4688],[5.74511,50.46904],[5.74501,50.46928],[5.74479,50.46938],[5.7437,50.46925],[5.74212,50.46955],[5.7414,50.47],[5.73998,50.47056],[5.73682,50.47079],[5.73297,50.47031],[5.7312,50.47025],[5.72953,50.46996],[5.72831,50.46993],[5.72791,50.46972],[5.72746,50.46967],[5.72746,50.46943],[5.72732,50.46933],[5.72599,50.46924],[5.72548,50.4691],[5.72527,50.46851],[5.7244,50.468],[5.7242,50.4677],[5.72375,50.46744],[5.72344,50.46689],[5.72309,50.4665],[5.72299,50.4663],[5.72299,50.46598],[5.72258,50.46542],[5.72207,50.46408],[5.72202,50.4627],[5.72285,50.46123],[5.72304,50.4606],[5.72295,50.4602],[5.7222,50.45984],[5.72127,50.45965],[5.72052,50.45935],[5.71927,50.45927],[5.71837,50.45937],[5.71776,50.45994],[5.71709,50.4603],[5.71681,50.46081],[5.71624,50.4613],[5.71614,50.46161],[5.71609,50.46279],[5.71592,50.46345],[5.71605,50.46401],[5.71599,50.46515],[5.71615,50.46601],[5.71677,50.46709],[5.71762,50.46816],[5.7179,50.46864],[5.71849,50.47012],[5.71862,50.47074],[5.71879,50.47103],[5.71856,50.47175],[5.71878,50.47244],[5.71864,50.47272],[5.71807,50.4732],[5.71789,50.47347],[5.71759,50.47474],[5.71745,50.47492],[5.71658,50.47518],[5.71653,50.47529],[5.71663,50.47549],[5.71729,50.47565],[5.71798,50.47602],[5.71868,50.47622],[5.71918,50.47646],[5.72077,50.47672],[5.72108,50.47686],[5.71984,50.47696],[5.7191,50.47721],[5.7187,50.47726],[5.71833,50.47719],[5.71713,50.47668],[5.71599,50.47667],[5.71553,50.47678],[5.71461,50.47719],[5.71337,50.47848],[5.7131,50.47897],[5.71303,50.47928],[5.71323,50.47969],[5.71409,50.48024],[5.71472,50.48077],[5.71483,50.48116],[5.71464,50.48154],[5.71415,50.48164],[5.71292,50.48105],[5.71234,50.48091],[5.71205,50.48092],[5.71146,50.48124],[5.71118,50.48154],[5.71135,50.48246],[5.71036,50.48251],[5.70992,50.48274],[5.70988,50.48296],[5.70998,50.48342],[5.70957,50.48412],[5.71037,50.48637],[5.71053,50.4872],[5.71048,50.48745],[5.71011,50.48759],[5.70917,50.48715],[5.70823,50.48699],[5.70722,50.48653],[5.70678,50.48644],[5.70661,50.48654],[5.70658,50.48706],[5.70641,50.4872],[5.70618,50.4872],[5.70508,50.48681],[5.7039,50.48677],[5.70334,50.48686],[5.70257,50.48757],[5.70239,50.48757],[5.7021,50.48743],[5.70169,50.4866],[5.70117,50.48644],[5.70092,50.48598],[5.7007,50.48577],[5.69966,50.48519],[5.69829,50.48466],[5.69753,50.48403],[5.69646,50.48354],[5.69596,50.48323],[5.6954,50.48271],[5.69211,50.48104],[5.69171,50.48075],[5.68891,50.47954],[5.6866,50.47882],[5.6839,50.47818],[5.68099,50.47775],[5.67385,50.47726],[5.67256,50.47729],[5.67202,50.47763],[5.67181,50.47807],[5.67179,50.47824],[5.672,50.47862],[5.67207,50.47918],[5.67189,50.47994],[5.67165,50.4801],[5.67127,50.47993],[5.67097,50.4796],[5.6709,50.47908],[5.6705,50.478],[5.67064,50.47755],[5.67061,50.4774],[5.67022,50.47716],[5.66969,50.47698],[5.66771,50.47685],[5.66583,50.47689],[5.66463,50.47715],[5.66422,50.47743],[5.66271,50.47711],[5.66128,50.47713],[5.66088,50.47746],[5.66082,50.4777],[5.66089,50.47803],[5.65999,50.47852],[5.65982,50.47873],[5.6598,50.479],[5.66006,50.47935],[5.66004,50.47942],[5.65965,50.47934],[5.65936,50.47917],[5.65927,50.47904],[5.65927,50.4788],[5.65912,50.47857],[5.65845,50.4781],[5.65818,50.47801],[5.65776,50.47805],[5.65719,50.4783],[5.65647,50.47877],[5.65592,50.47941],[5.65526,50.47986],[5.65497,50.48016],[5.65486,50.48057],[5.65461,50.48103],[5.65422,50.48118],[5.65381,50.48121],[5.65327,50.481],[5.65234,50.48117],[5.64999,50.48132],[5.6484,50.48115],[5.64789,50.48097],[5.64707,50.48092],[5.64701,50.48105],[5.64756,50.48127],[5.64808,50.48185],[5.64811,50.48211],[5.64794,50.48218],[5.64677,50.48172],[5.64533,50.48139],[5.64461,50.48112]],[[5.65044,50.48303],[5.65007,50.48297],[5.6495,50.48271],[5.64943,50.48244],[5.6496,50.48215],[5.65047,50.4824],[5.65054,50.48294],[5.65044,50.48303]],[[5.64669,50.48084],[5.64665,50.48076],[5.64688,50.48076],[5.64669,50.48084]],[[5.67294,50.48024],[5.67267,50.48016],[5.67236,50.4799],[5.67302,50.47968],[5.67368,50.47977],[5.67387,50.4799],[5.67379,50.48003],[5.67347,50.48022],[5.67294,50.48024]],[[5.65336,50.47662],[5.65316,50.47657],[5.65333,50.47639],[5.65342,50.47653],[5.65336,50.47662]],[[5.67377,50.45884],[5.67358,50.45842],[5.67291,50.45747],[5.67278,50.45685],[5.67294,50.4563],[5.67328,50.45635],[5.67346,50.45653],[5.67339,50.45692],[5.6735,50.4573],[5.67379,50.45787],[5.67396,50.45845],[5.67422,50.45881],[5.67416,50.45887],[5.67377,50.45884]],[[5.73377,50.43832],[5.73378,50.43824],[5.73418,50.43783],[5.73436,50.43792],[5.73437,50.43802],[5.73421,50.43817],[5.73377,50.43832]],[[5.73419,50.43763],[5.73409,50.43744],[5.73418,50.43729],[5.73419,50.43763]]]}},{"type":"Feature","properties":{"ele":180},"geometry":{"type":"MultiLineString","coordinates":[[[5.71919,50.49689],[5.719,50.49623],[5.71938,50.49394],[5.71906,50.49328],[5.71903,50.49276],[5.71875,50.49236],[5.71874,50.49166],[5.71889,50.49126],[5.71819,50.48883],[5.71822,50.48762],[5.71893,50.48671],[5.719,50.48644],[5.71881,50.48622],[5.71745,50.48586],[5.7171,50.48551],[5.71634,50.48387],[5.7166,50.48343],[5.71708,50.4832],[5.71839,50.48364],[5.71969,50.48336],[5.72088,50.48341],[5.7219,50.48379],[5.72205,50.48397],[5.72196,50.48415],[5.7213,50.48441],[5.72089,50.48436],[5.72036,50.48418],[5.71989,50.48424],[5.71938,50.48453],[5.7191,50.48488],[5.71912,50.48497],[5.71941,50.48519],[5.72046,50.48571],[5.72074,50.48612],[5.72072,50.48637],[5.72055,50.48665],[5.71966,50.48755],[5.7196,50.48798],[5.71973,50.48838],[5.71969,50.48878],[5.71951,50.48928],[5.71956,50.48944],[5.71965,50.48947],[5.72013,50.48913],[5.72039,50.4888],[5.72062,50.48881],[5.72072,50.4889],[5.72073,50.48911],[5.72053,50.4897],[5.72024,50.49032],[5.72016,50.49088],[5.72027,50.49116],[5.72089,50.49184],[5.72104,50.49213],[5.72117,50.49272],[5.72107,50.49359],[5.7213,50.49435],[5.72108,50.49474],[5.72114,50.49623],[5.72106,50.4964],[5.72077,50.49654],[5.72,50.49638],[5.7197,50.49658],[5.71972,50.49688],[5.71965,50.49703],[5.71947,50.49704],[5.71919,50.49689]],[[5.70627,50.48841],[5.70613,50.48826],[5.70626,50.4881],[5.70638,50.48824],[5.70627,50.48841]],[[5.73774,50.42409],[5.73706,50.42433],[5.73549,50.4255],[5.73423,50.42615],[5.73375,50.42631],[5.73354,50.42651],[5.73338,50.42688],[5.73299,50.42717],[5.73294,50.42743],[5.73256,50.42801],[5.73241,50.42848],[5.73244,50.42883],[5.73223,50.42935],[5.73229,50.43015],[5.73238,50.43045],[5.73266,50.43082],[5.73277,50.43151],[5.7332,50.43248],[5.73415,50.43359],[5.7344,50.43418],[5.73473,50.4347],[5.735,50.43578],[5.73499,50.43654],[5.7348,50.4373],[5.73497,50.43796],[5.73501,50.43853],[5.7353,50.4388],[5.73547,50.43932],[5.7358,50.43974],[5.73615,50.44079],[5.7371,50.44188],[5.73795,50.44215],[5.73797,50.44244],[5.73778,50.44276],[5.73813,50.44327],[5.73843,50.44345],[5.73961,50.44381],[5.73981,50.44403],[5.73977,50.44416],[5.73928,50.44439],[5.73915,50.44458],[5.73915,50.44468],[5.73944,50.44495],[5.73927,50.44522],[5.73923,50.44549],[5.73873,50.44575],[5.73873,50.44637],[5.73847,50.44744],[5.73858,50.44793],[5.73852,50.44852],[5.73863,50.44932],[5.73859,50.44984],[5.7388,50.45007],[5.7405,50.45101],[5.74107,50.45151],[5.74135,50.45213],[5.74144,50.45265],[5.7419,50.45362],[5.74193,50.45425],[5.74156,50.45487],[5.74154,50.45546],[5.74129,50.45604],[5.74107,50.45633],[5.74095,50.45686],[5.74063,50.4573],[5.74062,50.45835],[5.74118,50.45935],[5.74147,50.46074],[5.74205,50.46133],[5.74295,50.4627],[5.74341,50.46372],[5.74352,50.46439],[5.7435,50.46522],[5.74423,50.46738],[5.74466,50.46824],[5.74559,50.46909],[5.74516,50.4695],[5.74494,50.46958],[5.7439,50.46945],[5.74323,50.46952],[5.74251,50.46971],[5.74137,50.47023],[5.73988,50.47073],[5.73682,50.47087],[5.73546,50.47068],[5.7312,50.47036],[5.72957,50.47014],[5.72807,50.47004],[5.7272,50.46978],[5.72665,50.46946],[5.72553,50.46926],[5.72519,50.46907],[5.72475,50.4685],[5.72382,50.46797],[5.72369,50.46771],[5.72335,50.46743],[5.72321,50.46706],[5.72276,50.46644],[5.72183,50.46418],[5.72168,50.46269],[5.72215,50.46192],[5.7227,50.46129],[5.72279,50.46078],[5.72264,50.46042],[5.7222,50.46012],[5.72122,50.46003],[5.72046,50.45963],[5.71915,50.45962],[5.71835,50.4599],[5.71808,50.46023],[5.71745,50.46047],[5.7171,50.46098],[5.71658,50.4614],[5.71647,50.46168],[5.71641,50.46276],[5.71621,50.46335],[5.71634,50.46387],[5.71622,50.46443],[5.71622,50.46515],[5.71635,50.46595],[5.71705,50.46715],[5.71783,50.46795],[5.71819,50.46852],[5.71855,50.46963],[5.71875,50.46998],[5.719,50.47098],[5.71882,50.47175],[5.71905,50.47234],[5.71905,50.47258],[5.71894,50.47275],[5.71828,50.47321],[5.7181,50.47348],[5.71793,50.47437],[5.71798,50.47495],[5.71783,50.47524],[5.71784,50.47547],[5.71921,50.47629],[5.71964,50.4764],[5.72031,50.47645],[5.72099,50.47635],[5.72224,50.47652],[5.7238,50.47648],[5.72467,50.4766],[5.72424,50.47688],[5.72359,50.47679],[5.72078,50.47712],[5.72,50.47714],[5.71949,50.47736],[5.71932,50.47769],[5.7192,50.47776],[5.71845,50.47752],[5.71711,50.47684],[5.71582,50.47685],[5.71469,50.47744],[5.71356,50.47856],[5.71331,50.479],[5.71324,50.47935],[5.71338,50.47964],[5.71466,50.48049],[5.71499,50.48079],[5.71509,50.48113],[5.71498,50.4816],[5.71503,50.48191],[5.71474,50.48204],[5.71448,50.48202],[5.71301,50.48123],[5.7126,50.4811],[5.71219,50.4811],[5.71169,50.48131],[5.71156,50.48168],[5.71191,50.48244],[5.71163,50.48268],[5.71078,50.48295],[5.71055,50.48428],[5.71089,50.48524],[5.71095,50.48623],[5.71117,50.48692],[5.71117,50.48734],[5.71051,50.48802],[5.70966,50.48829],[5.70959,50.48823],[5.70969,50.48796],[5.70941,50.48768],[5.70882,50.48739],[5.70834,50.48743],[5.70753,50.48729],[5.70704,50.4876],[5.70663,50.48772],[5.70588,50.48763],[5.70458,50.48715],[5.70396,50.48704],[5.70335,50.48715],[5.70295,50.48799],[5.70229,50.48818],[5.70183,50.48812],[5.70168,50.48804],[5.70156,50.48755],[5.70063,50.48637],[5.70058,50.48604],[5.70045,50.48591],[5.69931,50.48518],[5.69797,50.48463],[5.69722,50.48401],[5.696,50.48347],[5.6951,50.48269],[5.69338,50.48186],[5.69093,50.48046],[5.68877,50.47955],[5.68598,50.47881],[5.6847,50.47864],[5.68346,50.47825],[5.68177,50.47802],[5.6808,50.47798],[5.67984,50.4778],[5.6738,50.47737],[5.67251,50.47742],[5.67217,50.47775],[5.67207,50.47822],[5.67252,50.4791],[5.67402,50.47963],[5.67416,50.47974],[5.67423,50.47993],[5.67385,50.48028],[5.67359,50.48037],[5.67193,50.48045],[5.67124,50.48022],[5.67073,50.47972],[5.67067,50.47911],[5.67049,50.4785],[5.67022,50.478],[5.67037,50.47748],[5.67024,50.47734],[5.66972,50.4771],[5.66771,50.47697],[5.66604,50.47698],[5.66539,50.4771],[5.66485,50.47743],[5.66448,50.47752],[5.66162,50.47741],[5.66133,50.47749],[5.66118,50.47761],[5.66119,50.47803],[5.66086,50.47851],[5.6604,50.47867],[5.66024,50.47884],[5.66076,50.47974],[5.66123,50.47997],[5.66128,50.48022],[5.66085,50.48026],[5.66,50.47995],[5.65912,50.47937],[5.65873,50.47851],[5.65837,50.47822],[5.65792,50.47815],[5.65751,50.47825],[5.6569,50.47862],[5.65664,50.47884],[5.65629,50.47939],[5.65559,50.47995],[5.65527,50.48067],[5.6553,50.48109],[5.6551,50.48133],[5.65413,50.48161],[5.65376,50.4816],[5.65333,50.48134],[5.65297,50.4813],[5.65021,50.48149],[5.64891,50.48136],[5.64855,50.48152],[5.64851,50.48168],[5.64877,50.48218],[5.64918,50.48218],[5.64974,50.48199],[5.65045,50.48214],[5.65075,50.48247],[5.65101,50.48296],[5.65085,50.4832],[5.65051,50.48329],[5.65002,50.48322],[5.64823,50.4826],[5.64662,50.4819],[5.64461,50.48133]],[[5.65669,50.48177],[5.65645,50.48154],[5.65653,50.48133],[5.6567,50.48124],[5.65729,50.48122],[5.65755,50.4813],[5.65765,50.4815],[5.65764,50.48161],[5.65744,50.48169],[5.65669,50.48177]],[[5.73562,50.42409],[5.73532,50.42435],[5.73518,50.4247],[5.7347,50.42504],[5.73375,50.42513],[5.73331,50.42544],[5.73288,50.42543],[5.73255,50.42552],[5.7322,50.42606],[5.73129,50.42689],[5.73085,50.42741],[5.73024,50.42772],[5.73012,50.42798],[5.72988,50.42822],[5.72983,50.42845],[5.72996,50.42871],[5.73075,50.4296],[5.73086,50.43003],[5.73126,50.4304],[5.7312,50.43105],[5.73162,50.43147],[5.7317,50.4321],[5.73198,50.43298],[5.73305,50.43407],[5.73366,50.43494],[5.73362,50.43529],[5.73372,50.43578],[5.73361,50.4363],[5.73361,50.43678],[5.73331,50.43713],[5.73322,50.43758],[5.73345,50.43807],[5.73335,50.43854],[5.73351,50.4388],[5.73341,50.43914],[5.7335,50.4396],[5.73406,50.4408],[5.73487,50.44189],[5.73486,50.44213],[5.7345,50.44272],[5.73477,50.44325],[5.73481,50.44362],[5.73516,50.44409],[5.73601,50.44485],[5.73628,50.44584],[5.73672,50.44631],[5.73664,50.44662],[5.73679,50.44748],[5.7367,50.44876],[5.73679,50.44994],[5.73752,50.45076],[5.73937,50.45215],[5.73977,50.45269],[5.74002,50.45327],[5.74004,50.4536],[5.73985,50.45425],[5.73877,50.45619],[5.73846,50.45696],[5.73821,50.458],[5.73787,50.45875],[5.73787,50.459],[5.73802,50.45943],[5.73801,50.4599],[5.7377,50.46036],[5.73769,50.46076],[5.73749,50.46103],[5.73776,50.46151],[5.73765,50.46196],[5.73774,50.46241],[5.7377,50.46276],[5.73799,50.46354],[5.73835,50.46419],[5.73916,50.46493],[5.74045,50.46576],[5.74002,50.46627],[5.739,50.4669],[5.73874,50.46702],[5.73734,50.46729],[5.73573,50.46739],[5.73411,50.46727],[5.73234,50.46694],[5.73083,50.46634],[5.73005,50.46544],[5.72958,50.46523],[5.72948,50.46474],[5.72902,50.46431],[5.72882,50.46379],[5.72844,50.46328],[5.72841,50.46269],[5.72795,50.46239],[5.72789,50.46137],[5.72751,50.46104],[5.72761,50.46042],[5.72714,50.45962],[5.72668,50.45911],[5.72632,50.4588],[5.72545,50.45826],[5.72455,50.45745],[5.72397,50.45706],[5.72115,50.45578],[5.72058,50.45539],[5.72039,50.45536],[5.72004,50.45551],[5.71956,50.4555],[5.71786,50.45513],[5.71599,50.45538],[5.71424,50.45582],[5.7124,50.45659],[5.71193,50.45688],[5.71083,50.45823],[5.71002,50.45909],[5.70955,50.46048],[5.7095,50.46126],[5.70963,50.46248],[5.70992,50.46324],[5.71013,50.46428],[5.71156,50.46671],[5.71271,50.46828],[5.71325,50.47015],[5.71299,50.47049],[5.71252,50.47076],[5.71276,50.47126],[5.71273,50.4714],[5.71253,50.47152],[5.71216,50.47145],[5.71206,50.47151],[5.71206,50.47164],[5.71244,50.47206],[5.71242,50.47227],[5.71223,50.47243],[5.71146,50.47265],[5.71113,50.47294],[5.71147,50.47359],[5.71121,50.47463],[5.71074,50.47547],[5.70988,50.47608],[5.70993,50.47632],[5.71025,50.47656],[5.71036,50.47675],[5.7104,50.4771],[5.71032,50.47741],[5.70997,50.4777],[5.70943,50.47773],[5.7087,50.47756],[5.70828,50.47757],[5.70785,50.47767],[5.70729,50.47802],[5.70604,50.4782],[5.70583,50.47813],[5.70568,50.47762],[5.70551,50.47741],[5.70537,50.47739],[5.70516,50.47749],[5.70463,50.47803],[5.70402,50.47881],[5.7035,50.47909],[5.70255,50.47925],[5.70167,50.47894],[5.70133,50.4791],[5.70083,50.47912],[5.70048,50.47879],[5.69953,50.47856],[5.69917,50.47799],[5.69936,50.47775],[5.69933,50.47765],[5.69864,50.47765],[5.69818,50.47752],[5.69753,50.47715],[5.69582,50.47643],[5.69127,50.47547],[5.68765,50.47487],[5.68716,50.47475],[5.687,50.47464],[5.68706,50.47434],[5.68748,50.47406],[5.68917,50.4734],[5.68979,50.47336],[5.69109,50.47344],[5.69281,50.47331],[5.69375,50.4734],[5.69425,50.47333],[5.69481,50.47266],[5.69586,50.47187],[5.69586,50.47159],[5.69497,50.47158],[5.69401,50.47193],[5.69229,50.47227],[5.69202,50.47224],[5.69146,50.47201],[5.69008,50.47186],[5.68886,50.47206],[5.68749,50.47265],[5.68504,50.47354],[5.68419,50.47419],[5.68375,50.47432],[5.6819,50.47409],[5.68067,50.4738],[5.67958,50.47339],[5.67729,50.47294],[5.67718,50.47279],[5.6772,50.47262],[5.67751,50.47201],[5.67777,50.47184],[5.67924,50.47142],[5.68026,50.47095],[5.68109,50.47081],[5.68224,50.47075],[5.68294,50.47044],[5.68392,50.4702],[5.68425,50.46997],[5.68426,50.46987],[5.6841,50.46976],[5.68318,50.46965],[5.68337,50.46936],[5.68197,50.4688],[5.68041,50.4683],[5.68017,50.46807],[5.67988,50.46751],[5.67975,50.46686],[5.67934,50.46623],[5.67928,50.46557],[5.6796,50.46533],[5.68141,50.4649],[5.68062,50.46447],[5.68002,50.46437],[5.67963,50.46409],[5.679,50.46381],[5.67734,50.46325],[5.67712,50.4627],[5.67691,50.46245],[5.67576,50.46165],[5.67518,50.46102],[5.67517,50.46074],[5.67533,50.46045],[5.67649,50.45993],[5.67544,50.45994],[5.67512,50.45963],[5.67503,50.45937],[5.67426,50.45822],[5.67393,50.45737],[5.67392,50.45706],[5.67425,50.45659],[5.67347,50.45603],[5.67316,50.4556],[5.67302,50.45465],[5.67219,50.45458],[5.67176,50.45436],[5.67086,50.45437],[5.67171,50.45445],[5.67253,50.45484],[5.67272,50.45508],[5.67279,50.45536],[5.6725,50.45574],[5.67239,50.45699],[5.67291,50.45815],[5.67383,50.45908],[5.67389,50.45932],[5.67344,50.46019],[5.67338,50.46082],[5.673,50.4612],[5.67239,50.46111],[5.67166,50.46126],[5.67126,50.46145],[5.67084,50.46152],[5.67083,50.46173],[5.67104,50.46184],[5.67253,50.46187],[5.67304,50.462],[5.67326,50.4622],[5.6738,50.46331],[5.67456,50.4639],[5.67545,50.46409],[5.67577,50.46439],[5.67671,50.46492],[5.67712,50.46547],[5.67729,50.4664],[5.67754,50.46687],[5.67755,50.468],[5.67719,50.46836],[5.67375,50.46869],[5.67239,50.46866],[5.6714,50.46849],[5.67057,50.46851],[5.67003,50.46823],[5.66844,50.4679],[5.66755,50.46756],[5.6659,50.46737],[5.66554,50.46712],[5.6651,50.46699],[5.66466,50.46704],[5.66427,50.46729],[5.66411,50.46731],[5.66289,50.46678],[5.66252,50.4667],[5.66225,50.46689],[5.6621,50.46733],[5.66172,50.46738],[5.66044,50.46714],[5.65975,50.46687],[5.65923,50.46655],[5.65836,50.46626],[5.65745,50.46617],[5.65661,50.46648],[5.65521,50.46596],[5.65444,50.46577],[5.65291,50.46575],[5.65295,50.46603],[5.65432,50.46619],[5.65548,50.46651],[5.65797,50.46769],[5.65817,50.46793],[5.65815,50.46823],[5.65822,50.46832],[5.65977,50.46905],[5.65968,50.46916],[5.65886,50.46932],[5.65842,50.46903],[5.6579,50.46906],[5.65792,50.4694],[5.65873,50.46941],[5.65917,50.46977],[5.65961,50.46993],[5.65901,50.47007],[5.65762,50.47011],[5.65751,50.47016],[5.65736,50.47045],[5.65753,50.47061],[5.65834,50.47078],[5.65884,50.471],[5.6591,50.47138],[5.65965,50.47183],[5.65972,50.47209],[5.65966,50.47225],[5.65849,50.47269],[5.65753,50.47341],[5.65711,50.47326],[5.65708,50.47347],[5.65687,50.47356],[5.65626,50.47356],[5.65557,50.4734],[5.65496,50.47348],[5.65456,50.4738],[5.65467,50.47438],[5.65425,50.47492],[5.65375,50.4752],[5.653,50.47578],[5.65166,50.47631],[5.65057,50.47646],[5.64995,50.47642],[5.64956,50.4763],[5.64916,50.47574],[5.64871,50.47588],[5.64839,50.47611],[5.64833,50.47631],[5.64852,50.47665],[5.64849,50.4769],[5.64792,50.47714],[5.64755,50.47716],[5.64638,50.47687],[5.64545,50.47631],[5.64461,50.47616]],[[5.69794,50.47666],[5.69776,50.47659],[5.69839,50.47659],[5.69794,50.47666]],[[5.71294,50.47172],[5.7127,50.47159],[5.71296,50.47152],[5.71294,50.47172]],[[5.66211,50.47106],[5.66149,50.47075],[5.66178,50.47067],[5.66213,50.4707],[5.6622,50.47095],[5.66211,50.47106]]]}},{"type":"Feature","properties":{"ele":190},"geometry":{"type":"MultiLineString","coordinates":[[[5.72252,50.49939],[5.72246,50.49935],[5.72253,50.49927],[5.72259,50.49936],[5.72252,50.49939]],[[5.71836,50.49891],[5.71827,50.49879],[5.71897,50.49825],[5.71826,50.49776],[5.71804,50.49751],[5.71796,50.49663],[5.71809,50.49626],[5.71867,50.49564],[5.71904,50.49407],[5.71898,50.4938],[5.71872,50.49331],[5.7187,50.49279],[5.71836,50.49242],[5.71821,50.49196],[5.71824,50.49179],[5.71858,50.49137],[5.71862,50.49119],[5.71852,50.49064],[5.71802,50.48907],[5.71801,50.48772],[5.71814,50.48737],[5.7188,50.48657],[5.71858,50.48632],[5.71776,50.48614],[5.71707,50.48581],[5.71619,50.48409],[5.71615,50.48377],[5.7167,50.48299],[5.71706,50.48288],[5.71761,50.48322],[5.71849,50.48347],[5.71958,50.48321],[5.72068,50.48314],[5.72125,50.48302],[5.72187,50.48311],[5.72244,50.4831],[5.7237,50.48276],[5.725,50.48283],[5.72509,50.48298],[5.72502,50.48318],[5.72453,50.48319],[5.7237,50.48345],[5.72326,50.48371],[5.72295,50.48414],[5.72256,50.48437],[5.72214,50.48441],[5.7217,50.48465],[5.72125,50.48476],[5.72087,50.48468],[5.72039,50.4844],[5.72002,50.48437],[5.71955,50.48459],[5.71939,50.4848],[5.71941,50.48496],[5.71959,50.4851],[5.7206,50.48549],[5.72086,50.48575],[5.72105,50.48616],[5.72104,50.4864],[5.72087,50.4867],[5.72,50.48769],[5.71998,50.48803],[5.72019,50.4885],[5.72044,50.48856],[5.72094,50.48845],[5.72139,50.48847],[5.7226,50.4888],[5.72271,50.48897],[5.72271,50.48907],[5.72259,50.48911],[5.72127,50.48909],[5.72059,50.49036],[5.72047,50.49078],[5.72064,50.49119],[5.72149,50.4921],[5.72162,50.49234],[5.72153,50.49342],[5.72167,50.4939],[5.72156,50.49463],[5.72166,50.49492],[5.72262,50.49521],[5.723,50.49552],[5.72294,50.49576],[5.72267,50.49609],[5.72245,50.49657],[5.72188,50.49724],[5.72169,50.4977],[5.72181,50.49803],[5.72185,50.49852],[5.72212,50.49883],[5.72156,50.49894],[5.72126,50.49883],[5.72086,50.49854],[5.72036,50.49843],[5.71836,50.49891]],[[5.70877,50.49028],[5.7086,50.48994],[5.70864,50.4896],[5.70882,50.48943],[5.70918,50.48946],[5.70932,50.48967],[5.70918,50.49006],[5.70877,50.49028]],[[5.73879,50.42409],[5.73752,50.42465],[5.73581,50.42593],[5.73462,50.42636],[5.73357,50.42718],[5.73293,50.42806],[5.73289,50.42887],[5.73267,50.42946],[5.7327,50.43029],[5.73363,50.43243],[5.7344,50.43342],[5.73521,50.43494],[5.73536,50.43553],[5.73541,50.43633],[5.73523,50.43723],[5.73524,50.43755],[5.73545,50.43814],[5.73586,50.43853],[5.73611,50.43906],[5.73647,50.43956],[5.73654,50.43994],[5.73669,50.4402],[5.7367,50.44048],[5.73654,50.44074],[5.73658,50.44088],[5.73715,50.44155],[5.73756,50.44172],[5.73834,50.44188],[5.73879,50.44214],[5.73843,50.44245],[5.73832,50.44269],[5.73829,50.44299],[5.73851,50.44322],[5.73878,50.44335],[5.73958,50.44342],[5.74019,50.44358],[5.7405,50.44378],[5.74085,50.44414],[5.7412,50.44474],[5.74219,50.44521],[5.74134,50.44548],[5.74035,50.4454],[5.74015,50.44551],[5.74004,50.44577],[5.73959,50.44599],[5.73901,50.44692],[5.7389,50.44821],[5.7391,50.44883],[5.73897,50.44918],[5.73888,50.44984],[5.73909,50.45005],[5.74089,50.45075],[5.7413,50.45102],[5.7416,50.45187],[5.74182,50.45224],[5.74201,50.45303],[5.74229,50.45355],[5.74231,50.45418],[5.74185,50.45491],[5.74178,50.45577],[5.74097,50.45717],[5.74092,50.45748],[5.74112,50.45838],[5.74158,50.45912],[5.74203,50.45967],[5.74197,50.46078],[5.74253,50.46104],[5.74279,50.46167],[5.74358,50.46258],[5.74385,50.46418],[5.74383,50.46515],[5.74446,50.46737],[5.74468,50.46769],[5.74488,50.46828],[5.74548,50.46874],[5.74579,50.46888],[5.7463,50.46886],[5.74702,50.46853],[5.74748,50.46814],[5.7476,50.46814],[5.74772,50.46826],[5.7477,50.46842],[5.74728,50.46883],[5.74542,50.46972],[5.745,50.46975],[5.74401,50.46959],[5.74335,50.46964],[5.74045,50.47074],[5.73963,50.47091],[5.7364,50.47094],[5.73547,50.47078],[5.73126,50.47049],[5.72729,50.47006],[5.7266,50.46971],[5.72543,50.46939],[5.72502,50.46916],[5.72439,50.46859],[5.72358,50.46802],[5.72251,50.46661],[5.72236,50.46609],[5.72208,50.46554],[5.72196,50.46498],[5.7216,50.46425],[5.72143,50.46296],[5.72161,50.46238],[5.72199,50.46186],[5.72257,50.46133],[5.72254,50.4607],[5.72205,50.46042],[5.72094,50.46044],[5.72042,50.46008],[5.71996,50.46042],[5.71932,50.46069],[5.71792,50.46087],[5.71712,50.46161],[5.71702,50.46186],[5.71686,50.46255],[5.71676,50.46408],[5.7166,50.46443],[5.71674,50.46495],[5.71659,50.46581],[5.71665,50.46606],[5.71722,50.46703],[5.71795,50.46775],[5.71849,50.4685],[5.71873,50.46928],[5.71876,50.46966],[5.71902,50.46998],[5.71918,50.47053],[5.71923,50.47107],[5.71906,50.47175],[5.7193,50.47234],[5.71932,50.47261],[5.71926,50.47274],[5.71845,50.47326],[5.71828,50.47351],[5.71816,50.47439],[5.71827,50.47491],[5.71824,50.47528],[5.71837,50.47547],[5.71921,50.47603],[5.71995,50.47628],[5.72125,50.47616],[5.72261,50.47636],[5.7238,50.47617],[5.72531,50.47622],[5.72569,50.47629],[5.72573,50.47638],[5.72549,50.47659],[5.72458,50.47702],[5.72328,50.47698],[5.71997,50.47737],[5.71986,50.47749],[5.71994,50.47807],[5.71983,50.47825],[5.71965,50.47832],[5.71922,50.47824],[5.71843,50.47769],[5.7175,50.47716],[5.71713,50.47704],[5.7159,50.47704],[5.71501,50.47742],[5.71381,50.47857],[5.71349,50.47942],[5.71366,50.4797],[5.71515,50.48054],[5.71535,50.48098],[5.71533,50.48157],[5.7155,50.48188],[5.71543,50.48214],[5.71504,50.48272],[5.71456,50.48283],[5.71433,50.48268],[5.7141,50.48215],[5.71339,50.48157],[5.71293,50.48132],[5.71268,50.48128],[5.71218,50.48131],[5.71206,50.48139],[5.71194,50.48165],[5.71234,50.4822],[5.71233,50.48255],[5.71215,50.48277],[5.71133,50.48301],[5.71118,50.48352],[5.71117,50.48439],[5.71145,50.48543],[5.71136,50.48626],[5.71161,50.48692],[5.7116,50.48744],[5.71143,50.48773],[5.71117,50.48795],[5.71001,50.48857],[5.70963,50.48869],[5.70903,50.48857],[5.70899,50.48817],[5.70886,50.48795],[5.70838,50.48795],[5.70663,50.48869],[5.70587,50.4891],[5.70545,50.48916],[5.70538,50.48882],[5.70557,50.48835],[5.70543,50.48801],[5.70505,50.48769],[5.70448,50.48742],[5.70406,50.48734],[5.70369,50.4874],[5.70336,50.48797],[5.70294,50.48826],[5.70163,50.48858],[5.70147,50.48831],[5.70133,50.48764],[5.70021,50.4864],[5.70015,50.48598],[5.6996,50.48576],[5.69917,50.48531],[5.69787,50.48476],[5.69711,50.48409],[5.69581,50.48358],[5.69541,50.48328],[5.69502,50.48285],[5.6942,50.48247],[5.69169,50.48106],[5.69135,50.48075],[5.69085,50.48049],[5.68882,50.47963],[5.68828,50.47949],[5.68753,50.47936],[5.68588,50.4794],[5.685,50.47911],[5.68371,50.47909],[5.68291,50.47883],[5.68272,50.4785],[5.6824,50.47826],[5.67958,50.47792],[5.6737,50.47747],[5.67302,50.47746],[5.67262,50.47756],[5.67243,50.47767],[5.67234,50.47786],[5.67233,50.47814],[5.67242,50.47836],[5.67295,50.47893],[5.67428,50.4796],[5.67442,50.47991],[5.67421,50.48026],[5.67388,50.48051],[5.67251,50.48066],[5.6721,50.48088],[5.67096,50.48019],[5.67041,50.47967],[5.67045,50.47908],[5.67028,50.47883],[5.67021,50.47842],[5.66996,50.478],[5.67006,50.47771],[5.67006,50.47743],[5.66958,50.47722],[5.66885,50.47713],[5.66595,50.47709],[5.66563,50.47716],[5.6651,50.47747],[5.66458,50.47762],[5.66276,50.47759],[5.66168,50.47769],[5.66113,50.47908],[5.66193,50.47956],[5.66259,50.47961],[5.66292,50.47994],[5.66307,50.4805],[5.66313,50.4815],[5.66303,50.48172],[5.66281,50.4818],[5.66208,50.48166],[5.66123,50.48162],[5.66005,50.48129],[5.65991,50.48109],[5.65994,50.481],[5.66084,50.48085],[5.66098,50.48074],[5.66048,50.48042],[5.6599,50.48023],[5.65877,50.47939],[5.65846,50.47853],[5.65792,50.47825],[5.65732,50.47851],[5.65685,50.4789],[5.65647,50.47946],[5.65601,50.47995],[5.65596,50.48015],[5.65608,50.48047],[5.65573,50.48077],[5.65587,50.48092],[5.6562,50.481],[5.65656,50.48099],[5.65713,50.48081],[5.65793,50.48104],[5.65828,50.48133],[5.65803,50.48188],[5.65651,50.48201],[5.65578,50.482],[5.65502,50.48185],[5.65418,50.48194],[5.65328,50.4817],[5.65171,50.48156],[5.6504,50.48186],[5.65083,50.48217],[5.65139,50.48289],[5.65103,50.48376],[5.65131,50.48403],[5.65128,50.48438],[5.65083,50.48384],[5.6506,50.48372],[5.64793,50.48275],[5.64639,50.48204],[5.6455,50.48186],[5.64461,50.48154]],[[5.64461,50.48465],[5.6454,50.48481],[5.64553,50.48476],[5.64561,50.48462],[5.64547,50.48406],[5.64501,50.48328],[5.64461,50.48286]],[[5.64461,50.48464],[5.64504,50.48453],[5.64531,50.48438],[5.64501,50.48414],[5.64461,50.48401]],[[5.67169,50.48223],[5.67169,50.48213],[5.67169,50.48223]],[[5.70252,50.47911],[5.70254,50.47898],[5.70264,50.47908],[5.70252,50.47911]],[[5.70294,50.47899],[5.70265,50.47879],[5.7027,50.47852],[5.70323,50.4784],[5.70359,50.47852],[5.70361,50.47863],[5.70345,50.47883],[5.70294,50.47899]],[[5.70002,50.4783],[5.70004,50.47823],[5.70045,50.47826],[5.70002,50.4783]],[[5.70377,50.47771],[5.70415,50.47763],[5.70436,50.4777],[5.70419,50.47777],[5.70377,50.47771]],[[5.70669,50.47783],[5.70646,50.47774],[5.70644,50.47765],[5.70662,50.47753],[5.70676,50.47755],[5.70685,50.4777],[5.70669,50.47783]],[[5.69836,50.47727],[5.6983,50.47715],[5.69838,50.4771],[5.69952,50.47703],[5.69981,50.47714],[5.69957,50.4773],[5.69901,50.47722],[5.69836,50.47727]],[[5.73524,50.42409],[5.73489,50.42436],[5.73469,50.4247],[5.73432,50.4249],[5.73373,50.42488],[5.73304,50.42521],[5.73215,50.4255],[5.73183,50.42603],[5.73106,50.42665],[5.7305,50.42742],[5.73011,50.42746],[5.72995,50.42756],[5.72981,50.42799],[5.72953,50.42828],[5.7295,50.4285],[5.7305,50.42965],[5.73055,50.4299],[5.73043,50.43019],[5.73046,50.43036],[5.73106,50.43175],[5.73163,50.43278],[5.73341,50.43492],[5.73347,50.43598],[5.73297,50.43741],[5.73311,50.43814],[5.73302,50.43859],[5.73307,50.43907],[5.73378,50.44075],[5.73468,50.44186],[5.73463,50.44215],[5.73429,50.44265],[5.73441,50.44324],[5.73431,50.44359],[5.73519,50.44438],[5.73561,50.44488],[5.73626,50.44633],[5.73649,50.44748],[5.73649,50.44807],[5.73637,50.44859],[5.73649,50.44932],[5.73644,50.4499],[5.73781,50.45133],[5.73875,50.45192],[5.73928,50.45236],[5.73953,50.45271],[5.73979,50.45331],[5.73979,50.45366],[5.7395,50.45435],[5.73895,50.45519],[5.73792,50.45739],[5.73785,50.45807],[5.73756,50.45917],[5.73738,50.45956],[5.73711,50.45993],[5.73697,50.4613],[5.73722,50.46265],[5.73797,50.46405],[5.73841,50.46459],[5.73977,50.46544],[5.74011,50.46573],[5.74004,50.46605],[5.73961,50.46631],[5.73858,50.46684],[5.73786,50.46692],[5.73713,50.46715],[5.73635,50.46719],[5.73509,50.46714],[5.73381,50.46685],[5.73312,50.46687],[5.73247,50.46663],[5.73149,50.46609],[5.73079,50.46554],[5.73066,50.46515],[5.73011,50.46436],[5.72919,50.4635],[5.72902,50.46317],[5.72896,50.46265],[5.72858,50.46212],[5.72791,50.46025],[5.72726,50.45937],[5.72668,50.45882],[5.72575,50.45827],[5.72481,50.4574],[5.72336,50.45658],[5.72136,50.45568],[5.72099,50.45529],[5.72084,50.45475],[5.72046,50.45489],[5.72005,50.45522],[5.71963,50.45528],[5.71883,50.45519],[5.71791,50.45488],[5.71703,50.45515],[5.71583,50.45532],[5.71382,50.45577],[5.71294,50.45631],[5.7121,50.45659],[5.71166,50.45688],[5.7107,50.45817],[5.70975,50.45921],[5.70933,50.4607],[5.70916,50.46106],[5.70934,50.46178],[5.70941,50.46258],[5.70981,50.46373],[5.70983,50.46418],[5.71019,50.46464],[5.7104,50.46518],[5.71126,50.46661],[5.7117,50.46714],[5.71249,50.46835],[5.71275,50.46932],[5.7127,50.46963],[5.71276,50.46987],[5.71257,50.47012],[5.71206,50.47018],[5.71209,50.47025],[5.71253,50.47039],[5.71253,50.47048],[5.71214,50.47081],[5.71133,50.47084],[5.71119,50.47096],[5.71119,50.47107],[5.71177,50.47166],[5.71205,50.47209],[5.71193,50.47225],[5.71118,50.47265],[5.71093,50.47293],[5.71095,50.47317],[5.7113,50.47351],[5.7113,50.47363],[5.71047,50.47547],[5.71004,50.47579],[5.70906,50.47603],[5.70995,50.47661],[5.70996,50.47689],[5.7097,50.47718],[5.70957,50.47719],[5.70823,50.4767],[5.70636,50.47692],[5.70495,50.4767],[5.70247,50.47691],[5.70151,50.47674],[5.70002,50.47631],[5.69885,50.47616],[5.69667,50.4765],[5.69586,50.47624],[5.69432,50.47592],[5.68761,50.47474],[5.68724,50.47459],[5.6873,50.47437],[5.68751,50.47421],[5.68919,50.47353],[5.68995,50.4735],[5.69114,50.47359],[5.69281,50.47347],[5.69406,50.47364],[5.69484,50.47354],[5.69506,50.47331],[5.69502,50.47298],[5.69516,50.47276],[5.69587,50.47216],[5.69634,50.47163],[5.69642,50.47135],[5.6963,50.47124],[5.69495,50.4714],[5.69414,50.47168],[5.69298,50.4719],[5.69208,50.47175],[5.69094,50.4718],[5.68979,50.47175],[5.68849,50.47206],[5.68755,50.47247],[5.68668,50.4727],[5.68495,50.47344],[5.68422,50.474],[5.68386,50.47417],[5.68247,50.4741],[5.67779,50.47278],[5.6776,50.47261],[5.67763,50.4723],[5.67777,50.4721],[5.67815,50.4719],[5.6792,50.47159],[5.68047,50.47105],[5.68224,50.47087],[5.68469,50.47036],[5.68505,50.47022],[5.68532,50.46988],[5.68598,50.46934],[5.68562,50.46926],[5.68513,50.46945],[5.68484,50.46945],[5.68458,50.46938],[5.68457,50.46915],[5.68447,50.46904],[5.68345,50.46867],[5.68261,50.46822],[5.68215,50.46816],[5.68166,50.4683],[5.68128,50.46798],[5.68044,50.46799],[5.68004,50.46733],[5.67995,50.46678],[5.67955,50.4663],[5.67951,50.46585],[5.67962,50.46549],[5.68126,50.46525],[5.68253,50.46493],[5.67987,50.46386],[5.67896,50.46368],[5.67759,50.46324],[5.67747,50.46301],[5.67744,50.46244],[5.67726,50.46209],[5.67629,50.46168],[5.67593,50.4613],[5.67543,50.46104],[5.67542,50.46074],[5.67561,50.46058],[5.67666,50.46016],[5.67689,50.45999],[5.67691,50.45988],[5.67661,50.4597],[5.67594,50.45976],[5.67542,50.45966],[5.67545,50.45937],[5.67494,50.45859],[5.67457,50.45828],[5.67422,50.45735],[5.67419,50.45715],[5.67465,50.45687],[5.67474,50.45661],[5.67383,50.45606],[5.67367,50.45587],[5.67357,50.45564],[5.67339,50.45461],[5.67287,50.45441],[5.67198,50.45421],[5.67011,50.45407],[5.66961,50.45417],[5.66942,50.45408],[5.66908,50.45406],[5.66893,50.4541],[5.66957,50.45438],[5.67133,50.45458],[5.67227,50.45493],[5.6724,50.45532],[5.67225,50.45598],[5.67224,50.45657],[5.67207,50.45688],[5.67228,50.4573],[5.6724,50.45778],[5.67271,50.45823],[5.67348,50.45899],[5.6736,50.45928],[5.67335,50.4599],[5.67303,50.46029],[5.67239,50.46047],[5.67229,50.46078],[5.67198,50.46094],[5.67167,50.461],[5.67084,50.46097],[5.67016,50.46144],[5.66986,50.46182],[5.66989,50.46211],[5.67006,50.4622],[5.67219,50.462],[5.67297,50.46213],[5.67322,50.46296],[5.67355,50.46345],[5.67361,50.46382],[5.67376,50.464],[5.67448,50.46438],[5.67604,50.46481],[5.67669,50.46522],[5.67701,50.46598],[5.67703,50.46644],[5.67722,50.46689],[5.67721,50.46758],[5.67713,50.46781],[5.67557,50.46782],[5.67364,50.46808],[5.67167,50.4681],[5.66952,50.46761],[5.66837,50.46743],[5.66693,50.46704],[5.66544,50.46687],[5.66474,50.46665],[5.66455,50.46669],[5.66428,50.46695],[5.6641,50.46698],[5.66341,50.4668],[5.66271,50.46649],[5.66245,50.46646],[5.66212,50.4666],[5.66169,50.46715],[5.6601,50.46687],[5.65908,50.46634],[5.65762,50.46601],[5.65695,50.46602],[5.65656,50.4662],[5.65584,50.46606],[5.65504,50.46574],[5.65432,50.46561],[5.6526,50.46541],[5.65164,50.46544],[5.65156,50.46548],[5.65199,50.46578],[5.65293,50.46617],[5.65513,50.46658],[5.65589,50.46719],[5.6563,50.46738],[5.65672,50.46742],[5.65729,50.46769],[5.65756,50.46795],[5.65767,50.46859],[5.65739,50.46907],[5.65756,50.46935],[5.65752,50.46957],[5.65734,50.46963],[5.65625,50.46965],[5.65667,50.46994],[5.65701,50.47051],[5.65746,50.47082],[5.65838,50.47104],[5.65806,50.47157],[5.65798,50.47188],[5.65764,50.47217],[5.65759,50.47245],[5.65672,50.47277],[5.65568,50.47275],[5.65443,50.47299],[5.65438,50.47327],[5.65427,50.47344],[5.65365,50.47379],[5.65332,50.47436],[5.65339,50.47469],[5.6527,50.47492],[5.65214,50.47523],[5.65165,50.47512],[5.65062,50.4751],[5.64911,50.4749],[5.64875,50.47491],[5.64752,50.47521],[5.64724,50.47489],[5.64669,50.47458],[5.64461,50.47509]],[[5.64711,50.47688],[5.64712,50.47682],[5.64739,50.47677],[5.64776,50.47686],[5.64711,50.47688]],[[5.64669,50.47668],[5.6466,50.47657],[5.64687,50.47659],[5.64669,50.47668]],[[5.64627,50.47644],[5.64527,50.47604],[5.64522,50.47576],[5.64553,50.47565],[5.64598,50.47575],[5.64634,50.47607],[5.64639,50.47631],[5.64627,50.47644]],[[5.67752,50.46178],[5.67743,50.46147],[5.67749,50.46129],[5.67762,50.46122],[5.67875,50.46075],[5.67962,50.46075],[5.67853,50.46125],[5.6781,50.46162],[5.67752,50.46178]],[[5.67044,50.46024],[5.67039,50.4602],[5.67068,50.4602],[5.67044,50.46024]],[[5.66627,50.45327],[5.66619,50.45326],[5.66627,50.45327]],[[5.66794,50.45305],[5.66771,50.45297],[5.6677,50.45279],[5.66794,50.45214],[5.66819,50.45215],[5.6683,50.45223],[5.66853,50.45275],[5.66834,50.45297],[5.66794,50.45305]]]}},{"type":"Feature","properties":{"ele":210},"geometry":{"type":"MultiLineString","coordinates":[[[5.65747,50.50659],[5.6571,50.50623],[5.65619,50.50638],[5.65537,50.50608],[5.65472,50.50573],[5.65342,50.50546],[5.65175,50.50548],[5.65125,50.50556],[5.65042,50.5055],[5.64933,50.5056],[5.64869,50.50533],[5.64799,50.50556],[5.64744,50.50553],[5.64665,50.50494],[5.64668,50.50475],[5.64681,50.50464],[5.64659,50.5044],[5.64656,50.50415],[5.64694,50.50359],[5.64699,50.50331],[5.64681,50.50295],[5.64635,50.50278],[5.64599,50.50277],[5.64575,50.50287],[5.64504,50.50383],[5.64461,50.50411]],[[5.66976,50.50659],[5.6704,50.50651],[5.67065,50.50659]],[[5.72794,50.50649],[5.72795,50.50616],[5.72794,50.50649]],[[5.72794,50.50602],[5.72774,50.50577],[5.72771,50.50545],[5.72722,50.50505],[5.72696,50.50439],[5.72694,50.50409],[5.72613,50.50356],[5.72612,50.50342],[5.72623,50.50322],[5.72661,50.50315],[5.72707,50.50318],[5.72746,50.50329],[5.72761,50.50344],[5.72763,50.50357],[5.72741,50.50385],[5.72738,50.5041],[5.72757,50.50435],[5.72813,50.50468],[5.72819,50.50536],[5.72838,50.50575],[5.72832,50.50585],[5.72794,50.50602]],[[5.72627,50.50262],[5.72544,50.50215],[5.72518,50.50196],[5.72515,50.50186],[5.72585,50.50165],[5.72627,50.5013],[5.72713,50.50157],[5.72697,50.50217],[5.72675,50.50251],[5.72627,50.50262]],[[5.74449,50.42409],[5.74333,50.42434],[5.7425,50.42428],[5.7419,50.42434],[5.74047,50.42474],[5.73953,50.42467],[5.73901,50.42474],[5.73853,50.42491],[5.73813,50.42519],[5.73788,50.42544],[5.73755,50.42606],[5.73709,50.42631],[5.7363,50.42647],[5.73497,50.42657],[5.73459,50.42686],[5.73454,50.42711],[5.73489,50.42745],[5.73503,50.4277],[5.73406,50.42852],[5.73381,50.42882],[5.73343,50.42966],[5.73333,50.43023],[5.73343,50.43054],[5.73465,50.43247],[5.73567,50.43449],[5.73589,50.43511],[5.73597,50.43585],[5.73631,50.43685],[5.73613,50.43744],[5.73614,50.43772],[5.73678,50.43907],[5.73709,50.43939],[5.73778,50.43964],[5.73793,50.43994],[5.73836,50.4402],[5.7387,50.44103],[5.73894,50.44134],[5.73917,50.44189],[5.73945,50.44214],[5.73959,50.44245],[5.74051,50.44323],[5.74127,50.44355],[5.74141,50.44432],[5.74164,50.44467],[5.74239,50.44474],[5.74293,50.44464],[5.74339,50.44437],[5.74391,50.44431],[5.74431,50.44437],[5.7442,50.44465],[5.74365,50.44492],[5.74325,50.44542],[5.74295,50.44562],[5.74257,50.44578],[5.74136,50.44588],[5.741,50.44602],[5.74054,50.44664],[5.74023,50.44688],[5.74015,50.44714],[5.73953,50.44736],[5.73943,50.44769],[5.73944,50.44817],[5.73979,50.44857],[5.73987,50.4488],[5.73962,50.4494],[5.73956,50.44973],[5.73962,50.44992],[5.74184,50.45075],[5.74212,50.45103],[5.74295,50.4524],[5.74273,50.45296],[5.74302,50.4535],[5.74295,50.45411],[5.74283,50.45436],[5.74246,50.45471],[5.74234,50.45515],[5.74246,50.45585],[5.74221,50.45634],[5.74164,50.45712],[5.7416,50.4574],[5.74212,50.45865],[5.74284,50.45967],[5.7429,50.46008],[5.74281,50.4605],[5.74289,50.46074],[5.74352,50.46131],[5.74437,50.46251],[5.74442,50.46314],[5.74434,50.46373],[5.74449,50.46425],[5.7444,50.46505],[5.74462,50.46628],[5.7452,50.4681],[5.74535,50.4683],[5.74578,50.46846],[5.74614,50.46851],[5.74646,50.46843],[5.74676,50.46826],[5.74751,50.4674],[5.74832,50.46687],[5.74874,50.46629],[5.74919,50.46616],[5.74937,50.46628],[5.74946,50.46647],[5.74941,50.46664],[5.74918,50.46687],[5.74906,50.46713],[5.74932,50.46776],[5.74923,50.46798],[5.74897,50.46828],[5.74877,50.46881],[5.74839,50.46923],[5.74805,50.46944],[5.74668,50.46992],[5.74665,50.4702],[5.74679,50.4706],[5.74672,50.47081],[5.7466,50.47085],[5.74622,50.4708],[5.74633,50.47048],[5.74625,50.47043],[5.74401,50.46998],[5.74323,50.47008],[5.74031,50.47115],[5.73989,50.47124],[5.73713,50.47118],[5.73539,50.47102],[5.73193,50.47089],[5.72673,50.47043],[5.72626,50.47024],[5.72587,50.46992],[5.72472,50.46942],[5.7236,50.46857],[5.72297,50.46797],[5.72212,50.46672],[5.7212,50.46434],[5.721,50.463],[5.72104,50.46248],[5.72137,50.46192],[5.72215,50.46133],[5.72209,50.46116],[5.72172,50.46103],[5.72045,50.46215],[5.71921,50.4626],[5.71873,50.46296],[5.71867,50.46324],[5.71879,50.46354],[5.71831,50.46431],[5.71825,50.46467],[5.71796,50.46495],[5.7175,50.46517],[5.7172,50.46578],[5.71735,50.4664],[5.71768,50.46689],[5.71838,50.46758],[5.71916,50.46873],[5.71928,50.46904],[5.71936,50.46967],[5.71959,50.47043],[5.71951,50.47185],[5.71981,50.47262],[5.71958,50.47293],[5.719,50.47318],[5.71876,50.47337],[5.71868,50.47362],[5.71873,50.47433],[5.71947,50.47522],[5.71985,50.47548],[5.72004,50.47574],[5.72057,50.47586],[5.72169,50.47575],[5.72219,50.47594],[5.72265,50.47596],[5.72369,50.47571],[5.72458,50.47562],[5.72552,50.47522],[5.72661,50.47509],[5.72728,50.47521],[5.72877,50.47576],[5.72962,50.47573],[5.73063,50.47601],[5.73073,50.4761],[5.73072,50.47632],[5.73083,50.47639],[5.73169,50.47627],[5.73233,50.47632],[5.73135,50.47667],[5.7301,50.47675],[5.7288,50.47671],[5.72734,50.47647],[5.72705,50.47657],[5.72713,50.47689],[5.72656,50.47677],[5.72585,50.47684],[5.72544,50.47715],[5.725,50.47735],[5.72364,50.4772],[5.72089,50.47772],[5.7207,50.47794],[5.72069,50.47817],[5.7211,50.47887],[5.72145,50.47928],[5.72147,50.47949],[5.72123,50.47989],[5.72085,50.48029],[5.71991,50.48042],[5.71915,50.48094],[5.71907,50.48113],[5.71912,50.48161],[5.71869,50.48211],[5.71857,50.48237],[5.7185,50.48297],[5.71881,50.48298],[5.71952,50.4828],[5.7197,50.48272],[5.71977,50.48245],[5.71997,50.48228],[5.72099,50.48171],[5.72169,50.48153],[5.72224,50.48174],[5.7225,50.48197],[5.72274,50.48242],[5.72295,50.48251],[5.7242,50.48244],[5.725,50.48231],[5.72667,50.48248],[5.72771,50.48236],[5.7289,50.48245],[5.72882,50.48271],[5.72713,50.48327],[5.72626,50.48322],[5.72536,50.48348],[5.72458,50.48354],[5.7237,50.48403],[5.72338,50.48438],[5.72259,50.48468],[5.7223,50.48497],[5.72171,50.48522],[5.72143,50.48557],[5.72162,50.48626],[5.72144,50.48706],[5.7215,50.4872],[5.72173,50.48729],[5.72212,50.48726],[5.72232,50.48736],[5.72241,50.48751],[5.72245,50.488],[5.72276,50.4883],[5.72376,50.48854],[5.72452,50.48891],[5.72539,50.48918],[5.72569,50.48937],[5.72586,50.48965],[5.72526,50.48977],[5.72437,50.48978],[5.72292,50.48955],[5.72208,50.4895],[5.72168,50.48963],[5.72123,50.49043],[5.72115,50.49095],[5.72127,50.49131],[5.72142,50.49151],[5.72181,50.4918],[5.72264,50.4921],[5.72295,50.49243],[5.72246,50.49266],[5.72237,50.493],[5.72252,50.49354],[5.72295,50.49381],[5.72331,50.49437],[5.72499,50.49454],[5.72526,50.49461],[5.72534,50.49471],[5.72524,50.49492],[5.72489,50.49519],[5.72413,50.49544],[5.7237,50.49578],[5.72334,50.49629],[5.72333,50.49656],[5.72337,50.4967],[5.7238,50.49686],[5.72379,50.49696],[5.72333,50.49693],[5.72297,50.49706],[5.72278,50.4973],[5.72278,50.49751],[5.72292,50.49773],[5.72352,50.49801],[5.7242,50.49853],[5.72482,50.49883],[5.72594,50.49968],[5.72635,50.49985],[5.72715,50.49988],[5.7273,50.50011],[5.72724,50.50026],[5.72675,50.50049],[5.72625,50.50049],[5.72566,50.50021],[5.72544,50.49993],[5.72521,50.49982],[5.72421,50.4996],[5.72377,50.49906],[5.72331,50.49904],[5.72328,50.49935],[5.72316,50.49949],[5.72291,50.49964],[5.72252,50.49967],[5.72131,50.49933],[5.72064,50.49882],[5.72026,50.49876],[5.71999,50.49881],[5.71971,50.49911],[5.71595,50.50026],[5.71555,50.50046],[5.71497,50.50087],[5.71472,50.50119],[5.71476,50.50136],[5.71504,50.50159],[5.7151,50.50183],[5.71503,50.5019],[5.71494,50.50158],[5.71457,50.50134],[5.71326,50.50106],[5.71296,50.50075],[5.71163,50.50049],[5.71089,50.50009],[5.71037,50.49993],[5.71125,50.4997],[5.71302,50.49985],[5.71373,50.4998],[5.71427,50.49941],[5.71531,50.49909],[5.71553,50.49848],[5.71578,50.4982],[5.7162,50.4981],[5.71715,50.49806],[5.71721,50.49794],[5.71705,50.49769],[5.71744,50.49664],[5.71735,50.49627],[5.71809,50.4957],[5.71826,50.49546],[5.71836,50.49511],[5.71837,50.4948],[5.71826,50.49464],[5.71837,50.49452],[5.71847,50.49405],[5.71835,50.4939],[5.71798,50.49379],[5.71777,50.49357],[5.71776,50.49342],[5.71797,50.49301],[5.71795,50.49271],[5.7177,50.49244],[5.71762,50.49211],[5.71739,50.49188],[5.71808,50.49137],[5.71819,50.49105],[5.718,50.49022],[5.7177,50.48973],[5.71756,50.48911],[5.71753,50.4885],[5.71716,50.48782],[5.71669,50.48743],[5.71636,50.48692],[5.71621,50.48632],[5.71629,50.48601],[5.71589,50.48597],[5.71559,50.4858],[5.71545,50.48482],[5.71502,50.48438],[5.71492,50.48405],[5.71432,50.48382],[5.71465,50.48371],[5.7148,50.48353],[5.71432,50.48337],[5.71412,50.48338],[5.71378,50.48356],[5.71287,50.4838],[5.71294,50.48395],[5.71337,50.48401],[5.71344,50.48411],[5.7133,50.4843],[5.71258,50.48452],[5.71239,50.48468],[5.71236,50.48515],[5.71205,50.48605],[5.71218,50.48631],[5.71209,50.4866],[5.71237,50.4871],[5.71246,50.48792],[5.71164,50.48851],[5.71089,50.4886],[5.71057,50.48877],[5.71054,50.4889],[5.71065,50.48907],[5.71105,50.48938],[5.71002,50.48964],[5.70999,50.49],[5.71021,50.49088],[5.71014,50.49119],[5.70965,50.49173],[5.70926,50.49196],[5.7089,50.49205],[5.70827,50.49188],[5.70791,50.4916],[5.70826,50.49098],[5.70827,50.49082],[5.70818,50.49072],[5.7075,50.49053],[5.70677,50.49083],[5.70651,50.4908],[5.70638,50.4907],[5.70624,50.49023],[5.70542,50.48998],[5.70502,50.48968],[5.70477,50.48873],[5.70464,50.4885],[5.70415,50.48866],[5.70333,50.48868],[5.70226,50.48885],[5.70099,50.48926],[5.70042,50.48916],[5.70044,50.48881],[5.70075,50.48821],[5.70067,50.48779],[5.69955,50.48661],[5.69935,50.48619],[5.69877,50.48559],[5.69782,50.48515],[5.69648,50.4843],[5.69503,50.48378],[5.69459,50.48386],[5.69375,50.48329],[5.69348,50.48292],[5.69254,50.4824],[5.69209,50.4816],[5.69108,50.48078],[5.69074,50.4806],[5.6892,50.47992],[5.68836,50.47965],[5.68734,50.47957],[5.68604,50.47961],[5.68489,50.4793],[5.68354,50.47927],[5.68292,50.4791],[5.68211,50.47852],[5.67994,50.4782],[5.67337,50.4777],[5.67293,50.47785],[5.67282,50.47801],[5.67288,50.47824],[5.67337,50.4788],[5.67475,50.47961],[5.675,50.47991],[5.67532,50.48053],[5.67607,50.48075],[5.67633,50.481],[5.6764,50.48131],[5.67618,50.48142],[5.67543,50.48135],[5.67462,50.48096],[5.67422,50.4809],[5.6733,50.48102],[5.67268,50.48125],[5.67236,50.48152],[5.67216,50.48182],[5.67233,50.48272],[5.67211,50.4833],[5.67167,50.48374],[5.67081,50.48421],[5.67043,50.4841],[5.67023,50.4836],[5.67071,50.483],[5.67081,50.48247],[5.67114,50.48185],[5.6711,50.48126],[5.6713,50.48076],[5.67087,50.48047],[5.67047,50.4804],[5.67011,50.48089],[5.66989,50.48094],[5.66952,50.4808],[5.66916,50.4805],[5.66909,50.47988],[5.6696,50.47976],[5.66997,50.47928],[5.66971,50.47876],[5.66971,50.47823],[5.66923,50.47761],[5.66879,50.47742],[5.66792,50.47739],[5.66713,50.47746],[5.66636,50.47737],[5.66583,50.47746],[5.66469,50.47786],[5.66302,50.47786],[5.6624,50.47795],[5.6622,50.47814],[5.66216,50.47838],[5.66229,50.47866],[5.66266,50.47903],[5.66379,50.47973],[5.66461,50.47994],[5.66512,50.48016],[5.66554,50.48048],[5.66571,50.48071],[5.66569,50.48088],[5.66541,50.48127],[5.66507,50.4815],[5.66478,50.48107],[5.66446,50.48077],[5.66421,50.48068],[5.664,50.48075],[5.66377,50.48159],[5.66407,50.48206],[5.66399,50.48222],[5.66245,50.48255],[5.66203,50.48243],[5.6622,50.48218],[5.66214,50.48211],[5.6613,50.48205],[5.66053,50.48185],[5.65953,50.48172],[5.65904,50.48183],[5.65898,50.48191],[5.65918,50.48215],[5.65969,50.48236],[5.66004,50.48269],[5.65974,50.48282],[5.65786,50.48248],[5.65667,50.48255],[5.65594,50.48249],[5.65494,50.48278],[5.65303,50.48255],[5.65283,50.4826],[5.65248,50.48296],[5.65181,50.48335],[5.65177,50.48359],[5.6523,50.4846],[5.65245,50.48516],[5.65328,50.48575],[5.65332,50.48632],[5.65414,50.48693],[5.65553,50.4871],[5.65558,50.48724],[5.65553,50.48768],[5.65586,50.48799],[5.65505,50.48806],[5.65354,50.48798],[5.65255,50.48751],[5.65186,50.48734],[5.65089,50.48684],[5.65073,50.48664],[5.65081,50.48651],[5.65167,50.48651],[5.65203,50.48632],[5.65207,50.48619],[5.652,50.48607],[5.65166,50.48592],[5.65062,50.48594],[5.64876,50.48547],[5.64793,50.48597],[5.64775,50.48675],[5.64765,50.48689],[5.64748,50.48693],[5.64641,50.48679],[5.64461,50.4862]],[[5.72544,50.50107],[5.72497,50.5008],[5.725,50.50062],[5.72512,50.50062],[5.72537,50.50082],[5.72555,50.50102],[5.72544,50.50107]],[[5.70627,50.50082],[5.70615,50.50075],[5.70629,50.50066],[5.70681,50.50075],[5.70627,50.50082]],[[5.72294,50.49332],[5.72277,50.49326],[5.72311,50.49326],[5.72294,50.49332]],[[5.66544,50.48609],[5.66527,50.48602],[5.66525,50.48581],[5.66538,50.48561],[5.66559,50.48547],[5.66589,50.48541],[5.66628,50.48547],[5.66651,50.4857],[5.66648,50.48582],[5.66619,50.48599],[5.66544,50.48609]],[[5.65127,50.4855],[5.65113,50.48529],[5.65116,50.48518],[5.65132,50.4852],[5.65127,50.4855]],[[5.64711,50.48415],[5.64663,50.48382],[5.64681,50.48353],[5.6467,50.48325],[5.64627,50.48296],[5.64587,50.48309],[5.6457,50.48276],[5.64538,50.48246],[5.64542,50.48231],[5.64562,50.48228],[5.64628,50.48242],[5.64748,50.48312],[5.64842,50.48351],[5.64861,50.48376],[5.64846,50.4839],[5.64781,50.48393],[5.64711,50.48415]],[[5.71502,50.48399],[5.71501,50.4838],[5.71502,50.48399]],[[5.64627,50.48326],[5.64622,50.48325],[5.64639,50.48325],[5.64627,50.48326]],[[5.71377,50.48349],[5.71349,50.48325],[5.71399,50.48325],[5.71377,50.48349]],[[5.71794,50.48275],[5.71795,50.48267],[5.71794,50.48275]],[[5.67002,50.48022],[5.67003,50.48011],[5.67002,50.48022]],[[5.65752,50.47998],[5.65724,50.47989],[5.65744,50.47955],[5.65766,50.4795],[5.65798,50.47958],[5.65799,50.47967],[5.65752,50.47998]],[[5.65752,50.47913],[5.65753,50.47906],[5.6576,50.47909],[5.65752,50.47913]],[[5.71586,50.47774],[5.71575,50.4777],[5.71584,50.4776],[5.71617,50.47768],[5.71586,50.47774]],[[5.69211,50.4747],[5.6912,50.47455],[5.69026,50.47459],[5.68969,50.47427],[5.68907,50.4741],[5.68984,50.47399],[5.69167,50.47398],[5.69255,50.47388],[5.69323,50.47407],[5.69352,50.47437],[5.69337,50.47465],[5.69281,50.47473],[5.69211,50.4747]],[[5.69419,50.47475],[5.69388,50.47459],[5.69413,50.47408],[5.69536,50.47391],[5.69588,50.47397],[5.69618,50.47412],[5.69613,50.47431],[5.69597,50.47442],[5.69504,50.47457],[5.69461,50.47477],[5.69419,50.47475]],[[5.73075,50.42409],[5.7307,50.42446],[5.73077,50.42495],[5.73144,50.42544],[5.73146,50.42567],[5.73051,50.42636],[5.72974,50.42708],[5.72932,50.42738],[5.72927,50.42772],[5.72897,50.42814],[5.72893,50.42838],[5.72909,50.42883],[5.72996,50.42973],[5.73003,50.42992],[5.73001,50.43051],[5.73064,50.43196],[5.73155,50.43326],[5.73241,50.4342],[5.73295,50.43492],[5.73293,50.43521],[5.73307,50.43585],[5.73279,50.43665],[5.73213,50.43745],[5.73167,50.43764],[5.72969,50.4379],[5.72943,50.43799],[5.72974,50.43812],[5.73146,50.43838],[5.73212,50.43864],[5.73255,50.43907],[5.73383,50.44213],[5.73378,50.44299],[5.73338,50.44354],[5.73328,50.44381],[5.7342,50.44408],[5.73501,50.44483],[5.73553,50.44557],[5.73597,50.44689],[5.73602,50.44751],[5.73578,50.44825],[5.73541,50.44876],[5.73489,50.44909],[5.73489,50.44936],[5.73567,50.45021],[5.73673,50.4509],[5.73792,50.45187],[5.73882,50.4524],[5.73913,50.45275],[5.73937,50.45328],[5.73939,50.45366],[5.73914,50.45428],[5.73844,50.45523],[5.73752,50.45714],[5.73734,50.45848],[5.73664,50.45989],[5.73651,50.46057],[5.73646,50.46147],[5.73666,50.46246],[5.73718,50.46351],[5.73794,50.46464],[5.7379,50.46473],[5.73739,50.46485],[5.73682,50.46482],[5.73628,50.46461],[5.73501,50.46441],[5.73416,50.4641],[5.73349,50.464],[5.733,50.46363],[5.73251,50.46356],[5.7321,50.46299],[5.73138,50.46244],[5.73043,50.46204],[5.73008,50.46131],[5.72954,50.46078],[5.72892,50.4599],[5.72768,50.45885],[5.72608,50.45808],[5.72545,50.45741],[5.72507,50.45711],[5.72331,50.45621],[5.72208,50.45578],[5.72176,50.45552],[5.7215,50.45501],[5.72151,50.45432],[5.72131,50.45379],[5.72084,50.4539],[5.72003,50.45466],[5.71948,50.45489],[5.71886,50.45478],[5.71797,50.45435],[5.71709,50.45408],[5.71701,50.45428],[5.71706,50.4547],[5.71687,50.45494],[5.71381,50.45553],[5.7133,50.45572],[5.71222,50.45633],[5.71086,50.45678],[5.71079,50.45689],[5.71091,50.4572],[5.7105,50.45801],[5.70953,50.45884],[5.7093,50.45914],[5.70912,50.46019],[5.70875,50.461],[5.70873,50.4613],[5.70885,50.46203],[5.70884,50.46255],[5.70933,50.46355],[5.70915,50.46411],[5.7097,50.46462],[5.70982,50.46484],[5.70972,50.46517],[5.70943,50.46548],[5.71009,50.46574],[5.7102,50.46629],[5.71049,50.46655],[5.71061,50.46678],[5.71065,50.4674],[5.71086,50.46758],[5.71129,50.4677],[5.71152,50.46803],[5.7117,50.46853],[5.7117,50.46937],[5.7111,50.46961],[5.7111,50.4699],[5.71098,50.47005],[5.71035,50.47018],[5.71014,50.47043],[5.71039,50.47087],[5.71052,50.47137],[5.71103,50.4719],[5.71097,50.47211],[5.71047,50.47279],[5.71009,50.47302],[5.70915,50.47326],[5.7088,50.47355],[5.70837,50.4741],[5.70708,50.47461],[5.70629,50.47461],[5.70552,50.47478],[5.70502,50.47462],[5.7046,50.47459],[5.70281,50.47491],[5.70167,50.47485],[5.70078,50.4747],[5.69984,50.47476],[5.6987,50.47467],[5.69789,50.47442],[5.69753,50.47421],[5.69718,50.47438],[5.69668,50.47437],[5.69649,50.47408],[5.69708,50.47394],[5.69718,50.47381],[5.69626,50.47315],[5.6961,50.47292],[5.69608,50.47265],[5.69621,50.47237],[5.6972,50.4713],[5.69753,50.4705],[5.69753,50.47018],[5.6966,50.47043],[5.69588,50.47084],[5.69522,50.47105],[5.69497,50.47105],[5.69457,50.4709],[5.69401,50.47091],[5.69316,50.47072],[5.69219,50.47011],[5.69133,50.46982],[5.69075,50.46973],[5.68943,50.4689],[5.68931,50.46876],[5.68909,50.46803],[5.68883,50.46769],[5.68798,50.46761],[5.68751,50.46773],[5.68707,50.4675],[5.68634,50.4674],[5.68511,50.46708],[5.68422,50.46703],[5.68375,50.46687],[5.6836,50.46661],[5.68297,50.4663],[5.68273,50.46608],[5.68272,50.46575],[5.68249,50.46548],[5.68465,50.46526],[5.6847,50.46513],[5.68449,50.46488],[5.6839,50.46462],[5.68135,50.46403],[5.68036,50.46363],[5.67874,50.46326],[5.67856,50.46293],[5.67862,50.4627],[5.67882,50.46244],[5.6787,50.4621],[5.67922,50.46142],[5.68013,50.46084],[5.6802,50.46067],[5.68016,50.46047],[5.67989,50.46035],[5.67948,50.46034],[5.67844,50.46058],[5.67719,50.46097],[5.67698,50.46095],[5.67666,50.46075],[5.67757,50.46028],[5.67764,50.4597],[5.67867,50.45871],[5.67897,50.45828],[5.67896,50.458],[5.67879,50.45794],[5.67841,50.45802],[5.67818,50.45798],[5.67714,50.45741],[5.67669,50.45687],[5.67599,50.45656],[5.67499,50.45633],[5.67448,50.45606],[5.6741,50.45545],[5.6742,50.45465],[5.673,50.45377],[5.67156,50.45387],[5.66943,50.45369],[5.66905,50.45358],[5.66905,50.45348],[5.66952,50.45294],[5.67089,50.45219],[5.67102,50.45189],[5.67135,50.45159],[5.67147,50.45136],[5.67125,50.4513],[5.67085,50.45159],[5.67067,50.45194],[5.67003,50.45231],[5.66927,50.45228],[5.66889,50.45212],[5.66855,50.45133],[5.66908,50.45078],[5.66912,50.45053],[5.66843,50.4498],[5.66829,50.44912],[5.66846,50.44883],[5.66844,50.44873],[5.66794,50.44849],[5.66726,50.44772],[5.66715,50.44684],[5.66707,50.44674],[5.66689,50.44687],[5.66683,50.44714],[5.66651,50.44769],[5.66658,50.44851],[5.66687,50.44907],[5.66682,50.4499],[5.66729,50.45021],[5.66704,50.45076],[5.66762,50.45098],[5.66781,50.4514],[5.66754,50.45217],[5.66707,50.45271],[5.66661,50.45294],[5.66627,50.45286],[5.66603,50.4527],[5.666,50.45237],[5.66632,50.45183],[5.66605,50.45131],[5.66573,50.4511],[5.66507,50.45101],[5.66349,50.45116],[5.66229,50.45084],[5.66208,50.45088],[5.66179,50.45112],[5.66091,50.45163],[5.65941,50.45213],[5.65907,50.45242],[5.65988,50.45242],[5.66047,50.45208],[5.66281,50.45149],[5.66364,50.4515],[5.66421,50.45186],[5.66445,50.45268],[5.66469,50.45295],[5.6654,50.45337],[5.66665,50.45382],[5.66703,50.45411],[5.66725,50.45438],[5.66681,50.45462],[5.66688,50.45473],[5.66742,50.45494],[5.66793,50.45496],[5.66815,50.4549],[5.66854,50.45463],[5.66891,50.45459],[5.67092,50.45492],[5.67077,50.45517],[5.67079,50.45544],[5.67086,50.45553],[5.67114,50.45559],[5.67159,50.4555],[5.67169,50.4552],[5.67169,50.45577],[5.67143,50.45606],[5.67104,50.45612],[5.67,50.45603],[5.66974,50.4563],[5.66965,50.45661],[5.6691,50.45656],[5.66847,50.45686],[5.66837,50.45716],[5.66817,50.45741],[5.66903,50.45769],[5.66906,50.45782],[5.6689,50.45803],[5.66788,50.45825],[5.66718,50.45854],[5.66493,50.45902],[5.66377,50.45964],[5.66429,50.4602],[5.66371,50.46077],[5.66396,50.46085],[5.66468,50.46088],[5.66587,50.46047],[5.6666,50.46011],[5.66703,50.46002],[5.66802,50.46006],[5.66981,50.4605],[5.67001,50.46063],[5.67007,50.46077],[5.66924,50.46139],[5.66819,50.4616],[5.66793,50.46196],[5.66784,50.46239],[5.66828,50.46325],[5.66919,50.46356],[5.67048,50.46363],[5.67067,50.46348],[5.67063,50.46289],[5.67088,50.46256],[5.67125,50.46239],[5.67221,50.4624],[5.6724,50.46269],[5.67241,50.46327],[5.67285,50.46354],[5.67295,50.46368],[5.67297,50.46385],[5.67276,50.46412],[5.67286,50.46436],[5.67508,50.46491],[5.67563,50.46517],[5.67565,50.46523],[5.67549,50.46531],[5.67475,50.46549],[5.67566,50.46604],[5.67474,50.46616],[5.67344,50.46606],[5.67182,50.46611],[5.67124,50.46638],[5.67036,50.46605],[5.66919,50.46604],[5.66926,50.4663],[5.66962,50.46659],[5.66921,50.46663],[5.6683,50.46633],[5.66795,50.46614],[5.66745,50.4662],[5.66453,50.4659],[5.66328,50.46585],[5.66255,50.46571],[5.66167,50.46588],[5.65901,50.46607],[5.65734,50.46579],[5.65585,50.46576],[5.65458,50.46539],[5.65135,50.46495],[5.64966,50.46514],[5.64948,50.46521],[5.65093,50.46574],[5.65131,50.46603],[5.65326,50.46661],[5.65425,50.46707],[5.65479,50.46746],[5.65503,50.4677],[5.65427,50.46833],[5.65373,50.46844],[5.65357,50.46854],[5.65421,50.46879],[5.65502,50.46956],[5.65617,50.47025],[5.65656,50.47092],[5.6565,50.47133],[5.65626,50.47158],[5.65573,50.47179],[5.65336,50.4721],[5.65208,50.47242],[5.65219,50.47273],[5.65167,50.47311],[5.6512,50.47304],[5.64969,50.47327],[5.64849,50.47328],[5.64793,50.47338],[5.64682,50.47282],[5.6463,50.47274],[5.64549,50.47285],[5.64502,50.47311],[5.64461,50.47322]],[[5.68877,50.47444],[5.68852,50.47436],[5.68881,50.47431],[5.68886,50.47437],[5.68877,50.47444]],[[5.68294,50.47383],[5.68109,50.47327],[5.68015,50.47283],[5.67953,50.47282],[5.67916,50.47274],[5.67865,50.47245],[5.67864,50.47234],[5.67876,50.47213],[5.67918,50.47193],[5.68047,50.47156],[5.68151,50.47143],[5.68255,50.47112],[5.68349,50.4712],[5.68377,50.47132],[5.68388,50.47158],[5.68386,50.47184],[5.68424,50.4721],[5.68476,50.47298],[5.68387,50.47354],[5.68381,50.47383],[5.68294,50.47383]],[[5.71002,50.47401],[5.7099,50.47385],[5.70992,50.47377],[5.71028,50.4738],[5.71002,50.47401]],[[5.68294,50.47194],[5.68291,50.47186],[5.68304,50.47184],[5.68362,50.47187],[5.68337,50.47195],[5.68294,50.47194]],[[5.68919,50.47164],[5.68904,50.47158],[5.68916,50.47145],[5.68938,50.47157],[5.68919,50.47164]],[[5.69544,50.47049],[5.69538,50.47018],[5.69559,50.47017],[5.69563,50.47026],[5.69544,50.47049]],[[5.69794,50.46988],[5.69786,50.46969],[5.69787,50.46939],[5.6976,50.4692],[5.69724,50.46919],[5.69668,50.46939],[5.69627,50.46937],[5.69675,50.4688],[5.69697,50.4681],[5.69753,50.46715],[5.69661,50.4666],[5.69696,50.46633],[5.69754,50.46555],[5.69796,50.46575],[5.69878,50.46658],[5.69886,50.46689],[5.69883,50.46723],[5.69848,50.46824],[5.69839,50.46911],[5.69805,50.46936],[5.69806,50.46966],[5.69794,50.46988]],[[5.73877,50.46528],[5.73862,50.46521],[5.73879,50.4652],[5.73877,50.46528]],[[5.73294,50.46412],[5.73292,50.46407],[5.73309,50.46409],[5.73294,50.46412]],[[5.66669,50.44643],[5.66625,50.44623],[5.66599,50.44592],[5.66585,50.44548],[5.66608,50.44529],[5.66615,50.44512],[5.66593,50.44456],[5.66607,50.44421],[5.66649,50.44369],[5.66657,50.44335],[5.66647,50.44296],[5.66668,50.44284],[5.66702,50.44281],[5.66725,50.44298],[5.66739,50.44352],[5.66728,50.44379],[5.66689,50.44421],[5.66681,50.44442],[5.66733,50.44605],[5.6671,50.44643],[5.66669,50.44643]],[[5.66752,50.44257],[5.6674,50.44243],[5.66755,50.44242],[5.66752,50.44257]],[[5.7347,50.42409],[5.73295,50.42493],[5.73219,50.42513],[5.73169,50.42493],[5.73173,50.42459],[5.73137,50.42409]]]}},{"type":"Feature","properties":{"ele":220},"geometry":{"type":"MultiLineString","coordinates":[[[5.65899,50.50659],[5.65784,50.50635],[5.65777,50.50522],[5.65763,50.50486],[5.65743,50.5047],[5.6571,50.50472],[5.65665,50.5054],[5.65619,50.50567],[5.65585,50.50562],[5.65544,50.50545],[5.65474,50.50535],[5.65199,50.50522],[5.65164,50.50496],[5.65046,50.50436],[5.64992,50.50361],[5.64969,50.50342],[5.64918,50.50323],[5.64829,50.50336],[5.64812,50.5032],[5.64787,50.50275],[5.64751,50.50249],[5.64712,50.50241],[5.64495,50.50248],[5.64485,50.5024],[5.64519,50.50212],[5.64504,50.50185],[5.64461,50.50221]],[[5.66619,50.50659],[5.66747,50.50625],[5.66838,50.50611],[5.66914,50.50635],[5.66955,50.50616],[5.66974,50.50615],[5.67053,50.50636],[5.67101,50.50659]],[[5.72633,50.50659],[5.72532,50.50575],[5.72524,50.50553],[5.72523,50.50519],[5.72501,50.50494],[5.72489,50.50446],[5.72462,50.50409],[5.72354,50.50359],[5.7234,50.50344],[5.72333,50.503],[5.72312,50.50262],[5.72304,50.5023],[5.72327,50.50159],[5.72374,50.50113],[5.72443,50.50123],[5.72468,50.50116],[5.72479,50.50104],[5.72443,50.50072],[5.72425,50.5004],[5.72393,50.50017],[5.72377,50.49992],[5.72215,50.49983],[5.7216,50.50011],[5.72109,50.50014],[5.72002,50.49979],[5.71983,50.49965],[5.71966,50.49936],[5.71955,50.49935],[5.71939,50.49939],[5.71923,50.4997],[5.71876,50.49964],[5.71778,50.49988],[5.71754,50.50023],[5.71609,50.50043],[5.71594,50.50054],[5.71585,50.50075],[5.71542,50.50102],[5.71529,50.50129],[5.71585,50.50191],[5.71629,50.50214],[5.71661,50.50244],[5.7166,50.50271],[5.7162,50.50291],[5.71544,50.50272],[5.71505,50.5025],[5.71454,50.50247],[5.71425,50.50213],[5.713,50.50182],[5.71222,50.50125],[5.7096,50.50043],[5.70896,50.50042],[5.70858,50.5005],[5.70831,50.50074],[5.70846,50.501],[5.70844,50.50109],[5.70798,50.50139],[5.70776,50.50145],[5.70583,50.50161],[5.70418,50.50123],[5.70412,50.50104],[5.70428,50.50098],[5.70499,50.50098],[5.7055,50.50109],[5.70615,50.50104],[5.70578,50.50094],[5.70567,50.50081],[5.70569,50.50071],[5.70623,50.50036],[5.70692,50.5002],[5.70696,50.49989],[5.70756,50.49965],[5.70823,50.49955],[5.70917,50.4996],[5.71082,50.49946],[5.71112,50.49936],[5.7112,50.49909],[5.7113,50.49904],[5.7125,50.49918],[5.71296,50.4991],[5.71349,50.49877],[5.71376,50.49853],[5.71393,50.49822],[5.71464,50.49775],[5.71498,50.49704],[5.71583,50.49683],[5.71636,50.49639],[5.71642,50.4956],[5.71631,50.49467],[5.71647,50.49411],[5.71615,50.49296],[5.71619,50.49215],[5.71634,50.4919],[5.71654,50.49177],[5.7172,50.49168],[5.71772,50.49142],[5.71789,50.49123],[5.71793,50.49097],[5.71753,50.4901],[5.71711,50.48987],[5.7167,50.49003],[5.71631,50.48991],[5.71595,50.48902],[5.7155,50.48878],[5.715,50.48836],[5.71447,50.48808],[5.71443,50.48794],[5.71462,50.48772],[5.71457,50.48757],[5.71411,50.48746],[5.7137,50.48761],[5.7125,50.48907],[5.71213,50.48994],[5.71169,50.4902],[5.71036,50.49161],[5.70957,50.49214],[5.70922,50.49262],[5.70883,50.4926],[5.70832,50.49226],[5.7075,50.49232],[5.70651,50.49196],[5.7056,50.49181],[5.7052,50.49159],[5.70611,50.49133],[5.70615,50.49125],[5.70592,50.49098],[5.70572,50.49051],[5.70537,50.49029],[5.7048,50.48973],[5.70464,50.48926],[5.70419,50.48922],[5.70349,50.48897],[5.70261,50.48902],[5.70211,50.48911],[5.7004,50.48976],[5.70015,50.48907],[5.70041,50.48824],[5.70036,50.48793],[5.69919,50.4866],[5.69897,50.48613],[5.69863,50.48576],[5.69826,50.48549],[5.69599,50.48431],[5.69542,50.48434],[5.69554,50.4846],[5.6955,50.48468],[5.69511,50.48459],[5.69327,50.48299],[5.69245,50.48245],[5.69215,50.48212],[5.6919,50.48159],[5.6909,50.48075],[5.68844,50.47977],[5.68729,50.47967],[5.68587,50.47968],[5.68466,50.47936],[5.6837,50.47939],[5.68285,50.47915],[5.68197,50.47864],[5.68021,50.47835],[5.67336,50.47788],[5.67316,50.47797],[5.67313,50.4781],[5.67325,50.47842],[5.67352,50.47876],[5.67625,50.48028],[5.67664,50.48089],[5.67718,50.48135],[5.67761,50.48207],[5.67766,50.48248],[5.67753,50.48271],[5.67668,50.48259],[5.67678,50.48321],[5.67698,50.48353],[5.67671,50.48366],[5.67637,50.48361],[5.67547,50.48318],[5.67415,50.48273],[5.67373,50.48216],[5.67376,50.48186],[5.67427,50.48177],[5.67461,50.48185],[5.67588,50.48249],[5.67625,50.48254],[5.67655,50.48245],[5.67653,50.48235],[5.67587,50.48176],[5.67489,50.48146],[5.67411,50.48112],[5.67359,50.48115],[5.67302,50.48131],[5.67291,50.48158],[5.6725,50.48186],[5.67248,50.48242],[5.67258,50.48286],[5.67213,50.4841],[5.67152,50.48458],[5.67093,50.48522],[5.67111,50.48585],[5.67089,50.48638],[5.67044,50.48632],[5.67005,50.48591],[5.66931,50.48552],[5.66934,50.4854],[5.66963,50.48522],[5.67044,50.48504],[5.67062,50.48496],[5.67065,50.48487],[5.67051,50.48463],[5.67012,50.48429],[5.66918,50.4841],[5.66889,50.48383],[5.66879,50.48348],[5.66902,50.48282],[5.66893,50.48267],[5.66739,50.48284],[5.6671,50.48298],[5.66618,50.48379],[5.66582,50.48389],[5.66541,50.48383],[5.66491,50.48335],[5.66487,50.48325],[5.66513,50.4831],[5.6652,50.48296],[5.66502,50.48271],[5.66479,50.48263],[5.66453,50.48262],[5.66401,50.48284],[5.66323,50.48297],[5.6626,50.48293],[5.66083,50.48263],[5.66045,50.48271],[5.66013,50.4831],[5.65989,50.48318],[5.65885,50.4829],[5.65781,50.48282],[5.65611,50.48293],[5.65605,50.48299],[5.65615,50.48304],[5.6568,50.48317],[5.65726,50.4835],[5.65726,50.48362],[5.65709,50.48381],[5.65567,50.4841],[5.65442,50.48488],[5.65426,50.48519],[5.65447,50.48573],[5.65381,50.48606],[5.65367,50.48627],[5.65369,50.48637],[5.65398,50.4866],[5.65437,50.48677],[5.6551,50.48679],[5.65588,50.48656],[5.65645,50.48714],[5.65661,50.48773],[5.65803,50.4884],[5.65833,50.48848],[5.65879,50.48846],[5.65886,50.48855],[5.65745,50.48857],[5.65651,50.48837],[5.65411,50.48816],[5.65339,50.48826],[5.65252,50.48854],[5.65225,50.48828],[5.65213,50.48797],[5.65161,50.48792],[5.64961,50.48713],[5.64919,50.48719],[5.6483,50.4877],[5.64786,50.48785],[5.64552,50.4874],[5.64461,50.48744]],[[5.72955,50.50659],[5.72937,50.50557],[5.72916,50.50522],[5.72929,50.50491],[5.72913,50.50443],[5.72884,50.50426],[5.72834,50.50424],[5.72825,50.50407],[5.72836,50.50378],[5.72878,50.50382],[5.72919,50.50362],[5.72979,50.50305],[5.7298,50.50286],[5.72963,50.50265],[5.72911,50.50247],[5.72787,50.50252],[5.72753,50.50225],[5.72736,50.50192],[5.72755,50.50139],[5.72824,50.50076],[5.72849,50.50032],[5.72832,50.49943],[5.728,50.49923],[5.72732,50.4991],[5.72664,50.49883],[5.72632,50.49852],[5.72512,50.49795],[5.7248,50.49758],[5.72464,50.49715],[5.72429,50.49685],[5.72378,50.49659],[5.72367,50.49636],[5.72376,50.49602],[5.7242,50.49563],[5.72543,50.49514],[5.72637,50.4949],[5.72658,50.4946],[5.7264,50.49415],[5.72622,50.49403],[5.725,50.4939],[5.72462,50.49395],[5.72426,50.49415],[5.7241,50.49413],[5.724,50.4938],[5.72423,50.49295],[5.7242,50.49269],[5.72408,50.49254],[5.72393,50.49242],[5.72331,50.49226],[5.72252,50.49187],[5.7217,50.49159],[5.72148,50.4913],[5.72143,50.49102],[5.72147,50.4906],[5.72174,50.48999],[5.72201,50.48977],[5.72224,50.48969],[5.72463,50.48992],[5.72547,50.48989],[5.72635,50.48974],[5.72707,50.48994],[5.72782,50.49028],[5.72838,50.4902],[5.72795,50.4899],[5.72701,50.48942],[5.72614,50.48929],[5.72424,50.48849],[5.72288,50.48809],[5.72274,50.48792],[5.7227,50.48741],[5.72257,50.48713],[5.72205,50.48688],[5.72188,50.48664],[5.72186,50.48623],[5.72171,50.4856],[5.72188,50.48538],[5.72253,50.48507],[5.72464,50.48379],[5.72625,50.48342],[5.72719,50.48348],[5.7279,50.48318],[5.72849,50.48302],[5.73031,50.48311],[5.73095,50.4833],[5.73137,50.48326],[5.73153,50.48302],[5.73043,50.48282],[5.72915,50.48231],[5.72836,50.48212],[5.72677,50.48207],[5.72582,50.48219],[5.725,50.48212],[5.7239,50.48231],[5.72325,50.48222],[5.72308,50.48203],[5.72296,50.48129],[5.72269,50.48071],[5.72253,50.47991],[5.72222,50.47938],[5.72184,50.47907],[5.7217,50.4788],[5.72117,50.47828],[5.72106,50.47801],[5.72116,50.47792],[5.72151,50.47785],[5.72291,50.47784],[5.72336,50.4777],[5.72381,50.47742],[5.7244,50.47745],[5.72504,50.47763],[5.7254,50.47785],[5.72562,50.47786],[5.72594,50.47772],[5.72581,50.47743],[5.72586,50.47715],[5.72635,50.47702],[5.72707,50.4772],[5.72752,50.47721],[5.72771,50.47713],[5.72793,50.47685],[5.72859,50.47699],[5.73042,50.4771],[5.73125,50.477],[5.73198,50.47703],[5.73411,50.47679],[5.73547,50.47634],[5.73555,50.47604],[5.73531,50.47577],[5.73499,50.47567],[5.73447,50.47573],[5.73406,50.47596],[5.73124,50.47576],[5.73101,50.47548],[5.72989,50.47497],[5.72896,50.47509],[5.72811,50.47491],[5.72631,50.47487],[5.72548,50.47501],[5.72455,50.47545],[5.72331,50.47544],[5.72255,50.47569],[5.72199,50.47547],[5.72232,50.4752],[5.72156,50.47516],[5.72085,50.47528],[5.71998,50.475],[5.71927,50.47431],[5.71895,50.47355],[5.71914,50.47324],[5.71995,50.47298],[5.72012,50.47274],[5.71974,50.47185],[5.71981,50.47116],[5.71962,50.46934],[5.71931,50.46854],[5.71838,50.46713],[5.71802,50.46685],[5.71804,50.46634],[5.71778,50.46601],[5.71775,50.46578],[5.71795,50.46557],[5.71848,50.46528],[5.71867,50.46489],[5.71908,50.46459],[5.71932,50.46407],[5.71938,50.46373],[5.71935,50.46353],[5.71915,50.46322],[5.71913,50.46294],[5.71966,50.46263],[5.72021,50.46255],[5.72051,50.4626],[5.72074,50.46289],[5.72101,50.46439],[5.72169,50.46632],[5.72198,50.46695],[5.72295,50.46826],[5.72463,50.46963],[5.72543,50.46994],[5.72621,50.47057],[5.7279,50.47069],[5.72901,50.47086],[5.72979,50.47083],[5.73104,50.47099],[5.73437,50.47112],[5.73588,50.47125],[5.73911,50.47132],[5.74005,50.47147],[5.74049,50.47137],[5.74122,50.47098],[5.74303,50.47033],[5.74386,50.47014],[5.74449,50.47024],[5.74534,50.47053],[5.74623,50.4711],[5.74671,50.47119],[5.7471,50.47102],[5.74742,50.47012],[5.74764,50.46993],[5.74839,50.46957],[5.74887,50.46908],[5.74928,50.4683],[5.7497,50.468],[5.7494,50.46714],[5.74983,50.46671],[5.75015,50.46612],[5.75049,50.46578],[5.75057,50.46557],[5.75051,50.46535],[5.75004,50.46481],[5.74936,50.4655],[5.74837,50.46633],[5.74797,50.46688],[5.74749,50.46714],[5.74665,50.4681],[5.7463,50.46829],[5.74595,50.46831],[5.74555,50.4682],[5.74536,50.46803],[5.74478,50.46595],[5.74469,50.46494],[5.74483,50.46418],[5.74457,50.46378],[5.74477,50.46314],[5.74471,50.46237],[5.74461,50.46214],[5.74326,50.46053],[5.74314,50.45963],[5.74296,50.45926],[5.74258,50.45879],[5.74219,50.45803],[5.74204,50.45743],[5.74208,50.45713],[5.74262,50.45638],[5.74279,50.45598],[5.74281,50.4556],[5.74263,50.45512],[5.74268,50.4548],[5.74278,50.45463],[5.74311,50.45436],[5.74322,50.45411],[5.74327,50.45338],[5.74294,50.45298],[5.74337,50.45275],[5.7434,50.45266],[5.74297,50.45165],[5.7422,50.45078],[5.74168,50.45049],[5.73999,50.44993],[5.73985,50.44967],[5.73993,50.44934],[5.74036,50.44884],[5.74047,50.44855],[5.73994,50.44832],[5.73988,50.44823],[5.74003,50.44815],[5.74059,50.44808],[5.7409,50.44772],[5.74129,50.44746],[5.74114,50.44661],[5.74129,50.44633],[5.74179,50.44607],[5.74299,50.44583],[5.74349,50.44552],[5.74412,50.44493],[5.74463,50.44465],[5.74486,50.44437],[5.74457,50.44421],[5.74401,50.44418],[5.7433,50.44428],[5.74221,50.44466],[5.74202,50.44465],[5.74173,50.44451],[5.74159,50.44431],[5.7415,50.44366],[5.74128,50.44325],[5.74099,50.44296],[5.74085,50.44271],[5.74024,50.44223],[5.73991,50.44186],[5.73963,50.44103],[5.73879,50.4399],[5.73827,50.43943],[5.73744,50.43917],[5.73723,50.43903],[5.73712,50.43852],[5.73668,50.43773],[5.73683,50.43717],[5.73682,50.43692],[5.73627,50.43577],[5.73616,50.43508],[5.73592,50.4343],[5.7354,50.43333],[5.73513,50.43258],[5.73447,50.43171],[5.73419,50.43105],[5.7338,50.43047],[5.73375,50.43022],[5.7344,50.42869],[5.73528,50.42772],[5.73525,50.42744],[5.73498,50.42697],[5.735,50.42683],[5.73604,50.42671],[5.73755,50.42633],[5.73834,50.42559],[5.73918,50.42516],[5.74015,50.42505],[5.74156,50.42513],[5.74321,50.42464],[5.745,50.42467],[5.74588,50.42478],[5.7463,50.42467],[5.74672,50.42443],[5.74757,50.42439],[5.74807,50.42409]],[[5.65419,50.50497],[5.65402,50.50492],[5.65432,50.50486],[5.65477,50.50492],[5.65419,50.50497]],[[5.64877,50.5044],[5.64928,50.50437],[5.64877,50.5044]],[[5.72544,50.50336],[5.72521,50.50325],[5.72548,50.5032],[5.72553,50.50327],[5.72544,50.50336]],[[5.72836,50.50339],[5.72832,50.50327],[5.72837,50.50323],[5.72844,50.50328],[5.72836,50.50339]],[[5.70877,50.50223],[5.70866,50.50215],[5.70904,50.50215],[5.70877,50.50223]],[[5.72669,50.50112],[5.72647,50.50102],[5.72676,50.50092],[5.72685,50.50103],[5.72669,50.50112]],[[5.72336,50.50088],[5.7232,50.50043],[5.72327,50.50019],[5.72339,50.50013],[5.72364,50.50026],[5.72379,50.50078],[5.72371,50.50089],[5.72336,50.50088]],[[5.72627,50.50094],[5.72607,50.50076],[5.72644,50.50076],[5.72627,50.50094]],[[5.72377,50.49779],[5.72335,50.49764],[5.72315,50.4975],[5.72313,50.49739],[5.72344,50.49724],[5.72444,50.49744],[5.72428,50.49774],[5.72377,50.49779]],[[5.71669,50.49665],[5.71653,50.49659],[5.71678,50.49653],[5.71712,50.49659],[5.71669,50.49665]],[[5.71711,50.49413],[5.71698,50.49409],[5.71712,50.49407],[5.71711,50.49413]],[[5.70669,50.49165],[5.7064,50.4914],[5.7064,50.4913],[5.70707,50.49099],[5.70757,50.49102],[5.70736,50.49135],[5.70669,50.49165]],[[5.71669,50.49079],[5.71669,50.49046],[5.71716,50.49075],[5.71708,50.49082],[5.71669,50.49079]],[[5.71044,50.49025],[5.71044,50.49019],[5.71044,50.49025]],[[5.71294,50.49023],[5.71322,50.49003],[5.71338,50.49006],[5.71338,50.49022],[5.71294,50.49023]],[[5.71127,50.48911],[5.71103,50.48882],[5.71142,50.48882],[5.71141,50.48905],[5.71127,50.48911]],[[5.71336,50.48693],[5.71337,50.4868],[5.71343,50.48687],[5.71336,50.48693]],[[5.66502,50.48617],[5.66492,50.48601],[5.665,50.48575],[5.66539,50.48536],[5.66558,50.48529],[5.66594,50.48526],[5.66629,50.48535],[5.66664,50.4855],[5.66682,50.48572],[5.66664,50.48596],[5.66614,50.48618],[5.66557,50.48625],[5.66502,50.48617]],[[5.65294,50.48529],[5.65283,50.48517],[5.65272,50.4847],[5.65253,50.48435],[5.65246,50.48387],[5.65208,50.48356],[5.65212,50.48349],[5.6526,50.48339],[5.65321,50.4835],[5.65325,50.4836],[5.65311,50.48382],[5.65366,50.48407],[5.65399,50.48446],[5.65417,50.48505],[5.65405,50.48527],[5.65359,50.48543],[5.65294,50.48529]],[[5.66044,50.48415],[5.66038,50.48403],[5.66045,50.4838],[5.66091,50.4838],[5.66136,50.48396],[5.66206,50.48404],[5.66224,50.48386],[5.66226,50.48355],[5.66261,50.48345],[5.66298,50.4835],[5.66335,50.48394],[5.66386,50.4841],[5.66364,50.48416],[5.6624,50.48407],[5.6612,50.48434],[5.66044,50.48415]],[[5.66377,50.48334],[5.66361,50.48323],[5.66378,50.48308],[5.66437,50.48325],[5.66377,50.48334]],[[5.67877,50.48301],[5.67859,50.48292],[5.67843,50.48265],[5.67859,50.48192],[5.67855,50.48168],[5.67847,50.48158],[5.67786,50.48134],[5.67781,50.4811],[5.6779,50.48094],[5.67826,50.48105],[5.67879,50.48154],[5.6796,50.48203],[5.68157,50.48241],[5.68058,50.48274],[5.67923,50.48287],[5.67877,50.48301]],[[5.67461,50.48224],[5.67453,50.48212],[5.67464,50.48197],[5.67482,50.48214],[5.67461,50.48224]],[[5.66461,50.48191],[5.66454,50.48186],[5.6646,50.48176],[5.66461,50.48191]],[[5.66419,50.4814],[5.6642,50.48127],[5.66419,50.4814]],[[5.66627,50.47979],[5.66489,50.47925],[5.66406,50.47933],[5.66359,50.47921],[5.66335,50.4791],[5.66299,50.47876],[5.66284,50.47854],[5.66283,50.47827],[5.66318,50.47808],[5.66371,50.47798],[5.6642,50.47798],[5.6646,50.47816],[5.66485,50.47798],[5.66548,50.47773],[5.6663,50.47762],[5.66776,50.47786],[5.66864,50.4778],[5.66917,50.478],[5.66944,50.47824],[5.66944,50.47876],[5.66969,50.47913],[5.66963,50.47941],[5.66776,50.47984],[5.66677,50.47989],[5.66627,50.47979]],[[5.69252,50.47449],[5.69232,50.47437],[5.69244,50.47422],[5.6926,50.4742],[5.6928,50.47432],[5.69277,50.4744],[5.69252,50.47449]],[[5.69502,50.47415],[5.69499,50.47408],[5.69558,50.4741],[5.69543,50.47417],[5.69502,50.47415]],[[5.73043,50.42409],[5.73044,50.42465],[5.73064,50.42515],[5.73092,50.42548],[5.73091,50.42576],[5.72909,50.42734],[5.72898,50.42772],[5.72873,50.42816],[5.72872,50.42834],[5.72891,50.4288],[5.72961,50.42965],[5.72999,50.43102],[5.73039,50.43194],[5.73134,50.43325],[5.73224,50.43425],[5.73268,50.43488],[5.73287,50.43588],[5.73256,50.43669],[5.73214,50.43718],[5.73173,50.43745],[5.73045,50.43771],[5.72924,50.43775],[5.72841,50.43766],[5.72826,50.43769],[5.72824,50.43779],[5.72833,50.43799],[5.72914,50.43816],[5.72961,50.43834],[5.73183,50.43875],[5.73209,50.43886],[5.73242,50.43925],[5.73313,50.4413],[5.73348,50.44193],[5.73358,50.44237],[5.73339,50.44301],[5.73268,50.44353],[5.73249,50.44382],[5.73332,50.44412],[5.7338,50.44456],[5.73452,50.44477],[5.73474,50.44491],[5.73517,50.44539],[5.7355,50.44595],[5.73577,50.44692],[5.73583,50.44748],[5.73555,50.44832],[5.73502,50.44881],[5.73441,50.44906],[5.73438,50.44921],[5.73489,50.44967],[5.73514,50.45019],[5.73542,50.45049],[5.73663,50.45117],[5.73758,50.45186],[5.73873,50.45255],[5.73892,50.45276],[5.73918,50.45328],[5.73922,50.45358],[5.73913,50.4539],[5.73886,50.45439],[5.73819,50.45526],[5.73761,50.45633],[5.73721,50.45744],[5.73713,50.45855],[5.73636,50.46005],[5.73622,50.46144],[5.73641,50.46244],[5.7367,50.46322],[5.73666,50.46379],[5.73624,50.46389],[5.73579,50.46384],[5.73503,50.46326],[5.73458,50.46319],[5.73393,50.46324],[5.73386,50.46332],[5.7339,50.46356],[5.73366,50.46358],[5.73369,50.46317],[5.73339,50.46241],[5.73265,50.46199],[5.73208,50.46207],[5.73143,50.46186],[5.7317,50.46159],[5.73114,50.46133],[5.73039,50.46025],[5.72984,50.45973],[5.72972,50.45937],[5.72794,50.45863],[5.72667,50.45821],[5.72625,50.45799],[5.72544,50.45715],[5.72516,50.45699],[5.72336,50.45604],[5.72248,50.45581],[5.72213,50.45561],[5.72195,50.45542],[5.72178,50.45498],[5.72177,50.45407],[5.72185,50.45359],[5.72171,50.45334],[5.72151,50.45335],[5.72082,50.4537],[5.71961,50.45466],[5.71918,50.45465],[5.71791,50.45409],[5.71707,50.45383],[5.71659,50.45378],[5.7165,50.45394],[5.71679,50.45465],[5.71657,50.45486],[5.71372,50.45543],[5.71196,50.45631],[5.71072,50.4566],[5.71058,50.45685],[5.71065,50.45727],[5.71027,50.45803],[5.70963,50.45856],[5.70914,50.45874],[5.70903,50.45885],[5.70902,50.45956],[5.70888,50.46022],[5.70852,50.46116],[5.70858,50.4621],[5.70845,50.46269],[5.70904,50.46352],[5.70882,50.46397],[5.70888,50.46428],[5.70917,50.4646],[5.70964,50.46491],[5.70901,50.46514],[5.70891,50.46526],[5.70905,50.46554],[5.70952,50.46595],[5.7095,50.46609],[5.7093,50.46633],[5.70931,50.4665],[5.70949,50.4667],[5.71001,50.46697],[5.71027,50.46758],[5.71018,50.46777],[5.70994,50.4678],[5.70978,50.46767],[5.70969,50.46738],[5.70951,50.46738],[5.70948,50.46772],[5.70932,50.46821],[5.70938,50.46851],[5.70969,50.46878],[5.70946,50.46906],[5.70945,50.46921],[5.70957,50.46967],[5.70977,50.46992],[5.70979,50.47039],[5.71004,50.47075],[5.71,50.47104],[5.71013,50.47175],[5.71036,50.4722],[5.71032,50.47241],[5.71016,50.47261],[5.70974,50.47283],[5.70793,50.47326],[5.70687,50.47366],[5.70547,50.47379],[5.70494,50.47394],[5.7037,50.47392],[5.70193,50.47407],[5.69828,50.47375],[5.69781,50.47365],[5.69666,50.4731],[5.69649,50.47289],[5.69644,50.47262],[5.69658,50.47232],[5.69749,50.47129],[5.69777,50.47075],[5.69838,50.46995],[5.69879,50.4691],[5.69875,50.46846],[5.69903,50.46793],[5.69928,50.46719],[5.69931,50.46664],[5.69919,50.46605],[5.69878,50.4652],[5.6983,50.46494],[5.69712,50.46453],[5.69669,50.46463],[5.69609,50.46492],[5.69587,50.46526],[5.69581,50.46574],[5.6956,50.46605],[5.69591,50.46657],[5.69579,50.46717],[5.69519,50.4681],[5.69505,50.46828],[5.69461,50.46854],[5.69382,50.4686],[5.69334,50.46885],[5.69325,50.4688],[5.69316,50.46852],[5.6929,50.46838],[5.69137,50.46808],[5.69123,50.46801],[5.69091,50.46764],[5.69024,50.46741],[5.6889,50.46712],[5.68811,50.4668],[5.68779,50.46661],[5.68754,50.46631],[5.6867,50.46603],[5.68615,50.4655],[5.68587,50.46492],[5.68516,50.46461],[5.68452,50.4644],[5.68156,50.4639],[5.6804,50.46342],[5.67924,50.46313],[5.67907,50.463],[5.67898,50.46276],[5.67912,50.46241],[5.67918,50.46185],[5.67955,50.46148],[5.68015,50.46109],[5.68044,50.46076],[5.68042,50.46056],[5.68025,50.46036],[5.67991,50.46021],[5.67828,50.46035],[5.67794,50.46022],[5.67789,50.45993],[5.67818,50.45949],[5.67887,50.45889],[5.67913,50.45852],[5.67947,50.45823],[5.67956,50.4577],[5.67973,50.4574],[5.67886,50.45728],[5.67797,50.45704],[5.67491,50.45606],[5.6746,50.45547],[5.67459,50.45517],[5.67484,50.45467],[5.67468,50.45445],[5.6741,50.45417],[5.67275,50.45326],[5.67253,50.45298],[5.6721,50.45271],[5.67165,50.45267],[5.67129,50.45285],[5.67101,50.45274],[5.67101,50.45258],[5.67191,50.45154],[5.67193,50.4513],[5.67172,50.45101],[5.67114,50.45121],[5.67064,50.45155],[5.67039,50.45184],[5.67008,50.452],[5.66943,50.45213],[5.66912,50.45202],[5.66886,50.4513],[5.66902,50.45104],[5.66933,50.45078],[5.66936,50.45053],[5.66921,50.4502],[5.66877,50.44993],[5.66875,50.44962],[5.66893,50.44933],[5.66952,50.44904],[5.66962,50.44881],[5.66943,50.44814],[5.66922,50.44784],[5.66849,50.44751],[5.66791,50.44745],[5.66804,50.4469],[5.66838,50.44664],[5.66837,50.44632],[5.66814,50.44608],[5.66764,50.44578],[5.66751,50.44548],[5.66797,50.44529],[5.66895,50.44528],[5.66917,50.44518],[5.66923,50.44493],[5.66835,50.44495],[5.66795,50.44486],[5.66752,50.44471],[5.66749,50.44446],[5.6675,50.44435],[5.66796,50.44388],[5.66802,50.44369],[5.66839,50.44217],[5.66828,50.44127],[5.66925,50.44053],[5.66924,50.44037],[5.66914,50.44033],[5.66832,50.44054],[5.66715,50.44106],[5.66659,50.44186],[5.66561,50.44236],[5.66525,50.44293],[5.66527,50.44305],[5.66548,50.44325],[5.66558,50.44355],[5.66586,50.44381],[5.66538,50.44399],[5.66524,50.44418],[5.66524,50.44487],[5.66531,50.44522],[5.66527,50.44657],[5.66541,50.44676],[5.66588,50.44678],[5.66603,50.4469],[5.66618,50.44741],[5.66613,50.44772],[5.66628,50.44798],[5.66627,50.44854],[5.66645,50.44887],[5.66639,50.44911],[5.66586,50.44942],[5.6656,50.44928],[5.66536,50.44926],[5.66463,50.44957],[5.66432,50.4496],[5.66386,50.44952],[5.66251,50.44902],[5.66182,50.45027],[5.66126,50.45057],[5.66046,50.45083],[5.65998,50.45122],[5.65952,50.45141],[5.65854,50.45143],[5.65728,50.45098],[5.6563,50.4509],[5.65474,50.45053],[5.65302,50.45062],[5.6525,50.45075],[5.65369,50.4509],[5.65464,50.4513],[5.65461,50.4516],[5.65582,50.4519],[5.6563,50.45193],[5.65749,50.4524],[5.65833,50.45262],[5.65994,50.45255],[5.6626,50.45171],[5.66338,50.45165],[5.66383,50.45185],[5.66439,50.453],[5.66507,50.45338],[5.6661,50.4538],[5.66587,50.45397],[5.66512,50.45403],[5.66492,50.45413],[5.66501,50.45443],[5.66543,50.45493],[5.66609,50.45497],[5.66636,50.45506],[5.66649,50.45523],[5.66643,50.45548],[5.66676,50.45573],[5.66582,50.45654],[5.66416,50.45739],[5.66169,50.45798],[5.66127,50.45826],[5.66095,50.45865],[5.66078,50.45904],[5.66073,50.4596],[5.66043,50.45992],[5.65979,50.46004],[5.65799,50.45989],[5.65785,50.4599],[5.65782,50.45999],[5.65794,50.46021],[5.65877,50.46049],[5.6592,50.46103],[5.66026,50.46151],[5.66118,50.46161],[5.66166,50.46188],[5.66219,50.46199],[5.66288,50.46229],[5.66334,50.46212],[5.66377,50.46209],[5.66411,50.46244],[5.66479,50.46287],[5.66586,50.46313],[5.66632,50.46339],[5.66757,50.46351],[5.66821,50.46383],[5.66819,50.46441],[5.66786,50.46457],[5.66674,50.46467],[5.66636,50.46458],[5.66585,50.46433],[5.6651,50.46431],[5.66461,50.46409],[5.66416,50.46427],[5.66344,50.46425],[5.6624,50.46436],[5.66222,50.46469],[5.66187,50.46476],[5.66114,50.46475],[5.66084,50.4649],[5.66066,50.46516],[5.66051,50.46523],[5.6571,50.4651],[5.6571,50.46525],[5.65754,50.46531],[5.6578,50.46546],[5.65749,50.46559],[5.65586,50.46555],[5.65469,50.46528],[5.65125,50.46476],[5.65003,50.46491],[5.64907,50.46518],[5.64905,50.46524],[5.64936,50.46539],[5.65042,50.46577],[5.65086,50.46603],[5.65113,50.46633],[5.65295,50.46673],[5.65425,50.46739],[5.6543,50.46771],[5.6541,50.46797],[5.65374,50.46807],[5.65262,50.46807],[5.65251,50.46812],[5.65247,50.46826],[5.65375,50.46883],[5.65474,50.46956],[5.65509,50.4699],[5.65521,50.47029],[5.65578,50.47079],[5.65587,50.47107],[5.65508,50.47161],[5.65167,50.47206],[5.65082,50.47223],[5.64932,50.47239],[5.64758,50.47244],[5.64651,50.47227],[5.64505,50.47243],[5.64461,50.47258]],[[5.68169,50.47314],[5.68105,50.47277],[5.68083,50.47247],[5.6804,50.47215],[5.68083,50.47194],[5.68172,50.47181],[5.68213,50.47212],[5.68287,50.47251],[5.68328,50.47255],[5.68378,50.47242],[5.68386,50.47262],[5.68385,50.4728],[5.68372,50.47289],[5.68338,50.4729],[5.68297,50.47301],[5.68239,50.47293],[5.68169,50.47314]],[[5.68002,50.47244],[5.67997,50.47241],[5.68004,50.47235],[5.6802,50.47241],[5.68002,50.47244]],[[5.68252,50.47171],[5.68228,50.47159],[5.6825,50.47152],[5.68272,50.47159],[5.68252,50.47171]],[[5.69627,50.46876],[5.69614,50.46855],[5.69626,50.46833],[5.69636,50.46851],[5.69627,50.46876]],[[5.69627,50.46825],[5.69621,50.46796],[5.69644,50.46796],[5.69644,50.46807],[5.69627,50.46825]],[[5.71044,50.46808],[5.71031,50.46798],[5.71039,50.46788],[5.71074,50.46797],[5.71044,50.46808]],[[5.69669,50.46795],[5.69651,50.46773],[5.69666,50.46757],[5.69679,50.4677],[5.69669,50.46795]],[[5.69627,50.46639],[5.69607,50.4663],[5.69625,50.46623],[5.69644,50.4663],[5.69627,50.46639]],[[5.68336,50.46614],[5.68324,50.46605],[5.68326,50.46597],[5.68376,50.46575],[5.68458,50.46568],[5.68486,50.46573],[5.68493,50.46582],[5.68479,50.46605],[5.68448,50.46616],[5.68385,50.46622],[5.68336,50.46614]],[[5.65836,50.46579],[5.65811,50.46575],[5.65832,50.46569],[5.6585,50.46575],[5.65836,50.46579]],[[5.66502,50.46476],[5.66504,50.46452],[5.66512,50.46465],[5.66502,50.46476]],[[5.67044,50.46465],[5.67012,50.46432],[5.67011,50.46411],[5.67086,50.46408],[5.67131,50.46423],[5.67206,50.46429],[5.67319,50.46467],[5.67291,50.46482],[5.67255,50.46485],[5.6716,50.46462],[5.67119,50.46461],[5.67084,50.46472],[5.67044,50.46465]],[[5.66877,50.46454],[5.66858,50.4644],[5.66862,50.46429],[5.66881,50.46424],[5.66906,50.46434],[5.66904,50.46442],[5.66877,50.46454]],[[5.67211,50.46385],[5.67198,50.46369],[5.672,50.46356],[5.67208,50.46351],[5.67253,50.46381],[5.67211,50.46385]],[[5.67169,50.46331],[5.67133,50.46322],[5.67116,50.46309],[5.67112,50.46293],[5.67126,50.4627],[5.67167,50.46266],[5.67181,50.46272],[5.67185,50.463],[5.67169,50.46331]],[[5.66919,50.4611],[5.66899,50.46103],[5.66919,50.46096],[5.66919,50.4611]],[[5.66669,50.46055],[5.66667,50.46047],[5.66709,50.46019],[5.66765,50.46048],[5.66755,50.46061],[5.66724,50.46069],[5.66669,50.46055]],[[5.68127,50.45969],[5.68103,50.45963],[5.68071,50.45937],[5.68208,50.45934],[5.68289,50.45904],[5.68331,50.45874],[5.68357,50.45882],[5.68337,50.45928],[5.68302,50.4597],[5.68198,50.45983],[5.68127,50.45969]],[[5.66836,50.45554],[5.66783,50.45521],[5.66845,50.45515],[5.66946,50.45548],[5.6689,50.45558],[5.66836,50.45554]],[[5.67002,50.45356],[5.66993,50.45353],[5.67001,50.45345],[5.67021,50.45352],[5.67002,50.45356]],[[5.67086,50.45301],[5.67078,50.45295],[5.67089,50.45281],[5.67104,50.45296],[5.67086,50.45301]],[[5.66669,50.45274],[5.66638,50.45266],[5.66627,50.45242],[5.66685,50.4519],[5.66686,50.45154],[5.66701,50.45129],[5.66753,50.4513],[5.66716,50.45221],[5.66669,50.45274]],[[5.66127,50.45104],[5.66127,50.45099],[5.66127,50.45104]],[[5.66336,50.45082],[5.66319,50.45057],[5.6633,50.45033],[5.66364,50.4503],[5.66391,50.45046],[5.66395,50.45067],[5.66385,50.45084],[5.66336,50.45082]],[[5.67044,50.45002],[5.6703,50.44992],[5.67045,50.44983],[5.67058,50.44993],[5.67044,50.45002]],[[5.74544,50.44409],[5.74577,50.44382],[5.74591,50.44381],[5.74544,50.44409]],[[5.74002,50.42583],[5.73995,50.42574],[5.7401,50.42575],[5.74002,50.42583]],[[5.73446,50.42409],[5.73286,50.4248],[5.73213,50.42493],[5.73192,50.42442],[5.73165,50.42409]]]}},{"type":"Feature","properties":{"ele":230},"geometry":{"type":"MultiLineString","coordinates":[[[5.66068,50.50659],[5.66021,50.50635],[5.66005,50.50603],[5.65961,50.50576],[5.65879,50.50547],[5.65844,50.50522],[5.65822,50.50463],[5.65768,50.50407],[5.65761,50.50355],[5.65753,50.50346],[5.65714,50.50341],[5.65684,50.5035],[5.65629,50.50401],[5.65572,50.50432],[5.65543,50.50427],[5.65502,50.50408],[5.6521,50.50372],[5.65158,50.5033],[5.65123,50.50272],[5.65046,50.50215],[5.6497,50.50198],[5.64927,50.50152],[5.64847,50.50133],[5.64835,50.50076],[5.64802,50.50045],[5.64703,50.50045],[5.64671,50.50077],[5.6466,50.50077],[5.64638,50.50047],[5.64547,50.50015],[5.64461,50.49958]],[[5.66096,50.50659],[5.66171,50.50617],[5.66215,50.50607],[5.66254,50.50577],[5.66246,50.50548],[5.66208,50.50521],[5.66191,50.50492],[5.66162,50.50466],[5.66169,50.50455],[5.66193,50.50452],[5.66228,50.50458],[5.66292,50.50482],[5.66371,50.50496],[5.66421,50.50534],[5.6646,50.5055],[5.66506,50.50542],[5.66549,50.50547],[5.66555,50.50605],[5.6657,50.50628],[5.66585,50.50635],[5.66626,50.50603],[5.6672,50.50584],[5.66737,50.50547],[5.66771,50.50535],[5.6688,50.50529],[5.67005,50.50562],[5.67083,50.50547],[5.67128,50.5052],[5.67157,50.50546],[5.67169,50.50576],[5.672,50.50602],[5.67163,50.50659]],[[5.72368,50.50659],[5.72253,50.50548],[5.72207,50.50513],[5.72167,50.50493],[5.72087,50.5041],[5.72054,50.50359],[5.7205,50.50319],[5.72017,50.50289],[5.72003,50.50238],[5.71947,50.50244],[5.71877,50.50215],[5.71816,50.50289],[5.71809,50.50324],[5.71861,50.50387],[5.71884,50.50441],[5.71895,50.50525],[5.71876,50.50538],[5.71853,50.50492],[5.71754,50.50453],[5.71727,50.50471],[5.71718,50.50498],[5.71753,50.50536],[5.71834,50.50563],[5.7188,50.50568],[5.71885,50.506],[5.71875,50.50611],[5.71833,50.50606],[5.71814,50.50568],[5.71786,50.50556],[5.71742,50.50572],[5.71755,50.50601],[5.71752,50.50608],[5.71698,50.5058],[5.71695,50.50551],[5.71682,50.50536],[5.71602,50.50521],[5.71557,50.50486],[5.71462,50.50436],[5.71427,50.50397],[5.71339,50.50352],[5.71245,50.50364],[5.71135,50.50393],[5.71083,50.50392],[5.71037,50.50408],[5.7096,50.50409],[5.70901,50.50419],[5.70874,50.50412],[5.70835,50.50385],[5.7082,50.50352],[5.70796,50.50325],[5.70715,50.50293],[5.70636,50.50287],[5.70585,50.50299],[5.70448,50.50257],[5.70375,50.50248],[5.70247,50.50249],[5.70219,50.5024],[5.70171,50.50208],[5.70039,50.50165],[5.70035,50.50153],[5.70043,50.50131],[5.70126,50.50072],[5.70156,50.5006],[5.70193,50.5006],[5.70243,50.50084],[5.70302,50.50094],[5.70333,50.50095],[5.70363,50.50083],[5.70363,50.50067],[5.70337,50.50048],[5.7026,50.50041],[5.70231,50.5003],[5.70223,50.50018],[5.7033,50.49905],[5.70374,50.49877],[5.70422,50.49871],[5.7046,50.49853],[5.70501,50.49854],[5.70537,50.49883],[5.70568,50.49894],[5.70711,50.49915],[5.70757,50.49896],[5.70833,50.49881],[5.70917,50.4987],[5.70989,50.49874],[5.71095,50.49821],[5.71177,50.49804],[5.71194,50.49766],[5.71213,50.49744],[5.71251,50.49725],[5.71302,50.49716],[5.71348,50.49629],[5.71419,50.49541],[5.7143,50.4939],[5.71417,50.49335],[5.7142,50.4927],[5.71402,50.49234],[5.71411,50.49158],[5.7146,50.49166],[5.71473,50.49158],[5.71475,50.49133],[5.71463,50.49105],[5.71413,50.49097],[5.71375,50.49111],[5.71307,50.49115],[5.71211,50.4914],[5.71195,50.49131],[5.71188,50.49103],[5.71169,50.49097],[5.70982,50.49271],[5.70886,50.49339],[5.70873,50.49337],[5.70839,50.49266],[5.7079,50.4927],[5.70686,50.49353],[5.70624,50.49382],[5.70618,50.49353],[5.70661,50.49303],[5.70652,50.49279],[5.70593,50.49233],[5.70503,50.49225],[5.70456,50.49194],[5.70463,50.49162],[5.7051,50.4913],[5.70485,50.49036],[5.70462,50.48991],[5.70401,50.48978],[5.70341,50.4893],[5.70286,50.48923],[5.70211,50.48935],[5.70151,50.48959],[5.70134,50.48969],[5.70119,50.48992],[5.70087,50.49009],[5.70057,50.49013],[5.70031,50.49005],[5.70006,50.48985],[5.69996,50.48965],[5.69994,50.48907],[5.70013,50.48831],[5.70007,50.48805],[5.69973,50.48762],[5.69877,50.48688],[5.69866,50.48612],[5.69837,50.48575],[5.69796,50.48548],[5.69628,50.48464],[5.69547,50.48482],[5.69498,50.48469],[5.6931,50.48299],[5.69226,50.48239],[5.69206,50.48217],[5.69176,50.48159],[5.69086,50.48084],[5.68846,50.47987],[5.68713,50.47975],[5.68588,50.47974],[5.68479,50.47947],[5.68359,50.47944],[5.68291,50.47925],[5.68181,50.47873],[5.6804,50.47849],[5.67911,50.4785],[5.67702,50.47824],[5.67437,50.47809],[5.67386,50.47813],[5.67361,50.47822],[5.67354,50.47835],[5.67359,50.47859],[5.67377,50.47883],[5.67417,50.47896],[5.67465,50.47895],[5.67519,50.47942],[5.67629,50.47959],[5.67789,50.48034],[5.67906,50.48073],[5.68062,50.48168],[5.68125,50.48183],[5.68235,50.48188],[5.68289,50.48203],[5.68382,50.48271],[5.68294,50.48303],[5.68166,50.48268],[5.67984,50.48299],[5.67911,50.4832],[5.67833,50.48325],[5.67782,50.4835],[5.67778,50.48401],[5.67749,50.4844],[5.67669,50.48444],[5.67469,50.48405],[5.6737,50.48421],[5.67291,50.48462],[5.67251,50.48491],[5.6722,50.48526],[5.67204,50.48549],[5.67164,50.48665],[5.67163,50.48689],[5.67184,50.48741],[5.67093,50.48779],[5.6704,50.48775],[5.66992,50.48718],[5.67014,50.48692],[5.67014,50.48681],[5.66998,50.48668],[5.6696,50.4866],[5.66929,50.48633],[5.66919,50.48603],[5.66884,50.48567],[5.66881,50.4855],[5.6689,50.48517],[5.66868,50.48501],[5.66719,50.48473],[5.66651,50.48486],[5.66638,50.48498],[5.66638,50.48517],[5.66688,50.48542],[5.66717,50.4858],[5.66692,50.48606],[5.6663,50.48636],[5.66573,50.48643],[5.66497,50.48634],[5.66476,50.48612],[5.66473,50.48585],[5.66505,50.48549],[5.6651,50.48524],[5.66505,50.48517],[5.66428,50.48527],[5.66374,50.48558],[5.66286,50.4853],[5.66118,50.48518],[5.65927,50.4847],[5.65877,50.48464],[5.65739,50.48483],[5.65658,50.48516],[5.65615,50.48554],[5.65604,50.48581],[5.65608,50.48605],[5.65666,50.48667],[5.65793,50.48768],[5.65959,50.488],[5.66033,50.48837],[5.66089,50.48853],[5.66093,50.48884],[5.66026,50.48898],[5.65766,50.48881],[5.65687,50.48871],[5.65632,50.48853],[5.65422,50.48832],[5.65359,50.48843],[5.653,50.48871],[5.65271,50.48875],[5.64984,50.488],[5.64922,50.4881],[5.64794,50.48857],[5.6467,50.48818],[5.64568,50.48821],[5.64492,50.48843],[5.64475,50.48862],[5.64461,50.48902]],[[5.73378,50.50659],[5.73293,50.5064],[5.73253,50.50603],[5.73173,50.50568],[5.73148,50.50548],[5.73083,50.50409],[5.73071,50.50345],[5.73075,50.50279],[5.73055,50.50244],[5.73064,50.50215],[5.72958,50.50205],[5.72914,50.50189],[5.7295,50.50156],[5.72964,50.50131],[5.7293,50.50053],[5.72943,50.50012],[5.7294,50.49984],[5.72901,50.49904],[5.72753,50.49798],[5.72627,50.49743],[5.72539,50.49723],[5.72415,50.49661],[5.72401,50.4964],[5.72403,50.49623],[5.72441,50.49577],[5.72533,50.49538],[5.72776,50.4948],[5.72849,50.4947],[5.7286,50.49408],[5.72803,50.49381],[5.72508,50.4931],[5.72476,50.49282],[5.72459,50.49244],[5.72437,50.4923],[5.72355,50.49216],[5.72288,50.49178],[5.72208,50.49161],[5.72167,50.49127],[5.72171,50.4908],[5.72194,50.49019],[5.72212,50.48993],[5.72246,50.48988],[5.72515,50.49012],[5.72651,50.49002],[5.72708,50.49016],[5.72803,50.49055],[5.72956,50.49058],[5.72975,50.4905],[5.72923,50.49019],[5.72862,50.49003],[5.72751,50.48937],[5.72624,50.48913],[5.72575,50.48882],[5.72317,50.48799],[5.72302,50.48779],[5.72296,50.48741],[5.7228,50.48713],[5.72215,50.4865],[5.72201,50.48581],[5.72208,50.48547],[5.72309,50.48525],[5.72317,50.48517],[5.72315,50.48493],[5.72331,50.48481],[5.72459,50.48428],[5.72518,50.4839],[5.72614,50.48361],[5.72656,50.48359],[5.72719,50.48372],[5.72833,50.48325],[5.72922,50.48321],[5.73012,50.4833],[5.73151,50.48364],[5.73271,50.48374],[5.73302,50.48365],[5.73306,50.48342],[5.73296,50.48324],[5.73246,50.48298],[5.73161,50.48273],[5.73082,50.48271],[5.72918,50.48215],[5.72877,50.48187],[5.72844,50.4818],[5.72781,50.48191],[5.7267,50.48186],[5.72619,50.48194],[5.72515,50.48194],[5.72421,50.48215],[5.72374,50.48215],[5.72355,50.48157],[5.72349,50.48106],[5.72309,50.47998],[5.72284,50.47943],[5.72247,50.47911],[5.72239,50.47884],[5.72254,50.47869],[5.72339,50.47856],[5.72377,50.47825],[5.72455,50.47788],[5.72531,50.47816],[5.72583,50.47817],[5.72632,50.47806],[5.72705,50.47756],[5.7279,50.47756],[5.72864,50.47736],[5.73047,50.47752],[5.73136,50.47729],[5.73265,50.47736],[5.73557,50.4771],[5.73682,50.47717],[5.73687,50.47711],[5.73674,50.47682],[5.73706,50.47623],[5.73721,50.4755],[5.73713,50.47511],[5.73677,50.475],[5.73583,50.47505],[5.73461,50.47494],[5.73379,50.47458],[5.73337,50.47465],[5.73261,50.47463],[5.73043,50.47415],[5.72994,50.47397],[5.72917,50.47399],[5.72849,50.47416],[5.72807,50.47444],[5.72719,50.47466],[5.72542,50.47472],[5.72461,50.47498],[5.72419,50.47492],[5.72378,50.47508],[5.72346,50.47488],[5.72246,50.47466],[5.72193,50.47445],[5.7208,50.47443],[5.71974,50.47394],[5.71919,50.47354],[5.71969,50.47333],[5.72086,50.47328],[5.72085,50.47304],[5.72067,50.47269],[5.72,50.47192],[5.72014,50.47133],[5.71996,50.47078],[5.71984,50.46939],[5.71971,50.4688],[5.71949,50.46831],[5.71866,50.46696],[5.7186,50.4664],[5.7183,50.46609],[5.71828,50.46592],[5.71833,50.46575],[5.71888,50.4655],[5.71979,50.46493],[5.72008,50.46438],[5.72012,50.46413],[5.71956,50.46328],[5.71954,50.463],[5.72,50.4628],[5.72041,50.46287],[5.72053,50.46307],[5.72063,50.46421],[5.72086,50.46464],[5.72167,50.46689],[5.72242,50.468],[5.72294,50.46854],[5.72433,50.46967],[5.72547,50.47019],[5.72585,50.47064],[5.72613,50.47081],[5.72781,50.47089],[5.72901,50.47112],[5.73005,50.47103],[5.73172,50.47125],[5.73297,50.4712],[5.73578,50.4714],[5.73646,50.47137],[5.73901,50.47149],[5.74016,50.47171],[5.74076,50.47153],[5.7416,50.47099],[5.74328,50.47042],[5.74385,50.47031],[5.74463,50.47047],[5.74657,50.47146],[5.74697,50.4715],[5.7472,50.47141],[5.74737,50.47123],[5.74778,50.47021],[5.74877,50.46964],[5.74918,50.46908],[5.74957,50.46835],[5.75053,50.46802],[5.75002,50.46771],[5.74977,50.46744],[5.7497,50.46724],[5.75007,50.46689],[5.75038,50.46631],[5.75085,50.46574],[5.751,50.46539],[5.75102,50.46494],[5.75056,50.46414],[5.7504,50.46358],[5.75004,50.46326],[5.74956,50.46298],[5.74952,50.4627],[5.74966,50.46242],[5.74968,50.46211],[5.74928,50.46198],[5.74912,50.46201],[5.7487,50.46235],[5.74856,50.46293],[5.74871,50.4633],[5.74955,50.4639],[5.74954,50.4646],[5.74934,50.4652],[5.74857,50.46585],[5.74764,50.46685],[5.74718,50.46717],[5.74664,50.46785],[5.74632,50.46804],[5.74604,50.46809],[5.74575,50.46805],[5.74559,50.46789],[5.74535,50.46737],[5.74502,50.46605],[5.745,50.4649],[5.74516,50.46415],[5.74496,50.46363],[5.74509,50.46307],[5.74507,50.46232],[5.74498,50.46211],[5.74426,50.46126],[5.74371,50.46029],[5.74329,50.45917],[5.74264,50.45807],[5.74254,50.45751],[5.74258,50.4571],[5.74313,50.45616],[5.74317,50.45546],[5.74294,50.45492],[5.74304,50.45467],[5.74339,50.45439],[5.74348,50.45418],[5.74356,50.45307],[5.7437,50.45258],[5.74341,50.4518],[5.74288,50.45104],[5.74203,50.45047],[5.74041,50.44993],[5.74014,50.4496],[5.74028,50.44931],[5.74136,50.44832],[5.74147,50.44796],[5.74169,50.44769],[5.74176,50.44743],[5.74159,50.44712],[5.7415,50.44665],[5.74156,50.44651],[5.74184,50.44635],[5.74297,50.44606],[5.74379,50.44552],[5.74427,50.44508],[5.74632,50.44411],[5.74713,50.44382],[5.74728,50.44356],[5.74672,50.4435],[5.74594,50.44355],[5.74462,50.44391],[5.74318,50.44419],[5.7425,50.44441],[5.74212,50.44445],[5.74193,50.44436],[5.7418,50.44414],[5.74165,50.44355],[5.74118,50.44274],[5.74096,50.44242],[5.74056,50.44214],[5.74037,50.44191],[5.74002,50.44104],[5.73934,50.44008],[5.73893,50.43959],[5.73788,50.43886],[5.73754,50.43824],[5.73734,50.43769],[5.73722,50.43693],[5.73669,50.43604],[5.73623,50.43437],[5.73575,50.43335],[5.73558,50.43273],[5.73542,50.43244],[5.73471,50.43165],[5.73438,50.43039],[5.73458,50.42984],[5.73482,50.42859],[5.73563,50.42771],[5.73587,50.42717],[5.73597,50.42711],[5.73835,50.42627],[5.73922,50.42643],[5.73986,50.42631],[5.74046,50.42604],[5.74057,50.42588],[5.74056,50.42568],[5.74022,50.42549],[5.74035,50.42541],[5.74161,50.42542],[5.74323,50.42523],[5.74469,50.42525],[5.74588,50.42511],[5.7467,50.42484],[5.74786,50.42459],[5.74872,50.42409]],[[5.71711,50.5044],[5.71711,50.50408],[5.71711,50.5044]],[[5.71669,50.50356],[5.71649,50.50325],[5.71684,50.50297],[5.7175,50.50287],[5.71778,50.50294],[5.71791,50.50307],[5.71787,50.50326],[5.71761,50.5034],[5.71711,50.50359],[5.71669,50.50356]],[[5.72294,50.50108],[5.72249,50.50079],[5.72224,50.50053],[5.72226,50.50039],[5.72248,50.50019],[5.72258,50.50021],[5.72295,50.50075],[5.72294,50.50108]],[[5.69669,50.50086],[5.69651,50.50076],[5.69707,50.50064],[5.69748,50.50045],[5.69786,50.50051],[5.69795,50.50072],[5.69729,50.50093],[5.69669,50.50086]],[[5.70419,50.50059],[5.70377,50.5004],[5.70357,50.50017],[5.70381,50.50006],[5.70427,50.50009],[5.70479,50.50019],[5.70547,50.50047],[5.705,50.50062],[5.70419,50.50059]],[[5.70336,50.50007],[5.70319,50.49991],[5.70334,50.49985],[5.70348,50.4999],[5.70336,50.50007]],[[5.69919,50.49987],[5.69902,50.49969],[5.69903,50.49959],[5.69919,50.49952],[5.69942,50.49959],[5.69944,50.49969],[5.69919,50.49987]],[[5.70086,50.49859],[5.7004,50.49825],[5.70086,50.4984],[5.70137,50.49802],[5.70207,50.49792],[5.70239,50.49802],[5.70222,50.49832],[5.70151,50.49872],[5.7012,50.49875],[5.70086,50.49859]],[[5.71211,50.49088],[5.71204,50.49077],[5.7121,50.49068],[5.71211,50.49088]],[[5.65461,50.48664],[5.65423,50.4865],[5.65405,50.48629],[5.65428,50.48617],[5.65469,50.48613],[5.65535,50.4862],[5.65558,50.48631],[5.65514,50.48662],[5.65461,50.48664]],[[5.68086,50.48615],[5.68003,50.48553],[5.67979,50.48529],[5.67977,50.48518],[5.68016,50.48506],[5.68138,50.48519],[5.68167,50.48535],[5.68197,50.48571],[5.68194,50.48585],[5.68171,50.48604],[5.68086,50.48615]],[[5.66919,50.48498],[5.66905,50.48492],[5.66955,50.48459],[5.66997,50.48454],[5.67015,50.48465],[5.67007,50.48495],[5.66919,50.48498]],[[5.65336,50.48462],[5.6532,50.48439],[5.65334,50.48421],[5.65348,50.48436],[5.65336,50.48462]],[[5.66544,50.48439],[5.66485,50.48415],[5.66483,50.484],[5.66496,50.48383],[5.66555,50.48407],[5.66544,50.48439]],[[5.73461,50.48417],[5.73424,50.48407],[5.73392,50.48382],[5.73417,50.48371],[5.73458,50.48372],[5.73538,50.48382],[5.73599,50.48403],[5.7372,50.48409],[5.73604,50.48411],[5.73536,50.48422],[5.73461,50.48417]],[[5.67294,50.48389],[5.67284,50.48378],[5.67279,50.48352],[5.67291,50.48293],[5.67285,50.48243],[5.67298,50.48234],[5.67331,50.48246],[5.67364,50.48277],[5.67425,50.48314],[5.67434,50.48328],[5.67418,50.48353],[5.67378,50.48376],[5.67335,50.48389],[5.67294,50.48389]],[[5.65919,50.48365],[5.65872,50.48339],[5.65766,50.48325],[5.65812,50.48318],[5.65919,50.48325],[5.6598,50.48354],[5.65961,50.48368],[5.65919,50.48365]],[[5.66127,50.48334],[5.66113,50.48326],[5.66179,50.48326],[5.66127,50.48334]],[[5.67377,50.48159],[5.67369,50.4813],[5.67387,50.48132],[5.67377,50.48159]],[[5.66669,50.47942],[5.66601,50.47901],[5.66559,50.47855],[5.66557,50.47826],[5.66594,50.47811],[5.66635,50.47805],[5.66854,50.47826],[5.66893,50.47847],[5.66933,50.47907],[5.66913,50.47931],[5.66869,50.47943],[5.66786,50.47952],[5.66669,50.47942]],[[5.73013,50.42409],[5.73013,50.42449],[5.73039,50.42524],[5.73056,50.42548],[5.73056,50.42576],[5.73003,50.42632],[5.7292,50.4269],[5.72858,50.42793],[5.7285,50.42835],[5.72874,50.42885],[5.72934,50.42963],[5.72981,50.43105],[5.73031,50.43215],[5.73132,50.43349],[5.73198,50.43417],[5.73246,50.43487],[5.73262,50.43571],[5.7326,50.4361],[5.73235,50.43664],[5.73176,50.43721],[5.73123,50.43741],[5.73036,50.43755],[5.72927,50.43758],[5.72805,50.4374],[5.72683,50.43703],[5.72583,50.43654],[5.72541,50.4365],[5.72527,50.43665],[5.72543,50.43689],[5.72677,50.43738],[5.72832,50.43815],[5.72956,50.43854],[5.73156,50.43889],[5.73212,50.4392],[5.73244,50.43987],[5.73284,50.44129],[5.73318,50.44185],[5.73338,50.44244],[5.73326,50.44273],[5.733,50.44304],[5.73208,50.44358],[5.73147,50.4438],[5.73143,50.4439],[5.73166,50.44412],[5.73301,50.44429],[5.73337,50.44468],[5.73462,50.44515],[5.735,50.44551],[5.73526,50.44595],[5.73555,50.44689],[5.73564,50.44744],[5.7354,50.44827],[5.73504,50.44862],[5.73399,50.44905],[5.73396,50.44921],[5.7341,50.44939],[5.7346,50.44966],[5.73503,50.45049],[5.73541,50.45078],[5.73675,50.4515],[5.73851,50.45262],[5.73876,50.45285],[5.73891,50.45314],[5.739,50.45352],[5.73893,50.4539],[5.7387,50.45432],[5.73797,50.45522],[5.73747,50.4561],[5.73701,50.45741],[5.73695,50.45852],[5.73617,50.45995],[5.73599,50.46105],[5.73598,50.46237],[5.7359,50.46272],[5.73557,50.46261],[5.73502,50.46223],[5.73455,50.46217],[5.73424,50.46186],[5.73332,50.46165],[5.73262,50.46131],[5.7323,50.46102],[5.7317,50.46075],[5.73066,50.45987],[5.73044,50.45965],[5.73036,50.45936],[5.73001,50.45911],[5.72807,50.4584],[5.72667,50.458],[5.72625,50.45773],[5.72536,50.45691],[5.72377,50.45604],[5.72237,50.45556],[5.72211,50.45521],[5.72205,50.45491],[5.72218,50.45342],[5.72212,50.45324],[5.72172,50.4528],[5.72157,50.45284],[5.7211,50.4533],[5.71959,50.45443],[5.71886,50.45431],[5.71668,50.45346],[5.71618,50.45344],[5.71601,50.45354],[5.71598,50.45369],[5.71644,50.45439],[5.7165,50.45459],[5.71642,50.45471],[5.71359,50.45535],[5.71302,50.45556],[5.71167,50.45629],[5.71038,50.45655],[5.71031,50.45678],[5.71046,50.45717],[5.71007,50.45801],[5.7096,50.45838],[5.70877,50.45854],[5.70869,50.45873],[5.70879,50.45966],[5.70827,50.46126],[5.70827,50.4621],[5.70802,50.46289],[5.70817,50.46328],[5.7083,50.46407],[5.70827,50.46495],[5.70869,50.4655],[5.7088,50.46604],[5.70861,50.46644],[5.70887,50.4669],[5.70878,50.46717],[5.70832,50.46709],[5.70827,50.46737],[5.70848,50.46771],[5.70856,50.4681],[5.70898,50.46873],[5.70907,50.46921],[5.70939,50.46994],[5.70962,50.47075],[5.70949,50.47106],[5.7095,50.47128],[5.70992,50.47213],[5.70982,50.47246],[5.70937,50.4727],[5.70776,50.47314],[5.70553,50.47335],[5.70494,50.4736],[5.70456,50.47359],[5.70414,50.47347],[5.70337,50.47359],[5.70271,50.47357],[5.7021,50.47387],[5.69958,50.47355],[5.69835,50.47359],[5.69793,50.47348],[5.69697,50.47302],[5.69682,50.47279],[5.69681,50.47258],[5.69773,50.47133],[5.69802,50.47081],[5.6984,50.47048],[5.69872,50.46994],[5.69877,50.46964],[5.69913,50.46914],[5.69918,50.4689],[5.69909,50.46849],[5.6995,50.46793],[5.69966,50.46715],[5.69966,50.46633],[5.69991,50.46564],[5.69986,50.46543],[5.69965,50.46518],[5.69851,50.46464],[5.69827,50.46444],[5.69809,50.46414],[5.69796,50.46352],[5.69754,50.46355],[5.69709,50.46409],[5.69634,50.46452],[5.69507,50.46495],[5.69489,50.4652],[5.69483,50.46573],[5.69429,50.46604],[5.69422,50.46633],[5.69375,50.46612],[5.69326,50.46634],[5.69294,50.46632],[5.69216,50.466],[5.69156,50.46623],[5.68872,50.46578],[5.68835,50.46553],[5.68813,50.46519],[5.68768,50.46493],[5.68664,50.46474],[5.68507,50.46405],[5.68458,50.46399],[5.68375,50.46402],[5.682,50.46383],[5.68151,50.46365],[5.68082,50.46327],[5.67953,50.46303],[5.67933,50.46286],[5.67926,50.46269],[5.67953,50.46186],[5.68005,50.46152],[5.68046,50.46107],[5.68064,50.46071],[5.6806,50.46047],[5.68044,50.46023],[5.67999,50.45993],[5.68104,50.45982],[5.68213,50.46],[5.68296,50.45989],[5.6835,50.45961],[5.68385,50.45908],[5.68407,50.45854],[5.68374,50.45842],[5.68334,50.45846],[5.68209,50.45913],[5.68166,50.45913],[5.68109,50.45901],[5.6796,50.45911],[5.67942,50.4589],[5.67943,50.45874],[5.68045,50.45799],[5.68059,50.45776],[5.68057,50.45745],[5.68034,50.45717],[5.67929,50.45684],[5.6771,50.4566],[5.67607,50.45632],[5.67524,50.45595],[5.67504,50.45574],[5.67495,50.45549],[5.6752,50.4547],[5.67505,50.45434],[5.67383,50.45355],[5.67368,50.45327],[5.67326,50.45298],[5.67294,50.45256],[5.67229,50.45227],[5.67181,50.45214],[5.67211,50.45199],[5.67218,50.45187],[5.67225,50.45154],[5.67221,50.45098],[5.67244,50.45049],[5.6747,50.45022],[5.67475,50.45011],[5.67468,50.44993],[5.67292,50.44992],[5.67241,50.45011],[5.67208,50.45046],[5.66997,50.45172],[5.66958,50.45179],[5.6692,50.45159],[5.66916,50.45126],[5.66954,50.45078],[5.66961,50.45044],[5.67,50.4503],[5.671,50.45021],[5.67165,50.44992],[5.6719,50.44963],[5.67127,50.44884],[5.67055,50.44743],[5.67033,50.44717],[5.67025,50.44686],[5.66999,50.44659],[5.66996,50.44627],[5.67016,50.44567],[5.67001,50.4452],[5.67021,50.4448],[5.66993,50.44418],[5.66977,50.44407],[5.66937,50.44405],[5.66849,50.44425],[5.66833,50.4442],[5.66826,50.44409],[5.66859,50.44272],[5.66888,50.44215],[5.66862,50.44161],[5.66862,50.44137],[5.66966,50.44063],[5.66976,50.44043],[5.66988,50.43967],[5.67004,50.43941],[5.66952,50.4392],[5.66932,50.43894],[5.66931,50.43873],[5.66953,50.43822],[5.66984,50.43792],[5.67011,50.43777],[5.67068,50.4377],[5.67007,50.43741],[5.66928,50.43734],[5.66912,50.43739],[5.66885,50.4377],[5.66857,50.43848],[5.66863,50.43885],[5.66908,50.43935],[5.66901,50.43966],[5.66873,50.43991],[5.66734,50.44054],[5.66634,50.44139],[5.66602,50.44157],[5.66595,50.44189],[5.66557,50.44185],[5.66575,50.44154],[5.66563,50.44123],[5.66556,50.44048],[5.66477,50.43993],[5.66461,50.43937],[5.66419,50.43935],[5.6641,50.43967],[5.66373,50.44017],[5.6637,50.44046],[5.66473,50.44102],[5.66479,50.44119],[5.66465,50.44136],[5.6642,50.44125],[5.66373,50.44131],[5.66408,50.44159],[5.66416,50.44175],[5.66408,50.44192],[5.66376,50.44214],[5.66371,50.44234],[5.66372,50.44244],[5.664,50.44276],[5.66408,50.44314],[5.66404,50.44335],[5.66369,50.44397],[5.66379,50.44467],[5.66336,50.44521],[5.66306,50.44577],[5.66255,50.44605],[5.66208,50.44607],[5.66127,50.44571],[5.66084,50.44575],[5.66072,50.44602],[5.66046,50.44715],[5.66018,50.44755],[5.65993,50.44866],[5.65962,50.4492],[5.65923,50.44953],[5.65875,50.44961],[5.65792,50.44948],[5.65673,50.44944],[5.65526,50.44913],[5.65474,50.44922],[5.65338,50.44965],[5.65247,50.44972],[5.65117,50.4494],[5.6506,50.44881],[5.64984,50.44853],[5.64879,50.44797],[5.64823,50.448],[5.64812,50.44909],[5.64794,50.44924],[5.64754,50.44939],[5.64741,50.44959],[5.64743,50.44969],[5.64788,50.44993],[5.64965,50.45011],[5.65178,50.45086],[5.65256,50.45104],[5.65236,50.45123],[5.65236,50.45137],[5.65312,50.45176],[5.65333,50.4522],[5.65361,50.45244],[5.65513,50.45291],[5.65633,50.45376],[5.65833,50.45475],[5.6585,50.45469],[5.65872,50.45435],[5.6591,50.45404],[5.6593,50.45331],[5.65919,50.45297],[5.65979,50.45271],[5.66249,50.45195],[5.66291,50.45186],[5.66331,50.45189],[5.66348,50.45237],[5.6638,50.4527],[5.66376,50.45277],[5.66337,50.45286],[5.66324,50.45296],[5.66363,50.45324],[5.66379,50.45351],[5.66371,50.45421],[5.66385,50.45443],[5.66446,50.45488],[5.66456,50.45512],[5.66445,50.45526],[5.66377,50.45563],[5.6625,50.45573],[5.66088,50.45572],[5.65953,50.45531],[5.65872,50.45534],[5.6585,50.45551],[5.65841,50.45579],[5.65822,50.45602],[5.65846,50.45628],[5.65844,50.45643],[5.65836,50.45659],[5.65791,50.45687],[5.65737,50.45743],[5.65732,50.45803],[5.65721,50.45828],[5.65665,50.45839],[5.65648,50.45826],[5.65646,50.45795],[5.65581,50.45785],[5.65561,50.45801],[5.65574,50.45842],[5.65566,50.45862],[5.65541,50.45881],[5.65479,50.45895],[5.65451,50.45891],[5.6543,50.45853],[5.65419,50.45847],[5.65369,50.45869],[5.65292,50.45863],[5.65255,50.45869],[5.6521,50.45881],[5.65174,50.45912],[5.65125,50.45915],[5.65005,50.45878],[5.64973,50.45858],[5.64973,50.45835],[5.65007,50.45798],[5.64982,50.45773],[5.64947,50.45768],[5.64907,50.45791],[5.64895,50.4583],[5.64868,50.45855],[5.64924,50.45907],[5.65019,50.45929],[5.65033,50.45968],[5.65087,50.45979],[5.65133,50.45999],[5.65296,50.4602],[5.65355,50.46072],[5.65401,50.46088],[5.65424,50.46088],[5.65474,50.46069],[5.65514,50.4607],[5.65585,50.46108],[5.65635,50.46117],[5.65669,50.46159],[5.6573,50.46191],[5.65858,50.46213],[5.65884,50.4624],[5.65892,50.4627],[5.65938,50.463],[5.65908,50.46324],[5.65878,50.46335],[5.6575,50.46329],[5.65649,50.46349],[5.65583,50.4638],[5.65497,50.46405],[5.65467,50.46445],[5.65417,50.46449],[5.65377,50.46465],[5.65517,50.4649],[5.65506,50.46504],[5.65289,50.46493],[5.65178,50.46459],[5.6512,50.46453],[5.65042,50.46459],[5.64926,50.46497],[5.6483,50.46519],[5.64876,50.4655],[5.64996,50.46587],[5.65083,50.4664],[5.65267,50.46686],[5.65377,50.46743],[5.6538,50.46774],[5.65229,50.46781],[5.65166,50.46799],[5.65197,50.46831],[5.65257,50.46852],[5.65419,50.46937],[5.65471,50.46982],[5.65479,50.47005],[5.65469,50.47046],[5.65506,50.47079],[5.65475,50.47125],[5.65431,50.47157],[5.65078,50.47195],[5.64953,50.47189],[5.64802,50.47197],[5.64715,50.47187],[5.6462,50.47187],[5.64547,50.47198],[5.64461,50.47225]],[[5.65544,50.46524],[5.65524,50.46518],[5.65562,50.46504],[5.65638,50.4652],[5.65544,50.46524]],[[5.65961,50.46281],[5.65957,50.46268],[5.66005,50.4627],[5.65999,50.46279],[5.65961,50.46281]],[[5.67877,50.46015],[5.67854,50.4599],[5.67876,50.45965],[5.67947,50.45992],[5.67877,50.46015]],[[5.65877,50.45944],[5.65848,50.45932],[5.65834,50.45906],[5.65869,50.45889],[5.65895,50.45897],[5.65903,50.45918],[5.65877,50.45944]],[[5.64919,50.45856],[5.64911,50.45853],[5.64931,50.45853],[5.64919,50.45856]],[[5.66961,50.45001],[5.66921,50.44986],[5.66915,50.44958],[5.66947,50.44951],[5.66972,50.44958],[5.66975,50.44974],[5.66961,50.45001]],[[5.66794,50.44579],[5.66794,50.44547],[5.66832,50.44559],[5.66854,50.44574],[5.66836,50.44584],[5.66794,50.44579]],[[5.67086,50.44418],[5.67079,50.44409],[5.6709,50.44409],[5.67086,50.44418]],[[5.73421,50.42409],[5.73255,50.42471],[5.73237,50.42463],[5.73187,50.42409]]]}},{"type":"Feature","properties":{"ele":240},"geometry":{"type":"MultiLineString","coordinates":[[[5.66086,50.50638],[5.66074,50.50631],[5.66085,50.50618],[5.66097,50.50629],[5.66086,50.50638]],[[5.67267,50.50659],[5.67298,50.50635],[5.6732,50.50593],[5.6739,50.50556],[5.67413,50.50515],[5.67453,50.50481],[5.67495,50.50476],[5.67577,50.50494],[5.67628,50.50497],[5.6765,50.50491],[5.67651,50.50468],[5.67566,50.50408],[5.67546,50.50378],[5.67531,50.50375],[5.67503,50.50377],[5.67459,50.504],[5.67396,50.50416],[5.6726,50.50431],[5.67174,50.50424],[5.67082,50.50475],[5.66922,50.50484],[5.66833,50.50498],[5.6676,50.50494],[5.66631,50.50464],[5.6642,50.50444],[5.66344,50.50414],[5.66291,50.5041],[5.66236,50.50378],[5.66208,50.50335],[5.662,50.50299],[5.66268,50.5024],[5.66255,50.50224],[5.66229,50.50216],[5.66177,50.50223],[5.66043,50.50263],[5.66035,50.50274],[5.66059,50.50301],[5.66043,50.50333],[5.65963,50.50368],[5.65886,50.50375],[5.6584,50.50349],[5.65813,50.50271],[5.65768,50.50242],[5.65777,50.50189],[5.65753,50.50155],[5.65722,50.50182],[5.65721,50.50215],[5.65685,50.50239],[5.65684,50.5027],[5.65669,50.50284],[5.65628,50.50303],[5.65583,50.50305],[5.65505,50.50327],[5.6546,50.50326],[5.65337,50.5027],[5.65235,50.50206],[5.65195,50.50157],[5.65189,50.50133],[5.65194,50.50085],[5.65169,50.50062],[5.65088,50.50032],[5.64999,50.50023],[5.6488,50.4996],[5.64729,50.49963],[5.6458,50.4994],[5.64495,50.4991],[5.64473,50.49883],[5.64461,50.49852]],[[5.71593,50.50659],[5.71418,50.50576],[5.71336,50.50547],[5.71219,50.50539],[5.71128,50.50553],[5.71086,50.50543],[5.70958,50.5054],[5.7091,50.5053],[5.70878,50.50505],[5.7084,50.50526],[5.70736,50.50522],[5.70763,50.50501],[5.70765,50.50489],[5.70669,50.50468],[5.70648,50.50438],[5.70627,50.50425],[5.70546,50.50405],[5.70387,50.50346],[5.70261,50.5032],[5.70211,50.50269],[5.70042,50.50243],[5.69941,50.50209],[5.69932,50.50192],[5.69942,50.50175],[5.70128,50.50021],[5.70181,50.49993],[5.70329,50.49871],[5.70374,50.49842],[5.70421,50.49827],[5.70433,50.49797],[5.70462,50.49771],[5.70459,50.49763],[5.70415,50.49767],[5.69753,50.50132],[5.69667,50.50143],[5.69628,50.50131],[5.69594,50.50104],[5.69578,50.50048],[5.69687,50.50037],[5.6975,50.50019],[5.6976,50.5],[5.69742,50.49909],[5.69708,50.49891],[5.6965,50.49881],[5.69802,50.49858],[5.699,50.49879],[5.69945,50.49906],[5.69963,50.49908],[5.69964,50.49853],[5.69905,50.49799],[5.69787,50.49716],[5.69772,50.49696],[5.69775,50.49683],[5.69812,50.49674],[5.70026,50.49696],[5.7014,50.49692],[5.70297,50.49673],[5.70418,50.49631],[5.70514,50.49575],[5.70505,50.49505],[5.70519,50.4946],[5.70486,50.494],[5.70504,50.49354],[5.705,50.49328],[5.70482,50.49299],[5.70422,50.49268],[5.70392,50.49227],[5.70391,50.4921],[5.70423,50.49164],[5.70417,50.4911],[5.70372,50.49058],[5.70336,50.48992],[5.70306,50.48964],[5.70271,50.48955],[5.70209,50.48963],[5.70142,50.49022],[5.70091,50.49048],[5.70047,50.49057],[5.70004,50.49047],[5.69977,50.49015],[5.69985,50.48817],[5.69948,50.48767],[5.69852,50.48703],[5.69832,50.48644],[5.69837,50.48603],[5.69814,50.48573],[5.69767,50.48542],[5.69682,50.48507],[5.6963,50.48497],[5.69543,50.48496],[5.69498,50.48479],[5.69395,50.48384],[5.69214,50.4824],[5.69169,50.48167],[5.69088,50.48098],[5.69046,50.48075],[5.68959,50.48049],[5.68832,50.47995],[5.68573,50.47978],[5.68469,50.47954],[5.68359,50.47952],[5.68297,50.47935],[5.6817,50.47881],[5.68057,50.47868],[5.67966,50.47881],[5.67911,50.47902],[5.67823,50.47894],[5.67757,50.47898],[5.67736,50.47908],[5.67745,50.47939],[5.67794,50.47964],[5.67825,50.47994],[5.68003,50.48048],[5.68042,50.48074],[5.68055,50.48119],[5.68072,50.48137],[5.68177,50.48168],[5.68386,50.48188],[5.68424,50.48209],[5.68524,50.48307],[5.68545,50.48355],[5.685,50.48356],[5.68422,50.48333],[5.68377,50.48334],[5.68353,50.48356],[5.68338,50.48414],[5.68294,50.48439],[5.68285,50.48491],[5.68246,50.48552],[5.68285,50.48585],[5.68378,50.48604],[5.68344,50.48633],[5.6829,50.48659],[5.68301,50.48689],[5.68288,50.48715],[5.68244,50.48721],[5.68168,50.4871],[5.68094,50.48719],[5.68044,50.48715],[5.68003,50.48672],[5.67951,50.48638],[5.67916,50.48585],[5.6779,50.48507],[5.67755,50.48502],[5.67646,50.48513],[5.67516,50.48513],[5.67447,50.48531],[5.67379,50.48564],[5.67326,50.48601],[5.67272,50.48665],[5.67265,50.48685],[5.67269,50.48717],[5.67253,50.48743],[5.67142,50.48797],[5.67097,50.48855],[5.66964,50.48892],[5.66922,50.48912],[5.66883,50.48918],[5.66871,50.48912],[5.66843,50.48862],[5.66853,50.48835],[5.66882,50.48821],[5.66962,50.48845],[5.66984,50.4883],[5.66989,50.48807],[5.66962,50.48781],[5.66877,50.48758],[5.66821,50.48721],[5.6675,50.48698],[5.6659,50.48687],[5.66553,50.48659],[5.66469,50.48647],[5.66419,50.48628],[5.66383,50.48648],[5.66354,50.48651],[5.6613,50.48607],[5.65969,50.48595],[5.65916,50.48603],[5.65862,50.48625],[5.65846,50.48647],[5.65852,50.48671],[5.65869,50.48691],[5.65914,50.48718],[5.6603,50.48746],[5.66095,50.48797],[5.66229,50.48806],[5.66298,50.48823],[5.66318,50.48862],[5.66301,50.48914],[5.66255,50.48931],[5.66167,50.48939],[5.65833,50.48898],[5.65651,50.48895],[5.65585,50.48868],[5.65552,50.48865],[5.65411,50.48895],[5.65337,50.48927],[5.65292,50.48926],[5.65253,50.48939],[5.65243,50.48904],[5.65214,50.48878],[5.65095,50.48886],[5.65035,50.48875],[5.64932,50.4887],[5.64875,50.4888],[5.64795,50.48919],[5.64687,50.48887],[5.64578,50.48887],[5.64535,50.48904],[5.64499,50.48945],[5.64461,50.48972]],[[5.73698,50.50659],[5.73786,50.50631],[5.73805,50.50604],[5.73755,50.50597],[5.73708,50.50576],[5.73658,50.50574],[5.73547,50.50605],[5.73504,50.50642],[5.73454,50.50641],[5.73421,50.50631],[5.73394,50.50609],[5.73336,50.50538],[5.73261,50.50477],[5.7321,50.50465],[5.73212,50.50436],[5.7314,50.50345],[5.73121,50.50296],[5.73129,50.50251],[5.73138,50.50239],[5.73212,50.50214],[5.73164,50.50188],[5.73085,50.50187],[5.73035,50.50163],[5.73008,50.5005],[5.73017,50.50019],[5.73019,50.49946],[5.73004,50.49881],[5.72962,50.49825],[5.72903,50.498],[5.72855,50.49734],[5.72847,50.49713],[5.72852,50.49686],[5.72834,50.49659],[5.72839,50.49628],[5.72819,50.49578],[5.72751,50.49575],[5.72671,50.49605],[5.7263,50.49638],[5.72608,50.49687],[5.72577,50.49701],[5.72526,50.49697],[5.72447,50.49653],[5.72444,50.49629],[5.72503,50.49576],[5.72581,50.49542],[5.72786,50.49502],[5.72849,50.49519],[5.72886,50.49543],[5.72961,50.49529],[5.72985,50.49501],[5.72987,50.4948],[5.72976,50.49465],[5.72934,50.49438],[5.72922,50.49407],[5.7288,50.4938],[5.72624,50.49327],[5.7253,50.49274],[5.72475,50.49209],[5.72437,50.49201],[5.7238,50.49202],[5.7235,50.49192],[5.72341,50.49181],[5.72346,50.49154],[5.72338,50.4913],[5.72216,50.49139],[5.722,50.49128],[5.72207,50.49072],[5.72228,50.49026],[5.72239,50.49015],[5.72261,50.49008],[5.72424,50.49017],[5.72536,50.49035],[5.72651,50.49026],[5.72796,50.4907],[5.72919,50.49074],[5.73,50.49099],[5.7307,50.49076],[5.7311,50.49047],[5.73001,50.49031],[5.72876,50.48995],[5.72795,50.48937],[5.72667,50.48898],[5.72588,50.48863],[5.7251,50.4885],[5.72345,50.48782],[5.72331,50.48772],[5.72322,50.48741],[5.72291,50.4869],[5.72245,50.48657],[5.72232,50.48598],[5.72243,50.48573],[5.72266,50.48563],[5.72307,50.48558],[5.72375,50.48569],[5.72417,50.4855],[5.7236,50.48492],[5.72463,50.4847],[5.72533,50.48409],[5.72581,50.48387],[5.72623,50.48378],[5.7267,50.48381],[5.72714,50.48412],[5.72753,50.48397],[5.72801,50.48362],[5.7289,50.48343],[5.72989,50.48343],[5.73164,50.48387],[5.73281,50.48399],[5.73336,50.48417],[5.73463,50.48433],[5.73544,50.4844],[5.73635,50.48428],[5.73807,50.48449],[5.73837,50.48456],[5.73916,50.48494],[5.73989,50.48493],[5.73759,50.4838],[5.73698,50.48372],[5.73562,50.48371],[5.73386,50.48348],[5.73307,50.48294],[5.73182,50.48253],[5.73083,50.48246],[5.72955,50.48201],[5.72912,50.48162],[5.72887,50.48153],[5.72839,50.48156],[5.72776,50.48176],[5.72635,50.48171],[5.72578,50.48162],[5.72479,50.48178],[5.72453,50.48176],[5.7242,50.48157],[5.72409,50.48123],[5.72377,50.48076],[5.72375,50.48046],[5.72393,50.48005],[5.72374,50.47963],[5.72419,50.47937],[5.72444,50.4789],[5.72466,50.47871],[5.72526,50.47854],[5.72665,50.47839],[5.7271,50.47821],[5.72823,50.47841],[5.73151,50.47763],[5.73328,50.47778],[5.73489,50.47762],[5.73656,50.47773],[5.73739,50.47767],[5.73767,50.47756],[5.73815,50.47715],[5.73841,50.4764],[5.73834,50.47602],[5.73866,50.47546],[5.73879,50.4749],[5.73844,50.47454],[5.73781,50.4744],[5.73771,50.47401],[5.73711,50.47351],[5.73669,50.47326],[5.73531,50.47286],[5.73347,50.47299],[5.7334,50.47307],[5.73339,50.47341],[5.73322,50.47347],[5.73253,50.47325],[5.73159,50.47269],[5.73041,50.47243],[5.73043,50.47214],[5.73124,50.47214],[5.73162,50.47229],[5.73187,50.47229],[5.73272,50.47188],[5.73234,50.4717],[5.73231,50.47155],[5.73297,50.47138],[5.73864,50.47165],[5.7396,50.47181],[5.73999,50.47201],[5.74021,50.47203],[5.74047,50.47195],[5.7413,50.47133],[5.74173,50.47111],[5.74308,50.47064],[5.74378,50.47048],[5.74448,50.4706],[5.74546,50.47103],[5.74627,50.4716],[5.74666,50.47228],[5.74701,50.47237],[5.74713,50.47231],[5.74753,50.47162],[5.74791,50.47045],[5.74908,50.46962],[5.74967,50.46861],[5.75011,50.46843],[5.75125,50.46859],[5.75147,50.4685],[5.75146,50.46825],[5.75126,50.46799],[5.75024,50.46751],[5.75008,50.46734],[5.75012,50.46713],[5.75062,50.46637],[5.75134,50.46551],[5.75139,50.46512],[5.75135,50.46486],[5.75096,50.46414],[5.75084,50.46337],[5.75056,50.46271],[5.75026,50.46243],[5.75047,50.46186],[5.75011,50.4614],[5.75002,50.46102],[5.74955,50.46102],[5.74916,50.46143],[5.74891,50.46189],[5.74835,50.46242],[5.7483,50.46305],[5.74847,50.46329],[5.74914,50.46384],[5.74932,50.46412],[5.74932,50.46463],[5.74916,50.46513],[5.74879,50.46549],[5.74836,50.46576],[5.74753,50.46667],[5.74691,50.46712],[5.74643,50.46775],[5.74595,50.46785],[5.7457,50.46765],[5.7454,50.46689],[5.74525,50.46595],[5.74529,50.46494],[5.74548,50.46404],[5.74547,50.4638],[5.74532,50.46348],[5.74544,50.46243],[5.74529,50.46206],[5.74464,50.46132],[5.74447,50.46101],[5.74379,50.45964],[5.74351,50.45887],[5.74315,50.45824],[5.74301,50.45758],[5.74307,50.45713],[5.74342,50.4566],[5.74352,50.45623],[5.74348,50.45532],[5.74328,50.45488],[5.7438,50.45414],[5.74381,50.45352],[5.74401,50.45282],[5.744,50.45258],[5.74374,50.45186],[5.74326,50.45103],[5.74217,50.45034],[5.74041,50.44964],[5.74055,50.44943],[5.74102,50.44909],[5.74179,50.44828],[5.7419,50.44793],[5.74218,50.44745],[5.74204,50.44657],[5.74254,50.44649],[5.74336,50.44606],[5.74459,50.44512],[5.74584,50.44464],[5.7467,50.44418],[5.7475,50.44395],[5.74838,50.44382],[5.74884,50.44357],[5.74884,50.44342],[5.74874,50.44326],[5.74745,50.44318],[5.74557,50.44341],[5.74474,50.44364],[5.74419,50.4437],[5.74294,50.44409],[5.7421,50.44411],[5.74147,50.44269],[5.74128,50.44242],[5.74089,50.44211],[5.74029,50.44085],[5.73994,50.44027],[5.73935,50.43959],[5.73873,50.4391],[5.73806,50.43828],[5.73753,50.43687],[5.73701,50.43601],[5.73592,50.43269],[5.73503,50.43169],[5.73492,50.43123],[5.73497,50.43076],[5.73523,50.43008],[5.7351,50.42939],[5.73517,50.42852],[5.7354,50.42821],[5.73629,50.42748],[5.73656,50.42734],[5.73828,50.42668],[5.73968,50.42659],[5.74114,50.42589],[5.74224,50.42592],[5.74303,50.4257],[5.74463,50.4256],[5.74739,50.4251],[5.74916,50.42426],[5.74975,50.42409]],[[5.65961,50.5055],[5.65898,50.50523],[5.65896,50.50514],[5.65922,50.50493],[5.66001,50.50478],[5.66045,50.5052],[5.66068,50.50532],[5.66126,50.50538],[5.66141,50.50547],[5.66042,50.50566],[5.65961,50.5055]],[[5.71794,50.50495],[5.71788,50.50493],[5.71794,50.50495]],[[5.65919,50.5049],[5.65912,50.50456],[5.65922,50.50425],[5.65939,50.50443],[5.65919,50.5049]],[[5.66044,50.50471],[5.66028,50.50462],[5.66045,50.5045],[5.66088,50.50465],[5.66044,50.50471]],[[5.65961,50.5043],[5.65937,50.50411],[5.65958,50.50393],[5.65978,50.50408],[5.65961,50.5043]],[[5.70752,50.5036],[5.70738,50.50354],[5.70754,50.50353],[5.70752,50.5036]],[[5.65127,50.50163],[5.65125,50.50154],[5.65139,50.50158],[5.65127,50.50163]],[[5.70502,50.49751],[5.70477,50.49741],[5.70499,50.49722],[5.70516,50.49739],[5.70502,50.49751]],[[5.70544,50.49718],[5.70514,50.49714],[5.70543,50.49708],[5.70544,50.49718]],[[5.70669,50.49641],[5.70651,50.49629],[5.70675,50.49624],[5.70679,50.49633],[5.70669,50.49641]],[[5.71002,50.49478],[5.70998,50.49421],[5.71004,50.49407],[5.71012,50.49413],[5.71014,50.49459],[5.71002,50.49478]],[[5.73336,50.49113],[5.73285,50.49091],[5.73208,50.49087],[5.73168,50.49076],[5.73164,50.49049],[5.7322,50.49045],[5.73309,50.49074],[5.73348,50.49101],[5.73336,50.49113]],[[5.67252,50.48827],[5.67296,50.48793],[5.67322,50.48801],[5.67338,50.48825],[5.67252,50.48827]],[[5.68211,50.48671],[5.68201,50.48658],[5.68212,50.48647],[5.68225,50.4866],[5.68211,50.48671]],[[5.68086,50.48497],[5.68039,50.48472],[5.68011,50.48423],[5.67971,50.48383],[5.67988,50.48324],[5.68119,50.48308],[5.68166,50.48294],[5.68212,50.48294],[5.68264,50.48325],[5.68305,50.48381],[5.68286,50.48408],[5.68254,50.48427],[5.68182,50.48403],[5.68126,50.48409],[5.681,50.48442],[5.6812,50.48489],[5.68086,50.48497]],[[5.67877,50.48439],[5.67835,50.48406],[5.67864,50.48397],[5.67884,50.484],[5.67892,50.48428],[5.67877,50.48439]],[[5.66669,50.47913],[5.66648,50.47884],[5.66668,50.47867],[5.66705,50.47882],[5.66755,50.4788],[5.66802,50.47909],[5.66792,50.47916],[5.66719,50.47923],[5.66669,50.47913]],[[5.67377,50.47855],[5.67411,50.47837],[5.67448,50.4783],[5.67759,50.47855],[5.67747,50.47866],[5.67713,50.47871],[5.675,50.4786],[5.67422,50.47874],[5.67377,50.47855]],[[5.72294,50.47438],[5.72232,50.47389],[5.72216,50.47366],[5.72214,50.47328],[5.7224,50.47292],[5.72286,50.4728],[5.72364,50.47276],[5.72478,50.47323],[5.72343,50.4743],[5.72294,50.47438]],[[5.72086,50.47385],[5.72077,50.47381],[5.72086,50.47385]],[[5.72986,50.42409],[5.72979,50.42449],[5.7301,50.42493],[5.73031,50.4255],[5.73029,50.42574],[5.72984,50.42624],[5.72902,50.42684],[5.72832,50.42768],[5.72826,50.42831],[5.72933,50.43015],[5.7297,50.4313],[5.73009,50.43213],[5.73115,50.43353],[5.73172,50.43408],[5.73225,50.43488],[5.7324,50.43598],[5.73221,50.4365],[5.73175,50.43698],[5.73133,50.43719],[5.73045,50.4374],[5.72953,50.43745],[5.72793,50.43715],[5.72663,50.43671],[5.72509,50.436],[5.72453,50.43593],[5.7243,50.43602],[5.72426,50.43613],[5.72439,50.4363],[5.72541,50.43705],[5.72744,50.43799],[5.72922,50.43867],[5.73138,50.43902],[5.73167,50.43912],[5.73196,50.43936],[5.73226,50.44001],[5.7325,50.44108],[5.73307,50.44217],[5.73311,50.44255],[5.73289,50.44286],[5.73171,50.44355],[5.73075,50.44384],[5.7311,50.44413],[5.73169,50.44437],[5.73255,50.44443],[5.73297,50.44456],[5.73328,50.44504],[5.73358,50.44524],[5.73377,50.44587],[5.73407,50.44613],[5.73427,50.44614],[5.73462,50.44592],[5.73503,50.44602],[5.73534,50.44715],[5.73547,50.44741],[5.73523,50.44817],[5.73504,50.44843],[5.73335,50.44903],[5.73326,50.44912],[5.73352,50.44934],[5.73418,50.44967],[5.73499,50.45078],[5.73708,50.45191],[5.73834,50.4527],[5.73871,50.45317],[5.73879,50.45358],[5.73867,50.45404],[5.7378,50.45508],[5.73709,50.45644],[5.73678,50.45762],[5.73677,50.45853],[5.73605,50.4597],[5.73567,50.4613],[5.7354,50.46156],[5.73465,50.46161],[5.73379,50.4613],[5.7333,50.46135],[5.73297,50.46097],[5.73173,50.46045],[5.73114,50.45994],[5.7308,50.45939],[5.73046,50.45908],[5.72838,50.45824],[5.72709,50.45793],[5.72631,50.45747],[5.72543,50.45677],[5.72384,50.45591],[5.7226,50.45545],[5.72243,50.45524],[5.72234,50.45491],[5.72247,50.45373],[5.72243,50.45338],[5.72206,50.45274],[5.72171,50.45233],[5.72125,50.45266],[5.72086,50.45326],[5.71955,50.45415],[5.71918,50.45416],[5.71872,50.45405],[5.71667,50.45321],[5.7162,50.45315],[5.71545,50.45321],[5.71543,50.45329],[5.71561,50.45369],[5.71618,50.45439],[5.71619,50.45456],[5.71611,50.45466],[5.71479,50.45502],[5.71322,50.4553],[5.7129,50.45542],[5.71173,50.45613],[5.71031,50.45644],[5.71006,50.45665],[5.71019,50.45723],[5.70974,50.45807],[5.70943,50.45826],[5.70859,50.45841],[5.70828,50.45853],[5.70853,50.45925],[5.70857,50.4596],[5.70839,50.46002],[5.70824,50.46074],[5.70799,50.4613],[5.70798,50.46196],[5.7077,50.46293],[5.70765,50.46366],[5.70773,50.46428],[5.70786,50.46463],[5.70783,50.46501],[5.70795,50.46519],[5.70839,50.46544],[5.70841,50.46554],[5.70835,50.46576],[5.70802,50.46587],[5.70749,50.46591],[5.70737,50.46633],[5.70792,50.46745],[5.70873,50.46881],[5.70902,50.47012],[5.709,50.47048],[5.70833,50.47104],[5.70918,50.47142],[5.70961,50.47215],[5.70951,50.47237],[5.70936,50.47248],[5.70812,50.4729],[5.70709,50.47289],[5.70599,50.47311],[5.70432,50.473],[5.70339,50.47334],[5.70255,50.47335],[5.70151,50.47368],[5.70084,50.47362],[5.69963,50.47335],[5.69828,50.47339],[5.69789,50.47328],[5.69733,50.47297],[5.69717,50.47269],[5.69727,50.47237],[5.698,50.47135],[5.69832,50.47076],[5.69872,50.47044],[5.69917,50.46963],[5.69953,50.46928],[5.69959,50.4689],[5.69952,50.46852],[5.70003,50.46799],[5.69986,50.46758],[5.69997,50.46654],[5.70033,50.46553],[5.70026,50.46526],[5.70002,50.46503],[5.69872,50.46438],[5.69851,50.46411],[5.69832,50.46358],[5.69794,50.46325],[5.69743,50.46339],[5.69681,50.46382],[5.69622,50.46436],[5.69547,50.46466],[5.69198,50.46496],[5.69,50.46484],[5.6888,50.46463],[5.68786,50.46456],[5.6871,50.46437],[5.68585,50.46382],[5.68521,50.46368],[5.68474,50.46368],[5.68377,50.46382],[5.6822,50.4636],[5.68137,50.46324],[5.67995,50.46299],[5.67955,50.46278],[5.67952,50.46264],[5.67987,50.46191],[5.68042,50.46157],[5.68086,50.46077],[5.68083,50.46016],[5.6813,50.46002],[5.68234,50.46014],[5.68336,50.45993],[5.68381,50.45962],[5.68432,50.45866],[5.68432,50.45849],[5.68381,50.45824],[5.68349,50.45822],[5.68332,50.45824],[5.68257,50.45864],[5.68203,50.45877],[5.68156,50.45876],[5.6808,50.45855],[5.68157,50.45776],[5.6815,50.45758],[5.68094,50.45709],[5.68009,50.45676],[5.6796,50.45648],[5.67875,50.4565],[5.67751,50.45632],[5.67677,50.456],[5.67589,50.45594],[5.67543,50.45572],[5.67524,50.45543],[5.6755,50.45474],[5.67532,50.45418],[5.67501,50.45383],[5.67418,50.45328],[5.67394,50.453],[5.67369,50.45248],[5.67322,50.45216],[5.67255,50.45144],[5.67249,50.45116],[5.67251,50.45102],[5.67288,50.45067],[5.67483,50.45045],[5.67534,50.4502],[5.67549,50.44991],[5.67495,50.44972],[5.6738,50.44974],[5.67317,50.44965],[5.67306,50.44912],[5.67219,50.44817],[5.672,50.44765],[5.67167,50.44717],[5.67164,50.44689],[5.67133,50.4461],[5.67095,50.44567],[5.67098,50.44539],[5.67142,50.44459],[5.67164,50.44435],[5.67219,50.44411],[5.6722,50.44384],[5.66979,50.44366],[5.66886,50.4439],[5.66865,50.44381],[5.66876,50.44324],[5.6689,50.44299],[5.66897,50.44248],[5.66913,50.4423],[5.66947,50.44215],[5.66893,50.44171],[5.66888,50.44144],[5.66901,50.44126],[5.66973,50.44079],[5.67005,50.44048],[5.67008,50.44005],[5.67028,50.43942],[5.66991,50.43888],[5.66991,50.43875],[5.67075,50.43797],[5.67215,50.43771],[5.67191,50.43747],[5.6719,50.4373],[5.67229,50.43684],[5.67255,50.43633],[5.67295,50.43604],[5.67303,50.43577],[5.67292,50.43567],[5.6725,50.43557],[5.67178,50.43564],[5.67095,50.43606],[5.6704,50.43609],[5.67025,50.43585],[5.67038,50.43532],[5.67014,50.43491],[5.67007,50.43462],[5.66917,50.43464],[5.669,50.43489],[5.66871,50.4351],[5.66859,50.43532],[5.66851,50.43567],[5.6686,50.43609],[5.66815,50.43659],[5.66812,50.43688],[5.66793,50.43712],[5.66772,50.43772],[5.66745,50.43887],[5.66744,50.43935],[5.6671,50.43964],[5.66638,50.43996],[5.66604,50.43993],[5.66586,50.43965],[5.66564,50.4399],[5.66542,50.43993],[5.66531,50.43953],[5.66491,50.43906],[5.66461,50.43853],[5.66409,50.43828],[5.66378,50.43798],[5.66341,50.4381],[5.66333,50.4383],[5.66357,50.4388],[5.66373,50.43953],[5.66356,50.43975],[5.66307,50.43996],[5.66298,50.44022],[5.66308,50.44048],[5.66359,50.44074],[5.66361,50.44085],[5.66351,50.441],[5.66313,50.44131],[5.66297,50.44163],[5.66208,50.44214],[5.66168,50.44324],[5.66132,50.44359],[5.66084,50.4438],[5.66049,50.44383],[5.65937,50.44366],[5.6587,50.44368],[5.65704,50.44423],[5.65686,50.44443],[5.6568,50.4447],[5.65683,50.4455],[5.65715,50.44603],[5.65705,50.44611],[5.65635,50.44634],[5.65557,50.44641],[5.655,50.44656],[5.65422,50.44657],[5.65339,50.44646],[5.65296,50.44629],[5.65208,50.44613],[5.65071,50.44607],[5.64954,50.44585],[5.64854,50.44554],[5.64739,50.4457],[5.64542,50.44503],[5.64496,50.44518],[5.64478,50.44536],[5.64466,50.4456],[5.64461,50.44611]],[[5.72169,50.47341],[5.72127,50.47299],[5.72127,50.47264],[5.72171,50.47269],[5.72175,50.47296],[5.72199,50.47323],[5.72169,50.47341]],[[5.72669,50.4733],[5.72664,50.47326],[5.72669,50.4732],[5.72674,50.47325],[5.72669,50.4733]],[[5.72461,50.47295],[5.72442,50.47271],[5.72463,50.47261],[5.7248,50.47273],[5.72461,50.47295]],[[5.73919,50.47246],[5.73919,50.47241],[5.73919,50.47246]],[[5.64461,50.47204],[5.64557,50.47174],[5.64818,50.47148],[5.64876,50.47131],[5.64921,50.47131],[5.65057,50.4717],[5.65333,50.47159],[5.65376,50.4713],[5.65402,50.4706],[5.65436,50.47027],[5.65442,50.47012],[5.65433,50.4699],[5.65416,50.46975],[5.65301,50.46901],[5.65207,50.4687],[5.65082,50.46855],[5.65078,50.46821],[5.65033,50.46772],[5.65073,50.46758],[5.65257,50.46744],[5.65251,50.46717],[5.65165,50.467],[5.65003,50.46619],[5.64878,50.46573],[5.64778,50.46523],[5.64764,50.46505],[5.64767,50.4649],[5.64792,50.46477],[5.64828,50.46471],[5.64887,50.46475],[5.65052,50.46425],[5.65128,50.46394],[5.6517,50.46366],[5.65213,50.46355],[5.65196,50.46327],[5.65125,50.46282],[5.65097,50.46244],[5.65072,50.46165],[5.65093,50.46119],[5.65091,50.46101],[5.65077,50.46084],[5.65056,50.4607],[5.64947,50.46036],[5.64781,50.46024],[5.64768,50.4599],[5.64753,50.45978],[5.64709,50.45955],[5.6464,50.45937],[5.64667,50.45927],[5.64771,50.45924],[5.64842,50.45912],[5.64838,50.45881],[5.64812,50.45872],[5.64739,50.4586],[5.64594,50.45859],[5.64562,50.45877],[5.64576,50.45906],[5.64567,50.45916],[5.64521,50.45922],[5.64492,50.45916],[5.64483,50.45906],[5.64494,50.45877],[5.64528,50.45838],[5.64544,50.45768],[5.64562,50.45746],[5.6465,50.45714],[5.64697,50.45683],[5.64795,50.45659],[5.64751,50.45651],[5.64714,50.45625],[5.6469,50.45557],[5.64694,50.45529],[5.64707,50.45509],[5.6476,50.45496],[5.64849,50.45505],[5.64921,50.45522],[5.6496,50.45504],[5.64981,50.45521],[5.65007,50.45525],[5.65077,50.45484],[5.65092,50.45442],[5.65088,50.45398],[5.65016,50.45328],[5.64986,50.45279],[5.64932,50.45227],[5.64928,50.4521],[5.64944,50.45157],[5.6494,50.45133],[5.64919,50.45124],[5.64833,50.45112],[5.64796,50.45048],[5.64702,50.45091],[5.64622,50.45079],[5.64585,50.45048],[5.64552,50.45043],[5.64501,50.45042],[5.64461,50.45061]],[[5.72586,50.47193],[5.7256,50.47154],[5.72462,50.47074],[5.7242,50.47076],[5.72382,50.47118],[5.72368,50.47123],[5.72292,50.47118],[5.72211,50.47133],[5.72132,50.47087],[5.72092,50.47107],[5.72043,50.47105],[5.72024,50.47071],[5.72016,50.47036],[5.72015,50.46943],[5.72,50.46912],[5.72007,50.46879],[5.71977,50.468],[5.71917,50.4669],[5.71926,50.46609],[5.71937,50.46592],[5.71957,50.46574],[5.72031,50.46539],[5.72054,50.46539],[5.72088,50.46566],[5.72153,50.46709],[5.72212,50.46797],[5.72292,50.46886],[5.72371,50.46939],[5.72422,50.46989],[5.72524,50.47036],[5.72541,50.47051],[5.72555,50.47078],[5.72588,50.47102],[5.72656,50.4711],[5.72712,50.47104],[5.72795,50.47131],[5.72715,50.47143],[5.72668,50.47172],[5.72586,50.47193]],[[5.73086,50.47172],[5.73065,50.47156],[5.73099,50.47146],[5.73154,50.47159],[5.73129,50.4717],[5.73086,50.47172]],[[5.73044,50.47143],[5.73037,50.47131],[5.73051,50.47132],[5.73044,50.47143]],[[5.72002,50.46329],[5.72003,50.46323],[5.72002,50.46329]],[[5.64919,50.46004],[5.64907,50.45992],[5.64948,50.45981],[5.65006,50.45993],[5.64963,50.46011],[5.64919,50.46004]],[[5.68044,50.45882],[5.68027,50.45881],[5.68044,50.45882]],[[5.65086,50.45583],[5.65077,50.45574],[5.65087,50.45565],[5.65099,50.45576],[5.65086,50.45583]],[[5.66127,50.45433],[5.66102,50.4541],[5.66103,50.45387],[5.66173,50.4534],[5.66246,50.45317],[5.66286,50.45314],[5.66322,50.45326],[5.66345,50.45351],[5.66333,50.45374],[5.66303,50.4539],[5.66177,50.45431],[5.66127,50.45433]],[[5.66044,50.45304],[5.66032,50.45296],[5.66082,50.45265],[5.66129,50.45258],[5.66156,50.45276],[5.66149,50.45298],[5.66127,50.45312],[5.66044,50.45304]],[[5.64961,50.45107],[5.64968,50.4508],[5.64992,50.45065],[5.65016,50.45064],[5.65052,50.45078],[5.65051,50.45109],[5.65042,50.45126],[5.64961,50.45107]],[[5.67002,50.45118],[5.6699,50.45098],[5.67006,50.45051],[5.67104,50.4505],[5.67092,50.45082],[5.67046,50.45107],[5.67002,50.45118]],[[5.64961,50.45069],[5.64952,50.45048],[5.64974,50.45047],[5.64961,50.45069]],[[5.66794,50.43972],[5.66782,50.43961],[5.66788,50.43937],[5.66795,50.43937],[5.668,50.43956],[5.66794,50.43972]],[[5.73391,50.42409],[5.73302,50.42444],[5.73266,50.4245],[5.73247,50.42445],[5.73208,50.42409]]]}},{"type":"Feature","properties":{"ele":260},"geometry":{"type":"MultiLineString","coordinates":[[[5.68087,50.50659],[5.68107,50.50607],[5.68124,50.50594],[5.68182,50.50581],[5.68318,50.50571],[5.68406,50.50583],[5.68463,50.50574],[5.68552,50.50603],[5.68655,50.50659]],[[5.68784,50.50659],[5.68736,50.50632],[5.68717,50.50601],[5.68611,50.50555],[5.68548,50.50507],[5.68418,50.50465],[5.68229,50.50368],[5.68193,50.50363],[5.68114,50.50376],[5.68026,50.50369],[5.67991,50.50359],[5.67963,50.50325],[5.67937,50.50317],[5.67914,50.50315],[5.67878,50.50329],[5.67838,50.50325],[5.67708,50.50281],[5.67662,50.50245],[5.67618,50.50189],[5.6757,50.50103],[5.67544,50.50082],[5.67511,50.50073],[5.67499,50.50074],[5.67422,50.50214],[5.67406,50.50222],[5.67344,50.50239],[5.67295,50.50243],[5.67156,50.50226],[5.67034,50.50268],[5.66919,50.50277],[5.66832,50.50252],[5.66755,50.50213],[5.66711,50.50178],[5.6667,50.50158],[5.66614,50.5011],[5.66614,50.50096],[5.66646,50.50045],[5.66668,50.50032],[5.66713,50.50021],[5.66702,50.49995],[5.66424,50.49878],[5.66349,50.49871],[5.66319,50.49885],[5.66306,50.49911],[5.66294,50.5002],[5.6625,50.50075],[5.66278,50.50102],[5.66281,50.50126],[5.66258,50.50146],[5.66213,50.50153],[5.66161,50.50135],[5.66133,50.50095],[5.66118,50.50089],[5.66026,50.50079],[5.65877,50.50076],[5.65792,50.50011],[5.65712,50.49932],[5.65632,50.50008],[5.65597,50.50028],[5.65557,50.50036],[5.65505,50.50032],[5.6546,50.5002],[5.65363,50.49966],[5.65272,50.49936],[5.6516,50.49875],[5.6512,50.49871],[5.65031,50.49888],[5.64846,50.4985],[5.64706,50.4984],[5.64654,50.49796],[5.64519,50.49713],[5.64461,50.49692]],[[5.70387,50.50659],[5.70379,50.5063],[5.70335,50.50605],[5.70335,50.50576],[5.70427,50.5052],[5.70298,50.50447],[5.70172,50.50408],[5.70146,50.5039],[5.70118,50.50355],[5.70138,50.50325],[5.70132,50.50298],[5.70031,50.50308],[5.69927,50.50269],[5.69812,50.50244],[5.69802,50.50236],[5.69802,50.5022],[5.69837,50.50188],[5.69834,50.5018],[5.69793,50.50185],[5.69715,50.50216],[5.69667,50.50218],[5.69559,50.50187],[5.69497,50.50135],[5.694,50.501],[5.6883,50.49966],[5.68813,50.49946],[5.68816,50.49935],[5.68944,50.49909],[5.68871,50.49892],[5.68797,50.49864],[5.6871,50.49848],[5.68671,50.49885],[5.68562,50.49895],[5.68544,50.4989],[5.68517,50.49855],[5.68514,50.49831],[5.68538,50.49779],[5.68492,50.49709],[5.6849,50.49671],[5.68502,50.49647],[5.68582,50.49691],[5.6864,50.49691],[5.68864,50.49738],[5.68936,50.49738],[5.69002,50.4976],[5.69034,50.49737],[5.69112,50.49711],[5.69103,50.49683],[5.69047,50.49632],[5.69038,50.49614],[5.69038,50.49597],[5.69058,50.49587],[5.69094,50.49583],[5.6917,50.49592],[5.69246,50.49636],[5.69286,50.49644],[5.69463,50.4965],[5.69504,50.49645],[5.69518,50.49626],[5.69525,50.49598],[5.695,50.49497],[5.69502,50.49464],[5.69512,50.4946],[5.69632,50.49447],[5.69673,50.4949],[5.69667,50.49526],[5.69697,50.49548],[5.69748,50.49555],[5.69818,50.49541],[5.69872,50.49542],[5.69888,50.49548],[5.69906,50.49578],[5.69957,50.49588],[5.69981,50.4958],[5.69989,50.49564],[5.69978,50.4954],[5.69955,50.4952],[5.70031,50.4951],[5.70129,50.49479],[5.70158,50.49463],[5.70171,50.49438],[5.70159,50.49397],[5.70192,50.49328],[5.70192,50.49279],[5.70146,50.49156],[5.7012,50.49134],[5.70091,50.49123],[5.69953,50.4911],[5.69875,50.49076],[5.69849,50.49053],[5.69848,50.49039],[5.69863,50.49021],[5.69932,50.48965],[5.69935,50.48838],[5.69927,50.48819],[5.69882,50.4877],[5.69741,50.48687],[5.69752,50.48631],[5.69778,50.48598],[5.6977,50.4857],[5.69743,50.4855],[5.69702,50.48536],[5.6955,50.48516],[5.69485,50.48495],[5.69294,50.48322],[5.69197,50.48247],[5.6916,50.48187],[5.69085,50.48126],[5.69046,50.48102],[5.68873,50.48039],[5.68682,50.48],[5.68557,50.47989],[5.68469,50.47973],[5.68371,50.47972],[5.68297,50.47954],[5.6817,50.47909],[5.68123,50.47932],[5.68129,50.47966],[5.68127,50.48067],[5.68117,50.481],[5.68121,50.4811],[5.68174,50.48135],[5.68328,50.48142],[5.68385,50.48152],[5.68469,50.48142],[5.68508,50.4815],[5.68547,50.48185],[5.68636,50.48242],[5.68669,50.48271],[5.68685,50.48299],[5.68719,50.48324],[5.68751,50.4844],[5.6875,50.48518],[5.68668,50.48574],[5.686,50.48657],[5.68582,50.48661],[5.68566,50.48633],[5.68545,50.48628],[5.68421,50.4866],[5.68401,50.48689],[5.68394,50.48741],[5.68332,50.48786],[5.68209,50.48793],[5.68057,50.48843],[5.67828,50.48805],[5.67719,50.48795],[5.67676,50.48799],[5.67621,50.48824],[5.67591,50.48916],[5.67549,50.48936],[5.67466,50.4894],[5.67338,50.48929],[5.67252,50.48942],[5.6721,50.48936],[5.67152,50.48959],[5.66932,50.49006],[5.66844,50.49043],[5.6671,50.48977],[5.66593,50.48958],[5.66543,50.48964],[5.66453,50.49018],[5.66229,50.49018],[5.66151,50.49007],[5.66086,50.48986],[5.66002,50.48995],[5.65928,50.48983],[5.65878,50.48942],[5.65852,50.48935],[5.65635,50.48931],[5.65547,50.48922],[5.65488,50.48935],[5.6549,50.48967],[5.65462,50.48996],[5.65293,50.49047],[5.65253,50.49108],[5.65211,50.49098],[5.65159,50.49049],[5.65216,50.49021],[5.65167,50.49006],[5.65015,50.49023],[5.64937,50.49041],[5.6476,50.49026],[5.64641,50.49041],[5.64573,50.4907],[5.64461,50.49068]],[[5.7056,50.50659],[5.70569,50.5063],[5.70587,50.50608],[5.70631,50.50598],[5.70925,50.50659]],[[5.7409,50.50659],[5.74,50.50633],[5.73985,50.50582],[5.73968,50.50566],[5.73836,50.50548],[5.73749,50.50522],[5.73656,50.50482],[5.73615,50.50482],[5.7354,50.50517],[5.73524,50.50553],[5.73501,50.50578],[5.73465,50.50568],[5.73416,50.50521],[5.73373,50.50495],[5.73357,50.50467],[5.73357,50.50428],[5.73322,50.50376],[5.73315,50.50329],[5.73344,50.50314],[5.73427,50.50311],[5.73503,50.50283],[5.73516,50.50206],[5.73512,50.5018],[5.735,50.50162],[5.73477,50.5015],[5.7339,50.50131],[5.73339,50.50103],[5.73295,50.50109],[5.73219,50.50095],[5.73176,50.50072],[5.73146,50.50022],[5.73154,50.49942],[5.73144,50.49912],[5.73084,50.49828],[5.73034,50.49801],[5.73003,50.49766],[5.73,50.49741],[5.73016,50.49716],[5.73025,50.49675],[5.73097,50.49607],[5.73108,50.49588],[5.73105,50.49571],[5.73078,50.49529],[5.73085,50.49493],[5.73175,50.49441],[5.73175,50.4941],[5.73086,50.4938],[5.72995,50.49396],[5.72916,50.49354],[5.72701,50.49303],[5.72642,50.49261],[5.72586,50.49242],[5.72582,50.49215],[5.72594,50.4919],[5.72626,50.49174],[5.72709,50.49151],[5.7279,50.49145],[5.72837,50.49117],[5.7287,50.49114],[5.72915,50.4912],[5.72962,50.49142],[5.72995,50.49147],[5.7309,50.49123],[5.73169,50.49132],[5.73256,50.4913],[5.73336,50.49159],[5.73466,50.49228],[5.73687,50.49219],[5.73734,50.49226],[5.73803,50.49251],[5.73969,50.49241],[5.73885,50.49204],[5.7375,50.49173],[5.73706,50.49176],[5.7366,50.49202],[5.73539,50.49202],[5.73512,50.49181],[5.73468,50.49123],[5.7337,50.49055],[5.73215,50.49014],[5.72961,50.48992],[5.72902,50.48966],[5.72842,50.48922],[5.72731,50.48874],[5.72639,50.48822],[5.72578,50.48813],[5.72383,50.48733],[5.72349,50.48707],[5.72322,50.4866],[5.72341,50.48647],[5.72447,50.48626],[5.72483,50.48607],[5.72535,50.48466],[5.72576,50.4843],[5.72633,50.48432],[5.72712,50.48481],[5.72755,50.48488],[5.72837,50.48468],[5.72899,50.48409],[5.72989,50.48384],[5.73323,50.48461],[5.73419,50.4846],[5.73578,50.4848],[5.7367,50.48464],[5.7375,50.48478],[5.73937,50.48531],[5.7417,50.48541],[5.74208,50.4855],[5.74326,50.48615],[5.74378,50.48634],[5.74344,50.48575],[5.74293,50.48523],[5.74182,50.48466],[5.73911,50.48399],[5.73802,50.48344],[5.7376,50.48331],[5.73542,50.48336],[5.73449,50.48327],[5.73441,50.48293],[5.73421,50.4827],[5.73295,50.48235],[5.73201,50.48195],[5.73125,50.48178],[5.73086,50.48159],[5.73043,50.48165],[5.73008,50.48131],[5.72923,50.48102],[5.72881,50.48107],[5.72801,50.48137],[5.72752,50.48132],[5.72759,50.48099],[5.72715,50.48045],[5.72705,50.48019],[5.7276,50.48002],[5.73021,50.47878],[5.73172,50.47859],[5.73344,50.47863],[5.73667,50.47892],[5.7375,50.47888],[5.73832,50.4791],[5.73878,50.47948],[5.73918,50.47967],[5.73933,50.47964],[5.73955,50.47939],[5.7396,50.47907],[5.74004,50.478],[5.74035,50.47748],[5.74036,50.47712],[5.74084,50.47651],[5.74107,50.47579],[5.74135,50.47551],[5.74151,50.47496],[5.74183,50.47459],[5.74197,50.47418],[5.74198,50.47379],[5.74246,50.47342],[5.74243,50.47307],[5.7422,50.4728],[5.74202,50.47275],[5.74136,50.4728],[5.74113,50.47271],[5.74123,50.47187],[5.74187,50.47144],[5.74285,50.47101],[5.74364,50.47082],[5.74433,50.47095],[5.74554,50.47161],[5.7458,50.47195],[5.74601,50.47265],[5.7463,50.47297],[5.74741,50.47327],[5.74781,50.4733],[5.7483,50.47315],[5.74855,50.47292],[5.74852,50.47265],[5.74812,50.47213],[5.74805,50.47182],[5.74807,50.47151],[5.74836,50.47076],[5.74861,50.47046],[5.74926,50.46997],[5.74975,50.46948],[5.75001,50.46902],[5.75037,50.46882],[5.75092,50.46899],[5.75166,50.46966],[5.75313,50.47043],[5.75361,50.47079],[5.7538,50.47104],[5.7538,50.47072],[5.75326,50.46961],[5.75269,50.46907],[5.75213,50.46825],[5.75106,50.46745],[5.75084,50.46716],[5.75093,50.46678],[5.75115,50.46638],[5.75191,50.46576],[5.75205,50.46543],[5.75192,50.46477],[5.75155,50.464],[5.75155,50.46324],[5.75128,50.4624],[5.7511,50.46116],[5.75092,50.46094],[5.74954,50.46071],[5.74867,50.46127],[5.74845,50.46169],[5.74788,50.46242],[5.74772,50.46293],[5.7478,50.46307],[5.74837,50.46354],[5.74878,50.46409],[5.74882,50.46444],[5.74861,50.46511],[5.74658,50.4668],[5.74628,50.46717],[5.74596,50.46682],[5.74586,50.46655],[5.74581,50.46567],[5.74586,50.46492],[5.74611,50.46411],[5.74584,50.46352],[5.74618,50.46237],[5.74604,50.4621],[5.74538,50.4613],[5.74437,50.45956],[5.74412,50.45897],[5.74394,50.4581],[5.74394,50.45737],[5.74417,50.45644],[5.74416,50.45595],[5.74401,50.4555],[5.74422,50.45518],[5.74432,50.45435],[5.74456,50.45369],[5.74463,50.45264],[5.7445,50.45213],[5.74378,50.45076],[5.74259,50.44992],[5.74235,50.44962],[5.74225,50.44935],[5.7426,50.44854],[5.74284,50.44769],[5.74326,50.44713],[5.74338,50.44661],[5.74465,50.44554],[5.74584,50.44502],[5.74661,50.44455],[5.74713,50.44438],[5.74786,50.44421],[5.74915,50.44409],[5.75145,50.44359],[5.75217,50.44328],[5.75248,50.44306],[5.75283,50.44246],[5.75252,50.44238],[5.75208,50.44269],[5.75156,50.44282],[5.75087,50.4427],[5.75001,50.44272],[5.74951,50.44241],[5.74901,50.44228],[5.74739,50.44227],[5.74614,50.44255],[5.74462,50.44312],[5.74356,50.44328],[5.74302,50.44347],[5.74281,50.44346],[5.7425,50.44332],[5.74227,50.44282],[5.74228,50.44241],[5.74218,50.44212],[5.74185,50.44162],[5.74147,50.44126],[5.74088,50.4399],[5.74041,50.43939],[5.73974,50.43906],[5.73963,50.4388],[5.7378,50.4364],[5.73708,50.43437],[5.73686,50.43338],[5.73663,50.43274],[5.73642,50.43239],[5.73578,50.43167],[5.73566,50.43133],[5.73574,50.43095],[5.7362,50.42994],[5.73604,50.42855],[5.73671,50.42828],[5.73708,50.42796],[5.73759,50.42786],[5.73943,50.42704],[5.74044,50.42687],[5.74075,50.42656],[5.74095,50.42649],[5.7414,50.42647],[5.74258,50.42666],[5.74308,50.42652],[5.7441,50.42644],[5.74588,50.42588],[5.7475,50.42575],[5.74937,50.42467],[5.75047,50.42441],[5.7511,50.42409]],[[5.73211,50.50306],[5.73206,50.50296],[5.73239,50.50285],[5.7326,50.50287],[5.73271,50.50297],[5.73252,50.50311],[5.73211,50.50306]],[[5.73127,50.50133],[5.73111,50.50105],[5.73141,50.50095],[5.73172,50.50098],[5.73214,50.50131],[5.73177,50.50139],[5.73127,50.50133]],[[5.68752,50.49948],[5.68745,50.49937],[5.6875,50.49927],[5.6878,50.49936],[5.68752,50.49948]],[[5.69002,50.49911],[5.68992,50.49909],[5.69002,50.49911]],[[5.79461,50.49697],[5.79417,50.49659],[5.79443,50.49616],[5.79448,50.49585],[5.79442,50.4956],[5.79431,50.49546],[5.79379,50.4952],[5.79312,50.49502],[5.79245,50.49497],[5.79084,50.4952],[5.79002,50.49557],[5.78927,50.49548],[5.7891,50.49522],[5.78933,50.49499],[5.78931,50.49487],[5.78848,50.49463],[5.78749,50.49415],[5.78636,50.49343],[5.78583,50.49325],[5.78599,50.49312],[5.78655,50.49296],[5.78671,50.49257],[5.78708,50.49249],[5.78758,50.49268],[5.78744,50.49294],[5.78747,50.49302],[5.78791,50.49312],[5.78846,50.49347],[5.78952,50.49372],[5.79011,50.49395],[5.79078,50.49398],[5.79126,50.4938],[5.79164,50.49377],[5.79219,50.49395],[5.79312,50.49385],[5.79411,50.49401],[5.79461,50.49383]],[[5.72669,50.49112],[5.72653,50.49101],[5.72674,50.49084],[5.72734,50.49103],[5.72669,50.49112]],[[5.72461,50.49081],[5.72444,50.49076],[5.72479,50.49076],[5.72461,50.49081]],[[5.72294,50.48635],[5.72295,50.48626],[5.72294,50.48635]],[[5.68377,50.48544],[5.6836,50.48518],[5.68377,50.4849],[5.68437,50.48474],[5.68489,50.48473],[5.68505,50.48481],[5.68505,50.48495],[5.68377,50.48544]],[[5.68461,50.48441],[5.68452,50.48437],[5.68464,50.48435],[5.68461,50.48441]],[[5.72932,50.42409],[5.72869,50.42459],[5.72867,50.42484],[5.72874,50.42495],[5.72964,50.42516],[5.72985,50.42546],[5.72983,50.4257],[5.72783,50.42738],[5.72764,50.42762],[5.7276,50.42782],[5.72776,50.42838],[5.72806,50.42901],[5.72899,50.43032],[5.72919,50.43077],[5.72938,50.43154],[5.72966,50.43213],[5.73069,50.43354],[5.73132,50.43409],[5.73179,50.43486],[5.73192,50.43602],[5.73178,50.4364],[5.73142,50.43671],[5.73052,50.43715],[5.73005,50.4372],[5.72956,50.43716],[5.72724,50.43654],[5.72467,50.43535],[5.7237,50.43509],[5.72335,50.43517],[5.72271,50.43576],[5.72151,50.43628],[5.72122,50.43649],[5.72083,50.43656],[5.71979,50.4365],[5.71962,50.43653],[5.7196,50.4366],[5.72031,50.43676],[5.72094,50.43665],[5.72182,50.43677],[5.72302,50.43661],[5.72406,50.43664],[5.72634,50.43791],[5.72867,50.43887],[5.72953,50.43913],[5.73118,50.43932],[5.73167,50.43967],[5.73192,50.44032],[5.73209,50.44133],[5.73257,50.44211],[5.73252,50.4424],[5.73218,50.44276],[5.73081,50.44344],[5.72988,50.44377],[5.72982,50.4439],[5.72997,50.4441],[5.73044,50.44437],[5.73095,50.44486],[5.73127,50.44494],[5.73228,50.44492],[5.73244,50.44532],[5.73309,50.44629],[5.73465,50.44683],[5.73488,50.44751],[5.73492,50.44786],[5.73486,50.44803],[5.73463,50.44827],[5.73298,50.44855],[5.73199,50.44883],[5.73254,50.44935],[5.73257,50.44967],[5.73275,50.4499],[5.73381,50.45017],[5.73419,50.45048],[5.73457,50.45108],[5.73674,50.45211],[5.73748,50.45254],[5.73807,50.45296],[5.73838,50.45349],[5.73822,50.45411],[5.7374,50.45486],[5.73673,50.45612],[5.73634,50.45776],[5.73642,50.45838],[5.73637,50.4586],[5.73571,50.45937],[5.73547,50.45999],[5.73518,50.46023],[5.73502,50.46053],[5.73467,50.4602],[5.73437,50.46015],[5.73415,50.46015],[5.73382,50.46036],[5.73359,50.46034],[5.73256,50.45991],[5.73139,50.45905],[5.72891,50.4579],[5.72836,50.4577],[5.7276,50.45762],[5.72709,50.45743],[5.72577,50.45658],[5.72298,50.45517],[5.72288,50.45467],[5.72301,50.45362],[5.72296,50.45298],[5.7225,50.45245],[5.7222,50.45178],[5.72175,50.45144],[5.72157,50.45147],[5.72132,50.45169],[5.72043,50.45297],[5.71999,50.45322],[5.71964,50.45357],[5.71917,50.45372],[5.7188,50.45372],[5.71841,50.45361],[5.71714,50.45297],[5.7163,50.45268],[5.71452,50.45241],[5.7144,50.45258],[5.71443,50.45279],[5.71549,50.45435],[5.7153,50.45458],[5.71427,50.45488],[5.71293,50.45492],[5.71218,50.45552],[5.71163,50.45582],[5.71114,50.45596],[5.71004,50.45604],[5.7096,50.45659],[5.7097,50.45713],[5.70962,50.45743],[5.70923,50.45786],[5.70881,50.45801],[5.70766,50.45802],[5.70746,50.45816],[5.70745,50.4583],[5.70801,50.45918],[5.70807,50.45962],[5.70787,50.46002],[5.7077,50.4607],[5.70736,50.46126],[5.70711,50.46223],[5.70672,50.4628],[5.70627,50.46267],[5.70611,50.46345],[5.70628,50.46409],[5.70626,50.46438],[5.70641,50.46474],[5.70667,50.46636],[5.70679,50.46662],[5.70726,50.46715],[5.70772,50.46789],[5.70791,50.46852],[5.70809,50.46998],[5.70801,50.47023],[5.70758,50.47074],[5.70756,50.47109],[5.70713,50.47145],[5.7066,50.4716],[5.70715,50.47187],[5.7059,50.47227],[5.70526,50.47256],[5.70448,50.47263],[5.70328,50.47286],[5.70047,50.4725],[5.69961,50.47278],[5.69901,50.47286],[5.69833,50.47281],[5.69808,50.47255],[5.69802,50.4723],[5.69806,50.4721],[5.69872,50.47134],[5.69891,50.47078],[5.70015,50.46966],[5.70037,50.46903],[5.70084,50.46875],[5.70099,50.46848],[5.70094,50.46821],[5.7005,50.46763],[5.70041,50.46718],[5.70057,50.46668],[5.70103,50.46574],[5.70104,50.46523],[5.70076,50.46492],[5.69915,50.46412],[5.69866,50.46324],[5.6987,50.46293],[5.6992,50.46216],[5.69936,50.46164],[5.6996,50.4613],[5.69957,50.46089],[5.69914,50.46092],[5.6988,50.46134],[5.69836,50.46159],[5.69772,50.46267],[5.69739,50.46296],[5.69638,50.46355],[5.69588,50.46366],[5.69448,50.46362],[5.69255,50.46339],[5.6914,50.46318],[5.69085,50.46326],[5.69045,50.46355],[5.68966,50.46358],[5.68734,50.4632],[5.6846,50.46326],[5.68338,50.46298],[5.68113,50.46269],[5.68039,50.46248],[5.6804,50.46215],[5.68058,50.46194],[5.68182,50.46106],[5.68175,50.46076],[5.68144,50.46046],[5.68172,50.46038],[5.68327,50.46029],[5.68399,50.45996],[5.68441,50.45956],[5.68483,50.45848],[5.68483,50.45824],[5.6846,50.45799],[5.68411,50.45779],[5.68295,50.4577],[5.68281,50.45744],[5.6828,50.45713],[5.68253,50.45686],[5.68182,50.45669],[5.6812,50.45669],[5.68076,50.45657],[5.68048,50.45629],[5.68036,50.45605],[5.68083,50.45571],[5.68092,50.45548],[5.68086,50.4552],[5.67956,50.45524],[5.67797,50.45507],[5.67734,50.4549],[5.67609,50.45366],[5.6758,50.45298],[5.6759,50.45268],[5.67573,50.45237],[5.67548,50.45214],[5.67462,50.45184],[5.67419,50.45159],[5.67398,50.45113],[5.67401,50.45102],[5.67546,50.45077],[5.67638,50.4502],[5.67651,50.44992],[5.67592,50.44951],[5.67458,50.44928],[5.67419,50.44912],[5.67378,50.44881],[5.6729,50.44777],[5.67272,50.44744],[5.67227,50.44571],[5.67238,50.44519],[5.67252,50.44491],[5.67328,50.44432],[5.67429,50.44411],[5.67465,50.44383],[5.67505,50.44367],[5.67562,50.44327],[5.67555,50.443],[5.67374,50.44298],[5.6726,50.44343],[5.67213,50.4435],[5.67177,50.44345],[5.67142,50.44329],[5.67127,50.44299],[5.67092,50.44271],[5.67043,50.4426],[5.67018,50.44245],[5.67139,50.44214],[5.6709,50.44186],[5.66955,50.44162],[5.66942,50.4414],[5.66948,50.44124],[5.67018,50.44077],[5.67045,50.44049],[5.6704,50.44017],[5.67071,50.43942],[5.67064,50.43907],[5.67083,50.43879],[5.67126,50.43851],[5.67174,50.43855],[5.67289,50.43824],[5.67426,50.43799],[5.67435,50.43776],[5.67427,50.43764],[5.67378,50.43742],[5.67328,50.43733],[5.67293,50.43714],[5.67335,50.43687],[5.67387,50.43635],[5.6745,50.43604],[5.67568,50.43603],[5.67554,50.43571],[5.67598,50.43517],[5.67603,50.43477],[5.67597,50.43464],[5.67467,50.43408],[5.67381,50.43394],[5.67312,50.43371],[5.67178,50.43344],[5.67155,50.43331],[5.67131,50.43297],[5.67088,50.43278],[5.67034,50.43273],[5.66998,50.43247],[5.66937,50.43259],[5.66833,50.43295],[5.66634,50.43298],[5.66557,50.43308],[5.66513,50.4333],[5.66487,50.43383],[5.66485,50.43414],[5.66506,50.43462],[5.66507,50.43486],[5.66495,50.4352],[5.66498,50.43574],[5.6647,50.43607],[5.66379,50.43643],[5.66198,50.43669],[5.66153,50.43664],[5.65974,50.43614],[5.65961,50.43616],[5.6596,50.43633],[5.66041,50.43689],[5.6613,50.43724],[5.6617,50.4377],[5.66145,50.43825],[5.66081,50.43842],[5.66074,50.43853],[5.66079,50.43865],[5.66095,50.4387],[5.66118,50.43864],[5.66178,50.43832],[5.66253,50.43826],[5.66286,50.43859],[5.66306,50.43928],[5.66295,50.43943],[5.66234,50.43946],[5.66149,50.43965],[5.66087,50.43999],[5.66054,50.44027],[5.65934,50.44084],[5.65837,50.44111],[5.65661,50.4414],[5.655,50.44143],[5.65255,50.44164],[5.65181,50.44156],[5.65127,50.44128],[5.65064,50.44159],[5.65011,50.44166],[5.64979,50.4416],[5.64952,50.44138],[5.6489,50.44126],[5.64802,50.44122],[5.64646,50.44094],[5.64461,50.44089]],[[5.70794,50.47218],[5.70781,50.47211],[5.70795,50.47186],[5.70814,50.47211],[5.70794,50.47218]],[[5.64461,50.47154],[5.64498,50.47131],[5.64542,50.47124],[5.64656,50.47129],[5.64911,50.47108],[5.65031,50.47122],[5.65124,50.47122],[5.65165,50.47102],[5.65256,50.4708],[5.65307,50.47049],[5.65312,50.47039],[5.65292,50.46995],[5.65165,50.46911],[5.65086,50.46881],[5.64951,50.46849],[5.64893,50.46827],[5.64848,50.46798],[5.64821,50.46742],[5.64954,50.46711],[5.64973,50.46686],[5.64936,50.4666],[5.64852,50.46627],[5.64802,50.46616],[5.64753,50.46624],[5.64703,50.46644],[5.64587,50.46603],[5.64461,50.46574]],[[5.64669,50.4674],[5.64648,50.46719],[5.64641,50.46699],[5.64647,50.46684],[5.64667,50.46674],[5.64696,50.46688],[5.64713,50.46715],[5.64705,50.46734],[5.64669,50.4674]],[[5.64627,50.46108],[5.64626,50.46101],[5.64643,50.46103],[5.64627,50.46108]],[[5.64627,50.46056],[5.64621,50.46045],[5.64637,50.4604],[5.64713,50.46048],[5.64672,50.46065],[5.64627,50.46056]],[[5.69919,50.46033],[5.69925,50.46001],[5.69955,50.45976],[5.70001,50.45993],[5.70012,50.46015],[5.70008,50.46035],[5.69993,50.46044],[5.69919,50.46033]],[[5.68627,50.458],[5.68613,50.45779],[5.68622,50.45763],[5.68669,50.45756],[5.68709,50.45736],[5.68731,50.45758],[5.68728,50.45772],[5.68667,50.45779],[5.68627,50.458]],[[5.66211,50.44081],[5.66121,50.4402],[5.66132,50.43995],[5.66162,50.43973],[5.66193,50.43968],[5.66221,50.43979],[5.6624,50.44012],[5.66227,50.44049],[5.66268,50.44075],[5.66252,50.44083],[5.66211,50.44081]],[[5.67669,50.43904],[5.67642,50.43889],[5.6764,50.43878],[5.67677,50.43867],[5.67716,50.4388],[5.67708,50.43898],[5.67669,50.43904]],[[5.67086,50.43231],[5.67072,50.43212],[5.67098,50.43214],[5.67086,50.43231]],[[5.73313,50.42409],[5.73249,50.42409]]]}},{"type":"Feature","properties":{"ele":270},"geometry":{"type":"MultiLineString","coordinates":[[[5.68889,50.50659],[5.68793,50.50582],[5.68709,50.50549],[5.68668,50.50521],[5.68635,50.50479],[5.68587,50.50465],[5.68535,50.50463],[5.68484,50.50438],[5.68464,50.50408],[5.68417,50.50375],[5.68219,50.50311],[5.68119,50.50302],[5.67965,50.50241],[5.67832,50.50227],[5.67762,50.50179],[5.67639,50.50045],[5.6754,50.50022],[5.67464,50.49992],[5.67446,50.49995],[5.67431,50.50019],[5.67424,50.50146],[5.67417,50.50157],[5.67388,50.50171],[5.67366,50.50171],[5.67335,50.50158],[5.67276,50.50171],[5.67156,50.50164],[5.66984,50.50175],[5.66859,50.50143],[5.66809,50.50121],[5.66784,50.501],[5.66777,50.50048],[5.66862,50.49973],[5.66872,50.49949],[5.66861,50.49933],[5.66828,50.49926],[5.66736,50.49937],[5.66665,50.49892],[5.66578,50.49883],[5.66494,50.49837],[5.66378,50.49818],[5.66336,50.49784],[5.66299,50.49765],[5.66254,50.49773],[5.66196,50.49907],[5.6614,50.49979],[5.66119,50.49989],[5.66084,50.49991],[5.66041,50.5001],[5.66,50.50013],[5.65913,50.49995],[5.65861,50.49964],[5.65835,50.49938],[5.65824,50.49869],[5.65793,50.49823],[5.65746,50.49821],[5.65643,50.49881],[5.65586,50.49956],[5.6551,50.49964],[5.65415,50.49922],[5.65292,50.49882],[5.65181,50.49824],[5.65042,50.49837],[5.64758,50.49791],[5.64692,50.49742],[5.64461,50.49644]],[[5.70294,50.50659],[5.70285,50.50626],[5.70288,50.506],[5.70359,50.50521],[5.70342,50.50495],[5.70224,50.50443],[5.70083,50.5041],[5.7004,50.50354],[5.69956,50.50313],[5.69844,50.50277],[5.69755,50.50277],[5.69699,50.50291],[5.69502,50.50382],[5.69646,50.50249],[5.69646,50.50238],[5.69503,50.50187],[5.69457,50.50157],[5.69227,50.50075],[5.69125,50.50066],[5.69015,50.50037],[5.68883,50.50027],[5.68827,50.50003],[5.68749,50.49985],[5.68678,50.49935],[5.68627,50.49931],[5.68552,50.49949],[5.68497,50.49945],[5.68328,50.49884],[5.68291,50.49849],[5.68282,50.49824],[5.68292,50.49798],[5.68411,50.49784],[5.68439,50.49774],[5.68441,50.49764],[5.68419,50.49743],[5.68331,50.49686],[5.68315,50.49661],[5.68309,50.49627],[5.68292,50.49605],[5.68162,50.49522],[5.68166,50.49515],[5.68252,50.49507],[5.68299,50.49529],[5.68411,50.49554],[5.68544,50.49617],[5.68624,50.49636],[5.68719,50.49673],[5.68828,50.49686],[5.68927,50.4968],[5.68973,50.49664],[5.68981,50.4965],[5.68972,50.49627],[5.68918,50.49576],[5.6894,50.49539],[5.68942,50.4952],[5.68835,50.49435],[5.68939,50.49465],[5.69009,50.49514],[5.69125,50.49566],[5.69172,50.49568],[5.69253,50.49537],[5.6927,50.49546],[5.69262,50.4957],[5.69268,50.49579],[5.69364,50.4959],[5.6943,50.49577],[5.69436,50.49515],[5.69476,50.4944],[5.69506,50.49421],[5.69581,50.4942],[5.69628,50.49399],[5.69667,50.49403],[5.69723,50.49433],[5.69846,50.49455],[5.69853,50.49465],[5.69817,50.49483],[5.69811,50.49494],[5.69826,50.49508],[5.69849,50.49513],[5.70086,50.49466],[5.70128,50.49437],[5.70088,50.49419],[5.70026,50.49419],[5.69988,50.4941],[5.70055,50.4938],[5.70057,50.49338],[5.70076,50.49276],[5.70078,50.49227],[5.70074,50.49199],[5.70059,50.49175],[5.70044,50.49159],[5.69958,50.49138],[5.69795,50.4907],[5.69792,50.49047],[5.69815,50.4902],[5.69907,50.48959],[5.69912,50.48862],[5.69898,50.48821],[5.69848,50.48767],[5.69799,50.48736],[5.69686,50.48684],[5.6969,50.48635],[5.69748,50.48591],[5.69755,50.48574],[5.69706,50.48548],[5.69562,50.48531],[5.69463,50.48492],[5.69378,50.48408],[5.69181,50.48246],[5.69128,50.48173],[5.69002,50.48104],[5.68844,50.48056],[5.6876,50.48059],[5.6871,50.48049],[5.68707,50.48027],[5.68691,50.48018],[5.68583,50.48012],[5.68474,50.47984],[5.68349,50.47983],[5.68216,50.47949],[5.68206,50.47953],[5.68187,50.47987],[5.68167,50.48052],[5.68189,50.48074],[5.6822,50.48089],[5.68284,50.48107],[5.68368,50.48104],[5.68415,50.48132],[5.68489,50.48122],[5.68542,50.48133],[5.68714,50.48257],[5.68779,50.48324],[5.68835,50.48411],[5.68848,50.48508],[5.68835,50.48547],[5.68678,50.48689],[5.68625,50.48698],[5.68526,50.48667],[5.68474,50.48672],[5.68447,50.48683],[5.68455,50.48701],[5.68511,50.48712],[5.68544,50.48742],[5.68497,50.48769],[5.68458,50.48773],[5.68418,50.48766],[5.68336,50.48808],[5.68214,50.48812],[5.68077,50.48865],[5.67864,50.48862],[5.67714,50.48919],[5.67674,50.48967],[5.67656,50.48972],[5.67146,50.49],[5.67086,50.49022],[5.66969,50.49033],[5.66916,50.49063],[5.66876,50.49129],[5.66847,50.49134],[5.6683,50.49131],[5.66749,50.4905],[5.66677,50.49036],[5.66549,50.49034],[5.66466,50.4908],[5.66416,50.49065],[5.66334,50.49082],[5.66293,50.49069],[5.66052,50.49044],[5.65921,50.49052],[5.65751,50.49021],[5.65641,50.49011],[5.65577,50.48985],[5.65539,50.4899],[5.65462,50.49049],[5.65377,50.49076],[5.65337,50.49111],[5.65317,50.49157],[5.65294,50.49187],[5.65246,50.49168],[5.65128,50.49103],[5.65088,50.49095],[5.65005,50.49105],[5.64786,50.49107],[5.6462,50.49139],[5.64461,50.49127]],[[5.70589,50.50659],[5.70611,50.50627],[5.70641,50.50619],[5.70684,50.50626],[5.70779,50.50659]],[[5.74122,50.50659],[5.7403,50.5063],[5.7402,50.50602],[5.74025,50.50557],[5.74015,50.50545],[5.73871,50.50535],[5.73717,50.50483],[5.73587,50.50419],[5.73537,50.50405],[5.73522,50.5038],[5.73562,50.50296],[5.73571,50.5022],[5.73593,50.50188],[5.73652,50.50156],[5.73663,50.5014],[5.73659,50.50126],[5.73628,50.50103],[5.73557,50.50121],[5.73531,50.5012],[5.73499,50.50105],[5.73463,50.50074],[5.73379,50.50047],[5.73271,50.5004],[5.7321,50.50021],[5.73195,50.49977],[5.7322,50.49936],[5.73166,50.49884],[5.73127,50.49813],[5.73082,50.49771],[5.7313,50.49742],[5.73087,50.49703],[5.73076,50.49658],[5.73155,50.49601],[5.73162,50.49581],[5.7315,50.4955],[5.73153,50.49529],[5.73174,50.49497],[5.73214,50.49468],[5.73228,50.49449],[5.73231,50.49435],[5.73224,50.49418],[5.73178,50.49389],[5.73094,50.49359],[5.72999,50.49357],[5.72822,50.49299],[5.7281,50.49248],[5.72839,50.49214],[5.72723,50.49186],[5.72771,50.49178],[5.72989,50.49176],[5.73087,50.49156],[5.73219,50.49152],[5.73262,50.49159],[5.73338,50.49186],[5.73381,50.49213],[5.73407,50.49245],[5.73428,50.49252],[5.73469,50.49256],[5.73711,50.49242],[5.73796,50.49276],[5.7393,50.49266],[5.73961,50.49273],[5.74038,50.49327],[5.74099,50.49335],[5.74134,50.49331],[5.74138,50.49325],[5.74131,50.49319],[5.74073,50.493],[5.74095,50.49273],[5.74083,50.49247],[5.73965,50.49183],[5.73845,50.49166],[5.73795,50.4915],[5.7367,50.49154],[5.73599,50.49177],[5.73553,50.49171],[5.73423,50.49063],[5.73387,50.49042],[5.73219,50.48999],[5.7301,50.4898],[5.72957,50.48966],[5.72867,50.48912],[5.72792,50.48881],[5.72666,50.48805],[5.72631,50.48789],[5.72588,50.48784],[5.72549,50.48754],[5.72504,50.48742],[5.72463,50.48721],[5.72418,50.48715],[5.72419,50.48687],[5.72465,50.487],[5.7256,50.48633],[5.72586,50.48604],[5.72564,50.48564],[5.72557,50.48532],[5.72568,50.48477],[5.72582,50.48457],[5.72666,50.48487],[5.72704,50.48527],[5.72729,50.48529],[5.72789,50.48518],[5.72837,50.48499],[5.72943,50.48423],[5.72989,50.48412],[5.73243,50.4846],[5.73328,50.48485],[5.73415,50.48485],[5.73619,50.48513],[5.73668,50.48491],[5.73719,50.48488],[5.73752,50.48493],[5.73835,50.48525],[5.73974,50.48556],[5.74151,50.48554],[5.74217,50.48571],[5.74405,50.48688],[5.74448,50.48694],[5.74485,50.48689],[5.74486,50.48678],[5.7443,50.48631],[5.74343,50.4852],[5.74247,50.48466],[5.74142,50.48438],[5.7404,50.48392],[5.73913,50.48383],[5.73881,50.48324],[5.73803,50.48292],[5.73677,50.48264],[5.73422,50.48233],[5.73307,50.48206],[5.72997,50.48109],[5.72956,50.48088],[5.7291,50.48077],[5.72908,50.48067],[5.72958,50.47991],[5.73068,50.4792],[5.73094,50.47913],[5.73134,50.47915],[5.73203,50.47896],[5.73375,50.47902],[5.73469,50.4792],[5.73582,50.47929],[5.73698,50.47955],[5.73791,50.47962],[5.73914,50.48025],[5.73969,50.48037],[5.74003,50.48034],[5.74028,50.47994],[5.74037,50.47949],[5.74024,50.47906],[5.74055,50.47882],[5.74128,50.47798],[5.74145,50.47748],[5.74136,50.4771],[5.74201,50.4764],[5.7421,50.47603],[5.74229,50.47581],[5.74228,50.47569],[5.74208,50.47548],[5.742,50.47519],[5.74299,50.47492],[5.7434,50.47417],[5.74346,50.47369],[5.7438,50.47327],[5.74378,50.47297],[5.74361,50.47276],[5.74291,50.47244],[5.74222,50.47178],[5.74226,50.47158],[5.74254,50.47132],[5.74325,50.47103],[5.74364,50.47097],[5.74398,50.47101],[5.7451,50.47158],[5.74544,50.47187],[5.74576,50.47273],[5.74614,50.47308],[5.74719,50.47339],[5.74786,50.4735],[5.74878,50.47326],[5.74887,50.47307],[5.74881,50.4727],[5.74828,50.47181],[5.74831,50.47149],[5.74858,50.47092],[5.74891,50.47051],[5.75045,50.4692],[5.75087,50.46926],[5.75171,50.46989],[5.75288,50.47048],[5.75374,50.47134],[5.75427,50.47144],[5.75468,50.47132],[5.75457,50.47108],[5.75406,50.47056],[5.75393,50.47015],[5.75341,50.46935],[5.75303,50.46902],[5.75237,50.46824],[5.75132,50.4674],[5.75118,50.46715],[5.75122,50.46679],[5.75136,50.4665],[5.75164,50.46623],[5.75211,50.46604],[5.75243,50.46564],[5.75214,50.46436],[5.75197,50.464],[5.75198,50.46381],[5.75213,50.46353],[5.75184,50.46314],[5.75145,50.46171],[5.75157,50.46057],[5.75171,50.46023],[5.75193,50.45998],[5.7519,50.45989],[5.75129,50.45975],[5.75078,50.46015],[5.75048,50.46055],[5.74919,50.46062],[5.7488,50.46084],[5.74832,50.46128],[5.74788,50.46208],[5.74745,50.46245],[5.74737,50.46282],[5.74742,50.463],[5.74813,50.46357],[5.74844,50.46406],[5.74848,50.46446],[5.7483,50.46512],[5.74704,50.46608],[5.74662,50.46614],[5.74627,50.46581],[5.74617,50.46491],[5.74636,50.46412],[5.7461,50.46366],[5.74608,50.46348],[5.74629,50.463],[5.74669,50.46269],[5.74675,50.46242],[5.74571,50.46129],[5.74455,50.45939],[5.74429,50.45862],[5.7443,50.458],[5.74452,50.45713],[5.74463,50.45628],[5.74452,50.45581],[5.74417,50.45548],[5.74454,50.45512],[5.7446,50.45436],[5.74493,50.45348],[5.74494,50.45248],[5.74418,50.45078],[5.74316,50.4499],[5.74298,50.44962],[5.74292,50.44931],[5.74315,50.44782],[5.74354,50.44737],[5.74372,50.44663],[5.74464,50.44578],[5.74584,50.4452],[5.7467,50.44466],[5.74719,50.4445],[5.74791,50.44434],[5.75083,50.44398],[5.75251,50.44353],[5.75358,50.4422],[5.75377,50.44156],[5.75361,50.44133],[5.75335,50.44128],[5.75316,50.44165],[5.75237,50.44207],[5.75207,50.44239],[5.75186,50.44244],[5.75045,50.44241],[5.74874,50.44208],[5.74739,50.44208],[5.74636,50.4423],[5.74445,50.44295],[5.7437,50.44303],[5.74291,50.44301],[5.74274,50.44258],[5.74266,50.44189],[5.74255,50.4416],[5.74171,50.44065],[5.74122,50.43971],[5.74092,50.43935],[5.73999,50.43858],[5.73933,50.43771],[5.73808,50.43637],[5.7377,50.43539],[5.73715,50.43317],[5.73681,50.43246],[5.7362,50.43161],[5.73607,50.43126],[5.73623,50.43072],[5.7367,50.42992],[5.73677,50.42963],[5.73674,50.42914],[5.7369,50.42887],[5.73745,50.42844],[5.73815,50.42825],[5.73922,50.42776],[5.7396,50.42734],[5.74046,50.42716],[5.74129,50.42686],[5.74211,50.42687],[5.74292,50.42702],[5.74461,50.42687],[5.74521,50.42649],[5.74594,50.42617],[5.74745,50.42596],[5.74789,50.42584],[5.74879,50.42521],[5.74953,50.42484],[5.75189,50.42409]],[[5.74278,50.50659],[5.74333,50.50648],[5.74385,50.50659]],[[5.66211,50.50137],[5.66201,50.50128],[5.66208,50.50102],[5.66245,50.50106],[5.66255,50.50116],[5.66256,50.50134],[5.66211,50.50137]],[[5.79461,50.49977],[5.79411,50.49965],[5.79461,50.49942]],[[5.79461,50.49822],[5.79325,50.49743],[5.79228,50.49663],[5.79287,50.49627],[5.79338,50.49626],[5.79376,50.49603],[5.79397,50.49571],[5.79387,50.49544],[5.79331,50.49521],[5.79255,50.49513],[5.79205,50.49518],[5.79103,50.49546],[5.79103,50.49555],[5.79133,50.49574],[5.79141,50.49608],[5.79173,50.49631],[5.79156,50.49642],[5.79046,50.49631],[5.78962,50.496],[5.78849,50.49589],[5.78834,50.4958],[5.78838,50.49547],[5.78673,50.49433],[5.78583,50.49383],[5.78557,50.49354],[5.78428,50.49298],[5.78384,50.49266],[5.78334,50.49248],[5.7833,50.49239],[5.78336,50.49222],[5.78349,50.49216],[5.78469,50.49224],[5.78514,50.49215],[5.78523,50.49189],[5.78512,50.491],[5.78499,50.49082],[5.78459,50.49053],[5.78447,50.49024],[5.78466,50.49008],[5.78536,50.48997],[5.78572,50.49008],[5.78633,50.49044],[5.78714,50.49117],[5.78748,50.49137],[5.78838,50.49159],[5.78919,50.49159],[5.79019,50.49244],[5.79079,50.49279],[5.79172,50.49261],[5.79375,50.49279],[5.79461,50.49277]],[[5.68461,50.49724],[5.68449,50.49715],[5.68459,50.49708],[5.68461,50.49724]],[[5.68377,50.49694],[5.68369,50.49686],[5.68382,50.49663],[5.68411,50.49644],[5.68428,50.49647],[5.68447,50.49675],[5.68444,50.49691],[5.68425,50.49704],[5.68377,50.49694]],[[5.69752,50.49528],[5.69743,50.49517],[5.69781,50.49503],[5.69804,50.49506],[5.69819,50.49518],[5.698,50.49526],[5.69752,50.49528]],[[5.72669,50.49224],[5.72661,50.49215],[5.72668,50.49201],[5.72675,50.49213],[5.72669,50.49224]],[[5.65794,50.4897],[5.65773,50.48965],[5.65839,50.48965],[5.65794,50.4897]],[[5.68169,50.47938],[5.68176,50.47937],[5.68169,50.47938]],[[5.72902,50.42409],[5.72831,50.42462],[5.7283,50.42493],[5.72869,50.42513],[5.72929,50.42527],[5.72961,50.42548],[5.72957,50.42571],[5.729,50.42625],[5.72795,50.42688],[5.72755,50.42726],[5.72729,50.42765],[5.72726,50.42796],[5.72753,50.42853],[5.72759,50.42887],[5.7288,50.43037],[5.72901,50.43081],[5.72918,50.4316],[5.72949,50.43222],[5.73043,50.43355],[5.73128,50.43433],[5.73156,50.43484],[5.7317,50.43604],[5.73148,50.43644],[5.73124,50.43663],[5.73036,50.437],[5.72995,50.43701],[5.72894,50.43682],[5.72722,50.43631],[5.72422,50.43491],[5.72371,50.4346],[5.72335,50.43462],[5.72299,50.43502],[5.72275,50.43548],[5.72247,50.4357],[5.72175,50.43605],[5.7209,50.43628],[5.72042,50.43631],[5.71912,50.43578],[5.71878,50.43548],[5.71834,50.43542],[5.7181,50.4355],[5.71886,50.43597],[5.7193,50.43685],[5.7196,50.43708],[5.72005,50.43709],[5.72364,50.43678],[5.72413,50.43684],[5.72545,50.43766],[5.72615,50.43801],[5.72876,50.4391],[5.72958,50.43931],[5.73088,50.43945],[5.73129,50.43961],[5.73147,50.4398],[5.73173,50.44036],[5.73187,50.44133],[5.73223,50.44193],[5.7322,50.44225],[5.73202,50.44246],[5.73128,50.44285],[5.73068,50.44327],[5.72919,50.44382],[5.72944,50.4441],[5.73002,50.44439],[5.73051,50.44498],[5.73087,50.44517],[5.73173,50.44534],[5.73223,50.44572],[5.73275,50.44633],[5.73421,50.44687],[5.73426,50.44717],[5.73463,50.44774],[5.73464,50.44799],[5.73455,50.44804],[5.73212,50.44854],[5.73156,50.44853],[5.73097,50.44818],[5.73058,50.44806],[5.73041,50.4481],[5.73037,50.4483],[5.73083,50.44859],[5.73127,50.44874],[5.73161,50.4491],[5.73215,50.44935],[5.7322,50.44991],[5.7324,50.4502],[5.73318,50.45027],[5.73379,50.45047],[5.7342,50.45103],[5.73458,50.45134],[5.7368,50.45235],[5.7378,50.45298],[5.73808,50.45332],[5.73816,50.45362],[5.73803,50.45408],[5.73721,50.45476],[5.73651,50.45612],[5.73632,50.45671],[5.73628,50.45743],[5.73611,50.45776],[5.73617,50.45855],[5.73539,50.45936],[5.73505,50.45981],[5.73474,50.45984],[5.73417,50.45972],[5.73359,50.45977],[5.73332,50.45969],[5.73292,50.45941],[5.73245,50.45927],[5.73168,50.45882],[5.72877,50.45758],[5.72834,50.45745],[5.7276,50.45737],[5.72711,50.45716],[5.72462,50.45575],[5.72336,50.4552],[5.72318,50.4548],[5.72328,50.45366],[5.72318,50.453],[5.72256,50.45184],[5.72212,50.45131],[5.72172,50.45113],[5.72141,50.45109],[5.72124,50.45115],[5.72079,50.45213],[5.72,50.45295],[5.71919,50.45356],[5.71872,50.45355],[5.71753,50.45294],[5.71623,50.45244],[5.71467,50.45212],[5.71424,50.45221],[5.714,50.45236],[5.71396,50.45255],[5.71489,50.45379],[5.7151,50.45425],[5.71506,50.45444],[5.71473,50.45465],[5.71447,50.45471],[5.71307,50.45477],[5.71262,50.45487],[5.71249,50.45492],[5.71201,50.45544],[5.71166,50.45564],[5.71127,50.45576],[5.70988,50.45595],[5.70971,50.45607],[5.70962,50.45633],[5.70939,50.45658],[5.7094,50.45723],[5.70902,50.45769],[5.70854,50.45783],[5.70755,50.45769],[5.70718,50.45771],[5.70697,50.4579],[5.70696,50.45807],[5.70709,50.45833],[5.7077,50.45912],[5.70781,50.45939],[5.70745,50.46064],[5.70668,50.46173],[5.70628,50.46156],[5.70544,50.46089],[5.70541,50.46185],[5.70569,50.46321],[5.70592,50.46381],[5.70601,50.46491],[5.70621,50.46532],[5.70637,50.46633],[5.70654,50.46668],[5.70705,50.4672],[5.70741,50.46779],[5.70759,50.46859],[5.70775,50.46991],[5.70731,50.47064],[5.70717,50.47106],[5.70669,50.47132],[5.70547,50.47147],[5.70413,50.47102],[5.70266,50.47113],[5.70239,50.47121],[5.70225,50.4714],[5.7024,50.47164],[5.70346,50.47187],[5.70338,50.47215],[5.70298,50.47202],[5.70277,50.4721],[5.70277,50.47221],[5.70304,50.47242],[5.70289,50.47247],[5.70239,50.47251],[5.70161,50.47222],[5.70043,50.47213],[5.69999,50.4722],[5.69928,50.47249],[5.69891,50.47251],[5.6987,50.47246],[5.69834,50.47216],[5.69915,50.47154],[5.69918,50.47075],[5.70045,50.46994],[5.70102,50.46973],[5.70109,50.46962],[5.70102,50.46938],[5.70143,50.46914],[5.70156,50.46887],[5.7013,50.46797],[5.70091,50.46764],[5.70078,50.4672],[5.70085,50.46686],[5.70152,50.46595],[5.70162,50.46553],[5.70158,50.46522],[5.70132,50.46491],[5.69999,50.46439],[5.69953,50.46411],[5.69927,50.46378],[5.69906,50.46331],[5.69913,50.46293],[5.7004,50.46026],[5.7003,50.45984],[5.69966,50.45899],[5.69922,50.45895],[5.69876,50.45904],[5.69902,50.45936],[5.69906,50.45953],[5.69896,50.45987],[5.69864,50.46039],[5.69864,50.46085],[5.69839,50.46112],[5.69787,50.46134],[5.69764,50.46215],[5.69726,50.46276],[5.69619,50.46338],[5.69349,50.46309],[5.69131,50.46261],[5.68953,50.46313],[5.68781,50.46293],[5.68562,50.4631],[5.68333,50.46271],[5.68187,50.46229],[5.681,50.46215],[5.68105,50.46203],[5.68209,50.46125],[5.68222,50.46107],[5.68222,50.46078],[5.68237,50.46062],[5.68368,50.46032],[5.68446,50.45986],[5.68466,50.45965],[5.68486,50.4588],[5.68503,50.45859],[5.68599,50.45841],[5.68705,50.45796],[5.68788,50.45782],[5.68798,50.45773],[5.68797,50.45744],[5.68813,50.45703],[5.68802,50.45687],[5.6871,50.45686],[5.68645,50.45724],[5.68575,50.45742],[5.68543,50.45775],[5.68513,50.45761],[5.68461,50.45713],[5.68339,50.45724],[5.68301,50.45686],[5.68249,50.45663],[5.68123,50.45632],[5.68138,50.45604],[5.68169,50.45576],[5.68128,50.4552],[5.68078,50.45504],[5.6796,50.45502],[5.67786,50.45451],[5.67752,50.45437],[5.6767,50.45352],[5.67652,50.45307],[5.67659,50.45241],[5.67639,50.45147],[5.67655,50.45125],[5.67711,50.45104],[5.67725,50.45074],[5.67796,50.45049],[5.67792,50.44996],[5.67751,50.44965],[5.67604,50.44924],[5.67458,50.4491],[5.67293,50.44727],[5.6728,50.44654],[5.67252,50.44604],[5.67288,50.44569],[5.67304,50.44515],[5.67328,50.44485],[5.67376,50.44459],[5.67548,50.4441],[5.67665,50.44328],[5.67693,50.44282],[5.67692,50.44265],[5.6767,50.44242],[5.67633,50.44244],[5.67516,50.44268],[5.67339,50.44285],[5.67297,50.443],[5.67259,50.44329],[5.67206,50.44333],[5.67184,50.44322],[5.67178,50.44301],[5.67259,50.44271],[5.67273,50.44248],[5.67267,50.44234],[5.67241,50.44215],[5.67137,50.44183],[5.66999,50.4416],[5.6696,50.44131],[5.67053,50.4407],[5.67065,50.44046],[5.67064,50.44008],[5.67098,50.43941],[5.67099,50.43912],[5.67155,50.4388],[5.67293,50.43845],[5.67406,50.43836],[5.675,50.43859],[5.6756,50.43853],[5.67586,50.43876],[5.67577,50.43905],[5.67585,50.43913],[5.67682,50.43928],[5.67734,50.43912],[5.67738,50.43884],[5.6771,50.43862],[5.67665,50.43847],[5.6758,50.43846],[5.67452,50.43747],[5.67373,50.43715],[5.67457,50.43644],[5.6751,50.43632],[5.6762,50.43626],[5.67707,50.436],[5.67828,50.43614],[5.67924,50.43604],[5.67798,50.43544],[5.67665,50.43522],[5.67675,50.43464],[5.67638,50.43439],[5.67568,50.43429],[5.67497,50.43399],[5.67391,50.43377],[5.6734,50.43337],[5.67304,50.43323],[5.67285,50.43306],[5.6727,50.43276],[5.67264,50.43217],[5.67254,50.43201],[5.67211,50.43206],[5.6717,50.43244],[5.67147,50.43211],[5.67122,50.43193],[5.67057,50.43183],[5.67014,50.43189],[5.66814,50.43243],[5.66765,50.43272],[5.66594,50.43254],[5.66506,50.43258],[5.66474,50.43269],[5.66422,50.43301],[5.66403,50.43338],[5.66402,50.4338],[5.66435,50.43473],[5.66442,50.43522],[5.66438,50.43548],[5.6636,50.43602],[5.66224,50.43643],[5.66161,50.43642],[5.66011,50.43595],[5.65933,50.43546],[5.65876,50.4353],[5.65867,50.43544],[5.65869,50.4356],[5.65905,50.43609],[5.66029,50.43698],[5.6613,50.4374],[5.6614,50.43776],[5.66128,50.43798],[5.66024,50.43826],[5.6596,50.43853],[5.6595,50.43907],[5.65919,50.43952],[5.6575,50.44007],[5.65735,50.4402],[5.65731,50.44047],[5.65718,50.44055],[5.65691,50.44051],[5.65656,50.44021],[5.65542,50.44018],[5.65375,50.44027],[5.65271,50.44011],[5.65146,50.4398],[5.64698,50.43971],[5.64588,50.43984],[5.64461,50.43964]],[[5.70419,50.47223],[5.70398,50.47215],[5.70398,50.47203],[5.70412,50.47186],[5.70458,50.47157],[5.70497,50.47162],[5.7051,50.47176],[5.70514,50.47203],[5.70503,50.47226],[5.70463,50.47232],[5.70419,50.47223]],[[5.64461,50.4711],[5.64547,50.471],[5.64781,50.47108],[5.64906,50.47095],[5.64995,50.47099],[5.65068,50.47085],[5.6514,50.47089],[5.65198,50.47073],[5.65263,50.4702],[5.65244,50.46992],[5.6511,50.4691],[5.64881,50.46851],[5.64864,50.46854],[5.64849,50.46882],[5.64817,50.46881],[5.64712,50.46843],[5.64568,50.46757],[5.6451,50.46738],[5.64461,50.46735]],[[5.64794,50.46708],[5.64777,50.46687],[5.64796,50.46677],[5.64815,50.46689],[5.64794,50.46708]],[[5.69919,50.45809],[5.69911,50.45795],[5.69918,50.45762],[5.69938,50.45744],[5.70026,50.45749],[5.70047,50.4576],[5.70048,50.45772],[5.69996,50.45798],[5.69963,50.45808],[5.69919,50.45809]],[[5.69877,50.45723],[5.69751,50.45633],[5.69751,50.45543],[5.69765,50.45546],[5.69772,50.45557],[5.69771,50.4563],[5.69889,50.45708],[5.69892,50.45716],[5.69877,50.45723]],[[5.67502,50.45134],[5.67507,50.45131],[5.67502,50.45134]],[[5.66211,50.44027],[5.66196,50.4402],[5.66208,50.44009],[5.66216,50.44019],[5.66211,50.44027]],[[5.66169,50.43914],[5.66154,50.43907],[5.66157,50.4389],[5.66165,50.43879],[5.66193,50.43865],[5.66219,50.43863],[5.66254,50.43879],[5.66255,50.43911],[5.66169,50.43914]],[[5.67627,50.43578],[5.67621,50.43576],[5.67636,50.43576],[5.67627,50.43578]]]}},{"type":"Feature","properties":{"ele":280},"geometry":{"type":"MultiLineString","coordinates":[[[5.64461,50.49208],[5.64656,50.49224],[5.64919,50.49186],[5.6513,50.49183],[5.6525,50.49216],[5.65325,50.49257],[5.65354,50.49262],[5.6538,50.49251],[5.65397,50.49165],[5.65406,50.49153],[5.65497,50.49099],[5.6562,50.49077],[5.65901,50.49109],[5.66083,50.49106],[5.66371,50.49163],[5.66463,50.49171],[5.6663,50.49144],[5.66739,50.49137],[5.66769,50.49147],[5.66825,50.49188],[5.66885,50.49206],[5.66922,50.49195],[5.66943,50.49171],[5.66959,50.49099],[5.66974,50.4908],[5.67087,50.49049],[5.67135,50.49023],[5.67167,50.49024],[5.67219,50.49044],[5.67255,50.49046],[5.6737,50.49044],[5.67474,50.49022],[5.67578,50.49029],[5.67712,50.49023],[5.67753,50.48995],[5.67793,50.48936],[5.67878,50.48879],[5.67922,50.48874],[5.67977,50.4888],[5.67954,50.48911],[5.68005,50.4892],[5.68241,50.48826],[5.68338,50.4884],[5.68393,50.48832],[5.68409,50.48823],[5.68417,50.48795],[5.68462,50.48798],[5.68506,50.48825],[5.68583,50.48825],[5.68629,50.48797],[5.68622,50.4877],[5.68586,50.48743],[5.68583,50.48714],[5.68682,50.4873],[5.68757,50.48728],[5.68929,50.48584],[5.68938,50.48543],[5.68931,50.48437],[5.68829,50.48304],[5.68783,50.48271],[5.68728,50.48215],[5.68681,50.48184],[5.68631,50.4812],[5.68451,50.48105],[5.68293,50.4806],[5.68253,50.48044],[5.68224,50.48022],[5.68241,50.48008],[5.68281,50.48001],[5.68327,50.48005],[5.68373,50.48022],[5.68443,50.4803],[5.68497,50.48049],[5.68573,50.48063],[5.68671,50.48062],[5.6875,50.48093],[5.68838,50.48116],[5.68916,50.48133],[5.68964,50.4813],[5.69031,50.48147],[5.69128,50.48187],[5.69157,50.48243],[5.69258,50.48319],[5.69447,50.48497],[5.69615,50.48575],[5.69592,50.48609],[5.69589,50.4863],[5.69638,50.4869],[5.6967,50.48714],[5.69779,50.48749],[5.69848,50.48796],[5.69882,50.48851],[5.69884,50.48947],[5.69874,50.48964],[5.69762,50.49022],[5.69742,50.4905],[5.69782,50.49085],[5.69839,50.49104],[5.69943,50.49166],[5.69968,50.49186],[5.70004,50.49242],[5.6999,50.49282],[5.69963,50.49318],[5.69849,50.49367],[5.69749,50.49384],[5.69636,50.49368],[5.69562,50.49394],[5.69489,50.49398],[5.69459,50.49408],[5.69418,50.49464],[5.69359,50.49478],[5.69214,50.49487],[5.69187,50.49528],[5.69165,50.49543],[5.69128,50.49536],[5.69092,50.49512],[5.68845,50.49405],[5.68802,50.49401],[5.68751,50.49408],[5.68793,50.49458],[5.68848,50.49494],[5.68861,50.49526],[5.6884,50.4958],[5.68697,50.49608],[5.68627,50.49604],[5.68543,50.49566],[5.68334,50.49508],[5.68254,50.49464],[5.68224,50.49456],[5.68206,50.49457],[5.68169,50.49474],[5.68083,50.49475],[5.68032,50.49491],[5.68135,50.49545],[5.68177,50.49578],[5.68178,50.4961],[5.68144,50.49657],[5.68151,50.49688],[5.68123,50.49721],[5.68129,50.49756],[5.68176,50.49771],[5.68167,50.49777],[5.68052,50.49776],[5.68004,50.49787],[5.67987,50.49804],[5.68005,50.49837],[5.68047,50.49847],[5.68132,50.49843],[5.68403,50.49939],[5.68458,50.49975],[5.68582,50.50003],[5.68623,50.50024],[5.68673,50.50026],[5.6871,50.50009],[5.68745,50.50021],[5.68797,50.50019],[5.68911,50.50067],[5.69004,50.50072],[5.69129,50.5011],[5.69213,50.50113],[5.69298,50.50142],[5.69385,50.50157],[5.69469,50.50202],[5.696,50.50241],[5.69576,50.50267],[5.6945,50.50356],[5.69305,50.50481],[5.69088,50.50632],[5.69053,50.50639],[5.69009,50.50628],[5.68881,50.50547],[5.68757,50.50491],[5.68701,50.50438],[5.68583,50.5039],[5.68437,50.50311],[5.68193,50.50242],[5.68004,50.50159],[5.67878,50.50088],[5.67749,50.49997],[5.67609,50.49952],[5.67504,50.4988],[5.67464,50.49895],[5.67415,50.49926],[5.67312,50.49919],[5.67278,50.49929],[5.67268,50.4994],[5.67268,50.49956],[5.67292,50.49996],[5.67297,50.50021],[5.67281,50.50044],[5.67256,50.50059],[5.67198,50.50073],[5.67036,50.50079],[5.66956,50.50054],[5.66918,50.50024],[5.66975,50.49897],[5.66955,50.49852],[5.66954,50.49803],[5.66921,50.49778],[5.66869,50.4979],[5.66825,50.49823],[5.66788,50.49831],[5.66557,50.49787],[5.66504,50.49769],[5.66396,50.49763],[5.6625,50.49712],[5.66204,50.49727],[5.66168,50.49787],[5.66103,50.49853],[5.66026,50.49877],[5.65984,50.49877],[5.65943,50.49865],[5.65919,50.49854],[5.65869,50.49802],[5.65836,50.49779],[5.65801,50.49765],[5.6576,50.4976],[5.65705,50.49763],[5.65665,50.49797],[5.65599,50.49822],[5.65489,50.49841],[5.65422,50.49843],[5.65335,50.49826],[5.65213,50.49781],[5.65052,50.49779],[5.64878,50.4975],[5.64461,50.49581]],[[5.69133,50.50659],[5.69305,50.50548],[5.69416,50.5049],[5.69544,50.50409],[5.69705,50.50324],[5.69761,50.50301],[5.69803,50.50295],[5.69842,50.50298],[5.69975,50.50352],[5.69987,50.50373],[5.69981,50.50418],[5.69998,50.50439],[5.70042,50.50465],[5.70082,50.5047],[5.70125,50.50462],[5.70214,50.50462],[5.70293,50.50493],[5.70315,50.50512],[5.70319,50.50526],[5.70264,50.50588],[5.7026,50.50623],[5.7027,50.50659]],[[5.70635,50.50659],[5.70712,50.50659]],[[5.74156,50.50659],[5.74076,50.50632],[5.74044,50.50604],[5.74086,50.50488],[5.74004,50.50521],[5.73859,50.50506],[5.73807,50.50491],[5.73695,50.5044],[5.73586,50.50357],[5.73581,50.50325],[5.73594,50.50298],[5.73598,50.50248],[5.7361,50.50218],[5.73652,50.5018],[5.73723,50.50159],[5.73737,50.5014],[5.73734,50.50123],[5.73674,50.50073],[5.73591,50.50046],[5.73542,50.50042],[5.73479,50.50008],[5.73411,50.5001],[5.73368,50.49994],[5.73292,50.49984],[5.73252,50.49967],[5.73262,50.49932],[5.73219,50.49888],[5.73174,50.49822],[5.73165,50.49795],[5.73186,50.49741],[5.73196,50.49657],[5.73223,50.49638],[5.7332,50.496],[5.73334,50.49571],[5.73323,50.49519],[5.73288,50.49472],[5.73277,50.49435],[5.73255,50.49407],[5.73128,50.49326],[5.73011,50.49316],[5.72963,50.49289],[5.72913,50.49273],[5.729,50.49241],[5.72918,50.49212],[5.73006,50.49219],[5.73068,50.49206],[5.73122,50.49183],[5.73176,50.4918],[5.73298,50.49206],[5.73391,50.49253],[5.73462,50.49275],[5.7371,50.49267],[5.73802,50.49295],[5.73937,50.49287],[5.73966,50.49295],[5.73974,50.49327],[5.74013,50.4935],[5.74327,50.49415],[5.74377,50.49446],[5.7442,50.49437],[5.74327,50.49358],[5.74168,50.49271],[5.7413,50.49212],[5.74009,50.49147],[5.73959,50.49131],[5.73875,50.49143],[5.73786,50.49135],[5.73578,50.49153],[5.73543,50.49135],[5.73408,50.4903],[5.73286,50.48998],[5.73213,50.48971],[5.73057,50.48958],[5.72994,50.48945],[5.72823,50.48868],[5.72664,50.48752],[5.72563,50.48712],[5.72614,50.48679],[5.72672,50.48662],[5.72692,50.48627],[5.72719,50.486],[5.72754,50.48577],[5.72825,50.48549],[5.72855,50.4852],[5.72909,50.48491],[5.7296,50.4845],[5.73005,50.48435],[5.73229,50.4848],[5.73312,50.48506],[5.73422,50.48509],[5.73536,50.48529],[5.73611,50.48551],[5.7367,50.48549],[5.73699,50.48518],[5.73724,50.48512],[5.73965,50.48585],[5.7401,50.48586],[5.74109,50.48571],[5.74167,50.48576],[5.74232,50.48598],[5.74293,50.48632],[5.74369,50.48694],[5.74396,50.48705],[5.74462,50.48714],[5.74552,50.48738],[5.74638,50.48718],[5.7464,50.48711],[5.74605,50.48689],[5.74529,50.48661],[5.74481,50.48632],[5.74433,50.48574],[5.74408,50.48519],[5.74382,50.4849],[5.74294,50.48452],[5.74234,50.48446],[5.74181,50.4843],[5.74152,50.48411],[5.74145,50.48381],[5.74134,50.4837],[5.73985,50.48332],[5.73972,50.4832],[5.73966,50.48295],[5.73947,50.48285],[5.73734,50.48223],[5.7335,50.48184],[5.73198,50.48146],[5.73052,50.481],[5.73029,50.48067],[5.73033,50.48026],[5.73048,50.48005],[5.73086,50.47979],[5.73212,50.47933],[5.73261,50.47947],[5.73469,50.47963],[5.73584,50.47988],[5.73652,50.48018],[5.73792,50.48055],[5.73956,50.48112],[5.74004,50.48109],[5.74051,50.48089],[5.74063,50.48076],[5.74065,50.48049],[5.7411,50.48018],[5.74118,50.47934],[5.74217,50.47799],[5.74241,50.47708],[5.74319,50.476],[5.74375,50.47544],[5.74395,50.47491],[5.74458,50.47407],[5.74455,50.47387],[5.74431,50.47355],[5.74461,50.47326],[5.74444,50.47301],[5.74387,50.47257],[5.74292,50.47217],[5.74271,50.47192],[5.74269,50.47161],[5.74305,50.47132],[5.7437,50.47118],[5.74421,50.4713],[5.74511,50.47186],[5.74531,50.4722],[5.7455,50.47288],[5.74572,50.47309],[5.74632,50.47336],[5.74739,50.4736],[5.74807,50.47366],[5.7488,50.47354],[5.74928,50.47329],[5.74909,50.47275],[5.7486,50.47199],[5.74858,50.47147],[5.74876,50.47102],[5.74899,50.47078],[5.75042,50.46956],[5.7509,50.46958],[5.75171,50.47008],[5.75255,50.47047],[5.75338,50.47129],[5.75382,50.47156],[5.75463,50.47164],[5.75509,50.47135],[5.75497,50.47107],[5.7544,50.47057],[5.75426,50.47016],[5.75374,50.46937],[5.75263,50.46822],[5.75168,50.46743],[5.75148,50.4671],[5.75151,50.46682],[5.75165,50.46654],[5.75264,50.46606],[5.75282,50.46574],[5.75234,50.46418],[5.75236,50.46355],[5.75207,50.46302],[5.75178,50.46168],[5.75193,50.46054],[5.75215,50.46025],[5.7527,50.45993],[5.75268,50.45967],[5.7514,50.45941],[5.75073,50.45949],[5.75044,50.45965],[5.75054,50.45996],[5.75009,50.46034],[5.74943,50.46024],[5.74912,50.46032],[5.74811,50.46123],[5.74757,50.46202],[5.74729,50.46208],[5.74668,50.46188],[5.74616,50.46142],[5.74465,50.45911],[5.74453,50.45879],[5.74452,50.45842],[5.74493,50.45723],[5.74508,50.45609],[5.74504,50.45574],[5.74488,50.45543],[5.74484,50.45463],[5.74517,50.45383],[5.74527,50.45251],[5.74508,50.45189],[5.74472,50.4514],[5.74454,50.45076],[5.74354,50.44977],[5.74336,50.44925],[5.74346,50.44807],[5.74392,50.44744],[5.74399,50.44678],[5.74462,50.44605],[5.74498,50.44577],[5.7459,50.44533],[5.74664,50.44486],[5.74715,50.44466],[5.74833,50.44444],[5.75087,50.44416],[5.75198,50.44391],[5.75262,50.44384],[5.75336,50.44282],[5.75443,50.44188],[5.75473,50.44102],[5.7547,50.44068],[5.75462,50.44058],[5.75447,50.44057],[5.75384,50.44082],[5.75315,50.44097],[5.75299,50.44109],[5.75295,50.44133],[5.75262,50.44159],[5.75203,50.44166],[5.75115,50.44214],[5.75002,50.44216],[5.74917,50.44187],[5.74861,50.44185],[5.74667,50.44204],[5.7446,50.4427],[5.74338,50.4427],[5.74314,50.44234],[5.74319,50.44214],[5.74339,50.44188],[5.74336,50.44159],[5.74293,50.44136],[5.74259,50.44102],[5.74194,50.44021],[5.74129,50.43908],[5.74047,50.43851],[5.73978,50.4377],[5.73913,50.43715],[5.73836,50.43631],[5.73795,50.43533],[5.73788,50.43456],[5.73752,50.43326],[5.73714,50.43241],[5.7366,50.43159],[5.73649,50.43123],[5.73673,50.43054],[5.7373,50.42973],[5.73766,50.429],[5.73804,50.4287],[5.73877,50.42854],[5.73938,50.4283],[5.74009,50.42765],[5.7413,50.42729],[5.74297,50.42729],[5.74467,50.42718],[5.74609,50.42641],[5.74799,50.42607],[5.74878,50.42548],[5.74968,50.42502],[5.75271,50.42409]],[[5.74245,50.50659],[5.743,50.50638],[5.74359,50.5063],[5.74379,50.5063],[5.74416,50.50659]],[[5.79252,50.50023],[5.79169,50.49992],[5.7915,50.49963],[5.79178,50.49953],[5.79229,50.49957],[5.79273,50.49965],[5.79302,50.49986],[5.79295,50.50021],[5.79252,50.50023]],[[5.68627,50.50011],[5.68606,50.49991],[5.68656,50.49981],[5.68696,50.49993],[5.68671,50.50011],[5.68627,50.50011]],[[5.79461,50.49998],[5.79421,50.49999],[5.7937,50.49966],[5.79415,50.49931],[5.79426,50.4991],[5.7942,50.499],[5.79294,50.49803],[5.79186,50.49738],[5.78963,50.49651],[5.78888,50.4963],[5.78752,50.49632],[5.78766,50.49602],[5.78761,50.49574],[5.78708,50.49551],[5.786,50.49461],[5.78541,50.49439],[5.78419,50.49359],[5.78401,50.49325],[5.78372,50.49301],[5.78251,50.49276],[5.78213,50.49242],[5.78073,50.49224],[5.77995,50.49187],[5.78008,50.49176],[5.78076,50.49159],[5.7825,50.4913],[5.78298,50.49109],[5.78342,50.49029],[5.78341,50.49017],[5.78305,50.48996],[5.78296,50.48977],[5.78301,50.48939],[5.78331,50.48887],[5.78333,50.48851],[5.78345,50.48824],[5.78334,50.48805],[5.78292,50.48799],[5.78292,50.48793],[5.78324,50.48765],[5.78376,50.48742],[5.78427,50.48752],[5.78485,50.48745],[5.78495,50.48736],[5.78495,50.48715],[5.78503,50.48711],[5.78517,50.48721],[5.78499,50.4877],[5.78547,50.48773],[5.78585,50.48788],[5.78627,50.48867],[5.78702,50.48948],[5.78757,50.48985],[5.78914,50.49051],[5.78956,50.49077],[5.78968,50.49075],[5.78979,50.49054],[5.78958,50.4902],[5.79001,50.49035],[5.79046,50.4903],[5.7912,50.49069],[5.79177,50.49069],[5.79202,50.49113],[5.79281,50.49149],[5.79461,50.49163]],[[5.79252,50.49579],[5.79249,50.49575],[5.79286,50.49561],[5.79302,50.49563],[5.79314,50.49574],[5.79294,50.49583],[5.79252,50.49579]],[[5.79044,50.49081],[5.79033,50.49074],[5.79055,50.49074],[5.79044,50.49081]],[[5.68544,50.48938],[5.68501,50.48927],[5.68484,50.48907],[5.68568,50.48873],[5.68599,50.48877],[5.68607,50.48897],[5.68601,50.48914],[5.68544,50.48938]],[[5.69669,50.48778],[5.69658,50.48769],[5.69682,50.48769],[5.69669,50.48778]],[[5.69669,50.48583],[5.69639,50.48574],[5.69672,50.48565],[5.69716,50.48576],[5.69669,50.48583]],[[5.69961,50.47111],[5.69962,50.47091],[5.69985,50.4707],[5.70072,50.47039],[5.70093,50.47044],[5.70087,50.47077],[5.70038,50.47089],[5.7,50.47112],[5.69961,50.47111]],[[5.7287,50.42409],[5.72793,50.42464],[5.72793,50.42494],[5.72825,50.42526],[5.72922,50.42545],[5.72927,50.42577],[5.72866,50.42628],[5.72753,50.42688],[5.7271,50.42743],[5.72688,50.428],[5.72751,50.42921],[5.7288,50.43073],[5.72892,50.43147],[5.72928,50.43227],[5.73019,50.43352],[5.73101,50.4343],[5.73127,50.43468],[5.73137,50.43495],[5.73144,50.43595],[5.73129,50.43635],[5.7309,50.43662],[5.73036,50.4368],[5.72875,50.4366],[5.72758,50.43622],[5.72501,50.43493],[5.72451,50.43477],[5.72377,50.43404],[5.72341,50.43412],[5.72318,50.43432],[5.72288,50.43471],[5.72252,50.43548],[5.72165,50.43587],[5.72093,50.43607],[5.72021,50.43595],[5.71859,50.43532],[5.71754,50.43518],[5.7167,50.4349],[5.71584,50.43492],[5.71624,50.435],[5.71665,50.43522],[5.7172,50.43538],[5.71848,50.43605],[5.7188,50.43632],[5.71901,50.4373],[5.71912,50.43745],[5.72127,50.43714],[5.7239,50.437],[5.72424,50.43711],[5.72581,50.43804],[5.72873,50.43928],[5.72958,50.43951],[5.73088,50.43963],[5.7313,50.4399],[5.73156,50.44053],[5.73162,50.44131],[5.73191,50.44185],[5.73183,50.44218],[5.73161,50.44241],[5.73088,50.44272],[5.73048,50.44311],[5.7291,50.44362],[5.72869,50.44384],[5.72893,50.44413],[5.72959,50.44443],[5.72992,50.44467],[5.73039,50.4455],[5.73119,50.44541],[5.73145,50.44548],[5.73205,50.44593],[5.73245,50.44635],[5.73346,50.44685],[5.73358,50.44717],[5.73406,50.44748],[5.73424,50.44773],[5.73388,50.448],[5.73193,50.44831],[5.73166,50.44828],[5.73117,50.44802],[5.73097,50.44768],[5.73005,50.44747],[5.72918,50.44743],[5.73064,50.44882],[5.73106,50.4491],[5.7317,50.44937],[5.73183,50.4498],[5.73181,50.45022],[5.73207,50.45054],[5.73244,50.45058],[5.73295,50.45047],[5.73334,50.45057],[5.73416,50.45133],[5.73454,50.45159],[5.73667,50.45249],[5.73749,50.453],[5.73786,50.45337],[5.73795,50.45355],[5.73785,50.45401],[5.73753,50.45436],[5.73707,50.45461],[5.73691,50.4548],[5.73613,50.45654],[5.73601,50.45737],[5.73587,50.45779],[5.73591,50.45856],[5.73505,50.45911],[5.73458,50.45919],[5.7342,50.45937],[5.73295,50.45909],[5.73173,50.45848],[5.72877,50.45731],[5.72744,50.45704],[5.72386,50.4552],[5.72351,50.45484],[5.72355,50.45359],[5.72343,50.45298],[5.7232,50.45244],[5.72242,50.45134],[5.72209,50.45105],[5.72176,50.45092],[5.7213,50.45084],[5.72085,50.45098],[5.72081,50.45157],[5.72051,50.45217],[5.71961,50.45293],[5.71879,50.45328],[5.71646,50.45232],[5.71463,50.45185],[5.71417,50.45183],[5.71364,50.45232],[5.71359,50.45248],[5.71467,50.45377],[5.7148,50.45411],[5.71473,50.4544],[5.71417,50.4546],[5.71264,50.45469],[5.71225,50.4549],[5.71168,50.45548],[5.70964,50.45585],[5.70947,50.45601],[5.70936,50.45635],[5.7091,50.45661],[5.7091,50.45727],[5.70877,50.45758],[5.70828,50.45761],[5.70724,50.45738],[5.70672,50.45746],[5.70662,50.45773],[5.70663,50.45802],[5.70754,50.4594],[5.70715,50.46076],[5.70671,50.4611],[5.70624,50.46104],[5.70544,50.45964],[5.705,50.45986],[5.70497,50.46039],[5.70514,50.46133],[5.70518,50.46213],[5.70557,50.4638],[5.70551,50.46411],[5.7052,50.46437],[5.70533,50.46467],[5.70522,50.46492],[5.70558,50.46515],[5.70581,50.46548],[5.70601,50.4666],[5.7067,50.46714],[5.70701,50.46765],[5.70742,50.46953],[5.70741,50.46991],[5.70721,50.47026],[5.70662,50.47096],[5.70619,50.47112],[5.70568,50.47112],[5.70504,50.47075],[5.70447,50.47056],[5.70378,50.4702],[5.70288,50.47006],[5.7027,50.46984],[5.70267,50.4696],[5.70314,50.46894],[5.70315,50.46879],[5.7029,50.46867],[5.70216,50.46863],[5.70194,50.46848],[5.70145,50.46744],[5.70167,50.46709],[5.70185,50.46657],[5.70226,50.46598],[5.70221,50.46517],[5.70205,50.46493],[5.70162,50.46468],[5.69997,50.46412],[5.69967,50.46379],[5.69956,50.46348],[5.6996,50.46269],[5.69991,50.4622],[5.70028,50.46133],[5.70066,50.46015],[5.70058,50.4596],[5.69984,50.45858],[5.69982,50.45835],[5.69992,50.45823],[5.701,50.45774],[5.7013,50.45745],[5.7013,50.45737],[5.70104,50.45726],[5.69991,50.4572],[5.69857,50.45642],[5.69838,50.45624],[5.69811,50.45526],[5.69793,50.45498],[5.69755,50.45504],[5.69735,50.45536],[5.69729,50.45623],[5.69752,50.45662],[5.69852,50.4574],[5.69878,50.4577],[5.69845,50.45804],[5.69833,50.45829],[5.69846,50.4588],[5.69846,50.45907],[5.69878,50.45965],[5.69861,50.45994],[5.69829,50.46022],[5.69805,50.46102],[5.6975,50.46131],[5.69716,50.46239],[5.69699,50.46266],[5.69674,50.46285],[5.69625,50.46293],[5.69547,50.46283],[5.69381,50.46278],[5.69239,50.46243],[5.69181,50.46206],[5.69146,50.462],[5.68951,50.46242],[5.68911,50.46262],[5.68794,50.46269],[5.68583,50.463],[5.68301,50.46208],[5.68245,50.46203],[5.68208,50.46189],[5.68254,50.46106],[5.6825,50.46075],[5.68376,50.46048],[5.68472,50.45994],[5.68494,50.45963],[5.68513,50.4588],[5.68626,50.45864],[5.68713,50.4582],[5.68823,50.45814],[5.68865,50.458],[5.68869,50.45789],[5.68861,50.45758],[5.68882,50.45678],[5.68854,50.45666],[5.68729,50.4567],[5.68697,50.45679],[5.68628,50.45715],[5.68558,50.45724],[5.68533,50.45718],[5.68532,50.45684],[5.68495,50.45668],[5.68458,50.45665],[5.6838,50.45683],[5.68333,50.45677],[5.68209,50.45632],[5.68203,50.45599],[5.68255,50.45576],[5.6809,50.45474],[5.68068,50.45467],[5.67906,50.45459],[5.67794,50.45415],[5.67759,50.45381],[5.6772,50.45293],[5.67737,50.45213],[5.67733,50.45158],[5.67758,50.45134],[5.67831,50.45097],[5.67862,50.4505],[5.67835,50.45022],[5.67836,50.45015],[5.67875,50.45],[5.67923,50.44994],[5.67943,50.44953],[5.67986,50.44916],[5.6799,50.44904],[5.67963,50.44881],[5.67906,50.44872],[5.6775,50.44827],[5.67677,50.44818],[5.67521,50.44818],[5.67461,50.44802],[5.67373,50.44716],[5.67342,50.44616],[5.67367,50.44514],[5.67483,50.44458],[5.67582,50.44423],[5.67799,50.443],[5.6784,50.44249],[5.67834,50.44219],[5.67771,50.44206],[5.67682,50.44206],[5.67627,50.44215],[5.67582,50.44241],[5.67536,50.44251],[5.67376,50.44249],[5.6734,50.4424],[5.67304,50.44213],[5.67084,50.4416],[5.67019,50.44128],[5.67086,50.44076],[5.67096,50.44051],[5.67083,50.44024],[5.67087,50.44001],[5.67128,50.43965],[5.67155,50.43909],[5.67292,50.43868],[5.67432,50.43862],[5.67495,50.43891],[5.6755,50.43933],[5.67636,50.43956],[5.67708,50.43997],[5.67727,50.43994],[5.67723,50.43964],[5.67756,50.43939],[5.67766,50.43918],[5.67757,50.43878],[5.67711,50.43848],[5.67584,50.43807],[5.67472,50.43734],[5.67434,50.43719],[5.67431,50.43711],[5.67463,50.43695],[5.67515,50.43687],[5.67712,50.43627],[5.67966,50.4364],[5.67993,50.43629],[5.68013,50.43611],[5.68024,50.43582],[5.68013,50.43571],[5.67917,50.4355],[5.67836,50.4352],[5.67748,50.43507],[5.6773,50.4349],[5.67725,50.43456],[5.67713,50.43434],[5.6758,50.43418],[5.67555,50.43408],[5.67505,50.43369],[5.67453,50.43369],[5.67415,50.43357],[5.67387,50.43328],[5.67376,50.433],[5.67417,50.43269],[5.67425,50.43249],[5.67424,50.43238],[5.67398,50.43216],[5.67334,50.43204],[5.67256,50.43168],[5.67212,50.43158],[5.67135,50.43167],[5.67005,50.43165],[5.66927,50.43192],[5.66753,50.43215],[5.66562,50.43209],[5.6646,50.43177],[5.66451,50.43187],[5.66438,50.43246],[5.66355,50.43299],[5.66336,50.43328],[5.66335,50.43354],[5.66378,50.43437],[5.66372,50.43493],[5.6638,50.43522],[5.66335,50.4355],[5.66247,50.43573],[5.66168,50.4361],[5.66123,50.43607],[5.6602,50.43577],[5.65797,50.43447],[5.65754,50.43437],[5.65702,50.43437],[5.65722,50.43465],[5.6581,50.43518],[5.65908,50.43635],[5.66006,50.43706],[5.66087,50.43742],[5.66104,50.43768],[5.66096,50.43779],[5.66059,50.43798],[5.65999,50.43803],[5.65975,50.43795],[5.65924,50.43757],[5.65873,50.43741],[5.65868,50.43765],[5.65874,50.4381],[5.65855,50.43851],[5.65794,50.43899],[5.65709,50.43943],[5.65458,50.43962],[5.6537,50.4396],[5.65177,50.4392],[5.65078,50.43921],[5.6491,50.43882],[5.64812,50.43879],[5.64785,50.43882],[5.6471,50.43919],[5.64581,50.43945],[5.64461,50.43942]],[[5.64461,50.47032],[5.64489,50.47001],[5.64513,50.46941],[5.64488,50.46906],[5.64507,50.46892],[5.64544,50.46881],[5.64591,50.46907],[5.64661,50.46925],[5.64755,50.46927],[5.6505,50.46964],[5.65101,50.47015],[5.65175,50.47048],[5.65146,50.47058],[5.64974,50.4708],[5.64771,50.47094],[5.64656,50.47085],[5.64461,50.47052]],[[5.70127,50.47027],[5.70113,50.4702],[5.70131,50.47015],[5.70136,50.47021],[5.70127,50.47027]],[[5.65127,50.46981],[5.65113,50.46962],[5.65138,50.46962],[5.65127,50.46981]],[[5.74711,50.46556],[5.74683,50.46537],[5.74657,50.46501],[5.74659,50.46418],[5.74626,50.46354],[5.74672,50.46325],[5.74714,50.46312],[5.74753,50.46325],[5.7479,50.46364],[5.7481,50.46397],[5.74816,50.46432],[5.74808,50.46484],[5.74793,50.46513],[5.74753,50.46542],[5.74711,50.46556]],[[5.73419,50.45882],[5.7346,50.45874],[5.73478,50.45883],[5.73456,50.45892],[5.73419,50.45882]],[[5.67877,50.44977],[5.67861,50.44964],[5.6789,50.44964],[5.67877,50.44977]],[[5.67794,50.4494],[5.67787,50.44937],[5.67838,50.44938],[5.6783,50.44945],[5.67794,50.4494]],[[5.67669,50.44911],[5.67676,50.44909],[5.67669,50.44911]],[[5.67544,50.4489],[5.67533,50.44883],[5.67537,50.4487],[5.67584,50.44844],[5.67642,50.4488],[5.67633,50.4489],[5.67614,50.44895],[5.67544,50.4489]],[[5.68211,50.44134],[5.68205,50.44131],[5.68218,50.44131],[5.68211,50.44134]],[[5.67711,50.43225],[5.67678,50.43209],[5.6771,50.43159],[5.67751,50.43127],[5.678,50.43131],[5.67807,50.43157],[5.67791,50.43184],[5.67754,50.43215],[5.67711,50.43225]]]}},{"type":"Feature","properties":{"ele":290},"geometry":{"type":"MultiLineString","coordinates":[[[5.69261,50.50659],[5.69252,50.50631],[5.69382,50.50553],[5.69461,50.50516],[5.69665,50.504],[5.69779,50.50325],[5.69799,50.50321],[5.69836,50.50326],[5.69906,50.5036],[5.69923,50.5038],[5.69913,50.50408],[5.6992,50.50427],[5.69979,50.50465],[5.7008,50.50505],[5.70183,50.50515],[5.70188,50.50524],[5.70178,50.50549],[5.70216,50.5058],[5.70241,50.50659]],[[5.74479,50.50659],[5.74505,50.50632],[5.74583,50.50602],[5.74628,50.50595],[5.74668,50.50563],[5.74711,50.50548],[5.74754,50.5052],[5.74703,50.50545],[5.74526,50.50567],[5.74456,50.50591],[5.74376,50.50598],[5.74254,50.50633],[5.74163,50.50637],[5.74133,50.50627],[5.741,50.50574],[5.74128,50.50491],[5.74117,50.50439],[5.7408,50.50409],[5.74088,50.50381],[5.74038,50.50382],[5.7395,50.504],[5.73922,50.50411],[5.73891,50.5045],[5.73864,50.50456],[5.73811,50.50438],[5.73719,50.50383],[5.73627,50.50354],[5.73624,50.50258],[5.7365,50.5021],[5.73682,50.50186],[5.73801,50.5017],[5.73818,50.50153],[5.73821,50.50134],[5.73752,50.50076],[5.73774,50.50053],[5.73769,50.50037],[5.73714,50.49993],[5.73673,50.49983],[5.73637,50.49962],[5.73589,50.49954],[5.73538,50.49967],[5.73453,50.49975],[5.73332,50.49969],[5.73307,50.49956],[5.73252,50.49882],[5.73231,50.49838],[5.73222,50.49789],[5.73226,50.49755],[5.7325,50.49723],[5.73337,50.4966],[5.73424,50.49633],[5.73424,50.49607],[5.734,50.49577],[5.73371,50.495],[5.73328,50.49434],[5.73247,50.49356],[5.73168,50.49298],[5.73168,50.49271],[5.73335,50.49265],[5.73474,50.49294],[5.73714,50.49297],[5.73802,50.49313],[5.7391,50.49312],[5.73929,50.49324],[5.73963,50.49381],[5.74327,50.4945],[5.74379,50.49484],[5.74443,50.49502],[5.74547,50.49509],[5.74596,50.49496],[5.74593,50.49481],[5.74339,50.49324],[5.74233,50.49273],[5.74204,50.49246],[5.74169,50.49179],[5.74043,50.49104],[5.73989,50.49086],[5.73937,50.49081],[5.73837,50.49112],[5.73584,50.49123],[5.73502,50.49076],[5.73419,50.49007],[5.73334,50.48993],[5.73224,50.48944],[5.73058,50.48932],[5.72839,50.48841],[5.72818,50.48825],[5.72779,50.48772],[5.72748,50.48743],[5.72753,50.48715],[5.72741,50.48682],[5.72757,50.48645],[5.72849,50.48579],[5.72902,50.48523],[5.73004,50.48467],[5.73045,50.48464],[5.73132,50.48491],[5.73219,50.48502],[5.73318,50.48533],[5.73443,50.48536],[5.73588,50.4857],[5.73671,50.48577],[5.73739,50.48559],[5.73771,50.48559],[5.73964,50.48616],[5.74104,50.48593],[5.7418,50.48598],[5.74208,50.48605],[5.74253,50.48631],[5.74374,50.4872],[5.74547,50.48758],[5.74599,50.48757],[5.74709,50.48736],[5.74749,50.48747],[5.74798,50.48743],[5.7482,50.48724],[5.74821,50.48715],[5.74539,50.48632],[5.74487,50.48588],[5.74466,50.48553],[5.74461,50.48517],[5.7442,50.48472],[5.74302,50.48416],[5.74239,50.48422],[5.74199,50.48413],[5.74199,50.48369],[5.74174,50.48336],[5.74068,50.48303],[5.74055,50.48292],[5.74055,50.48258],[5.74095,50.48219],[5.74114,50.4818],[5.74131,50.48162],[5.74174,50.48142],[5.74188,50.48123],[5.74203,50.48053],[5.74196,50.47987],[5.74219,50.47887],[5.74362,50.47683],[5.74429,50.47605],[5.74511,50.47489],[5.74533,50.47432],[5.74502,50.47352],[5.74552,50.47337],[5.74703,50.47371],[5.74818,50.47384],[5.74878,50.47382],[5.74948,50.47364],[5.75083,50.47393],[5.7513,50.47386],[5.7513,50.47377],[5.75098,50.4735],[5.75001,50.47327],[5.74959,50.47303],[5.74899,50.47223],[5.74886,50.47196],[5.74887,50.4714],[5.74907,50.47101],[5.75043,50.47006],[5.75085,50.46989],[5.75129,50.47005],[5.75245,50.47065],[5.75331,50.47145],[5.75396,50.47175],[5.75443,50.47181],[5.75484,50.47176],[5.75523,50.47161],[5.75552,50.47133],[5.7553,50.47101],[5.75465,50.47046],[5.75456,50.47017],[5.754,50.46932],[5.75203,50.46743],[5.75178,50.46699],[5.75199,50.46656],[5.75295,50.46621],[5.75314,50.46601],[5.75322,50.46578],[5.75316,50.4655],[5.75285,50.46496],[5.75264,50.46439],[5.75262,50.46357],[5.7524,50.46314],[5.75234,50.46269],[5.75216,50.46217],[5.7521,50.46104],[5.75215,50.4607],[5.75238,50.4604],[5.75287,50.46017],[5.75507,50.45973],[5.75523,50.4596],[5.75499,50.45946],[5.75448,50.45948],[5.75381,50.45933],[5.75254,50.45936],[5.75083,50.45912],[5.74963,50.45958],[5.74916,50.45985],[5.74753,50.4616],[5.74704,50.46163],[5.7464,50.46129],[5.74504,50.45935],[5.74477,50.45873],[5.74486,50.45821],[5.74528,50.45737],[5.74552,50.45616],[5.74516,50.45467],[5.74549,50.45389],[5.74548,50.45352],[5.7456,50.453],[5.74557,50.4522],[5.74507,50.45131],[5.74487,50.45071],[5.74396,50.44973],[5.7438,50.44928],[5.74386,50.4481],[5.74421,50.44756],[5.74431,50.44682],[5.74448,50.44653],[5.74499,50.446],[5.74675,50.44497],[5.74724,50.44479],[5.74864,50.44454],[5.75099,50.44431],[5.75214,50.4441],[5.75296,50.4441],[5.75312,50.44348],[5.75337,50.44311],[5.75377,50.4427],[5.75466,50.44217],[5.75489,50.44192],[5.75506,50.44098],[5.75501,50.44059],[5.75461,50.43991],[5.7542,50.43972],[5.75405,50.43988],[5.75407,50.44015],[5.754,50.44029],[5.75349,50.44059],[5.75302,50.44069],[5.7525,50.4406],[5.75177,50.44063],[5.75127,50.44074],[5.75141,50.44102],[5.75183,50.44133],[5.75142,50.44171],[5.75096,50.44191],[5.75006,50.44195],[5.74911,50.44172],[5.74859,50.4417],[5.74667,50.44185],[5.74511,50.4423],[5.7442,50.44194],[5.74318,50.44116],[5.74229,50.44011],[5.74162,50.43908],[5.74088,50.43852],[5.74015,50.43771],[5.73936,50.43703],[5.73872,50.43634],[5.73825,50.43536],[5.73816,50.43428],[5.73801,50.43369],[5.73751,50.43246],[5.737,50.43163],[5.7369,50.4313],[5.73696,50.43098],[5.73718,50.43054],[5.73798,50.42949],[5.73847,50.4291],[5.73925,50.42885],[5.73997,50.42849],[5.74052,50.42798],[5.74161,50.42775],[5.74218,50.42774],[5.74333,50.42747],[5.74427,50.42752],[5.74481,50.42744],[5.74543,50.42714],[5.74582,50.4268],[5.74629,50.42661],[5.74832,50.4263],[5.74883,50.42577],[5.74969,50.42527],[5.75081,50.42484],[5.75171,50.42465],[5.75339,50.42409]],[[5.78207,50.50659],[5.78195,50.50634],[5.78215,50.50595],[5.78215,50.50575],[5.78205,50.50553],[5.7814,50.50461],[5.78043,50.50401],[5.78033,50.50383],[5.7804,50.50367],[5.78057,50.50367],[5.78085,50.50382],[5.78111,50.50415],[5.78172,50.50433],[5.78251,50.50473],[5.78275,50.50536],[5.78317,50.50595],[5.78349,50.50659]],[[5.69044,50.50526],[5.6889,50.50456],[5.68628,50.50298],[5.68411,50.50189],[5.68309,50.50124],[5.68293,50.50105],[5.68294,50.50076],[5.68469,50.50062],[5.68713,50.50117],[5.6887,50.50124],[5.68953,50.50114],[5.69005,50.50129],[5.69045,50.50131],[5.69084,50.5016],[5.69173,50.50196],[5.69291,50.50212],[5.69339,50.50227],[5.69432,50.50228],[5.69505,50.50244],[5.69512,50.50272],[5.69373,50.50359],[5.69318,50.50406],[5.69293,50.50459],[5.69237,50.50497],[5.69173,50.50533],[5.6914,50.50542],[5.69094,50.50542],[5.69044,50.50526]],[[5.79461,50.50058],[5.79411,50.5006],[5.79164,50.50025],[5.79132,50.49984],[5.79032,50.49937],[5.78999,50.49912],[5.79,50.49903],[5.79045,50.49899],[5.7913,50.49925],[5.79271,50.49949],[5.79331,50.49951],[5.79344,50.49944],[5.79345,50.49931],[5.79329,50.49908],[5.79138,50.49774],[5.79035,50.49724],[5.78875,50.49668],[5.78828,50.4966],[5.78751,50.4966],[5.787,50.49639],[5.78581,50.49532],[5.78495,50.49483],[5.78315,50.49351],[5.78209,50.49303],[5.78173,50.49268],[5.7812,50.49256],[5.77987,50.49244],[5.7793,50.49184],[5.77896,50.49176],[5.7786,50.49185],[5.77842,50.49228],[5.77818,50.49248],[5.77786,50.49257],[5.7775,50.49249],[5.77689,50.49187],[5.77563,50.49129],[5.77542,50.49106],[5.77539,50.49078],[5.77517,50.4905],[5.77524,50.49038],[5.77545,50.4903],[5.77581,50.49052],[5.77711,50.49069],[5.77849,50.49111],[5.77965,50.491],[5.78042,50.491],[5.78092,50.49085],[5.78132,50.49056],[5.78153,50.49021],[5.78185,50.48995],[5.78187,50.48977],[5.78151,50.48907],[5.78088,50.48827],[5.78023,50.48777],[5.78021,50.48767],[5.78048,50.48752],[5.78094,50.48745],[5.78119,50.48713],[5.78185,50.48695],[5.78192,50.48684],[5.78192,50.48654],[5.78213,50.48634],[5.78292,50.48627],[5.78414,50.4859],[5.78475,50.48556],[5.78503,50.48519],[5.78544,50.48532],[5.78626,50.48596],[5.78671,50.48613],[5.78687,50.48631],[5.78704,50.48673],[5.78767,50.48712],[5.78786,50.48753],[5.78851,50.48797],[5.78821,50.48826],[5.78832,50.48858],[5.78874,50.48865],[5.78924,50.4885],[5.78942,50.48879],[5.78956,50.48882],[5.79,50.48867],[5.79068,50.48877],[5.79127,50.48865],[5.7913,50.48887],[5.79083,50.48892],[5.79043,50.48909],[5.79128,50.48921],[5.79218,50.48992],[5.79307,50.49014],[5.79461,50.49081]],[[5.68252,50.4997],[5.68166,50.49936],[5.68224,50.49918],[5.68301,50.49937],[5.68286,50.49953],[5.68252,50.4997]],[[5.68086,50.49913],[5.68081,50.49909],[5.68132,50.49909],[5.68086,50.49913]],[[5.67377,50.49828],[5.67363,50.49824],[5.67375,50.49809],[5.67377,50.49828]],[[5.64461,50.49327],[5.6451,50.49341],[5.64562,50.49346],[5.64781,50.49313],[5.64864,50.49313],[5.64979,50.49325],[5.6512,50.49312],[5.65349,50.49365],[5.65462,50.49382],[5.65502,50.49369],[5.6552,50.49354],[5.65523,50.49279],[5.65563,50.49193],[5.65604,50.49162],[5.65646,50.49156],[5.6575,50.49161],[5.65906,50.49182],[5.66093,50.49186],[5.66225,50.49212],[5.66336,50.49249],[5.66502,50.49272],[5.66565,50.49271],[5.66586,50.49242],[5.66635,50.49234],[5.66834,50.4927],[5.66884,50.49284],[5.66966,50.49324],[5.67035,50.49329],[5.67049,50.49325],[5.67028,50.49296],[5.67017,50.49258],[5.6702,50.4914],[5.67048,50.49113],[5.67109,50.49086],[5.6737,50.49099],[5.67474,50.49082],[5.67557,50.4909],[5.67614,50.49085],[5.67802,50.49023],[5.67815,50.4896],[5.67835,50.48937],[5.6787,50.48918],[5.68021,50.48942],[5.68046,50.48937],[5.68163,50.48878],[5.6825,50.48869],[5.68289,50.48872],[5.68335,50.48889],[5.68414,50.48887],[5.68461,50.48937],[5.6849,50.48944],[5.68542,50.48951],[5.6859,50.48945],[5.68638,50.48917],[5.68669,50.48869],[5.68699,50.4884],[5.68734,50.48824],[5.68722,50.488],[5.68685,50.48769],[5.68709,50.48762],[5.68771,50.48767],[5.68872,50.4874],[5.69006,50.4864],[5.69048,50.48574],[5.69058,50.48526],[5.69027,50.48493],[5.6903,50.48442],[5.69016,50.48385],[5.68961,50.48354],[5.68942,50.48335],[5.68923,50.48263],[5.68879,50.48254],[5.68866,50.48245],[5.68866,50.48217],[5.68847,50.48187],[5.68891,50.48172],[5.68931,50.4818],[5.69002,50.48218],[5.69095,50.48233],[5.69209,50.48301],[5.69427,50.48505],[5.69491,50.48553],[5.69505,50.4858],[5.69525,50.48668],[5.69575,50.48741],[5.69598,50.48804],[5.6966,50.48845],[5.69781,50.489],[5.6984,50.48901],[5.69839,50.48941],[5.69752,50.48992],[5.69703,50.49048],[5.69812,50.4913],[5.6979,50.49159],[5.6981,50.49183],[5.69941,50.4927],[5.69915,50.49291],[5.69842,50.49295],[5.69753,50.49326],[5.69636,50.49341],[5.69557,50.49366],[5.69462,50.49379],[5.69418,50.49409],[5.69364,50.49427],[5.69169,50.49435],[5.69158,50.49466],[5.69129,50.49486],[5.69109,50.49483],[5.69045,50.49444],[5.68962,50.49435],[5.68849,50.49391],[5.68797,50.49383],[5.6875,50.49385],[5.68696,50.49406],[5.68691,50.49438],[5.68668,50.4946],[5.68599,50.49492],[5.68681,50.49518],[5.68684,50.49539],[5.68671,50.49552],[5.68633,50.49545],[5.68586,50.4952],[5.68565,50.49493],[5.68463,50.49492],[5.6838,50.4948],[5.68219,50.49418],[5.6814,50.49445],[5.68047,50.49446],[5.67984,50.49458],[5.67959,50.49465],[5.67913,50.49494],[5.68057,50.49546],[5.68061,50.49571],[5.68046,50.49607],[5.67974,50.49663],[5.67924,50.49717],[5.67878,50.49745],[5.67757,50.49793],[5.67675,50.49812],[5.6763,50.49841],[5.67581,50.49818],[5.67432,50.49786],[5.67401,50.49789],[5.67328,50.49818],[5.67167,50.4979],[5.67119,50.49772],[5.67059,50.49731],[5.67001,50.49703],[5.66964,50.49669],[5.66947,50.49665],[5.66844,50.49682],[5.66758,50.49681],[5.66702,50.49701],[5.6662,50.49709],[5.66364,50.49695],[5.66211,50.49659],[5.66121,50.4971],[5.66003,50.49745],[5.65943,50.49736],[5.65833,50.49697],[5.6576,50.49705],[5.65672,50.49699],[5.6551,50.49727],[5.65344,50.49728],[5.65251,50.4971],[5.65088,50.49706],[5.64988,50.49689],[5.64824,50.49635],[5.6471,50.49576],[5.64557,50.49515],[5.64461,50.49463]],[[5.69169,50.49507],[5.69142,50.49497],[5.6914,50.49488],[5.69171,50.49479],[5.69176,50.49493],[5.69169,50.49507]],[[5.68794,50.48946],[5.68793,50.48934],[5.68802,50.48936],[5.68794,50.48946]],[[5.68461,50.48869],[5.68449,50.48855],[5.68459,50.48848],[5.68532,50.48854],[5.68461,50.48869]],[[5.69752,50.48826],[5.69753,50.48798],[5.69752,50.48826]],[[5.74919,50.48746],[5.74888,50.48741],[5.7485,50.48716],[5.74919,50.48715],[5.75013,50.48742],[5.74969,50.4875],[5.74919,50.48746]],[[5.73461,50.48163],[5.73211,50.48132],[5.73167,50.48105],[5.73088,50.48075],[5.73073,50.48044],[5.7309,50.48025],[5.73127,50.48013],[5.73302,50.47995],[5.73375,50.47999],[5.73426,50.48009],[5.73536,50.48049],[5.73586,50.48076],[5.73609,50.48105],[5.73607,50.4813],[5.73587,50.48159],[5.73461,50.48163]],[[5.68461,50.48081],[5.68446,50.48076],[5.68507,50.48076],[5.68461,50.48081]],[[5.68377,50.48055],[5.68348,50.48048],[5.68401,50.48048],[5.68377,50.48055]],[[5.74461,50.47274],[5.74384,50.47224],[5.74332,50.47216],[5.74313,50.47196],[5.74313,50.47185],[5.74385,50.47164],[5.74463,50.47185],[5.745,50.47245],[5.74506,50.4727],[5.74499,50.47279],[5.74461,50.47274]],[[5.64752,50.47077],[5.64715,50.47046],[5.64661,50.47019],[5.64719,50.47004],[5.64948,50.47007],[5.65002,50.47017],[5.65061,50.47047],[5.64974,50.47061],[5.64752,50.47077]],[[5.70586,50.47078],[5.70561,50.47053],[5.70553,50.47018],[5.70501,50.47021],[5.70428,50.46985],[5.70328,50.46967],[5.70335,50.46943],[5.70372,50.46897],[5.70374,50.46848],[5.70392,50.4682],[5.70398,50.46765],[5.70415,50.4674],[5.70484,50.46726],[5.70562,50.4673],[5.7062,50.46755],[5.70661,50.4681],[5.70676,50.46876],[5.70706,50.46939],[5.70707,50.4698],[5.70672,50.47027],[5.70586,50.47078]],[[5.70294,50.46753],[5.70252,50.46705],[5.70247,50.46685],[5.70254,50.46661],[5.70297,50.46637],[5.70393,50.46606],[5.70447,50.46579],[5.70409,50.4655],[5.70407,50.46529],[5.70414,50.46516],[5.7046,50.46514],[5.7051,50.46547],[5.70504,50.46561],[5.70479,50.46575],[5.70544,50.46593],[5.70552,50.46633],[5.70456,50.46651],[5.70368,50.46713],[5.70341,50.46748],[5.70294,50.46753]],[[5.72829,50.42409],[5.72797,50.42438],[5.72752,50.42465],[5.72748,50.42495],[5.72795,50.42544],[5.72883,50.42578],[5.72854,50.42613],[5.72722,50.42693],[5.7267,50.42762],[5.72655,50.4281],[5.72734,50.42938],[5.72856,50.43064],[5.72867,50.43092],[5.72871,50.43147],[5.72917,50.43246],[5.73004,50.4336],[5.73084,50.4344],[5.73104,50.43474],[5.73111,50.43494],[5.73115,50.43592],[5.73091,50.43634],[5.73041,50.43657],[5.73001,50.4366],[5.72869,50.43637],[5.72786,50.43611],[5.72476,50.43465],[5.72428,50.43381],[5.72391,50.43367],[5.72363,50.43372],[5.72304,50.43411],[5.72252,50.43492],[5.7222,50.43526],[5.72167,50.43546],[5.72129,50.43576],[5.72104,50.4358],[5.72004,50.4357],[5.71901,50.4353],[5.71761,50.43504],[5.71627,50.43463],[5.71544,50.43453],[5.71523,50.43465],[5.71515,50.43486],[5.71526,50.43496],[5.71703,50.43555],[5.71839,50.43628],[5.71864,50.43678],[5.71861,50.43748],[5.71878,50.43773],[5.71906,50.43787],[5.71932,50.43788],[5.72006,50.43756],[5.7212,50.43731],[5.72385,50.43722],[5.72425,50.43735],[5.72517,50.43792],[5.72626,50.43846],[5.72795,50.43918],[5.72948,50.43969],[5.73077,50.43982],[5.73107,50.44002],[5.7313,50.44041],[5.73134,50.44126],[5.73155,50.44182],[5.73142,50.44212],[5.73025,50.44295],[5.72873,50.44348],[5.72806,50.44381],[5.72788,50.44411],[5.72828,50.44436],[5.72917,50.44465],[5.72945,50.44487],[5.72971,50.44517],[5.72983,50.4457],[5.72994,50.44583],[5.73031,50.44587],[5.7309,50.44574],[5.73105,50.44605],[5.73123,50.44623],[5.73172,50.44615],[5.73211,50.44628],[5.73295,50.44687],[5.73302,50.44716],[5.73357,50.44768],[5.73284,50.44798],[5.73218,50.44797],[5.7318,50.44741],[5.7314,50.44715],[5.73132,50.44685],[5.73048,50.44649],[5.72989,50.44675],[5.72904,50.44687],[5.72893,50.44713],[5.7286,50.44742],[5.72924,50.4478],[5.72962,50.44845],[5.73085,50.44937],[5.73134,50.4496],[5.73146,50.44984],[5.73146,50.45029],[5.73166,50.45086],[5.73248,50.45106],[5.73296,50.45097],[5.7333,50.45106],[5.73431,50.45174],[5.73585,50.45232],[5.73668,50.45271],[5.73747,50.45324],[5.73765,50.45346],[5.73771,50.45376],[5.73757,50.45411],[5.73681,50.45462],[5.7366,50.4549],[5.7364,50.4555],[5.73586,50.45661],[5.73545,50.45827],[5.73503,50.45832],[5.73437,50.45817],[5.73401,50.45817],[5.73375,50.45824],[5.73356,50.45882],[5.73334,50.45886],[5.73305,50.4588],[5.7325,50.45856],[5.73213,50.45824],[5.73011,50.45764],[5.72881,50.45707],[5.72789,50.45689],[5.72709,50.45662],[5.72445,50.45527],[5.72399,50.45495],[5.72385,50.45473],[5.72382,50.45353],[5.7237,50.45296],[5.72334,50.45216],[5.72246,50.45106],[5.72099,50.45034],[5.72068,50.45031],[5.72042,50.4504],[5.7204,50.45079],[5.72056,50.4515],[5.72027,50.45206],[5.71961,50.45263],[5.71915,50.45278],[5.71818,50.45279],[5.71665,50.45218],[5.71549,50.45196],[5.71461,50.45158],[5.71412,50.45152],[5.7139,50.45167],[5.71358,50.45212],[5.71327,50.4524],[5.71325,50.45252],[5.71332,50.45272],[5.71436,50.45359],[5.71455,50.45404],[5.71433,50.45437],[5.71257,50.45454],[5.71219,50.45469],[5.7117,50.45521],[5.71128,50.45543],[5.70941,50.45573],[5.70924,50.4559],[5.70914,50.4563],[5.7088,50.45664],[5.70887,50.45715],[5.70872,50.45734],[5.70818,50.45736],[5.70677,50.45707],[5.70622,50.45711],[5.70634,50.458],[5.70673,50.45877],[5.70719,50.45934],[5.70698,50.45991],[5.70696,50.46029],[5.70675,50.46062],[5.70656,50.46064],[5.70625,50.46051],[5.70605,50.45998],[5.70572,50.45942],[5.70545,50.45853],[5.70515,50.4581],[5.70518,50.45793],[5.7056,50.45755],[5.70565,50.45741],[5.7054,50.45733],[5.70503,50.45743],[5.70483,50.45831],[5.70476,50.46026],[5.70497,50.46265],[5.70513,50.46352],[5.70501,50.46381],[5.70454,50.46405],[5.70471,50.46453],[5.70462,50.46473],[5.704,50.46448],[5.70376,50.46407],[5.70323,50.46404],[5.70213,50.46427],[5.7013,50.46421],[5.70054,50.46403],[5.70024,50.46384],[5.70004,50.4636],[5.69999,50.46328],[5.70005,50.46276],[5.70034,50.4623],[5.70066,50.46133],[5.70102,50.4597],[5.70093,50.45933],[5.70044,50.45881],[5.70034,50.45845],[5.70043,50.45826],[5.70087,50.45808],[5.70189,50.45742],[5.70217,50.45713],[5.70229,50.45689],[5.70201,50.45684],[5.70047,50.45704],[5.69986,50.45691],[5.69865,50.45603],[5.69847,50.45564],[5.69846,50.45465],[5.69829,50.45446],[5.698,50.45434],[5.69773,50.45442],[5.69746,50.45464],[5.69709,50.45547],[5.69706,50.45622],[5.6975,50.45697],[5.69814,50.4577],[5.69798,50.45835],[5.69813,50.45904],[5.69836,50.45937],[5.6984,50.45969],[5.69825,50.4599],[5.69786,50.4602],[5.69755,50.46076],[5.69722,50.46116],[5.69675,50.46244],[5.69648,50.4627],[5.69611,50.46272],[5.69548,50.46232],[5.69479,50.46245],[5.69375,50.46233],[5.69268,50.4619],[5.6921,50.46133],[5.69177,50.46126],[5.69153,50.46129],[5.69119,50.46154],[5.69053,50.46174],[5.68937,50.46227],[5.68823,50.46253],[5.6864,50.46276],[5.68582,50.46273],[5.68494,50.46247],[5.68384,50.46178],[5.68316,50.46155],[5.68302,50.46116],[5.68309,50.461],[5.6834,50.46081],[5.68396,50.46065],[5.68484,50.46016],[5.68525,50.45973],[5.68538,50.45933],[5.68552,50.45922],[5.68635,50.45897],[5.68717,50.45858],[5.6888,50.45842],[5.68941,50.45826],[5.68945,50.45814],[5.68929,50.45744],[5.68934,50.4566],[5.6891,50.45648],[5.6887,50.45643],[5.68739,50.45652],[5.68632,50.45677],[5.68592,50.45653],[5.68498,50.45625],[5.68406,50.45623],[5.68338,50.45608],[5.68292,50.45607],[5.68288,50.45603],[5.68327,50.45598],[5.68341,50.45588],[5.68345,50.45571],[5.68335,50.45549],[5.68283,50.45495],[5.68213,50.45466],[5.68184,50.45446],[5.68162,50.45407],[5.68114,50.45392],[5.67932,50.45405],[5.67876,50.45383],[5.67825,50.45325],[5.67803,50.45289],[5.67793,50.45243],[5.6781,50.4522],[5.67814,50.45199],[5.67789,50.45156],[5.6784,50.45133],[5.67918,50.45075],[5.68003,50.45048],[5.68078,50.44983],[5.68134,50.44992],[5.68127,50.4502],[5.6817,50.45024],[5.68179,50.45018],[5.68184,50.44988],[5.68211,50.44972],[5.68254,50.45017],[5.68298,50.45037],[5.6834,50.45024],[5.68364,50.45001],[5.68365,50.44987],[5.68338,50.44964],[5.68307,50.44952],[5.68224,50.44963],[5.68166,50.44938],[5.68083,50.44929],[5.68041,50.44882],[5.68047,50.44858],[5.68074,50.44832],[5.68067,50.44822],[5.67818,50.44778],[5.67583,50.44756],[5.6752,50.44737],[5.67482,50.44717],[5.67471,50.44683],[5.67412,50.4463],[5.67485,50.44521],[5.6754,50.44478],[5.67835,50.44326],[5.67876,50.44297],[5.67928,50.44241],[5.67934,50.44213],[5.67929,50.44189],[5.67807,50.4418],[5.67669,50.44187],[5.67552,50.44233],[5.67505,50.44237],[5.67437,50.44228],[5.67242,50.44188],[5.67208,50.44161],[5.67154,50.44137],[5.67127,50.44077],[5.67142,50.4405],[5.67139,50.44015],[5.67176,50.43968],[5.67285,50.43901],[5.67406,50.43888],[5.67498,50.43923],[5.67546,50.43959],[5.6764,50.43985],[5.67706,50.44023],[5.67828,50.44043],[5.67868,50.44041],[5.67878,50.44034],[5.67879,50.44019],[5.67771,50.43874],[5.67714,50.43836],[5.67618,50.43798],[5.67534,50.43748],[5.67534,50.43735],[5.67558,50.43723],[5.67627,50.43715],[5.67647,50.43687],[5.67681,50.43661],[5.67755,50.43644],[5.68077,50.43673],[5.68151,50.437],[5.68212,50.43688],[5.68099,50.43604],[5.68092,50.43585],[5.681,50.43551],[5.68091,50.4354],[5.67919,50.43497],[5.67834,50.43485],[5.67802,50.43465],[5.67783,50.43436],[5.67726,50.43408],[5.67618,50.43411],[5.67595,50.43394],[5.67593,50.43369],[5.67636,50.43309],[5.6767,50.43243],[5.67766,50.43222],[5.67827,50.43178],[5.6784,50.43161],[5.67844,50.4314],[5.6784,50.43125],[5.67826,50.43117],[5.67781,50.43106],[5.67747,50.43112],[5.6766,50.43191],[5.6765,50.43213],[5.67656,50.43243],[5.67557,50.43256],[5.67533,50.43251],[5.6752,50.43237],[5.67522,50.43168],[5.67514,50.43153],[5.67459,50.43138],[5.67422,50.43101],[5.67356,50.43077],[5.67304,50.43081],[5.67283,50.43101],[5.67382,50.43158],[5.67333,50.43182],[5.67294,50.43172],[5.67244,50.43144],[5.67159,50.43137],[5.67003,50.43103],[5.66921,50.43161],[5.66755,50.43194],[5.66543,50.4316],[5.66463,50.43121],[5.66425,50.43123],[5.66414,50.43131],[5.66408,50.43182],[5.66416,50.4322],[5.66412,50.4324],[5.66379,50.4326],[5.66312,50.43272],[5.66283,50.43301],[5.66277,50.43342],[5.66298,50.43383],[5.66304,50.43431],[5.66298,50.4345],[5.66242,50.43493],[5.66168,50.43527],[5.66109,50.43533],[5.65963,50.43511],[5.65916,50.43494],[5.6584,50.43436],[5.65711,50.43402],[5.65629,50.4339],[5.6551,50.43347],[5.65491,50.43351],[5.65489,50.43383],[5.65535,50.43412],[5.65539,50.43467],[5.65649,50.43548],[5.65677,50.43601],[5.65724,50.43659],[5.6574,50.43696],[5.65745,50.43758],[5.65734,50.43835],[5.65717,50.43861],[5.65674,50.43884],[5.65427,50.43911],[5.65341,50.43911],[5.6497,50.43842],[5.64915,50.43862],[5.64776,50.43869],[5.647,50.43903],[5.64625,50.4392],[5.64552,50.43928],[5.64461,50.43925]],[[5.74711,50.46466],[5.74706,50.46435],[5.74678,50.46387],[5.74684,50.46373],[5.74711,50.46352],[5.74762,50.46373],[5.74778,50.46428],[5.74773,50.46456],[5.74758,50.46479],[5.74744,50.4648],[5.74711,50.46466]],[[5.68252,50.45525],[5.68243,50.4552],[5.68251,50.45513],[5.68277,50.45519],[5.68252,50.45525]],[[5.68169,50.45466],[5.68164,50.45462],[5.68171,50.45452],[5.68195,50.45462],[5.68169,50.45466]],[[5.68294,50.44193],[5.68203,50.44169],[5.68127,50.44132],[5.68107,50.44113],[5.68106,50.44101],[5.68169,50.44075],[5.68256,50.44096],[5.68331,50.44134],[5.68511,50.44187],[5.685,50.44198],[5.68463,50.44202],[5.68294,50.44193]],[[5.65919,50.43716],[5.65786,50.43633],[5.65761,50.43599],[5.6565,50.4353],[5.65646,50.43512],[5.65667,50.43492],[5.6571,50.43487],[5.65788,50.43521],[5.65863,50.4363],[5.65962,50.43715],[5.65919,50.43716]],[[5.67794,50.43497],[5.67783,50.43491],[5.67792,50.43477],[5.67818,50.4349],[5.67794,50.43497]],[[5.67461,50.43337],[5.67432,50.43323],[5.67439,50.43297],[5.67489,50.43286],[5.67518,50.43294],[5.67518,50.43306],[5.67501,50.43324],[5.67461,50.43337]]]}},{"type":"Feature","properties":{"ele":310},"geometry":{"type":"MultiLineString","coordinates":[[[5.74991,50.50659],[5.74958,50.50605],[5.74957,50.50574],[5.75105,50.5052],[5.75132,50.50493],[5.74955,50.50448],[5.7494,50.50441],[5.74938,50.50433],[5.74964,50.50419],[5.75073,50.50427],[5.75133,50.50418],[5.75189,50.50375],[5.75189,50.50352],[5.75168,50.50317],[5.75056,50.50262],[5.7488,50.50229],[5.74833,50.50226],[5.74751,50.50242],[5.74836,50.5027],[5.74865,50.50293],[5.74869,50.5031],[5.74849,50.50352],[5.74849,50.50387],[5.74839,50.50411],[5.74703,50.50439],[5.7468,50.50433],[5.74686,50.50401],[5.74676,50.5038],[5.74574,50.50384],[5.74515,50.50364],[5.7446,50.50356],[5.74493,50.503],[5.74492,50.50279],[5.74481,50.50269],[5.74341,50.50266],[5.74271,50.50278],[5.74224,50.50272],[5.74292,50.50242],[5.74313,50.50223],[5.74317,50.50206],[5.74298,50.50173],[5.74257,50.5013],[5.74137,50.50097],[5.74084,50.50062],[5.74043,50.50048],[5.74054,50.49991],[5.74,50.49939],[5.73965,50.49923],[5.73937,50.49943],[5.73906,50.49949],[5.73756,50.49929],[5.73614,50.49855],[5.73649,50.49827],[5.73655,50.49795],[5.73679,50.49769],[5.73678,50.49738],[5.73665,50.49723],[5.7363,50.49746],[5.73579,50.49743],[5.73544,50.49719],[5.73594,50.49685],[5.73602,50.49661],[5.73599,50.4963],[5.7363,50.49576],[5.73584,50.49577],[5.73528,50.4953],[5.7352,50.49515],[5.73535,50.49488],[5.73584,50.49463],[5.7368,50.49465],[5.73711,50.49429],[5.73721,50.49464],[5.73764,50.49486],[5.73836,50.49548],[5.73859,50.49554],[5.73889,50.49555],[5.73963,50.49531],[5.74068,50.49515],[5.74139,50.49515],[5.74279,50.49544],[5.74289,50.49554],[5.74291,50.49584],[5.74301,50.49599],[5.74453,50.49678],[5.74502,50.4968],[5.74544,50.49631],[5.74583,50.49616],[5.7462,50.49615],[5.74707,50.49635],[5.74835,50.4971],[5.74914,50.49721],[5.74973,50.4969],[5.75001,50.49629],[5.75071,50.49581],[5.75069,50.49571],[5.75026,50.49549],[5.75019,50.49532],[5.75026,50.49512],[5.75061,50.49474],[5.7506,50.49462],[5.74948,50.49412],[5.7487,50.49415],[5.74792,50.49446],[5.74749,50.4944],[5.74651,50.49384],[5.74633,50.49355],[5.74629,50.49323],[5.74589,50.49286],[5.74568,50.49284],[5.74506,50.49302],[5.74486,50.49298],[5.74426,50.49239],[5.74293,50.49161],[5.74277,50.4913],[5.7427,50.49078],[5.7425,50.49049],[5.74078,50.49],[5.7401,50.49008],[5.73911,50.49004],[5.73674,50.49037],[5.73631,50.49005],[5.73584,50.48995],[5.73545,50.48966],[5.73549,50.48934],[5.73506,50.48906],[5.73461,50.48899],[5.7339,50.48923],[5.73344,50.48926],[5.73256,50.48868],[5.73216,50.48854],[5.73168,50.48854],[5.73094,50.48835],[5.73034,50.48839],[5.73012,50.48823],[5.73003,50.48798],[5.72938,50.4877],[5.72918,50.48712],[5.72925,50.48687],[5.72982,50.4864],[5.72994,50.48601],[5.73034,50.48577],[5.73208,50.48563],[5.73342,50.48599],[5.73551,50.48629],[5.73629,50.48688],[5.73621,50.48711],[5.73557,50.48718],[5.73584,50.48726],[5.7364,50.48722],[5.73715,50.48763],[5.73797,50.48791],[5.7384,50.48782],[5.73895,50.48742],[5.73919,50.48706],[5.73962,50.48717],[5.73999,50.48686],[5.74062,50.48675],[5.74175,50.48684],[5.74302,50.48733],[5.74397,50.48801],[5.74443,50.48814],[5.74508,50.48795],[5.74788,50.48795],[5.74835,50.48815],[5.74864,50.48818],[5.75031,50.48791],[5.75161,50.48786],[5.75192,50.48772],[5.74996,50.4869],[5.74961,50.48659],[5.74883,50.4862],[5.74625,50.48549],[5.74361,50.4832],[5.74335,50.48286],[5.74322,50.48244],[5.74348,50.48178],[5.74359,50.48123],[5.7436,50.47887],[5.74369,50.47873],[5.7441,50.47848],[5.74457,50.47794],[5.74523,50.47696],[5.74531,50.47626],[5.74543,50.47602],[5.74584,50.47571],[5.74581,50.47518],[5.74602,50.47493],[5.7461,50.4744],[5.74629,50.4742],[5.74708,50.47412],[5.74864,50.47422],[5.74967,50.47406],[5.75076,50.47442],[5.75198,50.47504],[5.75239,50.47507],[5.75269,50.47495],[5.75278,50.4747],[5.75273,50.47439],[5.75261,50.47407],[5.75238,50.47378],[5.75141,50.47308],[5.75074,50.47281],[5.75044,50.47243],[5.75001,50.4723],[5.74959,50.47189],[5.74976,50.47154],[5.75087,50.47077],[5.7513,50.47065],[5.75174,50.47069],[5.75336,50.47187],[5.75448,50.47209],[5.75505,50.47209],[5.75569,50.47191],[5.75659,50.47133],[5.75661,50.47119],[5.75649,50.47102],[5.75544,50.47048],[5.75509,50.47017],[5.75456,50.46914],[5.75252,50.46715],[5.75252,50.46687],[5.75291,50.46678],[5.75334,50.46689],[5.75345,50.46685],[5.75394,50.46632],[5.75406,50.46581],[5.75394,50.46544],[5.75343,50.46488],[5.75308,50.46432],[5.75311,50.46352],[5.75275,50.46213],[5.75272,50.46161],[5.75254,50.46109],[5.75265,50.46078],[5.75299,50.46049],[5.75396,50.46028],[5.755,50.46025],[5.75561,50.46045],[5.75593,50.4607],[5.7562,50.46163],[5.75687,50.4617],[5.75738,50.46156],[5.75739,50.46085],[5.75687,50.46018],[5.75544,50.45908],[5.75495,50.45897],[5.75422,50.45893],[5.75307,50.459],[5.75099,50.45876],[5.75039,50.45881],[5.74959,50.45903],[5.74928,50.4592],[5.74864,50.4598],[5.74814,50.46051],[5.74752,50.46097],[5.74708,50.46107],[5.74668,50.46077],[5.74559,50.45939],[5.74537,50.4589],[5.7455,50.45828],[5.7462,50.4573],[5.74619,50.45678],[5.74632,50.45601],[5.74596,50.45512],[5.74588,50.4547],[5.74627,50.45326],[5.74632,50.45244],[5.74627,50.45215],[5.74557,50.45079],[5.74469,50.44963],[5.74464,50.44824],[5.74487,50.44689],[5.74501,50.44658],[5.74539,50.44623],[5.74669,50.44542],[5.7475,50.44509],[5.74917,50.44478],[5.75208,50.44462],[5.75337,50.44445],[5.75349,50.44425],[5.75346,50.44366],[5.75377,50.44323],[5.7546,50.44272],[5.75623,50.44208],[5.75639,50.44185],[5.75567,50.44129],[5.75557,50.44071],[5.75525,50.43973],[5.75536,50.43933],[5.75587,50.43881],[5.75542,50.43871],[5.75425,50.43883],[5.75328,50.43926],[5.75273,50.43966],[5.75173,50.43981],[5.75076,50.4402],[5.75033,50.44049],[5.75087,50.44103],[5.75093,50.44128],[5.75086,50.44137],[5.74646,50.44137],[5.74573,50.4415],[5.74483,50.4413],[5.74441,50.44106],[5.74435,50.44076],[5.74422,50.44062],[5.74335,50.44027],[5.74293,50.43997],[5.74274,50.43956],[5.74239,50.43907],[5.74133,50.43822],[5.73977,50.43683],[5.73936,50.43637],[5.7389,50.43539],[5.73877,50.4347],[5.73874,50.4339],[5.7383,50.43273],[5.73777,50.43164],[5.73771,50.4313],[5.73791,50.43072],[5.73836,50.4302],[5.73919,50.42964],[5.74049,50.42912],[5.74126,50.42872],[5.7425,50.42841],[5.74372,50.42796],[5.74474,50.42795],[5.74605,50.42775],[5.74623,50.42765],[5.74643,50.42727],[5.74664,50.42709],[5.74885,50.4267],[5.74951,50.42604],[5.75036,50.42547],[5.7517,50.42521],[5.75494,50.42409]],[[5.75007,50.50659],[5.75073,50.50645],[5.75168,50.50659]],[[5.78037,50.50659],[5.78026,50.50606],[5.78002,50.50577],[5.77983,50.50522],[5.77921,50.50436],[5.77838,50.5037],[5.77717,50.50351],[5.77668,50.5033],[5.77639,50.50297],[5.77606,50.50237],[5.77541,50.5016],[5.77537,50.50128],[5.77585,50.50076],[5.77636,50.50076],[5.77637,50.50051],[5.77623,50.5002],[5.77668,50.4999],[5.77676,50.49995],[5.77683,50.50032],[5.77712,50.50073],[5.77696,50.50104],[5.77753,50.50131],[5.77876,50.50243],[5.77954,50.50273],[5.78009,50.50277],[5.78036,50.50267],[5.7804,50.50241],[5.78089,50.50216],[5.7813,50.50211],[5.78181,50.50239],[5.78214,50.50287],[5.78294,50.50319],[5.78336,50.50352],[5.78378,50.50401],[5.78421,50.50436],[5.78404,50.50501],[5.78406,50.50553],[5.78426,50.50604],[5.7847,50.50659]],[[5.78694,50.50659],[5.78758,50.50628],[5.78795,50.50631],[5.7879,50.50659]],[[5.69669,50.50587],[5.69645,50.5057],[5.69636,50.5055],[5.69652,50.50535],[5.69677,50.50526],[5.69708,50.50528],[5.69746,50.50544],[5.69763,50.5057],[5.69759,50.50581],[5.69729,50.5059],[5.69669,50.50587]],[[5.74502,50.50417],[5.74492,50.50408],[5.74504,50.50404],[5.74502,50.50417]],[[5.73919,50.50304],[5.73895,50.50294],[5.73863,50.50244],[5.73911,50.50214],[5.74004,50.5024],[5.74064,50.5027],[5.73965,50.503],[5.73919,50.50304]],[[5.79461,50.50136],[5.7941,50.50124],[5.79305,50.50071],[5.79255,50.50064],[5.79204,50.50073],[5.7913,50.50105],[5.79042,50.50195],[5.78958,50.50191],[5.78849,50.5016],[5.78831,50.50141],[5.7883,50.50127],[5.78854,50.50104],[5.78867,50.50072],[5.78944,50.50017],[5.78855,50.49914],[5.78847,50.49883],[5.78852,50.49835],[5.78877,50.49802],[5.78926,50.49786],[5.78944,50.4977],[5.78839,50.49742],[5.78771,50.49734],[5.78712,50.49743],[5.78678,50.49771],[5.78622,50.49771],[5.78578,50.4976],[5.78499,50.49716],[5.78519,50.49678],[5.7846,50.49605],[5.78235,50.49416],[5.78171,50.49381],[5.78051,50.49342],[5.77995,50.49337],[5.7787,50.49349],[5.77627,50.49325],[5.77586,50.4933],[5.77544,50.49354],[5.77512,50.49342],[5.77486,50.4931],[5.77478,50.49265],[5.77423,50.49185],[5.77341,50.49103],[5.77254,50.49075],[5.77207,50.4905],[5.772,50.49026],[5.77207,50.49014],[5.77317,50.48965],[5.77324,50.48946],[5.77319,50.48909],[5.77342,50.4888],[5.77333,50.48853],[5.77377,50.48826],[5.77443,50.48824],[5.77446,50.48832],[5.77431,50.48853],[5.77462,50.48862],[5.77484,50.48853],[5.77466,50.48824],[5.77466,50.48807],[5.77496,50.4879],[5.77557,50.48786],[5.77646,50.48819],[5.77687,50.48808],[5.77692,50.48794],[5.77665,50.48767],[5.77686,50.48668],[5.77701,50.48634],[5.77865,50.48574],[5.77907,50.48496],[5.77959,50.48463],[5.78212,50.48388],[5.78255,50.48354],[5.78422,50.48312],[5.78478,50.48325],[5.78476,50.48376],[5.78499,50.48411],[5.78546,50.48413],[5.7856,50.48332],[5.78574,50.48318],[5.78594,50.48315],[5.7867,50.48345],[5.7871,50.48386],[5.78754,50.4839],[5.78795,50.48379],[5.78833,50.48385],[5.78889,50.48428],[5.7892,50.48472],[5.79007,50.48458],[5.79082,50.48487],[5.79088,50.48494],[5.79082,50.48515],[5.79039,50.4852],[5.79075,50.48576],[5.79166,50.486],[5.79273,50.48656],[5.79327,50.48712],[5.79342,50.48746],[5.79461,50.48857]],[[5.79127,50.49889],[5.7908,50.49856],[5.78998,50.49827],[5.78938,50.498],[5.78936,50.49793],[5.78959,50.49777],[5.78984,50.49773],[5.79088,50.49795],[5.79214,50.49882],[5.79193,50.4989],[5.79127,50.49889]],[[5.73502,50.49811],[5.73484,50.49799],[5.735,50.49786],[5.73512,50.49797],[5.73502,50.49811]],[[5.78627,50.49722],[5.78614,50.49715],[5.78661,50.4971],[5.78692,50.49716],[5.78665,50.4973],[5.78627,50.49722]],[[5.69086,50.49383],[5.68948,50.49375],[5.68795,50.49351],[5.68635,50.49373],[5.68588,50.49371],[5.68411,50.49327],[5.68368,50.493],[5.68338,50.4927],[5.68253,50.49234],[5.68177,50.49245],[5.6812,50.49262],[5.68042,50.49263],[5.67961,50.49299],[5.67877,50.49271],[5.67918,50.49242],[5.67985,50.49212],[5.68023,50.49178],[5.68121,50.49128],[5.68135,50.49101],[5.68136,50.49019],[5.6821,50.48964],[5.68234,50.48963],[5.68297,50.48981],[5.68528,50.4899],[5.68531,50.48999],[5.68508,50.49018],[5.6846,50.49053],[5.68414,50.49075],[5.68398,50.49095],[5.68401,50.4911],[5.68455,50.49133],[5.68542,50.4914],[5.68597,50.49155],[5.68678,50.49262],[5.68703,50.49279],[5.68858,50.49271],[5.68862,50.49261],[5.68841,50.49234],[5.68812,50.49216],[5.68815,50.49203],[5.68878,50.49144],[5.68959,50.49113],[5.69087,50.49049],[5.69205,50.48876],[5.69282,50.48842],[5.69323,50.48836],[5.69376,50.48842],[5.6943,50.48871],[5.69479,50.48912],[5.69535,50.49001],[5.69537,50.49019],[5.69518,50.49078],[5.69552,50.49178],[5.69544,50.49215],[5.69456,50.49269],[5.69339,50.49302],[5.69239,50.4931],[5.69071,50.49296],[5.69093,50.49313],[5.69109,50.49345],[5.69105,50.49362],[5.69086,50.49383]],[[5.67586,50.49288],[5.67573,50.49272],[5.67584,50.49263],[5.67682,50.49271],[5.6766,50.49281],[5.67586,50.49288]],[[5.68919,50.49271],[5.68904,50.49269],[5.68946,50.49269],[5.68919,50.49271]],[[5.67919,50.49051],[5.67916,50.49043],[5.67933,50.49039],[5.68005,50.49047],[5.67919,50.49051]],[[5.68044,50.49029],[5.6803,50.49019],[5.68063,50.4902],[5.68044,50.49029]],[[5.73877,50.48692],[5.73864,50.48687],[5.73894,50.48687],[5.73877,50.48692]],[[5.70294,50.46299],[5.70354,50.46275],[5.70379,50.4628],[5.70389,50.46295],[5.70344,50.46311],[5.70294,50.46299]],[[5.70211,50.46273],[5.70194,50.46266],[5.70182,50.46244],[5.7019,50.46164],[5.7016,50.46074],[5.70169,50.4602],[5.70224,50.45953],[5.70218,50.45885],[5.70186,50.45831],[5.70184,50.45807],[5.70193,50.45795],[5.70298,50.45744],[5.70382,50.45738],[5.70389,50.45744],[5.70392,50.45779],[5.7042,50.45824],[5.70408,50.45876],[5.70422,50.45928],[5.70414,50.45968],[5.70425,50.46078],[5.70429,50.46243],[5.7042,50.46258],[5.70396,50.46266],[5.70292,50.46258],[5.70211,50.46273]],[[5.68711,50.46195],[5.68677,50.46181],[5.68623,50.46179],[5.68602,50.46161],[5.68588,50.46129],[5.6853,50.46104],[5.68599,50.46083],[5.68611,50.46043],[5.68627,50.4602],[5.68671,50.46021],[5.68674,50.45984],[5.68709,50.45936],[5.68765,50.45927],[5.68846,50.45944],[5.68871,50.45933],[5.68921,50.45883],[5.68969,50.45877],[5.69008,50.45881],[5.69066,50.45936],[5.69083,50.45984],[5.6904,50.4602],[5.69105,50.46073],[5.69104,50.46085],[5.69088,50.46105],[5.69038,50.4613],[5.68961,50.46187],[5.6889,50.46207],[5.68838,50.46211],[5.6876,50.4619],[5.68711,50.46195]],[[5.72775,50.42409],[5.72743,50.42429],[5.72656,50.4246],[5.72637,50.4248],[5.7264,50.42495],[5.72691,50.42521],[5.72711,50.42551],[5.72796,50.42604],[5.72646,50.4271],[5.72608,50.42789],[5.72605,50.42821],[5.72675,50.42934],[5.72821,50.43067],[5.72831,50.43092],[5.72829,50.43144],[5.72895,50.43276],[5.72999,50.43413],[5.73052,50.43466],[5.73061,50.43491],[5.73051,50.43529],[5.73058,50.43574],[5.73041,50.43599],[5.73007,50.43606],[5.72964,50.43603],[5.72793,50.43562],[5.72655,50.43496],[5.7257,50.4344],[5.72534,50.43362],[5.72509,50.43207],[5.72418,50.43132],[5.72399,50.4313],[5.72372,50.4313],[5.72356,50.43151],[5.72356,50.43164],[5.72382,50.43205],[5.72387,50.43243],[5.72375,50.43268],[5.72339,50.433],[5.72325,50.43338],[5.72176,50.4349],[5.72129,50.43523],[5.72078,50.43546],[5.72019,50.43545],[5.71926,50.43511],[5.71799,50.43486],[5.71678,50.43441],[5.71505,50.43411],[5.71466,50.43415],[5.71432,50.43447],[5.71378,50.43465],[5.71297,50.43453],[5.71146,50.43467],[5.71179,50.43491],[5.71289,50.43528],[5.71469,50.43532],[5.71541,50.43546],[5.71724,50.43621],[5.71779,50.4366],[5.71801,50.43685],[5.71804,50.43748],[5.71818,50.438],[5.71814,50.43862],[5.71826,50.43892],[5.71841,50.43904],[5.7188,50.43903],[5.71924,50.43888],[5.71967,50.4386],[5.72036,50.43794],[5.72088,50.43771],[5.72141,50.43763],[5.72369,50.43759],[5.72415,50.43775],[5.72584,50.43868],[5.7274,50.43939],[5.72885,50.43992],[5.72958,50.44029],[5.73026,50.44049],[5.73034,50.44095],[5.73029,50.44132],[5.73057,50.44181],[5.73035,50.44216],[5.72962,50.44271],[5.72854,50.44313],[5.72663,50.44352],[5.72668,50.44382],[5.72688,50.44407],[5.72785,50.44498],[5.72773,50.44519],[5.72728,50.44547],[5.72709,50.4457],[5.72696,50.4466],[5.7272,50.44686],[5.72727,50.44714],[5.72807,50.44766],[5.72826,50.44817],[5.72887,50.44879],[5.72925,50.44907],[5.72963,50.44961],[5.73044,50.44993],[5.73073,50.45018],[5.73086,50.45047],[5.73084,50.45107],[5.73132,50.45172],[5.73208,50.45198],[5.73299,50.45185],[5.73422,50.45228],[5.73509,50.45245],[5.73635,50.45293],[5.73721,50.45352],[5.73726,50.45373],[5.73721,50.4539],[5.73656,50.45436],[5.73619,50.45482],[5.73571,50.45605],[5.73507,50.45717],[5.73424,50.45743],[5.73382,50.45748],[5.733,50.45741],[5.73182,50.4576],[5.73083,50.45748],[5.72931,50.45682],[5.72706,50.45615],[5.72581,50.45551],[5.72498,50.45498],[5.72471,50.4546],[5.72461,50.45437],[5.72458,50.45366],[5.72444,50.4531],[5.72374,50.4519],[5.72367,50.45154],[5.72293,50.45087],[5.72181,50.4502],[5.72126,50.44966],[5.72052,50.44949],[5.72,50.44964],[5.7198,50.44991],[5.71986,50.45064],[5.71984,50.45147],[5.71977,50.45168],[5.71961,50.45187],[5.71921,50.45209],[5.71854,50.45231],[5.71818,50.45228],[5.71698,50.4517],[5.71629,50.45159],[5.71576,50.45162],[5.71427,50.451],[5.71379,50.45107],[5.71346,50.45144],[5.71318,50.45199],[5.71273,50.45239],[5.71263,50.45262],[5.71282,50.45297],[5.71379,50.4538],[5.7137,50.45404],[5.71236,50.45428],[5.71167,50.45464],[5.71133,50.45499],[5.71109,50.45509],[5.70989,50.45527],[5.7092,50.45549],[5.70873,50.45573],[5.70836,50.45634],[5.70667,50.45641],[5.70589,50.4563],[5.70543,50.45605],[5.70526,50.45585],[5.70499,50.45549],[5.70503,50.4552],[5.7042,50.45421],[5.70403,50.45443],[5.70377,50.4552],[5.70299,50.4555],[5.70276,50.45575],[5.70161,50.45616],[5.70048,50.4562],[5.70001,50.45586],[5.69953,50.45575],[5.69928,50.45543],[5.69954,50.45466],[5.70006,50.45383],[5.70002,50.45368],[5.69911,50.45363],[5.69799,50.45387],[5.69751,50.45414],[5.69666,50.45509],[5.69543,50.45602],[5.69524,50.45647],[5.69531,50.45681],[5.6954,50.45692],[5.69552,50.45693],[5.69582,50.45682],[5.69601,50.45663],[5.69597,50.45649],[5.69578,50.45631],[5.69629,50.45622],[5.69641,50.45657],[5.69671,50.45685],[5.6972,50.45773],[5.69708,50.45795],[5.69668,50.45808],[5.69642,50.45828],[5.69639,50.45848],[5.69661,50.4588],[5.69661,50.45894],[5.69628,50.45968],[5.69583,50.45979],[5.69538,50.46017],[5.69559,50.46047],[5.69523,50.46072],[5.69521,50.46108],[5.69464,50.46134],[5.69408,50.46135],[5.69402,50.46125],[5.69405,50.4606],[5.69395,50.46042],[5.69372,50.46027],[5.69255,50.45986],[5.69218,50.45994],[5.69204,50.46017],[5.69184,50.46026],[5.69122,50.46022],[5.691,50.46001],[5.691,50.45989],[5.69173,50.45946],[5.69179,50.45925],[5.69171,50.45907],[5.69125,50.45888],[5.69113,50.45824],[5.69073,50.45774],[5.6908,50.4573],[5.69057,50.45682],[5.69053,50.45629],[5.69021,50.45575],[5.68978,50.45527],[5.68927,50.45507],[5.68874,50.45508],[5.68856,50.45523],[5.68836,50.45604],[5.68793,50.45604],[5.68751,50.45576],[5.6878,50.45515],[5.68763,50.45463],[5.68703,50.45448],[5.68547,50.45429],[5.68502,50.45412],[5.68444,50.45366],[5.68408,50.45299],[5.68355,50.45271],[5.68284,50.45247],[5.68288,50.45235],[5.6833,50.45208],[5.68337,50.45184],[5.68298,50.45172],[5.68256,50.4519],[5.68238,50.45187],[5.68248,50.45158],[5.68289,50.4515],[5.6832,50.45128],[5.68375,50.45117],[5.68452,50.45122],[5.68475,50.4511],[5.68474,50.45092],[5.68435,50.45043],[5.68488,50.44993],[5.68495,50.4497],[5.68451,50.4494],[5.6843,50.44906],[5.68368,50.44865],[5.68286,50.44865],[5.68249,50.44857],[5.6824,50.44824],[5.68217,50.448],[5.68161,50.44772],[5.68132,50.44734],[5.68061,50.44715],[5.6805,50.44686],[5.67958,50.44666],[5.67875,50.44635],[5.67709,50.44604],[5.67669,50.44576],[5.67584,50.44566],[5.67553,50.44546],[5.67556,50.44529],[5.67572,50.44516],[5.67718,50.44467],[5.67961,50.44353],[5.68007,50.44327],[5.68087,50.44243],[5.68135,50.44217],[5.68542,50.44242],[5.68771,50.4428],[5.68864,50.4428],[5.68895,50.4427],[5.68876,50.44248],[5.68771,50.44173],[5.68619,50.44107],[5.68542,50.44049],[5.68472,50.44022],[5.68167,50.43938],[5.68088,50.43904],[5.68045,50.43904],[5.67932,50.43927],[5.67904,50.4392],[5.67885,50.43904],[5.67863,50.43852],[5.67964,50.43853],[5.67954,50.43826],[5.67929,50.43795],[5.67875,50.43772],[5.67836,50.43743],[5.67885,50.43723],[5.68133,50.43742],[5.68255,50.43768],[5.68417,50.43827],[5.68471,50.43826],[5.68519,50.43799],[5.68388,50.43706],[5.683,50.43667],[5.68207,50.43606],[5.68196,50.43571],[5.6822,50.4352],[5.68218,50.43491],[5.68132,50.4343],[5.6796,50.43373],[5.67833,50.43373],[5.67749,50.43383],[5.67718,50.43376],[5.67703,50.43362],[5.67703,50.43342],[5.67749,50.43268],[5.67785,50.43241],[5.67849,50.43218],[5.67885,50.43186],[5.67912,50.43067],[5.67911,50.42963],[5.67923,50.42912],[5.67916,50.42904],[5.67875,50.42905],[5.67846,50.42967],[5.67756,50.43048],[5.6771,50.43075],[5.67676,50.43119],[5.67631,50.43135],[5.67612,50.43079],[5.67651,50.43045],[5.67648,50.42999],[5.6764,50.42989],[5.67626,50.42986],[5.67553,50.43007],[5.67497,50.42979],[5.67411,50.42991],[5.67271,50.42975],[5.67244,50.42981],[5.67166,50.43022],[5.67073,50.43042],[5.66961,50.43038],[5.66842,50.43086],[5.66771,50.43095],[5.66625,50.4309],[5.6646,50.43042],[5.66386,50.43049],[5.66359,50.43078],[5.66335,50.43162],[5.66299,50.43188],[5.66245,50.43193],[5.66206,50.43205],[5.6617,50.43248],[5.66125,50.43272],[5.66086,50.43326],[5.66047,50.43337],[5.65792,50.43313],[5.65641,50.43284],[5.65513,50.43236],[5.65458,50.43235],[5.65413,50.43279],[5.65302,50.43333],[5.65287,50.43349],[5.6528,50.43369],[5.65287,50.43387],[5.65347,50.43406],[5.65346,50.43439],[5.65371,50.43466],[5.65449,50.435],[5.65473,50.43518],[5.65461,50.43548],[5.65405,50.4358],[5.65418,50.43681],[5.65406,50.43723],[5.65386,50.43749],[5.65312,50.43777],[5.6525,50.43783],[5.65125,50.43772],[5.64886,50.43723],[5.64851,50.43739],[5.64849,50.43761],[5.64869,50.43782],[5.64923,50.43799],[5.64879,50.43826],[5.64771,50.43826],[5.64721,50.43796],[5.64586,50.4377],[5.64535,50.43795],[5.64461,50.43799]],[[5.68544,50.4559],[5.68524,50.45576],[5.68502,50.45534],[5.68413,50.45503],[5.6837,50.45462],[5.68462,50.45426],[5.68529,50.45466],[5.6863,50.45484],[5.68637,50.45505],[5.68628,50.45558],[5.68589,50.45587],[5.68544,50.4559]],[[5.70086,50.45288],[5.70068,50.4527],[5.7006,50.45248],[5.70083,50.45206],[5.70126,50.45218],[5.70158,50.45241],[5.7016,50.45255],[5.70146,50.45274],[5.70086,50.45288]],[[5.67961,50.45162],[5.67953,50.45159],[5.67961,50.45162]],[[5.68086,50.45108],[5.68071,50.45102],[5.68086,50.45093],[5.68112,50.45102],[5.68086,50.45108]],[[5.68127,50.45081],[5.68126,50.45076],[5.68127,50.45081]],[[5.67461,50.44169],[5.67359,50.44148],[5.67304,50.44128],[5.67268,50.44071],[5.67289,50.44019],[5.67338,50.44003],[5.67453,50.44002],[5.67542,50.44039],[5.6763,50.44045],[5.67755,50.44098],[5.67837,50.44102],[5.67923,50.44131],[5.67729,50.44144],[5.67557,50.44181],[5.67461,50.44169]],[[5.68044,50.44008],[5.68032,50.43993],[5.68048,50.43992],[5.68044,50.44008]],[[5.67419,50.43968],[5.67411,50.43965],[5.67419,50.43968]],[[5.71461,50.43406],[5.71456,50.43379],[5.71505,50.43335],[5.71548,50.43324],[5.71548,50.43356],[5.71513,50.43397],[5.71494,50.43407],[5.71461,50.43406]],[[5.67961,50.42857],[5.67919,50.42853],[5.67845,50.42828],[5.67823,50.42806],[5.67823,50.42792],[5.67841,50.42776],[5.67871,50.42768],[5.6792,50.42771],[5.68004,50.42717],[5.68086,50.42687],[5.68171,50.42715],[5.68173,50.42744],[5.68114,50.42756],[5.67977,50.42822],[5.67966,50.42832],[5.67961,50.42857]]]}},{"type":"Feature","properties":{"ele":320},"geometry":{"type":"MultiLineString","coordinates":[[[5.75205,50.50659],[5.75149,50.50632],[5.75141,50.50609],[5.75153,50.5057],[5.75208,50.50539],[5.75231,50.50511],[5.75227,50.50491],[5.75194,50.50468],[5.75168,50.50437],[5.75224,50.50391],[5.75232,50.50376],[5.75226,50.50331],[5.75232,50.50289],[5.75194,50.50241],[5.75146,50.50224],[5.75,50.50212],[5.74927,50.50187],[5.74891,50.50184],[5.74661,50.50226],[5.74484,50.50215],[5.7449,50.50193],[5.74485,50.50181],[5.74385,50.50134],[5.74356,50.501],[5.74294,50.50076],[5.74298,50.50046],[5.74269,50.50016],[5.74166,50.49993],[5.74162,50.49968],[5.7417,50.49954],[5.7421,50.49928],[5.74243,50.49928],[5.74257,50.49922],[5.74276,50.49863],[5.74268,50.49848],[5.74191,50.49798],[5.7413,50.49776],[5.73959,50.49766],[5.73876,50.49829],[5.73836,50.49814],[5.73793,50.4977],[5.738,50.49745],[5.73842,50.49718],[5.73857,50.49699],[5.73858,50.49654],[5.73871,50.49628],[5.73925,50.49607],[5.7395,50.49573],[5.74099,50.49542],[5.74224,50.49568],[5.74227,50.49582],[5.74201,50.49627],[5.74211,50.49657],[5.74279,50.49683],[5.74344,50.49743],[5.74334,50.49755],[5.74302,50.49765],[5.74256,50.49742],[5.74246,50.49745],[5.74328,50.49788],[5.74406,50.49786],[5.74467,50.49799],[5.74504,50.49799],[5.74562,50.49784],[5.74628,50.498],[5.74712,50.49792],[5.74739,50.49828],[5.74802,50.49846],[5.74839,50.49838],[5.74875,50.49789],[5.74953,50.49816],[5.74999,50.49815],[5.75135,50.49751],[5.75168,50.49714],[5.75215,50.49634],[5.75203,50.49604],[5.75211,50.49575],[5.75192,50.49522],[5.7521,50.49461],[5.75212,50.4941],[5.75194,50.49388],[5.75171,50.4938],[5.75109,50.49387],[5.74953,50.49333],[5.74917,50.49339],[5.74844,50.49367],[5.74808,50.49365],[5.74709,50.49301],[5.74694,50.49272],[5.7469,50.49241],[5.7467,50.49214],[5.74626,50.49213],[5.74557,50.49229],[5.74498,50.49215],[5.74433,50.49155],[5.74346,50.49104],[5.74338,50.49085],[5.7434,50.49045],[5.74315,50.4902],[5.74391,50.48981],[5.74539,50.4897],[5.74598,50.48939],[5.7457,50.48912],[5.7451,50.48889],[5.74464,50.48886],[5.74418,50.48913],[5.74364,50.48923],[5.74095,50.48888],[5.74066,50.48908],[5.74046,50.48967],[5.74027,50.48987],[5.74008,50.48995],[5.73963,50.48993],[5.73922,50.48979],[5.73844,50.48969],[5.73786,50.48975],[5.73751,50.48967],[5.73734,50.48928],[5.73742,50.48857],[5.73717,50.48843],[5.73631,50.48843],[5.73542,50.48873],[5.73469,50.48868],[5.73298,50.48823],[5.73182,50.48822],[5.73084,50.48769],[5.73105,50.48719],[5.73187,50.48683],[5.7321,50.48631],[5.73285,50.48627],[5.73413,50.48662],[5.73474,50.4874],[5.73502,50.48757],[5.73584,50.48779],[5.73666,50.48783],[5.73744,50.48817],[5.73849,50.48842],[5.73885,50.48841],[5.73921,50.48828],[5.7394,50.48791],[5.74016,50.48746],[5.74039,50.48713],[5.74062,50.48709],[5.74102,50.48712],[5.74169,50.48743],[5.74296,50.48767],[5.74338,50.48792],[5.74375,50.48831],[5.74459,50.48865],[5.74545,50.48827],[5.74625,50.48821],[5.74755,50.48818],[5.74849,50.48842],[5.74984,50.48817],[5.75123,50.48835],[5.75211,50.48798],[5.75232,50.48776],[5.7522,50.4876],[5.7504,50.48689],[5.74996,50.48636],[5.74942,50.48607],[5.74752,50.48548],[5.7463,50.48485],[5.74568,50.48439],[5.74547,50.4838],[5.74417,50.48283],[5.74407,50.48265],[5.744,50.48185],[5.74427,50.48071],[5.74437,50.47977],[5.74409,50.47939],[5.74403,50.47911],[5.74421,50.47883],[5.74489,50.47842],[5.74581,50.47658],[5.74671,50.47577],[5.74624,50.4752],[5.74657,50.47497],[5.7466,50.47487],[5.74647,50.47464],[5.74672,50.47441],[5.74715,50.47436],[5.74864,50.47442],[5.74969,50.47429],[5.75058,50.47457],[5.75215,50.47535],[5.75265,50.47533],[5.75298,50.47521],[5.75316,50.47505],[5.75328,50.47484],[5.75324,50.47456],[5.75302,50.47404],[5.75266,50.4736],[5.75172,50.47292],[5.75116,50.47272],[5.75081,50.47218],[5.75022,50.4719],[5.75027,50.47178],[5.75069,50.47156],[5.75105,50.47125],[5.7517,50.47103],[5.75324,50.47198],[5.75489,50.47228],[5.75583,50.47212],[5.75685,50.47139],[5.75692,50.47119],[5.75684,50.47098],[5.75543,50.47021],[5.75515,50.46984],[5.75493,50.46917],[5.75429,50.46827],[5.75328,50.46745],[5.75368,50.46714],[5.75411,50.46703],[5.75461,50.46704],[5.75481,50.46686],[5.75454,50.4666],[5.75458,50.46602],[5.75445,50.46553],[5.75419,50.4652],[5.75377,50.46493],[5.75336,50.46437],[5.7533,50.46404],[5.75341,50.46353],[5.75321,50.46289],[5.75321,50.46241],[5.75276,50.46105],[5.75293,50.46075],[5.75342,50.46052],[5.75411,50.4604],[5.75489,50.46039],[5.75527,50.46049],[5.7556,50.4607],[5.75574,50.46095],[5.75586,50.46159],[5.7563,50.46186],[5.75711,50.46187],[5.75775,50.46167],[5.7579,50.46147],[5.75766,50.46102],[5.75757,50.46045],[5.7564,50.45965],[5.75585,50.4591],[5.75531,50.45888],[5.75437,50.45876],[5.75334,50.45882],[5.75109,50.45862],[5.74993,50.45876],[5.74922,50.45903],[5.74877,50.45937],[5.74832,50.45986],[5.74796,50.46049],[5.74755,50.46078],[5.7471,50.46077],[5.74688,50.46054],[5.74583,50.4594],[5.74572,50.45904],[5.74589,50.45827],[5.74651,50.45748],[5.74662,50.4572],[5.74664,50.45605],[5.74615,50.4547],[5.74652,50.45331],[5.74659,50.4523],[5.74641,50.45178],[5.74586,50.45076],[5.74506,50.44961],[5.74496,50.44814],[5.74513,50.44692],[5.74529,50.4466],[5.7472,50.44537],[5.74776,50.4452],[5.74965,50.44488],[5.75234,50.44477],[5.75294,50.44464],[5.75349,50.44474],[5.75388,50.44469],[5.75393,50.44456],[5.75368,50.44376],[5.75373,50.44352],[5.75394,50.44332],[5.7546,50.44293],[5.75674,50.44225],[5.75697,50.44209],[5.75688,50.4418],[5.75597,50.44098],[5.75554,50.43991],[5.75551,50.43967],[5.7556,50.43942],[5.7562,50.43891],[5.75707,50.43838],[5.75799,50.43825],[5.75785,50.43818],[5.75739,50.4382],[5.75505,50.43856],[5.75417,50.43853],[5.75374,50.43869],[5.75299,50.43916],[5.75215,50.43938],[5.75171,50.43965],[5.75049,50.44006],[5.74998,50.44036],[5.74919,50.44056],[5.74828,50.44061],[5.74693,50.44092],[5.74573,50.44094],[5.74505,50.44081],[5.74465,50.44047],[5.74338,50.4398],[5.7427,50.43902],[5.74007,50.43684],[5.7396,50.43632],[5.73925,50.43546],[5.73904,50.43397],[5.73876,50.43328],[5.73862,50.43265],[5.73821,50.43175],[5.73814,50.43137],[5.73828,50.43094],[5.73871,50.43044],[5.74004,50.42966],[5.74253,50.42882],[5.74376,50.42824],[5.74568,50.42811],[5.7463,50.42799],[5.74674,50.42746],[5.74701,50.42734],[5.74868,50.42713],[5.74928,50.42692],[5.7499,50.42627],[5.75044,50.42589],[5.7534,50.42494],[5.75457,50.42445],[5.756,50.42409]],[[5.7679,50.50659],[5.76795,50.50649],[5.76818,50.50646],[5.7685,50.50659]],[[5.77947,50.50659],[5.7795,50.50632],[5.77969,50.50601],[5.77955,50.50561],[5.77828,50.50495],[5.7776,50.50478],[5.77667,50.50471],[5.77603,50.50441],[5.77544,50.50395],[5.77365,50.50219],[5.77346,50.50189],[5.77336,50.50159],[5.77394,50.50106],[5.77425,50.50053],[5.77469,50.50021],[5.77591,50.49968],[5.77582,50.4994],[5.77586,50.49918],[5.77617,50.49894],[5.77641,50.49889],[5.77664,50.49895],[5.77745,50.49941],[5.77756,50.49966],[5.77727,50.50029],[5.77741,50.50102],[5.77918,50.50243],[5.77963,50.5025],[5.78002,50.50242],[5.78051,50.50216],[5.78148,50.50138],[5.7817,50.5009],[5.78219,50.50095],[5.78296,50.50173],[5.78413,50.50335],[5.78511,50.50395],[5.78546,50.50435],[5.78551,50.50462],[5.78542,50.50489],[5.78478,50.50536],[5.7846,50.50575],[5.78544,50.50631],[5.78577,50.50646],[5.78598,50.50643],[5.78641,50.50606],[5.78641,50.50571],[5.78661,50.50538],[5.78683,50.5053],[5.78739,50.5053],[5.78964,50.50559],[5.78981,50.50588],[5.78959,50.50659]],[[5.69711,50.5058],[5.69694,50.5057],[5.69691,50.50548],[5.69717,50.50548],[5.69722,50.50572],[5.69711,50.5058]],[[5.74711,50.50367],[5.74617,50.50331],[5.74611,50.50317],[5.74619,50.50295],[5.74646,50.5028],[5.74682,50.50274],[5.74837,50.50297],[5.74833,50.50323],[5.74788,50.50363],[5.7475,50.50376],[5.74711,50.50367]],[[5.79461,50.50175],[5.79327,50.50122],[5.79229,50.50108],[5.79163,50.50127],[5.79162,50.50157],[5.79131,50.50191],[5.79118,50.50237],[5.79087,50.50262],[5.78925,50.50247],[5.78833,50.50217],[5.78795,50.50178],[5.78712,50.5013],[5.78682,50.50092],[5.78666,50.50057],[5.78668,50.50044],[5.78781,50.4999],[5.78802,50.4997],[5.78792,50.49912],[5.78753,50.49853],[5.78702,50.49828],[5.78585,50.49799],[5.78541,50.49767],[5.78462,50.49742],[5.78393,50.49601],[5.78301,50.49547],[5.78248,50.49494],[5.7817,50.49436],[5.78015,50.49365],[5.77864,50.49366],[5.77641,50.49343],[5.77594,50.49356],[5.77577,50.49411],[5.77548,50.49442],[5.77537,50.49442],[5.77498,50.49422],[5.77459,50.49362],[5.77388,50.49298],[5.77278,50.49143],[5.77212,50.49103],[5.77129,50.49072],[5.77116,50.49046],[5.77111,50.49001],[5.77118,50.48987],[5.77191,50.48936],[5.77169,50.4889],[5.77167,50.48849],[5.77239,50.48768],[5.77378,50.48715],[5.7751,50.48692],[5.77523,50.48651],[5.77577,50.48607],[5.77629,50.48549],[5.77716,50.48527],[5.77742,50.4849],[5.77881,50.48443],[5.7792,50.48401],[5.77958,50.48381],[5.78046,50.48368],[5.7813,50.48336],[5.78144,50.48325],[5.78145,50.48301],[5.78154,50.48293],[5.78248,50.48284],[5.78271,50.48272],[5.78296,50.48243],[5.78406,50.4821],[5.78448,50.48214],[5.78461,50.48244],[5.78713,50.48239],[5.7879,50.48273],[5.78921,50.48269],[5.78966,50.48298],[5.79069,50.4833],[5.79274,50.48443],[5.79318,50.48498],[5.79329,50.48543],[5.79312,50.48578],[5.79408,50.48637],[5.79422,50.48654],[5.79433,50.48688],[5.79461,50.48712]],[[5.74336,50.49966],[5.74335,50.49959],[5.74354,50.49956],[5.74381,50.49963],[5.74336,50.49966]],[[5.73794,50.49885],[5.73781,50.49881],[5.73796,50.49879],[5.73794,50.49885]],[[5.74669,50.49702],[5.7463,50.49675],[5.74585,50.49659],[5.74676,50.49657],[5.7469,50.49684],[5.74669,50.49702]],[[5.73794,50.49607],[5.7378,50.4958],[5.73792,50.4957],[5.73802,50.49577],[5.73794,50.49607]],[[5.73711,50.4955],[5.73701,50.49547],[5.73757,50.49548],[5.73711,50.4955]],[[5.73669,50.49542],[5.73642,50.49527],[5.7364,50.49518],[5.73665,50.49508],[5.73687,50.49515],[5.73689,50.49525],[5.73669,50.49542]],[[5.68627,50.49359],[5.68486,50.49325],[5.68447,50.493],[5.68445,50.4927],[5.68513,50.49217],[5.68531,50.49187],[5.68549,50.49182],[5.68564,50.49188],[5.68581,50.49215],[5.68629,50.49252],[5.68669,50.49298],[5.68703,50.49312],[5.68785,50.49321],[5.68818,50.49298],[5.68896,50.49292],[5.68942,50.493],[5.69009,50.49327],[5.68993,50.49341],[5.68953,50.4935],[5.68771,50.49328],[5.68627,50.49359]],[[5.68086,50.49222],[5.68068,50.49217],[5.68061,50.49206],[5.68066,50.49188],[5.68081,50.49179],[5.68104,50.49185],[5.68142,50.49213],[5.68127,50.49222],[5.68086,50.49222]],[[5.68377,50.49204],[5.68341,50.49181],[5.68366,50.49148],[5.68396,50.49145],[5.68438,50.49163],[5.68443,50.49178],[5.68436,50.4919],[5.68377,50.49204]],[[5.68169,50.49178],[5.68151,50.49162],[5.6815,50.49147],[5.68194,50.49085],[5.68206,50.49044],[5.68297,50.49035],[5.6842,50.49046],[5.68374,50.49067],[5.68337,50.49113],[5.68255,50.4917],[5.68213,50.49182],[5.68169,50.49178]],[[5.73627,50.4894],[5.73656,50.48933],[5.73686,50.48937],[5.73669,50.48945],[5.73627,50.4894]],[[5.77752,50.48555],[5.7774,50.48548],[5.77751,50.48538],[5.7776,50.48547],[5.77752,50.48555]],[[5.79252,50.48524],[5.79164,50.48491],[5.79208,50.48481],[5.79258,50.48487],[5.79268,50.48494],[5.7927,50.48508],[5.79265,50.4852],[5.79252,50.48524]],[[5.75169,50.4725],[5.75157,50.47242],[5.75168,50.47228],[5.75181,50.4724],[5.75169,50.4725]],[[5.70336,50.46214],[5.70324,50.46193],[5.70327,50.46183],[5.70379,50.46182],[5.70374,50.462],[5.70336,50.46214]],[[5.75877,50.46161],[5.7586,50.46158],[5.75925,50.46159],[5.75877,50.46161]],[[5.68877,50.46132],[5.68857,50.46112],[5.68857,50.46097],[5.68924,50.4606],[5.68954,50.46019],[5.69004,50.4603],[5.69059,50.46072],[5.69056,50.46083],[5.6904,50.46092],[5.68961,50.46116],[5.68877,50.46132]],[[5.69419,50.45951],[5.6933,50.45912],[5.69346,50.45882],[5.69326,50.45854],[5.69344,50.45827],[5.69325,50.45801],[5.69334,50.45784],[5.6938,50.45789],[5.69422,50.45779],[5.69452,50.45782],[5.69492,50.45799],[5.69525,50.45828],[5.69517,50.45907],[5.69503,50.45937],[5.69419,50.45951]],[[5.7275,50.42409],[5.7263,50.42438],[5.72583,50.42463],[5.72558,50.42487],[5.72565,50.42497],[5.72667,50.4253],[5.72729,50.42607],[5.72713,50.42632],[5.72673,50.42663],[5.72626,50.42686],[5.72604,50.42713],[5.72591,50.42741],[5.72582,50.42826],[5.72625,50.42911],[5.72804,50.43074],[5.72808,50.4314],[5.7288,50.43294],[5.73035,50.4348],[5.73036,50.43498],[5.73019,50.43529],[5.73021,50.4357],[5.73015,50.4358],[5.72946,50.4358],[5.72792,50.43535],[5.72753,50.4352],[5.72674,50.43465],[5.72621,50.43414],[5.72603,50.43387],[5.72587,50.43324],[5.72528,50.43185],[5.72471,50.43121],[5.72422,50.43098],[5.7229,50.43133],[5.7228,50.43159],[5.72342,50.4321],[5.7235,50.43237],[5.72294,50.43298],[5.72294,50.43326],[5.72283,50.43349],[5.7217,50.43465],[5.72046,50.43521],[5.72001,50.43523],[5.71953,50.43502],[5.7188,50.4349],[5.71589,50.43392],[5.7158,50.43381],[5.71577,50.43328],[5.71541,50.43305],[5.71501,50.43314],[5.71416,50.4338],[5.71408,50.43411],[5.71338,50.43433],[5.71172,50.43445],[5.71088,50.43442],[5.71028,50.43421],[5.7096,50.43371],[5.70935,50.43382],[5.7093,50.43404],[5.70956,50.43438],[5.71125,50.43497],[5.71297,50.43544],[5.71515,50.43559],[5.71569,50.43575],[5.71619,50.43605],[5.71713,50.43643],[5.71772,50.43696],[5.71789,50.438],[5.71784,50.43876],[5.71745,50.43927],[5.71749,50.43942],[5.71864,50.43945],[5.71911,50.43929],[5.71965,50.43896],[5.72042,50.43816],[5.72091,50.43789],[5.7214,50.43782],[5.72364,50.43781],[5.72419,50.43798],[5.72618,50.43908],[5.72831,50.44004],[5.7288,50.44019],[5.72919,50.44049],[5.72945,50.44092],[5.7295,50.44151],[5.72945,50.44164],[5.72919,50.44187],[5.72958,50.44197],[5.72963,50.44219],[5.72877,50.4427],[5.72793,50.44298],[5.72625,50.44325],[5.72612,50.44345],[5.72613,50.44384],[5.72685,50.44462],[5.72716,50.44485],[5.72723,50.44501],[5.72722,50.44521],[5.72692,50.44557],[5.72684,50.44616],[5.72662,50.44661],[5.72683,50.44684],[5.72697,50.44725],[5.72754,50.4477],[5.7274,50.44801],[5.72795,50.44881],[5.73023,50.45029],[5.73042,50.45058],[5.73068,50.4514],[5.73125,50.45217],[5.73206,50.45244],[5.73254,50.45246],[5.73333,50.45232],[5.73509,50.45265],[5.73618,50.45304],[5.73695,50.45356],[5.73701,50.45373],[5.73695,50.45386],[5.73627,50.45437],[5.73609,50.45463],[5.73545,50.45608],[5.73506,50.45665],[5.73464,50.45689],[5.7339,50.45709],[5.73291,50.45711],[5.73177,50.45736],[5.73094,50.45729],[5.73043,50.45715],[5.72953,50.45664],[5.72781,50.45619],[5.7262,50.45551],[5.72589,50.45518],[5.7254,50.45493],[5.72517,50.45463],[5.72484,50.45307],[5.72427,50.45234],[5.72396,50.45135],[5.72231,50.45019],[5.72162,50.44954],[5.7213,50.44934],[5.72078,50.44924],[5.72036,50.4493],[5.7195,50.44962],[5.71946,50.44991],[5.7196,50.45067],[5.71929,50.4513],[5.71928,50.4516],[5.71875,50.45166],[5.71836,50.45187],[5.71713,50.45143],[5.71593,50.4513],[5.71424,50.45072],[5.71372,50.45071],[5.7134,50.45112],[5.71298,50.45191],[5.71246,50.45237],[5.71234,50.45265],[5.71239,50.45301],[5.71301,50.45353],[5.71315,50.45372],[5.71313,50.45384],[5.71208,50.4542],[5.71091,50.45494],[5.70958,50.45517],[5.70878,50.45548],[5.70833,50.45585],[5.70708,50.45619],[5.70622,50.45607],[5.70571,50.4556],[5.70541,50.45499],[5.7053,50.45442],[5.70502,50.45409],[5.70493,50.4538],[5.70464,50.4535],[5.70438,50.45297],[5.70405,50.45264],[5.70376,50.45202],[5.70358,50.45212],[5.70345,50.45234],[5.70366,50.45272],[5.70368,50.45293],[5.70352,50.45425],[5.70336,50.45465],[5.70294,50.45465],[5.70251,50.4549],[5.70216,50.45498],[5.7017,50.45549],[5.70084,50.45551],[5.70044,50.45535],[5.70029,50.45511],[5.70043,50.45408],[5.70089,50.45382],[5.70135,50.45325],[5.70204,50.45268],[5.70266,50.45241],[5.70232,50.45213],[5.70165,50.45195],[5.70095,50.45148],[5.70001,50.45121],[5.69991,50.45137],[5.70018,50.45206],[5.70001,50.45241],[5.69962,50.45274],[5.6989,50.45298],[5.69747,50.45379],[5.69709,50.45434],[5.6967,50.45466],[5.69609,50.45468],[5.69545,50.45484],[5.6951,50.4552],[5.69466,50.4555],[5.69462,50.45578],[5.69438,50.45632],[5.69422,50.45649],[5.69377,50.4566],[5.69328,50.45647],[5.69291,50.45625],[5.69246,50.45622],[5.69223,50.45635],[5.69237,50.45668],[5.69229,50.45693],[5.69193,50.45707],[5.69155,50.45699],[5.69143,50.45688],[5.69142,50.45675],[5.69169,50.4563],[5.69195,50.45608],[5.69198,50.45595],[5.69145,50.45521],[5.6911,50.45498],[5.69008,50.45456],[5.68922,50.45407],[5.68781,50.45372],[5.68708,50.45383],[5.68686,50.45352],[5.68652,50.45329],[5.68526,50.45317],[5.68501,50.45306],[5.68478,50.4527],[5.68401,50.45244],[5.68396,50.45196],[5.68403,50.4518],[5.68506,50.45133],[5.68513,50.45104],[5.68495,50.45072],[5.68492,50.45045],[5.68547,50.44994],[5.68552,50.44974],[5.6855,50.44961],[5.68461,50.44882],[5.68439,50.44848],[5.68381,50.44822],[5.68332,50.44834],[5.68289,50.44831],[5.68254,50.44798],[5.68205,50.4477],[5.68185,50.44686],[5.68165,50.44661],[5.68078,50.44638],[5.67997,50.44604],[5.67832,50.44582],[5.67646,50.44535],[5.67619,50.44522],[5.67712,50.44495],[5.68065,50.44361],[5.68077,50.44348],[5.68069,50.44314],[5.68075,50.4429],[5.68086,50.44271],[5.68128,50.4424],[5.68292,50.44241],[5.68489,50.44256],[5.68781,50.44306],[5.68904,50.44297],[5.68948,50.44271],[5.68946,50.44258],[5.68925,50.44235],[5.68892,50.44215],[5.68958,50.44199],[5.68967,50.44191],[5.68966,50.44181],[5.68847,50.44107],[5.68836,50.44076],[5.68786,50.4407],[5.68718,50.44049],[5.68669,50.44],[5.68576,50.43966],[5.6844,50.43937],[5.68332,50.43938],[5.68138,50.43878],[5.68045,50.43865],[5.68019,50.43848],[5.67994,50.43804],[5.67997,50.43785],[5.68012,50.43777],[5.6808,50.4377],[5.68132,50.43769],[5.68417,50.43843],[5.68503,50.43838],[5.68536,50.43823],[5.68555,50.43804],[5.68543,50.43772],[5.68506,50.43742],[5.68458,50.4372],[5.68416,50.43688],[5.68329,50.43664],[5.6824,50.43608],[5.68237,50.43595],[5.68248,50.43572],[5.68297,50.43546],[5.68289,50.435],[5.68251,50.43467],[5.68245,50.43453],[5.68244,50.43435],[5.68255,50.43406],[5.68199,50.43384],[5.6797,50.43322],[5.67803,50.43357],[5.67775,50.43356],[5.67763,50.43347],[5.6777,50.43307],[5.67796,50.43272],[5.67889,50.43221],[5.67909,50.43196],[5.67915,50.4313],[5.67934,50.43095],[5.67953,50.43029],[5.67957,50.42936],[5.68006,50.4291],[5.68,50.42855],[5.6801,50.42841],[5.68099,50.42783],[5.68261,50.42729],[5.68357,50.42714],[5.68295,50.42683],[5.68167,50.42667],[5.68129,50.42628],[5.68088,50.42632],[5.68047,50.42664],[5.6796,50.42693],[5.67885,50.42709],[5.67812,50.42699],[5.67771,50.42709],[5.67714,50.42747],[5.67693,50.42796],[5.67667,50.42824],[5.67644,50.42885],[5.67463,50.42948],[5.67417,50.42951],[5.67217,50.42926],[5.67172,50.42967],[5.67121,50.42987],[5.67052,50.42997],[5.66927,50.42997],[5.6687,50.43019],[5.6675,50.43043],[5.66661,50.43035],[5.66501,50.42992],[5.66286,50.43042],[5.66251,50.43072],[5.66226,50.43133],[5.66192,50.43158],[5.66086,50.43215],[5.65953,50.43257],[5.65754,50.43239],[5.65552,50.43191],[5.65423,50.43193],[5.6537,50.43231],[5.65244,50.43281],[5.65163,50.43323],[5.6515,50.43353],[5.65109,50.4339],[5.65106,50.43414],[5.65119,50.4344],[5.65206,50.43506],[5.65234,50.43514],[5.65256,50.43512],[5.65273,50.43494],[5.65275,50.43462],[5.65297,50.43453],[5.65382,50.43491],[5.65409,50.43515],[5.65404,50.43525],[5.65312,50.43573],[5.65282,50.43633],[5.65218,50.43688],[5.65177,50.43699],[5.65125,50.43696],[5.65,50.43709],[5.64875,50.43702],[5.64838,50.43716],[5.64785,50.43758],[5.64611,50.43717],[5.64511,50.43711],[5.64461,50.43717]],[[5.69294,50.44357],[5.6928,50.44352],[5.69282,50.44328],[5.69263,50.44301],[5.69271,50.44293],[5.69301,50.4429],[5.69323,50.44299],[5.69294,50.44357]],[[5.69002,50.44273],[5.68992,50.4427],[5.69004,50.44267],[5.69002,50.44273]],[[5.67419,50.44111],[5.67389,50.44095],[5.67394,50.4406],[5.67412,50.44046],[5.67464,50.44047],[5.67463,50.44077],[5.67419,50.44111]],[[5.68711,50.43828],[5.68659,50.43806],[5.68652,50.43796],[5.68682,50.4379],[5.68804,50.43825],[5.68711,50.43828]],[[5.65252,50.43442],[5.65244,50.43437],[5.65251,50.43429],[5.65257,50.43436],[5.65252,50.43442]],[[5.70877,50.43341],[5.70872,50.43324],[5.70888,50.43324],[5.70877,50.43341]],[[5.66294,50.43078],[5.66283,50.43075],[5.66294,50.43072],[5.66294,50.43078]],[[5.67752,50.42993],[5.67689,50.42938],[5.67702,50.42883],[5.6779,50.42851],[5.67844,50.42851],[5.67847,50.42876],[5.67823,50.42946],[5.67798,50.42973],[5.67752,50.42993]]]}},{"type":"Feature","properties":{"ele":330},"geometry":{"type":"MultiLineString","coordinates":[[[5.75534,50.50659],[5.75461,50.50631],[5.75481,50.5061],[5.75479,50.50603],[5.75376,50.50576],[5.75408,50.50501],[5.75412,50.50474],[5.75401,50.50457],[5.75338,50.5042],[5.7533,50.50407],[5.75338,50.50394],[5.75377,50.50395],[5.75393,50.50383],[5.75307,50.5038],[5.75282,50.50369],[5.75259,50.50335],[5.75273,50.50303],[5.75271,50.50289],[5.7522,50.50232],[5.75161,50.50192],[5.75127,50.50178],[5.75068,50.50169],[5.74896,50.50163],[5.74753,50.50191],[5.74666,50.50189],[5.74628,50.50172],[5.74579,50.50163],[5.74531,50.50133],[5.74513,50.50079],[5.745,50.50067],[5.74426,50.5004],[5.74377,50.50049],[5.74351,50.50026],[5.74354,50.50017],[5.74415,50.49992],[5.74557,50.49969],[5.74587,50.49975],[5.74627,50.50014],[5.7467,50.50021],[5.74751,50.50001],[5.74798,50.49979],[5.74878,50.49965],[5.7492,50.49938],[5.74949,50.49929],[5.75012,50.49935],[5.75043,50.49953],[5.75067,50.4993],[5.7517,50.49885],[5.75209,50.4984],[5.75252,50.49826],[5.75336,50.49659],[5.75336,50.49631],[5.75352,50.49598],[5.75352,50.49526],[5.75385,50.49442],[5.7538,50.49408],[5.75366,50.49394],[5.75251,50.49299],[5.75202,50.49274],[5.75165,50.49244],[5.75125,50.49241],[5.75129,50.4928],[5.75114,50.49288],[5.75086,50.49286],[5.75052,50.49266],[5.7501,50.49256],[5.74925,50.49279],[5.74878,50.49276],[5.74842,50.49263],[5.748,50.49231],[5.74761,50.49154],[5.7473,50.49127],[5.74682,50.4912],[5.74632,50.49141],[5.7462,50.49139],[5.74613,50.49126],[5.7463,50.49072],[5.74585,50.49077],[5.74537,50.49052],[5.74523,50.49024],[5.74631,50.48956],[5.74649,50.48941],[5.74651,50.48928],[5.74634,50.48907],[5.74543,50.48884],[5.7454,50.48874],[5.74547,50.48855],[5.74594,50.48847],[5.7475,50.48844],[5.74849,50.4886],[5.75,50.48844],[5.75239,50.48888],[5.75285,50.48889],[5.75307,50.4888],[5.75286,50.48838],[5.75287,50.48823],[5.75463,50.48783],[5.7575,50.48854],[5.75851,50.48829],[5.75857,50.48817],[5.75841,50.48797],[5.75734,50.4875],[5.75595,50.48655],[5.75572,50.48649],[5.75511,50.48649],[5.75462,50.48663],[5.75433,50.48686],[5.75446,50.48717],[5.75375,50.48752],[5.75303,50.4875],[5.75224,50.48733],[5.75168,50.48715],[5.7507,50.48666],[5.75064,50.48656],[5.75076,50.48631],[5.75035,50.48607],[5.74895,50.48574],[5.74706,50.48498],[5.74653,50.48469],[5.74624,50.48438],[5.7462,50.4838],[5.74603,50.48347],[5.74579,50.48328],[5.74501,50.48302],[5.74448,50.48264],[5.74434,50.48185],[5.74466,50.48032],[5.74486,50.47984],[5.74479,50.47965],[5.74445,50.47939],[5.74433,50.47915],[5.74459,50.47886],[5.74517,50.47853],[5.74585,50.47713],[5.74672,50.47645],[5.74717,50.4758],[5.74709,50.47548],[5.7476,50.47521],[5.74766,50.47495],[5.74784,50.47476],[5.74812,50.47467],[5.7491,50.4747],[5.7496,50.47455],[5.74998,50.47459],[5.75126,50.47512],[5.75206,50.47565],[5.75254,50.47567],[5.7529,50.47546],[5.75371,50.4752],[5.75381,50.47493],[5.7531,50.47345],[5.75294,50.47326],[5.7521,50.47271],[5.75244,50.47244],[5.75247,50.47212],[5.75292,50.47211],[5.75359,50.47233],[5.75521,50.47248],[5.7563,50.47219],[5.75709,50.47158],[5.75717,50.47142],[5.75723,50.47109],[5.75713,50.47074],[5.75588,50.4702],[5.75549,50.46983],[5.75543,50.46964],[5.75549,50.46938],[5.75535,50.4691],[5.75535,50.46885],[5.75546,50.46877],[5.75588,50.46883],[5.756,50.468],[5.75582,50.4677],[5.75576,50.46727],[5.75526,50.4663],[5.75503,50.46548],[5.75471,50.46509],[5.75399,50.46471],[5.75372,50.46441],[5.75364,50.46407],[5.75369,50.46345],[5.75358,50.46279],[5.75363,50.46265],[5.75389,50.46244],[5.75392,50.46221],[5.75379,50.46203],[5.75334,50.46189],[5.75294,50.46102],[5.75325,50.46074],[5.75359,50.46063],[5.75443,50.46052],[5.75499,50.46059],[5.7554,50.46082],[5.75556,50.46154],[5.75568,50.46171],[5.75609,50.46196],[5.75661,50.46206],[5.75823,50.46182],[5.76083,50.46172],[5.76133,50.46161],[5.76155,50.46135],[5.76119,50.46121],[5.75927,50.46126],[5.75795,50.46106],[5.75784,50.46053],[5.75772,50.46036],[5.75668,50.45965],[5.75597,50.45899],[5.75547,50.45876],[5.75453,50.45864],[5.75323,50.45863],[5.75114,50.45849],[5.7501,50.45857],[5.74926,50.45884],[5.74861,50.45928],[5.74823,50.45965],[5.74794,50.4602],[5.74753,50.46049],[5.7471,50.46024],[5.74621,50.45943],[5.74611,50.45911],[5.74636,50.4581],[5.74682,50.45746],[5.74693,50.4571],[5.74693,50.45602],[5.7464,50.45463],[5.74646,50.45425],[5.74676,50.45348],[5.74686,50.45227],[5.74664,50.45164],[5.74546,50.44961],[5.74528,50.44831],[5.74528,50.44755],[5.74538,50.44686],[5.74555,50.44664],[5.74705,50.44567],[5.7475,50.44546],[5.75042,50.44497],[5.7543,50.44494],[5.75433,50.44463],[5.75396,50.4439],[5.75398,50.44363],[5.75413,50.44342],[5.75474,50.44309],[5.75712,50.44243],[5.75755,50.44215],[5.7574,50.44185],[5.7564,50.44096],[5.75587,50.44019],[5.75574,50.43974],[5.75586,50.43942],[5.75702,50.43871],[5.75835,50.43826],[5.75863,50.43799],[5.75842,50.4379],[5.75802,50.43787],[5.75578,50.43826],[5.75459,50.43827],[5.7545,50.43807],[5.75453,50.4379],[5.75472,50.43767],[5.75516,50.43742],[5.75443,50.43737],[5.75327,50.43766],[5.75305,50.43793],[5.75289,50.43843],[5.75275,50.43859],[5.75144,50.43937],[5.75043,50.43973],[5.74739,50.4404],[5.74625,50.44043],[5.74503,50.4402],[5.74376,50.43965],[5.74195,50.438],[5.74043,50.43688],[5.73994,50.4364],[5.73956,50.43555],[5.73939,50.43425],[5.73863,50.43161],[5.73878,50.43106],[5.7391,50.43073],[5.74045,50.42993],[5.74239,50.42927],[5.74388,50.42858],[5.74618,50.42821],[5.74689,50.42798],[5.74785,50.42749],[5.74885,50.42736],[5.74958,50.42715],[5.75003,50.42687],[5.75051,50.42633],[5.75244,50.42548],[5.75372,50.42514],[5.75466,50.42468],[5.75696,50.42409]],[[5.76691,50.50659],[5.76706,50.50629],[5.76841,50.50611],[5.76866,50.50598],[5.76871,50.50581],[5.76858,50.50565],[5.76796,50.50544],[5.76794,50.50516],[5.7701,50.50659]],[[5.7766,50.50659],[5.77588,50.5063],[5.77546,50.50602],[5.77512,50.50567],[5.77412,50.50522],[5.77297,50.50405],[5.7723,50.50282],[5.77189,50.5024],[5.7718,50.50192],[5.77188,50.50161],[5.77242,50.50076],[5.77295,50.50022],[5.77373,50.49977],[5.77433,50.49968],[5.77466,50.49948],[5.77508,50.49944],[5.77537,50.49924],[5.77547,50.49911],[5.77544,50.49881],[5.77502,50.49882],[5.77508,50.49831],[5.7754,50.49797],[5.77619,50.49764],[5.7763,50.49764],[5.77668,50.4979],[5.77719,50.49794],[5.77812,50.49839],[5.78005,50.49895],[5.78177,50.49922],[5.78257,50.49954],[5.78283,50.49973],[5.78332,50.50053],[5.7838,50.50076],[5.78433,50.5012],[5.7848,50.50186],[5.78494,50.50221],[5.7854,50.50246],[5.78583,50.50298],[5.78627,50.50315],[5.78656,50.5036],[5.78751,50.50391],[5.78789,50.50371],[5.78838,50.50364],[5.78851,50.50353],[5.7879,50.5032],[5.78751,50.50278],[5.78699,50.5027],[5.78636,50.50224],[5.78549,50.50179],[5.78526,50.50106],[5.78575,50.5005],[5.78542,50.50019],[5.78584,50.49963],[5.78639,50.49947],[5.7867,50.49908],[5.78641,50.49855],[5.78595,50.49826],[5.78521,50.49797],[5.78427,50.49784],[5.78378,50.49769],[5.78339,50.49671],[5.78347,50.49655],[5.78378,50.49633],[5.78376,50.49628],[5.78339,50.49603],[5.78251,50.49581],[5.78223,50.4955],[5.78203,50.49505],[5.78185,50.49483],[5.78122,50.49439],[5.77996,50.49381],[5.77753,50.49382],[5.77672,50.49369],[5.7763,50.49371],[5.77622,50.49383],[5.7764,50.49404],[5.7764,50.49416],[5.77546,50.49532],[5.77537,50.49532],[5.77417,50.49384],[5.77303,50.49299],[5.77257,50.49239],[5.77182,50.49163],[5.77128,50.49131],[5.77023,50.49102],[5.77045,50.4902],[5.76998,50.4899],[5.76958,50.48852],[5.77002,50.48826],[5.77077,50.48747],[5.77141,50.48704],[5.7718,50.48688],[5.77273,50.48688],[5.7729,50.48656],[5.77377,50.48643],[5.77424,50.48618],[5.77475,50.48605],[5.77526,50.4855],[5.77544,50.48513],[5.77623,50.48462],[5.77837,50.4841],[5.77875,50.4838],[5.7803,50.48304],[5.7804,50.48293],[5.78042,50.48266],[5.78089,50.48254],[5.78128,50.48232],[5.7819,50.48218],[5.78213,50.48188],[5.78256,50.48162],[5.78364,50.48124],[5.78421,50.48126],[5.78506,50.48209],[5.78553,50.48224],[5.7864,50.48226],[5.78686,50.48218],[5.78687,50.48196],[5.78658,50.48164],[5.78655,50.48147],[5.78669,50.48119],[5.78713,50.48111],[5.78755,50.48114],[5.78955,50.48161],[5.79005,50.48178],[5.79063,50.48211],[5.79131,50.48209],[5.79231,50.48302],[5.793,50.48327],[5.79335,50.48354],[5.79355,50.48384],[5.79417,50.48413],[5.79461,50.48456]],[[5.79461,50.50568],[5.79419,50.50576],[5.79369,50.50572],[5.79245,50.50536],[5.79212,50.5052],[5.7915,50.50471],[5.79134,50.50449],[5.79129,50.50428],[5.79146,50.50366],[5.79194,50.503],[5.79224,50.5022],[5.7924,50.50205],[5.79276,50.50198],[5.79461,50.50223]],[[5.76627,50.5044],[5.76624,50.50429],[5.76643,50.50387],[5.76661,50.50366],[5.76676,50.50366],[5.76701,50.50401],[5.76697,50.50428],[5.76673,50.50445],[5.76627,50.5044]],[[5.78711,50.50231],[5.787,50.50214],[5.78713,50.50213],[5.78711,50.50231]],[[5.77919,50.50198],[5.77836,50.50159],[5.77781,50.50113],[5.77753,50.50058],[5.77751,50.50018],[5.7778,50.49983],[5.77803,50.4997],[5.7789,50.49971],[5.77974,50.49944],[5.78015,50.4995],[5.78046,50.49965],[5.78083,50.50023],[5.78111,50.50047],[5.78129,50.50109],[5.78087,50.5016],[5.78045,50.50188],[5.77919,50.50198]],[[5.75044,50.50049],[5.74976,50.50017],[5.74996,50.50003],[5.75021,50.50006],[5.75045,50.50019],[5.75044,50.50049]],[[5.74877,50.49962],[5.74877,50.49909],[5.7493,50.49908],[5.74918,50.49936],[5.74877,50.49962]],[[5.74711,50.4992],[5.74697,50.49908],[5.74716,50.49906],[5.74711,50.4992]],[[5.74544,50.49835],[5.74519,50.49826],[5.74568,50.49819],[5.74595,50.49826],[5.74584,50.49833],[5.74544,50.49835]],[[5.74002,50.49662],[5.73999,50.49656],[5.74013,50.49635],[5.74043,50.49619],[5.74082,50.49614],[5.74111,50.4963],[5.7405,50.49662],[5.74002,50.49662]],[[5.77794,50.49439],[5.778,50.49437],[5.77794,50.49439]],[[5.68627,50.49327],[5.68568,50.49305],[5.68502,50.49299],[5.68503,50.49273],[5.68542,50.49249],[5.68581,50.49257],[5.68628,50.49296],[5.68627,50.49327]],[[5.68211,50.49138],[5.68213,50.49131],[5.68211,50.49138]],[[5.74002,50.48923],[5.73985,50.48903],[5.73978,50.48852],[5.73997,50.48822],[5.74041,50.48796],[5.74092,50.48795],[5.74127,50.48829],[5.74206,50.48838],[5.74224,50.48851],[5.74193,50.48859],[5.74094,50.4886],[5.74026,50.48878],[5.74012,50.48888],[5.74002,50.48923]],[[5.73919,50.48892],[5.73909,50.48883],[5.73913,50.48877],[5.73943,50.48881],[5.73919,50.48892]],[[5.73336,50.48731],[5.73317,50.4872],[5.73317,50.4871],[5.73334,50.48703],[5.73354,50.4871],[5.73354,50.4872],[5.73336,50.48731]],[[5.75169,50.47188],[5.75164,50.47186],[5.75197,50.4718],[5.75224,50.47187],[5.7521,50.47196],[5.75169,50.47188]],[[5.72619,50.42409],[5.72517,50.42465],[5.72501,50.42491],[5.72582,50.42531],[5.72644,50.42549],[5.7267,50.42569],[5.72678,50.42595],[5.72672,50.42633],[5.72588,50.42686],[5.72566,50.42713],[5.72565,50.42772],[5.72553,50.42828],[5.72596,50.42912],[5.72702,50.42996],[5.72782,50.43078],[5.72787,50.43138],[5.72854,50.43293],[5.72923,50.4337],[5.72999,50.43471],[5.73004,50.43494],[5.72966,50.43553],[5.72915,50.4355],[5.72815,50.43515],[5.72775,50.43494],[5.72795,50.43465],[5.72771,50.43441],[5.72708,50.43432],[5.72668,50.4341],[5.72645,50.4338],[5.7264,50.43322],[5.72551,50.43163],[5.72461,50.4306],[5.72422,50.43037],[5.72387,50.43076],[5.72338,50.43104],[5.72221,50.43135],[5.72232,50.43158],[5.72294,50.43187],[5.72317,50.4322],[5.72273,50.43289],[5.72251,50.43352],[5.72216,50.43388],[5.72171,50.43419],[5.72095,50.43445],[5.72039,50.43436],[5.72009,50.43468],[5.71963,50.43481],[5.71871,50.43466],[5.71662,50.43384],[5.71587,50.43297],[5.71542,50.43276],[5.71504,50.43279],[5.71458,50.43331],[5.71324,50.43408],[5.71271,50.43414],[5.71172,50.43401],[5.71127,50.43411],[5.71042,50.43397],[5.7099,50.43358],[5.70965,50.43324],[5.70918,50.43299],[5.70837,50.4327],[5.70789,50.43229],[5.70753,50.43222],[5.70738,50.43242],[5.70818,50.43295],[5.70823,50.43352],[5.7088,50.4338],[5.70895,50.43435],[5.70923,50.43464],[5.71292,50.43561],[5.71509,50.43574],[5.7159,50.43625],[5.71671,50.43652],[5.71719,50.43678],[5.71753,50.43714],[5.71749,50.43748],[5.71762,50.43838],[5.71754,50.43883],[5.71691,50.43943],[5.71689,50.43962],[5.717,50.43971],[5.71849,50.43988],[5.71885,50.43983],[5.71961,50.43937],[5.72063,50.43826],[5.72099,50.43807],[5.72146,50.43802],[5.72359,50.43805],[5.72422,50.43824],[5.72542,50.43897],[5.72704,50.43964],[5.72794,50.44023],[5.72855,50.4405],[5.7288,50.44104],[5.72831,50.44124],[5.72827,50.44154],[5.72837,50.44189],[5.7276,50.44223],[5.72735,50.44274],[5.72573,50.44322],[5.72546,50.44359],[5.72542,50.44407],[5.72562,50.44446],[5.72572,50.44519],[5.72634,50.44535],[5.72661,50.44578],[5.72661,50.44605],[5.72637,50.44654],[5.7265,50.44692],[5.72653,50.44741],[5.72641,50.44796],[5.72677,50.44825],[5.72708,50.44884],[5.72731,50.44905],[5.72807,50.44934],[5.72839,50.44964],[5.72907,50.44995],[5.72968,50.45046],[5.73008,50.45097],[5.73069,50.45212],[5.73124,50.45255],[5.73168,50.45272],[5.73239,50.45278],[5.73328,50.45256],[5.73375,50.45258],[5.73454,50.4528],[5.73551,50.45295],[5.73669,50.45355],[5.73673,50.45383],[5.73595,50.45445],[5.73502,50.45631],[5.73421,50.45663],[5.73172,50.45709],[5.73109,50.45707],[5.73044,50.45687],[5.72961,50.45631],[5.72919,50.45632],[5.72794,50.45604],[5.72669,50.45547],[5.72559,50.45459],[5.72522,50.45296],[5.72506,50.45267],[5.72456,50.45219],[5.72465,50.45159],[5.72447,50.45132],[5.72418,50.45105],[5.72366,50.45087],[5.72251,50.44993],[5.72179,50.44923],[5.7214,50.44902],[5.72109,50.44895],[5.72047,50.44904],[5.71957,50.44936],[5.71915,50.4496],[5.71911,50.44987],[5.71926,50.45046],[5.7192,50.45077],[5.71888,50.45106],[5.71836,50.45132],[5.71669,50.45111],[5.71599,50.45091],[5.71502,50.45077],[5.71391,50.45039],[5.7134,50.45049],[5.71314,50.45081],[5.71289,50.45158],[5.71226,50.45227],[5.71204,50.45267],[5.71202,50.45301],[5.71237,50.45352],[5.71223,50.45382],[5.71054,50.45475],[5.70923,50.45504],[5.70794,50.45559],[5.70693,50.45562],[5.7066,50.45552],[5.70665,50.45542],[5.7071,50.45527],[5.70712,50.45517],[5.70619,50.45489],[5.70598,50.45463],[5.70565,50.4538],[5.70504,50.45324],[5.70489,50.45296],[5.70458,50.45215],[5.70491,50.45185],[5.70497,50.45154],[5.70473,50.45098],[5.70462,50.45047],[5.70429,50.45019],[5.70337,50.44987],[5.70293,50.44998],[5.70283,50.45042],[5.703,50.45071],[5.70298,50.45083],[5.70251,50.45089],[5.70212,50.45134],[5.70173,50.45116],[5.70128,50.45069],[5.69995,50.45033],[5.69915,50.45064],[5.69797,50.45141],[5.69626,50.45209],[5.69609,50.4524],[5.69631,50.4527],[5.69606,50.45297],[5.69573,50.45355],[5.69599,50.45372],[5.69672,50.45369],[5.69677,50.45387],[5.69669,50.45417],[5.69604,50.4539],[5.69543,50.45393],[5.69499,50.45378],[5.69426,50.45418],[5.69377,50.45457],[5.69328,50.45449],[5.69239,50.45453],[5.69206,50.45445],[5.69087,50.45381],[5.68998,50.45357],[5.68936,50.45303],[5.68896,50.45286],[5.68864,50.45283],[5.68687,50.45307],[5.68576,50.45279],[5.68541,50.45247],[5.6848,50.45213],[5.68506,50.452],[5.68566,50.45189],[5.6858,50.45176],[5.68586,50.45159],[5.68562,50.4513],[5.68589,50.45079],[5.68571,50.45046],[5.68599,50.44977],[5.68592,50.44941],[5.68549,50.44903],[5.68522,50.4485],[5.68443,50.4481],[5.68384,50.44794],[5.6833,50.44789],[5.68251,50.44745],[5.68232,50.44717],[5.68226,50.44682],[5.68194,50.44612],[5.6817,50.44574],[5.68061,50.44495],[5.68086,50.44483],[5.68119,50.44425],[5.68126,50.44361],[5.68102,50.4431],[5.68123,50.44269],[5.68213,50.44263],[5.68463,50.4428],[5.68818,50.4433],[5.68887,50.44327],[5.68969,50.44314],[5.69062,50.44317],[5.69165,50.44331],[5.69204,50.44356],[5.69294,50.44387],[5.69332,50.44376],[5.69414,50.4437],[5.69475,50.44323],[5.69461,50.44298],[5.69378,50.44274],[5.69342,50.44256],[5.69303,50.44259],[5.69214,50.44291],[5.69122,50.44245],[5.6903,50.4422],[5.69026,50.44209],[5.6904,50.44192],[5.6909,50.44158],[5.68964,50.44058],[5.68928,50.44011],[5.68834,50.43966],[5.68594,50.43944],[5.68474,50.43922],[5.68331,50.43915],[5.68081,50.43834],[5.68083,50.43821],[5.68135,50.4381],[5.68248,50.43827],[5.68396,50.43868],[5.68578,50.43857],[5.68713,50.43866],[5.68793,50.43853],[5.68881,50.43856],[5.68916,50.43825],[5.68926,50.43801],[5.68876,50.43768],[5.68795,50.43732],[5.68594,50.43699],[5.68479,50.43697],[5.68457,50.4369],[5.68427,50.43647],[5.6834,50.43644],[5.68278,50.43613],[5.68275,50.43596],[5.68298,50.43584],[5.6837,50.43617],[5.68424,50.43604],[5.68417,50.43593],[5.68375,50.43573],[5.68352,50.43546],[5.68356,50.43522],[5.68395,50.43473],[5.68407,50.43439],[5.68383,50.43374],[5.68359,50.43353],[5.68186,50.43324],[5.68127,50.43298],[5.68021,50.43279],[5.67955,50.43292],[5.67883,50.43328],[5.67833,50.43326],[5.67833,50.43295],[5.67937,50.43209],[5.67947,50.43133],[5.67977,50.43071],[5.68012,50.43023],[5.67997,50.42989],[5.68005,50.42944],[5.68037,50.42907],[5.68043,50.42854],[5.68069,50.42823],[5.68115,50.42792],[5.68289,50.42741],[5.68422,50.42733],[5.68476,50.42715],[5.6837,50.42659],[5.68208,50.42638],[5.68176,50.42572],[5.6816,50.42562],[5.68114,50.42564],[5.68027,50.42605],[5.67802,50.42635],[5.67751,50.42651],[5.67659,50.42713],[5.67599,50.42859],[5.67503,50.42918],[5.67372,50.42916],[5.67213,50.42865],[5.67166,50.42878],[5.67164,50.42925],[5.67151,50.42942],[5.67114,50.42956],[5.67042,50.42966],[5.66965,50.42964],[5.6688,50.42943],[5.66781,50.4297],[5.66658,50.42967],[5.66631,50.42964],[5.66546,50.42924],[5.66479,50.42921],[5.66423,50.42935],[5.66254,50.42999],[5.66173,50.43052],[5.66114,50.43131],[5.65999,50.4317],[5.65771,50.43179],[5.65583,50.43132],[5.65474,50.43127],[5.65425,50.43135],[5.65374,50.43156],[5.65335,50.43186],[5.65278,50.43216],[5.65131,50.43277],[5.64992,50.4335],[5.64954,50.4338],[5.64943,50.43397],[5.64933,50.43428],[5.6494,50.43438],[5.65054,50.43459],[5.65066,50.43468],[5.65076,50.43496],[5.65251,50.43549],[5.65261,50.43579],[5.65215,50.43611],[5.65161,50.43625],[5.64929,50.43649],[5.64872,50.43682],[5.64792,50.43706],[5.64724,50.43699],[5.64588,50.43663],[5.64461,50.43661]],[[5.70294,50.4541],[5.70259,50.45383],[5.7026,50.4535],[5.70249,50.45324],[5.70252,50.45298],[5.7029,50.4528],[5.70303,50.45284],[5.7031,50.453],[5.70302,50.45328],[5.70309,50.45366],[5.70294,50.4541]],[[5.69711,50.45366],[5.69688,50.45357],[5.6968,50.45345],[5.69708,50.45287],[5.69711,50.4527],[5.697,50.45241],[5.69711,50.45211],[5.69875,50.45127],[5.69919,50.4513],[5.69972,50.45158],[5.69983,50.45192],[5.69965,50.45223],[5.69901,50.45257],[5.69829,50.45269],[5.69804,50.45281],[5.69711,50.45366]],[[5.68461,50.452],[5.68458,50.45187],[5.6847,50.45187],[5.68461,50.452]],[[5.67836,50.44555],[5.67795,50.44548],[5.67724,50.44519],[5.67778,50.4449],[5.67891,50.44449],[5.67994,50.44426],[5.68028,50.44437],[5.68026,50.44467],[5.68041,50.44501],[5.6803,50.44522],[5.67915,50.44557],[5.67836,50.44555]],[[5.69377,50.44449],[5.69349,50.44439],[5.69343,50.44428],[5.69359,50.44402],[5.69386,50.44388],[5.69422,50.44392],[5.69459,50.44408],[5.69473,50.44431],[5.6947,50.44442],[5.69452,50.4445],[5.69377,50.44449]],[[5.68502,50.44361],[5.6846,50.44338],[5.68452,50.44327],[5.68456,50.44318],[5.68499,50.44311],[5.68537,50.44328],[5.68545,50.44354],[5.68502,50.44361]],[[5.72752,50.43478],[5.72743,50.43465],[5.72749,50.43454],[5.72781,50.43463],[5.72752,50.43478]],[[5.71502,50.43249],[5.71502,50.43237],[5.71502,50.43249]]]}},{"type":"Feature","properties":{"ele":340},"geometry":{"type":"MultiLineString","coordinates":[[[5.75731,50.50659],[5.75683,50.50604],[5.75555,50.50576],[5.75534,50.50558],[5.7553,50.5048],[5.75548,50.50412],[5.75544,50.50402],[5.75461,50.50354],[5.75417,50.50349],[5.75351,50.50322],[5.75293,50.50245],[5.75254,50.50228],[5.75205,50.50193],[5.75169,50.50152],[5.75073,50.50105],[5.75132,50.50102],[5.75281,50.50137],[5.75317,50.50131],[5.75275,50.50107],[5.75271,50.50098],[5.7529,50.50071],[5.75334,50.50045],[5.75353,50.50001],[5.75346,50.49978],[5.75315,50.49962],[5.75318,50.49946],[5.75349,50.49912],[5.75364,50.49874],[5.7543,50.49802],[5.7541,50.49715],[5.75437,50.49671],[5.75439,50.49626],[5.75468,50.49579],[5.75469,50.49494],[5.75499,50.49435],[5.75494,50.49404],[5.7546,50.49362],[5.75442,50.49307],[5.75378,50.49242],[5.75315,50.49213],[5.7512,50.49166],[5.74999,50.4915],[5.7491,50.49075],[5.74904,50.49048],[5.74924,50.4902],[5.7491,50.48986],[5.74877,50.48962],[5.74803,50.48975],[5.74777,50.48967],[5.7481,50.48947],[5.74816,50.48936],[5.74763,50.48885],[5.74797,50.48874],[5.74943,50.48871],[5.75078,50.489],[5.75172,50.48904],[5.7525,50.48926],[5.75286,50.48928],[5.75343,50.48913],[5.75398,50.48854],[5.75453,50.48813],[5.75474,50.48808],[5.75636,50.4885],[5.75765,50.48902],[5.75839,50.48943],[5.75984,50.48978],[5.76045,50.48971],[5.76046,50.48962],[5.76027,50.48934],[5.76087,50.48909],[5.76043,50.48856],[5.76007,50.48795],[5.75969,50.48766],[5.7591,50.48751],[5.75832,50.48717],[5.75756,50.4862],[5.75729,50.48603],[5.75722,50.48568],[5.75656,50.48533],[5.75521,50.48501],[5.75465,50.48504],[5.75441,50.4852],[5.7544,50.4855],[5.75421,50.48604],[5.75399,50.48625],[5.75376,50.48635],[5.75307,50.48637],[5.75256,50.48631],[5.75057,50.48561],[5.74922,50.48565],[5.74798,50.48508],[5.74736,50.48493],[5.74692,50.48449],[5.74678,50.48414],[5.74668,50.48356],[5.74647,50.48323],[5.74595,50.48296],[5.74503,50.48282],[5.74479,50.48261],[5.7446,50.48186],[5.7448,50.4814],[5.74478,50.48095],[5.74487,50.48046],[5.7452,50.47987],[5.74508,50.47959],[5.74455,50.4791],[5.74516,50.47884],[5.74547,50.47861],[5.74585,50.47769],[5.74633,50.47719],[5.74702,50.47681],[5.74755,50.47579],[5.74869,50.47512],[5.74959,50.47491],[5.75008,50.47491],[5.75089,50.47518],[5.75168,50.47576],[5.7525,50.47605],[5.75294,50.47604],[5.75337,50.47576],[5.75477,50.4755],[5.75484,50.47523],[5.75445,50.47492],[5.75461,50.47465],[5.75424,50.47455],[5.75409,50.47442],[5.75384,50.4739],[5.7539,50.47369],[5.75497,50.4729],[5.75551,50.47278],[5.75626,50.47252],[5.75669,50.47224],[5.75712,50.47215],[5.75745,50.47178],[5.75781,50.4711],[5.75807,50.47083],[5.75813,50.47064],[5.75808,50.47047],[5.75737,50.47019],[5.75705,50.46967],[5.75663,50.46918],[5.75665,50.46854],[5.75687,50.46833],[5.7569,50.4682],[5.75649,50.46772],[5.75625,50.46717],[5.75585,50.46664],[5.75568,50.46595],[5.75564,50.46494],[5.75543,50.46466],[5.75458,50.46438],[5.75427,50.464],[5.75416,50.4638],[5.75406,50.46293],[5.75411,50.46268],[5.755,50.46208],[5.75531,50.46199],[5.75623,50.4622],[5.75667,50.46222],[5.75833,50.462],[5.76107,50.46188],[5.76199,50.46157],[5.76237,50.46131],[5.76245,50.4611],[5.76232,50.46098],[5.76198,50.46091],[5.76011,50.46105],[5.75876,50.46104],[5.75843,50.46097],[5.75822,50.46082],[5.75808,50.46045],[5.75787,50.46023],[5.75698,50.45966],[5.75596,50.45877],[5.75552,50.45862],[5.75457,50.45849],[5.75016,50.45838],[5.7491,50.45874],[5.74824,50.4593],[5.74755,50.45994],[5.74701,50.45975],[5.74662,50.45936],[5.74672,50.45854],[5.74668,50.45825],[5.74719,50.4572],[5.74725,50.45616],[5.74701,50.45529],[5.74669,50.45483],[5.74663,50.45453],[5.74669,50.45419],[5.74706,50.45352],[5.7471,50.45218],[5.74696,50.45171],[5.74651,50.45092],[5.74622,50.45004],[5.74588,50.44937],[5.74562,50.44824],[5.74554,50.44755],[5.74567,50.44689],[5.74585,50.44667],[5.74761,50.44563],[5.75049,50.44517],[5.75464,50.44512],[5.75477,50.44497],[5.75477,50.44484],[5.75437,50.44421],[5.75427,50.44394],[5.7543,50.44369],[5.75445,50.44349],[5.755,50.44325],[5.75782,50.44245],[5.75816,50.44216],[5.75804,50.44184],[5.75669,50.44078],[5.75621,50.44027],[5.756,50.43984],[5.75609,50.43953],[5.75633,50.4393],[5.75715,50.43884],[5.75962,50.43798],[5.76011,50.4377],[5.75979,50.43762],[5.75844,50.43757],[5.75703,50.43786],[5.75541,50.43799],[5.75527,50.4377],[5.75629,50.43715],[5.75552,50.43692],[5.755,50.43693],[5.75408,50.43708],[5.75294,50.43742],[5.7525,50.43824],[5.75046,50.43943],[5.74948,50.43942],[5.74807,50.43981],[5.74719,50.43977],[5.74669,50.43994],[5.74578,50.43986],[5.74504,50.43958],[5.74424,50.4395],[5.74256,50.43825],[5.74227,50.43794],[5.74129,50.43729],[5.74042,50.43661],[5.74014,50.43627],[5.73985,50.43557],[5.73971,50.43439],[5.73932,50.43303],[5.7391,50.43175],[5.73919,50.43131],[5.73981,50.43073],[5.74043,50.43048],[5.74219,50.42997],[5.74319,50.42933],[5.74374,50.42908],[5.74538,50.42875],[5.74839,50.42775],[5.74963,50.42743],[5.75024,50.42714],[5.75126,50.4263],[5.75491,50.42493],[5.75796,50.42409]],[[5.76514,50.50659],[5.76553,50.5063],[5.76656,50.50597],[5.76678,50.5058],[5.76694,50.50552],[5.76656,50.50539],[5.76536,50.50535],[5.76479,50.50523],[5.76477,50.50517],[5.76509,50.50496],[5.76521,50.50468],[5.7646,50.50437],[5.76456,50.50407],[5.76516,50.50348],[5.76536,50.5029],[5.76621,50.50187],[5.76708,50.50111],[5.76749,50.50093],[5.76761,50.5011],[5.76762,50.50137],[5.76703,50.50191],[5.76706,50.50247],[5.76725,50.50317],[5.76741,50.50345],[5.76766,50.50362],[5.76843,50.50379],[5.76873,50.50467],[5.76917,50.50485],[5.76961,50.50493],[5.77136,50.5063],[5.77187,50.50659]],[[5.77318,50.50659],[5.77302,50.50622],[5.77211,50.50573],[5.771,50.50463],[5.77097,50.50439],[5.77118,50.50387],[5.77117,50.50335],[5.77138,50.50298],[5.77085,50.5028],[5.77071,50.50267],[5.77043,50.50217],[5.77045,50.50164],[5.77088,50.5008],[5.77151,50.50008],[5.77205,50.49962],[5.77383,50.49865],[5.77466,50.49721],[5.77522,50.49684],[5.77502,50.49664],[5.77463,50.49651],[5.77408,50.49578],[5.77404,50.49529],[5.77421,50.49492],[5.77401,50.49453],[5.77366,50.49409],[5.77293,50.49354],[5.77202,50.49303],[5.77126,50.49217],[5.77085,50.49187],[5.77036,50.4916],[5.76949,50.49136],[5.76934,50.49074],[5.76865,50.49024],[5.7685,50.49005],[5.76838,50.48933],[5.76791,50.48861],[5.76802,50.48823],[5.76864,50.48767],[5.76918,50.48733],[5.76968,50.48722],[5.77043,50.48682],[5.7713,50.48612],[5.7739,50.48554],[5.77461,50.48521],[5.77514,50.48465],[5.7759,50.48422],[5.77703,50.48394],[5.77795,50.48382],[5.77851,50.48353],[5.77957,50.48325],[5.77997,50.48296],[5.77994,50.48245],[5.78002,50.48229],[5.78047,50.48216],[5.78067,50.48189],[5.78121,50.48158],[5.78176,50.48108],[5.78276,50.48064],[5.78359,50.48041],[5.78419,50.48042],[5.78466,50.48073],[5.78483,50.48098],[5.78489,50.48133],[5.78505,50.48162],[5.78536,50.48194],[5.78573,50.48202],[5.78618,50.48187],[5.78603,50.48151],[5.78631,50.48104],[5.7858,50.48076],[5.78575,50.48046],[5.78585,50.48016],[5.78823,50.48006],[5.78947,50.48015],[5.79001,50.48027],[5.79045,50.48017],[5.79037,50.48048],[5.79073,50.48064],[5.79096,50.48063],[5.7913,50.48037],[5.79162,50.48056],[5.79231,50.48074],[5.79373,50.48161],[5.79438,50.48239],[5.79461,50.48252]],[[5.74752,50.50161],[5.74742,50.5015],[5.74744,50.50124],[5.74791,50.50058],[5.74812,50.5005],[5.74837,50.50057],[5.74851,50.50088],[5.74855,50.50134],[5.74799,50.5016],[5.74752,50.50161]],[[5.77836,50.50114],[5.77817,50.50095],[5.77784,50.50029],[5.77786,50.5001],[5.77798,50.49998],[5.77989,50.49976],[5.78012,50.49983],[5.78047,50.50018],[5.78054,50.50045],[5.78045,50.50056],[5.77947,50.50048],[5.77931,50.50105],[5.77917,50.50126],[5.77836,50.50114]],[[5.74794,50.50046],[5.74792,50.50019],[5.7482,50.50021],[5.74794,50.50046]],[[5.78211,50.49796],[5.78168,50.49768],[5.7805,50.49754],[5.77929,50.49714],[5.77833,50.49711],[5.7774,50.49698],[5.77724,50.49678],[5.77728,50.49644],[5.77755,50.49611],[5.77756,50.49598],[5.77713,50.49575],[5.77649,50.49517],[5.77636,50.49498],[5.77639,50.4948],[5.77685,50.49421],[5.77712,50.49403],[5.77749,50.49411],[5.77768,50.49441],[5.77798,50.49456],[5.77833,50.49453],[5.77922,50.49424],[5.77969,50.49418],[5.78054,50.49435],[5.7813,50.49469],[5.7817,50.49492],[5.78156,50.49551],[5.78232,50.49603],[5.78269,50.4964],[5.78302,50.49688],[5.783,50.49714],[5.78288,50.49741],[5.78211,50.49796]],[[5.77711,50.49719],[5.77708,50.49709],[5.77721,50.49713],[5.77711,50.49719]],[[5.77544,50.49676],[5.77516,50.49659],[5.77551,50.49653],[5.77556,50.49663],[5.77544,50.49676]],[[5.74961,50.49171],[5.74946,50.4916],[5.74955,50.49149],[5.74989,50.49158],[5.74961,50.49171]],[[5.74919,50.49143],[5.7489,50.49131],[5.74915,50.49124],[5.74935,50.4913],[5.74919,50.49143]],[[5.75961,50.48898],[5.75938,50.48879],[5.75958,50.4887],[5.75978,50.48877],[5.7598,50.48885],[5.75961,50.48898]],[[5.75377,50.46166],[5.75334,50.46135],[5.7533,50.46103],[5.75344,50.46091],[5.75376,50.46076],[5.75448,50.46071],[5.75491,50.46078],[5.75509,50.46095],[5.75518,50.46129],[5.755,50.46154],[5.75422,50.46169],[5.75377,50.46166]],[[5.72578,50.42409],[5.72498,50.42449],[5.72473,50.42484],[5.72479,50.42505],[5.72503,50.42533],[5.72603,50.42575],[5.72628,50.42631],[5.72585,50.42658],[5.72534,50.42713],[5.72539,50.42769],[5.72525,50.42835],[5.72587,50.42963],[5.72671,50.42991],[5.72755,50.43075],[5.72767,50.4314],[5.72822,50.43295],[5.72925,50.43408],[5.72934,50.43463],[5.72922,50.43521],[5.72851,50.43495],[5.72847,50.43484],[5.72856,50.43443],[5.72833,50.43417],[5.72786,50.43398],[5.72704,50.43381],[5.72664,50.43267],[5.72541,50.43103],[5.72461,50.42961],[5.72424,50.42973],[5.72373,50.43018],[5.72342,50.43077],[5.72303,50.43102],[5.72165,50.43129],[5.72205,50.43162],[5.72297,50.43215],[5.72259,50.4325],[5.72231,50.43331],[5.72198,50.43375],[5.72165,50.43397],[5.72101,50.43414],[5.72007,50.43418],[5.71952,50.43457],[5.71917,50.43455],[5.71871,50.4344],[5.71691,50.43352],[5.71587,50.4327],[5.71537,50.43213],[5.71502,50.43187],[5.71474,50.43179],[5.71457,50.43179],[5.71446,50.43193],[5.71448,50.43293],[5.71426,50.43326],[5.71377,50.43352],[5.71295,50.43382],[5.71255,50.43388],[5.71207,50.43385],[5.71129,50.43353],[5.71084,50.43346],[5.70881,50.43257],[5.70749,50.43164],[5.7072,50.43164],[5.70699,50.43177],[5.70688,50.43199],[5.70688,50.43234],[5.70698,50.43251],[5.70763,50.43297],[5.70771,50.43356],[5.70846,50.43405],[5.70852,50.43432],[5.70835,50.43467],[5.70871,50.43489],[5.70989,50.43505],[5.7128,50.43579],[5.71503,50.436],[5.71547,50.43638],[5.71701,50.43717],[5.71733,50.43803],[5.71731,50.43855],[5.71717,50.43886],[5.71628,50.43948],[5.7162,50.43965],[5.71628,50.43992],[5.71693,50.44006],[5.71802,50.44009],[5.71836,50.4402],[5.71879,50.4405],[5.71901,50.44018],[5.71997,50.43948],[5.72087,50.43841],[5.72133,50.43824],[5.72245,50.43837],[5.72359,50.43833],[5.72396,50.43839],[5.72522,50.4391],[5.7265,50.4396],[5.72709,50.43994],[5.72757,50.44048],[5.72747,50.44098],[5.7275,50.44153],[5.72685,50.44246],[5.72621,50.44265],[5.72504,50.4433],[5.72474,50.44394],[5.72498,50.44484],[5.72481,50.44564],[5.72478,50.44628],[5.72511,50.44646],[5.72587,50.44656],[5.72576,50.44741],[5.72585,50.44854],[5.72628,50.44881],[5.72711,50.44965],[5.7283,50.45021],[5.72867,50.45049],[5.72924,50.4507],[5.72976,50.45134],[5.72986,50.45199],[5.73,50.45216],[5.73046,50.45241],[5.7307,50.45277],[5.73124,50.45306],[5.73203,50.45317],[5.73328,50.45279],[5.73375,50.45275],[5.73459,50.45303],[5.7355,50.45315],[5.7363,50.45353],[5.73638,50.45382],[5.7357,50.45443],[5.73503,50.45577],[5.73469,50.45612],[5.73428,50.45628],[5.73366,50.45632],[5.73292,50.45626],[5.73146,50.4567],[5.73104,50.45672],[5.73069,50.45659],[5.73013,50.45601],[5.72969,50.45594],[5.72906,50.45599],[5.72838,50.4559],[5.72794,50.45576],[5.72753,50.45542],[5.72672,50.45519],[5.72655,50.45492],[5.7261,50.45453],[5.72597,50.4538],[5.72575,50.45331],[5.72565,50.45279],[5.72522,50.45213],[5.72511,50.4516],[5.72499,50.45142],[5.72462,50.45103],[5.72374,50.45055],[5.72334,50.44994],[5.72284,50.44971],[5.72238,50.44911],[5.72168,50.44867],[5.72125,50.44856],[5.72068,50.44865],[5.71994,50.44902],[5.71896,50.44938],[5.71877,50.44963],[5.7187,50.44987],[5.71882,50.45053],[5.71854,50.45069],[5.71744,50.45053],[5.71677,50.45034],[5.71625,50.45053],[5.71521,50.4505],[5.71462,50.45043],[5.71378,50.45011],[5.71323,50.45015],[5.71275,50.45078],[5.71252,50.45158],[5.71202,50.45214],[5.71168,50.4527],[5.71162,50.453],[5.7117,50.45354],[5.71161,50.4538],[5.71085,50.45429],[5.70962,50.4547],[5.70878,50.45468],[5.7083,50.45427],[5.70759,50.45406],[5.70707,50.45411],[5.70694,50.45384],[5.70666,50.45353],[5.70675,50.45342],[5.70724,50.45326],[5.70719,50.45296],[5.70702,50.45284],[5.70628,50.4527],[5.70601,50.45251],[5.70594,50.45234],[5.70614,50.45199],[5.70613,50.45182],[5.70533,50.45107],[5.70542,50.45081],[5.70573,50.4505],[5.70567,50.45019],[5.70503,50.44953],[5.70462,50.4497],[5.70408,50.44968],[5.70377,50.44938],[5.70337,50.44854],[5.70294,50.44817],[5.70263,50.44848],[5.70262,50.44889],[5.70239,50.44912],[5.70208,50.44921],[5.70002,50.44932],[5.69959,50.44963],[5.69868,50.45003],[5.69752,50.45022],[5.6967,50.45049],[5.69573,50.45095],[5.69517,50.45133],[5.69379,50.45301],[5.69331,50.45295],[5.69252,50.45333],[5.6921,50.45293],[5.69161,50.45275],[5.69082,50.45308],[5.69068,50.45295],[5.69069,50.45258],[5.69062,50.4524],[5.6904,50.45227],[5.69,50.45219],[5.68963,50.45223],[5.68919,50.45243],[5.68833,50.45254],[5.68765,50.45273],[5.68701,50.45272],[5.68675,50.45264],[5.68659,50.45239],[5.68732,50.45194],[5.68745,50.45159],[5.68765,50.45131],[5.68751,50.45119],[5.68673,50.45089],[5.68648,50.4506],[5.6865,50.45001],[5.68631,50.44881],[5.68577,50.44836],[5.68421,50.44747],[5.68339,50.4473],[5.683,50.44712],[5.68296,50.44687],[5.68256,50.44652],[5.6824,50.44574],[5.68161,50.44494],[5.68168,50.44479],[5.68216,50.44468],[5.6822,50.44459],[5.68213,50.44436],[5.68168,50.44393],[5.68158,50.44355],[5.68141,50.44331],[5.68146,50.44317],[5.68182,50.44301],[5.68383,50.44314],[5.68426,50.44338],[5.68452,50.44376],[5.6846,50.4441],[5.68471,50.44411],[5.68509,50.44411],[5.68584,50.44395],[5.68598,50.44384],[5.68612,50.44348],[5.68641,50.44334],[5.68911,50.44359],[5.6901,50.44347],[5.69086,50.44353],[5.69258,50.4443],[5.69263,50.44449],[5.69252,50.44493],[5.69297,50.44505],[5.69416,50.44511],[5.69463,50.44525],[5.69551,50.44495],[5.69568,50.44474],[5.69561,50.44454],[5.69502,50.4441],[5.69496,50.4438],[5.69501,50.44353],[5.69597,50.44341],[5.69623,50.4432],[5.69629,50.4429],[5.6962,50.4427],[5.69545,50.44242],[5.69322,50.44194],[5.69178,50.44121],[5.6912,50.44076],[5.69078,50.44025],[5.6904,50.43994],[5.69025,50.43968],[5.69036,50.43953],[5.69093,50.43923],[5.69103,50.43907],[5.69073,50.43894],[5.68996,50.43882],[5.68955,50.43855],[5.68999,50.4385],[5.69047,50.43857],[5.69134,50.4383],[5.69126,50.43799],[5.69083,50.43771],[5.68918,50.43691],[5.68619,50.43612],[5.68512,50.43543],[5.6842,50.43552],[5.68395,50.43546],[5.68393,50.43532],[5.68403,50.43516],[5.68511,50.43467],[5.68517,50.43456],[5.68514,50.43432],[5.68483,50.43383],[5.68463,50.43325],[5.68424,50.43294],[5.68297,50.43258],[5.68196,50.43243],[5.68169,50.43243],[5.68094,50.43263],[5.68015,50.43254],[5.67958,50.43258],[5.67954,50.43241],[5.67972,50.43212],[5.67985,50.43147],[5.68019,50.43081],[5.68069,50.43026],[5.68066,50.43012],[5.68044,50.42993],[5.68043,50.42937],[5.68102,50.42857],[5.6811,50.42825],[5.68129,50.42804],[5.68253,50.42768],[5.68338,50.42754],[5.68526,50.42752],[5.68618,50.42773],[5.68639,50.4277],[5.68627,50.42743],[5.68484,50.42669],[5.68379,50.42624],[5.68297,50.42623],[5.6826,50.42604],[5.68249,50.42577],[5.68254,50.42516],[5.68229,50.4247],[5.68254,50.42438],[5.68246,50.42409]],[[5.70752,50.45446],[5.70736,50.45437],[5.70751,50.45424],[5.70767,50.45435],[5.70752,50.45446]],[[5.69752,50.45245],[5.69783,50.45213],[5.69889,50.45163],[5.69923,50.45156],[5.69937,50.45175],[5.69937,50.45192],[5.69921,50.45215],[5.69891,50.45228],[5.69837,50.45243],[5.69752,50.45245]],[[5.72336,50.44886],[5.72322,50.44875],[5.72313,50.44852],[5.72321,50.4483],[5.72333,50.44823],[5.724,50.44851],[5.72427,50.4488],[5.72414,50.44887],[5.72336,50.44886]],[[5.70252,50.44798],[5.70242,50.44755],[5.70252,50.44733],[5.70266,50.44765],[5.70252,50.44798]],[[5.69919,50.44576],[5.69875,50.44572],[5.69825,50.4455],[5.69806,50.44522],[5.69811,50.44492],[5.69835,50.44478],[5.69864,50.44478],[5.69962,50.44515],[5.69961,50.44549],[5.69919,50.44576]],[[5.67836,50.44521],[5.67852,50.44493],[5.67907,50.44465],[5.67952,50.44459],[5.67969,50.44465],[5.67965,50.44495],[5.67937,50.44526],[5.67885,50.44536],[5.67836,50.44521]],[[5.69627,50.4447],[5.69617,50.44465],[5.69683,50.44465],[5.69627,50.4447]],[[5.69211,50.4425],[5.69098,50.44213],[5.69135,50.44199],[5.69203,50.44193],[5.69225,50.44201],[5.69274,50.44241],[5.69253,50.44255],[5.69211,50.4425]],[[5.68711,50.43937],[5.68573,50.43909],[5.68703,50.43904],[5.68839,50.43881],[5.68919,50.43903],[5.68935,50.43931],[5.68925,50.43944],[5.68885,50.43951],[5.68711,50.43937]],[[5.64461,50.43494],[5.64536,50.43485],[5.64586,50.43493],[5.64745,50.43467],[5.64835,50.43493],[5.64958,50.43481],[5.65003,50.43492],[5.65085,50.43533],[5.65161,50.43549],[5.65215,50.43576],[5.65168,50.43603],[5.6513,50.4361],[5.64896,50.43616],[5.64865,50.4363],[5.64879,50.4366],[5.64833,50.43671],[5.64779,50.43661],[5.64715,50.43626],[5.64677,50.43617],[5.64461,50.43611]],[[5.64461,50.43454],[5.64517,50.43439],[5.64544,50.43409],[5.6462,50.43403],[5.64669,50.43409],[5.64675,50.43431],[5.64687,50.43441],[5.64751,50.43459],[5.64772,50.43428],[5.64789,50.43332],[5.6482,50.433],[5.64925,50.43285],[5.64967,50.43248],[5.65052,50.43222],[5.65208,50.43159],[5.65327,50.43097],[5.65463,50.43077],[5.65583,50.43079],[5.65624,50.43086],[5.65665,50.43105],[5.65707,50.43108],[5.6574,50.43133],[5.65766,50.43136],[5.65801,50.43134],[5.6583,50.43103],[5.65929,50.4311],[5.6608,50.4306],[5.66127,50.43019],[5.66209,50.43001],[5.66296,50.42966],[5.66316,50.42942],[5.66323,50.42909],[5.66334,50.42895],[5.66448,50.42866],[5.66526,50.42865],[5.66713,50.42895],[5.66838,50.42884],[5.66959,50.42938],[5.67021,50.42949],[5.67092,50.42937],[5.6708,50.4291],[5.67104,50.42879],[5.67125,50.42826],[5.67172,50.42811],[5.67415,50.42834],[5.67503,50.42886],[5.67561,50.42855],[5.67551,50.42841],[5.67517,50.42827],[5.67515,50.42817],[5.67537,50.42791],[5.67584,50.42766],[5.67605,50.42714],[5.67643,50.42681],[5.67718,50.42638],[5.67766,50.42596],[5.67807,50.42582],[5.67887,50.42578],[5.67932,50.42552],[5.67991,50.42409]],[[5.71044,50.43358],[5.71039,50.43353],[5.71043,50.43342],[5.71061,50.43352],[5.71044,50.43358]],[[5.67127,50.42916],[5.67109,50.42909],[5.67128,50.42907],[5.67127,50.42916]],[[5.75169,50.42661],[5.75163,50.42658],[5.75179,50.42654],[5.75222,50.42659],[5.75169,50.42661]],[[5.64461,50.42532],[5.64481,50.42517],[5.64461,50.42491]]]}},{"type":"Feature","properties":{"ele":360},"geometry":{"type":"MultiLineString","coordinates":[[[5.76044,50.50608],[5.76,50.50591],[5.75918,50.50576],[5.75906,50.50557],[5.75907,50.50541],[5.75924,50.50522],[5.75959,50.50516],[5.76042,50.50549],[5.76084,50.50578],[5.76089,50.50601],[5.76083,50.5061],[5.76044,50.50608]],[[5.75919,50.50501],[5.75917,50.50492],[5.75919,50.50501]],[[5.75877,50.50423],[5.75859,50.50409],[5.75846,50.50387],[5.75851,50.50331],[5.75844,50.50307],[5.75773,50.50249],[5.75776,50.50231],[5.75796,50.50214],[5.75838,50.50198],[5.75901,50.50202],[5.76068,50.50174],[5.76132,50.50184],[5.76144,50.50317],[5.76164,50.50355],[5.76161,50.50378],[5.76119,50.50391],[5.75989,50.50399],[5.75877,50.50423]],[[5.77002,50.5041],[5.76968,50.50396],[5.76916,50.50355],[5.76821,50.50324],[5.76805,50.50293],[5.76788,50.50227],[5.76794,50.50187],[5.76882,50.50184],[5.76884,50.50209],[5.76893,50.5022],[5.76964,50.50237],[5.76982,50.50252],[5.77008,50.50288],[5.77013,50.50348],[5.77027,50.50376],[5.77024,50.5039],[5.77002,50.5041]],[[5.75752,50.50272],[5.75754,50.50258],[5.75773,50.50268],[5.75752,50.50272]],[[5.75544,50.50191],[5.75511,50.50183],[5.75483,50.50166],[5.75482,50.5015],[5.755,50.50131],[5.75541,50.50103],[5.75647,50.5005],[5.75709,50.50002],[5.75752,50.50009],[5.75767,50.49997],[5.75759,50.49987],[5.75708,50.49985],[5.75664,50.49937],[5.75694,50.49894],[5.75684,50.49803],[5.75709,50.49768],[5.75781,50.49756],[5.75836,50.49773],[5.75995,50.49774],[5.76044,50.49798],[5.76069,50.49824],[5.76081,50.49901],[5.76077,50.49928],[5.76066,50.49943],[5.75997,50.49972],[5.75833,50.50007],[5.75804,50.50021],[5.75843,50.5013],[5.75814,50.50165],[5.7579,50.50177],[5.75741,50.50182],[5.75702,50.50205],[5.75593,50.50182],[5.75544,50.50191]],[[5.77086,50.49916],[5.77041,50.49902],[5.77017,50.49876],[5.77055,50.49827],[5.77064,50.49793],[5.77081,50.49778],[5.77203,50.49786],[5.77286,50.49782],[5.77323,50.49797],[5.77206,50.49847],[5.77086,50.49916]],[[5.76461,50.49845],[5.76376,50.49785],[5.76336,50.4977],[5.76271,50.49792],[5.76234,50.49794],[5.76172,50.49788],[5.76,50.49743],[5.75947,50.49693],[5.75906,50.49639],[5.75868,50.49553],[5.75884,50.49442],[5.75916,50.49379],[5.76124,50.49256],[5.76211,50.49242],[5.76293,50.49271],[5.76521,50.49325],[5.76547,50.49326],[5.7664,50.49301],[5.76702,50.49307],[5.76753,50.49332],[5.76798,50.49314],[5.76876,50.49375],[5.77027,50.49463],[5.77089,50.49491],[5.77085,50.49501],[5.77062,50.49509],[5.77008,50.49506],[5.76994,50.49512],[5.76992,50.49526],[5.77009,50.49578],[5.77006,50.49635],[5.76946,50.49604],[5.76919,50.49576],[5.76838,50.49595],[5.76743,50.49602],[5.76669,50.49659],[5.76667,50.49688],[5.76707,50.49717],[5.7684,50.49731],[5.76861,50.49748],[5.76862,50.49764],[5.76855,50.49772],[5.76749,50.49814],[5.76665,50.49835],[5.7651,50.49851],[5.76461,50.49845]],[[5.77044,50.49777],[5.77042,50.49767],[5.77067,50.4977],[5.77044,50.49777]],[[5.77086,50.49674],[5.77078,50.4966],[5.77085,50.4965],[5.77086,50.49674]],[[5.77877,50.49661],[5.77854,50.49655],[5.77842,50.49633],[5.77875,50.49572],[5.77917,50.49568],[5.77983,50.49576],[5.77928,50.49584],[5.779,50.49598],[5.77888,50.49616],[5.77886,50.49657],[5.77877,50.49661]],[[5.76169,50.49226],[5.76169,50.49212],[5.76169,50.49226]],[[5.75752,50.49082],[5.75619,50.49024],[5.75501,50.48932],[5.75537,50.48907],[5.75594,50.48897],[5.75667,50.48913],[5.75751,50.48947],[5.75824,50.49014],[5.75839,50.49046],[5.75822,50.49061],[5.75752,50.49082]],[[5.75044,50.49],[5.74982,50.48968],[5.7498,50.48959],[5.75011,50.48942],[5.75099,50.48958],[5.75174,50.48956],[5.75194,50.48968],[5.7518,50.48993],[5.7516,50.49],[5.75044,50.49]],[[5.76377,50.48887],[5.76361,50.48881],[5.76375,50.48867],[5.76388,50.48879],[5.76377,50.48887]],[[5.79461,50.47907],[5.79371,50.47853],[5.79334,50.47846],[5.79292,50.47854],[5.79257,50.47812],[5.79239,50.47806],[5.79177,50.47828],[5.79083,50.47836],[5.7901,50.4787],[5.78959,50.47854],[5.78917,50.47853],[5.78878,50.47885],[5.78505,50.47884],[5.7847,50.47894],[5.7842,50.47921],[5.78364,50.47888],[5.78276,50.47902],[5.78181,50.47941],[5.78155,50.47963],[5.7816,50.47987],[5.78149,50.47999],[5.78086,50.48026],[5.78036,50.48031],[5.78,50.48044],[5.78,50.48053],[5.78029,50.48076],[5.78003,50.48104],[5.77917,50.48083],[5.77879,50.481],[5.77835,50.48131],[5.77843,50.48158],[5.77822,50.48192],[5.77826,50.48224],[5.77841,50.48232],[5.77885,50.4823],[5.7792,50.48243],[5.77883,50.48272],[5.77798,50.48276],[5.77669,50.48266],[5.77528,50.48297],[5.77461,50.48326],[5.77338,50.48411],[5.77293,50.48433],[5.77239,50.48449],[5.77166,50.48456],[5.7713,50.48471],[5.77007,50.48561],[5.76753,50.4864],[5.7663,50.48688],[5.766,50.48727],[5.766,50.48773],[5.76581,50.48784],[5.76521,50.4877],[5.76529,50.48746],[5.76521,50.4874],[5.76501,50.48738],[5.76463,50.4875],[5.76428,50.48741],[5.76369,50.48688],[5.76249,50.48634],[5.76205,50.48605],[5.76169,50.48548],[5.76088,50.48464],[5.75968,50.48427],[5.75952,50.48414],[5.75932,50.48375],[5.75854,50.48345],[5.75719,50.48347],[5.75495,50.48282],[5.75448,50.48289],[5.75364,50.48318],[5.7522,50.4831],[5.75175,50.48332],[5.75108,50.48352],[5.75145,50.48401],[5.75145,50.48414],[5.7513,50.48436],[5.75016,50.4852],[5.74953,50.48536],[5.74898,50.48519],[5.74885,50.48461],[5.74846,50.48434],[5.74829,50.48412],[5.74855,50.48381],[5.74857,50.48349],[5.74881,50.48326],[5.74818,50.48346],[5.74752,50.48338],[5.74625,50.4827],[5.74587,50.48233],[5.74582,50.48203],[5.74605,50.48154],[5.74613,50.48116],[5.74598,50.48067],[5.74603,50.48022],[5.74628,50.47966],[5.7464,50.47915],[5.74696,50.47859],[5.74698,50.47821],[5.7472,50.47811],[5.7479,50.47816],[5.74833,50.47794],[5.74914,50.47769],[5.74977,50.47725],[5.75013,50.47688],[5.74947,50.47641],[5.74874,50.47631],[5.75062,50.47612],[5.75167,50.47639],[5.75286,50.47649],[5.75364,50.47667],[5.75586,50.47744],[5.75605,50.47723],[5.75623,50.47686],[5.75729,50.4766],[5.75711,50.47632],[5.75627,50.47593],[5.75613,50.47536],[5.7557,50.47492],[5.75575,50.47465],[5.7562,50.47407],[5.75674,50.47356],[5.7575,50.47324],[5.75774,50.47265],[5.75838,50.47244],[5.75877,50.47212],[5.75922,50.47188],[5.75917,50.47157],[5.7598,50.47131],[5.75986,50.47116],[5.75968,50.47078],[5.75905,50.47021],[5.75909,50.46993],[5.7587,50.46969],[5.75825,50.4686],[5.75832,50.4685],[5.75922,50.46829],[5.75924,50.46798],[5.75797,50.46741],[5.75778,50.46714],[5.75708,50.46667],[5.75675,50.46609],[5.75663,50.46522],[5.75697,50.46487],[5.75647,50.46383],[5.75652,50.46352],[5.75641,50.4631],[5.75663,50.46273],[5.75744,50.46247],[5.75885,50.46229],[5.76131,50.46216],[5.76281,50.46172],[5.7641,50.46152],[5.76421,50.46146],[5.76425,50.46132],[5.76396,50.46088],[5.764,50.46072],[5.76424,50.46067],[5.76463,50.4608],[5.76521,50.46045],[5.76588,50.46022],[5.76589,50.46012],[5.76584,50.45993],[5.76549,50.45991],[5.76377,50.46024],[5.76322,50.46018],[5.76203,50.46026],[5.76021,50.4599],[5.75957,50.45991],[5.75885,50.46009],[5.75849,50.46009],[5.75798,50.45992],[5.75761,50.45966],[5.75638,50.4585],[5.75583,50.45831],[5.75432,50.45808],[5.75323,50.45811],[5.75031,50.45784],[5.74952,50.45794],[5.74876,50.45831],[5.74835,50.45832],[5.74795,50.45823],[5.74772,50.45799],[5.74766,50.45776],[5.748,50.4565],[5.74788,50.45567],[5.74795,50.45493],[5.74743,50.45468],[5.74737,50.45456],[5.74743,50.45429],[5.7478,50.45359],[5.74772,50.45258],[5.74752,50.45162],[5.74713,50.45072],[5.74713,50.44933],[5.74702,50.44876],[5.74686,50.44845],[5.74635,50.44792],[5.74624,50.44767],[5.74625,50.4474],[5.74654,50.44716],[5.74663,50.44684],[5.74735,50.44627],[5.748,50.44599],[5.7506,50.44549],[5.75167,50.44547],[5.75281,50.44565],[5.75344,50.44555],[5.75484,50.44557],[5.7552,50.44549],[5.75546,50.4452],[5.75544,50.44464],[5.75532,50.44432],[5.75539,50.44404],[5.75614,50.44355],[5.75695,50.44327],[5.75738,50.44296],[5.75877,50.44266],[5.7592,50.44243],[5.75939,50.44217],[5.75924,50.44186],[5.75828,50.44105],[5.75668,50.43997],[5.75663,50.43966],[5.75677,50.43945],[5.75725,50.43913],[5.75781,50.43889],[5.75885,50.43865],[5.76039,50.43809],[5.76263,50.43691],[5.76295,50.43659],[5.76255,50.4367],[5.76182,50.43669],[5.76086,50.43687],[5.75963,50.43692],[5.7592,50.43688],[5.75864,50.43668],[5.75703,50.43672],[5.75484,50.43637],[5.75286,50.43686],[5.75251,50.43707],[5.75208,50.43767],[5.75127,50.4381],[5.74966,50.43858],[5.74793,50.4388],[5.74755,50.43918],[5.74709,50.43913],[5.7459,50.43879],[5.74454,50.43864],[5.74251,50.43771],[5.74107,50.4366],[5.74059,50.43609],[5.74043,50.43575],[5.74027,50.43449],[5.7401,50.43373],[5.74008,50.43317],[5.73995,50.43244],[5.74002,50.43158],[5.7404,50.43126],[5.74132,50.43108],[5.74213,50.43077],[5.74255,50.43054],[5.74293,50.4302],[5.74338,50.43001],[5.74416,50.42982],[5.74489,50.43005],[5.74552,50.42994],[5.74586,50.42969],[5.74581,50.42937],[5.74595,50.42928],[5.74826,50.42849],[5.74875,50.42825],[5.75043,50.4278],[5.75163,50.42712],[5.75316,50.42687],[5.75429,50.42609],[5.75588,50.42542],[5.75974,50.42409]],[[5.75544,50.48413],[5.75525,50.48408],[5.75545,50.48404],[5.7555,50.48409],[5.75544,50.48413]],[[5.75502,50.48393],[5.75494,50.48383],[5.75501,50.48377],[5.75507,50.48382],[5.75502,50.48393]],[[5.78502,50.48012],[5.78491,50.47994],[5.785,50.47981],[5.78502,50.48012]],[[5.79461,50.47944],[5.79419,50.47937],[5.79461,50.47912]],[[5.73336,50.45555],[5.73286,50.4553],[5.73215,50.45511],[5.73194,50.45496],[5.73201,50.45463],[5.73253,50.45409],[5.73294,50.45381],[5.73415,50.4535],[5.73467,50.45351],[5.73522,50.45379],[5.73529,50.45414],[5.73493,50.45463],[5.73488,50.45501],[5.73463,50.45551],[5.73336,50.45555]],[[5.72877,50.45536],[5.72838,50.4549],[5.72794,50.45493],[5.72753,50.45449],[5.72749,50.45432],[5.7276,50.45407],[5.72891,50.4536],[5.72926,50.45372],[5.72981,50.45407],[5.73002,50.45438],[5.73007,50.45463],[5.72966,50.4552],[5.72877,50.45536]],[[5.73044,50.45438],[5.73026,50.45437],[5.73044,50.45438]],[[5.72711,50.45372],[5.72671,50.45296],[5.72663,50.45248],[5.72667,50.45228],[5.72687,50.45218],[5.72724,50.45218],[5.72797,50.45241],[5.72806,50.45271],[5.7284,50.45297],[5.72837,50.45309],[5.72799,50.45329],[5.7277,50.45357],[5.72711,50.45372]],[[5.72836,50.45367],[5.72813,50.45354],[5.72834,50.45339],[5.72856,50.45352],[5.72836,50.45367]],[[5.69252,50.45187],[5.69167,50.45167],[5.69049,50.45169],[5.68958,50.45131],[5.69085,50.45075],[5.69182,50.45051],[5.69255,50.4506],[5.69347,50.45096],[5.69348,50.45107],[5.693,50.45135],[5.69252,50.45187]],[[5.71127,50.45117],[5.71117,50.45106],[5.71121,50.45095],[5.71148,50.45101],[5.71127,50.45117]],[[5.69336,50.45049],[5.6926,50.45032],[5.69183,50.45036],[5.69137,50.45012],[5.69044,50.44992],[5.68979,50.45005],[5.68869,50.44994],[5.68836,50.44937],[5.68791,50.44885],[5.68795,50.44853],[5.6867,50.44824],[5.6866,50.44772],[5.68601,50.44723],[5.68589,50.44685],[5.6846,50.44601],[5.68435,50.4456],[5.68435,50.44496],[5.68456,50.44487],[5.68611,50.44465],[5.68627,50.44449],[5.68669,50.44378],[5.68739,50.44391],[5.68788,50.44416],[5.68876,50.44439],[5.68962,50.44452],[5.69041,50.44497],[5.6913,50.44515],[5.69218,50.44576],[5.69291,50.44643],[5.69478,50.44684],[5.69492,50.44716],[5.69608,50.44779],[5.69627,50.44798],[5.69662,50.44857],[5.69753,50.44876],[5.69795,50.44909],[5.69706,50.44931],[5.69544,50.45007],[5.69459,50.45056],[5.6939,50.45065],[5.69336,50.45049]],[[5.7243,50.42409],[5.72423,50.42467],[5.72404,50.42492],[5.724,50.42515],[5.72465,50.42603],[5.72479,50.42661],[5.72483,50.42765],[5.72471,50.42782],[5.72447,50.42791],[5.72323,50.42786],[5.72262,50.42794],[5.72221,50.42824],[5.72218,50.42838],[5.72226,50.42854],[5.72321,50.42932],[5.7233,50.42963],[5.72314,50.42992],[5.72277,50.43024],[5.72254,50.43077],[5.72203,50.43083],[5.72123,50.4307],[5.72081,50.43076],[5.72075,50.43103],[5.72092,50.43126],[5.72184,50.43183],[5.72197,50.43206],[5.72169,50.43305],[5.72152,50.43326],[5.72128,50.4334],[5.72046,50.43355],[5.71915,50.43353],[5.71838,50.43369],[5.71803,50.43364],[5.71774,50.43338],[5.71771,50.43297],[5.71751,50.43273],[5.71672,50.43257],[5.71639,50.43214],[5.7146,50.4313],[5.71425,50.43135],[5.71405,50.43152],[5.71388,50.43227],[5.71341,50.43305],[5.71287,50.43324],[5.71202,50.4333],[5.71171,50.43297],[5.71045,50.4324],[5.70922,50.43229],[5.70868,50.43211],[5.7084,50.43184],[5.70792,50.43106],[5.70828,50.4305],[5.70828,50.43026],[5.70712,50.42903],[5.70676,50.42913],[5.70652,50.42967],[5.70637,50.43039],[5.70647,50.43098],[5.70632,50.43137],[5.70531,50.43148],[5.70432,50.43128],[5.7033,50.43131],[5.70354,50.43155],[5.70417,50.43189],[5.70449,50.43227],[5.70481,50.43242],[5.70466,50.43257],[5.70416,50.43269],[5.70459,50.4331],[5.70505,50.43324],[5.70568,50.43323],[5.70628,50.43298],[5.70645,50.43314],[5.70649,50.43329],[5.70618,50.43354],[5.70629,50.43383],[5.70573,50.43383],[5.70522,50.43355],[5.70504,50.43334],[5.70497,50.43352],[5.70502,50.43382],[5.70549,50.43435],[5.7062,50.43486],[5.70646,50.4349],[5.70715,50.43479],[5.7074,50.43522],[5.70796,50.43575],[5.70849,50.43589],[5.71015,50.43562],[5.71085,50.43576],[5.71163,50.43607],[5.71381,50.43631],[5.71423,50.43646],[5.71551,50.43724],[5.7159,50.43767],[5.71643,50.43797],[5.71669,50.43825],[5.71665,50.43859],[5.71562,50.43936],[5.71542,50.43961],[5.71551,50.44039],[5.71584,50.44077],[5.71786,50.44058],[5.71837,50.44072],[5.71879,50.44105],[5.71911,50.44115],[5.71936,50.44112],[5.71959,50.44102],[5.72002,50.44048],[5.72062,50.44001],[5.72071,50.43956],[5.72085,50.4393],[5.72126,50.43901],[5.72187,50.43885],[5.72292,50.43899],[5.72385,50.43891],[5.72576,50.43975],[5.7261,50.44001],[5.72633,50.44098],[5.72627,50.44131],[5.72602,50.44161],[5.72605,50.44199],[5.72594,50.44217],[5.72547,50.44249],[5.72449,50.44293],[5.72408,50.44327],[5.72332,50.4446],[5.72336,50.44493],[5.72354,50.44519],[5.72358,50.44539],[5.72353,50.4457],[5.72328,50.44603],[5.72327,50.44619],[5.72352,50.4466],[5.72302,50.44688],[5.72295,50.44715],[5.72245,50.44716],[5.72237,50.44691],[5.72227,50.44685],[5.72168,50.44686],[5.72161,50.44716],[5.72121,50.44741],[5.72101,50.44771],[5.72041,50.44795],[5.71993,50.44834],[5.71957,50.44853],[5.71798,50.44895],[5.71719,50.44945],[5.71675,50.44922],[5.7164,50.44916],[5.71586,50.44925],[5.71547,50.44955],[5.71531,50.44958],[5.71503,50.44953],[5.7146,50.44929],[5.71281,50.44928],[5.71246,50.44936],[5.71235,50.44969],[5.71169,50.45023],[5.71114,50.45005],[5.71099,50.4499],[5.71093,50.44961],[5.71076,50.44944],[5.71001,50.44919],[5.70975,50.44894],[5.70971,50.44869],[5.70985,50.44848],[5.71007,50.44837],[5.7106,50.4483],[5.71066,50.44825],[5.71057,50.44819],[5.71006,50.44822],[5.7096,50.44848],[5.70923,50.44855],[5.70849,50.44848],[5.70766,50.44857],[5.70707,50.44841],[5.70588,50.44841],[5.70544,50.44826],[5.70535,50.44796],[5.70538,50.44772],[5.70589,50.4475],[5.70595,50.4469],[5.70671,50.44651],[5.70758,50.44682],[5.70776,50.44727],[5.70823,50.44774],[5.70844,50.44777],[5.7089,50.44736],[5.70897,50.44606],[5.70887,50.44592],[5.70869,50.44587],[5.70632,50.44637],[5.70564,50.44632],[5.70592,50.44607],[5.70591,50.44578],[5.70541,50.4456],[5.70529,50.44545],[5.70644,50.44449],[5.70655,50.44432],[5.70655,50.44415],[5.70626,50.44403],[5.70552,50.44441],[5.70516,50.44447],[5.70492,50.44443],[5.7044,50.44415],[5.70435,50.444],[5.70457,50.4435],[5.70526,50.44335],[5.70586,50.44356],[5.70588,50.44325],[5.7055,50.44314],[5.70525,50.44292],[5.70456,50.44274],[5.70481,50.4422],[5.70477,50.44209],[5.70461,50.44198],[5.70416,50.44202],[5.70342,50.44249],[5.70288,50.44244],[5.70305,50.44218],[5.70366,50.44164],[5.70366,50.44147],[5.70351,50.44129],[5.70248,50.44095],[5.70167,50.44098],[5.70078,50.4409],[5.7005,50.44073],[5.70046,50.44045],[5.7001,50.4405],[5.70002,50.44066],[5.69995,50.44043],[5.69959,50.44008],[5.6994,50.44029],[5.69934,50.44079],[5.69893,50.44107],[5.69734,50.44145],[5.69573,50.44145],[5.69497,50.44132],[5.69347,50.44041],[5.69325,50.4402],[5.69314,50.43991],[5.69328,50.43935],[5.6947,50.43904],[5.69502,50.4389],[5.69523,50.43866],[5.69527,50.43856],[5.6952,50.43842],[5.69447,50.43799],[5.69519,50.43771],[5.69506,50.43741],[5.69433,50.43714],[5.69217,50.43665],[5.69125,50.43626],[5.6906,50.43572],[5.68834,50.43521],[5.68784,50.43486],[5.6871,50.43413],[5.68684,50.43383],[5.68671,50.43347],[5.68638,50.43314],[5.68614,50.43305],[5.68541,50.43301],[5.68529,50.4327],[5.68491,50.43243],[5.68467,50.43214],[5.68412,50.43218],[5.68328,50.43208],[5.682,50.43216],[5.68174,50.43211],[5.68148,50.43194],[5.68136,50.43175],[5.68137,50.4314],[5.68193,50.43015],[5.68187,50.42993],[5.68152,50.42962],[5.68142,50.42935],[5.68166,50.42879],[5.68206,50.4285],[5.6826,50.42839],[5.68342,50.42851],[5.68368,50.42873],[5.68379,50.42897],[5.68399,50.42882],[5.68471,50.4286],[5.68474,50.4285],[5.68453,50.42827],[5.6847,50.42818],[5.68666,50.42819],[5.68708,50.42827],[5.6879,50.42858],[5.68809,50.42854],[5.68778,50.42804],[5.68802,50.42765],[5.68772,50.42724],[5.6875,50.42707],[5.68624,50.42651],[5.68525,50.42573],[5.68488,50.42532],[5.68456,50.42464],[5.68501,50.42409]],[[5.69877,50.44802],[5.6977,50.44706],[5.69773,50.44682],[5.6979,50.44653],[5.69835,50.4463],[5.69877,50.44651],[5.69917,50.44649],[5.69929,50.44657],[5.69922,50.44699],[5.69924,50.4478],[5.69912,50.44795],[5.69877,50.44802]],[[5.70336,50.44536],[5.70279,50.44492],[5.70271,50.44474],[5.70276,50.44462],[5.70302,50.44457],[5.70377,50.44473],[5.70447,50.44448],[5.70467,50.44452],[5.70478,50.44464],[5.70481,50.44484],[5.70472,50.44497],[5.70384,50.44535],[5.70336,50.44536]],[[5.69836,50.44304],[5.69817,50.44298],[5.69854,50.44298],[5.69836,50.44304]],[[5.69419,50.44164],[5.69404,50.44155],[5.69421,50.44147],[5.69427,50.44158],[5.69419,50.44164]],[[5.69336,50.44135],[5.69285,50.44106],[5.6929,50.44088],[5.69308,50.44085],[5.69335,50.44095],[5.69399,50.44131],[5.69378,50.44144],[5.69336,50.44135]],[[5.69627,50.44115],[5.69619,50.44104],[5.69627,50.44093],[5.69636,50.44103],[5.69627,50.44115]],[[5.69252,50.4408],[5.69251,50.44073],[5.69273,50.44076],[5.69252,50.4408]],[[5.70586,50.4328],[5.70561,50.43268],[5.70584,50.43257],[5.70611,50.43268],[5.70586,50.4328]],[[5.64461,50.43232],[5.64509,50.43219],[5.64557,50.4319],[5.64581,50.43157],[5.64633,50.43139],[5.6474,50.43079],[5.64762,50.42998],[5.64782,50.42967],[5.64752,50.42938],[5.64709,50.42924],[5.64637,50.42995],[5.64595,50.43004],[5.64509,50.42961],[5.64461,50.42947]],[[5.70211,50.43134],[5.70197,50.43085],[5.70203,50.43069],[5.70215,50.43065],[5.7025,50.43079],[5.7027,50.43105],[5.7025,50.43124],[5.70211,50.43134]],[[5.64461,50.43109],[5.64504,50.43092],[5.64558,50.43049],[5.64535,50.43026],[5.64461,50.42978]],[[5.72669,50.4311],[5.7264,50.43085],[5.72642,50.43071],[5.72675,50.43065],[5.72706,50.43083],[5.72711,50.4311],[5.72669,50.4311]],[[5.67553,50.42409],[5.67563,50.42521],[5.6752,50.42582],[5.67423,50.4266],[5.67312,50.42674],[5.67146,50.42666],[5.66986,50.42711],[5.66715,50.42744],[5.66569,50.42742],[5.66323,50.42757],[5.66164,50.42821],[5.66165,50.42829],[5.66255,50.42904],[5.66261,50.42934],[5.6625,50.42946],[5.66114,50.42958],[5.65989,50.42921],[5.65834,50.42937],[5.6591,50.43023],[5.65962,50.43029],[5.65987,50.43045],[5.65922,50.4306],[5.65793,50.43048],[5.6576,50.43039],[5.65729,50.43023],[5.6571,50.42993],[5.65672,50.42971],[5.65583,50.42994],[5.65547,50.42947],[5.65512,50.42937],[5.65448,50.42959],[5.65401,50.42962],[5.65359,50.42956],[5.65292,50.42931],[5.65203,50.4293],[5.65168,50.42936],[5.65128,50.42969],[5.65,50.4299],[5.64962,50.42984],[5.64887,50.42932],[5.64832,50.4294],[5.64786,50.42908],[5.64796,50.42855],[5.6478,50.42827],[5.64785,50.428],[5.64752,50.42771],[5.64746,50.42744],[5.64505,50.42715],[5.64495,50.42699],[5.64495,50.42683],[5.64553,50.42655],[5.64545,50.42631],[5.64501,50.42576],[5.64586,50.42561],[5.64606,50.4255],[5.64617,50.42532],[5.646,50.4246],[5.64573,50.42409]],[[5.66002,50.43038],[5.65986,50.4302],[5.66046,50.4302],[5.66002,50.43038]],[[5.64919,50.4261],[5.64913,50.42604],[5.64919,50.426],[5.64974,50.42604],[5.64956,50.42613],[5.64919,50.4261]],[[5.65737,50.42409],[5.65627,50.42436],[5.65638,50.42501],[5.65629,50.42521],[5.65609,50.42522],[5.65417,50.42509],[5.65376,50.42494],[5.65339,50.42453],[5.65177,50.4242],[5.65097,50.42441],[5.65035,50.42436],[5.64967,50.42465],[5.6492,50.42468],[5.64796,50.42439],[5.64729,50.42409]]]}},{"type":"Feature","properties":{"ele":370},"geometry":{"type":"MultiLineString","coordinates":[[[5.76877,50.50327],[5.76877,50.50322],[5.76885,50.50325],[5.76877,50.50327]],[[5.76919,50.50295],[5.76901,50.50278],[5.76901,50.50268],[5.76927,50.50268],[5.76919,50.50295]],[[5.75711,50.5014],[5.75617,50.50104],[5.75734,50.50067],[5.75794,50.50069],[5.75797,50.50136],[5.75711,50.5014]],[[5.75877,50.49965],[5.7587,50.49964],[5.7591,50.49955],[5.75923,50.49963],[5.75877,50.49965]],[[5.75961,50.49944],[5.75896,50.4993],[5.75836,50.49927],[5.75826,50.49876],[5.75785,50.49829],[5.75787,50.49796],[5.75921,50.49792],[5.76011,50.49816],[5.76047,50.49876],[5.76045,50.49922],[5.76022,50.49936],[5.75961,50.49944]],[[5.76502,50.49828],[5.7642,50.49752],[5.76403,50.4972],[5.7642,50.49695],[5.76475,50.4969],[5.76487,50.49662],[5.76466,50.4965],[5.76409,50.49644],[5.76395,50.49633],[5.76405,50.49623],[5.76432,50.49617],[5.76494,50.49622],[5.76581,50.49644],[5.766,50.49657],[5.7663,50.49702],[5.76753,50.4977],[5.76745,50.49795],[5.76713,50.49809],[5.76502,50.49828]],[[5.77127,50.49827],[5.77176,50.49826],[5.77127,50.49827]],[[5.76044,50.4967],[5.76019,50.49637],[5.76039,50.49619],[5.76122,50.49598],[5.76136,50.49602],[5.7615,50.49623],[5.76151,50.4965],[5.76134,50.49667],[5.76088,50.49677],[5.76044,50.4967]],[[5.76336,50.49525],[5.76316,50.49491],[5.76339,50.4946],[5.7642,50.49449],[5.76476,50.49489],[5.76475,50.49499],[5.7646,50.49511],[5.7639,50.49531],[5.76336,50.49525]],[[5.76502,50.49466],[5.76479,50.49394],[5.76488,50.49376],[5.76543,50.49364],[5.766,50.49407],[5.76585,50.49422],[5.76515,50.49437],[5.76502,50.49466]],[[5.76377,50.4933],[5.76374,50.49325],[5.76423,50.49326],[5.76377,50.4933]],[[5.75669,50.48995],[5.75664,50.48986],[5.75669,50.48964],[5.75721,50.48992],[5.75709,50.49002],[5.75669,50.48995]],[[5.79461,50.47709],[5.79411,50.47707],[5.7934,50.47719],[5.7926,50.47721],[5.79177,50.47749],[5.7913,50.47774],[5.79053,50.47782],[5.79001,50.47807],[5.78786,50.47788],[5.78588,50.47789],[5.78499,50.47796],[5.78385,50.4782],[5.78297,50.47815],[5.78212,50.47833],[5.78,50.47935],[5.77973,50.47966],[5.77939,50.4799],[5.77934,50.4802],[5.77921,50.48033],[5.77843,50.48052],[5.77799,50.48083],[5.77751,50.48089],[5.77725,50.48101],[5.77718,50.48116],[5.77724,50.48133],[5.77773,50.48189],[5.77756,50.48244],[5.77706,50.48246],[5.77581,50.48208],[5.77494,50.48217],[5.77458,50.48231],[5.77376,50.48282],[5.77291,50.48353],[5.77174,50.48397],[5.77089,50.48441],[5.77036,50.48451],[5.76932,50.48448],[5.76879,50.48465],[5.7682,50.48514],[5.76775,50.4857],[5.76755,50.48581],[5.76707,50.48577],[5.76638,50.48539],[5.76544,50.48526],[5.76251,50.48425],[5.75999,50.48312],[5.7592,50.48298],[5.75837,50.48295],[5.75771,50.4832],[5.75708,50.48317],[5.75624,50.48273],[5.75572,50.48221],[5.75547,50.48208],[5.75498,50.48212],[5.75421,50.48271],[5.7538,50.48285],[5.75333,50.48286],[5.75208,50.48259],[5.75135,50.48258],[5.75083,50.48268],[5.75062,50.48304],[5.75031,50.48316],[5.74927,50.48282],[5.74842,50.48269],[5.74756,50.48243],[5.74717,50.48207],[5.74708,50.48187],[5.74714,50.48157],[5.74708,50.48116],[5.74684,50.48046],[5.74694,50.47973],[5.74726,50.47911],[5.74794,50.47853],[5.7489,50.4785],[5.74984,50.47823],[5.75089,50.47835],[5.75171,50.47826],[5.75201,50.47793],[5.75199,50.47751],[5.75182,50.47732],[5.75131,50.47712],[5.75116,50.47688],[5.75126,50.47672],[5.75198,50.47681],[5.75295,50.47677],[5.75512,50.47741],[5.75574,50.47771],[5.75542,50.47798],[5.75546,50.47851],[5.7563,50.47882],[5.75663,50.47878],[5.75692,50.47864],[5.7571,50.47853],[5.7572,50.4783],[5.75642,50.47774],[5.75644,50.47766],[5.75849,50.47729],[5.7588,50.47717],[5.75962,50.47662],[5.75778,50.47604],[5.75777,50.47582],[5.758,50.47544],[5.75784,50.47518],[5.75738,50.47488],[5.75719,50.47439],[5.75748,50.47404],[5.75785,50.47393],[5.75798,50.47397],[5.75804,50.47408],[5.75793,50.47441],[5.75837,50.47438],[5.75848,50.47408],[5.75839,50.47391],[5.7582,50.4738],[5.75831,50.47354],[5.7588,50.47348],[5.75919,50.47326],[5.75911,50.47296],[5.75918,50.4727],[5.76,50.4721],[5.76088,50.47105],[5.76059,50.47073],[5.75997,50.47049],[5.75996,50.46998],[5.75984,50.46963],[5.75989,50.46883],[5.7604,50.46852],[5.76051,50.46824],[5.7602,50.46774],[5.75981,50.46744],[5.75864,50.46731],[5.75834,50.46716],[5.75786,50.46668],[5.75775,50.4664],[5.75754,50.46521],[5.75719,50.46432],[5.75726,50.46373],[5.75691,50.46324],[5.75704,50.46294],[5.75735,50.4627],[5.75771,50.46261],[5.75914,50.46241],[5.7613,50.4623],[5.76294,50.46187],[5.76359,50.46178],[5.76495,50.46192],[5.76552,50.4619],[5.76562,50.46181],[5.76561,50.4616],[5.76513,50.46126],[5.76522,50.46085],[5.76533,50.46071],[5.76625,50.46017],[5.76734,50.45998],[5.76897,50.45992],[5.76828,50.45969],[5.76667,50.45962],[5.76582,50.45964],[5.7639,50.4599],[5.76262,50.45989],[5.76156,50.46003],[5.76115,50.45997],[5.76024,50.45963],[5.75984,50.45957],[5.75955,50.4596],[5.75885,50.45986],[5.75849,50.45989],[5.75796,50.45962],[5.75747,50.45909],[5.75716,50.45852],[5.755,50.45782],[5.75417,50.45771],[5.75328,50.45777],[5.75161,50.45752],[5.75011,50.45761],[5.74896,50.45779],[5.74844,50.45768],[5.74828,50.45746],[5.74855,50.45633],[5.74855,50.45605],[5.74832,50.45551],[5.74846,50.45521],[5.74848,50.45499],[5.74843,50.45489],[5.7479,50.45465],[5.7478,50.45435],[5.74791,50.45406],[5.74846,50.45355],[5.74853,50.45329],[5.74823,50.45295],[5.74784,50.45151],[5.74747,50.45075],[5.74753,50.44937],[5.74742,50.44852],[5.74728,50.44821],[5.74685,50.44769],[5.747,50.44737],[5.74729,50.44711],[5.74743,50.44658],[5.74781,50.44632],[5.74818,50.44619],[5.75047,50.44567],[5.7514,50.44563],[5.75312,50.44589],[5.75504,50.44578],[5.75558,50.4456],[5.75586,50.4452],[5.75581,50.44474],[5.75587,50.44441],[5.7565,50.44382],[5.75802,50.44305],[5.75933,50.44271],[5.76045,50.44215],[5.75944,50.44165],[5.75858,50.44073],[5.75752,50.44026],[5.75709,50.43995],[5.75701,50.43967],[5.75714,50.43941],[5.75786,50.43902],[5.75879,50.43882],[5.76044,50.43826],[5.76268,50.43713],[5.76355,50.43662],[5.76422,50.43608],[5.76431,50.43585],[5.76427,50.43572],[5.76251,50.43564],[5.76225,50.43576],[5.76222,50.43608],[5.76209,50.43625],[5.76141,50.43622],[5.76083,50.43633],[5.75988,50.43631],[5.75739,50.43645],[5.75656,50.43641],[5.75505,50.43612],[5.75463,50.43614],[5.75262,50.43668],[5.75204,50.43733],[5.75083,50.43787],[5.7476,50.43864],[5.74547,50.43847],[5.74411,50.43816],[5.74291,50.43773],[5.74168,50.43688],[5.74085,50.43607],[5.74069,50.43567],[5.74043,50.43385],[5.74049,50.43307],[5.74042,50.4321],[5.74055,50.43187],[5.74088,50.43162],[5.74168,50.43131],[5.743,50.43061],[5.74333,50.43054],[5.74396,50.43059],[5.74584,50.4302],[5.74615,50.42994],[5.74622,50.42958],[5.74636,50.42947],[5.74712,50.42915],[5.74869,50.42872],[5.74953,50.4284],[5.75042,50.42823],[5.75195,50.42734],[5.75332,50.42699],[5.75423,50.42657],[5.75532,50.42626],[5.75612,50.42575],[5.75816,50.42495],[5.76044,50.42429],[5.76135,50.42429],[5.76209,50.42409]],[[5.74961,50.48498],[5.74918,50.48465],[5.74942,50.48376],[5.74954,50.48353],[5.75,50.48354],[5.75052,50.48368],[5.75087,50.4838],[5.75108,50.48401],[5.75113,50.48418],[5.75102,50.48437],[5.75045,50.4848],[5.75005,50.485],[5.74961,50.48498]],[[5.74794,50.48301],[5.74795,50.48294],[5.74794,50.48301]],[[5.75586,50.478],[5.75572,50.47796],[5.75584,50.47787],[5.75586,50.478]],[[5.75669,50.47526],[5.75657,50.47471],[5.75663,50.47459],[5.75677,50.47457],[5.757,50.47471],[5.75669,50.47526]],[[5.73419,50.45522],[5.73314,50.45493],[5.73291,50.45464],[5.73375,50.45437],[5.73462,50.45421],[5.7347,50.45439],[5.73465,50.45498],[5.73419,50.45522]],[[5.69211,50.45138],[5.69197,50.45113],[5.69203,50.45097],[5.69229,50.45095],[5.69272,50.45105],[5.69253,50.45136],[5.69211,50.45138]],[[5.69419,50.4505],[5.69379,50.45045],[5.69319,50.45017],[5.69338,50.44997],[5.69397,50.4497],[5.69419,50.44937],[5.69465,50.44914],[5.69503,50.44864],[5.69505,50.44852],[5.69454,50.44829],[5.69425,50.44793],[5.69375,50.44779],[5.69328,50.44781],[5.69292,50.44795],[5.69277,50.44823],[5.69256,50.4484],[5.69156,50.44865],[5.69057,50.44916],[5.6901,50.44921],[5.68961,50.4491],[5.68871,50.4484],[5.68791,50.44798],[5.68775,50.44769],[5.68782,50.4469],[5.68708,50.44662],[5.68672,50.44631],[5.68653,50.446],[5.68587,50.44575],[5.68566,50.44546],[5.68566,50.4452],[5.68626,50.44492],[5.68712,50.44507],[5.68755,50.44482],[5.68785,50.44475],[5.68807,50.44483],[5.68828,50.44523],[5.68845,50.44531],[5.6888,50.44534],[5.68962,50.44518],[5.6898,50.44549],[5.69002,50.44565],[5.69046,50.44575],[5.69292,50.44677],[5.6939,50.44687],[5.69404,50.44716],[5.69487,50.44742],[5.69588,50.44796],[5.69618,50.4486],[5.69698,50.44909],[5.69419,50.4505]],[[5.71461,50.44855],[5.71431,50.44825],[5.71463,50.44809],[5.71487,50.44819],[5.71493,50.44831],[5.71478,50.44849],[5.71461,50.44855]],[[5.72352,50.42409],[5.72332,50.42434],[5.72329,50.42465],[5.72353,50.42526],[5.72397,50.42592],[5.72401,50.42632],[5.72423,50.42659],[5.72418,50.42687],[5.72448,50.42723],[5.72453,50.42748],[5.72429,50.42773],[5.72334,50.4276],[5.7222,50.42781],[5.72176,50.42831],[5.7214,50.42853],[5.72115,50.42881],[5.72151,50.42902],[5.72153,50.42914],[5.72085,50.42963],[5.72064,50.42987],[5.72069,50.42999],[5.72091,50.43003],[5.72109,50.42993],[5.72129,50.42968],[5.72136,50.42936],[5.72167,50.42919],[5.72254,50.42937],[5.72287,50.4297],[5.72269,50.42997],[5.72224,50.43023],[5.7221,50.43048],[5.72156,50.43054],[5.72086,50.43046],[5.72029,50.43101],[5.7204,50.43161],[5.72131,50.43182],[5.72153,50.43213],[5.72153,50.43241],[5.72136,50.43299],[5.7209,50.4333],[5.72036,50.4333],[5.71911,50.433],[5.71852,50.43251],[5.71838,50.43213],[5.71703,50.43196],[5.7163,50.43168],[5.71581,50.43164],[5.71453,50.43109],[5.71423,50.43112],[5.71402,50.43125],[5.7135,50.43221],[5.71292,50.43269],[5.71254,50.43285],[5.71205,50.43278],[5.71052,50.43198],[5.71026,50.43196],[5.70953,50.43212],[5.70911,50.43206],[5.70874,50.43189],[5.70871,50.43161],[5.70835,50.43133],[5.7083,50.43116],[5.70832,50.43099],[5.70872,50.43047],[5.70878,50.4302],[5.70848,50.42993],[5.70793,50.42966],[5.70753,50.42908],[5.70711,50.42881],[5.70667,50.4289],[5.70629,50.42913],[5.7059,50.43015],[5.7059,50.43039],[5.70607,50.43078],[5.70586,50.43109],[5.70374,50.43105],[5.703,50.43083],[5.70281,50.43057],[5.70295,50.4302],[5.70288,50.43003],[5.70273,50.42987],[5.70249,50.42976],[5.70204,50.42979],[5.7012,50.43019],[5.70151,50.43074],[5.7017,50.43138],[5.70156,50.4316],[5.70084,50.43188],[5.70212,50.43236],[5.70336,50.43298],[5.70525,50.43491],[5.70602,50.43602],[5.70679,50.43676],[5.70747,50.43723],[5.70792,50.43735],[5.70842,50.43692],[5.70831,50.43631],[5.70922,50.43604],[5.70994,50.43595],[5.71136,50.4364],[5.71265,50.43641],[5.71388,50.43681],[5.71503,50.43742],[5.71542,50.43807],[5.71595,50.43844],[5.71605,50.43859],[5.716,50.43883],[5.71531,50.43932],[5.71514,50.43967],[5.71499,50.44059],[5.71516,50.44095],[5.71545,50.44119],[5.71588,50.44124],[5.71729,50.44095],[5.71828,50.44105],[5.71903,50.44137],[5.71969,50.44151],[5.72003,50.44151],[5.72036,50.44127],[5.72117,50.44032],[5.72122,50.44012],[5.7211,50.43963],[5.72121,50.43937],[5.72183,50.43906],[5.72223,50.43906],[5.72294,50.43939],[5.72364,50.4392],[5.72401,50.43921],[5.72503,50.43965],[5.72546,50.43993],[5.72566,50.44036],[5.72568,50.44102],[5.72544,50.44177],[5.72512,50.44225],[5.72408,50.44268],[5.72353,50.44324],[5.72337,50.44408],[5.72305,50.44446],[5.72286,50.44516],[5.7231,50.44548],[5.72297,50.44578],[5.72253,50.44604],[5.72167,50.44607],[5.72123,50.44622],[5.72071,50.4468],[5.7206,50.44715],[5.71954,50.44761],[5.71953,50.44795],[5.71942,50.44806],[5.71901,50.44819],[5.71674,50.44858],[5.71599,50.44837],[5.71526,50.44802],[5.71526,50.44792],[5.7155,50.44773],[5.71547,50.44765],[5.71496,50.44785],[5.7144,50.44745],[5.71414,50.44736],[5.71328,50.44723],[5.71255,50.44738],[5.71208,50.44732],[5.71141,50.44736],[5.711,50.44718],[5.71088,50.44684],[5.71062,50.44681],[5.71032,50.44685],[5.71022,50.44714],[5.7101,50.44724],[5.7096,50.44717],[5.70955,50.44648],[5.70961,50.44632],[5.70995,50.44622],[5.71128,50.44627],[5.71335,50.44662],[5.71392,50.44642],[5.71403,50.44626],[5.7138,50.44602],[5.71307,50.44586],[5.71208,50.4459],[5.71043,50.44541],[5.70911,50.44532],[5.70845,50.44515],[5.7083,50.445],[5.70813,50.44459],[5.70744,50.44437],[5.70838,50.44354],[5.70855,50.44317],[5.70853,50.44296],[5.7079,50.44274],[5.7076,50.44244],[5.7076,50.44213],[5.70716,50.44171],[5.70502,50.44026],[5.70338,50.43995],[5.70292,50.43993],[5.70212,50.43962],[5.70135,50.43987],[5.7004,50.4398],[5.70017,50.43962],[5.7001,50.43942],[5.70045,50.43909],[5.7,50.43922],[5.69961,50.43882],[5.69888,50.43761],[5.69859,50.43746],[5.69828,50.43753],[5.69813,50.43779],[5.69825,50.43823],[5.69845,50.4386],[5.69867,50.43939],[5.69839,50.43965],[5.6979,50.43961],[5.69734,50.43937],[5.69719,50.43904],[5.69636,50.43845],[5.6963,50.43817],[5.69647,50.43772],[5.69639,50.43741],[5.69662,50.43703],[5.69651,50.43684],[5.69573,50.43677],[5.69489,50.43637],[5.69385,50.43616],[5.69333,50.43618],[5.69253,50.43637],[5.69197,50.43624],[5.69162,50.43605],[5.69138,50.43544],[5.6908,50.43502],[5.68886,50.43425],[5.68837,50.43381],[5.68766,50.43396],[5.68726,50.43384],[5.68718,50.43369],[5.68724,50.43325],[5.68673,50.43294],[5.68655,50.43251],[5.68656,50.4321],[5.68633,50.43179],[5.68614,50.43168],[5.68578,50.43164],[5.68494,50.43194],[5.68248,50.43187],[5.68236,50.43154],[5.68298,50.43075],[5.68237,50.42918],[5.68238,50.42901],[5.68251,50.42879],[5.68311,50.42877],[5.68322,50.42887],[5.6833,50.42911],[5.68375,50.42927],[5.6846,50.42937],[5.68503,50.42975],[5.6853,50.42964],[5.68543,50.42937],[5.68567,50.42911],[5.68559,50.42854],[5.68604,50.42839],[5.68677,50.42843],[5.68753,50.42868],[5.68773,50.42882],[5.68779,50.42914],[5.68793,50.42938],[5.68849,50.42954],[5.68914,50.42967],[5.68955,50.42966],[5.69046,50.42938],[5.69038,50.42928],[5.68943,50.42932],[5.68918,50.42923],[5.68905,50.42909],[5.68894,50.42883],[5.68905,50.42857],[5.68979,50.42828],[5.6898,50.4282],[5.6896,50.42799],[5.68884,50.42769],[5.68857,50.4275],[5.68847,50.42734],[5.68844,50.4269],[5.68836,50.42672],[5.68781,50.4264],[5.68654,50.42528],[5.68646,50.42508],[5.68649,50.4247],[5.68689,50.42409]],[[5.71211,50.44834],[5.71162,50.44812],[5.71155,50.44789],[5.71169,50.44767],[5.71193,50.44755],[5.71247,50.44747],[5.71258,50.44759],[5.71258,50.44778],[5.71211,50.44834]],[[5.70919,50.44825],[5.709,50.44799],[5.70921,50.4479],[5.70939,50.44801],[5.70919,50.44825]],[[5.70669,50.44762],[5.7066,50.44734],[5.70661,50.44687],[5.70717,50.44684],[5.70722,50.44706],[5.70714,50.4473],[5.70669,50.44762]],[[5.70711,50.44467],[5.70706,50.44464],[5.70712,50.44461],[5.70711,50.44467]],[[5.69711,50.4412],[5.6969,50.44092],[5.69681,50.4406],[5.69687,50.44039],[5.69706,50.44019],[5.69799,50.44013],[5.69829,50.44024],[5.69855,50.44045],[5.69851,50.4406],[5.69811,50.44104],[5.69755,50.44121],[5.69711,50.4412]],[[5.69627,50.43969],[5.69606,50.43961],[5.69584,50.43937],[5.69615,50.43908],[5.69635,50.43906],[5.69693,50.43934],[5.69691,50.43946],[5.69668,50.43965],[5.69627,50.43969]],[[5.69586,50.4388],[5.69573,50.43825],[5.69587,50.43819],[5.69612,50.43823],[5.69618,50.43838],[5.69586,50.4388]],[[5.69836,50.43695],[5.6982,50.43686],[5.69833,50.43666],[5.6984,50.43681],[5.69836,50.43695]],[[5.70752,50.43622],[5.70732,50.43604],[5.70749,50.43588],[5.70759,50.43602],[5.70752,50.43622]],[[5.70711,50.43596],[5.70655,50.43547],[5.70713,50.43547],[5.70737,50.43573],[5.70711,50.43596]],[[5.65794,50.43025],[5.65784,50.43018],[5.65798,50.43001],[5.65839,50.4299],[5.65845,50.43021],[5.65794,50.43025]],[[5.6737,50.42409],[5.67315,50.42441],[5.67338,50.42492],[5.67327,50.42516],[5.67283,50.42551],[5.67244,50.42569],[5.67031,50.42617],[5.66797,50.4264],[5.66715,50.4266],[5.66599,50.42674],[5.66547,50.42692],[5.66396,50.42712],[5.66344,50.42708],[5.66294,50.42683],[5.66252,50.42685],[5.66211,50.42715],[5.66123,50.4273],[5.66082,50.42755],[5.66077,50.42773],[5.66082,50.42796],[5.66147,50.42846],[5.66179,50.42881],[5.66131,50.42914],[5.66,50.42899],[5.65854,50.42921],[5.65786,50.42916],[5.65771,50.42908],[5.65767,50.42894],[5.65794,50.4283],[5.65794,50.4281],[5.65774,50.42826],[5.65743,50.42828],[5.65733,50.42822],[5.65722,50.42799],[5.65706,50.42796],[5.65693,50.428],[5.65693,50.42828],[5.65649,50.42848],[5.65626,50.42854],[5.656,50.42826],[5.65581,50.42824],[5.65545,50.42854],[5.65468,50.42856],[5.65429,50.42896],[5.65379,50.4291],[5.65355,50.42887],[5.65339,50.4285],[5.65255,50.42829],[5.65177,50.4283],[5.65128,50.42854],[5.65119,50.4288],[5.65141,50.42905],[5.65136,50.42918],[5.65085,50.42947],[5.6501,50.42961],[5.64958,50.42948],[5.6491,50.42908],[5.65012,50.42884],[5.65058,50.42859],[5.65064,50.42848],[5.65055,50.42823],[5.65045,50.42813],[5.65031,50.42814],[5.64928,50.42863],[5.6488,50.42866],[5.64869,50.42854],[5.649,50.42823],[5.64902,50.42772],[5.64973,50.42743],[5.65001,50.42724],[5.65043,50.42744],[5.65087,50.42749],[5.65117,50.42741],[5.65219,50.42665],[5.65219,50.42651],[5.652,50.42632],[5.6512,50.42616],[5.65041,50.42585],[5.6496,50.42571],[5.64921,50.42573],[5.64881,50.42587],[5.64868,50.42606],[5.64912,50.42643],[5.64973,50.42661],[5.64997,50.42692],[5.64991,50.42718],[5.64954,50.42729],[5.64921,50.42713],[5.64876,50.42707],[5.64837,50.42685],[5.64804,50.42717],[5.64751,50.42715],[5.64669,50.42659],[5.64677,50.42609],[5.64694,50.42576],[5.64666,50.42555],[5.64632,50.42489],[5.64608,50.42409]],[[5.65711,50.42941],[5.65673,50.42929],[5.65661,50.42906],[5.65698,50.42891],[5.65723,50.42896],[5.65734,50.42918],[5.65724,50.42935],[5.65711,50.42941]],[[5.68836,50.42805],[5.68829,50.42797],[5.68843,50.42797],[5.68836,50.42805]],[[5.65948,50.42409],[5.65921,50.42439],[5.65869,50.42425],[5.65704,50.42463],[5.65732,50.42495],[5.65736,50.42521],[5.65672,50.42597],[5.65609,50.42624],[5.65421,50.42587],[5.65334,50.4255],[5.65326,50.42526],[5.65312,50.42513],[5.65239,50.42486],[5.65161,50.42479],[5.65082,50.42489],[5.6504,50.42508],[5.65011,50.42508],[5.64968,50.42491],[5.6487,50.4248],[5.64689,50.42409]],[[5.66386,50.42409],[5.66031,50.42459],[5.65993,50.42445],[5.6599,50.42431],[5.66,50.42409]]]}},{"type":"Feature","properties":{"ele":380},"geometry":{"type":"MultiLineString","coordinates":[[[5.76627,50.49801],[5.766,50.49797],[5.76641,50.49792],[5.7668,50.49797],[5.76627,50.49801]],[[5.76586,50.49689],[5.76578,50.49687],[5.76586,50.49689]],[[5.76377,50.49498],[5.76372,50.49492],[5.76382,50.49492],[5.76377,50.49498]],[[5.75044,50.48421],[5.75038,50.48407],[5.75086,50.48409],[5.75044,50.48421]],[[5.79461,50.4758],[5.79412,50.47589],[5.79224,50.47671],[5.7913,50.47698],[5.79036,50.47697],[5.78953,50.4771],[5.78875,50.47694],[5.78833,50.47694],[5.7872,50.47706],[5.78646,50.47724],[5.78505,50.477],[5.78422,50.47703],[5.7837,50.47695],[5.78277,50.47715],[5.78154,50.47769],[5.78081,50.47824],[5.77876,50.47877],[5.77808,50.47943],[5.77665,50.48014],[5.77583,50.48042],[5.775,50.48102],[5.77505,50.48114],[5.77546,50.48135],[5.77562,50.48153],[5.7756,50.48161],[5.77391,50.48186],[5.7742,50.482],[5.77427,50.48217],[5.77337,50.48269],[5.77297,50.48277],[5.7725,50.48269],[5.77208,50.4829],[5.77169,50.48298],[5.77135,50.4833],[5.77046,50.48346],[5.76927,50.4839],[5.7689,50.48381],[5.76889,50.48348],[5.76879,50.48326],[5.76791,50.48324],[5.7681,50.48354],[5.76781,50.4837],[5.76693,50.4836],[5.76625,50.48383],[5.76423,50.48311],[5.76304,50.48383],[5.76271,50.48383],[5.7612,50.48327],[5.7611,50.48298],[5.76141,50.48269],[5.76031,50.48243],[5.75876,50.4823],[5.75754,50.48159],[5.75675,50.4813],[5.75658,50.48132],[5.75652,50.48147],[5.75665,50.48187],[5.75709,50.48218],[5.75794,50.48243],[5.75817,50.48262],[5.75817,50.48277],[5.75767,50.48303],[5.75708,50.48301],[5.75646,50.48266],[5.75587,50.48203],[5.75536,50.4819],[5.75484,50.48203],[5.75425,50.48248],[5.75387,50.48266],[5.75335,50.48271],[5.75162,50.48226],[5.75062,50.48182],[5.74987,50.48166],[5.74924,50.48131],[5.74844,50.48128],[5.74815,50.48108],[5.74814,50.48092],[5.74837,50.48048],[5.74799,50.48016],[5.74788,50.47989],[5.74797,50.47967],[5.74841,50.47941],[5.74856,50.47908],[5.74881,50.479],[5.74919,50.47906],[5.75033,50.4797],[5.75073,50.47978],[5.75102,50.47973],[5.75119,50.47962],[5.75121,50.47933],[5.75139,50.47909],[5.75171,50.47883],[5.75223,50.47857],[5.75245,50.47835],[5.75253,50.47762],[5.75391,50.47827],[5.75459,50.47834],[5.75483,50.47856],[5.7558,50.47892],[5.75629,50.47921],[5.7566,50.47927],[5.75761,50.47868],[5.75891,50.4784],[5.76027,50.47828],[5.7604,50.47819],[5.76047,50.47798],[5.76083,50.47769],[5.76128,50.47771],[5.76148,50.47738],[5.76253,50.47689],[5.76213,50.47677],[5.76091,50.47665],[5.76039,50.47632],[5.76053,50.47605],[5.76038,50.47582],[5.76043,50.4756],[5.7611,50.47517],[5.76086,50.47487],[5.76042,50.47495],[5.76038,50.47407],[5.76044,50.47381],[5.76088,50.47353],[5.76101,50.47289],[5.76085,50.47215],[5.76107,50.47189],[5.76112,50.47151],[5.76171,50.47078],[5.76209,50.47061],[5.7622,50.47048],[5.76211,50.47003],[5.76172,50.4699],[5.76156,50.4697],[5.76157,50.46961],[5.76187,50.46941],[5.76189,50.46933],[5.76138,50.46884],[5.76212,50.46874],[5.7628,50.46833],[5.76285,50.4682],[5.76212,50.46763],[5.76178,50.46713],[5.76119,50.46735],[5.76062,50.46735],[5.75955,50.46717],[5.75901,50.46687],[5.75908,50.46661],[5.75903,50.46644],[5.75833,50.46581],[5.75775,50.46477],[5.7577,50.46421],[5.758,50.46381],[5.75745,50.4633],[5.75744,50.4632],[5.75765,50.46295],[5.75803,50.4627],[5.76126,50.46245],[5.76285,50.46214],[5.76375,50.46204],[5.76543,50.46218],[5.76592,50.46216],[5.76644,50.4619],[5.76648,50.46178],[5.76635,50.46155],[5.76588,50.4613],[5.76566,50.46108],[5.76562,50.46088],[5.76573,50.46071],[5.76669,50.4602],[5.76745,50.46011],[5.76911,50.46008],[5.76961,50.45993],[5.77044,50.45951],[5.77096,50.45936],[5.77043,50.45907],[5.76864,50.45951],[5.76578,50.45945],[5.76432,50.4597],[5.76286,50.45961],[5.76151,50.45981],[5.76109,50.45975],[5.76031,50.45946],[5.75979,50.45941],[5.75868,50.45966],[5.75832,50.4594],[5.75843,50.45894],[5.75838,50.45875],[5.75769,50.4583],[5.75734,50.45798],[5.75631,50.4577],[5.75589,50.45735],[5.75562,50.45724],[5.75495,50.45721],[5.75418,50.45687],[5.7538,50.45681],[5.75334,50.45686],[5.75293,50.45728],[5.75281,50.45732],[5.75099,50.45711],[5.75008,50.45717],[5.74954,50.45702],[5.74923,50.45684],[5.74913,50.45665],[5.74892,50.45505],[5.74823,50.45441],[5.74836,50.45409],[5.74917,50.45376],[5.7493,50.45338],[5.74926,50.45324],[5.74888,50.45293],[5.74854,50.45251],[5.74819,50.4514],[5.74781,50.4507],[5.7479,50.44946],[5.74776,50.44848],[5.74746,50.44752],[5.7475,50.4474],[5.74824,50.44711],[5.74826,50.44692],[5.74809,50.44657],[5.74858,50.44631],[5.74984,50.44596],[5.75109,50.44581],[5.75302,50.44615],[5.75457,50.44613],[5.75542,50.44595],[5.75588,50.44577],[5.7562,50.44544],[5.75628,50.4452],[5.75615,50.44467],[5.75628,50.44437],[5.75717,50.44384],[5.75793,50.44353],[5.75836,50.44326],[5.76001,50.44297],[5.76041,50.44261],[5.76086,50.44261],[5.76128,50.4428],[5.76147,50.44274],[5.76169,50.44244],[5.7617,50.44216],[5.76144,50.44193],[5.76125,50.44183],[5.75995,50.44159],[5.75958,50.44133],[5.75917,50.44077],[5.7575,50.43994],[5.75738,50.4397],[5.75742,50.43953],[5.75752,50.43937],[5.75802,50.43913],[5.76011,50.43854],[5.76301,50.43716],[5.76385,50.43667],[5.76499,50.43569],[5.76562,50.43545],[5.7651,50.43533],[5.76312,50.43535],[5.7625,50.43517],[5.76214,50.43523],[5.76167,50.4356],[5.7613,50.43572],[5.75974,50.43581],[5.75896,50.43571],[5.75838,50.43573],[5.75828,50.43577],[5.75804,50.43607],[5.75771,50.43615],[5.75656,50.43617],[5.75505,50.43592],[5.75448,50.43593],[5.75344,50.43615],[5.75257,50.43644],[5.75181,50.43718],[5.75088,50.43757],[5.74771,50.43834],[5.74656,50.43833],[5.74531,50.4382],[5.74322,50.43762],[5.74269,50.43738],[5.74164,50.43663],[5.74118,50.43609],[5.741,50.43567],[5.7408,50.43411],[5.74086,50.43327],[5.74146,50.4319],[5.7422,50.43132],[5.74293,50.43103],[5.74427,50.43088],[5.74591,50.4305],[5.74638,50.43028],[5.74656,50.42985],[5.74674,50.42967],[5.74872,50.42918],[5.74943,50.4289],[5.75099,50.42861],[5.75124,50.42846],[5.75183,50.42776],[5.75233,50.42747],[5.75547,50.42649],[5.75657,50.42597],[5.75748,50.42572],[5.75837,50.42522],[5.75919,50.42492],[5.76073,50.42456],[5.76146,50.42453],[5.7623,50.42437],[5.76312,50.42409]],[[5.74961,50.48229],[5.74919,50.48196],[5.74903,50.48165],[5.7491,50.48151],[5.74932,50.48151],[5.7497,50.48177],[5.74977,50.48209],[5.74961,50.48229]],[[5.77627,50.48191],[5.77622,50.48187],[5.77627,50.48181],[5.77646,50.48186],[5.77627,50.48191]],[[5.77586,50.48141],[5.77557,50.48131],[5.7762,50.48123],[5.77659,50.48131],[5.77586,50.48141]],[[5.79461,50.47374],[5.79425,50.47353],[5.79403,50.47318],[5.79334,50.47277],[5.79316,50.47245],[5.79359,50.47216],[5.79364,50.47203],[5.79354,50.47181],[5.79318,50.4716],[5.79318,50.4715],[5.79401,50.47001],[5.79441,50.46943],[5.79461,50.46932]],[[5.76252,50.46943],[5.76245,50.46937],[5.76253,50.46935],[5.76252,50.46943]],[[5.75877,50.45801],[5.7587,50.45798],[5.75877,50.45801]],[[5.75544,50.45712],[5.75526,50.45686],[5.75547,50.45672],[5.7557,50.45689],[5.75544,50.45712]],[[5.69044,50.44888],[5.69005,50.44874],[5.68957,50.448],[5.68976,50.44772],[5.69019,50.44745],[5.68995,50.44713],[5.68997,50.44685],[5.69094,50.44668],[5.6914,50.44671],[5.69184,50.44685],[5.69198,50.44717],[5.69253,50.44742],[5.69259,50.44775],[5.69222,50.44828],[5.69126,50.44838],[5.69044,50.44888]],[[5.72292,50.42409],[5.72263,50.42438],[5.7225,50.42465],[5.72295,50.42519],[5.72308,50.42549],[5.72339,50.42576],[5.72295,50.4266],[5.7226,50.42674],[5.72234,50.42675],[5.72191,50.42663],[5.7213,50.4263],[5.72072,50.4263],[5.72,50.42649],[5.71959,50.42686],[5.71953,50.42717],[5.71961,50.42745],[5.72045,50.42706],[5.72131,50.4271],[5.72152,50.428],[5.72131,50.42827],[5.72053,50.42856],[5.71953,50.42849],[5.71901,50.42858],[5.71894,50.4288],[5.71898,50.42934],[5.71857,50.42968],[5.7185,50.42993],[5.71897,50.43019],[5.71994,50.43036],[5.72016,50.43049],[5.71945,50.43076],[5.71919,50.43131],[5.71849,50.43164],[5.71789,50.43167],[5.71669,50.43131],[5.71626,50.43132],[5.71539,50.43105],[5.71443,50.43088],[5.71373,50.43102],[5.71326,50.43148],[5.71247,50.4318],[5.71235,50.43214],[5.71211,50.43224],[5.71163,50.43221],[5.71057,50.43167],[5.70964,50.43158],[5.70925,50.43131],[5.70916,50.43115],[5.70908,50.43078],[5.70913,50.43026],[5.70904,50.43005],[5.7089,50.42991],[5.70828,50.42968],[5.70798,50.42945],[5.70769,50.4289],[5.70768,50.42869],[5.70776,50.4285],[5.70853,50.42792],[5.70855,50.42769],[5.70836,50.42739],[5.70797,50.42763],[5.70751,50.42769],[5.70708,50.42797],[5.7072,50.42827],[5.70698,50.42853],[5.70568,50.42877],[5.70561,50.4289],[5.7057,50.42935],[5.70563,50.42959],[5.70547,50.42978],[5.70504,50.42994],[5.7046,50.42995],[5.70467,50.42963],[5.70423,50.42936],[5.70364,50.42946],[5.70224,50.42916],[5.70163,50.42935],[5.70091,50.42978],[5.70034,50.4299],[5.70022,50.43005],[5.70025,50.43023],[5.70051,50.43048],[5.7003,50.43082],[5.70027,50.43105],[5.7004,50.43122],[5.70067,50.43134],[5.70069,50.43144],[5.70058,50.43163],[5.70008,50.43189],[5.70002,50.43215],[5.70089,50.43265],[5.70207,50.43286],[5.70242,50.43303],[5.70256,50.43321],[5.70261,50.43359],[5.7029,50.43412],[5.70345,50.43458],[5.70494,50.43635],[5.70586,50.43715],[5.70605,50.43747],[5.70666,50.43801],[5.70724,50.43819],[5.70835,50.43819],[5.70856,50.43789],[5.70851,50.43737],[5.70862,50.43711],[5.70915,50.43655],[5.70969,50.43634],[5.71219,50.43684],[5.71385,50.43738],[5.71441,50.4377],[5.71519,50.43884],[5.71455,50.44019],[5.71453,50.44073],[5.715,50.44141],[5.71529,50.44161],[5.71573,50.44165],[5.71677,50.44145],[5.7175,50.44149],[5.71833,50.4414],[5.71923,50.44157],[5.72046,50.44201],[5.72127,50.44158],[5.72143,50.44116],[5.72189,50.44057],[5.72189,50.44029],[5.7216,50.43989],[5.7216,50.43968],[5.72169,50.43958],[5.72212,50.43948],[5.72248,50.43966],[5.72297,50.43976],[5.72396,50.43944],[5.7246,50.43965],[5.72495,50.43994],[5.72516,50.44053],[5.72512,50.44098],[5.72498,50.44128],[5.72467,50.4416],[5.72335,50.44248],[5.72291,50.4427],[5.72187,50.44286],[5.72114,50.44313],[5.72079,50.44305],[5.72057,50.44279],[5.72062,50.44267],[5.72111,50.44244],[5.72083,50.44234],[5.72006,50.4431],[5.71957,50.44325],[5.7201,50.44337],[5.72087,50.44412],[5.7213,50.44421],[5.7217,50.44409],[5.72255,50.44428],[5.72257,50.44442],[5.72209,50.44491],[5.72167,50.44519],[5.72126,50.44559],[5.72087,50.44579],[5.72003,50.44603],[5.71922,50.44664],[5.71902,50.44658],[5.71885,50.44628],[5.7187,50.44628],[5.71861,50.44661],[5.71839,50.44689],[5.71836,50.44715],[5.71752,50.44747],[5.71677,50.44753],[5.71629,50.44772],[5.71598,50.44736],[5.71549,50.44712],[5.71545,50.44687],[5.71459,50.44661],[5.71443,50.44606],[5.71461,50.44573],[5.71401,50.4458],[5.71302,50.44557],[5.71213,50.44562],[5.71125,50.44551],[5.70985,50.44495],[5.70938,50.44466],[5.70949,50.44442],[5.70945,50.44428],[5.70921,50.44409],[5.70879,50.44401],[5.70867,50.44384],[5.70906,50.44349],[5.7093,50.44307],[5.7091,50.4422],[5.70929,50.44184],[5.70877,50.44159],[5.70852,50.44127],[5.70775,50.44079],[5.70728,50.44022],[5.70712,50.4396],[5.7066,50.43914],[5.70542,50.43884],[5.70457,50.43884],[5.70338,50.43867],[5.70204,50.43827],[5.7012,50.43829],[5.70077,50.43799],[5.70096,50.43773],[5.70092,50.43766],[5.69961,50.43743],[5.69981,50.43716],[5.70021,50.43693],[5.70025,50.43678],[5.70008,50.43654],[5.6992,50.43609],[5.69874,50.4356],[5.69835,50.4341],[5.69838,50.43286],[5.69829,50.43246],[5.69804,50.43246],[5.69792,50.43256],[5.69778,50.43369],[5.69762,50.43437],[5.69746,50.43461],[5.69741,50.43498],[5.69714,50.43553],[5.69618,50.43552],[5.69495,50.43525],[5.69419,50.43517],[5.69379,50.43535],[5.69296,50.43592],[5.69254,50.43606],[5.69236,50.43595],[5.69212,50.43547],[5.69132,50.4349],[5.69126,50.43463],[5.69143,50.43435],[5.69134,50.4341],[5.69083,50.43402],[5.68985,50.43355],[5.6896,50.43314],[5.68913,50.43273],[5.68836,50.43148],[5.68796,50.43142],[5.68784,50.43153],[5.68783,50.43168],[5.68792,50.43188],[5.68854,50.43215],[5.68758,50.43272],[5.6871,50.43271],[5.68707,50.43241],[5.68733,50.43206],[5.68726,50.43105],[5.6875,50.43069],[5.6884,50.43046],[5.68885,50.43047],[5.68963,50.43063],[5.69015,50.43058],[5.69126,50.43008],[5.69169,50.42965],[5.69166,50.42917],[5.6915,50.42887],[5.68959,50.42661],[5.68921,50.42592],[5.6886,50.42536],[5.68852,50.42505],[5.68857,50.42484],[5.68925,50.42409]],[[5.71627,50.44522],[5.71536,50.445],[5.71498,50.44466],[5.71449,50.44437],[5.71438,50.44411],[5.71463,50.44405],[5.71545,50.44446],[5.71655,50.44468],[5.71676,50.44488],[5.7167,50.44517],[5.71627,50.44522]],[[5.71336,50.44359],[5.71307,50.44353],[5.71359,50.44353],[5.71336,50.44359]],[[5.72044,50.44329],[5.72035,50.44326],[5.72044,50.44329]],[[5.69752,50.44061],[5.69742,50.44047],[5.69795,50.44048],[5.69752,50.44061]],[[5.70086,50.43966],[5.70081,50.43963],[5.70089,50.4396],[5.70128,50.43965],[5.70086,50.43966]],[[5.69794,50.4393],[5.69776,50.43905],[5.69699,50.43857],[5.69682,50.43838],[5.6968,50.43821],[5.69701,50.43799],[5.69745,50.43808],[5.69775,50.43829],[5.69803,50.439],[5.69794,50.4393]],[[5.68752,50.43365],[5.68751,50.43352],[5.68781,50.4334],[5.68802,50.43341],[5.68813,50.43352],[5.68794,50.43365],[5.68752,50.43365]],[[5.72044,50.43301],[5.71979,50.43279],[5.71969,50.43271],[5.71969,50.43258],[5.71986,50.43239],[5.72039,50.43211],[5.72085,50.43215],[5.72107,50.43241],[5.72102,50.43268],[5.72082,50.43296],[5.72044,50.43301]],[[5.68377,50.43162],[5.6834,50.43154],[5.68324,50.43132],[5.68354,50.43067],[5.68361,50.43019],[5.68359,50.42964],[5.68418,50.42957],[5.68493,50.43002],[5.68544,50.43003],[5.68572,50.42984],[5.68627,50.42881],[5.68672,50.42872],[5.68716,50.42882],[5.6873,50.42911],[5.68732,50.42967],[5.68691,50.43054],[5.68628,50.43097],[5.68544,50.43138],[5.68426,50.43163],[5.68377,50.43162]],[[5.70377,50.43062],[5.70361,50.43047],[5.70456,50.43035],[5.70472,50.43047],[5.70456,50.43057],[5.70377,50.43062]],[[5.65002,50.42946],[5.64981,50.42933],[5.64995,50.42908],[5.65068,50.42895],[5.65104,50.42908],[5.65058,50.42939],[5.65002,50.42946]],[[5.67184,50.42409],[5.67142,50.42451],[5.67109,50.42465],[5.67115,50.42498],[5.67083,50.42523],[5.66957,50.42523],[5.66896,50.42501],[5.66806,50.42492],[5.66653,50.42492],[5.66647,50.42502],[5.66653,50.42557],[5.66642,50.4258],[5.66495,50.42629],[5.66467,50.42666],[5.66422,50.42688],[5.66377,50.42687],[5.66374,50.42666],[5.66362,50.42658],[5.66265,50.42646],[5.66009,50.4269],[5.65989,50.42708],[5.65989,50.42722],[5.66109,50.42848],[5.66109,50.42866],[5.6609,50.42884],[5.65969,50.42887],[5.65836,50.42904],[5.65819,50.4289],[5.65814,50.42873],[5.6584,50.42825],[5.65819,50.42769],[5.6579,50.4275],[5.65745,50.42756],[5.65625,50.42797],[5.65406,50.42841],[5.65361,50.42835],[5.65208,50.42768],[5.65205,50.42741],[5.65221,50.42712],[5.65251,50.42684],[5.65297,50.42672],[5.65371,50.42682],[5.65416,50.42717],[5.65463,50.42728],[5.65588,50.42737],[5.65697,50.42717],[5.65716,50.42706],[5.65731,50.42682],[5.6571,50.42631],[5.65769,50.42602],[5.6578,50.42547],[5.65799,50.42526],[5.65838,50.42521],[5.65891,50.42502],[5.66077,50.425],[5.66217,50.42465],[5.66368,50.42443],[5.66462,50.42409]],[[5.68961,50.42908],[5.68938,50.42881],[5.68963,50.42868],[5.68986,50.42884],[5.68961,50.42908]],[[5.65169,50.42605],[5.65124,50.42576],[5.65156,50.42562],[5.65182,50.4256],[5.65283,50.42603],[5.65255,50.42611],[5.65169,50.42605]]]}},{"type":"Feature","properties":{"ele":390},"geometry":{"type":"MultiLineString","coordinates":[[[5.75711,50.48276],[5.757,50.48269],[5.75709,50.48251],[5.7574,50.48267],[5.75711,50.48276]],[[5.75669,50.48252],[5.75626,50.48212],[5.7567,50.48214],[5.75698,50.48236],[5.75695,50.48245],[5.75669,50.48252]],[[5.75377,50.48216],[5.75363,50.48196],[5.75366,50.48185],[5.75416,50.48171],[5.75449,50.48187],[5.7542,50.48217],[5.75377,50.48216]],[[5.75961,50.4822],[5.75921,50.48213],[5.75838,50.48159],[5.75693,50.4811],[5.75625,50.4811],[5.75594,50.48129],[5.7558,50.48157],[5.75454,50.48179],[5.75434,50.48157],[5.75466,50.48116],[5.75503,50.48103],[5.75549,50.48118],[5.75569,50.48101],[5.75576,50.48078],[5.75494,50.48027],[5.75411,50.48029],[5.75375,50.48022],[5.75365,50.4799],[5.75382,50.47975],[5.75414,50.47971],[5.75451,50.48011],[5.75484,50.48015],[5.75508,50.48005],[5.75517,50.47992],[5.75469,50.47959],[5.75465,50.47943],[5.75479,50.47932],[5.75576,50.47923],[5.75624,50.47957],[5.75671,50.47971],[5.75719,50.47913],[5.75756,50.4789],[5.75958,50.47857],[5.76047,50.47881],[5.75992,50.47938],[5.76057,50.47919],[5.7614,50.47931],[5.76234,50.47924],[5.76341,50.47964],[5.7642,50.47975],[5.76493,50.48019],[5.76481,50.48045],[5.76411,50.48102],[5.76437,50.4813],[5.76419,50.48146],[5.76302,50.48167],[5.76174,50.48141],[5.76155,50.48156],[5.76146,50.48193],[5.76099,50.48222],[5.76068,50.48228],[5.75961,50.4822]],[[5.76836,50.48208],[5.76798,50.48187],[5.76756,50.48143],[5.7668,50.48123],[5.76659,50.48102],[5.76674,50.48096],[5.76715,50.48102],[5.76756,50.48123],[5.76838,50.48146],[5.76866,50.48181],[5.76836,50.48208]],[[5.79461,50.46765],[5.79378,50.46757],[5.79317,50.468],[5.79251,50.46813],[5.7925,50.46827],[5.79332,50.4684],[5.79361,50.46855],[5.79246,50.46907],[5.79248,50.46972],[5.79282,50.47043],[5.79281,50.47057],[5.79261,50.47079],[5.79207,50.47103],[5.79124,50.47214],[5.79156,50.47272],[5.79252,50.47354],[5.79295,50.47409],[5.7934,50.47436],[5.79302,50.47474],[5.79293,50.47518],[5.79239,50.47542],[5.7923,50.47578],[5.79167,50.47583],[5.79127,50.47604],[5.79083,50.47597],[5.79004,50.47606],[5.78906,50.476],[5.78833,50.47612],[5.78751,50.47595],[5.78677,50.47616],[5.78531,50.47582],[5.78505,50.47586],[5.78474,50.4761],[5.78443,50.47612],[5.78413,50.47606],[5.78377,50.47576],[5.78203,50.47616],[5.78166,50.47633],[5.78175,50.4766],[5.78211,50.47715],[5.78082,50.47734],[5.78043,50.47758],[5.78021,50.47763],[5.77992,50.47755],[5.77974,50.47716],[5.77963,50.4771],[5.77831,50.47739],[5.77706,50.47794],[5.77658,50.47826],[5.7763,50.47856],[5.77511,50.47894],[5.77437,50.47945],[5.77392,50.47967],[5.7737,50.47989],[5.77371,50.48022],[5.77346,50.48057],[5.77345,50.48074],[5.77357,50.48098],[5.77351,50.48113],[5.77327,50.48123],[5.77239,50.48117],[5.77197,50.4813],[5.77216,50.48155],[5.77297,50.48185],[5.77276,50.48196],[5.77127,50.48208],[5.77102,50.48188],[5.77089,50.48153],[5.76962,50.48103],[5.76818,50.48063],[5.76787,50.48049],[5.76739,50.4801],[5.76687,50.48002],[5.76628,50.48021],[5.76579,50.48026],[5.76565,50.48017],[5.76546,50.47975],[5.76467,50.47969],[5.76439,50.47946],[5.76433,50.47925],[5.76451,50.47855],[5.7649,50.47807],[5.76486,50.47794],[5.76458,50.47769],[5.76485,50.47711],[5.76516,50.47687],[5.76448,50.47698],[5.76375,50.47695],[5.76334,50.47688],[5.76286,50.47662],[5.76291,50.47623],[5.76277,50.4755],[5.76253,50.4752],[5.76168,50.47465],[5.76167,50.47443],[5.76217,50.47356],[5.76197,50.47307],[5.762,50.4729],[5.76216,50.47284],[5.76262,50.47298],[5.76304,50.47299],[5.76313,50.47269],[5.76349,50.47227],[5.76346,50.47186],[5.76388,50.47159],[5.76354,50.47132],[5.76389,50.47116],[5.76397,50.471],[5.76362,50.4707],[5.76349,50.47046],[5.76381,50.46968],[5.76421,50.46937],[5.76374,50.4691],[5.76368,50.46876],[5.76387,50.46864],[5.76446,50.46852],[5.76419,50.46826],[5.7642,50.46752],[5.76404,50.46718],[5.76427,50.46688],[5.76303,50.46656],[5.76254,50.46634],[5.76236,50.46595],[5.76213,50.46573],[5.76197,50.46568],[5.76099,50.46555],[5.7602,50.46575],[5.76003,50.46587],[5.75975,50.46573],[5.75918,50.46576],[5.75879,50.46545],[5.75847,50.46453],[5.75878,50.46423],[5.75963,50.46417],[5.7599,50.46406],[5.75963,50.46389],[5.75919,50.46382],[5.75863,50.4636],[5.75846,50.46338],[5.7584,50.46307],[5.75852,50.46296],[5.75922,50.46278],[5.76177,50.4626],[5.76215,50.46261],[5.7629,50.46294],[5.76336,50.46299],[5.76377,50.46293],[5.76537,50.46242],[5.76626,50.46238],[5.76682,50.46257],[5.76728,50.4625],[5.76752,50.4624],[5.76755,50.46213],[5.76747,50.46194],[5.76695,50.46172],[5.76613,50.46113],[5.76605,50.46095],[5.76616,50.46074],[5.76666,50.46044],[5.76708,50.46032],[5.76917,50.46024],[5.77004,50.45991],[5.77128,50.45965],[5.77217,50.45914],[5.77265,50.45856],[5.77269,50.45827],[5.77252,50.4582],[5.77165,50.45864],[5.77001,50.45881],[5.76927,50.45916],[5.76841,50.45938],[5.76641,50.45929],[5.7662,50.4592],[5.76585,50.45882],[5.76546,50.45876],[5.76466,50.45938],[5.76288,50.45939],[5.76207,50.45918],[5.76094,50.45873],[5.76065,50.4588],[5.76046,50.45909],[5.75921,50.45896],[5.759,50.45859],[5.75915,50.45807],[5.75909,50.45794],[5.75805,50.45744],[5.75794,50.45715],[5.75668,50.45703],[5.75659,50.45691],[5.75661,50.45679],[5.7571,50.45647],[5.75717,50.45629],[5.75571,50.45576],[5.75532,50.45573],[5.7549,50.456],[5.7546,50.45608],[5.75373,50.45575],[5.75333,50.45599],[5.75274,50.45602],[5.75263,50.45634],[5.75239,50.4564],[5.75166,50.45638],[5.75123,50.45617],[5.75057,50.45623],[5.75034,50.45617],[5.75015,50.45601],[5.75013,50.45574],[5.74919,50.45493],[5.74876,50.45437],[5.74961,50.45409],[5.74987,50.45373],[5.74974,50.45329],[5.74947,50.45297],[5.74935,50.45258],[5.74868,50.45167],[5.74831,50.45075],[5.74826,50.45046],[5.74831,50.44946],[5.74795,50.44779],[5.74809,50.44752],[5.74834,50.44739],[5.7488,50.44765],[5.7492,50.44771],[5.74939,50.4472],[5.74942,50.44655],[5.74963,50.44632],[5.75005,50.44613],[5.75129,50.44603],[5.75286,50.44645],[5.75549,50.44632],[5.75652,50.44573],[5.75665,50.44522],[5.75655,50.44467],[5.75667,50.4445],[5.75717,50.44446],[5.75793,50.44407],[5.75834,50.44373],[5.75879,50.44354],[5.76068,50.44321],[5.76182,50.44321],[5.76227,50.44306],[5.76253,50.44271],[5.76254,50.4424],[5.76245,50.44216],[5.76068,50.44142],[5.75962,50.44068],[5.75793,50.43994],[5.75777,50.4397],[5.75781,50.43949],[5.75791,50.43936],[5.75818,50.43926],[5.76044,50.43854],[5.76337,50.43716],[5.76387,50.43687],[5.76539,50.43572],[5.76677,50.43549],[5.76718,50.4352],[5.76433,50.43489],[5.76339,50.43494],[5.76263,50.43454],[5.7622,50.43449],[5.76168,50.43492],[5.7613,50.43509],[5.76031,50.43506],[5.75997,50.43518],[5.75962,50.43549],[5.75838,50.43557],[5.75751,50.43584],[5.75635,50.43592],[5.75463,50.4357],[5.75339,50.43591],[5.75244,50.43625],[5.75212,50.43649],[5.75175,50.43693],[5.75099,50.43724],[5.74786,50.43812],[5.74667,50.43816],[5.74534,50.43798],[5.74257,50.43701],[5.74206,50.43675],[5.74163,50.43634],[5.74144,50.43595],[5.74124,50.43498],[5.74117,50.43421],[5.74127,50.43353],[5.74139,50.43331],[5.74189,50.43271],[5.74237,50.43188],[5.74279,50.43161],[5.74366,50.43131],[5.74664,50.43069],[5.74693,50.43052],[5.7469,50.43019],[5.74713,50.42994],[5.74812,50.42975],[5.75125,50.4288],[5.75164,50.42851],[5.75208,50.42796],[5.75253,50.42768],[5.75332,50.42741],[5.7547,50.42719],[5.75548,50.4269],[5.75584,50.42658],[5.75675,50.42627],[5.75709,50.42624],[5.75723,50.42631],[5.75699,50.42683],[5.75714,50.4269],[5.75774,50.42659],[5.75801,50.42636],[5.75812,50.42595],[5.75835,50.4257],[5.75955,50.42547],[5.75995,50.42518],[5.76045,50.42526],[5.76086,50.4252],[5.76121,50.42491],[5.76407,50.42409]],[[5.77377,50.48139],[5.77354,50.48129],[5.77384,50.4812],[5.77393,50.48131],[5.77377,50.48139]],[[5.75294,50.48124],[5.75274,50.48104],[5.75274,50.48081],[5.75322,50.48037],[5.75348,50.48037],[5.75384,50.48075],[5.75385,50.48104],[5.75338,50.48106],[5.75294,50.48124]],[[5.75252,50.48023],[5.75253,50.48016],[5.75252,50.48023]],[[5.77752,50.47914],[5.77747,50.47908],[5.77795,50.47909],[5.77752,50.47914]],[[5.77919,50.47806],[5.77918,50.47794],[5.77938,50.47798],[5.77919,50.47806]],[[5.78294,50.47569],[5.78271,50.47555],[5.78271,50.47543],[5.78297,50.47535],[5.78321,50.47545],[5.78319,50.47555],[5.78294,50.47569]],[[5.76211,50.47252],[5.7621,50.47239],[5.76237,50.47243],[5.76211,50.47252]],[[5.76294,50.47201],[5.76267,50.47184],[5.76273,50.47158],[5.76327,50.4714],[5.76354,50.47152],[5.76354,50.47167],[5.76335,50.47186],[5.76294,50.47201]],[[5.79461,50.46911],[5.79416,50.46885],[5.79374,50.46881],[5.79461,50.46875]],[[5.76127,50.46529],[5.76128,50.46492],[5.76139,50.46517],[5.76127,50.46529]],[[5.75002,50.45664],[5.74997,50.45658],[5.75042,50.45647],[5.75095,50.45659],[5.75072,50.45666],[5.75002,50.45664]],[[5.75336,50.45637],[5.75325,50.4563],[5.75334,50.45612],[5.75361,50.45628],[5.75336,50.45637]],[[5.75211,50.45609],[5.75182,50.45603],[5.75207,50.45597],[5.75229,50.45603],[5.75211,50.45609]],[[5.71627,50.44638],[5.71608,50.44616],[5.71606,50.446],[5.71665,50.44566],[5.71712,50.44568],[5.71759,50.44602],[5.71685,50.44637],[5.71627,50.44638]],[[5.71544,50.44586],[5.71531,50.4456],[5.71535,50.44546],[5.71619,50.44552],[5.71593,50.4458],[5.71544,50.44586]],[[5.71794,50.4459],[5.71725,50.44546],[5.71735,50.44484],[5.71706,50.44442],[5.71661,50.44426],[5.71539,50.44413],[5.71494,50.44384],[5.71502,50.44364],[5.71547,50.44358],[5.71554,50.4435],[5.7155,50.44325],[5.7151,50.44298],[5.715,50.44272],[5.71531,50.44213],[5.71604,50.44199],[5.71713,50.44199],[5.71839,50.44178],[5.71901,50.44177],[5.71962,50.44186],[5.72011,50.44212],[5.71982,50.44272],[5.71834,50.44324],[5.71804,50.44373],[5.71813,50.44388],[5.71844,50.44409],[5.7192,50.44448],[5.71973,50.44465],[5.72014,50.44493],[5.7192,50.44505],[5.71904,50.4452],[5.71875,50.44574],[5.71794,50.4459]],[[5.71127,50.44522],[5.71117,50.44489],[5.71045,50.44442],[5.71008,50.44407],[5.70999,50.44352],[5.71021,50.44296],[5.71003,50.4427],[5.70967,50.44257],[5.70954,50.44244],[5.71022,50.44206],[5.71057,50.44159],[5.7106,50.44126],[5.71012,50.44078],[5.70943,50.44032],[5.70883,50.43956],[5.70908,50.43743],[5.70954,50.43713],[5.70963,50.43713],[5.71001,50.43756],[5.71042,50.4377],[5.71101,50.4372],[5.71132,50.43711],[5.71159,50.43719],[5.71198,50.43748],[5.71251,50.43771],[5.71349,50.43791],[5.71387,50.43817],[5.7139,50.43845],[5.71378,50.43863],[5.71335,50.43873],[5.71315,50.439],[5.71315,50.43912],[5.7134,50.43924],[5.71421,50.43901],[5.71438,50.43928],[5.71435,50.43967],[5.71406,50.4402],[5.71404,50.44046],[5.71409,50.44076],[5.71453,50.44185],[5.71456,50.44213],[5.71412,50.44241],[5.71386,50.44279],[5.71266,50.44322],[5.71239,50.44352],[5.71262,50.44384],[5.71381,50.44419],[5.71427,50.44464],[5.71411,50.44494],[5.71434,50.4452],[5.71289,50.44518],[5.71198,50.44527],[5.71127,50.44522]],[[5.72294,50.4422],[5.72214,50.44183],[5.72185,50.4415],[5.72187,50.44126],[5.72238,50.4405],[5.72247,50.44017],[5.72332,50.44004],[5.72379,50.43984],[5.72425,50.43987],[5.72461,50.44022],[5.72466,50.44074],[5.72461,50.44104],[5.72399,50.4416],[5.72294,50.4422]],[[5.69961,50.4344],[5.69954,50.43434],[5.69963,50.43408],[5.69916,50.43391],[5.69897,50.43359],[5.69903,50.4331],[5.69919,50.43261],[5.69946,50.433],[5.69993,50.43336],[5.70047,50.43347],[5.70129,50.43343],[5.70152,50.43354],[5.70133,50.43369],[5.70087,50.4337],[5.70072,50.43379],[5.70102,50.43428],[5.70095,50.43444],[5.70005,50.43447],[5.69961,50.4344]],[[5.72181,50.42409],[5.72168,50.42461],[5.72138,50.42494],[5.72211,50.42548],[5.722,50.42576],[5.72125,50.42592],[5.7201,50.42567],[5.71965,50.42565],[5.71902,50.42599],[5.71866,50.42635],[5.71865,50.42671],[5.71942,50.42762],[5.71947,50.42779],[5.71912,50.42824],[5.71809,50.42856],[5.7181,50.4289],[5.71771,50.42935],[5.71758,50.42967],[5.7173,50.42991],[5.71747,50.43007],[5.71797,50.43018],[5.71867,50.43048],[5.71858,50.43109],[5.71842,50.43135],[5.71791,50.43134],[5.71687,50.43094],[5.7153,50.43079],[5.71417,50.43049],[5.71378,50.43045],[5.71332,50.43053],[5.71257,50.43036],[5.71235,50.43048],[5.71223,50.43101],[5.71207,50.43129],[5.71166,50.4315],[5.71118,50.43142],[5.71099,50.43129],[5.71083,50.43104],[5.71016,50.43071],[5.70948,50.42995],[5.7087,50.42964],[5.70823,50.42928],[5.70807,50.42894],[5.70811,50.42869],[5.70827,50.42849],[5.7089,50.42803],[5.7093,50.42734],[5.70923,50.42713],[5.70884,50.42684],[5.70839,50.42655],[5.70796,50.42645],[5.70771,50.42675],[5.70757,50.42717],[5.70709,50.42741],[5.70675,50.42776],[5.70591,50.42814],[5.70535,50.42815],[5.70515,50.42869],[5.70515,50.42913],[5.70498,50.42929],[5.70344,50.4292],[5.70255,50.42888],[5.70212,50.42881],[5.70126,50.4291],[5.70037,50.42894],[5.69979,50.42864],[5.6996,50.42863],[5.69937,50.42909],[5.69909,50.42932],[5.69883,50.42968],[5.69838,50.42999],[5.69818,50.43029],[5.69771,50.43151],[5.69757,50.43249],[5.69714,50.43391],[5.69693,50.43402],[5.69631,50.43413],[5.69521,50.43396],[5.69411,50.43402],[5.69234,50.43369],[5.69175,50.4335],[5.69191,50.43296],[5.69167,50.43216],[5.69174,50.43165],[5.69189,50.4315],[5.69239,50.43127],[5.69311,50.43049],[5.69305,50.43022],[5.6927,50.42984],[5.69261,50.42949],[5.69302,50.42882],[5.69213,50.42797],[5.69114,50.42721],[5.69101,50.42692],[5.69104,50.42644],[5.69098,50.42623],[5.69029,50.42548],[5.6903,50.42516],[5.6909,50.42409]],[[5.69127,50.43356],[5.6912,50.43352],[5.6913,50.43343],[5.69158,50.43352],[5.69127,50.43356]],[[5.68461,50.43105],[5.68473,50.43057],[5.68487,50.43044],[5.68543,50.43035],[5.6862,50.42998],[5.68651,50.43],[5.68671,50.43012],[5.68671,50.43025],[5.68608,50.43078],[5.68537,50.43103],[5.68461,50.43105]],[[5.70002,50.42947],[5.69992,50.42934],[5.70003,50.42902],[5.70025,50.42934],[5.70002,50.42947]],[[5.70294,50.42833],[5.70287,50.42826],[5.70344,50.42826],[5.7033,50.42834],[5.70294,50.42833]],[[5.65461,50.42802],[5.65448,50.42797],[5.6547,50.4279],[5.65512,50.42798],[5.65461,50.42802]],[[5.65877,50.42804],[5.65848,50.4271],[5.65888,50.42687],[5.65961,50.42686],[5.65943,50.42713],[5.65931,50.42749],[5.65877,50.42804]],[[5.65419,50.42776],[5.65327,50.42751],[5.65318,50.42737],[5.65325,50.42716],[5.65338,50.42708],[5.65378,50.42715],[5.65423,50.42741],[5.65426,50.42764],[5.65419,50.42776]],[[5.65586,50.42777],[5.65563,50.4277],[5.6561,50.4277],[5.65586,50.42777]],[[5.6715,50.42409],[5.67124,50.42436],[5.67052,50.42448],[5.66953,50.42453],[5.66828,50.42441],[5.66651,50.42456],[5.66566,50.4249],[5.6655,50.42543],[5.6656,50.42577],[5.66511,50.42605],[5.66458,50.42616],[5.66349,50.42624],[5.66324,50.42619],[5.66305,50.42605],[5.66316,50.42554],[5.66342,50.42527],[5.66359,50.42493],[5.66421,50.42465],[5.66459,50.42436],[5.66573,50.42427],[5.66638,50.42409]],[[5.66917,50.42409],[5.66828,50.42433],[5.66792,50.42428],[5.66758,50.42409]]]}},{"type":"Feature","properties":{"ele":410},"geometry":{"type":"MultiLineString","coordinates":[[[5.77252,50.47813],[5.77228,50.47798],[5.77217,50.47765],[5.77163,50.47715],[5.77258,50.47711],[5.77312,50.47736],[5.77316,50.47751],[5.77297,50.47782],[5.77252,50.47813]],[[5.76669,50.47687],[5.76713,50.47681],[5.76757,50.47687],[5.76713,50.47694],[5.76669,50.47687]],[[5.76877,50.47698],[5.76852,50.47687],[5.76878,50.47683],[5.76877,50.47698]],[[5.76836,50.47682],[5.76831,50.47661],[5.76837,50.47658],[5.76842,50.47663],[5.76836,50.47682]],[[5.77252,50.47664],[5.77243,50.47629],[5.77276,50.47619],[5.77296,50.47621],[5.77293,50.47659],[5.77252,50.47664]],[[5.76627,50.47581],[5.76603,50.47572],[5.76575,50.47522],[5.76583,50.47504],[5.76624,50.47464],[5.76716,50.47463],[5.76771,50.4749],[5.76756,50.47526],[5.76709,50.4757],[5.76627,50.47581]],[[5.76794,50.47592],[5.76789,50.47577],[5.76795,50.47574],[5.768,50.47578],[5.76794,50.47592]],[[5.77711,50.47581],[5.77546,50.4752],[5.77525,50.47497],[5.77526,50.47474],[5.77582,50.47372],[5.7763,50.47368],[5.77701,50.47388],[5.77913,50.47468],[5.77942,50.47488],[5.77937,50.47502],[5.77916,50.47512],[5.77812,50.47509],[5.77779,50.47517],[5.77774,50.47545],[5.77805,50.47576],[5.77792,50.47592],[5.77755,50.47593],[5.77711,50.47581]],[[5.79461,50.46614],[5.79444,50.46634],[5.79411,50.46645],[5.79323,50.46646],[5.79273,50.46635],[5.79262,50.46623],[5.79266,50.46604],[5.79356,50.46545],[5.79335,50.46521],[5.79262,50.4649],[5.79169,50.46477],[5.79086,50.4652],[5.79065,50.4649],[5.7904,50.46478],[5.78948,50.46479],[5.78835,50.46492],[5.78751,50.46536],[5.78756,50.4658],[5.78739,50.46636],[5.78677,50.46663],[5.78644,50.46687],[5.78658,50.46734],[5.78622,50.46789],[5.78619,50.46817],[5.7863,50.46851],[5.78671,50.46882],[5.78629,50.46902],[5.78627,50.46913],[5.78642,50.46939],[5.78694,50.46993],[5.78641,50.47024],[5.78627,50.47069],[5.78614,50.47022],[5.78585,50.46992],[5.78479,50.47062],[5.78414,50.47063],[5.78378,50.47083],[5.78304,50.47107],[5.7828,50.47106],[5.78214,50.47084],[5.78209,50.47104],[5.78247,50.47132],[5.78254,50.47157],[5.78276,50.47185],[5.78251,50.47214],[5.7821,50.47219],[5.78169,50.47159],[5.78037,50.47076],[5.7797,50.47023],[5.77951,50.46995],[5.77877,50.46964],[5.77849,50.46971],[5.77833,50.46979],[5.77828,50.46992],[5.77856,50.47023],[5.77864,50.47074],[5.77805,50.47117],[5.77746,50.4713],[5.77758,50.47157],[5.77753,50.47187],[5.77712,50.47172],[5.77669,50.47187],[5.7756,50.47328],[5.77541,50.47336],[5.77501,50.47322],[5.77457,50.47345],[5.77342,50.47504],[5.77294,50.47521],[5.77265,50.47456],[5.77245,50.47387],[5.77223,50.47354],[5.77177,50.47313],[5.77102,50.473],[5.77096,50.47286],[5.77118,50.47263],[5.77169,50.47249],[5.77239,50.47216],[5.77336,50.47159],[5.7738,50.47161],[5.77425,50.47135],[5.77406,50.47107],[5.77409,50.47097],[5.7752,50.46999],[5.77644,50.4691],[5.77625,50.46906],[5.77585,50.46931],[5.77545,50.46941],[5.77493,50.46911],[5.77515,50.46882],[5.77586,50.46826],[5.77583,50.46805],[5.77543,50.46796],[5.7742,50.46848],[5.77333,50.46872],[5.77217,50.4694],[5.77192,50.46974],[5.77186,50.47001],[5.77196,50.47021],[5.77231,50.47045],[5.77233,50.47067],[5.77222,50.47079],[5.77162,50.47091],[5.77134,50.47106],[5.77127,50.47131],[5.77101,50.47171],[5.77091,50.47248],[5.77044,50.47243],[5.77022,50.47211],[5.76974,50.47194],[5.76948,50.47197],[5.76888,50.47229],[5.76871,50.47231],[5.76849,50.47216],[5.76848,50.47199],[5.76861,50.47183],[5.76911,50.47151],[5.76921,50.47131],[5.769,50.47104],[5.76927,50.4708],[5.76936,50.47052],[5.76958,50.47044],[5.77002,50.47055],[5.77049,50.4705],[5.77042,50.47019],[5.77057,50.46993],[5.77004,50.46978],[5.76989,50.46967],[5.76988,50.46949],[5.77003,50.46907],[5.76957,50.46883],[5.76946,50.46869],[5.76927,50.46828],[5.7693,50.46771],[5.76896,50.4673],[5.76859,50.46662],[5.76801,50.46622],[5.76751,50.46605],[5.76703,50.46577],[5.76681,50.4655],[5.76673,50.46522],[5.76688,50.46493],[5.76715,50.46477],[5.76838,50.46482],[5.76918,50.46464],[5.77035,50.46389],[5.77053,50.46394],[5.77078,50.46438],[5.77093,50.46439],[5.77135,50.46385],[5.77128,50.46366],[5.77095,50.46348],[5.77104,50.46329],[5.77124,50.46315],[5.77203,50.46312],[5.77295,50.46326],[5.773,50.46299],[5.77291,50.46265],[5.77305,50.46182],[5.77289,50.46164],[5.77246,50.46159],[5.77294,50.46104],[5.77302,50.46085],[5.77302,50.46064],[5.77283,50.46016],[5.77328,50.45992],[5.77325,50.45961],[5.77366,50.45934],[5.77383,50.45884],[5.77426,50.45833],[5.77442,50.45798],[5.7749,50.45767],[5.77509,50.45746],[5.77503,50.45722],[5.77464,50.45657],[5.77173,50.45613],[5.77097,50.45665],[5.77062,50.45671],[5.76984,50.45667],[5.76876,50.45712],[5.76799,50.4573],[5.76738,50.45768],[5.76753,50.45786],[5.76801,50.45796],[5.76844,50.45817],[5.76965,50.45826],[5.7689,50.45847],[5.76818,50.45843],[5.7675,50.45821],[5.76578,50.45811],[5.76474,50.45789],[5.7638,50.45802],[5.76369,50.45797],[5.76379,50.4577],[5.76334,50.45753],[5.76291,50.45741],[5.76204,50.45747],[5.76121,50.45715],[5.76128,50.4568],[5.76211,50.45672],[5.76254,50.45647],[5.76309,50.45632],[5.76351,50.4556],[5.76351,50.45544],[5.76334,50.45523],[5.76277,50.45506],[5.76218,50.45455],[5.76168,50.45464],[5.76166,50.45492],[5.76173,50.45509],[5.76214,50.45533],[5.76224,50.4555],[5.76163,50.45576],[5.76126,50.45637],[5.76052,50.45616],[5.75957,50.45611],[5.75838,50.45575],[5.75784,50.45548],[5.75797,50.4552],[5.75729,50.45537],[5.75685,50.45526],[5.75679,50.45512],[5.75698,50.45468],[5.7573,50.45437],[5.75736,50.45414],[5.75712,50.45371],[5.75665,50.45333],[5.7563,50.45336],[5.75586,50.45354],[5.75562,50.45388],[5.75531,50.45402],[5.75427,50.45401],[5.75338,50.45387],[5.75293,50.45392],[5.75264,50.45409],[5.75243,50.45434],[5.7526,50.4546],[5.75259,50.45471],[5.75212,50.45497],[5.75166,50.45493],[5.7515,50.45434],[5.75086,50.45409],[5.75086,50.45354],[5.75125,50.45323],[5.75167,50.45309],[5.75216,50.4531],[5.75235,50.45297],[5.75216,50.45287],[5.75174,50.45284],[5.75154,50.45275],[5.7515,50.45234],[5.75121,50.4519],[5.75083,50.45159],[5.7506,50.45123],[5.75051,50.45092],[5.75058,50.45057],[5.75077,50.45019],[5.75078,50.44967],[5.75046,50.44934],[5.74955,50.44909],[5.74939,50.44855],[5.74966,50.44816],[5.75044,50.44742],[5.75114,50.44737],[5.75213,50.44756],[5.75406,50.44816],[5.75429,50.44812],[5.75453,50.44797],[5.75482,50.44749],[5.755,50.4474],[5.75545,50.44742],[5.75585,50.44772],[5.75634,50.44791],[5.75668,50.44799],[5.75699,50.44795],[5.7575,50.44756],[5.75794,50.44743],[5.75818,50.44713],[5.7583,50.44659],[5.75897,50.44631],[5.75882,50.44602],[5.75792,50.44577],[5.7576,50.44539],[5.75771,50.44512],[5.75874,50.44403],[5.76039,50.44352],[5.76128,50.44354],[5.76144,50.44387],[5.76156,50.44498],[5.76169,50.44524],[5.76296,50.44481],[5.76422,50.4441],[5.76419,50.44381],[5.76465,50.44356],[5.7648,50.44324],[5.76472,50.44297],[5.76443,50.4427],[5.76448,50.44237],[5.76431,50.44208],[5.7639,50.44185],[5.76286,50.44181],[5.76203,50.44159],[5.76157,50.44134],[5.76083,50.44063],[5.76,50.44021],[5.75907,50.43992],[5.75889,50.43973],[5.75888,50.43956],[5.7591,50.43935],[5.75999,50.43906],[5.76184,50.43827],[5.76291,50.43769],[5.76372,50.43737],[5.76418,50.43709],[5.76502,50.4364],[5.76565,50.43603],[5.76711,50.43575],[5.76755,50.43584],[5.76794,50.4361],[5.76809,50.43609],[5.76838,50.43599],[5.76939,50.43525],[5.76942,50.43511],[5.76914,50.43474],[5.76834,50.43439],[5.76753,50.43345],[5.76715,50.43317],[5.76704,50.43329],[5.76705,50.43383],[5.76669,50.43415],[5.76624,50.4339],[5.76544,50.43311],[5.76506,50.43289],[5.76411,50.43316],[5.76312,50.43309],[5.76213,50.43326],[5.76168,50.4332],[5.76096,50.43365],[5.76036,50.43376],[5.76004,50.43411],[5.75939,50.43434],[5.7593,50.43474],[5.75874,50.43507],[5.75628,50.43549],[5.75453,50.4353],[5.75334,50.43551],[5.75209,50.43593],[5.75159,50.43652],[5.75127,50.43671],[5.75011,50.43705],[5.74835,50.4377],[5.7475,50.43781],[5.74665,50.43762],[5.74586,50.43755],[5.74549,50.43739],[5.74454,50.43718],[5.74354,50.4367],[5.74264,50.43653],[5.74242,50.43631],[5.74243,50.43592],[5.7421,50.43408],[5.74238,50.43379],[5.74359,50.43324],[5.74435,50.4324],[5.74534,50.43212],[5.74625,50.43169],[5.74781,50.43129],[5.74802,50.43109],[5.74809,50.43064],[5.74839,50.43034],[5.74875,50.43017],[5.74963,50.42996],[5.75017,50.42971],[5.75118,50.42945],[5.75308,50.4283],[5.75463,50.42795],[5.75622,50.42735],[5.75668,50.42736],[5.75734,50.42758],[5.75771,50.42755],[5.75876,50.42714],[5.75901,50.42688],[5.75918,50.42657],[5.75933,50.42648],[5.75989,50.42627],[5.76086,50.42614],[5.76122,50.42601],[5.76199,50.4254],[5.76322,50.42489],[5.76427,50.42473],[5.76579,50.4243],[5.76672,50.42424],[5.76732,50.42409]],[[5.78461,50.47388],[5.78449,50.47381],[5.7846,50.47369],[5.7847,50.4738],[5.78461,50.47388]],[[5.78419,50.47364],[5.78372,50.47324],[5.78359,50.47304],[5.78361,50.47294],[5.78382,50.47289],[5.78431,50.47324],[5.7844,50.4735],[5.78419,50.47364]],[[5.78336,50.47286],[5.78315,50.47271],[5.78333,50.47254],[5.7835,50.47268],[5.78336,50.47286]],[[5.77461,50.47264],[5.77447,50.47242],[5.77463,50.47229],[5.77479,50.47244],[5.77461,50.47264]],[[5.78294,50.47262],[5.78278,50.47246],[5.78279,50.47237],[5.78294,50.47229],[5.78317,50.47237],[5.78319,50.47246],[5.78294,50.47262]],[[5.78419,50.47165],[5.78404,50.47158],[5.78398,50.4714],[5.78403,50.47127],[5.78418,50.4712],[5.78432,50.47125],[5.78438,50.47137],[5.78419,50.47165]],[[5.78711,50.47078],[5.78705,50.47075],[5.7871,50.47063],[5.78711,50.47078]],[[5.79086,50.47032],[5.79072,50.46999],[5.79087,50.46987],[5.79166,50.46984],[5.79184,50.47014],[5.7918,50.47025],[5.79164,50.4703],[5.79086,50.47032]],[[5.79127,50.46946],[5.79044,50.46911],[5.79042,50.46883],[5.79029,50.46857],[5.79033,50.46847],[5.79058,50.46841],[5.79177,50.46854],[5.79147,50.46883],[5.79174,50.46933],[5.79173,50.46946],[5.79127,50.46946]],[[5.77336,50.46804],[5.77329,50.46793],[5.77366,50.4677],[5.77407,50.46772],[5.77381,50.46801],[5.77336,50.46804]],[[5.78711,50.46811],[5.78688,50.468],[5.78683,50.46789],[5.7869,50.46771],[5.78709,50.46762],[5.78722,50.46767],[5.78727,50.46779],[5.78711,50.46811]],[[5.79002,50.46804],[5.78946,50.46769],[5.78974,50.46762],[5.7901,50.46767],[5.79013,50.46789],[5.79002,50.46804]],[[5.77419,50.46688],[5.77308,50.46672],[5.7729,50.46664],[5.77267,50.46637],[5.77281,50.46595],[5.77287,50.46543],[5.77326,50.46504],[5.77349,50.46501],[5.77384,50.46516],[5.7749,50.46651],[5.7749,50.46668],[5.77473,50.46686],[5.77419,50.46688]],[[5.79127,50.46651],[5.79097,50.46629],[5.79133,50.46594],[5.79177,50.46583],[5.79233,50.46603],[5.79212,50.46618],[5.79158,50.4663],[5.79127,50.46651]],[[5.79461,50.46585],[5.79455,50.46552],[5.79461,50.4654]],[[5.77794,50.46466],[5.77708,50.46438],[5.77697,50.46359],[5.77678,50.4634],[5.77543,50.46337],[5.77519,50.46328],[5.77517,50.46314],[5.77533,50.46295],[5.77583,50.46268],[5.7775,50.46214],[5.7776,50.46215],[5.77704,50.46265],[5.77705,50.46277],[5.77812,50.46262],[5.77879,50.46269],[5.77803,50.46284],[5.77693,50.46323],[5.77697,50.46332],[5.77715,50.46339],[5.77839,50.4635],[5.77882,50.4638],[5.77889,50.46407],[5.77876,50.46435],[5.77831,50.46462],[5.77794,50.46466]],[[5.77419,50.46226],[5.77398,50.46192],[5.77399,50.46168],[5.77408,50.46156],[5.77535,50.46128],[5.77598,50.46132],[5.77485,50.46218],[5.77457,50.46228],[5.77419,50.46226]],[[5.77461,50.46108],[5.77453,50.46103],[5.775,50.46076],[5.77519,50.46076],[5.77461,50.46108]],[[5.76877,50.46077],[5.76952,50.46058],[5.76966,50.46061],[5.76974,50.46074],[5.76963,50.46087],[5.76937,50.46092],[5.76877,50.46077]],[[5.77002,50.46058],[5.76979,50.46047],[5.77007,50.46041],[5.77014,50.46049],[5.77002,50.46058]],[[5.77002,50.45642],[5.77002,50.45629],[5.77002,50.45642]],[[5.77044,50.43499],[5.77038,50.43492],[5.77045,50.43486],[5.77051,50.43493],[5.77044,50.43499]],[[5.74961,50.43104],[5.75005,50.43095],[5.75047,50.43104],[5.7501,50.43113],[5.74961,50.43104]],[[5.69711,50.42941],[5.69704,50.42937],[5.6971,50.42932],[5.69716,50.42936],[5.69711,50.42941]],[[5.71586,50.42938],[5.71561,50.42911],[5.71571,50.42883],[5.71619,50.42866],[5.71646,50.42875],[5.71655,50.42907],[5.71635,50.42951],[5.71619,50.42955],[5.71586,50.42938]],[[5.69669,50.42917],[5.69641,50.42909],[5.69677,50.42907],[5.69669,50.42917]],[[5.71002,50.42891],[5.70971,50.42838],[5.70969,50.42817],[5.71004,50.42771],[5.71032,50.42763],[5.71089,50.42768],[5.71173,50.42815],[5.71226,50.42803],[5.71254,50.42783],[5.71281,50.42784],[5.71333,50.428],[5.71353,50.42825],[5.71337,50.42857],[5.71295,50.42844],[5.71256,50.42856],[5.71168,50.42849],[5.71128,50.42859],[5.71057,50.42896],[5.71002,50.42891]],[[5.69461,50.42832],[5.69453,50.4281],[5.69456,50.42796],[5.69543,50.42769],[5.69565,50.42793],[5.69564,50.42807],[5.6955,50.42824],[5.69521,50.42837],[5.69495,50.42841],[5.69461,50.42832]],[[5.69794,50.42829],[5.69776,50.42824],[5.69768,50.42795],[5.69729,50.42776],[5.69729,50.42764],[5.69766,50.42753],[5.69814,50.42769],[5.69816,50.42782],[5.69794,50.42829]],[[5.71627,50.42841],[5.71592,50.42823],[5.71492,50.428],[5.71504,50.4277],[5.7148,50.42734],[5.71502,50.42687],[5.71547,50.42664],[5.7162,50.42671],[5.71734,50.42647],[5.71761,50.42652],[5.71798,50.42682],[5.7181,50.42717],[5.718,50.42771],[5.71627,50.42841]],[[5.70252,50.42776],[5.70232,50.42769],[5.70234,50.42751],[5.70288,50.42682],[5.70328,50.42675],[5.70419,50.42676],[5.70464,50.42645],[5.70506,50.42606],[5.70591,50.42579],[5.70651,50.42518],[5.70706,50.42511],[5.70731,50.42526],[5.70747,50.42567],[5.70742,50.42578],[5.70713,50.42588],[5.70664,50.42583],[5.70586,50.42634],[5.70535,50.42655],[5.70532,50.42664],[5.70547,50.42688],[5.7042,50.42699],[5.70387,50.42721],[5.70327,50.42741],[5.7029,50.42769],[5.70252,50.42776]],[[5.71252,50.42759],[5.7124,50.42743],[5.71251,50.42729],[5.71261,50.42741],[5.71252,50.42759]],[[5.69331,50.42409],[5.69342,50.42435],[5.69332,50.42467],[5.69448,50.4248],[5.6951,50.42479],[5.69629,50.42529],[5.69676,50.42526],[5.69713,50.42487],[5.69729,50.42522],[5.69732,50.42557],[5.69727,50.42576],[5.69705,50.42605],[5.69694,50.4266],[5.6967,50.42676],[5.69589,50.42683],[5.69536,50.42709],[5.69376,50.42677],[5.69116,50.42551],[5.69113,50.42536],[5.69126,50.42485],[5.69157,50.42409]],[[5.71923,50.42409],[5.71924,50.42462],[5.7191,50.42467],[5.71875,50.42466],[5.71833,50.42445],[5.71687,50.42416],[5.71651,50.42419],[5.71603,50.42439],[5.71544,50.42491],[5.71502,50.42504],[5.71443,50.42549],[5.71378,50.42578],[5.71291,50.42553],[5.71271,50.42526],[5.71267,50.42491],[5.71253,50.42465],[5.71182,50.42459],[5.71133,50.42468],[5.71102,50.42502],[5.71048,50.42537],[5.70987,50.42548],[5.71041,50.42586],[5.71088,50.42571],[5.71172,50.42603],[5.71198,50.42632],[5.7125,50.42663],[5.71254,50.42698],[5.71234,50.42706],[5.71161,50.4269],[5.71126,50.42645],[5.71085,50.42622],[5.71047,50.4261],[5.70965,50.42605],[5.70915,50.42581],[5.70933,50.42518],[5.70871,50.42492],[5.7091,50.42409]],[[5.71586,50.42613],[5.71573,50.42585],[5.71582,50.42558],[5.71599,50.42556],[5.71631,50.42574],[5.71586,50.42613]],[[5.71586,50.42498],[5.71568,50.42493],[5.71586,50.42491],[5.71586,50.42498]],[[5.76919,50.4248],[5.76904,50.42463],[5.76943,50.42449],[5.76974,50.42451],[5.77005,50.42464],[5.76919,50.4248]],[[5.69752,50.42453],[5.69749,50.42431],[5.69768,50.42434],[5.69769,50.4244],[5.69752,50.42453]]]}},{"type":"Feature","properties":{"ele":420},"geometry":{"type":"MultiLineString","coordinates":[[[5.77627,50.47477],[5.77612,50.47462],[5.77628,50.47432],[5.77668,50.47439],[5.77697,50.47463],[5.7769,50.47475],[5.77671,50.47484],[5.77627,50.47477]],[[5.77794,50.47475],[5.7777,50.47465],[5.77813,50.47465],[5.77794,50.47475]],[[5.77377,50.47305],[5.77373,50.47296],[5.77388,50.47298],[5.77377,50.47305]],[[5.77544,50.47057],[5.77542,50.47042],[5.77725,50.46915],[5.77726,50.469],[5.77713,50.46881],[5.77677,50.46852],[5.77706,50.46816],[5.7775,50.46802],[5.77823,50.4681],[5.77877,50.46793],[5.77908,50.46817],[5.77908,50.46829],[5.77869,50.46852],[5.77885,50.46883],[5.77835,50.46913],[5.77757,50.46939],[5.77697,50.46987],[5.77633,50.47054],[5.77594,50.47061],[5.77544,50.47057]],[[5.77169,50.46747],[5.77065,50.46717],[5.77057,50.46699],[5.77065,50.46685],[5.77113,50.4665],[5.77118,50.46633],[5.77112,50.46598],[5.77132,50.46556],[5.77153,50.46546],[5.77208,50.4654],[5.77237,50.46578],[5.77226,50.4664],[5.77265,50.46685],[5.77273,50.46712],[5.77248,50.46728],[5.77169,50.46747]],[[5.78252,50.46715],[5.78285,50.46708],[5.783,50.46714],[5.78252,50.46715]],[[5.77877,50.46635],[5.77866,50.46631],[5.77876,50.46621],[5.77883,50.4663],[5.77877,50.46635]],[[5.79336,50.46623],[5.79326,50.46602],[5.79344,50.46587],[5.79379,50.4657],[5.79421,50.4657],[5.79428,50.46601],[5.7942,50.46616],[5.79336,50.46623]],[[5.77586,50.46549],[5.77559,50.46522],[5.77583,50.46489],[5.77648,50.46493],[5.77634,50.46524],[5.77586,50.46549]],[[5.79461,50.46497],[5.79344,50.46485],[5.79275,50.46469],[5.7926,50.4646],[5.79252,50.46438],[5.79334,50.46395],[5.79417,50.46406],[5.79461,50.46403]],[[5.77294,50.46467],[5.77293,50.46461],[5.77318,50.46458],[5.77339,50.46464],[5.77294,50.46467]],[[5.79461,50.46479],[5.79422,50.46462],[5.79413,50.46438],[5.79422,50.46417],[5.79461,50.4641]],[[5.79461,50.46192],[5.79307,50.46233],[5.79204,50.46242],[5.79129,50.46261],[5.79044,50.46302],[5.78963,50.46268],[5.78932,50.46275],[5.78853,50.46325],[5.78901,50.46353],[5.78844,50.46364],[5.788,50.46351],[5.78809,50.4631],[5.78821,50.46293],[5.78886,50.46239],[5.7876,50.46237],[5.78708,50.46223],[5.78586,50.46214],[5.78563,50.46241],[5.78569,50.46272],[5.78557,50.46294],[5.78505,50.46334],[5.78455,50.46325],[5.78441,50.46348],[5.78448,50.46376],[5.78439,50.46391],[5.78411,50.464],[5.78336,50.46393],[5.78317,50.46381],[5.7831,50.46359],[5.78347,50.46324],[5.78321,50.46297],[5.78377,50.46267],[5.78421,50.46257],[5.78425,50.4624],[5.78402,50.46215],[5.78395,50.46193],[5.78423,50.46158],[5.78334,50.46162],[5.78321,50.46081],[5.78297,50.46046],[5.78261,50.46092],[5.78211,50.46104],[5.78196,50.46057],[5.78182,50.4604],[5.78131,50.46005],[5.7809,50.4599],[5.78071,50.45965],[5.78016,50.45937],[5.78002,50.45935],[5.77985,50.45967],[5.77927,50.45998],[5.7787,50.46004],[5.77834,50.45994],[5.77819,50.45974],[5.7782,50.4596],[5.77848,50.45939],[5.77841,50.45927],[5.77809,50.45906],[5.77755,50.45903],[5.77712,50.45937],[5.77509,50.46052],[5.77453,50.4606],[5.77413,50.46053],[5.77407,50.45989],[5.77424,50.45971],[5.77461,50.45965],[5.77463,50.45943],[5.77462,50.45936],[5.77417,50.45913],[5.77417,50.45899],[5.77463,50.45838],[5.77506,50.4582],[5.77665,50.45856],[5.77691,50.45853],[5.77742,50.45821],[5.77796,50.45744],[5.77784,50.45726],[5.77761,50.45711],[5.77672,50.45706],[5.77621,50.45691],[5.77608,50.45664],[5.77618,50.45609],[5.77556,50.4556],[5.77553,50.45546],[5.77561,50.45519],[5.77544,50.455],[5.77464,50.45507],[5.77338,50.45475],[5.7725,50.45482],[5.77129,50.45432],[5.77086,50.45437],[5.77036,50.4543],[5.76963,50.45448],[5.7686,50.45434],[5.76837,50.45437],[5.76794,50.45465],[5.76779,50.45511],[5.7676,50.45528],[5.76693,50.45511],[5.76623,50.45516],[5.76615,50.4555],[5.76601,50.45572],[5.76543,50.45608],[5.76508,50.45595],[5.76459,50.45598],[5.76434,50.45581],[5.76429,50.45567],[5.76434,50.45526],[5.76451,50.45493],[5.76427,50.45481],[5.76368,50.45471],[5.76343,50.45442],[5.76349,50.45415],[5.7638,50.45381],[5.76271,50.45359],[5.76231,50.45372],[5.76216,50.45387],[5.76213,50.4541],[5.76151,50.45438],[5.76127,50.45492],[5.76087,50.45528],[5.76044,50.45539],[5.76004,50.45514],[5.75835,50.45465],[5.75797,50.45447],[5.75776,50.45397],[5.75714,50.45324],[5.75687,50.45314],[5.75651,50.4531],[5.75584,50.45325],[5.75545,50.45363],[5.75504,50.45382],[5.75437,50.45376],[5.75398,50.45362],[5.7538,50.45351],[5.75372,50.45324],[5.75426,50.45301],[5.7543,50.45271],[5.75464,50.45251],[5.75468,50.45241],[5.75381,50.45213],[5.75353,50.45195],[5.75349,50.45182],[5.75362,50.45154],[5.7534,50.4513],[5.75168,50.45077],[5.75125,50.45051],[5.75143,50.44993],[5.75177,50.44979],[5.75246,50.44989],[5.75297,50.45011],[5.75368,50.45027],[5.7542,50.45023],[5.75428,50.44949],[5.75444,50.44926],[5.75544,50.44854],[5.75628,50.44826],[5.75781,50.44811],[5.75833,50.44819],[5.75879,50.44907],[5.75946,50.44938],[5.75984,50.44937],[5.76008,50.44921],[5.76087,50.44911],[5.76031,50.44882],[5.76091,50.44854],[5.76042,50.44843],[5.75974,50.44812],[5.75908,50.44798],[5.75959,50.4476],[5.7604,50.44757],[5.76065,50.44742],[5.76032,50.4472],[5.7602,50.44684],[5.75987,50.44658],[5.75949,50.44607],[5.75825,50.44548],[5.75836,50.44492],[5.75874,50.44434],[5.75931,50.44409],[5.76045,50.44382],[5.76088,50.4438],[5.76124,50.44442],[5.76088,50.44578],[5.76098,50.44608],[5.76142,50.44632],[5.7625,50.44642],[5.76323,50.4466],[5.76382,50.44661],[5.76459,50.44576],[5.76548,50.44524],[5.76548,50.44484],[5.76572,50.44401],[5.76597,50.44348],[5.76601,50.4431],[5.76594,50.44292],[5.76566,50.4427],[5.76587,50.44245],[5.76587,50.44214],[5.76507,50.44157],[5.76453,50.4414],[5.76332,50.44167],[5.76253,50.44159],[5.76211,50.44132],[5.76165,50.44077],[5.75992,50.43992],[5.75976,50.43974],[5.7598,50.43957],[5.76103,50.43884],[5.76248,50.43825],[5.7629,50.43795],[5.76409,50.4374],[5.76452,50.43711],[5.76505,50.43661],[5.7658,50.43626],[5.76693,50.43598],[5.76753,50.43602],[5.76783,50.43644],[5.76794,50.43687],[5.76872,50.43653],[5.76964,50.4359],[5.77026,50.43562],[5.77151,50.43542],[5.77296,50.43549],[5.77309,50.43518],[5.77293,50.43507],[5.77208,50.43495],[5.77127,50.43465],[5.77092,50.4343],[5.77,50.43413],[5.77004,50.43381],[5.76993,50.43374],[5.76958,50.43366],[5.7688,50.43367],[5.76834,50.43356],[5.76793,50.43328],[5.76712,50.4321],[5.7667,50.43187],[5.76628,50.43184],[5.76586,50.43215],[5.76557,50.43219],[5.7654,50.43219],[5.76508,50.43199],[5.76489,50.432],[5.76359,50.43257],[5.76164,50.43268],[5.76088,50.43331],[5.76047,50.43334],[5.76,50.43349],[5.75941,50.43352],[5.75966,50.43385],[5.7591,50.43402],[5.75899,50.43425],[5.75893,50.43464],[5.75873,50.43477],[5.75623,50.43526],[5.75437,50.43507],[5.75336,50.43525],[5.752,50.43571],[5.75139,50.43639],[5.75109,50.43657],[5.7484,50.43749],[5.7476,50.43758],[5.7455,50.43714],[5.74377,50.43659],[5.74334,50.43631],[5.74323,50.43575],[5.74333,50.43559],[5.74361,50.43542],[5.74381,50.43493],[5.74456,50.43454],[5.7455,50.43437],[5.74547,50.43408],[5.74514,50.43372],[5.74497,50.43369],[5.74463,50.4339],[5.74455,50.43386],[5.74432,50.43335],[5.74438,50.43314],[5.7447,50.43274],[5.74501,50.43255],[5.74528,50.4327],[5.74535,50.433],[5.74551,50.43302],[5.74569,50.43244],[5.7462,50.43208],[5.74668,50.43187],[5.74776,50.43156],[5.74806,50.43156],[5.7488,50.43177],[5.74995,50.43171],[5.75125,50.43216],[5.7526,50.43191],[5.75338,50.43189],[5.75331,50.43162],[5.75288,50.43149],[5.75216,50.43102],[5.7512,50.43095],[5.75021,50.43046],[5.75002,50.4302],[5.75047,50.42999],[5.75129,50.42993],[5.75172,50.42973],[5.75212,50.42965],[5.75247,50.42937],[5.75292,50.42924],[5.75412,50.42851],[5.75507,50.42827],[5.75587,50.42794],[5.7563,50.42798],[5.75609,50.42829],[5.75527,50.42877],[5.75524,50.42887],[5.75534,50.42905],[5.75713,50.42965],[5.75741,50.42878],[5.75788,50.42815],[5.75921,50.42748],[5.75959,50.42682],[5.76121,50.4265],[5.76213,50.42569],[5.76298,50.42549],[5.76346,50.42523],[5.76406,50.42508],[5.76458,50.42508],[5.76515,50.42496],[5.76592,50.42508],[5.76616,50.42493],[5.76622,50.42463],[5.76711,50.42465],[5.76755,50.4245],[5.76796,50.42458],[5.76836,50.425],[5.76877,50.42526],[5.7699,50.4252],[5.77046,50.42498],[5.77048,50.42465],[5.77039,50.42435],[5.77048,50.42409]],[[5.78252,50.4623],[5.78246,50.46216],[5.78252,50.46206],[5.78301,50.46215],[5.78252,50.4623]],[[5.77711,50.46166],[5.77698,50.46155],[5.77706,50.46129],[5.77798,50.46103],[5.77794,50.46136],[5.77755,50.4616],[5.77711,50.46166]],[[5.77627,50.46078],[5.77664,50.46069],[5.77683,50.46075],[5.77668,50.46084],[5.77627,50.46078]],[[5.77919,50.45891],[5.77918,50.45881],[5.77941,50.45882],[5.77919,50.45891]],[[5.76211,50.45247],[5.7608,50.45221],[5.76071,50.45209],[5.76086,50.45187],[5.76141,50.45206],[5.76255,50.45215],[5.76338,50.45243],[5.76322,50.45249],[5.76211,50.45247]],[[5.75336,50.45216],[5.75328,50.45212],[5.75336,50.45202],[5.75354,50.45212],[5.75336,50.45216]],[[5.74502,50.43551],[5.74462,50.43548],[5.74455,50.43519],[5.74505,50.43506],[5.74556,50.43519],[5.74532,50.43542],[5.74502,50.43551]],[[5.76627,50.43314],[5.76619,50.43301],[5.76622,50.43293],[5.7666,50.43276],[5.76675,50.43282],[5.76678,50.43302],[5.7667,50.43315],[5.76627,50.43314]],[[5.74877,50.43104],[5.74838,50.43091],[5.74832,50.43072],[5.74877,50.43048],[5.74901,50.43043],[5.74952,50.43039],[5.74982,50.43048],[5.74936,50.43079],[5.74877,50.43104]],[[5.71586,50.42782],[5.71567,50.42772],[5.71562,50.42755],[5.7157,50.42736],[5.7159,50.42722],[5.71697,50.42701],[5.71722,50.42712],[5.71721,50.42745],[5.71694,50.42769],[5.7164,50.42782],[5.71586,50.42782]],[[5.75669,50.42785],[5.75649,50.42769],[5.75677,50.42767],[5.75669,50.42785]],[[5.69419,50.4266],[5.69383,50.42622],[5.69293,50.42607],[5.69277,50.42597],[5.69261,50.42564],[5.69286,50.42523],[5.69349,50.42507],[5.69503,50.42517],[5.69543,50.42539],[5.69588,50.42548],[5.69582,50.42559],[5.69541,50.42564],[5.69519,50.42595],[5.69522,50.42608],[5.69577,50.42618],[5.69605,50.42608],[5.69626,50.42589],[5.69632,50.42598],[5.69633,50.42633],[5.69581,50.42642],[5.69542,50.42673],[5.69419,50.4266]],[[5.71507,50.42409],[5.71385,50.42411],[5.71286,50.42421],[5.71204,50.42409]]]}},{"type":"Feature","properties":{"ele":430},"geometry":{"type":"MultiLineString","coordinates":[[[5.77794,50.46891],[5.77756,50.46878],[5.77747,50.4685],[5.77781,50.46844],[5.77809,50.46851],[5.77813,50.46875],[5.77794,50.46891]],[[5.79461,50.46116],[5.791,50.46102],[5.79098,50.46113],[5.79123,50.46134],[5.79236,50.46187],[5.79212,50.46215],[5.79133,50.46213],[5.79068,50.46183],[5.79042,50.46131],[5.79071,50.46111],[5.79075,50.46098],[5.79026,50.46046],[5.78998,50.45995],[5.78962,50.45988],[5.7892,50.46004],[5.78879,50.46003],[5.78865,50.45991],[5.78897,50.45967],[5.78886,50.4595],[5.78823,50.45953],[5.7867,50.459],[5.78626,50.45914],[5.78542,50.45907],[5.78526,50.45937],[5.78507,50.45949],[5.78424,50.45955],[5.78412,50.45945],[5.78394,50.45907],[5.78357,50.45878],[5.78366,50.45824],[5.78357,50.45797],[5.78335,50.45777],[5.78298,50.45763],[5.7825,50.45769],[5.78173,50.45804],[5.78083,50.45802],[5.78006,50.45814],[5.77916,50.45844],[5.77839,50.45882],[5.77815,50.45877],[5.77787,50.45862],[5.77782,50.45849],[5.77812,50.4582],[5.77835,50.4577],[5.77876,50.45715],[5.78013,50.45634],[5.78032,50.45608],[5.77961,50.45575],[5.77832,50.45612],[5.77797,50.45615],[5.77768,50.45608],[5.77759,50.45598],[5.77762,50.45585],[5.77797,50.45549],[5.77834,50.45536],[5.77916,50.45529],[5.77944,50.45517],[5.7788,50.45463],[5.77818,50.45455],[5.77769,50.45436],[5.7772,50.45428],[5.77681,50.45406],[5.77432,50.45395],[5.77151,50.45343],[5.77073,50.45338],[5.76836,50.45361],[5.7678,50.45404],[5.76763,50.45442],[5.76708,50.45467],[5.76542,50.45419],[5.76448,50.45424],[5.76419,50.4541],[5.76442,50.4538],[5.76423,50.45352],[5.7637,50.45348],[5.76273,50.45323],[5.76246,50.453],[5.76248,50.45292],[5.76338,50.45287],[5.76383,50.45268],[5.76376,50.45234],[5.76342,50.4521],[5.76302,50.45198],[5.76203,50.45191],[5.76099,50.45169],[5.76049,50.45172],[5.76029,50.45185],[5.7602,50.45206],[5.76046,50.45243],[5.76002,50.45249],[5.75969,50.45274],[5.75914,50.45295],[5.75879,50.45334],[5.75795,50.45355],[5.75718,50.45291],[5.75677,50.45282],[5.75625,50.45284],[5.75545,50.4526],[5.75459,50.45191],[5.75448,50.45162],[5.75418,50.45129],[5.75601,50.45082],[5.75605,50.45073],[5.75576,50.45054],[5.75575,50.45044],[5.75629,50.45028],[5.75657,50.44965],[5.75724,50.44913],[5.75793,50.44879],[5.75831,50.44889],[5.75875,50.44933],[5.75912,50.44951],[5.76098,50.44985],[5.76212,50.45032],[5.76245,50.45038],[5.76293,50.45019],[5.76368,50.44911],[5.76411,50.44892],[5.76469,50.44883],[5.76711,50.44893],[5.76705,50.44845],[5.76767,50.4477],[5.76778,50.4469],[5.76812,50.4466],[5.76676,50.44624],[5.76591,50.44621],[5.76578,50.44612],[5.76577,50.44595],[5.76606,50.44529],[5.76609,50.44487],[5.76642,50.44406],[5.76693,50.44389],[5.76831,50.44391],[5.7685,50.44384],[5.7685,50.44373],[5.76831,50.44359],[5.76787,50.44355],[5.76791,50.4434],[5.76808,50.44326],[5.76669,50.4427],[5.76653,50.44241],[5.76652,50.44185],[5.76628,50.44103],[5.76578,50.44085],[5.76515,50.4409],[5.76458,50.441],[5.76373,50.44141],[5.76333,50.44147],[5.76299,50.44142],[5.76277,50.44131],[5.76217,50.44072],[5.7611,50.44004],[5.76097,50.43987],[5.76097,50.43967],[5.76121,50.43935],[5.76194,50.43883],[5.76297,50.43831],[5.76338,50.43799],[5.76458,50.43741],[5.76528,50.43683],[5.76578,50.43665],[5.76636,50.43664],[5.76704,50.43628],[5.76747,50.43634],[5.76756,50.43643],[5.76761,50.43665],[5.76741,50.4372],[5.76742,50.43751],[5.76751,50.43772],[5.76795,50.43775],[5.76899,50.43742],[5.77072,50.43636],[5.77125,50.43615],[5.7725,50.43597],[5.77411,50.43607],[5.77451,50.43602],[5.77461,50.43577],[5.77453,50.43522],[5.77415,50.43467],[5.77368,50.43435],[5.77346,50.43363],[5.7735,50.43352],[5.77392,50.43332],[5.77396,50.43323],[5.77304,50.43271],[5.77255,50.43262],[5.7721,50.43243],[5.77236,50.43272],[5.77291,50.43277],[5.7732,50.43294],[5.77322,50.43307],[5.77309,50.43325],[5.77281,50.43337],[5.77177,50.43322],[5.77088,50.43266],[5.77057,50.43258],[5.77033,50.43259],[5.76963,50.4329],[5.76875,50.43279],[5.76836,50.4327],[5.76708,50.43135],[5.76604,50.43121],[5.76576,50.43123],[5.76489,50.43155],[5.76408,50.43157],[5.76355,50.43193],[5.76303,50.43202],[5.76292,50.43198],[5.76287,50.43186],[5.76302,50.43161],[5.76304,50.43134],[5.76345,50.43104],[5.76167,50.43104],[5.76131,50.43111],[5.76115,50.43125],[5.76115,50.43175],[5.76084,50.43215],[5.76068,50.43265],[5.76051,50.43282],[5.76008,50.433],[5.75948,50.4331],[5.75849,50.43289],[5.75822,50.43291],[5.75804,50.43303],[5.75793,50.43323],[5.75797,50.43355],[5.75776,50.43366],[5.7567,50.43411],[5.75583,50.43414],[5.75542,50.43431],[5.75542,50.4344],[5.75558,50.43448],[5.75612,50.43466],[5.75453,50.4348],[5.75396,50.43463],[5.75363,50.43438],[5.7534,50.43407],[5.75297,50.43398],[5.75252,50.43409],[5.75212,50.43438],[5.75127,50.43474],[5.75121,50.43498],[5.75124,50.43544],[5.75145,50.43585],[5.75128,50.4362],[5.74906,50.43714],[5.74802,50.4373],[5.74699,50.43714],[5.74414,50.43607],[5.74489,50.43574],[5.7467,50.43548],[5.74701,50.43522],[5.74696,50.43494],[5.74705,50.43486],[5.74731,50.43492],[5.74734,50.43519],[5.74756,50.43521],[5.74782,50.43491],[5.74919,50.43465],[5.7492,50.43431],[5.75003,50.43437],[5.75007,50.43353],[5.74968,50.43324],[5.74922,50.43262],[5.74924,50.4322],[5.74949,50.432],[5.74989,50.43198],[5.75045,50.43212],[5.75089,50.43234],[5.7513,50.43238],[5.75333,50.43215],[5.75378,50.43187],[5.75363,50.43162],[5.75335,50.43142],[5.75219,50.43088],[5.75163,50.43075],[5.7514,50.43054],[5.75148,50.43042],[5.75321,50.42989],[5.7542,50.42993],[5.7544,50.42963],[5.75502,50.42937],[5.75574,50.42937],[5.75719,50.4299],[5.75796,50.43066],[5.75879,50.43103],[5.75921,50.43134],[5.75932,50.43109],[5.75934,50.43043],[5.75907,50.4297],[5.75861,50.42883],[5.75854,50.42838],[5.75865,50.42821],[5.7596,50.42769],[5.76005,50.42718],[5.76174,50.42692],[5.7621,50.42654],[5.76238,50.42603],[5.76291,50.42575],[5.76417,50.42547],[5.76494,50.42557],[5.76545,50.4254],[5.76619,50.42537],[5.76694,50.42494],[5.76739,50.42483],[5.76796,50.4249],[5.76835,50.42535],[5.76882,50.42569],[5.77045,50.42564],[5.77066,50.42552],[5.7708,50.42529],[5.77074,50.4247],[5.77081,50.42434],[5.77116,50.42409]],[[5.78586,50.46167],[5.78567,50.46156],[5.78583,50.46131],[5.78668,50.46088],[5.78729,50.46079],[5.78752,50.46085],[5.78769,50.461],[5.78765,50.46113],[5.78712,50.46162],[5.78641,50.46157],[5.78586,50.46167]],[[5.78544,50.45999],[5.78534,50.45992],[5.78543,50.4598],[5.78551,50.45991],[5.78544,50.45999]],[[5.78586,50.4597],[5.78571,50.45966],[5.78565,50.45956],[5.78574,50.45929],[5.78588,50.45918],[5.78607,50.45939],[5.78586,50.4597]],[[5.78169,50.45944],[5.7816,50.45936],[5.78168,50.45922],[5.78196,50.45935],[5.78169,50.45944]],[[5.78419,50.45875],[5.78419,50.4585],[5.78419,50.45875]],[[5.77711,50.45498],[5.7767,50.45474],[5.77666,50.45458],[5.77698,50.45448],[5.77725,50.45456],[5.77731,50.45484],[5.77711,50.45498]],[[5.76086,50.454],[5.76058,50.45382],[5.76074,50.45365],[5.76099,50.45365],[5.7613,50.45381],[5.76086,50.454]],[[5.76586,50.45369],[5.76581,50.45354],[5.76592,50.45352],[5.76586,50.45369]],[[5.76211,50.45273],[5.76206,50.4527],[5.76216,50.4527],[5.76211,50.45273]],[[5.75669,50.45257],[5.75639,50.45241],[5.75675,50.45232],[5.75683,50.45243],[5.75669,50.45257]],[[5.75586,50.45138],[5.75576,50.4513],[5.75591,50.45121],[5.75622,50.45122],[5.75637,50.4513],[5.75586,50.45138]],[[5.76627,50.4508],[5.76626,50.45068],[5.76662,50.45021],[5.76683,50.45016],[5.76728,50.45021],[5.76735,50.45049],[5.76753,50.45075],[5.76703,50.45086],[5.76627,50.4508]],[[5.76169,50.44831],[5.76145,50.44825],[5.76197,50.44818],[5.76221,50.44825],[5.76209,50.44834],[5.76169,50.44831]],[[5.76211,50.44744],[5.76082,50.44716],[5.76066,50.44665],[5.7607,50.44652],[5.76094,50.44642],[5.76218,50.44658],[5.76332,50.44685],[5.76343,50.44716],[5.76379,50.44743],[5.76328,50.44759],[5.76211,50.44744]],[[5.76002,50.44582],[5.75961,50.44543],[5.75993,50.44537],[5.76013,50.44544],[5.76033,50.44572],[5.76002,50.44582]],[[5.76002,50.44502],[5.75975,50.44489],[5.7599,50.44463],[5.76052,50.44446],[5.76087,50.44451],[5.76087,50.44472],[5.76047,50.445],[5.76002,50.44502]],[[5.76752,50.44482],[5.76752,50.44464],[5.7676,50.44465],[5.76752,50.44482]],[[5.76502,50.4387],[5.76463,50.43852],[5.76452,50.43837],[5.76448,50.43817],[5.76457,50.43796],[5.76558,50.43761],[5.76594,50.4376],[5.76634,50.43771],[5.76644,50.438],[5.76632,50.43828],[5.76584,50.4386],[5.76502,50.4387]],[[5.74669,50.43484],[5.74626,50.43446],[5.74623,50.43434],[5.74759,50.43437],[5.74753,50.43445],[5.74708,50.43448],[5.74669,50.43484]],[[5.75669,50.43472],[5.7564,50.43464],[5.75698,50.43449],[5.75733,50.43463],[5.75669,50.43472]],[[5.75836,50.43442],[5.75819,50.43436],[5.75833,50.43421],[5.75844,50.43434],[5.75836,50.43442]],[[5.75127,50.43414],[5.75125,50.43409],[5.75188,50.4341],[5.75127,50.43414]],[[5.75794,50.43418],[5.75788,50.43409],[5.75812,50.4341],[5.75794,50.43418]],[[5.77211,50.43414],[5.77198,50.43407],[5.77213,50.43401],[5.77228,50.43408],[5.77211,50.43414]],[[5.75586,50.43395],[5.75582,50.43381],[5.75595,50.43382],[5.75586,50.43395]],[[5.74711,50.4336],[5.74687,50.43352],[5.74713,50.43342],[5.74724,50.43353],[5.74711,50.4336]],[[5.74627,50.4333],[5.74628,50.43319],[5.74661,50.43307],[5.74678,50.4331],[5.7469,50.43324],[5.7467,50.43344],[5.74627,50.4333]],[[5.75627,50.43333],[5.75608,50.43317],[5.7561,50.43295],[5.7571,50.43242],[5.75755,50.43243],[5.7576,50.43274],[5.75627,50.43333]],[[5.74711,50.43314],[5.7468,50.43296],[5.74665,50.4327],[5.74729,50.43259],[5.74771,50.43269],[5.74758,50.43287],[5.74711,50.43314]],[[5.77461,50.43306],[5.77459,50.43296],[5.77503,50.4327],[5.77487,50.43294],[5.77461,50.43306]]]}},{"type":"Feature","properties":{"ele":440},"geometry":{"type":"MultiLineString","coordinates":[[[5.79461,50.46094],[5.79203,50.46086],[5.79128,50.46076],[5.79091,50.4606],[5.79072,50.46039],[5.79058,50.45974],[5.79042,50.4594],[5.78955,50.45884],[5.78982,50.45821],[5.78965,50.45776],[5.78964,50.45734],[5.78883,50.45703],[5.78834,50.45716],[5.78808,50.45683],[5.78716,50.4563],[5.78666,50.4563],[5.78582,50.4566],[5.78499,50.45634],[5.78467,50.45601],[5.78411,50.45606],[5.78293,50.45564],[5.78251,50.45561],[5.78201,50.45495],[5.78185,50.45438],[5.78146,50.45418],[5.78122,50.45418],[5.78088,50.45441],[5.78038,50.45461],[5.7796,50.45475],[5.77877,50.45437],[5.7779,50.45418],[5.7766,50.45372],[5.77609,50.45367],[5.77529,50.45382],[5.7741,50.45356],[5.77359,50.45332],[5.77251,50.45311],[5.77162,50.45271],[5.77143,50.45248],[5.77151,50.45217],[5.77137,50.45189],[5.77173,50.45159],[5.77175,50.45132],[5.77165,50.45101],[5.77127,50.45038],[5.77046,50.45],[5.76999,50.44992],[5.77261,50.44965],[5.77299,50.44937],[5.77286,50.44935],[5.7725,50.44947],[5.77226,50.44914],[5.77197,50.44835],[5.77194,50.44793],[5.77178,50.44744],[5.7718,50.44693],[5.77166,50.44664],[5.77063,50.44633],[5.77028,50.44607],[5.77079,50.44515],[5.77089,50.44465],[5.7707,50.44438],[5.77072,50.44415],[5.77112,50.44382],[5.77085,50.44355],[5.77077,50.44325],[5.77043,50.443],[5.77036,50.44282],[5.77032,50.44248],[5.77049,50.44213],[5.76998,50.44215],[5.76968,50.44203],[5.76912,50.44168],[5.76884,50.44119],[5.76864,50.4411],[5.76792,50.44122],[5.76752,50.44192],[5.7671,50.44174],[5.76699,50.44144],[5.76705,50.44118],[5.76773,50.44077],[5.76738,50.4405],[5.76729,50.44029],[5.7674,50.43964],[5.76757,50.43938],[5.76752,50.43927],[5.76711,50.43948],[5.7669,50.44019],[5.76642,50.44047],[5.76495,50.44071],[5.76383,50.44115],[5.76334,50.44106],[5.7629,50.44078],[5.76237,50.44023],[5.76295,50.43937],[5.76348,50.43912],[5.76377,50.43876],[5.76401,50.43864],[5.76427,50.43863],[5.76488,50.43887],[5.76526,50.43893],[5.76588,50.43886],[5.76656,50.43865],[5.76711,50.43868],[5.76765,50.43825],[5.76831,50.43795],[5.77007,50.43771],[5.77187,50.43725],[5.77417,50.43711],[5.77542,50.43682],[5.7763,50.43643],[5.77696,50.43585],[5.77697,50.43564],[5.77628,50.43491],[5.77561,50.43366],[5.77563,50.43349],[5.77587,50.43326],[5.7755,50.4327],[5.77501,50.4323],[5.77422,50.43221],[5.7736,50.43194],[5.77347,50.43181],[5.77339,50.43157],[5.77299,50.4315],[5.7725,50.43128],[5.77222,50.43135],[5.7717,50.43168],[5.77133,50.43168],[5.77123,50.43164],[5.77101,50.43129],[5.77069,50.43105],[5.77002,50.43094],[5.76959,50.43073],[5.76914,50.43075],[5.76882,50.43123],[5.76838,50.43137],[5.76719,50.43102],[5.76515,50.43084],[5.76428,50.43085],[5.76375,50.43066],[5.76265,50.43083],[5.76124,50.43073],[5.76047,50.43089],[5.76037,50.43075],[5.76057,50.43046],[5.76047,50.43021],[5.75977,50.42956],[5.75912,50.42856],[5.75922,50.42827],[5.76054,50.42773],[5.76132,50.42756],[5.7625,50.42681],[5.76329,50.42655],[5.76379,50.42604],[5.76455,50.42601],[5.76511,50.42613],[5.76625,50.42595],[5.7667,50.42577],[5.76739,50.4253],[5.76776,50.42521],[5.76799,50.4253],[5.76836,50.42575],[5.76876,50.42608],[5.77042,50.42597],[5.77086,50.42576],[5.77097,50.4256],[5.77109,50.42532],[5.77112,50.42491],[5.77128,50.42465],[5.7721,50.42423],[5.7729,50.42421],[5.77316,50.42409]],[[5.78502,50.45895],[5.7848,50.45881],[5.7848,50.45848],[5.78444,50.45796],[5.78442,50.45773],[5.78455,50.45755],[5.785,50.45744],[5.78591,50.45748],[5.78628,50.45715],[5.78667,50.45718],[5.78713,50.45742],[5.78663,50.4577],[5.78626,50.45825],[5.78567,50.45856],[5.78544,50.45881],[5.78502,50.45895]],[[5.78044,50.45774],[5.78031,50.45768],[5.78027,50.45741],[5.77963,50.45733],[5.77952,50.45713],[5.78078,50.45643],[5.78114,50.45636],[5.7814,50.45645],[5.78152,50.45661],[5.78153,50.45706],[5.78171,50.4574],[5.78165,50.45764],[5.78124,50.45777],[5.78044,50.45774]],[[5.78086,50.45528],[5.78033,50.45498],[5.78033,50.45483],[5.78062,50.45473],[5.78104,50.45488],[5.78113,50.45514],[5.78086,50.45528]],[[5.78127,50.45405],[5.78131,50.45345],[5.78146,50.45355],[5.78153,50.45373],[5.78127,50.45405]],[[5.76419,50.45304],[5.76411,50.45297],[5.76431,50.45298],[5.76419,50.45304]],[[5.77044,50.45276],[5.76959,50.45247],[5.76984,50.4522],[5.76979,50.4521],[5.76862,50.45191],[5.768,50.45128],[5.76791,50.45103],[5.76876,50.45048],[5.76927,50.45041],[5.76936,50.45057],[5.76928,50.45126],[5.76939,50.45143],[5.77001,50.45177],[5.77088,50.4518],[5.77123,50.45193],[5.77119,50.45241],[5.77103,50.45264],[5.77089,50.45273],[5.77044,50.45276]],[[5.76419,50.45243],[5.7642,50.45238],[5.7643,50.45242],[5.76419,50.45243]],[[5.76461,50.45238],[5.76435,50.45216],[5.76425,50.45196],[5.76434,50.45182],[5.76456,50.45175],[5.76473,50.45182],[5.76487,50.45206],[5.76481,50.45222],[5.76461,50.45238]],[[5.76544,50.45167],[5.76523,50.45158],[5.76504,50.45131],[5.76455,50.45143],[5.76348,50.45098],[5.76347,50.4506],[5.76357,50.45043],[5.7642,50.45001],[5.76483,50.44993],[5.76415,50.4498],[5.76407,50.44963],[5.76418,50.44936],[5.76463,50.44908],[5.76711,50.44937],[5.76604,50.45019],[5.76586,50.45076],[5.76585,50.45128],[5.76571,50.45156],[5.76544,50.45167]],[[5.76627,50.45132],[5.76672,50.45124],[5.76714,50.45132],[5.76672,50.45147],[5.76627,50.45132]],[[5.76086,50.45107],[5.76078,50.45085],[5.76086,50.45047],[5.76172,50.45047],[5.76128,50.45087],[5.76086,50.45107]],[[5.76627,50.43744],[5.76601,50.43724],[5.76604,50.43711],[5.76712,50.43673],[5.76717,50.43713],[5.76707,50.43739],[5.76671,50.43753],[5.76627,50.43744]],[[5.74836,50.43662],[5.7475,50.43652],[5.7465,50.43604],[5.74712,50.43596],[5.74755,50.43567],[5.74856,50.4352],[5.74896,50.43513],[5.75049,50.43518],[5.75064,50.43544],[5.75094,50.4356],[5.75109,50.43581],[5.75106,50.43603],[5.75086,50.43616],[5.74921,50.4367],[5.7488,50.43677],[5.74836,50.43662]],[[5.77627,50.43621],[5.77614,50.43607],[5.77617,50.43598],[5.77631,50.43594],[5.77652,50.43601],[5.77627,50.43621]],[[5.74877,50.4358],[5.74872,50.43573],[5.74894,50.43552],[5.74932,50.43532],[5.74994,50.43529],[5.75028,50.43547],[5.75022,50.43556],[5.74965,50.43579],[5.74922,50.43585],[5.74877,50.4358]],[[5.75252,50.43354],[5.75242,50.43353],[5.75252,50.43354]],[[5.75377,50.43337],[5.75294,50.43298],[5.75249,50.43245],[5.75364,50.4323],[5.75404,50.43209],[5.75409,50.43185],[5.75401,50.43162],[5.75322,50.43106],[5.75327,50.4309],[5.7537,50.43078],[5.75453,50.43106],[5.75488,50.43103],[5.75526,50.43071],[5.75578,50.43047],[5.756,50.43021],[5.75648,50.42994],[5.75671,50.42992],[5.75715,50.43017],[5.7577,50.43106],[5.75782,50.43151],[5.75775,50.43181],[5.75747,50.43211],[5.75665,50.43237],[5.75581,50.4328],[5.75536,50.43278],[5.75468,50.43255],[5.75443,50.43256],[5.75417,50.43267],[5.754,50.43289],[5.75408,50.43325],[5.75377,50.43337]],[[5.77002,50.43169],[5.76899,50.43131],[5.77005,50.43111],[5.7706,50.43132],[5.77064,50.4315],[5.77058,50.43161],[5.77002,50.43169]],[[5.77648,50.42409],[5.77544,50.42457],[5.77489,50.42469],[5.7746,50.42467],[5.77447,50.42409]]]}},{"type":"Feature","properties":{"ele":460},"geometry":{"type":"MultiLineString","coordinates":[[[5.79461,50.45844],[5.79369,50.45826],[5.79334,50.45799],[5.79296,50.45787],[5.7916,50.45778],[5.7913,50.45741],[5.79084,50.45718],[5.7908,50.45685],[5.79065,50.45658],[5.78965,50.45562],[5.78943,50.4556],[5.78849,50.45582],[5.78797,50.45573],[5.7878,50.45549],[5.78781,50.45523],[5.78796,50.45497],[5.78832,50.45461],[5.78839,50.45437],[5.78817,50.45408],[5.78789,50.45387],[5.78743,50.45377],[5.78625,50.45397],[5.78536,50.45393],[5.78211,50.45276],[5.78151,50.45263],[5.78083,50.45267],[5.78045,50.45279],[5.78021,50.45298],[5.78018,50.45332],[5.77999,50.45341],[5.7796,50.45298],[5.77978,50.45276],[5.77974,50.45265],[5.7788,50.45242],[5.77836,50.45187],[5.77783,50.45162],[5.77754,50.45131],[5.77675,50.45104],[5.77645,50.45079],[5.77765,50.45071],[5.77817,50.45076],[5.77864,50.45092],[5.77887,50.4509],[5.77928,50.45054],[5.77929,50.45005],[5.77944,50.4496],[5.779,50.4491],[5.77863,50.44848],[5.7786,50.44821],[5.77869,50.44772],[5.77847,50.44686],[5.77786,50.44668],[5.7764,50.44669],[5.77563,50.44657],[5.77575,50.4463],[5.77688,50.44604],[5.77757,50.44548],[5.77753,50.4452],[5.77674,50.44439],[5.77635,50.44358],[5.77458,50.44342],[5.77411,50.44326],[5.77456,50.4429],[5.77504,50.44271],[5.77498,50.44206],[5.77513,50.4414],[5.77524,50.44125],[5.77557,50.4411],[5.77642,50.44105],[5.77695,50.44075],[5.77733,50.44021],[5.77883,50.43885],[5.77903,50.43852],[5.77924,50.43842],[5.78004,50.43827],[5.78057,50.43751],[5.78064,50.43724],[5.78053,50.43701],[5.77988,50.43687],[5.78052,50.43681],[5.78099,50.43662],[5.78133,50.43574],[5.78078,50.43563],[5.78016,50.43562],[5.77978,50.43574],[5.77969,50.43604],[5.77959,50.4361],[5.77906,50.43615],[5.77852,50.43605],[5.77925,50.43577],[5.77925,50.43522],[5.77947,50.43465],[5.78001,50.43427],[5.78039,50.43383],[5.78036,50.43356],[5.78001,50.43326],[5.78045,50.433],[5.78054,50.43282],[5.78056,50.43262],[5.78042,50.43235],[5.7801,50.43215],[5.77967,50.43214],[5.77907,50.43242],[5.77849,50.43253],[5.77586,50.43243],[5.77508,50.43172],[5.77375,50.43135],[5.77283,50.43083],[5.77278,50.43064],[5.77296,50.43018],[5.77256,50.42959],[5.7721,50.42932],[5.77005,50.42985],[5.76958,50.43017],[5.76922,50.43023],[5.76844,50.42985],[5.76792,50.42975],[5.76646,50.42977],[5.7658,50.42999],[5.76501,50.42994],[5.76441,50.4297],[5.76418,50.42935],[5.76255,50.42977],[5.76132,50.42995],[5.76118,50.42992],[5.76085,50.42965],[5.76111,50.42904],[5.76162,50.42874],[5.76233,50.42854],[5.76255,50.4281],[5.76286,50.42809],[5.76332,50.42828],[5.7635,50.42828],[5.76374,50.42823],[5.7639,50.42796],[5.76419,50.4277],[5.76463,50.42768],[5.76511,50.42777],[5.76554,50.42773],[5.76598,50.42744],[5.76708,50.42695],[5.76792,50.42629],[5.7688,50.42684],[5.76961,50.42715],[5.77042,50.42698],[5.77114,50.42694],[5.77128,50.4269],[5.77137,50.42661],[5.77127,50.42604],[5.77168,50.42573],[5.77245,50.42568],[5.77297,50.42554],[5.77339,50.42555],[5.77378,50.42536],[5.77406,50.42533],[5.77422,50.42538],[5.77494,50.4259],[5.77531,50.42593],[5.7758,50.42575],[5.77629,50.42541],[5.77752,50.4252],[5.7784,50.42449],[5.77948,50.42421],[5.7803,50.42409]],[[5.79461,50.45796],[5.7937,50.45771],[5.79394,50.45751],[5.79401,50.4573],[5.79377,50.45604],[5.7938,50.45576],[5.79364,50.45529],[5.79376,50.45364],[5.79406,50.45355],[5.79461,50.45366]],[[5.78044,50.4541],[5.78031,50.45403],[5.78021,50.45363],[5.78024,50.45352],[5.7804,50.45345],[5.78047,50.45363],[5.78044,50.4541]],[[5.77586,50.45081],[5.77576,50.45076],[5.77609,50.45076],[5.77586,50.45081]],[[5.77502,50.44584],[5.77476,50.44573],[5.77496,50.4456],[5.77521,50.44555],[5.77551,50.44561],[5.77572,50.44574],[5.77551,50.44582],[5.77502,50.44584]],[[5.77461,50.44569],[5.77419,50.44492],[5.77507,50.44476],[5.77542,50.44457],[5.77557,50.44461],[5.77565,50.4448],[5.77559,50.44498],[5.77544,50.44506],[5.77506,50.44504],[5.77487,50.44512],[5.77479,50.44523],[5.77482,50.44549],[5.77461,50.44569]],[[5.77586,50.44575],[5.77559,50.4455],[5.77566,50.44537],[5.77583,50.4453],[5.77597,50.44534],[5.77606,50.44547],[5.77586,50.44575]],[[5.77419,50.44439],[5.77469,50.44432],[5.77513,50.44437],[5.77484,50.44444],[5.77419,50.44439]],[[5.77461,50.44383],[5.77447,50.44381],[5.77466,50.44381],[5.77461,50.44383]],[[5.77294,50.44085],[5.77206,50.44055],[5.77184,50.44032],[5.77186,50.4398],[5.77169,50.43937],[5.77176,50.43911],[5.77174,50.43869],[5.77201,50.43828],[5.77193,50.43802],[5.77198,50.43794],[5.77257,50.43771],[5.77333,50.43771],[5.77417,50.43802],[5.77464,50.4385],[5.77457,50.43883],[5.77468,50.43934],[5.77458,50.43973],[5.7748,50.44032],[5.77462,50.44079],[5.77432,50.44092],[5.77401,50.44096],[5.77294,50.44085]],[[5.77086,50.44],[5.77078,50.43984],[5.77085,50.43961],[5.77101,50.43989],[5.77086,50.44]],[[5.77586,50.43141],[5.77585,50.43126],[5.7762,50.43115],[5.77695,50.43131],[5.7764,50.43152],[5.77586,50.43141]],[[5.79178,50.42409],[5.79187,50.42438],[5.79159,50.42486],[5.79145,50.42496],[5.79109,50.425],[5.79043,50.42493],[5.78988,50.42469],[5.78959,50.42437],[5.78906,50.42409]],[[5.78148,50.42409],[5.78127,50.42442],[5.78112,50.42435],[5.78092,50.42409]]]}},{"type":"Feature","properties":{"ele":470},"geometry":{"type":"MultiLineString","coordinates":[[[5.79461,50.45312],[5.79426,50.45329],[5.79375,50.45335],[5.79335,50.45353],[5.79346,50.45435],[5.79334,50.4552],[5.79336,50.45576],[5.79297,50.45581],[5.79253,50.45548],[5.79207,50.45546],[5.79165,50.45568],[5.79127,50.45526],[5.79083,50.45521],[5.79089,50.4551],[5.79135,50.45519],[5.79182,50.45515],[5.79225,50.45494],[5.79202,50.45481],[5.79118,50.45464],[5.7911,50.45439],[5.79131,50.45405],[5.79128,50.45381],[5.79118,50.45379],[5.79044,50.45381],[5.7903,50.45407],[5.79052,50.45437],[5.79044,50.45464],[5.78961,50.45493],[5.78896,50.45531],[5.78871,50.45533],[5.78851,50.45523],[5.78845,50.45501],[5.78869,50.45453],[5.7884,50.4538],[5.78841,50.45359],[5.78865,50.45338],[5.7892,50.45326],[5.78965,50.45298],[5.78983,50.45272],[5.78961,50.45249],[5.78917,50.4525],[5.78852,50.45267],[5.78852,50.45278],[5.78884,50.45298],[5.78875,50.4531],[5.78798,50.45315],[5.7864,50.45371],[5.78578,50.45376],[5.78381,50.45324],[5.78223,50.45245],[5.78198,50.45213],[5.78075,50.45189],[5.78076,50.45133],[5.78066,50.45106],[5.78042,50.45078],[5.77996,50.45056],[5.77983,50.45032],[5.77984,50.45015],[5.7801,50.44968],[5.78003,50.44942],[5.77918,50.44883],[5.77904,50.44831],[5.77919,50.44797],[5.78045,50.44798],[5.78098,50.44777],[5.7811,50.44748],[5.78098,50.44683],[5.78044,50.44631],[5.77973,50.44634],[5.77886,50.44652],[5.77862,50.44645],[5.77839,50.44625],[5.77818,50.44585],[5.77816,50.4456],[5.77837,50.44525],[5.77887,50.4452],[5.77877,50.4451],[5.77869,50.44471],[5.77885,50.44434],[5.77883,50.444],[5.77874,50.44385],[5.77854,50.44377],[5.77766,50.44367],[5.7774,50.44355],[5.77824,50.44323],[5.77829,50.44303],[5.77818,50.44269],[5.77838,50.44243],[5.77835,50.44216],[5.77803,50.44205],[5.77785,50.44207],[5.77749,50.44242],[5.77715,50.44299],[5.77672,50.44317],[5.77583,50.44282],[5.77579,50.44264],[5.77594,50.44242],[5.77576,50.44214],[5.77598,50.44189],[5.77592,50.44147],[5.77606,50.44131],[5.77765,50.4411],[5.77875,50.44114],[5.77916,50.44102],[5.77933,50.44046],[5.77975,50.43968],[5.77932,50.43936],[5.77959,50.43926],[5.77981,50.43902],[5.78011,50.43887],[5.78099,50.43882],[5.78128,50.43868],[5.78161,50.43875],[5.7818,50.43871],[5.78208,50.43847],[5.78224,50.43803],[5.7822,50.43771],[5.78292,50.43752],[5.78309,50.43739],[5.78353,50.43626],[5.78358,50.43592],[5.78347,50.4355],[5.78291,50.43522],[5.7828,50.43494],[5.78251,50.43487],[5.78203,50.43519],[5.78166,50.4353],[5.78038,50.4352],[5.78206,50.43463],[5.78225,50.43444],[5.78223,50.43429],[5.78179,50.43405],[5.78163,50.43386],[5.78187,50.43317],[5.78173,50.43271],[5.78112,50.43216],[5.78068,50.43201],[5.77958,50.43199],[5.77874,50.4323],[5.77828,50.43238],[5.77593,50.43214],[5.77579,50.43194],[5.77581,50.43184],[5.77677,50.43179],[5.77784,50.43159],[5.77809,50.43142],[5.77813,50.43128],[5.7776,50.43103],[5.77656,50.4309],[5.77576,50.43097],[5.77538,50.43141],[5.77406,50.43122],[5.77312,50.43076],[5.77314,50.43008],[5.77205,50.42862],[5.77095,50.42891],[5.77044,50.42872],[5.77003,50.42876],[5.77002,50.42891],[5.7705,50.42919],[5.77064,50.42939],[5.76919,50.42967],[5.76763,50.42937],[5.76689,50.42913],[5.76677,50.42903],[5.76679,50.42881],[5.76583,50.42854],[5.76632,50.42828],[5.76654,50.42796],[5.76791,50.42738],[5.76864,50.42721],[5.76922,50.42733],[5.77044,50.42804],[5.77089,50.42782],[5.77163,50.42782],[5.7717,50.42777],[5.77171,50.42746],[5.77158,50.42703],[5.77169,50.42628],[5.77199,50.42603],[5.77318,50.42595],[5.7742,50.42572],[5.77468,50.42597],[5.77505,50.4263],[5.77538,50.42646],[5.77562,50.42647],[5.7762,50.42626],[5.77674,50.42581],[5.77778,50.42579],[5.77833,50.42544],[5.77879,50.42527],[5.77929,50.42519],[5.78081,50.4252],[5.78166,50.42496],[5.7821,50.42409]],[[5.78836,50.45553],[5.78828,50.45547],[5.78835,50.4553],[5.78858,50.45542],[5.78856,50.45549],[5.78836,50.45553]],[[5.79169,50.45348],[5.79148,50.45324],[5.79149,50.453],[5.7921,50.45215],[5.79291,50.45207],[5.79317,50.45214],[5.79305,50.45239],[5.79213,50.45329],[5.79169,50.45348]],[[5.78794,50.45162],[5.78784,50.45159],[5.788,50.45159],[5.78794,50.45162]],[[5.77377,50.44057],[5.77338,50.44046],[5.77295,50.4402],[5.77279,50.43964],[5.77299,50.43945],[5.7735,50.43937],[5.77376,50.43925],[5.77384,50.43908],[5.77366,50.43879],[5.77363,50.43856],[5.77419,50.43848],[5.77425,50.43866],[5.77423,50.43987],[5.77435,50.44022],[5.77417,50.44047],[5.77377,50.44057]],[[5.77252,50.44023],[5.77253,50.44017],[5.77283,50.4402],[5.77252,50.44023]],[[5.77877,50.44025],[5.77851,50.44001],[5.7785,50.43984],[5.77883,50.4395],[5.77911,50.43942],[5.77928,50.43947],[5.7794,50.43967],[5.77877,50.44025]],[[5.76169,50.42941],[5.76165,50.42932],[5.76176,50.42915],[5.76206,50.42903],[5.76255,50.42899],[5.76324,50.42909],[5.76257,50.42938],[5.76169,50.42941]],[[5.79255,50.42409],[5.79212,50.42493],[5.79114,50.42515],[5.79002,50.42493],[5.78949,50.42467],[5.78927,50.42435],[5.7891,50.42429],[5.7887,50.42425],[5.7875,50.42437],[5.78625,50.42409]]]}},{"type":"Feature","properties":{"ele":480},"geometry":{"type":"MultiLineString","coordinates":[[[5.79461,50.45283],[5.79422,50.45307],[5.79333,50.4532],[5.79306,50.45355],[5.79297,50.45416],[5.79252,50.45409],[5.79263,50.45384],[5.79248,50.45354],[5.79258,50.45328],[5.79294,50.45297],[5.79311,50.4527],[5.79353,50.45239],[5.79381,50.45187],[5.79418,50.45163],[5.79461,50.45147]],[[5.79461,50.45098],[5.79349,50.45111],[5.79291,50.45102],[5.79239,50.45128],[5.79172,50.45118],[5.79057,50.45085],[5.79004,50.451],[5.79013,50.45126],[5.79039,50.45142],[5.79078,50.4515],[5.79146,50.45147],[5.79182,50.4516],[5.79146,50.45186],[5.79139,50.45242],[5.7911,50.45271],[5.79091,50.45312],[5.79063,50.4533],[5.79045,50.45354],[5.78999,50.45354],[5.79,50.45326],[5.7903,50.45303],[5.79038,50.45286],[5.79027,50.45248],[5.79006,50.45228],[5.78943,50.45223],[5.78864,50.45227],[5.78827,50.4524],[5.78788,50.45283],[5.78739,50.45289],[5.78673,50.45268],[5.78618,50.45223],[5.78448,50.45156],[5.78392,50.45109],[5.78381,50.45065],[5.78334,50.45049],[5.78297,50.45019],[5.78247,50.45046],[5.78202,50.45048],[5.78188,50.45029],[5.78177,50.44992],[5.78085,50.4494],[5.78121,50.44904],[5.78124,50.4485],[5.78177,50.44773],[5.78184,50.4469],[5.78134,50.44599],[5.78088,50.4459],[5.78011,50.44593],[5.77987,50.44581],[5.77994,50.44543],[5.77988,50.44523],[5.77929,50.44491],[5.77918,50.44474],[5.77917,50.44463],[5.77963,50.44437],[5.77934,50.44382],[5.77906,50.44354],[5.78008,50.44326],[5.78013,50.44299],[5.77994,50.44267],[5.78008,50.44243],[5.7801,50.4421],[5.78033,50.4416],[5.78145,50.44105],[5.78084,50.44077],[5.78073,50.4406],[5.78071,50.44043],[5.7809,50.44019],[5.78093,50.43994],[5.78039,50.43938],[5.78048,50.43915],[5.78125,50.43904],[5.78244,50.4394],[5.78304,50.43938],[5.78358,50.43904],[5.78426,50.43831],[5.78427,50.43819],[5.78412,50.43798],[5.78462,50.43785],[5.78483,50.43755],[5.78527,50.43657],[5.78531,50.43606],[5.7855,50.43546],[5.78541,50.43497],[5.785,50.43465],[5.78532,50.43441],[5.7854,50.43425],[5.78504,50.43298],[5.78417,50.43216],[5.78389,50.432],[5.78344,50.4319],[5.78276,50.43202],[5.78246,50.43199],[5.78213,50.43186],[5.78157,50.43134],[5.78128,50.43122],[5.78085,50.43128],[5.78073,50.4316],[5.78041,50.43178],[5.77951,50.43181],[5.77845,50.43219],[5.77763,50.43213],[5.77748,50.43187],[5.77807,50.43176],[5.77838,50.43162],[5.77844,50.4315],[5.77846,50.43128],[5.77807,50.43101],[5.77676,50.43074],[5.77594,50.43072],[5.77415,50.43049],[5.77335,50.43003],[5.77265,50.42901],[5.77259,50.42849],[5.77204,50.42775],[5.77188,50.42717],[5.77202,50.42665],[5.77217,50.42647],[5.77262,50.42633],[5.77411,50.42612],[5.77464,50.42623],[5.77546,50.42704],[5.77578,50.4271],[5.77614,50.42706],[5.77668,50.42686],[5.77707,50.42649],[5.77729,50.42639],[5.77792,50.42628],[5.77837,50.42604],[5.7787,50.42596],[5.77969,50.42586],[5.78052,50.42562],[5.78132,50.42553],[5.78208,50.42519],[5.78252,50.42462],[5.78337,50.42466],[5.7838,50.42438],[5.78448,50.42424],[5.78472,50.42428],[5.78544,50.42477],[5.78734,50.42471],[5.78788,50.42462],[5.78878,50.42464],[5.78927,50.42475],[5.79016,50.42511],[5.7912,50.42531],[5.79255,50.42523],[5.79294,50.42464],[5.79421,50.42409]],[[5.78794,50.45199],[5.78749,50.4518],[5.78731,50.45167],[5.78729,50.45156],[5.78761,50.45142],[5.78802,50.4514],[5.78845,50.45149],[5.78865,50.45165],[5.78865,50.45181],[5.78853,50.45192],[5.78794,50.45199]],[[5.79294,50.45144],[5.79274,50.45132],[5.79294,50.45128],[5.79294,50.45144]],[[5.78877,50.4506],[5.78791,50.45023],[5.78782,50.45005],[5.78783,50.44989],[5.78826,50.44953],[5.78834,50.44908],[5.78918,50.44881],[5.78965,50.44881],[5.79002,50.44909],[5.79065,50.44939],[5.79091,50.44963],[5.7903,50.44984],[5.78997,50.45042],[5.78971,50.45062],[5.78943,50.45068],[5.78877,50.4506]],[[5.78211,50.44893],[5.78181,50.44882],[5.78213,50.44879],[5.78211,50.44893]],[[5.77711,50.44163],[5.77744,50.44131],[5.77777,50.44136],[5.77757,50.44168],[5.77711,50.44163]]]}},{"type":"Feature","properties":{"ele":490},"geometry":{"type":"MultiLineString","coordinates":[[[5.79461,50.45232],[5.79425,50.45227],[5.79415,50.45215],[5.79426,50.45196],[5.79461,50.45184]],[[5.79461,50.45067],[5.79375,50.45087],[5.79166,50.45078],[5.79074,50.45052],[5.79054,50.45026],[5.79059,50.45012],[5.79083,50.44991],[5.79176,50.44994],[5.79301,50.44975],[5.79328,50.44965],[5.79379,50.44927],[5.79421,50.4494],[5.79461,50.44993]],[[5.79461,50.4488],[5.79298,50.44851],[5.79165,50.44799],[5.79087,50.44785],[5.78962,50.44847],[5.78872,50.4487],[5.78816,50.449],[5.78802,50.44915],[5.78794,50.44948],[5.78729,50.44994],[5.78727,50.45026],[5.78682,50.4504],[5.78651,50.45033],[5.7858,50.44994],[5.78586,50.44984],[5.7864,50.44965],[5.78588,50.44907],[5.78545,50.44902],[5.78507,50.44921],[5.78493,50.44917],[5.78481,50.44894],[5.78483,50.44848],[5.78472,50.44825],[5.7842,50.44809],[5.78402,50.44822],[5.78387,50.44855],[5.78335,50.44854],[5.78372,50.44807],[5.78356,50.44774],[5.78332,50.44764],[5.7829,50.44782],[5.78252,50.4477],[5.78286,50.44737],[5.78264,50.44626],[5.78295,50.44549],[5.78287,50.4452],[5.78308,50.44496],[5.78316,50.44463],[5.78349,50.44407],[5.78318,50.44394],[5.78201,50.44387],[5.78084,50.44354],[5.78111,50.44324],[5.78114,50.44262],[5.78137,50.44218],[5.78165,50.44185],[5.78228,50.4415],[5.78266,50.4411],[5.78269,50.44088],[5.78231,50.44017],[5.78105,50.43938],[5.78163,50.43935],[5.78219,50.43955],[5.78292,50.43967],[5.78417,50.43975],[5.78462,50.43974],[5.78498,50.43961],[5.78552,50.43863],[5.78591,50.43828],[5.78577,50.43798],[5.78584,50.4377],[5.78653,50.43688],[5.78665,50.43632],[5.78692,50.43602],[5.78703,50.43574],[5.78701,50.43548],[5.78627,50.435],[5.78623,50.43485],[5.78643,50.43462],[5.78721,50.43437],[5.78727,50.43407],[5.78761,50.43357],[5.78757,50.43326],[5.78667,50.43202],[5.78627,50.43169],[5.78555,50.43131],[5.78407,50.43107],[5.78368,50.43094],[5.78249,50.43084],[5.78206,50.4305],[5.78089,50.43009],[5.78046,50.42981],[5.78042,50.42995],[5.78074,50.43019],[5.78089,50.43048],[5.78034,50.43075],[5.78058,50.43097],[5.7806,50.43116],[5.78045,50.4316],[5.7801,50.43163],[5.77924,50.43158],[5.77864,50.43107],[5.77836,50.43094],[5.77724,50.4306],[5.77632,50.43047],[5.77541,50.43003],[5.7746,50.42996],[5.77381,50.42948],[5.77294,50.42909],[5.77288,50.42875],[5.77319,50.42827],[5.77249,50.42801],[5.77222,50.42727],[5.77234,50.4271],[5.77307,50.42694],[5.77377,50.42659],[5.77461,50.42657],[5.77518,50.42714],[5.77547,50.42824],[5.77585,50.42855],[5.77635,50.4286],[5.77705,50.42849],[5.77745,50.42829],[5.77781,50.42739],[5.77875,50.42685],[5.77922,50.42678],[5.77967,50.42634],[5.78082,50.42596],[5.78168,50.42589],[5.78257,50.42532],[5.78341,50.42524],[5.78458,50.4249],[5.78477,50.42495],[5.78502,50.42522],[5.78625,50.42513],[5.78781,50.42533],[5.7887,50.42506],[5.78906,50.42504],[5.79015,50.42536],[5.79098,50.42548],[5.79086,50.42576],[5.79161,50.42551],[5.79286,50.42574],[5.79386,50.42527],[5.79461,50.42522]],[[5.78836,50.44771],[5.78715,50.44741],[5.78668,50.44717],[5.78653,50.44657],[5.78668,50.44621],[5.78701,50.44599],[5.78734,50.44597],[5.78793,50.44604],[5.78852,50.44631],[5.78873,50.44714],[5.78897,50.44735],[5.78901,50.44748],[5.78881,50.44772],[5.78836,50.44771]]]}},{"type":"Feature","properties":{"ele":510},"geometry":{"type":"MultiLineString","coordinates":[[[5.79461,50.44573],[5.79429,50.44546],[5.79401,50.44534],[5.79359,50.44524],[5.79335,50.44527],[5.79299,50.44551],[5.79202,50.44574],[5.79159,50.44604],[5.79015,50.44659],[5.79006,50.44668],[5.79002,50.44725],[5.78992,50.44691],[5.7896,50.44673],[5.78961,50.44631],[5.78874,50.44582],[5.78751,50.44548],[5.7873,50.4452],[5.78664,50.44494],[5.78616,50.4444],[5.78548,50.44406],[5.78543,50.44353],[5.7856,50.4433],[5.78563,50.44314],[5.78517,50.44224],[5.78523,50.44209],[5.78567,50.44187],[5.7853,50.44161],[5.78529,50.44144],[5.78537,50.44129],[5.78703,50.44127],[5.78758,50.44092],[5.78829,50.44074],[5.78853,50.44049],[5.78877,50.44019],[5.78928,50.43911],[5.78961,50.43882],[5.78942,50.43859],[5.78944,50.43848],[5.78993,50.43816],[5.7904,50.4377],[5.79097,50.43743],[5.79083,50.43717],[5.7903,50.43683],[5.79042,50.4365],[5.79086,50.43604],[5.79072,50.43575],[5.79088,50.43551],[5.79124,50.43541],[5.7915,50.43519],[5.79173,50.43512],[5.79216,50.43515],[5.79271,50.4354],[5.79359,50.4354],[5.79391,50.43526],[5.79391,50.43512],[5.79378,50.43496],[5.79327,50.43472],[5.79321,50.43435],[5.79296,50.43424],[5.79248,50.4342],[5.79214,50.43373],[5.79205,50.433],[5.7923,50.43271],[5.79185,50.43246],[5.79169,50.43215],[5.7921,50.43195],[5.79215,50.43182],[5.79208,50.43175],[5.79169,50.43175],[5.79164,50.43147],[5.79169,50.43128],[5.79224,50.43135],[5.79254,50.43133],[5.79254,50.43125],[5.79204,50.43117],[5.79192,50.43104],[5.79184,50.43076],[5.7911,50.43052],[5.79086,50.4302],[5.79045,50.42991],[5.79028,50.43025],[5.78992,50.43045],[5.78823,50.4304],[5.78785,50.43026],[5.78786,50.42998],[5.78778,50.42988],[5.78669,50.42937],[5.78573,50.42919],[5.78453,50.42923],[5.78379,50.42905],[5.78347,50.42921],[5.78323,50.42923],[5.78255,50.42896],[5.78205,50.42854],[5.78318,50.42832],[5.78393,50.42832],[5.78515,50.42798],[5.78641,50.42749],[5.78698,50.42754],[5.78755,50.42774],[5.7876,50.42744],[5.78749,50.42686],[5.78787,50.42656],[5.78835,50.42637],[5.78886,50.42605],[5.78941,50.42605],[5.79018,50.4263],[5.79043,50.42661],[5.79094,50.42683],[5.79344,50.4267],[5.79386,50.42678],[5.79461,50.42714]],[[5.78961,50.44368],[5.78952,50.44353],[5.7898,50.44354],[5.78961,50.44368]],[[5.78669,50.44334],[5.78658,50.44323],[5.78674,50.44307],[5.78727,50.44325],[5.7871,50.44334],[5.78669,50.44334]],[[5.78627,50.44274],[5.78604,50.44266],[5.78615,50.44242],[5.78685,50.44245],[5.78671,50.44272],[5.78627,50.44274]],[[5.78877,50.43948],[5.78863,50.43934],[5.78871,50.43907],[5.78885,50.43903],[5.78906,50.4391],[5.78912,50.43934],[5.78877,50.43948]],[[5.79294,50.43095],[5.79279,50.43077],[5.79293,50.43064],[5.79308,50.43075],[5.79294,50.43095]]]}},{"type":"Feature","properties":{"ele":520},"geometry":{"type":"MultiLineString","coordinates":[[[5.79461,50.44436],[5.79359,50.44453],[5.79293,50.44492],[5.79278,50.44521],[5.79215,50.4455],[5.79152,50.44549],[5.7898,50.44492],[5.78921,50.44442],[5.7887,50.4442],[5.78833,50.44389],[5.78788,50.44371],[5.78779,50.44348],[5.78797,50.44306],[5.78879,50.44272],[5.78898,50.44252],[5.78897,50.44239],[5.78854,50.44229],[5.78709,50.44214],[5.78771,50.44131],[5.78814,50.44106],[5.78849,50.44096],[5.78958,50.44081],[5.79026,50.44081],[5.79057,50.44089],[5.79104,50.44117],[5.79172,50.44114],[5.79211,50.44132],[5.79192,50.44103],[5.7922,50.4407],[5.79224,50.44051],[5.79218,50.44039],[5.79192,50.44043],[5.79187,50.44077],[5.79162,50.44084],[5.79086,50.44053],[5.79062,50.43993],[5.79089,50.43979],[5.7916,50.43963],[5.79142,50.43925],[5.79161,50.43894],[5.79175,50.43894],[5.79211,50.43929],[5.79239,50.43879],[5.79295,50.43855],[5.79312,50.43796],[5.79329,50.4377],[5.79388,50.43742],[5.79361,50.43721],[5.79363,50.43708],[5.79411,50.43693],[5.79461,50.43697]],[[5.79086,50.44412],[5.78933,50.44393],[5.78907,50.4438],[5.78896,50.44353],[5.78919,50.44336],[5.78953,50.4433],[5.79092,50.44351],[5.79113,50.44369],[5.79117,50.44383],[5.79086,50.44412]],[[5.79044,50.44189],[5.79018,50.44183],[5.79045,50.44157],[5.79051,50.44166],[5.79044,50.44189]],[[5.79377,50.43633],[5.79383,50.43622],[5.79419,50.43604],[5.79421,50.43642],[5.79377,50.43633]],[[5.79461,50.4348],[5.79405,50.43437],[5.79416,50.43419],[5.79461,50.4339]],[[5.79461,50.43349],[5.79414,50.43326],[5.79461,50.43314]],[[5.79461,50.43295],[5.79254,50.43249],[5.7924,50.43241],[5.79234,50.4322],[5.79252,50.43183],[5.79279,50.43155],[5.79378,50.43104],[5.79419,50.43068],[5.79461,50.43063]],[[5.79461,50.43036],[5.79427,50.43019],[5.79354,50.43008],[5.79301,50.42989],[5.79204,50.42983],[5.79096,50.42909],[5.78984,50.42891],[5.78925,50.4287],[5.78873,50.4283],[5.78859,50.42773],[5.7883,50.4274],[5.78845,50.42723],[5.78917,50.42711],[5.78958,50.42716],[5.79043,50.42747],[5.79099,50.42757],[5.79202,50.42755],[5.79259,50.42736],[5.79371,50.42771],[5.79407,50.42799],[5.79461,50.42806]],[[5.78794,50.42941],[5.78783,50.42937],[5.788,50.42936],[5.78794,50.42941]],[[5.79211,50.42812],[5.79197,50.42795],[5.7922,50.42782],[5.79319,50.42798],[5.7926,50.42818],[5.79211,50.42812]]]}},{"type":"Feature","properties":{"ele":530},"geometry":{"type":"MultiLineString","coordinates":[[[5.79461,50.44389],[5.79396,50.44415],[5.79298,50.44429],[5.79274,50.4441],[5.793,50.44396],[5.79306,50.44379],[5.79231,50.44357],[5.79212,50.44326],[5.79141,50.44316],[5.79043,50.44326],[5.7898,50.44305],[5.78972,50.44295],[5.78995,50.44269],[5.78999,50.44233],[5.79015,50.44221],[5.79114,50.44192],[5.7918,50.4419],[5.79333,50.44163],[5.79361,50.44144],[5.79374,50.44119],[5.79354,50.44054],[5.79387,50.44022],[5.79399,50.43998],[5.79364,50.43949],[5.79362,50.43933],[5.7938,50.43911],[5.79408,50.43896],[5.79461,50.43888]],[[5.79002,50.44121],[5.78988,50.44104],[5.79045,50.44104],[5.79002,50.44121]],[[5.79461,50.4327],[5.79385,50.43248],[5.79324,50.43242],[5.79293,50.43225],[5.79285,50.43209],[5.79297,50.43181],[5.79337,50.4316],[5.7942,50.43139],[5.79461,50.43103]],[[5.79461,50.43007],[5.79216,50.42928],[5.79178,50.42895],[5.79147,50.42881],[5.79177,50.42865],[5.79224,50.42855],[5.79385,50.42874],[5.79461,50.42859]],[[5.79044,50.42882],[5.78957,50.42855],[5.78957,50.42825],[5.79005,50.42818],[5.79084,50.42833],[5.79129,50.42825],[5.79145,50.42845],[5.79143,50.4286],[5.79118,50.42879],[5.79044,50.42882]]]}},{"type":"Feature","properties":{"ele":540},"geometry":{"type":"MultiLineString","coordinates":[[[5.79461,50.44341],[5.79323,50.44303],[5.79285,50.44276],[5.79263,50.44242],[5.79234,50.44217],[5.79339,50.44181],[5.79409,50.44133],[5.79412,50.44119],[5.79389,50.44067],[5.79438,50.44001],[5.79444,50.4398],[5.79439,50.43965],[5.79409,50.43936],[5.79421,50.43927],[5.79461,50.43918]],[[5.79461,50.44165],[5.79433,50.44134],[5.79461,50.44113]],[[5.79461,50.42972],[5.79405,50.42964],[5.7942,50.42955],[5.79461,50.42958]]]}}]}