{"type":"FeatureCollection","features":[{"type":"Feature","properties":{"ele":200},"geometry":{"type":"MultiLineString","coordinates":[[[5.73978,50.45381],[5.73987,50.45354],[5.73983,50.4533],[5.73959,50.45273],[5.73939,50.45247],[5.73774,50.45134],[5.73739,50.45093],[5.73597,50.44968],[5.73633,50.44934],[5.73615,50.44862],[5.73646,50.44789],[5.73646,50.44727],[5.73618,50.44628],[5.73589,50.44564],[5.7354,50.4449],[5.73418,50.44383],[5.73429,50.44345],[5.73431,50.44289],[5.73458,50.4423],[5.73458,50.4421],[5.73374,50.44095],[5.73289,50.4391],[5.73223,50.43852],[5.73242,50.43828],[5.73244,50.438],[5.73278,50.4377],[5.73329,50.4369],[5.73347,50.43644],[5.73352,50.43612],[5.73342,50.43522],[5.7328,50.43437],[5.73159,50.43299],[5.73101,50.43196],[5.73054,50.43088],[5.73048,50.42995],[5.72944,50.42891],[5.72942,50.42846],[5.72987,50.42826],[5.72984,50.42769],[5.73056,50.42729],[5.73117,50.42663],[5.73198,50.42612],[5.73226,50.42568],[5.7333,50.42531],[5.73634,50.42381],[5.73781,50.42327],[5.73907,50.4229],[5.7402,50.42269],[5.74369,50.42288],[5.74594,50.42244],[5.74608,50.4223],[5.74607,50.42187],[5.74629,50.42157],[5.74641,50.42098],[5.7469,50.42058],[5.74734,50.42044],[5.74746,50.42091],[5.74779,50.42154],[5.74828,50.42168],[5.75103,50.42115],[5.7532,50.42062],[5.75402,50.4202],[5.75441,50.41989],[5.75502,50.41968],[5.75562,50.41933],[5.75616,50.41885],[5.7572,50.41844],[5.75826,50.41786],[5.76029,50.41632],[5.76088,50.41606],[5.76171,50.4159],[5.76348,50.41578],[5.76666,50.41575],[5.76775,50.41608],[5.76986,50.41626],[5.77069,50.41656],[5.77296,50.41706],[5.77442,50.41712],[5.77557,50.41704],[5.77601,50.41684],[5.77616,50.41657],[5.77583,50.41613],[5.77534,50.41571],[5.7744,50.41522],[5.77444,50.41508],[5.77471,50.41489],[5.77465,50.41465],[5.77367,50.41444],[5.77302,50.41419],[5.77204,50.41407],[5.77074,50.41368],[5.77048,50.41351],[5.77029,50.41298],[5.7695,50.41283],[5.76928,50.4127],[5.76873,50.41186],[5.76801,50.41131],[5.76774,50.41079],[5.76791,50.41049],[5.76897,50.40978],[5.76917,50.40981],[5.76933,50.40995],[5.76933,50.41049],[5.76948,50.41075],[5.76981,50.41104],[5.77029,50.41131],[5.77064,50.41167],[5.77187,50.41207],[5.77324,50.41213],[5.77445,50.4127],[5.77458,50.41295],[5.77478,50.41309],[5.77566,50.41331],[5.77593,50.41325],[5.77615,50.41307],[5.77623,50.41241],[5.77656,50.41187],[5.77685,50.41156],[5.77776,50.41102],[5.7788,50.40996],[5.77904,50.40957],[5.77986,50.40881],[5.78109,50.40824],[5.78291,50.40806],[5.787,50.40852],[5.78807,50.40897],[5.78907,50.40926],[5.78975,50.40973],[5.7907,50.4102],[5.79074,50.41055],[5.79038,50.41094],[5.7902,50.411],[5.78963,50.41095],[5.78909,50.41105],[5.78886,50.41127],[5.78879,50.41163],[5.78838,50.41171],[5.7878,50.41159],[5.78718,50.41133],[5.78584,50.41051],[5.78409,50.41004],[5.7838,50.4096],[5.78322,50.4093],[5.78208,50.40918],[5.78135,50.40929],[5.78111,50.40937],[5.78038,50.41032],[5.78036,50.41098],[5.7807,50.41159],[5.78077,50.41203],[5.78068,50.4124],[5.78028,50.41325],[5.78031,50.41378],[5.78018,50.4148],[5.77994,50.41521],[5.77905,50.41604],[5.77864,50.41661],[5.77809,50.41714],[5.77772,50.41735],[5.7756,50.41797],[5.77479,50.41804],[5.77203,50.41804],[5.77098,50.41782],[5.76687,50.41735],[5.76458,50.41755],[5.76338,50.41778],[5.76218,50.41789],[5.76115,50.41825],[5.76073,50.41856],[5.75985,50.4188],[5.75773,50.41989],[5.7563,50.42052],[5.75531,50.42081],[5.75336,50.42156],[5.75281,50.42189],[5.75062,50.4226],[5.74949,50.42282],[5.74819,50.42368],[5.74598,50.42372],[5.74525,50.42381],[5.74483,50.42396],[5.74411,50.42398],[5.7425,50.42424],[5.74095,50.42436],[5.74026,50.42454],[5.7394,50.42456],[5.73851,50.42494],[5.73773,50.42543],[5.73724,50.42632],[5.73656,50.4266],[5.73531,50.42668],[5.73486,50.42687],[5.73464,50.42706],[5.73434,50.42744],[5.73466,50.42771],[5.73466,50.42792],[5.73448,50.42813],[5.73398,50.42821],[5.73374,50.42852],[5.73331,50.42973],[5.73326,50.43057],[5.73578,50.43516],[5.73605,50.43692],[5.7359,50.43765],[5.73592,50.43793],[5.73673,50.43935],[5.73746,50.44016],[5.73736,50.44049],[5.7378,50.44075],[5.73748,50.44106],[5.73755,50.44156],[5.73782,50.44172],[5.739,50.4421],[5.73914,50.44221],[5.73929,50.44248],[5.739,50.44296],[5.7391,50.44324],[5.7411,50.44382],[5.74129,50.44411],[5.74149,50.44468],[5.74168,50.44493],[5.74208,50.4451],[5.74297,50.44519],[5.74322,50.44546],[5.74307,50.44571],[5.74286,50.44585],[5.74107,50.44596],[5.74083,50.44607],[5.7407,50.44632],[5.74023,50.44645],[5.73978,50.44684],[5.73951,50.44737],[5.73942,50.44814],[5.7397,50.44883],[5.73947,50.44939],[5.73944,50.44993],[5.74167,50.45074],[5.74199,50.45097],[5.74216,50.45161],[5.74264,50.4523],[5.74266,50.45296],[5.74294,50.45352],[5.74292,50.45381]],[[5.74778,50.41967],[5.74743,50.41934],[5.74724,50.41862],[5.7469,50.41829],[5.747,50.41803],[5.74737,50.41798],[5.74779,50.41825],[5.74821,50.41877],[5.74821,50.41922],[5.74778,50.41967]],[[5.74611,50.41747],[5.74524,50.41662],[5.7452,50.41626],[5.74528,50.41564],[5.74546,50.41598],[5.74578,50.41628],[5.746,50.41667],[5.7468,50.4171],[5.74698,50.4174],[5.74696,50.41755],[5.74681,50.41761],[5.74611,50.41747]],[[5.76153,50.41754],[5.76151,50.4174],[5.762,50.41742],[5.76153,50.41754]],[[5.77028,50.4172],[5.77018,50.41713],[5.77038,50.41713],[5.77028,50.4172]],[[5.74695,50.41626],[5.74676,50.41608],[5.74674,50.41595],[5.74692,50.41547],[5.74709,50.41547],[5.74717,50.41557],[5.74695,50.41626]],[[5.79153,50.41274],[5.79114,50.41253],[5.79082,50.41217],[5.7907,50.41187],[5.79069,50.41157],[5.79109,50.41146],[5.79319,50.41131],[5.79415,50.41093],[5.79518,50.41002],[5.79536,50.40964],[5.79509,50.40934],[5.79566,50.40907],[5.79586,50.40889],[5.79586,50.40873],[5.7957,50.40854],[5.79618,50.40797],[5.79698,50.40631],[5.79704,50.40578],[5.79695,50.40547],[5.7971,50.40449],[5.79693,50.40411],[5.79691,50.4038],[5.79733,50.40362],[5.79779,50.40353],[5.79806,50.40383],[5.79818,50.40411],[5.79826,50.40515],[5.79806,50.40574],[5.79805,50.40619],[5.7982,50.40687],[5.79826,50.40771],[5.79775,50.4088],[5.79777,50.40928],[5.79767,50.40953],[5.79689,50.41037],[5.79634,50.41076],[5.79614,50.41133],[5.79543,50.4119],[5.79458,50.41226],[5.79322,50.41226],[5.79153,50.41274]],[[5.78986,50.41161],[5.78986,50.41154],[5.78995,50.41158],[5.78986,50.41161]],[[5.76945,50.40963],[5.76942,50.40935],[5.76983,50.40907],[5.77104,50.40877],[5.7712,50.4088],[5.77097,50.40904],[5.77036,50.40942],[5.76945,50.40963]],[[5.76986,50.40619],[5.76978,50.40601],[5.77006,50.40603],[5.76986,50.40619]],[[5.81611,50.40328],[5.81562,50.40305],[5.81485,50.403],[5.81465,50.40271],[5.81399,50.40215],[5.81382,50.40184],[5.81277,50.40105],[5.81249,50.40073],[5.81202,50.40046],[5.81176,50.40017],[5.81043,50.39927],[5.80985,50.39899],[5.80909,50.3988],[5.8086,50.39857],[5.80857,50.39826],[5.8104,50.39851],[5.81088,50.39887],[5.81249,50.39967],[5.8132,50.4002],[5.81402,50.40105],[5.81469,50.40159],[5.81608,50.40209],[5.81653,50.40243],[5.81662,50.40274],[5.81611,50.40328]],[[5.79736,50.40217],[5.7969,50.40192],[5.7969,50.40157],[5.79733,50.40153],[5.7976,50.40161],[5.79757,50.40185],[5.79736,50.40217]],[[5.81986,50.40224],[5.81976,50.40206],[5.81986,50.40129],[5.82035,50.40127],[5.82048,50.40154],[5.82032,50.40214],[5.81986,50.40224]],[[5.82111,50.40021],[5.82112,50.40016],[5.82119,50.40019],[5.82111,50.40021]],[[5.82111,50.39988],[5.82097,50.39964],[5.82114,50.39949],[5.82134,50.39966],[5.82111,50.39988]],[[5.82195,50.39884],[5.82186,50.39854],[5.82207,50.39852],[5.8221,50.39863],[5.82195,50.39884]]]}},{"type":"Feature","properties":{"ele":250},"geometry":{"type":"MultiLineString","coordinates":[[[5.71565,50.45381],[5.71516,50.45303],[5.71519,50.45287],[5.71533,50.45276],[5.71567,50.45276],[5.71699,50.45303],[5.71878,50.45381]],[[5.71995,50.45381],[5.72108,50.45296],[5.72153,50.45224],[5.72195,50.45182],[5.72235,50.45216],[5.72285,50.45297],[5.72298,50.45341],[5.72299,50.45381]],[[5.73882,50.45381],[5.73883,50.45348],[5.73875,50.45321],[5.73862,50.45297],[5.73832,50.45272],[5.73734,50.4521],[5.73522,50.45103],[5.73486,50.45077],[5.7344,50.45006],[5.73403,50.44978],[5.73319,50.44939],[5.73309,50.44909],[5.73327,50.44887],[5.73479,50.44846],[5.73526,50.44823],[5.73544,50.44748],[5.73516,50.44699],[5.73489,50.44678],[5.73412,50.44667],[5.73378,50.44654],[5.73282,50.44491],[5.73194,50.44493],[5.73161,50.44485],[5.73071,50.44436],[5.73054,50.44415],[5.73058,50.44406],[5.73198,50.44356],[5.73289,50.44304],[5.73309,50.44276],[5.73308,50.44241],[5.73257,50.44151],[5.7323,50.44029],[5.73197,50.43963],[5.73131,50.43938],[5.72973,50.4392],[5.72895,50.43896],[5.72604,50.43775],[5.72482,50.43692],[5.72441,50.43674],[5.72369,50.43668],[5.72194,50.43687],[5.72211,50.43658],[5.72319,50.43617],[5.72364,50.43585],[5.72404,50.43574],[5.72484,50.43586],[5.72609,50.43632],[5.72714,50.4369],[5.72893,50.43743],[5.72984,50.43759],[5.73046,50.43759],[5.73121,50.43744],[5.73194,50.43706],[5.73233,50.43661],[5.73242,50.43629],[5.73228,50.43515],[5.73179,50.43439],[5.73117,50.43378],[5.73013,50.4324],[5.72978,50.43164],[5.72943,50.43052],[5.72863,50.42935],[5.7283,50.42869],[5.7282,50.42824],[5.72819,50.42797],[5.72879,50.42734],[5.73032,50.42604],[5.73036,50.42576],[5.73027,50.42556],[5.72995,50.42518],[5.72949,50.42489],[5.72943,50.42466],[5.72987,50.42438],[5.7302,50.42401],[5.73064,50.42296],[5.73069,50.42207],[5.73113,50.42236],[5.73195,50.42326],[5.73233,50.42411],[5.73256,50.42438],[5.73282,50.42456],[5.73322,50.42458],[5.73448,50.42414],[5.73615,50.42332],[5.73859,50.42251],[5.74,50.42224],[5.7426,50.42207],[5.74321,50.42193],[5.74333,50.42183],[5.74337,50.42161],[5.74314,50.42127],[5.7431,50.42102],[5.74403,50.42065],[5.74505,50.4205],[5.74531,50.42031],[5.74548,50.41991],[5.7457,50.41965],[5.74589,50.41907],[5.74576,50.41851],[5.74528,50.41798],[5.74419,50.41716],[5.74398,50.41683],[5.74389,50.41623],[5.74394,50.41522],[5.74401,50.41492],[5.74451,50.41394],[5.74447,50.41351],[5.74324,50.41263],[5.74232,50.41236],[5.74134,50.41187],[5.7403,50.41159],[5.73822,50.41121],[5.73694,50.41081],[5.7361,50.41041],[5.73298,50.40966],[5.73289,50.40956],[5.73293,50.40941],[5.7333,50.40934],[5.73401,50.40949],[5.73473,50.40954],[5.73625,50.41007],[5.73853,50.41039],[5.74009,50.41076],[5.7412,50.41081],[5.74182,50.41107],[5.74255,50.4112],[5.74367,50.41159],[5.74527,50.41244],[5.74621,50.41306],[5.74723,50.41348],[5.74755,50.4134],[5.74817,50.41294],[5.74895,50.41266],[5.74994,50.41257],[5.75045,50.41243],[5.75068,50.41206],[5.75062,50.41178],[5.75036,50.41137],[5.75052,50.41122],[5.75088,50.41118],[5.75192,50.41146],[5.75265,50.41138],[5.7529,50.41146],[5.75325,50.41193],[5.75327,50.41241],[5.75307,50.41264],[5.75233,50.41318],[5.75147,50.41349],[5.74974,50.41433],[5.74941,50.41463],[5.74992,50.41681],[5.74984,50.41712],[5.74937,50.41762],[5.74921,50.418],[5.74935,50.41883],[5.74926,50.42046],[5.74935,50.42064],[5.74954,50.42073],[5.75075,50.42076],[5.75198,50.42049],[5.75277,50.4202],[5.75445,50.41937],[5.75495,50.41882],[5.75687,50.41795],[5.76019,50.41591],[5.76213,50.41529],[5.76284,50.41519],[5.76416,50.41524],[5.76651,50.41508],[5.76755,50.41511],[5.76921,50.41536],[5.77134,50.41602],[5.77186,50.41608],[5.77202,50.41606],[5.77246,50.4158],[5.77257,50.4156],[5.77251,50.41545],[5.772,50.41517],[5.7713,50.415],[5.76833,50.41477],[5.76709,50.41437],[5.76565,50.41412],[5.76506,50.41386],[5.76462,50.41352],[5.7635,50.41354],[5.76303,50.41331],[5.76289,50.41298],[5.7624,50.41268],[5.76227,50.41243],[5.76242,50.41235],[5.76447,50.41253],[5.76557,50.41252],[5.76615,50.41243],[5.76701,50.41215],[5.7673,50.41182],[5.76696,50.41129],[5.76686,50.41075],[5.76716,50.41019],[5.76763,50.40966],[5.76767,50.40946],[5.76756,50.40925],[5.76689,50.40856],[5.76678,50.40804],[5.76661,50.40786],[5.76537,50.40778],[5.76332,50.40742],[5.76301,50.40711],[5.76177,50.40664],[5.76109,50.40605],[5.76014,50.40539],[5.75985,50.40498],[5.75987,50.40466],[5.76013,50.40404],[5.76089,50.40293],[5.76109,50.40237],[5.76101,50.40212],[5.76057,50.402],[5.76,50.40205],[5.75948,50.40218],[5.7577,50.40292],[5.75614,50.4032],[5.75474,50.40327],[5.7545,50.40286],[5.75393,50.40253],[5.7539,50.40212],[5.75351,50.4019],[5.75117,50.40135],[5.75018,50.40105],[5.74947,50.40072],[5.7485,50.40002],[5.74848,50.3996],[5.74805,50.3991],[5.74824,50.39896],[5.74832,50.39876],[5.74806,50.3982],[5.74806,50.39797],[5.75033,50.39636],[5.75109,50.3957],[5.75156,50.39547],[5.74991,50.39451],[5.74862,50.39409],[5.74819,50.39382],[5.74654,50.39383],[5.74541,50.39374],[5.74496,50.39362],[5.74482,50.39353],[5.74583,50.39325],[5.74477,50.39269],[5.74537,50.39267],[5.74666,50.39295],[5.74843,50.39302],[5.74947,50.39324],[5.75145,50.39388],[5.75279,50.39464],[5.75318,50.39477],[5.75528,50.39454],[5.75545,50.39441],[5.75541,50.3943],[5.75397,50.39329],[5.75383,50.39262],[5.75389,50.39223],[5.75405,50.39188],[5.75465,50.39136],[5.75488,50.39105],[5.75515,50.39026],[5.75563,50.38957],[5.75626,50.38885],[5.75704,50.38839],[5.75737,50.38799],[5.75738,50.3877],[5.75721,50.38716],[5.75701,50.38686],[5.75606,50.38634],[5.75572,50.38586],[5.75528,50.3855],[5.75334,50.38427],[5.75283,50.38405],[5.75191,50.38382],[5.7502,50.38371],[5.74815,50.383],[5.7476,50.38192],[5.74778,50.38159],[5.74753,50.38112],[5.7475,50.38077],[5.74661,50.37993]],[[5.74448,50.45381],[5.74444,50.45325],[5.74457,50.45293],[5.74457,50.45265],[5.74445,50.45214],[5.74394,50.45111],[5.7436,50.45077],[5.74169,50.4497],[5.74158,50.44956],[5.74166,50.44928],[5.74232,50.4485],[5.74255,50.44796],[5.74287,50.44746],[5.7432,50.44715],[5.7434,50.44675],[5.74478,50.44568],[5.74605,50.44514],[5.74693,50.44464],[5.74777,50.4444],[5.74895,50.44422],[5.74946,50.444],[5.75112,50.44381],[5.75164,50.44353],[5.75112,50.44326],[5.74963,50.44343],[5.74848,50.44327],[5.74862,50.44305],[5.74922,50.44299],[5.74919,50.44275],[5.74901,50.44269],[5.7486,50.44298],[5.74822,50.44311],[5.74739,50.4431],[5.74695,50.44298],[5.74635,50.44308],[5.74497,50.44363],[5.744,50.44377],[5.74359,50.44405],[5.74338,50.44411],[5.74281,50.44408],[5.74238,50.4438],[5.74219,50.44341],[5.74204,50.44268],[5.74118,50.44149],[5.74067,50.44028],[5.73961,50.43942],[5.73887,50.43857],[5.73856,50.43792],[5.73773,50.43663],[5.73653,50.43298],[5.73557,50.43184],[5.73557,50.43137],[5.73599,50.43036],[5.73576,50.42883],[5.73604,50.4285],[5.73693,50.42797],[5.7387,50.42726],[5.74031,50.42695],[5.74125,50.42647],[5.74265,50.42655],[5.74338,50.42637],[5.74443,50.42631],[5.74614,50.42589],[5.74774,50.42573],[5.74937,50.42484],[5.75052,50.4245],[5.75116,50.42414],[5.75245,50.42366],[5.75322,50.42354],[5.75403,50.42322],[5.75655,50.42243],[5.75735,50.42186],[5.75904,50.42106],[5.75939,50.42074],[5.76073,50.42031],[5.76118,50.42002],[5.76324,50.41913],[5.76439,50.4188],[5.76486,50.41876],[5.76513,50.41885],[5.76584,50.41928],[5.76613,50.41968],[5.76656,50.41971],[5.76736,50.41963],[5.76781,50.41982],[5.76817,50.41986],[5.76939,50.41973],[5.77052,50.4193],[5.77192,50.41943],[5.77307,50.4193],[5.77432,50.41929],[5.77484,50.41916],[5.77569,50.41909],[5.77692,50.41871],[5.77951,50.41772],[5.78057,50.41659],[5.78132,50.4152],[5.78183,50.41487],[5.7826,50.41403],[5.78315,50.41378],[5.78515,50.41348],[5.78609,50.41347],[5.78808,50.41382],[5.78829,50.41408],[5.7881,50.41463],[5.78821,50.41524],[5.78834,50.41493],[5.7886,50.4148],[5.78895,50.41476],[5.78946,50.41492],[5.7901,50.41493],[5.7907,50.41466],[5.79114,50.41431],[5.79318,50.4139],[5.79354,50.41352],[5.79455,50.41333],[5.7954,50.413],[5.79658,50.41244],[5.79778,50.41174],[5.79817,50.4117],[5.79861,50.41188],[5.79891,50.41177],[5.79909,50.41166],[5.79958,50.41107],[5.79955,50.41092],[5.79922,50.41046],[5.79945,50.41001],[5.80021,50.40909],[5.80114,50.40855],[5.80119,50.40835],[5.80116,50.40824],[5.80064,50.408],[5.79971,50.40769],[5.79958,50.40744],[5.79963,50.40703],[5.79926,50.40644],[5.79916,50.40609],[5.79914,50.4055],[5.79928,50.4046],[5.79875,50.40269],[5.79881,50.40241],[5.79908,50.40214],[5.79912,50.4019],[5.79872,50.40119],[5.7986,50.40048],[5.79886,50.39958],[5.79917,50.39937],[5.79984,50.39918],[5.80098,50.39905],[5.80193,50.39881],[5.80225,50.39887],[5.80279,50.39909],[5.80363,50.39992],[5.804,50.40016],[5.80488,50.40048],[5.80625,50.40053],[5.8088,50.4001],[5.81024,50.40037],[5.81103,50.40081],[5.81237,50.40186],[5.81319,50.40267],[5.81444,50.40355],[5.81517,50.4039],[5.81666,50.40424],[5.81769,50.40422],[5.81856,50.4038],[5.8189,50.40376],[5.81913,50.40378],[5.81978,50.4042],[5.8202,50.40432],[5.82046,50.40425],[5.8207,50.4041],[5.82093,50.4038],[5.8212,50.4037],[5.82187,50.40371],[5.8226,50.40388],[5.82323,50.40392],[5.82336,50.40378],[5.82328,50.40354],[5.82216,50.40299],[5.82185,50.40269],[5.82189,50.40234],[5.82228,50.40211],[5.82302,50.40201],[5.82505,50.40212],[5.82527,50.40219],[5.8262,50.40293],[5.8273,50.40409],[5.8282,50.40465],[5.82832,50.4048],[5.82839,50.40508],[5.82817,50.40549],[5.82814,50.40603],[5.82864,50.40676],[5.82903,50.40672],[5.82935,50.40603],[5.82989,50.40575],[5.83031,50.40577],[5.83269,50.40631],[5.83321,50.40659],[5.83447,50.40673],[5.8352,50.40705],[5.8357,50.40715],[5.83582,50.40686],[5.8361,50.40666],[5.83692,50.40665],[5.83747,50.40684],[5.83826,50.40745],[5.83867,50.4079],[5.83949,50.4081],[5.83991,50.40849],[5.84083,50.40878],[5.84153,50.40872]],[[5.74903,50.42088],[5.74894,50.42076],[5.74902,50.42062],[5.74934,50.42074],[5.74903,50.42088]],[[5.77195,50.41108],[5.7718,50.41102],[5.77193,50.41093],[5.77209,50.41102],[5.77195,50.41108]],[[5.84153,50.40128],[5.84072,50.40151],[5.84025,50.40155],[5.83998,50.40194],[5.83944,50.402],[5.83898,50.40218],[5.83813,50.4019],[5.8379,50.40155],[5.8374,50.40118],[5.83619,50.40119],[5.83566,50.40106],[5.83516,50.40082],[5.83444,50.40022],[5.83394,50.39943],[5.83351,50.3992],[5.83312,50.39883],[5.83309,50.39841],[5.83334,50.39769],[5.83315,50.39696],[5.83095,50.39574],[5.83075,50.39543],[5.83084,50.39465],[5.83031,50.39437],[5.82911,50.39414],[5.82806,50.39445],[5.82725,50.39441],[5.82664,50.3941],[5.82609,50.39356],[5.82542,50.3931],[5.82488,50.39283],[5.82448,50.39283],[5.82352,50.39328],[5.82343,50.39373],[5.82373,50.39439],[5.82347,50.39468],[5.8232,50.39521],[5.82259,50.39573],[5.82236,50.39605],[5.82157,50.39562],[5.82108,50.39494],[5.82028,50.39437],[5.8197,50.39376],[5.8197,50.39352],[5.82,50.39328],[5.8203,50.39275],[5.82085,50.39212],[5.82087,50.39178],[5.82071,50.39146],[5.81817,50.39196],[5.81731,50.3923],[5.81648,50.3928],[5.81578,50.39296],[5.81401,50.39287],[5.81288,50.39265],[5.81233,50.39245],[5.81204,50.39184],[5.81145,50.39178],[5.81111,50.39187],[5.81048,50.39217],[5.81112,50.39269],[5.81092,50.393],[5.81114,50.39316],[5.81141,50.39355],[5.81197,50.39408],[5.81365,50.39464],[5.81558,50.39468],[5.81734,50.39521],[5.81779,50.39547],[5.81759,50.39574],[5.81782,50.39604],[5.81764,50.3964],[5.81753,50.3974],[5.81745,50.39754],[5.81663,50.398],[5.81601,50.39801],[5.81488,50.39759],[5.81453,50.3971],[5.8141,50.39684],[5.81383,50.39684],[5.81374,50.39693],[5.81391,50.39723],[5.81395,50.39748],[5.81375,50.39796],[5.81379,50.39826],[5.8136,50.39838],[5.81291,50.39804],[5.81236,50.39798],[5.81272,50.39744],[5.81266,50.39715],[5.81283,50.39687],[5.81275,50.39674],[5.81196,50.39716],[5.81177,50.39743],[5.81153,50.39757],[5.80776,50.39762],[5.80738,50.39771],[5.80664,50.39828],[5.80649,50.39832],[5.80526,50.39799],[5.80438,50.39753],[5.8033,50.39713],[5.80244,50.39702],[5.8014,50.39706],[5.80026,50.39698],[5.79987,50.39702],[5.79666,50.39815],[5.79619,50.39815],[5.79468,50.39787],[5.79343,50.39809],[5.79286,50.39811],[5.79235,50.39801],[5.79182,50.39769],[5.7912,50.39668],[5.79112,50.39602],[5.7907,50.39547],[5.79027,50.39547],[5.79004,50.39585],[5.79023,50.39657],[5.79012,50.3977],[5.78963,50.39784],[5.78864,50.39762],[5.78821,50.39765],[5.78809,50.39773],[5.78878,50.39797],[5.79074,50.39845],[5.79213,50.39902],[5.79286,50.39916],[5.79432,50.39919],[5.79506,50.39936],[5.79574,50.39962],[5.79599,50.40005],[5.79598,50.40053],[5.79538,50.40154],[5.79531,50.40182],[5.79583,50.4038],[5.79614,50.40428],[5.79618,50.40464],[5.79592,50.40498],[5.79558,50.40567],[5.79518,50.40602],[5.79519,50.40682],[5.79447,50.40774],[5.79411,50.40801],[5.79309,50.40848],[5.79228,50.40931],[5.79186,50.40949],[5.79135,50.40956],[5.79068,50.40938],[5.78908,50.40859],[5.78656,50.40792],[5.7851,50.40779],[5.78352,50.40738],[5.78152,50.40739],[5.78067,50.40767],[5.77954,50.40827],[5.77851,50.40905],[5.77787,50.40995],[5.7762,50.41093],[5.77569,50.41109],[5.77505,50.41116],[5.77398,50.41105],[5.7725,50.41065],[5.77185,50.41056],[5.7711,50.41022],[5.77162,50.41002],[5.77275,50.40881],[5.77325,50.40855],[5.77332,50.40831],[5.77328,50.40804],[5.77297,50.40765],[5.77342,50.40693],[5.77334,50.40685],[5.77276,50.40678],[5.77237,50.40659],[5.77156,50.40572],[5.77115,50.40545],[5.77062,50.40528],[5.77,50.40526],[5.7676,50.40574],[5.76546,50.40542],[5.76441,50.40513],[5.76401,50.40512],[5.7636,50.40522],[5.76312,50.40491],[5.76299,50.40466],[5.76302,50.40446],[5.76316,50.40433],[5.76407,50.40411],[5.7643,50.4039],[5.76432,50.40376],[5.76376,50.4031],[5.76371,50.40279],[5.76379,50.40227],[5.76371,50.40204],[5.76303,50.40109],[5.76239,50.40066],[5.7611,50.40002],[5.76041,50.39989],[5.75986,50.39992],[5.75815,50.40044],[5.75696,50.40056],[5.75484,50.39959],[5.75369,50.39929],[5.7524,50.39909],[5.75203,50.39874],[5.75182,50.39831],[5.75177,50.39776],[5.75199,50.39749],[5.75236,50.39731],[5.75322,50.39712],[5.75598,50.39745],[5.7577,50.39739],[5.75846,50.39716],[5.75957,50.39637],[5.75977,50.39591],[5.75971,50.39532],[5.75943,50.39469],[5.75903,50.39409],[5.75897,50.39379],[5.75908,50.39357],[5.75944,50.39327],[5.76013,50.39297],[5.75985,50.39277],[5.75934,50.39222],[5.75917,50.39182],[5.75918,50.39144],[5.75948,50.39103],[5.76108,50.38989],[5.76125,50.38935],[5.7613,50.38862],[5.76101,50.38805],[5.76101,50.3879],[5.76119,50.38766],[5.76208,50.38713],[5.76186,50.38701],[5.76083,50.38705],[5.75973,50.38695],[5.75873,50.38658],[5.75822,50.38654],[5.75782,50.38637],[5.75745,50.38602],[5.75646,50.38542],[5.75633,50.38522],[5.75626,50.38468],[5.75579,50.38421],[5.75594,50.38377],[5.75529,50.38326],[5.75403,50.38329],[5.7526,50.38277],[5.75177,50.38261],[5.75103,50.38232],[5.74936,50.38193],[5.74923,50.38178],[5.74919,50.3813],[5.74895,50.38084],[5.74886,50.38032],[5.74868,50.37993]],[[5.84153,50.40802],[5.84108,50.40773],[5.84078,50.4074],[5.84024,50.40633],[5.84066,50.40602],[5.84153,50.40574]],[[5.82028,50.40368],[5.82016,50.40351],[5.82046,50.40347],[5.82076,50.40354],[5.82067,50.40362],[5.82028,50.40368]],[[5.75486,50.40273],[5.75479,50.4027],[5.75487,50.40267],[5.75486,50.40273]],[[5.79403,50.39246],[5.79392,50.39242],[5.79447,50.39216],[5.7947,50.39213],[5.79499,50.39214],[5.79517,50.39236],[5.79507,50.39246],[5.79458,50.39254],[5.79403,50.39246]],[[5.81986,50.3922],[5.81974,50.39213],[5.81989,50.39208],[5.81993,50.39215],[5.81986,50.3922]],[[5.75861,50.38722],[5.75854,50.38711],[5.75861,50.38686],[5.75918,50.38713],[5.75902,50.38722],[5.75861,50.38722]]]}},{"type":"Feature","properties":{"ele":300},"geometry":{"type":"MultiLineString","coordinates":[[[5.71449,50.45381],[5.71434,50.45357],[5.71319,50.4527],[5.71322,50.45245],[5.71371,50.45197],[5.71403,50.45131],[5.7146,50.45126],[5.71592,50.45186],[5.71703,50.45196],[5.71843,50.45255],[5.7194,50.45251],[5.72,50.45223],[5.72044,50.45168],[5.72049,50.45144],[5.72039,50.45095],[5.72036,50.45001],[5.7205,50.44984],[5.72078,50.44976],[5.72133,50.44994],[5.72198,50.45046],[5.72314,50.45109],[5.72391,50.4522],[5.7243,50.45303],[5.72445,50.45381]],[[5.73778,50.45381],[5.73769,50.45352],[5.73741,50.45323],[5.73693,50.45291],[5.73604,50.45249],[5.73458,50.45204],[5.73328,50.45146],[5.73234,50.4515],[5.73191,50.45141],[5.73147,50.4508],[5.73133,50.45005],[5.73111,50.44965],[5.72981,50.44892],[5.72946,50.44853],[5.72911,50.44798],[5.72849,50.44744],[5.72862,50.44715],[5.72891,50.44702],[5.72992,50.44688],[5.72985,50.44669],[5.72967,50.44659],[5.72906,50.44649],[5.72792,50.44681],[5.72777,50.44678],[5.72774,50.44613],[5.72782,50.44591],[5.72858,50.44541],[5.72904,50.44535],[5.72912,50.44521],[5.72867,50.44492],[5.72823,50.44483],[5.72793,50.44467],[5.72757,50.44437],[5.72751,50.44412],[5.72773,50.44395],[5.72851,50.44377],[5.73029,50.44305],[5.7312,50.44245],[5.73135,50.44206],[5.73125,50.44081],[5.73113,50.44046],[5.73064,50.44024],[5.72986,50.44021],[5.72817,50.43966],[5.72618,50.43879],[5.7245,50.43785],[5.72404,50.43767],[5.72182,50.43771],[5.72125,50.43779],[5.72057,50.43798],[5.71949,50.43866],[5.71896,50.43883],[5.7188,50.43859],[5.71858,50.4378],[5.71856,50.43703],[5.7182,50.43659],[5.71755,50.4362],[5.71695,50.43604],[5.71654,50.43576],[5.71573,50.43547],[5.7149,50.43533],[5.71464,50.43519],[5.71494,50.43498],[5.71521,50.43462],[5.71566,50.43459],[5.717,50.43485],[5.71812,50.43525],[5.71946,50.43547],[5.72033,50.43585],[5.72119,50.43588],[5.72154,50.43576],[5.72241,50.43525],[5.72308,50.43432],[5.72389,50.43368],[5.72416,50.43357],[5.72467,50.43353],[5.72445,50.43343],[5.72441,50.43324],[5.72486,50.4329],[5.72492,50.4338],[5.72523,50.43467],[5.72553,50.43492],[5.72824,50.43618],[5.72989,50.43653],[5.73057,50.43653],[5.73087,50.4364],[5.73114,50.43604],[5.73105,50.43553],[5.73108,50.43515],[5.73099,50.43491],[5.72981,50.43356],[5.72925,50.43276],[5.72875,50.43171],[5.72875,50.43119],[5.72866,50.43094],[5.72732,50.42966],[5.72653,50.42853],[5.72652,50.42824],[5.72695,50.42742],[5.72731,50.4271],[5.72862,50.42632],[5.72839,50.42603],[5.72774,50.42578],[5.72749,50.42543],[5.72719,50.42522],[5.72716,50.42505],[5.72724,50.42491],[5.72784,50.42469],[5.72826,50.42437],[5.72887,50.42408],[5.7291,50.42387],[5.72931,50.4231],[5.72927,50.42248],[5.72897,50.42217],[5.72721,50.42133],[5.72541,50.42101],[5.72486,50.42106],[5.72448,50.42101],[5.72389,50.42079],[5.72355,50.42047],[5.72406,50.42042],[5.72525,50.42056],[5.72651,50.42033],[5.7276,50.42031],[5.72828,50.42036],[5.73069,50.42077],[5.73149,50.4211],[5.73198,50.42156],[5.73239,50.42212],[5.73321,50.4227],[5.73352,50.42359],[5.73403,50.42362],[5.73462,50.42331],[5.73488,50.42298],[5.73463,50.42275],[5.73461,50.42262],[5.73526,50.4213],[5.73601,50.421],[5.73623,50.42078],[5.7363,50.42053],[5.73614,50.42019],[5.73482,50.41919],[5.73464,50.41876],[5.73435,50.41856],[5.73398,50.41844],[5.73373,50.41822],[5.73356,50.41792],[5.73369,50.41739],[5.73403,50.41704],[5.7343,50.41749],[5.73483,50.41772],[5.73514,50.41771],[5.73662,50.41704],[5.73806,50.41708],[5.73868,50.41722],[5.73946,50.41706],[5.73971,50.41691],[5.7398,50.41675],[5.73978,50.41644],[5.73962,50.4162],[5.73911,50.41585],[5.7383,50.41548],[5.73707,50.41431],[5.73368,50.4127],[5.73281,50.41187],[5.73234,50.4116],[5.73112,50.411],[5.72995,50.41095],[5.72942,50.41104],[5.72944,50.41075],[5.72983,50.41019],[5.72989,50.40995],[5.72942,50.40966],[5.72867,50.40935],[5.72777,50.40879],[5.727,50.40845],[5.72572,50.40811],[5.72369,50.40793],[5.72304,50.40773],[5.723,50.40764],[5.72307,50.40746],[5.72362,50.40715],[5.7236,50.40696],[5.72292,50.40634],[5.72194,50.4052],[5.7219,50.40465],[5.72212,50.40418],[5.7221,50.40384],[5.72223,50.4037],[5.7224,50.40368],[5.72261,50.40409],[5.72287,50.40435],[5.72323,50.40462],[5.72405,50.40547],[5.72511,50.40627],[5.72598,50.4067],[5.72744,50.40703],[5.72817,50.40727],[5.72992,50.40825],[5.73033,50.40829],[5.73067,50.40787],[5.73083,50.40784],[5.73182,50.4082],[5.73288,50.40823],[5.73409,50.40857],[5.73567,50.40856],[5.73773,50.40901],[5.73787,50.40886],[5.73794,50.40845],[5.73773,50.40766],[5.73821,50.40733],[5.73902,50.40806],[5.73949,50.40801],[5.73986,50.40769],[5.74025,50.40799],[5.74116,50.40811],[5.74169,50.40848],[5.74195,50.40893],[5.74232,50.40922],[5.74307,50.40954],[5.744,50.40966],[5.74463,50.41023],[5.74526,50.41051],[5.74567,50.41059],[5.7465,50.41055],[5.74685,50.41075],[5.74689,50.41105],[5.74755,50.41108],[5.74817,50.41123],[5.74859,50.41117],[5.74868,50.41098],[5.74874,50.41023],[5.7485,50.40984],[5.74841,50.40937],[5.74873,50.40908],[5.74936,50.40878],[5.74952,50.40855],[5.74925,50.40826],[5.74914,50.40794],[5.74846,50.40741],[5.74904,50.40742],[5.75014,50.40774],[5.75104,50.40776],[5.75187,50.40798],[5.75246,50.40828],[5.75247,50.40853],[5.75229,50.40883],[5.75411,50.40889],[5.75453,50.40903],[5.75535,50.40956],[5.75635,50.40979],[5.75663,50.40974],[5.75741,50.40921],[5.75951,50.40856],[5.75972,50.40835],[5.75971,50.40814],[5.75913,50.40745],[5.759,50.40713],[5.75905,50.40662],[5.75956,50.40631],[5.75895,50.40579],[5.75853,50.40523],[5.75863,50.40494],[5.75862,50.40463],[5.75807,50.40458],[5.75779,50.40466],[5.75748,50.40494],[5.75692,50.40492],[5.75409,50.40551],[5.75345,50.4055],[5.75281,50.40538],[5.75236,50.4052],[5.75154,50.40463],[5.75069,50.40354],[5.74955,50.40248],[5.74943,50.40189],[5.74752,50.4013],[5.74707,50.40104],[5.74699,50.40073],[5.74642,50.39959],[5.74641,50.39928],[5.74655,50.39882],[5.74651,50.39855],[5.74606,50.39796],[5.74654,50.39744],[5.74693,50.39685],[5.74819,50.39603],[5.74845,50.39553],[5.74845,50.39529],[5.74837,50.39518],[5.74727,50.39489],[5.74552,50.39473],[5.74486,50.39492],[5.74236,50.39622],[5.74145,50.39658],[5.74066,50.39658],[5.73968,50.39674],[5.73755,50.39649],[5.73709,50.39631],[5.73713,50.39619],[5.7378,50.39565],[5.73819,50.39544],[5.73864,50.39538],[5.73958,50.39557],[5.74006,50.39549],[5.74196,50.39423],[5.74293,50.39329],[5.74282,50.39296],[5.74152,50.39215],[5.74062,50.39081],[5.74042,50.39032],[5.74032,50.3897],[5.74058,50.38936],[5.74075,50.38934],[5.74117,50.38959],[5.74155,50.38991],[5.74199,50.39048],[5.74403,50.39159],[5.74505,50.39148],[5.74656,50.39173],[5.74856,50.39181],[5.74929,50.39219],[5.75032,50.39245],[5.75045,50.39241],[5.75063,50.3921],[5.75158,50.3919],[5.7519,50.39159],[5.75236,50.39075],[5.75248,50.38998],[5.75269,50.38962],[5.7532,50.38937],[5.75358,50.38893],[5.75549,50.38829],[5.75583,50.38801],[5.75568,50.38778],[5.75534,50.38756],[5.75441,50.38724],[5.75364,50.38686],[5.75307,50.3868],[5.75229,50.387],[5.75136,50.38658],[5.74972,50.38604],[5.75026,50.38575],[5.75071,50.38575],[5.7514,50.38605],[5.75177,50.38609],[5.75348,50.38592],[5.75376,50.38576],[5.75242,50.38493],[5.75152,50.38457],[5.75083,50.38443],[5.74982,50.38439],[5.7482,50.38381],[5.74692,50.38355],[5.74678,50.38328],[5.7468,50.38293],[5.7466,50.38267],[5.74613,50.38242],[5.74486,50.38202],[5.74462,50.38184],[5.7446,50.38164],[5.74474,50.38135],[5.74434,50.38103],[5.74478,50.38046],[5.74466,50.37993]],[[5.74609,50.45381],[5.74622,50.453],[5.74617,50.4521],[5.74546,50.45071],[5.74465,50.44977],[5.74452,50.44946],[5.74456,50.44814],[5.74477,50.44762],[5.74486,50.44713],[5.74508,50.44675],[5.74562,50.44628],[5.74748,50.44524],[5.74904,50.44493],[5.75114,50.44479],[5.75325,50.44451],[5.75348,50.44434],[5.75357,50.44376],[5.75403,50.44325],[5.75548,50.44245],[5.75583,50.44214],[5.75566,50.44196],[5.75554,50.44164],[5.75555,50.44098],[5.75518,50.4399],[5.75522,50.43943],[5.7549,50.4393],[5.75453,50.43939],[5.75387,50.43971],[5.75368,50.43998],[5.75375,50.44047],[5.75348,50.44061],[5.75316,50.44065],[5.75273,50.44029],[5.75236,50.44018],[5.75149,50.44046],[5.75101,50.44071],[5.75101,50.44088],[5.75161,50.44159],[5.7514,50.44182],[5.75111,50.44195],[5.75026,50.44199],[5.7488,50.44182],[5.74697,50.44194],[5.7457,50.44224],[5.74453,50.44186],[5.744,50.4416],[5.74337,50.44079],[5.74277,50.44021],[5.74238,50.43936],[5.7415,50.43882],[5.74072,50.43798],[5.73974,50.43711],[5.73925,50.43654],[5.73881,50.4356],[5.73865,50.43408],[5.73758,50.43171],[5.73758,50.43144],[5.73775,50.43099],[5.73817,50.4304],[5.7386,50.42999],[5.73939,50.42952],[5.74064,50.42902],[5.74136,50.42853],[5.74187,50.4284],[5.74273,50.42834],[5.74364,50.428],[5.74453,50.42804],[5.74524,50.42794],[5.74604,50.42769],[5.74655,50.42715],[5.74863,50.42688],[5.74931,50.42623],[5.74998,50.42578],[5.75093,50.42539],[5.75196,50.42521],[5.75454,50.42428],[5.75699,50.42361],[5.75927,50.42278],[5.75987,50.42265],[5.76248,50.42162],[5.76354,50.42142],[5.76463,50.42141],[5.76609,50.42109],[5.7677,50.42112],[5.76855,50.42098],[5.77166,50.42069],[5.77436,50.42046],[5.77526,50.42048],[5.77694,50.42021],[5.77808,50.41985],[5.77906,50.41966],[5.78069,50.41881],[5.78098,50.41804],[5.7824,50.41663],[5.78277,50.41575],[5.78323,50.41541],[5.78401,50.41504],[5.7844,50.41505],[5.7848,50.41534],[5.78505,50.41538],[5.78578,50.41522],[5.78596,50.41495],[5.78614,50.4149],[5.78734,50.41667],[5.78907,50.41729],[5.78947,50.41736],[5.78991,50.41727],[5.79046,50.41695],[5.79239,50.41689],[5.79338,50.41674],[5.79571,50.41597],[5.79728,50.41575],[5.79776,50.41547],[5.79908,50.41528],[5.79916,50.41521],[5.79911,50.41516],[5.79831,50.41492],[5.79596,50.41465],[5.7952,50.41436],[5.79541,50.4141],[5.79591,50.41383],[5.79718,50.41336],[5.7975,50.41333],[5.79853,50.41348],[5.79908,50.41313],[5.80034,50.41271],[5.80006,50.41247],[5.80011,50.41232],[5.80149,50.41142],[5.80207,50.41131],[5.80264,50.41077],[5.80319,50.41047],[5.80362,50.40994],[5.80415,50.40968],[5.80464,50.40921],[5.80478,50.40897],[5.80479,50.40876],[5.80445,50.40826],[5.80318,50.40764],[5.80288,50.40737],[5.80231,50.40662],[5.80131,50.40605],[5.8011,50.40575],[5.8015,50.40489],[5.80185,50.40461],[5.80239,50.4045],[5.80338,50.40453],[5.80406,50.40438],[5.80453,50.40414],[5.80469,50.40383],[5.80471,50.40335],[5.80439,50.40258],[5.80442,50.40213],[5.80474,50.40185],[5.80567,50.4016],[5.80602,50.40131],[5.80685,50.40133],[5.80765,50.40155],[5.80815,50.4013],[5.80933,50.40096],[5.81003,50.40097],[5.81026,50.40105],[5.8107,50.40159],[5.8116,50.40211],[5.81205,50.4027],[5.81302,50.40327],[5.81443,50.40438],[5.8152,50.40467],[5.81571,50.40506],[5.81651,50.40521],[5.81706,50.40547],[5.81652,50.40576],[5.81708,50.40583],[5.81786,50.40559],[5.81838,50.40556],[5.81903,50.40576],[5.81978,50.40584],[5.82069,50.40632],[5.82154,50.40624],[5.82196,50.40659],[5.82224,50.40665],[5.82282,50.40649],[5.82369,50.40646],[5.82509,50.40659],[5.82571,50.40687],[5.82526,50.40773],[5.82565,50.40808],[5.82598,50.40819],[5.82617,50.40814],[5.82661,50.40769],[5.82696,50.40689],[5.82736,50.40677],[5.82808,50.40769],[5.82901,50.4085],[5.83024,50.4092],[5.83111,50.40939],[5.83203,50.40947],[5.83337,50.4094],[5.83363,50.40909],[5.83376,50.40973],[5.834,50.41028],[5.83413,50.41036],[5.83562,50.41081],[5.83594,50.41107],[5.83648,50.41133],[5.8371,50.4115],[5.83788,50.41194],[5.83958,50.41232],[5.84153,50.41259]],[[5.72903,50.44579],[5.72903,50.44573],[5.72903,50.44579]],[[5.7132,50.43534],[5.71298,50.43518],[5.71323,50.43509],[5.71348,50.43519],[5.7132,50.43534]],[[5.73903,50.41834],[5.73901,50.41818],[5.73917,50.41812],[5.73963,50.41814],[5.73998,50.41826],[5.73968,50.41837],[5.73903,50.41834]],[[5.7557,50.41745],[5.75529,50.4174],[5.75464,50.41712],[5.75435,50.4169],[5.75394,50.41636],[5.75307,50.41581],[5.7525,50.41498],[5.7525,50.41473],[5.75263,50.41453],[5.7528,50.41437],[5.75485,50.41343],[5.75572,50.41272],[5.7564,50.41251],[5.75709,50.41266],[5.75759,50.41305],[5.75864,50.41339],[5.75957,50.41381],[5.76078,50.41395],[5.76163,50.41436],[5.76157,50.41466],[5.76059,50.41518],[5.75949,50.4155],[5.75779,50.4166],[5.75692,50.41703],[5.7557,50.41745]],[[5.84153,50.39877],[5.84116,50.39833],[5.84072,50.39826],[5.84033,50.39794],[5.83937,50.39811],[5.83848,50.39781],[5.83764,50.39771],[5.83724,50.39745],[5.83744,50.3971],[5.83734,50.39689],[5.83711,50.39681],[5.83651,50.39673],[5.83557,50.39701],[5.83487,50.39687],[5.8344,50.3966],[5.83332,50.39576],[5.83314,50.39552],[5.83305,50.39522],[5.83335,50.39435],[5.83363,50.39394],[5.83453,50.39327],[5.83458,50.39317],[5.83443,50.39194],[5.83403,50.39157],[5.83355,50.39147],[5.83267,50.39182],[5.83161,50.39192],[5.83021,50.39164],[5.82988,50.39145],[5.82964,50.3919],[5.82936,50.39198],[5.8289,50.39197],[5.82855,50.39191],[5.82816,50.39167],[5.82779,50.39103],[5.82696,50.39075],[5.82655,50.39104],[5.82646,50.39132],[5.82608,50.39142],[5.82589,50.39081],[5.82567,50.39042],[5.82578,50.39011],[5.82633,50.38953],[5.82643,50.38925],[5.82612,50.3888],[5.82578,50.38867],[5.82435,50.38879],[5.82387,50.38907],[5.82319,50.38964],[5.82291,50.38974],[5.8226,50.38976],[5.82196,50.38963],[5.82154,50.38973],[5.82111,50.38953],[5.8202,50.38885],[5.81991,50.38844],[5.81941,50.38824],[5.8188,50.38824],[5.81775,50.38869],[5.81692,50.3889],[5.81651,50.38893],[5.81604,50.38883],[5.81522,50.38856],[5.81476,50.38813],[5.81365,50.38746],[5.81321,50.38711],[5.81283,50.38721],[5.81263,50.38736],[5.81256,50.38779],[5.81244,50.38802],[5.81199,50.38831],[5.81153,50.38831],[5.81135,50.3881],[5.81127,50.38782],[5.81148,50.3872],[5.81134,50.38707],[5.81104,50.38699],[5.80781,50.3873],[5.80658,50.38728],[5.80605,50.38765],[5.80592,50.38804],[5.80557,50.38818],[5.80528,50.38813],[5.8049,50.38769],[5.80358,50.38736],[5.80247,50.38745],[5.80182,50.38763],[5.80078,50.38778],[5.80027,50.38797],[5.80007,50.38831],[5.80042,50.3888],[5.80136,50.38938],[5.80276,50.3905],[5.80407,50.39103],[5.80461,50.39166],[5.80558,50.39195],[5.80587,50.39212],[5.80594,50.39237],[5.80578,50.39259],[5.80557,50.39266],[5.80482,50.3927],[5.80477,50.39279],[5.8048,50.39299],[5.80558,50.39353],[5.80598,50.39397],[5.80595,50.39413],[5.80562,50.39419],[5.80487,50.39401],[5.80408,50.39354],[5.8036,50.39272],[5.80364,50.39243],[5.80321,50.39215],[5.80245,50.39185],[5.80068,50.39133],[5.79995,50.39072],[5.79821,50.38968],[5.79774,50.3892],[5.79638,50.38826],[5.79446,50.38713],[5.79356,50.38635],[5.79277,50.38604],[5.79264,50.38576],[5.79291,50.38547],[5.79285,50.38519],[5.79235,50.38513],[5.79177,50.38535],[5.79067,50.38529],[5.78989,50.38518],[5.78901,50.38493],[5.78784,50.38433],[5.78658,50.38437],[5.78631,50.38527],[5.78583,50.38551],[5.78561,50.38576],[5.78486,50.38603],[5.78487,50.38632],[5.78469,50.38657],[5.78445,50.38675],[5.78402,50.38686],[5.78409,50.38715],[5.78385,50.38718],[5.78359,50.38716],[5.78239,50.38658],[5.78198,50.3863],[5.78161,50.38592],[5.78097,50.38575],[5.78057,50.38549],[5.78071,50.38518],[5.78025,50.38532],[5.7796,50.38516],[5.77927,50.38515],[5.77818,50.38545],[5.77793,50.38567],[5.77791,50.38581],[5.7782,50.38631],[5.77795,50.38664],[5.77808,50.3874],[5.77888,50.38835],[5.7792,50.38921],[5.77998,50.38969],[5.78098,50.39049],[5.78156,50.39057],[5.78199,50.39075],[5.78276,50.39084],[5.78364,50.39113],[5.78453,50.39123],[5.78536,50.39115],[5.78614,50.39129],[5.78647,50.39157],[5.78663,50.39213],[5.7873,50.39243],[5.78805,50.39244],[5.78869,50.3922],[5.7901,50.39221],[5.79182,50.39254],[5.79223,50.39272],[5.79244,50.39297],[5.79196,50.39327],[5.79118,50.39354],[5.79025,50.39408],[5.78949,50.39494],[5.78862,50.39524],[5.78836,50.3955],[5.7882,50.39603],[5.78782,50.39637],[5.78718,50.39654],[5.78494,50.39663],[5.78404,50.39687],[5.78355,50.39711],[5.78348,50.39737],[5.78336,50.39748],[5.78278,50.39757],[5.78197,50.39787],[5.78115,50.398],[5.78086,50.39818],[5.78085,50.39835],[5.7815,50.39884],[5.78196,50.39908],[5.78232,50.3997],[5.78281,50.39985],[5.78343,50.39985],[5.78403,50.39974],[5.78425,50.39964],[5.7845,50.39936],[5.78567,50.39922],[5.78612,50.39879],[5.78765,50.39875],[5.78827,50.39881],[5.78845,50.39892],[5.78864,50.39909],[5.78858,50.39936],[5.78868,50.39959],[5.78902,50.39987],[5.79,50.39973],[5.79283,50.4002],[5.79297,50.40048],[5.79268,50.40074],[5.79261,50.40137],[5.79235,50.40187],[5.7928,50.40219],[5.79331,50.4027],[5.79253,50.40302],[5.79105,50.40341],[5.79036,50.40382],[5.79025,50.40382],[5.79014,50.40345],[5.78995,50.40325],[5.78965,50.40328],[5.78892,50.40355],[5.78898,50.40384],[5.79015,50.40426],[5.79067,50.40431],[5.79117,50.40408],[5.79177,50.40397],[5.79235,50.4041],[5.79285,50.40433],[5.79235,50.40518],[5.79085,50.40696],[5.79061,50.40707],[5.7899,50.40705],[5.78962,50.40714],[5.79028,50.40744],[5.79142,50.40774],[5.79159,50.40799],[5.79119,50.40819],[5.79073,50.40815],[5.78865,50.40735],[5.78723,50.40698],[5.78598,50.40693],[5.78442,50.40669],[5.78197,50.40669],[5.78051,50.40632],[5.78066,50.40617],[5.78104,50.4061],[5.782,50.40638],[5.78249,50.40637],[5.7827,50.40628],[5.78248,50.40603],[5.78125,50.40565],[5.78064,50.40574],[5.78002,50.40633],[5.77906,50.4066],[5.77848,50.40661],[5.77817,50.40649],[5.77765,50.40609],[5.77759,50.40591],[5.77764,50.40546],[5.77745,50.40517],[5.77687,50.40496],[5.77583,50.40489],[5.77505,50.40471],[5.77416,50.40478],[5.77363,50.40467],[5.77319,50.40437],[5.77325,50.4038],[5.77291,50.40365],[5.77197,50.40364],[5.77078,50.40389],[5.7702,50.40383],[5.76923,50.40358],[5.76905,50.40346],[5.76871,50.40295],[5.7679,50.40242],[5.76705,50.40211],[5.76646,50.40198],[5.76582,50.40157],[5.7648,50.40107],[5.76421,50.40061],[5.76319,50.40021],[5.76171,50.39928],[5.76067,50.39918],[5.75947,50.3994],[5.75854,50.39923],[5.75718,50.39929],[5.75655,50.39909],[5.75548,50.39856],[5.75549,50.39845],[5.75568,50.39826],[5.75859,50.3979],[5.76051,50.39713],[5.7608,50.39644],[5.76073,50.39544],[5.76035,50.39453],[5.76041,50.39425],[5.76058,50.39405],[5.76312,50.39372],[5.76447,50.39391],[5.76491,50.39384],[5.76429,50.39329],[5.76321,50.3927],[5.76139,50.39153],[5.76142,50.39126],[5.76222,50.39078],[5.76259,50.39046],[5.763,50.38973],[5.76303,50.38942],[5.76284,50.38897],[5.76272,50.38831],[5.7628,50.3881],[5.76408,50.3878],[5.76472,50.38741],[5.76545,50.38717],[5.76671,50.38718],[5.76819,50.38745],[5.76984,50.38694],[5.7703,50.38703],[5.77088,50.38728],[5.77111,50.38726],[5.77117,50.38709],[5.77113,50.38686],[5.77069,50.38637],[5.77021,50.38603],[5.76916,50.38562],[5.7682,50.38548],[5.76726,50.3852],[5.76718,50.38501],[5.76721,50.3848],[5.76759,50.38435],[5.7677,50.38404],[5.76764,50.3838],[5.76738,50.38359],[5.7662,50.3836],[5.76562,50.38351],[5.76528,50.3838],[5.76538,50.38406],[5.76532,50.38418],[5.76473,50.38417],[5.76403,50.3845],[5.76321,50.38475],[5.76267,50.38471],[5.76163,50.38442],[5.76148,50.38435],[5.7612,50.38344],[5.76089,50.38301],[5.76057,50.38277],[5.75901,50.38188],[5.75827,50.38156],[5.75606,50.38106],[5.75557,50.38084],[5.75524,50.38053],[5.75506,50.37993]],[[5.78903,50.40692],[5.78901,50.40683],[5.78925,50.40687],[5.78903,50.40692]],[[5.78486,50.40633],[5.78531,50.40626],[5.78581,50.40631],[5.78536,50.40639],[5.78486,50.40633]],[[5.75153,50.40277],[5.7511,50.40241],[5.75154,50.40242],[5.75163,50.40267],[5.75153,50.40277]],[[5.72153,50.40193],[5.72154,50.40178],[5.72153,50.40193]],[[5.80778,50.40188],[5.80777,50.40181],[5.8082,50.40178],[5.80852,50.40159],[5.80987,50.40159],[5.80875,50.40171],[5.80825,50.40187],[5.80778,50.40188]],[[5.79611,50.39721],[5.79441,50.3968],[5.79322,50.39684],[5.79277,50.39676],[5.79251,50.3966],[5.79236,50.3964],[5.79225,50.39571],[5.79238,50.39549],[5.79266,50.39536],[5.79364,50.39513],[5.79409,50.39495],[5.79433,50.39465],[5.79508,50.39413],[5.79526,50.39378],[5.79553,50.39356],[5.79608,50.39331],[5.79654,50.39326],[5.79705,50.3935],[5.79777,50.39438],[5.79876,50.39515],[5.79904,50.39547],[5.7995,50.39576],[5.79958,50.396],[5.79891,50.39662],[5.79779,50.39681],[5.79668,50.39719],[5.79611,50.39721]],[[5.79778,50.39305],[5.7975,50.39297],[5.79802,50.39288],[5.79829,50.39297],[5.79778,50.39305]],[[5.82736,50.39303],[5.82716,50.39297],[5.82736,50.39291],[5.82791,50.39296],[5.82869,50.39291],[5.82922,50.39298],[5.82885,50.39304],[5.82736,50.39303]],[[5.82695,50.39285],[5.82686,50.39248],[5.8265,50.39218],[5.82635,50.39171],[5.82635,50.39154],[5.8265,50.39139],[5.82698,50.39208],[5.82703,50.39267],[5.82695,50.39285]],[[5.83278,50.3925],[5.83256,50.39242],[5.83282,50.39237],[5.83287,50.39243],[5.83278,50.3925]],[[5.78778,50.39145],[5.78715,50.39108],[5.78713,50.39099],[5.7875,50.39085],[5.78803,50.39104],[5.78821,50.39134],[5.78778,50.39145]],[[5.78611,50.39095],[5.78585,50.39077],[5.7861,50.3906],[5.78714,50.39077],[5.78682,50.39095],[5.78611,50.39095]],[[5.78695,50.38969],[5.78686,50.38964],[5.78694,50.38953],[5.78725,50.38963],[5.78695,50.38969]],[[5.80528,50.38883],[5.80518,50.38853],[5.80532,50.38836],[5.80554,50.38856],[5.80528,50.38883]],[[5.73945,50.38844],[5.7393,50.38825],[5.73947,50.38814],[5.73964,50.38827],[5.73945,50.38844]],[[5.76028,50.38605],[5.76023,50.38603],[5.7613,50.38586],[5.76157,50.38591],[5.76172,50.38602],[5.7614,50.38613],[5.76028,50.38605]],[[5.77861,50.38623],[5.77837,50.38601],[5.77858,50.38594],[5.7787,50.38598],[5.77873,50.38608],[5.77861,50.38623]],[[5.78945,50.38578],[5.78946,50.38568],[5.78951,50.38575],[5.78945,50.38578]],[[5.76611,50.38506],[5.76602,50.38492],[5.76613,50.38485],[5.76627,50.38494],[5.76611,50.38506]],[[5.74528,50.38152],[5.74506,50.38131],[5.74533,50.38129],[5.74528,50.38152]],[[5.72635,50.37993],[5.7261,50.38016],[5.72572,50.38021],[5.72565,50.37993]],[[5.74031,50.37993],[5.73985,50.38022],[5.73971,50.38016],[5.73969,50.37993]]]}},{"type":"Feature","properties":{"ele":350},"geometry":{"type":"MultiLineString","coordinates":[[[5.70912,50.45381],[5.70948,50.45224],[5.70946,50.45213],[5.70899,50.45187],[5.7099,50.4517],[5.71006,50.45159],[5.71011,50.45144],[5.71004,50.45129],[5.70948,50.45103],[5.70929,50.45077],[5.71035,50.45065],[5.71067,50.45046],[5.71077,50.45018],[5.71015,50.44995],[5.70901,50.45015],[5.7086,50.45013],[5.7083,50.44987],[5.70838,50.44915],[5.70831,50.44906],[5.70734,50.44905],[5.70661,50.44896],[5.70611,50.4491],[5.70567,50.44887],[5.70548,50.44853],[5.7052,50.44829],[5.70515,50.44796],[5.70489,50.44768],[5.70406,50.44781],[5.70365,50.44767],[5.70315,50.4469],[5.70317,50.44659],[5.70409,50.44604],[5.70361,50.446],[5.70325,50.44617],[5.70296,50.44621],[5.70267,50.44613],[5.70249,50.44595],[5.70245,50.44578],[5.70257,50.44548],[5.70225,50.4452],[5.70238,50.44494],[5.70307,50.44452],[5.70327,50.44451],[5.70365,50.44464],[5.70345,50.44438],[5.7032,50.44354],[5.70291,50.44324],[5.70217,50.44299],[5.70198,50.44241],[5.70154,50.44236],[5.70132,50.44246],[5.70128,50.44269],[5.70136,50.44307],[5.70129,50.44359],[5.70117,50.44382],[5.70083,50.44398],[5.70068,50.44399],[5.7004,50.4437],[5.7002,50.44363],[5.69924,50.44376],[5.69905,50.44385],[5.69874,50.44465],[5.69822,50.4448],[5.69771,50.44474],[5.6965,50.44437],[5.6963,50.44418],[5.69629,50.44409],[5.69661,50.44393],[5.69688,50.44344],[5.69743,50.44303],[5.69812,50.44291],[5.69932,50.44308],[5.69962,50.44302],[5.69962,50.44293],[5.69928,50.44261],[5.69907,50.44216],[5.69903,50.44187],[5.69806,50.44184],[5.69745,50.44199],[5.69694,50.44222],[5.69635,50.44226],[5.69416,50.44205],[5.69314,50.44167],[5.6925,50.44131],[5.69227,50.44108],[5.69219,50.44053],[5.69206,50.44034],[5.69191,50.44023],[5.69151,50.44013],[5.6913,50.43992],[5.69193,50.43961],[5.69201,50.43936],[5.69173,50.43914],[5.69178,50.43906],[5.69312,50.43867],[5.69341,50.43874],[5.69349,50.43883],[5.69305,50.4391],[5.69355,50.43906],[5.69374,50.43859],[5.6936,50.4383],[5.69313,50.43801],[5.69234,50.43783],[5.69152,50.43721],[5.69069,50.43684],[5.68736,50.43575]],[[5.71117,50.45381],[5.71132,50.45348],[5.71105,50.45298],[5.71142,50.45269],[5.71102,50.45243],[5.71122,50.45242],[5.71154,50.45261],[5.7118,50.45206],[5.71235,50.4515],[5.71267,50.45052],[5.71309,50.45009],[5.7135,50.44985],[5.71406,50.44978],[5.71484,50.4501],[5.71531,50.45014],[5.71608,50.44991],[5.71654,50.44958],[5.71733,50.44994],[5.71788,50.44999],[5.71816,50.4499],[5.71835,50.44975],[5.71867,50.44928],[5.71933,50.44898],[5.72018,50.44873],[5.72076,50.44836],[5.72135,50.44814],[5.72171,50.44813],[5.72269,50.44843],[5.72286,50.4483],[5.72264,50.44799],[5.72279,50.44789],[5.72316,50.44788],[5.72406,50.44805],[5.72455,50.44801],[5.7243,50.44776],[5.7243,50.44762],[5.72449,50.44748],[5.72491,50.44748],[5.72508,50.44718],[5.72417,50.4466],[5.72401,50.44634],[5.72436,50.4455],[5.72436,50.44413],[5.72496,50.44347],[5.72679,50.4424],[5.72712,50.44154],[5.72704,50.44051],[5.72684,50.44021],[5.72642,50.43994],[5.72517,50.43944],[5.7244,50.43899],[5.7239,50.43887],[5.72296,50.43895],[5.72192,50.43893],[5.72134,50.43907],[5.72099,50.43932],[5.72031,50.44021],[5.71986,50.44051],[5.71939,50.44103],[5.71902,50.44107],[5.71861,50.44076],[5.71817,50.4406],[5.71644,50.44059],[5.71621,50.44039],[5.7161,50.43991],[5.71634,50.43958],[5.71708,50.43911],[5.71732,50.43862],[5.71726,50.43824],[5.71688,50.43771],[5.71532,50.43687],[5.71497,50.43655],[5.71448,50.4364],[5.71193,50.43607],[5.7107,50.43568],[5.71,50.43554],[5.7086,50.43576],[5.7082,50.43548],[5.7081,50.43525],[5.70814,50.43494],[5.70833,50.43465],[5.70824,50.43437],[5.70757,50.43408],[5.70734,50.43385],[5.70744,50.43351],[5.70739,50.43324],[5.7063,50.43251],[5.70598,50.43244],[5.70517,50.43247],[5.70486,50.43231],[5.70478,50.43209],[5.70496,50.43198],[5.70614,50.43211],[5.70653,50.43207],[5.70711,50.43144],[5.70722,50.43099],[5.7074,50.43083],[5.70771,50.43105],[5.70797,50.43164],[5.7085,50.43223],[5.70889,50.43254],[5.71144,50.43343],[5.71235,50.43383],[5.71319,50.43381],[5.71398,50.4335],[5.71421,50.43326],[5.71427,50.43296],[5.71444,50.43266],[5.71444,50.43187],[5.71486,50.4318],[5.71531,50.43198],[5.71592,50.43236],[5.71693,50.43328],[5.71738,50.43349],[5.71825,50.43418],[5.7194,50.43449],[5.71995,50.43417],[5.7211,50.43407],[5.72156,50.43413],[5.72173,50.43407],[5.72227,50.43352],[5.72238,50.43273],[5.72281,50.43242],[5.7225,50.43214],[5.72153,50.43159],[5.72138,50.43129],[5.72162,50.43119],[5.72265,50.43128],[5.7232,50.43108],[5.72347,50.43051],[5.72383,50.4302],[5.72397,50.42994],[5.72394,50.42963],[5.72377,50.4293],[5.72274,50.42853],[5.72317,50.42838],[5.72357,50.42841],[5.72449,50.42902],[5.72484,50.42913],[5.72503,50.42907],[5.7251,50.42887],[5.72499,50.42856],[5.72531,50.42826],[5.72538,50.42793],[5.72534,50.42741],[5.72567,50.42683],[5.72573,50.42623],[5.7257,50.42604],[5.72489,50.42573],[5.72466,50.42543],[5.72468,50.42512],[5.72486,50.42464],[5.72571,50.42438],[5.72645,50.4239],[5.72695,50.42381],[5.72683,50.42303],[5.72664,50.42272],[5.7253,50.42214],[5.724,50.42182],[5.72317,50.42179],[5.72228,50.42189],[5.72196,50.42158],[5.72188,50.42139],[5.72195,50.42076],[5.72112,50.41992],[5.72042,50.41946],[5.72031,50.41928],[5.72032,50.41915],[5.72047,50.41902],[5.72103,50.4188],[5.72138,50.41854],[5.72192,50.41846],[5.72237,50.41854],[5.7221,50.41876],[5.72216,50.41889],[5.72317,50.41941],[5.72406,50.41961],[5.72463,50.41953],[5.72489,50.41939],[5.72512,50.41901],[5.72562,50.41887],[5.72651,50.41891],[5.72755,50.41912],[5.72945,50.41917],[5.72953,50.41908],[5.72953,50.4188],[5.72983,50.41821],[5.73001,50.41661],[5.72952,50.41505],[5.72945,50.41437],[5.72918,50.41402],[5.72877,50.41372],[5.72809,50.41359],[5.72692,50.41299],[5.7256,50.41244],[5.72474,50.41218],[5.7242,50.4115],[5.72401,50.41026],[5.72371,50.40992],[5.72321,50.40961],[5.72314,50.40936],[5.72321,50.40906],[5.72306,50.40886],[5.7202,50.40844],[5.71943,50.40826],[5.71898,50.40799],[5.71987,50.4077],[5.72032,50.40745],[5.72084,50.4069],[5.721,50.40651],[5.72089,50.40606],[5.72005,50.40491],[5.71978,50.40438],[5.71983,50.40355],[5.71996,50.40317],[5.71996,50.40272],[5.72006,50.4023],[5.71987,50.40187],[5.71916,50.40148],[5.71783,50.40112],[5.71697,50.40075],[5.71488,50.39922],[5.71405,50.3988],[5.71283,50.39787],[5.71225,50.39775],[5.71211,50.39741],[5.71159,50.39686],[5.71136,50.39637],[5.71138,50.39627],[5.71192,50.39612],[5.71279,50.39626],[5.71321,50.39593],[5.71362,50.39573],[5.71484,50.39605],[5.71528,50.39604],[5.71666,50.39624],[5.71781,50.39656],[5.71862,50.39701],[5.71986,50.39743],[5.72074,50.39792],[5.72235,50.39912],[5.72244,50.39942],[5.72236,50.39993],[5.72242,50.40022],[5.72279,50.40076],[5.7232,50.40186],[5.72432,50.40383],[5.7245,50.40392],[5.72541,50.40404],[5.72589,50.40467],[5.72609,50.40526],[5.72687,50.40581],[5.72796,50.40617],[5.7288,50.40623],[5.72987,50.40601],[5.73032,50.40603],[5.73149,50.40619],[5.73244,50.40651],[5.73325,50.40661],[5.735,50.40702],[5.7357,50.40687],[5.73612,50.40663],[5.73649,50.40574],[5.73687,50.40548],[5.73755,50.40539],[5.73907,50.4048],[5.74031,50.4047],[5.74109,50.40475],[5.7431,50.40433],[5.74437,50.40423],[5.74597,50.40442],[5.74653,50.40465],[5.74692,50.40495],[5.74723,50.40502],[5.74751,50.40496],[5.74761,50.40473],[5.74742,50.40405],[5.74684,50.40327],[5.74741,50.40305],[5.74738,50.40269],[5.74635,50.40229],[5.74593,50.4023],[5.74529,50.40246],[5.74484,50.40243],[5.74403,50.40187],[5.74392,50.40095],[5.74397,50.40024],[5.74408,50.40016],[5.74489,50.40026],[5.74492,50.39937],[5.74461,50.39879],[5.74395,50.39828],[5.74367,50.39791],[5.74345,50.39775],[5.74265,50.39758],[5.74156,50.39765],[5.74046,50.39781],[5.73936,50.39821],[5.73823,50.39892],[5.73772,50.39914],[5.7374,50.39908],[5.7371,50.3989],[5.73698,50.39876],[5.73695,50.39853],[5.73638,50.39797],[5.73648,50.39764],[5.73699,50.39744],[5.73696,50.39738],[5.735,50.39672],[5.73463,50.39673],[5.73403,50.3969],[5.73359,50.39686],[5.73354,50.39658],[5.73376,50.39626],[5.73347,50.39576],[5.73386,50.39545],[5.7338,50.39522],[5.73359,50.39493],[5.73374,50.3947],[5.73396,50.39462],[5.73588,50.39448],[5.73738,50.3941],[5.7387,50.39387],[5.7396,50.3936],[5.73981,50.3935],[5.73992,50.39329],[5.73976,50.39271],[5.74026,50.39262],[5.74034,50.39241],[5.73964,50.39162],[5.73919,50.39128],[5.73903,50.39104],[5.73781,50.39086],[5.7368,50.39108],[5.73591,50.39077],[5.73476,50.39053],[5.73319,50.38995],[5.73208,50.38981],[5.73152,50.38966],[5.73125,50.38918],[5.73121,50.38887],[5.73148,50.38835],[5.73152,50.38796],[5.73183,50.3873],[5.73235,50.3867],[5.73319,50.38631],[5.73391,50.38547],[5.73408,50.38537],[5.73447,50.38532],[5.73526,50.38537],[5.73734,50.38576],[5.73937,50.38584],[5.74017,50.38572],[5.74042,50.38558],[5.74048,50.38543],[5.74028,50.38492],[5.73984,50.38471],[5.73947,50.38436],[5.73867,50.38407],[5.73733,50.3834],[5.73605,50.38299],[5.7351,50.38287],[5.73445,50.38298],[5.73378,50.38386],[5.73321,50.38416],[5.73281,50.38425],[5.73191,50.38413],[5.73077,50.38379],[5.73026,50.38375],[5.72988,50.38363],[5.72973,50.38351],[5.72988,50.38327],[5.72988,50.38297],[5.72944,50.38285],[5.72922,50.38298],[5.72929,50.38331],[5.72923,50.3839],[5.72899,50.38434],[5.72901,50.3847],[5.72894,50.38501],[5.72869,50.38532],[5.72781,50.38578],[5.72755,50.38582],[5.72736,50.38581],[5.72687,50.38558],[5.72537,50.38562],[5.72451,50.38534],[5.72442,50.38524],[5.72444,50.38484],[5.7249,50.3847],[5.72543,50.38437],[5.72486,50.38388],[5.72395,50.38359],[5.7229,50.38389],[5.7225,50.38392],[5.7222,50.38384],[5.72202,50.38362],[5.72202,50.38324],[5.72182,50.38292],[5.72183,50.38262],[5.72213,50.38216],[5.72307,50.382],[5.72344,50.38184],[5.72352,50.38157],[5.72323,50.381],[5.72279,50.38107],[5.72192,50.38155],[5.72151,50.38157],[5.72102,50.38139],[5.72014,50.3808],[5.71991,50.38038],[5.71977,50.38029],[5.7188,50.38021],[5.71777,50.38031],[5.71694,50.37993]],[[5.72684,50.45381],[5.72672,50.45353],[5.72649,50.45327],[5.72634,50.45258],[5.72601,50.45209],[5.72569,50.45133],[5.7248,50.4505],[5.72403,50.44937],[5.72447,50.44924],[5.72515,50.44924],[5.72561,50.4494],[5.72669,50.45021],[5.72679,50.45076],[5.72625,50.45103],[5.72656,50.45121],[5.72738,50.45136],[5.72861,50.451],[5.72873,50.45102],[5.72899,50.45165],[5.7295,50.45198],[5.72997,50.45241],[5.72993,50.45268],[5.73029,50.45297],[5.73019,50.45325],[5.73037,50.45336],[5.73151,50.45368],[5.73228,50.45371],[5.73319,50.45322],[5.73375,50.4531],[5.73427,50.4531],[5.73583,50.45341],[5.73611,50.45354],[5.73623,50.45381]],[[5.74759,50.45381],[5.74773,50.45341],[5.7476,50.45206],[5.74746,50.45162],[5.74704,50.45078],[5.74689,50.44939],[5.74676,50.44894],[5.74631,50.44824],[5.74611,50.44773],[5.74609,50.44741],[5.74622,50.44721],[5.74768,50.44623],[5.74818,50.44603],[5.75088,50.4456],[5.75192,50.44557],[5.75307,50.44569],[5.75364,50.44558],[5.75484,50.44565],[5.75532,50.44555],[5.7554,50.44539],[5.75537,50.44512],[5.75501,50.44456],[5.75492,50.44421],[5.75498,50.44404],[5.75517,50.44383],[5.75686,50.44336],[5.7574,50.44313],[5.7582,50.44298],[5.75885,50.44271],[5.75911,50.44245],[5.75896,50.44218],[5.75822,50.44154],[5.75674,50.44045],[5.75654,50.44012],[5.75664,50.4398],[5.75701,50.43951],[5.75782,50.43911],[5.75901,50.43881],[5.76041,50.43828],[5.76109,50.43796],[5.7617,50.43743],[5.75953,50.4376],[5.7586,50.43714],[5.7577,50.43741],[5.75791,50.43763],[5.7579,50.43774],[5.75718,50.43784],[5.75685,50.43773],[5.75717,50.43744],[5.75685,50.43719],[5.75583,50.43697],[5.75505,50.43694],[5.75318,50.43741],[5.75289,50.43769],[5.7527,50.43806],[5.752,50.43858],[5.75086,50.43903],[5.75066,50.43936],[5.75027,50.43938],[5.74978,50.43928],[5.74932,50.43932],[5.74868,50.43943],[5.74821,50.4397],[5.74776,50.43976],[5.74696,50.43961],[5.74608,50.43966],[5.74532,50.43932],[5.74491,50.43942],[5.74469,50.43939],[5.74439,50.43926],[5.74189,50.43758],[5.7409,50.43678],[5.74054,50.43633],[5.74039,50.43588],[5.74026,50.43475],[5.73986,50.433],[5.73979,50.43193],[5.73989,50.43161],[5.74042,50.43121],[5.74166,50.43095],[5.7423,50.43074],[5.74407,50.42975],[5.74458,50.42975],[5.74532,50.42997],[5.74585,50.42941],[5.74612,50.42923],[5.75031,50.42788],[5.75163,50.42719],[5.75194,50.42712],[5.75278,50.42715],[5.75333,50.42688],[5.75312,50.42659],[5.75317,50.42651],[5.75408,50.42606],[5.75563,50.42546],[5.75823,50.42466],[5.75903,50.42434],[5.76057,50.42392],[5.76162,50.42388],[5.76236,50.42357],[5.76283,50.42327],[5.76437,50.42293],[5.76494,50.4229],[5.76619,50.42255],[5.76946,50.4222],[5.77221,50.42161],[5.77359,50.42144],[5.77479,50.42119],[5.77687,50.42115],[5.77778,50.42104],[5.7807,50.4202],[5.78147,50.41986],[5.78215,50.41937],[5.78238,50.41883],[5.78322,50.41826],[5.78366,50.41824],[5.78449,50.41861],[5.78616,50.41878],[5.78666,50.41899],[5.78738,50.41907],[5.78807,50.41925],[5.78904,50.41907],[5.78984,50.41928],[5.79041,50.41927],[5.79109,50.41913],[5.79124,50.41903],[5.79182,50.41838],[5.79184,50.41824],[5.79167,50.41802],[5.79184,50.41791],[5.79529,50.41745],[5.79661,50.417],[5.79734,50.41692],[5.79786,50.41698],[5.80041,50.41647],[5.80195,50.41634],[5.80274,50.416],[5.80395,50.41592],[5.80453,50.41576],[5.80417,50.41545],[5.80225,50.41492],[5.80179,50.41466],[5.80173,50.41437],[5.80236,50.41391],[5.80335,50.4138],[5.80387,50.41351],[5.80738,50.4122],[5.80864,50.4116],[5.81121,50.40963],[5.81134,50.40935],[5.81103,50.40881],[5.81105,50.40816],[5.81114,50.40799],[5.81154,50.40773],[5.81222,50.40742],[5.81349,50.40748],[5.81484,50.40793],[5.81536,50.40824],[5.81587,50.40886],[5.81661,50.4093],[5.81821,50.40909],[5.81859,50.40914],[5.81945,50.40943],[5.82019,50.40908],[5.8215,50.409],[5.8216,50.40939],[5.82107,50.40958],[5.82102,50.4097],[5.82153,50.4102],[5.82218,50.41049],[5.82262,50.41102],[5.82302,50.41116],[5.82333,50.41109],[5.82346,50.41048],[5.82375,50.41025],[5.82432,50.41015],[5.82513,50.41021],[5.82713,50.41079],[5.82812,50.41134],[5.82911,50.41134],[5.83232,50.41192],[5.83279,50.41213],[5.83276,50.41248],[5.83319,50.4127],[5.83468,50.41256],[5.83527,50.41261],[5.83548,50.41276],[5.83569,50.41341],[5.83604,50.41356],[5.83822,50.41374],[5.83982,50.4135],[5.84071,50.41351],[5.84108,50.41354],[5.84153,50.41378]],[[5.68736,50.44389],[5.68781,50.4439],[5.68932,50.44422],[5.69005,50.44421],[5.69056,50.44436],[5.69068,50.44466],[5.69116,50.44456],[5.69154,50.44462],[5.69203,50.44493],[5.69237,50.44548],[5.69271,50.44577],[5.69366,50.44572],[5.69406,50.44622],[5.69453,50.4465],[5.69532,50.44666],[5.69586,50.44663],[5.6959,50.44657],[5.69555,50.44638],[5.69548,50.44626],[5.696,50.44546],[5.69769,50.44529],[5.69781,50.44533],[5.69811,50.4458],[5.69903,50.44632],[5.69989,50.44645],[5.70002,50.44656],[5.70008,50.44675],[5.69985,50.44716],[5.69991,50.44741],[5.69985,50.44772],[5.69998,50.448],[5.69903,50.44853],[5.69889,50.4488],[5.69885,50.44907],[5.69873,50.4492],[5.69848,50.4493],[5.69778,50.44937],[5.69581,50.45025],[5.69368,50.45136],[5.6932,50.45187],[5.69281,50.45205],[5.68939,50.45197],[5.68863,50.45151],[5.68848,50.45133],[5.68863,50.45116],[5.68907,50.45105],[5.68911,50.45074],[5.68828,50.45082],[5.68796,50.45074],[5.68755,50.45001],[5.6875,50.44965],[5.68736,50.44948]],[[5.72736,50.45053],[5.72732,50.45047],[5.72743,50.45048],[5.72736,50.45053]],[[5.69736,50.447],[5.6971,50.44684],[5.69707,50.44668],[5.69713,50.44659],[5.69746,50.44659],[5.69736,50.447]],[[5.70028,50.44494],[5.7008,50.44493],[5.70065,50.44501],[5.70028,50.44494]],[[5.69945,50.44479],[5.69933,50.44463],[5.69979,50.44429],[5.69998,50.44428],[5.70015,50.44437],[5.70014,50.44449],[5.69991,50.44477],[5.69945,50.44479]],[[5.70028,50.44431],[5.7002,50.44405],[5.70054,50.44408],[5.70028,50.44431]],[[5.72778,50.4336],[5.72766,50.43321],[5.72733,50.43277],[5.72721,50.43246],[5.7268,50.43214],[5.72614,50.43126],[5.72572,50.43047],[5.72569,50.4302],[5.72652,50.4302],[5.72735,50.43078],[5.72755,50.43102],[5.72782,50.43209],[5.7278,50.43228],[5.72767,50.43243],[5.72796,50.43293],[5.72789,50.43324],[5.72796,50.43352],[5.72778,50.4336]],[[5.70736,50.43073],[5.70738,50.43038],[5.70743,50.43051],[5.70736,50.43073]],[[5.70736,50.43015],[5.70729,50.42994],[5.70736,50.42978],[5.70744,50.42992],[5.70736,50.43015]],[[5.68736,50.42828],[5.68757,50.428],[5.68736,50.42773]],[[5.68736,50.42188],[5.68768,50.4215],[5.68819,50.42131],[5.68862,50.42131],[5.68961,50.42159],[5.68985,50.42188],[5.69023,50.4219],[5.6904,50.42186],[5.69003,50.42159],[5.69195,50.42136],[5.69216,50.42125],[5.6919,50.42079],[5.69094,50.42045],[5.69027,50.41993],[5.69004,50.41956],[5.68986,50.41897],[5.6899,50.41802],[5.68972,50.41744],[5.68975,50.41686],[5.69,50.41633],[5.6899,50.41602],[5.68916,50.41571],[5.68867,50.41569],[5.68855,50.41574],[5.68843,50.41604],[5.68819,50.41623],[5.68736,50.41646]],[[5.6932,50.4216],[5.69312,50.42159],[5.6932,50.4216]],[[5.77695,50.40165],[5.77421,50.40117],[5.77279,50.40102],[5.77114,50.40065],[5.76895,50.39973],[5.76753,50.39931],[5.7661,50.39909],[5.76527,50.39883],[5.76424,50.39824],[5.76399,50.398],[5.76397,50.39772],[5.76505,50.39733],[5.76619,50.39703],[5.76734,50.39686],[5.76848,50.39697],[5.76943,50.3969],[5.77087,50.39665],[5.77158,50.39635],[5.77181,50.39595],[5.77166,50.39526],[5.7717,50.39453],[5.7714,50.39366],[5.77097,50.39276],[5.77101,50.39243],[5.77121,50.3923],[5.77197,50.39232],[5.77333,50.39252],[5.77484,50.39304],[5.77571,50.39325],[5.77647,50.39358],[5.77761,50.39435],[5.77842,50.39515],[5.77844,50.39536],[5.77832,50.39553],[5.77782,50.39577],[5.77606,50.39628],[5.77572,50.39668],[5.77577,50.39744],[5.77616,50.39796],[5.77772,50.39859],[5.77884,50.39879],[5.77897,50.39894],[5.77894,50.39911],[5.77863,50.39942],[5.77834,50.40078],[5.77832,50.4013],[5.7782,50.40159],[5.7776,50.4017],[5.77695,50.40165]],[[5.7132,50.39662],[5.71299,50.3965],[5.71289,50.39634],[5.71321,50.3963],[5.71327,50.39655],[5.7132,50.39662]],[[5.84153,50.39489],[5.84112,50.39521],[5.84067,50.39532],[5.83907,50.39495],[5.83808,50.39492],[5.83816,50.39462],[5.83859,50.39445],[5.83895,50.3945],[5.83945,50.3947],[5.83998,50.39464],[5.83969,50.39435],[5.8386,50.39382],[5.83736,50.39299],[5.83635,50.39214],[5.83622,50.39185],[5.83613,50.39016],[5.83567,50.39009],[5.83473,50.39016],[5.83317,50.38994],[5.83194,50.38965],[5.8306,50.38909],[5.83035,50.38883],[5.83026,50.38852],[5.82972,50.38826],[5.82817,50.38788],[5.82692,50.38716],[5.82649,50.38673],[5.82583,50.38649],[5.82458,50.38642],[5.82171,50.38653],[5.82102,50.3864],[5.81978,50.38578],[5.81862,50.38492],[5.81778,50.38416],[5.81696,50.38367],[5.81613,50.38325],[5.8138,50.38232],[5.81319,50.38227],[5.81276,50.38262],[5.81246,50.38303],[5.81155,50.38355],[5.81059,50.38355],[5.80947,50.38325],[5.8092,50.38282],[5.80905,50.3821],[5.80857,50.38187],[5.80867,50.38174],[5.80945,50.38159],[5.80531,50.38136],[5.80418,50.38195],[5.80318,50.38214],[5.80409,50.38226],[5.80521,50.38276],[5.80536,50.38292],[5.80533,50.38304],[5.8045,50.38327],[5.80309,50.3835],[5.80229,50.38374],[5.80153,50.38409],[5.80108,50.38419],[5.80065,50.38386],[5.80058,50.38341],[5.80033,50.38297],[5.79946,50.38265],[5.7987,50.38279],[5.79846,50.38276],[5.79831,50.38258],[5.79823,50.38213],[5.79726,50.38171],[5.79658,50.3813],[5.79647,50.38081],[5.79633,50.38066],[5.79528,50.3802],[5.79438,50.37993]],[[5.78195,50.39447],[5.78174,50.39434],[5.78199,50.39418],[5.78233,50.39421],[5.78262,50.39435],[5.78195,50.39447]],[[5.76611,50.39146],[5.76597,50.39132],[5.76779,50.39131],[5.76611,50.39146]],[[5.74528,50.39052],[5.74404,50.3902],[5.74384,50.3899],[5.74399,50.3898],[5.74421,50.38981],[5.74495,50.39004],[5.74577,50.39019],[5.74596,50.39042],[5.7458,50.39052],[5.74528,50.39052]],[[5.74236,50.38863],[5.74226,50.38854],[5.74238,50.38853],[5.74236,50.38863]],[[5.79611,50.38494],[5.79558,50.38465],[5.79566,50.38436],[5.79654,50.38462],[5.79631,50.38487],[5.79611,50.38494]],[[5.79653,50.38404],[5.79641,50.38381],[5.79659,50.38382],[5.79653,50.38404]],[[5.71945,50.3817],[5.71903,50.38154],[5.71883,50.3813],[5.71912,50.3812],[5.7195,50.38127],[5.71954,50.38138],[5.71945,50.3817]],[[5.72778,50.3805],[5.72772,50.38048],[5.72778,50.3805]],[[5.79358,50.37993],[5.79283,50.38026],[5.79234,50.38037],[5.78953,50.38038],[5.78866,50.38051],[5.78841,50.38046],[5.78811,50.38029],[5.78788,50.37993]]]}},{"type":"Feature","properties":{"ele":400},"geometry":{"type":"MultiLineString","coordinates":[[[5.7506,50.45381],[5.75056,50.45341],[5.75094,50.45296],[5.75063,50.45219],[5.75077,50.45186],[5.74945,50.45159],[5.74942,50.45104],[5.7492,50.4505],[5.74923,50.45019],[5.74899,50.44969],[5.74915,50.44932],[5.74878,50.44831],[5.74893,50.44802],[5.74945,50.44798],[5.74996,50.44773],[5.75022,50.44733],[5.75052,50.44716],[5.75016,50.44692],[5.75016,50.44682],[5.75029,50.44676],[5.75107,50.44691],[5.75152,50.44677],[5.7519,50.44678],[5.75315,50.44727],[5.75411,50.44689],[5.75617,50.44699],[5.75686,50.44654],[5.75797,50.44632],[5.75771,50.44619],[5.75737,50.44579],[5.75739,50.4455],[5.75762,50.44522],[5.75899,50.44406],[5.76098,50.44364],[5.76163,50.44371],[5.762,50.44402],[5.76237,50.44418],[5.76277,50.44409],[5.76319,50.44385],[5.76341,50.4435],[5.7638,50.4432],[5.76376,50.44279],[5.7636,50.44245],[5.76186,50.44188],[5.76126,50.44158],[5.76071,50.44103],[5.76021,50.44076],[5.75872,50.44023],[5.75848,50.43996],[5.75858,50.43967],[5.76076,50.43893],[5.76366,50.4376],[5.76444,50.43714],[5.76527,50.43646],[5.76577,50.43615],[5.76609,50.43603],[5.76739,50.43587],[5.76827,50.43591],[5.76883,50.43556],[5.76904,50.43521],[5.76778,50.43521],[5.76693,50.43511],[5.76623,50.43471],[5.76582,50.43431],[5.76541,50.43436],[5.76528,50.43465],[5.76516,50.43435],[5.76487,50.43407],[5.7646,50.43439],[5.76406,50.43453],[5.76282,50.43405],[5.76236,50.43401],[5.76206,50.43414],[5.76152,50.43469],[5.76114,50.4348],[5.76072,50.4347],[5.76052,50.43473],[5.75944,50.43547],[5.759,50.4356],[5.75661,50.43597],[5.75484,50.4358],[5.75346,50.43602],[5.75244,50.4364],[5.75198,50.43696],[5.75158,50.43718],[5.74864,50.4381],[5.74781,50.43829],[5.74689,50.43827],[5.74609,50.43815],[5.74446,50.43754],[5.74364,50.43715],[5.74291,50.43706],[5.74237,50.43686],[5.74218,50.43657],[5.74207,50.43623],[5.74185,50.43477],[5.74187,50.43421],[5.74209,50.43379],[5.74282,50.43327],[5.7434,50.43262],[5.74406,50.43219],[5.74483,50.43186],[5.7477,50.43127],[5.74804,50.43072],[5.74836,50.43044],[5.75115,50.42948],[5.75193,50.42908],[5.75291,50.42832],[5.75348,50.42815],[5.75463,50.42799],[5.75653,50.42715],[5.75694,50.42743],[5.75723,50.42752],[5.75781,50.42744],[5.75889,50.42691],[5.75916,50.42657],[5.75943,50.4264],[5.76121,50.42606],[5.76153,50.42588],[5.76195,50.42541],[5.76348,50.42483],[5.76443,50.4247],[5.76593,50.42424],[5.76696,50.42413],[5.76765,50.42392],[5.76853,50.4239],[5.76973,50.42352],[5.77128,50.42328],[5.77442,50.42223],[5.77473,50.42225],[5.7752,50.42247],[5.77552,50.42252],[5.77692,50.42235],[5.77781,50.42188],[5.77864,50.42177],[5.78031,50.42129],[5.78123,50.42112],[5.78202,50.4209],[5.78291,50.42051],[5.78432,50.42036],[5.78463,50.42039],[5.78652,50.42104],[5.78745,50.42158],[5.78885,50.42154],[5.78992,50.42124],[5.79073,50.42144],[5.79114,50.42146],[5.79278,50.42089],[5.79322,50.42058],[5.79399,50.4198],[5.79477,50.41943],[5.7956,50.41917],[5.79615,50.41884],[5.7969,50.41865],[5.79755,50.41834],[5.79928,50.4182],[5.80093,50.41756],[5.80266,50.41739],[5.80356,50.41713],[5.8039,50.4171],[5.80453,50.41731],[5.80488,50.41729],[5.80524,50.41713],[5.80567,50.41714],[5.80695,50.41733],[5.80776,50.41756],[5.80843,50.41755],[5.80863,50.41742],[5.80787,50.41712],[5.80803,50.41688],[5.80837,50.41665],[5.80834,50.41649],[5.80777,50.41595],[5.80639,50.41522],[5.80569,50.41464],[5.8063,50.41447],[5.80728,50.41458],[5.80791,50.41475],[5.80855,50.41469],[5.80864,50.41463],[5.80855,50.41434],[5.81029,50.41342],[5.81156,50.41312],[5.81348,50.4129],[5.81421,50.41257],[5.81473,50.41257],[5.81575,50.41275],[5.81638,50.41241],[5.81718,50.41234],[5.81927,50.41282],[5.82088,50.41297],[5.82244,50.41264],[5.82277,50.41272],[5.82322,50.41324],[5.82394,50.41355],[5.82477,50.41358],[5.82578,50.41333],[5.82781,50.41357],[5.82903,50.41389],[5.82984,50.41401],[5.83033,50.41434],[5.83021,50.41463],[5.83028,50.41472],[5.83112,50.41487],[5.83148,50.41503],[5.83319,50.41551],[5.83405,50.41556],[5.83511,50.41487],[5.83604,50.41473],[5.83659,50.41486],[5.83741,50.41569],[5.83901,50.41563],[5.8402,50.41526],[5.84153,50.41575]],[[5.8182,50.45361],[5.8178,50.45353],[5.81762,50.45338],[5.81743,50.4531],[5.81748,50.45294],[5.81786,50.45279],[5.81841,50.45304],[5.81862,50.45326],[5.8182,50.45361]],[[5.8198,50.45381],[5.82083,50.45357],[5.82171,50.45373],[5.8225,50.45363],[5.82447,50.45358],[5.82523,50.45381]],[[5.82761,50.45381],[5.82746,50.4533],[5.82796,50.4532],[5.8286,50.45333],[5.82899,50.45356],[5.82914,50.45381]],[[5.71736,50.44416],[5.71652,50.44383],[5.71622,50.44348],[5.71572,50.44324],[5.7157,50.44298],[5.71613,50.44265],[5.71696,50.44269],[5.71765,50.44282],[5.71901,50.44249],[5.71961,50.44269],[5.71963,50.44282],[5.71954,50.44298],[5.71901,50.44307],[5.71818,50.44345],[5.71799,50.44363],[5.71776,50.44407],[5.71736,50.44416]],[[5.7132,50.44298],[5.71295,50.44294],[5.71298,50.44272],[5.71323,50.44269],[5.7132,50.44298]],[[5.71153,50.44246],[5.71138,50.4422],[5.71148,50.44168],[5.71132,50.4413],[5.71144,50.44104],[5.71184,50.44071],[5.71239,50.44043],[5.71312,50.44031],[5.71353,50.44048],[5.71359,50.44067],[5.71345,50.44109],[5.71368,50.44159],[5.71357,50.44184],[5.71326,50.44199],[5.71276,50.442],[5.71229,50.44213],[5.71228,50.44236],[5.71215,50.44246],[5.71153,50.44246]],[[5.71361,50.44217],[5.71363,50.44206],[5.71371,50.44214],[5.71361,50.44217]],[[5.71111,50.43975],[5.71099,50.43963],[5.71138,50.43964],[5.71111,50.43975]],[[5.70986,50.43886],[5.70974,50.43853],[5.70982,50.43838],[5.70998,50.4383],[5.71029,50.43826],[5.711,50.43853],[5.71077,50.43863],[5.71022,50.43869],[5.70986,50.43886]],[[5.71153,50.43859],[5.71123,50.4385],[5.71152,50.43824],[5.71188,50.43832],[5.71217,50.43851],[5.71195,50.4386],[5.71153,50.43859]],[[5.76778,50.43469],[5.76778,50.43462],[5.76778,50.43469]],[[5.76111,50.43446],[5.76092,50.43437],[5.7613,50.43437],[5.76111,50.43446]],[[5.69403,50.43387],[5.69385,50.4338],[5.69374,50.43362],[5.69378,50.43349],[5.69397,50.43335],[5.69432,50.43336],[5.69477,50.43357],[5.69471,50.43375],[5.69455,50.43387],[5.69403,50.43387]],[[5.69695,50.43266],[5.69623,50.43199],[5.6962,50.43189],[5.6963,50.43176],[5.69656,50.43165],[5.69687,50.43166],[5.69739,50.43198],[5.69748,50.43224],[5.69741,50.43252],[5.69695,50.43266]],[[5.69486,50.4323],[5.69447,50.43212],[5.69442,50.43186],[5.69481,50.43182],[5.69496,50.43189],[5.69511,50.43214],[5.69486,50.4323]],[[5.70427,50.37993],[5.70487,50.3802],[5.70517,50.38078],[5.70541,50.38101],[5.70664,50.38152],[5.70679,50.38192],[5.70699,50.38218],[5.7075,50.38235],[5.70854,50.38235],[5.71135,50.38253],[5.71199,50.38269],[5.71218,50.38289],[5.71218,50.38301],[5.71157,50.38328],[5.71151,50.38355],[5.71279,50.38381],[5.71363,50.38427],[5.7145,50.38452],[5.71566,50.3852],[5.7165,50.38551],[5.7171,50.38595],[5.71734,50.38605],[5.71818,50.38614],[5.71841,50.38636],[5.71899,50.38664],[5.71946,50.38698],[5.72057,50.38732],[5.72131,50.38742],[5.721,50.38759],[5.72093,50.38771],[5.72236,50.38822],[5.72309,50.38859],[5.72407,50.38879],[5.72454,50.38907],[5.72493,50.38953],[5.72565,50.39008],[5.72668,50.39051],[5.72698,50.39075],[5.72686,50.39106],[5.72789,50.39186],[5.72876,50.39295],[5.7294,50.39411],[5.73114,50.39434],[5.73102,50.39519],[5.73115,50.3958],[5.73098,50.39605],[5.73152,50.39662],[5.73175,50.39716],[5.73195,50.39743],[5.73327,50.39854],[5.73391,50.39928],[5.73461,50.39989],[5.73544,50.40046],[5.73611,50.40107],[5.73785,50.40215],[5.73867,50.40292],[5.73871,50.40331],[5.73817,50.40387],[5.73621,50.40433],[5.73527,50.40468],[5.73453,50.40478],[5.73358,50.40454],[5.73277,50.40466],[5.73112,50.40409],[5.7297,50.40383],[5.73016,50.40347],[5.7309,50.40328],[5.73115,50.40302],[5.73113,50.40289],[5.73092,50.40268],[5.73028,50.40243],[5.7295,50.40151],[5.72828,50.4015],[5.72778,50.40135],[5.72768,50.40091],[5.72809,50.40026],[5.7281,50.40008],[5.72797,50.3999],[5.72752,50.39957],[5.72689,50.39885],[5.72613,50.39848],[5.72486,50.39826],[5.72374,50.39737],[5.72213,50.39658],[5.71938,50.39466],[5.71864,50.39404],[5.71779,50.39353],[5.71576,50.39268],[5.71438,50.39244],[5.71406,50.39212],[5.71276,50.39192],[5.71175,50.3919],[5.71077,50.39154],[5.70869,50.39116],[5.70776,50.39136],[5.70651,50.39235],[5.70647,50.39242],[5.70653,50.39245],[5.70862,50.39298],[5.70867,50.39326],[5.70833,50.39362],[5.70821,50.39411],[5.70774,50.39437],[5.70766,50.39539],[5.70751,50.39553],[5.70694,50.39575],[5.70696,50.396],[5.70766,50.39634],[5.70789,50.39685],[5.70855,50.39772],[5.70883,50.39827],[5.70952,50.39893],[5.70986,50.39937],[5.71047,50.39968],[5.71113,50.4002],[5.71195,50.40048],[5.71281,50.40103],[5.71359,50.40133],[5.7151,50.40216],[5.71552,50.40226],[5.71619,50.40223],[5.71664,50.40241],[5.71684,50.40261],[5.71682,50.40273],[5.71644,50.403],[5.71696,50.40352],[5.71705,50.4038],[5.71736,50.4041],[5.71785,50.40508],[5.71786,50.40524],[5.71757,50.4056],[5.71775,50.4063],[5.71771,50.40657],[5.71744,50.40699],[5.71654,50.40743],[5.71569,50.4074],[5.71533,50.40749],[5.71505,50.40789],[5.7151,50.4081],[5.7161,50.40889],[5.71755,50.40924],[5.71942,50.40988],[5.72039,50.41039],[5.72071,50.41073],[5.72072,50.41104],[5.72047,50.41137],[5.72037,50.41191],[5.72009,50.41241],[5.72008,50.41272],[5.71942,50.41353],[5.71952,50.4138],[5.71946,50.41409],[5.71905,50.41423],[5.71839,50.41466],[5.71833,50.41487],[5.71843,50.41521],[5.7181,50.41547],[5.71839,50.41578],[5.71831,50.4165],[5.71866,50.41687],[5.71835,50.4172],[5.71837,50.41803],[5.7182,50.41826],[5.7177,50.41818],[5.71734,50.41822],[5.71694,50.41872],[5.71675,50.41925],[5.71684,50.41945],[5.71726,50.41977],[5.71724,50.42024],[5.71765,50.42095],[5.71815,50.42137],[5.71859,50.4215],[5.71988,50.42157],[5.71983,50.42167],[5.71953,50.42179],[5.71875,50.42168],[5.71854,50.42174],[5.71843,50.42187],[5.71861,50.422],[5.71911,50.4221],[5.71946,50.42236],[5.71944,50.42265],[5.71929,50.42303],[5.71939,50.42375],[5.72022,50.42441],[5.72045,50.42468],[5.72075,50.42524],[5.72064,50.42546],[5.72035,50.42554],[5.71862,50.4252],[5.7181,50.42548],[5.71799,50.42574],[5.71825,50.4259],[5.71833,50.42604],[5.71812,50.42632],[5.71805,50.42658],[5.71898,50.42748],[5.71914,50.42779],[5.71916,50.42802],[5.71899,50.42823],[5.71872,50.42839],[5.71793,50.42859],[5.7176,50.42876],[5.71758,50.42886],[5.71781,50.42909],[5.7178,50.42918],[5.717,50.43022],[5.71614,50.4304],[5.71515,50.43002],[5.71401,50.42926],[5.71317,50.42952],[5.71239,50.42954],[5.71177,50.42942],[5.71041,50.42988],[5.71,50.42983],[5.70955,50.42965],[5.70923,50.42932],[5.70903,50.42881],[5.70979,50.42796],[5.71016,50.42769],[5.71034,50.42741],[5.70868,50.42651],[5.70828,50.42643],[5.7074,50.42668],[5.70698,50.4269],[5.70676,50.42714],[5.7068,50.42743],[5.70664,50.42755],[5.70528,50.4277],[5.70485,50.42844],[5.70453,50.42846],[5.70363,50.42824],[5.70319,50.42822],[5.70224,50.42853],[5.70198,50.42882],[5.70155,50.42864],[5.70143,50.42828],[5.70145,50.42796],[5.70176,50.42748],[5.7017,50.42711],[5.7014,50.42695],[5.70068,50.42708],[5.69946,50.42842],[5.69903,50.42853],[5.69862,50.42899],[5.69797,50.4293],[5.69796,50.42946],[5.69837,50.42988],[5.69835,50.43001],[5.69819,50.4302],[5.69739,50.43052],[5.69653,50.43033],[5.69656,50.43083],[5.69606,50.43104],[5.69643,50.4314],[5.69641,50.43157],[5.69626,50.43174],[5.69598,50.43178],[5.69527,50.43141],[5.6952,50.43113],[5.69537,50.43077],[5.69505,50.43055],[5.69503,50.43044],[5.6956,50.43008],[5.69614,50.42992],[5.69561,50.42968],[5.69573,50.4294],[5.69571,50.42926],[5.69484,50.42912],[5.69391,50.42829],[5.69422,50.42789],[5.69424,50.42769],[5.69282,50.42684],[5.69251,50.42653],[5.69155,50.42613],[5.69098,50.42575],[5.69144,50.42449],[5.69191,50.4238],[5.69247,50.42378],[5.69362,50.42397],[5.69387,50.42415],[5.69402,50.42466],[5.69473,50.4247],[5.69497,50.42464],[5.69568,50.42419],[5.6961,50.42445],[5.69654,50.42431],[5.69695,50.42439],[5.69771,50.42405],[5.69798,50.42385],[5.69794,50.42374],[5.6977,50.42365],[5.6964,50.42367],[5.69588,50.42354],[5.69645,50.42322],[5.6986,50.42328],[5.69903,50.42298],[5.69968,50.42291],[5.70029,50.42297],[5.70016,50.42331],[5.7007,50.42379],[5.70157,50.42408],[5.70166,50.42466],[5.70152,50.42494],[5.70169,50.42523],[5.70169,50.42553],[5.70161,50.42576],[5.7013,50.42606],[5.70107,50.42659],[5.70135,50.42675],[5.70161,50.42678],[5.70197,50.42668],[5.70241,50.42643],[5.70362,50.42631],[5.703,50.4257],[5.70303,50.42532],[5.70321,50.42494],[5.70363,50.42477],[5.70432,50.42507],[5.70491,50.42496],[5.70577,50.42414],[5.70554,50.42352],[5.70558,50.42325],[5.70572,50.42302],[5.70703,50.42285],[5.70737,50.42273],[5.70781,50.42242],[5.70719,50.42215],[5.70659,50.42211],[5.70645,50.42215],[5.70615,50.4225],[5.70575,50.42259],[5.70558,50.42248],[5.70538,50.42207],[5.70523,50.42202],[5.70501,50.4222],[5.70464,50.42279],[5.7038,50.42357],[5.70362,50.42411],[5.70302,50.42427],[5.70275,50.42423],[5.70266,50.424],[5.7027,50.42373],[5.70287,50.42331],[5.70312,50.42296],[5.70315,50.42264],[5.70362,50.42188],[5.70359,50.42159],[5.70381,50.42133],[5.70393,50.42103],[5.70423,50.42079],[5.70433,50.4206],[5.70425,50.42001],[5.70439,50.41935],[5.7042,50.41904],[5.7039,50.41892],[5.70359,50.41898],[5.70338,50.41937],[5.70303,50.41968],[5.70302,50.4199],[5.70327,50.42022],[5.70331,50.42051],[5.70279,50.42131],[5.7025,50.42161],[5.70239,50.42188],[5.70104,50.42165],[5.7002,50.42166],[5.69949,50.42176],[5.69899,50.42192],[5.69842,50.42185],[5.6982,50.42159],[5.69859,50.42142],[5.69906,50.42136],[5.69984,50.42141],[5.70017,50.42131],[5.69943,50.4211],[5.69902,50.42058],[5.69851,50.42029],[5.69828,50.41991],[5.69767,50.4197],[5.69763,50.41953],[5.69787,50.41916],[5.69785,50.41903],[5.6975,50.41876],[5.69679,50.41858],[5.69665,50.41845],[5.69641,50.41751],[5.69673,50.41685],[5.69678,50.41595],[5.69662,50.41515],[5.69632,50.41425],[5.69622,50.41353],[5.69583,50.41263],[5.69565,50.41249],[5.69522,50.41243],[5.69488,50.41214],[5.69441,50.41195],[5.69393,50.4116],[5.69328,50.4114],[5.69273,50.41137],[5.69177,50.41091],[5.69114,50.41092],[5.6907,50.41129],[5.69029,50.41143],[5.68956,50.41195],[5.68916,50.41205],[5.68891,50.41198],[5.68855,50.41165],[5.68863,50.41119],[5.68881,50.41101],[5.6894,50.41074],[5.68986,50.4102],[5.69042,50.40989],[5.69095,50.40935],[5.69099,50.40897],[5.69066,50.40853],[5.68921,50.40758],[5.6889,50.4075],[5.68817,50.40754],[5.68736,50.40736]],[[5.71611,50.43078],[5.71603,50.43075],[5.7161,50.43064],[5.71611,50.43078]],[[5.69361,50.43023],[5.69349,50.42994],[5.69358,50.42964],[5.69411,50.4299],[5.69408,50.43022],[5.69361,50.43023]],[[5.69695,50.42996],[5.69689,50.42993],[5.69701,50.42993],[5.69695,50.42996]],[[5.70361,50.4292],[5.70335,50.42909],[5.70432,50.42898],[5.70489,50.42909],[5.70477,50.42918],[5.70432,50.42927],[5.70361,50.4292]],[[5.70778,50.42444],[5.70763,50.42407],[5.70769,50.42377],[5.70796,50.42373],[5.70883,50.42383],[5.70855,50.4241],[5.70778,50.42444]],[[5.69986,50.42412],[5.69992,50.42409],[5.69986,50.42412]],[[5.6982,50.4206],[5.69799,50.42048],[5.69817,50.42042],[5.69835,50.42047],[5.6982,50.4206]],[[5.70111,50.41886],[5.70109,50.41879],[5.70123,50.41881],[5.70111,50.41886]],[[5.68736,50.40662],[5.68744,50.40623],[5.68736,50.40572]],[[5.68736,50.40337],[5.68782,50.40328],[5.68858,50.40295],[5.68875,50.40278],[5.68882,50.40258],[5.68863,50.40212],[5.68736,50.40208]],[[5.72986,50.40337],[5.7297,50.40327],[5.72993,50.40325],[5.72986,50.40337]],[[5.68736,50.40144],[5.689,50.4014],[5.68934,50.40098],[5.69005,50.40071],[5.69033,50.4007],[5.69109,50.40085],[5.69153,50.40079],[5.69211,50.40021],[5.69255,50.40002],[5.69317,50.39996],[5.69402,50.40021],[5.69488,50.40022],[5.69512,50.40012],[5.69531,50.39992],[5.69504,50.39918],[5.69514,50.39883],[5.69507,50.39869],[5.69433,50.39823],[5.6937,50.39812],[5.69187,50.39872],[5.69036,50.39896],[5.68942,50.39896],[5.68835,50.39961],[5.68827,50.40001],[5.68782,50.4005],[5.68736,50.40057]],[[5.70903,50.39974],[5.70877,50.39964],[5.70917,50.39963],[5.70903,50.39974]],[[5.68736,50.39679],[5.68871,50.39637],[5.6895,50.39593],[5.69069,50.39548],[5.69103,50.3952],[5.69114,50.39493],[5.69057,50.39479],[5.68855,50.3952],[5.68736,50.39519]],[[5.84153,50.39381],[5.84064,50.39335],[5.83981,50.39304],[5.83803,50.39129],[5.83785,50.39088],[5.83788,50.3906],[5.83816,50.39018],[5.8386,50.38991],[5.83891,50.38935],[5.83895,50.38907],[5.83878,50.38877],[5.83807,50.38832],[5.83734,50.38729],[5.83694,50.38722],[5.83656,50.38749],[5.83635,50.38789],[5.83655,50.38828],[5.83575,50.38886],[5.83442,50.38889],[5.83279,50.38853],[5.832,50.38797],[5.83074,50.38756],[5.82966,50.38698],[5.82959,50.38687],[5.82971,50.3868],[5.83073,50.38662],[5.83072,50.38629],[5.83,50.38572],[5.82945,50.38548],[5.82858,50.38496],[5.82821,50.38454],[5.82747,50.38437],[5.82697,50.38409],[5.8261,50.38396],[5.8225,50.38261],[5.82232,50.38261],[5.82218,50.38276],[5.82202,50.38334],[5.82181,50.38337],[5.82135,50.38328],[5.81991,50.38238],[5.81935,50.38187],[5.81702,50.3809],[5.81616,50.38065],[5.81565,50.38036],[5.81445,50.38021],[5.81423,50.37993]],[[5.7132,50.38247],[5.71311,50.38233],[5.71314,50.38213],[5.71365,50.38215],[5.7132,50.38247]],[[5.81986,50.38108],[5.81976,50.38101],[5.81989,50.38095],[5.82005,50.38102],[5.81986,50.38108]]]}},{"type":"Feature","properties":{"ele":450},"geometry":{"type":"MultiLineString","coordinates":[[[5.77766,50.45381],[5.77726,50.45352],[5.7773,50.45304],[5.77717,50.45292],[5.77677,50.45285],[5.77617,50.45304],[5.77596,50.45303],[5.77445,50.45243],[5.77352,50.45219],[5.77337,50.45189],[5.77355,50.45144],[5.77352,50.45123],[5.77332,50.45103],[5.77281,50.45095],[5.77251,50.45079],[5.77241,50.45064],[5.77235,50.4502],[5.77291,50.45005],[5.77453,50.45033],[5.77723,50.45037],[5.7778,50.4505],[5.77869,50.45053],[5.77904,50.45048],[5.77874,50.44994],[5.77905,50.44964],[5.77843,50.44973],[5.77787,50.44952],[5.77735,50.4492],[5.77657,50.4483],[5.77639,50.44798],[5.77567,50.44747],[5.7757,50.44715],[5.77489,50.44705],[5.77355,50.4466],[5.77394,50.44629],[5.77376,50.44598],[5.77383,50.44571],[5.77383,50.44498],[5.77372,50.4448],[5.77334,50.44461],[5.77318,50.4444],[5.77319,50.44408],[5.77365,50.44381],[5.77321,50.44366],[5.77309,50.44353],[5.77325,50.44345],[5.77399,50.44338],[5.77429,50.44326],[5.77454,50.44295],[5.77448,50.44256],[5.77399,50.44281],[5.77318,50.4428],[5.77288,50.44267],[5.77298,50.4422],[5.7729,50.44191],[5.77279,50.44183],[5.77238,50.44175],[5.7721,50.4419],[5.77151,50.44203],[5.77065,50.44178],[5.76982,50.4417],[5.76974,50.44159],[5.76984,50.44148],[5.77068,50.44131],[5.77141,50.44133],[5.77208,50.44156],[5.77269,50.44146],[5.77286,50.44132],[5.77231,50.44118],[5.77151,50.44069],[5.77101,50.44072],[5.77015,50.44092],[5.76985,50.4409],[5.76957,50.44042],[5.76907,50.43988],[5.76899,50.43965],[5.76904,50.43959],[5.76945,50.43956],[5.76963,50.43944],[5.76963,50.43929],[5.76935,50.43909],[5.76974,50.43886],[5.76958,50.43852],[5.76986,50.43826],[5.77029,50.43835],[5.77061,50.43819],[5.77198,50.43787],[5.77333,50.43778],[5.77403,50.43782],[5.77508,50.43851],[5.77529,50.43909],[5.77565,50.43914],[5.77656,50.43883],[5.7772,50.43847],[5.77738,50.43826],[5.77707,50.43804],[5.77714,50.43791],[5.77744,50.43785],[5.77824,50.43798],[5.77864,50.43747],[5.77874,50.43696],[5.77873,50.43687],[5.7781,50.43631],[5.77871,50.43604],[5.77888,50.43581],[5.77855,50.43463],[5.77861,50.43407],[5.77889,50.43341],[5.77886,50.43305],[5.77875,50.43297],[5.77817,50.43297],[5.7776,50.43309],[5.77606,50.43288],[5.77523,50.43218],[5.77403,50.4318],[5.77297,50.43129],[5.77272,50.43103],[5.7728,50.43077],[5.77279,50.43019],[5.77245,50.4301],[5.77226,50.43013],[5.77219,50.43025],[5.7726,50.43048],[5.77204,50.43062],[5.77154,50.43085],[5.77072,50.43065],[5.76897,50.43085],[5.76873,50.43075],[5.76865,50.43042],[5.76818,50.43021],[5.76784,50.43019],[5.76691,50.43026],[5.76652,50.43047],[5.76655,50.43079],[5.76625,50.43085],[5.76525,50.43077],[5.76436,50.43027],[5.76401,50.43037],[5.76358,50.43068],[5.76323,50.43076],[5.76192,50.43077],[5.76154,50.43068],[5.76112,50.43048],[5.76055,50.42992],[5.76043,50.42963],[5.76042,50.42915],[5.76109,50.42873],[5.762,50.42843],[5.7622,50.42824],[5.76237,50.42788],[5.76268,50.42762],[5.76398,50.42738],[5.765,50.42745],[5.76525,50.42709],[5.7657,50.42715],[5.76697,50.42688],[5.76745,50.42661],[5.76779,50.42621],[5.76812,50.42609],[5.76863,50.42628],[5.76899,50.4267],[5.76927,50.42681],[5.76958,50.42682],[5.77112,50.4266],[5.77147,50.42592],[5.77189,50.42543],[5.77322,50.42514],[5.77396,50.42484],[5.7745,50.42508],[5.77484,50.42569],[5.7752,50.42573],[5.77666,50.42494],[5.77777,50.42469],[5.77847,50.42414],[5.77935,50.42382],[5.78036,50.42374],[5.78125,50.42355],[5.78192,50.42355],[5.78286,50.42371],[5.78404,50.42355],[5.78433,50.42325],[5.78376,50.42296],[5.78421,50.42281],[5.78572,50.42287],[5.78718,50.42321],[5.7878,50.42324],[5.78852,50.42341],[5.78864,50.42347],[5.78901,50.4241],[5.78968,50.42436],[5.79028,50.42474],[5.79144,50.42479],[5.79158,50.42469],[5.79159,50.42438],[5.7913,50.42404],[5.79123,50.42383],[5.79149,50.4235],[5.79234,50.42325],[5.7928,50.42297],[5.7946,50.42243],[5.79584,50.42189],[5.7961,50.42159],[5.79674,50.42126],[5.79744,50.42111],[5.79814,50.42137],[5.79861,50.42131],[5.79909,50.42103],[5.79915,50.42081],[5.7991,50.42054],[5.79919,50.42043],[5.7998,50.42018],[5.80068,50.41964],[5.8014,50.41943],[5.80172,50.41953],[5.80179,50.41973],[5.80158,50.41998],[5.8011,50.42019],[5.80082,50.42056],[5.80046,50.42077],[5.80046,50.42095],[5.8006,50.4211],[5.80075,50.42111],[5.80201,50.4205],[5.80404,50.4202],[5.80494,50.42014],[5.80734,50.42028],[5.80908,50.42026],[5.80959,50.41992],[5.8096,50.41967],[5.80943,50.41936],[5.80945,50.41883],[5.80999,50.41823],[5.81027,50.4174],[5.81066,50.41732],[5.81117,50.41748],[5.81168,50.41745],[5.81178,50.4173],[5.81182,50.41687],[5.81207,50.4164],[5.81204,50.41628],[5.81154,50.41615],[5.81115,50.41594],[5.81026,50.41596],[5.80986,50.41581],[5.80986,50.4157],[5.81025,50.41504],[5.81115,50.41465],[5.81182,50.41451],[5.81269,50.41444],[5.81356,50.41408],[5.81562,50.41394],[5.81612,50.41408],[5.81624,50.41434],[5.81644,50.41444],[5.81807,50.41462],[5.81852,50.41455],[5.81912,50.41421],[5.82061,50.41443],[5.8211,50.41435],[5.8215,50.41437],[5.82233,50.41471],[5.82479,50.4153],[5.82567,50.41562],[5.82657,50.41574],[5.82736,50.41601],[5.82901,50.4167],[5.82956,50.41714],[5.82972,50.41747],[5.82995,50.41757],[5.83037,50.41754],[5.83155,50.41683],[5.83197,50.41673],[5.83281,50.41703],[5.83356,50.4172],[5.83658,50.41735],[5.83818,50.41797],[5.83946,50.41825],[5.83966,50.4186],[5.84046,50.41912],[5.8404,50.41963],[5.84055,50.42022],[5.84018,50.4208],[5.84031,50.42104],[5.8404,50.42154],[5.84092,50.42237],[5.84131,50.42345],[5.84125,50.4238],[5.84092,50.42461],[5.84111,50.42471],[5.84153,50.42462]],[[5.78115,50.45381],[5.78094,50.45321],[5.78094,50.45299],[5.78116,50.45286],[5.78166,50.45283],[5.78238,50.45292],[5.78354,50.4534],[5.78489,50.45381]],[[5.80649,50.45381],[5.80699,50.45365],[5.80729,50.45321],[5.80851,50.45241],[5.80958,50.45224],[5.81068,50.45243],[5.81117,50.45243],[5.81188,50.45204],[5.8132,50.45195],[5.81438,50.45153],[5.81621,50.4505],[5.81653,50.44992],[5.81695,50.44992],[5.81739,50.45005],[5.81867,50.45016],[5.81978,50.45052],[5.82024,50.45082],[5.82062,50.45091],[5.82277,50.45105],[5.82536,50.45077],[5.82651,50.45084],[5.82737,50.45074],[5.82838,50.45049],[5.82837,50.45023],[5.82815,50.44993],[5.82829,50.44981],[5.82867,50.44966],[5.8301,50.44942],[5.83201,50.44956],[5.83265,50.44997],[5.83282,50.45019],[5.8329,50.45053],[5.83321,50.45088],[5.83357,50.45105],[5.83373,50.45105],[5.83393,50.45075],[5.83418,50.45075],[5.83436,50.45095],[5.8344,50.45132],[5.83452,50.45131],[5.83454,50.45105],[5.83488,50.45099],[5.83537,50.45125],[5.83618,50.45127],[5.83658,50.45145],[5.83715,50.45159],[5.83822,50.45159],[5.83979,50.45232],[5.8407,50.45235],[5.84153,50.45267]],[[5.83986,50.45329],[5.83977,50.45323],[5.83992,50.45316],[5.84033,50.45325],[5.83986,50.45329]],[[5.83861,50.45245],[5.83936,50.45224],[5.83948,50.45227],[5.83953,50.45239],[5.83916,50.45247],[5.83861,50.45245]],[[5.76903,50.45111],[5.76896,50.45103],[5.76904,50.45097],[5.76911,50.45104],[5.76903,50.45111]],[[5.77445,50.44644],[5.77414,50.44631],[5.77453,50.44625],[5.77458,50.44634],[5.77445,50.44644]],[[5.76445,50.4409],[5.76436,50.44073],[5.76446,50.4405],[5.76532,50.43996],[5.76527,50.43964],[5.76635,50.43941],[5.76666,50.43948],[5.76694,50.43968],[5.76695,50.43993],[5.76657,50.44054],[5.7657,50.44076],[5.76445,50.4409]],[[5.77611,50.43772],[5.77597,50.4377],[5.77655,50.43771],[5.77611,50.43772]],[[5.75695,50.43146],[5.75685,50.43134],[5.75689,50.43125],[5.75721,50.43131],[5.75695,50.43146]],[[5.76861,50.43108],[5.76848,50.43102],[5.76861,50.43096],[5.76861,50.43108]],[[5.78278,50.42306],[5.78265,50.42296],[5.78283,50.4228],[5.78316,50.42283],[5.7834,50.42296],[5.78278,50.42306]],[[5.80778,50.42009],[5.80771,50.41969],[5.80778,50.41961],[5.80821,50.41964],[5.80868,50.41994],[5.80864,50.42007],[5.80848,50.42014],[5.80778,50.42009]],[[5.80195,50.41947],[5.80173,50.41937],[5.80203,50.41932],[5.80239,50.41936],[5.80195,50.41947]],[[5.80278,50.4192],[5.80263,50.41908],[5.8028,50.41899],[5.80294,50.4191],[5.80278,50.4192]],[[5.81361,50.4153],[5.81351,50.41522],[5.81355,50.41516],[5.81391,50.4152],[5.81361,50.4153]],[[5.81445,50.41496],[5.81434,50.41492],[5.81468,50.41482],[5.81509,50.41491],[5.81487,50.41498],[5.81445,50.41496]],[[5.70486,50.40771],[5.70486,50.40739],[5.70497,50.40766],[5.70486,50.40771]],[[5.70861,50.40796],[5.70831,50.40741],[5.70881,50.40657],[5.70821,50.40622],[5.70773,50.40631],[5.70713,50.40581],[5.70719,50.40564],[5.70757,50.40544],[5.70778,50.40519],[5.70786,50.4056],[5.70808,50.4059],[5.70824,50.40596],[5.70869,50.4059],[5.70902,50.40604],[5.70959,50.40651],[5.70959,50.40667],[5.70942,50.40688],[5.71015,50.407],[5.71034,50.40712],[5.70929,50.40732],[5.7091,50.40748],[5.70904,50.40775],[5.70861,50.40796]],[[5.70236,50.40744],[5.70245,50.40742],[5.70236,50.40744]],[[5.70111,50.40635],[5.70106,50.40628],[5.70131,50.40601],[5.70111,50.40576],[5.70192,50.40571],[5.70215,50.40595],[5.70215,50.40612],[5.70198,50.40632],[5.70111,50.40635]],[[5.70903,50.40602],[5.70879,50.40564],[5.70881,50.40532],[5.70901,50.40503],[5.70946,50.40492],[5.70902,50.40491],[5.70862,50.40504],[5.70851,50.40497],[5.7085,50.40484],[5.70863,50.40461],[5.70945,50.4043],[5.71015,50.40468],[5.71036,50.40492],[5.70995,50.40522],[5.7094,50.40542],[5.70946,50.40577],[5.70903,50.40602]],[[5.70903,50.40428],[5.70888,50.40409],[5.70912,50.40409],[5.70903,50.40428]],[[5.72695,50.39724],[5.72653,50.39707],[5.72586,50.39652],[5.72444,50.39576],[5.72175,50.39414],[5.72171,50.39397],[5.72205,50.39353],[5.7214,50.39335],[5.72031,50.39269],[5.71986,50.3927],[5.71952,50.39284],[5.71933,50.39283],[5.71722,50.39186],[5.71689,50.39159],[5.71731,50.39104],[5.71741,50.39075],[5.71664,50.3904],[5.71515,50.39038],[5.71352,50.38969],[5.71166,50.3895],[5.71113,50.38936],[5.71062,50.38945],[5.70939,50.38933],[5.70796,50.38957],[5.70686,50.38929],[5.70441,50.38953],[5.70425,50.38965],[5.70459,50.38987],[5.70474,50.39017],[5.70451,50.39033],[5.70406,50.39041],[5.70312,50.3904],[5.7019,50.39022],[5.70112,50.38992],[5.70074,50.38959],[5.70062,50.38959],[5.69992,50.38981],[5.69977,50.38994],[5.69972,50.39021],[5.70005,50.39045],[5.70029,50.39076],[5.70005,50.39102],[5.69985,50.39107],[5.69898,50.39035],[5.69802,50.39005],[5.6978,50.39007],[5.69746,50.39025],[5.69695,50.3902],[5.69683,50.3899],[5.69612,50.38964],[5.69592,50.38949],[5.69586,50.3894],[5.69592,50.38933],[5.69682,50.38911],[5.69695,50.38873],[5.69838,50.38917],[5.69936,50.38916],[5.69964,50.38908],[5.69855,50.38871],[5.69837,50.38854],[5.69835,50.38826],[5.69819,50.38811],[5.6963,50.38751],[5.69588,50.38744],[5.69562,50.38749],[5.69525,50.38769],[5.69531,50.38785],[5.69547,50.38799],[5.69598,50.38815],[5.69659,50.38821],[5.69666,50.38832],[5.69663,50.38853],[5.69607,50.38877],[5.69567,50.38923],[5.69435,50.38916],[5.69416,50.3889],[5.69436,50.38859],[5.69435,50.38845],[5.69398,50.38801],[5.69349,50.38771],[5.69325,50.3874],[5.69224,50.38723],[5.69195,50.38714],[5.69166,50.38686],[5.6907,50.38667],[5.69049,50.38627],[5.69001,50.38574],[5.69024,50.38547],[5.69093,50.3853],[5.69125,50.38531],[5.69206,50.38562],[5.69307,50.38641],[5.69352,50.38646],[5.69419,50.38602],[5.69448,50.38549],[5.69447,50.38519],[5.69433,50.38496],[5.6939,50.38462],[5.69208,50.38351],[5.69073,50.38242],[5.69028,50.38215],[5.68932,50.38203],[5.68868,50.38183],[5.68824,50.38182],[5.68801,50.38167],[5.68797,50.3815],[5.68816,50.38123],[5.68858,50.38119],[5.68947,50.38152],[5.69171,50.38176],[5.69451,50.38242],[5.69578,50.38265],[5.69687,50.38274],[5.69747,50.38272],[5.69848,50.38249],[5.69903,50.38215],[5.70032,50.38169],[5.70075,50.38146],[5.70258,50.38157],[5.70242,50.38168],[5.70152,50.38187],[5.70195,50.38197],[5.7025,50.38226],[5.70362,50.38243],[5.7034,50.38271],[5.70369,50.38292],[5.70403,50.38299],[5.70448,50.3829],[5.70492,50.38294],[5.70649,50.38359],[5.70718,50.38375],[5.70732,50.38387],[5.70733,50.38419],[5.70746,50.38427],[5.70867,50.38432],[5.70941,50.38452],[5.71027,50.38495],[5.71148,50.38537],[5.71283,50.38597],[5.71291,50.38605],[5.71294,50.38632],[5.71322,50.38652],[5.71463,50.38671],[5.71682,50.38783],[5.71783,50.38824],[5.71901,50.38854],[5.72143,50.38992],[5.72243,50.39071],[5.72375,50.39128],[5.72456,50.39193],[5.72464,50.39216],[5.72464,50.39286],[5.72477,50.39311],[5.72505,50.39321],[5.72611,50.3932],[5.72643,50.39331],[5.72659,50.39347],[5.72659,50.39358],[5.72603,50.39383],[5.72646,50.3941],[5.72735,50.39437],[5.72779,50.39464],[5.72869,50.39545],[5.72901,50.39596],[5.72902,50.39657],[5.72844,50.39713],[5.7277,50.39732],[5.72695,50.39724]],[[5.70278,50.39576],[5.70166,50.39542],[5.70115,50.39507],[5.70068,50.39494],[5.70062,50.39441],[5.70087,50.39407],[5.70049,50.39366],[5.70054,50.39344],[5.70074,50.39336],[5.70104,50.3934],[5.70155,50.39353],[5.70202,50.39375],[5.70359,50.39412],[5.70376,50.39439],[5.70365,50.39494],[5.70311,50.39519],[5.70278,50.39576]],[[5.70736,50.39024],[5.70726,50.39017],[5.7074,50.39002],[5.70757,50.39019],[5.70736,50.39024]],[[5.70778,50.39007],[5.70753,50.38992],[5.70777,50.38984],[5.70809,50.38992],[5.70778,50.39007]],[[5.84153,50.38881],[5.8408,50.38843],[5.84027,50.38826],[5.84011,50.3881],[5.84007,50.38793],[5.84028,50.3877],[5.83984,50.38776],[5.83979,50.38745],[5.83988,50.3871],[5.83966,50.38626],[5.83858,50.38537],[5.83818,50.38514],[5.83734,50.38498],[5.83658,50.38526],[5.83619,50.38558],[5.83591,50.38595],[5.83572,50.38665],[5.83536,50.38676],[5.83487,50.38668],[5.83202,50.38574],[5.83154,50.38547],[5.83146,50.3852],[5.83159,50.38489],[5.83092,50.38439],[5.83072,50.38409],[5.83023,50.38407],[5.82983,50.38424],[5.82944,50.3841],[5.82906,50.38317],[5.82912,50.38296],[5.82945,50.3827],[5.82941,50.3825],[5.82928,50.38235],[5.82807,50.38165],[5.82778,50.38132],[5.82754,50.38119],[5.82613,50.38087],[5.82575,50.38044],[5.82463,50.37993]],[[5.68903,50.38366],[5.68892,50.38345],[5.68896,50.38325],[5.68954,50.38352],[5.68943,50.38368],[5.68903,50.38366]],[[5.68736,50.38203],[5.68806,50.38186],[5.6878,50.38172],[5.68736,50.38173]]]}},{"type":"Feature","properties":{"ele":500},"geometry":{"type":"MultiLineString","coordinates":[[[5.79653,50.45039],[5.79652,50.45018],[5.79653,50.45039]],[[5.84153,50.44926],[5.84102,50.44914],[5.84067,50.44896],[5.84048,50.44866],[5.8403,50.44795],[5.84,50.4477],[5.83942,50.44745],[5.83904,50.44705],[5.83862,50.44687],[5.83619,50.44621],[5.83574,50.44622],[5.83529,50.44636],[5.83486,50.44622],[5.83437,50.44626],[5.83364,50.44613],[5.83239,50.44633],[5.8319,50.44626],[5.83066,50.44658],[5.83031,50.4469],[5.82984,50.44711],[5.82859,50.44741],[5.82812,50.44765],[5.82689,50.4479],[5.82677,50.44801],[5.8268,50.44845],[5.82669,50.44861],[5.82614,50.44882],[5.82533,50.44896],[5.82491,50.44875],[5.824,50.44882],[5.82201,50.44846],[5.82181,50.44828],[5.82205,50.44801],[5.82196,50.44786],[5.82033,50.44727],[5.81948,50.44673],[5.81899,50.44659],[5.81806,50.4461],[5.81746,50.44567],[5.81681,50.4458],[5.81625,50.44546],[5.81578,50.44528],[5.81504,50.44551],[5.81405,50.44552],[5.81393,50.44548],[5.8137,50.44519],[5.81352,50.44517],[5.81315,50.44519],[5.81288,50.4453],[5.81249,50.4457],[5.81262,50.4458],[5.81318,50.44583],[5.81351,50.44628],[5.81327,50.44639],[5.81255,50.44635],[5.81232,50.44647],[5.8123,50.44661],[5.81249,50.4469],[5.81251,50.4472],[5.81244,50.44746],[5.81203,50.44796],[5.81239,50.44854],[5.81229,50.44907],[5.81214,50.44934],[5.81186,50.44951],[5.81036,50.44975],[5.80947,50.45],[5.8086,50.45005],[5.80818,50.44966],[5.80775,50.44943],[5.80697,50.44951],[5.80604,50.44944],[5.80516,50.44963],[5.80484,50.4502],[5.80405,50.44972],[5.80319,50.44982],[5.80276,50.44957],[5.80196,50.44946],[5.80072,50.44906],[5.79948,50.4494],[5.79903,50.44937],[5.79851,50.44964],[5.79817,50.44971],[5.79779,50.44959],[5.79751,50.44939],[5.79727,50.44911],[5.79717,50.44882],[5.79678,50.44855],[5.79653,50.44819],[5.79453,50.44761],[5.79362,50.4471],[5.79275,50.44688],[5.79236,50.44659],[5.7919,50.44658],[5.79117,50.4469],[5.79041,50.44794],[5.78989,50.44828],[5.78911,50.44834],[5.78778,50.44827],[5.78777,50.44795],[5.78895,50.44794],[5.7895,50.44774],[5.78963,50.44742],[5.78935,50.44713],[5.78924,50.44656],[5.78862,50.44621],[5.78736,50.446],[5.78678,50.44627],[5.78653,50.44663],[5.78609,50.44705],[5.78583,50.4471],[5.7856,50.44703],[5.78495,50.4466],[5.7849,50.44627],[5.78418,50.44603],[5.78446,50.44583],[5.78454,50.44532],[5.78469,50.44494],[5.78467,50.4446],[5.78493,50.44406],[5.78377,50.44355],[5.78365,50.44321],[5.7831,50.44296],[5.78277,50.4427],[5.78318,50.44213],[5.78395,50.44182],[5.78412,50.44167],[5.7842,50.4413],[5.78407,50.44113],[5.78386,50.44103],[5.78409,50.44095],[5.78447,50.44063],[5.7857,50.44068],[5.78613,50.44131],[5.78698,50.44131],[5.7871,50.4405],[5.78706,50.43998],[5.78732,50.43963],[5.78735,50.43936],[5.7878,50.43937],[5.78783,50.43908],[5.78765,50.43879],[5.78768,50.43852],[5.78819,50.43798],[5.78895,50.4374],[5.78906,50.43716],[5.78819,50.43673],[5.78777,50.4366],[5.78827,50.43607],[5.78834,50.43577],[5.78727,50.43518],[5.78765,50.43492],[5.78833,50.4347],[5.78936,50.43472],[5.79,50.43512],[5.79031,50.4351],[5.79072,50.43494],[5.79105,50.4339],[5.79099,50.43363],[5.79084,50.43352],[5.7899,50.43341],[5.78962,50.43326],[5.78981,50.4331],[5.79027,50.43297],[5.79041,50.43278],[5.79044,50.43262],[5.79026,50.43219],[5.78983,50.43177],[5.78948,50.43155],[5.78885,50.43177],[5.78772,50.43161],[5.78783,50.43128],[5.78686,50.43058],[5.78656,50.43056],[5.78613,50.43077],[5.78567,50.43078],[5.78531,50.43047],[5.78421,50.4301],[5.78333,50.43014],[5.78229,50.43001],[5.78211,50.42989],[5.78195,50.42963],[5.7813,50.42972],[5.78046,50.42948],[5.77992,50.42946],[5.77983,50.42953],[5.77981,50.42968],[5.78034,50.4302],[5.78045,50.43042],[5.7804,50.43056],[5.77977,50.43086],[5.77864,50.43068],[5.77737,50.43031],[5.77644,50.42978],[5.77459,50.4291],[5.77431,50.42883],[5.7745,50.42871],[5.7753,50.42868],[5.77636,50.4292],[5.77699,50.42921],[5.77734,50.42951],[5.77765,50.42957],[5.77807,50.42956],[5.77837,50.42945],[5.77844,50.42934],[5.77836,50.42907],[5.77863,50.4288],[5.77918,50.42879],[5.77941,50.42911],[5.77985,50.42924],[5.77998,50.42907],[5.77964,50.42882],[5.77991,50.42855],[5.77985,50.42825],[5.78098,50.42682],[5.78154,50.42678],[5.78191,50.42718],[5.78239,50.4273],[5.78324,50.42688],[5.78444,50.42659],[5.78524,50.4265],[5.78621,50.42599],[5.78671,50.42599],[5.7875,50.42616],[5.78796,50.42617],[5.78907,50.42573],[5.78986,50.42592],[5.79044,50.42631],[5.79171,50.42658],[5.79437,50.42643],[5.79489,50.42653],[5.79552,50.42643],[5.79609,50.42647],[5.79651,50.42631],[5.79691,50.42601],[5.79734,50.42595],[5.7989,50.42608],[5.79933,50.42634],[5.79967,50.42634],[5.79974,50.42631],[5.7997,50.42626],[5.79906,50.42601],[5.79894,50.42577],[5.79902,50.42547],[5.79933,50.42508],[5.79934,50.42456],[5.79954,50.42415],[5.79978,50.42403],[5.80005,50.42404],[5.80117,50.42446],[5.80161,50.42448],[5.80272,50.42372],[5.80371,50.42325],[5.80397,50.42282],[5.80403,50.42215],[5.80431,50.42209],[5.80454,50.42211],[5.80527,50.42272],[5.80546,50.42278],[5.80588,50.42279],[5.80666,50.42258],[5.80723,50.42256],[5.80752,50.42266],[5.80779,50.42298],[5.80864,50.42297],[5.80916,50.42318],[5.81026,50.42344],[5.81128,50.42351],[5.81139,50.4236],[5.81149,50.42411],[5.8119,50.42439],[5.81245,50.4244],[5.81288,50.42413],[5.81289,50.42379],[5.81239,50.4234],[5.81191,50.42326],[5.81233,50.42292],[5.81247,50.42265],[5.81251,50.42241],[5.81232,50.42213],[5.81238,50.42189],[5.81312,50.42167],[5.81353,50.42172],[5.81432,50.42199],[5.8148,50.42185],[5.81505,50.42157],[5.81501,50.42124],[5.81482,50.42115],[5.81443,50.42144],[5.81425,50.42131],[5.81425,50.4211],[5.81436,50.42101],[5.81519,50.42092],[5.81571,50.42059],[5.81577,50.42048],[5.81577,50.41977],[5.81607,50.41936],[5.81651,50.41937],[5.81692,50.41969],[5.81736,50.41978],[5.81767,50.41932],[5.81758,50.41857],[5.81795,50.41829],[5.81811,50.41794],[5.81984,50.41777],[5.82223,50.4179],[5.82421,50.41855],[5.82566,50.41917],[5.82727,50.41998],[5.82818,50.42021],[5.82872,50.42045],[5.82953,50.42062],[5.8303,50.42042],[5.83108,50.42076],[5.83177,50.42082],[5.83333,50.42139],[5.8348,50.42166],[5.83557,50.42168],[5.83703,50.42214],[5.83779,50.42242],[5.83803,50.42331],[5.83836,50.42382],[5.8388,50.42413],[5.83926,50.42521],[5.83951,50.4255],[5.83986,50.42576],[5.8402,50.42581],[5.84153,50.42574]],[[5.79403,50.45011],[5.79394,50.44991],[5.79422,50.44992],[5.79403,50.45011]],[[5.79986,50.44968],[5.79986,50.44962],[5.79986,50.44968]],[[5.80861,50.4491],[5.80848,50.44909],[5.80906,50.44909],[5.80861,50.4491]],[[5.78361,50.44052],[5.78361,50.44045],[5.7839,50.4404],[5.78418,50.44047],[5.78361,50.44052]],[[5.77486,50.42829],[5.77444,50.42821],[5.77415,50.42798],[5.77488,50.42759],[5.77502,50.42796],[5.77486,50.42829]],[[5.79861,50.42717],[5.79774,50.42689],[5.7977,50.4266],[5.79823,50.42658],[5.79857,50.42701],[5.79861,50.42717]],[[5.79528,50.42695],[5.79517,50.42687],[5.79527,50.42677],[5.79538,50.42686],[5.79528,50.42695]],[[5.79945,50.42402],[5.79935,50.42382],[5.79953,50.4238],[5.79945,50.42402]],[[5.83486,50.4211],[5.83439,50.42077],[5.83433,50.42049],[5.83526,50.42052],[5.83653,50.42076],[5.83704,50.42103],[5.83578,50.4212],[5.83486,50.4211]],[[5.83195,50.42024],[5.83191,50.42017],[5.83197,50.42008],[5.8322,50.42018],[5.83195,50.42024]],[[5.83153,50.41997],[5.83152,50.41991],[5.83172,50.41992],[5.83153,50.41997]],[[5.84153,50.38416],[5.84124,50.3838],[5.84092,50.38356],[5.8409,50.38329],[5.8408,50.38321],[5.83968,50.38307],[5.83899,50.38288],[5.83812,50.38286],[5.83722,50.38268],[5.83745,50.38254],[5.83822,50.38257],[5.84,50.38283],[5.84153,50.3829]],[[5.83445,50.37993],[5.83477,50.38029],[5.83453,50.3816],[5.83438,50.38185],[5.83395,50.38192],[5.83353,50.38185],[5.83336,50.38147],[5.83328,50.381],[5.8326,50.38019],[5.83228,50.38012],[5.83102,50.38024],[5.83074,50.38017],[5.83044,50.37993]],[[5.8357,50.38107],[5.83557,50.3805],[5.8357,50.3802],[5.83575,50.38053],[5.8357,50.38107]]]}},{"type":"Feature","properties":{"ele":550},"geometry":{"type":"MultiLineString","coordinates":[[[5.84153,50.44282],[5.84064,50.44278],[5.83946,50.44211],[5.83916,50.44205],[5.83864,50.44207],[5.83807,50.44231],[5.83734,50.44227],[5.83652,50.44188],[5.83654,50.44158],[5.83614,50.44149],[5.83534,50.4415],[5.83488,50.44181],[5.83442,50.44183],[5.83399,50.44158],[5.83437,50.44132],[5.83503,50.44105],[5.83506,50.44076],[5.83478,50.44062],[5.83394,50.44081],[5.83318,50.44085],[5.83277,50.44106],[5.83198,50.44123],[5.8316,50.4414],[5.83103,50.44119],[5.83068,50.44121],[5.83029,50.44133],[5.82983,50.44118],[5.82947,50.4412],[5.82931,50.44134],[5.82922,50.44175],[5.82933,50.44214],[5.82895,50.44229],[5.82729,50.44238],[5.82578,50.44221],[5.82515,50.44225],[5.82444,50.4422],[5.82355,50.44191],[5.82275,50.44133],[5.8222,50.44105],[5.82105,50.44108],[5.82065,50.4405],[5.82079,50.44042],[5.82159,50.44032],[5.82247,50.43996],[5.8225,50.43991],[5.82223,50.43968],[5.82228,50.43951],[5.8225,50.43941],[5.82314,50.43935],[5.82321,50.43907],[5.8227,50.43884],[5.82182,50.43877],[5.82167,50.43885],[5.82156,50.4391],[5.82094,50.43934],[5.82069,50.43965],[5.82022,50.4391],[5.81983,50.43881],[5.81977,50.43855],[5.81984,50.43786],[5.81962,50.43743],[5.81888,50.4371],[5.81786,50.43677],[5.81687,50.43686],[5.81574,50.4372],[5.81404,50.43711],[5.8125,50.43739],[5.81153,50.43742],[5.81145,50.43772],[5.81127,50.43797],[5.81083,50.43811],[5.80989,50.43787],[5.80857,50.43768],[5.80784,50.43816],[5.80767,50.43859],[5.80748,50.43883],[5.80695,50.43916],[5.8061,50.43992],[5.80527,50.44102],[5.80489,50.44122],[5.80472,50.44117],[5.80443,50.44089],[5.80437,50.44073],[5.80441,50.44048],[5.80468,50.44012],[5.80526,50.43963],[5.80608,50.43876],[5.80634,50.43821],[5.80634,50.43762],[5.80625,50.43741],[5.80442,50.4372],[5.80404,50.43723],[5.80385,50.43745],[5.8037,50.43789],[5.80367,50.43883],[5.80277,50.43913],[5.80023,50.43912],[5.80004,50.43883],[5.80011,50.43835],[5.79997,50.43789],[5.80002,50.43774],[5.80016,50.43766],[5.80078,50.43766],[5.80198,50.43745],[5.80228,50.43716],[5.80236,50.43685],[5.80317,50.43695],[5.80362,50.43687],[5.80403,50.4366],[5.80421,50.43637],[5.80432,50.43609],[5.80428,50.43574],[5.80449,50.43554],[5.80578,50.43559],[5.80776,50.43604],[5.80911,50.43603],[5.80861,50.43521],[5.80845,50.43435],[5.80811,50.43378],[5.8069,50.43272],[5.80614,50.43187],[5.80568,50.43207],[5.80562,50.43279],[5.8054,50.43329],[5.80478,50.43371],[5.80401,50.43399],[5.80362,50.43403],[5.80335,50.43369],[5.80329,50.433],[5.80318,50.43273],[5.80259,50.43216],[5.80263,50.43196],[5.8029,50.43158],[5.80215,50.43132],[5.80265,50.43105],[5.80228,50.43084],[5.80223,50.43074],[5.80311,50.43045],[5.8033,50.43017],[5.80326,50.42987],[5.80288,50.4296],[5.80243,50.42962],[5.80111,50.43023],[5.80057,50.42986],[5.80061,50.4296],[5.80087,50.42936],[5.80101,50.42901],[5.8012,50.42891],[5.8027,50.42871],[5.8037,50.42889],[5.80531,50.42893],[5.80572,50.42884],[5.80599,50.42848],[5.80589,50.42825],[5.80565,50.428],[5.80568,50.42781],[5.80623,50.42746],[5.80649,50.42714],[5.80693,50.42685],[5.80711,50.4266],[5.80725,50.42612],[5.80719,50.42578],[5.8073,50.42539],[5.80726,50.42496],[5.80738,50.42486],[5.80779,50.42491],[5.80864,50.42517],[5.80928,50.42555],[5.81024,50.42585],[5.81081,50.42593],[5.81228,50.42669],[5.81318,50.42685],[5.81373,50.42709],[5.81479,50.42727],[5.8163,50.42734],[5.81685,50.42744],[5.81701,50.4277],[5.81675,50.428],[5.81702,50.42817],[5.81734,50.42854],[5.81794,50.42877],[5.8181,50.42911],[5.81777,50.4295],[5.81692,50.42986],[5.8165,50.42992],[5.81608,50.43018],[5.81568,50.4302],[5.81631,50.43021],[5.82,50.43002],[5.82109,50.42985],[5.82183,50.42959],[5.82255,50.42951],[5.82323,50.42924],[5.82412,50.42948],[5.82455,50.42943],[5.82487,50.42909],[5.82499,50.42879],[5.82357,50.42858],[5.82335,50.42828],[5.82364,50.42795],[5.8231,50.42772],[5.82071,50.42771],[5.82036,50.42802],[5.81943,50.42858],[5.81765,50.42775],[5.8175,50.42755],[5.81753,50.4274],[5.81772,50.4273],[5.81906,50.4269],[5.81939,50.42658],[5.8198,50.426],[5.8207,50.42537],[5.82151,50.42491],[5.82276,50.42451],[5.82327,50.42448],[5.82361,50.42466],[5.8242,50.4255],[5.82547,50.42629],[5.82577,50.42656],[5.82583,50.42685],[5.82563,50.42782],[5.8257,50.42814],[5.82652,50.42742],[5.82669,50.42711],[5.8273,50.42671],[5.82755,50.42669],[5.8282,50.4269],[5.8289,50.42694],[5.82911,50.42706],[5.82912,50.42727],[5.8288,50.42776],[5.82878,50.42799],[5.82987,50.4288],[5.83027,50.42919],[5.83049,50.42953],[5.8305,50.42966],[5.83029,50.42994],[5.82948,50.42983],[5.82833,50.43019],[5.82773,50.43074],[5.82778,50.43082],[5.8283,50.43103],[5.82979,50.43084],[5.83069,50.431],[5.83108,50.4314],[5.83152,50.43159],[5.83192,50.43191],[5.83239,50.43214],[5.83286,50.43221],[5.83331,50.43215],[5.83262,50.43162],[5.83266,50.43102],[5.83427,50.43087],[5.83463,50.43091],[5.83488,50.43104],[5.83454,50.43156],[5.8342,50.4319],[5.8338,50.43215],[5.83405,50.43241],[5.83433,50.43248],[5.83476,50.43244],[5.83557,50.43219],[5.83695,50.43223],[5.83765,50.43198],[5.83783,50.43199],[5.83865,50.43269],[5.83838,50.43301],[5.83908,50.43351],[5.83884,50.4338],[5.83885,50.43421],[5.83846,50.43468],[5.83849,50.43495],[5.84153,50.43588]],[[5.79445,50.44237],[5.79429,50.44216],[5.79443,50.44196],[5.79458,50.44213],[5.79445,50.44237]],[[5.80445,50.44135],[5.80437,50.4413],[5.80456,50.44131],[5.80445,50.44135]],[[5.79486,50.44109],[5.79466,50.441],[5.79484,50.44047],[5.7953,50.43994],[5.79554,50.43986],[5.7958,50.43985],[5.79612,50.44],[5.79633,50.43964],[5.79781,50.43955],[5.79903,50.43962],[5.79917,50.43984],[5.79917,50.44008],[5.79906,50.44026],[5.79781,50.44058],[5.79677,50.44103],[5.79486,50.44109]],[[5.82278,50.44089],[5.82265,50.44076],[5.82329,50.44076],[5.82278,50.44089]],[[5.80236,50.43525],[5.80217,50.43519],[5.80189,50.43492],[5.80243,50.4347],[5.80277,50.43434],[5.80319,50.43448],[5.80326,50.43467],[5.80322,50.43493],[5.80281,50.43521],[5.80236,50.43525]],[[5.83611,50.43479],[5.83527,50.4344],[5.83518,50.43411],[5.83487,50.43381],[5.83478,50.43362],[5.83478,50.43348],[5.83489,50.43334],[5.8352,50.43322],[5.83564,50.43323],[5.83663,50.43353],[5.83732,50.43383],[5.83766,50.43425],[5.83762,50.43439],[5.83743,50.43448],[5.83611,50.43479]],[[5.83361,50.43308],[5.83341,50.43294],[5.83356,50.43284],[5.83372,50.43287],[5.83378,50.43299],[5.83361,50.43308]],[[5.7982,50.43245],[5.79814,50.4324],[5.79813,50.43213],[5.79795,50.4319],[5.79731,50.43157],[5.79718,50.4313],[5.7972,50.43104],[5.79768,50.4304],[5.79791,50.43023],[5.79859,50.43015],[5.79933,50.43021],[5.79925,50.43051],[5.79962,50.43079],[5.79951,50.43104],[5.79927,50.43128],[5.79935,50.43159],[5.79887,50.43183],[5.79851,50.43215],[5.7986,50.43224],[5.79862,50.43243],[5.7982,50.43245]],[[5.83736,50.43161],[5.83729,50.43159],[5.83784,50.4316],[5.83772,50.43169],[5.83736,50.43161]],[[5.8057,50.42996],[5.80544,50.4299],[5.80588,50.42978],[5.80609,50.42981],[5.80616,50.42991],[5.8057,50.42996]],[[5.81611,50.42872],[5.81583,50.42832],[5.81593,50.4282],[5.81614,50.42815],[5.81634,50.42822],[5.8164,50.42832],[5.81611,50.42872]],[[5.80861,50.42777],[5.80824,50.42768],[5.80802,50.4274],[5.80828,50.42731],[5.80868,50.42739],[5.80873,50.42764],[5.80861,50.42777]],[[5.82778,50.42581],[5.82772,50.42575],[5.82778,50.42565],[5.82784,50.42574],[5.82778,50.42581]]]}}]}