<?xml version="1.0" encoding="UTF-8" ?>
<gpx version="1.1" xmlns:xsi="http://www.w3.org/2001/XMLSchema-instance"
    xmlns="http://www.topografix.com/GPX/1/1"
    xsi:schemaLocation="http://www.topografix.com/GPX/1/1 http://www.topografix.com/GPX/1/1/gpx.xsd"
    creator="Openrunner - https://www.openrunner.com" >	<trk>
	                   <name>LA GRANDE OURTHE - 100KM-24142177</name>
						<trkseg>
					<trkpt lat="50.178070" lon="5.606880">
						<ele>230</ele>
						<time>2026-05-21T08:46:04Z</time>
					</trkpt>
					<trkpt lat="50.178360" lon="5.606840">
						<ele>231</ele>
						<time>2026-05-21T08:46:19Z</time>
					</trkpt>
					<trkpt lat="50.178860" lon="5.606720">
						<ele>231</ele>
						<time>2026-05-21T08:46:44Z</time>
					</trkpt>
					<trkpt lat="50.179250" lon="5.606730">
						<ele>231</ele>
						<time>2026-05-21T08:47:03Z</time>
					</trkpt>
					<trkpt lat="50.179460" lon="5.606700">
						<ele>230</ele>
						<time>2026-05-21T08:47:14Z</time>
					</trkpt>
					<trkpt lat="50.180440" lon="5.606360">
						<ele>230</ele>
						<time>2026-05-21T08:48:04Z</time>
					</trkpt>
					<trkpt lat="50.180600" lon="5.606400">
						<ele>230</ele>
						<time>2026-05-21T08:48:12Z</time>
					</trkpt>
					<trkpt lat="50.180650" lon="5.606520">
						<ele>230</ele>
						<time>2026-05-21T08:48:17Z</time>
					</trkpt>
					<trkpt lat="50.180670" lon="5.606680">
						<ele>230</ele>
						<time>2026-05-21T08:48:22Z</time>
					</trkpt>
					<trkpt lat="50.180660" lon="5.607800">
						<ele>243</ele>
						<time>2026-05-21T08:48:58Z</time>
					</trkpt>
					<trkpt lat="50.180310" lon="5.608150">
						<ele>245</ele>
						<time>2026-05-21T08:49:19Z</time>
					</trkpt>
					<trkpt lat="50.180300" lon="5.608550">
						<ele>253</ele>
						<time>2026-05-21T08:49:32Z</time>
					</trkpt>
					<trkpt lat="50.180220" lon="5.608740">
						<ele>256</ele>
						<time>2026-05-21T08:49:39Z</time>
					</trkpt>
					<trkpt lat="50.180240" lon="5.608910">
						<ele>260</ele>
						<time>2026-05-21T08:49:44Z</time>
					</trkpt>
					<trkpt lat="50.180570" lon="5.610320">
						<ele>276</ele>
						<time>2026-05-21T08:50:33Z</time>
					</trkpt>
					<trkpt lat="50.180850" lon="5.611030">
						<ele>278</ele>
						<time>2026-05-21T08:50:59Z</time>
					</trkpt>
					<trkpt lat="50.181040" lon="5.611620">
						<ele>293</ele>
						<time>2026-05-21T08:51:20Z</time>
					</trkpt>
					<trkpt lat="50.181140" lon="5.612470">
						<ele>311</ele>
						<time>2026-05-21T08:51:48Z</time>
					</trkpt>
					<trkpt lat="50.181220" lon="5.612720">
						<ele>314</ele>
						<time>2026-05-21T08:51:57Z</time>
					</trkpt>
					<trkpt lat="50.181270" lon="5.613050">
						<ele>318</ele>
						<time>2026-05-21T08:52:08Z</time>
					</trkpt>
					<trkpt lat="50.181250" lon="5.613250">
						<ele>321</ele>
						<time>2026-05-21T08:52:14Z</time>
					</trkpt>
					<trkpt lat="50.181150" lon="5.613470">
						<ele>323</ele>
						<time>2026-05-21T08:52:23Z</time>
					</trkpt>
					<trkpt lat="50.181020" lon="5.613610">
						<ele>325</ele>
						<time>2026-05-21T08:52:31Z</time>
					</trkpt>
					<trkpt lat="50.180820" lon="5.613620">
						<ele>325</ele>
						<time>2026-05-21T08:52:41Z</time>
					</trkpt>
					<trkpt lat="50.180440" lon="5.613290">
						<ele>327</ele>
						<time>2026-05-21T08:53:03Z</time>
					</trkpt>
					<trkpt lat="50.180270" lon="5.613240">
						<ele>328</ele>
						<time>2026-05-21T08:53:11Z</time>
					</trkpt>
					<trkpt lat="50.180010" lon="5.613110">
						<ele>331</ele>
						<time>2026-05-21T08:53:25Z</time>
					</trkpt>
					<trkpt lat="50.179670" lon="5.613170">
						<ele>336</ele>
						<time>2026-05-21T08:53:42Z</time>
					</trkpt>
					<trkpt lat="50.179350" lon="5.613050">
						<ele>339</ele>
						<time>2026-05-21T08:53:59Z</time>
					</trkpt>
					<trkpt lat="50.179260" lon="5.613050">
						<ele>341</ele>
						<time>2026-05-21T08:54:03Z</time>
					</trkpt>
					<trkpt lat="50.179140" lon="5.613100">
						<ele>343</ele>
						<time>2026-05-21T08:54:09Z</time>
					</trkpt>
					<trkpt lat="50.179070" lon="5.613280">
						<ele>346</ele>
						<time>2026-05-21T08:54:16Z</time>
					</trkpt>
					<trkpt lat="50.179070" lon="5.614160">
						<ele>351</ele>
						<time>2026-05-21T08:54:44Z</time>
					</trkpt>
					<trkpt lat="50.179160" lon="5.614910">
						<ele>356</ele>
						<time>2026-05-21T08:55:09Z</time>
					</trkpt>
					<trkpt lat="50.179290" lon="5.615510">
						<ele>362</ele>
						<time>2026-05-21T08:55:29Z</time>
					</trkpt>
					<trkpt lat="50.179430" lon="5.616050">
						<ele>367</ele>
						<time>2026-05-21T08:55:48Z</time>
					</trkpt>
					<trkpt lat="50.179610" lon="5.616600">
						<ele>372</ele>
						<time>2026-05-21T08:56:08Z</time>
					</trkpt>
					<trkpt lat="50.179610" lon="5.616920">
						<ele>376</ele>
						<time>2026-05-21T08:56:18Z</time>
					</trkpt>
					<trkpt lat="50.179450" lon="5.617970">
						<ele>388</ele>
						<time>2026-05-21T08:56:52Z</time>
					</trkpt>
					<trkpt lat="50.179550" lon="5.618610">
						<ele>393</ele>
						<time>2026-05-21T08:57:14Z</time>
					</trkpt>
					<trkpt lat="50.179620" lon="5.618910">
						<ele>395</ele>
						<time>2026-05-21T08:57:24Z</time>
					</trkpt>
					<trkpt lat="50.179790" lon="5.619120">
						<ele>396</ele>
						<time>2026-05-21T08:57:35Z</time>
					</trkpt>
					<trkpt lat="50.180200" lon="5.619530">
						<ele>397</ele>
						<time>2026-05-21T08:57:59Z</time>
					</trkpt>
					<trkpt lat="50.180290" lon="5.619720">
						<ele>398</ele>
						<time>2026-05-21T08:58:07Z</time>
					</trkpt>
					<trkpt lat="50.180380" lon="5.620030">
						<ele>399</ele>
						<time>2026-05-21T08:58:17Z</time>
					</trkpt>
					<trkpt lat="50.180510" lon="5.620280">
						<ele>399</ele>
						<time>2026-05-21T08:58:28Z</time>
					</trkpt>
					<trkpt lat="50.180610" lon="5.620300">
						<ele>399</ele>
						<time>2026-05-21T08:58:33Z</time>
					</trkpt>
					<trkpt lat="50.181620" lon="5.620710">
						<ele>400</ele>
						<time>2026-05-21T08:59:25Z</time>
					</trkpt>
					<trkpt lat="50.181760" lon="5.620010">
						<ele>402</ele>
						<time>2026-05-21T08:59:49Z</time>
					</trkpt>
					<trkpt lat="50.181860" lon="5.619690">
						<ele>401</ele>
						<time>2026-05-21T09:00:00Z</time>
					</trkpt>
					<trkpt lat="50.181970" lon="5.619050">
						<ele>398</ele>
						<time>2026-05-21T09:00:21Z</time>
					</trkpt>
					<trkpt lat="50.182110" lon="5.618430">
						<ele>394</ele>
						<time>2026-05-21T09:00:42Z</time>
					</trkpt>
					<trkpt lat="50.182210" lon="5.618140">
						<ele>392</ele>
						<time>2026-05-21T09:00:53Z</time>
					</trkpt>
					<trkpt lat="50.182410" lon="5.617700">
						<ele>390</ele>
						<time>2026-05-21T09:01:10Z</time>
					</trkpt>
					<trkpt lat="50.182540" lon="5.617230">
						<ele>387</ele>
						<time>2026-05-21T09:01:26Z</time>
					</trkpt>
					<trkpt lat="50.182650" lon="5.615800">
						<ele>378</ele>
						<time>2026-05-21T09:02:13Z</time>
					</trkpt>
					<trkpt lat="50.182720" lon="5.615270">
						<ele>374</ele>
						<time>2026-05-21T09:02:30Z</time>
					</trkpt>
					<trkpt lat="50.182920" lon="5.614810">
						<ele>374</ele>
						<time>2026-05-21T09:02:48Z</time>
					</trkpt>
					<trkpt lat="50.182980" lon="5.614570">
						<ele>373</ele>
						<time>2026-05-21T09:02:56Z</time>
					</trkpt>
					<trkpt lat="50.183160" lon="5.613540">
						<ele>368</ele>
						<time>2026-05-21T09:03:30Z</time>
					</trkpt>
					<trkpt lat="50.183250" lon="5.612440">
						<ele>360</ele>
						<time>2026-05-21T09:04:06Z</time>
					</trkpt>
					<trkpt lat="50.183300" lon="5.612100">
						<ele>358</ele>
						<time>2026-05-21T09:04:17Z</time>
					</trkpt>
					<trkpt lat="50.183590" lon="5.610990">
						<ele>362</ele>
						<time>2026-05-21T09:04:55Z</time>
					</trkpt>
					<trkpt lat="50.183590" lon="5.610850">
						<ele>361</ele>
						<time>2026-05-21T09:05:00Z</time>
					</trkpt>
					<trkpt lat="50.183350" lon="5.609720">
						<ele>348</ele>
						<time>2026-05-21T09:05:38Z</time>
					</trkpt>
					<trkpt lat="50.183380" lon="5.609420">
						<ele>346</ele>
						<time>2026-05-21T09:05:48Z</time>
					</trkpt>
					<trkpt lat="50.183960" lon="5.607700">
						<ele>338</ele>
						<time>2026-05-21T09:06:50Z</time>
					</trkpt>
					<trkpt lat="50.184200" lon="5.607190">
						<ele>334</ele>
						<time>2026-05-21T09:07:10Z</time>
					</trkpt>
					<trkpt lat="50.184460" lon="5.606750">
						<ele>330</ele>
						<time>2026-05-21T09:07:30Z</time>
					</trkpt>
					<trkpt lat="50.184760" lon="5.606310">
						<ele>326</ele>
						<time>2026-05-21T09:07:50Z</time>
					</trkpt>
					<trkpt lat="50.185030" lon="5.606130">
						<ele>328</ele>
						<time>2026-05-21T09:08:05Z</time>
					</trkpt>
					<trkpt lat="50.185610" lon="5.605950">
						<ele>331</ele>
						<time>2026-05-21T09:08:34Z</time>
					</trkpt>
					<trkpt lat="50.185660" lon="5.605710">
						<ele>329</ele>
						<time>2026-05-21T09:08:42Z</time>
					</trkpt>
					<trkpt lat="50.185710" lon="5.604850">
						<ele>327</ele>
						<time>2026-05-21T09:09:10Z</time>
					</trkpt>
					<trkpt lat="50.185700" lon="5.604410">
						<ele>325</ele>
						<time>2026-05-21T09:09:24Z</time>
					</trkpt>
					<trkpt lat="50.185550" lon="5.603120">
						<ele>322</ele>
						<time>2026-05-21T09:10:06Z</time>
					</trkpt>
					<trkpt lat="50.185490" lon="5.602920">
						<ele>322</ele>
						<time>2026-05-21T09:10:13Z</time>
					</trkpt>
					<trkpt lat="50.185300" lon="5.602530">
						<ele>322</ele>
						<time>2026-05-21T09:10:29Z</time>
					</trkpt>
					<trkpt lat="50.185160" lon="5.602110">
						<ele>327</ele>
						<time>2026-05-21T09:10:44Z</time>
					</trkpt>
					<trkpt lat="50.184700" lon="5.600300">
						<ele>344</ele>
						<time>2026-05-21T09:11:47Z</time>
					</trkpt>
					<trkpt lat="50.184540" lon="5.599400">
						<ele>346</ele>
						<time>2026-05-21T09:12:17Z</time>
					</trkpt>
					<trkpt lat="50.184420" lon="5.597880">
						<ele>345</ele>
						<time>2026-05-21T09:13:06Z</time>
					</trkpt>
					<trkpt lat="50.184640" lon="5.597840">
						<ele>348</ele>
						<time>2026-05-21T09:13:17Z</time>
					</trkpt>
					<trkpt lat="50.184640" lon="5.597330">
						<ele>344</ele>
						<time>2026-05-21T09:13:33Z</time>
					</trkpt>
					<trkpt lat="50.184690" lon="5.597140">
						<ele>342</ele>
						<time>2026-05-21T09:13:40Z</time>
					</trkpt>
					<trkpt lat="50.185160" lon="5.596760">
						<ele>338</ele>
						<time>2026-05-21T09:14:06Z</time>
					</trkpt>
					<trkpt lat="50.185370" lon="5.596780">
						<ele>337</ele>
						<time>2026-05-21T09:14:17Z</time>
					</trkpt>
					<trkpt lat="50.186750" lon="5.596370">
						<ele>322</ele>
						<time>2026-05-21T09:15:27Z</time>
					</trkpt>
					<trkpt lat="50.187270" lon="5.596300">
						<ele>321</ele>
						<time>2026-05-21T09:15:53Z</time>
					</trkpt>
					<trkpt lat="50.187790" lon="5.596300">
						<ele>324</ele>
						<time>2026-05-21T09:16:19Z</time>
					</trkpt>
					<trkpt lat="50.188130" lon="5.596260">
						<ele>324</ele>
						<time>2026-05-21T09:16:36Z</time>
					</trkpt>
					<trkpt lat="50.188510" lon="5.596150">
						<ele>323</ele>
						<time>2026-05-21T09:16:55Z</time>
					</trkpt>
					<trkpt lat="50.188810" lon="5.596030">
						<ele>320</ele>
						<time>2026-05-21T09:17:11Z</time>
					</trkpt>
					<trkpt lat="50.189410" lon="5.595720">
						<ele>318</ele>
						<time>2026-05-21T09:17:43Z</time>
					</trkpt>
					<trkpt lat="50.189600" lon="5.595490">
						<ele>317</ele>
						<time>2026-05-21T09:17:55Z</time>
					</trkpt>
					<trkpt lat="50.189940" lon="5.595290">
						<ele>318</ele>
						<time>2026-05-21T09:18:13Z</time>
					</trkpt>
					<trkpt lat="50.190310" lon="5.595180">
						<ele>319</ele>
						<time>2026-05-21T09:18:32Z</time>
					</trkpt>
					<trkpt lat="50.190480" lon="5.595100">
						<ele>319</ele>
						<time>2026-05-21T09:18:41Z</time>
					</trkpt>
					<trkpt lat="50.190930" lon="5.595130">
						<ele>323</ele>
						<time>2026-05-21T09:19:03Z</time>
					</trkpt>
					<trkpt lat="50.191170" lon="5.595180">
						<ele>326</ele>
						<time>2026-05-21T09:19:15Z</time>
					</trkpt>
					<trkpt lat="50.191390" lon="5.595280">
						<ele>329</ele>
						<time>2026-05-21T09:19:27Z</time>
					</trkpt>
					<trkpt lat="50.193120" lon="5.596790">
						<ele>346</ele>
						<time>2026-05-21T09:21:06Z</time>
					</trkpt>
					<trkpt lat="50.193430" lon="5.597360">
						<ele>349</ele>
						<time>2026-05-21T09:21:30Z</time>
					</trkpt>
					<trkpt lat="50.194190" lon="5.598130">
						<ele>352</ele>
						<time>2026-05-21T09:22:15Z</time>
					</trkpt>
					<trkpt lat="50.194550" lon="5.598550">
						<ele>359</ele>
						<time>2026-05-21T09:22:38Z</time>
					</trkpt>
					<trkpt lat="50.194790" lon="5.598910">
						<ele>362</ele>
						<time>2026-05-21T09:22:54Z</time>
					</trkpt>
					<trkpt lat="50.194910" lon="5.599020">
						<ele>360</ele>
						<time>2026-05-21T09:23:01Z</time>
					</trkpt>
					<trkpt lat="50.194990" lon="5.599340">
						<ele>360</ele>
						<time>2026-05-21T09:23:12Z</time>
					</trkpt>
					<trkpt lat="50.195010" lon="5.599530">
						<ele>360</ele>
						<time>2026-05-21T09:23:18Z</time>
					</trkpt>
					<trkpt lat="50.194990" lon="5.599780">
						<ele>361</ele>
						<time>2026-05-21T09:23:26Z</time>
					</trkpt>
					<trkpt lat="50.194870" lon="5.600190">
						<ele>366</ele>
						<time>2026-05-21T09:23:41Z</time>
					</trkpt>
					<trkpt lat="50.194600" lon="5.600870">
						<ele>376</ele>
						<time>2026-05-21T09:24:07Z</time>
					</trkpt>
					<trkpt lat="50.194480" lon="5.601110">
						<ele>381</ele>
						<time>2026-05-21T09:24:16Z</time>
					</trkpt>
					<trkpt lat="50.194140" lon="5.601550">
						<ele>387</ele>
						<time>2026-05-21T09:24:38Z</time>
					</trkpt>
					<trkpt lat="50.193700" lon="5.602180">
						<ele>400</ele>
						<time>2026-05-21T09:25:08Z</time>
					</trkpt>
					<trkpt lat="50.193510" lon="5.602640">
						<ele>403</ele>
						<time>2026-05-21T09:25:26Z</time>
					</trkpt>
					<trkpt lat="50.193340" lon="5.603920">
						<ele>410</ele>
						<time>2026-05-21T09:26:08Z</time>
					</trkpt>
					<trkpt lat="50.193290" lon="5.604630">
						<ele>416</ele>
						<time>2026-05-21T09:26:31Z</time>
					</trkpt>
					<trkpt lat="50.193210" lon="5.605200">
						<ele>422</ele>
						<time>2026-05-21T09:26:49Z</time>
					</trkpt>
					<trkpt lat="50.193050" lon="5.605730">
						<ele>429</ele>
						<time>2026-05-21T09:27:08Z</time>
					</trkpt>
					<trkpt lat="50.192410" lon="5.607220">
						<ele>435</ele>
						<time>2026-05-21T09:28:06Z</time>
					</trkpt>
					<trkpt lat="50.192170" lon="5.608180">
						<ele>438</ele>
						<time>2026-05-21T09:28:39Z</time>
					</trkpt>
					<trkpt lat="50.192170" lon="5.608560">
						<ele>441</ele>
						<time>2026-05-21T09:28:51Z</time>
					</trkpt>
					<trkpt lat="50.192290" lon="5.609600">
						<ele>447</ele>
						<time>2026-05-21T09:29:25Z</time>
					</trkpt>
					<trkpt lat="50.192290" lon="5.609800">
						<ele>447</ele>
						<time>2026-05-21T09:29:31Z</time>
					</trkpt>
					<trkpt lat="50.192160" lon="5.609990">
						<ele>448</ele>
						<time>2026-05-21T09:29:40Z</time>
					</trkpt>
					<trkpt lat="50.191970" lon="5.610000">
						<ele>448</ele>
						<time>2026-05-21T09:29:49Z</time>
					</trkpt>
					<trkpt lat="50.191830" lon="5.609910">
						<ele>448</ele>
						<time>2026-05-21T09:29:57Z</time>
					</trkpt>
					<trkpt lat="50.191750" lon="5.610010">
						<ele>449</ele>
						<time>2026-05-21T09:30:02Z</time>
					</trkpt>
					<trkpt lat="50.191700" lon="5.610200">
						<ele>451</ele>
						<time>2026-05-21T09:30:09Z</time>
					</trkpt>
					<trkpt lat="50.191600" lon="5.610850">
						<ele>458</ele>
						<time>2026-05-21T09:30:30Z</time>
					</trkpt>
					<trkpt lat="50.191580" lon="5.612180">
						<ele>463</ele>
						<time>2026-05-21T09:31:13Z</time>
					</trkpt>
					<trkpt lat="50.191500" lon="5.613070">
						<ele>468</ele>
						<time>2026-05-21T09:31:42Z</time>
					</trkpt>
					<trkpt lat="50.191610" lon="5.613670">
						<ele>470</ele>
						<time>2026-05-21T09:32:02Z</time>
					</trkpt>
					<trkpt lat="50.191780" lon="5.614390">
						<ele>475</ele>
						<time>2026-05-21T09:32:26Z</time>
					</trkpt>
					<trkpt lat="50.191790" lon="5.615200">
						<ele>482</ele>
						<time>2026-05-21T09:32:52Z</time>
					</trkpt>
					<trkpt lat="50.191740" lon="5.615410">
						<ele>484</ele>
						<time>2026-05-21T09:32:59Z</time>
					</trkpt>
					<trkpt lat="50.191730" lon="5.615630">
						<ele>486</ele>
						<time>2026-05-21T09:33:06Z</time>
					</trkpt>
					<trkpt lat="50.191890" lon="5.616030">
						<ele>489</ele>
						<time>2026-05-21T09:33:21Z</time>
					</trkpt>
					<trkpt lat="50.192070" lon="5.616660">
						<ele>491</ele>
						<time>2026-05-21T09:33:44Z</time>
					</trkpt>
					<trkpt lat="50.192710" lon="5.619570">
						<ele>504</ele>
						<time>2026-05-21T09:35:22Z</time>
					</trkpt>
					<trkpt lat="50.192960" lon="5.620140">
						<ele>507</ele>
						<time>2026-05-21T09:35:44Z</time>
					</trkpt>
					<trkpt lat="50.193280" lon="5.621100">
						<ele>510</ele>
						<time>2026-05-21T09:36:19Z</time>
					</trkpt>
					<trkpt lat="50.193500" lon="5.621500">
						<ele>511</ele>
						<time>2026-05-21T09:36:36Z</time>
					</trkpt>
					<trkpt lat="50.193830" lon="5.622020">
						<ele>514</ele>
						<time>2026-05-21T09:36:59Z</time>
					</trkpt>
					<trkpt lat="50.194180" lon="5.622510">
						<ele>516</ele>
						<time>2026-05-21T09:37:23Z</time>
					</trkpt>
					<trkpt lat="50.194400" lon="5.622770">
						<ele>517</ele>
						<time>2026-05-21T09:37:37Z</time>
					</trkpt>
					<trkpt lat="50.194930" lon="5.623070">
						<ele>521</ele>
						<time>2026-05-21T09:38:05Z</time>
					</trkpt>
					<trkpt lat="50.195180" lon="5.623390">
						<ele>523</ele>
						<time>2026-05-21T09:38:21Z</time>
					</trkpt>
					<trkpt lat="50.195580" lon="5.624240">
						<ele>525</ele>
						<time>2026-05-21T09:38:55Z</time>
					</trkpt>
					<trkpt lat="50.195840" lon="5.624670">
						<ele>526</ele>
						<time>2026-05-21T09:39:14Z</time>
					</trkpt>
					<trkpt lat="50.196200" lon="5.625390">
						<ele>526</ele>
						<time>2026-05-21T09:39:43Z</time>
					</trkpt>
					<trkpt lat="50.196370" lon="5.625790">
						<ele>526</ele>
						<time>2026-05-21T09:39:58Z</time>
					</trkpt>
					<trkpt lat="50.196520" lon="5.626260">
						<ele>525</ele>
						<time>2026-05-21T09:40:15Z</time>
					</trkpt>
					<trkpt lat="50.196780" lon="5.626930">
						<ele>525</ele>
						<time>2026-05-21T09:40:40Z</time>
					</trkpt>
					<trkpt lat="50.196970" lon="5.627200">
						<ele>525</ele>
						<time>2026-05-21T09:40:53Z</time>
					</trkpt>
					<trkpt lat="50.197220" lon="5.627460">
						<ele>527</ele>
						<time>2026-05-21T09:41:08Z</time>
					</trkpt>
					<trkpt lat="50.196700" lon="5.627260">
						<ele>522</ele>
						<time>2026-05-21T09:41:35Z</time>
					</trkpt>
					<trkpt lat="50.196190" lon="5.627130">
						<ele>515</ele>
						<time>2026-05-21T09:42:01Z</time>
					</trkpt>
					<trkpt lat="50.195590" lon="5.626730">
						<ele>510</ele>
						<time>2026-05-21T09:42:33Z</time>
					</trkpt>
					<trkpt lat="50.195090" lon="5.626520">
						<ele>508</ele>
						<time>2026-05-21T09:42:59Z</time>
					</trkpt>
					<trkpt lat="50.194610" lon="5.626380">
						<ele>511</ele>
						<time>2026-05-21T09:43:24Z</time>
					</trkpt>
					<trkpt lat="50.194490" lon="5.626440">
						<ele>510</ele>
						<time>2026-05-21T09:43:30Z</time>
					</trkpt>
					<trkpt lat="50.194430" lon="5.626770">
						<ele>508</ele>
						<time>2026-05-21T09:43:41Z</time>
					</trkpt>
					<trkpt lat="50.194250" lon="5.627240">
						<ele>505</ele>
						<time>2026-05-21T09:43:59Z</time>
					</trkpt>
					<trkpt lat="50.194040" lon="5.627930">
						<ele>499</ele>
						<time>2026-05-21T09:44:23Z</time>
					</trkpt>
					<trkpt lat="50.193650" lon="5.628670">
						<ele>497</ele>
						<time>2026-05-21T09:44:54Z</time>
					</trkpt>
					<trkpt lat="50.193560" lon="5.628990">
						<ele>496</ele>
						<time>2026-05-21T09:45:05Z</time>
					</trkpt>
					<trkpt lat="50.193490" lon="5.629360">
						<ele>493</ele>
						<time>2026-05-21T09:45:17Z</time>
					</trkpt>
					<trkpt lat="50.193420" lon="5.629900">
						<ele>489</ele>
						<time>2026-05-21T09:45:35Z</time>
					</trkpt>
					<trkpt lat="50.193290" lon="5.630240">
						<ele>487</ele>
						<time>2026-05-21T09:45:48Z</time>
					</trkpt>
					<trkpt lat="50.193130" lon="5.630520">
						<ele>486</ele>
						<time>2026-05-21T09:46:00Z</time>
					</trkpt>
					<trkpt lat="50.193280" lon="5.630500">
						<ele>485</ele>
						<time>2026-05-21T09:46:07Z</time>
					</trkpt>
					<trkpt lat="50.193630" lon="5.630260">
						<ele>483</ele>
						<time>2026-05-21T09:46:26Z</time>
					</trkpt>
					<trkpt lat="50.193830" lon="5.630220">
						<ele>480</ele>
						<time>2026-05-21T09:46:37Z</time>
					</trkpt>
					<trkpt lat="50.194290" lon="5.630010">
						<ele>477</ele>
						<time>2026-05-21T09:47:01Z</time>
					</trkpt>
					<trkpt lat="50.194690" lon="5.629580">
						<ele>478</ele>
						<time>2026-05-21T09:47:25Z</time>
					</trkpt>
					<trkpt lat="50.194770" lon="5.629530">
						<ele>478</ele>
						<time>2026-05-21T09:47:29Z</time>
					</trkpt>
					<trkpt lat="50.194870" lon="5.629710">
						<ele>477</ele>
						<time>2026-05-21T09:47:37Z</time>
					</trkpt>
					<trkpt lat="50.194990" lon="5.630160">
						<ele>475</ele>
						<time>2026-05-21T09:47:52Z</time>
					</trkpt>
					<trkpt lat="50.195230" lon="5.630630">
						<ele>476</ele>
						<time>2026-05-21T09:48:12Z</time>
					</trkpt>
					<trkpt lat="50.195770" lon="5.631160">
						<ele>479</ele>
						<time>2026-05-21T09:48:44Z</time>
					</trkpt>
					<trkpt lat="50.196630" lon="5.631870">
						<ele>482</ele>
						<time>2026-05-21T09:49:32Z</time>
					</trkpt>
					<trkpt lat="50.197220" lon="5.632060">
						<ele>485</ele>
						<time>2026-05-21T09:50:02Z</time>
					</trkpt>
					<trkpt lat="50.197720" lon="5.632400">
						<ele>484</ele>
						<time>2026-05-21T09:50:30Z</time>
					</trkpt>
					<trkpt lat="50.197880" lon="5.632520">
						<ele>484</ele>
						<time>2026-05-21T09:50:39Z</time>
					</trkpt>
					<trkpt lat="50.197970" lon="5.632680">
						<ele>484</ele>
						<time>2026-05-21T09:50:45Z</time>
					</trkpt>
					<trkpt lat="50.198180" lon="5.632910">
						<ele>484</ele>
						<time>2026-05-21T09:50:58Z</time>
					</trkpt>
					<trkpt lat="50.199370" lon="5.633710">
						<ele>495</ele>
						<time>2026-05-21T09:52:03Z</time>
					</trkpt>
					<trkpt lat="50.198430" lon="5.634320">
						<ele>487</ele>
						<time>2026-05-21T09:52:54Z</time>
					</trkpt>
					<trkpt lat="50.198190" lon="5.634410">
						<ele>488</ele>
						<time>2026-05-21T09:53:06Z</time>
					</trkpt>
					<trkpt lat="50.197630" lon="5.634500">
						<ele>496</ele>
						<time>2026-05-21T09:53:34Z</time>
					</trkpt>
					<trkpt lat="50.196670" lon="5.634540">
						<ele>504</ele>
						<time>2026-05-21T09:54:23Z</time>
					</trkpt>
					<trkpt lat="50.195970" lon="5.634380">
						<ele>501</ele>
						<time>2026-05-21T09:54:58Z</time>
					</trkpt>
					<trkpt lat="50.195280" lon="5.634390">
						<ele>498</ele>
						<time>2026-05-21T09:55:32Z</time>
					</trkpt>
					<trkpt lat="50.195040" lon="5.634360">
						<ele>496</ele>
						<time>2026-05-21T09:55:45Z</time>
					</trkpt>
					<trkpt lat="50.194720" lon="5.634260">
						<ele>489</ele>
						<time>2026-05-21T09:56:01Z</time>
					</trkpt>
					<trkpt lat="50.194620" lon="5.634260">
						<ele>487</ele>
						<time>2026-05-21T09:56:06Z</time>
					</trkpt>
					<trkpt lat="50.194420" lon="5.634350">
						<ele>484</ele>
						<time>2026-05-21T09:56:16Z</time>
					</trkpt>
					<trkpt lat="50.194050" lon="5.634710">
						<ele>477</ele>
						<time>2026-05-21T09:56:38Z</time>
					</trkpt>
					<trkpt lat="50.193780" lon="5.635030">
						<ele>469</ele>
						<time>2026-05-21T09:56:55Z</time>
					</trkpt>
					<trkpt lat="50.193610" lon="5.635350">
						<ele>465</ele>
						<time>2026-05-21T09:57:08Z</time>
					</trkpt>
					<trkpt lat="50.193270" lon="5.636170">
						<ele>459</ele>
						<time>2026-05-21T09:57:40Z</time>
					</trkpt>
					<trkpt lat="50.193170" lon="5.636470">
						<ele>458</ele>
						<time>2026-05-21T09:57:51Z</time>
					</trkpt>
					<trkpt lat="50.193160" lon="5.636690">
						<ele>460</ele>
						<time>2026-05-21T09:57:58Z</time>
					</trkpt>
					<trkpt lat="50.193130" lon="5.636820">
						<ele>459</ele>
						<time>2026-05-21T09:58:02Z</time>
					</trkpt>
					<trkpt lat="50.192970" lon="5.637230">
						<ele>456</ele>
						<time>2026-05-21T09:58:17Z</time>
					</trkpt>
					<trkpt lat="50.192650" lon="5.638200">
						<ele>448</ele>
						<time>2026-05-21T09:58:52Z</time>
					</trkpt>
					<trkpt lat="50.192610" lon="5.638490">
						<ele>447</ele>
						<time>2026-05-21T09:59:02Z</time>
					</trkpt>
					<trkpt lat="50.192590" lon="5.639090">
						<ele>447</ele>
						<time>2026-05-21T09:59:21Z</time>
					</trkpt>
					<trkpt lat="50.194170" lon="5.640830">
						<ele>448</ele>
						<time>2026-05-21T10:00:58Z</time>
					</trkpt>
					<trkpt lat="50.195440" lon="5.642400">
						<ele>450</ele>
						<time>2026-05-21T10:02:19Z</time>
					</trkpt>
					<trkpt lat="50.196600" lon="5.644240">
						<ele>442</ele>
						<time>2026-05-21T10:03:42Z</time>
					</trkpt>
					<trkpt lat="50.197610" lon="5.645020">
						<ele>435</ele>
						<time>2026-05-21T10:04:38Z</time>
					</trkpt>
					<trkpt lat="50.198030" lon="5.644340">
						<ele>442</ele>
						<time>2026-05-21T10:05:08Z</time>
					</trkpt>
					<trkpt lat="50.198150" lon="5.643290">
						<ele>451</ele>
						<time>2026-05-21T10:05:42Z</time>
					</trkpt>
					<trkpt lat="50.198350" lon="5.642030">
						<ele>463</ele>
						<time>2026-05-21T10:06:24Z</time>
					</trkpt>
					<trkpt lat="50.198920" lon="5.640590">
						<ele>472</ele>
						<time>2026-05-21T10:07:18Z</time>
					</trkpt>
					<trkpt lat="50.199260" lon="5.640070">
						<ele>474</ele>
						<time>2026-05-21T10:07:42Z</time>
					</trkpt>
					<trkpt lat="50.199320" lon="5.639820">
						<ele>480</ele>
						<time>2026-05-21T10:07:51Z</time>
					</trkpt>
					<trkpt lat="50.199390" lon="5.639690">
						<ele>482</ele>
						<time>2026-05-21T10:07:56Z</time>
					</trkpt>
					<trkpt lat="50.199810" lon="5.639140">
						<ele>485</ele>
						<time>2026-05-21T10:08:23Z</time>
					</trkpt>
					<trkpt lat="50.200340" lon="5.638580">
						<ele>491</ele>
						<time>2026-05-21T10:08:56Z</time>
					</trkpt>
					<trkpt lat="50.200520" lon="5.638490">
						<ele>491</ele>
						<time>2026-05-21T10:09:05Z</time>
					</trkpt>
					<trkpt lat="50.200690" lon="5.638450">
						<ele>491</ele>
						<time>2026-05-21T10:09:14Z</time>
					</trkpt>
					<trkpt lat="50.200850" lon="5.638320">
						<ele>490</ele>
						<time>2026-05-21T10:09:23Z</time>
					</trkpt>
					<trkpt lat="50.201030" lon="5.638010">
						<ele>496</ele>
						<time>2026-05-21T10:09:36Z</time>
					</trkpt>
					<trkpt lat="50.201220" lon="5.637570">
						<ele>498</ele>
						<time>2026-05-21T10:09:53Z</time>
					</trkpt>
					<trkpt lat="50.201290" lon="5.637660">
						<ele>498</ele>
						<time>2026-05-21T10:09:58Z</time>
					</trkpt>
					<trkpt lat="50.201490" lon="5.637650">
						<ele>498</ele>
						<time>2026-05-21T10:10:08Z</time>
					</trkpt>
					<trkpt lat="50.201570" lon="5.637600">
						<ele>497</ele>
						<time>2026-05-21T10:10:12Z</time>
					</trkpt>
					<trkpt lat="50.201770" lon="5.637570">
						<ele>498</ele>
						<time>2026-05-21T10:10:22Z</time>
					</trkpt>
					<trkpt lat="50.201870" lon="5.637680">
						<ele>501</ele>
						<time>2026-05-21T10:10:28Z</time>
					</trkpt>
					<trkpt lat="50.202210" lon="5.638520">
						<ele>515</ele>
						<time>2026-05-21T10:11:00Z</time>
					</trkpt>
					<trkpt lat="50.202350" lon="5.639110">
						<ele>519</ele>
						<time>2026-05-21T10:11:20Z</time>
					</trkpt>
					<trkpt lat="50.202120" lon="5.639290">
						<ele>520</ele>
						<time>2026-05-21T10:11:33Z</time>
					</trkpt>
					<trkpt lat="50.201930" lon="5.639540">
						<ele>522</ele>
						<time>2026-05-21T10:11:45Z</time>
					</trkpt>
					<trkpt lat="50.201880" lon="5.639720">
						<ele>523</ele>
						<time>2026-05-21T10:11:52Z</time>
					</trkpt>
					<trkpt lat="50.201530" lon="5.640570">
						<ele>529</ele>
						<time>2026-05-21T10:12:24Z</time>
					</trkpt>
					<trkpt lat="50.201350" lon="5.640860">
						<ele>528</ele>
						<time>2026-05-21T10:12:37Z</time>
					</trkpt>
					<trkpt lat="50.201320" lon="5.641010">
						<ele>528</ele>
						<time>2026-05-21T10:12:42Z</time>
					</trkpt>
					<trkpt lat="50.201500" lon="5.641710">
						<ele>535</ele>
						<time>2026-05-21T10:13:06Z</time>
					</trkpt>
					<trkpt lat="50.201460" lon="5.642180">
						<ele>532</ele>
						<time>2026-05-21T10:13:21Z</time>
					</trkpt>
					<trkpt lat="50.201510" lon="5.642410">
						<ele>533</ele>
						<time>2026-05-21T10:13:29Z</time>
					</trkpt>
					<trkpt lat="50.201640" lon="5.642670">
						<ele>535</ele>
						<time>2026-05-21T10:13:40Z</time>
					</trkpt>
					<trkpt lat="50.201760" lon="5.643170">
						<ele>535</ele>
						<time>2026-05-21T10:13:57Z</time>
					</trkpt>
					<trkpt lat="50.201970" lon="5.643550">
						<ele>538</ele>
						<time>2026-05-21T10:14:13Z</time>
					</trkpt>
					<trkpt lat="50.202680" lon="5.644420">
						<ele>546</ele>
						<time>2026-05-21T10:14:58Z</time>
					</trkpt>
					<trkpt lat="50.203020" lon="5.644660">
						<ele>550</ele>
						<time>2026-05-21T10:15:17Z</time>
					</trkpt>
					<trkpt lat="50.203600" lon="5.645150">
						<ele>552</ele>
						<time>2026-05-21T10:15:50Z</time>
					</trkpt>
					<trkpt lat="50.203720" lon="5.645210">
						<ele>553</ele>
						<time>2026-05-21T10:15:56Z</time>
					</trkpt>
					<trkpt lat="50.204560" lon="5.645440">
						<ele>561</ele>
						<time>2026-05-21T10:16:39Z</time>
					</trkpt>
					<trkpt lat="50.204730" lon="5.645360">
						<ele>563</ele>
						<time>2026-05-21T10:16:48Z</time>
					</trkpt>
					<trkpt lat="50.204980" lon="5.644990">
						<ele>565</ele>
						<time>2026-05-21T10:17:05Z</time>
					</trkpt>
					<trkpt lat="50.205360" lon="5.644680">
						<ele>561</ele>
						<time>2026-05-21T10:17:26Z</time>
					</trkpt>
					<trkpt lat="50.205640" lon="5.644290">
						<ele>557</ele>
						<time>2026-05-21T10:17:45Z</time>
					</trkpt>
					<trkpt lat="50.206590" lon="5.643340">
						<ele>553</ele>
						<time>2026-05-21T10:18:41Z</time>
					</trkpt>
					<trkpt lat="50.206820" lon="5.643180">
						<ele>552</ele>
						<time>2026-05-21T10:18:54Z</time>
					</trkpt>
					<trkpt lat="50.207030" lon="5.643090">
						<ele>551</ele>
						<time>2026-05-21T10:19:05Z</time>
					</trkpt>
					<trkpt lat="50.207890" lon="5.643070">
						<ele>550</ele>
						<time>2026-05-21T10:19:48Z</time>
					</trkpt>
					<trkpt lat="50.208130" lon="5.643010">
						<ele>551</ele>
						<time>2026-05-21T10:20:00Z</time>
					</trkpt>
					<trkpt lat="50.208150" lon="5.643340">
						<ele>553</ele>
						<time>2026-05-21T10:20:11Z</time>
					</trkpt>
					<trkpt lat="50.208280" lon="5.643910">
						<ele>555</ele>
						<time>2026-05-21T10:20:30Z</time>
					</trkpt>
					<trkpt lat="50.208990" lon="5.646650">
						<ele>563</ele>
						<time>2026-05-21T10:22:05Z</time>
					</trkpt>
					<trkpt lat="50.209140" lon="5.647110">
						<ele>564</ele>
						<time>2026-05-21T10:22:21Z</time>
					</trkpt>
					<trkpt lat="50.209270" lon="5.647400">
						<ele>565</ele>
						<time>2026-05-21T10:22:33Z</time>
					</trkpt>
					<trkpt lat="50.210780" lon="5.650110">
						<ele>563</ele>
						<time>2026-05-21T10:24:28Z</time>
					</trkpt>
					<trkpt lat="50.211300" lon="5.650980">
						<ele>560</ele>
						<time>2026-05-21T10:25:06Z</time>
					</trkpt>
					<trkpt lat="50.211630" lon="5.650150">
						<ele>565</ele>
						<time>2026-05-21T10:25:37Z</time>
					</trkpt>
					<trkpt lat="50.211830" lon="5.649770">
						<ele>567</ele>
						<time>2026-05-21T10:25:53Z</time>
					</trkpt>
					<trkpt lat="50.211930" lon="5.649520">
						<ele>567</ele>
						<time>2026-05-21T10:26:02Z</time>
					</trkpt>
					<trkpt lat="50.212250" lon="5.648530">
						<ele>567</ele>
						<time>2026-05-21T10:26:38Z</time>
					</trkpt>
					<trkpt lat="50.212290" lon="5.648360">
						<ele>566</ele>
						<time>2026-05-21T10:26:44Z</time>
					</trkpt>
					<trkpt lat="50.212290" lon="5.648170">
						<ele>566</ele>
						<time>2026-05-21T10:26:50Z</time>
					</trkpt>
					<trkpt lat="50.212380" lon="5.648070">
						<ele>565</ele>
						<time>2026-05-21T10:26:55Z</time>
					</trkpt>
					<trkpt lat="50.212710" lon="5.647540">
						<ele>563</ele>
						<time>2026-05-21T10:27:19Z</time>
					</trkpt>
					<trkpt lat="50.213200" lon="5.646520">
						<ele>558</ele>
						<time>2026-05-21T10:28:00Z</time>
					</trkpt>
					<trkpt lat="50.213720" lon="5.645670">
						<ele>553</ele>
						<time>2026-05-21T10:28:37Z</time>
					</trkpt>
					<trkpt lat="50.213830" lon="5.645550">
						<ele>553</ele>
						<time>2026-05-21T10:28:44Z</time>
					</trkpt>
					<trkpt lat="50.213330" lon="5.643420">
						<ele>550</ele>
						<time>2026-05-21T10:29:57Z</time>
					</trkpt>
					<trkpt lat="50.213910" lon="5.643940">
						<ele>550</ele>
						<time>2026-05-21T10:30:30Z</time>
					</trkpt>
					<trkpt lat="50.214140" lon="5.644240">
						<ele>549</ele>
						<time>2026-05-21T10:30:45Z</time>
					</trkpt>
					<trkpt lat="50.214270" lon="5.644460">
						<ele>549</ele>
						<time>2026-05-21T10:30:55Z</time>
					</trkpt>
					<trkpt lat="50.214590" lon="5.645260">
						<ele>549</ele>
						<time>2026-05-21T10:31:25Z</time>
					</trkpt>
					<trkpt lat="50.214760" lon="5.645870">
						<ele>549</ele>
						<time>2026-05-21T10:31:46Z</time>
					</trkpt>
					<trkpt lat="50.215090" lon="5.646510">
						<ele>548</ele>
						<time>2026-05-21T10:32:13Z</time>
					</trkpt>
					<trkpt lat="50.215350" lon="5.646930">
						<ele>547</ele>
						<time>2026-05-21T10:32:31Z</time>
					</trkpt>
					<trkpt lat="50.215530" lon="5.647160">
						<ele>546</ele>
						<time>2026-05-21T10:32:43Z</time>
					</trkpt>
					<trkpt lat="50.216350" lon="5.647870">
						<ele>544</ele>
						<time>2026-05-21T10:33:30Z</time>
					</trkpt>
					<trkpt lat="50.216980" lon="5.648370">
						<ele>547</ele>
						<time>2026-05-21T10:34:05Z</time>
					</trkpt>
					<trkpt lat="50.217440" lon="5.648390">
						<ele>548</ele>
						<time>2026-05-21T10:34:28Z</time>
					</trkpt>
					<trkpt lat="50.217670" lon="5.648430">
						<ele>549</ele>
						<time>2026-05-21T10:34:40Z</time>
					</trkpt>
					<trkpt lat="50.218050" lon="5.648530">
						<ele>551</ele>
						<time>2026-05-21T10:34:59Z</time>
					</trkpt>
					<trkpt lat="50.218490" lon="5.648680">
						<ele>554</ele>
						<time>2026-05-21T10:35:22Z</time>
					</trkpt>
					<trkpt lat="50.219290" lon="5.648820">
						<ele>556</ele>
						<time>2026-05-21T10:36:02Z</time>
					</trkpt>
					<trkpt lat="50.219430" lon="5.648940">
						<ele>557</ele>
						<time>2026-05-21T10:36:10Z</time>
					</trkpt>
					<trkpt lat="50.219670" lon="5.649210">
						<ele>559</ele>
						<time>2026-05-21T10:36:25Z</time>
					</trkpt>
					<trkpt lat="50.219950" lon="5.649630">
						<ele>561</ele>
						<time>2026-05-21T10:36:44Z</time>
					</trkpt>
					<trkpt lat="50.220670" lon="5.650540">
						<ele>563</ele>
						<time>2026-05-21T10:37:31Z</time>
					</trkpt>
					<trkpt lat="50.220920" lon="5.651060">
						<ele>562</ele>
						<time>2026-05-21T10:37:51Z</time>
					</trkpt>
					<trkpt lat="50.221130" lon="5.651690">
						<ele>558</ele>
						<time>2026-05-21T10:38:14Z</time>
					</trkpt>
					<trkpt lat="50.221330" lon="5.652100">
						<ele>555</ele>
						<time>2026-05-21T10:38:31Z</time>
					</trkpt>
					<trkpt lat="50.221480" lon="5.652520">
						<ele>555</ele>
						<time>2026-05-21T10:38:46Z</time>
					</trkpt>
					<trkpt lat="50.221540" lon="5.652880">
						<ele>555</ele>
						<time>2026-05-21T10:38:58Z</time>
					</trkpt>
					<trkpt lat="50.221650" lon="5.654210">
						<ele>555</ele>
						<time>2026-05-21T10:39:41Z</time>
					</trkpt>
					<trkpt lat="50.221950" lon="5.655420">
						<ele>556</ele>
						<time>2026-05-21T10:40:23Z</time>
					</trkpt>
					<trkpt lat="50.221980" lon="5.655410">
						<ele>556</ele>
						<time>2026-05-21T10:40:24Z</time>
					</trkpt>
					<trkpt lat="50.222150" lon="5.655610">
						<ele>556</ele>
						<time>2026-05-21T10:40:35Z</time>
					</trkpt>
					<trkpt lat="50.222430" lon="5.655770">
						<ele>556</ele>
						<time>2026-05-21T10:40:50Z</time>
					</trkpt>
					<trkpt lat="50.222520" lon="5.655700">
						<ele>556</ele>
						<time>2026-05-21T10:40:55Z</time>
					</trkpt>
					<trkpt lat="50.222970" lon="5.655210">
						<ele>563</ele>
						<time>2026-05-21T10:41:22Z</time>
					</trkpt>
					<trkpt lat="50.223260" lon="5.655230">
						<ele>568</ele>
						<time>2026-05-21T10:41:37Z</time>
					</trkpt>
					<trkpt lat="50.223580" lon="5.655510">
						<ele>571</ele>
						<time>2026-05-21T10:41:55Z</time>
					</trkpt>
					<trkpt lat="50.224700" lon="5.654540">
						<ele>579</ele>
						<time>2026-05-21T10:42:59Z</time>
					</trkpt>
					<trkpt lat="50.225270" lon="5.654120">
						<ele>580</ele>
						<time>2026-05-21T10:43:31Z</time>
					</trkpt>
					<trkpt lat="50.225840" lon="5.653790">
						<ele>581</ele>
						<time>2026-05-21T10:44:01Z</time>
					</trkpt>
					<trkpt lat="50.226010" lon="5.653710">
						<ele>581</ele>
						<time>2026-05-21T10:44:10Z</time>
					</trkpt>
					<trkpt lat="50.226140" lon="5.653690">
						<ele>582</ele>
						<time>2026-05-21T10:44:16Z</time>
					</trkpt>
					<trkpt lat="50.226570" lon="5.653720">
						<ele>583</ele>
						<time>2026-05-21T10:44:38Z</time>
					</trkpt>
					<trkpt lat="50.227100" lon="5.653720">
						<ele>582</ele>
						<time>2026-05-21T10:45:04Z</time>
					</trkpt>
					<trkpt lat="50.227340" lon="5.653800">
						<ele>582</ele>
						<time>2026-05-21T10:45:17Z</time>
					</trkpt>
					<trkpt lat="50.228820" lon="5.654720">
						<ele>577</ele>
						<time>2026-05-21T10:46:36Z</time>
					</trkpt>
					<trkpt lat="50.229690" lon="5.655310">
						<ele>575</ele>
						<time>2026-05-21T10:47:24Z</time>
					</trkpt>
					<trkpt lat="50.229770" lon="5.656340">
						<ele>574</ele>
						<time>2026-05-21T10:47:57Z</time>
					</trkpt>
					<trkpt lat="50.229780" lon="5.656920">
						<ele>575</ele>
						<time>2026-05-21T10:48:16Z</time>
					</trkpt>
					<trkpt lat="50.229700" lon="5.658280">
						<ele>579</ele>
						<time>2026-05-21T10:48:59Z</time>
					</trkpt>
					<trkpt lat="50.229400" lon="5.661560">
						<ele>589</ele>
						<time>2026-05-21T10:50:45Z</time>
					</trkpt>
					<trkpt lat="50.229380" lon="5.662090">
						<ele>589</ele>
						<time>2026-05-21T10:51:02Z</time>
					</trkpt>
					<trkpt lat="50.229330" lon="5.662440">
						<ele>589</ele>
						<time>2026-05-21T10:51:14Z</time>
					</trkpt>
					<trkpt lat="50.229250" lon="5.662700">
						<ele>589</ele>
						<time>2026-05-21T10:51:23Z</time>
					</trkpt>
					<trkpt lat="50.229110" lon="5.662990">
						<ele>590</ele>
						<time>2026-05-21T10:51:35Z</time>
					</trkpt>
					<trkpt lat="50.228730" lon="5.664080">
						<ele>592</ele>
						<time>2026-05-21T10:52:15Z</time>
					</trkpt>
					<trkpt lat="50.228350" lon="5.665070">
						<ele>595</ele>
						<time>2026-05-21T10:52:52Z</time>
					</trkpt>
					<trkpt lat="50.228140" lon="5.666050">
						<ele>595</ele>
						<time>2026-05-21T10:53:25Z</time>
					</trkpt>
					<trkpt lat="50.228130" lon="5.666230">
						<ele>595</ele>
						<time>2026-05-21T10:53:30Z</time>
					</trkpt>
					<trkpt lat="50.228160" lon="5.667090">
						<ele>596</ele>
						<time>2026-05-21T10:53:58Z</time>
					</trkpt>
					<trkpt lat="50.228400" lon="5.669200">
						<ele>602</ele>
						<time>2026-05-21T10:55:07Z</time>
					</trkpt>
					<trkpt lat="50.228500" lon="5.671800">
						<ele>602</ele>
						<time>2026-05-21T10:56:30Z</time>
					</trkpt>
					<trkpt lat="50.228630" lon="5.672660">
						<ele>605</ele>
						<time>2026-05-21T10:56:58Z</time>
					</trkpt>
					<trkpt lat="50.228740" lon="5.673150">
						<ele>606</ele>
						<time>2026-05-21T10:57:15Z</time>
					</trkpt>
					<trkpt lat="50.228830" lon="5.673720">
						<ele>608</ele>
						<time>2026-05-21T10:57:34Z</time>
					</trkpt>
					<trkpt lat="50.229210" lon="5.675490">
						<ele>611</ele>
						<time>2026-05-21T10:58:33Z</time>
					</trkpt>
					<trkpt lat="50.229750" lon="5.676410">
						<ele>610</ele>
						<time>2026-05-21T10:59:13Z</time>
					</trkpt>
					<trkpt lat="50.230010" lon="5.676660">
						<ele>608</ele>
						<time>2026-05-21T10:59:29Z</time>
					</trkpt>
					<trkpt lat="50.230250" lon="5.676800">
						<ele>607</ele>
						<time>2026-05-21T10:59:42Z</time>
					</trkpt>
					<trkpt lat="50.230870" lon="5.676940">
						<ele>605</ele>
						<time>2026-05-21T11:00:13Z</time>
					</trkpt>
					<trkpt lat="50.230800" lon="5.677030">
						<ele>605</ele>
						<time>2026-05-21T11:00:17Z</time>
					</trkpt>
					<trkpt lat="50.230870" lon="5.676940">
						<ele>605</ele>
						<time>2026-05-21T11:00:22Z</time>
					</trkpt>
					<trkpt lat="50.231030" lon="5.677050">
						<ele>605</ele>
						<time>2026-05-21T11:00:31Z</time>
					</trkpt>
					<trkpt lat="50.233410" lon="5.678930">
						<ele>589</ele>
						<time>2026-05-21T11:02:44Z</time>
					</trkpt>
					<trkpt lat="50.233550" lon="5.679070">
						<ele>587</ele>
						<time>2026-05-21T11:02:52Z</time>
					</trkpt>
					<trkpt lat="50.233660" lon="5.679260">
						<ele>586</ele>
						<time>2026-05-21T11:03:01Z</time>
					</trkpt>
					<trkpt lat="50.234180" lon="5.680320">
						<ele>586</ele>
						<time>2026-05-21T11:03:43Z</time>
					</trkpt>
					<trkpt lat="50.234290" lon="5.680490">
						<ele>587</ele>
						<time>2026-05-21T11:03:51Z</time>
					</trkpt>
					<trkpt lat="50.235040" lon="5.680850">
						<ele>591</ele>
						<time>2026-05-21T11:04:30Z</time>
					</trkpt>
					<trkpt lat="50.235510" lon="5.680980">
						<ele>592</ele>
						<time>2026-05-21T11:04:54Z</time>
					</trkpt>
					<trkpt lat="50.236180" lon="5.681260">
						<ele>594</ele>
						<time>2026-05-21T11:05:29Z</time>
					</trkpt>
					<trkpt lat="50.236660" lon="5.681390">
						<ele>595</ele>
						<time>2026-05-21T11:05:53Z</time>
					</trkpt>
					<trkpt lat="50.237000" lon="5.681520">
						<ele>597</ele>
						<time>2026-05-21T11:06:11Z</time>
					</trkpt>
					<trkpt lat="50.237240" lon="5.681650">
						<ele>598</ele>
						<time>2026-05-21T11:06:24Z</time>
					</trkpt>
					<trkpt lat="50.238940" lon="5.683070">
						<ele>599</ele>
						<time>2026-05-21T11:08:00Z</time>
					</trkpt>
					<trkpt lat="50.239130" lon="5.683190">
						<ele>597</ele>
						<time>2026-05-21T11:08:10Z</time>
					</trkpt>
					<trkpt lat="50.240130" lon="5.683380">
						<ele>589</ele>
						<time>2026-05-21T11:09:01Z</time>
					</trkpt>
					<trkpt lat="50.241330" lon="5.683760">
						<ele>579</ele>
						<time>2026-05-21T11:10:02Z</time>
					</trkpt>
					<trkpt lat="50.241770" lon="5.683950">
						<ele>575</ele>
						<time>2026-05-21T11:10:25Z</time>
					</trkpt>
					<trkpt lat="50.242450" lon="5.684300">
						<ele>564</ele>
						<time>2026-05-21T11:11:01Z</time>
					</trkpt>
					<trkpt lat="50.242660" lon="5.684350">
						<ele>560</ele>
						<time>2026-05-21T11:11:11Z</time>
					</trkpt>
					<trkpt lat="50.244220" lon="5.684590">
						<ele>539</ele>
						<time>2026-05-21T11:12:30Z</time>
					</trkpt>
					<trkpt lat="50.244190" lon="5.684650">
						<ele>539</ele>
						<time>2026-05-21T11:12:32Z</time>
					</trkpt>
					<trkpt lat="50.244220" lon="5.684590">
						<ele>539</ele>
						<time>2026-05-21T11:12:35Z</time>
					</trkpt>
					<trkpt lat="50.244330" lon="5.684610">
						<ele>540</ele>
						<time>2026-05-21T11:12:40Z</time>
					</trkpt>
					<trkpt lat="50.244510" lon="5.684590">
						<ele>541</ele>
						<time>2026-05-21T11:12:49Z</time>
					</trkpt>
					<trkpt lat="50.244610" lon="5.684480">
						<ele>542</ele>
						<time>2026-05-21T11:12:55Z</time>
					</trkpt>
					<trkpt lat="50.244850" lon="5.684070">
						<ele>540</ele>
						<time>2026-05-21T11:13:13Z</time>
					</trkpt>
					<trkpt lat="50.245080" lon="5.683800">
						<ele>540</ele>
						<time>2026-05-21T11:13:27Z</time>
					</trkpt>
					<trkpt lat="50.245210" lon="5.683680">
						<ele>541</ele>
						<time>2026-05-21T11:13:35Z</time>
					</trkpt>
					<trkpt lat="50.245430" lon="5.683530">
						<ele>543</ele>
						<time>2026-05-21T11:13:47Z</time>
					</trkpt>
					<trkpt lat="50.245950" lon="5.683350">
						<ele>549</ele>
						<time>2026-05-21T11:14:14Z</time>
					</trkpt>
					<trkpt lat="50.246610" lon="5.683200">
						<ele>554</ele>
						<time>2026-05-21T11:14:47Z</time>
					</trkpt>
					<trkpt lat="50.247050" lon="5.686330">
						<ele>579</ele>
						<time>2026-05-21T11:16:30Z</time>
					</trkpt>
					<trkpt lat="50.247180" lon="5.686620">
						<ele>578</ele>
						<time>2026-05-21T11:16:41Z</time>
					</trkpt>
					<trkpt lat="50.246100" lon="5.687830">
						<ele>579</ele>
						<time>2026-05-21T11:17:47Z</time>
					</trkpt>
					<trkpt lat="50.245350" lon="5.688560">
						<ele>576</ele>
						<time>2026-05-21T11:18:32Z</time>
					</trkpt>
					<trkpt lat="50.244620" lon="5.689360">
						<ele>573</ele>
						<time>2026-05-21T11:19:16Z</time>
					</trkpt>
					<trkpt lat="50.244440" lon="5.689610">
						<ele>573</ele>
						<time>2026-05-21T11:19:28Z</time>
					</trkpt>
					<trkpt lat="50.244380" lon="5.689750">
						<ele>573</ele>
						<time>2026-05-21T11:19:34Z</time>
					</trkpt>
					<trkpt lat="50.244290" lon="5.689810">
						<ele>573</ele>
						<time>2026-05-21T11:19:39Z</time>
					</trkpt>
					<trkpt lat="50.244090" lon="5.690120">
						<ele>575</ele>
						<time>2026-05-21T11:19:53Z</time>
					</trkpt>
					<trkpt lat="50.243870" lon="5.690580">
						<ele>577</ele>
						<time>2026-05-21T11:20:11Z</time>
					</trkpt>
					<trkpt lat="50.243760" lon="5.690760">
						<ele>576</ele>
						<time>2026-05-21T11:20:19Z</time>
					</trkpt>
					<trkpt lat="50.243570" lon="5.691000">
						<ele>574</ele>
						<time>2026-05-21T11:20:31Z</time>
					</trkpt>
					<trkpt lat="50.243420" lon="5.691270">
						<ele>572</ele>
						<time>2026-05-21T11:20:43Z</time>
					</trkpt>
					<trkpt lat="50.243270" lon="5.691420">
						<ele>570</ele>
						<time>2026-05-21T11:20:52Z</time>
					</trkpt>
					<trkpt lat="50.243160" lon="5.691490">
						<ele>569</ele>
						<time>2026-05-21T11:20:58Z</time>
					</trkpt>
					<trkpt lat="50.243040" lon="5.691540">
						<ele>567</ele>
						<time>2026-05-21T11:21:04Z</time>
					</trkpt>
					<trkpt lat="50.242990" lon="5.691530">
						<ele>566</ele>
						<time>2026-05-21T11:21:06Z</time>
					</trkpt>
					<trkpt lat="50.242780" lon="5.691760">
						<ele>564</ele>
						<time>2026-05-21T11:21:19Z</time>
					</trkpt>
					<trkpt lat="50.242700" lon="5.692040">
						<ele>564</ele>
						<time>2026-05-21T11:21:29Z</time>
					</trkpt>
					<trkpt lat="50.242150" lon="5.692930">
						<ele>568</ele>
						<time>2026-05-21T11:22:09Z</time>
					</trkpt>
					<trkpt lat="50.241910" lon="5.693130">
						<ele>571</ele>
						<time>2026-05-21T11:22:22Z</time>
					</trkpt>
					<trkpt lat="50.241670" lon="5.693400">
						<ele>574</ele>
						<time>2026-05-21T11:22:37Z</time>
					</trkpt>
					<trkpt lat="50.240200" lon="5.695200">
						<ele>594</ele>
						<time>2026-05-21T11:24:10Z</time>
					</trkpt>
					<trkpt lat="50.240110" lon="5.695340">
						<ele>595</ele>
						<time>2026-05-21T11:24:17Z</time>
					</trkpt>
					<trkpt lat="50.239600" lon="5.695860">
						<ele>599</ele>
						<time>2026-05-21T11:24:47Z</time>
					</trkpt>
					<trkpt lat="50.239290" lon="5.696250">
						<ele>601</ele>
						<time>2026-05-21T11:25:07Z</time>
					</trkpt>
					<trkpt lat="50.239270" lon="5.696310">
						<ele>601</ele>
						<time>2026-05-21T11:25:09Z</time>
					</trkpt>
					<trkpt lat="50.239210" lon="5.696350">
						<ele>602</ele>
						<time>2026-05-21T11:25:13Z</time>
					</trkpt>
					<trkpt lat="50.239080" lon="5.696640">
						<ele>603</ele>
						<time>2026-05-21T11:25:24Z</time>
					</trkpt>
					<trkpt lat="50.238980" lon="5.697070">
						<ele>605</ele>
						<time>2026-05-21T11:25:39Z</time>
					</trkpt>
					<trkpt lat="50.238660" lon="5.697760">
						<ele>610</ele>
						<time>2026-05-21T11:26:06Z</time>
					</trkpt>
					<trkpt lat="50.238340" lon="5.698180">
						<ele>615</ele>
						<time>2026-05-21T11:26:27Z</time>
					</trkpt>
					<trkpt lat="50.238020" lon="5.698450">
						<ele>617</ele>
						<time>2026-05-21T11:26:45Z</time>
					</trkpt>
					<trkpt lat="50.237760" lon="5.698620">
						<ele>618</ele>
						<time>2026-05-21T11:26:59Z</time>
					</trkpt>
					<trkpt lat="50.237470" lon="5.698750">
						<ele>620</ele>
						<time>2026-05-21T11:27:14Z</time>
					</trkpt>
					<trkpt lat="50.236450" lon="5.699780">
						<ele>625</ele>
						<time>2026-05-21T11:28:15Z</time>
					</trkpt>
					<trkpt lat="50.236190" lon="5.700160">
						<ele>626</ele>
						<time>2026-05-21T11:28:33Z</time>
					</trkpt>
					<trkpt lat="50.235820" lon="5.701000">
						<ele>629</ele>
						<time>2026-05-21T11:29:05Z</time>
					</trkpt>
					<trkpt lat="50.235650" lon="5.702030">
						<ele>633</ele>
						<time>2026-05-21T11:29:39Z</time>
					</trkpt>
					<trkpt lat="50.235500" lon="5.702590">
						<ele>635</ele>
						<time>2026-05-21T11:29:59Z</time>
					</trkpt>
					<trkpt lat="50.235110" lon="5.703820">
						<ele>639</ele>
						<time>2026-05-21T11:30:43Z</time>
					</trkpt>
					<trkpt lat="50.234980" lon="5.704080">
						<ele>640</ele>
						<time>2026-05-21T11:30:53Z</time>
					</trkpt>
					<trkpt lat="50.234780" lon="5.704290">
						<ele>640</ele>
						<time>2026-05-21T11:31:05Z</time>
					</trkpt>
					<trkpt lat="50.234540" lon="5.704850">
						<ele>642</ele>
						<time>2026-05-21T11:31:27Z</time>
					</trkpt>
					<trkpt lat="50.234250" lon="5.705390">
						<ele>643</ele>
						<time>2026-05-21T11:31:50Z</time>
					</trkpt>
					<trkpt lat="50.233660" lon="5.706320">
						<ele>639</ele>
						<time>2026-05-21T11:32:31Z</time>
					</trkpt>
					<trkpt lat="50.234080" lon="5.707020">
						<ele>639</ele>
						<time>2026-05-21T11:33:02Z</time>
					</trkpt>
					<trkpt lat="50.230630" lon="5.709760">
						<ele>626</ele>
						<time>2026-05-21T11:36:16Z</time>
					</trkpt>
					<trkpt lat="50.230050" lon="5.707250">
						<ele>631</ele>
						<time>2026-05-21T11:37:41Z</time>
					</trkpt>
					<trkpt lat="50.229060" lon="5.703420">
						<ele>622</ele>
						<time>2026-05-21T11:39:53Z</time>
					</trkpt>
					<trkpt lat="50.228560" lon="5.701990">
						<ele>614</ele>
						<time>2026-05-21T11:40:46Z</time>
					</trkpt>
					<trkpt lat="50.228230" lon="5.700940">
						<ele>616</ele>
						<time>2026-05-21T11:41:23Z</time>
					</trkpt>
					<trkpt lat="50.227630" lon="5.698840">
						<ele>619</ele>
						<time>2026-05-21T11:42:37Z</time>
					</trkpt>
					<trkpt lat="50.227410" lon="5.698200">
						<ele>620</ele>
						<time>2026-05-21T11:43:00Z</time>
					</trkpt>
					<trkpt lat="50.227110" lon="5.697540">
						<ele>618</ele>
						<time>2026-05-21T11:43:26Z</time>
					</trkpt>
					<trkpt lat="50.225570" lon="5.694390">
						<ele>617</ele>
						<time>2026-05-21T11:45:33Z</time>
					</trkpt>
					<trkpt lat="50.225280" lon="5.693670">
						<ele>622</ele>
						<time>2026-05-21T11:46:00Z</time>
					</trkpt>
					<trkpt lat="50.225250" lon="5.693040">
						<ele>624</ele>
						<time>2026-05-21T11:46:20Z</time>
					</trkpt>
					<trkpt lat="50.225270" lon="5.692450">
						<ele>625</ele>
						<time>2026-05-21T11:46:39Z</time>
					</trkpt>
					<trkpt lat="50.225220" lon="5.691280">
						<ele>623</ele>
						<time>2026-05-21T11:47:17Z</time>
					</trkpt>
					<trkpt lat="50.225310" lon="5.689730">
						<ele>622</ele>
						<time>2026-05-21T11:48:07Z</time>
					</trkpt>
					<trkpt lat="50.225390" lon="5.688980">
						<ele>621</ele>
						<time>2026-05-21T11:48:31Z</time>
					</trkpt>
					<trkpt lat="50.225520" lon="5.687290">
						<ele>618</ele>
						<time>2026-05-21T11:49:25Z</time>
					</trkpt>
					<trkpt lat="50.225480" lon="5.686050">
						<ele>616</ele>
						<time>2026-05-21T11:50:05Z</time>
					</trkpt>
					<trkpt lat="50.225460" lon="5.683410">
						<ele>610</ele>
						<time>2026-05-21T11:51:30Z</time>
					</trkpt>
					<trkpt lat="50.225530" lon="5.681650">
						<ele>610</ele>
						<time>2026-05-21T11:52:26Z</time>
					</trkpt>
					<trkpt lat="50.225600" lon="5.681440">
						<ele>610</ele>
						<time>2026-05-21T11:52:34Z</time>
					</trkpt>
					<trkpt lat="50.225570" lon="5.680950">
						<ele>610</ele>
						<time>2026-05-21T11:52:50Z</time>
					</trkpt>
					<trkpt lat="50.225620" lon="5.680620">
						<ele>610</ele>
						<time>2026-05-21T11:53:00Z</time>
					</trkpt>
					<trkpt lat="50.225710" lon="5.679390">
						<ele>609</ele>
						<time>2026-05-21T11:53:40Z</time>
					</trkpt>
					<trkpt lat="50.225970" lon="5.674640">
						<ele>608</ele>
						<time>2026-05-21T11:56:13Z</time>
					</trkpt>
					<trkpt lat="50.225540" lon="5.669430">
						<ele>604</ele>
						<time>2026-05-21T11:59:01Z</time>
					</trkpt>
					<trkpt lat="50.225280" lon="5.665620">
						<ele>595</ele>
						<time>2026-05-21T12:01:03Z</time>
					</trkpt>
					<trkpt lat="50.224700" lon="5.664570">
						<ele>589</ele>
						<time>2026-05-21T12:01:48Z</time>
					</trkpt>
					<trkpt lat="50.224240" lon="5.664670">
						<ele>587</ele>
						<time>2026-05-21T12:02:11Z</time>
					</trkpt>
					<trkpt lat="50.221030" lon="5.666300">
						<ele>581</ele>
						<time>2026-05-21T12:05:00Z</time>
					</trkpt>
					<trkpt lat="50.221040" lon="5.666320">
						<ele>581</ele>
						<time>2026-05-21T12:05:01Z</time>
					</trkpt>
					<trkpt lat="50.220040" lon="5.664350">
						<ele>579</ele>
						<time>2026-05-21T12:06:21Z</time>
					</trkpt>
					<trkpt lat="50.219830" lon="5.664450">
						<ele>581</ele>
						<time>2026-05-21T12:06:32Z</time>
					</trkpt>
					<trkpt lat="50.219610" lon="5.664490">
						<ele>582</ele>
						<time>2026-05-21T12:06:43Z</time>
					</trkpt>
					<trkpt lat="50.218280" lon="5.664520">
						<ele>591</ele>
						<time>2026-05-21T12:07:50Z</time>
					</trkpt>
					<trkpt lat="50.217840" lon="5.664360">
						<ele>589</ele>
						<time>2026-05-21T12:08:13Z</time>
					</trkpt>
					<trkpt lat="50.217200" lon="5.663960">
						<ele>586</ele>
						<time>2026-05-21T12:08:47Z</time>
					</trkpt>
					<trkpt lat="50.217030" lon="5.664240">
						<ele>586</ele>
						<time>2026-05-21T12:08:59Z</time>
					</trkpt>
					<trkpt lat="50.216820" lon="5.664400">
						<ele>585</ele>
						<time>2026-05-21T12:09:11Z</time>
					</trkpt>
					<trkpt lat="50.212450" lon="5.668300">
						<ele>570</ele>
						<time>2026-05-21T12:13:23Z</time>
					</trkpt>
					<trkpt lat="50.212330" lon="5.667940">
						<ele>570</ele>
						<time>2026-05-21T12:13:36Z</time>
					</trkpt>
					<trkpt lat="50.212420" lon="5.668240">
						<ele>570</ele>
						<time>2026-05-21T12:13:47Z</time>
					</trkpt>
					<trkpt lat="50.212460" lon="5.668300">
						<ele>570</ele>
						<time>2026-05-21T12:13:49Z</time>
					</trkpt>
					<trkpt lat="50.212420" lon="5.668240">
						<ele>570</ele>
						<time>2026-05-21T12:13:52Z</time>
					</trkpt>
					<trkpt lat="50.212330" lon="5.667940">
						<ele>570</ele>
						<time>2026-05-21T12:14:03Z</time>
					</trkpt>
					<trkpt lat="50.212200" lon="5.666920">
						<ele>573</ele>
						<time>2026-05-21T12:14:36Z</time>
					</trkpt>
					<trkpt lat="50.212530" lon="5.662930">
						<ele>581</ele>
						<time>2026-05-21T12:16:45Z</time>
					</trkpt>
					<trkpt lat="50.212530" lon="5.662620">
						<ele>581</ele>
						<time>2026-05-21T12:16:55Z</time>
					</trkpt>
					<trkpt lat="50.212420" lon="5.660920">
						<ele>577</ele>
						<time>2026-05-21T12:17:50Z</time>
					</trkpt>
					<trkpt lat="50.212300" lon="5.660160">
						<ele>569</ele>
						<time>2026-05-21T12:18:15Z</time>
					</trkpt>
					<trkpt lat="50.211690" lon="5.658350">
						<ele>553</ele>
						<time>2026-05-21T12:19:20Z</time>
					</trkpt>
					<trkpt lat="50.211510" lon="5.658490">
						<ele>554</ele>
						<time>2026-05-21T12:19:30Z</time>
					</trkpt>
					<trkpt lat="50.207010" lon="5.661040">
						<ele>563</ele>
						<time>2026-05-21T12:23:30Z</time>
					</trkpt>
					<trkpt lat="50.206150" lon="5.657390">
						<ele>539</ele>
						<time>2026-05-21T12:25:34Z</time>
					</trkpt>
					<trkpt lat="50.205760" lon="5.657710">
						<ele>542</ele>
						<time>2026-05-21T12:25:56Z</time>
					</trkpt>
					<trkpt lat="50.205340" lon="5.658250">
						<ele>541</ele>
						<time>2026-05-21T12:26:24Z</time>
					</trkpt>
					<trkpt lat="50.205070" lon="5.658750">
						<ele>542</ele>
						<time>2026-05-21T12:26:45Z</time>
					</trkpt>
					<trkpt lat="50.204840" lon="5.659030">
						<ele>541</ele>
						<time>2026-05-21T12:26:59Z</time>
					</trkpt>
					<trkpt lat="50.204720" lon="5.659070">
						<ele>540</ele>
						<time>2026-05-21T12:27:05Z</time>
					</trkpt>
					<trkpt lat="50.204630" lon="5.659020">
						<ele>538</ele>
						<time>2026-05-21T12:27:10Z</time>
					</trkpt>
					<trkpt lat="50.204430" lon="5.659070">
						<ele>536</ele>
						<time>2026-05-21T12:27:20Z</time>
					</trkpt>
					<trkpt lat="50.203610" lon="5.659720">
						<ele>540</ele>
						<time>2026-05-21T12:28:06Z</time>
					</trkpt>
					<trkpt lat="50.203090" lon="5.660360">
						<ele>547</ele>
						<time>2026-05-21T12:28:39Z</time>
					</trkpt>
					<trkpt lat="50.202930" lon="5.660420">
						<ele>547</ele>
						<time>2026-05-21T12:28:48Z</time>
					</trkpt>
					<trkpt lat="50.202410" lon="5.660910">
						<ele>550</ele>
						<time>2026-05-21T12:29:18Z</time>
					</trkpt>
					<trkpt lat="50.202270" lon="5.661110">
						<ele>551</ele>
						<time>2026-05-21T12:29:27Z</time>
					</trkpt>
					<trkpt lat="50.202130" lon="5.661240">
						<ele>551</ele>
						<time>2026-05-21T12:29:36Z</time>
					</trkpt>
					<trkpt lat="50.201990" lon="5.661430">
						<ele>552</ele>
						<time>2026-05-21T12:29:45Z</time>
					</trkpt>
					<trkpt lat="50.201840" lon="5.661470">
						<ele>552</ele>
						<time>2026-05-21T12:29:52Z</time>
					</trkpt>
					<trkpt lat="50.201720" lon="5.661390">
						<ele>551</ele>
						<time>2026-05-21T12:29:59Z</time>
					</trkpt>
					<trkpt lat="50.201570" lon="5.661350">
						<ele>550</ele>
						<time>2026-05-21T12:30:07Z</time>
					</trkpt>
					<trkpt lat="50.201270" lon="5.661390">
						<ele>551</ele>
						<time>2026-05-21T12:30:22Z</time>
					</trkpt>
					<trkpt lat="50.201180" lon="5.661280">
						<ele>550</ele>
						<time>2026-05-21T12:30:27Z</time>
					</trkpt>
					<trkpt lat="50.200960" lon="5.660630">
						<ele>545</ele>
						<time>2026-05-21T12:30:51Z</time>
					</trkpt>
					<trkpt lat="50.200910" lon="5.660550">
						<ele>545</ele>
						<time>2026-05-21T12:30:55Z</time>
					</trkpt>
					<trkpt lat="50.200650" lon="5.660330">
						<ele>543</ele>
						<time>2026-05-21T12:31:09Z</time>
					</trkpt>
					<trkpt lat="50.200440" lon="5.660200">
						<ele>542</ele>
						<time>2026-05-21T12:31:21Z</time>
					</trkpt>
					<trkpt lat="50.199890" lon="5.659940">
						<ele>539</ele>
						<time>2026-05-21T12:31:49Z</time>
					</trkpt>
					<trkpt lat="50.199670" lon="5.659750">
						<ele>538</ele>
						<time>2026-05-21T12:32:02Z</time>
					</trkpt>
					<trkpt lat="50.199500" lon="5.659520">
						<ele>536</ele>
						<time>2026-05-21T12:32:13Z</time>
					</trkpt>
					<trkpt lat="50.199070" lon="5.658790">
						<ele>527</ele>
						<time>2026-05-21T12:32:45Z</time>
					</trkpt>
					<trkpt lat="50.198900" lon="5.658440">
						<ele>524</ele>
						<time>2026-05-21T12:32:59Z</time>
					</trkpt>
					<trkpt lat="50.198500" lon="5.657440">
						<ele>523</ele>
						<time>2026-05-21T12:33:37Z</time>
					</trkpt>
					<trkpt lat="50.198340" lon="5.656980">
						<ele>525</ele>
						<time>2026-05-21T12:33:54Z</time>
					</trkpt>
					<trkpt lat="50.198120" lon="5.655850">
						<ele>518</ele>
						<time>2026-05-21T12:34:31Z</time>
					</trkpt>
					<trkpt lat="50.198110" lon="5.655440">
						<ele>518</ele>
						<time>2026-05-21T12:34:45Z</time>
					</trkpt>
					<trkpt lat="50.198340" lon="5.654770">
						<ele>512</ele>
						<time>2026-05-21T12:35:09Z</time>
					</trkpt>
					<trkpt lat="50.198460" lon="5.654160">
						<ele>509</ele>
						<time>2026-05-21T12:35:29Z</time>
					</trkpt>
					<trkpt lat="50.198640" lon="5.653720">
						<ele>506</ele>
						<time>2026-05-21T12:35:46Z</time>
					</trkpt>
					<trkpt lat="50.197950" lon="5.651150">
						<ele>515</ele>
						<time>2026-05-21T12:37:15Z</time>
					</trkpt>
					<trkpt lat="50.197840" lon="5.650960">
						<ele>516</ele>
						<time>2026-05-21T12:37:24Z</time>
					</trkpt>
					<trkpt lat="50.197800" lon="5.650710">
						<ele>515</ele>
						<time>2026-05-21T12:37:32Z</time>
					</trkpt>
					<trkpt lat="50.197730" lon="5.650560">
						<ele>514</ele>
						<time>2026-05-21T12:37:38Z</time>
					</trkpt>
					<trkpt lat="50.197600" lon="5.650620">
						<ele>516</ele>
						<time>2026-05-21T12:37:45Z</time>
					</trkpt>
					<trkpt lat="50.197330" lon="5.650620">
						<ele>517</ele>
						<time>2026-05-21T12:37:58Z</time>
					</trkpt>
					<trkpt lat="50.196940" lon="5.650270">
						<ele>517</ele>
						<time>2026-05-21T12:38:21Z</time>
					</trkpt>
					<trkpt lat="50.196520" lon="5.650160">
						<ele>520</ele>
						<time>2026-05-21T12:38:42Z</time>
					</trkpt>
					<trkpt lat="50.196100" lon="5.650350">
						<ele>524</ele>
						<time>2026-05-21T12:39:04Z</time>
					</trkpt>
					<trkpt lat="50.195730" lon="5.650350">
						<ele>526</ele>
						<time>2026-05-21T12:39:22Z</time>
					</trkpt>
					<trkpt lat="50.195540" lon="5.650430">
						<ele>527</ele>
						<time>2026-05-21T12:39:32Z</time>
					</trkpt>
					<trkpt lat="50.193890" lon="5.650560">
						<ele>519</ele>
						<time>2026-05-21T12:40:55Z</time>
					</trkpt>
					<trkpt lat="50.192690" lon="5.651920">
						<ele>525</ele>
						<time>2026-05-21T12:42:09Z</time>
					</trkpt>
					<trkpt lat="50.192440" lon="5.652350">
						<ele>527</ele>
						<time>2026-05-21T12:42:28Z</time>
					</trkpt>
					<trkpt lat="50.191870" lon="5.653500">
						<ele>528</ele>
						<time>2026-05-21T12:43:14Z</time>
					</trkpt>
					<trkpt lat="50.191800" lon="5.653080">
						<ele>526</ele>
						<time>2026-05-21T12:43:28Z</time>
					</trkpt>
					<trkpt lat="50.191910" lon="5.652480">
						<ele>524</ele>
						<time>2026-05-21T12:43:48Z</time>
					</trkpt>
					<trkpt lat="50.192190" lon="5.651940">
						<ele>525</ele>
						<time>2026-05-21T12:44:10Z</time>
					</trkpt>
					<trkpt lat="50.192380" lon="5.651410">
						<ele>524</ele>
						<time>2026-05-21T12:44:30Z</time>
					</trkpt>
					<trkpt lat="50.191550" lon="5.649520">
						<ele>495</ele>
						<time>2026-05-21T12:45:43Z</time>
					</trkpt>
					<trkpt lat="50.191360" lon="5.649720">
						<ele>495</ele>
						<time>2026-05-21T12:45:55Z</time>
					</trkpt>
					<trkpt lat="50.191190" lon="5.649990">
						<ele>496</ele>
						<time>2026-05-21T12:46:07Z</time>
					</trkpt>
					<trkpt lat="50.190920" lon="5.650270">
						<ele>497</ele>
						<time>2026-05-21T12:46:23Z</time>
					</trkpt>
					<trkpt lat="50.190640" lon="5.650430">
						<ele>500</ele>
						<time>2026-05-21T12:46:38Z</time>
					</trkpt>
					<trkpt lat="50.190330" lon="5.650330">
						<ele>500</ele>
						<time>2026-05-21T12:46:54Z</time>
					</trkpt>
					<trkpt lat="50.190040" lon="5.650160">
						<ele>500</ele>
						<time>2026-05-21T12:47:09Z</time>
					</trkpt>
					<trkpt lat="50.189940" lon="5.650130">
						<ele>500</ele>
						<time>2026-05-21T12:47:14Z</time>
					</trkpt>
					<trkpt lat="50.189500" lon="5.650120">
						<ele>499</ele>
						<time>2026-05-21T12:47:36Z</time>
					</trkpt>
					<trkpt lat="50.189350" lon="5.650140">
						<ele>498</ele>
						<time>2026-05-21T12:47:44Z</time>
					</trkpt>
					<trkpt lat="50.189210" lon="5.650310">
						<ele>498</ele>
						<time>2026-05-21T12:47:53Z</time>
					</trkpt>
					<trkpt lat="50.189040" lon="5.650720">
						<ele>496</ele>
						<time>2026-05-21T12:48:09Z</time>
					</trkpt>
					<trkpt lat="50.188630" lon="5.651390">
						<ele>495</ele>
						<time>2026-05-21T12:48:38Z</time>
					</trkpt>
					<trkpt lat="50.188620" lon="5.651620">
						<ele>495</ele>
						<time>2026-05-21T12:48:46Z</time>
					</trkpt>
					<trkpt lat="50.188950" lon="5.652490">
						<ele>500</ele>
						<time>2026-05-21T12:49:18Z</time>
					</trkpt>
					<trkpt lat="50.189070" lon="5.653160">
						<ele>497</ele>
						<time>2026-05-21T12:49:40Z</time>
					</trkpt>
					<trkpt lat="50.189310" lon="5.653780">
						<ele>498</ele>
						<time>2026-05-21T12:50:04Z</time>
					</trkpt>
					<trkpt lat="50.189400" lon="5.654110">
						<ele>498</ele>
						<time>2026-05-21T12:50:15Z</time>
					</trkpt>
					<trkpt lat="50.189430" lon="5.654850">
						<ele>496</ele>
						<time>2026-05-21T12:50:39Z</time>
					</trkpt>
					<trkpt lat="50.189410" lon="5.655170">
						<ele>496</ele>
						<time>2026-05-21T12:50:49Z</time>
					</trkpt>
					<trkpt lat="50.189310" lon="5.655550">
						<ele>497</ele>
						<time>2026-05-21T12:51:02Z</time>
					</trkpt>
					<trkpt lat="50.189170" lon="5.655920">
						<ele>498</ele>
						<time>2026-05-21T12:51:16Z</time>
					</trkpt>
					<trkpt lat="50.188920" lon="5.656440">
						<ele>499</ele>
						<time>2026-05-21T12:51:37Z</time>
					</trkpt>
					<trkpt lat="50.188570" lon="5.657050">
						<ele>497</ele>
						<time>2026-05-21T12:52:03Z</time>
					</trkpt>
					<trkpt lat="50.188450" lon="5.657300">
						<ele>496</ele>
						<time>2026-05-21T12:52:13Z</time>
					</trkpt>
					<trkpt lat="50.188340" lon="5.657610">
						<ele>496</ele>
						<time>2026-05-21T12:52:24Z</time>
					</trkpt>
					<trkpt lat="50.188040" lon="5.657990">
						<ele>490</ele>
						<time>2026-05-21T12:52:44Z</time>
					</trkpt>
					<trkpt lat="50.187890" lon="5.658230">
						<ele>487</ele>
						<time>2026-05-21T12:52:55Z</time>
					</trkpt>
					<trkpt lat="50.187810" lon="5.658430">
						<ele>486</ele>
						<time>2026-05-21T12:53:02Z</time>
					</trkpt>
					<trkpt lat="50.187610" lon="5.659210">
						<ele>480</ele>
						<time>2026-05-21T12:53:29Z</time>
					</trkpt>
					<trkpt lat="50.187410" lon="5.660290">
						<ele>478</ele>
						<time>2026-05-21T12:54:05Z</time>
					</trkpt>
					<trkpt lat="50.187340" lon="5.660540">
						<ele>477</ele>
						<time>2026-05-21T12:54:14Z</time>
					</trkpt>
					<trkpt lat="50.187630" lon="5.661540">
						<ele>483</ele>
						<time>2026-05-21T12:54:49Z</time>
					</trkpt>
					<trkpt lat="50.187700" lon="5.661900">
						<ele>484</ele>
						<time>2026-05-21T12:55:01Z</time>
					</trkpt>
					<trkpt lat="50.187740" lon="5.662170">
						<ele>485</ele>
						<time>2026-05-21T12:55:10Z</time>
					</trkpt>
					<trkpt lat="50.187730" lon="5.662770">
						<ele>486</ele>
						<time>2026-05-21T12:55:29Z</time>
					</trkpt>
					<trkpt lat="50.187660" lon="5.664070">
						<ele>483</ele>
						<time>2026-05-21T12:56:11Z</time>
					</trkpt>
					<trkpt lat="50.187360" lon="5.666290">
						<ele>482</ele>
						<time>2026-05-21T12:57:24Z</time>
					</trkpt>
					<trkpt lat="50.187080" lon="5.667660">
						<ele>477</ele>
						<time>2026-05-21T12:58:10Z</time>
					</trkpt>
					<trkpt lat="50.187080" lon="5.668270">
						<ele>474</ele>
						<time>2026-05-21T12:58:29Z</time>
					</trkpt>
					<trkpt lat="50.187180" lon="5.668640">
						<ele>473</ele>
						<time>2026-05-21T12:58:42Z</time>
					</trkpt>
					<trkpt lat="50.187290" lon="5.668780">
						<ele>474</ele>
						<time>2026-05-21T12:58:49Z</time>
					</trkpt>
					<trkpt lat="50.187520" lon="5.668940">
						<ele>475</ele>
						<time>2026-05-21T12:59:02Z</time>
					</trkpt>
					<trkpt lat="50.187790" lon="5.669060">
						<ele>477</ele>
						<time>2026-05-21T12:59:16Z</time>
					</trkpt>
					<trkpt lat="50.188170" lon="5.669270">
						<ele>481</ele>
						<time>2026-05-21T12:59:36Z</time>
					</trkpt>
					<trkpt lat="50.188370" lon="5.669330">
						<ele>483</ele>
						<time>2026-05-21T12:59:46Z</time>
					</trkpt>
					<trkpt lat="50.189270" lon="5.669930">
						<ele>493</ele>
						<time>2026-05-21T13:00:35Z</time>
					</trkpt>
					<trkpt lat="50.189500" lon="5.670150">
						<ele>495</ele>
						<time>2026-05-21T13:00:49Z</time>
					</trkpt>
					<trkpt lat="50.189990" lon="5.670720">
						<ele>498</ele>
						<time>2026-05-21T13:01:19Z</time>
					</trkpt>
					<trkpt lat="50.190180" lon="5.670190">
						<ele>501</ele>
						<time>2026-05-21T13:01:39Z</time>
					</trkpt>
					<trkpt lat="50.190260" lon="5.670150">
						<ele>502</ele>
						<time>2026-05-21T13:01:43Z</time>
					</trkpt>
					<trkpt lat="50.190370" lon="5.670140">
						<ele>503</ele>
						<time>2026-05-21T13:01:48Z</time>
					</trkpt>
					<trkpt lat="50.191020" lon="5.670370">
						<ele>512</ele>
						<time>2026-05-21T13:02:22Z</time>
					</trkpt>
					<trkpt lat="50.191430" lon="5.670560">
						<ele>518</ele>
						<time>2026-05-21T13:02:43Z</time>
					</trkpt>
					<trkpt lat="50.191940" lon="5.670520">
						<ele>525</ele>
						<time>2026-05-21T13:03:09Z</time>
					</trkpt>
					<trkpt lat="50.192080" lon="5.670450">
						<ele>528</ele>
						<time>2026-05-21T13:03:16Z</time>
					</trkpt>
					<trkpt lat="50.192280" lon="5.670300">
						<ele>532</ele>
						<time>2026-05-21T13:03:27Z</time>
					</trkpt>
					<trkpt lat="50.192650" lon="5.669880">
						<ele>538</ele>
						<time>2026-05-21T13:03:50Z</time>
					</trkpt>
					<trkpt lat="50.193700" lon="5.668490">
						<ele>545</ele>
						<time>2026-05-21T13:04:59Z</time>
					</trkpt>
					<trkpt lat="50.193810" lon="5.668380">
						<ele>545</ele>
						<time>2026-05-21T13:05:06Z</time>
					</trkpt>
					<trkpt lat="50.193950" lon="5.668290">
						<ele>545</ele>
						<time>2026-05-21T13:05:13Z</time>
					</trkpt>
					<trkpt lat="50.194130" lon="5.668110">
						<ele>545</ele>
						<time>2026-05-21T13:05:24Z</time>
					</trkpt>
					<trkpt lat="50.194980" lon="5.667730">
						<ele>547</ele>
						<time>2026-05-21T13:06:08Z</time>
					</trkpt>
					<trkpt lat="50.195150" lon="5.667690">
						<ele>548</ele>
						<time>2026-05-21T13:06:17Z</time>
					</trkpt>
					<trkpt lat="50.195210" lon="5.667620">
						<ele>548</ele>
						<time>2026-05-21T13:06:20Z</time>
					</trkpt>
					<trkpt lat="50.196030" lon="5.669070">
						<ele>552</ele>
						<time>2026-05-21T13:07:22Z</time>
					</trkpt>
					<trkpt lat="50.196110" lon="5.669340">
						<ele>554</ele>
						<time>2026-05-21T13:07:32Z</time>
					</trkpt>
					<trkpt lat="50.195890" lon="5.670210">
						<ele>554</ele>
						<time>2026-05-21T13:08:02Z</time>
					</trkpt>
					<trkpt lat="50.195950" lon="5.670530">
						<ele>555</ele>
						<time>2026-05-21T13:08:13Z</time>
					</trkpt>
					<trkpt lat="50.197110" lon="5.675310">
						<ele>561</ele>
						<time>2026-05-21T13:10:56Z</time>
					</trkpt>
					<trkpt lat="50.198370" lon="5.680780">
						<ele>556</ele>
						<time>2026-05-21T13:14:03Z</time>
					</trkpt>
					<trkpt lat="50.198620" lon="5.682060">
						<ele>549</ele>
						<time>2026-05-21T13:14:45Z</time>
					</trkpt>
					<trkpt lat="50.198570" lon="5.682240">
						<ele>547</ele>
						<time>2026-05-21T13:14:52Z</time>
					</trkpt>
					<trkpt lat="50.198360" lon="5.682560">
						<ele>542</ele>
						<time>2026-05-21T13:15:06Z</time>
					</trkpt>
					<trkpt lat="50.198280" lon="5.682790">
						<ele>539</ele>
						<time>2026-05-21T13:15:15Z</time>
					</trkpt>
					<trkpt lat="50.198230" lon="5.683020">
						<ele>536</ele>
						<time>2026-05-21T13:15:23Z</time>
					</trkpt>
					<trkpt lat="50.198260" lon="5.683210">
						<ele>534</ele>
						<time>2026-05-21T13:15:29Z</time>
					</trkpt>
					<trkpt lat="50.198250" lon="5.683430">
						<ele>532</ele>
						<time>2026-05-21T13:15:36Z</time>
					</trkpt>
					<trkpt lat="50.198130" lon="5.683840">
						<ele>526</ele>
						<time>2026-05-21T13:15:50Z</time>
					</trkpt>
					<trkpt lat="50.198010" lon="5.684080">
						<ele>522</ele>
						<time>2026-05-21T13:16:00Z</time>
					</trkpt>
					<trkpt lat="50.197820" lon="5.684220">
						<ele>519</ele>
						<time>2026-05-21T13:16:11Z</time>
					</trkpt>
					<trkpt lat="50.197570" lon="5.684310">
						<ele>516</ele>
						<time>2026-05-21T13:16:23Z</time>
					</trkpt>
					<trkpt lat="50.197800" lon="5.684400">
						<ele>517</ele>
						<time>2026-05-21T13:16:35Z</time>
					</trkpt>
					<trkpt lat="50.197970" lon="5.684370">
						<ele>519</ele>
						<time>2026-05-21T13:16:44Z</time>
					</trkpt>
					<trkpt lat="50.198150" lon="5.684300">
						<ele>521</ele>
						<time>2026-05-21T13:16:53Z</time>
					</trkpt>
					<trkpt lat="50.198550" lon="5.684050">
						<ele>525</ele>
						<time>2026-05-21T13:17:15Z</time>
					</trkpt>
					<trkpt lat="50.200290" lon="5.682720">
						<ele>533</ele>
						<time>2026-05-21T13:18:52Z</time>
					</trkpt>
					<trkpt lat="50.200470" lon="5.682620">
						<ele>532</ele>
						<time>2026-05-21T13:19:01Z</time>
					</trkpt>
					<trkpt lat="50.200670" lon="5.682710">
						<ele>530</ele>
						<time>2026-05-21T13:19:12Z</time>
					</trkpt>
					<trkpt lat="50.200850" lon="5.682910">
						<ele>527</ele>
						<time>2026-05-21T13:19:23Z</time>
					</trkpt>
					<trkpt lat="50.201130" lon="5.682870">
						<ele>528</ele>
						<time>2026-05-21T13:19:37Z</time>
					</trkpt>
					<trkpt lat="50.201530" lon="5.682680">
						<ele>527</ele>
						<time>2026-05-21T13:19:58Z</time>
					</trkpt>
					<trkpt lat="50.201910" lon="5.682660">
						<ele>529</ele>
						<time>2026-05-21T13:20:17Z</time>
					</trkpt>
					<trkpt lat="50.199970" lon="5.685660">
						<ele>541</ele>
						<time>2026-05-21T13:22:33Z</time>
					</trkpt>
					<trkpt lat="50.198440" lon="5.686540">
						<ele>531</ele>
						<time>2026-05-21T13:23:55Z</time>
					</trkpt>
					<trkpt lat="50.198100" lon="5.686400">
						<ele>526</ele>
						<time>2026-05-21T13:24:12Z</time>
					</trkpt>
					<trkpt lat="50.197840" lon="5.686570">
						<ele>526</ele>
						<time>2026-05-21T13:24:27Z</time>
					</trkpt>
					<trkpt lat="50.197200" lon="5.687170">
						<ele>526</ele>
						<time>2026-05-21T13:25:04Z</time>
					</trkpt>
					<trkpt lat="50.196800" lon="5.687010">
						<ele>523</ele>
						<time>2026-05-21T13:25:25Z</time>
					</trkpt>
					<trkpt lat="50.196630" lon="5.686730">
						<ele>521</ele>
						<time>2026-05-21T13:25:37Z</time>
					</trkpt>
					<trkpt lat="50.196300" lon="5.686420">
						<ele>520</ele>
						<time>2026-05-21T13:25:56Z</time>
					</trkpt>
					<trkpt lat="50.195730" lon="5.685700">
						<ele>518</ele>
						<time>2026-05-21T13:26:33Z</time>
					</trkpt>
					<trkpt lat="50.195460" lon="5.685220">
						<ele>516</ele>
						<time>2026-05-21T13:26:53Z</time>
					</trkpt>
					<trkpt lat="50.195040" lon="5.684630">
						<ele>512</ele>
						<time>2026-05-21T13:27:22Z</time>
					</trkpt>
					<trkpt lat="50.193220" lon="5.681520">
						<ele>505</ele>
						<time>2026-05-21T13:29:37Z</time>
					</trkpt>
					<trkpt lat="50.192650" lon="5.680840">
						<ele>509</ele>
						<time>2026-05-21T13:30:12Z</time>
					</trkpt>
					<trkpt lat="50.192210" lon="5.680080">
						<ele>500</ele>
						<time>2026-05-21T13:30:45Z</time>
					</trkpt>
					<trkpt lat="50.192300" lon="5.680850">
						<ele>504</ele>
						<time>2026-05-21T13:31:10Z</time>
					</trkpt>
					<trkpt lat="50.192300" lon="5.681060">
						<ele>505</ele>
						<time>2026-05-21T13:31:17Z</time>
					</trkpt>
					<trkpt lat="50.192240" lon="5.681530">
						<ele>505</ele>
						<time>2026-05-21T13:31:32Z</time>
					</trkpt>
					<trkpt lat="50.192130" lon="5.682040">
						<ele>501</ele>
						<time>2026-05-21T13:31:50Z</time>
					</trkpt>
					<trkpt lat="50.192100" lon="5.682300">
						<ele>499</ele>
						<time>2026-05-21T13:31:58Z</time>
					</trkpt>
					<trkpt lat="50.192120" lon="5.682710">
						<ele>497</ele>
						<time>2026-05-21T13:32:11Z</time>
					</trkpt>
					<trkpt lat="50.192110" lon="5.683310">
						<ele>493</ele>
						<time>2026-05-21T13:32:31Z</time>
					</trkpt>
					<trkpt lat="50.192160" lon="5.684130">
						<ele>491</ele>
						<time>2026-05-21T13:32:57Z</time>
					</trkpt>
					<trkpt lat="50.192210" lon="5.684560">
						<ele>493</ele>
						<time>2026-05-21T13:33:11Z</time>
					</trkpt>
					<trkpt lat="50.192420" lon="5.685390">
						<ele>500</ele>
						<time>2026-05-21T13:33:40Z</time>
					</trkpt>
					<trkpt lat="50.192560" lon="5.685790">
						<ele>505</ele>
						<time>2026-05-21T13:33:54Z</time>
					</trkpt>
					<trkpt lat="50.192840" lon="5.686420">
						<ele>504</ele>
						<time>2026-05-21T13:34:19Z</time>
					</trkpt>
					<trkpt lat="50.193330" lon="5.687270">
						<ele>509</ele>
						<time>2026-05-21T13:34:55Z</time>
					</trkpt>
					<trkpt lat="50.194070" lon="5.688120">
						<ele>521</ele>
						<time>2026-05-21T13:35:41Z</time>
					</trkpt>
					<trkpt lat="50.194690" lon="5.688880">
						<ele>526</ele>
						<time>2026-05-21T13:36:21Z</time>
					</trkpt>
					<trkpt lat="50.195470" lon="5.689930">
						<ele>531</ele>
						<time>2026-05-21T13:37:12Z</time>
					</trkpt>
					<trkpt lat="50.195490" lon="5.690390">
						<ele>532</ele>
						<time>2026-05-21T13:37:27Z</time>
					</trkpt>
					<trkpt lat="50.195540" lon="5.690770">
						<ele>534</ele>
						<time>2026-05-21T13:37:40Z</time>
					</trkpt>
					<trkpt lat="50.195600" lon="5.690860">
						<ele>535</ele>
						<time>2026-05-21T13:37:44Z</time>
					</trkpt>
					<trkpt lat="50.195710" lon="5.691260">
						<ele>537</ele>
						<time>2026-05-21T13:37:58Z</time>
					</trkpt>
					<trkpt lat="50.195810" lon="5.691420">
						<ele>539</ele>
						<time>2026-05-21T13:38:05Z</time>
					</trkpt>
					<trkpt lat="50.195820" lon="5.691610">
						<ele>540</ele>
						<time>2026-05-21T13:38:11Z</time>
					</trkpt>
					<trkpt lat="50.195890" lon="5.691690">
						<ele>540</ele>
						<time>2026-05-21T13:38:15Z</time>
					</trkpt>
					<trkpt lat="50.195920" lon="5.691830">
						<ele>540</ele>
						<time>2026-05-21T13:38:20Z</time>
					</trkpt>
					<trkpt lat="50.196000" lon="5.691970">
						<ele>540</ele>
						<time>2026-05-21T13:38:26Z</time>
					</trkpt>
					<trkpt lat="50.196470" lon="5.692390">
						<ele>540</ele>
						<time>2026-05-21T13:38:53Z</time>
					</trkpt>
					<trkpt lat="50.196660" lon="5.692680">
						<ele>540</ele>
						<time>2026-05-21T13:39:06Z</time>
					</trkpt>
					<trkpt lat="50.196360" lon="5.694050">
						<ele>542</ele>
						<time>2026-05-21T13:39:53Z</time>
					</trkpt>
					<trkpt lat="50.196130" lon="5.694820">
						<ele>540</ele>
						<time>2026-05-21T13:40:20Z</time>
					</trkpt>
					<trkpt lat="50.196150" lon="5.694960">
						<ele>541</ele>
						<time>2026-05-21T13:40:25Z</time>
					</trkpt>
					<trkpt lat="50.196390" lon="5.695360">
						<ele>546</ele>
						<time>2026-05-21T13:40:42Z</time>
					</trkpt>
					<trkpt lat="50.197030" lon="5.695920">
						<ele>555</ele>
						<time>2026-05-21T13:41:19Z</time>
					</trkpt>
					<trkpt lat="50.197250" lon="5.696180">
						<ele>557</ele>
						<time>2026-05-21T13:41:33Z</time>
					</trkpt>
					<trkpt lat="50.197550" lon="5.696760">
						<ele>562</ele>
						<time>2026-05-21T13:41:57Z</time>
					</trkpt>
					<trkpt lat="50.197630" lon="5.696820">
						<ele>562</ele>
						<time>2026-05-21T13:42:01Z</time>
					</trkpt>
					<trkpt lat="50.198660" lon="5.698060">
						<ele>574</ele>
						<time>2026-05-21T13:43:06Z</time>
					</trkpt>
					<trkpt lat="50.198750" lon="5.698100">
						<ele>575</ele>
						<time>2026-05-21T13:43:11Z</time>
					</trkpt>
					<trkpt lat="50.198990" lon="5.698520">
						<ele>578</ele>
						<time>2026-05-21T13:43:29Z</time>
					</trkpt>
					<trkpt lat="50.198570" lon="5.698820">
						<ele>576</ele>
						<time>2026-05-21T13:43:52Z</time>
					</trkpt>
					<trkpt lat="50.197620" lon="5.699270">
						<ele>568</ele>
						<time>2026-05-21T13:44:42Z</time>
					</trkpt>
					<trkpt lat="50.197340" lon="5.699310">
						<ele>565</ele>
						<time>2026-05-21T13:44:56Z</time>
					</trkpt>
					<trkpt lat="50.197170" lon="5.699500">
						<ele>563</ele>
						<time>2026-05-21T13:45:06Z</time>
					</trkpt>
					<trkpt lat="50.196520" lon="5.699850">
						<ele>556</ele>
						<time>2026-05-21T13:45:41Z</time>
					</trkpt>
					<trkpt lat="50.195300" lon="5.699960">
						<ele>542</ele>
						<time>2026-05-21T13:46:42Z</time>
					</trkpt>
					<trkpt lat="50.194060" lon="5.699500">
						<ele>530</ele>
						<time>2026-05-21T13:47:45Z</time>
					</trkpt>
					<trkpt lat="50.193680" lon="5.699660">
						<ele>524</ele>
						<time>2026-05-21T13:48:05Z</time>
					</trkpt>
					<trkpt lat="50.192920" lon="5.700370">
						<ele>514</ele>
						<time>2026-05-21T13:48:49Z</time>
					</trkpt>
					<trkpt lat="50.192170" lon="5.700660">
						<ele>507</ele>
						<time>2026-05-21T13:49:28Z</time>
					</trkpt>
					<trkpt lat="50.191740" lon="5.700590">
						<ele>503</ele>
						<time>2026-05-21T13:49:50Z</time>
					</trkpt>
					<trkpt lat="50.190070" lon="5.699640">
						<ele>497</ele>
						<time>2026-05-21T13:51:19Z</time>
					</trkpt>
					<trkpt lat="50.188350" lon="5.699430">
						<ele>497</ele>
						<time>2026-05-21T13:52:45Z</time>
					</trkpt>
					<trkpt lat="50.187900" lon="5.699520">
						<ele>495</ele>
						<time>2026-05-21T13:53:08Z</time>
					</trkpt>
					<trkpt lat="50.187620" lon="5.699670">
						<ele>494</ele>
						<time>2026-05-21T13:53:23Z</time>
					</trkpt>
					<trkpt lat="50.187370" lon="5.699890">
						<ele>493</ele>
						<time>2026-05-21T13:53:37Z</time>
					</trkpt>
					<trkpt lat="50.187100" lon="5.700340">
						<ele>489</ele>
						<time>2026-05-21T13:53:57Z</time>
					</trkpt>
					<trkpt lat="50.186470" lon="5.700440">
						<ele>484</ele>
						<time>2026-05-21T13:54:28Z</time>
					</trkpt>
					<trkpt lat="50.185190" lon="5.700590">
						<ele>480</ele>
						<time>2026-05-21T13:55:33Z</time>
					</trkpt>
					<trkpt lat="50.184700" lon="5.700330">
						<ele>480</ele>
						<time>2026-05-21T13:55:58Z</time>
					</trkpt>
					<trkpt lat="50.184030" lon="5.700090">
						<ele>481</ele>
						<time>2026-05-21T13:56:33Z</time>
					</trkpt>
					<trkpt lat="50.183580" lon="5.699820">
						<ele>479</ele>
						<time>2026-05-21T13:56:57Z</time>
					</trkpt>
					<trkpt lat="50.183030" lon="5.699300">
						<ele>478</ele>
						<time>2026-05-21T13:57:29Z</time>
					</trkpt>
					<trkpt lat="50.182870" lon="5.699120">
						<ele>479</ele>
						<time>2026-05-21T13:57:39Z</time>
					</trkpt>
					<trkpt lat="50.183120" lon="5.701040">
						<ele>478</ele>
						<time>2026-05-21T13:58:42Z</time>
					</trkpt>
					<trkpt lat="50.183080" lon="5.701590">
						<ele>478</ele>
						<time>2026-05-21T13:59:00Z</time>
					</trkpt>
					<trkpt lat="50.182780" lon="5.703020">
						<ele>481</ele>
						<time>2026-05-21T13:59:48Z</time>
					</trkpt>
					<trkpt lat="50.182740" lon="5.703550">
						<ele>482</ele>
						<time>2026-05-21T14:00:05Z</time>
					</trkpt>
					<trkpt lat="50.182830" lon="5.704190">
						<ele>483</ele>
						<time>2026-05-21T14:00:26Z</time>
					</trkpt>
					<trkpt lat="50.183000" lon="5.704790">
						<ele>483</ele>
						<time>2026-05-21T14:00:47Z</time>
					</trkpt>
					<trkpt lat="50.183190" lon="5.705870">
						<ele>478</ele>
						<time>2026-05-21T14:01:23Z</time>
					</trkpt>
					<trkpt lat="50.183350" lon="5.706540">
						<ele>475</ele>
						<time>2026-05-21T14:01:46Z</time>
					</trkpt>
					<trkpt lat="50.183390" lon="5.707060">
						<ele>474</ele>
						<time>2026-05-21T14:02:02Z</time>
					</trkpt>
					<trkpt lat="50.183390" lon="5.707750">
						<ele>474</ele>
						<time>2026-05-21T14:02:25Z</time>
					</trkpt>
					<trkpt lat="50.183310" lon="5.708820">
						<ele>475</ele>
						<time>2026-05-21T14:02:59Z</time>
					</trkpt>
					<trkpt lat="50.183270" lon="5.709810">
						<ele>473</ele>
						<time>2026-05-21T14:03:31Z</time>
					</trkpt>
					<trkpt lat="50.182610" lon="5.710110">
						<ele>468</ele>
						<time>2026-05-21T14:04:05Z</time>
					</trkpt>
					<trkpt lat="50.181940" lon="5.710580">
						<ele>468</ele>
						<time>2026-05-21T14:04:42Z</time>
					</trkpt>
					<trkpt lat="50.180690" lon="5.712380">
						<ele>473</ele>
						<time>2026-05-21T14:06:07Z</time>
					</trkpt>
					<trkpt lat="50.180090" lon="5.713420">
						<ele>475</ele>
						<time>2026-05-21T14:06:52Z</time>
					</trkpt>
					<trkpt lat="50.179450" lon="5.714010">
						<ele>471</ele>
						<time>2026-05-21T14:07:29Z</time>
					</trkpt>
					<trkpt lat="50.179440" lon="5.714420">
						<ele>467</ele>
						<time>2026-05-21T14:07:42Z</time>
					</trkpt>
					<trkpt lat="50.179350" lon="5.714310">
						<ele>468</ele>
						<time>2026-05-21T14:07:48Z</time>
					</trkpt>
					<trkpt lat="50.179240" lon="5.714240">
						<ele>468</ele>
						<time>2026-05-21T14:07:54Z</time>
					</trkpt>
					<trkpt lat="50.178640" lon="5.714940">
						<ele>459</ele>
						<time>2026-05-21T14:08:31Z</time>
					</trkpt>
					<trkpt lat="50.178350" lon="5.715600">
						<ele>458</ele>
						<time>2026-05-21T14:08:57Z</time>
					</trkpt>
					<trkpt lat="50.176820" lon="5.717870">
						<ele>461</ele>
						<time>2026-05-21T14:10:43Z</time>
					</trkpt>
					<trkpt lat="50.176480" lon="5.718230">
						<ele>460</ele>
						<time>2026-05-21T14:11:03Z</time>
					</trkpt>
					<trkpt lat="50.177310" lon="5.718540">
						<ele>461</ele>
						<time>2026-05-21T14:11:46Z</time>
					</trkpt>
					<trkpt lat="50.177550" lon="5.718710">
						<ele>460</ele>
						<time>2026-05-21T14:11:59Z</time>
					</trkpt>
					<trkpt lat="50.177840" lon="5.719190">
						<ele>454</ele>
						<time>2026-05-21T14:12:20Z</time>
					</trkpt>
					<trkpt lat="50.178050" lon="5.719440">
						<ele>451</ele>
						<time>2026-05-21T14:12:34Z</time>
					</trkpt>
					<trkpt lat="50.178290" lon="5.719800">
						<ele>448</ele>
						<time>2026-05-21T14:12:50Z</time>
					</trkpt>
					<trkpt lat="50.179340" lon="5.721910">
						<ele>425</ele>
						<time>2026-05-21T14:14:16Z</time>
					</trkpt>
					<trkpt lat="50.179650" lon="5.722590">
						<ele>422</ele>
						<time>2026-05-21T14:14:43Z</time>
					</trkpt>
					<trkpt lat="50.179730" lon="5.722840">
						<ele>420</ele>
						<time>2026-05-21T14:14:52Z</time>
					</trkpt>
					<trkpt lat="50.179860" lon="5.722910">
						<ele>419</ele>
						<time>2026-05-21T14:14:58Z</time>
					</trkpt>
					<trkpt lat="50.180010" lon="5.722940">
						<ele>418</ele>
						<time>2026-05-21T14:15:06Z</time>
					</trkpt>
					<trkpt lat="50.180260" lon="5.722920">
						<ele>420</ele>
						<time>2026-05-21T14:15:19Z</time>
					</trkpt>
					<trkpt lat="50.180420" lon="5.723020">
						<ele>419</ele>
						<time>2026-05-21T14:15:27Z</time>
					</trkpt>
					<trkpt lat="50.180540" lon="5.723240">
						<ele>418</ele>
						<time>2026-05-21T14:15:36Z</time>
					</trkpt>
					<trkpt lat="50.180710" lon="5.723810">
						<ele>419</ele>
						<time>2026-05-21T14:15:57Z</time>
					</trkpt>
					<trkpt lat="50.180770" lon="5.723870">
						<ele>420</ele>
						<time>2026-05-21T14:16:00Z</time>
					</trkpt>
					<trkpt lat="50.180760" lon="5.724060">
						<ele>421</ele>
						<time>2026-05-21T14:16:06Z</time>
					</trkpt>
					<trkpt lat="50.180670" lon="5.724210">
						<ele>420</ele>
						<time>2026-05-21T14:16:13Z</time>
					</trkpt>
					<trkpt lat="50.180270" lon="5.724790">
						<ele>420</ele>
						<time>2026-05-21T14:16:40Z</time>
					</trkpt>
					<trkpt lat="50.179830" lon="5.725110">
						<ele>417</ele>
						<time>2026-05-21T14:17:04Z</time>
					</trkpt>
					<trkpt lat="50.179360" lon="5.726010">
						<ele>416</ele>
						<time>2026-05-21T14:17:42Z</time>
					</trkpt>
					<trkpt lat="50.178780" lon="5.726480">
						<ele>414</ele>
						<time>2026-05-21T14:18:14Z</time>
					</trkpt>
					<trkpt lat="50.178230" lon="5.726740">
						<ele>413</ele>
						<time>2026-05-21T14:18:43Z</time>
					</trkpt>
					<trkpt lat="50.177260" lon="5.727420">
						<ele>416</ele>
						<time>2026-05-21T14:19:36Z</time>
					</trkpt>
					<trkpt lat="50.177030" lon="5.728030">
						<ele>413</ele>
						<time>2026-05-21T14:19:59Z</time>
					</trkpt>
					<trkpt lat="50.176830" lon="5.728670">
						<ele>413</ele>
						<time>2026-05-21T14:20:22Z</time>
					</trkpt>
					<trkpt lat="50.176690" lon="5.729010">
						<ele>414</ele>
						<time>2026-05-21T14:20:35Z</time>
					</trkpt>
					<trkpt lat="50.176310" lon="5.729480">
						<ele>415</ele>
						<time>2026-05-21T14:20:59Z</time>
					</trkpt>
					<trkpt lat="50.175850" lon="5.729980">
						<ele>407</ele>
						<time>2026-05-21T14:21:27Z</time>
					</trkpt>
					<trkpt lat="50.175280" lon="5.730000">
						<ele>404</ele>
						<time>2026-05-21T14:21:56Z</time>
					</trkpt>
					<trkpt lat="50.174990" lon="5.730070">
						<ele>403</ele>
						<time>2026-05-21T14:22:10Z</time>
					</trkpt>
					<trkpt lat="50.174540" lon="5.730340">
						<ele>405</ele>
						<time>2026-05-21T14:22:34Z</time>
					</trkpt>
					<trkpt lat="50.174140" lon="5.730720">
						<ele>404</ele>
						<time>2026-05-21T14:22:58Z</time>
					</trkpt>
					<trkpt lat="50.173870" lon="5.730870">
						<ele>406</ele>
						<time>2026-05-21T14:23:12Z</time>
					</trkpt>
					<trkpt lat="50.173740" lon="5.730870">
						<ele>406</ele>
						<time>2026-05-21T14:23:19Z</time>
					</trkpt>
					<trkpt lat="50.173490" lon="5.730620">
						<ele>405</ele>
						<time>2026-05-21T14:23:34Z</time>
					</trkpt>
					<trkpt lat="50.172030" lon="5.729770">
						<ele>398</ele>
						<time>2026-05-21T14:24:52Z</time>
					</trkpt>
					<trkpt lat="50.171530" lon="5.729700">
						<ele>398</ele>
						<time>2026-05-21T14:25:17Z</time>
					</trkpt>
					<trkpt lat="50.171250" lon="5.729780">
						<ele>396</ele>
						<time>2026-05-21T14:25:31Z</time>
					</trkpt>
					<trkpt lat="50.171180" lon="5.729740">
						<ele>396</ele>
						<time>2026-05-21T14:25:35Z</time>
					</trkpt>
					<trkpt lat="50.171100" lon="5.729780">
						<ele>395</ele>
						<time>2026-05-21T14:25:39Z</time>
					</trkpt>
					<trkpt lat="50.171000" lon="5.729890">
						<ele>393</ele>
						<time>2026-05-21T14:25:45Z</time>
					</trkpt>
					<trkpt lat="50.170820" lon="5.730330">
						<ele>389</ele>
						<time>2026-05-21T14:26:02Z</time>
					</trkpt>
					<trkpt lat="50.170810" lon="5.730250">
						<ele>390</ele>
						<time>2026-05-21T14:26:04Z</time>
					</trkpt>
					<trkpt lat="50.170720" lon="5.730130">
						<ele>393</ele>
						<time>2026-05-21T14:26:10Z</time>
					</trkpt>
					<trkpt lat="50.170650" lon="5.730090">
						<ele>395</ele>
						<time>2026-05-21T14:26:14Z</time>
					</trkpt>
					<trkpt lat="50.170540" lon="5.730130">
						<ele>397</ele>
						<time>2026-05-21T14:26:20Z</time>
					</trkpt>
					<trkpt lat="50.169660" lon="5.731020">
						<ele>394</ele>
						<time>2026-05-21T14:27:12Z</time>
					</trkpt>
					<trkpt lat="50.169290" lon="5.731370">
						<ele>392</ele>
						<time>2026-05-21T14:27:34Z</time>
					</trkpt>
					<trkpt lat="50.169210" lon="5.731420">
						<ele>391</ele>
						<time>2026-05-21T14:27:38Z</time>
					</trkpt>
					<trkpt lat="50.169010" lon="5.731420">
						<ele>392</ele>
						<time>2026-05-21T14:27:48Z</time>
					</trkpt>
					<trkpt lat="50.168740" lon="5.731320">
						<ele>395</ele>
						<time>2026-05-21T14:28:02Z</time>
					</trkpt>
					<trkpt lat="50.168200" lon="5.731310">
						<ele>398</ele>
						<time>2026-05-21T14:28:29Z</time>
					</trkpt>
					<trkpt lat="50.167210" lon="5.731700">
						<ele>403</ele>
						<time>2026-05-21T14:29:20Z</time>
					</trkpt>
					<trkpt lat="50.166990" lon="5.731730">
						<ele>403</ele>
						<time>2026-05-21T14:29:31Z</time>
					</trkpt>
					<trkpt lat="50.166810" lon="5.731690">
						<ele>404</ele>
						<time>2026-05-21T14:29:40Z</time>
					</trkpt>
					<trkpt lat="50.166710" lon="5.731510">
						<ele>405</ele>
						<time>2026-05-21T14:29:48Z</time>
					</trkpt>
					<trkpt lat="50.166470" lon="5.730670">
						<ele>409</ele>
						<time>2026-05-21T14:30:17Z</time>
					</trkpt>
					<trkpt lat="50.166220" lon="5.730110">
						<ele>411</ele>
						<time>2026-05-21T14:30:39Z</time>
					</trkpt>
					<trkpt lat="50.165340" lon="5.728410">
						<ele>416</ele>
						<time>2026-05-21T14:31:49Z</time>
					</trkpt>
					<trkpt lat="50.164850" lon="5.726810">
						<ele>414</ele>
						<time>2026-05-21T14:32:46Z</time>
					</trkpt>
					<trkpt lat="50.164780" lon="5.727010">
						<ele>415</ele>
						<time>2026-05-21T14:32:53Z</time>
					</trkpt>
					<trkpt lat="50.164660" lon="5.727220">
						<ele>415</ele>
						<time>2026-05-21T14:33:02Z</time>
					</trkpt>
					<trkpt lat="50.164580" lon="5.727300">
						<ele>416</ele>
						<time>2026-05-21T14:33:07Z</time>
					</trkpt>
					<trkpt lat="50.163830" lon="5.727850">
						<ele>418</ele>
						<time>2026-05-21T14:33:49Z</time>
					</trkpt>
					<trkpt lat="50.163630" lon="5.728110">
						<ele>417</ele>
						<time>2026-05-21T14:34:02Z</time>
					</trkpt>
					<trkpt lat="50.163490" lon="5.728360">
						<ele>416</ele>
						<time>2026-05-21T14:34:12Z</time>
					</trkpt>
					<trkpt lat="50.162430" lon="5.730630">
						<ele>402</ele>
						<time>2026-05-21T14:35:42Z</time>
					</trkpt>
					<trkpt lat="50.162160" lon="5.730950">
						<ele>400</ele>
						<time>2026-05-21T14:35:59Z</time>
					</trkpt>
					<trkpt lat="50.162060" lon="5.731030">
						<ele>399</ele>
						<time>2026-05-21T14:36:05Z</time>
					</trkpt>
					<trkpt lat="50.161750" lon="5.731550">
						<ele>397</ele>
						<time>2026-05-21T14:36:28Z</time>
					</trkpt>
					<trkpt lat="50.160920" lon="5.733690">
						<ele>384</ele>
						<time>2026-05-21T14:37:48Z</time>
					</trkpt>
					<trkpt lat="50.159880" lon="5.734930">
						<ele>373</ele>
						<time>2026-05-21T14:38:53Z</time>
					</trkpt>
					<trkpt lat="50.159850" lon="5.735020">
						<ele>373</ele>
						<time>2026-05-21T14:38:57Z</time>
					</trkpt>
					<trkpt lat="50.159850" lon="5.735130">
						<ele>373</ele>
						<time>2026-05-21T14:39:00Z</time>
					</trkpt>
					<trkpt lat="50.160710" lon="5.737530">
						<ele>362</ele>
						<time>2026-05-21T14:40:28Z</time>
					</trkpt>
					<trkpt lat="50.161040" lon="5.737300">
						<ele>364</ele>
						<time>2026-05-21T14:40:46Z</time>
					</trkpt>
					<trkpt lat="50.161330" lon="5.737250">
						<ele>367</ele>
						<time>2026-05-21T14:41:01Z</time>
					</trkpt>
					<trkpt lat="50.161580" lon="5.737240">
						<ele>368</ele>
						<time>2026-05-21T14:41:14Z</time>
					</trkpt>
					<trkpt lat="50.161740" lon="5.737480">
						<ele>369</ele>
						<time>2026-05-21T14:41:25Z</time>
					</trkpt>
					<trkpt lat="50.162340" lon="5.737780">
						<ele>385</ele>
						<time>2026-05-21T14:41:56Z</time>
					</trkpt>
					<trkpt lat="50.162510" lon="5.737910">
						<ele>389</ele>
						<time>2026-05-21T14:42:06Z</time>
					</trkpt>
					<trkpt lat="50.162820" lon="5.738230">
						<ele>397</ele>
						<time>2026-05-21T14:42:24Z</time>
					</trkpt>
					<trkpt lat="50.162970" lon="5.738550">
						<ele>400</ele>
						<time>2026-05-21T14:42:37Z</time>
					</trkpt>
					<trkpt lat="50.163090" lon="5.738990">
						<ele>400</ele>
						<time>2026-05-21T14:42:52Z</time>
					</trkpt>
					<trkpt lat="50.163250" lon="5.739370">
						<ele>399</ele>
						<time>2026-05-21T14:43:07Z</time>
					</trkpt>
					<trkpt lat="50.163380" lon="5.739810">
						<ele>396</ele>
						<time>2026-05-21T14:43:22Z</time>
					</trkpt>
					<trkpt lat="50.163420" lon="5.739880">
						<ele>397</ele>
						<time>2026-05-21T14:43:25Z</time>
					</trkpt>
					<trkpt lat="50.163440" lon="5.740040">
						<ele>396</ele>
						<time>2026-05-21T14:43:31Z</time>
					</trkpt>
					<trkpt lat="50.163510" lon="5.740210">
						<ele>398</ele>
						<time>2026-05-21T14:43:37Z</time>
					</trkpt>
					<trkpt lat="50.163660" lon="5.740450">
						<ele>399</ele>
						<time>2026-05-21T14:43:48Z</time>
					</trkpt>
					<trkpt lat="50.163680" lon="5.740650">
						<ele>399</ele>
						<time>2026-05-21T14:43:54Z</time>
					</trkpt>
					<trkpt lat="50.163880" lon="5.741000">
						<ele>398</ele>
						<time>2026-05-21T14:44:09Z</time>
					</trkpt>
					<trkpt lat="50.164080" lon="5.741290">
						<ele>396</ele>
						<time>2026-05-21T14:44:23Z</time>
					</trkpt>
					<trkpt lat="50.164190" lon="5.741690">
						<ele>393</ele>
						<time>2026-05-21T14:44:37Z</time>
					</trkpt>
					<trkpt lat="50.164380" lon="5.741940">
						<ele>395</ele>
						<time>2026-05-21T14:44:49Z</time>
					</trkpt>
					<trkpt lat="50.164770" lon="5.742870">
						<ele>396</ele>
						<time>2026-05-21T14:45:25Z</time>
					</trkpt>
					<trkpt lat="50.164910" lon="5.743140">
						<ele>396</ele>
						<time>2026-05-21T14:45:36Z</time>
					</trkpt>
					<trkpt lat="50.165050" lon="5.743310">
						<ele>395</ele>
						<time>2026-05-21T14:45:45Z</time>
					</trkpt>
					<trkpt lat="50.165250" lon="5.743670">
						<ele>397</ele>
						<time>2026-05-21T14:46:00Z</time>
					</trkpt>
					<trkpt lat="50.165180" lon="5.743880">
						<ele>397</ele>
						<time>2026-05-21T14:46:08Z</time>
					</trkpt>
					<trkpt lat="50.165210" lon="5.744080">
						<ele>397</ele>
						<time>2026-05-21T14:46:15Z</time>
					</trkpt>
					<trkpt lat="50.165620" lon="5.745180">
						<ele>406</ele>
						<time>2026-05-21T14:46:55Z</time>
					</trkpt>
					<trkpt lat="50.165680" lon="5.745560">
						<ele>414</ele>
						<time>2026-05-21T14:47:08Z</time>
					</trkpt>
					<trkpt lat="50.165830" lon="5.746920">
						<ele>429</ele>
						<time>2026-05-21T14:47:52Z</time>
					</trkpt>
					<trkpt lat="50.165780" lon="5.747660">
						<ele>428</ele>
						<time>2026-05-21T14:48:16Z</time>
					</trkpt>
					<trkpt lat="50.165810" lon="5.748070">
						<ele>428</ele>
						<time>2026-05-21T14:48:29Z</time>
					</trkpt>
					<trkpt lat="50.165920" lon="5.748510">
						<ele>428</ele>
						<time>2026-05-21T14:48:44Z</time>
					</trkpt>
					<trkpt lat="50.165990" lon="5.748940">
						<ele>427</ele>
						<time>2026-05-21T14:48:59Z</time>
					</trkpt>
					<trkpt lat="50.166150" lon="5.749480">
						<ele>426</ele>
						<time>2026-05-21T14:49:18Z</time>
					</trkpt>
					<trkpt lat="50.166240" lon="5.750000">
						<ele>426</ele>
						<time>2026-05-21T14:49:35Z</time>
					</trkpt>
					<trkpt lat="50.166290" lon="5.750500">
						<ele>425</ele>
						<time>2026-05-21T14:49:51Z</time>
					</trkpt>
					<trkpt lat="50.166260" lon="5.751030">
						<ele>422</ele>
						<time>2026-05-21T14:50:08Z</time>
					</trkpt>
					<trkpt lat="50.166030" lon="5.751780">
						<ele>417</ele>
						<time>2026-05-21T14:50:35Z</time>
					</trkpt>
					<trkpt lat="50.166020" lon="5.751940">
						<ele>415</ele>
						<time>2026-05-21T14:50:40Z</time>
					</trkpt>
					<trkpt lat="50.165900" lon="5.752270">
						<ele>413</ele>
						<time>2026-05-21T14:50:52Z</time>
					</trkpt>
					<trkpt lat="50.165590" lon="5.753440">
						<ele>392</ele>
						<time>2026-05-21T14:51:33Z</time>
					</trkpt>
					<trkpt lat="50.165630" lon="5.754000">
						<ele>382</ele>
						<time>2026-05-21T14:51:51Z</time>
					</trkpt>
					<trkpt lat="50.165600" lon="5.754270">
						<ele>377</ele>
						<time>2026-05-21T14:52:00Z</time>
					</trkpt>
					<trkpt lat="50.165620" lon="5.754550">
						<ele>374</ele>
						<time>2026-05-21T14:52:09Z</time>
					</trkpt>
					<trkpt lat="50.165650" lon="5.754630">
						<ele>374</ele>
						<time>2026-05-21T14:52:12Z</time>
					</trkpt>
					<trkpt lat="50.165720" lon="5.754670">
						<ele>373</ele>
						<time>2026-05-21T14:52:15Z</time>
					</trkpt>
					<trkpt lat="50.165960" lon="5.754600">
						<ele>373</ele>
						<time>2026-05-21T14:52:28Z</time>
					</trkpt>
					<trkpt lat="50.165940" lon="5.754730">
						<ele>372</ele>
						<time>2026-05-21T14:52:32Z</time>
					</trkpt>
					<trkpt lat="50.165780" lon="5.755040">
						<ele>369</ele>
						<time>2026-05-21T14:52:45Z</time>
					</trkpt>
					<trkpt lat="50.165590" lon="5.755100">
						<ele>372</ele>
						<time>2026-05-21T14:52:54Z</time>
					</trkpt>
					<trkpt lat="50.165530" lon="5.755180">
						<ele>373</ele>
						<time>2026-05-21T14:52:58Z</time>
					</trkpt>
					<trkpt lat="50.165330" lon="5.755120">
						<ele>375</ele>
						<time>2026-05-21T14:53:08Z</time>
					</trkpt>
					<trkpt lat="50.165230" lon="5.754960">
						<ele>373</ele>
						<time>2026-05-21T14:53:16Z</time>
					</trkpt>
					<trkpt lat="50.165080" lon="5.754800">
						<ele>374</ele>
						<time>2026-05-21T14:53:25Z</time>
					</trkpt>
					<trkpt lat="50.165020" lon="5.754670">
						<ele>375</ele>
						<time>2026-05-21T14:53:30Z</time>
					</trkpt>
					<trkpt lat="50.164880" lon="5.754650">
						<ele>377</ele>
						<time>2026-05-21T14:53:37Z</time>
					</trkpt>
					<trkpt lat="50.164840" lon="5.754510">
						<ele>377</ele>
						<time>2026-05-21T14:53:42Z</time>
					</trkpt>
					<trkpt lat="50.164740" lon="5.754380">
						<ele>377</ele>
						<time>2026-05-21T14:53:48Z</time>
					</trkpt>
					<trkpt lat="50.164690" lon="5.754230">
						<ele>376</ele>
						<time>2026-05-21T14:53:54Z</time>
					</trkpt>
					<trkpt lat="50.164430" lon="5.753990">
						<ele>378</ele>
						<time>2026-05-21T14:54:09Z</time>
					</trkpt>
					<trkpt lat="50.164100" lon="5.753200">
						<ele>377</ele>
						<time>2026-05-21T14:54:39Z</time>
					</trkpt>
					<trkpt lat="50.164000" lon="5.753160">
						<ele>377</ele>
						<time>2026-05-21T14:54:44Z</time>
					</trkpt>
					<trkpt lat="50.163950" lon="5.753030">
						<ele>378</ele>
						<time>2026-05-21T14:54:49Z</time>
					</trkpt>
					<trkpt lat="50.163870" lon="5.753000">
						<ele>377</ele>
						<time>2026-05-21T14:54:53Z</time>
					</trkpt>
					<trkpt lat="50.163700" lon="5.752860">
						<ele>377</ele>
						<time>2026-05-21T14:55:03Z</time>
					</trkpt>
					<trkpt lat="50.163510" lon="5.752760">
						<ele>375</ele>
						<time>2026-05-21T14:55:13Z</time>
					</trkpt>
					<trkpt lat="50.163060" lon="5.752690">
						<ele>371</ele>
						<time>2026-05-21T14:55:36Z</time>
					</trkpt>
					<trkpt lat="50.162730" lon="5.752530">
						<ele>369</ele>
						<time>2026-05-21T14:55:53Z</time>
					</trkpt>
					<trkpt lat="50.162350" lon="5.752610">
						<ele>367</ele>
						<time>2026-05-21T14:56:12Z</time>
					</trkpt>
					<trkpt lat="50.162040" lon="5.752580">
						<ele>366</ele>
						<time>2026-05-21T14:56:28Z</time>
					</trkpt>
					<trkpt lat="50.161580" lon="5.752600">
						<ele>364</ele>
						<time>2026-05-21T14:56:51Z</time>
					</trkpt>
					<trkpt lat="50.161390" lon="5.752690">
						<ele>364</ele>
						<time>2026-05-21T14:57:00Z</time>
					</trkpt>
					<trkpt lat="50.160960" lon="5.753070">
						<ele>363</ele>
						<time>2026-05-21T14:57:25Z</time>
					</trkpt>
					<trkpt lat="50.160210" lon="5.753140">
						<ele>359</ele>
						<time>2026-05-21T14:58:03Z</time>
					</trkpt>
					<trkpt lat="50.159990" lon="5.753070">
						<ele>359</ele>
						<time>2026-05-21T14:58:14Z</time>
					</trkpt>
					<trkpt lat="50.159850" lon="5.752940">
						<ele>360</ele>
						<time>2026-05-21T14:58:22Z</time>
					</trkpt>
					<trkpt lat="50.159510" lon="5.752940">
						<ele>361</ele>
						<time>2026-05-21T14:58:39Z</time>
					</trkpt>
					<trkpt lat="50.159180" lon="5.753240">
						<ele>361</ele>
						<time>2026-05-21T14:58:58Z</time>
					</trkpt>
					<trkpt lat="50.159050" lon="5.753260">
						<ele>362</ele>
						<time>2026-05-21T14:59:05Z</time>
					</trkpt>
					<trkpt lat="50.158920" lon="5.753120">
						<ele>362</ele>
						<time>2026-05-21T14:59:13Z</time>
					</trkpt>
					<trkpt lat="50.158090" lon="5.751500">
						<ele>357</ele>
						<time>2026-05-21T15:00:19Z</time>
					</trkpt>
					<trkpt lat="50.157980" lon="5.751220">
						<ele>357</ele>
						<time>2026-05-21T15:00:30Z</time>
					</trkpt>
					<trkpt lat="50.157900" lon="5.750900">
						<ele>355</ele>
						<time>2026-05-21T15:00:41Z</time>
					</trkpt>
					<trkpt lat="50.157870" lon="5.750600">
						<ele>355</ele>
						<time>2026-05-21T15:00:51Z</time>
					</trkpt>
					<trkpt lat="50.157770" lon="5.750140">
						<ele>353</ele>
						<time>2026-05-21T15:01:06Z</time>
					</trkpt>
					<trkpt lat="50.157450" lon="5.749430">
						<ele>352</ele>
						<time>2026-05-21T15:01:34Z</time>
					</trkpt>
					<trkpt lat="50.157230" lon="5.749230">
						<ele>351</ele>
						<time>2026-05-21T15:01:47Z</time>
					</trkpt>
					<trkpt lat="50.156280" lon="5.748840">
						<ele>351</ele>
						<time>2026-05-21T15:02:36Z</time>
					</trkpt>
					<trkpt lat="50.155790" lon="5.748880">
						<ele>349</ele>
						<time>2026-05-21T15:03:00Z</time>
					</trkpt>
					<trkpt lat="50.155530" lon="5.748840">
						<ele>348</ele>
						<time>2026-05-21T15:03:13Z</time>
					</trkpt>
					<trkpt lat="50.155370" lon="5.748790">
						<ele>347</ele>
						<time>2026-05-21T15:03:22Z</time>
					</trkpt>
					<trkpt lat="50.155200" lon="5.748830">
						<ele>346</ele>
						<time>2026-05-21T15:03:30Z</time>
					</trkpt>
					<trkpt lat="50.154920" lon="5.748740">
						<ele>345</ele>
						<time>2026-05-21T15:03:45Z</time>
					</trkpt>
					<trkpt lat="50.154210" lon="5.748220">
						<ele>343</ele>
						<time>2026-05-21T15:04:24Z</time>
					</trkpt>
					<trkpt lat="50.153620" lon="5.747930">
						<ele>347</ele>
						<time>2026-05-21T15:04:55Z</time>
					</trkpt>
					<trkpt lat="50.153220" lon="5.747690">
						<ele>349</ele>
						<time>2026-05-21T15:05:16Z</time>
					</trkpt>
					<trkpt lat="50.152500" lon="5.747600">
						<ele>350</ele>
						<time>2026-05-21T15:05:52Z</time>
					</trkpt>
					<trkpt lat="50.152330" lon="5.747660">
						<ele>347</ele>
						<time>2026-05-21T15:06:01Z</time>
					</trkpt>
					<trkpt lat="50.152160" lon="5.747800">
						<ele>344</ele>
						<time>2026-05-21T15:06:11Z</time>
					</trkpt>
					<trkpt lat="50.152080" lon="5.747830">
						<ele>343</ele>
						<time>2026-05-21T15:06:15Z</time>
					</trkpt>
					<trkpt lat="50.151970" lon="5.747800">
						<ele>342</ele>
						<time>2026-05-21T15:06:20Z</time>
					</trkpt>
					<trkpt lat="50.151830" lon="5.747720">
						<ele>341</ele>
						<time>2026-05-21T15:06:28Z</time>
					</trkpt>
					<trkpt lat="50.151690" lon="5.747570">
						<ele>338</ele>
						<time>2026-05-21T15:06:36Z</time>
					</trkpt>
					<trkpt lat="50.151430" lon="5.747510">
						<ele>336</ele>
						<time>2026-05-21T15:06:50Z</time>
					</trkpt>
					<trkpt lat="50.151290" lon="5.747370">
						<ele>334</ele>
						<time>2026-05-21T15:06:58Z</time>
					</trkpt>
					<trkpt lat="50.151140" lon="5.747140">
						<ele>332</ele>
						<time>2026-05-21T15:07:08Z</time>
					</trkpt>
					<trkpt lat="50.150920" lon="5.746360">
						<ele>329</ele>
						<time>2026-05-21T15:07:36Z</time>
					</trkpt>
					<trkpt lat="50.150630" lon="5.745680">
						<ele>330</ele>
						<time>2026-05-21T15:08:02Z</time>
					</trkpt>
					<trkpt lat="50.150430" lon="5.745740">
						<ele>328</ele>
						<time>2026-05-21T15:08:12Z</time>
					</trkpt>
					<trkpt lat="50.150190" lon="5.745650">
						<ele>328</ele>
						<time>2026-05-21T15:08:24Z</time>
					</trkpt>
					<trkpt lat="50.150010" lon="5.745540">
						<ele>327</ele>
						<time>2026-05-21T15:08:34Z</time>
					</trkpt>
					<trkpt lat="50.149990" lon="5.745570">
						<ele>327</ele>
						<time>2026-05-21T15:08:35Z</time>
					</trkpt>
					<trkpt lat="50.149920" lon="5.745500">
						<ele>327</ele>
						<time>2026-05-21T15:08:40Z</time>
					</trkpt>
					<trkpt lat="50.149710" lon="5.745970">
						<ele>325</ele>
						<time>2026-05-21T15:08:58Z</time>
					</trkpt>
					<trkpt lat="50.149620" lon="5.746010">
						<ele>325</ele>
						<time>2026-05-21T15:09:03Z</time>
					</trkpt>
					<trkpt lat="50.149520" lon="5.746470">
						<ele>324</ele>
						<time>2026-05-21T15:09:18Z</time>
					</trkpt>
					<trkpt lat="50.149440" lon="5.746700">
						<ele>324</ele>
						<time>2026-05-21T15:09:27Z</time>
					</trkpt>
					<trkpt lat="50.149320" lon="5.746880">
						<ele>325</ele>
						<time>2026-05-21T15:09:35Z</time>
					</trkpt>
					<trkpt lat="50.148840" lon="5.747260">
						<ele>332</ele>
						<time>2026-05-21T15:10:02Z</time>
					</trkpt>
					<trkpt lat="50.148760" lon="5.747370">
						<ele>335</ele>
						<time>2026-05-21T15:10:07Z</time>
					</trkpt>
					<trkpt lat="50.148760" lon="5.747060">
						<ele>331</ele>
						<time>2026-05-21T15:10:17Z</time>
					</trkpt>
					<trkpt lat="50.148720" lon="5.746910">
						<ele>329</ele>
						<time>2026-05-21T15:10:22Z</time>
					</trkpt>
					<trkpt lat="50.148640" lon="5.746840">
						<ele>329</ele>
						<time>2026-05-21T15:10:27Z</time>
					</trkpt>
					<trkpt lat="50.148360" lon="5.746720">
						<ele>330</ele>
						<time>2026-05-21T15:10:42Z</time>
					</trkpt>
					<trkpt lat="50.148220" lon="5.746710">
						<ele>330</ele>
						<time>2026-05-21T15:10:49Z</time>
					</trkpt>
					<trkpt lat="50.148080" lon="5.746750">
						<ele>332</ele>
						<time>2026-05-21T15:10:56Z</time>
					</trkpt>
					<trkpt lat="50.147940" lon="5.746880">
						<ele>335</ele>
						<time>2026-05-21T15:11:04Z</time>
					</trkpt>
					<trkpt lat="50.147770" lon="5.746890">
						<ele>336</ele>
						<time>2026-05-21T15:11:12Z</time>
					</trkpt>
					<trkpt lat="50.147550" lon="5.746820">
						<ele>336</ele>
						<time>2026-05-21T15:11:24Z</time>
					</trkpt>
					<trkpt lat="50.147200" lon="5.746770">
						<ele>339</ele>
						<time>2026-05-21T15:11:41Z</time>
					</trkpt>
					<trkpt lat="50.147040" lon="5.746660">
						<ele>340</ele>
						<time>2026-05-21T15:11:50Z</time>
					</trkpt>
					<trkpt lat="50.146760" lon="5.746380">
						<ele>339</ele>
						<time>2026-05-21T15:12:07Z</time>
					</trkpt>
					<trkpt lat="50.146670" lon="5.746190">
						<ele>337</ele>
						<time>2026-05-21T15:12:14Z</time>
					</trkpt>
					<trkpt lat="50.146500" lon="5.745700">
						<ele>332</ele>
						<time>2026-05-21T15:12:32Z</time>
					</trkpt>
					<trkpt lat="50.146400" lon="5.745520">
						<ele>332</ele>
						<time>2026-05-21T15:12:40Z</time>
					</trkpt>
					<trkpt lat="50.146310" lon="5.745400">
						<ele>332</ele>
						<time>2026-05-21T15:12:46Z</time>
					</trkpt>
					<trkpt lat="50.145990" lon="5.745170">
						<ele>333</ele>
						<time>2026-05-21T15:13:03Z</time>
					</trkpt>
					<trkpt lat="50.145730" lon="5.745040">
						<ele>333</ele>
						<time>2026-05-21T15:13:17Z</time>
					</trkpt>
					<trkpt lat="50.145140" lon="5.744840">
						<ele>333</ele>
						<time>2026-05-21T15:13:47Z</time>
					</trkpt>
					<trkpt lat="50.144670" lon="5.744870">
						<ele>336</ele>
						<time>2026-05-21T15:14:11Z</time>
					</trkpt>
					<trkpt lat="50.144430" lon="5.744810">
						<ele>338</ele>
						<time>2026-05-21T15:14:23Z</time>
					</trkpt>
					<trkpt lat="50.143920" lon="5.744170">
						<ele>337</ele>
						<time>2026-05-21T15:14:56Z</time>
					</trkpt>
					<trkpt lat="50.143480" lon="5.743220">
						<ele>333</ele>
						<time>2026-05-21T15:15:33Z</time>
					</trkpt>
					<trkpt lat="50.143190" lon="5.742480">
						<ele>331</ele>
						<time>2026-05-21T15:16:01Z</time>
					</trkpt>
					<trkpt lat="50.142910" lon="5.742050">
						<ele>333</ele>
						<time>2026-05-21T15:16:21Z</time>
					</trkpt>
					<trkpt lat="50.142470" lon="5.741640">
						<ele>330</ele>
						<time>2026-05-21T15:16:46Z</time>
					</trkpt>
					<trkpt lat="50.141880" lon="5.741160">
						<ele>334</ele>
						<time>2026-05-21T15:17:20Z</time>
					</trkpt>
					<trkpt lat="50.141420" lon="5.740940">
						<ele>336</ele>
						<time>2026-05-21T15:17:44Z</time>
					</trkpt>
					<trkpt lat="50.141040" lon="5.740650">
						<ele>342</ele>
						<time>2026-05-21T15:18:05Z</time>
					</trkpt>
					<trkpt lat="50.140880" lon="5.740260">
						<ele>339</ele>
						<time>2026-05-21T15:18:20Z</time>
					</trkpt>
					<trkpt lat="50.140650" lon="5.738970">
						<ele>336</ele>
						<time>2026-05-21T15:19:03Z</time>
					</trkpt>
					<trkpt lat="50.140260" lon="5.737830">
						<ele>339</ele>
						<time>2026-05-21T15:19:44Z</time>
					</trkpt>
					<trkpt lat="50.140240" lon="5.737560">
						<ele>337</ele>
						<time>2026-05-21T15:19:53Z</time>
					</trkpt>
					<trkpt lat="50.140120" lon="5.737320">
						<ele>335</ele>
						<time>2026-05-21T15:20:02Z</time>
					</trkpt>
					<trkpt lat="50.139800" lon="5.736170">
						<ele>332</ele>
						<time>2026-05-21T15:20:43Z</time>
					</trkpt>
					<trkpt lat="50.139630" lon="5.735160">
						<ele>325</ele>
						<time>2026-05-21T15:21:16Z</time>
					</trkpt>
					<trkpt lat="50.139360" lon="5.734590">
						<ele>324</ele>
						<time>2026-05-21T15:21:39Z</time>
					</trkpt>
					<trkpt lat="50.139090" lon="5.733870">
						<ele>322</ele>
						<time>2026-05-21T15:22:06Z</time>
					</trkpt>
					<trkpt lat="50.138850" lon="5.733090">
						<ele>330</ele>
						<time>2026-05-21T15:22:33Z</time>
					</trkpt>
					<trkpt lat="50.138800" lon="5.732700">
						<ele>331</ele>
						<time>2026-05-21T15:22:46Z</time>
					</trkpt>
					<trkpt lat="50.138770" lon="5.731910">
						<ele>333</ele>
						<time>2026-05-21T15:23:12Z</time>
					</trkpt>
					<trkpt lat="50.138920" lon="5.730780">
						<ele>329</ele>
						<time>2026-05-21T15:23:49Z</time>
					</trkpt>
					<trkpt lat="50.138770" lon="5.731910">
						<ele>333</ele>
						<time>2026-05-21T15:24:26Z</time>
					</trkpt>
					<trkpt lat="50.138800" lon="5.732700">
						<ele>331</ele>
						<time>2026-05-21T15:24:51Z</time>
					</trkpt>
					<trkpt lat="50.138770" lon="5.731910">
						<ele>333</ele>
						<time>2026-05-21T15:25:16Z</time>
					</trkpt>
					<trkpt lat="50.138920" lon="5.730750">
						<ele>330</ele>
						<time>2026-05-21T15:25:54Z</time>
					</trkpt>
					<trkpt lat="50.139130" lon="5.730170">
						<ele>324</ele>
						<time>2026-05-21T15:26:16Z</time>
					</trkpt>
					<trkpt lat="50.139460" lon="5.729390">
						<ele>330</ele>
						<time>2026-05-21T15:26:46Z</time>
					</trkpt>
					<trkpt lat="50.139630" lon="5.728770">
						<ele>329</ele>
						<time>2026-05-21T15:27:07Z</time>
					</trkpt>
					<trkpt lat="50.138730" lon="5.730220">
						<ele>345</ele>
						<time>2026-05-21T15:28:12Z</time>
					</trkpt>
					<trkpt lat="50.138330" lon="5.731110">
						<ele>353</ele>
						<time>2026-05-21T15:28:47Z</time>
					</trkpt>
					<trkpt lat="50.138090" lon="5.731910">
						<ele>362</ele>
						<time>2026-05-21T15:29:15Z</time>
					</trkpt>
					<trkpt lat="50.138050" lon="5.732580">
						<ele>365</ele>
						<time>2026-05-21T15:29:37Z</time>
					</trkpt>
					<trkpt lat="50.138080" lon="5.732980">
						<ele>364</ele>
						<time>2026-05-21T15:29:50Z</time>
					</trkpt>
					<trkpt lat="50.138490" lon="5.734440">
						<ele>355</ele>
						<time>2026-05-21T15:30:41Z</time>
					</trkpt>
					<trkpt lat="50.138670" lon="5.735400">
						<ele>357</ele>
						<time>2026-05-21T15:31:13Z</time>
					</trkpt>
					<trkpt lat="50.139270" lon="5.739130">
						<ele>374</ele>
						<time>2026-05-21T15:33:16Z</time>
					</trkpt>
					<trkpt lat="50.139450" lon="5.740030">
						<ele>376</ele>
						<time>2026-05-21T15:33:47Z</time>
					</trkpt>
					<trkpt lat="50.139760" lon="5.740990">
						<ele>381</ele>
						<time>2026-05-21T15:34:21Z</time>
					</trkpt>
					<trkpt lat="50.140020" lon="5.742490">
						<ele>392</ele>
						<time>2026-05-21T15:35:11Z</time>
					</trkpt>
					<trkpt lat="50.140130" lon="5.742810">
						<ele>393</ele>
						<time>2026-05-21T15:35:22Z</time>
					</trkpt>
					<trkpt lat="50.140230" lon="5.743250">
						<ele>396</ele>
						<time>2026-05-21T15:35:37Z</time>
					</trkpt>
					<trkpt lat="50.140190" lon="5.743610">
						<ele>398</ele>
						<time>2026-05-21T15:35:49Z</time>
					</trkpt>
					<trkpt lat="50.140060" lon="5.743780">
						<ele>400</ele>
						<time>2026-05-21T15:35:58Z</time>
					</trkpt>
					<trkpt lat="50.139840" lon="5.743970">
						<ele>402</ele>
						<time>2026-05-21T15:36:10Z</time>
					</trkpt>
					<trkpt lat="50.139510" lon="5.744400">
						<ele>403</ele>
						<time>2026-05-21T15:36:32Z</time>
					</trkpt>
					<trkpt lat="50.138950" lon="5.743450">
						<ele>404</ele>
						<time>2026-05-21T15:37:13Z</time>
					</trkpt>
					<trkpt lat="50.138810" lon="5.743170">
						<ele>403</ele>
						<time>2026-05-21T15:37:25Z</time>
					</trkpt>
					<trkpt lat="50.138630" lon="5.742670">
						<ele>401</ele>
						<time>2026-05-21T15:37:43Z</time>
					</trkpt>
					<trkpt lat="50.136560" lon="5.743360">
						<ele>389</ele>
						<time>2026-05-21T15:39:29Z</time>
					</trkpt>
					<trkpt lat="50.136420" lon="5.743430">
						<ele>384</ele>
						<time>2026-05-21T15:39:36Z</time>
					</trkpt>
					<trkpt lat="50.136360" lon="5.743500">
						<ele>382</ele>
						<time>2026-05-21T15:39:40Z</time>
					</trkpt>
					<trkpt lat="50.136250" lon="5.743760">
						<ele>378</ele>
						<time>2026-05-21T15:39:50Z</time>
					</trkpt>
					<trkpt lat="50.135840" lon="5.745770">
						<ele>366</ele>
						<time>2026-05-21T15:40:58Z</time>
					</trkpt>
					<trkpt lat="50.134400" lon="5.746560">
						<ele>317</ele>
						<time>2026-05-21T15:42:14Z</time>
					</trkpt>
					<trkpt lat="50.134250" lon="5.746200">
						<ele>312</ele>
						<time>2026-05-21T15:42:28Z</time>
					</trkpt>
					<trkpt lat="50.134100" lon="5.746280">
						<ele>310</ele>
						<time>2026-05-21T15:42:36Z</time>
					</trkpt>
					<trkpt lat="50.134000" lon="5.746380">
						<ele>310</ele>
						<time>2026-05-21T15:42:42Z</time>
					</trkpt>
					<trkpt lat="50.133850" lon="5.746410">
						<ele>311</ele>
						<time>2026-05-21T15:42:49Z</time>
					</trkpt>
					<trkpt lat="50.133790" lon="5.746510">
						<ele>311</ele>
						<time>2026-05-21T15:42:54Z</time>
					</trkpt>
					<trkpt lat="50.133750" lon="5.746620">
						<ele>310</ele>
						<time>2026-05-21T15:42:58Z</time>
					</trkpt>
					<trkpt lat="50.133730" lon="5.746890">
						<ele>309</ele>
						<time>2026-05-21T15:43:06Z</time>
					</trkpt>
					<trkpt lat="50.133760" lon="5.747020">
						<ele>309</ele>
						<time>2026-05-21T15:43:11Z</time>
					</trkpt>
					<trkpt lat="50.133820" lon="5.747130">
						<ele>309</ele>
						<time>2026-05-21T15:43:15Z</time>
					</trkpt>
					<trkpt lat="50.133900" lon="5.747200">
						<ele>309</ele>
						<time>2026-05-21T15:43:20Z</time>
					</trkpt>
					<trkpt lat="50.134600" lon="5.747620">
						<ele>314</ele>
						<time>2026-05-21T15:43:58Z</time>
					</trkpt>
					<trkpt lat="50.134730" lon="5.747720">
						<ele>315</ele>
						<time>2026-05-21T15:44:05Z</time>
					</trkpt>
					<trkpt lat="50.134840" lon="5.747880">
						<ele>315</ele>
						<time>2026-05-21T15:44:12Z</time>
					</trkpt>
					<trkpt lat="50.134910" lon="5.748070">
						<ele>315</ele>
						<time>2026-05-21T15:44:19Z</time>
					</trkpt>
					<trkpt lat="50.134780" lon="5.748030">
						<ele>314</ele>
						<time>2026-05-21T15:44:26Z</time>
					</trkpt>
					<trkpt lat="50.134660" lon="5.748070">
						<ele>312</ele>
						<time>2026-05-21T15:44:32Z</time>
					</trkpt>
					<trkpt lat="50.134540" lon="5.748180">
						<ele>310</ele>
						<time>2026-05-21T15:44:39Z</time>
					</trkpt>
					<trkpt lat="50.134500" lon="5.748330">
						<ele>309</ele>
						<time>2026-05-21T15:44:44Z</time>
					</trkpt>
					<trkpt lat="50.134540" lon="5.748400">
						<ele>310</ele>
						<time>2026-05-21T15:44:47Z</time>
					</trkpt>
					<trkpt lat="50.134540" lon="5.748460">
						<ele>310</ele>
						<time>2026-05-21T15:44:49Z</time>
					</trkpt>
					<trkpt lat="50.134500" lon="5.748550">
						<ele>310</ele>
						<time>2026-05-21T15:44:53Z</time>
					</trkpt>
					<trkpt lat="50.134360" lon="5.748640">
						<ele>308</ele>
						<time>2026-05-21T15:45:00Z</time>
					</trkpt>
					<trkpt lat="50.134280" lon="5.748610">
						<ele>308</ele>
						<time>2026-05-21T15:45:04Z</time>
					</trkpt>
					<trkpt lat="50.134310" lon="5.748300">
						<ele>307</ele>
						<time>2026-05-21T15:45:15Z</time>
					</trkpt>
					<trkpt lat="50.134290" lon="5.748220">
						<ele>308</ele>
						<time>2026-05-21T15:45:17Z</time>
					</trkpt>
					<trkpt lat="50.134190" lon="5.748050">
						<ele>307</ele>
						<time>2026-05-21T15:45:25Z</time>
					</trkpt>
					<trkpt lat="50.134040" lon="5.747960">
						<ele>308</ele>
						<time>2026-05-21T15:45:33Z</time>
					</trkpt>
					<trkpt lat="50.133940" lon="5.747830">
						<ele>308</ele>
						<time>2026-05-21T15:45:39Z</time>
					</trkpt>
					<trkpt lat="50.133800" lon="5.747760">
						<ele>309</ele>
						<time>2026-05-21T15:45:47Z</time>
					</trkpt>
					<trkpt lat="50.133620" lon="5.747720">
						<ele>309</ele>
						<time>2026-05-21T15:45:56Z</time>
					</trkpt>
					<trkpt lat="50.133310" lon="5.747420">
						<ele>309</ele>
						<time>2026-05-21T15:46:14Z</time>
					</trkpt>
					<trkpt lat="50.133230" lon="5.747240">
						<ele>313</ele>
						<time>2026-05-21T15:46:21Z</time>
					</trkpt>
					<trkpt lat="50.133200" lon="5.747090">
						<ele>315</ele>
						<time>2026-05-21T15:46:26Z</time>
					</trkpt>
					<trkpt lat="50.133190" lon="5.746710">
						<ele>317</ele>
						<time>2026-05-21T15:46:38Z</time>
					</trkpt>
					<trkpt lat="50.133220" lon="5.746600">
						<ele>316</ele>
						<time>2026-05-21T15:46:42Z</time>
					</trkpt>
					<trkpt lat="50.133290" lon="5.746490">
						<ele>314</ele>
						<time>2026-05-21T15:46:47Z</time>
					</trkpt>
					<trkpt lat="50.133310" lon="5.746380">
						<ele>314</ele>
						<time>2026-05-21T15:46:51Z</time>
					</trkpt>
					<trkpt lat="50.133410" lon="5.746280">
						<ele>313</ele>
						<time>2026-05-21T15:46:57Z</time>
					</trkpt>
					<trkpt lat="50.133510" lon="5.745990">
						<ele>315</ele>
						<time>2026-05-21T15:47:07Z</time>
					</trkpt>
					<trkpt lat="50.133620" lon="5.745550">
						<ele>319</ele>
						<time>2026-05-21T15:47:22Z</time>
					</trkpt>
					<trkpt lat="50.133700" lon="5.744970">
						<ele>324</ele>
						<time>2026-05-21T15:47:41Z</time>
					</trkpt>
					<trkpt lat="50.133720" lon="5.744250">
						<ele>331</ele>
						<time>2026-05-21T15:48:05Z</time>
					</trkpt>
					<trkpt lat="50.133810" lon="5.743750">
						<ele>333</ele>
						<time>2026-05-21T15:48:21Z</time>
					</trkpt>
					<trkpt lat="50.134020" lon="5.742110">
						<ele>329</ele>
						<time>2026-05-21T15:49:15Z</time>
					</trkpt>
					<trkpt lat="50.133990" lon="5.741910">
						<ele>329</ele>
						<time>2026-05-21T15:49:21Z</time>
					</trkpt>
					<trkpt lat="50.133740" lon="5.741610">
						<ele>335</ele>
						<time>2026-05-21T15:49:37Z</time>
					</trkpt>
					<trkpt lat="50.133010" lon="5.740840">
						<ele>340</ele>
						<time>2026-05-21T15:50:21Z</time>
					</trkpt>
					<trkpt lat="50.131800" lon="5.739220">
						<ele>360</ele>
						<time>2026-05-21T15:51:41Z</time>
					</trkpt>
					<trkpt lat="50.131720" lon="5.740050">
						<ele>374</ele>
						<time>2026-05-21T15:52:08Z</time>
					</trkpt>
					<trkpt lat="50.131240" lon="5.740170">
						<ele>385</ele>
						<time>2026-05-21T15:52:32Z</time>
					</trkpt>
					<trkpt lat="50.130720" lon="5.740180">
						<ele>391</ele>
						<time>2026-05-21T15:52:58Z</time>
					</trkpt>
					<trkpt lat="50.130550" lon="5.740210">
						<ele>391</ele>
						<time>2026-05-21T15:53:07Z</time>
					</trkpt>
					<trkpt lat="50.130410" lon="5.740260">
						<ele>391</ele>
						<time>2026-05-21T15:53:14Z</time>
					</trkpt>
					<trkpt lat="50.129680" lon="5.740680">
						<ele>390</ele>
						<time>2026-05-21T15:53:53Z</time>
					</trkpt>
					<trkpt lat="50.129310" lon="5.740560">
						<ele>388</ele>
						<time>2026-05-21T15:54:12Z</time>
					</trkpt>
					<trkpt lat="50.129190" lon="5.740480">
						<ele>387</ele>
						<time>2026-05-21T15:54:18Z</time>
					</trkpt>
					<trkpt lat="50.128770" lon="5.740110">
						<ele>384</ele>
						<time>2026-05-21T15:54:43Z</time>
					</trkpt>
					<trkpt lat="50.128500" lon="5.740000">
						<ele>383</ele>
						<time>2026-05-21T15:54:57Z</time>
					</trkpt>
					<trkpt lat="50.128140" lon="5.739950">
						<ele>385</ele>
						<time>2026-05-21T15:55:15Z</time>
					</trkpt>
					<trkpt lat="50.127780" lon="5.739980">
						<ele>389</ele>
						<time>2026-05-21T15:55:33Z</time>
					</trkpt>
					<trkpt lat="50.127670" lon="5.739940">
						<ele>390</ele>
						<time>2026-05-21T15:55:38Z</time>
					</trkpt>
					<trkpt lat="50.126010" lon="5.738550">
						<ele>399</ele>
						<time>2026-05-21T15:57:13Z</time>
					</trkpt>
					<trkpt lat="50.125290" lon="5.738000">
						<ele>408</ele>
						<time>2026-05-21T15:57:53Z</time>
					</trkpt>
					<trkpt lat="50.124920" lon="5.737640">
						<ele>413</ele>
						<time>2026-05-21T15:58:15Z</time>
					</trkpt>
					<trkpt lat="50.123470" lon="5.736940">
						<ele>410</ele>
						<time>2026-05-21T15:59:31Z</time>
					</trkpt>
					<trkpt lat="50.122500" lon="5.736330">
						<ele>414</ele>
						<time>2026-05-21T16:00:23Z</time>
					</trkpt>
					<trkpt lat="50.122330" lon="5.736200">
						<ele>416</ele>
						<time>2026-05-21T16:00:32Z</time>
					</trkpt>
					<trkpt lat="50.122150" lon="5.736040">
						<ele>417</ele>
						<time>2026-05-21T16:00:43Z</time>
					</trkpt>
					<trkpt lat="50.121890" lon="5.735730">
						<ele>419</ele>
						<time>2026-05-21T16:00:59Z</time>
					</trkpt>
					<trkpt lat="50.121390" lon="5.734780">
						<ele>424</ele>
						<time>2026-05-21T16:01:39Z</time>
					</trkpt>
					<trkpt lat="50.121140" lon="5.734430">
						<ele>427</ele>
						<time>2026-05-21T16:01:55Z</time>
					</trkpt>
					<trkpt lat="50.120770" lon="5.734080">
						<ele>430</ele>
						<time>2026-05-21T16:02:17Z</time>
					</trkpt>
					<trkpt lat="50.120810" lon="5.734210">
						<ele>430</ele>
						<time>2026-05-21T16:02:22Z</time>
					</trkpt>
					<trkpt lat="50.120730" lon="5.734240">
						<ele>430</ele>
						<time>2026-05-21T16:02:26Z</time>
					</trkpt>
					<trkpt lat="50.120810" lon="5.734210">
						<ele>430</ele>
						<time>2026-05-21T16:02:30Z</time>
					</trkpt>
					<trkpt lat="50.120390" lon="5.732700">
						<ele>435</ele>
						<time>2026-05-21T16:03:23Z</time>
					</trkpt>
					<trkpt lat="50.120210" lon="5.731860">
						<ele>437</ele>
						<time>2026-05-21T16:03:51Z</time>
					</trkpt>
					<trkpt lat="50.120200" lon="5.731640">
						<ele>438</ele>
						<time>2026-05-21T16:03:58Z</time>
					</trkpt>
					<trkpt lat="50.120260" lon="5.731240">
						<ele>438</ele>
						<time>2026-05-21T16:04:11Z</time>
					</trkpt>
					<trkpt lat="50.120540" lon="5.730190">
						<ele>442</ele>
						<time>2026-05-21T16:04:48Z</time>
					</trkpt>
					<trkpt lat="50.120690" lon="5.729310">
						<ele>443</ele>
						<time>2026-05-21T16:05:17Z</time>
					</trkpt>
					<trkpt lat="50.120740" lon="5.728460">
						<ele>443</ele>
						<time>2026-05-21T16:05:44Z</time>
					</trkpt>
					<trkpt lat="50.120740" lon="5.727570">
						<ele>442</ele>
						<time>2026-05-21T16:06:13Z</time>
					</trkpt>
					<trkpt lat="50.121130" lon="5.727890">
						<ele>442</ele>
						<time>2026-05-21T16:06:35Z</time>
					</trkpt>
					<trkpt lat="50.121550" lon="5.728090">
						<ele>440</ele>
						<time>2026-05-21T16:06:57Z</time>
					</trkpt>
					<trkpt lat="50.122470" lon="5.728210">
						<ele>436</ele>
						<time>2026-05-21T16:07:43Z</time>
					</trkpt>
					<trkpt lat="50.123170" lon="5.728210">
						<ele>432</ele>
						<time>2026-05-21T16:08:18Z</time>
					</trkpt>
					<trkpt lat="50.123800" lon="5.727950">
						<ele>430</ele>
						<time>2026-05-21T16:08:51Z</time>
					</trkpt>
					<trkpt lat="50.123820" lon="5.725650">
						<ele>424</ele>
						<time>2026-05-21T16:10:05Z</time>
					</trkpt>
					<trkpt lat="50.123940" lon="5.725240">
						<ele>423</ele>
						<time>2026-05-21T16:10:19Z</time>
					</trkpt>
					<trkpt lat="50.124170" lon="5.724990">
						<ele>422</ele>
						<time>2026-05-21T16:10:33Z</time>
					</trkpt>
					<trkpt lat="50.124540" lon="5.724790">
						<ele>417</ele>
						<time>2026-05-21T16:10:53Z</time>
					</trkpt>
					<trkpt lat="50.125010" lon="5.724790">
						<ele>412</ele>
						<time>2026-05-21T16:11:16Z</time>
					</trkpt>
					<trkpt lat="50.125420" lon="5.724850">
						<ele>410</ele>
						<time>2026-05-21T16:11:37Z</time>
					</trkpt>
					<trkpt lat="50.125660" lon="5.724860">
						<ele>409</ele>
						<time>2026-05-21T16:11:49Z</time>
					</trkpt>
					<trkpt lat="50.126290" lon="5.724380">
						<ele>402</ele>
						<time>2026-05-21T16:12:24Z</time>
					</trkpt>
					<trkpt lat="50.126540" lon="5.724300">
						<ele>400</ele>
						<time>2026-05-21T16:12:37Z</time>
					</trkpt>
					<trkpt lat="50.127260" lon="5.724160">
						<ele>394</ele>
						<time>2026-05-21T16:13:13Z</time>
					</trkpt>
					<trkpt lat="50.127980" lon="5.724070">
						<ele>393</ele>
						<time>2026-05-21T16:13:49Z</time>
					</trkpt>
					<trkpt lat="50.128540" lon="5.723910">
						<ele>390</ele>
						<time>2026-05-21T16:14:18Z</time>
					</trkpt>
					<trkpt lat="50.128590" lon="5.723760">
						<ele>389</ele>
						<time>2026-05-21T16:14:23Z</time>
					</trkpt>
					<trkpt lat="50.128530" lon="5.722890">
						<ele>389</ele>
						<time>2026-05-21T16:14:51Z</time>
					</trkpt>
					<trkpt lat="50.128610" lon="5.722280">
						<ele>386</ele>
						<time>2026-05-21T16:15:11Z</time>
					</trkpt>
					<trkpt lat="50.128920" lon="5.721770">
						<ele>383</ele>
						<time>2026-05-21T16:15:34Z</time>
					</trkpt>
					<trkpt lat="50.129180" lon="5.721590">
						<ele>383</ele>
						<time>2026-05-21T16:15:48Z</time>
					</trkpt>
					<trkpt lat="50.129520" lon="5.721430">
						<ele>376</ele>
						<time>2026-05-21T16:16:06Z</time>
					</trkpt>
					<trkpt lat="50.129840" lon="5.721470">
						<ele>372</ele>
						<time>2026-05-21T16:16:22Z</time>
					</trkpt>
					<trkpt lat="50.130060" lon="5.721750">
						<ele>370</ele>
						<time>2026-05-21T16:16:36Z</time>
					</trkpt>
					<trkpt lat="50.130230" lon="5.721820">
						<ele>364</ele>
						<time>2026-05-21T16:16:45Z</time>
					</trkpt>
					<trkpt lat="50.130330" lon="5.721890">
						<ele>361</ele>
						<time>2026-05-21T16:16:50Z</time>
					</trkpt>
					<trkpt lat="50.130430" lon="5.721780">
						<ele>359</ele>
						<time>2026-05-21T16:16:56Z</time>
					</trkpt>
					<trkpt lat="50.130420" lon="5.721580">
						<ele>359</ele>
						<time>2026-05-21T16:17:03Z</time>
					</trkpt>
					<trkpt lat="50.130530" lon="5.721330">
						<ele>353</ele>
						<time>2026-05-21T16:17:13Z</time>
					</trkpt>
					<trkpt lat="50.130670" lon="5.721230">
						<ele>347</ele>
						<time>2026-05-21T16:17:20Z</time>
					</trkpt>
					<trkpt lat="50.130940" lon="5.721230">
						<ele>340</ele>
						<time>2026-05-21T16:17:34Z</time>
					</trkpt>
					<trkpt lat="50.131080" lon="5.721330">
						<ele>338</ele>
						<time>2026-05-21T16:17:41Z</time>
					</trkpt>
					<trkpt lat="50.130940" lon="5.720980">
						<ele>338</ele>
						<time>2026-05-21T16:17:55Z</time>
					</trkpt>
					<trkpt lat="50.131120" lon="5.720950">
						<ele>336</ele>
						<time>2026-05-21T16:18:04Z</time>
					</trkpt>
					<trkpt lat="50.131030" lon="5.720760">
						<ele>336</ele>
						<time>2026-05-21T16:18:11Z</time>
					</trkpt>
					<trkpt lat="50.131170" lon="5.720810">
						<ele>335</ele>
						<time>2026-05-21T16:18:19Z</time>
					</trkpt>
					<trkpt lat="50.131120" lon="5.720670">
						<ele>336</ele>
						<time>2026-05-21T16:18:24Z</time>
					</trkpt>
					<trkpt lat="50.131220" lon="5.720730">
						<ele>335</ele>
						<time>2026-05-21T16:18:29Z</time>
					</trkpt>
					<trkpt lat="50.131420" lon="5.720460">
						<ele>338</ele>
						<time>2026-05-21T16:18:42Z</time>
					</trkpt>
					<trkpt lat="50.131620" lon="5.720370">
						<ele>340</ele>
						<time>2026-05-21T16:18:53Z</time>
					</trkpt>
					<trkpt lat="50.132060" lon="5.720410">
						<ele>342</ele>
						<time>2026-05-21T16:19:15Z</time>
					</trkpt>
					<trkpt lat="50.132520" lon="5.720820">
						<ele>338</ele>
						<time>2026-05-21T16:19:41Z</time>
					</trkpt>
					<trkpt lat="50.132750" lon="5.720860">
						<ele>337</ele>
						<time>2026-05-21T16:19:53Z</time>
					</trkpt>
					<trkpt lat="50.133100" lon="5.720800">
						<ele>339</ele>
						<time>2026-05-21T16:20:10Z</time>
					</trkpt>
					<trkpt lat="50.133220" lon="5.720820">
						<ele>338</ele>
						<time>2026-05-21T16:20:17Z</time>
					</trkpt>
					<trkpt lat="50.133360" lon="5.720900">
						<ele>337</ele>
						<time>2026-05-21T16:20:24Z</time>
					</trkpt>
					<trkpt lat="50.133380" lon="5.720810">
						<ele>338</ele>
						<time>2026-05-21T16:20:27Z</time>
					</trkpt>
					<trkpt lat="50.133430" lon="5.720800">
						<ele>338</ele>
						<time>2026-05-21T16:20:30Z</time>
					</trkpt>
					<trkpt lat="50.133490" lon="5.720750">
						<ele>339</ele>
						<time>2026-05-21T16:20:33Z</time>
					</trkpt>
					<trkpt lat="50.133550" lon="5.720740">
						<ele>339</ele>
						<time>2026-05-21T16:20:36Z</time>
					</trkpt>
					<trkpt lat="50.133680" lon="5.720770">
						<ele>338</ele>
						<time>2026-05-21T16:20:43Z</time>
					</trkpt>
					<trkpt lat="50.133970" lon="5.720680">
						<ele>339</ele>
						<time>2026-05-21T16:20:57Z</time>
					</trkpt>
					<trkpt lat="50.134040" lon="5.720620">
						<ele>340</ele>
						<time>2026-05-21T16:21:01Z</time>
					</trkpt>
					<trkpt lat="50.134190" lon="5.720550">
						<ele>341</ele>
						<time>2026-05-21T16:21:09Z</time>
					</trkpt>
					<trkpt lat="50.134540" lon="5.720490">
						<ele>340</ele>
						<time>2026-05-21T16:21:27Z</time>
					</trkpt>
					<trkpt lat="50.134850" lon="5.720540">
						<ele>337</ele>
						<time>2026-05-21T16:21:42Z</time>
					</trkpt>
					<trkpt lat="50.135170" lon="5.720490">
						<ele>335</ele>
						<time>2026-05-21T16:21:58Z</time>
					</trkpt>
					<trkpt lat="50.135420" lon="5.720510">
						<ele>331</ele>
						<time>2026-05-21T16:22:11Z</time>
					</trkpt>
					<trkpt lat="50.135790" lon="5.720440">
						<ele>328</ele>
						<time>2026-05-21T16:22:30Z</time>
					</trkpt>
					<trkpt lat="50.135860" lon="5.720400">
						<ele>327</ele>
						<time>2026-05-21T16:22:33Z</time>
					</trkpt>
					<trkpt lat="50.135910" lon="5.720060">
						<ele>332</ele>
						<time>2026-05-21T16:22:45Z</time>
					</trkpt>
					<trkpt lat="50.135850" lon="5.719570">
						<ele>333</ele>
						<time>2026-05-21T16:23:01Z</time>
					</trkpt>
					<trkpt lat="50.135860" lon="5.719460">
						<ele>332</ele>
						<time>2026-05-21T16:23:04Z</time>
					</trkpt>
					<trkpt lat="50.135720" lon="5.719190">
						<ele>337</ele>
						<time>2026-05-21T16:23:15Z</time>
					</trkpt>
					<trkpt lat="50.135590" lon="5.719000">
						<ele>342</ele>
						<time>2026-05-21T16:23:24Z</time>
					</trkpt>
					<trkpt lat="50.135470" lon="5.718740">
						<ele>347</ele>
						<time>2026-05-21T16:23:34Z</time>
					</trkpt>
					<trkpt lat="50.135410" lon="5.718290">
						<ele>350</ele>
						<time>2026-05-21T16:23:49Z</time>
					</trkpt>
					<trkpt lat="50.135310" lon="5.716890">
						<ele>360</ele>
						<time>2026-05-21T16:24:34Z</time>
					</trkpt>
					<trkpt lat="50.135240" lon="5.716430">
						<ele>362</ele>
						<time>2026-05-21T16:24:50Z</time>
					</trkpt>
					<trkpt lat="50.135140" lon="5.716140">
						<ele>364</ele>
						<time>2026-05-21T16:25:00Z</time>
					</trkpt>
					<trkpt lat="50.134990" lon="5.716070">
						<ele>369</ele>
						<time>2026-05-21T16:25:08Z</time>
					</trkpt>
					<trkpt lat="50.134860" lon="5.716100">
						<ele>370</ele>
						<time>2026-05-21T16:25:15Z</time>
					</trkpt>
					<trkpt lat="50.134450" lon="5.716110">
						<ele>372</ele>
						<time>2026-05-21T16:25:35Z</time>
					</trkpt>
					<trkpt lat="50.134300" lon="5.716250">
						<ele>376</ele>
						<time>2026-05-21T16:25:44Z</time>
					</trkpt>
					<trkpt lat="50.133880" lon="5.716480">
						<ele>383</ele>
						<time>2026-05-21T16:26:06Z</time>
					</trkpt>
					<trkpt lat="50.133610" lon="5.716600">
						<ele>388</ele>
						<time>2026-05-21T16:26:20Z</time>
					</trkpt>
					<trkpt lat="50.133220" lon="5.716750">
						<ele>392</ele>
						<time>2026-05-21T16:26:40Z</time>
					</trkpt>
					<trkpt lat="50.132620" lon="5.716850">
						<ele>395</ele>
						<time>2026-05-21T16:27:10Z</time>
					</trkpt>
					<trkpt lat="50.132430" lon="5.716790">
						<ele>395</ele>
						<time>2026-05-21T16:27:20Z</time>
					</trkpt>
					<trkpt lat="50.132150" lon="5.716480">
						<ele>395</ele>
						<time>2026-05-21T16:27:37Z</time>
					</trkpt>
					<trkpt lat="50.131810" lon="5.716300">
						<ele>396</ele>
						<time>2026-05-21T16:27:55Z</time>
					</trkpt>
					<trkpt lat="50.131840" lon="5.715990">
						<ele>396</ele>
						<time>2026-05-21T16:28:05Z</time>
					</trkpt>
					<trkpt lat="50.131770" lon="5.715540">
						<ele>396</ele>
						<time>2026-05-21T16:28:20Z</time>
					</trkpt>
					<trkpt lat="50.131690" lon="5.715290">
						<ele>398</ele>
						<time>2026-05-21T16:28:29Z</time>
					</trkpt>
					<trkpt lat="50.131320" lon="5.714450">
						<ele>399</ele>
						<time>2026-05-21T16:29:02Z</time>
					</trkpt>
					<trkpt lat="50.131150" lon="5.713950">
						<ele>398</ele>
						<time>2026-05-21T16:29:20Z</time>
					</trkpt>
					<trkpt lat="50.131000" lon="5.713600">
						<ele>397</ele>
						<time>2026-05-21T16:29:34Z</time>
					</trkpt>
					<trkpt lat="50.130990" lon="5.713440">
						<ele>396</ele>
						<time>2026-05-21T16:29:39Z</time>
					</trkpt>
					<trkpt lat="50.130910" lon="5.713090">
						<ele>394</ele>
						<time>2026-05-21T16:29:51Z</time>
					</trkpt>
					<trkpt lat="50.130740" lon="5.711320">
						<ele>389</ele>
						<time>2026-05-21T16:30:48Z</time>
					</trkpt>
					<trkpt lat="50.130720" lon="5.710890">
						<ele>388</ele>
						<time>2026-05-21T16:31:02Z</time>
					</trkpt>
					<trkpt lat="50.130640" lon="5.710700">
						<ele>390</ele>
						<time>2026-05-21T16:31:09Z</time>
					</trkpt>
					<trkpt lat="50.130550" lon="5.710160">
						<ele>394</ele>
						<time>2026-05-21T16:31:27Z</time>
					</trkpt>
					<trkpt lat="50.130030" lon="5.708790">
						<ele>403</ele>
						<time>2026-05-21T16:32:18Z</time>
					</trkpt>
					<trkpt lat="50.130140" lon="5.708640">
						<ele>402</ele>
						<time>2026-05-21T16:32:25Z</time>
					</trkpt>
					<trkpt lat="50.130150" lon="5.708530">
						<ele>402</ele>
						<time>2026-05-21T16:32:29Z</time>
					</trkpt>
					<trkpt lat="50.130270" lon="5.708560">
						<ele>400</ele>
						<time>2026-05-21T16:32:35Z</time>
					</trkpt>
					<trkpt lat="50.130470" lon="5.708530">
						<ele>398</ele>
						<time>2026-05-21T16:32:45Z</time>
					</trkpt>
					<trkpt lat="50.130630" lon="5.708390">
						<ele>397</ele>
						<time>2026-05-21T16:32:54Z</time>
					</trkpt>
					<trkpt lat="50.130760" lon="5.708220">
						<ele>395</ele>
						<time>2026-05-21T16:33:03Z</time>
					</trkpt>
					<trkpt lat="50.131040" lon="5.707700">
						<ele>391</ele>
						<time>2026-05-21T16:33:25Z</time>
					</trkpt>
					<trkpt lat="50.131370" lon="5.707220">
						<ele>385</ele>
						<time>2026-05-21T16:33:47Z</time>
					</trkpt>
					<trkpt lat="50.131480" lon="5.707020">
						<ele>382</ele>
						<time>2026-05-21T16:33:56Z</time>
					</trkpt>
					<trkpt lat="50.131580" lon="5.706450">
						<ele>379</ele>
						<time>2026-05-21T16:34:15Z</time>
					</trkpt>
					<trkpt lat="50.131620" lon="5.705800">
						<ele>377</ele>
						<time>2026-05-21T16:34:36Z</time>
					</trkpt>
					<trkpt lat="50.131470" lon="5.704850">
						<ele>378</ele>
						<time>2026-05-21T16:35:07Z</time>
					</trkpt>
					<trkpt lat="50.131660" lon="5.704710">
						<ele>371</ele>
						<time>2026-05-21T16:35:17Z</time>
					</trkpt>
					<trkpt lat="50.131930" lon="5.704720">
						<ele>366</ele>
						<time>2026-05-21T16:35:31Z</time>
					</trkpt>
					<trkpt lat="50.132640" lon="5.704890">
						<ele>353</ele>
						<time>2026-05-21T16:36:07Z</time>
					</trkpt>
					<trkpt lat="50.132830" lon="5.704860">
						<ele>346</ele>
						<time>2026-05-21T16:36:16Z</time>
					</trkpt>
					<trkpt lat="50.133120" lon="5.704390">
						<ele>332</ele>
						<time>2026-05-21T16:36:37Z</time>
					</trkpt>
					<trkpt lat="50.133230" lon="5.704340">
						<ele>328</ele>
						<time>2026-05-21T16:36:43Z</time>
					</trkpt>
					<trkpt lat="50.133430" lon="5.704330">
						<ele>322</ele>
						<time>2026-05-21T16:36:53Z</time>
					</trkpt>
					<trkpt lat="50.133490" lon="5.704440">
						<ele>322</ele>
						<time>2026-05-21T16:36:58Z</time>
					</trkpt>
					<trkpt lat="50.133510" lon="5.704620">
						<ele>323</ele>
						<time>2026-05-21T16:37:04Z</time>
					</trkpt>
					<trkpt lat="50.133320" lon="5.705330">
						<ele>330</ele>
						<time>2026-05-21T16:37:28Z</time>
					</trkpt>
					<trkpt lat="50.133340" lon="5.706000">
						<ele>325</ele>
						<time>2026-05-21T16:37:50Z</time>
					</trkpt>
					<trkpt lat="50.133220" lon="5.706380">
						<ele>327</ele>
						<time>2026-05-21T16:38:03Z</time>
					</trkpt>
					<trkpt lat="50.133440" lon="5.706560">
						<ele>320</ele>
						<time>2026-05-21T16:38:16Z</time>
					</trkpt>
					<trkpt lat="50.133690" lon="5.706520">
						<ele>317</ele>
						<time>2026-05-21T16:38:28Z</time>
					</trkpt>
					<trkpt lat="50.133910" lon="5.706280">
						<ele>316</ele>
						<time>2026-05-21T16:38:42Z</time>
					</trkpt>
					<trkpt lat="50.134020" lon="5.706100">
						<ele>315</ele>
						<time>2026-05-21T16:38:50Z</time>
					</trkpt>
					<trkpt lat="50.134260" lon="5.704720">
						<ele>306</ele>
						<time>2026-05-21T16:39:36Z</time>
					</trkpt>
					<trkpt lat="50.134480" lon="5.703940">
						<ele>299</ele>
						<time>2026-05-21T16:40:03Z</time>
					</trkpt>
					<trkpt lat="50.134190" lon="5.703140">
						<ele>295</ele>
						<time>2026-05-21T16:40:32Z</time>
					</trkpt>
					<trkpt lat="50.133790" lon="5.702390">
						<ele>298</ele>
						<time>2026-05-21T16:41:04Z</time>
					</trkpt>
					<trkpt lat="50.133400" lon="5.702120">
						<ele>298</ele>
						<time>2026-05-21T16:41:25Z</time>
					</trkpt>
					<trkpt lat="50.133120" lon="5.702010">
						<ele>298</ele>
						<time>2026-05-21T16:41:40Z</time>
					</trkpt>
					<trkpt lat="50.132830" lon="5.702020">
						<ele>299</ele>
						<time>2026-05-21T16:41:54Z</time>
					</trkpt>
					<trkpt lat="50.132520" lon="5.701980">
						<ele>299</ele>
						<time>2026-05-21T16:42:10Z</time>
					</trkpt>
					<trkpt lat="50.132090" lon="5.702080">
						<ele>309</ele>
						<time>2026-05-21T16:42:31Z</time>
					</trkpt>
					<trkpt lat="50.131860" lon="5.701970">
						<ele>312</ele>
						<time>2026-05-21T16:42:43Z</time>
					</trkpt>
					<trkpt lat="50.131540" lon="5.701570">
						<ele>318</ele>
						<time>2026-05-21T16:43:04Z</time>
					</trkpt>
					<trkpt lat="50.131430" lon="5.701240">
						<ele>324</ele>
						<time>2026-05-21T16:43:16Z</time>
					</trkpt>
					<trkpt lat="50.131440" lon="5.700540">
						<ele>324</ele>
						<time>2026-05-21T16:43:38Z</time>
					</trkpt>
					<trkpt lat="50.131520" lon="5.699950">
						<ele>324</ele>
						<time>2026-05-21T16:43:58Z</time>
					</trkpt>
					<trkpt lat="50.131730" lon="5.699500">
						<ele>322</ele>
						<time>2026-05-21T16:44:16Z</time>
					</trkpt>
					<trkpt lat="50.132030" lon="5.699060">
						<ele>317</ele>
						<time>2026-05-21T16:44:36Z</time>
					</trkpt>
					<trkpt lat="50.132390" lon="5.698400">
						<ele>308</ele>
						<time>2026-05-21T16:45:04Z</time>
					</trkpt>
					<trkpt lat="50.132670" lon="5.697780">
						<ele>309</ele>
						<time>2026-05-21T16:45:28Z</time>
					</trkpt>
					<trkpt lat="50.132940" lon="5.697290">
						<ele>306</ele>
						<time>2026-05-21T16:45:49Z</time>
					</trkpt>
					<trkpt lat="50.133180" lon="5.696650">
						<ele>300</ele>
						<time>2026-05-21T16:46:13Z</time>
					</trkpt>
					<trkpt lat="50.133330" lon="5.696170">
						<ele>295</ele>
						<time>2026-05-21T16:46:30Z</time>
					</trkpt>
					<trkpt lat="50.133390" lon="5.695440">
						<ele>295</ele>
						<time>2026-05-21T16:46:54Z</time>
					</trkpt>
					<trkpt lat="50.133210" lon="5.694210">
						<ele>293</ele>
						<time>2026-05-21T16:47:34Z</time>
					</trkpt>
					<trkpt lat="50.133050" lon="5.693890">
						<ele>295</ele>
						<time>2026-05-21T16:47:47Z</time>
					</trkpt>
					<trkpt lat="50.132950" lon="5.693750">
						<ele>296</ele>
						<time>2026-05-21T16:47:54Z</time>
					</trkpt>
					<trkpt lat="50.132800" lon="5.693630">
						<ele>297</ele>
						<time>2026-05-21T16:48:02Z</time>
					</trkpt>
					<trkpt lat="50.132550" lon="5.693360">
						<ele>297</ele>
						<time>2026-05-21T16:48:17Z</time>
					</trkpt>
					<trkpt lat="50.132130" lon="5.693270">
						<ele>302</ele>
						<time>2026-05-21T16:48:39Z</time>
					</trkpt>
					<trkpt lat="50.131830" lon="5.693290">
						<ele>306</ele>
						<time>2026-05-21T16:48:54Z</time>
					</trkpt>
					<trkpt lat="50.131630" lon="5.693380">
						<ele>309</ele>
						<time>2026-05-21T16:49:04Z</time>
					</trkpt>
					<trkpt lat="50.131420" lon="5.693620">
						<ele>312</ele>
						<time>2026-05-21T16:49:17Z</time>
					</trkpt>
					<trkpt lat="50.130930" lon="5.692810">
						<ele>303</ele>
						<time>2026-05-21T16:49:53Z</time>
					</trkpt>
					<trkpt lat="50.130790" lon="5.692690">
						<ele>302</ele>
						<time>2026-05-21T16:50:01Z</time>
					</trkpt>
					<trkpt lat="50.130270" lon="5.692370">
						<ele>296</ele>
						<time>2026-05-21T16:50:29Z</time>
					</trkpt>
					<trkpt lat="50.129780" lon="5.692500">
						<ele>293</ele>
						<time>2026-05-21T16:50:54Z</time>
					</trkpt>
					<trkpt lat="50.129420" lon="5.692720">
						<ele>293</ele>
						<time>2026-05-21T16:51:13Z</time>
					</trkpt>
					<trkpt lat="50.128930" lon="5.693190">
						<ele>295</ele>
						<time>2026-05-21T16:51:42Z</time>
					</trkpt>
					<trkpt lat="50.128480" lon="5.693340">
						<ele>293</ele>
						<time>2026-05-21T16:52:05Z</time>
					</trkpt>
					<trkpt lat="50.128240" lon="5.693490">
						<ele>296</ele>
						<time>2026-05-21T16:52:18Z</time>
					</trkpt>
					<trkpt lat="50.128070" lon="5.693550">
						<ele>297</ele>
						<time>2026-05-21T16:52:26Z</time>
					</trkpt>
					<trkpt lat="50.127530" lon="5.693570">
						<ele>298</ele>
						<time>2026-05-21T16:52:54Z</time>
					</trkpt>
					<trkpt lat="50.126860" lon="5.693560">
						<ele>296</ele>
						<time>2026-05-21T16:53:27Z</time>
					</trkpt>
					<trkpt lat="50.126270" lon="5.693330">
						<ele>294</ele>
						<time>2026-05-21T16:53:57Z</time>
					</trkpt>
					<trkpt lat="50.126170" lon="5.693460">
						<ele>297</ele>
						<time>2026-05-21T16:54:04Z</time>
					</trkpt>
					<trkpt lat="50.126070" lon="5.693450">
						<ele>297</ele>
						<time>2026-05-21T16:54:09Z</time>
					</trkpt>
					<trkpt lat="50.126030" lon="5.693300">
						<ele>295</ele>
						<time>2026-05-21T16:54:14Z</time>
					</trkpt>
					<trkpt lat="50.125600" lon="5.692900">
						<ele>299</ele>
						<time>2026-05-21T16:54:39Z</time>
					</trkpt>
					<trkpt lat="50.125410" lon="5.692680">
						<ele>302</ele>
						<time>2026-05-21T16:54:51Z</time>
					</trkpt>
					<trkpt lat="50.125110" lon="5.692220">
						<ele>303</ele>
						<time>2026-05-21T16:55:12Z</time>
					</trkpt>
					<trkpt lat="50.125030" lon="5.692140">
						<ele>303</ele>
						<time>2026-05-21T16:55:17Z</time>
					</trkpt>
					<trkpt lat="50.124920" lon="5.691840">
						<ele>302</ele>
						<time>2026-05-21T16:55:28Z</time>
					</trkpt>
					<trkpt lat="50.124690" lon="5.691030">
						<ele>304</ele>
						<time>2026-05-21T16:55:56Z</time>
					</trkpt>
					<trkpt lat="50.124670" lon="5.690750">
						<ele>303</ele>
						<time>2026-05-21T16:56:05Z</time>
					</trkpt>
					<trkpt lat="50.124630" lon="5.690670">
						<ele>304</ele>
						<time>2026-05-21T16:56:09Z</time>
					</trkpt>
					<trkpt lat="50.124610" lon="5.690400">
						<ele>305</ele>
						<time>2026-05-21T16:56:17Z</time>
					</trkpt>
					<trkpt lat="50.124640" lon="5.690160">
						<ele>304</ele>
						<time>2026-05-21T16:56:25Z</time>
					</trkpt>
					<trkpt lat="50.124610" lon="5.689990">
						<ele>305</ele>
						<time>2026-05-21T16:56:31Z</time>
					</trkpt>
					<trkpt lat="50.124650" lon="5.689410">
						<ele>304</ele>
						<time>2026-05-21T16:56:50Z</time>
					</trkpt>
					<trkpt lat="50.124610" lon="5.688740">
						<ele>309</ele>
						<time>2026-05-21T16:57:11Z</time>
					</trkpt>
					<trkpt lat="50.124640" lon="5.688370">
						<ele>310</ele>
						<time>2026-05-21T16:57:23Z</time>
					</trkpt>
					<trkpt lat="50.124850" lon="5.687910">
						<ele>307</ele>
						<time>2026-05-21T16:57:41Z</time>
					</trkpt>
					<trkpt lat="50.124870" lon="5.687730">
						<ele>309</ele>
						<time>2026-05-21T16:57:47Z</time>
					</trkpt>
					<trkpt lat="50.125300" lon="5.686820">
						<ele>311</ele>
						<time>2026-05-21T16:58:23Z</time>
					</trkpt>
					<trkpt lat="50.125780" lon="5.686180">
						<ele>309</ele>
						<time>2026-05-21T16:58:55Z</time>
					</trkpt>
					<trkpt lat="50.125970" lon="5.686030">
						<ele>309</ele>
						<time>2026-05-21T16:59:06Z</time>
					</trkpt>
					<trkpt lat="50.126340" lon="5.685640">
						<ele>308</ele>
						<time>2026-05-21T16:59:28Z</time>
					</trkpt>
					<trkpt lat="50.126350" lon="5.685530">
						<ele>311</ele>
						<time>2026-05-21T16:59:32Z</time>
					</trkpt>
					<trkpt lat="50.126760" lon="5.685200">
						<ele>310</ele>
						<time>2026-05-21T16:59:55Z</time>
					</trkpt>
					<trkpt lat="50.127100" lon="5.685040">
						<ele>308</ele>
						<time>2026-05-21T17:00:12Z</time>
					</trkpt>
					<trkpt lat="50.127300" lon="5.684880">
						<ele>309</ele>
						<time>2026-05-21T17:00:24Z</time>
					</trkpt>
					<trkpt lat="50.127810" lon="5.684790">
						<ele>303</ele>
						<time>2026-05-21T17:00:49Z</time>
					</trkpt>
					<trkpt lat="50.128000" lon="5.684580">
						<ele>304</ele>
						<time>2026-05-21T17:01:01Z</time>
					</trkpt>
					<trkpt lat="50.128390" lon="5.684550">
						<ele>298</ele>
						<time>2026-05-21T17:01:21Z</time>
					</trkpt>
					<trkpt lat="50.128830" lon="5.684630">
						<ele>294</ele>
						<time>2026-05-21T17:01:43Z</time>
					</trkpt>
					<trkpt lat="50.128950" lon="5.684490">
						<ele>294</ele>
						<time>2026-05-21T17:01:50Z</time>
					</trkpt>
					<trkpt lat="50.129360" lon="5.683380">
						<ele>297</ele>
						<time>2026-05-21T17:02:31Z</time>
					</trkpt>
					<trkpt lat="50.129500" lon="5.682580">
						<ele>301</ele>
						<time>2026-05-21T17:02:58Z</time>
					</trkpt>
					<trkpt lat="50.129900" lon="5.681450">
						<ele>309</ele>
						<time>2026-05-21T17:03:39Z</time>
					</trkpt>
					<trkpt lat="50.130360" lon="5.680960">
						<ele>304</ele>
						<time>2026-05-21T17:04:07Z</time>
					</trkpt>
					<trkpt lat="50.130180" lon="5.680960">
						<ele>309</ele>
						<time>2026-05-21T17:04:16Z</time>
					</trkpt>
					<trkpt lat="50.130080" lon="5.680740">
						<ele>313</ele>
						<time>2026-05-21T17:04:25Z</time>
					</trkpt>
					<trkpt lat="50.130010" lon="5.680250">
						<ele>317</ele>
						<time>2026-05-21T17:04:41Z</time>
					</trkpt>
					<trkpt lat="50.130020" lon="5.680170">
						<ele>317</ele>
						<time>2026-05-21T17:04:44Z</time>
					</trkpt>
					<trkpt lat="50.129930" lon="5.680130">
						<ele>319</ele>
						<time>2026-05-21T17:04:48Z</time>
					</trkpt>
					<trkpt lat="50.129980" lon="5.679610">
						<ele>318</ele>
						<time>2026-05-21T17:05:05Z</time>
					</trkpt>
					<trkpt lat="50.129930" lon="5.679180">
						<ele>317</ele>
						<time>2026-05-21T17:05:19Z</time>
					</trkpt>
					<trkpt lat="50.129970" lon="5.678960">
						<ele>312</ele>
						<time>2026-05-21T17:05:27Z</time>
					</trkpt>
					<trkpt lat="50.130290" lon="5.678800">
						<ele>303</ele>
						<time>2026-05-21T17:05:43Z</time>
					</trkpt>
					<trkpt lat="50.130440" lon="5.678870">
						<ele>301</ele>
						<time>2026-05-21T17:05:51Z</time>
					</trkpt>
					<trkpt lat="50.130500" lon="5.678810">
						<ele>299</ele>
						<time>2026-05-21T17:05:55Z</time>
					</trkpt>
					<trkpt lat="50.129990" lon="5.678300">
						<ele>299</ele>
						<time>2026-05-21T17:06:25Z</time>
					</trkpt>
					<trkpt lat="50.129370" lon="5.678100">
						<ele>300</ele>
						<time>2026-05-21T17:06:57Z</time>
					</trkpt>
					<trkpt lat="50.129090" lon="5.677940">
						<ele>299</ele>
						<time>2026-05-21T17:07:12Z</time>
					</trkpt>
					<trkpt lat="50.128420" lon="5.677920">
						<ele>300</ele>
						<time>2026-05-21T17:07:45Z</time>
					</trkpt>
					<trkpt lat="50.128250" lon="5.677820">
						<ele>298</ele>
						<time>2026-05-21T17:07:54Z</time>
					</trkpt>
					<trkpt lat="50.128020" lon="5.677860">
						<ele>298</ele>
						<time>2026-05-21T17:08:06Z</time>
					</trkpt>
					<trkpt lat="50.127180" lon="5.678520">
						<ele>304</ele>
						<time>2026-05-21T17:08:53Z</time>
					</trkpt>
					<trkpt lat="50.126910" lon="5.678640">
						<ele>306</ele>
						<time>2026-05-21T17:09:07Z</time>
					</trkpt>
					<trkpt lat="50.126500" lon="5.678640">
						<ele>307</ele>
						<time>2026-05-21T17:09:28Z</time>
					</trkpt>
					<trkpt lat="50.126120" lon="5.678530">
						<ele>308</ele>
						<time>2026-05-21T17:09:47Z</time>
					</trkpt>
					<trkpt lat="50.125440" lon="5.677900">
						<ele>309</ele>
						<time>2026-05-21T17:10:26Z</time>
					</trkpt>
					<trkpt lat="50.125070" lon="5.677340">
						<ele>309</ele>
						<time>2026-05-21T17:10:52Z</time>
					</trkpt>
					<trkpt lat="50.124700" lon="5.676420">
						<ele>306</ele>
						<time>2026-05-21T17:11:27Z</time>
					</trkpt>
					<trkpt lat="50.124540" lon="5.675810">
						<ele>305</ele>
						<time>2026-05-21T17:11:48Z</time>
					</trkpt>
					<trkpt lat="50.124450" lon="5.675350">
						<ele>306</ele>
						<time>2026-05-21T17:12:04Z</time>
					</trkpt>
					<trkpt lat="50.124460" lon="5.675060">
						<ele>304</ele>
						<time>2026-05-21T17:12:13Z</time>
					</trkpt>
					<trkpt lat="50.124410" lon="5.674750">
						<ele>303</ele>
						<time>2026-05-21T17:12:23Z</time>
					</trkpt>
					<trkpt lat="50.124440" lon="5.673340">
						<ele>300</ele>
						<time>2026-05-21T17:13:09Z</time>
					</trkpt>
					<trkpt lat="50.124490" lon="5.672880">
						<ele>300</ele>
						<time>2026-05-21T17:13:23Z</time>
					</trkpt>
					<trkpt lat="50.124330" lon="5.672300">
						<ele>299</ele>
						<time>2026-05-21T17:13:44Z</time>
					</trkpt>
					<trkpt lat="50.124090" lon="5.671870">
						<ele>293</ele>
						<time>2026-05-21T17:14:02Z</time>
					</trkpt>
					<trkpt lat="50.123970" lon="5.671910">
						<ele>294</ele>
						<time>2026-05-21T17:14:08Z</time>
					</trkpt>
					<trkpt lat="50.123190" lon="5.671780">
						<ele>294</ele>
						<time>2026-05-21T17:14:47Z</time>
					</trkpt>
					<trkpt lat="50.122790" lon="5.671820">
						<ele>296</ele>
						<time>2026-05-21T17:15:07Z</time>
					</trkpt>
					<trkpt lat="50.122300" lon="5.671990">
						<ele>300</ele>
						<time>2026-05-21T17:15:33Z</time>
					</trkpt>
					<trkpt lat="50.122090" lon="5.672220">
						<ele>304</ele>
						<time>2026-05-21T17:15:45Z</time>
					</trkpt>
					<trkpt lat="50.121630" lon="5.672420">
						<ele>302</ele>
						<time>2026-05-21T17:16:09Z</time>
					</trkpt>
					<trkpt lat="50.119650" lon="5.672420">
						<ele>290</ele>
						<time>2026-05-21T17:17:48Z</time>
					</trkpt>
					<trkpt lat="50.118890" lon="5.672590">
						<ele>291</ele>
						<time>2026-05-21T17:18:27Z</time>
					</trkpt>
					<trkpt lat="50.118730" lon="5.672650">
						<ele>292</ele>
						<time>2026-05-21T17:18:35Z</time>
					</trkpt>
					<trkpt lat="50.118450" lon="5.672920">
						<ele>293</ele>
						<time>2026-05-21T17:18:52Z</time>
					</trkpt>
					<trkpt lat="50.117960" lon="5.673600">
						<ele>294</ele>
						<time>2026-05-21T17:19:24Z</time>
					</trkpt>
					<trkpt lat="50.117620" lon="5.674020">
						<ele>291</ele>
						<time>2026-05-21T17:19:46Z</time>
					</trkpt>
					<trkpt lat="50.117300" lon="5.674610">
						<ele>295</ele>
						<time>2026-05-21T17:20:11Z</time>
					</trkpt>
					<trkpt lat="50.117160" lon="5.673720">
						<ele>290</ele>
						<time>2026-05-21T17:20:40Z</time>
					</trkpt>
					<trkpt lat="50.117280" lon="5.673630">
						<ele>290</ele>
						<time>2026-05-21T17:20:47Z</time>
					</trkpt>
					<trkpt lat="50.117870" lon="5.672790">
						<ele>296</ele>
						<time>2026-05-21T17:21:27Z</time>
					</trkpt>
					<trkpt lat="50.118720" lon="5.672010">
						<ele>304</ele>
						<time>2026-05-21T17:22:16Z</time>
					</trkpt>
					<trkpt lat="50.119160" lon="5.671860">
						<ele>302</ele>
						<time>2026-05-21T17:22:39Z</time>
					</trkpt>
					<trkpt lat="50.119600" lon="5.671870">
						<ele>300</ele>
						<time>2026-05-21T17:23:01Z</time>
					</trkpt>
					<trkpt lat="50.120400" lon="5.671670">
						<ele>298</ele>
						<time>2026-05-21T17:23:41Z</time>
					</trkpt>
					<trkpt lat="50.121070" lon="5.671640">
						<ele>296</ele>
						<time>2026-05-21T17:24:15Z</time>
					</trkpt>
					<trkpt lat="50.121560" lon="5.671390">
						<ele>302</ele>
						<time>2026-05-21T17:24:41Z</time>
					</trkpt>
					<trkpt lat="50.122110" lon="5.671160">
						<ele>303</ele>
						<time>2026-05-21T17:25:09Z</time>
					</trkpt>
					<trkpt lat="50.122470" lon="5.670900">
						<ele>304</ele>
						<time>2026-05-21T17:25:29Z</time>
					</trkpt>
					<trkpt lat="50.122920" lon="5.670730">
						<ele>303</ele>
						<time>2026-05-21T17:25:52Z</time>
					</trkpt>
					<trkpt lat="50.123440" lon="5.670730">
						<ele>298</ele>
						<time>2026-05-21T17:26:18Z</time>
					</trkpt>
					<trkpt lat="50.123910" lon="5.670770">
						<ele>295</ele>
						<time>2026-05-21T17:26:42Z</time>
					</trkpt>
					<trkpt lat="50.124100" lon="5.670880">
						<ele>292</ele>
						<time>2026-05-21T17:26:52Z</time>
					</trkpt>
					<trkpt lat="50.124430" lon="5.670930">
						<ele>297</ele>
						<time>2026-05-21T17:27:09Z</time>
					</trkpt>
					<trkpt lat="50.124590" lon="5.671070">
						<ele>299</ele>
						<time>2026-05-21T17:27:18Z</time>
					</trkpt>
					<trkpt lat="50.124870" lon="5.671400">
						<ele>302</ele>
						<time>2026-05-21T17:27:35Z</time>
					</trkpt>
					<trkpt lat="50.125080" lon="5.672010">
						<ele>304</ele>
						<time>2026-05-21T17:27:58Z</time>
					</trkpt>
					<trkpt lat="50.125110" lon="5.672750">
						<ele>303</ele>
						<time>2026-05-21T17:28:21Z</time>
					</trkpt>
					<trkpt lat="50.125040" lon="5.673150">
						<ele>298</ele>
						<time>2026-05-21T17:28:35Z</time>
					</trkpt>
					<trkpt lat="50.125060" lon="5.673390">
						<ele>299</ele>
						<time>2026-05-21T17:28:42Z</time>
					</trkpt>
					<trkpt lat="50.125270" lon="5.673940">
						<ele>309</ele>
						<time>2026-05-21T17:29:03Z</time>
					</trkpt>
					<trkpt lat="50.125220" lon="5.674180">
						<ele>305</ele>
						<time>2026-05-21T17:29:11Z</time>
					</trkpt>
					<trkpt lat="50.125130" lon="5.674370">
						<ele>298</ele>
						<time>2026-05-21T17:29:19Z</time>
					</trkpt>
					<trkpt lat="50.125080" lon="5.674680">
						<ele>294</ele>
						<time>2026-05-21T17:29:29Z</time>
					</trkpt>
					<trkpt lat="50.125110" lon="5.675280">
						<ele>293</ele>
						<time>2026-05-21T17:29:48Z</time>
					</trkpt>
					<trkpt lat="50.125260" lon="5.675870">
						<ele>295</ele>
						<time>2026-05-21T17:30:09Z</time>
					</trkpt>
					<trkpt lat="50.125540" lon="5.676660">
						<ele>298</ele>
						<time>2026-05-21T17:30:37Z</time>
					</trkpt>
					<trkpt lat="50.125890" lon="5.677250">
						<ele>293</ele>
						<time>2026-05-21T17:31:03Z</time>
					</trkpt>
					<trkpt lat="50.126140" lon="5.677420">
						<ele>293</ele>
						<time>2026-05-21T17:31:17Z</time>
					</trkpt>
					<trkpt lat="50.126290" lon="5.677420">
						<ele>294</ele>
						<time>2026-05-21T17:31:24Z</time>
					</trkpt>
					<trkpt lat="50.126480" lon="5.677560">
						<ele>294</ele>
						<time>2026-05-21T17:31:35Z</time>
					</trkpt>
					<trkpt lat="50.126810" lon="5.677560">
						<ele>295</ele>
						<time>2026-05-21T17:31:51Z</time>
					</trkpt>
					<trkpt lat="50.127240" lon="5.677110">
						<ele>302</ele>
						<time>2026-05-21T17:32:17Z</time>
					</trkpt>
					<trkpt lat="50.127630" lon="5.677000">
						<ele>303</ele>
						<time>2026-05-21T17:32:37Z</time>
					</trkpt>
					<trkpt lat="50.127940" lon="5.676560">
						<ele>311</ele>
						<time>2026-05-21T17:32:58Z</time>
					</trkpt>
					<trkpt lat="50.128120" lon="5.676550">
						<ele>310</ele>
						<time>2026-05-21T17:33:07Z</time>
					</trkpt>
					<trkpt lat="50.128300" lon="5.676360">
						<ele>316</ele>
						<time>2026-05-21T17:33:18Z</time>
					</trkpt>
					<trkpt lat="50.128890" lon="5.676510">
						<ele>310</ele>
						<time>2026-05-21T17:33:48Z</time>
					</trkpt>
					<trkpt lat="50.129100" lon="5.676460">
						<ele>312</ele>
						<time>2026-05-21T17:33:59Z</time>
					</trkpt>
					<trkpt lat="50.129240" lon="5.676320">
						<ele>317</ele>
						<time>2026-05-21T17:34:07Z</time>
					</trkpt>
					<trkpt lat="50.129440" lon="5.676360">
						<ele>316</ele>
						<time>2026-05-21T17:34:17Z</time>
					</trkpt>
					<trkpt lat="50.129440" lon="5.676490">
						<ele>312</ele>
						<time>2026-05-21T17:34:21Z</time>
					</trkpt>
					<trkpt lat="50.129720" lon="5.676650">
						<ele>307</ele>
						<time>2026-05-21T17:34:36Z</time>
					</trkpt>
					<trkpt lat="50.130110" lon="5.676770">
						<ele>305</ele>
						<time>2026-05-21T17:34:56Z</time>
					</trkpt>
					<trkpt lat="50.130190" lon="5.676890">
						<ele>302</ele>
						<time>2026-05-21T17:35:02Z</time>
					</trkpt>
					<trkpt lat="50.130510" lon="5.677070">
						<ele>298</ele>
						<time>2026-05-21T17:35:19Z</time>
					</trkpt>
					<trkpt lat="50.131140" lon="5.677260">
						<ele>293</ele>
						<time>2026-05-21T17:35:51Z</time>
					</trkpt>
					<trkpt lat="50.131550" lon="5.677230">
						<ele>293</ele>
						<time>2026-05-21T17:36:11Z</time>
					</trkpt>
					<trkpt lat="50.131820" lon="5.677310">
						<ele>291</ele>
						<time>2026-05-21T17:36:25Z</time>
					</trkpt>
					<trkpt lat="50.132100" lon="5.677190">
						<ele>291</ele>
						<time>2026-05-21T17:36:39Z</time>
					</trkpt>
					<trkpt lat="50.132620" lon="5.677170">
						<ele>289</ele>
						<time>2026-05-21T17:37:06Z</time>
					</trkpt>
					<trkpt lat="50.132920" lon="5.676960">
						<ele>292</ele>
						<time>2026-05-21T17:37:22Z</time>
					</trkpt>
					<trkpt lat="50.133210" lon="5.676940">
						<ele>292</ele>
						<time>2026-05-21T17:37:37Z</time>
					</trkpt>
					<trkpt lat="50.133410" lon="5.677020">
						<ele>292</ele>
						<time>2026-05-21T17:37:47Z</time>
					</trkpt>
					<trkpt lat="50.133830" lon="5.676720">
						<ele>301</ele>
						<time>2026-05-21T17:38:10Z</time>
					</trkpt>
					<trkpt lat="50.134240" lon="5.676730">
						<ele>305</ele>
						<time>2026-05-21T17:38:30Z</time>
					</trkpt>
					<trkpt lat="50.134450" lon="5.676710">
						<ele>307</ele>
						<time>2026-05-21T17:38:41Z</time>
					</trkpt>
					<trkpt lat="50.134740" lon="5.676760">
						<ele>308</ele>
						<time>2026-05-21T17:38:56Z</time>
					</trkpt>
					<trkpt lat="50.135550" lon="5.677380">
						<ele>303</ele>
						<time>2026-05-21T17:39:41Z</time>
					</trkpt>
					<trkpt lat="50.135530" lon="5.676990">
						<ele>309</ele>
						<time>2026-05-21T17:39:53Z</time>
					</trkpt>
					<trkpt lat="50.135590" lon="5.676920">
						<ele>310</ele>
						<time>2026-05-21T17:39:57Z</time>
					</trkpt>
					<trkpt lat="50.136010" lon="5.676810">
						<ele>310</ele>
						<time>2026-05-21T17:40:18Z</time>
					</trkpt>
					<trkpt lat="50.136120" lon="5.676720">
						<ele>308</ele>
						<time>2026-05-21T17:40:25Z</time>
					</trkpt>
					<trkpt lat="50.136170" lon="5.676520">
						<ele>307</ele>
						<time>2026-05-21T17:40:31Z</time>
					</trkpt>
					<trkpt lat="50.136190" lon="5.676220">
						<ele>306</ele>
						<time>2026-05-21T17:40:41Z</time>
					</trkpt>
					<trkpt lat="50.136170" lon="5.675960">
						<ele>306</ele>
						<time>2026-05-21T17:40:50Z</time>
					</trkpt>
					<trkpt lat="50.136230" lon="5.675130">
						<ele>299</ele>
						<time>2026-05-21T17:41:16Z</time>
					</trkpt>
					<trkpt lat="50.135970" lon="5.674900">
						<ele>303</ele>
						<time>2026-05-21T17:41:31Z</time>
					</trkpt>
					<trkpt lat="50.135070" lon="5.673710">
						<ele>321</ele>
						<time>2026-05-21T17:42:30Z</time>
					</trkpt>
					<trkpt lat="50.134750" lon="5.672800">
						<ele>327</ele>
						<time>2026-05-21T17:43:04Z</time>
					</trkpt>
					<trkpt lat="50.134690" lon="5.672110">
						<ele>331</ele>
						<time>2026-05-21T17:43:26Z</time>
					</trkpt>
					<trkpt lat="50.134700" lon="5.671480">
						<ele>334</ele>
						<time>2026-05-21T17:43:46Z</time>
					</trkpt>
					<trkpt lat="50.134780" lon="5.671010">
						<ele>335</ele>
						<time>2026-05-21T17:44:02Z</time>
					</trkpt>
					<trkpt lat="50.134570" lon="5.671170">
						<ele>343</ele>
						<time>2026-05-21T17:44:13Z</time>
					</trkpt>
					<trkpt lat="50.134640" lon="5.670770">
						<ele>344</ele>
						<time>2026-05-21T17:44:27Z</time>
					</trkpt>
					<trkpt lat="50.134560" lon="5.670850">
						<ele>346</ele>
						<time>2026-05-21T17:44:32Z</time>
					</trkpt>
					<trkpt lat="50.134450" lon="5.671120">
						<ele>349</ele>
						<time>2026-05-21T17:44:42Z</time>
					</trkpt>
					<trkpt lat="50.134430" lon="5.671030">
						<ele>350</ele>
						<time>2026-05-21T17:44:45Z</time>
					</trkpt>
					<trkpt lat="50.134590" lon="5.670250">
						<ele>353</ele>
						<time>2026-05-21T17:45:11Z</time>
					</trkpt>
					<trkpt lat="50.134730" lon="5.669770">
						<ele>352</ele>
						<time>2026-05-21T17:45:28Z</time>
					</trkpt>
					<trkpt lat="50.134860" lon="5.669540">
						<ele>349</ele>
						<time>2026-05-21T17:45:38Z</time>
					</trkpt>
					<trkpt lat="50.134920" lon="5.669330">
						<ele>349</ele>
						<time>2026-05-21T17:45:45Z</time>
					</trkpt>
					<trkpt lat="50.134990" lon="5.669210">
						<ele>348</ele>
						<time>2026-05-21T17:45:50Z</time>
					</trkpt>
					<trkpt lat="50.135310" lon="5.668960">
						<ele>333</ele>
						<time>2026-05-21T17:46:08Z</time>
					</trkpt>
					<trkpt lat="50.135310" lon="5.668780">
						<ele>332</ele>
						<time>2026-05-21T17:46:14Z</time>
					</trkpt>
					<trkpt lat="50.135170" lon="5.668090">
						<ele>331</ele>
						<time>2026-05-21T17:46:37Z</time>
					</trkpt>
					<trkpt lat="50.135240" lon="5.668140">
						<ele>329</ele>
						<time>2026-05-21T17:46:41Z</time>
					</trkpt>
					<trkpt lat="50.135440" lon="5.668560">
						<ele>326</ele>
						<time>2026-05-21T17:46:58Z</time>
					</trkpt>
					<trkpt lat="50.135670" lon="5.668860">
						<ele>318</ele>
						<time>2026-05-21T17:47:13Z</time>
					</trkpt>
					<trkpt lat="50.135580" lon="5.668200">
						<ele>319</ele>
						<time>2026-05-21T17:47:35Z</time>
					</trkpt>
					<trkpt lat="50.135620" lon="5.668180">
						<ele>318</ele>
						<time>2026-05-21T17:47:37Z</time>
					</trkpt>
					<trkpt lat="50.135730" lon="5.668300">
						<ele>315</ele>
						<time>2026-05-21T17:47:43Z</time>
					</trkpt>
					<trkpt lat="50.135910" lon="5.668690">
						<ele>310</ele>
						<time>2026-05-21T17:47:59Z</time>
					</trkpt>
					<trkpt lat="50.135820" lon="5.668040">
						<ele>310</ele>
						<time>2026-05-21T17:48:20Z</time>
					</trkpt>
					<trkpt lat="50.135980" lon="5.668300">
						<ele>309</ele>
						<time>2026-05-21T17:48:32Z</time>
					</trkpt>
					<trkpt lat="50.136130" lon="5.668680">
						<ele>305</ele>
						<time>2026-05-21T17:48:46Z</time>
					</trkpt>
					<trkpt lat="50.136170" lon="5.668430">
						<ele>305</ele>
						<time>2026-05-21T17:48:54Z</time>
					</trkpt>
					<trkpt lat="50.136130" lon="5.668080">
						<ele>308</ele>
						<time>2026-05-21T17:49:06Z</time>
					</trkpt>
					<trkpt lat="50.136300" lon="5.667860">
						<ele>309</ele>
						<time>2026-05-21T17:49:17Z</time>
					</trkpt>
					<trkpt lat="50.136480" lon="5.668030">
						<ele>306</ele>
						<time>2026-05-21T17:49:27Z</time>
					</trkpt>
					<trkpt lat="50.136580" lon="5.668180">
						<ele>302</ele>
						<time>2026-05-21T17:49:34Z</time>
					</trkpt>
					<trkpt lat="50.136740" lon="5.668440">
						<ele>296</ele>
						<time>2026-05-21T17:49:46Z</time>
					</trkpt>
					<trkpt lat="50.136830" lon="5.668660">
						<ele>294</ele>
						<time>2026-05-21T17:49:54Z</time>
					</trkpt>
					<trkpt lat="50.136980" lon="5.668690">
						<ele>295</ele>
						<time>2026-05-21T17:50:02Z</time>
					</trkpt>
					<trkpt lat="50.137070" lon="5.668650">
						<ele>297</ele>
						<time>2026-05-21T17:50:06Z</time>
					</trkpt>
					<trkpt lat="50.137140" lon="5.668520">
						<ele>301</ele>
						<time>2026-05-21T17:50:12Z</time>
					</trkpt>
					<trkpt lat="50.137510" lon="5.668550">
						<ele>306</ele>
						<time>2026-05-21T17:50:30Z</time>
					</trkpt>
					<trkpt lat="50.137700" lon="5.668530">
						<ele>306</ele>
						<time>2026-05-21T17:50:40Z</time>
					</trkpt>
					<trkpt lat="50.137910" lon="5.668480">
						<ele>306</ele>
						<time>2026-05-21T17:50:51Z</time>
					</trkpt>
					<trkpt lat="50.138040" lon="5.668340">
						<ele>308</ele>
						<time>2026-05-21T17:50:58Z</time>
					</trkpt>
					<trkpt lat="50.138530" lon="5.668420">
						<ele>302</ele>
						<time>2026-05-21T17:51:23Z</time>
					</trkpt>
					<trkpt lat="50.138860" lon="5.668330">
						<ele>299</ele>
						<time>2026-05-21T17:51:40Z</time>
					</trkpt>
					<trkpt lat="50.139070" lon="5.667790">
						<ele>307</ele>
						<time>2026-05-21T17:52:00Z</time>
					</trkpt>
					<trkpt lat="50.139100" lon="5.667430">
						<ele>314</ele>
						<time>2026-05-21T17:52:12Z</time>
					</trkpt>
					<trkpt lat="50.139500" lon="5.666850">
						<ele>310</ele>
						<time>2026-05-21T17:52:39Z</time>
					</trkpt>
					<trkpt lat="50.139760" lon="5.666630">
						<ele>306</ele>
						<time>2026-05-21T17:52:54Z</time>
					</trkpt>
					<trkpt lat="50.139860" lon="5.666460">
						<ele>305</ele>
						<time>2026-05-21T17:53:01Z</time>
					</trkpt>
					<trkpt lat="50.140000" lon="5.666080">
						<ele>305</ele>
						<time>2026-05-21T17:53:15Z</time>
					</trkpt>
					<trkpt lat="50.140210" lon="5.665860">
						<ele>302</ele>
						<time>2026-05-21T17:53:28Z</time>
					</trkpt>
					<trkpt lat="50.140830" lon="5.664860">
						<ele>299</ele>
						<time>2026-05-21T17:54:13Z</time>
					</trkpt>
					<trkpt lat="50.141120" lon="5.664240">
						<ele>303</ele>
						<time>2026-05-21T17:54:37Z</time>
					</trkpt>
					<trkpt lat="50.141330" lon="5.664050">
						<ele>303</ele>
						<time>2026-05-21T17:54:49Z</time>
					</trkpt>
					<trkpt lat="50.141360" lon="5.663940">
						<ele>306</ele>
						<time>2026-05-21T17:54:53Z</time>
					</trkpt>
					<trkpt lat="50.141950" lon="5.663750">
						<ele>305</ele>
						<time>2026-05-21T17:55:23Z</time>
					</trkpt>
					<trkpt lat="50.142080" lon="5.663840">
						<ele>302</ele>
						<time>2026-05-21T17:55:31Z</time>
					</trkpt>
					<trkpt lat="50.142260" lon="5.663770">
						<ele>304</ele>
						<time>2026-05-21T17:55:40Z</time>
					</trkpt>
					<trkpt lat="50.142360" lon="5.663660">
						<ele>307</ele>
						<time>2026-05-21T17:55:46Z</time>
					</trkpt>
					<trkpt lat="50.142660" lon="5.663700">
						<ele>307</ele>
						<time>2026-05-21T17:56:01Z</time>
					</trkpt>
					<trkpt lat="50.142740" lon="5.663810">
						<ele>304</ele>
						<time>2026-05-21T17:56:06Z</time>
					</trkpt>
					<trkpt lat="50.143050" lon="5.663770">
						<ele>308</ele>
						<time>2026-05-21T17:56:22Z</time>
					</trkpt>
					<trkpt lat="50.143430" lon="5.663920">
						<ele>308</ele>
						<time>2026-05-21T17:56:42Z</time>
					</trkpt>
					<trkpt lat="50.143940" lon="5.664330">
						<ele>309</ele>
						<time>2026-05-21T17:57:10Z</time>
					</trkpt>
					<trkpt lat="50.144070" lon="5.664580">
						<ele>305</ele>
						<time>2026-05-21T17:57:21Z</time>
					</trkpt>
					<trkpt lat="50.144440" lon="5.664990">
						<ele>304</ele>
						<time>2026-05-21T17:57:43Z</time>
					</trkpt>
					<trkpt lat="50.144520" lon="5.665170">
						<ele>303</ele>
						<time>2026-05-21T17:57:50Z</time>
					</trkpt>
					<trkpt lat="50.144740" lon="5.665460">
						<ele>304</ele>
						<time>2026-05-21T17:58:05Z</time>
					</trkpt>
					<trkpt lat="50.145120" lon="5.666370">
						<ele>301</ele>
						<time>2026-05-21T17:58:40Z</time>
					</trkpt>
					<trkpt lat="50.145270" lon="5.667300">
						<ele>299</ele>
						<time>2026-05-21T17:59:10Z</time>
					</trkpt>
					<trkpt lat="50.145230" lon="5.668080">
						<ele>295</ele>
						<time>2026-05-21T17:59:35Z</time>
					</trkpt>
					<trkpt lat="50.145180" lon="5.668510">
						<ele>294</ele>
						<time>2026-05-21T17:59:49Z</time>
					</trkpt>
					<trkpt lat="50.145300" lon="5.668190">
						<ele>297</ele>
						<time>2026-05-21T18:00:01Z</time>
					</trkpt>
					<trkpt lat="50.145350" lon="5.668550">
						<ele>301</ele>
						<time>2026-05-21T18:00:13Z</time>
					</trkpt>
					<trkpt lat="50.145450" lon="5.668280">
						<ele>303</ele>
						<time>2026-05-21T18:00:23Z</time>
					</trkpt>
					<trkpt lat="50.145530" lon="5.668640">
						<ele>308</ele>
						<time>2026-05-21T18:00:35Z</time>
					</trkpt>
					<trkpt lat="50.145610" lon="5.668210">
						<ele>309</ele>
						<time>2026-05-21T18:00:50Z</time>
					</trkpt>
					<trkpt lat="50.145690" lon="5.668470">
						<ele>313</ele>
						<time>2026-05-21T18:00:59Z</time>
					</trkpt>
					<trkpt lat="50.145970" lon="5.668610">
						<ele>322</ele>
						<time>2026-05-21T18:01:14Z</time>
					</trkpt>
					<trkpt lat="50.146040" lon="5.668600">
						<ele>323</ele>
						<time>2026-05-21T18:01:17Z</time>
					</trkpt>
					<trkpt lat="50.146240" lon="5.668730">
						<ele>327</ele>
						<time>2026-05-21T18:01:28Z</time>
					</trkpt>
					<trkpt lat="50.146370" lon="5.668090">
						<ele>327</ele>
						<time>2026-05-21T18:01:50Z</time>
					</trkpt>
					<trkpt lat="50.146410" lon="5.667750">
						<ele>329</ele>
						<time>2026-05-21T18:02:01Z</time>
					</trkpt>
					<trkpt lat="50.146410" lon="5.667420">
						<ele>330</ele>
						<time>2026-05-21T18:02:11Z</time>
					</trkpt>
					<trkpt lat="50.146320" lon="5.666700">
						<ele>334</ele>
						<time>2026-05-21T18:02:35Z</time>
					</trkpt>
					<trkpt lat="50.146460" lon="5.666550">
						<ele>338</ele>
						<time>2026-05-21T18:02:43Z</time>
					</trkpt>
					<trkpt lat="50.146410" lon="5.666450">
						<ele>339</ele>
						<time>2026-05-21T18:02:47Z</time>
					</trkpt>
					<trkpt lat="50.146680" lon="5.666520">
						<ele>341</ele>
						<time>2026-05-21T18:03:01Z</time>
					</trkpt>
					<trkpt lat="50.146740" lon="5.666490">
						<ele>341</ele>
						<time>2026-05-21T18:03:04Z</time>
					</trkpt>
					<trkpt lat="50.146910" lon="5.666330">
						<ele>341</ele>
						<time>2026-05-21T18:03:14Z</time>
					</trkpt>
					<trkpt lat="50.147100" lon="5.666040">
						<ele>343</ele>
						<time>2026-05-21T18:03:27Z</time>
					</trkpt>
					<trkpt lat="50.147320" lon="5.665790">
						<ele>344</ele>
						<time>2026-05-21T18:03:41Z</time>
					</trkpt>
					<trkpt lat="50.147460" lon="5.665670">
						<ele>344</ele>
						<time>2026-05-21T18:03:49Z</time>
					</trkpt>
					<trkpt lat="50.147490" lon="5.665390">
						<ele>348</ele>
						<time>2026-05-21T18:03:58Z</time>
					</trkpt>
					<trkpt lat="50.147490" lon="5.664840">
						<ele>356</ele>
						<time>2026-05-21T18:04:16Z</time>
					</trkpt>
					<trkpt lat="50.147400" lon="5.664500">
						<ele>359</ele>
						<time>2026-05-21T18:04:28Z</time>
					</trkpt>
					<trkpt lat="50.147370" lon="5.663760">
						<ele>363</ele>
						<time>2026-05-21T18:04:51Z</time>
					</trkpt>
					<trkpt lat="50.147290" lon="5.663450">
						<ele>363</ele>
						<time>2026-05-21T18:05:02Z</time>
					</trkpt>
					<trkpt lat="50.147250" lon="5.663060">
						<ele>362</ele>
						<time>2026-05-21T18:05:15Z</time>
					</trkpt>
					<trkpt lat="50.147300" lon="5.662760">
						<ele>361</ele>
						<time>2026-05-21T18:05:25Z</time>
					</trkpt>
					<trkpt lat="50.147540" lon="5.662750">
						<ele>360</ele>
						<time>2026-05-21T18:05:37Z</time>
					</trkpt>
					<trkpt lat="50.147920" lon="5.662530">
						<ele>358</ele>
						<time>2026-05-21T18:05:57Z</time>
					</trkpt>
					<trkpt lat="50.148250" lon="5.662130">
						<ele>355</ele>
						<time>2026-05-21T18:06:18Z</time>
					</trkpt>
					<trkpt lat="50.148300" lon="5.662030">
						<ele>354</ele>
						<time>2026-05-21T18:06:22Z</time>
					</trkpt>
					<trkpt lat="50.148660" lon="5.661790">
						<ele>349</ele>
						<time>2026-05-21T18:06:42Z</time>
					</trkpt>
					<trkpt lat="50.149180" lon="5.661320">
						<ele>345</ele>
						<time>2026-05-21T18:07:12Z</time>
					</trkpt>
					<trkpt lat="50.149370" lon="5.661010">
						<ele>341</ele>
						<time>2026-05-21T18:07:25Z</time>
					</trkpt>
					<trkpt lat="50.150200" lon="5.660290">
						<ele>333</ele>
						<time>2026-05-21T18:08:13Z</time>
					</trkpt>
					<trkpt lat="50.150120" lon="5.659960">
						<ele>335</ele>
						<time>2026-05-21T18:08:24Z</time>
					</trkpt>
					<trkpt lat="50.149830" lon="5.659870">
						<ele>333</ele>
						<time>2026-05-21T18:08:39Z</time>
					</trkpt>
					<trkpt lat="50.149610" lon="5.659910">
						<ele>332</ele>
						<time>2026-05-21T18:08:50Z</time>
					</trkpt>
					<trkpt lat="50.147840" lon="5.660880">
						<ele>334</ele>
						<time>2026-05-21T18:10:24Z</time>
					</trkpt>
					<trkpt lat="50.146850" lon="5.660650">
						<ele>327</ele>
						<time>2026-05-21T18:11:14Z</time>
					</trkpt>
					<trkpt lat="50.146520" lon="5.660510">
						<ele>326</ele>
						<time>2026-05-21T18:11:31Z</time>
					</trkpt>
					<trkpt lat="50.146160" lon="5.660170">
						<ele>327</ele>
						<time>2026-05-21T18:11:52Z</time>
					</trkpt>
					<trkpt lat="50.146110" lon="5.659930">
						<ele>323</ele>
						<time>2026-05-21T18:12:00Z</time>
					</trkpt>
					<trkpt lat="50.146500" lon="5.659400">
						<ele>294</ele>
						<time>2026-05-21T18:12:26Z</time>
					</trkpt>
					<trkpt lat="50.146460" lon="5.659290">
						<ele>293</ele>
						<time>2026-05-21T18:12:30Z</time>
					</trkpt>
					<trkpt lat="50.146520" lon="5.659110">
						<ele>286</ele>
						<time>2026-05-21T18:12:37Z</time>
					</trkpt>
					<trkpt lat="50.146270" lon="5.658430">
						<ele>294</ele>
						<time>2026-05-21T18:13:02Z</time>
					</trkpt>
					<trkpt lat="50.146170" lon="5.657790">
						<ele>297</ele>
						<time>2026-05-21T18:13:23Z</time>
					</trkpt>
					<trkpt lat="50.146360" lon="5.657070">
						<ele>288</ele>
						<time>2026-05-21T18:13:48Z</time>
					</trkpt>
					<trkpt lat="50.146610" lon="5.656400">
						<ele>281</ele>
						<time>2026-05-21T18:14:13Z</time>
					</trkpt>
					<trkpt lat="50.146830" lon="5.656060">
						<ele>280</ele>
						<time>2026-05-21T18:14:28Z</time>
					</trkpt>
					<trkpt lat="50.147290" lon="5.655520">
						<ele>273</ele>
						<time>2026-05-21T18:14:57Z</time>
					</trkpt>
					<trkpt lat="50.147730" lon="5.655150">
						<ele>269</ele>
						<time>2026-05-21T18:15:22Z</time>
					</trkpt>
					<trkpt lat="50.148090" lon="5.654700">
						<ele>270</ele>
						<time>2026-05-21T18:15:45Z</time>
					</trkpt>
					<trkpt lat="50.148570" lon="5.653950">
						<ele>271</ele>
						<time>2026-05-21T18:16:19Z</time>
					</trkpt>
					<trkpt lat="50.148630" lon="5.653810">
						<ele>272</ele>
						<time>2026-05-21T18:16:25Z</time>
					</trkpt>
					<trkpt lat="50.148640" lon="5.653270">
						<ele>275</ele>
						<time>2026-05-21T18:16:42Z</time>
					</trkpt>
					<trkpt lat="50.148420" lon="5.653480">
						<ele>276</ele>
						<time>2026-05-21T18:16:55Z</time>
					</trkpt>
					<trkpt lat="50.148290" lon="5.653640">
						<ele>277</ele>
						<time>2026-05-21T18:17:03Z</time>
					</trkpt>
					<trkpt lat="50.147970" lon="5.653740">
						<ele>283</ele>
						<time>2026-05-21T18:17:19Z</time>
					</trkpt>
					<trkpt lat="50.147890" lon="5.653680">
						<ele>286</ele>
						<time>2026-05-21T18:17:24Z</time>
					</trkpt>
					<trkpt lat="50.147870" lon="5.653560">
						<ele>288</ele>
						<time>2026-05-21T18:17:28Z</time>
					</trkpt>
					<trkpt lat="50.147890" lon="5.653160">
						<ele>294</ele>
						<time>2026-05-21T18:17:41Z</time>
					</trkpt>
					<trkpt lat="50.147860" lon="5.653090">
						<ele>296</ele>
						<time>2026-05-21T18:17:43Z</time>
					</trkpt>
					<trkpt lat="50.147790" lon="5.653120">
						<ele>297</ele>
						<time>2026-05-21T18:17:47Z</time>
					</trkpt>
					<trkpt lat="50.147710" lon="5.653210">
						<ele>298</ele>
						<time>2026-05-21T18:17:52Z</time>
					</trkpt>
					<trkpt lat="50.147340" lon="5.653450">
						<ele>299</ele>
						<time>2026-05-21T18:18:12Z</time>
					</trkpt>
					<trkpt lat="50.147240" lon="5.653500">
						<ele>298</ele>
						<time>2026-05-21T18:18:17Z</time>
					</trkpt>
					<trkpt lat="50.147170" lon="5.653460">
						<ele>298</ele>
						<time>2026-05-21T18:18:21Z</time>
					</trkpt>
					<trkpt lat="50.146880" lon="5.652500">
						<ele>314</ele>
						<time>2026-05-21T18:18:55Z</time>
					</trkpt>
					<trkpt lat="50.146810" lon="5.652400">
						<ele>316</ele>
						<time>2026-05-21T18:19:00Z</time>
					</trkpt>
					<trkpt lat="50.146830" lon="5.652150">
						<ele>321</ele>
						<time>2026-05-21T18:19:08Z</time>
					</trkpt>
					<trkpt lat="50.146790" lon="5.652040">
						<ele>324</ele>
						<time>2026-05-21T18:19:12Z</time>
					</trkpt>
					<trkpt lat="50.146650" lon="5.651890">
						<ele>327</ele>
						<time>2026-05-21T18:19:20Z</time>
					</trkpt>
					<trkpt lat="50.146610" lon="5.651800">
						<ele>328</ele>
						<time>2026-05-21T18:19:24Z</time>
					</trkpt>
					<trkpt lat="50.146550" lon="5.651400">
						<ele>334</ele>
						<time>2026-05-21T18:19:37Z</time>
					</trkpt>
					<trkpt lat="50.146580" lon="5.651290">
						<ele>338</ele>
						<time>2026-05-21T18:19:41Z</time>
					</trkpt>
					<trkpt lat="50.146710" lon="5.651130">
						<ele>343</ele>
						<time>2026-05-21T18:19:49Z</time>
					</trkpt>
					<trkpt lat="50.146750" lon="5.651040">
						<ele>345</ele>
						<time>2026-05-21T18:19:53Z</time>
					</trkpt>
					<trkpt lat="50.146830" lon="5.650750">
						<ele>350</ele>
						<time>2026-05-21T18:20:03Z</time>
					</trkpt>
					<trkpt lat="50.146870" lon="5.650430">
						<ele>355</ele>
						<time>2026-05-21T18:20:13Z</time>
					</trkpt>
					<trkpt lat="50.147130" lon="5.649940">
						<ele>362</ele>
						<time>2026-05-21T18:20:34Z</time>
					</trkpt>
					<trkpt lat="50.147130" lon="5.649840">
						<ele>363</ele>
						<time>2026-05-21T18:20:37Z</time>
					</trkpt>
					<trkpt lat="50.147020" lon="5.649480">
						<ele>367</ele>
						<time>2026-05-21T18:20:50Z</time>
					</trkpt>
					<trkpt lat="50.147040" lon="5.649150">
						<ele>371</ele>
						<time>2026-05-21T18:21:00Z</time>
					</trkpt>
					<trkpt lat="50.147010" lon="5.649000">
						<ele>372</ele>
						<time>2026-05-21T18:21:05Z</time>
					</trkpt>
					<trkpt lat="50.146760" lon="5.648450">
						<ele>375</ele>
						<time>2026-05-21T18:21:27Z</time>
					</trkpt>
					<trkpt lat="50.146630" lon="5.648250">
						<ele>376</ele>
						<time>2026-05-21T18:21:36Z</time>
					</trkpt>
					<trkpt lat="50.146140" lon="5.647540">
						<ele>375</ele>
						<time>2026-05-21T18:22:10Z</time>
					</trkpt>
					<trkpt lat="50.145920" lon="5.647330">
						<ele>373</ele>
						<time>2026-05-21T18:22:23Z</time>
					</trkpt>
					<trkpt lat="50.145560" lon="5.646700">
						<ele>370</ele>
						<time>2026-05-21T18:22:50Z</time>
					</trkpt>
					<trkpt lat="50.145510" lon="5.646500">
						<ele>370</ele>
						<time>2026-05-21T18:22:56Z</time>
					</trkpt>
					<trkpt lat="50.145550" lon="5.646330">
						<ele>372</ele>
						<time>2026-05-21T18:23:02Z</time>
					</trkpt>
					<trkpt lat="50.145750" lon="5.645910">
						<ele>378</ele>
						<time>2026-05-21T18:23:19Z</time>
					</trkpt>
					<trkpt lat="50.146470" lon="5.644930">
						<ele>391</ele>
						<time>2026-05-21T18:24:07Z</time>
					</trkpt>
					<trkpt lat="50.146710" lon="5.644410">
						<ele>394</ele>
						<time>2026-05-21T18:24:27Z</time>
					</trkpt>
					<trkpt lat="50.146840" lon="5.643980">
						<ele>395</ele>
						<time>2026-05-21T18:24:43Z</time>
					</trkpt>
					<trkpt lat="50.146810" lon="5.643510">
						<ele>395</ele>
						<time>2026-05-21T18:24:58Z</time>
					</trkpt>
					<trkpt lat="50.146900" lon="5.643660">
						<ele>395</ele>
						<time>2026-05-21T18:25:04Z</time>
					</trkpt>
					<trkpt lat="50.147160" lon="5.643930">
						<ele>398</ele>
						<time>2026-05-21T18:25:20Z</time>
					</trkpt>
					<trkpt lat="50.147670" lon="5.644020">
						<ele>400</ele>
						<time>2026-05-21T18:25:46Z</time>
					</trkpt>
					<trkpt lat="50.147810" lon="5.644090">
						<ele>400</ele>
						<time>2026-05-21T18:25:53Z</time>
					</trkpt>
					<trkpt lat="50.147970" lon="5.644210">
						<ele>399</ele>
						<time>2026-05-21T18:26:02Z</time>
					</trkpt>
					<trkpt lat="50.148150" lon="5.644400">
						<ele>399</ele>
						<time>2026-05-21T18:26:13Z</time>
					</trkpt>
					<trkpt lat="50.148480" lon="5.644830">
						<ele>399</ele>
						<time>2026-05-21T18:26:34Z</time>
					</trkpt>
					<trkpt lat="50.148660" lon="5.645140">
						<ele>397</ele>
						<time>2026-05-21T18:26:48Z</time>
					</trkpt>
					<trkpt lat="50.148810" lon="5.645520">
						<ele>394</ele>
						<time>2026-05-21T18:27:02Z</time>
					</trkpt>
					<trkpt lat="50.148970" lon="5.646060">
						<ele>392</ele>
						<time>2026-05-21T18:27:21Z</time>
					</trkpt>
					<trkpt lat="50.149090" lon="5.646190">
						<ele>392</ele>
						<time>2026-05-21T18:27:28Z</time>
					</trkpt>
					<trkpt lat="50.149450" lon="5.646450">
						<ele>392</ele>
						<time>2026-05-21T18:27:48Z</time>
					</trkpt>
					<trkpt lat="50.149660" lon="5.646650">
						<ele>393</ele>
						<time>2026-05-21T18:28:01Z</time>
					</trkpt>
					<trkpt lat="50.149840" lon="5.646770">
						<ele>394</ele>
						<time>2026-05-21T18:28:10Z</time>
					</trkpt>
					<trkpt lat="50.149960" lon="5.646780">
						<ele>394</ele>
						<time>2026-05-21T18:28:16Z</time>
					</trkpt>
					<trkpt lat="50.150570" lon="5.647010">
						<ele>393</ele>
						<time>2026-05-21T18:28:48Z</time>
					</trkpt>
					<trkpt lat="50.150790" lon="5.647140">
						<ele>393</ele>
						<time>2026-05-21T18:29:00Z</time>
					</trkpt>
					<trkpt lat="50.150920" lon="5.647240">
						<ele>393</ele>
						<time>2026-05-21T18:29:07Z</time>
					</trkpt>
					<trkpt lat="50.151060" lon="5.647490">
						<ele>393</ele>
						<time>2026-05-21T18:29:18Z</time>
					</trkpt>
					<trkpt lat="50.151190" lon="5.647620">
						<ele>392</ele>
						<time>2026-05-21T18:29:25Z</time>
					</trkpt>
					<trkpt lat="50.151740" lon="5.648080">
						<ele>389</ele>
						<time>2026-05-21T18:29:56Z</time>
					</trkpt>
					<trkpt lat="50.152240" lon="5.648370">
						<ele>383</ele>
						<time>2026-05-21T18:30:23Z</time>
					</trkpt>
					<trkpt lat="50.152340" lon="5.648470">
						<ele>380</ele>
						<time>2026-05-21T18:30:29Z</time>
					</trkpt>
					<trkpt lat="50.152580" lon="5.648900">
						<ele>372</ele>
						<time>2026-05-21T18:30:47Z</time>
					</trkpt>
					<trkpt lat="50.152790" lon="5.649440">
						<ele>360</ele>
						<time>2026-05-21T18:31:08Z</time>
					</trkpt>
					<trkpt lat="50.152770" lon="5.650930">
						<ele>333</ele>
						<time>2026-05-21T18:31:55Z</time>
					</trkpt>
					<trkpt lat="50.152800" lon="5.651030">
						<ele>330</ele>
						<time>2026-05-21T18:31:59Z</time>
					</trkpt>
					<trkpt lat="50.152840" lon="5.651080">
						<ele>328</ele>
						<time>2026-05-21T18:32:02Z</time>
					</trkpt>
					<trkpt lat="50.152800" lon="5.651530">
						<ele>316</ele>
						<time>2026-05-21T18:32:16Z</time>
					</trkpt>
					<trkpt lat="50.152840" lon="5.651870">
						<ele>306</ele>
						<time>2026-05-21T18:32:27Z</time>
					</trkpt>
					<trkpt lat="50.152920" lon="5.652040">
						<ele>302</ele>
						<time>2026-05-21T18:32:34Z</time>
					</trkpt>
					<trkpt lat="50.152980" lon="5.652620">
						<ele>287</ele>
						<time>2026-05-21T18:32:53Z</time>
					</trkpt>
					<trkpt lat="50.152950" lon="5.652700">
						<ele>285</ele>
						<time>2026-05-21T18:32:56Z</time>
					</trkpt>
					<trkpt lat="50.153010" lon="5.652970">
						<ele>282</ele>
						<time>2026-05-21T18:33:05Z</time>
					</trkpt>
					<trkpt lat="50.153110" lon="5.653130">
						<ele>281</ele>
						<time>2026-05-21T18:33:12Z</time>
					</trkpt>
					<trkpt lat="50.153160" lon="5.653140">
						<ele>281</ele>
						<time>2026-05-21T18:33:15Z</time>
					</trkpt>
					<trkpt lat="50.153170" lon="5.653290">
						<ele>279</ele>
						<time>2026-05-21T18:33:19Z</time>
					</trkpt>
					<trkpt lat="50.153240" lon="5.653340">
						<ele>279</ele>
						<time>2026-05-21T18:33:23Z</time>
					</trkpt>
					<trkpt lat="50.153410" lon="5.653290">
						<ele>285</ele>
						<time>2026-05-21T18:33:32Z</time>
					</trkpt>
					<trkpt lat="50.153610" lon="5.651910">
						<ele>313</ele>
						<time>2026-05-21T18:34:17Z</time>
					</trkpt>
					<trkpt lat="50.153950" lon="5.650970">
						<ele>323</ele>
						<time>2026-05-21T18:34:52Z</time>
					</trkpt>
					<trkpt lat="50.154000" lon="5.650670">
						<ele>324</ele>
						<time>2026-05-21T18:35:02Z</time>
					</trkpt>
					<trkpt lat="50.154140" lon="5.650160">
						<ele>324</ele>
						<time>2026-05-21T18:35:20Z</time>
					</trkpt>
					<trkpt lat="50.154170" lon="5.649940">
						<ele>324</ele>
						<time>2026-05-21T18:35:27Z</time>
					</trkpt>
					<trkpt lat="50.154240" lon="5.649700">
						<ele>325</ele>
						<time>2026-05-21T18:35:35Z</time>
					</trkpt>
					<trkpt lat="50.154330" lon="5.648600">
						<ele>332</ele>
						<time>2026-05-21T18:36:11Z</time>
					</trkpt>
					<trkpt lat="50.154760" lon="5.648630">
						<ele>332</ele>
						<time>2026-05-21T18:36:32Z</time>
					</trkpt>
					<trkpt lat="50.154730" lon="5.649340">
						<ele>324</ele>
						<time>2026-05-21T18:36:55Z</time>
					</trkpt>
					<trkpt lat="50.154790" lon="5.649650">
						<ele>321</ele>
						<time>2026-05-21T18:37:06Z</time>
					</trkpt>
					<trkpt lat="50.154810" lon="5.650170">
						<ele>319</ele>
						<time>2026-05-21T18:37:22Z</time>
					</trkpt>
					<trkpt lat="50.154790" lon="5.652970">
						<ele>328</ele>
						<time>2026-05-21T18:38:52Z</time>
					</trkpt>
					<trkpt lat="50.155020" lon="5.653650">
						<ele>335</ele>
						<time>2026-05-21T18:39:17Z</time>
					</trkpt>
					<trkpt lat="50.155120" lon="5.654040">
						<ele>334</ele>
						<time>2026-05-21T18:39:30Z</time>
					</trkpt>
					<trkpt lat="50.155150" lon="5.654250">
						<ele>334</ele>
						<time>2026-05-21T18:39:37Z</time>
					</trkpt>
					<trkpt lat="50.155150" lon="5.654580">
						<ele>331</ele>
						<time>2026-05-21T18:39:48Z</time>
					</trkpt>
					<trkpt lat="50.155200" lon="5.654800">
						<ele>329</ele>
						<time>2026-05-21T18:39:55Z</time>
					</trkpt>
					<trkpt lat="50.155260" lon="5.654980">
						<ele>328</ele>
						<time>2026-05-21T18:40:02Z</time>
					</trkpt>
					<trkpt lat="50.155390" lon="5.655230">
						<ele>324</ele>
						<time>2026-05-21T18:40:12Z</time>
					</trkpt>
					<trkpt lat="50.156530" lon="5.656490">
						<ele>309</ele>
						<time>2026-05-21T18:41:22Z</time>
					</trkpt>
					<trkpt lat="50.156630" lon="5.656640">
						<ele>306</ele>
						<time>2026-05-21T18:41:29Z</time>
					</trkpt>
					<trkpt lat="50.156790" lon="5.656770">
						<ele>299</ele>
						<time>2026-05-21T18:41:38Z</time>
					</trkpt>
					<trkpt lat="50.156980" lon="5.656840">
						<ele>293</ele>
						<time>2026-05-21T18:41:48Z</time>
					</trkpt>
					<trkpt lat="50.157120" lon="5.656850">
						<ele>290</ele>
						<time>2026-05-21T18:41:55Z</time>
					</trkpt>
					<trkpt lat="50.157270" lon="5.656800">
						<ele>289</ele>
						<time>2026-05-21T18:42:02Z</time>
					</trkpt>
					<trkpt lat="50.157480" lon="5.656620">
						<ele>288</ele>
						<time>2026-05-21T18:42:14Z</time>
					</trkpt>
					<trkpt lat="50.157780" lon="5.656480">
						<ele>283</ele>
						<time>2026-05-21T18:42:30Z</time>
					</trkpt>
					<trkpt lat="50.158390" lon="5.656410">
						<ele>269</ele>
						<time>2026-05-21T18:43:01Z</time>
					</trkpt>
					<trkpt lat="50.158810" lon="5.656410">
						<ele>264</ele>
						<time>2026-05-21T18:43:22Z</time>
					</trkpt>
					<trkpt lat="50.158880" lon="5.656500">
						<ele>263</ele>
						<time>2026-05-21T18:43:26Z</time>
					</trkpt>
					<trkpt lat="50.159020" lon="5.657200">
						<ele>262</ele>
						<time>2026-05-21T18:43:50Z</time>
					</trkpt>
					<trkpt lat="50.158320" lon="5.657820">
						<ele>266</ele>
						<time>2026-05-21T18:44:30Z</time>
					</trkpt>
					<trkpt lat="50.157920" lon="5.658320">
						<ele>267</ele>
						<time>2026-05-21T18:44:56Z</time>
					</trkpt>
					<trkpt lat="50.157320" lon="5.658700">
						<ele>271</ele>
						<time>2026-05-21T18:45:28Z</time>
					</trkpt>
					<trkpt lat="50.156670" lon="5.658870">
						<ele>272</ele>
						<time>2026-05-21T18:46:01Z</time>
					</trkpt>
					<trkpt lat="50.156200" lon="5.658910">
						<ele>276</ele>
						<time>2026-05-21T18:46:25Z</time>
					</trkpt>
					<trkpt lat="50.155340" lon="5.658400">
						<ele>273</ele>
						<time>2026-05-21T18:47:11Z</time>
					</trkpt>
					<trkpt lat="50.154910" lon="5.658030">
						<ele>273</ele>
						<time>2026-05-21T18:47:35Z</time>
					</trkpt>
					<trkpt lat="50.154600" lon="5.657640">
						<ele>270</ele>
						<time>2026-05-21T18:47:55Z</time>
					</trkpt>
					<trkpt lat="50.154150" lon="5.656970">
						<ele>268</ele>
						<time>2026-05-21T18:48:26Z</time>
					</trkpt>
					<trkpt lat="50.153570" lon="5.655860">
						<ele>272</ele>
						<time>2026-05-21T18:49:12Z</time>
					</trkpt>
					<trkpt lat="50.153370" lon="5.655740">
						<ele>271</ele>
						<time>2026-05-21T18:49:23Z</time>
					</trkpt>
					<trkpt lat="50.153420" lon="5.656090">
						<ele>271</ele>
						<time>2026-05-21T18:49:34Z</time>
					</trkpt>
					<trkpt lat="50.153500" lon="5.656300">
						<ele>270</ele>
						<time>2026-05-21T18:49:42Z</time>
					</trkpt>
					<trkpt lat="50.153530" lon="5.656460">
						<ele>270</ele>
						<time>2026-05-21T18:49:48Z</time>
					</trkpt>
					<trkpt lat="50.153670" lon="5.656690">
						<ele>269</ele>
						<time>2026-05-21T18:49:58Z</time>
					</trkpt>
					<trkpt lat="50.153840" lon="5.657220">
						<ele>268</ele>
						<time>2026-05-21T18:50:17Z</time>
					</trkpt>
					<trkpt lat="50.153980" lon="5.657510">
						<ele>269</ele>
						<time>2026-05-21T18:50:28Z</time>
					</trkpt>
					<trkpt lat="50.154100" lon="5.657630">
						<ele>270</ele>
						<time>2026-05-21T18:50:35Z</time>
					</trkpt>
					<trkpt lat="50.154200" lon="5.657940">
						<ele>272</ele>
						<time>2026-05-21T18:50:47Z</time>
					</trkpt>
					<trkpt lat="50.154400" lon="5.658230">
						<ele>274</ele>
						<time>2026-05-21T18:51:00Z</time>
					</trkpt>
					<trkpt lat="50.154740" lon="5.659140">
						<ele>291</ele>
						<time>2026-05-21T18:51:34Z</time>
					</trkpt>
					<trkpt lat="50.155080" lon="5.659820">
						<ele>312</ele>
						<time>2026-05-21T18:52:02Z</time>
					</trkpt>
					<trkpt lat="50.155120" lon="5.660080">
						<ele>317</ele>
						<time>2026-05-21T18:52:10Z</time>
					</trkpt>
					<trkpt lat="50.155110" lon="5.660560">
						<ele>325</ele>
						<time>2026-05-21T18:52:26Z</time>
					</trkpt>
					<trkpt lat="50.155160" lon="5.660780">
						<ele>329</ele>
						<time>2026-05-21T18:52:33Z</time>
					</trkpt>
					<trkpt lat="50.155130" lon="5.660990">
						<ele>332</ele>
						<time>2026-05-21T18:52:40Z</time>
					</trkpt>
					<trkpt lat="50.154940" lon="5.661080">
						<ele>329</ele>
						<time>2026-05-21T18:52:50Z</time>
					</trkpt>
					<trkpt lat="50.154580" lon="5.661780">
						<ele>323</ele>
						<time>2026-05-21T18:53:19Z</time>
					</trkpt>
					<trkpt lat="50.154470" lon="5.661900">
						<ele>320</ele>
						<time>2026-05-21T18:53:26Z</time>
					</trkpt>
					<trkpt lat="50.154450" lon="5.662060">
						<ele>323</ele>
						<time>2026-05-21T18:53:31Z</time>
					</trkpt>
					<trkpt lat="50.154250" lon="5.662390">
						<ele>323</ele>
						<time>2026-05-21T18:53:45Z</time>
					</trkpt>
					<trkpt lat="50.153930" lon="5.662630">
						<ele>316</ele>
						<time>2026-05-21T18:54:03Z</time>
					</trkpt>
					<trkpt lat="50.153830" lon="5.662740">
						<ele>315</ele>
						<time>2026-05-21T18:54:09Z</time>
					</trkpt>
					<trkpt lat="50.153750" lon="5.662880">
						<ele>315</ele>
						<time>2026-05-21T18:54:15Z</time>
					</trkpt>
					<trkpt lat="50.153610" lon="5.663020">
						<ele>314</ele>
						<time>2026-05-21T18:54:24Z</time>
					</trkpt>
					<trkpt lat="50.153360" lon="5.663100">
						<ele>308</ele>
						<time>2026-05-21T18:54:36Z</time>
					</trkpt>
					<trkpt lat="50.153090" lon="5.663650">
						<ele>316</ele>
						<time>2026-05-21T18:54:59Z</time>
					</trkpt>
					<trkpt lat="50.152940" lon="5.663720">
						<ele>316</ele>
						<time>2026-05-21T18:55:06Z</time>
					</trkpt>
					<trkpt lat="50.152530" lon="5.664020">
						<ele>318</ele>
						<time>2026-05-21T18:55:29Z</time>
					</trkpt>
					<trkpt lat="50.152450" lon="5.663960">
						<ele>316</ele>
						<time>2026-05-21T18:55:33Z</time>
					</trkpt>
					<trkpt lat="50.151880" lon="5.663940">
						<ele>306</ele>
						<time>2026-05-21T18:56:02Z</time>
					</trkpt>
					<trkpt lat="50.151740" lon="5.663900">
						<ele>303</ele>
						<time>2026-05-21T18:56:09Z</time>
					</trkpt>
					<trkpt lat="50.151460" lon="5.663730">
						<ele>297</ele>
						<time>2026-05-21T18:56:24Z</time>
					</trkpt>
					<trkpt lat="50.150830" lon="5.663640">
						<ele>287</ele>
						<time>2026-05-21T18:56:56Z</time>
					</trkpt>
					<trkpt lat="50.150780" lon="5.663600">
						<ele>286</ele>
						<time>2026-05-21T18:56:59Z</time>
					</trkpt>
					<trkpt lat="50.150770" lon="5.663520">
						<ele>286</ele>
						<time>2026-05-21T18:57:01Z</time>
					</trkpt>
					<trkpt lat="50.150830" lon="5.663330">
						<ele>288</ele>
						<time>2026-05-21T18:57:08Z</time>
					</trkpt>
					<trkpt lat="50.150910" lon="5.663260">
						<ele>288</ele>
						<time>2026-05-21T18:57:13Z</time>
					</trkpt>
					<trkpt lat="50.151210" lon="5.663160">
						<ele>290</ele>
						<time>2026-05-21T18:57:28Z</time>
					</trkpt>
					<trkpt lat="50.151300" lon="5.663010">
						<ele>289</ele>
						<time>2026-05-21T18:57:35Z</time>
					</trkpt>
					<trkpt lat="50.151270" lon="5.662930">
						<ele>287</ele>
						<time>2026-05-21T18:57:38Z</time>
					</trkpt>
					<trkpt lat="50.151190" lon="5.662840">
						<ele>285</ele>
						<time>2026-05-21T18:57:42Z</time>
					</trkpt>
					<trkpt lat="50.150710" lon="5.662680">
						<ele>282</ele>
						<time>2026-05-21T18:58:07Z</time>
					</trkpt>
					<trkpt lat="50.150510" lon="5.662750">
						<ele>283</ele>
						<time>2026-05-21T18:58:17Z</time>
					</trkpt>
					<trkpt lat="50.150410" lon="5.662830">
						<ele>283</ele>
						<time>2026-05-21T18:58:23Z</time>
					</trkpt>
					<trkpt lat="50.150160" lon="5.663210">
						<ele>279</ele>
						<time>2026-05-21T18:58:40Z</time>
					</trkpt>
					<trkpt lat="50.150020" lon="5.663620">
						<ele>275</ele>
						<time>2026-05-21T18:58:55Z</time>
					</trkpt>
					<trkpt lat="50.150100" lon="5.663960">
						<ele>275</ele>
						<time>2026-05-21T18:59:07Z</time>
					</trkpt>
					<trkpt lat="50.150340" lon="5.664330">
						<ele>277</ele>
						<time>2026-05-21T18:59:24Z</time>
					</trkpt>
					<trkpt lat="50.150480" lon="5.664460">
						<ele>278</ele>
						<time>2026-05-21T18:59:32Z</time>
					</trkpt>
					<trkpt lat="50.150610" lon="5.664530">
						<ele>278</ele>
						<time>2026-05-21T18:59:39Z</time>
					</trkpt>
					<trkpt lat="50.151210" lon="5.665080">
						<ele>279</ele>
						<time>2026-05-21T19:00:14Z</time>
					</trkpt>
					<trkpt lat="50.151470" lon="5.665390">
						<ele>279</ele>
						<time>2026-05-21T19:00:30Z</time>
					</trkpt>
					<trkpt lat="50.151660" lon="5.665690">
						<ele>275</ele>
						<time>2026-05-21T19:00:44Z</time>
					</trkpt>
					<trkpt lat="50.152480" lon="5.667360">
						<ele>279</ele>
						<time>2026-05-21T19:01:51Z</time>
					</trkpt>
					<trkpt lat="50.153030" lon="5.669020">
						<ele>285</ele>
						<time>2026-05-21T19:02:51Z</time>
					</trkpt>
					<trkpt lat="50.153160" lon="5.669650">
						<ele>281</ele>
						<time>2026-05-21T19:03:12Z</time>
					</trkpt>
					<trkpt lat="50.153290" lon="5.671240">
						<ele>277</ele>
						<time>2026-05-21T19:04:04Z</time>
					</trkpt>
					<trkpt lat="50.153280" lon="5.671590">
						<ele>277</ele>
						<time>2026-05-21T19:04:15Z</time>
					</trkpt>
					<trkpt lat="50.153170" lon="5.672270">
						<ele>281</ele>
						<time>2026-05-21T19:04:37Z</time>
					</trkpt>
					<trkpt lat="50.153020" lon="5.672670">
						<ele>282</ele>
						<time>2026-05-21T19:04:52Z</time>
					</trkpt>
					<trkpt lat="50.152780" lon="5.673040">
						<ele>279</ele>
						<time>2026-05-21T19:05:09Z</time>
					</trkpt>
					<trkpt lat="50.152260" lon="5.673750">
						<ele>275</ele>
						<time>2026-05-21T19:05:44Z</time>
					</trkpt>
					<trkpt lat="50.151810" lon="5.674180">
						<ele>272</ele>
						<time>2026-05-21T19:06:10Z</time>
					</trkpt>
					<trkpt lat="50.151750" lon="5.674320">
						<ele>274</ele>
						<time>2026-05-21T19:06:15Z</time>
					</trkpt>
					<trkpt lat="50.151760" lon="5.674390">
						<ele>276</ele>
						<time>2026-05-21T19:06:18Z</time>
					</trkpt>
					<trkpt lat="50.151870" lon="5.674520">
						<ele>281</ele>
						<time>2026-05-21T19:06:25Z</time>
					</trkpt>
					<trkpt lat="50.152050" lon="5.674560">
						<ele>285</ele>
						<time>2026-05-21T19:06:34Z</time>
					</trkpt>
					<trkpt lat="50.152310" lon="5.674510">
						<ele>288</ele>
						<time>2026-05-21T19:06:47Z</time>
					</trkpt>
					<trkpt lat="50.152570" lon="5.674330">
						<ele>290</ele>
						<time>2026-05-21T19:07:01Z</time>
					</trkpt>
					<trkpt lat="50.152680" lon="5.674320">
						<ele>293</ele>
						<time>2026-05-21T19:07:07Z</time>
					</trkpt>
					<trkpt lat="50.153060" lon="5.674470">
						<ele>305</ele>
						<time>2026-05-21T19:07:26Z</time>
					</trkpt>
					<trkpt lat="50.153250" lon="5.674690">
						<ele>312</ele>
						<time>2026-05-21T19:07:38Z</time>
					</trkpt>
					<trkpt lat="50.153480" lon="5.675160">
						<ele>324</ele>
						<time>2026-05-21T19:07:57Z</time>
					</trkpt>
					<trkpt lat="50.153640" lon="5.675560">
						<ele>334</ele>
						<time>2026-05-21T19:08:12Z</time>
					</trkpt>
					<trkpt lat="50.153740" lon="5.676070">
						<ele>340</ele>
						<time>2026-05-21T19:08:29Z</time>
					</trkpt>
					<trkpt lat="50.153880" lon="5.676920">
						<ele>347</ele>
						<time>2026-05-21T19:08:57Z</time>
					</trkpt>
					<trkpt lat="50.153890" lon="5.677080">
						<ele>349</ele>
						<time>2026-05-21T19:09:02Z</time>
					</trkpt>
					<trkpt lat="50.153840" lon="5.677290">
						<ele>351</ele>
						<time>2026-05-21T19:09:10Z</time>
					</trkpt>
					<trkpt lat="50.153820" lon="5.677660">
						<ele>355</ele>
						<time>2026-05-21T19:09:22Z</time>
					</trkpt>
					<trkpt lat="50.153890" lon="5.677980">
						<ele>358</ele>
						<time>2026-05-21T19:09:32Z</time>
					</trkpt>
					<trkpt lat="50.153990" lon="5.677980">
						<ele>357</ele>
						<time>2026-05-21T19:09:37Z</time>
					</trkpt>
					<trkpt lat="50.154390" lon="5.677710">
						<ele>355</ele>
						<time>2026-05-21T19:09:59Z</time>
					</trkpt>
					<trkpt lat="50.154520" lon="5.677710">
						<ele>356</ele>
						<time>2026-05-21T19:10:06Z</time>
					</trkpt>
					<trkpt lat="50.154610" lon="5.677740">
						<ele>358</ele>
						<time>2026-05-21T19:10:10Z</time>
					</trkpt>
					<trkpt lat="50.154730" lon="5.677840">
						<ele>360</ele>
						<time>2026-05-21T19:10:17Z</time>
					</trkpt>
					<trkpt lat="50.154900" lon="5.678150">
						<ele>366</ele>
						<time>2026-05-21T19:10:30Z</time>
					</trkpt>
					<trkpt lat="50.155060" lon="5.678220">
						<ele>368</ele>
						<time>2026-05-21T19:10:39Z</time>
					</trkpt>
					<trkpt lat="50.155170" lon="5.678240">
						<ele>369</ele>
						<time>2026-05-21T19:10:44Z</time>
					</trkpt>
					<trkpt lat="50.155270" lon="5.678220">
						<ele>370</ele>
						<time>2026-05-21T19:10:49Z</time>
					</trkpt>
					<trkpt lat="50.155450" lon="5.678170">
						<ele>372</ele>
						<time>2026-05-21T19:10:58Z</time>
					</trkpt>
					<trkpt lat="50.155690" lon="5.678060">
						<ele>374</ele>
						<time>2026-05-21T19:11:11Z</time>
					</trkpt>
					<trkpt lat="50.155890" lon="5.677930">
						<ele>375</ele>
						<time>2026-05-21T19:11:22Z</time>
					</trkpt>
					<trkpt lat="50.155790" lon="5.677680">
						<ele>374</ele>
						<time>2026-05-21T19:11:31Z</time>
					</trkpt>
					<trkpt lat="50.155650" lon="5.677470">
						<ele>371</ele>
						<time>2026-05-21T19:11:41Z</time>
					</trkpt>
					<trkpt lat="50.155630" lon="5.677330">
						<ele>371</ele>
						<time>2026-05-21T19:11:45Z</time>
					</trkpt>
					<trkpt lat="50.155710" lon="5.677160">
						<ele>373</ele>
						<time>2026-05-21T19:11:52Z</time>
					</trkpt>
					<trkpt lat="50.155810" lon="5.677090">
						<ele>375</ele>
						<time>2026-05-21T19:11:58Z</time>
					</trkpt>
					<trkpt lat="50.155880" lon="5.677070">
						<ele>376</ele>
						<time>2026-05-21T19:12:01Z</time>
					</trkpt>
					<trkpt lat="50.155960" lon="5.677110">
						<ele>377</ele>
						<time>2026-05-21T19:12:05Z</time>
					</trkpt>
					<trkpt lat="50.156040" lon="5.676970">
						<ele>379</ele>
						<time>2026-05-21T19:12:11Z</time>
					</trkpt>
					<trkpt lat="50.156200" lon="5.676850">
						<ele>381</ele>
						<time>2026-05-21T19:12:20Z</time>
					</trkpt>
					<trkpt lat="50.156330" lon="5.676830">
						<ele>383</ele>
						<time>2026-05-21T19:12:27Z</time>
					</trkpt>
					<trkpt lat="50.156470" lon="5.676610">
						<ele>386</ele>
						<time>2026-05-21T19:12:37Z</time>
					</trkpt>
					<trkpt lat="50.156750" lon="5.676510">
						<ele>390</ele>
						<time>2026-05-21T19:12:51Z</time>
					</trkpt>
					<trkpt lat="50.156840" lon="5.676520">
						<ele>391</ele>
						<time>2026-05-21T19:12:56Z</time>
					</trkpt>
					<trkpt lat="50.156920" lon="5.676280">
						<ele>392</ele>
						<time>2026-05-21T19:13:04Z</time>
					</trkpt>
					<trkpt lat="50.157030" lon="5.676100">
						<ele>393</ele>
						<time>2026-05-21T19:13:12Z</time>
					</trkpt>
					<trkpt lat="50.157560" lon="5.675700">
						<ele>396</ele>
						<time>2026-05-21T19:13:42Z</time>
					</trkpt>
					<trkpt lat="50.157770" lon="5.676090">
						<ele>396</ele>
						<time>2026-05-21T19:13:58Z</time>
					</trkpt>
					<trkpt lat="50.158080" lon="5.675830">
						<ele>395</ele>
						<time>2026-05-21T19:14:16Z</time>
					</trkpt>
					<trkpt lat="50.158190" lon="5.675580">
						<ele>394</ele>
						<time>2026-05-21T19:14:25Z</time>
					</trkpt>
					<trkpt lat="50.158310" lon="5.674710">
						<ele>389</ele>
						<time>2026-05-21T19:14:54Z</time>
					</trkpt>
					<trkpt lat="50.158480" lon="5.672730">
						<ele>379</ele>
						<time>2026-05-21T19:15:58Z</time>
					</trkpt>
					<trkpt lat="50.158470" lon="5.672250">
						<ele>377</ele>
						<time>2026-05-21T19:16:13Z</time>
					</trkpt>
					<trkpt lat="50.158530" lon="5.671500">
						<ele>373</ele>
						<time>2026-05-21T19:16:38Z</time>
					</trkpt>
					<trkpt lat="50.158660" lon="5.670810">
						<ele>367</ele>
						<time>2026-05-21T19:17:01Z</time>
					</trkpt>
					<trkpt lat="50.158710" lon="5.670340">
						<ele>366</ele>
						<time>2026-05-21T19:17:16Z</time>
					</trkpt>
					<trkpt lat="50.158770" lon="5.669030">
						<ele>361</ele>
						<time>2026-05-21T19:17:58Z</time>
					</trkpt>
					<trkpt lat="50.158770" lon="5.668490">
						<ele>357</ele>
						<time>2026-05-21T19:18:15Z</time>
					</trkpt>
					<trkpt lat="50.158810" lon="5.668110">
						<ele>355</ele>
						<time>2026-05-21T19:18:28Z</time>
					</trkpt>
					<trkpt lat="50.159170" lon="5.666210">
						<ele>349</ele>
						<time>2026-05-21T19:19:31Z</time>
					</trkpt>
					<trkpt lat="50.159310" lon="5.665890">
						<ele>351</ele>
						<time>2026-05-21T19:19:44Z</time>
					</trkpt>
					<trkpt lat="50.159390" lon="5.665600">
						<ele>351</ele>
						<time>2026-05-21T19:19:54Z</time>
					</trkpt>
					<trkpt lat="50.159400" lon="5.664960">
						<ele>352</ele>
						<time>2026-05-21T19:20:14Z</time>
					</trkpt>
					<trkpt lat="50.159350" lon="5.664200">
						<ele>347</ele>
						<time>2026-05-21T19:20:39Z</time>
					</trkpt>
					<trkpt lat="50.159320" lon="5.663120">
						<ele>328</ele>
						<time>2026-05-21T19:21:13Z</time>
					</trkpt>
					<trkpt lat="50.159270" lon="5.662810">
						<ele>322</ele>
						<time>2026-05-21T19:21:24Z</time>
					</trkpt>
					<trkpt lat="50.159170" lon="5.662500">
						<ele>315</ele>
						<time>2026-05-21T19:21:35Z</time>
					</trkpt>
					<trkpt lat="50.158830" lon="5.662120">
						<ele>316</ele>
						<time>2026-05-21T19:21:56Z</time>
					</trkpt>
					<trkpt lat="50.158650" lon="5.661810">
						<ele>312</ele>
						<time>2026-05-21T19:22:09Z</time>
					</trkpt>
					<trkpt lat="50.158560" lon="5.661430">
						<ele>308</ele>
						<time>2026-05-21T19:22:22Z</time>
					</trkpt>
					<trkpt lat="50.158550" lon="5.660990">
						<ele>306</ele>
						<time>2026-05-21T19:22:36Z</time>
					</trkpt>
					<trkpt lat="50.158600" lon="5.660660">
						<ele>304</ele>
						<time>2026-05-21T19:22:47Z</time>
					</trkpt>
					<trkpt lat="50.158660" lon="5.660450">
						<ele>303</ele>
						<time>2026-05-21T19:22:55Z</time>
					</trkpt>
					<trkpt lat="50.158760" lon="5.660310">
						<ele>302</ele>
						<time>2026-05-21T19:23:01Z</time>
					</trkpt>
					<trkpt lat="50.158900" lon="5.660170">
						<ele>299</ele>
						<time>2026-05-21T19:23:10Z</time>
					</trkpt>
					<trkpt lat="50.159210" lon="5.660030">
						<ele>291</ele>
						<time>2026-05-21T19:23:26Z</time>
					</trkpt>
					<trkpt lat="50.159640" lon="5.659960">
						<ele>280</ele>
						<time>2026-05-21T19:23:47Z</time>
					</trkpt>
					<trkpt lat="50.159820" lon="5.659870">
						<ele>276</ele>
						<time>2026-05-21T19:23:57Z</time>
					</trkpt>
					<trkpt lat="50.159930" lon="5.659980">
						<ele>273</ele>
						<time>2026-05-21T19:24:03Z</time>
					</trkpt>
					<trkpt lat="50.160130" lon="5.660340">
						<ele>274</ele>
						<time>2026-05-21T19:24:19Z</time>
					</trkpt>
					<trkpt lat="50.159970" lon="5.660550">
						<ele>279</ele>
						<time>2026-05-21T19:24:29Z</time>
					</trkpt>
					<trkpt lat="50.159830" lon="5.660480">
						<ele>281</ele>
						<time>2026-05-21T19:24:36Z</time>
					</trkpt>
					<trkpt lat="50.159760" lon="5.660510">
						<ele>283</ele>
						<time>2026-05-21T19:24:40Z</time>
					</trkpt>
					<trkpt lat="50.159740" lon="5.660610">
						<ele>284</ele>
						<time>2026-05-21T19:24:43Z</time>
					</trkpt>
					<trkpt lat="50.159780" lon="5.660930">
						<ele>288</ele>
						<time>2026-05-21T19:24:54Z</time>
					</trkpt>
					<trkpt lat="50.159690" lon="5.661070">
						<ele>292</ele>
						<time>2026-05-21T19:25:00Z</time>
					</trkpt>
					<trkpt lat="50.159640" lon="5.661490">
						<ele>300</ele>
						<time>2026-05-21T19:25:14Z</time>
					</trkpt>
					<trkpt lat="50.159700" lon="5.661720">
						<ele>304</ele>
						<time>2026-05-21T19:25:22Z</time>
					</trkpt>
					<trkpt lat="50.159740" lon="5.662030">
						<ele>310</ele>
						<time>2026-05-21T19:25:32Z</time>
					</trkpt>
					<trkpt lat="50.159730" lon="5.662300">
						<ele>314</ele>
						<time>2026-05-21T19:25:41Z</time>
					</trkpt>
					<trkpt lat="50.159890" lon="5.662760">
						<ele>323</ele>
						<time>2026-05-21T19:25:57Z</time>
					</trkpt>
					<trkpt lat="50.159990" lon="5.662890">
						<ele>325</ele>
						<time>2026-05-21T19:26:04Z</time>
					</trkpt>
					<trkpt lat="50.160050" lon="5.663030">
						<ele>328</ele>
						<time>2026-05-21T19:26:09Z</time>
					</trkpt>
					<trkpt lat="50.160110" lon="5.663260">
						<ele>332</ele>
						<time>2026-05-21T19:26:17Z</time>
					</trkpt>
					<trkpt lat="50.160210" lon="5.663310">
						<ele>335</ele>
						<time>2026-05-21T19:26:23Z</time>
					</trkpt>
					<trkpt lat="50.160300" lon="5.663420">
						<ele>339</ele>
						<time>2026-05-21T19:26:28Z</time>
					</trkpt>
					<trkpt lat="50.160380" lon="5.663570">
						<ele>343</ele>
						<time>2026-05-21T19:26:35Z</time>
					</trkpt>
					<trkpt lat="50.160700" lon="5.663960">
						<ele>360</ele>
						<time>2026-05-21T19:26:55Z</time>
					</trkpt>
					<trkpt lat="50.160810" lon="5.664050">
						<ele>366</ele>
						<time>2026-05-21T19:27:01Z</time>
					</trkpt>
					<trkpt lat="50.161140" lon="5.664090">
						<ele>369</ele>
						<time>2026-05-21T19:27:18Z</time>
					</trkpt>
					<trkpt lat="50.161280" lon="5.664170">
						<ele>372</ele>
						<time>2026-05-21T19:27:25Z</time>
					</trkpt>
					<trkpt lat="50.161470" lon="5.664210">
						<ele>374</ele>
						<time>2026-05-21T19:27:35Z</time>
					</trkpt>
					<trkpt lat="50.162360" lon="5.664010">
						<ele>379</ele>
						<time>2026-05-21T19:28:20Z</time>
					</trkpt>
					<trkpt lat="50.162470" lon="5.664010">
						<ele>380</ele>
						<time>2026-05-21T19:28:25Z</time>
					</trkpt>
					<trkpt lat="50.162700" lon="5.664170">
						<ele>389</ele>
						<time>2026-05-21T19:28:38Z</time>
					</trkpt>
					<trkpt lat="50.162950" lon="5.664210">
						<ele>395</ele>
						<time>2026-05-21T19:28:50Z</time>
					</trkpt>
					<trkpt lat="50.163270" lon="5.664370">
						<ele>403</ele>
						<time>2026-05-21T19:29:07Z</time>
					</trkpt>
					<trkpt lat="50.163460" lon="5.664580">
						<ele>405</ele>
						<time>2026-05-21T19:29:19Z</time>
					</trkpt>
					<trkpt lat="50.163680" lon="5.664610">
						<ele>406</ele>
						<time>2026-05-21T19:29:30Z</time>
					</trkpt>
					<trkpt lat="50.163690" lon="5.664240">
						<ele>403</ele>
						<time>2026-05-21T19:29:42Z</time>
					</trkpt>
					<trkpt lat="50.163770" lon="5.664060">
						<ele>401</ele>
						<time>2026-05-21T19:29:49Z</time>
					</trkpt>
					<trkpt lat="50.164550" lon="5.663080">
						<ele>385</ele>
						<time>2026-05-21T19:30:39Z</time>
					</trkpt>
					<trkpt lat="50.164970" lon="5.662930">
						<ele>383</ele>
						<time>2026-05-21T19:31:01Z</time>
					</trkpt>
					<trkpt lat="50.165150" lon="5.662930">
						<ele>382</ele>
						<time>2026-05-21T19:31:10Z</time>
					</trkpt>
					<trkpt lat="50.165570" lon="5.662760">
						<ele>378</ele>
						<time>2026-05-21T19:31:31Z</time>
					</trkpt>
					<trkpt lat="50.165610" lon="5.662600">
						<ele>376</ele>
						<time>2026-05-21T19:31:37Z</time>
					</trkpt>
					<trkpt lat="50.165680" lon="5.662510">
						<ele>375</ele>
						<time>2026-05-21T19:31:41Z</time>
					</trkpt>
					<trkpt lat="50.165760" lon="5.662260">
						<ele>371</ele>
						<time>2026-05-21T19:31:50Z</time>
					</trkpt>
					<trkpt lat="50.165770" lon="5.662060">
						<ele>368</ele>
						<time>2026-05-21T19:31:57Z</time>
					</trkpt>
					<trkpt lat="50.165810" lon="5.661950">
						<ele>367</ele>
						<time>2026-05-21T19:32:01Z</time>
					</trkpt>
					<trkpt lat="50.165920" lon="5.661900">
						<ele>368</ele>
						<time>2026-05-21T19:32:06Z</time>
					</trkpt>
					<trkpt lat="50.165970" lon="5.661960">
						<ele>369</ele>
						<time>2026-05-21T19:32:10Z</time>
					</trkpt>
					<trkpt lat="50.166030" lon="5.661980">
						<ele>371</ele>
						<time>2026-05-21T19:32:13Z</time>
					</trkpt>
					<trkpt lat="50.166360" lon="5.661750">
						<ele>376</ele>
						<time>2026-05-21T19:32:31Z</time>
					</trkpt>
					<trkpt lat="50.166670" lon="5.661790">
						<ele>383</ele>
						<time>2026-05-21T19:32:46Z</time>
					</trkpt>
					<trkpt lat="50.166800" lon="5.661680">
						<ele>386</ele>
						<time>2026-05-21T19:32:54Z</time>
					</trkpt>
					<trkpt lat="50.166840" lon="5.661580">
						<ele>386</ele>
						<time>2026-05-21T19:32:58Z</time>
					</trkpt>
					<trkpt lat="50.166880" lon="5.661070">
						<ele>386</ele>
						<time>2026-05-21T19:33:14Z</time>
					</trkpt>
					<trkpt lat="50.166870" lon="5.660850">
						<ele>385</ele>
						<time>2026-05-21T19:33:21Z</time>
					</trkpt>
					<trkpt lat="50.166910" lon="5.660570">
						<ele>383</ele>
						<time>2026-05-21T19:33:30Z</time>
					</trkpt>
					<trkpt lat="50.166990" lon="5.660380">
						<ele>383</ele>
						<time>2026-05-21T19:33:38Z</time>
					</trkpt>
					<trkpt lat="50.167080" lon="5.660270">
						<ele>384</ele>
						<time>2026-05-21T19:33:43Z</time>
					</trkpt>
					<trkpt lat="50.167220" lon="5.660280">
						<ele>388</ele>
						<time>2026-05-21T19:33:50Z</time>
					</trkpt>
					<trkpt lat="50.167470" lon="5.660670">
						<ele>398</ele>
						<time>2026-05-21T19:34:08Z</time>
					</trkpt>
					<trkpt lat="50.167600" lon="5.660800">
						<ele>400</ele>
						<time>2026-05-21T19:34:16Z</time>
					</trkpt>
					<trkpt lat="50.167840" lon="5.660930">
						<ele>400</ele>
						<time>2026-05-21T19:34:28Z</time>
					</trkpt>
					<trkpt lat="50.167940" lon="5.659990">
						<ele>391</ele>
						<time>2026-05-21T19:34:59Z</time>
					</trkpt>
					<trkpt lat="50.167990" lon="5.659740">
						<ele>385</ele>
						<time>2026-05-21T19:35:07Z</time>
					</trkpt>
					<trkpt lat="50.168120" lon="5.659680">
						<ele>383</ele>
						<time>2026-05-21T19:35:14Z</time>
					</trkpt>
					<trkpt lat="50.168300" lon="5.659690">
						<ele>383</ele>
						<time>2026-05-21T19:35:23Z</time>
					</trkpt>
					<trkpt lat="50.168420" lon="5.659670">
						<ele>380</ele>
						<time>2026-05-21T19:35:29Z</time>
					</trkpt>
					<trkpt lat="50.168510" lon="5.659610">
						<ele>376</ele>
						<time>2026-05-21T19:35:34Z</time>
					</trkpt>
					<trkpt lat="50.168510" lon="5.659480">
						<ele>373</ele>
						<time>2026-05-21T19:35:38Z</time>
					</trkpt>
					<trkpt lat="50.168480" lon="5.659390">
						<ele>372</ele>
						<time>2026-05-21T19:35:41Z</time>
					</trkpt>
					<trkpt lat="50.168280" lon="5.659110">
						<ele>369</ele>
						<time>2026-05-21T19:35:55Z</time>
					</trkpt>
					<trkpt lat="50.168160" lon="5.658890">
						<ele>362</ele>
						<time>2026-05-21T19:36:04Z</time>
					</trkpt>
					<trkpt lat="50.168050" lon="5.658800">
						<ele>359</ele>
						<time>2026-05-21T19:36:10Z</time>
					</trkpt>
					<trkpt lat="50.168010" lon="5.658690">
						<ele>356</ele>
						<time>2026-05-21T19:36:14Z</time>
					</trkpt>
					<trkpt lat="50.168020" lon="5.658590">
						<ele>352</ele>
						<time>2026-05-21T19:36:18Z</time>
					</trkpt>
					<trkpt lat="50.168070" lon="5.658560">
						<ele>351</ele>
						<time>2026-05-21T19:36:20Z</time>
					</trkpt>
					<trkpt lat="50.168170" lon="5.658570">
						<ele>351</ele>
						<time>2026-05-21T19:36:25Z</time>
					</trkpt>
					<trkpt lat="50.168550" lon="5.658480">
						<ele>343</ele>
						<time>2026-05-21T19:36:45Z</time>
					</trkpt>
					<trkpt lat="50.168680" lon="5.658500">
						<ele>342</ele>
						<time>2026-05-21T19:36:51Z</time>
					</trkpt>
					<trkpt lat="50.168830" lon="5.658420">
						<ele>337</ele>
						<time>2026-05-21T19:36:59Z</time>
					</trkpt>
					<trkpt lat="50.169130" lon="5.658110">
						<ele>327</ele>
						<time>2026-05-21T19:37:17Z</time>
					</trkpt>
					<trkpt lat="50.169270" lon="5.658060">
						<ele>329</ele>
						<time>2026-05-21T19:37:24Z</time>
					</trkpt>
					<trkpt lat="50.169320" lon="5.657980">
						<ele>329</ele>
						<time>2026-05-21T19:37:28Z</time>
					</trkpt>
					<trkpt lat="50.169330" lon="5.657890">
						<ele>329</ele>
						<time>2026-05-21T19:37:31Z</time>
					</trkpt>
					<trkpt lat="50.169270" lon="5.657740">
						<ele>326</ele>
						<time>2026-05-21T19:37:36Z</time>
					</trkpt>
					<trkpt lat="50.168700" lon="5.656920">
						<ele>316</ele>
						<time>2026-05-21T19:38:15Z</time>
					</trkpt>
					<trkpt lat="50.168670" lon="5.656690">
						<ele>315</ele>
						<time>2026-05-21T19:38:23Z</time>
					</trkpt>
					<trkpt lat="50.168560" lon="5.656730">
						<ele>311</ele>
						<time>2026-05-21T19:38:28Z</time>
					</trkpt>
					<trkpt lat="50.168350" lon="5.656650">
						<ele>303</ele>
						<time>2026-05-21T19:38:39Z</time>
					</trkpt>
					<trkpt lat="50.168150" lon="5.656660">
						<ele>298</ele>
						<time>2026-05-21T19:38:49Z</time>
					</trkpt>
					<trkpt lat="50.168000" lon="5.656620">
						<ele>296</ele>
						<time>2026-05-21T19:38:57Z</time>
					</trkpt>
					<trkpt lat="50.167850" lon="5.656660">
						<ele>292</ele>
						<time>2026-05-21T19:39:04Z</time>
					</trkpt>
					<trkpt lat="50.167530" lon="5.656460">
						<ele>286</ele>
						<time>2026-05-21T19:39:22Z</time>
					</trkpt>
					<trkpt lat="50.167480" lon="5.656530">
						<ele>285</ele>
						<time>2026-05-21T19:39:25Z</time>
					</trkpt>
					<trkpt lat="50.167300" lon="5.656400">
						<ele>281</ele>
						<time>2026-05-21T19:39:35Z</time>
					</trkpt>
					<trkpt lat="50.167090" lon="5.656300">
						<ele>276</ele>
						<time>2026-05-21T19:39:46Z</time>
					</trkpt>
					<trkpt lat="50.166810" lon="5.656210">
						<ele>268</ele>
						<time>2026-05-21T19:40:00Z</time>
					</trkpt>
					<trkpt lat="50.166710" lon="5.656120">
						<ele>265</ele>
						<time>2026-05-21T19:40:06Z</time>
					</trkpt>
					<trkpt lat="50.166660" lon="5.656040">
						<ele>263</ele>
						<time>2026-05-21T19:40:10Z</time>
					</trkpt>
					<trkpt lat="50.166600" lon="5.655790">
						<ele>261</ele>
						<time>2026-05-21T19:40:18Z</time>
					</trkpt>
					<trkpt lat="50.166650" lon="5.655580">
						<ele>260</ele>
						<time>2026-05-21T19:40:25Z</time>
					</trkpt>
					<trkpt lat="50.166680" lon="5.654990">
						<ele>261</ele>
						<time>2026-05-21T19:40:44Z</time>
					</trkpt>
					<trkpt lat="50.166650" lon="5.654400">
						<ele>261</ele>
						<time>2026-05-21T19:41:03Z</time>
					</trkpt>
					<trkpt lat="50.166490" lon="5.653220">
						<ele>266</ele>
						<time>2026-05-21T19:41:42Z</time>
					</trkpt>
					<trkpt lat="50.166310" lon="5.652570">
						<ele>266</ele>
						<time>2026-05-21T19:42:05Z</time>
					</trkpt>
					<trkpt lat="50.166190" lon="5.652030">
						<ele>267</ele>
						<time>2026-05-21T19:42:23Z</time>
					</trkpt>
					<trkpt lat="50.166080" lon="5.651640">
						<ele>265</ele>
						<time>2026-05-21T19:42:37Z</time>
					</trkpt>
					<trkpt lat="50.165930" lon="5.651370">
						<ele>263</ele>
						<time>2026-05-21T19:42:48Z</time>
					</trkpt>
					<trkpt lat="50.165890" lon="5.651120">
						<ele>264</ele>
						<time>2026-05-21T19:42:56Z</time>
					</trkpt>
					<trkpt lat="50.165810" lon="5.650900">
						<ele>263</ele>
						<time>2026-05-21T19:43:05Z</time>
					</trkpt>
					<trkpt lat="50.165670" lon="5.650660">
						<ele>267</ele>
						<time>2026-05-21T19:43:15Z</time>
					</trkpt>
					<trkpt lat="50.165050" lon="5.649830">
						<ele>270</ele>
						<time>2026-05-21T19:43:56Z</time>
					</trkpt>
					<trkpt lat="50.164900" lon="5.649740">
						<ele>270</ele>
						<time>2026-05-21T19:44:04Z</time>
					</trkpt>
					<trkpt lat="50.164250" lon="5.649420">
						<ele>275</ele>
						<time>2026-05-21T19:44:38Z</time>
					</trkpt>
					<trkpt lat="50.163880" lon="5.649380">
						<ele>277</ele>
						<time>2026-05-21T19:44:57Z</time>
					</trkpt>
					<trkpt lat="50.163470" lon="5.649440">
						<ele>278</ele>
						<time>2026-05-21T19:45:17Z</time>
					</trkpt>
					<trkpt lat="50.163130" lon="5.649610">
						<ele>277</ele>
						<time>2026-05-21T19:45:35Z</time>
					</trkpt>
					<trkpt lat="50.162580" lon="5.649950">
						<ele>273</ele>
						<time>2026-05-21T19:46:05Z</time>
					</trkpt>
					<trkpt lat="50.162220" lon="5.650210">
						<ele>276</ele>
						<time>2026-05-21T19:46:24Z</time>
					</trkpt>
					<trkpt lat="50.161640" lon="5.650580">
						<ele>276</ele>
						<time>2026-05-21T19:46:56Z</time>
					</trkpt>
					<trkpt lat="50.161400" lon="5.650820">
						<ele>273</ele>
						<time>2026-05-21T19:47:10Z</time>
					</trkpt>
					<trkpt lat="50.161140" lon="5.651020">
						<ele>276</ele>
						<time>2026-05-21T19:47:25Z</time>
					</trkpt>
					<trkpt lat="50.160980" lon="5.651180">
						<ele>274</ele>
						<time>2026-05-21T19:47:34Z</time>
					</trkpt>
					<trkpt lat="50.160620" lon="5.651600">
						<ele>269</ele>
						<time>2026-05-21T19:47:57Z</time>
					</trkpt>
					<trkpt lat="50.160450" lon="5.651830">
						<ele>270</ele>
						<time>2026-05-21T19:48:08Z</time>
					</trkpt>
					<trkpt lat="50.160050" lon="5.652480">
						<ele>266</ele>
						<time>2026-05-21T19:48:37Z</time>
					</trkpt>
					<trkpt lat="50.159730" lon="5.653050">
						<ele>265</ele>
						<time>2026-05-21T19:49:01Z</time>
					</trkpt>
					<trkpt lat="50.159420" lon="5.653460">
						<ele>264</ele>
						<time>2026-05-21T19:49:21Z</time>
					</trkpt>
					<trkpt lat="50.159070" lon="5.653750">
						<ele>261</ele>
						<time>2026-05-21T19:49:41Z</time>
					</trkpt>
					<trkpt lat="50.158930" lon="5.653750">
						<ele>261</ele>
						<time>2026-05-21T19:49:48Z</time>
					</trkpt>
					<trkpt lat="50.158890" lon="5.653610">
						<ele>265</ele>
						<time>2026-05-21T19:49:53Z</time>
					</trkpt>
					<trkpt lat="50.158870" lon="5.653370">
						<ele>271</ele>
						<time>2026-05-21T19:50:01Z</time>
					</trkpt>
					<trkpt lat="50.159030" lon="5.653120">
						<ele>277</ele>
						<time>2026-05-21T19:50:12Z</time>
					</trkpt>
					<trkpt lat="50.158830" lon="5.653050">
						<ele>280</ele>
						<time>2026-05-21T19:50:22Z</time>
					</trkpt>
					<trkpt lat="50.158800" lon="5.652970">
						<ele>283</ele>
						<time>2026-05-21T19:50:25Z</time>
					</trkpt>
					<trkpt lat="50.158900" lon="5.652790">
						<ele>287</ele>
						<time>2026-05-21T19:50:33Z</time>
					</trkpt>
					<trkpt lat="50.158930" lon="5.652540">
						<ele>295</ele>
						<time>2026-05-21T19:50:41Z</time>
					</trkpt>
					<trkpt lat="50.158780" lon="5.652430">
						<ele>298</ele>
						<time>2026-05-21T19:50:50Z</time>
					</trkpt>
					<trkpt lat="50.158660" lon="5.652380">
						<ele>300</ele>
						<time>2026-05-21T19:50:56Z</time>
					</trkpt>
					<trkpt lat="50.158490" lon="5.652230">
						<ele>305</ele>
						<time>2026-05-21T19:51:05Z</time>
					</trkpt>
					<trkpt lat="50.158420" lon="5.652090">
						<ele>308</ele>
						<time>2026-05-21T19:51:11Z</time>
					</trkpt>
					<trkpt lat="50.158370" lon="5.652040">
						<ele>310</ele>
						<time>2026-05-21T19:51:14Z</time>
					</trkpt>
					<trkpt lat="50.158330" lon="5.651830">
						<ele>314</ele>
						<time>2026-05-21T19:51:21Z</time>
					</trkpt>
					<trkpt lat="50.159000" lon="5.651280">
						<ele>322</ele>
						<time>2026-05-21T19:51:59Z</time>
					</trkpt>
					<trkpt lat="50.159500" lon="5.650960">
						<ele>322</ele>
						<time>2026-05-21T19:52:26Z</time>
					</trkpt>
					<trkpt lat="50.159590" lon="5.650840">
						<ele>323</ele>
						<time>2026-05-21T19:52:32Z</time>
					</trkpt>
					<trkpt lat="50.159880" lon="5.650320">
						<ele>328</ele>
						<time>2026-05-21T19:52:54Z</time>
					</trkpt>
					<trkpt lat="50.160270" lon="5.649890">
						<ele>332</ele>
						<time>2026-05-21T19:53:18Z</time>
					</trkpt>
					<trkpt lat="50.160480" lon="5.649750">
						<ele>332</ele>
						<time>2026-05-21T19:53:29Z</time>
					</trkpt>
					<trkpt lat="50.160670" lon="5.649710">
						<ele>332</ele>
						<time>2026-05-21T19:53:39Z</time>
					</trkpt>
					<trkpt lat="50.160940" lon="5.649740">
						<ele>328</ele>
						<time>2026-05-21T19:53:53Z</time>
					</trkpt>
					<trkpt lat="50.161020" lon="5.649670">
						<ele>327</ele>
						<time>2026-05-21T19:53:57Z</time>
					</trkpt>
					<trkpt lat="50.161040" lon="5.649550">
						<ele>330</ele>
						<time>2026-05-21T19:54:01Z</time>
					</trkpt>
					<trkpt lat="50.161030" lon="5.649350">
						<ele>335</ele>
						<time>2026-05-21T19:54:08Z</time>
					</trkpt>
					<trkpt lat="50.161100" lon="5.649110">
						<ele>338</ele>
						<time>2026-05-21T19:54:16Z</time>
					</trkpt>
					<trkpt lat="50.161220" lon="5.648940">
						<ele>339</ele>
						<time>2026-05-21T19:54:24Z</time>
					</trkpt>
					<trkpt lat="50.161440" lon="5.648780">
						<ele>338</ele>
						<time>2026-05-21T19:54:36Z</time>
					</trkpt>
					<trkpt lat="50.161700" lon="5.648680">
						<ele>338</ele>
						<time>2026-05-21T19:54:50Z</time>
					</trkpt>
					<trkpt lat="50.162040" lon="5.648650">
						<ele>334</ele>
						<time>2026-05-21T19:55:07Z</time>
					</trkpt>
					<trkpt lat="50.162230" lon="5.648610">
						<ele>332</ele>
						<time>2026-05-21T19:55:16Z</time>
					</trkpt>
					<trkpt lat="50.162350" lon="5.648550">
						<ele>333</ele>
						<time>2026-05-21T19:55:23Z</time>
					</trkpt>
					<trkpt lat="50.162670" lon="5.648250">
						<ele>335</ele>
						<time>2026-05-21T19:55:41Z</time>
					</trkpt>
					<trkpt lat="50.162740" lon="5.648140">
						<ele>334</ele>
						<time>2026-05-21T19:55:46Z</time>
					</trkpt>
					<trkpt lat="50.162910" lon="5.648000">
						<ele>332</ele>
						<time>2026-05-21T19:55:56Z</time>
					</trkpt>
					<trkpt lat="50.163200" lon="5.647900">
						<ele>329</ele>
						<time>2026-05-21T19:56:11Z</time>
					</trkpt>
					<trkpt lat="50.163540" lon="5.647850">
						<ele>324</ele>
						<time>2026-05-21T19:56:28Z</time>
					</trkpt>
					<trkpt lat="50.163700" lon="5.647980">
						<ele>320</ele>
						<time>2026-05-21T19:56:37Z</time>
					</trkpt>
					<trkpt lat="50.163930" lon="5.648020">
						<ele>316</ele>
						<time>2026-05-21T19:56:48Z</time>
					</trkpt>
					<trkpt lat="50.163910" lon="5.648080">
						<ele>316</ele>
						<time>2026-05-21T19:56:51Z</time>
					</trkpt>
					<trkpt lat="50.163940" lon="5.648110">
						<ele>316</ele>
						<time>2026-05-21T19:56:52Z</time>
					</trkpt>
					<trkpt lat="50.164030" lon="5.648070">
						<ele>314</ele>
						<time>2026-05-21T19:56:57Z</time>
					</trkpt>
					<trkpt lat="50.164070" lon="5.648080">
						<ele>314</ele>
						<time>2026-05-21T19:56:59Z</time>
					</trkpt>
					<trkpt lat="50.164100" lon="5.648120">
						<ele>313</ele>
						<time>2026-05-21T19:57:01Z</time>
					</trkpt>
					<trkpt lat="50.164250" lon="5.648070">
						<ele>312</ele>
						<time>2026-05-21T19:57:09Z</time>
					</trkpt>
					<trkpt lat="50.164370" lon="5.648110">
						<ele>311</ele>
						<time>2026-05-21T19:57:15Z</time>
					</trkpt>
					<trkpt lat="50.164490" lon="5.648030">
						<ele>310</ele>
						<time>2026-05-21T19:57:21Z</time>
					</trkpt>
					<trkpt lat="50.164560" lon="5.648020">
						<ele>309</ele>
						<time>2026-05-21T19:57:25Z</time>
					</trkpt>
					<trkpt lat="50.164860" lon="5.648260">
						<ele>310</ele>
						<time>2026-05-21T19:57:42Z</time>
					</trkpt>
					<trkpt lat="50.165110" lon="5.648300">
						<ele>310</ele>
						<time>2026-05-21T19:57:54Z</time>
					</trkpt>
					<trkpt lat="50.165340" lon="5.648500">
						<ele>308</ele>
						<time>2026-05-21T19:58:08Z</time>
					</trkpt>
					<trkpt lat="50.165570" lon="5.648850">
						<ele>307</ele>
						<time>2026-05-21T19:58:24Z</time>
					</trkpt>
					<trkpt lat="50.165890" lon="5.649170">
						<ele>310</ele>
						<time>2026-05-21T19:58:43Z</time>
					</trkpt>
					<trkpt lat="50.166000" lon="5.649190">
						<ele>311</ele>
						<time>2026-05-21T19:58:48Z</time>
					</trkpt>
					<trkpt lat="50.166170" lon="5.649080">
						<ele>313</ele>
						<time>2026-05-21T19:58:57Z</time>
					</trkpt>
					<trkpt lat="50.166060" lon="5.648920">
						<ele>312</ele>
						<time>2026-05-21T19:59:05Z</time>
					</trkpt>
					<trkpt lat="50.165910" lon="5.648490">
						<ele>311</ele>
						<time>2026-05-21T19:59:21Z</time>
					</trkpt>
					<trkpt lat="50.165940" lon="5.648320">
						<ele>311</ele>
						<time>2026-05-21T19:59:26Z</time>
					</trkpt>
					<trkpt lat="50.166060" lon="5.648110">
						<ele>310</ele>
						<time>2026-05-21T19:59:35Z</time>
					</trkpt>
					<trkpt lat="50.166140" lon="5.648060">
						<ele>311</ele>
						<time>2026-05-21T19:59:40Z</time>
					</trkpt>
					<trkpt lat="50.166200" lon="5.648070">
						<ele>311</ele>
						<time>2026-05-21T19:59:43Z</time>
					</trkpt>
					<trkpt lat="50.166440" lon="5.648220">
						<ele>313</ele>
						<time>2026-05-21T19:59:56Z</time>
					</trkpt>
					<trkpt lat="50.166510" lon="5.648240">
						<ele>314</ele>
						<time>2026-05-21T19:59:59Z</time>
					</trkpt>
					<trkpt lat="50.166840" lon="5.648670">
						<ele>319</ele>
						<time>2026-05-21T20:00:21Z</time>
					</trkpt>
					<trkpt lat="50.166970" lon="5.648880">
						<ele>322</ele>
						<time>2026-05-21T20:00:30Z</time>
					</trkpt>
					<trkpt lat="50.167000" lon="5.648860">
						<ele>322</ele>
						<time>2026-05-21T20:00:32Z</time>
					</trkpt>
					<trkpt lat="50.167060" lon="5.648900">
						<ele>323</ele>
						<time>2026-05-21T20:00:35Z</time>
					</trkpt>
					<trkpt lat="50.167100" lon="5.649000">
						<ele>324</ele>
						<time>2026-05-21T20:00:39Z</time>
					</trkpt>
					<trkpt lat="50.167220" lon="5.649150">
						<ele>325</ele>
						<time>2026-05-21T20:00:46Z</time>
					</trkpt>
					<trkpt lat="50.167290" lon="5.649170">
						<ele>325</ele>
						<time>2026-05-21T20:00:50Z</time>
					</trkpt>
					<trkpt lat="50.167380" lon="5.649270">
						<ele>327</ele>
						<time>2026-05-21T20:00:55Z</time>
					</trkpt>
					<trkpt lat="50.167430" lon="5.649370">
						<ele>327</ele>
						<time>2026-05-21T20:01:00Z</time>
					</trkpt>
					<trkpt lat="50.167470" lon="5.649380">
						<ele>328</ele>
						<time>2026-05-21T20:01:02Z</time>
					</trkpt>
					<trkpt lat="50.167560" lon="5.649530">
						<ele>330</ele>
						<time>2026-05-21T20:01:08Z</time>
					</trkpt>
					<trkpt lat="50.167700" lon="5.649570">
						<ele>332</ele>
						<time>2026-05-21T20:01:15Z</time>
					</trkpt>
					<trkpt lat="50.167830" lon="5.649670">
						<ele>335</ele>
						<time>2026-05-21T20:01:23Z</time>
					</trkpt>
					<trkpt lat="50.168050" lon="5.649580">
						<ele>338</ele>
						<time>2026-05-21T20:01:34Z</time>
					</trkpt>
					<trkpt lat="50.168050" lon="5.649600">
						<ele>338</ele>
						<time>2026-05-21T20:01:35Z</time>
					</trkpt>
					<trkpt lat="50.168190" lon="5.649580">
						<ele>341</ele>
						<time>2026-05-21T20:01:42Z</time>
					</trkpt>
					<trkpt lat="50.168400" lon="5.649470">
						<ele>344</ele>
						<time>2026-05-21T20:01:53Z</time>
					</trkpt>
					<trkpt lat="50.168490" lon="5.649470">
						<ele>346</ele>
						<time>2026-05-21T20:01:57Z</time>
					</trkpt>
					<trkpt lat="50.168610" lon="5.649410">
						<ele>347</ele>
						<time>2026-05-21T20:02:03Z</time>
					</trkpt>
					<trkpt lat="50.168690" lon="5.649290">
						<ele>348</ele>
						<time>2026-05-21T20:02:09Z</time>
					</trkpt>
					<trkpt lat="50.168750" lon="5.649280">
						<ele>349</ele>
						<time>2026-05-21T20:02:12Z</time>
					</trkpt>
					<trkpt lat="50.168820" lon="5.649220">
						<ele>349</ele>
						<time>2026-05-21T20:02:16Z</time>
					</trkpt>
					<trkpt lat="50.168930" lon="5.649260">
						<ele>351</ele>
						<time>2026-05-21T20:02:22Z</time>
					</trkpt>
					<trkpt lat="50.168960" lon="5.649220">
						<ele>351</ele>
						<time>2026-05-21T20:02:24Z</time>
					</trkpt>
					<trkpt lat="50.169020" lon="5.649220">
						<ele>352</ele>
						<time>2026-05-21T20:02:27Z</time>
					</trkpt>
					<trkpt lat="50.169130" lon="5.649100">
						<ele>354</ele>
						<time>2026-05-21T20:02:33Z</time>
					</trkpt>
					<trkpt lat="50.169400" lon="5.648880">
						<ele>360</ele>
						<time>2026-05-21T20:02:49Z</time>
					</trkpt>
					<trkpt lat="50.169560" lon="5.648650">
						<ele>364</ele>
						<time>2026-05-21T20:03:00Z</time>
					</trkpt>
					<trkpt lat="50.169590" lon="5.648490">
						<ele>366</ele>
						<time>2026-05-21T20:03:05Z</time>
					</trkpt>
					<trkpt lat="50.169680" lon="5.648390">
						<ele>367</ele>
						<time>2026-05-21T20:03:10Z</time>
					</trkpt>
					<trkpt lat="50.169750" lon="5.648350">
						<ele>368</ele>
						<time>2026-05-21T20:03:14Z</time>
					</trkpt>
					<trkpt lat="50.169820" lon="5.648330">
						<ele>368</ele>
						<time>2026-05-21T20:03:18Z</time>
					</trkpt>
					<trkpt lat="50.170040" lon="5.648330">
						<ele>369</ele>
						<time>2026-05-21T20:03:29Z</time>
					</trkpt>
					<trkpt lat="50.170270" lon="5.648360">
						<ele>372</ele>
						<time>2026-05-21T20:03:40Z</time>
					</trkpt>
					<trkpt lat="50.170600" lon="5.648500">
						<ele>375</ele>
						<time>2026-05-21T20:03:57Z</time>
					</trkpt>
					<trkpt lat="50.170890" lon="5.648570">
						<ele>378</ele>
						<time>2026-05-21T20:04:12Z</time>
					</trkpt>
					<trkpt lat="50.171150" lon="5.648790">
						<ele>381</ele>
						<time>2026-05-21T20:04:27Z</time>
					</trkpt>
					<trkpt lat="50.171560" lon="5.648960">
						<ele>386</ele>
						<time>2026-05-21T20:04:48Z</time>
					</trkpt>
					<trkpt lat="50.172090" lon="5.649440">
						<ele>391</ele>
						<time>2026-05-21T20:05:19Z</time>
					</trkpt>
					<trkpt lat="50.172440" lon="5.649780">
						<ele>393</ele>
						<time>2026-05-21T20:05:39Z</time>
					</trkpt>
					<trkpt lat="50.172700" lon="5.650120">
						<ele>394</ele>
						<time>2026-05-21T20:05:56Z</time>
					</trkpt>
					<trkpt lat="50.173000" lon="5.650950">
						<ele>397</ele>
						<time>2026-05-21T20:06:27Z</time>
					</trkpt>
					<trkpt lat="50.173300" lon="5.651580">
						<ele>396</ele>
						<time>2026-05-21T20:06:52Z</time>
					</trkpt>
					<trkpt lat="50.173390" lon="5.651470">
						<ele>396</ele>
						<time>2026-05-21T20:06:58Z</time>
					</trkpt>
					<trkpt lat="50.173430" lon="5.651500">
						<ele>396</ele>
						<time>2026-05-21T20:07:00Z</time>
					</trkpt>
					<trkpt lat="50.173580" lon="5.651480">
						<ele>397</ele>
						<time>2026-05-21T20:07:08Z</time>
					</trkpt>
					<trkpt lat="50.173660" lon="5.651550">
						<ele>398</ele>
						<time>2026-05-21T20:07:12Z</time>
					</trkpt>
					<trkpt lat="50.173840" lon="5.652120">
						<ele>398</ele>
						<time>2026-05-21T20:07:32Z</time>
					</trkpt>
					<trkpt lat="50.173980" lon="5.652800">
						<ele>398</ele>
						<time>2026-05-21T20:07:55Z</time>
					</trkpt>
					<trkpt lat="50.173970" lon="5.652850">
						<ele>398</ele>
						<time>2026-05-21T20:07:57Z</time>
					</trkpt>
					<trkpt lat="50.173860" lon="5.652930">
						<ele>399</ele>
						<time>2026-05-21T20:08:03Z</time>
					</trkpt>
					<trkpt lat="50.173770" lon="5.653080">
						<ele>399</ele>
						<time>2026-05-21T20:08:10Z</time>
					</trkpt>
					<trkpt lat="50.173840" lon="5.653310">
						<ele>400</ele>
						<time>2026-05-21T20:08:18Z</time>
					</trkpt>
					<trkpt lat="50.174090" lon="5.653940">
						<ele>404</ele>
						<time>2026-05-21T20:08:42Z</time>
					</trkpt>
					<trkpt lat="50.174500" lon="5.654700">
						<ele>409</ele>
						<time>2026-05-21T20:09:13Z</time>
					</trkpt>
					<trkpt lat="50.174750" lon="5.655070">
						<ele>410</ele>
						<time>2026-05-21T20:09:31Z</time>
					</trkpt>
					<trkpt lat="50.175300" lon="5.656130">
						<ele>415</ele>
						<time>2026-05-21T20:10:14Z</time>
					</trkpt>
					<trkpt lat="50.175380" lon="5.655860">
						<ele>415</ele>
						<time>2026-05-21T20:10:24Z</time>
					</trkpt>
					<trkpt lat="50.175390" lon="5.655630">
						<ele>413</ele>
						<time>2026-05-21T20:10:31Z</time>
					</trkpt>
					<trkpt lat="50.175320" lon="5.655170">
						<ele>411</ele>
						<time>2026-05-21T20:10:47Z</time>
					</trkpt>
					<trkpt lat="50.175230" lon="5.654810">
						<ele>408</ele>
						<time>2026-05-21T20:10:59Z</time>
					</trkpt>
					<trkpt lat="50.174900" lon="5.654020">
						<ele>404</ele>
						<time>2026-05-21T20:11:29Z</time>
					</trkpt>
					<trkpt lat="50.174700" lon="5.653710">
						<ele>403</ele>
						<time>2026-05-21T20:11:43Z</time>
					</trkpt>
					<trkpt lat="50.174640" lon="5.653530">
						<ele>403</ele>
						<time>2026-05-21T20:11:50Z</time>
					</trkpt>
					<trkpt lat="50.174490" lon="5.652860">
						<ele>401</ele>
						<time>2026-05-21T20:12:12Z</time>
					</trkpt>
					<trkpt lat="50.174090" lon="5.651410">
						<ele>400</ele>
						<time>2026-05-21T20:13:03Z</time>
					</trkpt>
					<trkpt lat="50.173920" lon="5.650390">
						<ele>402</ele>
						<time>2026-05-21T20:13:37Z</time>
					</trkpt>
					<trkpt lat="50.173830" lon="5.650020">
						<ele>403</ele>
						<time>2026-05-21T20:13:50Z</time>
					</trkpt>
					<trkpt lat="50.173520" lon="5.649200">
						<ele>405</ele>
						<time>2026-05-21T20:14:20Z</time>
					</trkpt>
					<trkpt lat="50.172810" lon="5.647870">
						<ele>407</ele>
						<time>2026-05-21T20:15:16Z</time>
					</trkpt>
					<trkpt lat="50.172530" lon="5.647410">
						<ele>407</ele>
						<time>2026-05-21T20:15:36Z</time>
					</trkpt>
					<trkpt lat="50.171780" lon="5.646420">
						<ele>403</ele>
						<time>2026-05-21T20:16:25Z</time>
					</trkpt>
					<trkpt lat="50.172120" lon="5.646080">
						<ele>406</ele>
						<time>2026-05-21T20:16:45Z</time>
					</trkpt>
					<trkpt lat="50.172410" lon="5.645690">
						<ele>407</ele>
						<time>2026-05-21T20:17:04Z</time>
					</trkpt>
					<trkpt lat="50.173470" lon="5.644000">
						<ele>418</ele>
						<time>2026-05-21T20:18:20Z</time>
					</trkpt>
					<trkpt lat="50.173600" lon="5.643910">
						<ele>419</ele>
						<time>2026-05-21T20:18:27Z</time>
					</trkpt>
					<trkpt lat="50.173670" lon="5.643900">
						<ele>419</ele>
						<time>2026-05-21T20:18:31Z</time>
					</trkpt>
					<trkpt lat="50.173810" lon="5.643920">
						<ele>420</ele>
						<time>2026-05-21T20:18:38Z</time>
					</trkpt>
					<trkpt lat="50.173870" lon="5.643960">
						<ele>421</ele>
						<time>2026-05-21T20:18:41Z</time>
					</trkpt>
					<trkpt lat="50.174010" lon="5.644180">
						<ele>423</ele>
						<time>2026-05-21T20:18:51Z</time>
					</trkpt>
					<trkpt lat="50.174150" lon="5.644550">
						<ele>425</ele>
						<time>2026-05-21T20:19:05Z</time>
					</trkpt>
					<trkpt lat="50.174450" lon="5.643680">
						<ele>423</ele>
						<time>2026-05-21T20:19:37Z</time>
					</trkpt>
					<trkpt lat="50.174490" lon="5.643400">
						<ele>422</ele>
						<time>2026-05-21T20:19:46Z</time>
					</trkpt>
					<trkpt lat="50.174440" lon="5.643100">
						<ele>421</ele>
						<time>2026-05-21T20:19:56Z</time>
					</trkpt>
					<trkpt lat="50.173970" lon="5.641600">
						<ele>414</ele>
						<time>2026-05-21T20:20:49Z</time>
					</trkpt>
					<trkpt lat="50.174010" lon="5.641470">
						<ele>413</ele>
						<time>2026-05-21T20:20:54Z</time>
					</trkpt>
					<trkpt lat="50.174160" lon="5.641280">
						<ele>413</ele>
						<time>2026-05-21T20:21:03Z</time>
					</trkpt>
					<trkpt lat="50.174090" lon="5.641020">
						<ele>410</ele>
						<time>2026-05-21T20:21:12Z</time>
					</trkpt>
					<trkpt lat="50.173940" lon="5.640720">
						<ele>404</ele>
						<time>2026-05-21T20:21:25Z</time>
					</trkpt>
					<trkpt lat="50.174000" lon="5.640670">
						<ele>403</ele>
						<time>2026-05-21T20:21:28Z</time>
					</trkpt>
					<trkpt lat="50.174090" lon="5.640640">
						<ele>404</ele>
						<time>2026-05-21T20:21:33Z</time>
					</trkpt>
					<trkpt lat="50.174290" lon="5.640480">
						<ele>402</ele>
						<time>2026-05-21T20:21:44Z</time>
					</trkpt>
					<trkpt lat="50.174390" lon="5.640330">
						<ele>401</ele>
						<time>2026-05-21T20:21:51Z</time>
					</trkpt>
					<trkpt lat="50.174640" lon="5.640180">
						<ele>401</ele>
						<time>2026-05-21T20:22:04Z</time>
					</trkpt>
					<trkpt lat="50.174860" lon="5.639980">
						<ele>401</ele>
						<time>2026-05-21T20:22:17Z</time>
					</trkpt>
					<trkpt lat="50.175000" lon="5.640000">
						<ele>403</ele>
						<time>2026-05-21T20:22:24Z</time>
					</trkpt>
					<trkpt lat="50.175080" lon="5.640040">
						<ele>403</ele>
						<time>2026-05-21T20:22:28Z</time>
					</trkpt>
					<trkpt lat="50.175160" lon="5.640030">
						<ele>402</ele>
						<time>2026-05-21T20:22:32Z</time>
					</trkpt>
					<trkpt lat="50.175310" lon="5.640080">
						<ele>401</ele>
						<time>2026-05-21T20:22:40Z</time>
					</trkpt>
					<trkpt lat="50.175410" lon="5.640150">
						<ele>401</ele>
						<time>2026-05-21T20:22:45Z</time>
					</trkpt>
					<trkpt lat="50.175620" lon="5.640520">
						<ele>402</ele>
						<time>2026-05-21T20:23:01Z</time>
					</trkpt>
					<trkpt lat="50.175970" lon="5.640760">
						<ele>399</ele>
						<time>2026-05-21T20:23:20Z</time>
					</trkpt>
					<trkpt lat="50.176120" lon="5.641250">
						<ele>399</ele>
						<time>2026-05-21T20:23:38Z</time>
					</trkpt>
					<trkpt lat="50.176270" lon="5.641570">
						<ele>399</ele>
						<time>2026-05-21T20:23:51Z</time>
					</trkpt>
					<trkpt lat="50.176430" lon="5.641900">
						<ele>398</ele>
						<time>2026-05-21T20:24:04Z</time>
					</trkpt>
					<trkpt lat="50.176540" lon="5.641950">
						<ele>397</ele>
						<time>2026-05-21T20:24:10Z</time>
					</trkpt>
					<trkpt lat="50.176400" lon="5.641170">
						<ele>391</ele>
						<time>2026-05-21T20:24:35Z</time>
					</trkpt>
					<trkpt lat="50.176370" lon="5.640820">
						<ele>388</ele>
						<time>2026-05-21T20:24:47Z</time>
					</trkpt>
					<trkpt lat="50.176380" lon="5.640560">
						<ele>384</ele>
						<time>2026-05-21T20:24:55Z</time>
					</trkpt>
					<trkpt lat="50.176310" lon="5.640020">
						<ele>379</ele>
						<time>2026-05-21T20:25:13Z</time>
					</trkpt>
					<trkpt lat="50.176000" lon="5.639320">
						<ele>377</ele>
						<time>2026-05-21T20:25:40Z</time>
					</trkpt>
					<trkpt lat="50.175990" lon="5.639210">
						<ele>375</ele>
						<time>2026-05-21T20:25:44Z</time>
					</trkpt>
					<trkpt lat="50.175950" lon="5.639160">
						<ele>376</ele>
						<time>2026-05-21T20:25:46Z</time>
					</trkpt>
					<trkpt lat="50.175870" lon="5.639130">
						<ele>379</ele>
						<time>2026-05-21T20:25:50Z</time>
					</trkpt>
					<trkpt lat="50.175710" lon="5.638610">
						<ele>369</ele>
						<time>2026-05-21T20:26:09Z</time>
					</trkpt>
					<trkpt lat="50.175500" lon="5.637670">
						<ele>347</ele>
						<time>2026-05-21T20:26:41Z</time>
					</trkpt>
					<trkpt lat="50.175350" lon="5.637140">
						<ele>336</ele>
						<time>2026-05-21T20:26:59Z</time>
					</trkpt>
					<trkpt lat="50.175100" lon="5.636440">
						<ele>324</ele>
						<time>2026-05-21T20:27:25Z</time>
					</trkpt>
					<trkpt lat="50.174970" lon="5.635960">
						<ele>315</ele>
						<time>2026-05-21T20:27:42Z</time>
					</trkpt>
					<trkpt lat="50.174860" lon="5.634970">
						<ele>300</ele>
						<time>2026-05-21T20:28:14Z</time>
					</trkpt>
					<trkpt lat="50.174780" lon="5.634560">
						<ele>294</ele>
						<time>2026-05-21T20:28:28Z</time>
					</trkpt>
					<trkpt lat="50.174680" lon="5.634330">
						<ele>290</ele>
						<time>2026-05-21T20:28:37Z</time>
					</trkpt>
					<trkpt lat="50.174510" lon="5.634070">
						<ele>285</ele>
						<time>2026-05-21T20:28:48Z</time>
					</trkpt>
					<trkpt lat="50.174380" lon="5.633730">
						<ele>281</ele>
						<time>2026-05-21T20:29:01Z</time>
					</trkpt>
					<trkpt lat="50.174250" lon="5.633510">
						<ele>278</ele>
						<time>2026-05-21T20:29:11Z</time>
					</trkpt>
					<trkpt lat="50.174090" lon="5.633120">
						<ele>274</ele>
						<time>2026-05-21T20:29:26Z</time>
					</trkpt>
					<trkpt lat="50.173970" lon="5.632900">
						<ele>271</ele>
						<time>2026-05-21T20:29:35Z</time>
					</trkpt>
					<trkpt lat="50.173830" lon="5.632480">
						<ele>270</ele>
						<time>2026-05-21T20:29:50Z</time>
					</trkpt>
					<trkpt lat="50.173820" lon="5.632390">
						<ele>270</ele>
						<time>2026-05-21T20:29:53Z</time>
					</trkpt>
					<trkpt lat="50.173840" lon="5.632310">
						<ele>271</ele>
						<time>2026-05-21T20:29:56Z</time>
					</trkpt>
					<trkpt lat="50.173610" lon="5.631980">
						<ele>272</ele>
						<time>2026-05-21T20:30:11Z</time>
					</trkpt>
					<trkpt lat="50.173700" lon="5.631960">
						<ele>273</ele>
						<time>2026-05-21T20:30:16Z</time>
					</trkpt>
					<trkpt lat="50.173900" lon="5.632030">
						<ele>274</ele>
						<time>2026-05-21T20:30:26Z</time>
					</trkpt>
					<trkpt lat="50.174060" lon="5.632040">
						<ele>275</ele>
						<time>2026-05-21T20:30:34Z</time>
					</trkpt>
					<trkpt lat="50.174280" lon="5.632020">
						<ele>278</ele>
						<time>2026-05-21T20:30:45Z</time>
					</trkpt>
					<trkpt lat="50.174380" lon="5.631930">
						<ele>281</ele>
						<time>2026-05-21T20:30:51Z</time>
					</trkpt>
					<trkpt lat="50.174430" lon="5.631750">
						<ele>282</ele>
						<time>2026-05-21T20:30:57Z</time>
					</trkpt>
					<trkpt lat="50.174550" lon="5.631880">
						<ele>285</ele>
						<time>2026-05-21T20:31:05Z</time>
					</trkpt>
					<trkpt lat="50.174800" lon="5.632240">
						<ele>288</ele>
						<time>2026-05-21T20:31:22Z</time>
					</trkpt>
					<trkpt lat="50.175170" lon="5.632550">
						<ele>296</ele>
						<time>2026-05-21T20:31:43Z</time>
					</trkpt>
					<trkpt lat="50.175420" lon="5.632900">
						<ele>303</ele>
						<time>2026-05-21T20:31:59Z</time>
					</trkpt>
					<trkpt lat="50.176160" lon="5.634980">
						<ele>304</ele>
						<time>2026-05-21T20:33:16Z</time>
					</trkpt>
					<trkpt lat="50.176500" lon="5.635720">
						<ele>307</ele>
						<time>2026-05-21T20:33:45Z</time>
					</trkpt>
					<trkpt lat="50.176690" lon="5.636500">
						<ele>306</ele>
						<time>2026-05-21T20:34:12Z</time>
					</trkpt>
					<trkpt lat="50.176820" lon="5.636880">
						<ele>312</ele>
						<time>2026-05-21T20:34:25Z</time>
					</trkpt>
					<trkpt lat="50.176880" lon="5.637310">
						<ele>315</ele>
						<time>2026-05-21T20:34:39Z</time>
					</trkpt>
					<trkpt lat="50.177290" lon="5.638120">
						<ele>318</ele>
						<time>2026-05-21T20:35:13Z</time>
					</trkpt>
					<trkpt lat="50.177590" lon="5.638640">
						<ele>315</ele>
						<time>2026-05-21T20:35:35Z</time>
					</trkpt>
					<trkpt lat="50.177750" lon="5.638580">
						<ele>317</ele>
						<time>2026-05-21T20:35:43Z</time>
					</trkpt>
					<trkpt lat="50.177920" lon="5.638590">
						<ele>320</ele>
						<time>2026-05-21T20:35:52Z</time>
					</trkpt>
					<trkpt lat="50.178210" lon="5.638510">
						<ele>325</ele>
						<time>2026-05-21T20:36:06Z</time>
					</trkpt>
					<trkpt lat="50.178430" lon="5.638320">
						<ele>332</ele>
						<time>2026-05-21T20:36:19Z</time>
					</trkpt>
					<trkpt lat="50.178800" lon="5.638320">
						<ele>335</ele>
						<time>2026-05-21T20:36:38Z</time>
					</trkpt>
					<trkpt lat="50.179010" lon="5.638360">
						<ele>335</ele>
						<time>2026-05-21T20:36:48Z</time>
					</trkpt>
					<trkpt lat="50.179420" lon="5.638210">
						<ele>337</ele>
						<time>2026-05-21T20:37:09Z</time>
					</trkpt>
					<trkpt lat="50.179750" lon="5.637890">
						<ele>340</ele>
						<time>2026-05-21T20:37:29Z</time>
					</trkpt>
					<trkpt lat="50.180330" lon="5.637170">
						<ele>344</ele>
						<time>2026-05-21T20:38:06Z</time>
					</trkpt>
					<trkpt lat="50.180970" lon="5.636510">
						<ele>346</ele>
						<time>2026-05-21T20:38:44Z</time>
					</trkpt>
					<trkpt lat="50.181300" lon="5.636220">
						<ele>348</ele>
						<time>2026-05-21T20:39:03Z</time>
					</trkpt>
					<trkpt lat="50.181920" lon="5.635590">
						<ele>353</ele>
						<time>2026-05-21T20:39:40Z</time>
					</trkpt>
					<trkpt lat="50.182500" lon="5.635290">
						<ele>354</ele>
						<time>2026-05-21T20:40:11Z</time>
					</trkpt>
					<trkpt lat="50.182980" lon="5.635190">
						<ele>357</ele>
						<time>2026-05-21T20:40:35Z</time>
					</trkpt>
					<trkpt lat="50.183510" lon="5.635410">
						<ele>354</ele>
						<time>2026-05-21T20:41:02Z</time>
					</trkpt>
					<trkpt lat="50.183830" lon="5.635580">
						<ele>355</ele>
						<time>2026-05-21T20:41:19Z</time>
					</trkpt>
					<trkpt lat="50.184100" lon="5.635550">
						<ele>359</ele>
						<time>2026-05-21T20:41:33Z</time>
					</trkpt>
					<trkpt lat="50.184640" lon="5.635550">
						<ele>367</ele>
						<time>2026-05-21T20:42:00Z</time>
					</trkpt>
					<trkpt lat="50.185070" lon="5.635420">
						<ele>377</ele>
						<time>2026-05-21T20:42:22Z</time>
					</trkpt>
					<trkpt lat="50.185430" lon="5.635340">
						<ele>387</ele>
						<time>2026-05-21T20:42:40Z</time>
					</trkpt>
					<trkpt lat="50.185560" lon="5.635800">
						<ele>385</ele>
						<time>2026-05-21T20:42:56Z</time>
					</trkpt>
					<trkpt lat="50.185710" lon="5.636180">
						<ele>384</ele>
						<time>2026-05-21T20:43:10Z</time>
					</trkpt>
					<trkpt lat="50.186100" lon="5.636960">
						<ele>384</ele>
						<time>2026-05-21T20:43:42Z</time>
					</trkpt>
					<trkpt lat="50.186670" lon="5.638330">
						<ele>384</ele>
						<time>2026-05-21T20:44:34Z</time>
					</trkpt>
					<trkpt lat="50.186880" lon="5.638970">
						<ele>386</ele>
						<time>2026-05-21T20:44:57Z</time>
					</trkpt>
					<trkpt lat="50.186950" lon="5.639370">
						<ele>384</ele>
						<time>2026-05-21T20:45:11Z</time>
					</trkpt>
					<trkpt lat="50.187120" lon="5.639710">
						<ele>387</ele>
						<time>2026-05-21T20:45:25Z</time>
					</trkpt>
					<trkpt lat="50.187420" lon="5.640080">
						<ele>393</ele>
						<time>2026-05-21T20:45:44Z</time>
					</trkpt>
					<trkpt lat="50.187690" lon="5.640350">
						<ele>395</ele>
						<time>2026-05-21T20:46:00Z</time>
					</trkpt>
					<trkpt lat="50.187950" lon="5.640680">
						<ele>394</ele>
						<time>2026-05-21T20:46:17Z</time>
					</trkpt>
					<trkpt lat="50.188180" lon="5.640860">
						<ele>396</ele>
						<time>2026-05-21T20:46:29Z</time>
					</trkpt>
					<trkpt lat="50.188730" lon="5.641070">
						<ele>398</ele>
						<time>2026-05-21T20:46:58Z</time>
					</trkpt>
					<trkpt lat="50.188830" lon="5.641080">
						<ele>398</ele>
						<time>2026-05-21T20:47:03Z</time>
					</trkpt>
					<trkpt lat="50.189060" lon="5.641030">
						<ele>401</ele>
						<time>2026-05-21T20:47:14Z</time>
					</trkpt>
					<trkpt lat="50.189460" lon="5.641000">
						<ele>400</ele>
						<time>2026-05-21T20:47:34Z</time>
					</trkpt>
					<trkpt lat="50.189700" lon="5.640880">
						<ele>400</ele>
						<time>2026-05-21T20:47:47Z</time>
					</trkpt>
					<trkpt lat="50.189820" lon="5.640780">
						<ele>401</ele>
						<time>2026-05-21T20:47:54Z</time>
					</trkpt>
					<trkpt lat="50.189860" lon="5.640680">
						<ele>402</ele>
						<time>2026-05-21T20:47:58Z</time>
					</trkpt>
					<trkpt lat="50.189880" lon="5.640360">
						<ele>408</ele>
						<time>2026-05-21T20:48:08Z</time>
					</trkpt>
					<trkpt lat="50.189730" lon="5.640170">
						<ele>413</ele>
						<time>2026-05-21T20:48:18Z</time>
					</trkpt>
					<trkpt lat="50.189520" lon="5.639790">
						<ele>424</ele>
						<time>2026-05-21T20:48:34Z</time>
					</trkpt>
					<trkpt lat="50.189440" lon="5.639680">
						<ele>427</ele>
						<time>2026-05-21T20:48:39Z</time>
					</trkpt>
					<trkpt lat="50.189110" lon="5.639410">
						<ele>437</ele>
						<time>2026-05-21T20:48:58Z</time>
					</trkpt>
					<trkpt lat="50.188880" lon="5.639130">
						<ele>441</ele>
						<time>2026-05-21T20:49:12Z</time>
					</trkpt>
					<trkpt lat="50.188710" lon="5.638970">
						<ele>442</ele>
						<time>2026-05-21T20:49:22Z</time>
					</trkpt>
					<trkpt lat="50.188550" lon="5.638700">
						<ele>444</ele>
						<time>2026-05-21T20:49:34Z</time>
					</trkpt>
					<trkpt lat="50.188440" lon="5.638460">
						<ele>446</ele>
						<time>2026-05-21T20:49:43Z</time>
					</trkpt>
					<trkpt lat="50.188290" lon="5.637910">
						<ele>446</ele>
						<time>2026-05-21T20:50:03Z</time>
					</trkpt>
					<trkpt lat="50.187730" lon="5.636820">
						<ele>439</ele>
						<time>2026-05-21T20:50:47Z</time>
					</trkpt>
					<trkpt lat="50.187630" lon="5.636560">
						<ele>438</ele>
						<time>2026-05-21T20:50:57Z</time>
					</trkpt>
					<trkpt lat="50.187530" lon="5.636180">
						<ele>438</ele>
						<time>2026-05-21T20:51:10Z</time>
					</trkpt>
					<trkpt lat="50.187380" lon="5.633890">
						<ele>428</ele>
						<time>2026-05-21T20:52:24Z</time>
					</trkpt>
					<trkpt lat="50.187310" lon="5.633300">
						<ele>423</ele>
						<time>2026-05-21T20:52:43Z</time>
					</trkpt>
					<trkpt lat="50.188030" lon="5.633170">
						<ele>433</ele>
						<time>2026-05-21T20:53:19Z</time>
					</trkpt>
					<trkpt lat="50.188530" lon="5.631470">
						<ele>435</ele>
						<time>2026-05-21T20:54:19Z</time>
					</trkpt>
					<trkpt lat="50.188620" lon="5.631080">
						<ele>435</ele>
						<time>2026-05-21T20:54:33Z</time>
					</trkpt>
					<trkpt lat="50.188630" lon="5.630880">
						<ele>434</ele>
						<time>2026-05-21T20:54:39Z</time>
					</trkpt>
					<trkpt lat="50.188450" lon="5.630160">
						<ele>428</ele>
						<time>2026-05-21T20:55:04Z</time>
					</trkpt>
					<trkpt lat="50.188400" lon="5.629660">
						<ele>425</ele>
						<time>2026-05-21T20:55:20Z</time>
					</trkpt>
					<trkpt lat="50.188400" lon="5.628990">
						<ele>423</ele>
						<time>2026-05-21T20:55:42Z</time>
					</trkpt>
					<trkpt lat="50.188460" lon="5.628610">
						<ele>424</ele>
						<time>2026-05-21T20:55:54Z</time>
					</trkpt>
					<trkpt lat="50.188230" lon="5.628590">
						<ele>419</ele>
						<time>2026-05-21T20:56:06Z</time>
					</trkpt>
					<trkpt lat="50.187990" lon="5.628660">
						<ele>412</ele>
						<time>2026-05-21T20:56:18Z</time>
					</trkpt>
					<trkpt lat="50.187800" lon="5.628790">
						<ele>406</ele>
						<time>2026-05-21T20:56:28Z</time>
					</trkpt>
					<trkpt lat="50.187410" lon="5.628920">
						<ele>393</ele>
						<time>2026-05-21T20:56:48Z</time>
					</trkpt>
					<trkpt lat="50.187220" lon="5.628940">
						<ele>387</ele>
						<time>2026-05-21T20:56:58Z</time>
					</trkpt>
					<trkpt lat="50.186820" lon="5.628880">
						<ele>375</ele>
						<time>2026-05-21T20:57:18Z</time>
					</trkpt>
					<trkpt lat="50.186620" lon="5.628900">
						<ele>369</ele>
						<time>2026-05-21T20:57:28Z</time>
					</trkpt>
					<trkpt lat="50.186560" lon="5.628860">
						<ele>369</ele>
						<time>2026-05-21T20:57:31Z</time>
					</trkpt>
					<trkpt lat="50.186340" lon="5.628860">
						<ele>365</ele>
						<time>2026-05-21T20:57:42Z</time>
					</trkpt>
					<trkpt lat="50.186270" lon="5.628900">
						<ele>364</ele>
						<time>2026-05-21T20:57:46Z</time>
					</trkpt>
					<trkpt lat="50.186190" lon="5.628990">
						<ele>362</ele>
						<time>2026-05-21T20:57:51Z</time>
					</trkpt>
					<trkpt lat="50.186050" lon="5.629240">
						<ele>358</ele>
						<time>2026-05-21T20:58:01Z</time>
					</trkpt>
					<trkpt lat="50.185840" lon="5.628920">
						<ele>357</ele>
						<time>2026-05-21T20:58:16Z</time>
					</trkpt>
					<trkpt lat="50.185720" lon="5.628860">
						<ele>356</ele>
						<time>2026-05-21T20:58:22Z</time>
					</trkpt>
					<trkpt lat="50.185380" lon="5.628800">
						<ele>355</ele>
						<time>2026-05-21T20:58:40Z</time>
					</trkpt>
					<trkpt lat="50.185140" lon="5.628830">
						<ele>352</ele>
						<time>2026-05-21T20:58:52Z</time>
					</trkpt>
					<trkpt lat="50.185090" lon="5.628800">
						<ele>353</ele>
						<time>2026-05-21T20:58:54Z</time>
					</trkpt>
					<trkpt lat="50.185000" lon="5.628660">
						<ele>354</ele>
						<time>2026-05-21T20:59:01Z</time>
					</trkpt>
					<trkpt lat="50.184750" lon="5.628100">
						<ele>359</ele>
						<time>2026-05-21T20:59:22Z</time>
					</trkpt>
					<trkpt lat="50.184340" lon="5.627290">
						<ele>373</ele>
						<time>2026-05-21T20:59:56Z</time>
					</trkpt>
					<trkpt lat="50.184180" lon="5.627050">
						<ele>378</ele>
						<time>2026-05-21T21:00:07Z</time>
					</trkpt>
					<trkpt lat="50.183540" lon="5.626430">
						<ele>381</ele>
						<time>2026-05-21T21:00:44Z</time>
					</trkpt>
					<trkpt lat="50.183350" lon="5.626210">
						<ele>383</ele>
						<time>2026-05-21T21:00:56Z</time>
					</trkpt>
					<trkpt lat="50.183030" lon="5.625750">
						<ele>387</ele>
						<time>2026-05-21T21:01:18Z</time>
					</trkpt>
					<trkpt lat="50.182780" lon="5.625210">
						<ele>390</ele>
						<time>2026-05-21T21:01:39Z</time>
					</trkpt>
					<trkpt lat="50.182570" lon="5.624670">
						<ele>392</ele>
						<time>2026-05-21T21:02:00Z</time>
					</trkpt>
					<trkpt lat="50.182480" lon="5.624140">
						<ele>394</ele>
						<time>2026-05-21T21:02:17Z</time>
					</trkpt>
					<trkpt lat="50.182400" lon="5.623820">
						<ele>395</ele>
						<time>2026-05-21T21:02:28Z</time>
					</trkpt>
					<trkpt lat="50.182260" lon="5.623480">
						<ele>396</ele>
						<time>2026-05-21T21:02:41Z</time>
					</trkpt>
					<trkpt lat="50.181820" lon="5.622650">
						<ele>399</ele>
						<time>2026-05-21T21:03:16Z</time>
					</trkpt>
					<trkpt lat="50.181610" lon="5.622100">
						<ele>399</ele>
						<time>2026-05-21T21:03:36Z</time>
					</trkpt>
					<trkpt lat="50.181540" lon="5.621830">
						<ele>399</ele>
						<time>2026-05-21T21:03:45Z</time>
					</trkpt>
					<trkpt lat="50.181620" lon="5.620710">
						<ele>400</ele>
						<time>2026-05-21T21:04:22Z</time>
					</trkpt>
					<trkpt lat="50.180610" lon="5.620300">
						<ele>399</ele>
						<time>2026-05-21T21:05:14Z</time>
					</trkpt>
					<trkpt lat="50.180510" lon="5.620280">
						<ele>399</ele>
						<time>2026-05-21T21:05:19Z</time>
					</trkpt>
					<trkpt lat="50.180380" lon="5.620030">
						<ele>399</ele>
						<time>2026-05-21T21:05:29Z</time>
					</trkpt>
					<trkpt lat="50.180290" lon="5.619720">
						<ele>398</ele>
						<time>2026-05-21T21:05:40Z</time>
					</trkpt>
					<trkpt lat="50.180200" lon="5.619530">
						<ele>397</ele>
						<time>2026-05-21T21:05:48Z</time>
					</trkpt>
					<trkpt lat="50.179790" lon="5.619120">
						<ele>396</ele>
						<time>2026-05-21T21:06:12Z</time>
					</trkpt>
					<trkpt lat="50.179620" lon="5.618910">
						<ele>395</ele>
						<time>2026-05-21T21:06:23Z</time>
					</trkpt>
					<trkpt lat="50.179550" lon="5.618610">
						<ele>393</ele>
						<time>2026-05-21T21:06:33Z</time>
					</trkpt>
					<trkpt lat="50.179450" lon="5.617970">
						<ele>388</ele>
						<time>2026-05-21T21:06:54Z</time>
					</trkpt>
					<trkpt lat="50.179610" lon="5.616920">
						<ele>376</ele>
						<time>2026-05-21T21:07:29Z</time>
					</trkpt>
					<trkpt lat="50.179610" lon="5.616600">
						<ele>372</ele>
						<time>2026-05-21T21:07:39Z</time>
					</trkpt>
					<trkpt lat="50.179430" lon="5.616050">
						<ele>367</ele>
						<time>2026-05-21T21:07:59Z</time>
					</trkpt>
					<trkpt lat="50.179160" lon="5.614910">
						<ele>356</ele>
						<time>2026-05-21T21:08:38Z</time>
					</trkpt>
					<trkpt lat="50.179070" lon="5.614160">
						<ele>351</ele>
						<time>2026-05-21T21:09:02Z</time>
					</trkpt>
					<trkpt lat="50.179070" lon="5.613280">
						<ele>346</ele>
						<time>2026-05-21T21:09:30Z</time>
					</trkpt>
					<trkpt lat="50.179140" lon="5.613100">
						<ele>343</ele>
						<time>2026-05-21T21:09:37Z</time>
					</trkpt>
					<trkpt lat="50.179260" lon="5.613050">
						<ele>341</ele>
						<time>2026-05-21T21:09:43Z</time>
					</trkpt>
					<trkpt lat="50.179350" lon="5.613050">
						<ele>339</ele>
						<time>2026-05-21T21:09:48Z</time>
					</trkpt>
					<trkpt lat="50.179670" lon="5.613170">
						<ele>336</ele>
						<time>2026-05-21T21:10:04Z</time>
					</trkpt>
					<trkpt lat="50.180010" lon="5.613110">
						<ele>331</ele>
						<time>2026-05-21T21:10:22Z</time>
					</trkpt>
					<trkpt lat="50.180270" lon="5.613240">
						<ele>328</ele>
						<time>2026-05-21T21:10:35Z</time>
					</trkpt>
					<trkpt lat="50.180440" lon="5.613290">
						<ele>327</ele>
						<time>2026-05-21T21:10:44Z</time>
					</trkpt>
					<trkpt lat="50.180820" lon="5.613620">
						<ele>325</ele>
						<time>2026-05-21T21:11:06Z</time>
					</trkpt>
					<trkpt lat="50.181020" lon="5.613610">
						<ele>325</ele>
						<time>2026-05-21T21:11:16Z</time>
					</trkpt>
					<trkpt lat="50.181150" lon="5.613470">
						<ele>323</ele>
						<time>2026-05-21T21:11:24Z</time>
					</trkpt>
					<trkpt lat="50.181250" lon="5.613250">
						<ele>321</ele>
						<time>2026-05-21T21:11:32Z</time>
					</trkpt>
					<trkpt lat="50.181270" lon="5.613050">
						<ele>318</ele>
						<time>2026-05-21T21:11:39Z</time>
					</trkpt>
					<trkpt lat="50.181220" lon="5.612720">
						<ele>314</ele>
						<time>2026-05-21T21:11:50Z</time>
					</trkpt>
					<trkpt lat="50.181140" lon="5.612470">
						<ele>311</ele>
						<time>2026-05-21T21:11:58Z</time>
					</trkpt>
					<trkpt lat="50.181040" lon="5.611620">
						<ele>293</ele>
						<time>2026-05-21T21:12:26Z</time>
					</trkpt>
					<trkpt lat="50.180850" lon="5.611030">
						<ele>278</ele>
						<time>2026-05-21T21:12:47Z</time>
					</trkpt>
					<trkpt lat="50.180570" lon="5.610320">
						<ele>276</ele>
						<time>2026-05-21T21:13:14Z</time>
					</trkpt>
					<trkpt lat="50.180240" lon="5.608910">
						<ele>260</ele>
						<time>2026-05-21T21:14:02Z</time>
					</trkpt>
					<trkpt lat="50.180220" lon="5.608740">
						<ele>256</ele>
						<time>2026-05-21T21:14:08Z</time>
					</trkpt>
					<trkpt lat="50.180300" lon="5.608550">
						<ele>253</ele>
						<time>2026-05-21T21:14:15Z</time>
					</trkpt>
					<trkpt lat="50.180310" lon="5.608150">
						<ele>245</ele>
						<time>2026-05-21T21:14:28Z</time>
					</trkpt>
					<trkpt lat="50.180660" lon="5.607800">
						<ele>243</ele>
						<time>2026-05-21T21:14:49Z</time>
					</trkpt>
					<trkpt lat="50.180670" lon="5.606680">
						<ele>230</ele>
						<time>2026-05-21T21:15:25Z</time>
					</trkpt>
					<trkpt lat="50.180650" lon="5.606520">
						<ele>230</ele>
						<time>2026-05-21T21:15:30Z</time>
					</trkpt>
					<trkpt lat="50.180600" lon="5.606400">
						<ele>230</ele>
						<time>2026-05-21T21:15:34Z</time>
					</trkpt>
					<trkpt lat="50.180440" lon="5.606360">
						<ele>230</ele>
						<time>2026-05-21T21:15:42Z</time>
					</trkpt>
					<trkpt lat="50.179460" lon="5.606700">
						<ele>230</ele>
						<time>2026-05-21T21:16:33Z</time>
					</trkpt>
					<trkpt lat="50.179250" lon="5.606730">
						<ele>231</ele>
						<time>2026-05-21T21:16:43Z</time>
					</trkpt>
					<trkpt lat="50.178860" lon="5.606720">
						<ele>231</ele>
						<time>2026-05-21T21:17:03Z</time>
					</trkpt>
					<trkpt lat="50.178360" lon="5.606840">
						<ele>231</ele>
						<time>2026-05-21T21:17:28Z</time>
					</trkpt>
					<trkpt lat="50.178000" lon="5.606880">
						<ele>230</ele>
						<time>2026-05-21T21:17:46Z</time>
					</trkpt>
					</trkseg>
				</trk>
			</gpx>