{"type":"FeatureCollection","features":[{"type":"Feature","properties":{"ele":250},"geometry":{"type":"MultiLineString","coordinates":[[[5.57038,50.19655],[5.5704,50.19636],[5.57057,50.19631],[5.57088,50.19636],[5.57123,50.19653],[5.57038,50.19655]],[[5.56705,50.19291],[5.56753,50.19345],[5.56869,50.19404],[5.56907,50.19443],[5.56984,50.19489],[5.56921,50.19521],[5.56871,50.19515],[5.56705,50.19385]],[[5.56705,50.16734],[5.56873,50.16875],[5.57077,50.16992],[5.57167,50.17025],[5.57274,50.17096],[5.57579,50.17249],[5.57746,50.17348],[5.57826,50.17433],[5.57852,50.17484],[5.57866,50.17495],[5.57919,50.17497],[5.57964,50.17473],[5.57991,50.17443],[5.57996,50.17403],[5.58032,50.17371],[5.5812,50.17333],[5.5815,50.17331],[5.58169,50.17338],[5.5818,50.17371],[5.58175,50.17409],[5.58149,50.17475],[5.5812,50.17513],[5.5807,50.17542],[5.5791,50.17598],[5.57799,50.17675],[5.57784,50.17699],[5.57784,50.17776],[5.57834,50.17912],[5.5783,50.17958],[5.57811,50.17996],[5.5781,50.18014],[5.57909,50.18097],[5.57942,50.18103],[5.58125,50.18099],[5.58207,50.18072],[5.58206,50.18041],[5.58159,50.17961],[5.58131,50.17888],[5.58187,50.17732],[5.58218,50.17684],[5.58224,50.17648],[5.58269,50.17604],[5.58431,50.17517],[5.58755,50.17416],[5.59035,50.17394],[5.59121,50.17347],[5.59255,50.17352],[5.59479,50.17316],[5.59604,50.17315],[5.59661,50.17322],[5.59829,50.17369],[5.59967,50.17429],[5.60016,50.17462],[5.60124,50.17596],[5.60145,50.17673],[5.60147,50.177],[5.60125,50.17822],[5.60145,50.17912],[5.60159,50.18045],[5.60221,50.18123],[5.60251,50.18147],[5.60288,50.18161],[5.60337,50.18159],[5.60456,50.18105],[5.60507,50.18073],[5.60522,50.18048],[5.60538,50.17982],[5.60553,50.17784],[5.60544,50.17704],[5.60524,50.17631],[5.60502,50.17589],[5.605,50.1754],[5.60439,50.17433],[5.60404,50.17349],[5.60417,50.1732],[5.60406,50.17296],[5.60409,50.1728],[5.60435,50.1724],[5.60493,50.17178],[5.60567,50.17138],[5.60697,50.17092],[5.60744,50.17086],[5.60788,50.17098],[5.60833,50.17127],[5.60894,50.17207],[5.60905,50.17239],[5.60907,50.17314],[5.60941,50.17388],[5.61001,50.1743],[5.61098,50.17452],[5.61202,50.17452],[5.61313,50.1743],[5.61513,50.17347],[5.6161,50.17284],[5.61634,50.17283],[5.61652,50.17295],[5.61606,50.17348],[5.61581,50.17404],[5.61553,50.17428],[5.61385,50.17519],[5.61325,50.17543],[5.61171,50.17582],[5.61077,50.17592],[5.60952,50.17591],[5.60871,50.17571],[5.60716,50.17486],[5.60718,50.17426],[5.60742,50.17373],[5.6078,50.17318],[5.60774,50.17249],[5.60752,50.17208],[5.60723,50.17198],[5.60682,50.17195],[5.60618,50.17208],[5.60553,50.17287],[5.60557,50.17343],[5.60611,50.17405],[5.60618,50.17465],[5.60731,50.17565],[5.6075,50.176],[5.60815,50.17673],[5.60821,50.17693],[5.60817,50.17766],[5.60835,50.17821],[5.60848,50.17895],[5.6085,50.17971],[5.60862,50.17992],[5.60933,50.18042],[5.6086,50.18059],[5.60788,50.18098],[5.60676,50.18218],[5.60619,50.18264],[5.60556,50.18295],[5.60426,50.18332],[5.60322,50.18336],[5.6021,50.18319],[5.60113,50.18276],[5.60032,50.18214],[5.6,50.18166],[5.59984,50.18117],[5.59983,50.17996],[5.59992,50.17909],[5.59974,50.17857],[5.59914,50.17791],[5.59814,50.17738],[5.59666,50.17626],[5.59622,50.17569],[5.59447,50.17543],[5.59286,50.17561],[5.59162,50.1759],[5.58996,50.17681],[5.58875,50.17714],[5.5875,50.17738],[5.58729,50.17756],[5.58728,50.17773],[5.58745,50.17794],[5.58799,50.1782],[5.58848,50.17902],[5.58848,50.17989],[5.58888,50.18092],[5.58881,50.18105],[5.5887,50.18105],[5.58864,50.1807],[5.58791,50.18012],[5.58756,50.17955],[5.58665,50.17859],[5.58622,50.1783],[5.58577,50.17828],[5.58534,50.1784],[5.58487,50.17874],[5.58456,50.17968],[5.58474,50.18027],[5.58462,50.18095],[5.58443,50.18132],[5.58376,50.1821],[5.58337,50.18238],[5.58213,50.1828],[5.58057,50.18291],[5.57989,50.18291],[5.57831,50.18264],[5.57776,50.18265],[5.57804,50.1832],[5.57871,50.18349],[5.57888,50.18378],[5.57875,50.18386],[5.57854,50.18385],[5.57745,50.18346],[5.57723,50.18364],[5.5772,50.18384],[5.57745,50.18432],[5.57812,50.18486],[5.57858,50.18544],[5.57953,50.18629],[5.57974,50.18666],[5.5798,50.18707],[5.57971,50.18794],[5.57922,50.18903],[5.57788,50.1907],[5.57617,50.19176],[5.57513,50.19217],[5.57292,50.19269],[5.57171,50.19281],[5.57033,50.1927],[5.56952,50.19255],[5.56872,50.19229],[5.56768,50.19211],[5.56753,50.19193],[5.5675,50.1915],[5.56705,50.19115]],[[5.56705,50.16857],[5.56858,50.16929],[5.57025,50.17046],[5.57166,50.17125],[5.5733,50.17237],[5.57561,50.17348],[5.5768,50.17393],[5.57703,50.17406],[5.57719,50.17427],[5.57718,50.17443],[5.57697,50.17481],[5.57657,50.17517],[5.57592,50.176],[5.57586,50.17658],[5.5754,50.17694],[5.57497,50.17698],[5.5748,50.17707],[5.57535,50.17716],[5.57562,50.17736],[5.57558,50.17801],[5.57584,50.17846],[5.57583,50.17856],[5.57544,50.17884],[5.57497,50.17896],[5.57471,50.17958],[5.5737,50.18041],[5.57355,50.18068],[5.57377,50.18221],[5.57377,50.18273],[5.57357,50.18342],[5.57306,50.18377],[5.57302,50.18394],[5.57311,50.18405],[5.57373,50.18431],[5.57387,50.18457],[5.57378,50.18485],[5.57382,50.18502],[5.57429,50.18543],[5.57446,50.18572],[5.5746,50.18621],[5.5748,50.18798],[5.57444,50.18899],[5.57386,50.18958],[5.57343,50.18976],[5.57281,50.18985],[5.57205,50.19016],[5.57118,50.19016],[5.5708,50.18988],[5.57106,50.1895],[5.57104,50.18895],[5.57118,50.18842],[5.57143,50.18798],[5.57163,50.18681],[5.57207,50.18602],[5.57207,50.18463],[5.57223,50.1843],[5.57252,50.18401],[5.57258,50.18378],[5.57209,50.18344],[5.57087,50.18171],[5.5703,50.18124],[5.56982,50.18097],[5.56864,50.18055],[5.56705,50.18024]],[[5.56705,50.18827],[5.56916,50.18664],[5.5697,50.18575],[5.56977,50.18544],[5.56973,50.18517],[5.56953,50.18489],[5.568,50.18354],[5.56755,50.18345],[5.56705,50.18354]],[[5.57663,50.18237],[5.57714,50.18237],[5.57663,50.18237]],[[5.6333,50.17376],[5.6324,50.17323],[5.63207,50.17292],[5.63166,50.17233],[5.63127,50.17124],[5.63024,50.17042],[5.62875,50.16979],[5.62783,50.16961],[5.62704,50.16932],[5.62515,50.16837],[5.6249,50.16839],[5.62452,50.169],[5.62408,50.16907],[5.62372,50.16891],[5.6236,50.16876],[5.62356,50.1685],[5.62373,50.1682],[5.62366,50.16799],[5.6235,50.16787],[5.62317,50.16779],[5.62067,50.16775],[5.61838,50.16753],[5.61748,50.16766],[5.61725,50.16798],[5.6172,50.16832],[5.61755,50.16904],[5.61762,50.16989],[5.61727,50.17093],[5.61728,50.17162],[5.61709,50.17199],[5.61687,50.17201],[5.61663,50.17189],[5.61654,50.17162],[5.61658,50.17072],[5.61607,50.16936],[5.61608,50.16853],[5.61576,50.16794],[5.6158,50.16738],[5.61611,50.16703],[5.61701,50.16637],[5.6177,50.1662],[5.61823,50.16629],[5.61871,50.16654],[5.62494,50.16703],[5.62572,50.16699],[5.62672,50.16673],[5.62791,50.16668],[5.62872,50.1665],[5.62864,50.16731],[5.62887,50.16777],[5.63045,50.16927],[5.63132,50.1698],[5.6316,50.17019],[5.6333,50.17164],[5.63339,50.1715],[5.63333,50.171],[5.63339,50.17068],[5.63373,50.16991],[5.63395,50.16961],[5.63399,50.16932],[5.63415,50.16916],[5.63447,50.169],[5.63539,50.16877],[5.63653,50.1682],[5.6392,50.16722],[5.64063,50.16651],[5.6417,50.16631],[5.64224,50.166],[5.64229,50.16565],[5.64243,50.16541],[5.64401,50.16488],[5.64405,50.16478],[5.64394,50.16443],[5.644,50.16424],[5.64418,50.16406],[5.64457,50.16398],[5.64473,50.16423],[5.64473,50.1644],[5.64402,50.16503],[5.64373,50.16571],[5.6433,50.16611],[5.6419,50.16705],[5.64129,50.16739],[5.63998,50.16793],[5.63787,50.16862],[5.63634,50.16939],[5.63579,50.16959],[5.63557,50.16978],[5.63528,50.17018],[5.63521,50.17048],[5.63536,50.17074],[5.63598,50.17119],[5.63624,50.17151],[5.63647,50.17228],[5.63644,50.17294],[5.63622,50.1732],[5.63492,50.17375],[5.63411,50.17384],[5.6333,50.17376]],[[5.64413,50.16252],[5.64401,50.16221],[5.64407,50.162],[5.64417,50.16193],[5.64452,50.16218],[5.64461,50.1624],[5.64449,50.1626],[5.64413,50.16252]],[[5.65205,50.16105],[5.65205,50.16097],[5.65205,50.16105]],[[5.65788,50.16071],[5.65751,50.16063],[5.65706,50.16037],[5.65693,50.16016],[5.65704,50.15986],[5.65733,50.16019],[5.65791,50.16057],[5.65884,50.1607],[5.65788,50.16071]],[[5.64497,50.15889],[5.64475,50.15873],[5.64477,50.15843],[5.645,50.15801],[5.64543,50.15767],[5.64659,50.15707],[5.64784,50.15679],[5.64836,50.15656],[5.64967,50.15629],[5.65088,50.15625],[5.65182,50.15639],[5.65301,50.15679],[5.65372,50.15737],[5.65072,50.15675],[5.6502,50.15673],[5.64922,50.15683],[5.64663,50.15764],[5.6455,50.15827],[5.64497,50.15889]]]}},{"type":"Feature","properties":{"ele":300},"geometry":{"type":"MultiLineString","coordinates":[[[5.58413,50.20238],[5.58406,50.20237],[5.58413,50.20238]],[[5.56705,50.16324],[5.56742,50.1635],[5.56806,50.16419],[5.56845,50.16516],[5.56845,50.16548],[5.56804,50.16641],[5.56808,50.16669],[5.56832,50.16709],[5.5691,50.16769],[5.56957,50.16818],[5.57161,50.16932],[5.57226,50.16957],[5.57289,50.17014],[5.57455,50.17109],[5.5767,50.17209],[5.579,50.17338],[5.57937,50.17347],[5.57968,50.17341],[5.58001,50.17322],[5.57981,50.1729],[5.57979,50.17266],[5.58051,50.17151],[5.58052,50.17124],[5.58038,50.17098],[5.58095,50.17043],[5.58122,50.16968],[5.58165,50.16908],[5.58205,50.16874],[5.58324,50.16845],[5.58459,50.16718],[5.58635,50.16632],[5.58635,50.16618],[5.58573,50.16573],[5.58575,50.16544],[5.58671,50.1653],[5.58715,50.16517],[5.58747,50.16476],[5.58758,50.16412],[5.58771,50.16395],[5.58797,50.16386],[5.58952,50.16367],[5.59161,50.1636],[5.59244,50.16337],[5.59365,50.1629],[5.59457,50.16276],[5.59468,50.16288],[5.59466,50.16299],[5.59437,50.16321],[5.59375,50.1635],[5.59291,50.16358],[5.59176,50.16394],[5.58992,50.16421],[5.58924,50.16496],[5.5891,50.16539],[5.58876,50.16575],[5.5887,50.16623],[5.58849,50.16656],[5.58799,50.16689],[5.58706,50.16735],[5.58621,50.16764],[5.58582,50.16794],[5.58572,50.16826],[5.58586,50.16876],[5.58581,50.16905],[5.58412,50.17041],[5.5841,50.17071],[5.58421,50.17101],[5.5837,50.17125],[5.58355,50.17148],[5.58325,50.17261],[5.58312,50.17371],[5.58302,50.17398],[5.58305,50.17416],[5.58326,50.1744],[5.58369,50.17456],[5.58488,50.17441],[5.58743,50.17346],[5.58822,50.17337],[5.58926,50.17303],[5.59039,50.17294],[5.59077,50.17257],[5.59109,50.17249],[5.59223,50.17259],[5.59411,50.1724],[5.59526,50.17237],[5.59776,50.17272],[5.59912,50.17321],[5.60118,50.17418],[5.60132,50.1743],[5.60132,50.17457],[5.60141,50.17475],[5.60203,50.17516],[5.60231,50.17548],[5.60266,50.17603],[5.603,50.17735],[5.60291,50.17822],[5.60295,50.17902],[5.60311,50.17954],[5.60332,50.17987],[5.60409,50.17979],[5.60426,50.17963],[5.60432,50.17936],[5.60436,50.17832],[5.60425,50.17697],[5.60382,50.17558],[5.60365,50.17471],[5.60326,50.1737],[5.60319,50.17294],[5.60326,50.17235],[5.60352,50.1721],[5.60373,50.17161],[5.60407,50.17127],[5.60413,50.17097],[5.60491,50.17067],[5.60531,50.17041],[5.60622,50.17015],[5.60713,50.17007],[5.60785,50.17015],[5.60915,50.1707],[5.61012,50.1716],[5.61083,50.17261],[5.61123,50.17292],[5.61171,50.17306],[5.61239,50.1731],[5.6133,50.17292],[5.61496,50.17202],[5.61534,50.17156],[5.61539,50.17125],[5.61526,50.17089],[5.61517,50.16999],[5.61483,50.16933],[5.61518,50.16853],[5.61504,50.16787],[5.61508,50.16742],[5.61552,50.16662],[5.61614,50.16601],[5.61635,50.16561],[5.61699,50.16511],[5.6176,50.16496],[5.61878,50.16485],[5.62001,50.16514],[5.62061,50.1657],[5.62121,50.16601],[5.62251,50.16632],[5.62416,50.16647],[5.62571,50.16635],[5.62662,50.16598],[5.62705,50.1657],[5.62795,50.16552],[5.62805,50.16534],[5.62807,50.16496],[5.62785,50.16458],[5.62807,50.16429],[5.62814,50.16367],[5.62843,50.16317],[5.6283,50.16266],[5.62799,50.16232],[5.6279,50.16197],[5.62788,50.16181],[5.62815,50.16117],[5.6278,50.16069],[5.62772,50.16041],[5.62784,50.16009],[5.62825,50.1595],[5.62871,50.15899],[5.62882,50.15907],[5.62888,50.15956],[5.62929,50.15983],[5.62939,50.16002],[5.62934,50.1602],[5.62899,50.16065],[5.62876,50.16141],[5.62891,50.16179],[5.62936,50.16228],[5.62953,50.16303],[5.6299,50.16353],[5.62989,50.16374],[5.62962,50.16409],[5.62987,50.16438],[5.6313,50.16445],[5.63202,50.16437],[5.63327,50.16488],[5.63437,50.16507],[5.63496,50.16526],[5.63535,50.16526],[5.63581,50.16513],[5.63618,50.16548],[5.63655,50.16625],[5.63682,50.16632],[5.63786,50.16641],[5.63854,50.16632],[5.63884,50.16624],[5.63954,50.1657],[5.64048,50.16571],[5.64068,50.16548],[5.64082,50.16505],[5.64116,50.16484],[5.64205,50.16459],[5.64236,50.16433],[5.64241,50.16403],[5.64292,50.16377],[5.64302,50.1636],[5.64304,50.16284],[5.64267,50.162],[5.64264,50.16155],[5.64253,50.16127],[5.64277,50.16065],[5.64278,50.15992],[5.64311,50.15912],[5.64432,50.15739],[5.64456,50.15714],[5.6449,50.15694],[5.64574,50.1565],[5.64666,50.15622],[5.64958,50.15559],[5.65036,50.15552],[5.65176,50.1556],[5.65265,50.15581],[5.65331,50.15606],[5.65412,50.15654],[5.65526,50.15772],[5.65578,50.15797],[5.65669,50.15744],[5.65711,50.15684],[5.65718,50.15641],[5.65709,50.15597],[5.65649,50.15543],[5.65532,50.15461],[5.65411,50.154],[5.65223,50.15376],[5.65224,50.15364],[5.65258,50.15326],[5.65257,50.15308],[5.65248,50.15292],[5.65124,50.15177],[5.65106,50.15117],[5.65103,50.15048],[5.65113,50.1501],[5.65162,50.1496],[5.65199,50.14902],[5.65199,50.14877],[5.65175,50.14824],[5.65354,50.14808],[5.6539,50.14794],[5.65403,50.14766],[5.65387,50.14734],[5.65253,50.14671],[5.6518,50.14616],[5.65159,50.14599],[5.65166,50.14582],[5.65238,50.14591],[5.65535,50.14683],[5.65579,50.14674],[5.65704,50.14625],[5.65781,50.14615],[5.65875,50.14625],[5.65947,50.14654],[5.65972,50.14675],[5.65997,50.1471],[5.65999,50.14738],[5.65958,50.14821],[5.65828,50.14928],[5.65771,50.14961],[5.6573,50.15012],[5.65679,50.15042],[5.65663,50.1507],[5.65705,50.15154],[5.65738,50.15193],[5.65828,50.1527],[5.65911,50.15307],[5.65979,50.15311],[5.66004,50.15302],[5.66076,50.15231],[5.66096,50.15141],[5.66184,50.15021],[5.66241,50.1498],[5.66328,50.14949],[5.66531,50.14965],[5.66591,50.14983],[5.66639,50.15018],[5.66723,50.15025],[5.66788,50.15046],[5.66802,50.15036],[5.66805,50.15012],[5.66743,50.14959],[5.66756,50.14952],[5.66793,50.14954],[5.66812,50.14991],[5.66873,50.15011],[5.66893,50.15034],[5.66888,50.15052],[5.66841,50.1507],[5.66836,50.15079],[5.66874,50.15138],[5.66906,50.15156],[5.66954,50.15125],[5.67017,50.15103],[5.67038,50.1507],[5.67205,50.15127],[5.67328,50.15084],[5.67353,50.15058],[5.67392,50.14985],[5.67413,50.14876],[5.67394,50.14815],[5.67404,50.14756],[5.67404,50.14687],[5.67429,50.14617],[5.67444,50.1452],[5.67432,50.1445],[5.67456,50.1432],[5.67436,50.1427],[5.67428,50.1419],[5.67414,50.14152],[5.67317,50.14144],[5.67246,50.14165],[5.6722,50.14193],[5.67177,50.14308],[5.67105,50.144],[5.66998,50.14488],[5.66831,50.14543],[5.66705,50.14543],[5.6665,50.14529],[5.66586,50.14503],[5.66487,50.14441],[5.66444,50.14405],[5.66401,50.14348],[5.66386,50.14197],[5.66393,50.14173],[5.66423,50.14132],[5.66461,50.14101],[5.66536,50.14068],[5.66577,50.14037],[5.66668,50.14019],[5.66711,50.13992],[5.66792,50.1396],[5.66833,50.13935],[5.66858,50.13902],[5.6687,50.13846],[5.66862,50.13742],[5.66854,50.13714],[5.66829,50.13682],[5.66704,50.13598],[5.66753,50.13588],[5.66831,50.13626],[5.66875,50.1363],[5.66955,50.13609],[5.67044,50.13571],[5.67182,50.13554],[5.67298,50.13575],[5.67587,50.13679],[5.67697,50.13692],[5.67775,50.13678],[5.67834,50.1363],[5.67825,50.13599],[5.67742,50.13545],[5.67709,50.13512],[5.67686,50.13454],[5.67687,50.13259],[5.67716,50.13169],[5.6768,50.13006],[5.67678,50.12933],[5.67663,50.12875],[5.67681,50.12846],[5.67699,50.12783],[5.67753,50.12686],[5.67747,50.12667],[5.67711,50.12621],[5.67682,50.126],[5.67577,50.12555],[5.67442,50.12529],[5.67249,50.12528],[5.67187,50.12521],[5.67084,50.12485],[5.67068,50.1245],[5.67072,50.12339],[5.67093,50.1227],[5.67126,50.12214],[5.67121,50.1218],[5.67174,50.12061],[5.67183,50.1194],[5.67241,50.11816],[5.67298,50.11718],[5.67329,50.11695],[5.67449,50.11647],[5.67504,50.11602],[5.67668,50.11543],[5.67788,50.11402],[5.67873,50.11458],[5.67932,50.1148],[5.68104,50.11501],[5.68165,50.11487],[5.68174,50.11513],[5.6817,50.11538],[5.6813,50.11561],[5.68077,50.11566],[5.67999,50.1156],[5.67874,50.11526],[5.67833,50.11527],[5.6778,50.1154],[5.67746,50.11562],[5.67666,50.11636],[5.67497,50.11736],[5.67387,50.11821],[5.6732,50.11901],[5.67292,50.1196],[5.67248,50.12019],[5.67243,50.12043],[5.67256,50.12121],[5.67247,50.12154],[5.67221,50.12197],[5.67231,50.12249],[5.67215,50.12412],[5.67228,50.12435],[5.6726,50.12445],[5.67369,50.12445],[5.67579,50.12462],[5.67742,50.12524],[5.67837,50.12584],[5.67874,50.1264],[5.67898,50.12728],[5.6789,50.12766],[5.67837,50.12829],[5.67834,50.12895],[5.67889,50.13016],[5.67949,50.1308],[5.68005,50.13087],[5.68077,50.13059],[5.68124,50.13016],[5.68207,50.12987],[5.6829,50.1294],[5.68303,50.12902],[5.68329,50.12875],[5.68437,50.12862],[5.68468,50.12851],[5.68485,50.12825],[5.68488,50.12766],[5.6856,50.12662],[5.68571,50.12621],[5.6868,50.12544],[5.68838,50.12499],[5.69044,50.12486],[5.69171,50.12502],[5.69252,50.12522],[5.69329,50.12572],[5.69366,50.12655],[5.69359,50.12714],[5.69375,50.12798],[5.69363,50.12874],[5.69297,50.12963],[5.6928,50.13015],[5.69206,50.13057],[5.69161,50.13097],[5.69175,50.13214],[5.6919,50.13238],[5.69286,50.1326],[5.69354,50.13246],[5.6938,50.13248],[5.69504,50.13318],[5.69619,50.13342],[5.69731,50.13316],[5.69826,50.13278],[5.69945,50.13202],[5.70003,50.13183],[5.70072,50.13176],[5.70161,50.13189],[5.7021,50.13205],[5.7024,50.13298],[5.70245,50.13349],[5.70317,50.13405],[5.7037,50.13432],[5.70489,50.1347],[5.70581,50.13488],[5.70734,50.13498],[5.70791,50.13497],[5.70856,50.13479],[5.7094,50.13426],[5.71001,50.13377],[5.71104,50.13336],[5.71125,50.13336],[5.71139,50.13347],[5.71072,50.13401],[5.71008,50.1347],[5.70942,50.13483],[5.70844,50.13545],[5.70583,50.13571],[5.70452,50.13556],[5.70329,50.1352],[5.70165,50.13459],[5.70092,50.13401],[5.70072,50.13343],[5.70037,50.13307],[5.69916,50.13331],[5.69876,50.13351],[5.69846,50.13379],[5.69788,50.13405],[5.69666,50.134],[5.69577,50.13413],[5.69531,50.13412],[5.69339,50.13375],[5.69165,50.13292],[5.69095,50.13186],[5.69082,50.13152],[5.69079,50.13095],[5.69108,50.13018],[5.69145,50.12987],[5.69163,50.12952],[5.69232,50.12895],[5.69278,50.12832],[5.69269,50.12784],[5.69269,50.12707],[5.69245,50.12663],[5.69129,50.12578],[5.6901,50.12566],[5.68885,50.12586],[5.68747,50.12636],[5.68707,50.12655],[5.68685,50.1268],[5.68642,50.12742],[5.6858,50.12875],[5.68516,50.12953],[5.68466,50.12989],[5.68322,50.13064],[5.68284,50.13092],[5.68221,50.13179],[5.68184,50.13262],[5.68163,50.13288],[5.68002,50.13379],[5.67861,50.13438],[5.67853,50.13463],[5.67915,50.13513],[5.67952,50.13573],[5.67965,50.13614],[5.67958,50.13688],[5.67917,50.1374],[5.67872,50.13765],[5.6779,50.13793],[5.67577,50.13817],[5.67467,50.1379],[5.67242,50.13699],[5.6715,50.13687],[5.67109,50.13691],[5.67071,50.13709],[5.67038,50.13746],[5.6703,50.13777],[5.6703,50.13902],[5.67017,50.1394],[5.66993,50.13974],[5.66874,50.14057],[5.66746,50.14124],[5.66614,50.1418],[5.66574,50.14207],[5.66566,50.14235],[5.6657,50.14265],[5.66624,50.14346],[5.66665,50.14375],[5.66703,50.1439],[5.66795,50.14407],[5.66866,50.14367],[5.66954,50.14291],[5.66991,50.14204],[5.67001,50.141],[5.67033,50.14039],[5.67099,50.13988],[5.67205,50.13931],[5.6726,50.13921],[5.67325,50.13925],[5.67458,50.13987],[5.67553,50.1406],[5.67598,50.14107],[5.67668,50.14209],[5.67689,50.14256],[5.67705,50.1432],[5.67695,50.14425],[5.6772,50.14457],[5.67831,50.14482],[5.67913,50.14516],[5.67962,50.14499],[5.68005,50.14459],[5.67995,50.1443],[5.68041,50.14431],[5.68079,50.1446],[5.68241,50.14447],[5.68256,50.14457],[5.68258,50.14481],[5.68176,50.14544],[5.68161,50.1457],[5.68157,50.14603],[5.68125,50.14655],[5.68001,50.14617],[5.67953,50.14572],[5.679,50.14549],[5.67812,50.14559],[5.67708,50.14551],[5.67656,50.14565],[5.6765,50.14624],[5.67671,50.14735],[5.67622,50.14794],[5.67603,50.14832],[5.676,50.14898],[5.67576,50.1493],[5.67571,50.1495],[5.6758,50.15043],[5.67545,50.1516],[5.67497,50.15265],[5.67456,50.15294],[5.67367,50.15316],[5.6726,50.15363],[5.67168,50.15379],[5.67052,50.15381],[5.66916,50.15362],[5.66566,50.15238],[5.66482,50.15183],[5.66417,50.15116],[5.66374,50.15104],[5.66329,50.15125],[5.66318,50.15207],[5.66289,50.15321],[5.66206,50.15404],[5.66162,50.15431],[5.66081,50.15459],[5.6602,50.15467],[5.6589,50.15464],[5.65868,50.15472],[5.65864,50.15497],[5.65939,50.15603],[5.65963,50.15686],[5.65934,50.15777],[5.65853,50.15878],[5.65835,50.15919],[5.65836,50.15936],[5.65863,50.15966],[5.65909,50.15975],[5.65945,50.15952],[5.65993,50.159],[5.66047,50.15896],[5.66074,50.1593],[5.66076,50.15989],[5.66166,50.16032],[5.6619,50.16058],[5.66209,50.16146],[5.66208,50.16175],[5.66195,50.16208],[5.66171,50.16243],[5.65966,50.16438],[5.65912,50.16536],[5.65727,50.16687],[5.65698,50.16734],[5.65697,50.16808],[5.65682,50.16827],[5.65655,50.16829],[5.65611,50.16796],[5.65583,50.16762],[5.65551,50.1675],[5.65294,50.16735],[5.652,50.16713],[5.65083,50.16669],[5.65019,50.16632],[5.64952,50.16572],[5.64889,50.16482],[5.64881,50.1645],[5.64884,50.16374],[5.64933,50.16294],[5.64947,50.16255],[5.65079,50.16069],[5.6515,50.1601],[5.65227,50.1596],[5.65257,50.15931],[5.65287,50.15867],[5.65289,50.15847],[5.65272,50.15819],[5.65241,50.15794],[5.65197,50.15776],[5.65051,50.15752],[5.64921,50.15767],[5.6475,50.15817],[5.64691,50.15849],[5.64612,50.1593],[5.64563,50.1603],[5.64547,50.16114],[5.64592,50.16235],[5.64608,50.16373],[5.64719,50.16483],[5.64758,50.16565],[5.64755,50.16603],[5.64741,50.1661],[5.64705,50.16599],[5.64616,50.16544],[5.64581,50.16538],[5.64538,50.16542],[5.64454,50.16594],[5.64376,50.16667],[5.64217,50.16769],[5.64052,50.1685],[5.63917,50.16879],[5.63783,50.16957],[5.63763,50.16996],[5.63813,50.17127],[5.63821,50.17277],[5.63809,50.17325],[5.63709,50.17404],[5.63677,50.1742],[5.63489,50.17447],[5.63452,50.17458],[5.63409,50.17487],[5.63427,50.17513],[5.63506,50.17569],[5.63577,50.17602],[5.63639,50.17644],[5.63644,50.17653],[5.63635,50.1766],[5.63572,50.17657],[5.63192,50.17517],[5.62999,50.17512],[5.62918,50.17532],[5.62833,50.17573],[5.62785,50.17624],[5.62788,50.17654],[5.62834,50.17732],[5.62846,50.17801],[5.62862,50.17839],[5.62856,50.17857],[5.62829,50.17877],[5.62779,50.1785],[5.62735,50.17799],[5.62709,50.17737],[5.6266,50.17656],[5.62632,50.17624],[5.62629,50.17566],[5.62584,50.17542],[5.62493,50.17528],[5.62474,50.17515],[5.62458,50.17483],[5.6238,50.17473],[5.62344,50.17461],[5.62343,50.1745],[5.62366,50.17424],[5.62415,50.17404],[5.62412,50.17396],[5.62307,50.17389],[5.62274,50.17372],[5.62263,50.17346],[5.6226,50.17315],[5.62276,50.17243],[5.62374,50.17149],[5.62368,50.17127],[5.62306,50.17072],[5.62289,50.17036],[5.6226,50.17006],[5.62246,50.16972],[5.62163,50.16941],[5.62127,50.16876],[5.62045,50.16841],[5.61913,50.16848],[5.61868,50.16875],[5.61871,50.16904],[5.61893,50.16943],[5.61901,50.16978],[5.61859,50.17048],[5.61849,50.17103],[5.61853,50.17166],[5.61838,50.17231],[5.61797,50.17293],[5.61684,50.17412],[5.61538,50.17519],[5.61372,50.17595],[5.61182,50.17644],[5.61,50.17669],[5.60959,50.17687],[5.60953,50.17793],[5.60993,50.17923],[5.60996,50.1796],[5.61029,50.17989],[5.61172,50.18038],[5.61198,50.18117],[5.61187,50.18145],[5.61124,50.18183],[5.61093,50.18188],[5.61042,50.18183],[5.60958,50.18162],[5.6091,50.18167],[5.6085,50.18234],[5.60813,50.18262],[5.60491,50.18453],[5.60468,50.18482],[5.60457,50.18516],[5.60413,50.18518],[5.60284,50.18493],[5.60176,50.1843],[5.60084,50.18357],[5.60012,50.18317],[5.5998,50.18259],[5.59934,50.18204],[5.59908,50.18138],[5.59902,50.18006],[5.59914,50.1793],[5.59903,50.17901],[5.59875,50.17867],[5.59836,50.17846],[5.59785,50.17833],[5.59707,50.17791],[5.59615,50.17765],[5.59585,50.17736],[5.59417,50.17679],[5.59322,50.17706],[5.59308,50.1774],[5.59278,50.17763],[5.59128,50.17829],[5.59048,50.17904],[5.58982,50.17949],[5.58965,50.17989],[5.58995,50.18043],[5.59149,50.18132],[5.59366,50.18239],[5.59408,50.18268],[5.59456,50.18319],[5.59471,50.18353],[5.59468,50.18409],[5.59482,50.18471],[5.59485,50.18561],[5.59463,50.1862],[5.59505,50.18651],[5.59495,50.18672],[5.59458,50.18678],[5.59418,50.18672],[5.59371,50.18627],[5.5933,50.18571],[5.59322,50.18544],[5.59323,50.18512],[5.59341,50.18484],[5.59337,50.1846],[5.59283,50.18408],[5.59113,50.18336],[5.58917,50.18232],[5.58812,50.18194],[5.58706,50.18141],[5.58577,50.18148],[5.58495,50.18204],[5.58423,50.18271],[5.58336,50.18302],[5.58247,50.18346],[5.58109,50.18374],[5.58102,50.18388],[5.58107,50.18406],[5.58232,50.18547],[5.58312,50.18589],[5.58416,50.18616],[5.58426,50.1863],[5.5839,50.18636],[5.58348,50.18628],[5.58327,50.18616],[5.58275,50.18623],[5.58122,50.18598],[5.5808,50.18604],[5.58066,50.18631],[5.58087,50.18805],[5.58055,50.18873],[5.57974,50.18982],[5.57951,50.19037],[5.57864,50.19155],[5.57784,50.19209],[5.57592,50.19294],[5.57205,50.19402],[5.57188,50.1943],[5.57183,50.19454],[5.57247,50.19542],[5.57256,50.19593],[5.57287,50.19683],[5.57342,50.19792],[5.57367,50.19826],[5.57462,50.19893],[5.57692,50.20011],[5.57834,50.20068],[5.57959,50.20108],[5.5812,50.20122],[5.58236,50.20153],[5.58317,50.20186],[5.58341,50.20205],[5.58337,50.20213],[5.58293,50.20215],[5.58248,50.20205],[5.58178,50.20209],[5.57957,50.20178],[5.57912,50.20193],[5.5783,50.20143],[5.57677,50.20109],[5.57571,50.2006],[5.57365,50.19995],[5.57201,50.19904],[5.57123,50.19844],[5.57015,50.19796],[5.56986,50.19762],[5.56913,50.1971],[5.56897,50.19669],[5.5682,50.19602],[5.56795,50.19569],[5.56705,50.19508]],[[5.56705,50.16967],[5.56805,50.17015],[5.56961,50.17116],[5.57031,50.17144],[5.57083,50.17153],[5.57105,50.17189],[5.57344,50.17317],[5.5743,50.17375],[5.57448,50.17407],[5.57507,50.17429],[5.57555,50.17459],[5.57374,50.17577],[5.57223,50.17637],[5.57094,50.17652],[5.57015,50.17703],[5.57017,50.17714],[5.57058,50.17738],[5.57249,50.1783],[5.57296,50.17874],[5.5728,50.17901],[5.57273,50.17933],[5.57243,50.17966],[5.57226,50.18037],[5.57231,50.1807],[5.57275,50.1812],[5.5729,50.18151],[5.57289,50.18183],[5.57256,50.18211],[5.57244,50.18213],[5.57203,50.18191],[5.57129,50.18125],[5.56918,50.18023],[5.5679,50.17983],[5.56705,50.17974]],[[5.62747,50.17433],[5.62704,50.17405],[5.62663,50.17348],[5.62629,50.17263],[5.62609,50.17079],[5.62618,50.17064],[5.62744,50.17079],[5.62838,50.17065],[5.62872,50.1707],[5.62919,50.17091],[5.62995,50.17137],[5.63039,50.1718],[5.63095,50.17308],[5.63101,50.17345],[5.6308,50.17361],[5.62918,50.17385],[5.62874,50.17413],[5.62824,50.1743],[5.62747,50.17433]],[[5.63247,50.1694],[5.63152,50.16913],[5.63078,50.16854],[5.63048,50.16818],[5.63001,50.16787],[5.62979,50.16752],[5.6299,50.16704],[5.6302,50.16692],[5.63044,50.16693],[5.63118,50.1674],[5.6317,50.16761],[5.6318,50.16808],[5.6325,50.16899],[5.63253,50.16925],[5.63247,50.1694]],[[5.6533,50.16545],[5.65254,50.16491],[5.65222,50.1644],[5.6522,50.16357],[5.65244,50.16263],[5.65321,50.16175],[5.65411,50.16111],[5.65472,50.16078],[5.65542,50.16063],[5.65674,50.16121],[5.65788,50.16154],[5.65854,50.16163],[5.65884,50.16177],[5.65884,50.16193],[5.65856,50.16242],[5.65706,50.16404],[5.65674,50.1649],[5.65643,50.16521],[5.65589,50.16546],[5.65473,50.16563],[5.6539,50.16562],[5.6533,50.16545]],[[5.62913,50.15802],[5.62904,50.1579],[5.6292,50.1579],[5.62913,50.15802]],[[5.62955,50.15666],[5.62893,50.15582],[5.62891,50.1557],[5.62901,50.1556],[5.62927,50.15555],[5.62957,50.15564],[5.62999,50.15619],[5.62999,50.15655],[5.62955,50.15666]],[[5.65413,50.15185],[5.65332,50.15113],[5.65324,50.15086],[5.65329,50.15069],[5.65369,50.1503],[5.65457,50.14983],[5.65462,50.14993],[5.65442,50.15117],[5.65447,50.1515],[5.65463,50.15184],[5.6545,50.15192],[5.65413,50.15185]],[[5.71372,50.13904],[5.71332,50.13882],[5.71275,50.1389],[5.71226,50.13875],[5.71295,50.13848],[5.71311,50.13808],[5.71308,50.13764],[5.71337,50.13735],[5.71419,50.13686],[5.71452,50.13652],[5.71531,50.13625],[5.71585,50.13624],[5.71661,50.13642],[5.71794,50.13653],[5.71921,50.137],[5.72068,50.13735],[5.72099,50.13763],[5.7206,50.13793],[5.71997,50.13795],[5.71951,50.13766],[5.71871,50.13749],[5.71744,50.137],[5.71682,50.13702],[5.71563,50.13736],[5.71454,50.13791],[5.71427,50.13822],[5.71414,50.13857],[5.71372,50.13904]],[[5.71122,50.13893],[5.71107,50.13874],[5.71124,50.13862],[5.71139,50.13877],[5.71122,50.13893]],[[5.72247,50.13715],[5.72246,50.13701],[5.72247,50.13715]],[[5.72205,50.13614],[5.72192,50.13598],[5.722,50.13565],[5.72177,50.13513],[5.72184,50.1349],[5.72203,50.13474],[5.72222,50.13493],[5.72209,50.13565],[5.72224,50.13595],[5.72205,50.13614]],[[5.66455,50.13573],[5.66445,50.1357],[5.66467,50.1357],[5.66455,50.13573]],[[5.71247,50.13493],[5.71245,50.13456],[5.71322,50.13423],[5.71369,50.13414],[5.71404,50.13434],[5.71397,50.13453],[5.71375,50.13472],[5.71288,50.13496],[5.71247,50.13493]],[[5.72247,50.13383],[5.72232,50.13346],[5.7224,50.13215],[5.7225,50.13201],[5.72288,50.13191],[5.72305,50.13205],[5.72315,50.13228],[5.72296,50.13287],[5.72307,50.13346],[5.7229,50.13378],[5.72247,50.13383]],[[5.7358,50.13265],[5.73572,50.13264],[5.73709,50.13265],[5.7358,50.13265]],[[5.72997,50.13239],[5.72621,50.13209],[5.72446,50.13144],[5.7239,50.13136],[5.72335,50.13147],[5.72324,50.1314],[5.72319,50.13126],[5.72329,50.13117],[5.72359,50.13108],[5.72421,50.13108],[5.72498,50.13122],[5.72552,50.13143],[5.72676,50.13148],[5.72831,50.13178],[5.7288,50.13196],[5.72942,50.13202],[5.72989,50.132],[5.73043,50.1318],[5.73126,50.13208],[5.73173,50.13236],[5.73119,50.13246],[5.72997,50.13239]],[[5.67038,50.11681],[5.66952,50.11655],[5.66826,50.11544],[5.66798,50.1144],[5.66762,50.11374],[5.66763,50.11325],[5.66746,50.11292],[5.66756,50.11269],[5.66757,50.11239],[5.66773,50.11224],[5.66793,50.11221],[5.66814,50.11239],[5.66844,50.11367],[5.66846,50.11405],[5.66882,50.11465],[5.66927,50.11508],[5.66966,50.11566],[5.66998,50.11597],[5.67073,50.11633],[5.67109,50.1164],[5.67156,50.11639],[5.67207,50.11627],[5.67285,50.1155],[5.6734,50.11515],[5.67374,50.11468],[5.67441,50.11401],[5.67454,50.11375],[5.67517,50.11328],[5.6754,50.11293],[5.67598,50.11278],[5.67687,50.11276],[5.67744,50.11294],[5.67771,50.11322],[5.67773,50.11345],[5.67756,50.11359],[5.6764,50.11366],[5.67513,50.11431],[5.67412,50.11514],[5.67346,50.11604],[5.67254,50.11669],[5.67212,50.11682],[5.6713,50.11691],[5.67038,50.11681]],[[5.6583,50.11517],[5.6572,50.11485],[5.65666,50.11457],[5.65652,50.11412],[5.65666,50.1138],[5.65699,50.11363],[5.65729,50.11362],[5.65831,50.11405],[5.65904,50.11307],[5.65958,50.11269],[5.65995,50.11203],[5.66079,50.11139],[5.66156,50.11097],[5.66197,50.11084],[5.6632,50.11068],[5.66358,50.11074],[5.66354,50.11099],[5.66323,50.11125],[5.66163,50.11209],[5.66128,50.11237],[5.6604,50.11365],[5.65908,50.11485],[5.65871,50.11507],[5.6583,50.11517]],[[5.65747,50.11296],[5.65705,50.11238],[5.65701,50.11184],[5.65711,50.11153],[5.65642,50.11048],[5.65637,50.11027],[5.65651,50.10958],[5.65689,50.10898],[5.65699,50.10849],[5.6572,50.10818],[5.65736,50.10768],[5.65794,50.10725],[5.6583,50.10736],[5.65836,50.1077],[5.65823,50.1085],[5.65783,50.10904],[5.65804,50.10978],[5.65805,50.11114],[5.65785,50.11203],[5.65747,50.11296]],[[5.66705,50.11162],[5.66548,50.1112],[5.66517,50.11098],[5.66572,50.1108],[5.66663,50.11096],[5.6677,50.11153],[5.66748,50.1117],[5.66705,50.11162]],[[5.64747,50.10848],[5.64792,50.10848],[5.64747,50.10848]],[[5.64705,50.10741],[5.64656,50.10713],[5.64632,50.1068],[5.64561,50.10655],[5.64534,50.10632],[5.64509,50.10534],[5.64513,50.10492],[5.64539,50.10459],[5.64524,50.10412],[5.64531,50.10397],[5.64582,50.10401],[5.64593,50.10457],[5.64621,50.10488],[5.64645,50.1054],[5.64664,50.10563],[5.64681,50.10624],[5.64717,50.10697],[5.64717,50.10721],[5.64705,50.10741]],[[5.65288,50.1074],[5.65265,50.10711],[5.65252,50.1068],[5.65252,50.1061],[5.65281,50.10558],[5.65274,50.10542],[5.65238,50.10513],[5.65246,50.10502],[5.65265,50.10497],[5.65295,50.105],[5.65318,50.10514],[5.65308,50.10561],[5.6533,50.10599],[5.65354,50.10683],[5.65353,50.10704],[5.6534,50.10721],[5.65288,50.1074]],[[5.65788,50.10689],[5.65746,50.10602],[5.6576,50.10541],[5.65683,50.10455],[5.65581,50.10401],[5.65515,50.1038],[5.65412,50.10374],[5.65333,50.10415],[5.65313,50.10408],[5.65313,50.10391],[5.65365,50.10344],[5.65419,50.10321],[5.65479,50.10317],[5.65611,50.10325],[5.65669,50.10345],[5.6572,50.10374],[5.65834,50.10457],[5.65876,50.10514],[5.65875,50.10544],[5.65862,50.10576],[5.65871,50.10598],[5.65899,50.10624],[5.65898,50.10641],[5.65832,50.10695],[5.65788,50.10689]],[[5.63413,50.10268],[5.63392,50.10252],[5.63393,50.10235],[5.63539,50.10181],[5.63613,50.10171],[5.63657,50.10152],[5.63887,50.10153],[5.63898,50.10163],[5.63891,50.10185],[5.63866,50.10206],[5.63832,50.10227],[5.63789,50.1024],[5.63745,50.10243],[5.63626,50.10229],[5.63596,50.10238],[5.63579,50.10264],[5.63413,50.10268]],[[5.63663,50.10272],[5.63635,50.10263],[5.6366,50.10255],[5.6368,50.10262],[5.63663,50.10272]],[[5.64538,50.10281],[5.64526,50.10259],[5.64538,50.10227],[5.64549,50.10259],[5.64538,50.10281]],[[5.63288,50.10238],[5.63282,50.10236],[5.63294,50.10236],[5.63288,50.10238]],[[5.63163,50.10213],[5.63108,50.10179],[5.63126,50.10174],[5.63167,50.1018],[5.63216,50.10209],[5.63163,50.10213]],[[5.63997,50.1013],[5.63994,50.10125],[5.64025,50.10119],[5.64062,50.10125],[5.63997,50.1013]],[[5.64122,50.10102],[5.64109,50.10098],[5.64143,50.10098],[5.64122,50.10102]],[[5.64205,50.101],[5.6418,50.10097],[5.64296,50.10084],[5.64358,50.10097],[5.64205,50.101]]]}},{"type":"Feature","properties":{"ele":350},"geometry":{"type":"MultiLineString","coordinates":[[[5.5779,50.26515],[5.57895,50.26513],[5.57924,50.26504],[5.57996,50.26444],[5.58118,50.26362],[5.58224,50.2632],[5.58279,50.26258],[5.58408,50.26138],[5.58619,50.26027],[5.58818,50.25958],[5.58905,50.25948],[5.58958,50.2591],[5.58986,50.259],[5.59104,50.25896],[5.5926,50.25911],[5.59406,50.25895],[5.59456,50.259],[5.59505,50.25919],[5.59538,50.25922],[5.59618,50.25844],[5.59709,50.25796],[5.59736,50.25764],[5.59771,50.25744],[5.59915,50.25682],[5.59979,50.25673],[5.60128,50.25678],[5.60329,50.25738],[5.60453,50.25766],[5.60531,50.25774],[5.60682,50.25783],[5.60755,50.25773],[5.60769,50.25764],[5.6077,50.25752],[5.60759,50.25735],[5.60696,50.25712],[5.6065,50.25683],[5.60664,50.25669],[5.60728,50.25657],[5.60725,50.25648],[5.60614,50.25639],[5.60369,50.25567],[5.60257,50.25515],[5.60212,50.25482],[5.6013,50.25456],[5.59922,50.25439],[5.59874,50.25461],[5.59836,50.25499],[5.59821,50.25499],[5.5977,50.25453],[5.59753,50.25314],[5.59709,50.25288],[5.59664,50.2528],[5.5964,50.25295],[5.59611,50.2535],[5.59584,50.2552],[5.59545,50.25582],[5.59528,50.25641],[5.59493,50.25672],[5.59312,50.25677],[5.59234,50.25663],[5.59161,50.25632],[5.5913,50.2563],[5.59103,50.25646],[5.59081,50.25682],[5.58946,50.25736],[5.58756,50.25762],[5.58671,50.25783],[5.58258,50.25848],[5.58149,50.25876],[5.58122,50.25887],[5.58044,50.25946],[5.57924,50.25997],[5.57904,50.25997],[5.57871,50.2598],[5.57848,50.2596],[5.5783,50.25928],[5.57751,50.25964],[5.57663,50.25986],[5.57706,50.26006],[5.57712,50.26016],[5.57581,50.26071],[5.57556,50.26093],[5.57552,50.26124],[5.5754,50.26132],[5.57473,50.26135],[5.57335,50.26095],[5.57203,50.26098],[5.57142,50.26121],[5.57091,50.26165],[5.56918,50.26244],[5.56871,50.26223],[5.56833,50.26222],[5.56801,50.26237],[5.5679,50.26265],[5.56705,50.26288]],[[5.59747,50.26127],[5.59612,50.26046],[5.59601,50.26016],[5.59615,50.25988],[5.59658,50.25993],[5.59693,50.26016],[5.59718,50.26068],[5.59749,50.26098],[5.59747,50.26127]],[[5.61247,50.26126],[5.61168,50.26086],[5.61063,50.26045],[5.61061,50.26021],[5.61083,50.26013],[5.61164,50.26042],[5.61211,50.26071],[5.61254,50.26125],[5.61247,50.26126]],[[5.60913,50.25965],[5.60906,50.25954],[5.60919,50.2594],[5.6098,50.25959],[5.60956,50.25976],[5.60913,50.25965]],[[5.59372,50.25738],[5.59424,50.25737],[5.59372,50.25738]],[[5.6008,50.25578],[5.60063,50.2557],[5.60094,50.2557],[5.6008,50.25578]],[[5.59538,50.25239],[5.5949,50.25208],[5.59498,50.25204],[5.59531,50.25229],[5.59557,50.25237],[5.59538,50.25239]],[[5.59788,50.25156],[5.59748,50.25149],[5.59734,50.25134],[5.59734,50.25121],[5.59826,50.25069],[5.59839,50.25044],[5.59911,50.24986],[5.59949,50.24996],[5.59955,50.25016],[5.59917,50.25054],[5.59879,50.25073],[5.59825,50.25081],[5.59788,50.25156]],[[5.56705,50.22584],[5.56859,50.2256],[5.56994,50.22555],[5.57053,50.22539],[5.57042,50.22513],[5.57,50.22486],[5.56854,50.22464],[5.56705,50.22463]],[[5.78288,50.13509],[5.78218,50.13456],[5.78127,50.13421],[5.78061,50.13373],[5.78054,50.13346],[5.78073,50.13285],[5.78118,50.13207],[5.7811,50.13138],[5.78083,50.13097],[5.78032,50.13074],[5.77983,50.13066],[5.77946,50.13072],[5.7792,50.13099],[5.77897,50.13154],[5.77838,50.13189],[5.77546,50.13221],[5.77481,50.13236],[5.77416,50.13267],[5.77298,50.13233],[5.77204,50.13239],[5.77154,50.13207],[5.77122,50.1315],[5.77077,50.13129],[5.77005,50.13135],[5.76864,50.13166],[5.76824,50.1318],[5.76771,50.13232],[5.76764,50.13263],[5.76765,50.13357],[5.76741,50.13397],[5.76707,50.13433],[5.76622,50.13461],[5.76458,50.13463],[5.76413,50.13491],[5.76364,50.13507],[5.7627,50.13501],[5.76098,50.13558],[5.76025,50.13564],[5.75952,50.13558],[5.7591,50.13544],[5.75801,50.13472],[5.7577,50.13467],[5.75737,50.13477],[5.75704,50.13512],[5.75706,50.13571],[5.75621,50.13695],[5.75616,50.13712],[5.75622,50.13737],[5.75576,50.13794],[5.75573,50.13839],[5.75597,50.13881],[5.75685,50.13981],[5.75743,50.14015],[5.75829,50.14043],[5.759,50.14047],[5.7595,50.14061],[5.76052,50.14097],[5.76165,50.14164],[5.76261,50.14198],[5.76378,50.14316],[5.76372,50.14332],[5.76338,50.14335],[5.76171,50.14309],[5.75932,50.1424],[5.75863,50.14184],[5.75682,50.14183],[5.75662,50.14182],[5.75634,50.14167],[5.75509,50.14059],[5.75447,50.13961],[5.75272,50.13827],[5.7524,50.13744],[5.75208,50.13708],[5.75158,50.13682],[5.75149,50.13631],[5.75118,50.13602],[5.75046,50.13602],[5.7497,50.13631],[5.74906,50.13636],[5.7475,50.13597],[5.74662,50.13543],[5.74609,50.13526],[5.74501,50.13544],[5.74411,50.13545],[5.74265,50.13574],[5.74093,50.13564],[5.73992,50.13525],[5.73914,50.13427],[5.73858,50.1339],[5.73708,50.13347],[5.73541,50.13325],[5.73421,50.13321],[5.73307,50.13327],[5.73215,50.13349],[5.73166,50.13352],[5.73062,50.13336],[5.72859,50.13325],[5.72598,50.13286],[5.72515,50.13292],[5.72535,50.13349],[5.72586,50.13413],[5.72595,50.13454],[5.72593,50.13555],[5.72671,50.13706],[5.72699,50.13867],[5.72744,50.13934],[5.72801,50.13946],[5.72876,50.13937],[5.73062,50.13864],[5.73154,50.13846],[5.73213,50.13842],[5.73322,50.13849],[5.73468,50.13891],[5.73592,50.13954],[5.73765,50.13999],[5.73882,50.14042],[5.73922,50.14048],[5.74002,50.14042],[5.74078,50.14064],[5.74203,50.14127],[5.74246,50.1416],[5.74282,50.14214],[5.7429,50.14263],[5.74285,50.14294],[5.74375,50.14317],[5.74533,50.14432],[5.74566,50.14502],[5.74545,50.14558],[5.74551,50.14589],[5.74702,50.14736],[5.7473,50.14789],[5.74745,50.14801],[5.75071,50.14762],[5.75249,50.14785],[5.75385,50.14784],[5.75536,50.14804],[5.75628,50.14789],[5.7564,50.14872],[5.75628,50.14884],[5.75593,50.14891],[5.75531,50.1488],[5.75423,50.14889],[5.75409,50.14883],[5.75377,50.14846],[5.75333,50.1483],[5.7515,50.14801],[5.75067,50.14807],[5.75035,50.14817],[5.74894,50.14925],[5.74838,50.14982],[5.74839,50.14996],[5.74882,50.15076],[5.74878,50.151],[5.74849,50.15131],[5.74854,50.15173],[5.74875,50.15207],[5.74915,50.15238],[5.74926,50.15273],[5.74918,50.15329],[5.74958,50.15376],[5.74933,50.15416],[5.74928,50.15443],[5.74939,50.15478],[5.74975,50.15541],[5.7497,50.1561],[5.74978,50.15662],[5.75003,50.15708],[5.75033,50.15742],[5.75076,50.15767],[5.75165,50.15792],[5.75218,50.15817],[5.75257,50.15846],[5.75253,50.15856],[5.75238,50.15859],[5.75155,50.15832],[5.74996,50.15798],[5.74919,50.15734],[5.749,50.157],[5.74905,50.15641],[5.7487,50.156],[5.74842,50.15544],[5.7483,50.15515],[5.74831,50.15486],[5.74805,50.15454],[5.7479,50.15403],[5.74719,50.15352],[5.7471,50.15336],[5.74706,50.15287],[5.74664,50.15264],[5.74603,50.15311],[5.74452,50.15396],[5.74365,50.15427],[5.7426,50.15441],[5.74222,50.15456],[5.74142,50.15537],[5.74084,50.15615],[5.74036,50.15575],[5.74037,50.15539],[5.74077,50.15483],[5.74241,50.15371],[5.74323,50.15334],[5.74374,50.15321],[5.74431,50.15235],[5.74413,50.15209],[5.74424,50.15184],[5.74415,50.15166],[5.74246,50.15123],[5.74203,50.15099],[5.74182,50.15058],[5.74185,50.15044],[5.74201,50.15036],[5.7428,50.15047],[5.74305,50.15041],[5.74288,50.15015],[5.74246,50.14987],[5.74241,50.14971],[5.74247,50.14932],[5.7429,50.14912],[5.74297,50.14885],[5.74252,50.14815],[5.74243,50.14761],[5.74255,50.14728],[5.74299,50.14683],[5.74308,50.14634],[5.74366,50.14544],[5.74368,50.14524],[5.74351,50.14508],[5.74163,50.14432],[5.7414,50.14405],[5.74137,50.14374],[5.74122,50.14348],[5.73997,50.14207],[5.73919,50.14179],[5.73872,50.14153],[5.73665,50.14094],[5.73604,50.14086],[5.73553,50.14099],[5.73455,50.14176],[5.73383,50.14268],[5.73277,50.14319],[5.73236,50.14346],[5.73225,50.14364],[5.73227,50.14377],[5.73254,50.14396],[5.73264,50.14433],[5.73306,50.14489],[5.73302,50.14544],[5.73275,50.14595],[5.73303,50.14623],[5.73312,50.14645],[5.73308,50.14683],[5.73318,50.14732],[5.73304,50.14763],[5.73137,50.14792],[5.72995,50.14792],[5.72857,50.14817],[5.72831,50.14829],[5.7281,50.1485],[5.72789,50.14941],[5.72753,50.14937],[5.72709,50.14898],[5.72692,50.14867],[5.72702,50.1482],[5.72739,50.14786],[5.72854,50.14738],[5.72867,50.14708],[5.72973,50.14692],[5.73163,50.14681],[5.73198,50.14648],[5.73171,50.14539],[5.73123,50.14459],[5.72973,50.14456],[5.72916,50.14439],[5.72883,50.14398],[5.72883,50.14374],[5.72893,50.14347],[5.72959,50.14294],[5.73242,50.1418],[5.73356,50.14099],[5.73373,50.14072],[5.73366,50.14063],[5.73316,50.14038],[5.73213,50.14027],[5.73041,50.14044],[5.72998,50.14059],[5.72948,50.14088],[5.72904,50.141],[5.72791,50.14099],[5.72713,50.14088],[5.72653,50.14076],[5.72534,50.14024],[5.72467,50.13954],[5.7242,50.13842],[5.72379,50.13817],[5.72348,50.13825],[5.72281,50.13874],[5.72083,50.13902],[5.71984,50.13888],[5.71867,50.13852],[5.71797,50.13817],[5.71779,50.13815],[5.71745,50.1382],[5.71705,50.13848],[5.71645,50.13919],[5.71646,50.13957],[5.71706,50.14042],[5.71669,50.14077],[5.71588,50.14067],[5.71559,50.14071],[5.71415,50.14155],[5.71369,50.14171],[5.71333,50.14169],[5.71289,50.14152],[5.71197,50.14164],[5.71116,50.14159],[5.7108,50.14139],[5.71034,50.14101],[5.70985,50.14019],[5.70931,50.13986],[5.7092,50.13968],[5.7092,50.13881],[5.70956,50.13822],[5.70959,50.13791],[5.70957,50.13764],[5.70937,50.13735],[5.70926,50.1368],[5.70942,50.13651],[5.70972,50.13628],[5.70959,50.13608],[5.70866,50.13625],[5.70702,50.13638],[5.70583,50.13664],[5.7052,50.13665],[5.70374,50.13631],[5.70259,50.13593],[5.70172,50.13549],[5.70072,50.1353],[5.70038,50.13515],[5.70012,50.13482],[5.69983,50.13469],[5.6983,50.13459],[5.69572,50.13484],[5.69468,50.13479],[5.69286,50.1345],[5.69126,50.13364],[5.69026,50.13327],[5.68987,50.13273],[5.68966,50.13159],[5.68966,50.13131],[5.6898,50.13093],[5.68978,50.13016],[5.6899,50.12984],[5.69076,50.12873],[5.69082,50.12836],[5.6908,50.1282],[5.69036,50.12768],[5.69025,50.12718],[5.69007,50.12701],[5.68989,50.127],[5.68879,50.12752],[5.68832,50.12766],[5.68745,50.12819],[5.68712,50.12855],[5.68678,50.12919],[5.68622,50.12987],[5.68345,50.13158],[5.68329,50.13181],[5.68317,50.13266],[5.68298,50.13301],[5.68251,50.13348],[5.68166,50.13376],[5.68141,50.13406],[5.68126,50.13487],[5.68103,50.13537],[5.68092,50.13655],[5.68062,50.13735],[5.68041,50.13766],[5.67955,50.1382],[5.6777,50.1387],[5.67656,50.13886],[5.67497,50.13875],[5.67482,50.13882],[5.67488,50.13905],[5.67506,50.13929],[5.67617,50.14007],[5.67681,50.14064],[5.67737,50.14152],[5.67786,50.1419],[5.67919,50.14241],[5.6804,50.14238],[5.68121,50.14201],[5.68156,50.14198],[5.68348,50.14205],[5.68426,50.14225],[5.68537,50.14237],[5.68706,50.14313],[5.68788,50.14368],[5.68922,50.14374],[5.6889,50.14394],[5.68829,50.14394],[5.68785,50.14418],[5.68672,50.14408],[5.68648,50.14416],[5.68637,50.1443],[5.68682,50.14442],[5.68825,50.14439],[5.68868,50.14491],[5.68973,50.14543],[5.68906,50.14548],[5.68827,50.14568],[5.68729,50.14555],[5.68664,50.14561],[5.68563,50.14618],[5.68497,50.14664],[5.68483,50.14684],[5.68484,50.14725],[5.68501,50.14765],[5.68477,50.14829],[5.68488,50.14856],[5.68537,50.14908],[5.68546,50.14943],[5.68541,50.14964],[5.68499,50.14972],[5.68458,50.1497],[5.68312,50.14917],[5.68234,50.14907],[5.68176,50.1491],[5.6812,50.1493],[5.68104,50.14947],[5.6807,50.15014],[5.68056,50.15075],[5.67999,50.15126],[5.6787,50.15155],[5.6776,50.15151],[5.67711,50.15118],[5.6769,50.15122],[5.67679,50.15145],[5.67679,50.15193],[5.67633,50.15287],[5.67674,50.15346],[5.67655,50.1537],[5.67656,50.15381],[5.67733,50.15405],[5.67755,50.15426],[5.67752,50.15437],[5.67723,50.15451],[5.67692,50.15457],[5.67635,50.15454],[5.67575,50.15418],[5.67458,50.154],[5.6737,50.15403],[5.67246,50.15438],[5.67161,50.15447],[5.66968,50.15437],[5.6674,50.15401],[5.66458,50.15472],[5.66412,50.15469],[5.66348,50.15443],[5.66322,50.15442],[5.66242,50.15484],[5.66133,50.15512],[5.66078,50.15539],[5.6607,50.15602],[5.66108,50.15655],[5.66141,50.15741],[5.66174,50.15767],[5.66247,50.15799],[5.66325,50.15887],[5.6639,50.15873],[5.66551,50.15885],[5.66635,50.15931],[5.66691,50.15982],[5.667,50.16002],[5.66692,50.16019],[5.66662,50.16039],[5.66583,50.16059],[5.66458,50.16053],[5.66374,50.16038],[5.66354,50.16044],[5.66322,50.16091],[5.66322,50.16162],[5.6628,50.16253],[5.66141,50.16405],[5.6609,50.16478],[5.66085,50.16499],[5.66091,50.16574],[5.65957,50.16631],[5.65824,50.16737],[5.65817,50.16766],[5.65832,50.16845],[5.65868,50.16916],[5.65917,50.16944],[5.65956,50.16986],[5.66042,50.17014],[5.66039,50.17043],[5.66003,50.17071],[5.65947,50.17051],[5.65904,50.17025],[5.65807,50.17023],[5.65753,50.17011],[5.65541,50.16874],[5.65495,50.16851],[5.65255,50.16809],[5.6513,50.16779],[5.65075,50.16791],[5.65002,50.1686],[5.64953,50.16938],[5.64916,50.16961],[5.64869,50.16963],[5.64842,50.16936],[5.64837,50.16916],[5.64843,50.16881],[5.64877,50.16846],[5.64884,50.16816],[5.6482,50.16775],[5.64612,50.16677],[5.64576,50.16678],[5.64539,50.1669],[5.6445,50.16733],[5.64326,50.16816],[5.6425,50.16853],[5.6416,50.16894],[5.64035,50.16929],[5.63976,50.16959],[5.63948,50.16988],[5.63924,50.17037],[5.63952,50.17107],[5.63956,50.17209],[5.63916,50.17348],[5.63875,50.1741],[5.637,50.17513],[5.63698,50.17543],[5.63779,50.17629],[5.63901,50.17683],[5.63997,50.17737],[5.64231,50.17819],[5.64286,50.17849],[5.64327,50.17879],[5.64352,50.17928],[5.64324,50.17935],[5.64252,50.17908],[5.64205,50.179],[5.64088,50.17912],[5.64041,50.17933],[5.63955,50.18042],[5.63878,50.18101],[5.63827,50.18151],[5.63787,50.18207],[5.63706,50.18265],[5.63691,50.18288],[5.63685,50.18329],[5.63718,50.1843],[5.63724,50.18481],[5.63748,50.18507],[5.63748,50.18517],[5.63703,50.18489],[5.63678,50.18455],[5.63597,50.18401],[5.63567,50.18346],[5.63554,50.18291],[5.63566,50.18225],[5.63621,50.18138],[5.63669,50.18077],[5.63789,50.1796],[5.63804,50.17933],[5.63809,50.17905],[5.63797,50.17873],[5.63784,50.1785],[5.63747,50.1782],[5.6342,50.17704],[5.63343,50.17679],[5.63289,50.17672],[5.63146,50.17597],[5.63067,50.1759],[5.63033,50.17595],[5.63016,50.17607],[5.62997,50.17627],[5.62963,50.17756],[5.62976,50.17895],[5.6296,50.18011],[5.62895,50.18121],[5.62881,50.18169],[5.62901,50.18242],[5.62937,50.18315],[5.63016,50.18409],[5.63067,50.18482],[5.63076,50.18509],[5.63063,50.18537],[5.63038,50.18561],[5.62946,50.18572],[5.6291,50.18527],[5.62851,50.18491],[5.62789,50.18365],[5.62714,50.18319],[5.62682,50.18277],[5.62663,50.18237],[5.62686,50.18214],[5.6269,50.18197],[5.62668,50.1815],[5.6258,50.18098],[5.6249,50.18072],[5.62502,50.18064],[5.62583,50.18065],[5.62628,50.18047],[5.62645,50.18016],[5.62658,50.17935],[5.62681,50.17901],[5.62616,50.17852],[5.62562,50.17784],[5.62469,50.17737],[5.62452,50.17681],[5.62416,50.17648],[5.62246,50.17635],[5.62192,50.17616],[5.62093,50.17634],[5.62046,50.17622],[5.62031,50.17595],[5.62048,50.17523],[5.62046,50.17492],[5.62077,50.17443],[5.62053,50.17377],[5.62048,50.17323],[5.62036,50.17311],[5.61999,50.17314],[5.61942,50.17304],[5.61911,50.17316],[5.6183,50.17403],[5.61813,50.17433],[5.61546,50.17609],[5.61332,50.17694],[5.61161,50.17737],[5.6115,50.1777],[5.61174,50.1782],[5.61207,50.17847],[5.61288,50.17876],[5.61317,50.17908],[5.6139,50.17932],[5.61411,50.17958],[5.61418,50.17986],[5.61438,50.18014],[5.61541,50.18094],[5.61537,50.18122],[5.61478,50.1818],[5.6133,50.18277],[5.61104,50.18338],[5.60989,50.18329],[5.60947,50.18334],[5.6075,50.18437],[5.60696,50.18483],[5.60674,50.1853],[5.60675,50.18555],[5.60708,50.18623],[5.60704,50.18653],[5.60594,50.18659],[5.60485,50.18628],[5.60333,50.18632],[5.60219,50.1861],[5.60203,50.18603],[5.60189,50.18565],[5.60168,50.18538],[5.60077,50.18496],[5.60005,50.18476],[5.59713,50.18465],[5.59677,50.18482],[5.59672,50.18499],[5.59696,50.18551],[5.59707,50.18625],[5.59724,50.18676],[5.59704,50.18739],[5.59749,50.18765],[5.59707,50.18776],[5.59693,50.18792],[5.59674,50.18932],[5.59595,50.19089],[5.59587,50.19152],[5.59648,50.19256],[5.59786,50.1941],[5.59808,50.1945],[5.59804,50.1946],[5.59784,50.19462],[5.59713,50.19422],[5.59581,50.1932],[5.59527,50.19298],[5.59435,50.19206],[5.59405,50.19153],[5.59373,50.19065],[5.59335,50.1888],[5.59287,50.18834],[5.5926,50.18708],[5.59173,50.18582],[5.5916,50.18518],[5.59125,50.18495],[5.59054,50.18466],[5.59043,50.18454],[5.59039,50.18431],[5.58995,50.18404],[5.58909,50.18381],[5.58833,50.18344],[5.58798,50.1834],[5.58738,50.18363],[5.5865,50.18366],[5.5854,50.18404],[5.58496,50.18401],[5.58421,50.18412],[5.58377,50.18432],[5.58365,50.18459],[5.5839,50.18484],[5.58382,50.18509],[5.58388,50.18519],[5.58499,50.18562],[5.58568,50.18599],[5.58605,50.18645],[5.58623,50.18707],[5.58659,50.18738],[5.58823,50.188],[5.58835,50.18821],[5.58842,50.18874],[5.58805,50.18932],[5.58745,50.18948],[5.58665,50.18903],[5.58557,50.18886],[5.58494,50.18904],[5.58541,50.18919],[5.5862,50.18923],[5.58631,50.18935],[5.58604,50.18948],[5.58562,50.18951],[5.58463,50.18934],[5.5841,50.18933],[5.58392,50.18905],[5.58375,50.18899],[5.58246,50.18902],[5.58157,50.18956],[5.58125,50.18988],[5.58111,50.19093],[5.58092,50.19148],[5.58002,50.19247],[5.57785,50.19317],[5.57626,50.19377],[5.57532,50.19401],[5.57449,50.19431],[5.57409,50.19456],[5.57432,50.19513],[5.57491,50.19596],[5.57509,50.1968],[5.57523,50.19709],[5.57594,50.19766],[5.5766,50.19795],[5.57677,50.19818],[5.57702,50.19836],[5.57785,50.19878],[5.57869,50.19933],[5.58005,50.19955],[5.58082,50.19984],[5.58158,50.20026],[5.58286,50.20047],[5.58366,50.20073],[5.58416,50.20062],[5.58449,50.20073],[5.58487,50.20154],[5.58635,50.20238],[5.58837,50.20452],[5.58855,50.20492],[5.58865,50.20551],[5.58854,50.20634],[5.58889,50.20684],[5.5889,50.20703],[5.58883,50.20712],[5.58867,50.20712],[5.58838,50.20689],[5.58785,50.2063],[5.58754,50.20524],[5.58705,50.20459],[5.58582,50.20375],[5.58505,50.20359],[5.58406,50.20322],[5.58272,50.20295],[5.5814,50.20284],[5.58034,50.20292],[5.58003,50.20301],[5.57982,50.20323],[5.57964,50.20377],[5.57963,50.20402],[5.57979,50.20428],[5.58025,50.20439],[5.58113,50.20423],[5.58131,50.20432],[5.5804,50.20503],[5.5799,50.20516],[5.57913,50.2041],[5.57874,50.20319],[5.57831,50.20264],[5.57781,50.20248],[5.57662,50.20238],[5.57583,50.20179],[5.57247,50.20042],[5.57075,50.19963],[5.57015,50.19919],[5.56979,50.19909],[5.56911,50.19904],[5.56705,50.19692]],[[5.58497,50.20049],[5.58477,50.20043],[5.58504,50.20042],[5.58497,50.20049]],[[5.56705,50.19825],[5.56741,50.19829],[5.56753,50.19821],[5.56737,50.19798],[5.56705,50.19774]],[[5.64247,50.18931],[5.64202,50.18883],[5.64202,50.18845],[5.64247,50.18848],[5.64257,50.18864],[5.64261,50.18888],[5.64247,50.18931]],[[5.64163,50.18806],[5.64121,50.18775],[5.64118,50.1876],[5.64164,50.18763],[5.6417,50.18789],[5.64163,50.18806]],[[5.58872,50.18771],[5.58867,50.18765],[5.58876,50.18765],[5.58872,50.18771]],[[5.58538,50.18398],[5.58529,50.18379],[5.58537,50.18373],[5.58545,50.18377],[5.58538,50.18398]],[[5.59622,50.18217],[5.59554,50.18179],[5.59537,50.18155],[5.59536,50.18125],[5.59626,50.18155],[5.5966,50.18098],[5.59702,50.18069],[5.5976,50.18058],[5.598,50.18069],[5.59812,50.18096],[5.59817,50.18148],[5.59792,50.18193],[5.59748,50.18209],[5.59622,50.18217]],[[5.56705,50.17707],[5.56767,50.17716],[5.56872,50.17764],[5.56913,50.17791],[5.56928,50.17821],[5.56991,50.17879],[5.57018,50.1793],[5.56998,50.1796],[5.56956,50.1796],[5.56867,50.1792],[5.56705,50.17908]],[[5.56705,50.17204],[5.56814,50.17266],[5.56886,50.17268],[5.56963,50.17244],[5.57049,50.17267],[5.57135,50.17319],[5.57142,50.17343],[5.57132,50.17381],[5.57195,50.17443],[5.57272,50.17468],[5.57296,50.17486],[5.57237,50.17514],[5.57172,50.17519],[5.56865,50.17434],[5.56705,50.17427]],[[5.62807,50.09959],[5.62864,50.1002],[5.62878,50.10076],[5.62904,50.10131],[5.62913,50.10181],[5.62944,50.10213],[5.62988,50.10242],[5.63075,50.10273],[5.6319,50.10327],[5.63468,50.10338],[5.635,50.10347],[5.63654,50.10423],[5.63744,50.10444],[5.63796,50.10436],[5.63876,50.10378],[5.63942,50.10356],[5.63964,50.10361],[5.63972,50.10378],[5.63974,50.1044],[5.63942,50.10509],[5.63932,50.10555],[5.63914,50.10581],[5.63864,50.10589],[5.63746,50.1057],[5.63702,50.10583],[5.63594,50.10598],[5.63372,50.10681],[5.6328,50.10726],[5.63268,50.10739],[5.63294,50.10765],[5.63394,50.10789],[5.63396,50.10797],[5.63372,50.10821],[5.63413,50.108],[5.63426,50.10763],[5.63455,50.10736],[5.6363,50.10684],[5.63869,50.10693],[5.63917,50.10707],[5.63979,50.1074],[5.64039,50.10792],[5.63968,50.10936],[5.63974,50.10968],[5.64011,50.11034],[5.6402,50.11065],[5.64015,50.111],[5.63964,50.11252],[5.63971,50.11273],[5.63999,50.11299],[5.64073,50.11323],[5.64164,50.11327],[5.64167,50.11319],[5.64079,50.11209],[5.6411,50.11177],[5.6426,50.11127],[5.64247,50.11098],[5.6417,50.11041],[5.64147,50.11002],[5.64142,50.10961],[5.64179,50.10884],[5.6418,50.10818],[5.64127,50.10737],[5.64077,50.10711],[5.64068,50.10683],[5.64076,50.10652],[5.64122,50.10626],[5.642,50.10592],[5.64241,50.10592],[5.64254,50.10598],[5.64254,50.10621],[5.64263,50.10638],[5.6438,50.10735],[5.64577,50.10814],[5.64626,50.10859],[5.64699,50.10906],[5.64745,50.10933],[5.64807,50.10953],[5.64989,50.10979],[5.65208,50.10977],[5.65326,50.10947],[5.65448,50.10862],[5.65461,50.10862],[5.65485,50.10895],[5.65486,50.10953],[5.65513,50.11037],[5.65549,50.11093],[5.65563,50.11148],[5.6551,50.11187],[5.6548,50.11398],[5.65454,50.1143],[5.65451,50.11459],[5.65527,50.1152],[5.65609,50.11559],[5.65659,50.1157],[5.65817,50.11582],[5.65878,50.11576],[5.66003,50.11517],[5.66039,50.11489],[5.66125,50.11406],[5.66161,50.11339],[5.66198,50.11309],[5.66234,50.11304],[5.66312,50.11318],[5.66369,50.11291],[5.66458,50.11296],[5.66563,50.11326],[5.66583,50.11342],[5.66608,50.11386],[5.66666,50.11427],[5.66735,50.11597],[5.66854,50.11709],[5.66913,50.11737],[5.67052,50.11775],[5.67093,50.11794],[5.67103,50.11825],[5.67066,50.11902],[5.67034,50.12009],[5.6701,50.12048],[5.66998,50.12155],[5.66954,50.12235],[5.66961,50.12277],[5.66944,50.12336],[5.66955,50.12377],[5.66906,50.12391],[5.66797,50.12357],[5.66772,50.12366],[5.66767,50.12381],[5.66865,50.12486],[5.66888,50.12523],[5.66923,50.12549],[5.67001,50.1257],[5.67171,50.12588],[5.67386,50.12595],[5.6754,50.12625],[5.67581,50.12653],[5.6758,50.12737],[5.67562,50.12766],[5.6753,50.12793],[5.67562,50.12853],[5.67571,50.12957],[5.67568,50.12989],[5.67551,50.13023],[5.67503,50.13045],[5.67495,50.13057],[5.67482,50.13117],[5.67503,50.13157],[5.67491,50.13211],[5.67451,50.13258],[5.67446,50.13301],[5.67462,50.13347],[5.67555,50.1341],[5.67583,50.13455],[5.67582,50.13488],[5.67525,50.13473],[5.67437,50.13474],[5.67332,50.13448],[5.67281,50.13446],[5.6713,50.13468],[5.66998,50.13515],[5.66918,50.13526],[5.66831,50.13487],[5.66745,50.1346],[5.66712,50.13419],[5.66724,50.13372],[5.6666,50.13349],[5.66614,50.13343],[5.66569,50.13349],[5.66537,50.13371],[5.66524,50.13391],[5.66524,50.13408],[5.66552,50.13427],[5.66561,50.13443],[5.6656,50.13458],[5.66543,50.13468],[5.66484,50.13467],[5.66379,50.13428],[5.66348,50.13427],[5.66252,50.13453],[5.66172,50.13494],[5.66077,50.13501],[5.65997,50.13519],[5.65891,50.13487],[5.65874,50.13458],[5.65828,50.1341],[5.65751,50.13373],[5.65697,50.13364],[5.65579,50.13376],[5.6567,50.13393],[5.65744,50.13425],[5.65804,50.13514],[5.65859,50.13571],[5.65954,50.13598],[5.66043,50.13637],[5.66187,50.1366],[5.66343,50.13637],[5.664,50.13636],[5.66492,50.13662],[5.66576,50.13667],[5.66674,50.13709],[5.66665,50.1372],[5.66612,50.13739],[5.66608,50.13805],[5.66633,50.13847],[5.6662,50.13873],[5.66538,50.13903],[5.66508,50.13931],[5.66455,50.13959],[5.66402,50.14012],[5.66295,50.14096],[5.66266,50.14128],[5.66256,50.14155],[5.66278,50.1428],[5.66269,50.14349],[5.6633,50.14403],[5.66403,50.14494],[5.66458,50.1454],[5.66451,50.14571],[5.66502,50.14604],[5.66708,50.14626],[5.66666,50.14632],[5.66634,50.14649],[5.6663,50.14659],[5.66639,50.14686],[5.66627,50.14713],[5.66454,50.14859],[5.66409,50.14875],[5.66286,50.1489],[5.66217,50.14908],[5.66164,50.14932],[5.66122,50.14965],[5.66079,50.14979],[5.66054,50.14964],[5.6605,50.14947],[5.66112,50.14836],[5.6612,50.14805],[5.66115,50.14728],[5.66091,50.14645],[5.6607,50.14605],[5.66043,50.14578],[5.65949,50.14575],[5.65928,50.14566],[5.65937,50.14545],[5.65953,50.14532],[5.65997,50.14544],[5.6601,50.14517],[5.65999,50.14497],[5.65973,50.145],[5.6591,50.14535],[5.65827,50.14552],[5.65614,50.14569],[5.65468,50.14562],[5.65285,50.14516],[5.65127,50.14457],[5.65033,50.1444],[5.64968,50.14415],[5.64874,50.14426],[5.64748,50.14402],[5.64667,50.14374],[5.6462,50.14348],[5.64572,50.14318],[5.64508,50.14257],[5.64483,50.14252],[5.64453,50.14257],[5.64449,50.14296],[5.64481,50.14323],[5.64509,50.14375],[5.64536,50.14404],[5.64585,50.14429],[5.64624,50.14478],[5.64791,50.14512],[5.64829,50.14544],[5.64957,50.14569],[5.65042,50.14624],[5.65074,50.1466],[5.6513,50.14682],[5.65134,50.14734],[5.65126,50.1475],[5.65039,50.14786],[5.64995,50.14828],[5.64991,50.1485],[5.65013,50.14869],[5.65019,50.14885],[5.64983,50.14971],[5.6499,50.15072],[5.64972,50.15131],[5.64986,50.15177],[5.65081,50.15264],[5.65095,50.15297],[5.65078,50.15318],[5.65045,50.15334],[5.64953,50.15347],[5.64833,50.15389],[5.64795,50.15375],[5.64746,50.15336],[5.64706,50.15317],[5.64583,50.15305],[5.64503,50.15287],[5.64411,50.15299],[5.64372,50.15296],[5.64333,50.1528],[5.64306,50.1529],[5.64301,50.15305],[5.64315,50.1535],[5.64309,50.15381],[5.64296,50.15406],[5.64261,50.15433],[5.64244,50.15459],[5.64369,50.15468],[5.64531,50.1546],[5.64618,50.15495],[5.647,50.15496],[5.6472,50.15514],[5.64538,50.1557],[5.64472,50.15599],[5.64421,50.15636],[5.64371,50.15656],[5.64332,50.15683],[5.643,50.1574],[5.64242,50.15779],[5.64229,50.15817],[5.64217,50.15827],[5.64107,50.15843],[5.63958,50.15898],[5.63906,50.15906],[5.63892,50.15926],[5.63894,50.1594],[5.63922,50.15983],[5.63959,50.16016],[5.63958,50.16044],[5.63938,50.16079],[5.63935,50.1613],[5.63959,50.16152],[5.64035,50.16163],[5.64067,50.16184],[5.64042,50.16219],[5.64017,50.16283],[5.63988,50.16318],[5.63951,50.16344],[5.639,50.16358],[5.63828,50.16349],[5.63709,50.16274],[5.63603,50.16237],[5.63537,50.16155],[5.63468,50.16125],[5.63369,50.16124],[5.63249,50.16148],[5.63206,50.16167],[5.63166,50.16173],[5.63076,50.16162],[5.63027,50.16131],[5.63027,50.16119],[5.63042,50.161],[5.63115,50.16044],[5.63125,50.16023],[5.63114,50.15992],[5.63067,50.15958],[5.63073,50.15932],[5.63089,50.15911],[5.63122,50.15892],[5.63212,50.15881],[5.63256,50.15853],[5.63352,50.15767],[5.63314,50.15737],[5.63265,50.15645],[5.63236,50.15607],[5.63149,50.15551],[5.63115,50.15511],[5.63117,50.15465],[5.63154,50.15426],[5.63158,50.15376],[5.63168,50.15352],[5.6319,50.15322],[5.63234,50.1529],[5.6322,50.15268],[5.63181,50.15238],[5.63171,50.15205],[5.63139,50.15159],[5.6314,50.15141],[5.63166,50.15097],[5.63039,50.15037],[5.62983,50.1504],[5.62989,50.15066],[5.63025,50.15096],[5.63035,50.15121],[5.63005,50.15263],[5.62847,50.15332],[5.62788,50.15376],[5.62705,50.15361],[5.6265,50.15325],[5.62622,50.15265],[5.62543,50.1518],[5.62548,50.15141],[5.62564,50.15103],[5.62559,50.15086],[5.62543,50.15067],[5.6252,50.15058],[5.62455,50.1505],[5.62429,50.15072],[5.62406,50.15131],[5.62427,50.15144],[5.62506,50.15153],[5.62515,50.15181],[5.62457,50.15202],[5.624,50.15238],[5.62348,50.15252],[5.62297,50.15252],[5.62243,50.15232],[5.62213,50.15266],[5.62152,50.15291],[5.62119,50.15321],[5.62143,50.1536],[5.62162,50.15377],[5.62197,50.15389],[5.62366,50.15405],[5.62415,50.15402],[5.62638,50.15515],[5.62732,50.15579],[5.62768,50.15617],[5.62755,50.15707],[5.62692,50.15738],[5.62698,50.15764],[5.62714,50.1579],[5.62712,50.15803],[5.62704,50.15819],[5.62646,50.15864],[5.62636,50.15881],[5.62648,50.15957],[5.6263,50.1603],[5.62673,50.16098],[5.62623,50.16155],[5.62611,50.16178],[5.62641,50.16206],[5.62635,50.16239],[5.62661,50.16267],[5.62668,50.16292],[5.62655,50.16337],[5.62617,50.16377],[5.62631,50.16488],[5.62554,50.1652],[5.62498,50.1657],[5.624,50.16589],[5.62323,50.16572],[5.62285,50.16552],[5.62235,50.16521],[5.62208,50.16485],[5.62163,50.16454],[5.62043,50.16402],[5.61953,50.16377],[5.61879,50.16379],[5.61708,50.16432],[5.61564,50.16535],[5.61526,50.16593],[5.6147,50.16652],[5.61425,50.16728],[5.61416,50.16769],[5.61404,50.16785],[5.61336,50.16837],[5.61286,50.1686],[5.61276,50.16888],[5.61275,50.16992],[5.61252,50.1702],[5.61192,50.17059],[5.61159,50.17057],[5.61131,50.1704],[5.60788,50.16925],[5.60744,50.16919],[5.60619,50.16924],[5.60521,50.16935],[5.60497,50.16931],[5.60453,50.16884],[5.60422,50.16867],[5.60374,50.16856],[5.6033,50.16861],[5.60287,50.16892],[5.60267,50.16947],[5.60269,50.16985],[5.60289,50.17015],[5.60287,50.17043],[5.60311,50.17096],[5.60232,50.17163],[5.60202,50.17234],[5.60208,50.17316],[5.60202,50.17326],[5.6016,50.17322],[5.59921,50.17236],[5.5975,50.17208],[5.5958,50.17145],[5.59458,50.17159],[5.59281,50.17164],[5.59205,50.17149],[5.59162,50.17154],[5.59118,50.17148],[5.59064,50.17125],[5.58985,50.17069],[5.58958,50.17039],[5.58913,50.16959],[5.58911,50.16932],[5.58993,50.16899],[5.59036,50.16892],[5.59084,50.1685],[5.59164,50.16821],[5.59178,50.16801],[5.59185,50.16773],[5.59182,50.16697],[5.59195,50.16652],[5.59183,50.16625],[5.59152,50.16594],[5.59153,50.16571],[5.59171,50.16543],[5.59161,50.16512],[5.59242,50.16486],[5.59327,50.16483],[5.59371,50.16455],[5.594,50.16446],[5.59506,50.16439],[5.59569,50.16399],[5.59663,50.16315],[5.59822,50.16211],[5.59876,50.16183],[5.59912,50.16153],[5.59957,50.1609],[5.59991,50.1601],[5.6008,50.15926],[5.60119,50.15902],[5.6015,50.15893],[5.60289,50.15887],[5.60325,50.15872],[5.6035,50.15852],[5.60354,50.15836],[5.60346,50.15817],[5.60293,50.15777],[5.60125,50.15714],[5.60009,50.15629],[5.59969,50.15579],[5.59949,50.15513],[5.59918,50.15457],[5.59961,50.15384],[5.60042,50.15321],[5.60069,50.15234],[5.60209,50.15168],[5.60224,50.15154],[5.60235,50.1512],[5.60284,50.15069],[5.60375,50.14992],[5.60439,50.1496],[5.60395,50.14935],[5.60381,50.14899],[5.60343,50.14853],[5.60334,50.14832],[5.60364,50.14773],[5.6037,50.14708],[5.60395,50.14653],[5.60425,50.14627],[5.6042,50.14611],[5.60408,50.14604],[5.6033,50.14615],[5.60307,50.1466],[5.60237,50.14713],[5.60229,50.14746],[5.60224,50.1485],[5.60248,50.14931],[5.60249,50.1496],[5.60203,50.1497],[5.60169,50.14987],[5.601,50.15043],[5.6008,50.1507],[5.59944,50.1512],[5.59859,50.15134],[5.59712,50.15088],[5.59609,50.15079],[5.5958,50.1507],[5.59553,50.15039],[5.59502,50.15015],[5.59419,50.14985],[5.59335,50.14972],[5.59219,50.14928],[5.59121,50.14931],[5.59094,50.1495],[5.59092,50.14968],[5.59117,50.14987],[5.59213,50.14973],[5.59254,50.14978],[5.59456,50.15098],[5.597,50.15212],[5.59867,50.15231],[5.59921,50.1526],[5.59919,50.15296],[5.59888,50.15329],[5.59856,50.15346],[5.5975,50.15378],[5.59714,50.15461],[5.59722,50.15509],[5.59715,50.15544],[5.5973,50.15599],[5.59793,50.15679],[5.59832,50.15717],[5.59867,50.15766],[5.59876,50.15794],[5.59782,50.15876],[5.59718,50.15987],[5.59693,50.16011],[5.59506,50.16074],[5.59368,50.16179],[5.5913,50.16267],[5.58871,50.16284],[5.58838,50.16263],[5.58788,50.16209],[5.58746,50.16182],[5.58731,50.16152],[5.58705,50.16125],[5.58657,50.16099],[5.58626,50.16066],[5.5858,50.16066],[5.58634,50.16181],[5.58639,50.16211],[5.58604,50.16364],[5.58601,50.16412],[5.58592,50.16432],[5.58575,50.1644],[5.5852,50.16444],[5.5837,50.16432],[5.58245,50.16384],[5.5819,50.16347],[5.58138,50.16229],[5.58096,50.16196],[5.58079,50.16192],[5.58069,50.16214],[5.58064,50.16291],[5.58117,50.16404],[5.58146,50.16433],[5.58333,50.16541],[5.58349,50.16568],[5.58352,50.16593],[5.58335,50.16657],[5.58294,50.16711],[5.58249,50.16738],[5.58159,50.16763],[5.58125,50.16788],[5.58082,50.16831],[5.58024,50.16923],[5.57987,50.16954],[5.57873,50.16989],[5.5783,50.16987],[5.57832,50.16957],[5.57812,50.16931],[5.57788,50.16921],[5.57706,50.16981],[5.57677,50.16993],[5.5758,50.16987],[5.57535,50.16933],[5.57456,50.16902],[5.57369,50.16881],[5.57247,50.16792],[5.57071,50.16737],[5.57031,50.1671],[5.57016,50.1669],[5.5701,50.16624],[5.57031,50.16572],[5.57104,50.16512],[5.57115,50.16496],[5.57112,50.16478],[5.57085,50.16453],[5.56954,50.16405],[5.5689,50.16332],[5.56855,50.16268],[5.56769,50.16234],[5.56705,50.16167]],[[5.58622,50.17195],[5.58622,50.17177],[5.58622,50.17195]],[[5.58663,50.17147],[5.58655,50.17128],[5.58662,50.17119],[5.5867,50.17126],[5.58663,50.17147]],[[5.61247,50.17116],[5.6122,50.17095],[5.61217,50.1707],[5.61255,50.17052],[5.61289,50.17052],[5.61298,50.17072],[5.61289,50.17098],[5.61247,50.17116]],[[5.59038,50.16938],[5.59039,50.16925],[5.59038,50.16938]],[[5.61247,50.16711],[5.61254,50.16709],[5.61247,50.16711]],[[5.64788,50.16288],[5.64779,50.16263],[5.648,50.16239],[5.64804,50.16218],[5.64773,50.16182],[5.64794,50.16154],[5.64773,50.16124],[5.64779,50.1609],[5.64791,50.16075],[5.64828,50.16068],[5.6487,50.16038],[5.64914,50.16041],[5.64917,50.16073],[5.64871,50.16095],[5.64893,50.16128],[5.64872,50.16188],[5.64852,50.16212],[5.6483,50.16265],[5.64788,50.16288]],[[5.75455,50.16047],[5.75433,50.16042],[5.75475,50.16042],[5.75455,50.16047]],[[5.66872,50.16017],[5.66852,50.16015],[5.66892,50.16015],[5.66872,50.16017]],[[5.7533,50.16022],[5.75318,50.16012],[5.75335,50.15995],[5.75398,50.16013],[5.75373,50.16023],[5.7533,50.16022]],[[5.64872,50.15972],[5.64865,50.15957],[5.64873,50.15941],[5.64883,50.15959],[5.64872,50.15972]],[[5.64913,50.15934],[5.64897,50.15929],[5.64912,50.15918],[5.64913,50.15934]],[[5.73913,50.15855],[5.73904,50.15845],[5.73916,50.15822],[5.73947,50.15813],[5.73963,50.15817],[5.73953,50.15834],[5.73913,50.15855]],[[5.7408,50.15659],[5.74081,50.15641],[5.7408,50.15659]],[[5.65413,50.15543],[5.65328,50.15515],[5.6533,50.15497],[5.65344,50.15494],[5.65414,50.15514],[5.6543,50.15538],[5.65413,50.15543]],[[5.6283,50.15411],[5.62808,50.15402],[5.62828,50.15392],[5.62847,50.154],[5.6283,50.15411]],[[5.71288,50.15349],[5.71242,50.15329],[5.71166,50.15323],[5.71156,50.15316],[5.71169,50.15306],[5.71197,50.15307],[5.71248,50.1532],[5.71291,50.15343],[5.71372,50.15348],[5.71288,50.15349]],[[5.7158,50.15368],[5.71538,50.15329],[5.71451,50.1532],[5.71486,50.15289],[5.71531,50.15283],[5.71623,50.15292],[5.71666,50.15313],[5.71719,50.15321],[5.71679,50.15348],[5.7158,50.15368]],[[5.7183,50.15294],[5.71747,50.15264],[5.71701,50.15239],[5.71676,50.15211],[5.71744,50.15195],[5.71822,50.152],[5.71853,50.15188],[5.71866,50.15169],[5.71871,50.15125],[5.71905,50.15082],[5.71899,50.15046],[5.71908,50.15035],[5.71958,50.15027],[5.72039,50.15042],[5.72045,50.15099],[5.72018,50.15128],[5.7204,50.15154],[5.71997,50.15182],[5.71994,50.15201],[5.71981,50.15215],[5.71906,50.15235],[5.71883,50.15271],[5.7183,50.15294]],[[5.72622,50.15241],[5.72621,50.15234],[5.72671,50.15211],[5.72748,50.15209],[5.72709,50.15215],[5.72672,50.15238],[5.72622,50.15241]],[[5.72247,50.15103],[5.72234,50.15094],[5.72242,50.15068],[5.72238,50.15042],[5.72249,50.15036],[5.72301,50.15021],[5.72421,50.15006],[5.72456,50.15006],[5.72477,50.15016],[5.72464,50.15044],[5.7247,50.15073],[5.72425,50.15105],[5.7238,50.15111],[5.72247,50.15103]],[[5.72663,50.15047],[5.72648,50.15039],[5.72668,50.15015],[5.72776,50.14978],[5.7279,50.14978],[5.72812,50.15013],[5.728,50.15044],[5.72775,50.15055],[5.72729,50.15059],[5.72663,50.15047]],[[5.60455,50.14576],[5.60429,50.14567],[5.60455,50.14555],[5.60455,50.14576]],[[5.68622,50.14418],[5.68604,50.14405],[5.68646,50.14405],[5.68622,50.14418]],[[5.64455,50.14188],[5.64448,50.14178],[5.64455,50.14153],[5.64494,50.14134],[5.64542,50.1415],[5.64554,50.14172],[5.64547,50.14189],[5.64515,50.14201],[5.64489,50.14201],[5.64455,50.14188]],[[5.67205,50.13852],[5.67195,50.13842],[5.672,50.13813],[5.67215,50.13797],[5.67243,50.13787],[5.67286,50.13793],[5.67337,50.13813],[5.67358,50.13836],[5.67351,50.1385],[5.67317,50.13856],[5.67205,50.13852]],[[5.77663,50.13603],[5.77616,50.13584],[5.77598,50.13546],[5.77617,50.13532],[5.77683,50.13518],[5.77705,50.13494],[5.77714,50.13537],[5.77709,50.13577],[5.77695,50.13591],[5.77663,50.13603]],[[5.78288,50.12796],[5.78176,50.12805],[5.78118,50.12794],[5.7811,50.12707],[5.78123,50.12653],[5.78086,50.12624],[5.7802,50.126],[5.78011,50.12569],[5.7799,50.12564],[5.77951,50.12599],[5.77948,50.12625],[5.77963,50.12662],[5.77955,50.12708],[5.77847,50.12739],[5.77887,50.12789],[5.7788,50.1282],[5.77751,50.12854],[5.77706,50.12879],[5.77691,50.12933],[5.77692,50.12956],[5.77748,50.13042],[5.77714,50.1306],[5.77541,50.13099],[5.77447,50.13106],[5.77409,50.13098],[5.77333,50.12985],[5.77289,50.12959],[5.77239,50.1297],[5.77001,50.12991],[5.76906,50.12967],[5.76859,50.12966],[5.76729,50.1301],[5.76729,50.13072],[5.76706,50.13098],[5.76654,50.13123],[5.76639,50.13138],[5.76613,50.13181],[5.76582,50.1327],[5.76458,50.13288],[5.7633,50.13293],[5.76122,50.13348],[5.7608,50.13353],[5.76075,50.13346],[5.76084,50.13324],[5.7613,50.13269],[5.76166,50.13211],[5.76158,50.13181],[5.76122,50.13125],[5.76087,50.13097],[5.76033,50.13084],[5.7592,50.13037],[5.75897,50.13021],[5.75857,50.12877],[5.75819,50.1282],[5.75796,50.12761],[5.75747,50.12708],[5.75582,50.12625],[5.75423,50.1256],[5.7533,50.12542],[5.75246,50.12515],[5.75124,50.12429],[5.75072,50.12405],[5.75041,50.12374],[5.74959,50.12347],[5.74903,50.12319],[5.74783,50.12283],[5.74766,50.1229],[5.74768,50.12299],[5.74955,50.12459],[5.74955,50.12487],[5.74973,50.12511],[5.75083,50.12567],[5.7512,50.12627],[5.75497,50.12765],[5.75565,50.12796],[5.75587,50.12821],[5.75566,50.12888],[5.75566,50.1293],[5.7558,50.12959],[5.75633,50.12986],[5.75725,50.13098],[5.75808,50.13126],[5.75861,50.13157],[5.7597,50.13203],[5.75977,50.13215],[5.75968,50.13233],[5.75921,50.13253],[5.75829,50.13264],[5.75581,50.13321],[5.75523,50.13375],[5.75501,50.13433],[5.75475,50.13465],[5.75462,50.13517],[5.75432,50.13521],[5.75371,50.13504],[5.75235,50.13381],[5.7523,50.13339],[5.7524,50.13291],[5.75292,50.13264],[5.75176,50.13182],[5.7512,50.13152],[5.74993,50.13152],[5.75013,50.13183],[5.7501,50.13232],[5.74997,50.13269],[5.74966,50.13296],[5.74906,50.13304],[5.74812,50.13273],[5.74751,50.13263],[5.74705,50.13265],[5.74645,50.13279],[5.7451,50.13334],[5.74281,50.13396],[5.74204,50.13406],[5.74158,50.13387],[5.74081,50.13319],[5.74001,50.13263],[5.73926,50.13232],[5.73822,50.13223],[5.73666,50.13188],[5.73552,50.13181],[5.73506,50.13153],[5.73312,50.13148],[5.73176,50.13118],[5.73122,50.13097],[5.73116,50.13069],[5.73126,50.13044],[5.73206,50.12987],[5.7331,50.12932],[5.73289,50.12903],[5.73229,50.12924],[5.7316,50.12929],[5.73125,50.12961],[5.73029,50.1299],[5.72948,50.12993],[5.72869,50.12972],[5.72743,50.12959],[5.72671,50.12963],[5.72622,50.12988],[5.72531,50.12982],[5.72458,50.12988],[5.72339,50.13021],[5.72248,50.13077],[5.72187,50.13096],[5.7214,50.13091],[5.72079,50.13071],[5.72062,50.13013],[5.72041,50.12983],[5.72005,50.12955],[5.7196,50.12949],[5.71945,50.12956],[5.71935,50.12987],[5.71904,50.13014],[5.71892,50.1304],[5.71954,50.13127],[5.72014,50.13178],[5.72064,50.13252],[5.72062,50.1327],[5.72014,50.1335],[5.72047,50.13403],[5.72037,50.13514],[5.72,50.13546],[5.71913,50.1354],[5.71791,50.13553],[5.71727,50.13572],[5.71671,50.13579],[5.71517,50.13572],[5.71506,50.13564],[5.71511,50.13541],[5.71502,50.13509],[5.71535,50.1343],[5.71534,50.13388],[5.71526,50.13367],[5.71505,50.13343],[5.71445,50.13303],[5.71327,50.13262],[5.71057,50.13246],[5.70983,50.13264],[5.70682,50.13275],[5.70557,50.13314],[5.7052,50.13316],[5.70481,50.13304],[5.70393,50.13243],[5.70346,50.13179],[5.70223,50.13134],[5.70164,50.13121],[5.7004,50.13121],[5.69914,50.13147],[5.69789,50.13209],[5.69765,50.13213],[5.69732,50.13213],[5.69615,50.13188],[5.69601,50.13166],[5.69586,50.13092],[5.69526,50.13041],[5.69496,50.12988],[5.695,50.12907],[5.6949,50.12801],[5.69498,50.12768],[5.69528,50.12737],[5.69544,50.12732],[5.69812,50.12753],[5.69867,50.12748],[5.69885,50.12736],[5.69797,50.12646],[5.69704,50.12626],[5.69695,50.12599],[5.69717,50.12573],[5.6972,50.12555],[5.69696,50.12518],[5.69612,50.12462],[5.69515,50.12416],[5.69416,50.12413],[5.69255,50.1238],[5.69192,50.12382],[5.69046,50.12364],[5.68715,50.12436],[5.68547,50.12505],[5.68436,50.12537],[5.68408,50.12566],[5.68365,50.12568],[5.68248,50.12602],[5.68162,50.12653],[5.68164,50.12684],[5.68118,50.12703],[5.68113,50.12739],[5.68088,50.12765],[5.68042,50.12779],[5.68,50.12759],[5.67991,50.12683],[5.67975,50.12641],[5.67932,50.12579],[5.67867,50.12518],[5.67769,50.12455],[5.67569,50.12389],[5.67548,50.12373],[5.67539,50.12348],[5.67487,50.1233],[5.67431,50.12299],[5.67362,50.12241],[5.67362,50.12181],[5.67401,50.12127],[5.67405,50.12039],[5.67454,50.1193],[5.67537,50.11826],[5.67618,50.11761],[5.67698,50.11708],[5.67751,50.11684],[5.67869,50.11669],[5.67914,50.11652],[5.67999,50.11641],[5.68076,50.11643],[5.68135,50.11667],[5.68286,50.11693],[5.68419,50.11711],[5.68477,50.1171],[5.68481,50.11693],[5.68455,50.11654],[5.68329,50.11598],[5.68304,50.11572],[5.68308,50.11537],[5.68349,50.11462],[5.6842,50.11408],[5.68496,50.1137],[5.68581,50.11349],[5.68726,50.11263],[5.68794,50.11211],[5.68932,50.11151],[5.68874,50.11139],[5.68827,50.11146],[5.68743,50.11198],[5.68585,50.11227],[5.68528,50.1126],[5.68368,50.11319],[5.6825,50.11335],[5.68199,50.11352],[5.68041,50.11359],[5.67963,50.11372],[5.6791,50.11357],[5.6779,50.11237],[5.67706,50.11196],[5.67598,50.11163],[5.67489,50.11163],[5.67425,50.11184],[5.67364,50.11251],[5.67271,50.11321],[5.67157,50.11345],[5.67159,50.11374],[5.67177,50.11402],[5.67166,50.11424],[5.67083,50.11422],[5.67037,50.11405],[5.67031,50.11353],[5.66997,50.11318],[5.66975,50.11239],[5.66987,50.11173],[5.66986,50.11117],[5.66952,50.11019],[5.66925,50.10999],[5.669,50.10995],[5.66869,50.11006],[5.66829,50.11076],[5.66697,50.11023],[5.66604,50.11001],[5.66317,50.11001],[5.66041,50.11048],[5.65997,50.11014],[5.65983,50.1094],[5.66013,50.10871],[5.66018,50.10746],[5.66042,50.10721],[5.66229,50.10639],[5.66454,50.10573],[5.6663,50.1047],[5.66671,50.10462],[5.6691,50.10458],[5.66954,50.10443],[5.67001,50.10414],[5.67095,50.10405],[5.67124,50.10379],[5.67116,50.10367],[5.67051,50.10358],[5.66923,50.10378],[5.66801,50.10359],[5.66749,50.10358],[5.66666,50.1038],[5.66567,50.1039],[5.66427,50.10425],[5.66284,50.10486],[5.6612,50.10488],[5.6599,50.10465],[5.65871,50.10366],[5.65779,50.10311],[5.65656,50.10277],[5.65541,50.10257],[5.65411,50.10255],[5.65326,50.10275],[5.65238,50.1031],[5.65166,50.10363],[5.65118,50.10417],[5.65071,50.10446],[5.65006,50.10463],[5.64998,50.10489],[5.6497,50.10514],[5.65044,50.10541],[5.65045,50.1055],[5.65036,50.10569],[5.64969,50.10595],[5.6497,50.10632],[5.64942,50.10642],[5.64891,50.10625],[5.64904,50.1061],[5.64937,50.10596],[5.64931,50.1057],[5.64908,50.10567],[5.64839,50.10586],[5.64814,50.1057],[5.64762,50.10471],[5.64728,50.10426],[5.6468,50.10232],[5.64637,50.1016],[5.64579,50.10099],[5.64538,50.10071],[5.64412,50.10015],[5.64364,50.10001],[5.64202,50.09978],[5.63922,50.10034],[5.63906,50.10027],[5.63879,50.09985],[5.63858,50.09983],[5.6383,50.09986],[5.63821,50.10016],[5.63897,50.1004],[5.63878,50.10055],[5.63794,50.10074],[5.63669,50.10072],[5.6358,50.10098],[5.63537,50.101],[5.63341,50.10034],[5.63248,50.10014],[5.63189,50.09959]],[[5.77538,50.1345],[5.77507,50.13427],[5.77452,50.13343],[5.77489,50.13334],[5.77571,50.13337],[5.776,50.13351],[5.77614,50.13384],[5.7761,50.13409],[5.77583,50.13437],[5.77538,50.1345]],[[5.78288,50.13367],[5.78204,50.13321],[5.78193,50.1328],[5.78198,50.13232],[5.78228,50.13148],[5.78224,50.13103],[5.78204,50.13071],[5.78206,50.13045],[5.78288,50.13014]],[[5.66497,50.1327],[5.66484,50.13264],[5.66541,50.13249],[5.66574,50.13251],[5.66585,50.13263],[5.66546,50.13274],[5.66497,50.1327]],[[5.77288,50.13044],[5.77327,50.13029],[5.77357,50.13041],[5.77332,50.1305],[5.77288,50.13044]],[[5.70038,50.12732],[5.70026,50.12714],[5.70029,50.12706],[5.70088,50.12708],[5.70038,50.12732]],[[5.70205,50.12603],[5.70185,50.12598],[5.70213,50.12597],[5.70205,50.12603]],[[5.74705,50.12253],[5.74684,50.12239],[5.7468,50.12228],[5.74686,50.12209],[5.74703,50.12194],[5.74719,50.12228],[5.74705,50.12253]],[[5.74705,50.12135],[5.74696,50.12122],[5.747,50.12068],[5.74747,50.12036],[5.74747,50.1207],[5.74713,50.121],[5.74705,50.12135]],[[5.74788,50.11989],[5.74817,50.1193],[5.74835,50.11925],[5.74844,50.11959],[5.74788,50.11989]],[[5.74747,50.11851],[5.74739,50.11848],[5.74756,50.11848],[5.74747,50.11851]],[[5.74163,50.11796],[5.74116,50.11789],[5.73827,50.1171],[5.7379,50.11693],[5.73701,50.11625],[5.73748,50.11591],[5.73789,50.11625],[5.73865,50.11661],[5.74145,50.11753],[5.74282,50.11765],[5.74428,50.11792],[5.74343,50.11801],[5.74163,50.11796]],[[5.6708,50.11519],[5.67059,50.11492],[5.67072,50.1147],[5.67098,50.11466],[5.67139,50.11485],[5.67123,50.11515],[5.6708,50.11519]],[[5.6308,50.10966],[5.63049,50.10953],[5.6308,50.10903],[5.63187,50.10865],[5.63208,50.10864],[5.63222,50.10873],[5.63216,50.10903],[5.63191,50.10924],[5.6308,50.10966]],[[5.65497,50.10836],[5.65459,50.10815],[5.65453,50.10768],[5.65472,50.10707],[5.65465,50.10655],[5.65474,50.10624],[5.65478,50.10548],[5.65494,50.10507],[5.65503,50.10504],[5.65539,50.10512],[5.65586,50.10539],[5.65602,50.10582],[5.65588,50.10682],[5.65562,50.10759],[5.65539,50.10795],[5.65497,50.10836]],[[5.59629,50.09959],[5.5957,50.0998],[5.59465,50.10046],[5.5945,50.1007],[5.59466,50.10121],[5.5946,50.10154],[5.5941,50.10146],[5.5937,50.10151],[5.59338,50.10214],[5.59305,50.10256],[5.59307,50.10268],[5.59333,50.10293],[5.59269,50.10348],[5.59243,50.10401],[5.59216,50.10412],[5.59187,50.10414],[5.59163,50.10408],[5.5916,50.10401],[5.59189,50.1037],[5.59224,50.10291],[5.59268,50.10256],[5.59263,50.10166],[5.59294,50.101],[5.59273,50.10071],[5.59238,50.09996],[5.59239,50.09978],[5.59255,50.09959]],[[5.63997,50.10357],[5.63962,50.10342],[5.63955,50.10291],[5.63981,50.10262],[5.6407,50.10236],[5.6408,50.10227],[5.64101,50.10259],[5.64098,50.10277],[5.63997,50.10357]]]}},{"type":"Feature","properties":{"ele":400},"geometry":{"type":"MultiLineString","coordinates":[[[5.5839,50.26515],[5.58401,50.26485],[5.58422,50.26464],[5.58538,50.26402],[5.58555,50.26318],[5.58578,50.26287],[5.58622,50.26254],[5.58692,50.26225],[5.58927,50.26166],[5.59046,50.26167],[5.59159,50.26139],[5.59183,50.26128],[5.59191,50.26099],[5.59205,50.26086],[5.59249,50.26061],[5.59301,50.26052],[5.59368,50.26058],[5.59409,50.26074],[5.59457,50.26102],[5.59498,50.26156],[5.5955,50.26181],[5.59661,50.2621],[5.59713,50.26237],[5.59741,50.26272],[5.59794,50.26423],[5.59839,50.26486],[5.5983,50.26515]],[[5.60245,50.26515],[5.60207,50.26486],[5.60154,50.2647],[5.60136,50.26456],[5.60137,50.26416],[5.60096,50.26308],[5.60114,50.26263],[5.60075,50.26193],[5.6008,50.26154],[5.60031,50.26128],[5.59999,50.26042],[5.59935,50.25987],[5.59916,50.25931],[5.59867,50.25879],[5.59881,50.25851],[5.59915,50.25817],[5.59958,50.25802],[5.60036,50.25791],[5.60202,50.25803],[5.60484,50.25859],[5.60623,50.25875],[5.60666,50.25888],[5.60705,50.25904],[5.60751,50.25947],[5.60782,50.25994],[5.6087,50.26051],[5.61287,50.26238],[5.61496,50.26349],[5.61581,50.26376],[5.61623,50.26403],[5.61707,50.26431],[5.61789,50.26485],[5.61852,50.26515]],[[5.63112,50.26515],[5.63076,50.26489],[5.63077,50.26481],[5.63123,50.26468],[5.63159,50.26489],[5.63233,50.26494],[5.63272,50.26515]],[[5.63325,50.26515],[5.63291,50.26484],[5.63202,50.26478],[5.63151,50.26462],[5.63192,50.26448],[5.63254,50.26444],[5.63276,50.26431],[5.63205,50.26415],[5.63135,50.26387],[5.63119,50.26388],[5.63106,50.264],[5.63122,50.26433],[5.63098,50.26437],[5.63038,50.26431],[5.62993,50.26406],[5.62932,50.26393],[5.62858,50.26412],[5.62492,50.26432],[5.62395,50.26421],[5.62003,50.26297],[5.61791,50.2618],[5.61759,50.26151],[5.6175,50.26096],[5.61502,50.25927],[5.6137,50.25851],[5.61376,50.25817],[5.61416,50.25739],[5.61411,50.25721],[5.61338,50.25649],[5.61288,50.25571],[5.6125,50.2554],[5.61203,50.25461],[5.61079,50.25349],[5.60768,50.25184],[5.60458,50.25118],[5.60343,50.25083],[5.60318,50.25085],[5.60245,50.25121],[5.60182,50.25142],[5.60119,50.25129],[5.60076,50.25133],[5.6006,50.25125],[5.60063,50.251],[5.60101,50.25034],[5.60209,50.24905],[5.603,50.24821],[5.60361,50.24736],[5.60402,50.24704],[5.60611,50.24614],[5.60728,50.24546],[5.60792,50.24488],[5.60895,50.2445],[5.6108,50.24428],[5.61125,50.24435],[5.61229,50.24426],[5.61331,50.24404],[5.61454,50.24288],[5.61538,50.24227],[5.61587,50.24209],[5.61582,50.24207],[5.61533,50.24205],[5.61451,50.24227],[5.61371,50.24264],[5.61331,50.24293],[5.61241,50.2433],[5.60918,50.24318],[5.60723,50.24343],[5.60656,50.24326],[5.60578,50.24324],[5.60539,50.24312],[5.60516,50.24398],[5.60532,50.24443],[5.60519,50.24462],[5.60489,50.24483],[5.60334,50.24546],[5.60229,50.24568],[5.60188,50.24606],[5.60124,50.24644],[5.6008,50.24655],[5.59997,50.24691],[5.59903,50.24704],[5.59879,50.24739],[5.59766,50.24764],[5.59756,50.24791],[5.59789,50.24848],[5.59794,50.24873],[5.59788,50.24886],[5.59755,50.24889],[5.59708,50.24879],[5.59632,50.24833],[5.59593,50.24824],[5.59526,50.2485],[5.59419,50.24868],[5.59335,50.24906],[5.59288,50.24903],[5.59223,50.24926],[5.59161,50.24913],[5.59093,50.24989],[5.59092,50.25051],[5.59081,50.2508],[5.59001,50.25147],[5.58952,50.25154],[5.58784,50.25266],[5.58775,50.25296],[5.58809,50.25336],[5.58811,50.25349],[5.58755,50.25365],[5.5866,50.25373],[5.58678,50.25419],[5.58675,50.25455],[5.58625,50.25489],[5.58591,50.25541],[5.58613,50.25614],[5.5861,50.25634],[5.58577,50.25669],[5.58492,50.25704],[5.58406,50.25725],[5.5826,50.25744],[5.58219,50.25738],[5.58219,50.25711],[5.58208,50.25704],[5.5814,50.25721],[5.58086,50.25717],[5.58075,50.25709],[5.58076,50.25682],[5.58105,50.25661],[5.58112,50.25648],[5.58084,50.25596],[5.57912,50.25544],[5.57885,50.25513],[5.57791,50.25481],[5.57734,50.25435],[5.57665,50.25401],[5.57571,50.25383],[5.57496,50.25324],[5.57453,50.25317],[5.57255,50.25352],[5.57238,50.25368],[5.57243,50.25383],[5.57363,50.25412],[5.57406,50.25436],[5.57424,50.25492],[5.57442,50.25522],[5.57497,50.2557],[5.57611,50.25707],[5.57613,50.25787],[5.57555,50.25876],[5.57537,50.25889],[5.57499,50.25894],[5.57416,50.25887],[5.57331,50.25913],[5.57239,50.25918],[5.57113,50.25952],[5.56988,50.25997],[5.56906,50.26008],[5.56864,50.25995],[5.56859,50.25968],[5.56869,50.25952],[5.56907,50.2597],[5.56946,50.25973],[5.57047,50.25932],[5.56999,50.25916],[5.56905,50.25905],[5.56893,50.25875],[5.56858,50.25836],[5.56837,50.25735],[5.56806,50.25684],[5.56747,50.25653],[5.56744,50.25624],[5.56764,50.25599],[5.56762,50.25569],[5.56789,50.25544],[5.568,50.25516],[5.56794,50.25384],[5.56864,50.25315],[5.56843,50.25262],[5.56806,50.25237],[5.5687,50.25206],[5.5689,50.25189],[5.56896,50.25173],[5.56883,50.25148],[5.56789,50.25097],[5.5675,50.25042],[5.56705,50.25]],[[5.63342,50.26515],[5.63426,50.26494],[5.63587,50.26494],[5.63599,50.26486],[5.63607,50.26456],[5.63625,50.26439],[5.63725,50.26409],[5.6387,50.26346],[5.63926,50.26297],[5.63954,50.2626],[5.64016,50.26213],[5.64004,50.26166],[5.64007,50.26155],[5.64083,50.26127],[5.64062,50.26099],[5.6408,50.2607],[5.64126,50.26055],[5.64157,50.26014],[5.6421,50.25989],[5.64205,50.25959],[5.64241,50.25945],[5.64289,50.25984],[5.64335,50.26037],[5.64419,50.26094],[5.64435,50.26126],[5.64455,50.26146],[5.64574,50.26218],[5.64671,50.26234],[5.64986,50.26328],[5.65017,50.26345],[5.65006,50.2637],[5.65012,50.26379],[5.65122,50.26403],[5.65193,50.26446],[5.65211,50.26446],[5.65294,50.26392],[5.6537,50.26372],[5.65465,50.26374],[5.65511,50.26402],[5.6549,50.26428],[5.65442,50.26458],[5.65337,50.26501],[5.6528,50.26515]],[[5.65247,50.26466],[5.65239,50.26459],[5.65253,50.26459],[5.65247,50.26466]],[[5.63955,50.26386],[5.63939,50.26373],[5.63957,50.26349],[5.63992,50.26339],[5.64008,50.26346],[5.64016,50.26367],[5.64009,50.26382],[5.63955,50.26386]],[[5.65288,50.2635],[5.65283,50.26348],[5.65288,50.2635]],[[5.65372,50.26325],[5.65353,50.2632],[5.65413,50.2629],[5.65455,50.26286],[5.65475,50.26294],[5.65455,50.2632],[5.65372,50.26325]],[[5.64455,50.2619],[5.64434,50.2618],[5.64461,50.26172],[5.64469,50.26181],[5.64455,50.2619]],[[5.60038,50.25991],[5.60026,50.25983],[5.60022,50.2596],[5.60035,50.25953],[5.60058,50.25957],[5.60059,50.25975],[5.60038,50.25991]],[[5.57913,50.25468],[5.57912,50.25457],[5.57957,50.25459],[5.57913,50.25468]],[[5.59163,50.24858],[5.59155,50.24836],[5.59153,50.24743],[5.59161,50.24736],[5.59198,50.24738],[5.59206,50.24749],[5.59219,50.24821],[5.59203,50.24844],[5.59163,50.24858]],[[5.6233,50.24239],[5.62324,50.24235],[5.62339,50.24231],[5.62429,50.24237],[5.6233,50.24239]],[[5.61747,50.24165],[5.61736,50.2415],[5.61746,50.24121],[5.61796,50.24119],[5.61844,50.24127],[5.61813,50.24155],[5.61747,50.24165]],[[5.56705,50.22716],[5.56786,50.22688],[5.56914,50.22685],[5.57048,50.22656],[5.57176,50.22641],[5.57272,50.22589],[5.57371,50.22561],[5.57414,50.22524],[5.57448,50.22507],[5.57604,50.2248],[5.57738,50.22425],[5.57719,50.224],[5.57583,50.22374],[5.57284,50.22349],[5.57109,50.22313],[5.56979,50.22306],[5.56895,50.22312],[5.5678,50.22295],[5.56705,50.2227]],[[5.57788,50.22433],[5.57765,50.22431],[5.57788,50.22433]],[[5.78288,50.139],[5.78203,50.13878],[5.78161,50.13875],[5.78126,50.13907],[5.78083,50.13932],[5.77963,50.13975],[5.7791,50.13985],[5.77869,50.14009],[5.7764,50.14061],[5.77515,50.14065],[5.77456,50.14041],[5.77412,50.14048],[5.77375,50.14038],[5.77348,50.14015],[5.77328,50.13962],[5.77291,50.1393],[5.77086,50.13844],[5.77034,50.13802],[5.76998,50.13761],[5.76956,50.13734],[5.76906,50.1372],[5.76869,50.13718],[5.76697,50.13744],[5.76463,50.13755],[5.76417,50.13733],[5.76338,50.13727],[5.76278,50.13711],[5.76257,50.1368],[5.75968,50.13644],[5.75927,50.13658],[5.75883,50.13712],[5.75831,50.13737],[5.75786,50.13742],[5.75746,50.13736],[5.75704,50.13823],[5.75729,50.13849],[5.75807,50.13886],[5.75877,50.13909],[5.76046,50.13909],[5.7634,50.13959],[5.76411,50.13994],[5.76514,50.14014],[5.76605,50.14068],[5.76623,50.14097],[5.76665,50.14125],[5.7675,50.14153],[5.7688,50.1418],[5.76968,50.1422],[5.76999,50.14224],[5.77054,50.14211],[5.77124,50.1421],[5.77214,50.14164],[5.7733,50.14181],[5.77456,50.14245],[5.77538,50.14297],[5.77624,50.14428],[5.77691,50.14489],[5.77701,50.14548],[5.77692,50.14571],[5.77646,50.14599],[5.77624,50.14634],[5.77602,50.14654],[5.77562,50.14666],[5.77489,50.1467],[5.77336,50.14656],[5.7715,50.14617],[5.77041,50.14617],[5.76895,50.1464],[5.76827,50.14639],[5.7654,50.14598],[5.76385,50.14561],[5.76255,50.14512],[5.76165,50.145],[5.7615,50.1452],[5.76157,50.14564],[5.76206,50.14625],[5.76197,50.14683],[5.76229,50.14718],[5.76251,50.14762],[5.76255,50.14843],[5.76246,50.14876],[5.76289,50.14935],[5.76327,50.1496],[5.76391,50.14985],[5.76425,50.15011],[5.76455,50.15042],[5.76464,50.15071],[5.76307,50.15065],[5.76271,50.1507],[5.76235,50.15117],[5.76256,50.15153],[5.76247,50.15191],[5.76204,50.15154],[5.76194,50.15127],[5.76196,50.15093],[5.76186,50.15073],[5.76121,50.15033],[5.76088,50.15043],[5.76087,50.15078],[5.76046,50.15131],[5.76005,50.15146],[5.75843,50.15168],[5.75749,50.15171],[5.75432,50.15139],[5.75404,50.15145],[5.75383,50.15166],[5.75372,50.15181],[5.7537,50.15209],[5.75404,50.15242],[5.75451,50.15267],[5.75663,50.15344],[5.75685,50.15376],[5.75655,50.15395],[5.75588,50.15402],[5.75463,50.15401],[5.75338,50.1538],[5.75292,50.15395],[5.75257,50.15509],[5.75259,50.15582],[5.75251,50.15626],[5.75218,50.15643],[5.75162,50.15653],[5.75155,50.1568],[5.75167,50.15696],[5.75228,50.15735],[5.75332,50.15777],[5.75396,50.15819],[5.75451,50.15879],[5.75491,50.15903],[5.75635,50.15945],[5.75708,50.15984],[5.75744,50.16017],[5.75863,50.16035],[5.75952,50.16071],[5.76041,50.16125],[5.76051,50.16155],[5.76079,50.16182],[5.76197,50.16211],[5.76243,50.16257],[5.76343,50.16252],[5.76468,50.16276],[5.76519,50.16294],[5.76578,50.1633],[5.76628,50.16349],[5.7671,50.16404],[5.76661,50.16435],[5.76378,50.16344],[5.7633,50.16348],[5.76288,50.1637],[5.76253,50.16377],[5.7613,50.16371],[5.76033,50.16348],[5.75913,50.16332],[5.75672,50.16251],[5.75499,50.16179],[5.75455,50.16173],[5.75429,50.16187],[5.75413,50.16208],[5.75406,50.16345],[5.75416,50.16372],[5.75442,50.16405],[5.75633,50.16542],[5.75706,50.16609],[5.75923,50.16699],[5.76045,50.16768],[5.76041,50.16794],[5.75989,50.16796],[5.75856,50.16765],[5.75666,50.16758],[5.75543,50.16732],[5.75453,50.16761],[5.75448,50.16803],[5.75509,50.1687],[5.75518,50.16891],[5.75509,50.16936],[5.75523,50.16999],[5.75508,50.17107],[5.75502,50.17127],[5.75477,50.17156],[5.75496,50.17213],[5.75509,50.17236],[5.7554,50.17262],[5.75727,50.17369],[5.75833,50.17401],[5.75888,50.17462],[5.75997,50.17514],[5.76007,50.17541],[5.75995,50.17547],[5.75937,50.17525],[5.75791,50.17536],[5.75696,50.17522],[5.75615,50.17493],[5.75528,50.17437],[5.75454,50.17376],[5.75328,50.17316],[5.75299,50.174],[5.75261,50.17437],[5.75255,50.17489],[5.7522,50.17524],[5.75211,50.17561],[5.75222,50.17599],[5.75277,50.17648],[5.75264,50.17693],[5.75281,50.17742],[5.75336,50.17798],[5.75329,50.17819],[5.75242,50.17862],[5.75148,50.17818],[5.7514,50.17798],[5.75149,50.17763],[5.75144,50.17742],[5.75069,50.17656],[5.75054,50.17624],[5.75065,50.17594],[5.75132,50.1757],[5.7512,50.17539],[5.75163,50.17486],[5.7518,50.17443],[5.75185,50.17402],[5.75126,50.17347],[5.75119,50.1732],[5.75155,50.17285],[5.75223,50.17166],[5.75195,50.17117],[5.75206,50.17069],[5.75199,50.17036],[5.75182,50.17012],[5.75112,50.16956],[5.75124,50.16935],[5.75164,50.16925],[5.75231,50.16867],[5.75237,50.16843],[5.75222,50.16763],[5.75238,50.16708],[5.7536,50.16628],[5.75385,50.16598],[5.75301,50.16572],[5.753,50.16561],[5.75335,50.16514],[5.75273,50.16486],[5.7521,50.16488],[5.75158,50.16514],[5.75044,50.16547],[5.74995,50.16544],[5.74995,50.16515],[5.75043,50.1646],[5.75039,50.16403],[5.75023,50.16367],[5.74954,50.16293],[5.74905,50.16276],[5.74826,50.16265],[5.74804,50.16239],[5.74849,50.16183],[5.74805,50.16127],[5.7481,50.16074],[5.7495,50.16039],[5.75,50.15962],[5.7499,50.15935],[5.74991,50.15905],[5.74955,50.15876],[5.74874,50.15865],[5.74825,50.1585],[5.74702,50.15719],[5.74668,50.15694],[5.74542,50.15741],[5.74409,50.15756],[5.74307,50.15799],[5.74246,50.15791],[5.74223,50.15818],[5.74211,50.15849],[5.74159,50.15872],[5.74138,50.15891],[5.74132,50.15905],[5.74142,50.15929],[5.74136,50.1594],[5.74109,50.15954],[5.73994,50.15984],[5.73974,50.16093],[5.74008,50.16156],[5.73972,50.16213],[5.73912,50.16237],[5.73958,50.16288],[5.74077,50.16365],[5.74179,50.16397],[5.74331,50.16501],[5.74413,50.16515],[5.74438,50.16548],[5.74442,50.16569],[5.74415,50.16579],[5.74371,50.16572],[5.74296,50.16535],[5.74126,50.16482],[5.74099,50.1646],[5.741,50.16406],[5.74076,50.16382],[5.73942,50.16393],[5.73765,50.16338],[5.73714,50.16335],[5.7368,50.16347],[5.73618,50.16397],[5.73571,50.16471],[5.7357,50.16496],[5.73598,50.16572],[5.73567,50.16596],[5.73529,50.16654],[5.73433,50.16736],[5.73346,50.16864],[5.73314,50.16957],[5.73314,50.16988],[5.73334,50.17016],[5.73316,50.17064],[5.73288,50.17071],[5.73239,50.17053],[5.73192,50.17057],[5.73162,50.17069],[5.73145,50.17086],[5.73124,50.17128],[5.73036,50.17135],[5.73001,50.17159],[5.72996,50.17237],[5.73057,50.1736],[5.73054,50.17377],[5.73041,50.17385],[5.73013,50.17347],[5.72949,50.17298],[5.72922,50.17238],[5.72888,50.17193],[5.7289,50.17177],[5.72922,50.17153],[5.72933,50.17127],[5.72922,50.17092],[5.72901,50.1707],[5.7298,50.17043],[5.73013,50.17011],[5.73128,50.16938],[5.73117,50.16876],[5.73144,50.16839],[5.73152,50.16763],[5.73185,50.16683],[5.73162,50.16653],[5.73252,50.16606],[5.73279,50.16575],[5.73301,50.16475],[5.73298,50.16405],[5.73321,50.16372],[5.7335,50.16348],[5.7333,50.16324],[5.73205,50.16242],[5.7314,50.16235],[5.73141,50.16184],[5.73113,50.16166],[5.73074,50.16165],[5.73046,50.16209],[5.73033,50.16216],[5.72952,50.16225],[5.72885,50.16216],[5.72821,50.16193],[5.72665,50.16096],[5.72582,50.16055],[5.72416,50.16013],[5.72384,50.15985],[5.72296,50.15984],[5.72223,50.15969],[5.72114,50.15976],[5.72036,50.16008],[5.71997,50.16015],[5.71906,50.16104],[5.7189,50.16131],[5.71883,50.16179],[5.71867,50.16184],[5.71818,50.16158],[5.71796,50.1611],[5.71803,50.16094],[5.71836,50.1607],[5.71847,50.15971],[5.71866,50.15948],[5.7191,50.15918],[5.71994,50.15903],[5.72047,50.1588],[5.72058,50.15847],[5.72077,50.15826],[5.72215,50.15741],[5.72215,50.15727],[5.72172,50.15678],[5.7204,50.15653],[5.719,50.15664],[5.71794,50.15648],[5.71773,50.15657],[5.7171,50.15712],[5.71557,50.15754],[5.71479,50.15752],[5.71373,50.15706],[5.71244,50.15725],[5.71166,50.1568],[5.71086,50.15653],[5.7105,50.1563],[5.71041,50.15617],[5.71042,50.156],[5.7108,50.15542],[5.70958,50.15471],[5.7092,50.1543],[5.70661,50.15384],[5.70437,50.15359],[5.70378,50.15337],[5.70326,50.15293],[5.69871,50.15292],[5.69853,50.1532],[5.69886,50.15351],[5.69891,50.1537],[5.69884,50.1538],[5.69821,50.15385],[5.69785,50.15429],[5.69705,50.15487],[5.69615,50.15531],[5.6958,50.15573],[5.69557,50.15585],[5.69537,50.15587],[5.69501,50.15563],[5.69452,50.15569],[5.69469,50.15621],[5.69464,50.15644],[5.69436,50.15686],[5.69371,50.15737],[5.69416,50.15759],[5.69492,50.15757],[5.69517,50.15765],[5.6955,50.15791],[5.69526,50.15823],[5.6958,50.15841],[5.69636,50.15872],[5.69711,50.15931],[5.69628,50.15931],[5.69547,50.15915],[5.69378,50.15847],[5.69288,50.15848],[5.69308,50.15874],[5.69318,50.15916],[5.69374,50.15984],[5.69524,50.16104],[5.69528,50.16127],[5.69496,50.16153],[5.69414,50.16182],[5.69312,50.16201],[5.69166,50.16243],[5.69088,50.16251],[5.69041,50.16265],[5.68995,50.16265],[5.68952,50.16253],[5.68864,50.16262],[5.6871,50.16254],[5.68665,50.16278],[5.68621,50.16319],[5.68578,50.16346],[5.68556,50.16395],[5.68563,50.16422],[5.68578,50.16444],[5.68672,50.16502],[5.68868,50.16543],[5.68912,50.16567],[5.68933,50.16617],[5.68916,50.16654],[5.68817,50.16642],[5.68692,50.1657],[5.68546,50.16507],[5.68489,50.16491],[5.68418,50.16449],[5.684,50.16451],[5.6833,50.16487],[5.68187,50.16533],[5.68156,50.16532],[5.68122,50.16515],[5.68164,50.16459],[5.68298,50.16381],[5.68318,50.1634],[5.68371,50.1632],[5.68385,50.16297],[5.68382,50.16281],[5.68355,50.16242],[5.68359,50.16208],[5.68318,50.16172],[5.68304,50.16148],[5.68318,50.16119],[5.68374,50.16098],[5.68329,50.16065],[5.68278,50.16042],[5.68289,50.15988],[5.68372,50.15959],[5.68413,50.15909],[5.68486,50.15869],[5.68579,50.15847],[5.6863,50.15792],[5.68707,50.15768],[5.68825,50.15706],[5.68946,50.15667],[5.69041,50.15612],[5.6913,50.15573],[5.69164,50.15543],[5.69173,50.15513],[5.69206,50.15487],[5.69281,50.15466],[5.69329,50.15487],[5.69381,50.15488],[5.69565,50.15409],[5.69574,50.15391],[5.69552,50.15367],[5.69515,50.15356],[5.69447,50.15352],[5.69435,50.15344],[5.69452,50.15318],[5.69555,50.15242],[5.69581,50.15211],[5.69623,50.15098],[5.69615,50.15068],[5.6962,50.15014],[5.69709,50.14984],[5.69843,50.14998],[5.70015,50.15034],[5.70177,50.15048],[5.70235,50.15068],[5.70187,50.15079],[5.70033,50.15085],[5.69977,50.15122],[5.69978,50.15135],[5.69996,50.15154],[5.70062,50.15159],[5.70125,50.15147],[5.70218,50.15146],[5.70302,50.15116],[5.70546,50.15175],[5.70666,50.15178],[5.70836,50.15153],[5.70885,50.15129],[5.70905,50.15094],[5.70959,50.15075],[5.71001,50.15047],[5.71079,50.15012],[5.71107,50.14981],[5.71087,50.14926],[5.7109,50.14891],[5.711,50.14872],[5.71124,50.14856],[5.71218,50.14835],[5.71395,50.14851],[5.71489,50.14841],[5.71621,50.14792],[5.71677,50.14737],[5.71656,50.14684],[5.71552,50.14597],[5.71484,50.1452],[5.71475,50.14483],[5.7138,50.14446],[5.71289,50.14431],[5.71274,50.14405],[5.71274,50.14375],[5.71253,50.14359],[5.71211,50.14347],[5.71135,50.14339],[5.71082,50.14303],[5.70988,50.14267],[5.70949,50.14212],[5.70908,50.14183],[5.70882,50.1415],[5.70841,50.14117],[5.70839,50.14096],[5.70872,50.14069],[5.70859,50.14044],[5.7082,50.14011],[5.70772,50.13943],[5.70759,50.13875],[5.70685,50.13839],[5.70681,50.13823],[5.70708,50.138],[5.70705,50.13787],[5.70622,50.13764],[5.70606,50.13767],[5.70594,50.13784],[5.70599,50.13798],[5.70649,50.13826],[5.70669,50.13905],[5.70437,50.13881],[5.70322,50.13859],[5.70223,50.13825],[5.70182,50.13766],[5.70124,50.13735],[5.70089,50.13679],[5.70039,50.13653],[5.69918,50.13632],[5.69798,50.13598],[5.6971,50.13593],[5.69614,50.13616],[5.69492,50.1362],[5.69483,50.13627],[5.69487,50.13652],[5.69477,50.13665],[5.6942,50.13695],[5.69381,50.13698],[5.69328,50.1366],[5.69288,50.13613],[5.69206,50.13606],[5.69037,50.13545],[5.68989,50.13519],[5.68956,50.13483],[5.68912,50.1346],[5.68807,50.13444],[5.68664,50.13459],[5.6861,50.13485],[5.6858,50.13514],[5.68571,50.13541],[5.68571,50.13575],[5.68541,50.13609],[5.6846,50.13634],[5.68413,50.13613],[5.6838,50.13611],[5.68335,50.13633],[5.68329,50.13654],[5.68345,50.13673],[5.68408,50.13713],[5.68427,50.13734],[5.68423,50.13814],[5.68411,50.13828],[5.68336,50.13852],[5.68268,50.13905],[5.68268,50.14002],[5.68296,50.14039],[5.68325,50.14048],[5.68355,50.14044],[5.68367,50.14036],[5.68372,50.14014],[5.68379,50.14044],[5.68417,50.1407],[5.68494,50.14087],[5.68588,50.14092],[5.68619,50.14102],[5.68668,50.14139],[5.6877,50.14151],[5.68796,50.14146],[5.68831,50.14128],[5.68869,50.14034],[5.68878,50.1403],[5.69079,50.14044],[5.69291,50.14036],[5.69483,50.1404],[5.69655,50.1406],[5.69807,50.14112],[5.69905,50.14156],[5.6994,50.1419],[5.69955,50.14237],[5.69991,50.14276],[5.70079,50.14302],[5.70152,50.14357],[5.70295,50.14431],[5.70293,50.14442],[5.70278,50.14456],[5.70251,50.1446],[5.70051,50.14445],[5.69968,50.1445],[5.69855,50.14489],[5.69842,50.14506],[5.69847,50.14523],[5.6987,50.14544],[5.69931,50.14569],[5.69951,50.14613],[5.70009,50.14617],[5.7005,50.14646],[5.70054,50.14656],[5.70025,50.14672],[5.69862,50.14709],[5.69824,50.14737],[5.69777,50.14813],[5.69742,50.14842],[5.69657,50.14854],[5.69643,50.14842],[5.69632,50.14788],[5.69533,50.14786],[5.69525,50.14792],[5.69531,50.148],[5.69583,50.14808],[5.69594,50.14822],[5.69581,50.14841],[5.69528,50.14875],[5.69442,50.14892],[5.6925,50.14961],[5.69203,50.14958],[5.69051,50.15037],[5.68951,50.15123],[5.68883,50.1516],[5.68827,50.15175],[5.68692,50.1519],[5.68452,50.15253],[5.6838,50.15278],[5.68306,50.15317],[5.68245,50.15375],[5.68243,50.15405],[5.68258,50.15454],[5.68249,50.15489],[5.68221,50.15519],[5.68166,50.15544],[5.68139,50.15565],[5.6811,50.15634],[5.68112,50.15669],[5.68129,50.15701],[5.68221,50.15792],[5.68227,50.15818],[5.68218,50.15844],[5.68169,50.15877],[5.68098,50.15881],[5.67942,50.1587],[5.67822,50.15834],[5.67766,50.15844],[5.67759,50.15854],[5.67758,50.15909],[5.67782,50.15957],[5.67787,50.15988],[5.67826,50.16058],[5.67821,50.16075],[5.67793,50.16099],[5.67711,50.16128],[5.6762,50.16181],[5.67457,50.16243],[5.6739,50.1626],[5.67322,50.16263],[5.67114,50.16247],[5.66953,50.16264],[5.6678,50.16328],[5.66713,50.16331],[5.66661,50.16315],[5.66491,50.16339],[5.66467,50.16351],[5.66457,50.16378],[5.66438,50.16402],[5.66326,50.16431],[5.66371,50.16463],[5.66379,50.16506],[5.66402,50.16541],[5.66391,50.16572],[5.66419,50.16578],[5.66458,50.16563],[5.66492,50.16604],[5.6651,50.16662],[5.66502,50.16711],[5.66474,50.16756],[5.66485,50.16776],[5.66619,50.16796],[5.66677,50.16779],[5.66858,50.16781],[5.66877,50.16792],[5.66855,50.16818],[5.66782,50.16874],[5.66625,50.16899],[5.66406,50.1701],[5.66247,50.1701],[5.66159,50.17069],[5.66083,50.17183],[5.66077,50.17213],[5.66094,50.17235],[5.66117,50.17249],[5.66263,50.17291],[5.6629,50.17322],[5.66291,50.17356],[5.66277,50.17375],[5.66245,50.17381],[5.6621,50.17374],[5.66126,50.17346],[5.66082,50.17323],[5.6602,50.17264],[5.6591,50.17209],[5.65878,50.17147],[5.65855,50.17125],[5.65664,50.1709],[5.6562,50.17072],[5.6558,50.17032],[5.6556,50.17043],[5.65543,50.17073],[5.65491,50.17073],[5.6545,50.17046],[5.65444,50.17018],[5.65454,50.17005],[5.65498,50.17002],[5.65505,50.16984],[5.65421,50.16955],[5.65307,50.16942],[5.65248,50.16914],[5.65213,50.16908],[5.65167,50.16909],[5.65134,50.1693],[5.65109,50.16979],[5.65023,50.17067],[5.65018,50.17123],[5.65035,50.17139],[5.65108,50.17176],[5.65139,50.17215],[5.65147,50.17256],[5.65111,50.1729],[5.65117,50.17329],[5.65132,50.1733],[5.65187,50.17303],[5.6521,50.17302],[5.65317,50.17375],[5.65338,50.174],[5.65396,50.1743],[5.65417,50.17454],[5.65415,50.17464],[5.65284,50.1746],[5.65267,50.17427],[5.65248,50.17413],[5.652,50.17436],[5.65089,50.17415],[5.65059,50.17403],[5.65029,50.17377],[5.64979,50.17359],[5.64862,50.17297],[5.64832,50.17193],[5.64729,50.17101],[5.64704,50.17063],[5.64664,50.17067],[5.64619,50.17086],[5.64546,50.17079],[5.64502,50.17088],[5.64454,50.17118],[5.64416,50.17155],[5.64292,50.17202],[5.64249,50.1721],[5.64218,50.17206],[5.64162,50.17178],[5.64117,50.17204],[5.64093,50.17235],[5.64063,50.17322],[5.6404,50.17431],[5.63992,50.1745],[5.63904,50.17516],[5.63902,50.17545],[5.63924,50.17567],[5.64006,50.17622],[5.64165,50.17679],[5.64266,50.17736],[5.64369,50.17766],[5.6455,50.17927],[5.6477,50.17995],[5.64994,50.18004],[5.65056,50.18016],[5.6512,50.18044],[5.6513,50.18066],[5.65129,50.181],[5.65153,50.18128],[5.65302,50.18173],[5.65373,50.18207],[5.65389,50.18235],[5.65359,50.18284],[5.65359,50.18319],[5.65332,50.18325],[5.65289,50.18321],[5.65206,50.18264],[5.64997,50.18181],[5.64954,50.18143],[5.64907,50.18145],[5.64799,50.18218],[5.64755,50.18222],[5.64669,50.18176],[5.64538,50.18155],[5.64374,50.1808],[5.64282,50.18071],[5.64327,50.18057],[5.64333,50.18041],[5.6421,50.18036],[5.64086,50.18103],[5.64057,50.18141],[5.64042,50.18184],[5.64,50.18221],[5.6395,50.18288],[5.63863,50.18317],[5.63856,50.18339],[5.63864,50.18357],[5.63966,50.18375],[5.63992,50.1844],[5.64028,50.18462],[5.64098,50.18488],[5.64104,50.18506],[5.64097,50.18518],[5.64029,50.18533],[5.64016,50.1854],[5.64018,50.18548],[5.6412,50.18587],[5.64202,50.18634],[5.64296,50.18651],[5.64286,50.18714],[5.643,50.18766],[5.64327,50.18793],[5.6438,50.18792],[5.64407,50.18805],[5.64442,50.18864],[5.64447,50.18909],[5.64422,50.18971],[5.6443,50.18987],[5.64463,50.19016],[5.64424,50.19044],[5.64366,50.19059],[5.64323,50.19081],[5.64271,50.19123],[5.64257,50.19155],[5.64274,50.19239],[5.64296,50.19285],[5.64337,50.19336],[5.64343,50.19412],[5.64372,50.19461],[5.64328,50.19448],[5.64305,50.194],[5.6424,50.19328],[5.64132,50.19235],[5.64078,50.1921],[5.64073,50.19183],[5.6408,50.19153],[5.64005,50.19137],[5.63791,50.19154],[5.63689,50.19153],[5.63718,50.19125],[5.63841,50.19083],[5.63923,50.19044],[5.6394,50.19023],[5.64007,50.1887],[5.63989,50.18817],[5.63985,50.18766],[5.63957,50.18736],[5.63865,50.18719],[5.63783,50.18693],[5.63588,50.18595],[5.63451,50.18603],[5.63425,50.18565],[5.63415,50.18484],[5.63386,50.18457],[5.6337,50.18416],[5.6336,50.18431],[5.63358,50.18461],[5.63334,50.18496],[5.63336,50.1857],[5.63249,50.18654],[5.63204,50.1868],[5.63192,50.18707],[5.63173,50.18723],[5.63128,50.18738],[5.62879,50.18772],[5.62829,50.18767],[5.62788,50.1874],[5.62746,50.18727],[5.62708,50.187],[5.62647,50.18623],[5.62638,50.18593],[5.62655,50.18523],[5.62652,50.18485],[5.62633,50.18432],[5.62582,50.18372],[5.62531,50.18324],[5.62455,50.18292],[5.62367,50.18294],[5.62381,50.18235],[5.62308,50.18184],[5.62288,50.18154],[5.62211,50.18123],[5.62191,50.18105],[5.62191,50.18092],[5.62253,50.18021],[5.62287,50.17969],[5.62339,50.1793],[5.62248,50.17886],[5.62205,50.17876],[5.6208,50.1788],[5.61971,50.1787],[5.61923,50.17848],[5.61914,50.1782],[5.61797,50.1778],[5.61754,50.17757],[5.61718,50.17754],[5.61692,50.1776],[5.61685,50.17771],[5.61708,50.17817],[5.61798,50.17877],[5.6181,50.17912],[5.61875,50.17957],[5.61906,50.18005],[5.61918,50.18006],[5.61996,50.17956],[5.62042,50.17981],[5.62061,50.18048],[5.62071,50.18151],[5.62085,50.18183],[5.61949,50.18242],[5.6179,50.18325],[5.6169,50.18343],[5.61619,50.18369],[5.61543,50.18363],[5.61432,50.18397],[5.6129,50.18404],[5.61093,50.18468],[5.60911,50.1851],[5.60869,50.18541],[5.60856,50.18572],[5.60906,50.18752],[5.609,50.18768],[5.60874,50.18782],[5.60807,50.18782],[5.60624,50.18759],[5.60468,50.18728],[5.60395,50.18722],[5.60353,50.18733],[5.60351,50.18768],[5.60296,50.18781],[5.60229,50.18781],[5.60051,50.18755],[5.60015,50.18758],[5.59874,50.18814],[5.59851,50.18836],[5.59842,50.18857],[5.59832,50.18932],[5.59758,50.19096],[5.59757,50.19145],[5.59772,50.19186],[5.59877,50.19338],[5.59913,50.19407],[5.59949,50.19435],[5.59995,50.19435],[5.60206,50.19354],[5.60281,50.19342],[5.60332,50.19348],[5.60258,50.19373],[5.60248,50.19404],[5.60214,50.19433],[5.60197,50.19459],[5.60199,50.19486],[5.60214,50.19512],[5.6023,50.19582],[5.60225,50.19597],[5.60191,50.19623],[5.60182,50.19655],[5.60242,50.1974],[5.60259,50.19783],[5.60251,50.19802],[5.6021,50.19823],[5.60182,50.19815],[5.60109,50.19764],[5.59957,50.19681],[5.59828,50.19644],[5.59664,50.1957],[5.59454,50.19404],[5.59305,50.19266],[5.59287,50.19238],[5.59271,50.1918],[5.59208,50.19039],[5.59156,50.19016],[5.5904,50.19045],[5.58989,50.19069],[5.58929,50.19127],[5.58866,50.19153],[5.5884,50.19187],[5.58788,50.19218],[5.58744,50.19211],[5.58715,50.19147],[5.58667,50.19095],[5.58494,50.19076],[5.58363,50.19091],[5.58285,50.1912],[5.58264,50.19158],[5.58152,50.19289],[5.5808,50.19348],[5.5802,50.1937],[5.57781,50.19421],[5.57668,50.1946],[5.57633,50.19486],[5.57633,50.19499],[5.57687,50.19568],[5.57748,50.1968],[5.57891,50.19793],[5.57999,50.19847],[5.58211,50.19899],[5.58407,50.19962],[5.58656,50.19948],[5.58797,50.19959],[5.58793,50.19987],[5.58738,50.20093],[5.58737,50.20134],[5.58746,50.20154],[5.58931,50.20385],[5.5897,50.20478],[5.58993,50.206],[5.59008,50.20632],[5.5911,50.20712],[5.59201,50.20746],[5.59248,50.2082],[5.59395,50.20846],[5.59501,50.20876],[5.5953,50.20912],[5.59538,50.2096],[5.59585,50.21003],[5.5963,50.21012],[5.59775,50.21004],[5.59801,50.21009],[5.59805,50.2102],[5.59792,50.21037],[5.59746,50.21071],[5.59781,50.21128],[5.599,50.21211],[5.59956,50.21262],[5.59956,50.21324],[5.59934,50.21291],[5.59738,50.21225],[5.5966,50.21211],[5.59646,50.21181],[5.59617,50.21158],[5.59451,50.21098],[5.59291,50.21006],[5.59223,50.20995],[5.59135,50.21011],[5.59111,50.21005],[5.5902,50.20934],[5.58851,50.20845],[5.58647,50.20638],[5.5854,50.20485],[5.58415,50.20402],[5.58369,50.20394],[5.58328,50.20399],[5.58289,50.2046],[5.58258,50.20483],[5.58171,50.20518],[5.58126,50.20545],[5.57926,50.20609],[5.57838,50.20617],[5.57809,50.20607],[5.57796,50.20592],[5.57803,50.20509],[5.57767,50.20384],[5.57745,50.20349],[5.57598,50.20348],[5.57547,50.20335],[5.57519,50.20319],[5.5749,50.20271],[5.57331,50.20181],[5.57179,50.20119],[5.57036,50.2008],[5.56984,50.20077],[5.56868,50.20107],[5.56705,50.20126]],[[5.63955,50.18515],[5.63994,50.18511],[5.64003,50.18516],[5.63991,50.18523],[5.63955,50.18515]],[[5.63913,50.18478],[5.63872,50.18431],[5.63909,50.18426],[5.63928,50.18431],[5.6393,50.18456],[5.63913,50.18478]],[[5.6333,50.18411],[5.63328,50.184],[5.6335,50.18403],[5.6333,50.18411]],[[5.74788,50.18386],[5.74778,50.18372],[5.74772,50.18329],[5.74777,50.18293],[5.74705,50.18265],[5.74733,50.18239],[5.74825,50.18181],[5.74841,50.18135],[5.74856,50.18118],[5.74918,50.18083],[5.74997,50.18064],[5.75088,50.18061],[5.75222,50.18018],[5.75236,50.18009],[5.75246,50.17987],[5.75314,50.17963],[5.75333,50.17938],[5.75381,50.17958],[5.7539,50.18002],[5.7537,50.18041],[5.75272,50.18096],[5.75257,50.18121],[5.75251,50.18158],[5.75196,50.18176],[5.7508,50.18237],[5.75065,50.18266],[5.75082,50.18293],[5.75054,50.18314],[5.74954,50.18347],[5.74911,50.1838],[5.74859,50.18388],[5.74788,50.18386]],[[5.63205,50.18287],[5.63181,50.18259],[5.63198,50.18218],[5.63231,50.18072],[5.6323,50.18027],[5.63214,50.17978],[5.63227,50.17957],[5.63271,50.17931],[5.63247,50.17904],[5.63243,50.17874],[5.63296,50.17861],[5.63405,50.17867],[5.63456,50.17878],[5.63537,50.17869],[5.63613,50.17904],[5.63614,50.17916],[5.63579,50.17975],[5.63517,50.18037],[5.63472,50.18131],[5.63416,50.18197],[5.6338,50.18212],[5.6329,50.18226],[5.63227,50.18259],[5.63205,50.18287]],[[5.65205,50.17409],[5.65204,50.17403],[5.6522,50.17404],[5.65205,50.17409]],[[5.65163,50.17081],[5.65157,50.17067],[5.65162,50.17041],[5.65207,50.17037],[5.65235,50.17043],[5.65163,50.17081]],[[5.65538,50.17031],[5.65515,50.17012],[5.65535,50.17005],[5.65553,50.17011],[5.65554,50.17018],[5.65538,50.17031]],[[5.6833,50.16973],[5.68307,50.16947],[5.6831,50.1693],[5.68337,50.16929],[5.68378,50.16958],[5.68369,50.16967],[5.6833,50.16973]],[[5.75038,50.16933],[5.75047,50.16931],[5.75038,50.16933]],[[5.68205,50.16904],[5.68129,50.16874],[5.6812,50.16842],[5.68145,50.16834],[5.68176,50.16835],[5.68232,50.1685],[5.68271,50.16873],[5.68269,50.16884],[5.68249,50.16898],[5.68205,50.16904]],[[5.6608,50.16879],[5.66068,50.16874],[5.66081,50.16867],[5.66104,50.16874],[5.6608,50.16879]],[[5.66038,50.16871],[5.6597,50.16798],[5.65971,50.16784],[5.65994,50.1676],[5.66039,50.1676],[5.6605,50.1678],[5.66068,50.16843],[5.66038,50.16871]],[[5.66247,50.16858],[5.6623,50.16846],[5.66245,50.16841],[5.6626,50.16846],[5.66247,50.16858]],[[5.60747,50.1678],[5.60705,50.16764],[5.60532,50.16656],[5.60447,50.16636],[5.60317,50.16632],[5.60233,50.16619],[5.60173,50.16593],[5.60116,50.16541],[5.60094,50.16502],[5.60088,50.16457],[5.60101,50.1643],[5.60146,50.16377],[5.60157,50.16316],[5.60404,50.16205],[5.60422,50.16185],[5.60414,50.16174],[5.60374,50.16162],[5.60291,50.16172],[5.60281,50.16156],[5.60288,50.16146],[5.6041,50.16081],[5.60494,50.16052],[5.6054,50.1606],[5.6066,50.16099],[5.60744,50.16109],[5.6104,50.1604],[5.6127,50.16027],[5.61374,50.16036],[5.61525,50.16034],[5.61736,50.15951],[5.61829,50.15923],[5.61915,50.15909],[5.61921,50.15876],[5.61862,50.15798],[5.61815,50.15693],[5.61812,50.15666],[5.61823,50.15649],[5.62176,50.15613],[5.62463,50.15616],[5.62501,50.15622],[5.62516,50.15641],[5.62521,50.15659],[5.62514,50.157],[5.62523,50.15731],[5.62518,50.15743],[5.62472,50.15771],[5.62405,50.15792],[5.62373,50.15812],[5.62322,50.1582],[5.62491,50.15832],[5.62503,50.15843],[5.62513,50.15884],[5.62514,50.15957],[5.62497,50.15994],[5.62466,50.16017],[5.62368,50.16041],[5.62337,50.16072],[5.62342,50.16141],[5.62375,50.1621],[5.62245,50.16237],[5.62288,50.16265],[5.62373,50.16293],[5.62301,50.16308],[5.62234,50.16299],[5.6213,50.1631],[5.61958,50.16284],[5.6188,50.16281],[5.61831,50.1629],[5.61716,50.16347],[5.61651,50.16366],[5.61499,50.16473],[5.61466,50.16486],[5.61458,50.16496],[5.61457,50.16516],[5.61415,50.16571],[5.61372,50.16598],[5.61279,50.16573],[5.61238,50.16516],[5.61154,50.16468],[5.61071,50.165],[5.6103,50.1654],[5.61092,50.16597],[5.61045,50.16658],[5.61037,50.16681],[5.61048,50.16706],[5.61042,50.16718],[5.60912,50.1677],[5.60796,50.16789],[5.60747,50.1678]],[[5.6808,50.16723],[5.68056,50.16703],[5.68056,50.16676],[5.68079,50.16651],[5.68123,50.16647],[5.68131,50.16683],[5.68125,50.16719],[5.6808,50.16723]],[[5.59955,50.16699],[5.59936,50.16669],[5.59946,50.16648],[5.59959,50.16647],[5.60006,50.1668],[5.59995,50.16702],[5.59955,50.16699]],[[5.59913,50.16638],[5.59889,50.1661],[5.5989,50.16598],[5.59918,50.16598],[5.59924,50.16623],[5.59913,50.16638]],[[5.71997,50.16633],[5.71985,50.16624],[5.71973,50.16591],[5.71947,50.16575],[5.71828,50.16572],[5.71676,50.16533],[5.71593,50.16531],[5.71426,50.16466],[5.71354,50.16472],[5.71133,50.16456],[5.7104,50.16415],[5.70995,50.16405],[5.70944,50.16375],[5.70999,50.16365],[5.71114,50.16363],[5.71199,50.1637],[5.71387,50.16428],[5.71417,50.16445],[5.71454,50.1643],[5.7154,50.16432],[5.71697,50.16379],[5.71885,50.16363],[5.71959,50.16336],[5.71976,50.16321],[5.7199,50.16289],[5.72015,50.16285],[5.72059,50.16294],[5.72154,50.16358],[5.72246,50.16376],[5.72291,50.16431],[5.72293,50.16465],[5.72206,50.16505],[5.72046,50.16631],[5.71997,50.16633]],[[5.6133,50.16497],[5.61283,50.16463],[5.61286,50.16448],[5.61307,50.16446],[5.6137,50.16459],[5.61442,50.16487],[5.61405,50.16499],[5.6133,50.16497]],[[5.57747,50.16388],[5.57715,50.16372],[5.5766,50.16319],[5.57708,50.16313],[5.57776,50.16322],[5.57833,50.16375],[5.57829,50.16386],[5.57812,50.16391],[5.57747,50.16388]],[[5.6658,50.16307],[5.66551,50.16289],[5.66575,50.16264],[5.66617,50.16256],[5.6664,50.16266],[5.66643,50.16287],[5.66628,50.16307],[5.6658,50.16307]],[[5.56705,50.15585],[5.56948,50.15689],[5.57008,50.15705],[5.57016,50.15732],[5.57011,50.15766],[5.56985,50.15818],[5.56945,50.15849],[5.56941,50.15876],[5.5706,50.15876],[5.57062,50.1587],[5.57037,50.15848],[5.57062,50.15833],[5.57083,50.1583],[5.5713,50.15841],[5.57236,50.15787],[5.57286,50.15787],[5.57337,50.15817],[5.57372,50.15848],[5.57389,50.15928],[5.57434,50.15957],[5.5744,50.15978],[5.57429,50.16012],[5.57387,50.16061],[5.57376,50.16108],[5.57268,50.1618],[5.57208,50.16189],[5.57162,50.16182],[5.569,50.16068],[5.56806,50.16019],[5.56801,50.15999],[5.56834,50.15959],[5.56705,50.15942]],[[5.59372,50.15908],[5.59222,50.15819],[5.59107,50.1571],[5.59016,50.15681],[5.5899,50.1565],[5.59025,50.15644],[5.59123,50.15657],[5.59161,50.15603],[5.59205,50.15596],[5.59246,50.1561],[5.59321,50.15659],[5.59402,50.15684],[5.59462,50.15765],[5.59439,50.15795],[5.59432,50.1588],[5.59409,50.15902],[5.59372,50.15908]],[[5.72705,50.15905],[5.72705,50.15873],[5.72746,50.15868],[5.72766,50.15879],[5.72766,50.15902],[5.7275,50.15922],[5.72705,50.15905]],[[5.56705,50.15883],[5.56789,50.15848],[5.56789,50.15836],[5.56788,50.1582],[5.56705,50.15821]],[[5.73205,50.15769],[5.73192,50.15764],[5.73214,50.15763],[5.73205,50.15769]],[[5.67622,50.15738],[5.67634,50.15737],[5.67622,50.15738]],[[5.73122,50.15748],[5.73034,50.15706],[5.73042,50.15682],[5.73133,50.15626],[5.73146,50.15579],[5.7314,50.15567],[5.73113,50.15559],[5.7302,50.15562],[5.72956,50.15555],[5.72864,50.15518],[5.72854,50.15488],[5.72688,50.15438],[5.72656,50.15405],[5.72709,50.15377],[5.72716,50.15351],[5.72732,50.15342],[5.72827,50.15354],[5.72842,50.1535],[5.72856,50.15326],[5.72827,50.15297],[5.72828,50.15288],[5.7284,50.15283],[5.729,50.1528],[5.72963,50.15312],[5.73062,50.15303],[5.73095,50.15291],[5.73147,50.15239],[5.73154,50.15218],[5.73149,50.15204],[5.7309,50.15151],[5.73044,50.15092],[5.72984,50.15111],[5.72954,50.15103],[5.72939,50.15082],[5.72931,50.15058],[5.72937,50.14999],[5.72927,50.14954],[5.72949,50.14903],[5.73005,50.14888],[5.73057,50.14887],[5.73087,50.14895],[5.73166,50.14938],[5.73317,50.1494],[5.73463,50.14968],[5.73581,50.15021],[5.73754,50.15148],[5.73797,50.15212],[5.73813,50.1527],[5.73812,50.15353],[5.73794,50.15413],[5.73765,50.15466],[5.73729,50.15483],[5.73542,50.15501],[5.73513,50.15515],[5.73491,50.15541],[5.73442,50.15548],[5.73198,50.15623],[5.73192,50.15641],[5.73197,50.1568],[5.73183,50.15707],[5.7318,50.1574],[5.73159,50.15753],[5.73122,50.15748]],[[5.63705,50.15686],[5.63557,50.15679],[5.6352,50.15671],[5.63403,50.15598],[5.63385,50.15561],[5.63383,50.15523],[5.63404,50.15484],[5.635,50.15443],[5.63517,50.15428],[5.63534,50.15386],[5.63551,50.15376],[5.6351,50.1535],[5.63504,50.15318],[5.63524,50.15293],[5.6358,50.15265],[5.63622,50.15257],[5.63646,50.15268],[5.63675,50.15323],[5.63666,50.15355],[5.63648,50.15375],[5.63741,50.15406],[5.63758,50.15421],[5.63798,50.15513],[5.63777,50.15543],[5.63802,50.15567],[5.63818,50.15603],[5.63856,50.15626],[5.63864,50.15641],[5.63856,50.15655],[5.63705,50.15686]],[[5.7458,50.15659],[5.74327,50.15596],[5.74336,50.15588],[5.74369,50.15585],[5.74471,50.15596],[5.74596,50.15622],[5.74623,50.15653],[5.7458,50.15659]],[[5.70913,50.1563],[5.70908,50.15622],[5.70913,50.15598],[5.70945,50.15619],[5.70941,50.15627],[5.70913,50.1563]],[[5.72705,50.15604],[5.72671,50.15595],[5.72652,50.1557],[5.72692,50.15565],[5.72721,50.1557],[5.72732,50.15594],[5.72705,50.15604]],[[5.56705,50.14666],[5.56782,50.14683],[5.5683,50.14684],[5.56906,50.14667],[5.56999,50.14669],[5.57078,50.14643],[5.57124,50.1464],[5.57267,50.14673],[5.57285,50.14693],[5.57288,50.14738],[5.57468,50.14784],[5.57571,50.14763],[5.57592,50.14743],[5.57603,50.14712],[5.57616,50.14698],[5.57751,50.14654],[5.57964,50.14674],[5.58039,50.14709],[5.58056,50.14737],[5.58165,50.14792],[5.58192,50.14825],[5.583,50.14864],[5.58308,50.14874],[5.58303,50.14883],[5.58242,50.14904],[5.58281,50.14961],[5.58324,50.14991],[5.58381,50.15011],[5.58503,50.15096],[5.58618,50.15164],[5.58699,50.15187],[5.58775,50.15163],[5.58838,50.15166],[5.58873,50.15181],[5.58895,50.15213],[5.58953,50.15237],[5.59171,50.15281],[5.59329,50.1533],[5.59459,50.15392],[5.5954,50.15445],[5.59552,50.15465],[5.59539,50.15487],[5.59419,50.1552],[5.59291,50.15519],[5.59234,50.15532],[5.5914,50.15528],[5.58817,50.15454],[5.58528,50.15405],[5.58338,50.15364],[5.58223,50.15352],[5.58114,50.15355],[5.58005,50.15328],[5.57915,50.15323],[5.57911,50.15298],[5.57896,50.1528],[5.57873,50.15264],[5.5783,50.15265],[5.57779,50.15241],[5.57767,50.15213],[5.57743,50.15201],[5.57715,50.15162],[5.57718,50.15152],[5.57745,50.15141],[5.57844,50.15127],[5.57858,50.15117],[5.57879,50.15066],[5.57847,50.15016],[5.57834,50.14983],[5.57743,50.14967],[5.577,50.14943],[5.57659,50.14932],[5.57531,50.14921],[5.57385,50.14859],[5.57166,50.14847],[5.57088,50.14835],[5.56956,50.14795],[5.56809,50.14736],[5.56705,50.14711]],[[5.7208,50.15461],[5.72054,50.15459],[5.72086,50.15459],[5.7208,50.15461]],[[5.69955,50.15435],[5.69948,50.15431],[5.69955,50.15435]],[[5.58038,50.15378],[5.58039,50.15364],[5.58045,50.15375],[5.58038,50.15378]],[[5.61497,50.15377],[5.61323,50.15353],[5.61288,50.15342],[5.6125,50.15319],[5.61216,50.15285],[5.61192,50.15242],[5.61186,50.15211],[5.61197,50.1518],[5.61235,50.15148],[5.61326,50.15106],[5.61405,50.15094],[5.61479,50.15107],[5.61661,50.15193],[5.61704,50.15124],[5.6176,50.15121],[5.61836,50.15169],[5.61861,50.152],[5.61865,50.15225],[5.61857,50.15241],[5.6175,50.15321],[5.61656,50.15333],[5.61557,50.15368],[5.61497,50.15377]],[[5.57788,50.15354],[5.57777,50.15344],[5.57812,50.15332],[5.57878,50.15348],[5.57788,50.15354]],[[5.57622,50.15238],[5.57613,50.15236],[5.5765,50.15228],[5.57673,50.15235],[5.57622,50.15238]],[[5.5783,50.15209],[5.57822,50.15209],[5.5783,50.15209]],[[5.63747,50.15207],[5.63738,50.15185],[5.63746,50.15177],[5.63753,50.15183],[5.63747,50.15207]],[[5.57622,50.15174],[5.576,50.15155],[5.5762,50.15137],[5.57662,50.15123],[5.57714,50.15126],[5.57704,50.15152],[5.57681,50.15167],[5.57656,50.15175],[5.57622,50.15174]],[[5.64663,50.15104],[5.64578,50.15072],[5.64541,50.15041],[5.64534,50.15016],[5.64544,50.14986],[5.64538,50.14959],[5.6461,50.14927],[5.64687,50.14915],[5.64711,50.14921],[5.6475,50.14956],[5.64792,50.14974],[5.648,50.14999],[5.6479,50.15019],[5.64743,50.14995],[5.64702,50.14988],[5.64677,50.1502],[5.64678,50.15072],[5.64663,50.15104]],[[5.72997,50.15017],[5.7299,50.15008],[5.72994,50.14984],[5.73029,50.14977],[5.73049,50.14983],[5.73038,50.15],[5.72997,50.15017]],[[5.59705,50.14961],[5.59696,50.14955],[5.59704,50.14921],[5.59791,50.14879],[5.5982,50.14815],[5.59859,50.14784],[5.59885,50.1478],[5.59925,50.14789],[5.59973,50.14816],[5.59989,50.14836],[5.59981,50.14855],[5.59843,50.14957],[5.59807,50.14975],[5.59781,50.14979],[5.59705,50.14961]],[[5.59538,50.14904],[5.59459,50.14873],[5.59418,50.14843],[5.594,50.1482],[5.59407,50.1479],[5.59455,50.14761],[5.59575,50.14785],[5.59619,50.14805],[5.59672,50.14849],[5.59674,50.14875],[5.59661,50.14887],[5.59579,50.14915],[5.59538,50.14904]],[[5.64455,50.14906],[5.64492,50.14889],[5.64514,50.14902],[5.64496,50.14916],[5.64455,50.14906]],[[5.64538,50.14885],[5.64525,50.14872],[5.64537,50.14867],[5.6455,50.14872],[5.64538,50.14885]],[[5.73622,50.14878],[5.7358,50.14848],[5.73596,50.14823],[5.73614,50.14814],[5.73697,50.14832],[5.73727,50.14848],[5.73707,50.14878],[5.73622,50.14878]],[[5.56705,50.14766],[5.56905,50.14799],[5.56936,50.14814],[5.56943,50.14829],[5.56929,50.1485],[5.569,50.14855],[5.56791,50.14831],[5.56705,50.14823]],[[5.6458,50.14856],[5.64571,50.14845],[5.64581,50.1483],[5.64591,50.14847],[5.6458,50.14856]],[[5.69497,50.14856],[5.69493,50.14845],[5.695,50.14837],[5.69513,50.14848],[5.69497,50.14856]],[[5.64622,50.14837],[5.64592,50.1482],[5.64632,50.14816],[5.64635,50.14824],[5.64622,50.14837]],[[5.63038,50.14797],[5.62995,50.14763],[5.63047,50.14754],[5.63066,50.14767],[5.63081,50.14792],[5.63038,50.14797]],[[5.73538,50.14775],[5.73452,50.14711],[5.73454,50.14648],[5.73489,50.1464],[5.73593,50.14639],[5.73677,50.14649],[5.73755,50.14683],[5.7379,50.14707],[5.73797,50.14728],[5.73793,50.14742],[5.73748,50.14766],[5.73661,50.14769],[5.73583,50.14789],[5.73538,50.14775]],[[5.61225,50.09959],[5.61278,50.10051],[5.61299,50.10125],[5.61234,50.10178],[5.61259,50.10235],[5.61253,50.10273],[5.61164,50.10349],[5.61125,50.10397],[5.61123,50.10433],[5.61166,50.10436],[5.6121,50.10422],[5.61281,50.10426],[5.61333,50.10406],[5.61363,50.10373],[5.61445,50.10238],[5.61496,50.10179],[5.61536,50.10162],[5.6158,50.10153],[5.61663,50.10181],[5.61734,50.10291],[5.61763,50.10395],[5.61746,50.1046],[5.61779,50.10488],[5.61858,50.10523],[5.61911,50.10524],[5.6192,50.10511],[5.61915,50.10457],[5.61866,50.10374],[5.61871,50.1032],[5.61913,50.10264],[5.61956,50.10225],[5.6208,50.10169],[5.62124,50.10114],[5.6225,50.10068],[5.62374,50.10073],[5.62414,50.10083],[5.62438,50.10098],[5.62442,50.10128],[5.62541,50.10191],[5.62583,50.10203],[5.62702,50.10209],[5.62721,50.10186],[5.62735,50.10147],[5.62755,50.10142],[5.62785,50.10149],[5.62823,50.10211],[5.62869,50.10239],[5.62954,50.10322],[5.63001,50.10348],[5.63065,50.10406],[5.63146,50.10428],[5.63165,50.10442],[5.63198,50.1043],[5.63293,50.1043],[5.6333,50.10466],[5.63409,50.10478],[5.63429,50.10488],[5.63307,50.10535],[5.63236,50.10542],[5.63155,50.10625],[5.62984,50.10633],[5.62947,50.10641],[5.62873,50.10711],[5.62855,50.10763],[5.62827,50.10791],[5.6276,50.10797],[5.62726,50.10791],[5.62718,50.10763],[5.62738,50.10712],[5.62708,50.10697],[5.62665,50.10711],[5.62561,50.1079],[5.6255,50.10811],[5.62561,50.10831],[5.62624,50.10873],[5.62699,50.10906],[5.62745,50.10941],[5.6275,50.10963],[5.62725,50.10989],[5.62792,50.11034],[5.628,50.11048],[5.62799,50.1107],[5.62783,50.11097],[5.62783,50.11131],[5.62758,50.11164],[5.62707,50.11184],[5.62693,50.11287],[5.62673,50.11307],[5.62602,50.11345],[5.62596,50.1136],[5.62601,50.11398],[5.62593,50.11414],[5.62575,50.11431],[5.62424,50.11516],[5.62355,50.11567],[5.62341,50.11636],[5.62279,50.11681],[5.62293,50.11711],[5.62205,50.1173],[5.62083,50.11832],[5.6204,50.1185],[5.62004,50.11848],[5.61952,50.11829],[5.61854,50.11826],[5.61741,50.11793],[5.61622,50.11736],[5.61446,50.11635],[5.61416,50.11623],[5.61374,50.11622],[5.61346,50.11641],[5.61307,50.11703],[5.6128,50.11731],[5.6112,50.1182],[5.61157,50.11854],[5.61203,50.11856],[5.61228,50.11878],[5.61366,50.11935],[5.61432,50.11984],[5.61446,50.12009],[5.61394,50.12158],[5.61339,50.12215],[5.61293,50.12246],[5.61203,50.12284],[5.61195,50.12305],[5.61199,50.12323],[5.61289,50.12315],[5.61323,50.12351],[5.61345,50.12349],[5.61373,50.1233],[5.6141,50.12356],[5.61479,50.12365],[5.61708,50.12321],[5.61687,50.12295],[5.61583,50.12205],[5.61538,50.12195],[5.61536,50.1218],[5.61554,50.12156],[5.61527,50.1212],[5.61529,50.12094],[5.61542,50.12075],[5.61666,50.12039],[5.6202,50.12025],[5.62114,50.12005],[5.62161,50.11985],[5.6221,50.11934],[5.62252,50.11911],[5.62267,50.11871],[5.62373,50.11817],[5.62414,50.11819],[5.62499,50.11846],[5.62529,50.11877],[5.62539,50.11902],[5.6247,50.11992],[5.62454,50.12069],[5.62394,50.12148],[5.62369,50.12213],[5.62366,50.12241],[5.62374,50.12257],[5.62406,50.1226],[5.62446,50.12251],[5.62457,50.12244],[5.62479,50.12173],[5.6255,50.12107],[5.6258,50.12046],[5.62621,50.1201],[5.62666,50.11997],[5.62775,50.11998],[5.62797,50.11988],[5.62793,50.11959],[5.62751,50.11905],[5.62739,50.11873],[5.6266,50.11795],[5.62646,50.11766],[5.62651,50.11725],[5.62701,50.11648],[5.62747,50.11626],[5.62859,50.1161],[5.6289,50.11613],[5.62996,50.11649],[5.63037,50.11675],[5.63084,50.1168],[5.63201,50.11803],[5.63255,50.11809],[5.63295,50.11795],[5.63318,50.11774],[5.6334,50.11711],[5.63339,50.11651],[5.63286,50.11571],[5.63282,50.11543],[5.63291,50.11533],[5.63373,50.11542],[5.63461,50.11593],[5.63463,50.11604],[5.63446,50.11627],[5.63455,50.11653],[5.6354,50.11707],[5.63621,50.11738],[5.63874,50.11813],[5.63914,50.11834],[5.63955,50.11878],[5.63979,50.11968],[5.64,50.12012],[5.64002,50.1204],[5.6402,50.12054],[5.64046,50.1206],[5.64093,50.12046],[5.64129,50.11991],[5.64213,50.11967],[5.64302,50.11954],[5.64456,50.11959],[5.64471,50.11912],[5.64457,50.11871],[5.6446,50.11846],[5.64477,50.11821],[5.64535,50.11777],[5.64656,50.11744],[5.64915,50.11709],[5.64937,50.11673],[5.64963,50.11572],[5.64992,50.11536],[5.65037,50.11514],[5.6513,50.11496],[5.65202,50.11495],[5.65325,50.11533],[5.65533,50.11635],[5.65666,50.11652],[5.65793,50.11651],[5.65872,50.11681],[5.65994,50.11639],[5.66166,50.11665],[5.66322,50.11669],[5.66367,50.11665],[5.66405,50.11647],[5.66506,50.11622],[5.66525,50.11628],[5.66543,50.11655],[5.6658,50.11679],[5.66665,50.11695],[5.66782,50.1179],[5.66861,50.1182],[5.66918,50.11869],[5.66915,50.1196],[5.66884,50.12039],[5.6684,50.12076],[5.66824,50.12126],[5.66833,50.12173],[5.66831,50.12211],[5.66812,50.12234],[5.66775,50.12244],[5.66672,50.12234],[5.66574,50.12183],[5.66453,50.12182],[5.6641,50.12154],[5.66377,50.12119],[5.66291,50.12138],[5.66255,50.12136],[5.66159,50.12107],[5.66083,50.12068],[5.6601,50.1207],[5.65851,50.12099],[5.65791,50.12104],[5.65704,50.12098],[5.65585,50.12069],[5.6556,50.12069],[5.6555,50.12082],[5.65588,50.12146],[5.65606,50.12193],[5.65606,50.12239],[5.65594,50.12273],[5.65581,50.12293],[5.65539,50.1232],[5.65427,50.12378],[5.6537,50.12434],[5.65275,50.12485],[5.65277,50.12514],[5.65307,50.12526],[5.65465,50.12515],[5.65538,50.12486],[5.6563,50.12491],[5.65682,50.12502],[5.65835,50.12566],[5.65912,50.12627],[5.6608,50.12737],[5.66248,50.12792],[5.66384,50.1282],[5.66453,50.12853],[5.66479,50.12878],[5.66483,50.12901],[5.66406,50.12953],[5.664,50.12971],[5.66405,50.12987],[5.66572,50.13001],[5.66672,50.13025],[5.66734,50.13032],[5.66778,50.13018],[5.6679,50.12983],[5.66838,50.12969],[5.66914,50.12986],[5.66934,50.13013],[5.66943,50.13053],[5.66992,50.13083],[5.67024,50.13066],[5.67114,50.1306],[5.67248,50.1307],[5.67094,50.13084],[5.67073,50.13098],[5.67173,50.13123],[5.67181,50.13155],[5.6731,50.13207],[5.67333,50.1323],[5.67333,50.13246],[5.67248,50.13275],[5.67161,50.13264],[5.67129,50.13294],[5.67078,50.13298],[5.67034,50.13267],[5.66952,50.13255],[5.66911,50.13238],[5.66832,50.13138],[5.66807,50.13125],[5.66747,50.13117],[5.66705,50.13145],[5.66673,50.13146],[5.66657,50.13138],[5.66636,50.13097],[5.66577,50.13066],[5.6652,50.13053],[5.66447,50.13058],[5.66333,50.13038],[5.66288,50.13044],[5.66242,50.1307],[5.66247,50.13099],[5.66203,50.13104],[5.66135,50.1314],[5.66109,50.13142],[5.66036,50.13124],[5.65948,50.13126],[5.65912,50.13153],[5.65895,50.13178],[5.65939,50.13211],[5.6591,50.13217],[5.65872,50.13214],[5.65847,50.13206],[5.65773,50.13157],[5.65749,50.13125],[5.65714,50.13106],[5.6558,50.13071],[5.65302,50.12954],[5.65247,50.12921],[5.65202,50.12876],[5.65123,50.12819],[5.64953,50.12765],[5.64831,50.12737],[5.64531,50.12722],[5.64413,50.12737],[5.64452,50.12768],[5.64457,50.12796],[5.64373,50.12907],[5.64279,50.13004],[5.64276,50.13017],[5.64296,50.13043],[5.6429,50.13071],[5.64249,50.13081],[5.64207,50.13076],[5.64123,50.13042],[5.64068,50.13028],[5.64005,50.12983],[5.63968,50.12968],[5.63916,50.12956],[5.63869,50.12961],[5.63891,50.12991],[5.64005,50.13033],[5.64075,50.13073],[5.64161,50.13141],[5.64206,50.13209],[5.64234,50.13227],[5.64265,50.13235],[5.64382,50.13236],[5.6463,50.13347],[5.64708,50.1343],[5.6475,50.13456],[5.64786,50.13526],[5.6482,50.13549],[5.6489,50.13539],[5.64999,50.13555],[5.65301,50.1355],[5.65418,50.13568],[5.65543,50.13623],[5.65724,50.13737],[5.65853,50.13843],[5.65908,50.1393],[5.65912,50.13954],[5.65904,50.13975],[5.65867,50.14021],[5.65779,50.1408],[5.65716,50.14099],[5.65662,50.14098],[5.65584,50.14127],[5.65531,50.14133],[5.65469,50.1409],[5.65265,50.14029],[5.6503,50.13937],[5.64955,50.13876],[5.64857,50.13762],[5.64797,50.13705],[5.647,50.13683],[5.64623,50.13617],[5.64536,50.13579],[5.64489,50.13571],[5.64416,50.13573],[5.6436,50.13598],[5.64283,50.13592],[5.64123,50.13646],[5.64,50.13712],[5.63952,50.13763],[5.63941,50.13815],[5.63947,50.13844],[5.64039,50.13931],[5.64126,50.13987],[5.64104,50.13991],[5.63984,50.13975],[5.63831,50.13908],[5.63815,50.13884],[5.63796,50.13808],[5.63739,50.13709],[5.63741,50.13626],[5.63775,50.13595],[5.63781,50.13572],[5.63783,50.13537],[5.6377,50.13509],[5.63747,50.13486],[5.63619,50.13405],[5.63557,50.13393],[5.635,50.13399],[5.63496,50.13404],[5.63525,50.13433],[5.63533,50.13457],[5.63522,50.13488],[5.6348,50.13521],[5.63496,50.1357],[5.63539,50.13626],[5.63514,50.13647],[5.63497,50.13655],[5.63359,50.13658],[5.63243,50.13694],[5.6315,50.13701],[5.63045,50.13742],[5.63019,50.13761],[5.63016,50.13777],[5.63028,50.13811],[5.63072,50.13877],[5.63081,50.13901],[5.63096,50.13992],[5.63092,50.14014],[5.63079,50.14026],[5.6303,50.14044],[5.62926,50.14033],[5.62682,50.13983],[5.62612,50.13984],[5.62595,50.13993],[5.626,50.14013],[5.62637,50.14068],[5.6267,50.14098],[5.62615,50.14127],[5.62746,50.14209],[5.62792,50.14229],[5.62823,50.14276],[5.62913,50.14321],[5.63033,50.14397],[5.63145,50.14443],[5.63259,50.14475],[5.63287,50.14488],[5.63315,50.14516],[5.63353,50.14572],[5.63354,50.14627],[5.63289,50.14731],[5.63234,50.14755],[5.63134,50.14726],[5.63,50.14652],[5.6275,50.14597],[5.62585,50.14532],[5.62425,50.14479],[5.62292,50.14457],[5.6213,50.14451],[5.6204,50.14431],[5.61873,50.14319],[5.61843,50.14309],[5.61661,50.14292],[5.61473,50.14309],[5.61395,50.14333],[5.61327,50.14336],[5.61278,50.14326],[5.61266,50.14317],[5.61256,50.14285],[5.61205,50.14237],[5.61114,50.14189],[5.61118,50.14152],[5.6115,50.14114],[5.61148,50.14089],[5.61081,50.14013],[5.60991,50.1394],[5.60988,50.13926],[5.60998,50.13903],[5.60991,50.13853],[5.60971,50.13836],[5.60942,50.13827],[5.60903,50.13836],[5.60892,50.1385],[5.60889,50.13879],[5.60863,50.13895],[5.60796,50.13893],[5.60662,50.13848],[5.60611,50.13864],[5.60494,50.13926],[5.60422,50.13953],[5.60372,50.13963],[5.60333,50.13954],[5.60286,50.13915],[5.60206,50.13804],[5.60192,50.13768],[5.6016,50.13755],[5.60031,50.13747],[5.59989,50.1376],[5.5995,50.13785],[5.5988,50.13813],[5.59791,50.13834],[5.59696,50.13841],[5.59677,50.13857],[5.59674,50.13957],[5.59631,50.14023],[5.59609,50.1411],[5.5958,50.14181],[5.59502,50.14273],[5.59483,50.1428],[5.59416,50.1428],[5.59334,50.14254],[5.59153,50.14157],[5.58999,50.14131],[5.58918,50.14097],[5.58877,50.14064],[5.58858,50.1406],[5.58791,50.14072],[5.58748,50.14128],[5.58619,50.14125],[5.58597,50.14166],[5.58591,50.14212],[5.58573,50.14229],[5.58505,50.14245],[5.58449,50.14239],[5.58335,50.14206],[5.58286,50.14182],[5.58204,50.14128],[5.58168,50.14089],[5.58039,50.13987],[5.57913,50.13907],[5.57873,50.13891],[5.57833,50.13905],[5.57808,50.13937],[5.57833,50.14036],[5.57835,50.14103],[5.57824,50.14147],[5.57792,50.14192],[5.57742,50.14213],[5.5766,50.14213],[5.57547,50.14195],[5.574,50.14126],[5.573,50.13985],[5.5732,50.13955],[5.57489,50.13893],[5.57522,50.1387],[5.57536,50.13836],[5.57522,50.13766],[5.57573,50.1369],[5.57579,50.13623],[5.57665,50.13573],[5.57658,50.13543],[5.57663,50.13514],[5.57704,50.13499],[5.57718,50.13486],[5.5771,50.13459],[5.57649,50.13433],[5.57637,50.13419],[5.5756,50.13211],[5.5756,50.13135],[5.57554,50.1312],[5.5753,50.13109],[5.57463,50.13113],[5.57286,50.13155],[5.57226,50.13095],[5.57125,50.13069],[5.57038,50.13065],[5.56979,50.13083],[5.56885,50.1306],[5.56822,50.13058],[5.56781,50.1307],[5.5687,50.13092],[5.56951,50.13126],[5.56972,50.13153],[5.57064,50.13212],[5.57081,50.13236],[5.57073,50.13253],[5.57039,50.13288],[5.57003,50.13297],[5.56875,50.13262],[5.56705,50.13282]],[[5.59247,50.14711],[5.5921,50.14707],[5.59153,50.14662],[5.59056,50.14617],[5.59031,50.14598],[5.59015,50.14541],[5.5894,50.14511],[5.5893,50.14492],[5.58933,50.14475],[5.58984,50.1443],[5.59001,50.14405],[5.58984,50.14374],[5.59025,50.14365],[5.59088,50.14364],[5.59157,50.14341],[5.59205,50.14348],[5.5927,50.14379],[5.59393,50.14459],[5.59416,50.14482],[5.59429,50.14513],[5.59414,50.14544],[5.59373,50.14547],[5.59355,50.14572],[5.59374,50.14615],[5.5941,50.14655],[5.5941,50.14675],[5.59389,50.14687],[5.59302,50.14694],[5.59247,50.14711]],[[5.72413,50.14632],[5.72368,50.1461],[5.72332,50.14582],[5.72233,50.14453],[5.72182,50.14403],[5.72111,50.14352],[5.72026,50.14331],[5.71967,50.1427],[5.71935,50.14214],[5.71929,50.14186],[5.71976,50.14082],[5.71963,50.14016],[5.71979,50.13987],[5.72036,50.13976],[5.72187,50.1397],[5.72264,50.13981],[5.72354,50.14014],[5.72452,50.141],[5.72569,50.14164],[5.72697,50.14194],[5.72839,50.14208],[5.7273,50.14351],[5.72701,50.14431],[5.72729,50.14495],[5.72748,50.14514],[5.72827,50.14545],[5.72852,50.14586],[5.72851,50.146],[5.72786,50.14625],[5.72661,50.14647],[5.72577,50.14633],[5.72489,50.14639],[5.72413,50.14632]],[[5.74997,50.14639],[5.74952,50.1461],[5.74911,50.14522],[5.74877,50.1448],[5.74797,50.14477],[5.7475,50.14455],[5.74725,50.14385],[5.74703,50.14356],[5.74666,50.14343],[5.74604,50.14361],[5.74534,50.14349],[5.74523,50.14318],[5.74534,50.14284],[5.74619,50.14263],[5.74647,50.14218],[5.74648,50.142],[5.74629,50.14177],[5.74502,50.14083],[5.7443,50.14015],[5.74377,50.13984],[5.74337,50.13946],[5.74325,50.13946],[5.74262,50.13998],[5.74234,50.14001],[5.74198,50.13984],[5.74123,50.13922],[5.73959,50.13873],[5.73875,50.13816],[5.73791,50.13786],[5.73697,50.13774],[5.73645,50.13774],[5.73535,50.13796],[5.73421,50.13785],[5.73296,50.13761],[5.73113,50.13768],[5.73036,50.13764],[5.72998,50.13771],[5.72954,50.13794],[5.72912,50.13802],[5.72903,50.13794],[5.72908,50.1377],[5.729,50.13752],[5.72881,50.13736],[5.72828,50.13717],[5.72785,50.13656],[5.72798,50.13572],[5.72821,50.13515],[5.72852,50.13459],[5.72876,50.13447],[5.73041,50.13466],[5.73275,50.13475],[5.73338,50.13472],[5.73468,50.13446],[5.7358,50.13454],[5.7371,50.13486],[5.73868,50.13545],[5.73955,50.13626],[5.74037,50.13664],[5.74192,50.13684],[5.74322,50.13674],[5.74409,50.13689],[5.74459,50.13679],[5.74579,50.13682],[5.74666,50.13708],[5.74822,50.13771],[5.74842,50.13796],[5.74804,50.13822],[5.74829,50.13834],[5.75085,50.13874],[5.75169,50.13895],[5.75268,50.13968],[5.75287,50.13989],[5.75291,50.14019],[5.75175,50.14073],[5.74998,50.14127],[5.7492,50.1418],[5.74901,50.14211],[5.74903,50.14239],[5.74944,50.14294],[5.75015,50.14346],[5.75054,50.14392],[5.75099,50.14421],[5.75113,50.1444],[5.75112,50.14489],[5.75094,50.14542],[5.75041,50.14606],[5.74997,50.14639]],[[5.73455,50.14607],[5.73453,50.14595],[5.73463,50.14596],[5.73455,50.14607]],[[5.64163,50.14523],[5.64148,50.14511],[5.64153,50.14485],[5.64203,50.14454],[5.64238,50.14462],[5.64259,50.14483],[5.64238,50.14513],[5.64211,50.14533],[5.64163,50.14523]],[[5.64288,50.14522],[5.64281,50.14513],[5.64291,50.14512],[5.64288,50.14522]],[[5.69788,50.14493],[5.69787,50.14486],[5.69804,50.14487],[5.69788,50.14493]],[[5.76413,50.14488],[5.76359,50.14472],[5.76234,50.14467],[5.76205,50.14459],[5.76185,50.14433],[5.76255,50.14427],[5.76419,50.14453],[5.76444,50.14462],[5.76457,50.14486],[5.76413,50.14488]],[[5.65497,50.1441],[5.65465,50.144],[5.65475,50.14378],[5.65535,50.14368],[5.65581,50.14347],[5.65586,50.14373],[5.6558,50.14386],[5.6554,50.14404],[5.65497,50.1441]],[[5.59038,50.14332],[5.59025,50.1432],[5.59039,50.14312],[5.59107,50.1432],[5.59082,50.14333],[5.59038,50.14332]],[[5.59997,50.14327],[5.59986,50.14319],[5.60007,50.14319],[5.59997,50.14327]],[[5.64872,50.14296],[5.64853,50.14291],[5.64872,50.14286],[5.64877,50.14292],[5.64872,50.14296]],[[5.64788,50.14268],[5.64785,50.14262],[5.64794,50.14259],[5.64841,50.14266],[5.64825,50.14278],[5.64788,50.14268]],[[5.59913,50.1424],[5.59902,50.14206],[5.5998,50.14142],[5.60011,50.1413],[5.60075,50.14121],[5.60096,50.14126],[5.60108,50.14141],[5.60109,50.14159],[5.60092,50.14182],[5.60007,50.14244],[5.59958,50.14255],[5.59913,50.1424]],[[5.74288,50.14031],[5.74287,50.14008],[5.74288,50.14031]],[[5.68163,50.13935],[5.68154,50.13931],[5.68174,50.13931],[5.68163,50.13935]],[[5.68663,50.13881],[5.6861,50.13848],[5.68633,50.13848],[5.68684,50.13875],[5.68663,50.13881]],[[5.68538,50.13863],[5.68498,50.13847],[5.68493,50.13823],[5.68537,50.13789],[5.68559,50.13839],[5.68538,50.13863]],[[5.63663,50.13767],[5.63665,50.13749],[5.63672,50.13763],[5.63663,50.13767]],[[5.69622,50.13696],[5.69616,50.1368],[5.69628,50.13675],[5.69856,50.13682],[5.69827,50.13691],[5.69687,50.1369],[5.69622,50.13696]],[[5.76455,50.13676],[5.7643,50.13655],[5.76452,50.13639],[5.76473,50.13653],[5.76455,50.13676]],[[5.78288,50.12481],[5.78237,50.12433],[5.78235,50.12382],[5.78223,50.1237],[5.78161,50.12351],[5.78057,50.12363],[5.7799,50.12353],[5.7791,50.12321],[5.7783,50.12265],[5.77705,50.12223],[5.77655,50.12122],[5.77629,50.12089],[5.776,50.1207],[5.77638,50.12041],[5.77629,50.12013],[5.77533,50.11962],[5.7745,50.11945],[5.77384,50.11812],[5.77328,50.11743],[5.77252,50.11703],[5.77207,50.11702],[5.77194,50.11713],[5.77191,50.11738],[5.77325,50.11849],[5.77341,50.11871],[5.77338,50.11879],[5.77298,50.11904],[5.77229,50.11933],[5.77299,50.11988],[5.77405,50.12141],[5.77414,50.12209],[5.77377,50.1235],[5.77441,50.12436],[5.7747,50.12511],[5.77514,50.12537],[5.77539,50.12565],[5.77546,50.12595],[5.77536,50.12616],[5.77496,50.12653],[5.77457,50.12674],[5.77366,50.12652],[5.77287,50.12652],[5.77243,50.12667],[5.77202,50.12668],[5.77154,50.12658],[5.77021,50.12604],[5.76747,50.12542],[5.76837,50.12623],[5.76878,50.1265],[5.76891,50.12676],[5.76879,50.12714],[5.7683,50.12737],[5.76791,50.12778],[5.76608,50.12827],[5.76442,50.12837],[5.76205,50.12804],[5.76082,50.12736],[5.76052,50.12724],[5.76031,50.12724],[5.76014,50.12742],[5.76013,50.12765],[5.7609,50.12817],[5.7613,50.12874],[5.76122,50.12892],[5.76094,50.12886],[5.75963,50.12819],[5.75944,50.12795],[5.7593,50.1276],[5.75861,50.12719],[5.75787,50.12655],[5.75574,50.12551],[5.75532,50.12522],[5.75452,50.12438],[5.75379,50.12401],[5.75375,50.12381],[5.75403,50.12339],[5.75402,50.12308],[5.75359,50.12243],[5.75209,50.12118],[5.75205,50.12098],[5.75221,50.12068],[5.75221,50.12045],[5.75175,50.12002],[5.7515,50.11919],[5.75153,50.11895],[5.7518,50.11847],[5.75161,50.11821],[5.75166,50.1179],[5.75126,50.11753],[5.75104,50.11752],[5.75066,50.11762],[5.75061,50.11798],[5.75046,50.11822],[5.75001,50.11856],[5.74959,50.11865],[5.74866,50.11809],[5.74827,50.11769],[5.74781,50.11744],[5.74746,50.11709],[5.74643,50.11677],[5.74583,50.11667],[5.74499,50.11696],[5.74452,50.11698],[5.7434,50.11675],[5.74302,50.11657],[5.74288,50.1164],[5.74269,50.11655],[5.74234,50.11657],[5.74106,50.11628],[5.74075,50.11606],[5.74064,50.11582],[5.74066,50.11569],[5.74089,50.1155],[5.74097,50.11534],[5.74095,50.11513],[5.7408,50.11485],[5.74052,50.11544],[5.74,50.11571],[5.73944,50.11579],[5.7387,50.11544],[5.73847,50.11516],[5.73838,50.11486],[5.73782,50.11388],[5.73724,50.11326],[5.73538,50.11183],[5.73492,50.11128],[5.73421,50.1107],[5.73166,50.10928],[5.73105,50.10876],[5.73123,50.10848],[5.73208,50.1083],[5.73388,50.10736],[5.7346,50.1071],[5.73552,50.10693],[5.73607,50.10656],[5.73634,50.10628],[5.73645,50.10607],[5.7365,50.10566],[5.73707,50.10544],[5.73749,50.10514],[5.73697,50.10497],[5.73578,50.10494],[5.73458,50.10431],[5.73204,50.10349],[5.73178,50.10322],[5.73161,50.10287],[5.73087,50.10232],[5.73037,50.10154],[5.72994,50.10143],[5.72917,50.1015],[5.72872,50.10122],[5.72787,50.10095],[5.72775,50.101],[5.72769,50.10117],[5.72776,50.10156],[5.7289,50.10178],[5.73004,50.10231],[5.73037,50.10269],[5.73047,50.10292],[5.73045,50.10316],[5.73015,50.10344],[5.73013,50.10357],[5.73025,50.10376],[5.73064,50.10402],[5.73085,50.10426],[5.73075,50.10458],[5.73082,50.10474],[5.73116,50.10487],[5.73171,50.10485],[5.73331,50.10542],[5.73332,50.1057],[5.73217,50.10625],[5.73158,50.10665],[5.73,50.10682],[5.72911,50.10708],[5.72866,50.10735],[5.7283,50.10793],[5.72802,50.10822],[5.72733,50.10862],[5.72656,50.10872],[5.7258,50.1086],[5.72529,50.10838],[5.72473,50.10831],[5.72448,50.10838],[5.72446,50.10859],[5.7246,50.10877],[5.72571,50.10908],[5.72628,50.10904],[5.72677,50.1088],[5.72749,50.10906],[5.72877,50.10922],[5.72934,50.11006],[5.72957,50.11061],[5.72997,50.11104],[5.73038,50.11132],[5.73126,50.11152],[5.73204,50.11222],[5.73413,50.11347],[5.73439,50.11374],[5.7342,50.11381],[5.7339,50.11378],[5.7329,50.11344],[5.73109,50.11302],[5.73051,50.113],[5.72994,50.11313],[5.72921,50.11349],[5.72901,50.11369],[5.72899,50.11385],[5.7292,50.1143],[5.72908,50.11444],[5.72868,50.11459],[5.72729,50.1147],[5.7266,50.11489],[5.72583,50.11523],[5.72567,50.11545],[5.72562,50.11575],[5.72579,50.11647],[5.72595,50.11679],[5.7263,50.11703],[5.72697,50.11711],[5.72797,50.11737],[5.72874,50.11743],[5.72928,50.11763],[5.73036,50.11786],[5.73127,50.1179],[5.73234,50.11813],[5.7339,50.11833],[5.735,50.11828],[5.73611,50.11756],[5.7366,50.11743],[5.73738,50.11793],[5.73885,50.11829],[5.74192,50.11888],[5.74307,50.11889],[5.74459,50.11903],[5.74585,50.11952],[5.74599,50.11968],[5.74597,50.11991],[5.74535,50.12043],[5.74508,50.12082],[5.74492,50.12221],[5.74494,50.12238],[5.74518,50.1227],[5.7452,50.1229],[5.74501,50.12306],[5.74452,50.12319],[5.744,50.12346],[5.74397,50.12376],[5.7442,50.12403],[5.74461,50.12426],[5.74589,50.12431],[5.74717,50.12486],[5.74704,50.12505],[5.74662,50.12516],[5.74749,50.12507],[5.74821,50.12528],[5.74867,50.12572],[5.74995,50.1265],[5.74944,50.12725],[5.74937,50.12749],[5.74942,50.12766],[5.7498,50.12798],[5.75002,50.12876],[5.74913,50.12903],[5.74895,50.12933],[5.74829,50.12959],[5.7477,50.12972],[5.74697,50.12976],[5.74562,50.12949],[5.74399,50.12935],[5.74395,50.12928],[5.74409,50.1292],[5.74488,50.12916],[5.74504,50.12909],[5.74506,50.12899],[5.74489,50.12878],[5.7441,50.12845],[5.74359,50.12837],[5.74315,50.12847],[5.74281,50.12873],[5.7428,50.129],[5.74346,50.12982],[5.74379,50.1304],[5.7438,50.1307],[5.74363,50.13099],[5.74369,50.13114],[5.7439,50.13123],[5.74504,50.13122],[5.74549,50.13152],[5.74568,50.13193],[5.74546,50.13236],[5.74489,50.13264],[5.74338,50.13314],[5.74277,50.13303],[5.74046,50.13181],[5.74016,50.13151],[5.74034,50.13123],[5.74077,50.13096],[5.74132,50.13045],[5.74105,50.12971],[5.74139,50.12881],[5.7413,50.12818],[5.74143,50.1278],[5.74163,50.12762],[5.7426,50.12785],[5.74288,50.12777],[5.74293,50.12764],[5.74228,50.12738],[5.74213,50.12705],[5.74198,50.12692],[5.74166,50.12679],[5.74131,50.12676],[5.74121,50.12678],[5.74065,50.12761],[5.74032,50.12771],[5.73977,50.12738],[5.73873,50.12625],[5.738,50.12566],[5.73755,50.12555],[5.73617,50.12546],[5.73587,50.12492],[5.73608,50.1244],[5.73607,50.12419],[5.73583,50.12388],[5.73537,50.12376],[5.73537,50.12346],[5.73491,50.1236],[5.73468,50.12407],[5.73449,50.12428],[5.73418,50.12436],[5.73333,50.12436],[5.73288,50.12459],[5.73263,50.12484],[5.73229,50.12534],[5.73231,50.12568],[5.73213,50.1261],[5.73217,50.12659],[5.73206,50.12686],[5.73083,50.12724],[5.72996,50.12736],[5.73006,50.1276],[5.73004,50.12777],[5.72997,50.12793],[5.72973,50.128],[5.72624,50.12862],[5.72458,50.12877],[5.72443,50.12869],[5.72435,50.12848],[5.72455,50.12836],[5.72578,50.12814],[5.72692,50.12816],[5.72718,50.12802],[5.72722,50.1278],[5.72712,50.12763],[5.72696,50.12758],[5.72519,50.12738],[5.72454,50.12716],[5.72406,50.12686],[5.72385,50.12652],[5.72371,50.12515],[5.72374,50.12482],[5.72342,50.12445],[5.7232,50.12434],[5.72288,50.12431],[5.7226,50.12448],[5.72245,50.12458],[5.7224,50.12487],[5.72202,50.12506],[5.71997,50.12537],[5.71916,50.12558],[5.71843,50.12564],[5.7163,50.1256],[5.716,50.12569],[5.71608,50.12596],[5.71587,50.12602],[5.71499,50.12583],[5.71458,50.12586],[5.71448,50.12597],[5.71455,50.12611],[5.71541,50.12653],[5.71572,50.12704],[5.71576,50.12735],[5.71546,50.12782],[5.71506,50.12802],[5.7149,50.12802],[5.71455,50.12778],[5.71455,50.1282],[5.71503,50.12831],[5.71524,50.12849],[5.71498,50.12867],[5.71435,50.12875],[5.71409,50.12906],[5.71455,50.12973],[5.7148,50.1299],[5.71505,50.12994],[5.71579,50.12982],[5.71604,50.1299],[5.71643,50.13024],[5.71664,50.1307],[5.71564,50.13118],[5.71539,50.13178],[5.71504,50.13197],[5.71449,50.13188],[5.71406,50.1316],[5.71291,50.1311],[5.71115,50.13071],[5.71048,50.13073],[5.70971,50.13105],[5.70906,50.1312],[5.70765,50.13112],[5.70724,50.13095],[5.70665,50.13031],[5.70625,50.13057],[5.70585,50.131],[5.70541,50.13116],[5.70499,50.13114],[5.70395,50.13071],[5.70416,50.1304],[5.70372,50.12987],[5.70324,50.13011],[5.70344,50.13044],[5.7028,50.13045],[5.70214,50.13017],[5.70181,50.12983],[5.70114,50.1296],[5.70078,50.12931],[5.70118,50.12901],[5.70161,50.12888],[5.70283,50.12905],[5.70333,50.12904],[5.70374,50.12853],[5.70407,50.12834],[5.70583,50.12793],[5.70614,50.12764],[5.7063,50.12725],[5.70677,50.12654],[5.7074,50.12592],[5.70918,50.12551],[5.71022,50.12515],[5.71053,50.12496],[5.71063,50.12478],[5.71056,50.1245],[5.70953,50.1235],[5.70934,50.12308],[5.70947,50.1226],[5.71001,50.1221],[5.71028,50.12173],[5.71044,50.12138],[5.71042,50.12122],[5.71032,50.12124],[5.71027,50.12155],[5.70909,50.12208],[5.70827,50.12226],[5.707,50.12234],[5.7063,50.1226],[5.70575,50.12261],[5.70534,50.12279],[5.70499,50.12283],[5.70385,50.12258],[5.70334,50.12271],[5.70311,50.12267],[5.70303,50.12256],[5.70303,50.12214],[5.70294,50.1218],[5.70251,50.12137],[5.70229,50.12136],[5.70163,50.12161],[5.70078,50.12126],[5.70032,50.1212],[5.70021,50.12127],[5.70027,50.12144],[5.70084,50.1219],[5.70102,50.12221],[5.70104,50.12242],[5.70082,50.12294],[5.7003,50.12324],[5.70016,50.12383],[5.69997,50.12396],[5.69973,50.12399],[5.69902,50.12385],[5.69777,50.12322],[5.69713,50.12301],[5.6966,50.12298],[5.69562,50.12255],[5.69538,50.12253],[5.695,50.12267],[5.69451,50.1227],[5.69364,50.12244],[5.69114,50.12195],[5.68823,50.12105],[5.68691,50.12041],[5.6866,50.12017],[5.68659,50.11986],[5.68711,50.11961],[5.68746,50.11903],[5.68786,50.11922],[5.68822,50.11923],[5.68881,50.11912],[5.68933,50.11883],[5.68935,50.11864],[5.68894,50.11817],[5.68868,50.11805],[5.68788,50.11793],[5.68764,50.1177],[5.68757,50.11752],[5.68769,50.11733],[5.68796,50.11728],[5.68884,50.11753],[5.68915,50.11774],[5.68927,50.11746],[5.68926,50.11711],[5.68883,50.11623],[5.68805,50.11515],[5.68667,50.11484],[5.68621,50.11483],[5.68546,50.11532],[5.68496,50.11548],[5.68489,50.11515],[5.68514,50.11458],[5.68605,50.1143],[5.68764,50.11416],[5.68788,50.11403],[5.68825,50.11346],[5.6883,50.1132],[5.68858,50.11294],[5.68954,50.11237],[5.68983,50.11234],[5.69145,50.11254],[5.69338,50.11251],[5.69371,50.11265],[5.69472,50.11342],[5.69496,50.11404],[5.69585,50.11404],[5.69608,50.11384],[5.69612,50.11371],[5.69578,50.113],[5.69566,50.11249],[5.6957,50.11231],[5.69632,50.11182],[5.69665,50.11118],[5.69779,50.11042],[5.69821,50.10927],[5.69922,50.10892],[5.7013,50.10912],[5.70174,50.10906],[5.70249,50.10876],[5.70204,50.10843],[5.70161,50.1085],[5.69947,50.10835],[5.69828,50.10822],[5.69792,50.10807],[5.69755,50.10761],[5.69687,50.10737],[5.69655,50.1071],[5.69665,50.10682],[5.69657,50.10651],[5.69713,50.10604],[5.69711,50.10586],[5.69658,50.10577],[5.69627,50.10556],[5.69581,50.10514],[5.69547,50.10456],[5.69524,50.10457],[5.69517,50.10471],[5.69519,50.10551],[5.69542,50.10599],[5.69537,50.10655],[5.69593,50.10729],[5.69626,50.10747],[5.69663,50.10781],[5.69672,50.10805],[5.69675,50.10846],[5.69658,50.10876],[5.69655,50.10919],[5.69619,50.10957],[5.69577,50.10969],[5.69489,50.1097],[5.69453,50.10985],[5.69434,50.11014],[5.69413,50.11026],[5.6926,50.11056],[5.69213,50.11055],[5.69051,50.11021],[5.68994,50.1102],[5.68786,50.11057],[5.68747,50.1107],[5.68706,50.11099],[5.68627,50.1108],[5.68547,50.11037],[5.68527,50.11036],[5.68499,50.11044],[5.68485,50.11069],[5.68508,50.11124],[5.68509,50.11153],[5.68467,50.11182],[5.68253,50.1124],[5.68042,50.11265],[5.67999,50.11263],[5.67951,50.11211],[5.67871,50.11184],[5.6779,50.11122],[5.67695,50.11077],[5.67664,50.11068],[5.67619,50.1108],[5.67551,50.11081],[5.67464,50.11069],[5.67436,50.11046],[5.67434,50.11013],[5.6742,50.10991],[5.67381,50.10966],[5.67368,50.10969],[5.67359,50.10989],[5.67358,50.11044],[5.67333,50.11071],[5.6729,50.1107],[5.67245,50.11053],[5.67201,50.11017],[5.67198,50.10989],[5.67207,50.10962],[5.6725,50.10944],[5.67332,50.1093],[5.67249,50.10843],[5.67139,50.10764],[5.67127,50.10735],[5.67081,50.10681],[5.67052,50.1067],[5.67032,50.10672],[5.67031,50.10692],[5.67072,50.10748],[5.67102,50.10771],[5.67098,50.10793],[5.67081,50.10809],[5.66955,50.10744],[5.66843,50.10717],[5.6677,50.10722],[5.66622,50.10775],[5.66541,50.10785],[5.66432,50.10791],[5.6637,50.10766],[5.66362,50.10736],[5.66377,50.10711],[5.66447,50.10678],[5.66537,50.10652],[5.66579,50.10598],[5.66617,50.10571],[5.66697,50.10543],[5.66747,50.10547],[5.66804,50.10542],[5.66913,50.10579],[5.67036,50.10592],[5.67124,50.10545],[5.67149,50.10514],[5.67227,50.10515],[5.67321,50.10482],[5.67374,50.10487],[5.6738,50.1046],[5.67343,50.10346],[5.67393,50.10297],[5.67438,50.10235],[5.67495,50.10127],[5.67542,50.10099],[5.67549,50.10082],[5.67543,50.1004],[5.67488,50.09994],[5.67482,50.09959]],[[5.77872,50.13301],[5.77811,50.13266],[5.77914,50.13264],[5.77898,50.1329],[5.77872,50.13301]],[[5.65413,50.13248],[5.65283,50.13178],[5.65418,50.1312],[5.6553,50.13136],[5.65566,50.13159],[5.65569,50.1319],[5.65542,50.1324],[5.65413,50.13248]],[[5.70788,50.13156],[5.70789,50.13148],[5.70822,50.13142],[5.70873,50.13153],[5.70788,50.13156]],[[5.73872,50.13126],[5.73825,50.13098],[5.73878,50.13095],[5.73919,50.13125],[5.73872,50.13126]],[[5.67247,50.12991],[5.67229,50.12982],[5.67253,50.12974],[5.67262,50.12986],[5.67247,50.12991]],[[5.5683,50.12963],[5.56818,50.12935],[5.56833,50.12923],[5.56853,50.12932],[5.56866,50.12953],[5.5683,50.12963]],[[5.5708,50.12962],[5.57076,50.12949],[5.57086,50.1294],[5.57136,50.12957],[5.5708,50.12962]],[[5.76163,50.12909],[5.76144,50.12903],[5.76168,50.12902],[5.76163,50.12909]],[[5.71538,50.12879],[5.71517,50.12873],[5.71537,50.1286],[5.71544,50.12873],[5.71538,50.12879]],[[5.77413,50.1285],[5.77404,50.12836],[5.77411,50.12805],[5.77427,50.12804],[5.77456,50.12819],[5.77445,50.12843],[5.77413,50.1285]],[[5.66997,50.12812],[5.66975,50.1279],[5.67001,50.12772],[5.67105,50.12793],[5.67072,50.1281],[5.66997,50.12812]],[[5.67205,50.12796],[5.67184,50.12792],[5.67206,50.1279],[5.67205,50.12796]],[[5.71705,50.1277],[5.71692,50.12765],[5.71706,50.12762],[5.71705,50.1277]],[[5.73163,50.12745],[5.73162,50.12735],[5.73187,50.1273],[5.73217,50.12736],[5.73163,50.12745]],[[5.72288,50.12657],[5.72278,50.12651],[5.7229,50.12641],[5.723,50.12653],[5.72288,50.12657]],[[5.6633,50.12495],[5.66159,50.12419],[5.66079,50.12404],[5.66055,50.12374],[5.66055,50.12351],[5.66084,50.12335],[5.66229,50.123],[5.66294,50.12312],[5.66396,50.12375],[5.66369,50.12403],[5.66401,50.12433],[5.66394,50.12468],[5.66376,50.1249],[5.6633,50.12495]],[[5.62538,50.12432],[5.62517,50.12401],[5.62455,50.12369],[5.62412,50.1232],[5.62457,50.12311],[5.6249,50.12324],[5.62506,50.12354],[5.62551,50.12401],[5.62538,50.12432]],[[5.69663,50.12349],[5.69664,50.12344],[5.69663,50.12349]],[[5.75247,50.12354],[5.75238,50.12346],[5.75248,50.12336],[5.75256,50.12347],[5.75247,50.12354]],[[5.61497,50.12278],[5.61472,50.12262],[5.61496,50.12235],[5.61551,50.12264],[5.61537,50.12275],[5.61497,50.12278]],[[5.69122,50.12266],[5.69107,50.12264],[5.6912,50.12259],[5.69122,50.12266]],[[5.75247,50.12273],[5.7524,50.12265],[5.75249,50.12264],[5.75247,50.12273]],[[5.68038,50.12173],[5.67987,50.12128],[5.68008,50.12099],[5.68042,50.12085],[5.68077,50.12083],[5.68119,50.121],[5.68136,50.12118],[5.68134,50.12132],[5.68087,50.12159],[5.68038,50.12173]],[[5.74955,50.12132],[5.74934,50.12126],[5.74927,50.12114],[5.74933,50.12095],[5.74952,50.12083],[5.74966,50.121],[5.74955,50.12132]],[[5.75122,50.12044],[5.75111,50.12042],[5.75122,50.12044]],[[5.67788,50.11936],[5.67743,50.119],[5.67744,50.11873],[5.67778,50.11847],[5.67914,50.1186],[5.67975,50.11903],[5.67953,50.11928],[5.679,50.11953],[5.67843,50.11953],[5.67788,50.11936]],[[5.61622,50.11923],[5.61606,50.11901],[5.61618,50.11873],[5.61652,50.11882],[5.61674,50.11898],[5.61674,50.11912],[5.61662,50.11925],[5.61622,50.11923]],[[5.59773,50.09959],[5.59752,50.0999],[5.59659,50.10066],[5.59642,50.10103],[5.59641,50.10127],[5.59661,50.10156],[5.59748,50.10153],[5.59788,50.10191],[5.59867,50.10216],[5.59906,50.10252],[5.59905,50.1027],[5.59889,50.10289],[5.5983,50.1032],[5.59787,50.10374],[5.59706,50.10431],[5.59515,50.10425],[5.59457,50.10413],[5.59419,50.10461],[5.59423,50.10512],[5.59414,50.10529],[5.59371,50.10523],[5.59327,50.10488],[5.59284,50.10484],[5.59211,50.10551],[5.59114,50.10567],[5.59083,50.10601],[5.59009,50.1065],[5.58953,50.10708],[5.5885,50.10735],[5.58837,50.10756],[5.58835,50.10794],[5.58792,50.10822],[5.58781,50.10847],[5.588,50.10903],[5.58885,50.11005],[5.59037,50.11126],[5.5916,50.11192],[5.59205,50.11209],[5.59251,50.11208],[5.59293,50.11234],[5.59334,50.11244],[5.59469,50.11241],[5.59577,50.11189],[5.59726,50.11208],[5.5974,50.11215],[5.59745,50.11238],[5.59766,50.11262],[5.59836,50.11318],[5.59801,50.11333],[5.59705,50.11348],[5.59633,50.11423],[5.59624,50.1145],[5.59655,50.11492],[5.59639,50.11568],[5.59573,50.11673],[5.59551,50.11693],[5.59415,50.11703],[5.59336,50.1174],[5.59247,50.11765],[5.5919,50.11815],[5.59076,50.11876],[5.59057,50.11839],[5.59057,50.11794],[5.59076,50.11761],[5.59146,50.11683],[5.59156,50.11662],[5.59154,50.11648],[5.59122,50.11614],[5.59097,50.11566],[5.58992,50.11521],[5.58938,50.11487],[5.58907,50.11463],[5.58859,50.11408],[5.58763,50.11349],[5.58707,50.11291],[5.58686,50.11249],[5.58685,50.11232],[5.58701,50.11207],[5.58759,50.11156],[5.58767,50.11121],[5.58702,50.11046],[5.58664,50.10957],[5.58584,50.10897],[5.58541,50.10759],[5.58489,50.1074],[5.58403,50.10766],[5.58286,50.10846],[5.58267,50.10877],[5.5825,50.10943],[5.5829,50.11013],[5.58385,50.111],[5.58399,50.11159],[5.58561,50.1128],[5.58573,50.11301],[5.58571,50.11332],[5.58547,50.1138],[5.58351,50.1149],[5.58311,50.11565],[5.58309,50.11645],[5.58291,50.11684],[5.58239,50.11699],[5.58093,50.11699],[5.58032,50.11708],[5.57917,50.11738],[5.57871,50.11765],[5.57723,50.11772],[5.57538,50.11792],[5.57415,50.11821],[5.57329,50.1185],[5.57316,50.11848],[5.57336,50.11841],[5.57353,50.11822],[5.57335,50.11802],[5.57292,50.11797],[5.57272,50.11809],[5.57248,50.1184],[5.57218,50.1184],[5.57192,50.11825],[5.57171,50.11785],[5.57136,50.11752],[5.57026,50.11709],[5.57045,50.11687],[5.57114,50.11651],[5.57164,50.11598],[5.57245,50.11572],[5.57301,50.11544],[5.57262,50.11465],[5.57204,50.11404],[5.57202,50.11374],[5.57339,50.11351],[5.57454,50.11319],[5.57504,50.11268],[5.57504,50.11214],[5.57517,50.11188],[5.57575,50.11169],[5.57589,50.11157],[5.57579,50.11145],[5.57494,50.11103],[5.5733,50.11098],[5.57246,50.11071],[5.57257,50.11027],[5.57283,50.10987],[5.57354,50.10992],[5.57538,50.11043],[5.57614,50.11052],[5.57665,50.11049],[5.57702,50.11041],[5.57791,50.10988],[5.5787,50.10929],[5.57888,50.10898],[5.57879,50.10874],[5.57838,50.1084],[5.5775,50.1079],[5.57572,50.10751],[5.57496,50.10766],[5.5738,50.10772],[5.5733,50.10765],[5.57273,50.10716],[5.57261,50.10678],[5.57164,50.10638],[5.57067,50.10572],[5.57065,50.10551],[5.57081,50.10517],[5.57082,50.10491],[5.57058,50.10433],[5.57076,50.10403],[5.5733,50.10432],[5.5737,50.10417],[5.57427,50.10412],[5.57445,50.10398],[5.57455,50.10376],[5.57499,50.10354],[5.57619,50.10362],[5.57709,50.10339],[5.57836,50.10362],[5.58042,50.1047],[5.58079,50.10457],[5.58105,50.10403],[5.58131,50.10379],[5.58163,50.10363],[5.58197,50.10362],[5.58247,50.10383],[5.58331,50.10445],[5.58414,50.10553],[5.58458,50.10574],[5.58544,50.10574],[5.58668,50.10527],[5.58758,50.10464],[5.58968,50.10403],[5.59017,50.10378],[5.59022,50.10294],[5.59035,50.10264],[5.59066,50.10235],[5.59067,50.10197],[5.59056,50.10175],[5.58991,50.10126],[5.58971,50.10089],[5.58984,50.10058],[5.59037,50.09999],[5.5906,50.09959]],[[5.6808,50.11877],[5.67959,50.11865],[5.67871,50.1182],[5.67921,50.11803],[5.68067,50.11782],[5.68166,50.11788],[5.68188,50.11801],[5.68196,50.11839],[5.68166,50.11877],[5.68124,50.11889],[5.6808,50.11877]],[[5.57205,50.11711],[5.57193,50.11708],[5.57204,50.11703],[5.57214,50.11708],[5.57205,50.11711]],[[5.57497,50.11714],[5.57492,50.11706],[5.57505,50.11708],[5.57497,50.11714]],[[5.57247,50.117],[5.57226,50.11683],[5.57245,50.11669],[5.57266,50.1168],[5.57247,50.117]],[[5.74413,50.11659],[5.74403,50.11654],[5.74479,50.11653],[5.74413,50.11659]],[[5.77247,50.11655],[5.77238,50.11625],[5.7725,50.11603],[5.77328,50.11542],[5.77374,50.11542],[5.77331,50.1161],[5.77297,50.11643],[5.77282,50.11653],[5.77247,50.11655]],[[5.63247,50.11477],[5.63121,50.11404],[5.631,50.11377],[5.63104,50.11339],[5.63033,50.11247],[5.63037,50.11208],[5.63092,50.11179],[5.63121,50.11153],[5.63162,50.11158],[5.6319,50.11183],[5.63255,50.11364],[5.63293,50.11427],[5.63299,50.11454],[5.63292,50.11475],[5.63247,50.11477]],[[5.65163,50.11484],[5.6515,50.11455],[5.65214,50.11417],[5.6527,50.1142],[5.65292,50.11429],[5.65302,50.1145],[5.65298,50.11467],[5.65279,50.11477],[5.65163,50.11484]],[[5.59955,50.11321],[5.59918,50.11316],[5.59903,50.11299],[5.59903,50.11288],[5.5992,50.11283],[5.59946,50.11294],[5.59961,50.11314],[5.59955,50.11321]],[[5.64913,50.11077],[5.64906,50.11068],[5.64932,50.1106],[5.64962,50.11061],[5.64982,50.1107],[5.64957,50.11085],[5.64913,50.11077]],[[5.67122,50.10823],[5.67116,50.1082],[5.67122,50.10823]],[[5.5808,50.10683],[5.5806,50.10648],[5.5808,50.10532],[5.58122,50.1054],[5.58156,50.10575],[5.58173,50.10582],[5.58332,50.10598],[5.58314,50.10627],[5.58249,50.10654],[5.5814,50.10666],[5.5808,50.10683]],[[5.62997,50.10571],[5.63003,50.10546],[5.63028,50.1053],[5.63052,50.10528],[5.63086,50.10542],[5.62997,50.10571]],[[5.67245,50.09959],[5.67225,50.09985],[5.67225,50.10013],[5.67201,50.1002],[5.66996,50.10015],[5.66906,50.09989],[5.66848,50.09983],[5.66801,50.09991],[5.66803,50.10009],[5.66822,50.10026],[5.66874,50.1004],[5.66993,50.1011],[5.67065,50.10127],[5.67126,50.10153],[5.67079,50.1018],[5.67064,50.10207],[5.67064,50.10233],[5.67055,50.10241],[5.66942,50.10258],[5.66854,50.10281],[5.6676,50.10285],[5.66666,50.10299],[5.66525,50.10304],[5.66413,50.10323],[5.66249,50.10333],[5.66206,50.10348],[5.66135,50.10356],[5.66083,50.10347],[5.65955,50.10292],[5.65794,50.10244],[5.65666,50.10192],[5.65572,50.10171],[5.65369,50.1016],[5.65196,50.10205],[5.6514,50.10212],[5.65117,50.10211],[5.65002,50.10172],[5.64951,50.10182],[5.64939,50.10157],[5.64962,50.1013],[5.6496,50.10101],[5.64919,50.1006],[5.64848,50.10076],[5.64783,50.10075],[5.64699,50.1005],[5.6465,50.10017],[5.64517,50.09959]],[[5.57048,50.09959],[5.56949,50.10038],[5.56919,50.10078],[5.56895,50.1009],[5.56812,50.101],[5.56705,50.10074]],[[5.6183,50.10102],[5.61816,50.10097],[5.61859,50.10079],[5.61882,50.10082],[5.61896,50.10095],[5.61878,50.10103],[5.6183,50.10102]],[[5.61705,50.1006],[5.61706,50.1003],[5.61705,50.1006]],[[5.72738,50.09959],[5.72754,50.10019],[5.72705,50.10045],[5.72651,50.10028],[5.72615,50.09997],[5.72593,50.09959]],[[5.61913,50.10029],[5.61883,50.10013],[5.61864,50.09987],[5.61904,50.09979],[5.61923,50.09984],[5.61944,50.10012],[5.61913,50.10029]]]}},{"type":"Feature","properties":{"ele":450},"geometry":{"type":"MultiLineString","coordinates":[[[5.59202,50.26515],[5.59299,50.2636],[5.59317,50.26344],[5.59339,50.26339],[5.59414,50.26347],[5.59473,50.26364],[5.5954,50.26366],[5.59575,50.26378],[5.59639,50.26447],[5.59643,50.26475],[5.59632,50.26515]],[[5.60721,50.26515],[5.60627,50.26456],[5.60563,50.26434],[5.60525,50.26407],[5.60453,50.26379],[5.60413,50.26348],[5.60414,50.2632],[5.60365,50.26249],[5.60362,50.26221],[5.60369,50.26201],[5.60435,50.26153],[5.6057,50.26122],[5.60623,50.26127],[5.60667,50.26107],[5.60708,50.26111],[5.60844,50.2616],[5.60954,50.26214],[5.61042,50.26235],[5.61086,50.26259],[5.6112,50.26293],[5.61163,50.26321],[5.61383,50.26426],[5.6142,50.26467],[5.61601,50.26515]],[[5.65698,50.26515],[5.657,50.26482],[5.65746,50.26431],[5.65831,50.26407],[5.65872,50.26348],[5.65938,50.26325],[5.65945,50.26314],[5.65938,50.26287],[5.65968,50.26244],[5.66004,50.26214],[5.66071,50.26182],[5.66075,50.26162],[5.66038,50.26126],[5.66039,50.26102],[5.66059,50.26069],[5.66108,50.26018],[5.66163,50.25985],[5.66207,50.25987],[5.66201,50.25958],[5.66279,50.2593],[5.66332,50.25929],[5.66376,50.25938],[5.66588,50.25916],[5.66637,50.25929],[5.66662,50.25961],[5.66713,50.2594],[5.66801,50.25944],[5.67055,50.26008],[5.67162,50.26047],[5.672,50.26052],[5.67216,50.26043],[5.67166,50.26014],[5.67111,50.25997],[5.67081,50.25953],[5.67041,50.25931],[5.66942,50.25925],[5.6677,50.25865],[5.6665,50.25831],[5.66381,50.258],[5.6622,50.2574],[5.66214,50.25718],[5.66244,50.25677],[5.66252,50.25624],[5.66271,50.25579],[5.66324,50.25537],[5.66311,50.25489],[5.66314,50.25437],[5.66285,50.25403],[5.6627,50.25347],[5.66289,50.25333],[5.66327,50.25342],[5.66348,50.25338],[5.66377,50.25324],[5.66405,50.25291],[5.66395,50.25271],[5.66335,50.25211],[5.66337,50.25149],[5.66326,50.25126],[5.66284,50.25124],[5.66209,50.25179],[5.66173,50.25218],[5.66129,50.25237],[5.66094,50.25233],[5.66049,50.25208],[5.6602,50.25208],[5.66006,50.25215],[5.66004,50.25242],[5.66014,50.25273],[5.66076,50.25353],[5.66103,50.25409],[5.66098,50.25464],[5.6606,50.25558],[5.66063,50.25614],[5.66028,50.25654],[5.66001,50.25704],[5.66,50.2574],[5.65979,50.25791],[5.65993,50.25839],[5.65982,50.25864],[5.65957,50.25883],[5.6589,50.25879],[5.65833,50.25888],[5.65635,50.25837],[5.65536,50.25821],[5.65494,50.25793],[5.65431,50.25767],[5.65381,50.25706],[5.65333,50.25689],[5.65286,50.2571],[5.65208,50.25651],[5.6514,50.25626],[5.65042,50.25625],[5.64991,50.25635],[5.6495,50.25617],[5.64872,50.25598],[5.64854,50.25555],[5.64835,50.25533],[5.6475,50.25484],[5.64664,50.2545],[5.64385,50.25407],[5.64371,50.25415],[5.6437,50.25432],[5.64417,50.25456],[5.64413,50.25487],[5.64343,50.25509],[5.64312,50.25506],[5.64243,50.25465],[5.64257,50.25431],[5.64234,50.25404],[5.64201,50.2539],[5.6412,50.25377],[5.64021,50.25314],[5.63992,50.25237],[5.64042,50.25211],[5.64044,50.25178],[5.64005,50.25166],[5.63952,50.2517],[5.63895,50.25154],[5.6387,50.25122],[5.63834,50.25133],[5.63789,50.25136],[5.63746,50.25166],[5.63668,50.25185],[5.63669,50.25206],[5.63727,50.25231],[5.63754,50.25264],[5.63675,50.25294],[5.63688,50.25323],[5.63644,50.25348],[5.63678,50.25367],[5.63681,50.25381],[5.63618,50.25417],[5.63578,50.25458],[5.63538,50.25486],[5.63532,50.25537],[5.63516,50.25571],[5.63416,50.25683],[5.63329,50.25761],[5.6323,50.25872],[5.63123,50.25932],[5.63089,50.25965],[5.62991,50.25987],[5.62937,50.26018],[5.62904,50.26066],[5.62925,50.26141],[5.62921,50.26157],[5.62902,50.26175],[5.62867,50.26193],[5.62812,50.26203],[5.62622,50.2621],[5.62426,50.26203],[5.62364,50.26183],[5.62281,50.26126],[5.6216,50.25988],[5.62112,50.2591],[5.6208,50.25876],[5.62031,50.25861],[5.62002,50.25878],[5.62,50.25905],[5.61942,50.25909],[5.61905,50.25901],[5.61883,50.25871],[5.61922,50.25768],[5.61915,50.25736],[5.61746,50.25742],[5.61712,50.25735],[5.61662,50.2571],[5.61622,50.25626],[5.61534,50.25544],[5.61495,50.25489],[5.61501,50.25432],[5.61491,50.25408],[5.61462,50.25386],[5.61404,50.25363],[5.61358,50.25322],[5.61337,50.2529],[5.61234,50.25282],[5.61192,50.2527],[5.61161,50.25216],[5.61116,50.25188],[5.61081,50.25146],[5.61048,50.25123],[5.60989,50.25115],[5.60916,50.25129],[5.60891,50.25126],[5.60812,50.251],[5.60779,50.25081],[5.60701,50.25071],[5.60616,50.25045],[5.60454,50.2496],[5.6045,50.24927],[5.60495,50.24818],[5.60557,50.24764],[5.60661,50.24709],[5.60744,50.24688],[5.60874,50.24682],[5.60914,50.24653],[5.61031,50.24624],[5.61072,50.24598],[5.61095,50.24572],[5.6113,50.24562],[5.6126,50.24549],[5.61364,50.24522],[5.61491,50.24543],[5.61525,50.24537],[5.61546,50.2452],[5.61584,50.24434],[5.61666,50.24377],[5.61697,50.24344],[5.61744,50.24319],[5.61822,50.24305],[5.62075,50.24317],[5.62246,50.24355],[5.62322,50.24351],[5.62525,50.24369],[5.62609,50.24347],[5.62753,50.24351],[5.62822,50.24337],[5.62879,50.24315],[5.62898,50.24329],[5.62907,50.2438],[5.62927,50.24397],[5.62996,50.24432],[5.63036,50.24437],[5.63083,50.24456],[5.63123,50.24458],[5.632,50.24572],[5.63285,50.24568],[5.63311,50.24586],[5.63319,50.24607],[5.63274,50.24669],[5.63276,50.24685],[5.63329,50.24709],[5.63387,50.24711],[5.63412,50.24708],[5.63543,50.24655],[5.63586,50.24622],[5.63595,50.24603],[5.63595,50.24568],[5.63663,50.24556],[5.63679,50.24545],[5.63692,50.24513],[5.63682,50.24485],[5.63655,50.24475],[5.63579,50.24497],[5.63531,50.24493],[5.63452,50.24501],[5.63287,50.2446],[5.6327,50.2443],[5.63288,50.24399],[5.6338,50.2441],[5.63488,50.24398],[5.63522,50.2438],[5.6353,50.24354],[5.63517,50.24345],[5.63338,50.24316],[5.63223,50.24283],[5.63166,50.24295],[5.63135,50.24291],[5.63115,50.24271],[5.63113,50.24204],[5.63121,50.24178],[5.63215,50.24105],[5.63289,50.24015],[5.63285,50.23955],[5.63331,50.23932],[5.63458,50.23893],[5.63621,50.23792],[5.63664,50.23738],[5.63697,50.23657],[5.63743,50.23586],[5.63787,50.23561],[5.6383,50.23554],[5.63872,50.23515],[5.63789,50.23504],[5.63733,50.23469],[5.63697,50.23468],[5.63649,50.23484],[5.63628,50.23509],[5.63615,50.23542],[5.63572,50.23564],[5.63291,50.23561],[5.63104,50.23576],[5.62998,50.23596],[5.6298,50.23627],[5.62953,50.23652],[5.62894,50.23681],[5.62816,50.23737],[5.62723,50.23774],[5.62661,50.23776],[5.62608,50.23768],[5.62584,50.23733],[5.62539,50.23708],[5.625,50.23673],[5.62484,50.23673],[5.62456,50.23682],[5.62416,50.23714],[5.6233,50.23753],[5.62325,50.23815],[5.62301,50.23853],[5.62242,50.23857],[5.62169,50.23813],[5.62139,50.23817],[5.62123,50.23826],[5.62112,50.23876],[5.62075,50.239],[5.62039,50.23938],[5.61921,50.23938],[5.61827,50.23926],[5.61744,50.2393],[5.61661,50.23958],[5.61579,50.24001],[5.61492,50.24014],[5.61452,50.24041],[5.61405,50.2406],[5.61301,50.24074],[5.61202,50.24076],[5.61113,50.2411],[5.61062,50.24119],[5.609,50.24122],[5.60664,50.24059],[5.60656,50.24035],[5.60697,50.23961],[5.60673,50.2393],[5.60626,50.23926],[5.60605,50.23908],[5.60606,50.23878],[5.60633,50.23846],[5.60565,50.2382],[5.60541,50.23789],[5.60504,50.23761],[5.60375,50.23593],[5.60334,50.23593],[5.60291,50.23663],[5.60296,50.23735],[5.60278,50.23798],[5.6029,50.23925],[5.60281,50.24008],[5.6031,50.24044],[5.60323,50.24121],[5.60307,50.24159],[5.60301,50.24236],[5.60257,50.24274],[5.60202,50.24288],[5.60119,50.24288],[5.60086,50.24322],[5.60019,50.2434],[5.59991,50.24373],[5.59948,50.24399],[5.59923,50.24434],[5.59858,50.24486],[5.59815,50.24543],[5.59702,50.24595],[5.59665,50.24604],[5.59623,50.24631],[5.59581,50.24626],[5.59531,50.24604],[5.59484,50.24574],[5.59409,50.24493],[5.59369,50.24479],[5.59304,50.24428],[5.5918,50.24365],[5.5916,50.24362],[5.59144,50.24381],[5.59151,50.2443],[5.59144,50.24478],[5.59166,50.24513],[5.59172,50.24544],[5.59163,50.2457],[5.59134,50.24603],[5.59087,50.24629],[5.589,50.24672],[5.58826,50.24706],[5.5877,50.24758],[5.58623,50.24844],[5.58475,50.24956],[5.58461,50.24982],[5.5847,50.25016],[5.58412,50.25049],[5.5838,50.25055],[5.58247,50.25037],[5.5815,50.25051],[5.58026,50.25043],[5.58013,50.2502],[5.58018,50.24987],[5.57991,50.24962],[5.57926,50.24847],[5.57769,50.24787],[5.57742,50.24766],[5.57747,50.24736],[5.57637,50.24651],[5.57627,50.24627],[5.57636,50.24593],[5.57595,50.24548],[5.57604,50.24517],[5.57598,50.24507],[5.57575,50.24502],[5.57529,50.24524],[5.57458,50.24537],[5.57404,50.24516],[5.57342,50.24475],[5.57243,50.24461],[5.57258,50.24432],[5.57328,50.24367],[5.57364,50.24358],[5.57432,50.2436],[5.57504,50.24349],[5.57554,50.24323],[5.57551,50.24314],[5.57471,50.24264],[5.57395,50.24254],[5.57359,50.2424],[5.57307,50.2419],[5.57299,50.24145],[5.57306,50.2411],[5.5733,50.2407],[5.57327,50.24012],[5.57343,50.23965],[5.57499,50.23821],[5.57497,50.23792],[5.57541,50.23766],[5.57531,50.23734],[5.57562,50.23682],[5.57539,50.23673],[5.57497,50.23677],[5.57474,50.23707],[5.57455,50.23714],[5.57317,50.23656],[5.57197,50.23665],[5.57111,50.2366],[5.57083,50.23651],[5.57066,50.23633],[5.57042,50.23569],[5.56999,50.23548],[5.56947,50.23543],[5.56972,50.23489],[5.57006,50.23458],[5.57028,50.2336],[5.57023,50.23339],[5.56985,50.23284],[5.56982,50.23207],[5.56962,50.23114],[5.56976,50.23034],[5.56998,50.2298],[5.57045,50.22935],[5.57114,50.22901],[5.57206,50.22876],[5.57222,50.22848],[5.57304,50.2282],[5.5732,50.22784],[5.57412,50.22681],[5.57462,50.2268],[5.57497,50.22711],[5.57541,50.22697],[5.57629,50.22724],[5.5766,50.22707],[5.57694,50.22671],[5.57744,50.2265],[5.57826,50.22599],[5.57882,50.22573],[5.57947,50.22557],[5.58145,50.2252],[5.58256,50.22513],[5.58489,50.22529],[5.58697,50.22531],[5.58748,50.22543],[5.58827,50.22519],[5.58872,50.22515],[5.58933,50.22465],[5.58936,50.2245],[5.58921,50.22431],[5.58869,50.22423],[5.58819,50.22399],[5.58788,50.22376],[5.58747,50.22317],[5.58702,50.22319],[5.5865,50.22342],[5.58588,50.22344],[5.58473,50.22335],[5.58332,50.22312],[5.58252,50.22354],[5.58202,50.22359],[5.58123,50.22337],[5.57995,50.2233],[5.57968,50.2232],[5.57948,50.22295],[5.57919,50.22279],[5.57864,50.2228],[5.5775,50.22246],[5.57574,50.2221],[5.57291,50.22186],[5.572,50.2219],[5.57119,50.22166],[5.56855,50.22124],[5.56774,50.22068],[5.56871,50.22039],[5.56999,50.22019],[5.57098,50.21986],[5.57208,50.21904],[5.57303,50.21804],[5.5731,50.21777],[5.57301,50.21763],[5.57246,50.21737],[5.57224,50.21718],[5.57219,50.21704],[5.57223,50.21677],[5.57201,50.21662],[5.56963,50.21705],[5.569,50.21706],[5.56843,50.21698],[5.56759,50.21673],[5.5673,50.21658],[5.56705,50.21634]],[[5.63705,50.2535],[5.63704,50.25343],[5.63705,50.2535]],[[5.66247,50.25325],[5.66248,50.25314],[5.66256,50.2532],[5.66247,50.25325]],[[5.64163,50.25213],[5.64164,50.25201],[5.64163,50.25213]],[[5.66413,50.251],[5.66408,50.25098],[5.66423,50.25098],[5.66413,50.251]],[[5.6608,50.25078],[5.66074,50.25071],[5.66079,50.25068],[5.6608,50.25078]],[[5.6358,50.24567],[5.63565,50.24541],[5.63581,50.24527],[5.63596,50.24544],[5.6358,50.24567]],[[5.63538,50.24437],[5.63521,50.24433],[5.63519,50.24426],[5.63583,50.24377],[5.63656,50.24364],[5.63718,50.24375],[5.63626,50.24384],[5.63603,50.244],[5.63593,50.24432],[5.63538,50.24437]],[[5.61955,50.23908],[5.6195,50.23902],[5.61961,50.23903],[5.61955,50.23908]],[[5.5683,50.23664],[5.56801,50.23652],[5.56834,50.23644],[5.56841,50.23654],[5.5683,50.23664]],[[5.56872,50.23633],[5.56858,50.23626],[5.5687,50.23615],[5.5688,50.23624],[5.56872,50.23633]],[[5.57538,50.23577],[5.57523,50.23567],[5.57581,50.2354],[5.57585,50.23572],[5.57538,50.23577]],[[5.6383,50.23217],[5.63702,50.23164],[5.63619,50.23154],[5.63536,50.23128],[5.63457,50.23131],[5.63444,50.23124],[5.63457,50.23114],[5.63531,50.23121],[5.63614,50.23096],[5.6368,50.23098],[5.63781,50.23118],[5.63821,50.2311],[5.63868,50.23089],[5.63913,50.23099],[5.63919,50.23138],[5.63911,50.23168],[5.63869,50.23208],[5.6383,50.23217]],[[5.6333,50.23128],[5.63324,50.23124],[5.63332,50.23114],[5.63341,50.23125],[5.6333,50.23128]],[[5.78288,50.1505],[5.78085,50.1498],[5.77961,50.14954],[5.77812,50.14943],[5.77614,50.1491],[5.77338,50.14883],[5.77234,50.14862],[5.77093,50.14856],[5.77028,50.14867],[5.77,50.14878],[5.76979,50.149],[5.76995,50.14932],[5.77212,50.15028],[5.77331,50.15096],[5.77469,50.15234],[5.7758,50.1532],[5.77621,50.15406],[5.77625,50.15438],[5.77613,50.15465],[5.77584,50.15489],[5.77531,50.15497],[5.77442,50.15498],[5.77249,50.15484],[5.76794,50.15386],[5.76744,50.15346],[5.76643,50.15371],[5.76636,50.15379],[5.76732,50.15464],[5.76822,50.15526],[5.76905,50.15546],[5.76949,50.1558],[5.76992,50.156],[5.7705,50.15615],[5.77119,50.15645],[5.7725,50.15678],[5.77254,50.15688],[5.77238,50.15695],[5.77207,50.15691],[5.77172,50.15664],[5.7715,50.15658],[5.77025,50.15676],[5.76749,50.15665],[5.76458,50.1567],[5.76229,50.15706],[5.76118,50.15706],[5.76028,50.15736],[5.76009,50.15784],[5.76016,50.15801],[5.76038,50.1582],[5.76117,50.15859],[5.76198,50.15889],[5.76255,50.15889],[5.76291,50.15898],[5.76436,50.15992],[5.76577,50.16072],[5.76691,50.16124],[5.76738,50.16156],[5.76864,50.16193],[5.76992,50.16247],[5.77077,50.16249],[5.77189,50.1627],[5.77253,50.16318],[5.77395,50.16338],[5.77462,50.16372],[5.77466,50.16405],[5.77424,50.16453],[5.77404,50.16509],[5.77382,50.16542],[5.77331,50.1657],[5.77286,50.16569],[5.77282,50.16603],[5.77404,50.1673],[5.77582,50.16875],[5.77785,50.16991],[5.77872,50.17026],[5.77956,50.17042],[5.78006,50.17065],[5.78007,50.17107],[5.78056,50.1716],[5.78075,50.17212],[5.78183,50.1724],[5.78218,50.17263],[5.78248,50.17302],[5.78271,50.17353],[5.78246,50.17403],[5.7821,50.17436],[5.78182,50.17441],[5.78163,50.1744],[5.78123,50.17419],[5.78072,50.17429],[5.78005,50.17428],[5.77874,50.17384],[5.77788,50.17378],[5.77749,50.17357],[5.77624,50.17323],[5.7749,50.17322],[5.77286,50.17299],[5.77244,50.1727],[5.77232,50.17218],[5.77219,50.17203],[5.7716,50.17186],[5.77038,50.17116],[5.76926,50.17078],[5.76619,50.17094],[5.76547,50.17085],[5.76498,50.17068],[5.76442,50.17074],[5.76291,50.1706],[5.76072,50.17007],[5.75999,50.17005],[5.75917,50.17019],[5.759,50.17038],[5.75897,50.17061],[5.7594,50.172],[5.75908,50.17231],[5.75893,50.17266],[5.75906,50.17293],[5.75958,50.17358],[5.76238,50.17434],[5.76358,50.1745],[5.76382,50.17443],[5.76401,50.17412],[5.76394,50.17397],[5.76361,50.17376],[5.7637,50.17348],[5.76464,50.1731],[5.7654,50.17309],[5.76577,50.17321],[5.76622,50.17351],[5.76749,50.17375],[5.76804,50.17401],[5.76823,50.17423],[5.7682,50.1744],[5.76778,50.17482],[5.76763,50.17509],[5.76768,50.17527],[5.76815,50.1758],[5.76848,50.17595],[5.77051,50.17615],[5.77122,50.17633],[5.77197,50.17683],[5.77274,50.17759],[5.77291,50.1779],[5.77291,50.17824],[5.77249,50.17876],[5.77208,50.17905],[5.77091,50.17966],[5.77024,50.17985],[5.76956,50.18043],[5.76851,50.18069],[5.7682,50.18117],[5.76821,50.18155],[5.76788,50.18181],[5.76734,50.18196],[5.7669,50.18186],[5.76663,50.18167],[5.76641,50.18178],[5.76652,50.18211],[5.7665,50.1824],[5.76702,50.18295],[5.76722,50.18329],[5.76726,50.18433],[5.7672,50.18461],[5.76705,50.18487],[5.76635,50.18489],[5.76616,50.18497],[5.76564,50.18599],[5.76495,50.1861],[5.76461,50.18628],[5.7645,50.18655],[5.76507,50.18708],[5.76494,50.18728],[5.76416,50.18749],[5.76286,50.18752],[5.76245,50.1876],[5.7623,50.18815],[5.76204,50.18848],[5.76197,50.18877],[5.76251,50.18929],[5.76294,50.18952],[5.76307,50.18981],[5.76292,50.18998],[5.76234,50.19001],[5.76191,50.19021],[5.76186,50.19036],[5.76192,50.19047],[5.76285,50.19076],[5.76287,50.19089],[5.76278,50.19102],[5.76239,50.19115],[5.76203,50.19102],[5.76159,50.19072],[5.76147,50.19014],[5.76028,50.18903],[5.76052,50.18886],[5.76123,50.18876],[5.76093,50.18818],[5.761,50.18759],[5.76112,50.18734],[5.76135,50.18725],[5.76199,50.18725],[5.76209,50.18719],[5.7621,50.18706],[5.76122,50.1868],[5.76067,50.18692],[5.75993,50.18687],[5.75963,50.18655],[5.75963,50.186],[5.75946,50.18594],[5.75911,50.18597],[5.75901,50.18634],[5.75915,50.18678],[5.7597,50.1874],[5.75973,50.18759],[5.75964,50.18775],[5.75916,50.18787],[5.75859,50.18781],[5.75829,50.18767],[5.75787,50.18711],[5.7577,50.18659],[5.75781,50.18625],[5.75833,50.18573],[5.75952,50.18511],[5.7604,50.18366],[5.76058,50.18323],[5.76028,50.18297],[5.75918,50.18288],[5.75898,50.1827],[5.75899,50.18261],[5.75931,50.18237],[5.75943,50.18185],[5.75979,50.18148],[5.75975,50.18103],[5.75952,50.18048],[5.75964,50.18016],[5.75953,50.17989],[5.75888,50.17955],[5.75872,50.17903],[5.75841,50.17864],[5.75788,50.17765],[5.75743,50.17729],[5.75681,50.177],[5.75656,50.17696],[5.75619,50.17706],[5.75594,50.17742],[5.75586,50.17791],[5.7559,50.1782],[5.75562,50.17895],[5.75596,50.17954],[5.75595,50.17988],[5.7562,50.18005],[5.75666,50.18012],[5.75739,50.18037],[5.75829,50.18029],[5.75841,50.18037],[5.75841,50.18048],[5.75821,50.18057],[5.75749,50.18046],[5.75661,50.18056],[5.75612,50.18043],[5.7558,50.18013],[5.75557,50.18046],[5.75526,50.18069],[5.75524,50.18082],[5.75538,50.18126],[5.7558,50.18154],[5.75592,50.18187],[5.75594,50.18209],[5.75579,50.18236],[5.75595,50.18294],[5.75591,50.18319],[5.75525,50.18405],[5.75441,50.18457],[5.75358,50.18532],[5.75328,50.18569],[5.75305,50.18582],[5.7527,50.18592],[5.7513,50.18591],[5.75097,50.18574],[5.75082,50.18542],[5.75031,50.18538],[5.74993,50.18541],[5.74781,50.18598],[5.74764,50.18627],[5.74754,50.18689],[5.74691,50.18823],[5.74681,50.18891],[5.74663,50.1893],[5.74595,50.19027],[5.74593,50.19082],[5.74512,50.19232],[5.74498,50.1932],[5.74446,50.19339],[5.7442,50.19376],[5.74375,50.19549],[5.74355,50.19592],[5.74382,50.19624],[5.74382,50.19654],[5.7437,50.19672],[5.74331,50.19685],[5.74281,50.19657],[5.74206,50.19597],[5.74197,50.19568],[5.74201,50.19496],[5.74161,50.19431],[5.7423,50.19353],[5.7422,50.19287],[5.74283,50.1919],[5.74304,50.19131],[5.74307,50.19089],[5.74348,50.1904],[5.74373,50.1899],[5.74396,50.18909],[5.744,50.1886],[5.74376,50.18791],[5.74371,50.18752],[5.74313,50.18676],[5.74321,50.18641],[5.74351,50.18586],[5.74352,50.1857],[5.74241,50.18488],[5.74188,50.18435],[5.74185,50.18409],[5.74207,50.18375],[5.7418,50.18346],[5.74169,50.18298],[5.74182,50.18287],[5.74339,50.18228],[5.74457,50.18206],[5.74518,50.18184],[5.74414,50.18152],[5.7437,50.18152],[5.74363,50.18071],[5.74406,50.1802],[5.74412,50.17926],[5.74441,50.17935],[5.74519,50.17989],[5.74557,50.17998],[5.74704,50.17987],[5.74732,50.17964],[5.7473,50.17947],[5.74706,50.17926],[5.74584,50.17914],[5.7456,50.17903],[5.74575,50.17887],[5.7462,50.17867],[5.7464,50.1782],[5.74665,50.178],[5.74688,50.17766],[5.74727,50.17673],[5.74747,50.17598],[5.74717,50.17569],[5.74622,50.17542],[5.74463,50.1754],[5.74398,50.17521],[5.74361,50.17488],[5.7438,50.17458],[5.74382,50.17431],[5.74326,50.17405],[5.74302,50.17384],[5.74298,50.17371],[5.74305,50.17343],[5.74291,50.17319],[5.74023,50.17275],[5.74006,50.17262],[5.74006,50.17246],[5.74048,50.17208],[5.73998,50.17181],[5.73962,50.17185],[5.7391,50.17213],[5.73869,50.17225],[5.73749,50.17216],[5.73692,50.17223],[5.73598,50.17205],[5.73536,50.17203],[5.73522,50.17211],[5.7352,50.17233],[5.73508,50.17243],[5.73413,50.17264],[5.73364,50.17284],[5.7324,50.17309],[5.73229,50.17326],[5.73248,50.17405],[5.73235,50.17454],[5.73191,50.17517],[5.73203,50.17574],[5.73239,50.17582],[5.73291,50.17579],[5.73328,50.17591],[5.73374,50.17642],[5.73473,50.1767],[5.73517,50.17697],[5.73528,50.17718],[5.73499,50.17775],[5.73414,50.17803],[5.73348,50.1777],[5.73244,50.17765],[5.73154,50.17741],[5.73138,50.17711],[5.73169,50.17679],[5.73112,50.1768],[5.7305,50.17709],[5.73022,50.17742],[5.73021,50.17777],[5.73046,50.17821],[5.73097,50.17882],[5.7312,50.17904],[5.73165,50.17931],[5.73218,50.17947],[5.73275,50.17948],[5.73328,50.17937],[5.73413,50.17903],[5.7358,50.1789],[5.73605,50.1787],[5.73609,50.17818],[5.73693,50.17791],[5.73723,50.17771],[5.73725,50.17762],[5.73699,50.17741],[5.73703,50.17732],[5.73765,50.17722],[5.739,50.17732],[5.74001,50.177],[5.7413,50.17695],[5.74168,50.17681],[5.74105,50.17653],[5.74158,50.17624],[5.74197,50.17619],[5.74256,50.17623],[5.74293,50.17651],[5.74289,50.1771],[5.7425,50.17769],[5.74197,50.17781],[5.74027,50.17793],[5.74192,50.1783],[5.74359,50.17835],[5.744,50.17848],[5.74359,50.17854],[5.73923,50.17856],[5.73901,50.17849],[5.73862,50.17796],[5.73835,50.17777],[5.73736,50.1779],[5.73729,50.17874],[5.73738,50.17914],[5.7375,50.17929],[5.73928,50.18043],[5.73938,50.18068],[5.73912,50.18097],[5.73912,50.18126],[5.73967,50.18181],[5.73955,50.18209],[5.73878,50.18266],[5.73872,50.18381],[5.73835,50.18439],[5.73812,50.18448],[5.73745,50.18443],[5.73743,50.18428],[5.7376,50.18409],[5.7376,50.18397],[5.73695,50.18323],[5.73651,50.18295],[5.73583,50.1828],[5.73494,50.18305],[5.73442,50.18289],[5.73411,50.18262],[5.73451,50.18228],[5.73501,50.18206],[5.73468,50.18183],[5.73359,50.18142],[5.73337,50.18124],[5.7333,50.18097],[5.73299,50.18103],[5.73283,50.18114],[5.73265,50.18148],[5.73264,50.18186],[5.73208,50.18205],[5.72979,50.18144],[5.72875,50.18162],[5.72822,50.18125],[5.72751,50.18096],[5.72702,50.18086],[5.72658,50.18093],[5.72615,50.18126],[5.72641,50.18169],[5.72639,50.18185],[5.72617,50.1819],[5.72579,50.18176],[5.72538,50.18181],[5.72547,50.18235],[5.72608,50.18291],[5.72602,50.18305],[5.72544,50.18353],[5.72446,50.18372],[5.72371,50.18403],[5.7233,50.18431],[5.72311,50.18481],[5.72298,50.18491],[5.72161,50.18498],[5.72072,50.18481],[5.72037,50.18512],[5.72025,50.18565],[5.72001,50.186],[5.71955,50.18631],[5.71866,50.18653],[5.71841,50.18673],[5.71835,50.1869],[5.71847,50.18741],[5.71746,50.18816],[5.71725,50.18871],[5.71705,50.18965],[5.71747,50.18987],[5.71711,50.18994],[5.71699,50.19008],[5.71719,50.19093],[5.71688,50.19186],[5.71685,50.19277],[5.71666,50.19357],[5.71621,50.19375],[5.71603,50.19403],[5.71581,50.19413],[5.71567,50.19367],[5.71584,50.19286],[5.71585,50.19238],[5.71558,50.19156],[5.7153,50.19117],[5.71505,50.19034],[5.71521,50.18957],[5.71511,50.18898],[5.7154,50.18847],[5.71496,50.1882],[5.71486,50.18799],[5.71472,50.18789],[5.7103,50.18731],[5.70968,50.18711],[5.70962,50.187],[5.70966,50.18687],[5.70979,50.18676],[5.71025,50.18665],[5.71239,50.18641],[5.71325,50.18656],[5.71437,50.18662],[5.7148,50.18656],[5.71495,50.18649],[5.715,50.18623],[5.71458,50.18606],[5.71407,50.18598],[5.71429,50.18572],[5.7151,50.18526],[5.7165,50.18507],[5.71711,50.18489],[5.71726,50.18457],[5.71719,50.18429],[5.7166,50.18383],[5.71627,50.18341],[5.71579,50.18321],[5.71572,50.18292],[5.71631,50.18213],[5.71659,50.18206],[5.71739,50.18208],[5.71775,50.182],[5.71844,50.18134],[5.7185,50.18117],[5.71843,50.18072],[5.71811,50.18013],[5.71835,50.17958],[5.71783,50.17932],[5.718,50.1791],[5.71823,50.17893],[5.71854,50.17883],[5.71942,50.1788],[5.71996,50.17869],[5.72122,50.1782],[5.72173,50.17821],[5.72354,50.17794],[5.72458,50.17809],[5.72505,50.17799],[5.72543,50.17725],[5.72543,50.17705],[5.72524,50.17675],[5.72522,50.17654],[5.72606,50.17622],[5.72711,50.17493],[5.72728,50.17433],[5.72723,50.17391],[5.72751,50.17341],[5.7275,50.17308],[5.72718,50.17291],[5.72625,50.17272],[5.72588,50.17231],[5.72494,50.17214],[5.7243,50.17174],[5.72319,50.17166],[5.72164,50.17069],[5.72081,50.17072],[5.71953,50.17147],[5.71883,50.17237],[5.71867,50.17266],[5.71858,50.17329],[5.71837,50.17375],[5.71701,50.17568],[5.71647,50.17595],[5.715,50.1764],[5.7139,50.17684],[5.71353,50.1771],[5.7129,50.17794],[5.712,50.17844],[5.71094,50.17876],[5.71,50.17926],[5.70933,50.17975],[5.7091,50.18002],[5.70855,50.18011],[5.70783,50.1804],[5.7073,50.18046],[5.70707,50.18041],[5.70669,50.17986],[5.70546,50.18001],[5.705,50.17984],[5.70493,50.17959],[5.70503,50.17929],[5.70496,50.17906],[5.70443,50.17876],[5.7053,50.17847],[5.70551,50.1782],[5.70537,50.17808],[5.70448,50.1777],[5.70442,50.17761],[5.70455,50.17736],[5.70548,50.1768],[5.70558,50.17634],[5.70538,50.17598],[5.70627,50.17597],[5.70848,50.17632],[5.7088,50.17631],[5.70896,50.17622],[5.70894,50.17597],[5.70867,50.1757],[5.70868,50.17523],[5.70861,50.1751],[5.7083,50.17487],[5.70742,50.17461],[5.70734,50.17443],[5.70736,50.17428],[5.70775,50.17401],[5.70781,50.17374],[5.70764,50.17295],[5.70722,50.1724],[5.70734,50.17232],[5.70795,50.17223],[5.70813,50.17208],[5.70745,50.17193],[5.70706,50.17153],[5.7065,50.17136],[5.70547,50.17141],[5.70488,50.17168],[5.70435,50.17158],[5.70435,50.17146],[5.70482,50.17097],[5.70581,50.17043],[5.7059,50.17007],[5.70578,50.16988],[5.70462,50.16899],[5.70286,50.16833],[5.70166,50.16804],[5.70041,50.16804],[5.69946,50.16817],[5.6977,50.16866],[5.69708,50.16873],[5.69635,50.16863],[5.69567,50.16835],[5.69525,50.16829],[5.69442,50.16846],[5.69391,50.16868],[5.69381,50.16879],[5.6939,50.16909],[5.69378,50.16932],[5.69283,50.16957],[5.69248,50.16983],[5.69247,50.17042],[5.69237,50.17072],[5.69247,50.17098],[5.69293,50.17144],[5.69455,50.17209],[5.6954,50.1726],[5.69541,50.17293],[5.69462,50.17322],[5.6941,50.17323],[5.69375,50.17311],[5.69352,50.17286],[5.69282,50.17242],[5.69246,50.1723],[5.692,50.17236],[5.68853,50.17404],[5.68831,50.17432],[5.68828,50.17457],[5.68855,50.17513],[5.68858,50.17544],[5.68843,50.17572],[5.68815,50.17593],[5.68624,50.17672],[5.68536,50.17656],[5.685,50.1764],[5.68486,50.17643],[5.68472,50.17659],[5.68472,50.17679],[5.68498,50.17708],[5.68505,50.17749],[5.68531,50.17797],[5.6864,50.1778],[5.68669,50.17764],[5.68664,50.17735],[5.68729,50.17761],[5.68769,50.17817],[5.68796,50.17837],[5.68835,50.17855],[5.6892,50.17874],[5.68932,50.17901],[5.68902,50.17926],[5.68817,50.17946],[5.6879,50.17945],[5.68755,50.17924],[5.68708,50.17914],[5.68532,50.17928],[5.68408,50.17982],[5.68393,50.18044],[5.68359,50.18093],[5.68373,50.18117],[5.68576,50.18185],[5.68635,50.18175],[5.68738,50.18191],[5.68828,50.18146],[5.68915,50.18149],[5.68945,50.18172],[5.68966,50.18228],[5.68989,50.18246],[5.69141,50.18266],[5.69381,50.18319],[5.69301,50.18325],[5.69205,50.18319],[5.68968,50.18337],[5.68875,50.18359],[5.68846,50.1835],[5.68816,50.18315],[5.6878,50.18301],[5.6863,50.18355],[5.68617,50.18378],[5.6863,50.18423],[5.68658,50.18444],[5.68711,50.18457],[5.68695,50.1849],[5.68696,50.18516],[5.68751,50.18542],[5.68766,50.18564],[5.68761,50.18577],[5.68721,50.18599],[5.68745,50.18628],[5.68754,50.18651],[5.68748,50.18667],[5.68729,50.1868],[5.68627,50.1871],[5.68567,50.18713],[5.68479,50.18703],[5.6838,50.1872],[5.68297,50.18744],[5.68266,50.18764],[5.68244,50.18815],[5.68229,50.18826],[5.68192,50.18835],[5.68128,50.18816],[5.6811,50.18818],[5.68061,50.18875],[5.6803,50.18887],[5.67984,50.1889],[5.67899,50.18879],[5.6783,50.18848],[5.67841,50.18815],[5.67836,50.18756],[5.67857,50.18704],[5.67902,50.18645],[5.67878,50.18582],[5.67881,50.1857],[5.67921,50.18554],[5.67961,50.18558],[5.6797,50.18582],[5.67958,50.18609],[5.67929,50.18632],[5.67926,50.18653],[5.67968,50.1867],[5.68042,50.18673],[5.6806,50.18652],[5.68062,50.18607],[5.68045,50.18572],[5.68012,50.18537],[5.68015,50.18513],[5.68031,50.18489],[5.68077,50.18467],[5.6815,50.18481],[5.68172,50.18476],[5.68289,50.18404],[5.68348,50.18332],[5.68354,50.18298],[5.68303,50.18264],[5.6814,50.18246],[5.6809,50.18264],[5.68078,50.18291],[5.68038,50.18329],[5.67957,50.18264],[5.6791,50.18242],[5.67709,50.18219],[5.67623,50.18186],[5.67615,50.18152],[5.67597,50.18126],[5.67499,50.18061],[5.67469,50.18013],[5.67459,50.17971],[5.67464,50.1795],[5.67483,50.17928],[5.67615,50.17873],[5.67831,50.17821],[5.67852,50.17801],[5.67855,50.1778],[5.6782,50.17707],[5.67822,50.17678],[5.67878,50.17696],[5.67904,50.17679],[5.67913,50.17653],[5.67924,50.17656],[5.67942,50.17711],[5.67928,50.17808],[5.67936,50.17822],[5.67955,50.17832],[5.67994,50.17835],[5.68037,50.17818],[5.68048,50.1778],[5.68045,50.1774],[5.67963,50.17669],[5.67952,50.17599],[5.67957,50.1757],[5.67877,50.17556],[5.6783,50.17526],[5.67773,50.17511],[5.67741,50.17432],[5.67749,50.17401],[5.67716,50.1737],[5.67705,50.17292],[5.67584,50.17233],[5.67363,50.17167],[5.67255,50.17144],[5.67202,50.17153],[5.67168,50.17168],[5.67039,50.17265],[5.67014,50.17294],[5.67026,50.17324],[5.67207,50.17458],[5.67193,50.17481],[5.67174,50.17489],[5.67072,50.17502],[5.66916,50.175],[5.66788,50.17541],[5.66775,50.17571],[5.66744,50.17596],[5.66736,50.17627],[5.66704,50.17653],[5.66716,50.17703],[5.66689,50.17764],[5.66662,50.17774],[5.66615,50.17762],[5.66538,50.17794],[5.66497,50.17792],[5.66459,50.17822],[5.66409,50.17844],[5.66415,50.17875],[5.66401,50.17902],[5.66412,50.17923],[5.66442,50.1793],[5.66465,50.17922],[5.66504,50.17893],[5.66582,50.17931],[5.66698,50.17961],[5.66741,50.17991],[5.66802,50.18008],[5.66947,50.18158],[5.67116,50.18244],[5.67167,50.18289],[5.6717,50.18317],[5.67156,50.18351],[5.6715,50.18412],[5.67135,50.18435],[5.67093,50.1844],[5.66955,50.18431],[5.66765,50.18437],[5.66682,50.1842],[5.6662,50.18429],[5.66591,50.18449],[5.66567,50.18455],[5.66537,50.18441],[5.66549,50.18401],[5.66495,50.1839],[5.6647,50.18404],[5.66478,50.18436],[5.66461,50.1846],[5.66308,50.18507],[5.66207,50.18573],[5.66098,50.18588],[5.66076,50.18582],[5.65995,50.18515],[5.65992,50.18487],[5.66015,50.18467],[5.66015,50.18454],[5.65949,50.18428],[5.65928,50.18435],[5.65883,50.18491],[5.65831,50.18516],[5.65784,50.18507],[5.65664,50.18565],[5.65636,50.18603],[5.65613,50.18613],[5.65497,50.18597],[5.65348,50.18631],[5.65288,50.18622],[5.65117,50.18629],[5.65085,50.18622],[5.6506,50.18602],[5.65039,50.18539],[5.64869,50.18534],[5.64827,50.18539],[5.64798,50.18581],[5.64743,50.18597],[5.64714,50.18632],[5.64696,50.1864],[5.64656,50.18641],[5.64572,50.18613],[5.64528,50.1862],[5.64526,50.18633],[5.64574,50.18688],[5.64623,50.18764],[5.64631,50.18794],[5.6462,50.18846],[5.64626,50.18868],[5.64663,50.18904],[5.64709,50.18932],[5.64691,50.18965],[5.64582,50.19072],[5.64459,50.19127],[5.64414,50.19133],[5.64394,50.19152],[5.64407,50.19245],[5.64474,50.19405],[5.64545,50.19536],[5.64639,50.19594],[5.6465,50.1965],[5.64684,50.19684],[5.64736,50.19762],[5.64788,50.19904],[5.64914,50.20015],[5.65084,50.20051],[5.65224,50.201],[5.6531,50.20162],[5.65311,50.20185],[5.65285,50.20201],[5.65229,50.20196],[5.65204,50.20184],[5.65177,50.20152],[5.65087,50.20124],[5.64848,50.20073],[5.64708,50.20006],[5.64575,50.19896],[5.64442,50.19885],[5.64202,50.19904],[5.64201,50.19875],[5.64249,50.19867],[5.64367,50.19819],[5.64456,50.19793],[5.64498,50.19764],[5.64373,50.19653],[5.6408,50.19431],[5.64041,50.19393],[5.64023,50.19346],[5.63989,50.193],[5.63944,50.1927],[5.6389,50.19256],[5.63843,50.19254],[5.63622,50.19292],[5.6335,50.19374],[5.6329,50.19406],[5.63265,50.19402],[5.63265,50.19381],[5.6328,50.19344],[5.63375,50.19267],[5.63431,50.19184],[5.63492,50.19128],[5.63567,50.19085],[5.6373,50.19015],[5.63743,50.18992],[5.63745,50.18957],[5.63772,50.18878],[5.63811,50.18829],[5.63809,50.18818],[5.63676,50.18803],[5.6352,50.18814],[5.6349,50.1882],[5.63451,50.18847],[5.63395,50.18855],[5.63213,50.18908],[5.63122,50.1892],[5.63067,50.18943],[5.62874,50.18971],[5.6283,50.18967],[5.62744,50.1894],[5.62712,50.18921],[5.62622,50.18848],[5.62485,50.18713],[5.62373,50.18653],[5.62359,50.18614],[5.62326,50.18572],[5.62256,50.18543],[5.62159,50.18489],[5.6202,50.18445],[5.61947,50.18448],[5.61739,50.18511],[5.61406,50.18536],[5.61287,50.18563],[5.61125,50.18649],[5.61102,50.18673],[5.61084,50.18707],[5.61082,50.18801],[5.6107,50.18867],[5.61056,50.18887],[5.61035,50.189],[5.6088,50.18908],[5.60624,50.18865],[5.60443,50.18901],[5.60395,50.18922],[5.6038,50.18943],[5.60388,50.18964],[5.60438,50.19002],[5.60444,50.19016],[5.60375,50.1906],[5.60288,50.19015],[5.60278,50.18999],[5.60277,50.18975],[5.60312,50.18934],[5.60294,50.18919],[5.60207,50.18932],[5.60085,50.1899],[5.6008,50.19015],[5.60121,50.191],[5.60202,50.19086],[5.60249,50.19068],[5.60291,50.19081],[5.6033,50.19106],[5.60368,50.19108],[5.60505,50.19055],[5.60645,50.19079],[5.60956,50.19096],[5.60962,50.19101],[5.6094,50.19141],[5.60945,50.19158],[5.61026,50.19184],[5.61085,50.1922],[5.61146,50.19237],[5.61048,50.19265],[5.60992,50.19269],[5.60911,50.19257],[5.60842,50.19274],[5.60585,50.19411],[5.60532,50.19429],[5.60497,50.19487],[5.60451,50.19507],[5.60406,50.19542],[5.60375,50.19645],[5.60439,50.19711],[5.60452,50.19766],[5.60446,50.19789],[5.60397,50.19816],[5.60392,50.19832],[5.60418,50.19928],[5.60449,50.19988],[5.60607,50.20173],[5.60603,50.20188],[5.6057,50.20204],[5.60539,50.20212],[5.60495,50.2021],[5.60291,50.20124],[5.60263,50.20099],[5.6026,50.20065],[5.60248,50.20042],[5.59956,50.1982],[5.59859,50.19773],[5.59745,50.1975],[5.59619,50.19712],[5.59558,50.19685],[5.59479,50.19573],[5.59449,50.19546],[5.59248,50.19431],[5.59166,50.19373],[5.5913,50.19359],[5.59088,50.19357],[5.58944,50.19375],[5.58868,50.194],[5.5881,50.19434],[5.58747,50.19487],[5.58627,50.19515],[5.58585,50.19532],[5.58523,50.1949],[5.58511,50.19443],[5.5848,50.19404],[5.58498,50.19378],[5.58497,50.19369],[5.58478,50.19346],[5.5845,50.19339],[5.58401,50.1936],[5.58317,50.19418],[5.58039,50.19515],[5.57987,50.19543],[5.57981,50.19572],[5.57992,50.196],[5.58064,50.19626],[5.58284,50.19765],[5.58473,50.19786],[5.58572,50.19812],[5.58792,50.19847],[5.58942,50.19855],[5.59086,50.19848],[5.59173,50.1987],[5.59173,50.19884],[5.5911,50.19957],[5.59124,50.19987],[5.59119,50.20009],[5.59074,50.2003],[5.5905,50.20054],[5.59031,50.20103],[5.58993,50.20152],[5.58984,50.2019],[5.58987,50.20225],[5.59002,50.20263],[5.59082,50.20374],[5.59121,50.20447],[5.59163,50.20484],[5.59209,50.20505],[5.59244,50.20544],[5.59285,50.20564],[5.59366,50.20587],[5.59412,50.20626],[5.59466,50.20651],[5.59474,50.20681],[5.59434,50.20709],[5.59429,50.20735],[5.59449,50.20765],[5.59505,50.20791],[5.59547,50.20801],[5.59624,50.208],[5.59705,50.20825],[5.59801,50.20824],[5.59958,50.20872],[5.60077,50.20839],[5.60156,50.20855],[5.60229,50.20858],[5.60292,50.20874],[5.60344,50.20899],[5.60407,50.2095],[5.60459,50.20958],[5.60452,50.20986],[5.60405,50.20991],[5.60331,50.21015],[5.6021,50.21034],[5.60118,50.21065],[5.60097,50.21086],[5.60079,50.21125],[5.60086,50.21154],[5.60075,50.21182],[5.6013,50.21261],[5.60122,50.21376],[5.60132,50.21416],[5.60155,50.21467],[5.60204,50.21515],[5.60495,50.21626],[5.60581,50.21699],[5.60663,50.21753],[5.60704,50.21765],[5.60753,50.21765],[5.60777,50.2179],[5.60749,50.21814],[5.6065,50.21818],[5.60544,50.21796],[5.60496,50.21765],[5.60372,50.21706],[5.60244,50.21699],[5.6013,50.21707],[5.59992,50.2166],[5.59893,50.21601],[5.59861,50.21572],[5.59818,50.21506],[5.59751,50.21367],[5.597,50.21346],[5.59635,50.21357],[5.5958,50.21376],[5.59536,50.21378],[5.59474,50.21305],[5.59453,50.21241],[5.59403,50.21213],[5.59265,50.21175],[5.59202,50.21166],[5.59124,50.21175],[5.5908,50.21209],[5.59056,50.21213],[5.59033,50.21213],[5.58999,50.21196],[5.58949,50.21156],[5.58898,50.21127],[5.58884,50.21073],[5.58866,50.21046],[5.58848,50.20993],[5.58826,50.20965],[5.58698,50.20878],[5.58583,50.20734],[5.58495,50.20655],[5.58416,50.2054],[5.5839,50.2053],[5.58364,50.20529],[5.58333,50.20539],[5.58247,50.20596],[5.58149,50.20625],[5.5811,50.20655],[5.58033,50.20733],[5.57978,50.20759],[5.57965,50.2078],[5.57963,50.20811],[5.57973,50.20846],[5.57997,50.20876],[5.57957,50.20905],[5.57912,50.20904],[5.57786,50.2088],[5.57747,50.20847],[5.5765,50.20734],[5.57626,50.20684],[5.57618,50.20617],[5.57595,50.20566],[5.5758,50.20559],[5.57484,50.2055],[5.57411,50.20555],[5.57359,50.20548],[5.57329,50.20543],[5.57263,50.2051],[5.57229,50.20484],[5.57223,50.20433],[5.57183,50.20301],[5.5714,50.20278],[5.57082,50.20264],[5.56994,50.20255],[5.56956,50.20262],[5.56834,50.20322],[5.56819,50.2034],[5.56819,50.2035],[5.56864,50.20377],[5.56897,50.20409],[5.56903,50.20548],[5.56882,50.20605],[5.56867,50.20611],[5.56827,50.20606],[5.56788,50.20626],[5.56759,50.20673],[5.56757,50.2069],[5.56785,50.2073],[5.56829,50.20738],[5.56865,50.20767],[5.56877,50.20788],[5.5688,50.20818],[5.56955,50.20876],[5.56971,50.20905],[5.56974,50.2093],[5.56957,50.20963],[5.56913,50.20987],[5.56934,50.21013],[5.56937,50.21037],[5.56876,50.21098],[5.56747,50.21119],[5.56705,50.21132]],[[5.56705,50.21475],[5.5672,50.21434],[5.56705,50.21416]],[[5.5708,50.21099],[5.57081,50.21065],[5.57087,50.21076],[5.5708,50.21099]],[[5.60747,50.20298],[5.60741,50.2029],[5.60752,50.20281],[5.60811,50.20292],[5.60789,50.20299],[5.60747,50.20298]],[[5.74413,50.19866],[5.74395,50.19839],[5.74405,50.1979],[5.74424,50.19764],[5.74464,50.19758],[5.74475,50.19777],[5.74471,50.19849],[5.74454,50.19865],[5.74413,50.19866]],[[5.7158,50.19466],[5.71559,50.19459],[5.71579,50.19454],[5.7158,50.19466]],[[5.60122,50.19243],[5.6008,50.19221],[5.60076,50.19207],[5.60086,50.19186],[5.6012,50.19172],[5.6017,50.19181],[5.60163,50.19237],[5.60122,50.19243]],[[5.76372,50.19216],[5.7633,50.19154],[5.76368,50.1914],[5.76408,50.19158],[5.76424,50.19206],[5.76412,50.19223],[5.76372,50.19216]],[[5.64663,50.19108],[5.64662,50.19096],[5.6471,50.19097],[5.64663,50.19108]],[[5.68663,50.18673],[5.68638,50.18651],[5.68661,50.18643],[5.6869,50.18651],[5.68688,50.1866],[5.68663,50.18673]],[[5.7633,50.18627],[5.76329,50.18622],[5.76336,50.18625],[5.7633,50.18627]],[[5.76288,50.18604],[5.76272,50.18598],[5.76299,50.18598],[5.76288,50.18604]],[[5.74372,50.18546],[5.74366,50.18542],[5.74374,50.18541],[5.74372,50.18546]],[[5.75663,50.18548],[5.7564,50.18539],[5.75621,50.18514],[5.75663,50.18486],[5.75709,50.18485],[5.7571,50.18518],[5.75663,50.18548]],[[5.68872,50.18532],[5.6885,50.18512],[5.68912,50.18482],[5.6897,50.18486],[5.69,50.18514],[5.68872,50.18532]],[[5.71497,50.18455],[5.71488,50.18434],[5.71496,50.18425],[5.71505,50.18432],[5.71497,50.18455]],[[5.75788,50.18386],[5.7578,50.18369],[5.75816,50.18329],[5.75823,50.18289],[5.75842,50.18288],[5.75852,50.18301],[5.75856,50.18336],[5.7585,50.18369],[5.75838,50.18379],[5.75788,50.18386]],[[5.72747,50.18267],[5.72696,50.18241],[5.72695,50.18233],[5.72714,50.18226],[5.7277,50.18239],[5.72774,50.18261],[5.72747,50.18267]],[[5.75705,50.1823],[5.75684,50.18208],[5.75703,50.18203],[5.75726,50.18208],[5.75705,50.1823]],[[5.76288,50.18166],[5.76289,50.18151],[5.76294,50.18155],[5.76288,50.18166]],[[5.72038,50.18105],[5.72023,50.18098],[5.72017,50.18082],[5.72037,50.18041],[5.72114,50.18032],[5.72144,50.18037],[5.72158,50.18048],[5.72152,50.18072],[5.72128,50.18098],[5.72038,50.18105]],[[5.72872,50.18114],[5.72861,50.18096],[5.72874,50.18082],[5.72891,50.18099],[5.72872,50.18114]],[[5.73663,50.18103],[5.7366,50.18067],[5.73704,50.1804],[5.7379,50.1807],[5.7381,50.18095],[5.73789,50.18109],[5.73723,50.18116],[5.73663,50.18103]],[[5.76247,50.18083],[5.76227,50.18068],[5.76252,50.18063],[5.76256,50.18073],[5.76247,50.18083]],[[5.71622,50.18045],[5.71614,50.18038],[5.71622,50.18011],[5.71628,50.18036],[5.71622,50.18045]],[[5.72955,50.18045],[5.72949,50.18042],[5.72955,50.18045]],[[5.73663,50.1796],[5.73617,50.17943],[5.73609,50.17932],[5.73612,50.17922],[5.7364,50.17913],[5.73685,50.17927],[5.73687,50.1794],[5.73663,50.1796]],[[5.66288,50.17828],[5.6628,50.17818],[5.66289,50.17807],[5.66299,50.1782],[5.66288,50.17828]],[[5.6633,50.17785],[5.66307,50.17763],[5.66333,50.17747],[5.66357,50.17766],[5.6633,50.17785]],[[5.76163,50.17775],[5.76164,50.17736],[5.7617,50.17759],[5.76163,50.17775]],[[5.76247,50.17688],[5.76217,50.1768],[5.76244,50.17674],[5.76274,50.1768],[5.76247,50.17688]],[[5.7633,50.17571],[5.76321,50.1757],[5.7633,50.17571]],[[5.7408,50.17497],[5.74065,50.17486],[5.74065,50.17468],[5.741,50.17427],[5.74073,50.17404],[5.73986,50.17378],[5.73993,50.17345],[5.74041,50.17331],[5.74098,50.17333],[5.74272,50.17377],[5.74262,50.17403],[5.74217,50.17437],[5.74161,50.17456],[5.74124,50.17492],[5.7408,50.17497]],[[5.78163,50.17326],[5.78164,50.17303],[5.78171,50.17319],[5.78163,50.17326]],[[5.67663,50.17229],[5.67626,50.17206],[5.67616,50.1718],[5.67671,50.17159],[5.67708,50.17129],[5.67747,50.17126],[5.6777,50.17159],[5.67767,50.17184],[5.67663,50.17229]],[[5.6983,50.17191],[5.69809,50.17184],[5.69802,50.17172],[5.69813,50.17152],[5.69832,50.17145],[5.69847,50.17152],[5.69852,50.17166],[5.69846,50.17182],[5.6983,50.17191]],[[5.74413,50.17159],[5.74333,50.17143],[5.74286,50.17124],[5.74316,50.17084],[5.7436,50.17068],[5.74499,50.17097],[5.74472,50.17127],[5.74413,50.17159]],[[5.77872,50.17158],[5.77866,50.17153],[5.77871,50.17147],[5.77872,50.17158]],[[5.74705,50.17148],[5.74662,50.17095],[5.74712,50.17094],[5.74705,50.17148]],[[5.7783,50.17133],[5.77831,50.17096],[5.77843,50.17122],[5.7783,50.17133]],[[5.73663,50.17021],[5.73621,50.16959],[5.73673,50.16959],[5.73675,50.16985],[5.73663,50.17021]],[[5.74038,50.1699],[5.74085,50.16988],[5.74074,50.16994],[5.74038,50.1699]],[[5.74163,50.16935],[5.74155,50.16927],[5.74163,50.16902],[5.7417,50.16927],[5.74163,50.16935]],[[5.77288,50.16766],[5.77293,50.16764],[5.77288,50.16766]],[[5.76955,50.16322],[5.769,50.16305],[5.76881,50.16287],[5.76871,50.16264],[5.76926,50.16241],[5.7697,50.16251],[5.76992,50.1627],[5.77001,50.16293],[5.76955,50.16322]],[[5.76622,50.16242],[5.76568,50.16208],[5.76613,50.16175],[5.76645,50.16163],[5.7667,50.16164],[5.76692,50.16177],[5.76698,50.16193],[5.7668,50.16221],[5.76662,50.16236],[5.76622,50.16242]],[[5.7583,50.15766],[5.7583,50.15759],[5.7583,50.15766]],[[5.76747,50.15544],[5.76746,50.15534],[5.76753,50.1553],[5.76796,50.15541],[5.76747,50.15544]],[[5.6158,50.14048],[5.61417,50.14007],[5.61333,50.13966],[5.61234,50.13904],[5.61354,50.13888],[5.61452,50.13898],[5.61546,50.13896],[5.61605,50.13905],[5.61627,50.13926],[5.61618,50.13959],[5.61632,50.13991],[5.6158,50.14048]],[[5.58163,50.13678],[5.5814,50.13648],[5.58152,50.13604],[5.58166,50.13592],[5.58202,50.13599],[5.58206,50.13668],[5.58163,50.13678]],[[5.58205,50.13594],[5.58201,50.1354],[5.58236,50.13478],[5.58245,50.134],[5.58346,50.13322],[5.58363,50.13288],[5.58417,50.13226],[5.5844,50.13187],[5.5841,50.13155],[5.58368,50.13043],[5.5824,50.1288],[5.58243,50.12847],[5.58292,50.12793],[5.58156,50.12783],[5.58122,50.12793],[5.58095,50.12825],[5.58037,50.12842],[5.58,50.12811],[5.57999,50.12756],[5.57963,50.12753],[5.57907,50.12766],[5.57887,50.12742],[5.57878,50.12706],[5.57859,50.12685],[5.57796,50.1266],[5.57748,50.12653],[5.57759,50.12681],[5.57746,50.12699],[5.57706,50.12738],[5.5766,50.12742],[5.57643,50.12714],[5.57635,50.12666],[5.57673,50.12625],[5.57616,50.12585],[5.57533,50.12572],[5.57531,50.12541],[5.57507,50.12506],[5.57501,50.12468],[5.57508,50.12458],[5.57617,50.12441],[5.57632,50.12432],[5.57621,50.12376],[5.57568,50.1235],[5.57583,50.1232],[5.57579,50.1229],[5.57667,50.12268],[5.57755,50.12208],[5.57812,50.12182],[5.5783,50.12147],[5.57876,50.12151],[5.57914,50.12182],[5.57962,50.12155],[5.58076,50.12153],[5.58129,50.1213],[5.58167,50.12124],[5.58203,50.12185],[5.58229,50.12208],[5.58236,50.12266],[5.58283,50.12301],[5.58327,50.12322],[5.58349,50.12344],[5.58356,50.12364],[5.5835,50.12378],[5.58334,50.12387],[5.58248,50.12394],[5.58221,50.12409],[5.5815,50.12483],[5.58139,50.12506],[5.58144,50.12521],[5.582,50.12551],[5.58281,50.12537],[5.5833,50.12541],[5.58293,50.12623],[5.58287,50.12653],[5.58292,50.12658],[5.5863,50.12714],[5.58664,50.1271],[5.58705,50.12626],[5.58737,50.126],[5.58739,50.12586],[5.58717,50.12541],[5.58726,50.12515],[5.58749,50.12511],[5.58802,50.12525],[5.58848,50.12524],[5.59024,50.1245],[5.59052,50.12435],[5.59072,50.12401],[5.59116,50.1237],[5.59136,50.12348],[5.5915,50.12313],[5.59168,50.123],[5.59213,50.12301],[5.59282,50.12325],[5.59323,50.12314],[5.59342,50.12284],[5.59348,50.12237],[5.59328,50.12233],[5.59286,50.12263],[5.59243,50.12277],[5.59225,50.12262],[5.59195,50.12208],[5.59243,50.12179],[5.5927,50.1215],[5.59336,50.12127],[5.59321,50.12096],[5.59396,50.12047],[5.59437,50.12038],[5.59499,50.12039],[5.59747,50.1207],[5.59827,50.12107],[5.59888,50.12156],[5.59886,50.12185],[5.5983,50.12264],[5.59829,50.12295],[5.5987,50.12321],[5.59946,50.12337],[5.60044,50.12373],[5.60082,50.12398],[5.60086,50.12413],[5.60082,50.12487],[5.60066,50.12508],[5.59993,50.12528],[5.59954,50.1257],[5.59866,50.12598],[5.59809,50.12646],[5.59642,50.12761],[5.59645,50.12777],[5.59733,50.12879],[5.59781,50.12896],[5.59833,50.12895],[5.5985,50.12907],[5.59858,50.12929],[5.59825,50.12957],[5.59831,50.12986],[5.59916,50.13003],[5.60005,50.13053],[5.60213,50.13064],[5.60262,50.13048],[5.60269,50.13013],[5.60289,50.12987],[5.60339,50.12978],[5.60366,50.12993],[5.60386,50.13017],[5.60414,50.13137],[5.60454,50.13111],[5.60495,50.13112],[5.60543,50.13173],[5.60581,50.132],[5.60613,50.13205],[5.60627,50.13199],[5.60639,50.13179],[5.60663,50.13098],[5.60684,50.13129],[5.60788,50.1322],[5.60807,50.13203],[5.60828,50.13138],[5.60844,50.13133],[5.60874,50.13138],[5.60916,50.13153],[5.60955,50.13237],[5.60955,50.13265],[5.61046,50.1328],[5.6107,50.1329],[5.61079,50.13305],[5.6107,50.13329],[5.61036,50.13365],[5.61026,50.13398],[5.61045,50.13426],[5.61085,50.13458],[5.61083,50.13488],[5.60954,50.13484],[5.60802,50.13516],[5.60702,50.13497],[5.60505,50.13492],[5.60364,50.13507],[5.60324,50.13497],[5.60175,50.13391],[5.60106,50.13374],[5.60034,50.13331],[5.59824,50.13268],[5.59746,50.13228],[5.59687,50.13225],[5.59584,50.13203],[5.5954,50.13208],[5.59452,50.13264],[5.59427,50.13291],[5.59413,50.1332],[5.59333,50.13342],[5.59256,50.13332],[5.59217,50.1331],[5.59081,50.13146],[5.59031,50.13132],[5.58973,50.13129],[5.58945,50.13138],[5.58924,50.13156],[5.58922,50.13176],[5.58939,50.13218],[5.58886,50.1327],[5.58889,50.13294],[5.58917,50.1332],[5.5891,50.13344],[5.58828,50.13429],[5.58788,50.13459],[5.58816,50.13489],[5.5879,50.13516],[5.58749,50.13533],[5.58662,50.13534],[5.58646,50.13569],[5.58622,50.13577],[5.5838,50.13556],[5.58205,50.13594]],[[5.61413,50.13496],[5.61387,50.13484],[5.61371,50.13459],[5.61385,50.13407],[5.61411,50.13395],[5.61428,50.134],[5.61443,50.13416],[5.61466,50.13481],[5.61456,50.13494],[5.61413,50.13496]],[[5.60038,50.13184],[5.60034,50.13175],[5.60041,50.13161],[5.60055,50.13179],[5.60038,50.13184]],[[5.60163,50.1302],[5.60157,50.13014],[5.60192,50.13015],[5.60163,50.1302]],[[5.59913,50.12795],[5.59928,50.12792],[5.59913,50.12795]],[[5.5858,50.12631],[5.58581,50.12622],[5.58625,50.12596],[5.58666,50.12597],[5.58695,50.12623],[5.58686,50.12631],[5.58645,50.12639],[5.5858,50.12631]],[[5.58372,50.12523],[5.58343,50.12511],[5.58357,50.12485],[5.58395,50.12472],[5.5842,50.12477],[5.58424,50.12489],[5.58372,50.12523]],[[5.58455,50.12467],[5.58437,50.12455],[5.58449,50.1243],[5.58486,50.12433],[5.5848,50.12455],[5.58455,50.12467]],[[5.59247,50.12468],[5.59247,50.12458],[5.59247,50.12468]],[[5.57247,50.12439],[5.5721,50.12424],[5.57163,50.12375],[5.57208,50.12349],[5.57307,50.12327],[5.57335,50.12332],[5.57344,50.12353],[5.57337,50.12378],[5.57247,50.12439]],[[5.7608,50.1236],[5.76016,50.1232],[5.76016,50.12287],[5.75983,50.12242],[5.75994,50.1222],[5.76165,50.12224],[5.76202,50.12239],[5.7625,50.1229],[5.76247,50.1235],[5.76145,50.12366],[5.7608,50.1236]],[[5.57372,50.12288],[5.57345,50.12259],[5.57342,50.12235],[5.5741,50.12123],[5.57448,50.12095],[5.57496,50.1207],[5.5754,50.12068],[5.57664,50.12126],[5.57532,50.12176],[5.57461,50.12218],[5.57372,50.12288]],[[5.75913,50.12189],[5.75875,50.1218],[5.75846,50.12162],[5.7584,50.12145],[5.75852,50.12126],[5.75954,50.1209],[5.75997,50.12088],[5.76019,50.12099],[5.76024,50.12114],[5.76019,50.1213],[5.75957,50.12185],[5.75913,50.12189]],[[5.77028,50.09959],[5.77094,50.09993],[5.77165,50.10042],[5.77197,50.10076],[5.77209,50.10099],[5.77189,50.10148],[5.77195,50.10181],[5.77246,50.10238],[5.77311,50.10288],[5.77335,50.10316],[5.77341,50.10339],[5.77339,50.1037],[5.77347,50.10384],[5.77374,50.10403],[5.77473,50.10419],[5.77609,50.10465],[5.77641,50.10484],[5.77662,50.10523],[5.77684,50.10542],[5.77648,50.10593],[5.77646,50.10622],[5.77725,50.10683],[5.77682,50.10708],[5.7763,50.10716],[5.77515,50.1069],[5.77489,50.10691],[5.77415,50.10729],[5.77371,50.10736],[5.77297,50.10781],[5.77247,50.10801],[5.77093,50.10781],[5.77006,50.10743],[5.76937,50.10724],[5.76907,50.1071],[5.76887,50.1069],[5.76883,50.10659],[5.76917,50.10603],[5.7692,50.10579],[5.76917,50.10568],[5.76886,50.1054],[5.7688,50.10493],[5.7687,50.10483],[5.76784,50.10527],[5.76629,50.10572],[5.76613,50.10588],[5.76608,50.10607],[5.76615,50.10626],[5.76726,50.10675],[5.7673,50.10685],[5.76663,50.1071],[5.76546,50.10692],[5.76422,50.10691],[5.76362,50.10732],[5.76375,50.10764],[5.76498,50.1082],[5.76561,50.1086],[5.76571,50.10881],[5.76577,50.10923],[5.76552,50.10968],[5.76559,50.10991],[5.76619,50.11015],[5.76743,50.11044],[5.76827,50.11079],[5.76911,50.11072],[5.76955,50.11084],[5.77062,50.11158],[5.77086,50.11183],[5.77118,50.1124],[5.77122,50.11265],[5.77088,50.11329],[5.77087,50.11384],[5.77064,50.11457],[5.76912,50.11485],[5.76824,50.11538],[5.76784,50.11552],[5.76664,50.11576],[5.7663,50.11566],[5.76605,50.11568],[5.76638,50.11589],[5.76642,50.11603],[5.76622,50.11626],[5.76575,50.11654],[5.7655,50.1169],[5.76542,50.11739],[5.76562,50.11777],[5.76787,50.12016],[5.76829,50.12055],[5.76873,50.1207],[5.76868,50.12074],[5.76734,50.12117],[5.76598,50.12129],[5.76489,50.1213],[5.76348,50.12114],[5.76247,50.12066],[5.76078,50.12062],[5.75991,50.12004],[5.75913,50.11987],[5.7584,50.11956],[5.758,50.11926],[5.75755,50.11876],[5.75708,50.11843],[5.75697,50.11821],[5.757,50.11792],[5.75749,50.11752],[5.75759,50.11715],[5.75707,50.11678],[5.75668,50.11614],[5.75631,50.11644],[5.75609,50.1165],[5.75477,50.11601],[5.75496,50.11589],[5.75604,50.11566],[5.75609,50.11548],[5.75599,50.11513],[5.75624,50.11488],[5.75627,50.11468],[5.75626,50.11428],[5.75615,50.11406],[5.75546,50.11396],[5.75458,50.1136],[5.7539,50.11358],[5.75334,50.11366],[5.75279,50.11343],[5.7523,50.11349],[5.75289,50.11364],[5.75307,50.11376],[5.75228,50.11405],[5.75164,50.11406],[5.7516,50.11402],[5.75194,50.11364],[5.75194,50.11351],[5.75183,50.11343],[5.74974,50.11297],[5.74875,50.11262],[5.74822,50.11261],[5.74787,50.11264],[5.74765,50.11287],[5.74765,50.11301],[5.748,50.11346],[5.74807,50.1137],[5.748,50.11382],[5.74765,50.11404],[5.74767,50.11433],[5.74752,50.11451],[5.74697,50.1147],[5.74622,50.11465],[5.74451,50.11409],[5.74413,50.11349],[5.7441,50.1127],[5.74394,50.11235],[5.74375,50.11208],[5.74309,50.11169],[5.743,50.11152],[5.7431,50.11131],[5.74306,50.11119],[5.7425,50.1108],[5.74205,50.11068],[5.74128,50.11101],[5.74093,50.11102],[5.74041,50.11098],[5.73968,50.11075],[5.73914,50.11077],[5.73896,50.11069],[5.73904,50.11041],[5.73965,50.11013],[5.73969,50.10989],[5.73955,50.10959],[5.74005,50.10941],[5.74078,50.1093],[5.74116,50.10898],[5.74146,50.10836],[5.74153,50.10784],[5.74149,50.10718],[5.74161,50.10697],[5.74225,50.10654],[5.74289,50.10598],[5.74337,50.10577],[5.74452,50.10484],[5.74582,50.10432],[5.74715,50.10348],[5.74641,50.1032],[5.74541,50.10311],[5.74416,50.10328],[5.74281,50.10361],[5.74166,50.10372],[5.73834,50.10318],[5.73776,50.10276],[5.73765,50.10232],[5.73787,50.10124],[5.73812,50.10099],[5.73815,50.10065],[5.73836,50.10024],[5.73858,50.10004],[5.73947,50.09995],[5.74031,50.10004],[5.74161,50.09983],[5.74209,50.09992],[5.74288,50.09986],[5.74328,50.10015],[5.74411,50.10035],[5.74583,50.10016],[5.74787,50.10045],[5.74874,50.10041],[5.74955,50.10085],[5.75078,50.10129],[5.752,50.10126],[5.75291,50.10139],[5.75372,50.10153],[5.75546,50.10202],[5.75687,50.10228],[5.7577,50.10235],[5.7583,50.1021],[5.7584,50.10159],[5.75877,50.10125],[5.7587,50.101],[5.75842,50.10061],[5.75827,50.10018],[5.75819,50.09959]],[[5.78288,50.12004],[5.78109,50.1194],[5.78089,50.11922],[5.78083,50.11895],[5.78097,50.11868],[5.78148,50.1184],[5.78253,50.11849],[5.78288,50.11831]],[[5.72358,50.09959],[5.72398,50.09987],[5.72319,50.10008],[5.72272,50.10041],[5.72335,50.10095],[5.72334,50.10105],[5.72291,50.10112],[5.72197,50.10095],[5.72131,50.10183],[5.72135,50.10208],[5.72208,50.1023],[5.72354,50.10221],[5.72426,50.10235],[5.72457,50.10265],[5.72436,50.10329],[5.72456,50.10384],[5.72466,50.10353],[5.72464,50.10295],[5.72544,50.10239],[5.72535,50.10214],[5.72473,50.10198],[5.72369,50.102],[5.72327,50.1018],[5.72364,50.10146],[5.72385,50.1014],[5.72525,50.10141],[5.7258,50.10154],[5.72624,50.10178],[5.72634,50.102],[5.7263,50.10241],[5.72575,50.10293],[5.72633,50.10349],[5.72641,50.10426],[5.72655,50.10462],[5.72719,50.10497],[5.72906,50.10504],[5.72955,50.10514],[5.72965,50.10568],[5.72894,50.10601],[5.72843,50.10611],[5.72781,50.10607],[5.72666,50.10613],[5.72579,50.10595],[5.72539,50.10659],[5.72494,50.10679],[5.72462,50.10685],[5.72239,50.10631],[5.72057,50.10611],[5.71984,50.10648],[5.71877,50.10656],[5.71786,50.10708],[5.71771,50.10728],[5.71773,50.10745],[5.71827,50.10792],[5.71913,50.10832],[5.72041,50.1084],[5.72188,50.10928],[5.72193,50.10943],[5.7218,50.11009],[5.72139,50.1104],[5.72137,50.11051],[5.72189,50.11122],[5.72265,50.11182],[5.7231,50.11233],[5.72317,50.11263],[5.72295,50.11295],[5.72213,50.11375],[5.72188,50.11422],[5.7213,50.11493],[5.72037,50.11542],[5.72008,50.11575],[5.71963,50.11591],[5.71911,50.11597],[5.71864,50.11622],[5.71744,50.11613],[5.71673,50.11597],[5.71624,50.11598],[5.71617,50.11621],[5.71602,50.11636],[5.71551,50.1165],[5.71484,50.11641],[5.71453,50.11628],[5.71437,50.1161],[5.71407,50.11548],[5.71405,50.11513],[5.71384,50.11433],[5.71392,50.11407],[5.71414,50.1139],[5.71588,50.11348],[5.71477,50.11293],[5.71554,50.11266],[5.71539,50.11235],[5.71539,50.11181],[5.71398,50.11104],[5.71159,50.10988],[5.71093,50.10977],[5.70937,50.10931],[5.70839,50.1092],[5.70818,50.10926],[5.70812,50.10937],[5.70824,50.1096],[5.70854,50.10968],[5.70955,50.10992],[5.71092,50.11006],[5.71144,50.11042],[5.71136,50.11097],[5.7112,50.11104],[5.7108,50.11098],[5.70942,50.11051],[5.70797,50.11028],[5.70726,50.1099],[5.70728,50.1098],[5.70755,50.10959],[5.70758,50.10933],[5.70777,50.10905],[5.70771,50.10876],[5.70798,50.10848],[5.70672,50.10764],[5.70651,50.10718],[5.70652,50.10701],[5.70672,50.10687],[5.70729,50.10694],[5.70827,50.10689],[5.70853,50.10683],[5.7086,50.10672],[5.70845,50.10648],[5.70729,50.10541],[5.70672,50.1043],[5.70612,50.10427],[5.7047,50.10465],[5.70323,50.10542],[5.7025,50.106],[5.70163,50.10628],[5.70039,50.10643],[5.70023,50.10629],[5.69992,50.10571],[5.70038,50.10522],[5.70077,50.10514],[5.70164,50.10521],[5.70181,50.10517],[5.7019,50.10506],[5.70183,50.10483],[5.70112,50.10406],[5.70159,50.10345],[5.70168,50.10321],[5.701,50.10266],[5.70098,50.10246],[5.70117,50.10207],[5.70106,50.10181],[5.70072,50.10162],[5.70015,50.10163],[5.69989,50.10172],[5.69966,50.10209],[5.6995,50.10216],[5.698,50.10237],[5.69752,50.10233],[5.69712,50.10209],[5.69702,50.10186],[5.69732,50.10114],[5.69718,50.10084],[5.69665,50.10042],[5.69571,50.09994],[5.69533,50.0998],[5.69455,50.09972],[5.69431,50.09959]],[[5.74997,50.11578],[5.74987,50.11571],[5.74993,50.11565],[5.75027,50.1157],[5.74997,50.11578]],[[5.60788,50.11535],[5.60757,50.11502],[5.60744,50.11461],[5.60798,50.11434],[5.60793,50.11401],[5.60665,50.11346],[5.60534,50.11321],[5.60487,50.11268],[5.60484,50.11246],[5.60491,50.11232],[5.60531,50.1122],[5.60582,50.11219],[5.60597,50.112],[5.60583,50.11121],[5.60557,50.11065],[5.60486,50.10956],[5.6047,50.10877],[5.60495,50.10819],[5.60719,50.10845],[5.60913,50.1092],[5.61041,50.10985],[5.61172,50.1102],[5.61244,50.11025],[5.6129,50.11016],[5.61307,50.10989],[5.61323,50.10933],[5.61339,50.10922],[5.61406,50.1091],[5.61502,50.10918],[5.61707,50.11013],[5.6187,50.1107],[5.62092,50.1117],[5.62107,50.11187],[5.62131,50.11256],[5.62127,50.11342],[5.62176,50.11368],[5.62198,50.11405],[5.62194,50.1143],[5.62175,50.11453],[5.62116,50.1149],[5.6208,50.11487],[5.62045,50.11458],[5.61911,50.11453],[5.6179,50.11389],[5.61713,50.11368],[5.61543,50.11364],[5.61463,50.11409],[5.61437,50.11413],[5.61162,50.11404],[5.61078,50.11368],[5.61025,50.11367],[5.60956,50.11376],[5.60942,50.11391],[5.60932,50.11412],[5.60912,50.11514],[5.60864,50.11533],[5.60788,50.11535]],[[5.74913,50.11519],[5.74805,50.11431],[5.74801,50.11416],[5.74812,50.11398],[5.74839,50.11386],[5.74874,50.11387],[5.7496,50.11423],[5.75048,50.11448],[5.75123,50.11487],[5.75079,50.11514],[5.75041,50.11525],[5.74963,50.11526],[5.74913,50.11519]],[[5.75538,50.11526],[5.75534,50.1151],[5.75554,50.11513],[5.75538,50.11526]],[[5.7558,50.11269],[5.7559,50.11262],[5.75627,50.11265],[5.75616,50.11274],[5.7558,50.11269]],[[5.71663,50.11239],[5.71662,50.11181],[5.71758,50.11208],[5.71663,50.11239]],[[5.74122,50.11158],[5.7411,50.11154],[5.74177,50.11154],[5.74162,50.11162],[5.74122,50.11158]],[[5.73872,50.10911],[5.73849,50.10902],[5.73852,50.10878],[5.73873,50.10855],[5.73914,50.10834],[5.73932,50.10871],[5.73927,50.10897],[5.73914,50.10908],[5.73872,50.10911]],[[5.7758,50.10894],[5.7756,50.10876],[5.77575,50.10852],[5.77625,50.10846],[5.77631,50.1087],[5.77627,50.10886],[5.7758,50.10894]],[[5.69108,50.09959],[5.6917,50.10009],[5.69175,50.10033],[5.69149,50.10073],[5.69119,50.10143],[5.6909,50.1017],[5.69072,50.10172],[5.68994,50.10141],[5.68908,50.10143],[5.6888,50.1012],[5.68855,50.10074],[5.6883,50.10062],[5.6877,50.10067],[5.68743,50.10084],[5.68728,50.10107],[5.68732,50.10148],[5.68788,50.1024],[5.68874,50.10211],[5.68906,50.10167],[5.68922,50.10159],[5.68958,50.10163],[5.69037,50.10198],[5.69039,50.10211],[5.69008,50.10237],[5.68953,50.10247],[5.68914,50.10265],[5.68904,50.10296],[5.68919,50.10312],[5.68997,50.10322],[5.69055,50.10365],[5.69089,50.10401],[5.69064,50.10461],[5.69122,50.10542],[5.69116,50.10569],[5.69129,50.10599],[5.69122,50.10612],[5.69067,50.106],[5.6902,50.10603],[5.6897,50.10623],[5.68955,50.10654],[5.6889,50.10632],[5.68869,50.10636],[5.68864,50.10681],[5.68915,50.10735],[5.68929,50.10763],[5.68911,50.10789],[5.68875,50.10794],[5.68759,50.10732],[5.68709,50.10729],[5.6866,50.10744],[5.686,50.10709],[5.68567,50.10681],[5.68715,50.10654],[5.68662,50.10635],[5.68623,50.10598],[5.6857,50.10575],[5.68541,50.10568],[5.68497,50.1057],[5.6841,50.10609],[5.68283,50.10535],[5.68187,50.10518],[5.68119,50.10535],[5.68078,50.10515],[5.68082,50.10431],[5.68052,50.10395],[5.68057,50.10325],[5.68051,50.10308],[5.68039,50.10292],[5.67959,50.10253],[5.67885,50.10233],[5.67912,50.10209],[5.68067,50.10222],[5.68131,50.10211],[5.68164,50.10126],[5.68121,50.10099],[5.68109,50.10067],[5.68126,50.10051],[5.68163,50.10041],[5.682,50.10012],[5.68211,50.0999],[5.68212,50.09959]],[[5.78288,50.10735],[5.78246,50.1072],[5.78213,50.10739],[5.78156,50.10754],[5.78069,50.1074],[5.78057,50.10687],[5.78036,50.10656],[5.77837,50.1057],[5.77815,50.10546],[5.77811,50.1053],[5.77815,50.10516],[5.77828,50.10508],[5.77913,50.10487],[5.78029,50.10471],[5.78114,50.1043],[5.78176,50.10426],[5.78247,50.10438],[5.78288,50.10434]],[[5.68455,50.10696],[5.6843,50.10678],[5.68446,50.10653],[5.68519,50.10681],[5.68497,50.10696],[5.68455,50.10696]],[[5.70622,50.10682],[5.70573,50.1066],[5.70526,50.10623],[5.70547,50.10615],[5.70618,50.10635],[5.7063,50.10659],[5.70629,50.10679],[5.70622,50.10682]],[[5.69288,50.10578],[5.69252,50.1054],[5.69206,50.10514],[5.69175,50.10484],[5.69157,50.1046],[5.69161,50.1043],[5.69239,50.104],[5.69263,50.10405],[5.69286,50.10461],[5.69329,50.10488],[5.69339,50.10534],[5.69331,50.10573],[5.69288,50.10578]],[[5.77747,50.10436],[5.77732,50.10405],[5.77749,50.10377],[5.77834,50.10373],[5.77856,50.10395],[5.77852,50.10411],[5.77828,50.10426],[5.77747,50.10436]],[[5.73955,50.10407],[5.73949,50.10403],[5.73954,50.10399],[5.7396,50.10403],[5.73955,50.10407]],[[5.6583,50.10157],[5.65824,50.10153],[5.65826,50.10144],[5.65844,50.10137],[5.65872,50.1014],[5.65891,50.10152],[5.65872,50.10164],[5.6583,50.10157]],[[5.66142,50.09959],[5.66146,50.09989],[5.66162,50.10021],[5.66218,50.1007],[5.6629,50.10098],[5.66281,50.10124],[5.66172,50.10156],[5.66124,50.10161],[5.6589,50.10116],[5.65781,50.10128],[5.656,50.10076],[5.65588,50.10064],[5.65593,50.10041],[5.65575,50.1003],[5.65541,50.10024],[5.65489,50.10031],[5.65417,50.1001],[5.65379,50.09986],[5.65359,50.09959]],[[5.75997,50.10158],[5.75979,50.10122],[5.76014,50.10094],[5.76036,50.10055],[5.76049,50.10055],[5.76072,50.10076],[5.76106,50.10153],[5.76051,50.10169],[5.75997,50.10158]],[[5.6058,50.10127],[5.60635,50.10108],[5.60663,50.10112],[5.60679,50.10124],[5.6065,50.10132],[5.6058,50.10127]],[[5.6658,50.10132],[5.66564,50.10125],[5.66583,50.10119],[5.66587,50.10126],[5.6658,50.10132]],[[5.67955,50.1013],[5.67943,50.10124],[5.67936,50.10107],[5.67948,50.10092],[5.68003,50.10093],[5.68023,50.10114],[5.68021,50.10125],[5.68006,50.10135],[5.67955,50.1013]],[[5.70595,50.09959],[5.70732,50.10044],[5.7079,50.10062],[5.70846,50.10094],[5.70874,50.10125],[5.70872,50.1014],[5.70822,50.10152],[5.70713,50.10152],[5.70594,50.10143],[5.70575,50.10135],[5.7055,50.10094],[5.70415,50.10042],[5.70348,50.10033],[5.70291,50.10045],[5.70165,50.1013],[5.70123,50.10131],[5.70078,50.10117],[5.69972,50.10036],[5.69975,50.10015],[5.69993,50.10004],[5.70172,50.09988],[5.70189,50.09959]],[[5.66538,50.10117],[5.66512,50.10104],[5.6651,50.10096],[5.66534,50.10088],[5.66551,50.10092],[5.66554,50.10102],[5.66538,50.10117]],[[5.65372,50.10076],[5.65332,50.10069],[5.65316,50.10043],[5.65373,50.10009],[5.65403,50.10039],[5.65419,50.10069],[5.65372,50.10076]],[[5.66455,50.10072],[5.66461,50.1007],[5.66455,50.10072]],[[5.69872,50.10044],[5.69819,50.10014],[5.69835,50.10011],[5.69871,50.10031],[5.69917,50.10042],[5.69872,50.10044]],[[5.60479,50.09959],[5.60462,50.1002],[5.60421,50.10025],[5.60364,50.10015],[5.60407,50.09959]],[[5.6977,50.09959],[5.69764,50.09985],[5.69747,50.0999],[5.69714,50.09985],[5.69664,50.09959]],[[5.76038,50.10013],[5.7604,50.09982],[5.76048,50.0999],[5.76038,50.10013]],[[5.73207,50.09959],[5.73091,50.09959]]]}},{"type":"Feature","properties":{"ele":500},"geometry":{"type":"MultiLineString","coordinates":[[[5.6604,50.26515],[5.66034,50.26485],[5.66064,50.26457],[5.66113,50.26426],[5.66189,50.26399],[5.66248,50.26357],[5.66264,50.26322],[5.66281,50.26236],[5.6635,50.26184],[5.66372,50.26154],[5.6641,50.26123],[5.66454,50.26102],[5.66562,50.26082],[5.66591,50.26088],[5.66668,50.26144],[5.66791,50.26175],[5.66942,50.26244],[5.66989,50.26258],[5.67252,50.26236],[5.67406,50.26248],[5.67507,50.26229],[5.67536,50.26239],[5.67559,50.2626],[5.67577,50.26289],[5.67584,50.26319],[5.67664,50.26356],[5.67812,50.26396],[5.67916,50.26384],[5.67996,50.26397],[5.68077,50.26435],[5.68143,50.26452],[5.68159,50.26464],[5.68164,50.26486],[5.68236,50.26515]],[[5.68936,50.26515],[5.68957,50.26495],[5.6897,50.26468],[5.68971,50.26447],[5.68961,50.26431],[5.68872,50.26431],[5.68787,50.26442],[5.68763,50.26433],[5.68756,50.26404],[5.68744,50.26402],[5.68539,50.26432],[5.68497,50.26431],[5.68542,50.26375],[5.68394,50.26263],[5.68291,50.26171],[5.68131,50.26069],[5.68048,50.26033],[5.67956,50.26013],[5.67954,50.25959],[5.67985,50.25929],[5.67992,50.25897],[5.68036,50.25842],[5.68052,50.25794],[5.68045,50.25762],[5.68026,50.25734],[5.68019,50.25683],[5.67997,50.25654],[5.68004,50.25624],[5.67996,50.25567],[5.67947,50.2555],[5.67854,50.25564],[5.67783,50.25533],[5.6771,50.25535],[5.67661,50.25557],[5.67603,50.25622],[5.67595,50.25641],[5.67603,50.25675],[5.67598,50.25683],[5.67497,50.2571],[5.674,50.25702],[5.67261,50.25677],[5.67165,50.25642],[5.66993,50.25517],[5.66955,50.25476],[5.66908,50.25462],[5.66884,50.2544],[5.6688,50.25423],[5.66889,50.25407],[5.66947,50.2537],[5.66947,50.25336],[5.66909,50.25267],[5.66874,50.25248],[5.66828,50.25237],[5.66828,50.25203],[5.66869,50.25176],[5.66913,50.25166],[5.66947,50.25126],[5.66996,50.25098],[5.67087,50.25072],[5.67113,50.25041],[5.67159,50.25012],[5.67245,50.24997],[5.67407,50.24895],[5.67512,50.24875],[5.67553,50.24849],[5.67633,50.2483],[5.67649,50.24823],[5.67646,50.24817],[5.67505,50.24801],[5.67453,50.2482],[5.67265,50.24836],[5.67242,50.24842],[5.67202,50.24881],[5.67081,50.24906],[5.67036,50.24907],[5.67001,50.24847],[5.66907,50.24794],[5.66873,50.24735],[5.66832,50.24708],[5.6679,50.24705],[5.66746,50.24713],[5.6663,50.24704],[5.66597,50.24685],[5.66589,50.2465],[5.66522,50.24627],[5.66518,50.24603],[5.66529,50.24574],[5.6657,50.24539],[5.66583,50.24518],[5.66573,50.24484],[5.66579,50.24432],[5.66605,50.24398],[5.66581,50.24367],[5.66539,50.24361],[5.66496,50.24388],[5.66445,50.24456],[5.66407,50.24483],[5.66374,50.24521],[5.66334,50.24546],[5.66286,50.24558],[5.66206,50.24556],[5.6616,50.24592],[5.66122,50.24601],[5.66041,50.24561],[5.6602,50.2452],[5.66043,50.24491],[5.66079,50.24481],[5.6615,50.24496],[5.66208,50.2452],[5.66208,50.24511],[5.66183,50.24487],[5.66166,50.24453],[5.66121,50.24404],[5.66044,50.24372],[5.65968,50.24366],[5.65827,50.24337],[5.65778,50.24339],[5.65762,50.24348],[5.65869,50.24359],[5.65886,50.24375],[5.6593,50.24394],[5.65941,50.24412],[5.65918,50.24462],[5.65857,50.24488],[5.65833,50.24557],[5.65787,50.2457],[5.65788,50.24598],[5.65867,50.24607],[5.65881,50.24617],[5.65882,50.24629],[5.65827,50.24653],[5.65711,50.2468],[5.65676,50.24705],[5.65667,50.24721],[5.65668,50.24759],[5.65687,50.24794],[5.65677,50.24822],[5.65679,50.24843],[5.65714,50.24923],[5.65747,50.24955],[5.65803,50.24986],[5.65791,50.24996],[5.65727,50.25014],[5.65716,50.25055],[5.6572,50.25148],[5.65736,50.25186],[5.65735,50.25266],[5.65752,50.25287],[5.65788,50.25292],[5.65795,50.25332],[5.65789,50.25349],[5.65747,50.25376],[5.65635,50.25365],[5.65468,50.25366],[5.65296,50.25286],[5.65202,50.25283],[5.65159,50.25268],[5.65119,50.25239],[5.651,50.25185],[5.6504,50.25125],[5.64973,50.25119],[5.64911,50.251],[5.6482,50.25019],[5.64771,50.2494],[5.64733,50.24903],[5.647,50.24848],[5.64682,50.24735],[5.64665,50.2468],[5.64637,50.24641],[5.64637,50.24534],[5.64609,50.2449],[5.64608,50.24454],[5.64585,50.24428],[5.64385,50.24289],[5.64205,50.24181],[5.64001,50.24098],[5.63947,50.24091],[5.63869,50.24096],[5.63791,50.24087],[5.6374,50.24077],[5.63711,50.24058],[5.63698,50.24042],[5.6372,50.23989],[5.63709,50.2394],[5.63711,50.23905],[5.63792,50.238],[5.63828,50.23732],[5.63858,50.23709],[5.63911,50.23696],[5.63957,50.23701],[5.64098,50.23755],[5.64167,50.23771],[5.64222,50.23768],[5.64308,50.2374],[5.64293,50.23724],[5.64239,50.23712],[5.64222,50.23686],[5.64227,50.23551],[5.64252,50.23513],[5.64226,50.23461],[5.64185,50.23412],[5.64186,50.23374],[5.6417,50.23339],[5.64183,50.23211],[5.64214,50.23159],[5.64247,50.23126],[5.6432,50.23094],[5.64374,50.23088],[5.64437,50.23098],[5.64624,50.23153],[5.64682,50.23159],[5.64759,50.23153],[5.6462,50.23072],[5.64473,50.22967],[5.64436,50.22932],[5.64326,50.22908],[5.64291,50.22841],[5.6422,50.22798],[5.64209,50.22784],[5.64246,50.22708],[5.64328,50.22643],[5.6442,50.22607],[5.64552,50.22575],[5.6467,50.22517],[5.64661,50.22505],[5.64463,50.22521],[5.6438,50.22556],[5.64327,50.22561],[5.64286,50.22553],[5.64238,50.22524],[5.6416,50.22515],[5.64083,50.22474],[5.64048,50.22474],[5.64036,50.22481],[5.64037,50.2252],[5.6408,50.22597],[5.6408,50.22626],[5.64068,50.22655],[5.64007,50.22719],[5.63979,50.22728],[5.63922,50.22725],[5.6389,50.22712],[5.63865,50.22686],[5.63832,50.22679],[5.6374,50.22735],[5.63706,50.22741],[5.63653,50.22738],[5.63611,50.22715],[5.63601,50.227],[5.63599,50.22676],[5.63614,50.22634],[5.63609,50.22621],[5.63473,50.22542],[5.63354,50.22495],[5.63229,50.22503],[5.63125,50.22459],[5.63102,50.22398],[5.63089,50.22324],[5.63078,50.2231],[5.62871,50.22262],[5.6279,50.22265],[5.62739,50.2228],[5.62605,50.22292],[5.62541,50.22328],[5.6251,50.22357],[5.62494,50.22395],[5.62485,50.22461],[5.62455,50.22518],[5.6245,50.22586],[5.62455,50.22653],[5.62519,50.22708],[5.62528,50.22732],[5.62524,50.22759],[5.62502,50.22783],[5.62452,50.22811],[5.62431,50.22855],[5.62375,50.22908],[5.62356,50.22936],[5.62326,50.22959],[5.62306,50.23014],[5.62275,50.23041],[5.62261,50.23069],[5.62231,50.23095],[5.62148,50.23204],[5.6211,50.23235],[5.62089,50.23275],[5.62038,50.23344],[5.62024,50.23384],[5.62025,50.23496],[5.62005,50.23568],[5.62026,50.23597],[5.62065,50.23622],[5.62069,50.23635],[5.62029,50.2368],[5.61952,50.23728],[5.61874,50.23757],[5.61778,50.23752],[5.6176,50.23764],[5.61747,50.23792],[5.61702,50.23833],[5.61636,50.23878],[5.61524,50.23904],[5.61422,50.23959],[5.61323,50.2396],[5.6129,50.2393],[5.61282,50.23903],[5.61358,50.23895],[5.61405,50.23871],[5.61433,50.23832],[5.61437,50.23805],[5.61429,50.2379],[5.61373,50.23764],[5.61333,50.23736],[5.61255,50.23725],[5.6116,50.23694],[5.61095,50.23682],[5.61167,50.23653],[5.61088,50.23607],[5.61067,50.23606],[5.61035,50.23622],[5.61037,50.23637],[5.61053,50.23656],[5.60973,50.23676],[5.60829,50.23654],[5.60753,50.23624],[5.60731,50.23596],[5.60734,50.23541],[5.60627,50.23456],[5.60606,50.23412],[5.60595,50.23351],[5.60556,50.23317],[5.60563,50.23268],[5.60592,50.23241],[5.60592,50.23233],[5.60538,50.2321],[5.605,50.23202],[5.6038,50.23222],[5.6034,50.23219],[5.60329,50.23214],[5.60325,50.23187],[5.6031,50.23171],[5.60281,50.23156],[5.60244,50.23151],[5.60164,50.23182],[5.6015,50.23204],[5.60152,50.23259],[5.60127,50.23318],[5.60108,50.23423],[5.60076,50.23508],[5.60047,50.23551],[5.60081,50.23654],[5.60036,50.23668],[5.5992,50.23681],[5.59899,50.23704],[5.599,50.23714],[5.59924,50.23737],[5.60042,50.23794],[5.60029,50.23802],[5.59939,50.23819],[5.5989,50.23864],[5.59892,50.23884],[5.59938,50.23931],[5.59883,50.23963],[5.59853,50.24009],[5.59867,50.24148],[5.59853,50.24183],[5.59775,50.24208],[5.59748,50.2423],[5.59719,50.24208],[5.59662,50.24196],[5.59622,50.24176],[5.59604,50.24183],[5.5958,50.24209],[5.59525,50.24215],[5.59497,50.24209],[5.59455,50.24181],[5.59426,50.24151],[5.5932,50.24128],[5.59248,50.24097],[5.59154,50.24072],[5.59078,50.24073],[5.59032,50.24062],[5.58959,50.24077],[5.58931,50.24097],[5.58927,50.24141],[5.5895,50.2419],[5.58918,50.24249],[5.589,50.24253],[5.58833,50.24241],[5.58776,50.24264],[5.58706,50.24376],[5.58579,50.24377],[5.58569,50.24344],[5.58613,50.24273],[5.58604,50.24257],[5.58578,50.24239],[5.58199,50.24104],[5.58157,50.24077],[5.58123,50.24042],[5.57915,50.24021],[5.57901,50.24013],[5.57875,50.23979],[5.57815,50.23958],[5.57914,50.23848],[5.57988,50.23815],[5.58169,50.23793],[5.58208,50.23756],[5.58287,50.23751],[5.58305,50.23737],[5.58333,50.23684],[5.58371,50.23651],[5.58423,50.23654],[5.58424,50.23623],[5.58388,50.23576],[5.5843,50.23539],[5.58408,50.23485],[5.58466,50.23404],[5.58522,50.23354],[5.5854,50.23325],[5.58496,50.23293],[5.58482,50.23246],[5.58437,50.23214],[5.58431,50.232],[5.58445,50.23176],[5.58492,50.2315],[5.58514,50.23122],[5.58582,50.23075],[5.58615,50.23043],[5.58623,50.2301],[5.58604,50.22971],[5.5854,50.22931],[5.58459,50.22918],[5.58408,50.22897],[5.58302,50.22889],[5.58248,50.22905],[5.58214,50.22902],[5.5819,50.22873],[5.58188,50.22839],[5.58202,50.22818],[5.58329,50.22764],[5.58415,50.22749],[5.58494,50.22724],[5.58662,50.22735],[5.58711,50.22764],[5.58812,50.2278],[5.58879,50.22772],[5.59037,50.22701],[5.5908,50.22709],[5.59121,50.22737],[5.59156,50.22728],[5.592,50.22704],[5.59234,50.22666],[5.59236,50.22652],[5.5922,50.22614],[5.59236,50.22586],[5.59254,50.22583],[5.59296,50.22603],[5.59413,50.22542],[5.59526,50.22453],[5.59543,50.22429],[5.59525,50.22357],[5.59494,50.22311],[5.59369,50.22183],[5.59301,50.22152],[5.59304,50.22124],[5.59274,50.22124],[5.59155,50.22168],[5.59139,50.22184],[5.59135,50.22228],[5.59117,50.22244],[5.59037,50.22213],[5.59023,50.22183],[5.5898,50.22134],[5.58974,50.2211],[5.58982,50.22074],[5.58965,50.22064],[5.58831,50.22091],[5.58692,50.22138],[5.58374,50.22136],[5.58331,50.22154],[5.5829,50.22191],[5.58255,50.22203],[5.58158,50.22182],[5.57959,50.22121],[5.57916,50.22069],[5.57853,50.22044],[5.57818,50.22014],[5.57757,50.2195],[5.57742,50.21901],[5.57721,50.21867],[5.57705,50.21848],[5.5766,50.2182],[5.57664,50.21795],[5.57671,50.21792],[5.57827,50.21757],[5.58001,50.21744],[5.58024,50.21728],[5.58018,50.21631],[5.58005,50.21567],[5.57984,50.2152],[5.57878,50.21425],[5.57818,50.21384],[5.57773,50.21328],[5.57772,50.21308],[5.57783,50.21289],[5.5782,50.21265],[5.57827,50.21231],[5.57958,50.21229],[5.58282,50.21115],[5.58374,50.211],[5.58331,50.21053],[5.5828,50.21044],[5.58282,50.20987],[5.58294,50.20984],[5.58331,50.21004],[5.58373,50.20973],[5.58414,50.20974],[5.58452,50.20991],[5.58478,50.21017],[5.5848,50.21041],[5.58467,50.21089],[5.58479,50.21124],[5.5854,50.21152],[5.58706,50.21261],[5.58746,50.21349],[5.58869,50.2146],[5.58957,50.21471],[5.59122,50.21552],[5.59169,50.21546],[5.59249,50.21521],[5.59285,50.21521],[5.59371,50.21578],[5.59495,50.21627],[5.59587,50.21622],[5.59699,50.21654],[5.59747,50.21681],[5.59774,50.21715],[5.59817,50.21748],[5.59951,50.21797],[5.5999,50.21851],[5.60159,50.21945],[5.60202,50.21953],[5.60244,50.2193],[5.60295,50.21928],[5.60375,50.2195],[5.60411,50.21974],[5.60432,50.21979],[5.60713,50.21972],[5.60785,50.21954],[5.60926,50.21934],[5.60983,50.21901],[5.61105,50.2185],[5.61134,50.2182],[5.61205,50.21792],[5.61233,50.21763],[5.61242,50.21709],[5.61253,50.21703],[5.61291,50.21689],[5.61393,50.21682],[5.61505,50.21633],[5.61635,50.21639],[5.61669,50.21626],[5.61709,50.21587],[5.6174,50.21568],[5.61832,50.2157],[5.61951,50.21607],[5.62002,50.21591],[5.62114,50.21583],[5.62145,50.21574],[5.62152,50.21558],[5.62117,50.21488],[5.62145,50.21458],[5.62103,50.2143],[5.62122,50.2142],[5.62171,50.21413],[5.62184,50.21398],[5.62121,50.21321],[5.62083,50.21309],[5.62053,50.21316],[5.62044,50.21329],[5.62054,50.21347],[5.62103,50.21381],[5.62101,50.21404],[5.6208,50.2142],[5.61963,50.21429],[5.61838,50.21411],[5.61747,50.21428],[5.6167,50.21466],[5.61571,50.21496],[5.61497,50.21543],[5.61348,50.21553],[5.6127,50.21528],[5.61121,50.2154],[5.61077,50.21553],[5.60913,50.21572],[5.60718,50.21568],[5.60682,50.21559],[5.60658,50.21546],[5.60634,50.21512],[5.6059,50.21485],[5.60499,50.21466],[5.60452,50.21433],[5.60429,50.21402],[5.60422,50.2135],[5.60448,50.2133],[5.60484,50.21325],[5.60873,50.2135],[5.60883,50.21346],[5.60887,50.2132],[5.60955,50.21297],[5.60927,50.21266],[5.60875,50.21234],[5.60867,50.21203],[5.6087,50.21175],[5.60885,50.21163],[5.60907,50.21153],[5.60973,50.21146],[5.61005,50.21125],[5.61006,50.21097],[5.60995,50.2107],[5.61014,50.21044],[5.61014,50.21023],[5.60959,50.20931],[5.60903,50.20931],[5.60862,50.20906],[5.6082,50.20866],[5.60707,50.20839],[5.6056,50.20766],[5.60526,50.20718],[5.60538,50.20681],[5.60499,50.2067],[5.60437,50.20673],[5.60368,50.20645],[5.6035,50.20623],[5.60403,50.20599],[5.60411,50.20586],[5.604,50.20567],[5.60366,50.20549],[5.6033,50.20538],[5.60213,50.20549],[5.60165,50.20571],[5.60088,50.20581],[5.59994,50.20612],[5.59789,50.20598],[5.59691,50.20599],[5.59441,50.20513],[5.59399,50.20471],[5.59392,50.2043],[5.59344,50.20402],[5.59311,50.2037],[5.59298,50.20346],[5.59306,50.20301],[5.59327,50.20275],[5.59421,50.2028],[5.59543,50.2024],[5.59533,50.2021],[5.59475,50.20152],[5.59576,50.20066],[5.59625,50.20045],[5.59664,50.20011],[5.59696,50.20017],[5.59726,50.20049],[5.59752,50.20057],[5.59764,50.20048],[5.59766,50.20037],[5.59735,50.20014],[5.59787,50.19986],[5.59836,50.19982],[5.59862,50.19991],[5.59867,50.20017],[5.60042,50.20065],[5.6014,50.20148],[5.6016,50.20176],[5.60163,50.2021],[5.6029,50.20292],[5.60229,50.2032],[5.60243,50.20341],[5.60265,50.20346],[5.60363,50.20332],[5.60385,50.2034],[5.60389,50.20352],[5.60376,50.20364],[5.60288,50.20401],[5.60292,50.20426],[5.60302,50.20433],[5.60328,50.20439],[5.60372,50.2043],[5.60415,50.20434],[5.60462,50.20457],[5.60466,50.20481],[5.60478,50.20497],[5.6052,50.20511],[5.6063,50.2047],[5.60765,50.20502],[5.60854,50.20504],[5.60913,50.20515],[5.61006,50.2048],[5.6106,50.20433],[5.61139,50.20326],[5.61176,50.20291],[5.61194,50.20236],[5.61213,50.2021],[5.61209,50.20185],[5.61165,50.20126],[5.61131,50.201],[5.60998,50.20039],[5.60959,50.20011],[5.60927,50.19931],[5.60874,50.19866],[5.60821,50.19731],[5.60798,50.19706],[5.60736,50.19684],[5.60734,50.19653],[5.60772,50.19599],[5.60801,50.19581],[5.6091,50.19549],[5.61029,50.19534],[5.61076,50.19503],[5.61124,50.1951],[5.61154,50.19506],[5.61185,50.19457],[5.61247,50.19431],[5.61354,50.1941],[5.61494,50.19408],[5.61624,50.19463],[5.61702,50.19444],[5.61868,50.19431],[5.61911,50.19402],[5.61915,50.19347],[5.61824,50.19321],[5.61787,50.19293],[5.61789,50.19282],[5.61811,50.19262],[5.61801,50.19234],[5.61748,50.19202],[5.61622,50.19153],[5.61538,50.19098],[5.61507,50.19055],[5.6151,50.18988],[5.61582,50.1896],[5.61624,50.18931],[5.61577,50.18909],[5.61496,50.18935],[5.61485,50.18902],[5.61489,50.18869],[5.61576,50.18764],[5.61624,50.1875],[5.61801,50.18743],[5.61932,50.18716],[5.61995,50.18738],[5.62124,50.18741],[5.62204,50.18804],[5.62218,50.18829],[5.62206,50.18904],[5.62177,50.18936],[5.62138,50.1896],[5.62141,50.18981],[5.62321,50.19106],[5.6239,50.19119],[5.62473,50.19104],[5.62579,50.19133],[5.62589,50.19127],[5.626,50.19096],[5.62629,50.19089],[5.62698,50.19135],[5.62823,50.19189],[5.62906,50.19254],[5.63026,50.19293],[5.63033,50.19311],[5.63022,50.19324],[5.62909,50.19364],[5.62774,50.1943],[5.62743,50.19459],[5.62743,50.19471],[5.62756,50.19513],[5.62789,50.19542],[5.62872,50.19558],[5.62955,50.19598],[5.62982,50.19648],[5.6295,50.19679],[5.62951,50.197],[5.62963,50.19736],[5.62964,50.19766],[5.62995,50.19829],[5.6301,50.19847],[5.63095,50.19895],[5.63121,50.19933],[5.6315,50.1995],[5.63171,50.19952],[5.63208,50.19932],[5.63286,50.19919],[5.63333,50.19924],[5.63376,50.19948],[5.63412,50.19943],[5.63501,50.1986],[5.63513,50.19815],[5.63532,50.19788],[5.63572,50.19774],[5.63633,50.19769],[5.63654,50.19755],[5.63665,50.19736],[5.63639,50.1971],[5.63511,50.19677],[5.63409,50.19662],[5.63379,50.19643],[5.63371,50.19622],[5.63385,50.19586],[5.63414,50.19543],[5.63464,50.19516],[5.63486,50.19482],[5.63539,50.19459],[5.63579,50.19431],[5.6377,50.19415],[5.6387,50.19425],[5.63914,50.19453],[5.63993,50.19552],[5.6404,50.19597],[5.6405,50.19627],[5.64088,50.19652],[5.641,50.19682],[5.64129,50.19707],[5.64119,50.19757],[5.64072,50.19793],[5.64006,50.19874],[5.63889,50.19968],[5.63724,50.20153],[5.63701,50.20162],[5.63635,50.20164],[5.63576,50.20155],[5.63559,50.2018],[5.63557,50.202],[5.63582,50.20236],[5.63589,50.20284],[5.63604,50.20299],[5.63645,50.2031],[5.63677,50.20303],[5.63705,50.20285],[5.63746,50.20236],[5.63786,50.20218],[5.63832,50.20209],[5.63873,50.20182],[5.63844,50.20159],[5.63846,50.2015],[5.63879,50.20137],[5.63949,50.20089],[5.6403,50.2007],[5.64078,50.20039],[5.64202,50.20014],[5.64265,50.2001],[5.64473,50.20053],[5.64557,50.20058],[5.64752,50.20151],[5.64758,50.20179],[5.64747,50.20211],[5.64796,50.20217],[5.64863,50.20193],[5.64883,50.20197],[5.64891,50.2021],[5.64867,50.20237],[5.64863,50.20267],[5.64988,50.20276],[5.65029,50.20295],[5.65124,50.20298],[5.65168,50.2031],[5.65201,50.20358],[5.65237,50.20457],[5.6533,50.2057],[5.65352,50.2061],[5.65469,50.20735],[5.65494,50.20778],[5.6551,50.20784],[5.6554,50.20775],[5.65545,50.20735],[5.65533,50.2068],[5.65563,50.20641],[5.6559,50.20546],[5.65512,50.20508],[5.65488,50.20447],[5.65481,50.20409],[5.65485,50.20374],[5.6544,50.20324],[5.6544,50.20299],[5.65447,50.2029],[5.65518,50.20261],[5.65529,50.20232],[5.65552,50.2021],[5.65521,50.20182],[5.65537,50.20153],[5.65588,50.20139],[5.65692,50.20143],[5.65738,50.20136],[5.65762,50.20125],[5.65763,50.20096],[5.65729,50.20064],[5.65707,50.20013],[5.6564,50.19956],[5.65587,50.19923],[5.65515,50.19894],[5.6549,50.19892],[5.65457,50.19904],[5.65411,50.19958],[5.65343,50.1997],[5.65267,50.1996],[5.65135,50.19913],[5.65015,50.19918],[5.64986,50.19912],[5.64954,50.19877],[5.64957,50.19847],[5.64911,50.19807],[5.64817,50.19641],[5.64826,50.1962],[5.64916,50.19599],[5.64931,50.19579],[5.6493,50.19562],[5.64905,50.19548],[5.64831,50.1956],[5.6477,50.19509],[5.64694,50.19485],[5.64699,50.19459],[5.64748,50.19404],[5.64739,50.19374],[5.64748,50.1935],[5.64784,50.19315],[5.64942,50.19199],[5.65029,50.19175],[5.65052,50.19073],[5.65041,50.19055],[5.6501,50.19039],[5.65005,50.18996],[5.65016,50.18968],[5.65036,50.18951],[5.65192,50.18969],[5.65426,50.19031],[5.65538,50.19015],[5.65624,50.19022],[5.65666,50.19018],[5.65713,50.18996],[5.65787,50.18922],[5.65828,50.18976],[5.65874,50.18975],[5.65914,50.18959],[5.65983,50.18907],[5.65998,50.18874],[5.66039,50.18873],[5.66063,50.18907],[5.66085,50.18921],[5.66164,50.18932],[5.66252,50.18859],[5.66332,50.18865],[5.66369,50.18908],[5.66405,50.18923],[5.66429,50.18917],[5.66499,50.18863],[5.66541,50.18852],[5.66659,50.18856],[5.6668,50.18869],[5.66707,50.18903],[5.6686,50.18933],[5.66996,50.18934],[5.67038,50.18903],[5.67124,50.18902],[5.6718,50.18954],[5.67155,50.18988],[5.67192,50.18996],[5.67213,50.18992],[5.67231,50.18956],[5.67293,50.18925],[5.67309,50.18937],[5.67296,50.18986],[5.67262,50.19041],[5.67226,50.1907],[5.67225,50.19103],[5.67242,50.19127],[5.6729,50.19158],[5.67325,50.19123],[5.67413,50.19078],[5.67452,50.19067],[5.67501,50.19068],[5.67508,50.19096],[5.67538,50.19126],[5.67541,50.19145],[5.67537,50.19177],[5.67509,50.19252],[5.67511,50.19305],[5.675,50.19353],[5.67541,50.19438],[5.67572,50.1946],[5.67619,50.19472],[5.67827,50.19495],[5.67954,50.19557],[5.68067,50.19586],[5.68091,50.1958],[5.68104,50.19564],[5.68105,50.19513],[5.68123,50.1946],[5.68105,50.19431],[5.68036,50.19397],[5.67916,50.19361],[5.67752,50.19334],[5.67731,50.19317],[5.67731,50.19291],[5.67751,50.19283],[5.67786,50.19284],[5.68119,50.19341],[5.68247,50.19292],[5.68286,50.19257],[5.68322,50.19245],[5.68442,50.19249],[5.68489,50.19268],[5.68533,50.19299],[5.68567,50.19301],[5.68611,50.19289],[5.68675,50.19244],[5.68872,50.19196],[5.68948,50.19245],[5.69075,50.19267],[5.69163,50.19305],[5.6921,50.19268],[5.69245,50.19153],[5.69295,50.19147],[5.69385,50.19172],[5.69475,50.19181],[5.69528,50.19219],[5.69546,50.19222],[5.69578,50.19207],[5.69591,50.19179],[5.6962,50.19153],[5.69704,50.19184],[5.69816,50.19155],[5.69741,50.19098],[5.6977,50.19081],[5.69812,50.19072],[5.69833,50.1908],[5.69842,50.1912],[5.69854,50.1913],[5.69884,50.19131],[5.69952,50.19115],[5.69993,50.19113],[5.70029,50.19126],[5.70085,50.19161],[5.70292,50.19159],[5.704,50.19111],[5.70426,50.1911],[5.70497,50.19148],[5.70508,50.19231],[5.70525,50.1925],[5.70547,50.19259],[5.70703,50.19232],[5.70717,50.19237],[5.70739,50.19269],[5.70838,50.19275],[5.70883,50.19264],[5.70846,50.19236],[5.70916,50.19211],[5.70956,50.19209],[5.70999,50.19186],[5.71109,50.19159],[5.71135,50.19158],[5.71278,50.19186],[5.71347,50.19237],[5.71352,50.19292],[5.71313,50.19321],[5.71374,50.19377],[5.71372,50.19404],[5.71345,50.19457],[5.71343,50.1952],[5.71311,50.19572],[5.71339,50.1963],[5.71306,50.19683],[5.71299,50.19714],[5.7133,50.19845],[5.71322,50.19879],[5.71339,50.19912],[5.71367,50.20013],[5.71367,50.20037],[5.71213,50.2021],[5.71164,50.20244],[5.71104,50.20247],[5.71074,50.20238],[5.71039,50.20209],[5.70989,50.20195],[5.70943,50.20205],[5.70902,50.20237],[5.70887,50.20256],[5.70889,50.20267],[5.70953,50.20297],[5.70999,50.20301],[5.71081,50.20292],[5.71087,50.20314],[5.71085,50.20325],[5.71056,50.20351],[5.70904,50.20393],[5.7087,50.20431],[5.70911,50.2044],[5.71005,50.20414],[5.71131,50.20406],[5.71163,50.20375],[5.7134,50.20267],[5.71413,50.20209],[5.71456,50.202],[5.71495,50.20174],[5.71619,50.20126],[5.71665,50.20125],[5.7179,50.20154],[5.71814,50.20122],[5.71874,50.20099],[5.71822,50.20078],[5.71808,50.20055],[5.71811,50.20034],[5.71842,50.1999],[5.71846,50.19931],[5.71763,50.19896],[5.71745,50.19878],[5.71738,50.19843],[5.71689,50.19791],[5.71743,50.19735],[5.71829,50.19708],[5.71876,50.19722],[5.71909,50.19721],[5.7196,50.19684],[5.71958,50.19653],[5.71942,50.1962],[5.71965,50.19564],[5.71967,50.1953],[5.71932,50.19423],[5.71879,50.19336],[5.7187,50.19296],[5.71883,50.19252],[5.71911,50.19207],[5.72003,50.19157],[5.71998,50.19123],[5.71947,50.19101],[5.71954,50.19082],[5.72039,50.19075],[5.72084,50.19051],[5.72202,50.19034],[5.72333,50.19043],[5.72337,50.19013],[5.72317,50.18987],[5.72331,50.1896],[5.72414,50.18943],[5.72481,50.18911],[5.72497,50.1886],[5.72554,50.18833],[5.72607,50.18793],[5.72611,50.18777],[5.72603,50.18728],[5.72609,50.18711],[5.7262,50.18704],[5.72697,50.18704],[5.72796,50.18716],[5.72904,50.18713],[5.72993,50.18774],[5.73052,50.18753],[5.73109,50.18751],[5.73177,50.18763],[5.73199,50.18794],[5.73211,50.18797],[5.73252,50.18796],[5.73288,50.18763],[5.73426,50.18815],[5.73455,50.18813],[5.73486,50.18791],[5.73505,50.1879],[5.73585,50.18818],[5.73617,50.18859],[5.73662,50.18879],[5.73711,50.18913],[5.73823,50.18935],[5.73881,50.18927],[5.74004,50.18945],[5.74041,50.18981],[5.74078,50.18993],[5.74094,50.19008],[5.74097,50.19061],[5.74141,50.19097],[5.74139,50.19148],[5.74128,50.19163],[5.74075,50.19181],[5.74074,50.19209],[5.74101,50.19236],[5.74104,50.19259],[5.7408,50.19292],[5.74078,50.19342],[5.74046,50.19388],[5.73984,50.19561],[5.73951,50.19622],[5.7394,50.19679],[5.73911,50.197],[5.73738,50.19765],[5.73774,50.198],[5.73873,50.1985],[5.73921,50.19859],[5.73998,50.19848],[5.74027,50.19874],[5.74022,50.199],[5.73915,50.19932],[5.73881,50.19977],[5.73829,50.19987],[5.73837,50.20014],[5.7383,50.20043],[5.73784,50.20095],[5.73714,50.20102],[5.73659,50.20089],[5.73615,50.20091],[5.73603,50.20101],[5.73605,50.20141],[5.73586,50.20159],[5.73532,50.20156],[5.73493,50.20136],[5.734,50.20109],[5.73338,50.2011],[5.73284,50.20123],[5.73205,50.20181],[5.73078,50.20236],[5.73082,50.20265],[5.73025,50.20301],[5.72965,50.20375],[5.7291,50.204],[5.72893,50.20423],[5.72889,50.20485],[5.72868,50.20515],[5.72856,50.20621],[5.72872,50.20727],[5.72915,50.20791],[5.72954,50.2083],[5.73001,50.20848],[5.73037,50.20904],[5.73095,50.20918],[5.73138,50.20963],[5.73175,50.20989],[5.73197,50.21027],[5.73207,50.2109],[5.73282,50.2103],[5.73287,50.20996],[5.73275,50.20957],[5.73291,50.20904],[5.73223,50.20821],[5.73174,50.20787],[5.73169,50.20738],[5.73155,50.20708],[5.73185,50.20662],[5.73188,50.20645],[5.73171,50.20621],[5.73099,50.2057],[5.73083,50.20533],[5.73078,50.20486],[5.73161,50.2043],[5.73234,50.20426],[5.73316,50.20406],[5.73365,50.20346],[5.7342,50.20322],[5.73494,50.20304],[5.73676,50.20277],[5.7377,50.20271],[5.738,50.20277],[5.73816,50.20288],[5.73817,50.20301],[5.73778,50.20349],[5.73795,50.20374],[5.73807,50.20428],[5.73858,50.20459],[5.7388,50.20489],[5.73963,50.20514],[5.73969,50.20541],[5.73955,50.2057],[5.74003,50.20596],[5.73926,50.20676],[5.73935,50.2069],[5.73982,50.20713],[5.73985,50.20732],[5.73974,50.20765],[5.74016,50.20792],[5.7398,50.20813],[5.73982,50.20839],[5.74115,50.20937],[5.74195,50.20934],[5.74206,50.2093],[5.7421,50.20868],[5.74196,50.20829],[5.74167,50.20782],[5.74144,50.20711],[5.74138,50.20655],[5.74144,50.20628],[5.74169,50.20598],[5.74148,50.20555],[5.74159,50.20506],[5.74105,50.20443],[5.74092,50.20409],[5.74116,50.20368],[5.74156,50.20345],[5.7426,50.20359],[5.74293,50.20351],[5.74339,50.20323],[5.74335,50.20291],[5.74239,50.2024],[5.74244,50.20225],[5.74284,50.20199],[5.74343,50.20193],[5.74411,50.20167],[5.74498,50.20148],[5.74623,50.20156],[5.74697,50.20143],[5.74796,50.20144],[5.74959,50.20158],[5.74996,50.20153],[5.75009,50.20138],[5.75018,50.20117],[5.75013,50.20079],[5.74972,50.20015],[5.74938,50.19986],[5.74868,50.1996],[5.74826,50.19932],[5.74731,50.19805],[5.74659,50.19741],[5.74623,50.1968],[5.74571,50.19661],[5.74558,50.19641],[5.74559,50.19534],[5.74569,50.1951],[5.74585,50.19498],[5.74656,50.19481],[5.74683,50.19486],[5.74679,50.19499],[5.74616,50.19568],[5.7466,50.19576],[5.74692,50.1957],[5.74736,50.19545],[5.7477,50.19536],[5.74908,50.19522],[5.74955,50.19487],[5.74945,50.19462],[5.74924,50.19446],[5.74829,50.19436],[5.7475,50.19402],[5.74718,50.19374],[5.74696,50.19325],[5.7471,50.19311],[5.74753,50.19308],[5.74866,50.19379],[5.74909,50.19388],[5.74926,50.19378],[5.74907,50.19352],[5.74829,50.19293],[5.74729,50.19242],[5.74701,50.19212],[5.74703,50.1918],[5.74753,50.19117],[5.74755,50.19096],[5.74741,50.19066],[5.74778,50.19004],[5.74805,50.18981],[5.74838,50.18968],[5.74912,50.18959],[5.7496,50.18934],[5.75046,50.18915],[5.75187,50.18918],[5.75504,50.18978],[5.75753,50.1904],[5.75874,50.19081],[5.75897,50.19107],[5.75891,50.19133],[5.75869,50.19152],[5.75782,50.19182],[5.75965,50.19275],[5.76082,50.19308],[5.76184,50.19348],[5.76291,50.19402],[5.76312,50.19423],[5.76307,50.19442],[5.76246,50.1948],[5.76245,50.19497],[5.76254,50.19511],[5.76297,50.1953],[5.7632,50.19551],[5.76328,50.19575],[5.76322,50.19655],[5.76389,50.1971],[5.7637,50.19736],[5.76382,50.19765],[5.76368,50.19794],[5.76417,50.19807],[5.76433,50.19823],[5.76432,50.19961],[5.76394,50.20023],[5.76409,50.20049],[5.76458,50.20056],[5.76497,50.20043],[5.76501,50.20016],[5.76527,50.19978],[5.76532,50.19927],[5.76583,50.19901],[5.76667,50.19822],[5.76756,50.1979],[5.76769,50.19756],[5.76763,50.19711],[5.76789,50.19682],[5.76798,50.1966],[5.76795,50.1965],[5.76784,50.19649],[5.76775,50.19678],[5.7676,50.19686],[5.76703,50.19684],[5.76704,50.19653],[5.76733,50.19624],[5.76754,50.19564],[5.76767,50.19513],[5.76762,50.19478],[5.76724,50.19379],[5.76647,50.19263],[5.76598,50.19213],[5.76559,50.19185],[5.76561,50.19162],[5.76576,50.19146],[5.76609,50.1914],[5.7688,50.19138],[5.76944,50.19121],[5.76997,50.19095],[5.77109,50.1907],[5.77166,50.19046],[5.77085,50.19029],[5.76946,50.18973],[5.76871,50.18959],[5.76968,50.18946],[5.77052,50.18922],[5.77165,50.18932],[5.77167,50.18888],[5.77185,50.18867],[5.77213,50.18856],[5.77293,50.18848],[5.77205,50.1883],[5.77139,50.18791],[5.77133,50.1877],[5.77165,50.18737],[5.77281,50.18692],[5.7733,50.18681],[5.77332,50.1865],[5.77293,50.18648],[5.77271,50.1863],[5.77266,50.18614],[5.77272,50.18576],[5.7729,50.18552],[5.7733,50.18598],[5.77373,50.186],[5.77434,50.18499],[5.77436,50.18457],[5.77446,50.18433],[5.77523,50.18377],[5.77503,50.18363],[5.77449,50.18349],[5.77452,50.18334],[5.77469,50.1833],[5.77588,50.18339],[5.77751,50.18282],[5.77832,50.1827],[5.7784,50.18239],[5.77872,50.1821],[5.77872,50.182],[5.77823,50.18181],[5.7788,50.18178],[5.77921,50.18162],[5.77931,50.18145],[5.77934,50.18096],[5.77955,50.1807],[5.78088,50.18146],[5.78093,50.18207],[5.78133,50.18262],[5.78117,50.18287],[5.7812,50.18308],[5.78187,50.183],[5.78206,50.18305],[5.78214,50.18317],[5.78213,50.18349],[5.78161,50.18431],[5.78167,50.1846],[5.78137,50.18548],[5.78146,50.18575],[5.78169,50.1858],[5.78288,50.18406]],[[5.7487,50.26515],[5.74842,50.26482],[5.74771,50.26459],[5.7474,50.26433],[5.74775,50.26401],[5.74783,50.26377],[5.74754,50.26284],[5.74766,50.2619],[5.74731,50.2615],[5.74743,50.26121],[5.74779,50.26117],[5.74801,50.26123],[5.74857,50.2621],[5.75031,50.26322],[5.75067,50.26394],[5.75096,50.26427],[5.75107,50.26471],[5.75137,50.26515]],[[5.7589,50.26515],[5.7589,50.26433],[5.75911,50.264],[5.76041,50.26334],[5.76079,50.26319],[5.76124,50.26312],[5.76189,50.26321],[5.76255,50.26348],[5.7627,50.26377],[5.76263,50.26419],[5.76268,50.26443],[5.76323,50.26515]],[[5.77228,50.26515],[5.77203,50.26457],[5.77254,50.26433],[5.77272,50.26398],[5.77255,50.2637],[5.77212,50.26346],[5.77155,50.26345],[5.77153,50.26353],[5.77174,50.26373],[5.7717,50.26378],[5.77067,50.26389],[5.76961,50.26381],[5.76858,50.26342],[5.76815,50.26346],[5.7675,50.26384],[5.76663,50.26376],[5.76504,50.26316],[5.76481,50.2627],[5.76481,50.26236],[5.76623,50.26072],[5.76693,50.26014],[5.76714,50.26008],[5.7675,50.26013],[5.76811,50.26078],[5.7697,50.26147],[5.76997,50.26189],[5.77123,50.26183],[5.77209,50.26152],[5.77258,50.26174],[5.77288,50.26224],[5.77327,50.26228],[5.77431,50.26183],[5.77503,50.26129],[5.77555,50.26055],[5.77564,50.26006],[5.7758,50.25986],[5.77592,50.25987],[5.77621,50.26015],[5.77684,50.26049],[5.77701,50.26075],[5.77699,50.26103],[5.77656,50.26203],[5.77597,50.26289],[5.77448,50.26405],[5.77438,50.26443],[5.77456,50.26515]],[[5.76872,50.26296],[5.76833,50.2629],[5.76815,50.26263],[5.76835,50.26255],[5.76874,50.26263],[5.76872,50.26296]],[[5.67913,50.26154],[5.6796,50.26153],[5.67913,50.26154]],[[5.67872,50.2613],[5.67856,50.26126],[5.67879,50.26125],[5.67872,50.2613]],[[5.67788,50.26105],[5.67775,50.26094],[5.67771,50.26051],[5.67787,50.26032],[5.678,50.26045],[5.67803,50.26086],[5.678,50.26098],[5.67788,50.26105]],[[5.67747,50.26033],[5.67728,50.26014],[5.67746,50.26008],[5.67768,50.26014],[5.67747,50.26033]],[[5.62538,50.25962],[5.62495,50.2593],[5.62548,50.25922],[5.6257,50.25935],[5.62582,50.25957],[5.62538,50.25962]],[[5.6233,50.25821],[5.62239,50.25766],[5.62206,50.25736],[5.6208,50.25681],[5.62049,50.25652],[5.61981,50.2563],[5.61929,50.25548],[5.61947,50.25496],[5.61939,50.25481],[5.61881,50.25453],[5.61777,50.25433],[5.61795,50.25409],[5.61791,50.25399],[5.61701,50.25382],[5.61652,50.25314],[5.61639,50.25277],[5.61647,50.2526],[5.61693,50.25234],[5.617,50.25204],[5.61685,50.25173],[5.61642,50.25123],[5.61604,50.25114],[5.61459,50.25158],[5.61413,50.25142],[5.61402,50.25117],[5.61422,50.2507],[5.61369,50.25073],[5.61348,50.25055],[5.61342,50.25041],[5.61347,50.25014],[5.61327,50.24987],[5.61331,50.24959],[5.61287,50.24934],[5.61288,50.24903],[5.61336,50.24872],[5.61377,50.2487],[5.61452,50.24886],[5.61495,50.24873],[5.61526,50.24843],[5.61523,50.24766],[5.61533,50.24737],[5.61598,50.24721],[5.61631,50.24726],[5.61649,50.24743],[5.61651,50.24766],[5.61665,50.24793],[5.61643,50.24849],[5.61705,50.24878],[5.61744,50.24814],[5.619,50.24734],[5.61992,50.24667],[5.62021,50.24624],[5.62026,50.24572],[5.6204,50.24543],[5.62109,50.24522],[5.62202,50.2453],[5.62307,50.24517],[5.62421,50.24529],[5.6264,50.24589],[5.62711,50.24596],[5.62785,50.24657],[5.62872,50.24701],[5.62906,50.24744],[5.62963,50.2476],[5.62966,50.24774],[5.62948,50.24826],[5.62953,50.24853],[5.62999,50.24865],[5.63067,50.24856],[5.63114,50.2486],[5.63172,50.24874],[5.63225,50.24902],[5.63235,50.24922],[5.63228,50.24937],[5.63042,50.25059],[5.62997,50.25098],[5.62953,50.25152],[5.62951,50.25203],[5.62957,50.25232],[5.63034,50.25298],[5.63032,50.25342],[5.63051,50.25381],[5.63056,50.25419],[5.6303,50.2546],[5.63055,50.25496],[5.63069,50.25534],[5.63061,50.25593],[5.63072,50.25638],[5.63063,50.25657],[5.63035,50.25672],[5.62947,50.25668],[5.62793,50.25711],[5.62682,50.25699],[5.62624,50.25701],[5.62573,50.25758],[5.62556,50.25795],[5.62512,50.25821],[5.62455,50.25828],[5.62375,50.25802],[5.6233,50.25821]],[[5.6308,50.25767],[5.6305,50.25764],[5.63104,50.25764],[5.6308,50.25767]],[[5.6683,50.25657],[5.66747,50.25598],[5.66689,50.25546],[5.66704,50.25486],[5.6674,50.25457],[5.66735,50.2543],[5.66746,50.25403],[5.66775,50.25436],[5.66859,50.25465],[5.66895,50.25523],[5.6689,50.25544],[5.66872,50.2557],[5.66966,50.25617],[5.66985,50.25645],[5.66974,50.2566],[5.66932,50.25671],[5.6688,50.25669],[5.6683,50.25657]],[[5.63163,50.25579],[5.63138,50.25551],[5.63141,50.2554],[5.63163,50.25536],[5.63176,50.25542],[5.63163,50.25579]],[[5.65788,50.25499],[5.65756,50.25485],[5.65734,50.25464],[5.6573,50.25447],[5.65739,50.25429],[5.65785,50.25433],[5.65831,50.25458],[5.65837,50.25491],[5.65788,50.25499]],[[5.65497,50.25467],[5.65407,50.25434],[5.65396,50.25416],[5.65397,50.25401],[5.65437,50.25383],[5.65483,50.25383],[5.65562,50.25422],[5.65576,50.25437],[5.65571,50.25457],[5.65549,50.25472],[5.65497,50.25467]],[[5.66372,50.24797],[5.66322,50.24778],[5.66312,50.24768],[5.66313,50.24758],[5.66339,50.24745],[5.66371,50.24753],[5.66377,50.24768],[5.66372,50.24797]],[[5.6458,50.24712],[5.64576,50.24708],[5.64588,50.24709],[5.6458,50.24712]],[[5.66372,50.24717],[5.66366,50.24709],[5.66372,50.24705],[5.66416,50.24707],[5.66372,50.24717]],[[5.5833,50.24691],[5.58305,50.24677],[5.58253,50.24624],[5.58247,50.24545],[5.58273,50.24514],[5.58305,50.24515],[5.58395,50.24542],[5.58442,50.24569],[5.58457,50.24596],[5.5838,50.24669],[5.5833,50.24691]],[[5.6208,50.24494],[5.62065,50.24487],[5.62085,50.24486],[5.6208,50.24494]],[[5.65705,50.24432],[5.65712,50.24407],[5.65748,50.24398],[5.65785,50.24406],[5.65832,50.24433],[5.65827,50.24441],[5.65796,50.24444],[5.65705,50.24432]],[[5.59747,50.243],[5.59715,50.24285],[5.59701,50.24269],[5.59702,50.2426],[5.59738,50.24243],[5.59757,50.24249],[5.59771,50.24283],[5.59747,50.243]],[[5.57788,50.23923],[5.5778,50.23901],[5.57788,50.23875],[5.57803,50.23901],[5.57788,50.23923]],[[5.61122,50.23908],[5.61118,50.23903],[5.61143,50.23904],[5.61122,50.23908]],[[5.6433,50.23865],[5.64306,50.23851],[5.64305,50.23836],[5.64326,50.23811],[5.64367,50.2379],[5.64409,50.23795],[5.64439,50.23822],[5.64433,50.23847],[5.64405,50.23864],[5.64369,50.23872],[5.6433,50.23865]],[[5.61205,50.2383],[5.61192,50.23821],[5.612,50.23813],[5.61231,50.23819],[5.61205,50.2383]],[[5.61538,50.23743],[5.61534,50.23736],[5.61549,50.23737],[5.61538,50.23743]],[[5.58122,50.23717],[5.58114,50.23708],[5.58124,50.23702],[5.58171,50.23709],[5.58158,50.23719],[5.58122,50.23717]],[[5.62705,50.23463],[5.62661,50.23404],[5.62704,50.23368],[5.6276,50.23362],[5.62869,50.23369],[5.62912,50.2338],[5.62915,50.23404],[5.62833,50.2346],[5.62705,50.23463]],[[5.6058,50.23198],[5.60539,50.2318],[5.60486,50.23131],[5.60483,50.23123],[5.60491,50.23108],[5.60515,50.23104],[5.60608,50.23125],[5.60624,50.23135],[5.6064,50.23159],[5.60636,50.23182],[5.6058,50.23198]],[[5.63997,50.22275],[5.63983,50.22261],[5.63989,50.22236],[5.64075,50.22137],[5.64211,50.22099],[5.64265,50.22098],[5.64243,50.22126],[5.64166,50.22183],[5.64114,50.22233],[5.64039,50.22265],[5.63997,50.22275]],[[5.62205,50.21563],[5.6219,50.2154],[5.62248,50.21542],[5.62205,50.21563]],[[5.58038,50.21523],[5.58035,50.21514],[5.58038,50.21523]],[[5.61372,50.21441],[5.61368,50.21426],[5.61386,50.21429],[5.61372,50.21441]],[[5.72913,50.21433],[5.72901,50.21384],[5.72915,50.2135],[5.73005,50.21348],[5.7296,50.2141],[5.72913,50.21433]],[[5.57872,50.21154],[5.57745,50.21123],[5.57791,50.21115],[5.57919,50.21126],[5.57898,50.21148],[5.57872,50.21154]],[[5.73122,50.2116],[5.73121,50.21152],[5.7316,50.21116],[5.73175,50.21121],[5.73164,50.21143],[5.73122,50.2116]],[[5.60455,50.20775],[5.60444,50.20765],[5.60451,50.20753],[5.60484,50.20763],[5.60455,50.20775]],[[5.60455,50.20626],[5.60515,50.20626],[5.60455,50.20626]],[[5.76455,50.20468],[5.76442,50.20434],[5.76463,50.20411],[5.76499,50.20403],[5.76547,50.2043],[5.76509,50.20465],[5.76455,50.20468]],[[5.76663,50.20434],[5.76659,50.20431],[5.76672,50.20431],[5.76663,50.20434]],[[5.63747,50.20409],[5.63705,50.20376],[5.63702,50.20346],[5.63713,50.20376],[5.63752,50.20401],[5.63747,50.20409]],[[5.64997,50.20256],[5.64987,50.20239],[5.64993,50.20229],[5.65025,50.20227],[5.65047,50.20236],[5.65036,50.20251],[5.64997,50.20256]],[[5.6083,50.20102],[5.60828,50.20094],[5.60837,50.20097],[5.6083,50.20102]],[[5.63288,50.2009],[5.63247,50.20064],[5.63208,50.20026],[5.63161,50.20018],[5.63157,50.20011],[5.63213,50.20002],[5.63291,50.19973],[5.63363,50.1997],[5.63382,50.19976],[5.63392,50.19996],[5.63374,50.20081],[5.63338,50.20091],[5.63288,50.2009]],[[5.71872,50.19882],[5.71855,50.19867],[5.71873,50.1981],[5.71918,50.19847],[5.71927,50.19872],[5.71915,50.19881],[5.71872,50.19882]],[[5.68413,50.19711],[5.68369,50.19692],[5.68308,50.1968],[5.68286,50.19654],[5.68337,50.19653],[5.68395,50.19674],[5.68461,50.19681],[5.68456,50.1971],[5.68413,50.19711]],[[5.63788,50.1947],[5.63766,50.19459],[5.63794,50.19456],[5.63788,50.1947]],[[5.76038,50.19461],[5.76034,50.19454],[5.76043,50.19434],[5.76087,50.19432],[5.76083,50.1946],[5.76038,50.19461]],[[5.64622,50.19379],[5.64598,50.19339],[5.64597,50.19305],[5.64605,50.19287],[5.64702,50.19236],[5.64743,50.19226],[5.6477,50.19235],[5.64773,50.19249],[5.64762,50.19266],[5.64694,50.19317],[5.64703,50.19339],[5.64727,50.19348],[5.64622,50.19379]],[[5.71247,50.19282],[5.71232,50.19266],[5.71244,50.19256],[5.71304,50.19264],[5.71247,50.19282]],[[5.69455,50.19238],[5.69445,50.19236],[5.69464,50.19236],[5.69455,50.19238]],[[5.70788,50.19249],[5.70778,50.19237],[5.70784,50.19224],[5.70801,50.19224],[5.70818,50.19235],[5.70788,50.19249]],[[5.64788,50.19214],[5.64788,50.19208],[5.64788,50.19214]],[[5.6883,50.1917],[5.68828,50.1915],[5.68869,50.19126],[5.68932,50.19153],[5.6889,50.19172],[5.6883,50.1917]],[[5.7008,50.19143],[5.70059,50.19123],[5.70113,50.19085],[5.7015,50.19082],[5.70181,50.19095],[5.70178,50.19106],[5.70126,50.19142],[5.7008,50.19143]],[[5.69372,50.19105],[5.69236,50.19068],[5.69275,50.19011],[5.69307,50.19008],[5.69368,50.19031],[5.69429,50.19097],[5.69413,50.19111],[5.69372,50.19105]],[[5.6258,50.19086],[5.62567,50.19072],[5.62579,50.19063],[5.62591,50.1907],[5.6258,50.19086]],[[5.61747,50.18991],[5.61695,50.18964],[5.61693,50.18954],[5.61726,50.18931],[5.61755,50.18921],[5.61821,50.18923],[5.6185,50.18935],[5.61849,50.18961],[5.61829,50.1899],[5.61791,50.19002],[5.61747,50.18991]],[[5.6733,50.18919],[5.67319,50.18898],[5.67329,50.18866],[5.6733,50.18919]],[[5.73497,50.18906],[5.73502,50.18903],[5.73497,50.18906]],[[5.6508,50.18876],[5.65125,50.18875],[5.6508,50.18876]],[[5.73122,50.18822],[5.73116,50.1882],[5.73128,50.1882],[5.73122,50.18822]],[[5.72663,50.18795],[5.72648,50.18788],[5.72663,50.18763],[5.72705,50.18769],[5.72734,50.1879],[5.72707,50.18802],[5.72663,50.18795]],[[5.72788,50.18798],[5.72763,50.18792],[5.728,50.18791],[5.72788,50.18798]],[[5.77788,50.18421],[5.7776,50.18388],[5.77755,50.18371],[5.77825,50.18303],[5.77895,50.18302],[5.77999,50.18321],[5.78004,50.18352],[5.77989,50.18376],[5.77956,50.18404],[5.77827,50.18422],[5.77788,50.18421]],[[5.75288,50.10994],[5.75268,50.10981],[5.7526,50.10961],[5.7529,50.10958],[5.75288,50.10994]],[[5.75538,50.10899],[5.75528,50.10881],[5.75532,50.10868],[5.75566,50.10874],[5.75564,50.10883],[5.75538,50.10899]]]}},{"type":"Feature","properties":{"ele":550},"geometry":{"type":"MultiLineString","coordinates":[[[5.66716,50.26515],[5.6675,50.26499],[5.66796,50.26493],[5.67155,50.26515]],[[5.69647,50.26515],[5.69621,50.26461],[5.69576,50.2641],[5.69492,50.26348],[5.69489,50.26319],[5.69569,50.26236],[5.69872,50.26015],[5.69792,50.26053],[5.69736,50.26068],[5.69625,50.26128],[5.69536,50.2614],[5.69377,50.26133],[5.69322,50.26104],[5.69093,50.26062],[5.68975,50.26018],[5.68958,50.25985],[5.68911,50.2596],[5.68875,50.25926],[5.6877,50.25858],[5.68746,50.25829],[5.68727,50.25759],[5.6874,50.25648],[5.68723,50.25619],[5.68663,50.2557],[5.68649,50.25541],[5.68635,50.25496],[5.68629,50.25399],[5.68558,50.25239],[5.68456,50.25232],[5.68408,50.25162],[5.68333,50.25124],[5.68208,50.25121],[5.6814,50.25101],[5.68079,50.25098],[5.68035,50.25076],[5.68037,50.25042],[5.68055,50.25013],[5.68232,50.24843],[5.68257,50.24756],[5.68247,50.24736],[5.68183,50.24705],[5.68247,50.24626],[5.68327,50.24567],[5.68385,50.24558],[5.68449,50.24513],[5.68639,50.24434],[5.68639,50.24426],[5.68609,50.24406],[5.68614,50.24399],[5.68661,50.24381],[5.68713,50.24387],[5.68756,50.24382],[5.68852,50.24351],[5.68852,50.24343],[5.68817,50.24334],[5.68713,50.24336],[5.68656,50.24346],[5.68579,50.2434],[5.68497,50.24378],[5.68241,50.24346],[5.68201,50.24365],[5.6808,50.24398],[5.68036,50.2443],[5.67959,50.2446],[5.67937,50.2449],[5.6777,50.24533],[5.67703,50.24567],[5.67666,50.24575],[5.67609,50.24563],[5.67451,50.24549],[5.67256,50.24483],[5.67182,50.24443],[5.67125,50.24429],[5.67048,50.24346],[5.66979,50.2437],[5.6691,50.24371],[5.66863,50.24382],[5.66849,50.24357],[5.66861,50.24322],[5.66996,50.24291],[5.67057,50.24209],[5.67123,50.24154],[5.67161,50.24109],[5.67208,50.24045],[5.67213,50.24023],[5.67208,50.23982],[5.67219,50.23909],[5.67212,50.23895],[5.67204,50.23893],[5.67166,50.23917],[5.67127,50.23902],[5.6708,50.23905],[5.67037,50.2387],[5.66996,50.23848],[5.66994,50.23791],[5.6701,50.23766],[5.67048,50.23738],[5.67047,50.23686],[5.67063,50.23641],[5.67053,50.23623],[5.66996,50.23598],[5.66979,50.23579],[5.66978,50.23568],[5.67007,50.23549],[5.67011,50.23534],[5.67004,50.23516],[5.66964,50.23488],[5.66955,50.23456],[5.66914,50.23465],[5.66859,50.23516],[5.66778,50.23542],[5.6686,50.23648],[5.66847,50.23746],[5.66858,50.2379],[5.66881,50.23819],[5.66871,50.23847],[5.66781,50.23904],[5.66728,50.23958],[5.6669,50.24013],[5.66663,50.24099],[5.66623,50.24128],[5.66529,50.24125],[5.66494,50.24162],[5.66455,50.24183],[5.66413,50.24182],[5.66359,50.24168],[5.66202,50.24185],[5.66192,50.24154],[5.66155,50.24135],[5.66122,50.24126],[5.66006,50.24121],[5.65972,50.24095],[5.65912,50.24071],[5.65747,50.24019],[5.65583,50.23986],[5.65558,50.23961],[5.65575,50.23947],[5.65733,50.23941],[5.65754,50.23936],[5.65759,50.23928],[5.65727,50.23885],[5.65692,50.23865],[5.65645,50.23863],[5.65552,50.23885],[5.65513,50.23877],[5.65513,50.23867],[5.65557,50.23818],[5.65581,50.23765],[5.65547,50.23733],[5.65479,50.23719],[5.65437,50.23721],[5.65327,50.2376],[5.65251,50.23797],[5.65153,50.23825],[5.65141,50.23821],[5.6514,50.23811],[5.65203,50.23734],[5.65215,50.23709],[5.65203,50.23695],[5.65161,50.23682],[5.65141,50.23653],[5.65078,50.23649],[5.6501,50.23674],[5.64915,50.23692],[5.64899,50.23683],[5.64879,50.2365],[5.64826,50.23631],[5.64814,50.2362],[5.64801,50.23579],[5.64832,50.23518],[5.6483,50.23488],[5.64781,50.23457],[5.64901,50.23366],[5.64994,50.23346],[5.65193,50.23347],[5.65322,50.23298],[5.65374,50.23293],[5.65398,50.23267],[5.65391,50.23256],[5.65276,50.23185],[5.6525,50.23115],[5.652,50.2307],[5.65289,50.23043],[5.65291,50.23013],[5.65214,50.22969],[5.6511,50.22933],[5.65124,50.22902],[5.65074,50.22854],[5.6508,50.2282],[5.64932,50.22793],[5.65037,50.22764],[5.65066,50.22739],[5.65081,50.2271],[5.6508,50.22682],[5.65031,50.22629],[5.6502,50.22589],[5.64992,50.22544],[5.65006,50.22512],[5.65021,50.22431],[5.65079,50.22374],[5.65135,50.22352],[5.65161,50.22319],[5.65276,50.22267],[5.65289,50.22254],[5.65332,50.22265],[5.65273,50.22219],[5.65267,50.22212],[5.65273,50.22206],[5.65411,50.22203],[5.65493,50.22211],[5.65573,50.22238],[5.6564,50.22238],[5.65659,50.22234],[5.65722,50.2218],[5.65739,50.22152],[5.65708,50.22112],[5.65622,50.22098],[5.65338,50.22085],[5.65161,50.22095],[5.65148,50.221],[5.65149,50.22131],[5.65122,50.22154],[5.65001,50.22183],[5.64911,50.2218],[5.64875,50.22212],[5.64827,50.22236],[5.64658,50.22264],[5.64663,50.22237],[5.64706,50.22209],[5.64661,50.22188],[5.6465,50.22145],[5.64659,50.22113],[5.64672,50.221],[5.64746,50.2207],[5.64845,50.21993],[5.64849,50.21965],[5.64826,50.2194],[5.64825,50.21928],[5.649,50.21927],[5.64917,50.21917],[5.64917,50.2186],[5.64952,50.21754],[5.64971,50.21652],[5.64957,50.21596],[5.64869,50.21536],[5.64749,50.21503],[5.64544,50.2149],[5.64445,50.21469],[5.64423,50.21456],[5.64398,50.21429],[5.64304,50.21402],[5.64259,50.21346],[5.64191,50.21322],[5.64215,50.21295],[5.64213,50.21271],[5.64207,50.21259],[5.64164,50.21242],[5.64163,50.2123],[5.64205,50.21209],[5.64227,50.21186],[5.64262,50.2111],[5.64263,50.21041],[5.64294,50.2099],[5.64298,50.20971],[5.6428,50.20931],[5.64291,50.20876],[5.64277,50.20843],[5.6433,50.20765],[5.64347,50.20718],[5.64345,50.20701],[5.6433,50.20681],[5.64332,50.2066],[5.64377,50.20575],[5.64382,50.2053],[5.644,50.20489],[5.64402,50.2044],[5.64435,50.20406],[5.64459,50.20398],[5.64577,50.2041],[5.64667,50.20443],[5.64755,50.20438],[5.64795,50.20445],[5.64827,50.20462],[5.64844,50.20486],[5.64787,50.20542],[5.64743,50.20569],[5.6474,50.20599],[5.6475,50.20623],[5.64828,50.20682],[5.64864,50.207],[5.64979,50.20667],[5.65057,50.2067],[5.65113,50.20687],[5.65209,50.2079],[5.65205,50.20819],[5.6516,50.20847],[5.65161,50.2088],[5.65186,50.20903],[5.65203,50.20937],[5.65247,50.2093],[5.65289,50.20975],[5.65304,50.21006],[5.65302,50.21017],[5.65288,50.21023],[5.6521,50.21026],[5.65197,50.21034],[5.65194,50.21045],[5.6521,50.21066],[5.65224,50.2112],[5.65314,50.21218],[5.65342,50.21264],[5.65352,50.21315],[5.65363,50.21332],[5.6541,50.21349],[5.65468,50.21351],[5.65583,50.21321],[5.65623,50.21294],[5.65635,50.21262],[5.65701,50.21235],[5.65778,50.21173],[5.65828,50.21151],[5.65858,50.21098],[5.65817,50.21071],[5.65788,50.21042],[5.65918,50.20985],[5.65923,50.20958],[5.65865,50.20939],[5.65796,50.20876],[5.65784,50.20844],[5.65796,50.20746],[5.65817,50.20681],[5.65838,50.20655],[5.65849,50.20621],[5.65903,50.20555],[5.65903,50.20541],[5.65884,50.20516],[5.65967,50.20487],[5.65998,50.20461],[5.66013,50.20432],[5.66059,50.20398],[5.66057,50.20374],[5.66039,50.20347],[5.65991,50.2032],[5.65981,50.20305],[5.65979,50.20284],[5.6599,50.20261],[5.66041,50.2023],[5.66076,50.20198],[5.66098,50.20191],[5.66173,50.20202],[5.66245,50.20239],[5.66325,50.20242],[5.66352,50.20235],[5.66384,50.20203],[5.66416,50.20017],[5.66415,50.19956],[5.66333,50.19973],[5.66286,50.19961],[5.66289,50.19954],[5.66345,50.19931],[5.66313,50.19876],[5.66088,50.19745],[5.66037,50.19738],[5.65979,50.19716],[5.65843,50.19699],[5.65794,50.19701],[5.65718,50.1972],[5.6562,50.1971],[5.65377,50.19647],[5.65307,50.19661],[5.6527,50.1966],[5.65242,50.19654],[5.65202,50.19626],[5.65204,50.19591],[5.65217,50.19575],[5.65244,50.19566],[5.65287,50.19577],[5.65335,50.19573],[5.65326,50.19543],[5.65331,50.19532],[5.65355,50.19511],[5.6539,50.195],[5.65457,50.19499],[5.65497,50.19525],[5.65498,50.19513],[5.65442,50.19465],[5.65442,50.19451],[5.6546,50.19437],[5.65502,50.19434],[5.65542,50.19416],[5.65623,50.19411],[5.65626,50.19401],[5.65592,50.19357],[5.65595,50.19345],[5.6561,50.19337],[5.65625,50.19335],[5.65658,50.19354],[5.65748,50.19376],[5.65714,50.19323],[5.65811,50.19271],[5.65838,50.19238],[5.65809,50.19197],[5.65815,50.19169],[5.65829,50.19153],[5.65968,50.19112],[5.66,50.19122],[5.66041,50.19161],[5.66123,50.19147],[5.6616,50.19241],[5.66182,50.19248],[5.66249,50.19241],[5.66288,50.19206],[5.66337,50.19185],[5.66372,50.19178],[5.66409,50.19183],[5.66447,50.19245],[5.66491,50.19262],[5.66532,50.19268],[5.66553,50.19287],[5.6655,50.19296],[5.66506,50.19321],[5.66487,50.19349],[5.66666,50.19385],[5.66795,50.19429],[5.66807,50.19457],[5.66802,50.19487],[5.66762,50.19526],[5.66703,50.19542],[5.6671,50.19569],[5.66705,50.19598],[5.66808,50.19572],[5.66834,50.19549],[5.66867,50.19535],[5.66913,50.19551],[5.66973,50.19523],[5.67114,50.19509],[5.67163,50.19516],[5.67206,50.1951],[5.67247,50.19529],[5.67249,50.19556],[5.67165,50.19555],[5.67125,50.19586],[5.6708,50.19598],[5.67281,50.19648],[5.67329,50.19647],[5.67406,50.19662],[5.67593,50.19662],[5.67667,50.19701],[5.67682,50.19737],[5.67705,50.19751],[5.67822,50.19778],[5.68022,50.19797],[5.68128,50.19866],[5.6828,50.19907],[5.68278,50.1993],[5.68248,50.19959],[5.68163,50.20015],[5.68065,50.20103],[5.6799,50.20147],[5.67924,50.20199],[5.67904,50.20199],[5.67888,50.20176],[5.67898,50.20154],[5.67924,50.20128],[5.67915,50.20121],[5.67872,50.20127],[5.67824,50.20123],[5.67701,50.20177],[5.67696,50.2021],[5.67654,50.20238],[5.6768,50.2024],[5.67705,50.20231],[5.67734,50.20263],[5.67769,50.20286],[5.67771,50.20295],[5.67725,50.20319],[5.67706,50.20349],[5.67627,50.20406],[5.67607,50.20428],[5.67596,50.20462],[5.67455,50.20487],[5.67411,50.20535],[5.67418,50.20597],[5.67395,50.20647],[5.67336,50.20665],[5.67322,50.2068],[5.67366,50.20726],[5.6739,50.20734],[5.67447,50.20729],[5.67477,50.20715],[5.67484,50.207],[5.67479,50.20656],[5.67498,50.20627],[5.67663,50.20513],[5.67823,50.20544],[5.67836,50.2057],[5.67813,50.20607],[5.67818,50.2063],[5.68051,50.20693],[5.68086,50.20708],[5.68121,50.20745],[5.68131,50.20705],[5.68036,50.20624],[5.68123,50.20587],[5.68149,50.20598],[5.68166,50.20623],[5.68181,50.2063],[5.68213,50.20639],[5.68246,50.20637],[5.68254,50.20597],[5.68189,50.20548],[5.68188,50.20539],[5.68201,50.20528],[5.68307,50.20532],[5.68419,50.20518],[5.6844,50.20492],[5.68443,50.20461],[5.68455,50.20458],[5.68467,50.20488],[5.68501,50.20512],[5.68523,50.20546],[5.68624,50.20552],[5.68668,50.20544],[5.68685,50.20524],[5.68684,50.20513],[5.68622,50.20472],[5.68597,50.20426],[5.68599,50.20403],[5.68624,50.20375],[5.68576,50.20393],[5.6854,50.20366],[5.68453,50.20349],[5.68435,50.20325],[5.68433,50.20298],[5.68453,50.20282],[5.6847,50.20291],[5.68473,50.20317],[5.68489,50.20326],[5.68546,50.20329],[5.68608,50.2032],[5.68513,50.20269],[5.68434,50.20203],[5.68422,50.20169],[5.68445,50.2013],[5.68494,50.20096],[5.68623,50.19984],[5.6876,50.20004],[5.68828,50.20031],[5.6889,50.20029],[5.69054,50.20096],[5.69054,50.20104],[5.69028,50.20125],[5.6904,50.20132],[5.69118,50.20134],[5.69208,50.20109],[5.69252,50.20069],[5.69338,50.20031],[5.69348,50.20011],[5.69324,50.19983],[5.69374,50.19959],[5.6933,50.19934],[5.69314,50.19912],[5.69318,50.19848],[5.69333,50.19845],[5.69406,50.19859],[5.69452,50.19848],[5.69473,50.19819],[5.69445,50.19795],[5.69446,50.19786],[5.69497,50.19781],[5.69513,50.19771],[5.69508,50.19735],[5.69517,50.19708],[5.69496,50.19682],[5.69495,50.19653],[5.69541,50.19665],[5.69619,50.19668],[5.69789,50.19603],[5.69869,50.19591],[5.69949,50.19593],[5.70038,50.19627],[5.70081,50.19625],[5.70122,50.19665],[5.70165,50.19681],[5.70196,50.19714],[5.70296,50.19728],[5.70388,50.1976],[5.70458,50.19772],[5.70583,50.19735],[5.70683,50.19792],[5.7069,50.19821],[5.70744,50.1988],[5.70791,50.19903],[5.70794,50.19935],[5.7067,50.19987],[5.70565,50.20015],[5.70498,50.20043],[5.70194,50.20208],[5.70016,50.2032],[5.69964,50.20361],[5.69908,50.20367],[5.69782,50.20399],[5.69773,50.20416],[5.69777,50.20453],[5.69766,50.20465],[5.69702,50.20473],[5.69531,50.20459],[5.69412,50.20487],[5.69369,50.20505],[5.69302,50.20561],[5.69296,50.20603],[5.69237,50.2068],[5.69217,50.20732],[5.6922,50.20749],[5.69236,50.2077],[5.69369,50.20851],[5.69509,50.20957],[5.69593,50.21007],[5.69633,50.21066],[5.69662,50.21077],[5.69707,50.21068],[5.69718,50.21092],[5.69714,50.21105],[5.69661,50.21127],[5.69696,50.21153],[5.69755,50.21161],[5.69795,50.21175],[5.69818,50.21204],[5.6984,50.2126],[5.70036,50.21285],[5.70078,50.21321],[5.7017,50.21344],[5.70147,50.21388],[5.70151,50.21406],[5.70176,50.21434],[5.70103,50.21488],[5.70097,50.2152],[5.7019,50.21703],[5.70246,50.21775],[5.70284,50.21797],[5.70395,50.21739],[5.70375,50.21704],[5.70377,50.21683],[5.70391,50.21652],[5.70417,50.21626],[5.70423,50.21593],[5.70445,50.21565],[5.70464,50.2156],[5.7051,50.21568],[5.70537,50.21598],[5.70583,50.21604],[5.7062,50.21568],[5.70746,50.21486],[5.70764,50.21458],[5.70794,50.21433],[5.70863,50.214],[5.70909,50.21369],[5.70935,50.21342],[5.70952,50.21309],[5.70949,50.21263],[5.70898,50.21162],[5.70807,50.21098],[5.7078,50.21054],[5.70787,50.20993],[5.7076,50.20954],[5.70702,50.20958],[5.70685,50.20999],[5.70697,50.21097],[5.7072,50.21122],[5.70717,50.2113],[5.70666,50.21143],[5.70625,50.21143],[5.70535,50.21097],[5.70522,50.21068],[5.70522,50.21016],[5.70493,50.20959],[5.70534,50.20951],[5.70556,50.20938],[5.70558,50.20927],[5.70536,50.20903],[5.70573,50.20859],[5.70594,50.20846],[5.70601,50.20826],[5.70557,50.2077],[5.70558,50.20738],[5.70531,50.20712],[5.70538,50.20699],[5.7058,50.20688],[5.70638,50.20659],[5.70665,50.20626],[5.70744,50.20594],[5.70854,50.20643],[5.70915,50.20641],[5.70918,50.20657],[5.70889,50.20687],[5.70897,50.20708],[5.70913,50.20717],[5.71006,50.20656],[5.71081,50.20626],[5.71247,50.20597],[5.71336,50.20625],[5.71287,50.20652],[5.71314,50.20688],[5.71462,50.20723],[5.71487,50.20707],[5.71472,50.20673],[5.71478,50.20654],[5.71512,50.20653],[5.71537,50.2067],[5.71573,50.20635],[5.71662,50.20613],[5.71701,50.20583],[5.71747,50.2057],[5.71834,50.20522],[5.71868,50.20485],[5.72006,50.20394],[5.72083,50.20402],[5.72077,50.2052],[5.72086,50.20534],[5.72106,50.20544],[5.72124,50.20545],[5.72329,50.2048],[5.72366,50.20495],[5.72467,50.20515],[5.72521,50.20546],[5.72533,50.20605],[5.7258,50.20653],[5.72599,50.2069],[5.7258,50.208],[5.72539,50.20914],[5.72542,50.20964],[5.72523,50.21006],[5.72474,50.21042],[5.72411,50.21069],[5.72317,50.2109],[5.72211,50.21089],[5.72169,50.21035],[5.72153,50.21035],[5.72117,50.21072],[5.72189,50.21099],[5.72154,50.21121],[5.72125,50.2119],[5.7203,50.21181],[5.72003,50.21184],[5.71981,50.21198],[5.71973,50.21214],[5.71973,50.21311],[5.7198,50.21321],[5.71997,50.21323],[5.72057,50.21299],[5.72062,50.21289],[5.72033,50.21262],[5.72067,50.21246],[5.72098,50.21245],[5.72133,50.21265],[5.72107,50.21292],[5.72166,50.213],[5.72245,50.21336],[5.72312,50.21354],[5.72372,50.21348],[5.7246,50.21373],[5.72496,50.21422],[5.72504,50.21457],[5.72499,50.21488],[5.72301,50.21532],[5.72191,50.21544],[5.7233,50.21611],[5.72442,50.21611],[5.72547,50.21626],[5.7253,50.21697],[5.72493,50.21736],[5.72483,50.21763],[5.72481,50.21822],[5.72499,50.21875],[5.72477,50.21926],[5.72487,50.21964],[5.72414,50.22024],[5.72369,50.22044],[5.72409,50.22072],[5.7258,50.22099],[5.72637,50.22044],[5.72663,50.22036],[5.72701,50.22044],[5.72732,50.22089],[5.72741,50.22128],[5.72782,50.22179],[5.7279,50.22206],[5.72809,50.22235],[5.72799,50.22273],[5.72808,50.22343],[5.72857,50.22409],[5.72856,50.22475],[5.72837,50.22516],[5.72809,50.22542],[5.72803,50.22572],[5.72788,50.22598],[5.72688,50.2263],[5.72725,50.2268],[5.72714,50.22746],[5.72745,50.22835],[5.72787,50.22853],[5.72835,50.22826],[5.72835,50.22752],[5.72881,50.22683],[5.73043,50.22627],[5.73071,50.22598],[5.73085,50.22538],[5.73027,50.22443],[5.73026,50.22419],[5.73035,50.22402],[5.73077,50.22372],[5.73133,50.22349],[5.73182,50.22235],[5.73303,50.22082],[5.73301,50.22065],[5.73222,50.2196],[5.73207,50.2195],[5.73159,50.21943],[5.73109,50.2188],[5.73072,50.21851],[5.73056,50.21763],[5.73079,50.21707],[5.73095,50.21734],[5.73114,50.21746],[5.73168,50.21738],[5.73272,50.2165],[5.73323,50.21594],[5.73413,50.21562],[5.73546,50.2155],[5.73803,50.21568],[5.73916,50.21594],[5.73953,50.21626],[5.74028,50.21657],[5.74049,50.21681],[5.74033,50.21711],[5.74079,50.21795],[5.74166,50.21813],[5.74432,50.21756],[5.74779,50.21696],[5.74854,50.21654],[5.74825,50.21638],[5.74821,50.21623],[5.74968,50.21609],[5.75005,50.21601],[5.75018,50.21589],[5.75026,50.21565],[5.75008,50.21527],[5.75005,50.21502],[5.75014,50.21482],[5.7504,50.2146],[5.75042,50.21404],[5.75,50.21346],[5.74953,50.21325],[5.74946,50.21295],[5.74956,50.21266],[5.74996,50.21235],[5.75041,50.21223],[5.75112,50.21224],[5.75128,50.21214],[5.75129,50.21174],[5.75071,50.21082],[5.75064,50.21046],[5.7499,50.21015],[5.7474,50.20959],[5.7471,50.20938],[5.74683,50.20909],[5.74669,50.20875],[5.7462,50.20849],[5.74613,50.20817],[5.74624,50.20811],[5.74676,50.20818],[5.74739,50.20811],[5.74791,50.20797],[5.74795,50.20785],[5.74762,50.20755],[5.74702,50.20742],[5.74661,50.20746],[5.74578,50.20776],[5.7454,50.20745],[5.74455,50.20709],[5.74441,50.20676],[5.74445,50.20645],[5.74454,50.20624],[5.74496,50.20598],[5.74544,50.20625],[5.74739,50.20639],[5.75036,50.20675],[5.75161,50.20636],[5.75255,50.20628],[5.75283,50.20632],[5.753,50.20656],[5.75303,50.20704],[5.75284,50.20788],[5.7529,50.20829],[5.75276,50.2094],[5.75286,50.20994],[5.75302,50.21001],[5.75372,50.20998],[5.75444,50.20956],[5.75489,50.20946],[5.75604,50.20947],[5.75706,50.20962],[5.75828,50.2087],[5.75874,50.20854],[5.76015,50.20889],[5.76103,50.20929],[5.76113,50.20937],[5.76121,50.20975],[5.76141,50.20954],[5.76172,50.20943],[5.76359,50.20947],[5.76463,50.20978],[5.76613,50.20976],[5.76659,50.20993],[5.76706,50.20996],[5.76828,50.20943],[5.76919,50.20933],[5.76932,50.20902],[5.76954,50.20875],[5.77076,50.20846],[5.77248,50.20821],[5.77288,50.20786],[5.77374,50.20765],[5.77457,50.20755],[5.77542,50.20711],[5.77538,50.20703],[5.7751,50.20698],[5.7746,50.20711],[5.77449,50.20707],[5.77446,50.20678],[5.77536,50.20664],[5.77549,50.20653],[5.77557,50.20629],[5.77509,50.20594],[5.77452,50.2059],[5.77412,50.20571],[5.77419,50.20537],[5.77416,50.20486],[5.77296,50.20505],[5.77246,50.20487],[5.77238,50.20459],[5.77253,50.20429],[5.77223,50.20379],[5.77187,50.2036],[5.77117,50.20348],[5.77094,50.20267],[5.77081,50.20251],[5.77051,50.20236],[5.77081,50.20211],[5.77098,50.20169],[5.77154,50.20118],[5.77291,50.20096],[5.77293,50.20068],[5.77229,50.20046],[5.77207,50.20012],[5.77171,50.19985],[5.77155,50.19909],[5.7716,50.1988],[5.7725,50.19874],[5.77304,50.19907],[5.77368,50.19989],[5.77412,50.20004],[5.77547,50.19876],[5.77707,50.19821],[5.77788,50.1978],[5.77872,50.19765],[5.77895,50.19715],[5.77832,50.19681],[5.77567,50.19635],[5.77442,50.19599],[5.77364,50.19571],[5.77384,50.19546],[5.77452,50.19525],[5.77578,50.19544],[5.77739,50.19533],[5.77795,50.19517],[5.77831,50.1947],[5.77864,50.19472],[5.77904,50.19487],[5.77916,50.19501],[5.77926,50.19541],[5.77905,50.19598],[5.77934,50.19629],[5.77944,50.19652],[5.77947,50.19676],[5.77935,50.19718],[5.77951,50.19769],[5.7796,50.19771],[5.77992,50.19749],[5.78015,50.19751],[5.7804,50.19762],[5.78051,50.19784],[5.7805,50.198],[5.78035,50.19822],[5.7809,50.19811],[5.78213,50.19871],[5.78201,50.1993],[5.78222,50.19958],[5.78218,50.19987],[5.782,50.20002],[5.78149,50.20015],[5.78131,50.2004],[5.78167,50.20044],[5.78214,50.20035],[5.78288,50.2005]],[[5.74239,50.26515],[5.74248,50.26458],[5.74229,50.26432],[5.74225,50.26412],[5.74238,50.26346],[5.74223,50.26316],[5.74147,50.2624],[5.74172,50.26214],[5.74171,50.262],[5.74158,50.26193],[5.7413,50.26202],[5.74109,50.26199],[5.74041,50.26153],[5.73991,50.26129],[5.73989,50.26095],[5.74047,50.26074],[5.74049,50.26061],[5.74038,50.26043],[5.73951,50.26029],[5.73937,50.26018],[5.73935,50.26006],[5.73952,50.25957],[5.73998,50.25877],[5.7433,50.25626],[5.7445,50.25661],[5.74495,50.25659],[5.74581,50.25626],[5.74566,50.25596],[5.74572,50.2557],[5.74623,50.25573],[5.74665,50.25587],[5.74715,50.25627],[5.74733,50.25659],[5.74746,50.25713],[5.74788,50.25765],[5.74946,50.25803],[5.74993,50.25828],[5.75081,50.2582],[5.75167,50.25867],[5.7529,50.25875],[5.75374,50.25903],[5.75385,50.25925],[5.75398,50.25932],[5.75418,50.25932],[5.75473,50.25913],[5.75624,50.25929],[5.75785,50.25902],[5.75854,50.25873],[5.76041,50.25738],[5.76082,50.25683],[5.7615,50.25622],[5.76202,50.25586],[5.76249,50.25571],[5.76272,50.2554],[5.7639,50.25492],[5.76515,50.25467],[5.76998,50.25436],[5.77135,50.25416],[5.77442,50.2539],[5.77866,50.2532],[5.77919,50.25323],[5.77959,50.2531],[5.78078,50.25291],[5.78182,50.25285],[5.78288,50.25289]],[[5.6958,50.26049],[5.69581,50.26041],[5.69628,50.26042],[5.6958,50.26049]],[[5.7533,50.25932],[5.75331,50.25927],[5.75344,50.2593],[5.7533,50.25932]],[[5.62497,50.25213],[5.62456,50.25209],[5.6237,50.25174],[5.62289,50.25153],[5.62277,50.25127],[5.6234,50.25114],[5.62355,50.25099],[5.62342,50.25069],[5.62385,50.25066],[5.62508,50.25124],[5.62519,50.25176],[5.62497,50.25213]],[[5.67705,50.25101],[5.67705,50.25091],[5.67786,50.25039],[5.67835,50.2507],[5.67791,50.25099],[5.67705,50.25101]],[[5.67913,50.24993],[5.67884,50.24983],[5.67903,50.24952],[5.68078,50.24843],[5.68087,50.24846],[5.68081,50.24877],[5.67964,50.24985],[5.67913,50.24993]],[[5.65205,50.24963],[5.65112,50.24931],[5.65078,50.24857],[5.65026,50.24796],[5.65023,50.24765],[5.65166,50.24747],[5.65293,50.24764],[5.65338,50.24792],[5.65337,50.24903],[5.65309,50.24956],[5.6526,50.24972],[5.65205,50.24963]],[[5.67538,50.24686],[5.67486,50.24636],[5.67486,50.2462],[5.67531,50.24609],[5.67571,50.24625],[5.67568,50.24655],[5.67538,50.24686]],[[5.6533,50.24627],[5.65192,50.2462],[5.6512,50.24598],[5.65063,50.2457],[5.65122,50.24537],[5.65163,50.24487],[5.65234,50.24466],[5.65296,50.24469],[5.65356,50.24487],[5.65389,50.2451],[5.65419,50.24569],[5.6542,50.24626],[5.6533,50.24627]],[[5.67622,50.24602],[5.67614,50.24597],[5.67631,50.24597],[5.67622,50.24602]],[[5.67038,50.24588],[5.66992,50.24545],[5.66993,50.24537],[5.6703,50.24529],[5.67055,50.2454],[5.67063,50.24568],[5.67038,50.24588]],[[5.66872,50.24524],[5.66827,50.24487],[5.66915,50.24429],[5.66924,50.24485],[5.66964,50.24515],[5.66872,50.24524]],[[5.68247,50.24378],[5.68232,50.24373],[5.68246,50.24364],[5.68253,50.24373],[5.68247,50.24378]],[[5.64955,50.24212],[5.64835,50.24142],[5.64781,50.24097],[5.64837,50.24091],[5.64881,50.24114],[5.65034,50.24155],[5.65081,50.24181],[5.65044,50.24214],[5.65015,50.24226],[5.64989,50.24227],[5.64955,50.24212]],[[5.65997,50.2416],[5.65978,50.24149],[5.6601,50.24132],[5.66039,50.24137],[5.6604,50.24157],[5.65997,50.2416]],[[5.6533,50.24051],[5.65325,50.24039],[5.65346,50.24014],[5.65409,50.23985],[5.65466,50.24013],[5.65452,50.2404],[5.65418,50.24045],[5.6538,50.24063],[5.65359,50.24063],[5.6533,50.24051]],[[5.65538,50.24058],[5.65516,50.24043],[5.65588,50.24042],[5.65538,50.24058]],[[5.65955,50.23936],[5.65958,50.23931],[5.65955,50.23936]],[[5.64747,50.23879],[5.64692,50.23847],[5.64661,50.23771],[5.64666,50.23735],[5.64636,50.2369],[5.64644,50.23673],[5.64694,50.23654],[5.64763,50.23652],[5.64775,50.23663],[5.64769,50.23714],[5.64778,50.23763],[5.64775,50.23791],[5.64795,50.23846],[5.64747,50.23879]],[[5.65122,50.23851],[5.65115,50.23847],[5.65121,50.23837],[5.65122,50.23851]],[[5.5908,50.23744],[5.59027,50.23712],[5.59011,50.23693],[5.59013,50.23645],[5.58958,50.23561],[5.58925,50.23489],[5.58957,50.2346],[5.58994,50.23448],[5.59145,50.23481],[5.59171,50.23477],[5.59192,50.23463],[5.5919,50.2345],[5.59163,50.23431],[5.59092,50.2339],[5.59043,50.23374],[5.59006,50.23346],[5.59006,50.23322],[5.59039,50.23292],[5.59013,50.23211],[5.59065,50.23151],[5.5908,50.23098],[5.59106,50.23069],[5.59197,50.23015],[5.5925,50.23005],[5.59268,50.23015],[5.59281,50.23037],[5.5927,50.23103],[5.59273,50.23134],[5.59287,50.23182],[5.59311,50.23225],[5.59329,50.23305],[5.59353,50.23343],[5.59329,50.23404],[5.59379,50.23407],[5.59413,50.23378],[5.59439,50.23342],[5.59458,50.23335],[5.59489,50.23369],[5.59505,50.23403],[5.5944,50.23431],[5.59709,50.23455],[5.59759,50.23486],[5.59769,50.23516],[5.59746,50.23547],[5.59712,50.23574],[5.59666,50.2358],[5.59588,50.23576],[5.59549,50.23592],[5.59495,50.23652],[5.59497,50.23682],[5.59378,50.23754],[5.59354,50.23756],[5.59324,50.23746],[5.59289,50.23707],[5.59199,50.23735],[5.5908,50.23744]],[[5.72955,50.23275],[5.72949,50.23264],[5.72955,50.23254],[5.72995,50.23246],[5.72997,50.23265],[5.72955,50.23275]],[[5.59497,50.23165],[5.59489,50.23153],[5.5949,50.23131],[5.59498,50.23101],[5.59508,50.23095],[5.59554,50.2309],[5.59577,50.231],[5.596,50.23125],[5.59587,50.23154],[5.59497,50.23165]],[[5.72913,50.23165],[5.72907,50.23153],[5.72921,50.23153],[5.72913,50.23165]],[[5.7283,50.23046],[5.7283,50.2304],[5.7283,50.23046]],[[5.6183,50.22882],[5.61706,50.22847],[5.61661,50.2285],[5.6158,50.22796],[5.61497,50.22761],[5.61317,50.22749],[5.61124,50.22721],[5.60955,50.22675],[5.60828,50.22616],[5.60737,50.22597],[5.6079,50.22583],[5.60836,50.22546],[5.6091,50.22515],[5.61246,50.22412],[5.61367,50.22358],[5.61413,50.2232],[5.61432,50.22289],[5.61499,50.22238],[5.61499,50.22203],[5.61466,50.22148],[5.61456,50.22116],[5.61455,50.22097],[5.61483,50.22066],[5.61539,50.22043],[5.61574,50.22013],[5.61656,50.21993],[5.61708,50.21991],[5.61755,50.21965],[5.61874,50.21938],[5.61989,50.21881],[5.62109,50.21879],[5.62182,50.21895],[5.62287,50.21951],[5.62327,50.21961],[5.62361,50.22015],[5.62443,50.22074],[5.62484,50.22079],[5.62598,50.22074],[5.62646,50.22091],[5.6265,50.22107],[5.62622,50.22154],[5.62598,50.22169],[5.62572,50.22177],[5.62532,50.22175],[5.62496,50.22192],[5.62406,50.22205],[5.62396,50.22244],[5.62311,50.22289],[5.62271,50.2235],[5.62259,50.22391],[5.62276,50.22447],[5.62273,50.22468],[5.62186,50.2261],[5.62169,50.22627],[5.6214,50.22632],[5.61989,50.22636],[5.61948,50.22645],[5.61937,50.22662],[5.61931,50.227],[5.61942,50.22808],[5.61935,50.22839],[5.61924,50.22852],[5.6189,50.22866],[5.6183,50.22882]],[[5.59413,50.22852],[5.59389,50.22845],[5.59583,50.2269],[5.59663,50.22655],[5.59702,50.2262],[5.59776,50.22597],[5.59804,50.22576],[5.59848,50.22496],[5.59821,50.22464],[5.59823,50.22447],[5.59853,50.22398],[5.5988,50.22327],[5.59917,50.22301],[5.60003,50.22311],[5.60085,50.22345],[5.6012,50.22432],[5.60186,50.22527],[5.60204,50.22573],[5.60237,50.22597],[5.6025,50.22618],[5.60284,50.22609],[5.60334,50.22582],[5.60417,50.22561],[5.60583,50.22569],[5.60591,50.22577],[5.6059,50.22599],[5.60561,50.22622],[5.60461,50.2266],[5.60292,50.22687],[5.60218,50.22725],[5.60074,50.22759],[5.59947,50.22807],[5.59812,50.2283],[5.5965,50.22802],[5.5951,50.2285],[5.59413,50.22852]],[[5.60288,50.2266],[5.60289,50.22652],[5.60288,50.2266]],[[5.60288,50.22377],[5.60307,50.22369],[5.604,50.22362],[5.60499,50.22368],[5.60571,50.22359],[5.60595,50.22373],[5.60447,50.22387],[5.60288,50.22377]],[[5.60163,50.22297],[5.60159,50.22288],[5.60166,50.22278],[5.6018,50.22291],[5.60163,50.22297]],[[5.64455,50.22274],[5.64442,50.22263],[5.64484,50.22255],[5.64607,50.22264],[5.64455,50.22274]],[[5.62997,50.22158],[5.62956,50.22146],[5.62914,50.22098],[5.62737,50.22069],[5.62775,50.22032],[5.62873,50.2199],[5.62912,50.21958],[5.62958,50.21942],[5.6314,50.21931],[5.6327,50.21913],[5.63299,50.21918],[5.6332,50.21934],[5.63325,50.21954],[5.63318,50.21982],[5.6327,50.22065],[5.63283,50.22114],[5.63273,50.22131],[5.63192,50.22165],[5.62997,50.22158]],[[5.6333,50.22163],[5.63327,50.22144],[5.63336,50.22135],[5.63384,50.22154],[5.6337,50.22169],[5.6333,50.22163]],[[5.63538,50.22098],[5.63538,50.2207],[5.63598,50.22066],[5.63639,50.22072],[5.63619,50.22113],[5.63538,50.22098]],[[5.5858,50.22029],[5.58487,50.21974],[5.58475,50.21963],[5.58474,50.2195],[5.58491,50.2193],[5.58611,50.21902],[5.58617,50.21891],[5.58616,50.21843],[5.58641,50.21798],[5.58699,50.21762],[5.58742,50.21759],[5.58793,50.21773],[5.58932,50.21779],[5.5904,50.21764],[5.59083,50.21789],[5.59143,50.21846],[5.59102,50.21876],[5.58987,50.21897],[5.58941,50.21923],[5.58882,50.21973],[5.5883,50.21996],[5.58781,50.22008],[5.58693,50.22011],[5.58619,50.22029],[5.5858,50.22029]],[[5.62372,50.2196],[5.62355,50.21959],[5.62409,50.21951],[5.62428,50.21958],[5.62372,50.2196]],[[5.62538,50.21905],[5.62531,50.21903],[5.62545,50.21902],[5.62538,50.21905]],[[5.73163,50.21434],[5.73156,50.21401],[5.7318,50.21374],[5.73308,50.2132],[5.73331,50.21301],[5.73372,50.21297],[5.73404,50.21263],[5.73418,50.21262],[5.73451,50.21279],[5.73474,50.21308],[5.73472,50.21324],[5.73435,50.21345],[5.7337,50.21403],[5.73163,50.21434]],[[5.63372,50.21406],[5.63328,50.21376],[5.63314,50.21322],[5.63315,50.21287],[5.63328,50.21262],[5.63375,50.21274],[5.63414,50.21248],[5.63427,50.21261],[5.63437,50.21293],[5.63496,50.21316],[5.635,50.21324],[5.63484,50.2136],[5.63441,50.21401],[5.63413,50.21412],[5.63372,50.21406]],[[5.73663,50.21369],[5.73612,50.2132],[5.73667,50.21316],[5.73748,50.21348],[5.73663,50.21369]],[[5.73913,50.21358],[5.73874,50.21346],[5.73827,50.21295],[5.73799,50.21215],[5.73805,50.21205],[5.73839,50.21201],[5.73954,50.21293],[5.74037,50.21286],[5.74051,50.21296],[5.74055,50.21342],[5.74037,50.21366],[5.74005,50.21369],[5.73913,50.21358]],[[5.63663,50.21273],[5.63648,50.21263],[5.63668,50.21251],[5.637,50.21249],[5.63712,50.21261],[5.63703,50.21275],[5.63663,50.21273]],[[5.6333,50.21225],[5.63295,50.2119],[5.63297,50.21156],[5.63329,50.21137],[5.63386,50.21134],[5.63415,50.21115],[5.63434,50.21126],[5.63436,50.21156],[5.63575,50.21193],[5.63594,50.21209],[5.63586,50.21224],[5.63562,50.21233],[5.63468,50.21223],[5.63406,50.21233],[5.6333,50.21225]],[[5.76038,50.2117],[5.7603,50.21156],[5.76035,50.21149],[5.76075,50.21145],[5.76093,50.21154],[5.76079,50.21169],[5.76038,50.2117]],[[5.6333,50.21099],[5.63321,50.21069],[5.6335,50.21045],[5.63348,50.21038],[5.63306,50.21014],[5.6324,50.20994],[5.63183,50.20964],[5.63074,50.20922],[5.63025,50.20911],[5.6295,50.20909],[5.62872,50.20875],[5.62834,50.20884],[5.62791,50.20912],[5.62732,50.20886],[5.62722,50.20873],[5.62736,50.20858],[5.62791,50.20848],[5.6277,50.20823],[5.62581,50.20665],[5.62525,50.20632],[5.62468,50.20619],[5.62369,50.20617],[5.62321,50.20625],[5.62374,50.2065],[5.62376,50.20677],[5.6233,50.20709],[5.62312,50.20712],[5.6228,50.2071],[5.62247,50.20658],[5.62219,50.2065],[5.62084,50.20642],[5.62003,50.20663],[5.61972,50.20708],[5.61902,50.20764],[5.61905,50.20825],[5.61899,50.20857],[5.61883,50.20903],[5.61851,50.20937],[5.6183,50.20991],[5.61791,50.20998],[5.61745,50.20989],[5.61652,50.20935],[5.61567,50.20853],[5.61544,50.20799],[5.61521,50.20767],[5.61486,50.20741],[5.61476,50.20718],[5.61479,50.20708],[5.61509,50.20684],[5.6149,50.20653],[5.61506,50.20628],[5.61636,50.20598],[5.61624,50.20588],[5.61571,50.20577],[5.61532,50.20542],[5.61566,50.20489],[5.61537,50.20434],[5.61545,50.20381],[5.6158,50.20348],[5.61639,50.20317],[5.6163,50.2027],[5.61632,50.20233],[5.61594,50.20181],[5.61665,50.20126],[5.61644,50.20082],[5.61629,50.20011],[5.61553,50.19933],[5.61516,50.19877],[5.61544,50.19795],[5.61581,50.19761],[5.61705,50.19737],[5.61757,50.19681],[5.61787,50.19662],[5.61817,50.19663],[5.619,50.19686],[5.61932,50.19706],[5.61944,50.19735],[5.6193,50.19768],[5.61895,50.19799],[5.61956,50.19862],[5.62062,50.19889],[5.62201,50.19905],[5.62272,50.19936],[5.62399,50.20015],[5.62455,50.20015],[5.62536,50.19998],[5.62627,50.20012],[5.62615,50.20096],[5.62647,50.2019],[5.62621,50.20237],[5.62684,50.2028],[5.62704,50.20328],[5.62744,50.20343],[5.62781,50.20345],[5.62916,50.20303],[5.62992,50.20289],[5.63044,50.20291],[5.63043,50.20351],[5.62995,50.20428],[5.62997,50.2046],[5.63145,50.20466],[5.63223,50.20477],[5.63312,50.20502],[5.63374,50.20534],[5.63458,50.20617],[5.63502,50.20677],[5.63493,50.20714],[5.63527,50.20798],[5.63515,50.20846],[5.63492,50.20875],[5.63496,50.20904],[5.63541,50.20924],[5.6363,50.20917],[5.63661,50.20921],[5.63672,50.2093],[5.63668,50.20946],[5.63658,50.20953],[5.63551,50.20936],[5.63499,50.20949],[5.63458,50.20942],[5.63437,50.20946],[5.63413,50.20959],[5.63411,50.20988],[5.63479,50.21038],[5.63483,50.21051],[5.63475,50.21068],[5.63454,50.21085],[5.63385,50.21082],[5.6333,50.21099]],[[5.67038,50.21088],[5.67024,50.21041],[5.66975,50.20985],[5.66955,50.2093],[5.67005,50.20919],[5.67155,50.20917],[5.67184,50.20926],[5.67189,50.2094],[5.67178,50.20959],[5.67114,50.20989],[5.67081,50.21071],[5.67038,50.21088]],[[5.63538,50.21046],[5.63529,50.21042],[5.63538,50.21046]],[[5.77163,50.21001],[5.7716,50.20982],[5.77179,50.20961],[5.77253,50.20941],[5.77257,50.20926],[5.77246,50.20903],[5.77277,50.20875],[5.77371,50.20846],[5.7742,50.20846],[5.7747,50.2087],[5.77475,50.20879],[5.77468,50.20905],[5.77497,50.20931],[5.77464,50.20916],[5.77448,50.20917],[5.77373,50.20994],[5.77291,50.2099],[5.77208,50.21003],[5.77163,50.21001]],[[5.70622,50.20971],[5.70593,50.20958],[5.70628,50.20949],[5.70638,50.20959],[5.70622,50.20971]],[[5.69788,50.20915],[5.69758,50.20899],[5.69738,50.20854],[5.6974,50.20844],[5.6978,50.20814],[5.69843,50.2081],[5.69904,50.20827],[5.69927,50.20848],[5.6993,50.20877],[5.69915,50.20905],[5.69848,50.20919],[5.69788,50.20915]],[[5.70747,50.20878],[5.7076,50.20876],[5.70747,50.20878]],[[5.72288,50.20881],[5.72287,50.20861],[5.72312,50.20851],[5.72338,50.20855],[5.72381,50.20876],[5.72354,50.20887],[5.72288,50.20881]],[[5.77538,50.20891],[5.77517,50.20875],[5.77509,50.20857],[5.77517,50.20845],[5.77536,50.2084],[5.77552,50.20843],[5.77559,50.20854],[5.77538,50.20891]],[[5.71163,50.20852],[5.71078,50.20792],[5.71207,50.20795],[5.71274,50.20819],[5.71298,50.20847],[5.71286,50.2086],[5.71255,50.20869],[5.71202,50.20853],[5.71163,50.20852]],[[5.62372,50.20846],[5.62357,50.20808],[5.62358,50.20771],[5.62371,50.20757],[5.62406,50.2075],[5.6263,50.20779],[5.62667,50.20791],[5.62713,50.2082],[5.62687,50.20833],[5.62656,50.20837],[5.62577,50.20812],[5.62458,50.20841],[5.62372,50.20846]],[[5.67372,50.20822],[5.67359,50.20805],[5.6736,50.20788],[5.67414,50.20753],[5.67417,50.20769],[5.67372,50.20822]],[[5.61663,50.20744],[5.6165,50.20737],[5.61676,50.20737],[5.61663,50.20744]],[[5.64163,50.20728],[5.64154,50.20708],[5.64165,50.20694],[5.64201,50.2069],[5.6422,50.20705],[5.64208,50.20721],[5.64163,50.20728]],[[5.77663,50.20661],[5.77648,50.20653],[5.77662,50.20647],[5.7768,50.20653],[5.77663,50.20661]],[[5.75622,50.20635],[5.75579,50.20619],[5.75535,50.20575],[5.75508,50.20563],[5.75455,50.2057],[5.75451,50.20512],[5.75513,50.20487],[5.75539,50.20459],[5.75509,50.20427],[5.75376,50.20374],[5.7536,50.20348],[5.75381,50.20333],[5.75493,50.20319],[5.75541,50.20295],[5.75565,50.20231],[5.75674,50.20162],[5.75686,50.20138],[5.75683,50.20114],[5.75667,50.20092],[5.75574,50.20074],[5.75539,50.20056],[5.75523,50.20034],[5.75503,50.19979],[5.75457,50.19931],[5.75294,50.19883],[5.75242,50.1985],[5.7523,50.19801],[5.75241,50.1976],[5.75265,50.19748],[5.75439,50.19736],[5.75504,50.1971],[5.75539,50.19673],[5.7558,50.19697],[5.7563,50.1969],[5.75663,50.19694],[5.7579,50.19754],[5.75821,50.19735],[5.75842,50.19679],[5.75911,50.19624],[5.75994,50.19623],[5.76087,50.19653],[5.76037,50.19681],[5.76025,50.19718],[5.7603,50.19749],[5.76038,50.19766],[5.76072,50.1978],[5.76154,50.19776],[5.76175,50.19787],[5.76195,50.19829],[5.76194,50.19929],[5.76207,50.1997],[5.76191,50.19985],[5.76119,50.19977],[5.76078,50.19986],[5.76059,50.20016],[5.76046,50.20058],[5.76047,50.20107],[5.76035,50.20153],[5.76054,50.20179],[5.76098,50.20209],[5.76139,50.20256],[5.76135,50.20301],[5.7617,50.20344],[5.76167,50.20378],[5.7614,50.20404],[5.76093,50.20409],[5.7596,50.20371],[5.75924,50.20375],[5.75916,50.20385],[5.75914,50.20406],[5.75875,50.2046],[5.75832,50.20498],[5.75702,50.20604],[5.75665,50.20626],[5.75622,50.20635]],[[5.7533,50.206],[5.75317,50.20598],[5.7533,50.206]],[[5.72288,50.20405],[5.72297,50.20403],[5.72288,50.20405]],[[5.72497,50.20405],[5.72461,50.20394],[5.72444,50.20378],[5.72434,50.20343],[5.72444,50.20316],[5.72497,50.20315],[5.72548,50.20343],[5.72538,50.20375],[5.72497,50.20405]],[[5.63413,50.20377],[5.63418,50.20375],[5.63413,50.20377]],[[5.67205,50.20323],[5.67201,50.20318],[5.67211,50.20315],[5.67252,50.2032],[5.67205,50.20323]],[[5.64288,50.20281],[5.64244,50.2024],[5.6425,50.20216],[5.64295,50.20223],[5.6438,50.20265],[5.64348,50.20277],[5.64288,50.20281]],[[5.72455,50.20279],[5.72439,50.20249],[5.7244,50.20232],[5.72457,50.20212],[5.72497,50.20193],[5.72529,50.20235],[5.72528,50.20256],[5.72502,50.20277],[5.72455,50.20279]],[[5.67497,50.2024],[5.67467,50.20237],[5.67501,50.20237],[5.67497,50.2024]],[[5.76955,50.20246],[5.76942,50.20233],[5.7696,50.20214],[5.77027,50.20236],[5.76999,50.20246],[5.76955,50.20246]],[[5.67872,50.20209],[5.67882,50.20209],[5.67872,50.20209]],[[5.70372,50.20183],[5.70374,50.20173],[5.70395,50.2018],[5.70372,50.20183]],[[5.72538,50.20197],[5.72507,50.20178],[5.72527,50.20154],[5.72597,50.20133],[5.72621,50.20097],[5.7268,50.20098],[5.72669,50.20128],[5.72617,50.2018],[5.72538,50.20197]],[[5.70413,50.20179],[5.7039,50.20156],[5.70408,50.20139],[5.70502,50.20153],[5.70452,50.2016],[5.70413,50.20179]],[[5.72372,50.20161],[5.72366,50.20152],[5.72374,50.20141],[5.72416,50.20154],[5.72372,50.20161]],[[5.77038,50.20045],[5.77033,50.20041],[5.77064,50.20042],[5.77038,50.20045]],[[5.7258,50.19993],[5.72563,50.19985],[5.72566,50.19968],[5.7261,50.19929],[5.72578,50.19904],[5.72568,50.19846],[5.7253,50.19795],[5.72536,50.19752],[5.72524,50.19709],[5.72541,50.1968],[5.72471,50.1965],[5.72417,50.19535],[5.72367,50.19505],[5.72345,50.19475],[5.72341,50.19434],[5.72399,50.19403],[5.72409,50.19368],[5.72562,50.19341],[5.72748,50.19377],[5.72865,50.19257],[5.729,50.19244],[5.72942,50.19241],[5.7301,50.19252],[5.7315,50.19294],[5.73255,50.19341],[5.73285,50.19365],[5.73314,50.19402],[5.73343,50.19407],[5.73371,50.19403],[5.734,50.19369],[5.73453,50.19346],[5.7347,50.19322],[5.73454,50.19292],[5.73472,50.19267],[5.73497,50.19249],[5.73551,50.19238],[5.73579,50.19209],[5.73652,50.19237],[5.73747,50.19237],[5.73758,50.19252],[5.73765,50.19322],[5.73695,50.19347],[5.73758,50.19376],[5.7374,50.19402],[5.73711,50.19422],[5.73529,50.19426],[5.73369,50.19469],[5.73292,50.19453],[5.73249,50.19458],[5.7321,50.1949],[5.73095,50.19515],[5.72997,50.1957],[5.72995,50.19598],[5.73054,50.19614],[5.73076,50.19629],[5.73088,50.19652],[5.73027,50.19731],[5.73001,50.19751],[5.72958,50.19754],[5.72907,50.19741],[5.72871,50.1971],[5.72856,50.19681],[5.72826,50.19668],[5.72706,50.19677],[5.72659,50.19695],[5.72646,50.19711],[5.72668,50.1973],[5.72789,50.19737],[5.72831,50.19765],[5.72796,50.19783],[5.72734,50.19776],[5.72621,50.19808],[5.72601,50.19819],[5.72613,50.19831],[5.72661,50.19839],[5.72796,50.19827],[5.72947,50.19835],[5.72998,50.1985],[5.72962,50.19934],[5.72916,50.19967],[5.72859,50.19972],[5.72709,50.19951],[5.72684,50.19958],[5.72683,50.19983],[5.72673,50.19991],[5.7258,50.19993]],[[5.62288,50.1991],[5.62276,50.19875],[5.62327,50.1986],[5.62405,50.19881],[5.62438,50.19903],[5.62423,50.19922],[5.624,50.19929],[5.62288,50.1991]],[[5.78247,50.19852],[5.78236,50.19848],[5.78253,50.19847],[5.78247,50.19852]],[[5.7608,50.19833],[5.76067,50.19818],[5.76081,50.19804],[5.76117,50.19805],[5.76134,50.19819],[5.7612,50.19829],[5.7608,50.19833]],[[5.6183,50.19795],[5.61815,50.19791],[5.61829,50.19786],[5.61846,50.19791],[5.6183,50.19795]],[[5.76163,50.19721],[5.76151,50.1971],[5.76162,50.19701],[5.76171,50.19708],[5.76163,50.19721]],[[5.70247,50.1969],[5.70238,50.19682],[5.70246,50.19675],[5.70251,50.19681],[5.70247,50.1969]],[[5.7808,50.19673],[5.78043,50.19645],[5.78036,50.19598],[5.78044,50.19565],[5.78036,50.19512],[5.7813,50.19494],[5.78223,50.19541],[5.7825,50.19566],[5.78252,50.19601],[5.78221,50.1963],[5.78135,50.19667],[5.7808,50.19673]],[[5.67497,50.1963],[5.67497,50.19624],[5.67497,50.1963]],[[5.72747,50.19629],[5.72737,50.19579],[5.7274,50.19568],[5.7275,50.19565],[5.72777,50.19575],[5.728,50.19601],[5.7279,50.19627],[5.72747,50.19629]],[[5.67288,50.19573],[5.67281,50.1957],[5.67288,50.19573]],[[5.73247,50.19576],[5.73231,50.19569],[5.73249,50.19565],[5.73253,50.1957],[5.73247,50.19576]],[[5.7283,50.19546],[5.72805,50.19542],[5.72783,50.19522],[5.72746,50.19512],[5.72788,50.19469],[5.72801,50.19517],[5.72882,50.19542],[5.7283,50.19546]],[[5.65413,50.1944],[5.65393,50.19431],[5.65412,50.19423],[5.65439,50.19431],[5.65413,50.1944]],[[5.72247,50.19433],[5.7224,50.19431],[5.72247,50.19433]],[[5.65372,50.19426],[5.65347,50.19411],[5.65344,50.19401],[5.65368,50.19393],[5.65388,50.19399],[5.65388,50.19411],[5.65372,50.19426]],[[5.78163,50.19413],[5.78144,50.194],[5.78163,50.19376],[5.78233,50.1936],[5.78258,50.1937],[5.78247,50.19404],[5.78163,50.19413]],[[5.72288,50.19266],[5.72289,50.19259],[5.72288,50.19266]]]}},{"type":"Feature","properties":{"ele":600},"geometry":{"type":"MultiLineString","coordinates":[[[5.71507,50.26515],[5.71437,50.26497],[5.7133,50.26487],[5.71267,50.26459],[5.7115,50.26449],[5.70958,50.26388],[5.70663,50.26355],[5.7064,50.26347],[5.70613,50.26319],[5.70577,50.26304],[5.70531,50.26305],[5.70458,50.26324],[5.70408,50.26322],[5.70356,50.26293],[5.70348,50.2626],[5.70311,50.26233],[5.70303,50.26207],[5.70338,50.26133],[5.70374,50.26103],[5.70488,50.26063],[5.7054,50.26057],[5.70578,50.26042],[5.70705,50.26058],[5.70723,50.2604],[5.70695,50.26012],[5.70719,50.25993],[5.70791,50.25992],[5.709,50.26028],[5.70921,50.26044],[5.70866,50.26099],[5.70916,50.26114],[5.71005,50.26119],[5.71122,50.26098],[5.71412,50.25971],[5.71499,50.25959],[5.71558,50.25937],[5.71572,50.25925],[5.71577,50.25902],[5.7166,50.25871],[5.71689,50.25818],[5.71661,50.25685],[5.71574,50.256],[5.71525,50.25573],[5.71495,50.25567],[5.71294,50.25639],[5.7126,50.25642],[5.71207,50.25625],[5.71167,50.25568],[5.70947,50.2555],[5.70775,50.25509],[5.70615,50.25491],[5.70571,50.25471],[5.70511,50.25485],[5.70512,50.25514],[5.70502,50.25521],[5.70414,50.25545],[5.70366,50.25547],[5.70235,50.25485],[5.70236,50.25457],[5.70296,50.25433],[5.70291,50.25402],[5.7021,50.25383],[5.70093,50.25334],[5.70012,50.25318],[5.69926,50.25286],[5.69817,50.25218],[5.69786,50.25214],[5.6965,50.25229],[5.69572,50.25212],[5.69627,50.25157],[5.69703,50.25124],[5.69735,50.25102],[5.69745,50.25086],[5.69737,50.25041],[5.69706,50.25014],[5.69661,50.24999],[5.6964,50.24954],[5.69624,50.24843],[5.69644,50.2476],[5.69665,50.24746],[5.69706,50.24777],[5.69741,50.24794],[5.69789,50.24797],[5.69817,50.2479],[5.69885,50.24721],[5.6993,50.24638],[5.69914,50.24542],[5.69867,50.24461],[5.69879,50.24434],[5.69917,50.24405],[5.70067,50.24361],[5.70114,50.2436],[5.70192,50.24378],[5.70245,50.2437],[5.70289,50.24383],[5.70372,50.24376],[5.70421,50.24358],[5.7044,50.24342],[5.70446,50.24318],[5.70434,50.2427],[5.70394,50.24187],[5.70306,50.24128],[5.70165,50.2413],[5.7008,50.2411],[5.69995,50.24072],[5.6998,50.24043],[5.70009,50.24019],[5.70009,50.24008],[5.69992,50.23996],[5.6995,50.23989],[5.69909,50.23933],[5.69833,50.23916],[5.69798,50.23916],[5.69786,50.23922],[5.69771,50.2396],[5.69731,50.23964],[5.69604,50.23903],[5.6952,50.2385],[5.6956,50.23822],[5.69565,50.23791],[5.69639,50.23728],[5.69636,50.23705],[5.69587,50.23676],[5.69631,50.23579],[5.69624,50.2354],[5.69574,50.23519],[5.69498,50.23467],[5.69467,50.23456],[5.69428,50.23424],[5.69354,50.23425],[5.69244,50.2339],[5.69239,50.23374],[5.69268,50.23315],[5.69257,50.23237],[5.69187,50.23222],[5.69112,50.23182],[5.69102,50.23153],[5.69135,50.23126],[5.69135,50.2311],[5.69088,50.23042],[5.69063,50.23021],[5.69003,50.22986],[5.68903,50.22989],[5.68876,50.22923],[5.68872,50.22875],[5.68824,50.22849],[5.68872,50.22792],[5.68802,50.22739],[5.68787,50.22733],[5.68699,50.22763],[5.6867,50.22795],[5.68626,50.22804],[5.68448,50.22712],[5.6837,50.22703],[5.68344,50.22732],[5.68353,50.22766],[5.68346,50.22789],[5.68298,50.22832],[5.68213,50.22857],[5.68037,50.22875],[5.68027,50.22901],[5.67983,50.22933],[5.67956,50.22977],[5.67906,50.22978],[5.67873,50.22987],[5.67842,50.23037],[5.67846,50.23048],[5.67892,50.23071],[5.67911,50.23127],[5.67953,50.23137],[5.67965,50.23159],[5.67959,50.23218],[5.67935,50.23273],[5.67914,50.23296],[5.67871,50.23292],[5.67872,50.23325],[5.67822,50.23341],[5.6779,50.23332],[5.67707,50.23289],[5.67679,50.23259],[5.67626,50.23178],[5.67447,50.23155],[5.67443,50.23135],[5.6745,50.23117],[5.67544,50.231],[5.67551,50.23079],[5.67547,50.23069],[5.67468,50.23088],[5.67442,50.23086],[5.6741,50.23071],[5.67431,50.2305],[5.67431,50.23037],[5.67371,50.23014],[5.67302,50.23044],[5.67202,50.23069],[5.67142,50.23101],[5.67117,50.23103],[5.67108,50.23082],[5.67111,50.23063],[5.67163,50.23014],[5.67171,50.22989],[5.67161,50.22972],[5.67109,50.22959],[5.6713,50.22933],[5.6712,50.22919],[5.66955,50.22915],[5.66873,50.22869],[5.66738,50.2285],[5.66692,50.22833],[5.6665,50.22827],[5.66531,50.22836],[5.66411,50.22874],[5.66338,50.22881],[5.66296,50.22905],[5.66259,50.22902],[5.66244,50.22875],[5.66307,50.22847],[5.66278,50.228],[5.66278,50.22788],[5.66376,50.22705],[5.66378,50.22652],[5.66333,50.22633],[5.66288,50.22626],[5.66297,50.22606],[5.66342,50.22582],[5.66373,50.22553],[5.66446,50.22538],[5.66496,50.22485],[5.66581,50.22541],[5.6661,50.22548],[5.66863,50.22562],[5.66923,50.22572],[5.66996,50.2257],[5.67024,50.22544],[5.67042,50.22505],[5.67076,50.2248],[5.67112,50.2247],[5.67124,50.22473],[5.67142,50.22512],[5.67161,50.22528],[5.67208,50.22482],[5.6737,50.22524],[5.67588,50.22547],[5.6783,50.22543],[5.67952,50.22532],[5.67994,50.22543],[5.68083,50.22544],[5.68202,50.22528],[5.68228,50.22468],[5.68226,50.22457],[5.68206,50.22447],[5.68159,50.22444],[5.6808,50.22403],[5.68062,50.22377],[5.68057,50.22354],[5.6808,50.22332],[5.68172,50.22308],[5.68244,50.22307],[5.68291,50.22325],[5.68336,50.22318],[5.68349,50.22298],[5.68348,50.22284],[5.68327,50.22241],[5.68272,50.22186],[5.68248,50.22125],[5.68126,50.22112],[5.68039,50.22065],[5.67973,50.22054],[5.67953,50.22059],[5.67937,50.22086],[5.67924,50.22117],[5.6792,50.22154],[5.6783,50.22154],[5.67831,50.22125],[5.67787,50.22098],[5.67794,50.22075],[5.67836,50.22047],[5.67858,50.22012],[5.67997,50.22014],[5.68041,50.22026],[5.68118,50.22031],[5.68377,50.22098],[5.68459,50.22111],[5.68472,50.22102],[5.68471,50.22094],[5.68379,50.22039],[5.68343,50.21992],[5.68353,50.21947],[5.68314,50.219],[5.68349,50.21846],[5.6838,50.21831],[5.68494,50.21805],[5.68712,50.21793],[5.68885,50.21767],[5.68947,50.21768],[5.69036,50.21793],[5.69108,50.21846],[5.69148,50.21916],[5.69155,50.21964],[5.69171,50.22002],[5.69196,50.22026],[5.69296,50.22023],[5.69416,50.22009],[5.695,50.22013],[5.69504,50.2204],[5.69495,50.22071],[5.69501,50.22101],[5.69398,50.22156],[5.69414,50.22177],[5.69459,50.22207],[5.69539,50.22236],[5.69547,50.22267],[5.69528,50.22293],[5.69525,50.22315],[5.69532,50.22331],[5.69552,50.22345],[5.69617,50.22357],[5.69653,50.22386],[5.69672,50.22391],[5.69719,50.22376],[5.69745,50.22319],[5.69758,50.22344],[5.69778,50.22354],[5.69911,50.22351],[5.69964,50.2232],[5.70033,50.22291],[5.70163,50.22287],[5.70287,50.22353],[5.70313,50.22374],[5.70307,50.22387],[5.70285,50.22397],[5.70203,50.22402],[5.70188,50.22425],[5.70192,50.22435],[5.70249,50.22434],[5.7029,50.22406],[5.70331,50.22394],[5.70495,50.2246],[5.70537,50.22489],[5.7054,50.22515],[5.70364,50.22571],[5.70306,50.22598],[5.70287,50.22625],[5.70374,50.22675],[5.70541,50.22699],[5.70666,50.22704],[5.70988,50.22689],[5.71006,50.22683],[5.71021,50.22663],[5.71014,50.22652],[5.70822,50.22641],[5.7075,50.2262],[5.7068,50.22575],[5.70631,50.22505],[5.70553,50.22483],[5.7058,50.22431],[5.70737,50.22427],[5.70754,50.2243],[5.70788,50.2246],[5.70812,50.22466],[5.70872,50.22459],[5.70873,50.22431],[5.7083,50.22397],[5.70782,50.22376],[5.70794,50.22354],[5.70815,50.22336],[5.70838,50.2233],[5.70917,50.22356],[5.70954,50.22331],[5.70974,50.22305],[5.70976,50.22294],[5.70967,50.22287],[5.70885,50.22279],[5.70859,50.22268],[5.70853,50.22252],[5.70856,50.22232],[5.70897,50.22179],[5.70835,50.22137],[5.70782,50.22126],[5.70766,50.22104],[5.70773,50.22093],[5.70833,50.22066],[5.70941,50.22072],[5.71021,50.22133],[5.71067,50.22141],[5.71097,50.22128],[5.71089,50.221],[5.71095,50.22086],[5.71145,50.22054],[5.71176,50.22047],[5.71242,50.22052],[5.71292,50.22037],[5.71335,50.22042],[5.7138,50.22059],[5.71395,50.22073],[5.71404,50.22104],[5.71442,50.2212],[5.7151,50.22111],[5.71577,50.22121],[5.71635,50.22104],[5.71684,50.22124],[5.71662,50.22154],[5.71856,50.22182],[5.71742,50.22236],[5.71499,50.22285],[5.71414,50.22293],[5.71354,50.22289],[5.71349,50.22298],[5.71372,50.22321],[5.71346,50.22352],[5.71312,50.22364],[5.71284,50.22362],[5.71267,50.22345],[5.71309,50.22292],[5.71218,50.22271],[5.71196,50.22274],[5.71167,50.22305],[5.71147,50.22348],[5.71075,50.22404],[5.71094,50.22432],[5.71164,50.22486],[5.71251,50.2254],[5.71248,50.22569],[5.71213,50.22583],[5.71162,50.22586],[5.71136,50.22597],[5.71108,50.22631],[5.71073,50.22654],[5.71075,50.22669],[5.71098,50.2268],[5.71286,50.22657],[5.71375,50.22668],[5.71457,50.22706],[5.71513,50.22762],[5.71534,50.22796],[5.71581,50.22847],[5.71704,50.22897],[5.71752,50.22947],[5.71837,50.22947],[5.71855,50.22987],[5.71831,50.23004],[5.71786,50.23007],[5.71782,50.23017],[5.71793,50.23029],[5.7191,50.23071],[5.72166,50.23085],[5.72296,50.23112],[5.72376,50.23151],[5.72406,50.23182],[5.72454,50.2324],[5.72497,50.23347],[5.72583,50.23366],[5.7266,50.23346],[5.72678,50.23352],[5.72693,50.23371],[5.72689,50.23384],[5.7262,50.23431],[5.72604,50.2345],[5.72604,50.23489],[5.72577,50.23564],[5.72506,50.23601],[5.72439,50.23625],[5.72472,50.23648],[5.72472,50.2366],[5.72447,50.23676],[5.72365,50.23704],[5.72329,50.23744],[5.72289,50.23765],[5.72269,50.23787],[5.72261,50.23825],[5.72242,50.23848],[5.72329,50.23904],[5.72377,50.2395],[5.72412,50.23963],[5.72501,50.23977],[5.7258,50.2402],[5.72625,50.23991],[5.7275,50.23987],[5.72813,50.23954],[5.72963,50.23912],[5.72987,50.23897],[5.7302,50.23845],[5.73039,50.23835],[5.73125,50.23868],[5.73205,50.23877],[5.73255,50.23872],[5.73335,50.23894],[5.7338,50.23924],[5.73386,50.23962],[5.73442,50.23983],[5.73541,50.23975],[5.73583,50.23931],[5.73529,50.23903],[5.73593,50.23893],[5.73671,50.23853],[5.73729,50.2386],[5.73784,50.23877],[5.73806,50.23899],[5.73821,50.23933],[5.73873,50.23942],[5.73882,50.23928],[5.73863,50.23905],[5.73854,50.23876],[5.73798,50.23845],[5.73803,50.23817],[5.73778,50.23783],[5.73788,50.23736],[5.73822,50.23742],[5.73846,50.23767],[5.73874,50.23777],[5.73897,50.23767],[5.73897,50.23736],[5.73928,50.23711],[5.73996,50.23681],[5.74052,50.23684],[5.7415,50.23707],[5.74289,50.23709],[5.74395,50.23674],[5.74475,50.23657],[5.74503,50.23633],[5.74539,50.23626],[5.74496,50.23598],[5.74541,50.23589],[5.7458,50.2357],[5.74629,50.23574],[5.74665,50.23516],[5.74672,50.23489],[5.74706,50.23459],[5.74869,50.234],[5.74913,50.23404],[5.74957,50.23456],[5.75005,50.23482],[5.75072,50.23478],[5.75156,50.23456],[5.752,50.23425],[5.75346,50.23382],[5.75352,50.23373],[5.75348,50.23343],[5.75394,50.23294],[5.75475,50.2327],[5.75478,50.23232],[5.75513,50.23181],[5.75543,50.23155],[5.75553,50.2311],[5.75576,50.23061],[5.75583,50.23011],[5.75452,50.22964],[5.75275,50.22941],[5.75135,50.22936],[5.74953,50.22959],[5.74743,50.23041],[5.74752,50.23099],[5.74715,50.23134],[5.7462,50.23121],[5.74597,50.2318],[5.74619,50.23212],[5.74645,50.23233],[5.74636,50.2325],[5.74609,50.23259],[5.74557,50.23256],[5.74496,50.23237],[5.74468,50.23263],[5.74466,50.23294],[5.74422,50.23322],[5.74305,50.23348],[5.74415,50.234],[5.74401,50.23429],[5.74354,50.23439],[5.74256,50.2344],[5.74206,50.2347],[5.7408,50.23491],[5.74026,50.23489],[5.73996,50.23476],[5.73954,50.23432],[5.73932,50.23384],[5.73916,50.2332],[5.73872,50.23292],[5.73765,50.23263],[5.73562,50.23231],[5.73528,50.23232],[5.73492,50.2325],[5.73412,50.23237],[5.73389,50.23208],[5.73337,50.23179],[5.73357,50.23152],[5.73477,50.23122],[5.73422,50.23061],[5.7337,50.22988],[5.73359,50.22957],[5.73356,50.22905],[5.73285,50.22875],[5.73443,50.22845],[5.73536,50.2279],[5.7367,50.22683],[5.73709,50.22626],[5.73657,50.22632],[5.73643,50.22597],[5.73621,50.22569],[5.73676,50.22555],[5.73718,50.22556],[5.73757,50.22568],[5.73791,50.22607],[5.73917,50.2262],[5.73943,50.22648],[5.73949,50.22684],[5.74036,50.22727],[5.74082,50.22722],[5.74171,50.22746],[5.74255,50.22725],[5.7441,50.22709],[5.74456,50.22662],[5.7453,50.22669],[5.74558,50.22659],[5.74598,50.226],[5.74628,50.22571],[5.74617,50.22538],[5.74688,50.22516],[5.747,50.22474],[5.74725,50.22484],[5.74736,50.22515],[5.74762,50.2251],[5.74767,50.22486],[5.74735,50.22457],[5.74803,50.22408],[5.74817,50.22377],[5.74795,50.22306],[5.74779,50.22298],[5.74747,50.223],[5.74744,50.2229],[5.74787,50.22286],[5.74844,50.22234],[5.74961,50.22211],[5.7494,50.2218],[5.74984,50.22165],[5.75119,50.22166],[5.75192,50.22174],[5.75253,50.22165],[5.75337,50.22072],[5.75346,50.22043],[5.75319,50.22014],[5.75367,50.21956],[5.75457,50.21958],[5.75509,50.21988],[5.75559,50.22072],[5.75541,50.22104],[5.75509,50.22125],[5.75583,50.2212],[5.7563,50.2214],[5.75671,50.22148],[5.7588,50.22135],[5.75936,50.22091],[5.7608,50.22027],[5.76132,50.22016],[5.76184,50.21985],[5.76374,50.21909],[5.76455,50.21848],[5.76496,50.21791],[5.7663,50.21803],[5.76672,50.21793],[5.76705,50.21764],[5.76743,50.21756],[5.76773,50.21762],[5.76806,50.21793],[5.76733,50.21846],[5.76753,50.21876],[5.76732,50.21909],[5.76741,50.21944],[5.76753,50.21948],[5.76781,50.21929],[5.76817,50.21924],[5.76885,50.2194],[5.76912,50.21931],[5.76947,50.21903],[5.77001,50.21883],[5.77044,50.21847],[5.76997,50.2182],[5.76899,50.21791],[5.76878,50.21764],[5.7687,50.21739],[5.76817,50.2171],[5.76828,50.2168],[5.76876,50.21657],[5.76948,50.21608],[5.77001,50.21599],[5.77068,50.21565],[5.77214,50.21532],[5.77254,50.21516],[5.77284,50.21485],[5.77337,50.21485],[5.77339,50.21555],[5.77331,50.21599],[5.77312,50.21631],[5.77296,50.21685],[5.77233,50.21708],[5.77202,50.21735],[5.77192,50.21756],[5.77191,50.21773],[5.7721,50.21819],[5.77202,50.21845],[5.77205,50.21876],[5.7722,50.21912],[5.77215,50.21957],[5.772,50.21986],[5.77155,50.22008],[5.77083,50.22015],[5.77031,50.22034],[5.76896,50.22042],[5.76871,50.22058],[5.76833,50.22039],[5.76802,50.21988],[5.7677,50.21971],[5.76713,50.21971],[5.76682,50.21982],[5.76673,50.21996],[5.76689,50.22021],[5.76827,50.22071],[5.76874,50.2207],[5.76915,50.22057],[5.76947,50.22097],[5.76998,50.22114],[5.77025,50.22141],[5.77032,50.22162],[5.77019,50.22185],[5.76914,50.22246],[5.76912,50.22272],[5.76928,50.22293],[5.76945,50.22346],[5.76907,50.22376],[5.76953,50.22357],[5.77003,50.22367],[5.77062,50.22332],[5.77082,50.22331],[5.77081,50.22404],[5.77061,50.22437],[5.7709,50.22537],[5.77107,50.22557],[5.77128,50.22562],[5.77151,50.22541],[5.77174,50.22436],[5.77205,50.22387],[5.77224,50.22405],[5.77318,50.22455],[5.77316,50.22467],[5.77286,50.2249],[5.77322,50.22504],[5.77384,50.22513],[5.77337,50.22552],[5.77207,50.22598],[5.77165,50.22633],[5.77136,50.22622],[5.77122,50.22581],[5.7708,50.22597],[5.77132,50.22647],[5.77132,50.22658],[5.77108,50.22681],[5.77138,50.22705],[5.77142,50.22739],[5.77157,50.22762],[5.77246,50.22769],[5.77302,50.22745],[5.77374,50.22738],[5.77417,50.22725],[5.77567,50.22723],[5.77624,50.2271],[5.77641,50.22688],[5.77636,50.22678],[5.77541,50.22678],[5.77493,50.22653],[5.77534,50.22631],[5.77619,50.22604],[5.77663,50.2257],[5.77679,50.2252],[5.7771,50.22491],[5.77717,50.22461],[5.77768,50.22412],[5.77765,50.22396],[5.77742,50.22376],[5.77746,50.22347],[5.77786,50.22339],[5.77824,50.22342],[5.77834,50.2235],[5.77846,50.22384],[5.77846,50.22436],[5.7789,50.22516],[5.77911,50.22641],[5.77958,50.22706],[5.78015,50.22719],[5.78202,50.22689],[5.78288,50.227]],[[5.73677,50.26515],[5.73714,50.26483],[5.73619,50.26472],[5.73531,50.2648],[5.73464,50.26454],[5.73393,50.26404],[5.7321,50.26234],[5.7316,50.26208],[5.73129,50.26176],[5.73118,50.2615],[5.73126,50.26125],[5.73151,50.26098],[5.73242,50.26066],[5.73288,50.26064],[5.73363,50.26083],[5.73388,50.26075],[5.73391,50.26064],[5.7338,50.26037],[5.73387,50.25996],[5.73442,50.25916],[5.73449,50.25874],[5.73497,50.25822],[5.73603,50.25762],[5.73656,50.25708],[5.73705,50.25682],[5.73725,50.25662],[5.73742,50.25634],[5.73746,50.25598],[5.73797,50.25574],[5.73807,50.25561],[5.73808,50.25538],[5.73781,50.25514],[5.73794,50.255],[5.73821,50.25484],[5.73937,50.25448],[5.74097,50.25428],[5.74211,50.25351],[5.7415,50.25324],[5.74144,50.25308],[5.74151,50.25288],[5.7421,50.25242],[5.74281,50.25213],[5.74405,50.25225],[5.74499,50.25188],[5.74577,50.25181],[5.74676,50.25189],[5.74791,50.25181],[5.74916,50.2519],[5.75037,50.25237],[5.75084,50.25267],[5.7524,50.25322],[5.75329,50.25351],[5.75515,50.2539],[5.75584,50.25381],[5.75659,50.25358],[5.7575,50.25317],[5.75838,50.25293],[5.75956,50.25244],[5.75987,50.25212],[5.76029,50.25145],[5.76039,50.25126],[5.76033,50.25089],[5.76001,50.2504],[5.75955,50.25043],[5.75886,50.24988],[5.75993,50.24983],[5.76016,50.24968],[5.76016,50.24951],[5.7599,50.24932],[5.7589,50.24915],[5.75856,50.24921],[5.75824,50.24946],[5.75761,50.24934],[5.75742,50.24907],[5.75753,50.24875],[5.75661,50.24836],[5.75606,50.24798],[5.75578,50.24764],[5.75596,50.24734],[5.75704,50.2468],[5.75718,50.24617],[5.75729,50.24598],[5.75812,50.24555],[5.75873,50.24542],[5.75853,50.24457],[5.75901,50.2427],[5.75886,50.242],[5.75914,50.24155],[5.76021,50.24099],[5.76083,50.24091],[5.76237,50.24043],[5.7626,50.23989],[5.76295,50.23962],[5.76282,50.2393],[5.76304,50.23904],[5.76326,50.23849],[5.76348,50.23826],[5.76381,50.2381],[5.76468,50.23808],[5.76523,50.23795],[5.76469,50.23752],[5.76463,50.23739],[5.7647,50.23729],[5.76548,50.23682],[5.7664,50.23668],[5.76714,50.23643],[5.76749,50.23627],[5.7675,50.23591],[5.76786,50.23575],[5.76831,50.23572],[5.76852,50.23493],[5.76905,50.23428],[5.76947,50.23413],[5.76983,50.23417],[5.77041,50.23456],[5.77121,50.2348],[5.77161,50.23519],[5.77201,50.23509],[5.77229,50.23488],[5.77235,50.23468],[5.77223,50.2345],[5.77153,50.23432],[5.77149,50.23404],[5.77127,50.23391],[5.77031,50.23382],[5.77026,50.23373],[5.7704,50.23362],[5.77093,50.2335],[5.77244,50.23289],[5.77312,50.23275],[5.77572,50.2325],[5.77671,50.23258],[5.77952,50.23225],[5.78,50.23212],[5.7804,50.23182],[5.78116,50.23151],[5.78288,50.23109]],[[5.73663,50.2633],[5.73622,50.26292],[5.73666,50.2629],[5.73674,50.26317],[5.73663,50.2633]],[[5.73497,50.26195],[5.73471,50.26181],[5.73461,50.26162],[5.7347,50.26145],[5.73496,50.26126],[5.73536,50.26127],[5.73584,50.26153],[5.73579,50.26184],[5.73536,50.26199],[5.73497,50.26195]],[[5.74372,50.25298],[5.74374,50.25287],[5.74408,50.25256],[5.74459,50.25264],[5.74425,50.25295],[5.74372,50.25298]],[[5.7633,50.24971],[5.76307,50.24956],[5.76311,50.24926],[5.76332,50.24904],[5.76373,50.24901],[5.76389,50.24936],[5.76391,50.24958],[5.76371,50.2497],[5.7633,50.24971]],[[5.76622,50.24241],[5.766,50.24237],[5.76627,50.24236],[5.76622,50.24241]],[[5.73497,50.241],[5.73436,50.2407],[5.7347,50.24068],[5.73508,50.24097],[5.73497,50.241]],[[5.76538,50.24101],[5.76512,50.24065],[5.76496,50.24015],[5.76536,50.23993],[5.76604,50.23993],[5.76706,50.24011],[5.76738,50.24037],[5.76705,50.241],[5.76656,50.24107],[5.76538,50.24101]],[[5.7258,50.23996],[5.72574,50.23988],[5.72578,50.23982],[5.72606,50.23986],[5.7258,50.23996]],[[5.6808,50.2396],[5.68052,50.23957],[5.68047,50.23935],[5.68113,50.23917],[5.68135,50.23925],[5.68135,50.23937],[5.68118,50.23952],[5.6808,50.2396]],[[5.73122,50.23975],[5.73102,50.23964],[5.73102,50.23954],[5.73124,50.23947],[5.73143,50.23956],[5.73122,50.23975]],[[5.73288,50.23964],[5.73274,50.23958],[5.73297,50.2395],[5.7335,50.23958],[5.73288,50.23964]],[[5.68163,50.23922],[5.68138,50.23904],[5.68164,50.23876],[5.68132,50.23843],[5.68145,50.23794],[5.68139,50.23763],[5.6819,50.23686],[5.68193,50.23652],[5.68251,50.23627],[5.68254,50.23604],[5.68264,50.23593],[5.68307,50.2358],[5.68348,50.2359],[5.68358,50.23601],[5.68361,50.23629],[5.68412,50.23653],[5.68481,50.23652],[5.68438,50.23607],[5.68413,50.23563],[5.68338,50.23522],[5.68281,50.23519],[5.68255,50.23509],[5.68233,50.2349],[5.68219,50.23458],[5.68187,50.23435],[5.68191,50.23428],[5.68277,50.23403],[5.6853,50.23384],[5.68614,50.23368],[5.68666,50.23349],[5.68697,50.23316],[5.68737,50.23291],[5.68791,50.23282],[5.68984,50.23319],[5.69082,50.2333],[5.69119,50.23348],[5.69181,50.23363],[5.69245,50.23405],[5.69254,50.2342],[5.69263,50.23489],[5.69251,50.23517],[5.6922,50.23492],[5.69219,50.2346],[5.69196,50.23461],[5.69199,50.23521],[5.69216,50.23546],[5.6921,50.23571],[5.69122,50.23598],[5.69076,50.23593],[5.69031,50.23649],[5.68993,50.23678],[5.6899,50.23732],[5.68978,50.23761],[5.68921,50.23794],[5.68833,50.23805],[5.68748,50.23827],[5.68635,50.23834],[5.68557,50.23865],[5.68457,50.23869],[5.68372,50.23904],[5.68218,50.23912],[5.68163,50.23922]],[[5.69872,50.23876],[5.69829,50.23845],[5.69872,50.23847],[5.69872,50.23876]],[[5.76455,50.23879],[5.76432,50.23851],[5.76453,50.23834],[5.76471,50.2384],[5.76479,50.23854],[5.76468,50.23874],[5.76455,50.23879]],[[5.72163,50.23711],[5.72156,50.23708],[5.72207,50.23678],[5.72163,50.23711]],[[5.78288,50.23712],[5.78255,50.23727],[5.78234,50.23726],[5.78204,50.23711],[5.78193,50.2368],[5.78205,50.23624],[5.78244,50.23591],[5.78288,50.23594]],[[5.68538,50.2366],[5.6851,50.23653],[5.68563,50.23653],[5.68538,50.2366]],[[5.69163,50.23662],[5.69148,50.23653],[5.69157,50.23643],[5.69189,50.23652],[5.69163,50.23662]],[[5.71997,50.23629],[5.71987,50.23617],[5.71988,50.23573],[5.71996,50.23557],[5.72018,50.23541],[5.72023,50.23509],[5.72089,50.23473],[5.72166,50.23448],[5.72212,50.23459],[5.72233,50.23533],[5.72282,50.23598],[5.72292,50.23624],[5.72265,50.23644],[5.72229,50.23652],[5.71997,50.23629]],[[5.68788,50.23607],[5.6875,50.23584],[5.68739,50.23567],[5.68738,50.23542],[5.68763,50.23512],[5.68705,50.23487],[5.68705,50.23459],[5.68834,50.23418],[5.68878,50.2343],[5.68917,50.23451],[5.68975,50.23459],[5.68935,50.23512],[5.68969,50.23546],[5.68972,50.2357],[5.68788,50.23607]],[[5.76747,50.23547],[5.76746,50.23539],[5.76747,50.23547]],[[5.6883,50.23492],[5.68817,50.23462],[5.68832,50.2345],[5.68873,50.23443],[5.68902,50.23465],[5.689,50.23484],[5.68882,50.23497],[5.6883,50.23492]],[[5.77663,50.23486],[5.77636,50.23456],[5.77532,50.23442],[5.77509,50.23375],[5.77494,50.2335],[5.77498,50.23329],[5.7753,50.23327],[5.77571,50.23345],[5.77618,50.23377],[5.77637,50.23406],[5.77696,50.23438],[5.77711,50.23455],[5.77707,50.23474],[5.77663,50.23486]],[[5.78288,50.23443],[5.78236,50.23432],[5.7821,50.23399],[5.78161,50.23377],[5.7815,50.23351],[5.78161,50.2334],[5.78202,50.23338],[5.78288,50.23365]],[[5.67663,50.23376],[5.67506,50.23347],[5.67488,50.23323],[5.67487,50.23294],[5.6751,50.23289],[5.67582,50.23292],[5.67722,50.23349],[5.67712,50.23376],[5.67663,50.23376]],[[5.72538,50.23155],[5.72495,50.23151],[5.72473,50.23127],[5.72471,50.23107],[5.72521,50.23034],[5.72572,50.22975],[5.72587,50.22972],[5.72612,50.22989],[5.72633,50.23034],[5.72664,50.23067],[5.72678,50.23123],[5.72668,50.23139],[5.7265,50.23146],[5.72538,50.23155]],[[5.68038,50.23107],[5.68012,50.23094],[5.6801,50.23069],[5.67995,50.23043],[5.68033,50.23026],[5.68043,50.2303],[5.68059,50.23075],[5.68055,50.23097],[5.68038,50.23107]],[[5.67622,50.23082],[5.676,50.2307],[5.67635,50.23061],[5.67694,50.23071],[5.67666,50.23085],[5.67622,50.23082]],[[5.66913,50.22989],[5.66868,50.22967],[5.66811,50.22961],[5.66787,50.22931],[5.66831,50.22925],[5.66873,50.22943],[5.66913,50.22926],[5.66965,50.22956],[5.66961,50.22987],[5.66913,50.22989]],[[5.67997,50.22999],[5.67966,50.22985],[5.67997,50.22975],[5.68005,50.22987],[5.67997,50.22999]],[[5.76913,50.22789],[5.76862,50.22738],[5.76856,50.22706],[5.76916,50.22655],[5.76932,50.22625],[5.76998,50.22621],[5.77,50.22683],[5.76972,50.22711],[5.76953,50.22757],[5.76913,50.22789]],[[5.6808,50.22749],[5.68068,50.22735],[5.68092,50.22734],[5.6808,50.22749]],[[5.76997,50.22575],[5.7698,50.22569],[5.76997,50.22565],[5.76997,50.22575]],[[5.76955,50.22521],[5.76946,50.22515],[5.77004,50.22515],[5.76991,50.22524],[5.76955,50.22521]],[[5.67538,50.22494],[5.67497,50.22473],[5.67444,50.22466],[5.67437,50.22454],[5.67459,50.22441],[5.67541,50.22446],[5.67666,50.22417],[5.67775,50.22421],[5.67804,50.22431],[5.67706,50.22468],[5.6758,50.22495],[5.67538,50.22494]],[[5.67413,50.22449],[5.67389,50.22429],[5.67416,50.22412],[5.67439,50.22432],[5.67413,50.22449]],[[5.70955,50.22434],[5.7095,50.2243],[5.70962,50.22431],[5.70955,50.22434]],[[5.67372,50.22421],[5.6736,50.22402],[5.67398,50.22404],[5.67372,50.22421]],[[5.7008,50.22407],[5.69974,50.22376],[5.70015,50.22367],[5.70083,50.22374],[5.70096,50.22399],[5.7008,50.22407]],[[5.74663,50.22405],[5.74668,50.22403],[5.74663,50.22405]],[[5.74705,50.22382],[5.74698,50.22374],[5.74708,50.22374],[5.74705,50.22382]],[[5.77247,50.22391],[5.77207,50.22374],[5.77199,50.22343],[5.77205,50.22317],[5.7725,50.2228],[5.77276,50.22298],[5.77285,50.22343],[5.77277,50.22373],[5.77247,50.22391]],[[5.7033,50.22358],[5.70316,50.22348],[5.70328,50.22339],[5.70336,50.22347],[5.7033,50.22358]],[[5.74663,50.22274],[5.74571,50.22215],[5.74565,50.222],[5.74571,50.22179],[5.74665,50.22181],[5.7472,50.22204],[5.74729,50.22225],[5.74722,50.22244],[5.747,50.22261],[5.74663,50.22274]],[[5.76997,50.2227],[5.76987,50.22246],[5.76996,50.22234],[5.77001,50.22246],[5.76997,50.2227]],[[5.77288,50.22247],[5.7725,50.22231],[5.77259,50.22176],[5.77283,50.22142],[5.7733,50.22132],[5.77349,50.22152],[5.7734,50.22183],[5.77344,50.22214],[5.77329,50.22236],[5.77288,50.22247]],[[5.70997,50.22221],[5.70966,50.22209],[5.71001,50.22207],[5.70997,50.22221]],[[5.75372,50.22132],[5.75349,50.22126],[5.75425,50.22127],[5.75408,50.22138],[5.75372,50.22132]],[[5.7733,50.2208],[5.77323,50.22071],[5.77327,50.22063],[5.77356,50.22069],[5.7733,50.2208]],[[5.75413,50.2205],[5.75403,50.22041],[5.75423,50.2204],[5.75413,50.2205]],[[5.75872,50.22029],[5.75857,50.22015],[5.75869,50.22],[5.75924,50.22015],[5.75912,50.22024],[5.75872,50.22029]],[[5.75997,50.2199],[5.75998,50.21978],[5.7603,50.21967],[5.76046,50.21971],[5.76058,50.21984],[5.76039,50.21998],[5.75997,50.2199]],[[5.77372,50.22009],[5.77353,50.21987],[5.77372,50.21974],[5.77432,50.21973],[5.77468,50.21986],[5.77372,50.22009]],[[5.66788,50.2196],[5.66783,50.21959],[5.66788,50.2196]],[[5.69247,50.21934],[5.69227,50.21909],[5.69227,50.21882],[5.69297,50.21824],[5.69368,50.21791],[5.694,50.21786],[5.69437,50.21792],[5.69462,50.21812],[5.69465,50.21824],[5.69433,50.21898],[5.69382,50.21939],[5.69312,50.21952],[5.69247,50.21934]],[[5.76622,50.21878],[5.76615,50.21876],[5.76622,50.21878]],[[5.71455,50.21851],[5.7142,50.2183],[5.71413,50.21814],[5.71463,50.21803],[5.71519,50.2182],[5.71455,50.21851]],[[5.6808,50.21807],[5.6804,50.21792],[5.67916,50.21769],[5.67849,50.21739],[5.67814,50.2171],[5.67916,50.21628],[5.68029,50.21566],[5.68078,50.21511],[5.68122,50.21514],[5.68202,50.21549],[5.6821,50.2157],[5.68205,50.21589],[5.68157,50.21596],[5.68142,50.21617],[5.68144,50.21634],[5.68163,50.21657],[5.68247,50.21682],[5.68236,50.21652],[5.68249,50.21628],[5.68287,50.21614],[5.68328,50.21618],[5.68392,50.21669],[5.68407,50.21716],[5.6843,50.21736],[5.68417,50.21749],[5.68372,50.21765],[5.68328,50.21756],[5.68284,50.21778],[5.68205,50.21785],[5.6814,50.21806],[5.6808,50.21807]],[[5.78288,50.21735],[5.78104,50.21718],[5.78071,50.21709],[5.78025,50.21683],[5.78013,50.21662],[5.78015,50.21651],[5.78124,50.2159],[5.78139,50.21572],[5.78125,50.21558],[5.78077,50.21555],[5.77912,50.21572],[5.7777,50.21523],[5.77736,50.21532],[5.77721,50.21558],[5.77727,50.21573],[5.77755,50.21599],[5.77781,50.21669],[5.77772,50.21687],[5.77668,50.21711],[5.77638,50.21738],[5.77582,50.21769],[5.77506,50.21796],[5.77448,50.21796],[5.77428,50.21763],[5.7744,50.21704],[5.77494,50.21621],[5.7753,50.21592],[5.77573,50.21484],[5.77585,50.2148],[5.77633,50.21488],[5.77654,50.2148],[5.77649,50.21457],[5.77589,50.21424],[5.77576,50.21408],[5.77583,50.21392],[5.77619,50.21368],[5.77664,50.21367],[5.77744,50.21415],[5.77825,50.21422],[5.77837,50.21416],[5.77841,50.21402],[5.77808,50.21378],[5.7781,50.21364],[5.77828,50.21345],[5.77872,50.21348],[5.77897,50.21374],[5.77906,50.21406],[5.77963,50.21424],[5.78072,50.21434],[5.781,50.21455],[5.78119,50.21488],[5.78176,50.21502],[5.78244,50.21536],[5.78288,50.21541]],[[5.7758,50.21607],[5.77567,50.21596],[5.77585,50.21593],[5.7758,50.21607]],[[5.69038,50.2149],[5.69011,50.21424],[5.68955,50.21376],[5.68956,50.21348],[5.6891,50.21322],[5.68895,50.21305],[5.68892,50.21263],[5.68866,50.21218],[5.68861,50.21183],[5.6883,50.2115],[5.68872,50.21147],[5.68952,50.21182],[5.68995,50.21218],[5.69088,50.21255],[5.69107,50.21271],[5.69129,50.2136],[5.69121,50.21429],[5.69101,50.21457],[5.69085,50.21502],[5.69067,50.21503],[5.69038,50.2149]],[[5.77705,50.21344],[5.7769,50.21328],[5.7769,50.21316],[5.77705,50.21309],[5.77726,50.21316],[5.77726,50.21328],[5.77705,50.21344]],[[5.78288,50.21185],[5.78251,50.2119],[5.78228,50.21206],[5.78255,50.21259],[5.7824,50.21285],[5.7822,50.21296],[5.78156,50.21308],[5.78088,50.21306],[5.78035,50.21294],[5.78009,50.21234],[5.77983,50.21203],[5.77996,50.21173],[5.78026,50.21179],[5.78038,50.21196],[5.78044,50.21184],[5.78058,50.21179],[5.78156,50.21179],[5.782,50.21145],[5.78234,50.21132],[5.78288,50.21146]]]}},{"type":"Feature","properties":{"ele":650},"geometry":{"type":"MultiLineString","coordinates":[[[5.73288,50.25354],[5.73286,50.25341],[5.73298,50.25318],[5.73287,50.25292],[5.73332,50.2527],[5.73369,50.25235],[5.73573,50.25125],[5.73627,50.25119],[5.73693,50.25162],[5.7369,50.25184],[5.73619,50.25232],[5.73582,50.25274],[5.73547,50.25299],[5.7338,50.25301],[5.73347,50.25319],[5.73376,50.25345],[5.73375,50.25351],[5.73333,50.25364],[5.73288,50.25354]],[[5.7308,50.25315],[5.72956,50.25225],[5.72923,50.2518],[5.72862,50.25155],[5.72859,50.25123],[5.72916,50.25071],[5.73057,50.24986],[5.73052,50.24957],[5.73078,50.24927],[5.73168,50.24877],[5.73245,50.24866],[5.73326,50.24812],[5.73351,50.24817],[5.73359,50.24839],[5.73339,50.24882],[5.73275,50.24901],[5.73241,50.24931],[5.73411,50.24939],[5.73466,50.24948],[5.73495,50.24962],[5.73525,50.24988],[5.73561,50.25034],[5.73561,50.25051],[5.73542,50.25072],[5.73492,50.25096],[5.73374,50.25186],[5.73253,50.25239],[5.73207,50.25293],[5.73156,50.25313],[5.7308,50.25315]],[[5.72913,50.25276],[5.72891,50.25261],[5.72915,50.25233],[5.72936,50.25259],[5.72913,50.25276]],[[5.73163,50.25238],[5.73199,50.2518],[5.7322,50.25183],[5.73229,50.252],[5.73224,50.25215],[5.73197,50.25232],[5.73163,50.25238]],[[5.72705,50.25107],[5.7264,50.25016],[5.7263,50.24982],[5.7265,50.24956],[5.72728,50.24912],[5.72749,50.24877],[5.72787,50.24847],[5.72826,50.24842],[5.72877,50.24815],[5.72989,50.24801],[5.73071,50.24805],[5.73097,50.24788],[5.7315,50.24772],[5.73176,50.24776],[5.73205,50.24792],[5.72968,50.24958],[5.72952,50.24963],[5.72911,50.24956],[5.72829,50.25068],[5.7279,50.251],[5.72749,50.25118],[5.72705,50.25107]],[[5.71205,50.25019],[5.71083,50.25003],[5.71008,50.24982],[5.70906,50.25003],[5.70874,50.24997],[5.70865,50.24985],[5.70874,50.24973],[5.70915,50.24968],[5.70999,50.24927],[5.71058,50.24876],[5.71089,50.24827],[5.71105,50.24814],[5.71164,50.24809],[5.71211,50.24785],[5.71288,50.24782],[5.71451,50.24706],[5.71512,50.24709],[5.71589,50.24748],[5.71671,50.24764],[5.71713,50.24789],[5.71703,50.24818],[5.71588,50.24902],[5.7158,50.24932],[5.71442,50.24985],[5.71343,50.24993],[5.71286,50.25011],[5.71205,50.25019]],[[5.72538,50.24991],[5.72499,50.24986],[5.72445,50.24932],[5.72415,50.24915],[5.7226,50.24936],[5.72226,50.24933],[5.72219,50.24922],[5.72227,50.2486],[5.72221,50.2484],[5.72147,50.24768],[5.72061,50.24708],[5.71932,50.24661],[5.7188,50.24665],[5.71827,50.24687],[5.71789,50.24653],[5.71746,50.24644],[5.71709,50.24619],[5.71694,50.24601],[5.71698,50.24588],[5.7175,50.24582],[5.71764,50.2457],[5.71746,50.24561],[5.71707,50.2456],[5.71696,50.24546],[5.71691,50.24409],[5.71656,50.24322],[5.71685,50.24291],[5.71653,50.24265],[5.7165,50.24237],[5.71664,50.24233],[5.7175,50.24263],[5.71843,50.24274],[5.71915,50.24291],[5.71995,50.24377],[5.72025,50.24393],[5.72098,50.24387],[5.72128,50.24398],[5.72168,50.2443],[5.72194,50.24436],[5.72287,50.24426],[5.72315,50.24432],[5.72373,50.24459],[5.72417,50.24513],[5.72578,50.24572],[5.72618,50.24626],[5.72667,50.24654],[5.72682,50.24684],[5.7259,50.24749],[5.72493,50.24775],[5.72444,50.24819],[5.72434,50.24846],[5.72442,50.24878],[5.72483,50.24916],[5.72533,50.24944],[5.72591,50.2496],[5.72568,50.24985],[5.72538,50.24991]],[[5.70788,50.24917],[5.70776,50.24901],[5.70797,50.24889],[5.70863,50.24891],[5.70894,50.24903],[5.70854,50.24922],[5.70788,50.24917]],[[5.73455,50.24886],[5.7344,50.24875],[5.73439,50.24853],[5.73453,50.2483],[5.73471,50.24818],[5.7351,50.24815],[5.73537,50.24825],[5.73564,50.24847],[5.73562,50.2486],[5.73539,50.24882],[5.73499,50.2489],[5.73455,50.24886]],[[5.73038,50.2475],[5.72902,50.24694],[5.72833,50.24651],[5.72744,50.24628],[5.72702,50.24599],[5.72707,50.24573],[5.72743,50.2454],[5.72826,50.24513],[5.72903,50.24463],[5.72912,50.24447],[5.72907,50.24407],[5.72912,50.244],[5.73029,50.24465],[5.73095,50.24477],[5.73104,50.24491],[5.73065,50.24515],[5.73119,50.24531],[5.73127,50.24544],[5.73036,50.24564],[5.72991,50.24591],[5.72972,50.24621],[5.72994,50.24655],[5.73088,50.24715],[5.73094,50.24734],[5.73088,50.24745],[5.73038,50.2475]],[[5.71663,50.24638],[5.71654,50.24627],[5.7166,50.24618],[5.71686,50.24625],[5.71663,50.24638]],[[5.70955,50.23765],[5.70871,50.23738],[5.70822,50.23712],[5.70799,50.23673],[5.70746,50.23669],[5.70722,50.23657],[5.70713,50.236],[5.70719,50.23565],[5.70701,50.23519],[5.70709,50.23499],[5.70726,50.23488],[5.70748,50.23486],[5.70798,50.23511],[5.70939,50.23598],[5.70997,50.23625],[5.71087,50.23706],[5.71083,50.23721],[5.71048,50.23765],[5.70999,50.23776],[5.70955,50.23765]]]}}]}