{"type":"FeatureCollection","features":[{"type":"Feature","properties":{"ele":100},"geometry":{"type":"MultiLineString","coordinates":[[[5.64751,50.58478],[5.64877,50.58498],[5.65002,50.58554],[5.65065,50.58573],[5.65082,50.58584],[5.65106,50.58625],[5.65156,50.58664],[5.65168,50.58707],[5.65191,50.58715],[5.65212,50.58711],[5.65227,50.58691],[5.65242,50.58642],[5.65241,50.58576],[5.65232,50.58555],[5.65189,50.58529],[5.65188,50.58514],[5.65199,50.58496],[5.6524,50.58468],[5.65254,50.58392],[5.65286,50.58352],[5.65312,50.58303],[5.65359,50.5825],[5.65389,50.58195],[5.6557,50.58086],[5.65591,50.58053],[5.65655,50.58001],[5.65707,50.57941],[5.6579,50.57923],[5.65842,50.57921],[5.65917,50.57887],[5.65935,50.57859],[5.65913,50.5784],[5.65879,50.5784],[5.65832,50.57859],[5.6592,50.57797],[5.65962,50.57783],[5.66019,50.57796],[5.66168,50.57809],[5.6621,50.57796],[5.66235,50.57777],[5.66242,50.57757],[5.66232,50.57744],[5.66184,50.57723],[5.66194,50.57714],[5.66285,50.57711],[5.66462,50.57687],[5.66587,50.57708],[5.6666,50.57729],[5.66722,50.57728],[5.66782,50.57713],[5.66822,50.5769],[5.66844,50.57669],[5.66856,50.57632],[5.66877,50.57607],[5.67123,50.57597],[5.67373,50.57552],[5.67649,50.5754],[5.67738,50.57523],[5.67884,50.57536],[5.6803,50.57534],[5.68243,50.57518],[5.68323,50.57495],[5.68413,50.57482],[5.68594,50.57424],[5.68648,50.57394],[5.68654,50.57371],[5.68631,50.57344],[5.68541,50.57281],[5.68541,50.57271],[5.68588,50.5727],[5.6866,50.57314],[5.68709,50.57333],[5.68784,50.57339],[5.68839,50.57314],[5.68879,50.57252],[5.68927,50.57223],[5.68907,50.57139],[5.6892,50.57063],[5.68916,50.57024],[5.68945,50.56992],[5.69037,50.56963],[5.69063,50.56943],[5.69041,50.56916],[5.68998,50.56887],[5.68982,50.56837],[5.68957,50.56807],[5.68963,50.56793],[5.69001,50.56802],[5.69016,50.56832],[5.69057,50.56861],[5.69128,50.56886],[5.69231,50.56944],[5.69311,50.56956],[5.69389,50.56983],[5.69712,50.56987],[5.6976,50.5697],[5.69938,50.56838],[5.69964,50.56789],[5.70004,50.5675],[5.70043,50.56737],[5.70125,50.56692],[5.70216,50.56612],[5.7038,50.56549],[5.70406,50.56555],[5.70403,50.56584],[5.70426,50.56597],[5.70511,50.56582],[5.70816,50.56557],[5.71082,50.56567],[5.7128,50.56609],[5.71301,50.56633],[5.71345,50.56658],[5.71345,50.56671],[5.71326,50.56693],[5.71372,50.56711],[5.71387,50.56706],[5.71423,50.56673],[5.71535,50.56658],[5.71785,50.5667],[5.71885,50.56703],[5.71964,50.5669],[5.72001,50.56707],[5.72045,50.56713],[5.72053,50.56746],[5.72078,50.56763],[5.72155,50.56738],[5.72213,50.56741],[5.72216,50.56755],[5.72188,50.56779],[5.72194,50.568],[5.72213,50.5681],[5.72251,50.56798],[5.72266,50.5683],[5.72253,50.56888],[5.72212,50.56915],[5.72126,50.56943],[5.72038,50.56943],[5.71925,50.56923],[5.7179,50.56915],[5.71785,50.56893],[5.71774,50.56886],[5.71666,50.56887],[5.71578,50.56853],[5.71397,50.56806],[5.7137,50.5679],[5.71288,50.56778],[5.71068,50.56694],[5.70996,50.56652],[5.70914,50.56642],[5.70795,50.56614],[5.70618,50.56618],[5.70548,50.56627],[5.70455,50.56654],[5.70343,50.56718],[5.70319,50.56746],[5.70271,50.56776],[5.70254,50.56833],[5.70227,50.56865],[5.70206,50.56909],[5.70106,50.56886],[5.70093,50.56861],[5.70128,50.56829],[5.70103,50.56806],[5.70082,50.56799],[5.70065,50.56833],[5.70033,50.56863],[5.70005,50.56914],[5.6998,50.56938],[5.69989,50.56983],[5.69982,50.5702],[5.69969,50.57037],[5.69918,50.57054],[5.69872,50.5705],[5.69839,50.57068],[5.69787,50.57075],[5.69742,50.57097],[5.69617,50.57079],[5.69595,50.57121],[5.69606,50.57159],[5.69599,50.57168],[5.69376,50.57164],[5.6928,50.57177],[5.6925,50.57166],[5.6924,50.57114],[5.69212,50.57074],[5.6917,50.57066],[5.69122,50.57076],[5.69082,50.57108],[5.69059,50.57139],[5.69044,50.57282],[5.69004,50.57363],[5.68964,50.57415],[5.68925,50.57527],[5.68784,50.57655],[5.68705,50.57682],[5.68635,50.57721],[5.68551,50.57752],[5.68254,50.57743],[5.67931,50.57766],[5.67821,50.57786],[5.67626,50.57845],[5.67546,50.57899],[5.67442,50.57935],[5.67399,50.57973],[5.67386,50.58003],[5.67398,50.58062],[5.67581,50.58313],[5.67585,50.58331],[5.67578,50.58362],[5.67604,50.58441],[5.67584,50.58526],[5.67588,50.58604],[5.67618,50.58689],[5.67667,50.58728],[5.67777,50.58777],[5.67788,50.58798],[5.67769,50.5881],[5.67746,50.58812],[5.6771,50.58799],[5.67612,50.58783],[5.6759,50.58772],[5.6757,50.58747],[5.67539,50.58725],[5.67491,50.58668],[5.67476,50.58584],[5.67418,50.58526],[5.67394,50.58483],[5.67398,50.58463],[5.67429,50.58439],[5.6743,50.5841],[5.67417,50.58402],[5.67374,50.58406],[5.67352,50.58394],[5.67339,50.58378],[5.67327,50.58332],[5.67279,50.5828],[5.67121,50.58141],[5.67043,50.58053],[5.66993,50.58039],[5.66881,50.5807],[5.66713,50.58156],[5.66618,50.58174],[5.66514,50.58207],[5.66385,50.58214],[5.66295,50.58232],[5.66122,50.58289],[5.66014,50.58309],[5.65951,50.5833],[5.65915,50.58328],[5.65837,50.58303],[5.65782,50.58307],[5.65748,50.58331],[5.65752,50.58358],[5.65861,50.58387],[5.65753,50.58429],[5.65659,50.58441],[5.65624,50.58468],[5.65594,50.58561],[5.65543,50.5861],[5.6551,50.5868],[5.65529,50.5875],[5.65501,50.58804],[5.65554,50.58893],[5.65555,50.58924],[5.65542,50.58969],[5.65497,50.59011],[5.65361,50.59075],[5.65288,50.59085],[5.65083,50.59028],[5.6506,50.59],[5.65046,50.58968],[5.64961,50.58912],[5.64923,50.58854],[5.64895,50.58831],[5.64842,50.58817],[5.64751,50.58819]],[[5.67876,50.58832],[5.6787,50.58831],[5.67888,50.58831],[5.67876,50.58832]],[[5.65918,50.58389],[5.65894,50.58387],[5.65942,50.58387],[5.65918,50.58389]],[[5.66001,50.57838],[5.65978,50.57829],[5.65999,50.57819],[5.66023,50.57829],[5.66001,50.57838]],[[5.68334,50.57563],[5.68315,50.57548],[5.68327,50.57526],[5.6834,50.57519],[5.68431,50.57508],[5.68458,50.57512],[5.68474,50.57525],[5.68441,50.57543],[5.68334,50.57563]],[[5.69959,50.57188],[5.6994,50.57166],[5.69941,50.57142],[5.70003,50.57057],[5.70092,50.57035],[5.70164,50.56984],[5.70209,50.56966],[5.70252,50.56987],[5.70268,50.57031],[5.70259,50.57055],[5.70242,50.57069],[5.70213,50.57086],[5.7008,50.57132],[5.70005,50.57177],[5.69959,50.57188]],[[5.69543,50.57147],[5.6952,50.57137],[5.6954,50.5713],[5.69561,50.57137],[5.69543,50.57147]],[[5.69418,50.57087],[5.69414,50.5708],[5.69421,50.57081],[5.69418,50.57087]],[[5.69918,50.56946],[5.69912,50.56942],[5.69919,50.56936],[5.69926,50.56942],[5.69918,50.56946]],[[5.71918,50.56866],[5.71887,50.5684],[5.71882,50.56823],[5.71951,50.56745],[5.72009,50.56759],[5.72072,50.56799],[5.7207,50.56812],[5.72043,50.56832],[5.71957,50.56831],[5.71971,50.56862],[5.71918,50.56866]],[[5.71834,50.5684],[5.71819,50.56831],[5.71831,50.56817],[5.71864,50.56829],[5.71834,50.5684]],[[5.71584,50.56793],[5.71576,50.56773],[5.71599,50.56773],[5.71584,50.56793]],[[5.69001,50.56755],[5.69001,50.56745],[5.69001,50.56755]],[[5.71543,50.56753],[5.71492,50.56733],[5.71481,50.56718],[5.71509,50.56706],[5.71547,50.56711],[5.71556,50.56729],[5.71543,50.56753]],[[5.71668,50.56752],[5.71671,50.56745],[5.71712,50.56748],[5.71703,50.56755],[5.71668,50.56752]],[[5.71876,50.56775],[5.71877,50.56744],[5.71883,50.56752],[5.71876,50.56775]],[[5.71418,50.56728],[5.714,50.5672],[5.71433,50.5672],[5.71418,50.56728]],[[5.72376,50.56696],[5.72365,50.5669],[5.72355,50.5667],[5.72366,50.56635],[5.72385,50.56626],[5.7242,50.5663],[5.72438,50.56656],[5.72437,50.56668],[5.72414,50.56686],[5.72376,50.56696]],[[5.73626,50.56678],[5.73615,50.56666],[5.73624,50.56655],[5.73631,50.56664],[5.73626,50.56678]],[[5.71251,50.56639],[5.7123,50.56636],[5.71268,50.56636],[5.71251,50.56639]],[[5.72584,50.56631],[5.72573,50.56614],[5.72576,50.56603],[5.72588,50.56598],[5.72606,50.56605],[5.72606,50.56616],[5.72584,50.56631]],[[5.72709,50.56584],[5.72701,50.56581],[5.72724,50.56581],[5.72709,50.56584]],[[5.70459,50.56545],[5.70437,50.56529],[5.70436,50.56517],[5.70457,50.56465],[5.70494,50.56439],[5.70587,50.5642],[5.70655,50.56419],[5.70714,50.56432],[5.70737,50.56449],[5.70732,50.5647],[5.7071,50.56485],[5.70615,50.56491],[5.7055,50.56517],[5.70499,50.56526],[5.70459,50.56545]],[[5.72876,50.56527],[5.729,50.56498],[5.72982,50.56474],[5.73039,50.56438],[5.73084,50.56435],[5.7312,50.56406],[5.73149,50.56405],[5.7319,50.56415],[5.73133,50.56451],[5.73084,50.56454],[5.73054,50.56503],[5.73025,50.56519],[5.72931,50.5653],[5.72876,50.56527]],[[5.70918,50.56471],[5.70961,50.5647],[5.70918,50.56471]],[[5.72543,50.56403],[5.72542,50.56387],[5.72558,50.56388],[5.72543,50.56403]]]}},{"type":"Feature","properties":{"ele":150},"geometry":{"type":"MultiLineString","coordinates":[[[5.6506,50.61193],[5.64947,50.61116],[5.6492,50.61081],[5.64854,50.61083],[5.64798,50.61036],[5.64751,50.61025]],[[5.64751,50.58411],[5.64905,50.58426],[5.6496,50.58416],[5.64976,50.58344],[5.64934,50.58285],[5.6494,50.58267],[5.64959,50.58254],[5.65047,50.58262],[5.65121,50.58318],[5.65168,50.58304],[5.65197,50.58271],[5.65222,50.58187],[5.65414,50.58047],[5.65457,50.58024],[5.65487,50.57989],[5.65536,50.57875],[5.65522,50.57812],[5.65491,50.5776],[5.65492,50.57746],[5.65582,50.57745],[5.65626,50.57735],[5.6571,50.57666],[5.65792,50.57627],[5.65881,50.57571],[5.66014,50.57542],[5.66128,50.57536],[5.66217,50.5751],[5.66376,50.57507],[5.66398,50.57497],[5.66417,50.57466],[5.66501,50.57471],[5.66423,50.57415],[5.66369,50.57361],[5.66251,50.57304],[5.66255,50.57279],[5.66286,50.57257],[5.66311,50.57253],[5.66352,50.57261],[5.6666,50.57377],[5.66759,50.57349],[5.66837,50.57367],[5.66957,50.57366],[5.67051,50.57401],[5.67123,50.5741],[5.67163,50.57403],[5.67214,50.57377],[5.67377,50.57393],[5.67541,50.57358],[5.67597,50.57298],[5.67604,50.5725],[5.67626,50.57221],[5.6764,50.57167],[5.67639,50.57111],[5.67648,50.57035],[5.67679,50.57006],[5.67683,50.56993],[5.67671,50.56969],[5.67587,50.56939],[5.67562,50.56916],[5.67595,50.56861],[5.67575,50.56831],[5.67621,50.568],[5.67632,50.56742],[5.67537,50.56699],[5.6751,50.56667],[5.67513,50.56633],[5.67428,50.56562],[5.6743,50.56549],[5.67447,50.56536],[5.67506,50.56523],[5.67472,50.56498],[5.67334,50.56443],[5.67368,50.56433],[5.67419,50.56431],[5.67444,50.56415],[5.67438,50.56387],[5.67388,50.56362],[5.67395,50.56354],[5.67454,50.56353],[5.67494,50.56376],[5.67546,50.56435],[5.6755,50.56465],[5.67564,50.56481],[5.67616,50.56507],[5.67707,50.56532],[5.67732,50.56553],[5.6775,50.56583],[5.67872,50.56671],[5.67916,50.56721],[5.68029,50.56771],[5.68086,50.5683],[5.68171,50.56886],[5.68251,50.56915],[5.68364,50.5686],[5.68369,50.5685],[5.68338,50.5676],[5.68346,50.56743],[5.68368,50.56729],[5.68387,50.56731],[5.68418,50.56751],[5.68504,50.56775],[5.68511,50.56804],[5.68481,50.56889],[5.68479,50.56944],[5.68452,50.56998],[5.68456,50.57038],[5.68468,50.57054],[5.68556,50.57111],[5.68672,50.57214],[5.68713,50.57228],[5.68757,50.57224],[5.68763,50.57201],[5.68755,50.57163],[5.68766,50.57059],[5.68796,50.57001],[5.68813,50.56948],[5.68791,50.56915],[5.68803,50.5688],[5.68741,50.56804],[5.68775,50.56753],[5.68784,50.56715],[5.68763,50.56639],[5.6876,50.56557],[5.68746,50.5653],[5.68747,50.56511],[5.68764,50.56504],[5.68833,50.56527],[5.68861,50.56525],[5.68876,50.56497],[5.68906,50.56474],[5.68972,50.56451],[5.69023,50.56413],[5.69064,50.56358],[5.69081,50.56312],[5.69086,50.56213],[5.69084,50.56194],[5.69066,50.56167],[5.69067,50.56146],[5.69089,50.56112],[5.69135,50.56086],[5.69145,50.56073],[5.69157,50.5601],[5.69154,50.55963],[5.69171,50.55945],[5.69228,50.55916],[5.69298,50.55896],[5.69309,50.55878],[5.69304,50.55857],[5.6924,50.55757],[5.6923,50.55687],[5.69215,50.55659],[5.69129,50.55626],[5.68949,50.55612],[5.68867,50.55586],[5.68827,50.55557],[5.68829,50.5554],[5.6884,50.55532],[5.68957,50.55563],[5.692,50.55577],[5.69307,50.556],[5.69335,50.55621],[5.69446,50.55826],[5.69437,50.55955],[5.69402,50.55995],[5.69332,50.56054],[5.69308,50.56087],[5.69309,50.56118],[5.69357,50.56193],[5.69295,50.56254],[5.6927,50.56295],[5.69252,50.56336],[5.69251,50.56387],[5.69227,50.56434],[5.6925,50.56473],[5.69252,50.56498],[5.69215,50.56569],[5.69211,50.56625],[5.6924,50.56742],[5.69255,50.56762],[5.69326,50.56792],[5.69368,50.56792],[5.69417,50.5677],[5.69457,50.56766],[5.69582,50.56793],[5.69675,50.56798],[5.69759,50.56815],[5.69794,50.56814],[5.6983,50.56802],[5.69875,50.56748],[5.69912,50.56718],[5.70034,50.56662],[5.70074,50.56635],[5.70126,50.56582],[5.70169,50.56554],[5.70348,50.56472],[5.70359,50.56451],[5.70357,50.5643],[5.7028,50.56332],[5.70283,50.5631],[5.70292,50.563],[5.70431,50.56314],[5.70539,50.5636],[5.70593,50.56362],[5.70696,50.56347],[5.70749,50.56331],[5.70791,50.56273],[5.70832,50.56263],[5.70888,50.56293],[5.70955,50.56345],[5.71048,50.56393],[5.71457,50.56452],[5.71507,50.56467],[5.71632,50.56528],[5.71681,50.56534],[5.71793,50.56523],[5.71946,50.56543],[5.72126,50.56526],[5.72089,50.56448],[5.72087,50.56388],[5.72077,50.56362],[5.72046,50.5633],[5.71933,50.56247],[5.71872,50.56167],[5.71792,50.56082],[5.71777,50.56035],[5.71717,50.5597],[5.71702,50.55871],[5.71709,50.55831],[5.71751,50.5583],[5.71787,50.55896],[5.71875,50.56002],[5.71918,50.56037],[5.71958,50.56083],[5.72022,50.56172],[5.72129,50.56219],[5.72169,50.56245],[5.7227,50.56327],[5.72284,50.56354],[5.72289,50.5639],[5.72332,50.56406],[5.72378,50.56391],[5.72393,50.56358],[5.72464,50.56281],[5.72504,50.56224],[5.72588,50.56173],[5.72619,50.56135],[5.72681,50.56092],[5.72685,50.5608],[5.72666,50.56067],[5.7266,50.56052],[5.727,50.56021],[5.72816,50.56023],[5.7291,50.55988],[5.72988,50.55984],[5.73076,50.55967],[5.73217,50.55975],[5.73363,50.55964],[5.73418,50.55971],[5.73461,50.55966],[5.73507,50.55989],[5.73541,50.56033],[5.73568,50.5609],[5.73638,50.56159],[5.7374,50.56217],[5.73766,50.56244],[5.73766,50.5626],[5.73739,50.5631],[5.73716,50.5642],[5.73682,50.56528],[5.73708,50.56567],[5.73789,50.56583],[5.73818,50.56608],[5.73812,50.56634],[5.73771,50.56671],[5.7376,50.56705],[5.73792,50.56835],[5.73813,50.56878],[5.73877,50.56926],[5.74042,50.56934],[5.74252,50.57021],[5.7429,50.57064],[5.7429,50.5712],[5.7442,50.57163],[5.74371,50.57185],[5.74356,50.57219],[5.74374,50.57278],[5.74409,50.57302],[5.74464,50.57304],[5.74774,50.57245],[5.74977,50.57237],[5.75207,50.57194],[5.75363,50.57232],[5.75514,50.57233],[5.75708,50.57332],[5.75786,50.57363],[5.75852,50.57376],[5.75929,50.57413],[5.76009,50.57428],[5.76087,50.57416],[5.76132,50.57391],[5.76141,50.57334],[5.76178,50.573],[5.76188,50.57253],[5.76175,50.57184],[5.76196,50.57111],[5.76202,50.57028],[5.76179,50.56968],[5.76132,50.56926],[5.75961,50.56859],[5.75822,50.56774],[5.75823,50.56749],[5.75887,50.56721],[5.75934,50.56649],[5.75982,50.5661],[5.76004,50.5658],[5.75984,50.56552],[5.75811,50.565],[5.75741,50.56471],[5.75722,50.56451],[5.75718,50.5642],[5.75752,50.5636],[5.75728,50.56336],[5.75724,50.56319],[5.75733,50.56303],[5.75781,50.5627],[5.7579,50.56216],[5.75856,50.56224],[5.75877,50.56246],[5.75871,50.56281],[5.75888,50.56302],[5.75912,50.56308],[5.76046,50.56283],[5.76153,50.56242],[5.76201,50.56233],[5.76417,50.5625],[5.76543,50.56287],[5.76592,50.56279],[5.76634,50.56282],[5.76701,50.56303],[5.76791,50.56351],[5.76829,50.56362],[5.76848,50.56387],[5.7691,50.56417],[5.76979,50.5647],[5.77041,50.56475],[5.77092,50.56448],[5.77136,50.56392],[5.77215,50.5633],[5.77217,50.56306],[5.77202,50.56257],[5.77201,50.56215],[5.77182,50.56163],[5.77199,50.5609],[5.77191,50.56029],[5.77207,50.56014],[5.77286,50.56114],[5.77285,50.56221],[5.77334,50.56248],[5.77423,50.56221],[5.77424,50.56199],[5.77433,50.5619],[5.77535,50.56178],[5.77583,50.56184],[5.77639,50.56211],[5.77923,50.56247],[5.77962,50.56262],[5.78016,50.56309],[5.78086,50.56357],[5.78157,50.56426],[5.78191,50.56439],[5.78247,50.5643],[5.78331,50.56385],[5.78361,50.56357],[5.78362,50.56319],[5.78373,50.56293],[5.78422,50.56264],[5.78519,50.56237],[5.78584,50.56248],[5.78735,50.56248],[5.78893,50.56358],[5.7897,50.56434],[5.78975,50.56445],[5.78969,50.56479],[5.78984,50.56501],[5.79306,50.56599],[5.79458,50.56665],[5.79542,50.56721],[5.7961,50.56784],[5.79663,50.56808],[5.79717,50.56853],[5.79787,50.56889],[5.79837,50.56941],[5.79886,50.56944],[5.80008,50.56867],[5.80037,50.56816],[5.80032,50.56792],[5.79968,50.56697],[5.79912,50.56642],[5.79873,50.5658],[5.79903,50.56465],[5.7996,50.56359],[5.80006,50.56246],[5.80096,50.56192],[5.80262,50.56143],[5.80451,50.56124],[5.80543,50.56137],[5.80576,50.56167],[5.80628,50.56177],[5.80668,50.56195],[5.80747,50.56205],[5.80816,50.56229],[5.80996,50.56231],[5.81104,50.56192],[5.81192,50.56111],[5.81244,50.56045],[5.81246,50.56007],[5.81232,50.55979],[5.81127,50.55899],[5.81079,50.55878],[5.81001,50.55859],[5.80867,50.55806],[5.80834,50.55784],[5.80783,50.5578],[5.80702,50.55749],[5.80664,50.55723],[5.80667,50.55703],[5.8068,50.55692],[5.80646,50.55658],[5.80622,50.5564],[5.80538,50.55611],[5.80524,50.55587],[5.80529,50.5557],[5.80547,50.55558],[5.80585,50.55553],[5.80546,50.55542],[5.8049,50.55489],[5.80483,50.55469],[5.8051,50.55415],[5.80456,50.55362],[5.80452,50.55344],[5.80456,50.55217],[5.80488,50.55192],[5.80501,50.55159],[5.80517,50.55166],[5.80531,50.5519],[5.80591,50.55249],[5.80585,50.55304],[5.80552,50.55337],[5.80585,50.55441],[5.80582,50.55471],[5.80627,50.55492],[5.80701,50.55584],[5.80794,50.55607],[5.80831,50.5563],[5.80878,50.55642],[5.81042,50.55721],[5.81109,50.55784],[5.81169,50.55817],[5.81227,50.55828],[5.81276,50.55888],[5.81352,50.55918],[5.8138,50.55942],[5.81366,50.55973],[5.81454,50.56],[5.81468,50.56031],[5.81458,50.56065],[5.81419,50.56111],[5.81383,50.5614],[5.81371,50.56166],[5.8133,50.56215],[5.81336,50.56249],[5.81295,50.56308],[5.81265,50.56335],[5.81209,50.56359],[5.81083,50.56356],[5.80977,50.56394],[5.80936,50.56401],[5.80717,50.56397],[5.80661,50.56388],[5.80584,50.56358],[5.80488,50.56365],[5.8044,50.56382],[5.80409,50.56416],[5.80371,50.565],[5.80376,50.56527],[5.80416,50.56588],[5.80414,50.56638],[5.80431,50.56666],[5.80482,50.56694],[5.80548,50.56746],[5.80727,50.56803],[5.8079,50.56806],[5.80852,50.56794],[5.80908,50.56793],[5.81051,50.56846],[5.81342,50.56879],[5.81759,50.56878],[5.81971,50.56912],[5.82316,50.56986],[5.82384,50.56985],[5.82531,50.56999],[5.82665,50.57047],[5.82806,50.57024],[5.82993,50.57036],[5.83044,50.57051],[5.83171,50.57135],[5.83201,50.57184],[5.83186,50.57246],[5.83192,50.57316],[5.83171,50.57368],[5.83168,50.57418],[5.83138,50.57469],[5.83176,50.57529],[5.83124,50.57582],[5.8328,50.57618],[5.83381,50.57608],[5.83506,50.57652],[5.83638,50.57715],[5.83875,50.57884],[5.83954,50.57918],[5.83975,50.57945],[5.83957,50.57971],[5.83954,50.58002],[5.83969,50.58004],[5.84006,50.57989],[5.84047,50.57995],[5.84046,50.58006],[5.84015,50.58024],[5.84014,50.58035],[5.84062,50.58079],[5.84058,50.58104],[5.84063,50.58114],[5.84127,50.58137],[5.84114,50.58167],[5.84122,50.58215],[5.84117,50.58248],[5.84137,50.58302],[5.84126,50.58333],[5.84071,50.58414],[5.84087,50.58432],[5.84086,50.5845],[5.84029,50.58461],[5.8396,50.58516],[5.83927,50.58499],[5.83932,50.5847],[5.83923,50.58456],[5.83899,50.58453],[5.83868,50.58465],[5.83869,50.585],[5.83846,50.58555],[5.83779,50.58581],[5.83823,50.58625],[5.83843,50.58666],[5.83793,50.58693],[5.83764,50.58679],[5.8374,50.58679],[5.83709,50.58698],[5.83626,50.58719],[5.8361,50.58743],[5.83612,50.58755],[5.83627,50.58766],[5.8368,50.58771],[5.83778,50.58808],[5.83858,50.58812],[5.83925,50.58828],[5.84029,50.58832],[5.83926,50.58835],[5.83879,50.58861],[5.83811,50.58875],[5.83739,50.58868],[5.83658,50.58836],[5.83644,50.58796],[5.83583,50.5875],[5.83578,50.5872],[5.83625,50.58656],[5.83688,50.58603],[5.83716,50.58558],[5.83708,50.58525],[5.83742,50.58496],[5.83747,50.58462],[5.83758,50.58442],[5.83741,50.58414],[5.83796,50.58389],[5.83783,50.58337],[5.8379,50.58302],[5.83786,50.58239],[5.83764,50.58189],[5.83746,50.58165],[5.83709,50.58137],[5.83698,50.58109],[5.83579,50.5803],[5.8356,50.57974],[5.83453,50.57866],[5.83453,50.57851],[5.83503,50.57774],[5.8347,50.57742],[5.83451,50.57739],[5.83422,50.5775],[5.834,50.57778],[5.83377,50.57792],[5.83264,50.57713],[5.83199,50.577],[5.83088,50.57663],[5.83042,50.57637],[5.83032,50.57611],[5.83,50.57576],[5.82981,50.57538],[5.82983,50.57507],[5.83007,50.57467],[5.83001,50.57442],[5.82976,50.57407],[5.82918,50.57357],[5.82782,50.57305],[5.82709,50.5726],[5.8255,50.57242],[5.8242,50.57208],[5.82285,50.57197],[5.82162,50.57159],[5.82042,50.57137],[5.81727,50.57042],[5.81618,50.57033],[5.81488,50.5701],[5.8129,50.57015],[5.81005,50.57068],[5.80943,50.571],[5.80877,50.57165],[5.8083,50.57192],[5.80793,50.57226],[5.80783,50.57214],[5.80788,50.57171],[5.80822,50.57114],[5.80827,50.5709],[5.80817,50.57077],[5.80789,50.57068],[5.80691,50.57059],[5.80405,50.57013],[5.80301,50.57017],[5.80082,50.57064],[5.79915,50.57133],[5.79874,50.57178],[5.79785,50.5718],[5.79752,50.57171],[5.79635,50.57105],[5.79614,50.57078],[5.79582,50.56973],[5.79503,50.56913],[5.79245,50.56837],[5.7885,50.56696],[5.7875,50.56638],[5.7865,50.56555],[5.78584,50.56525],[5.7854,50.5654],[5.78488,50.56653],[5.78437,50.56719],[5.78424,50.5675],[5.78417,50.5686],[5.78466,50.56921],[5.78479,50.56962],[5.78472,50.56979],[5.78448,50.56995],[5.78418,50.57003],[5.78222,50.56982],[5.78161,50.56998],[5.7812,50.57],[5.78085,50.56987],[5.7803,50.56984],[5.77911,50.56955],[5.77752,50.56858],[5.77696,50.5678],[5.77693,50.56747],[5.77755,50.56668],[5.77791,50.56645],[5.77837,50.56638],[5.77876,50.56609],[5.77889,50.56576],[5.77881,50.56498],[5.7784,50.56462],[5.77741,50.56415],[5.77648,50.56388],[5.77589,50.56383],[5.77548,50.5639],[5.77496,50.56413],[5.77414,50.56522],[5.7732,50.56575],[5.77322,50.56593],[5.77368,50.56639],[5.774,50.56736],[5.77391,50.56759],[5.77363,50.56773],[5.77171,50.56774],[5.77089,50.56805],[5.76889,50.56819],[5.76706,50.56809],[5.76661,50.56788],[5.7662,50.56744],[5.76617,50.56692],[5.76668,50.56637],[5.76681,50.56608],[5.76676,50.56581],[5.76644,50.56556],[5.76613,50.56547],[5.76541,50.56553],[5.76445,50.56581],[5.76411,50.56605],[5.76413,50.56615],[5.76487,50.56674],[5.76499,50.56757],[5.76485,50.56805],[5.76414,50.56883],[5.76413,50.56918],[5.76584,50.57109],[5.76668,50.57275],[5.76712,50.57297],[5.7681,50.57301],[5.76868,50.57315],[5.76967,50.57358],[5.77005,50.57389],[5.76936,50.57395],[5.76847,50.5738],[5.76723,50.57387],[5.76578,50.57429],[5.76422,50.57516],[5.76329,50.5755],[5.76066,50.57624],[5.75879,50.57641],[5.75766,50.57634],[5.75672,50.57608],[5.75507,50.57522],[5.75426,50.57463],[5.75382,50.57442],[5.75316,50.57421],[5.75123,50.57387],[5.75038,50.57387],[5.74983,50.57395],[5.7488,50.57445],[5.74752,50.57471],[5.74669,50.57502],[5.74535,50.57518],[5.74321,50.57529],[5.74139,50.57519],[5.73974,50.57469],[5.73779,50.57439],[5.73703,50.5744],[5.73671,50.57478],[5.73652,50.57528],[5.73653,50.57562],[5.73675,50.5761],[5.73701,50.57639],[5.73746,50.57665],[5.73835,50.57692],[5.7395,50.5775],[5.74096,50.57857],[5.74109,50.57889],[5.74081,50.57944],[5.74095,50.57967],[5.74117,50.57979],[5.74165,50.57987],[5.74316,50.57981],[5.74417,50.58003],[5.74459,50.57999],[5.74499,50.57969],[5.74545,50.57917],[5.74625,50.57859],[5.74673,50.57859],[5.74718,50.57872],[5.74774,50.5792],[5.74872,50.57978],[5.75039,50.58],[5.75186,50.57998],[5.75395,50.58024],[5.75499,50.58069],[5.75768,50.58137],[5.75804,50.58164],[5.75779,50.58173],[5.75708,50.58165],[5.75655,50.58143],[5.75497,50.58137],[5.75418,50.58109],[5.75358,50.58118],[5.75227,50.58067],[5.75118,50.58042],[5.74977,50.58043],[5.74791,50.58026],[5.74738,50.58011],[5.74675,50.57979],[5.74649,50.57977],[5.74624,50.57988],[5.74567,50.58046],[5.74517,50.58111],[5.74504,50.5814],[5.74458,50.58192],[5.74462,50.58225],[5.74442,50.58274],[5.74422,50.58293],[5.74403,50.58289],[5.74369,50.5826],[5.74317,50.58156],[5.74294,50.58129],[5.7425,50.58112],[5.74209,50.58109],[5.74159,50.58113],[5.74117,50.58128],[5.74087,50.58167],[5.74047,50.58246],[5.74044,50.58309],[5.74058,50.58403],[5.74042,50.5844],[5.74011,50.58473],[5.73901,50.58498],[5.73797,50.58586],[5.73764,50.58596],[5.73691,50.58593],[5.73541,50.58557],[5.73527,50.58527],[5.73584,50.58485],[5.73714,50.58474],[5.73753,50.58463],[5.73783,50.5844],[5.73841,50.58343],[5.73859,50.58215],[5.73889,50.58142],[5.7393,50.58079],[5.7379,50.57999],[5.73823,50.57951],[5.73825,50.57924],[5.73709,50.57804],[5.73504,50.57753],[5.73469,50.57761],[5.73419,50.57788],[5.73358,50.57794],[5.73303,50.57775],[5.73277,50.57749],[5.73268,50.57715],[5.73312,50.57663],[5.73342,50.57606],[5.7336,50.57549],[5.73347,50.57524],[5.73288,50.575],[5.73249,50.57471],[5.73237,50.57444],[5.73252,50.57436],[5.73342,50.57432],[5.73381,50.57419],[5.73395,50.57375],[5.73463,50.57282],[5.73501,50.57249],[5.73468,50.57212],[5.73472,50.57139],[5.73458,50.57116],[5.73435,50.57108],[5.7332,50.57111],[5.73316,50.57084],[5.73348,50.57058],[5.73348,50.57045],[5.73335,50.57025],[5.73269,50.56999],[5.7337,50.56971],[5.73396,50.5695],[5.73399,50.5693],[5.73372,50.56889],[5.73167,50.56776],[5.73091,50.56718],[5.73062,50.56662],[5.73004,50.56636],[5.72967,50.5663],[5.72911,50.56633],[5.7276,50.56677],[5.72635,50.56754],[5.72491,50.56802],[5.72485,50.56823],[5.72493,50.56838],[5.72668,50.56887],[5.7269,50.56914],[5.72664,50.56927],[5.72545,50.56944],[5.72442,50.57017],[5.72412,50.57028],[5.72375,50.57027],[5.72342,50.56994],[5.72325,50.56989],[5.7217,50.57009],[5.72087,50.57012],[5.7171,50.5697],[5.71205,50.56823],[5.70941,50.56722],[5.70784,50.56689],[5.70634,50.56685],[5.70582,50.56692],[5.70531,50.5672],[5.70465,50.56777],[5.70419,50.56805],[5.70376,50.56859],[5.70369,50.56888],[5.70377,50.56917],[5.70358,50.57031],[5.70327,50.57083],[5.70212,50.57167],[5.70124,50.57186],[5.6997,50.57258],[5.69884,50.5728],[5.69863,50.57305],[5.6989,50.57335],[5.69891,50.5736],[5.6951,50.57336],[5.69417,50.57314],[5.69279,50.57261],[5.69202,50.57245],[5.69167,50.5727],[5.69117,50.57379],[5.69067,50.57451],[5.69048,50.57555],[5.68882,50.57696],[5.68838,50.57723],[5.68535,50.5783],[5.68509,50.57873],[5.68488,50.57884],[5.68446,50.5788],[5.68413,50.57862],[5.68378,50.57827],[5.68296,50.57802],[5.68203,50.57802],[5.67936,50.57822],[5.6778,50.57862],[5.67737,50.57888],[5.67666,50.57962],[5.67666,50.57978],[5.67697,50.58004],[5.67873,50.58096],[5.67882,50.5811],[5.67866,50.58139],[5.67878,50.58157],[5.67957,50.58177],[5.68024,50.5818],[5.68061,50.58193],[5.67957,50.58274],[5.67901,50.58354],[5.67903,50.58462],[5.67924,50.585],[5.6776,50.58545],[5.67723,50.58573],[5.6772,50.5859],[5.67751,50.58637],[5.67791,50.58667],[5.67863,50.58683],[5.67997,50.58693],[5.68121,50.5872],[5.68203,50.58754],[5.68287,50.58777],[5.68431,50.5877],[5.68609,50.58804],[5.68795,50.58855],[5.6904,50.58873],[5.69154,50.58898],[5.69253,50.58948],[5.69334,50.58998],[5.69362,50.59024],[5.69357,50.591],[5.69325,50.59136],[5.6932,50.59156],[5.69326,50.59172],[5.69356,50.59198],[5.69389,50.59213],[5.69431,50.59217],[5.69465,50.59209],[5.69501,50.59188],[5.69549,50.59188],[5.69791,50.59318],[5.69905,50.59365],[5.70019,50.59468],[5.70043,50.59499],[5.70168,50.59469],[5.70296,50.59474],[5.70358,50.59465],[5.70395,50.59451],[5.7043,50.59419],[5.70454,50.59408],[5.705,50.59422],[5.70546,50.59414],[5.70686,50.59424],[5.70832,50.59395],[5.70889,50.59401],[5.70919,50.59414],[5.70963,50.59466],[5.70971,50.59528],[5.71011,50.59571],[5.71051,50.59638],[5.71022,50.59729],[5.70978,50.59802],[5.70959,50.5986],[5.70922,50.59846],[5.70875,50.59801],[5.70664,50.59757],[5.70504,50.5969],[5.70356,50.5964],[5.70321,50.59621],[5.70263,50.59609],[5.70296,50.59583],[5.70278,50.59559],[5.70181,50.5954],[5.70088,50.59554],[5.70066,50.59573],[5.70075,50.59677],[5.70059,50.59746],[5.70042,50.5977],[5.70006,50.59769],[5.69991,50.59752],[5.69994,50.59712],[5.6997,50.5964],[5.69942,50.59597],[5.69876,50.59526],[5.69857,50.59448],[5.69834,50.59421],[5.69793,50.59409],[5.69665,50.59398],[5.69545,50.59357],[5.69457,50.59362],[5.69326,50.59346],[5.69205,50.59314],[5.69128,50.59274],[5.69077,50.59228],[5.69046,50.59163],[5.69066,50.59088],[5.69047,50.59074],[5.68669,50.59088],[5.68654,50.59108],[5.68648,50.5917],[5.68627,50.59222],[5.68585,50.59278],[5.68501,50.59364],[5.68484,50.59356],[5.68478,50.59326],[5.68486,50.59264],[5.68514,50.59218],[5.68512,50.59192],[5.68398,50.59141],[5.68393,50.59105],[5.68372,50.59084],[5.68248,50.59038],[5.68169,50.59023],[5.68119,50.59042],[5.68096,50.59073],[5.68093,50.59139],[5.68076,50.59161],[5.68052,50.59174],[5.67988,50.59185],[5.67919,50.59167],[5.67983,50.591],[5.6798,50.59066],[5.67957,50.59026],[5.67981,50.58972],[5.67975,50.58942],[5.678,50.5891],[5.67624,50.58896],[5.67526,50.58863],[5.67463,50.58777],[5.6742,50.58746],[5.67374,50.58694],[5.67366,50.58663],[5.67377,50.58608],[5.67294,50.58551],[5.67209,50.58526],[5.67143,50.58476],[5.67136,50.58448],[5.67169,50.58416],[5.67171,50.58389],[5.67125,50.58332],[5.67022,50.58281],[5.66968,50.58242],[5.66897,50.5822],[5.66874,50.58218],[5.66797,50.58278],[5.66691,50.58284],[5.66575,50.5831],[5.6646,50.58375],[5.66412,50.58365],[5.66382,50.58323],[5.66367,50.58318],[5.66294,50.58332],[5.66223,50.58365],[5.6623,50.58399],[5.66286,50.58465],[5.66291,50.58528],[5.66332,50.58547],[5.6638,50.58553],[5.66426,50.58578],[5.66436,50.5859],[5.66439,50.58614],[5.66428,50.58638],[5.66379,50.58652],[5.66298,50.58648],[5.66285,50.58662],[5.66283,50.58692],[5.66295,50.58705],[5.66367,50.58727],[5.66391,50.58744],[5.66367,50.58774],[5.66363,50.58805],[5.66406,50.58951],[5.66465,50.59027],[5.66501,50.59137],[5.66556,50.59226],[5.66577,50.59253],[5.66642,50.59304],[5.66664,50.59364],[5.66661,50.59396],[5.66648,50.59417],[5.66539,50.59469],[5.66504,50.59501],[5.6643,50.59549],[5.66405,50.59635],[5.66379,50.59679],[5.66362,50.59691],[5.66291,50.59693],[5.66275,50.5959],[5.66259,50.59552],[5.66283,50.59526],[5.6642,50.59444],[5.66473,50.59383],[5.66481,50.59358],[5.66442,50.593],[5.66341,50.59245],[5.66335,50.5922],[5.6627,50.59153],[5.66238,50.59076],[5.66186,50.59027],[5.66162,50.58988],[5.66134,50.58964],[5.6608,50.58944],[5.66066,50.58927],[5.66057,50.58858],[5.66062,50.58785],[5.66049,50.58724],[5.66003,50.58638],[5.65989,50.58569],[5.65967,50.58525],[5.65951,50.58512],[5.65918,50.58498],[5.65877,50.58501],[5.65818,50.5852],[5.65793,50.58542],[5.65774,50.58594],[5.65767,50.58691],[5.65773,50.58718],[5.65794,50.58748],[5.65762,50.58781],[5.65747,50.58832],[5.65744,50.58875],[5.6576,50.58914],[5.65752,50.58938],[5.65705,50.59005],[5.65671,50.59083],[5.65556,50.59149],[5.65462,50.59224],[5.65342,50.59211],[5.65254,50.59181],[5.65123,50.59198],[5.65072,50.59196],[5.65055,50.59174],[5.65057,50.59132],[5.65047,50.59107],[5.64865,50.59009],[5.6485,50.58986],[5.64855,50.58937],[5.64833,50.58905],[5.64806,50.58884],[5.64751,50.58876]],[[5.66251,50.59839],[5.6625,50.59819],[5.66251,50.59839]],[[5.84001,50.5878],[5.83994,50.58776],[5.84,50.58769],[5.84019,50.58775],[5.84001,50.5878]],[[5.84084,50.58781],[5.84071,50.58776],[5.84097,50.58776],[5.84084,50.58781]],[[5.84334,50.58796],[5.84313,50.58777],[5.84327,50.5875],[5.84337,50.58744],[5.84375,50.58748],[5.8438,50.58783],[5.84334,50.58796]],[[5.83959,50.58444],[5.83949,50.58421],[5.83958,50.58405],[5.83965,50.58418],[5.83959,50.58444]],[[5.84043,50.58354],[5.84026,50.58334],[5.84039,50.5832],[5.84076,50.58319],[5.84114,50.58331],[5.84043,50.58354]],[[5.84001,50.58202],[5.83994,50.58188],[5.84007,50.58174],[5.84038,50.58178],[5.84057,50.58191],[5.84042,50.58202],[5.84001,50.58202]],[[5.83751,50.58111],[5.83744,50.58109],[5.83751,50.58111]],[[5.67126,50.57515],[5.67093,50.57489],[5.67095,50.57473],[5.67111,50.57459],[5.67211,50.57437],[5.67249,50.57447],[5.67252,50.57502],[5.67201,50.57517],[5.67126,50.57515]],[[5.68168,50.57446],[5.68142,50.57442],[5.68188,50.57442],[5.68168,50.57446]],[[5.67501,50.57418],[5.675,50.5741],[5.6751,50.57414],[5.67501,50.57418]],[[5.68251,50.57421],[5.68227,50.57413],[5.68249,50.57403],[5.68272,50.57413],[5.68251,50.57421]],[[5.68293,50.57401],[5.68282,50.57384],[5.68334,50.57359],[5.68354,50.57331],[5.68294,50.57303],[5.68243,50.57301],[5.68205,50.5729],[5.68157,50.57257],[5.68144,50.57223],[5.6817,50.57219],[5.68271,50.57249],[5.68338,50.57273],[5.68388,50.57303],[5.68393,50.57361],[5.68347,50.57387],[5.68293,50.57401]],[[5.69959,50.5736],[5.69944,50.57359],[5.69982,50.57359],[5.69959,50.5736]],[[5.82793,50.5728],[5.82789,50.57276],[5.82797,50.57276],[5.82793,50.5728]],[[5.69584,50.57259],[5.69568,50.57247],[5.69612,50.57237],[5.69637,50.57247],[5.69624,50.57258],[5.69584,50.57259]],[[5.81834,50.56972],[5.81837,50.56967],[5.81879,50.5697],[5.81834,50.56972]],[[5.71918,50.56591],[5.71899,50.56581],[5.7191,50.56568],[5.71924,50.56567],[5.7194,50.56577],[5.71938,50.56584],[5.71918,50.56591]],[[5.71751,50.55765],[5.71738,50.55736],[5.7175,50.55711],[5.7176,50.55724],[5.71751,50.55765]],[[5.80751,50.55694],[5.80738,50.55668],[5.80753,50.55658],[5.80769,50.55668],[5.80751,50.55694]],[[5.80543,50.55068],[5.80541,50.55023],[5.80583,50.55013],[5.80586,50.55028],[5.80576,50.55044],[5.80543,50.55068]],[[5.71808,50.47109],[5.71805,50.47249],[5.71791,50.47275],[5.71726,50.47344],[5.7172,50.47413],[5.71709,50.47442],[5.71671,50.47474],[5.71625,50.47467],[5.71511,50.4755],[5.71485,50.47578],[5.71489,50.47593],[5.71505,50.47604],[5.716,50.4761],[5.71403,50.47716],[5.7131,50.47823],[5.71265,50.47903],[5.71256,50.47937],[5.71264,50.47965],[5.71392,50.48054],[5.71425,50.48098],[5.71423,50.48122],[5.71404,50.48131],[5.71373,50.48128],[5.71254,50.48074],[5.71196,50.48065],[5.7114,50.48081],[5.7106,50.48136],[5.71037,50.48159],[5.71024,50.48194],[5.70959,50.4822],[5.70925,50.48251],[5.70873,50.48275],[5.70852,50.48299],[5.70846,50.48334],[5.70818,50.48365],[5.70801,50.4841],[5.7079,50.4847],[5.70807,50.48497],[5.70811,50.48521],[5.70793,50.48583],[5.70725,50.48547],[5.70561,50.48503],[5.70486,50.4852],[5.70458,50.48559],[5.70373,50.48567],[5.70123,50.48546],[5.70043,50.48527],[5.69973,50.48491],[5.69877,50.48465],[5.69765,50.48384],[5.69709,50.48359],[5.69651,50.48303],[5.69478,50.48221],[5.69423,50.48185],[5.69374,50.48166],[5.69335,50.48137],[5.68988,50.47981],[5.68669,50.47864],[5.68212,50.47758],[5.6809,50.47745],[5.67701,50.47735],[5.67264,50.47709],[5.67206,50.47718],[5.6717,50.47754],[5.67132,50.47769],[5.67091,50.47716],[5.66946,50.47673],[5.66774,50.47668],[5.6667,50.47657],[5.66238,50.47682],[5.66127,50.47696],[5.6607,50.47715],[5.66029,50.47747],[5.66001,50.47804],[5.65955,50.4781],[5.65879,50.47785],[5.65842,50.47781],[5.6579,50.47784],[5.65741,50.47798],[5.65584,50.47887],[5.6542,50.48004],[5.65376,50.48026],[5.65345,50.48056],[5.6529,50.48064],[5.65196,50.48092],[5.65123,50.4809],[5.65019,50.481],[5.64858,50.48092],[5.64792,50.4807],[5.64751,50.48067]],[[5.71412,50.47109],[5.7141,50.47138],[5.7142,50.47166],[5.71383,50.47271],[5.71379,50.47309],[5.71286,50.47329],[5.71209,50.47391],[5.71198,50.47434],[5.71201,50.47455],[5.71208,50.47472],[5.71264,50.47519],[5.71266,50.47553],[5.71216,50.47592],[5.71169,50.47611],[5.71113,50.47688],[5.71104,50.47757],[5.7105,50.47819],[5.70379,50.47959],[5.70264,50.47964],[5.70077,50.47952],[5.69918,50.47897],[5.69837,50.47859],[5.69795,50.47827],[5.69714,50.47794],[5.69583,50.47698],[5.69497,50.4767],[5.69389,50.47655],[5.68953,50.47554],[5.68712,50.47514],[5.68665,50.47499],[5.68645,50.47479],[5.68632,50.47448],[5.68645,50.47416],[5.68887,50.47275],[5.68865,50.47275],[5.68789,50.47302],[5.6871,50.47346],[5.68658,50.47355],[5.6857,50.47385],[5.68489,50.47434],[5.68484,50.47471],[5.68451,50.47478],[5.68082,50.47425],[5.6795,50.47379],[5.67702,50.47337],[5.67638,50.47304],[5.67637,50.47274],[5.6768,50.47223],[5.67685,50.47187],[5.67699,50.47163],[5.67755,50.47142],[5.67895,50.47109]],[[5.67126,50.47864],[5.67126,50.47856],[5.67126,50.47864]],[[5.66505,50.47109],[5.66502,50.47148],[5.66447,50.47189],[5.66382,50.47222],[5.66281,50.47247],[5.66212,50.47257],[5.6616,50.47254],[5.66147,50.47247],[5.66134,50.47211],[5.66122,50.47205],[5.66051,50.47252],[5.66014,50.47302],[5.65976,50.47331],[5.65959,50.47386],[5.65919,50.47459],[5.65876,50.47494],[5.65761,50.47555],[5.6567,50.4757],[5.65632,50.47612],[5.65498,50.47634],[5.65416,50.47661],[5.6538,50.47694],[5.65299,50.47723],[5.65235,50.47778],[5.65085,50.47833],[5.65014,50.47846],[5.64956,50.47833],[5.64912,50.47804],[5.64751,50.47764]],[[5.67509,50.47109],[5.67523,50.47146],[5.67511,50.47191],[5.67479,50.4722],[5.67458,50.47259],[5.67408,50.47279],[5.67241,50.47254],[5.67231,50.47239],[5.67242,50.47184],[5.6721,50.47143],[5.67166,50.47134],[5.67126,50.47152],[5.67098,50.47152],[5.67076,50.47145],[5.67032,50.47109]]]}},{"type":"Feature","properties":{"ele":200},"geometry":{"type":"MultiLineString","coordinates":[[[5.65554,50.61193],[5.65378,50.61117],[5.65305,50.61075],[5.65279,50.6105],[5.65267,50.61024],[5.6527,50.60986],[5.65293,50.60915],[5.65275,50.60868],[5.65251,50.60831],[5.65165,50.60777],[5.65029,50.6072],[5.65073,50.60649],[5.65076,50.60599],[5.65106,50.6056],[5.65227,50.60502],[5.65227,50.60473],[5.65235,50.60463],[5.65255,50.60457],[5.65291,50.6046],[5.65306,50.6044],[5.65294,50.60413],[5.65256,50.60381],[5.65122,50.60361],[5.65076,50.60333],[5.65043,50.60304],[5.65037,50.60278],[5.65018,50.6025],[5.6502,50.60229],[5.65056,50.60162],[5.65072,50.6011],[5.65117,50.60079],[5.65179,50.60061],[5.65298,50.59998],[5.65175,50.59962],[5.65127,50.59935],[5.65113,50.5994],[5.65091,50.59969],[5.65082,50.59971],[5.65053,50.59919],[5.65001,50.59887],[5.65019,50.59861],[5.65028,50.59828],[5.65046,50.59805],[5.65043,50.59748],[5.65091,50.59704],[5.65091,50.59687],[5.6505,50.59676],[5.64968,50.59675],[5.64919,50.59662],[5.64882,50.59683],[5.64852,50.59686],[5.64808,50.59661],[5.64751,50.5965]],[[5.72593,50.61193],[5.72564,50.61163],[5.72559,50.61136],[5.72597,50.61105],[5.72625,50.61065],[5.72666,50.61052],[5.72669,50.61025],[5.72582,50.60975],[5.72499,50.60892],[5.72465,50.60876],[5.72416,50.60876],[5.72372,50.6091],[5.7233,50.60929],[5.72297,50.6093],[5.7228,50.60918],[5.72283,50.60909],[5.7232,50.60884],[5.72325,50.60861],[5.72241,50.60772],[5.72207,50.6072],[5.72224,50.60674],[5.7225,50.60635],[5.72269,50.60583],[5.72301,50.60537],[5.72303,50.60523],[5.72216,50.60483],[5.72134,50.60456],[5.72114,50.60444],[5.72097,50.60413],[5.71976,50.60362],[5.71976,50.60305],[5.71985,50.60264],[5.71979,50.60243],[5.71876,50.60137],[5.71836,50.60107],[5.71802,50.60059],[5.71806,50.59979],[5.71828,50.59937],[5.71808,50.59904],[5.71741,50.59854],[5.71708,50.59855],[5.71675,50.59892],[5.71586,50.59915],[5.71505,50.59886],[5.71427,50.59823],[5.71425,50.59802],[5.71463,50.59745],[5.71449,50.5972],[5.71411,50.59695],[5.71367,50.59688],[5.71217,50.597],[5.71169,50.59715],[5.71148,50.59745],[5.71116,50.5977],[5.71054,50.59896],[5.71007,50.59933],[5.7096,50.59943],[5.70944,50.59965],[5.70945,50.59975],[5.70964,50.59986],[5.71047,50.60008],[5.71087,50.60046],[5.71188,50.60184],[5.71192,50.60201],[5.71184,50.60219],[5.71078,50.60243],[5.70795,50.60332],[5.70788,50.60331],[5.70814,50.60309],[5.7081,50.60292],[5.70793,50.60273],[5.70746,50.60277],[5.70722,50.60246],[5.70742,50.60219],[5.70798,50.60196],[5.70811,50.60174],[5.70808,50.60163],[5.70728,50.6014],[5.70668,50.60093],[5.70519,50.60076],[5.70331,50.59998],[5.70389,50.59991],[5.70448,50.59966],[5.70643,50.59917],[5.70674,50.59895],[5.7067,50.59881],[5.70588,50.5985],[5.70545,50.59866],[5.70501,50.5986],[5.70479,50.59833],[5.70433,50.59803],[5.70337,50.59769],[5.70207,50.59774],[5.70165,50.59791],[5.70125,50.5983],[5.7008,50.59859],[5.70077,50.59888],[5.70101,50.5992],[5.70097,50.59942],[5.70086,50.59954],[5.69988,50.5996],[5.69868,50.59995],[5.69782,50.59997],[5.69765,50.60031],[5.69778,50.60106],[5.69843,50.60193],[5.69824,50.60251],[5.69889,50.60269],[5.70006,50.60268],[5.70029,50.60279],[5.70044,50.60303],[5.69866,50.6033],[5.69831,50.60351],[5.69827,50.60381],[5.69836,50.60401],[5.69957,50.60501],[5.69969,50.60519],[5.69961,50.6054],[5.69917,50.60556],[5.69898,50.60528],[5.69829,50.605],[5.69773,50.6045],[5.69713,50.60411],[5.69671,50.60357],[5.69638,50.60332],[5.69627,50.60303],[5.69591,50.6032],[5.69561,50.6032],[5.6952,50.60303],[5.6946,50.60257],[5.69389,50.60245],[5.69335,50.6022],[5.69285,50.60216],[5.69247,50.60199],[5.69251,50.60165],[5.69304,50.60137],[5.69282,50.60112],[5.69279,50.6008],[5.69286,50.60051],[5.69315,50.60023],[5.69369,50.59995],[5.69462,50.60009],[5.69508,50.60002],[5.69531,50.59965],[5.69591,50.59944],[5.69599,50.59915],[5.69547,50.59878],[5.69536,50.59837],[5.69546,50.59805],[5.69542,50.59776],[5.69468,50.5969],[5.69303,50.59585],[5.69222,50.59523],[5.69002,50.59394],[5.68921,50.59358],[5.68795,50.59349],[5.68709,50.59331],[5.68696,50.59385],[5.6866,50.59435],[5.68536,50.59518],[5.68469,50.59592],[5.68431,50.596],[5.68366,50.59583],[5.68371,50.59612],[5.68411,50.5964],[5.68469,50.59665],[5.68459,50.5972],[5.68442,50.59745],[5.68418,50.59754],[5.68375,50.59747],[5.68282,50.59756],[5.68258,50.59746],[5.68245,50.59723],[5.68252,50.59696],[5.68277,50.59667],[5.68269,50.59643],[5.68255,50.59633],[5.68173,50.59618],[5.68162,50.59608],[5.68164,50.59581],[5.68197,50.59552],[5.68229,50.59479],[5.68225,50.59445],[5.68206,50.59422],[5.68159,50.59407],[5.68043,50.59398],[5.67928,50.59328],[5.67733,50.59338],[5.6762,50.59305],[5.67629,50.59279],[5.67677,50.59252],[5.67667,50.59222],[5.67599,50.59191],[5.675,50.59163],[5.67449,50.59139],[5.6742,50.59114],[5.67419,50.59087],[5.67458,50.59052],[5.67462,50.59029],[5.67426,50.58997],[5.67368,50.5898],[5.67252,50.58969],[5.67087,50.58988],[5.67046,50.58986],[5.6695,50.58935],[5.66824,50.58888],[5.66796,50.58854],[5.66764,50.58845],[5.66709,50.58856],[5.66668,50.58944],[5.66667,50.58973],[5.66684,50.59007],[5.66705,50.59028],[5.66762,50.5906],[5.66759,50.59114],[5.66731,50.5917],[5.66735,50.59193],[5.66795,50.59247],[5.66868,50.5934],[5.66979,50.59383],[5.67038,50.5943],[5.67061,50.59465],[5.67063,50.59493],[5.67043,50.59527],[5.67005,50.59559],[5.66913,50.59577],[5.66873,50.5963],[5.66847,50.59642],[5.66829,50.59643],[5.66748,50.59612],[5.66668,50.59609],[5.66634,50.59593],[5.66616,50.59595],[5.66593,50.59618],[5.66584,50.59665],[5.66544,50.59687],[5.66541,50.59696],[5.66569,50.59767],[5.66643,50.59851],[5.66661,50.59891],[5.66716,50.59967],[5.66725,50.60001],[5.66757,50.60019],[5.6683,50.60037],[5.6687,50.6006],[5.66918,50.60053],[5.66938,50.60058],[5.66944,50.6008],[5.66934,50.60114],[5.66959,50.60165],[5.66916,50.60193],[5.66951,50.60219],[5.66955,50.60239],[5.66871,50.60358],[5.6675,50.6037],[5.66666,50.60337],[5.66625,50.60331],[5.66525,50.6038],[5.66375,50.60414],[5.66342,50.60479],[5.66333,50.60525],[5.66349,50.60566],[5.66343,50.60618],[5.66379,50.60667],[5.66362,50.60676],[5.66329,50.60676],[5.66309,50.60665],[5.66296,50.60635],[5.6622,50.60635],[5.66169,50.60621],[5.66148,50.60588],[5.66108,50.60554],[5.66022,50.6044],[5.65996,50.6036],[5.66024,50.60333],[5.66034,50.60309],[5.66,50.60276],[5.66002,50.60252],[5.66113,50.60193],[5.6612,50.60142],[5.66107,50.60115],[5.66074,50.60083],[5.66063,50.60052],[5.66027,50.59998],[5.66006,50.59984],[5.65946,50.59969],[5.65952,50.59899],[5.65938,50.5988],[5.65904,50.59855],[5.65964,50.59749],[5.65962,50.59718],[5.65931,50.59692],[5.65963,50.5967],[5.65964,50.59659],[5.65953,50.59638],[5.65843,50.59557],[5.65815,50.59528],[5.65856,50.59493],[5.65914,50.59463],[5.65962,50.59474],[5.6605,50.59475],[5.66105,50.59471],[5.66131,50.59459],[5.66153,50.59434],[5.66141,50.59389],[5.66156,50.59351],[5.6615,50.5933],[5.66128,50.59302],[5.6604,50.59249],[5.66013,50.5922],[5.65962,50.59187],[5.65889,50.59176],[5.65839,50.59197],[5.6572,50.593],[5.65626,50.59359],[5.65547,50.59389],[5.65483,50.59379],[5.65418,50.59348],[5.65304,50.59326],[5.65224,50.59301],[5.65113,50.59321],[5.6503,50.59324],[5.64925,50.59295],[5.64887,50.5927],[5.64879,50.59222],[5.64913,50.59142],[5.649,50.59113],[5.64751,50.59057]],[[5.729,50.61193],[5.72918,50.61163],[5.72907,50.61104],[5.7287,50.61032],[5.72874,50.61013],[5.73066,50.61006],[5.73084,50.61011],[5.73111,50.61037],[5.73144,50.61049],[5.73207,50.61058],[5.73293,50.61053],[5.73334,50.61081],[5.73333,50.61111],[5.73372,50.61137],[5.73433,50.61162],[5.73446,50.61193]],[[5.73527,50.61193],[5.73515,50.61174],[5.73518,50.61162],[5.73588,50.6111],[5.73501,50.61075],[5.73503,50.6103],[5.73544,50.61002],[5.73593,50.60991],[5.73676,50.61003],[5.73806,50.60992],[5.73914,50.61007],[5.73948,50.60997],[5.73979,50.60971],[5.74001,50.60968],[5.74039,50.60971],[5.74175,50.61025],[5.74212,50.61052],[5.74236,50.61085],[5.74339,50.61137],[5.74377,50.61193]],[[5.74959,50.61193],[5.7489,50.61164],[5.74874,50.61137],[5.74892,50.61087],[5.74909,50.61066],[5.75003,50.61],[5.75056,50.60973],[5.75037,50.60942],[5.75035,50.6091],[5.75002,50.60871],[5.74957,50.60886],[5.74932,50.60916],[5.74876,50.60928],[5.74794,50.60973],[5.74711,50.60961],[5.74668,50.60979],[5.74621,50.60976],[5.74613,50.6097],[5.74616,50.60963],[5.74656,50.6094],[5.74625,50.60916],[5.74584,50.60855],[5.74548,50.60825],[5.74446,50.60809],[5.74377,50.60775],[5.74346,50.60739],[5.74328,50.60646],[5.74308,50.60627],[5.74279,50.60625],[5.74123,50.60659],[5.74088,50.60655],[5.74033,50.60635],[5.73837,50.60687],[5.73763,50.60655],[5.73672,50.60646],[5.73509,50.60601],[5.73415,50.60565],[5.73384,50.60561],[5.73321,50.60568],[5.73289,50.60555],[5.73211,50.60497],[5.73026,50.60396],[5.72946,50.60366],[5.72842,50.60352],[5.72785,50.60335],[5.72544,50.60223],[5.72472,50.60179],[5.7233,50.60138],[5.72274,50.60111],[5.72196,50.6001],[5.72183,50.59948],[5.72206,50.59889],[5.72209,50.59858],[5.72226,50.5986],[5.7222,50.59889],[5.72251,50.59915],[5.7226,50.59892],[5.7226,50.59861],[5.72294,50.59831],[5.72283,50.59808],[5.72265,50.59793],[5.72197,50.59776],[5.7222,50.59748],[5.722,50.5972],[5.72193,50.5966],[5.72227,50.596],[5.72233,50.59576],[5.72202,50.59502],[5.72154,50.59467],[5.72154,50.59437],[5.72169,50.59387],[5.72154,50.59361],[5.72152,50.59334],[5.72163,50.59321],[5.72181,50.59317],[5.7234,50.59331],[5.72457,50.59327],[5.72515,50.5931],[5.72526,50.59298],[5.72527,50.59281],[5.72513,50.59248],[5.7242,50.59188],[5.72372,50.5914],[5.72296,50.59104],[5.72209,50.59004],[5.72138,50.58955],[5.72125,50.58954],[5.72117,50.58963],[5.7211,50.5902],[5.72131,50.59057],[5.72131,50.59109],[5.72072,50.59135],[5.72069,50.59162],[5.7206,50.59172],[5.72024,50.59181],[5.7197,50.59168],[5.71954,50.59136],[5.71917,50.59109],[5.71786,50.59063],[5.71697,50.58996],[5.71508,50.58909],[5.71498,50.58911],[5.71479,50.58972],[5.71451,50.5902],[5.71384,50.59029],[5.7129,50.59021],[5.71209,50.59026],[5.71163,50.5904],[5.71082,50.5909],[5.70894,50.59066],[5.70801,50.59046],[5.70666,50.58986],[5.70654,50.59001],[5.70647,50.59031],[5.70652,50.59094],[5.7062,50.59165],[5.70643,50.59194],[5.70691,50.59221],[5.7053,50.59235],[5.70495,50.59246],[5.70462,50.59277],[5.70415,50.59301],[5.70309,50.59332],[5.70217,50.59336],[5.70161,50.59362],[5.70102,50.59372],[5.70066,50.59369],[5.70039,50.5936],[5.70033,50.5933],[5.70201,50.59322],[5.70236,50.5931],[5.70243,50.59295],[5.70215,50.59246],[5.7006,50.59181],[5.69995,50.59135],[5.69972,50.59078],[5.6993,50.59021],[5.69985,50.58924],[5.69978,50.58911],[5.69919,50.58915],[5.69825,50.58965],[5.69804,50.58989],[5.69798,50.59014],[5.69807,50.59029],[5.69841,50.59054],[5.69795,50.59064],[5.69777,50.59026],[5.69707,50.59017],[5.69666,50.59001],[5.69672,50.58917],[5.69667,50.58891],[5.69639,50.58858],[5.69621,50.58847],[5.69459,50.58831],[5.69445,50.58862],[5.69498,50.58916],[5.69502,50.58941],[5.69457,50.58973],[5.69406,50.58956],[5.69215,50.58852],[5.69092,50.58811],[5.68905,50.58785],[5.68634,50.58719],[5.68498,50.58702],[5.68288,50.58658],[5.68207,50.58649],[5.6806,50.5861],[5.68114,50.58581],[5.68284,50.58563],[5.68312,50.58556],[5.68318,50.58548],[5.68307,50.58519],[5.68261,50.58474],[5.68107,50.58368],[5.68081,50.58334],[5.68082,50.58301],[5.68128,50.58299],[5.68279,50.58334],[5.68405,50.58343],[5.6858,50.58331],[5.68591,50.58305],[5.68493,50.58225],[5.6842,50.5819],[5.68333,50.5811],[5.68273,50.5808],[5.68147,50.58055],[5.68073,50.57999],[5.68056,50.57969],[5.6817,50.5789],[5.68203,50.57882],[5.68291,50.57887],[5.68403,50.57947],[5.68477,50.57961],[5.68578,50.57946],[5.68792,50.57877],[5.68887,50.57867],[5.68899,50.5785],[5.6889,50.57802],[5.6891,50.57771],[5.69014,50.57697],[5.6904,50.57662],[5.69167,50.57623],[5.69215,50.57586],[5.69226,50.57552],[5.69203,50.57486],[5.69207,50.57438],[5.69252,50.57388],[5.69306,50.5738],[5.69498,50.57425],[5.69597,50.57428],[5.69785,50.57491],[5.69889,50.57497],[5.69959,50.5749],[5.70071,50.57515],[5.70099,50.5753],[5.70125,50.57591],[5.70163,50.57578],[5.70208,50.57533],[5.70335,50.57523],[5.70381,50.5754],[5.70442,50.57575],[5.70453,50.57587],[5.70458,50.57612],[5.70465,50.57616],[5.70613,50.57649],[5.70717,50.57643],[5.70824,50.57666],[5.70966,50.57744],[5.71046,50.57775],[5.71079,50.57811],[5.71085,50.57832],[5.71009,50.57862],[5.70952,50.57936],[5.7095,50.57961],[5.70961,50.57982],[5.71044,50.58026],[5.71088,50.58028],[5.71175,50.5801],[5.71227,50.58015],[5.71256,50.58024],[5.71291,50.58058],[5.71334,50.58067],[5.71368,50.57995],[5.71459,50.57943],[5.71481,50.57893],[5.71467,50.57877],[5.71408,50.57859],[5.7137,50.5783],[5.71335,50.57745],[5.71333,50.5767],[5.71284,50.57614],[5.7128,50.57587],[5.71314,50.57554],[5.71403,50.57522],[5.7142,50.57496],[5.71218,50.57368],[5.71117,50.57278],[5.71084,50.57257],[5.70923,50.57214],[5.70791,50.57194],[5.70707,50.57166],[5.7063,50.57135],[5.70587,50.57109],[5.70552,50.57079],[5.70538,50.57055],[5.70532,50.57007],[5.70541,50.56971],[5.70588,50.56916],[5.70625,50.56848],[5.7075,50.56796],[5.70911,50.56805],[5.71036,50.56833],[5.71132,50.56885],[5.71378,50.56942],[5.71509,50.56986],[5.71691,50.57033],[5.71826,50.57045],[5.71941,50.57066],[5.72248,50.57067],[5.72287,50.57084],[5.7229,50.57138],[5.72321,50.57141],[5.72417,50.57109],[5.72544,50.57139],[5.72631,50.57085],[5.72671,50.5708],[5.72809,50.57107],[5.72903,50.57168],[5.72938,50.57219],[5.72945,50.57353],[5.7298,50.57411],[5.72909,50.57439],[5.72868,50.57473],[5.7291,50.57504],[5.73044,50.57522],[5.73135,50.57629],[5.73129,50.57674],[5.73142,50.57718],[5.73118,50.5776],[5.73129,50.57801],[5.73157,50.57836],[5.73222,50.57859],[5.73227,50.57885],[5.73253,50.57913],[5.73257,50.57948],[5.73286,50.57996],[5.73286,50.58029],[5.734,50.58139],[5.73435,50.58198],[5.7344,50.58233],[5.73434,50.5827],[5.73422,50.58282],[5.73332,50.58287],[5.73249,50.58309],[5.73222,50.58303],[5.73171,50.58271],[5.72972,50.58292],[5.72919,50.58285],[5.72903,50.58275],[5.72904,50.58239],[5.72895,50.58216],[5.72875,50.58196],[5.72841,50.58181],[5.72814,50.58193],[5.728,50.58226],[5.72831,50.58278],[5.72913,50.58332],[5.73079,50.58353],[5.73105,50.58368],[5.73127,50.58415],[5.73102,50.58469],[5.73114,50.58535],[5.7309,50.5859],[5.73123,50.58648],[5.73166,50.58678],[5.73219,50.58745],[5.7322,50.58777],[5.73261,50.58802],[5.73358,50.5882],[5.73426,50.58848],[5.73561,50.58865],[5.73659,50.58897],[5.73698,50.58888],[5.73733,50.58853],[5.73764,50.58838],[5.73811,50.58832],[5.73878,50.58838],[5.73917,50.5883],[5.73928,50.58886],[5.74035,50.58922],[5.74079,50.5892],[5.74123,50.58904],[5.74165,50.58919],[5.74222,50.58917],[5.74224,50.58912],[5.7417,50.58884],[5.74129,50.58852],[5.74105,50.58785],[5.74079,50.58749],[5.7404,50.58728],[5.73954,50.5872],[5.73923,50.5867],[5.73942,50.58635],[5.74003,50.58603],[5.74023,50.58613],[5.74037,50.58652],[5.74048,50.58659],[5.74168,50.58635],[5.74239,50.58608],[5.7431,50.58556],[5.74423,50.58529],[5.74446,50.58497],[5.74547,50.58463],[5.74779,50.58489],[5.74852,50.58517],[5.74967,50.58547],[5.75108,50.58558],[5.75181,50.58553],[5.75211,50.58526],[5.7518,50.58491],[5.75132,50.58464],[5.74993,50.58416],[5.74936,50.58361],[5.74945,50.58212],[5.74958,50.58192],[5.75006,50.58192],[5.75115,50.5822],[5.75166,50.5825],[5.75222,50.58329],[5.75266,50.58357],[5.75267,50.58399],[5.75332,50.58481],[5.75457,50.58532],[5.75576,50.58565],[5.7562,50.58566],[5.75632,50.58552],[5.75589,50.58506],[5.75532,50.58499],[5.75547,50.5847],[5.75542,50.58446],[5.75501,50.58387],[5.75479,50.58312],[5.75489,50.58273],[5.75514,50.58258],[5.75587,50.5826],[5.75867,50.58312],[5.75923,50.58339],[5.76097,50.58382],[5.76217,50.58394],[5.76337,50.58386],[5.76319,50.58415],[5.764,50.58449],[5.76421,50.58451],[5.76464,50.58436],[5.76513,50.58437],[5.76843,50.58525],[5.7692,50.58554],[5.76793,50.58583],[5.76752,50.5861],[5.76668,50.58693],[5.76711,50.58703],[5.76792,50.5866],[5.76899,50.58632],[5.77009,50.58632],[5.77067,50.58646],[5.77191,50.58703],[5.77324,50.58723],[5.7742,50.58747],[5.77495,50.58776],[5.77515,50.58793],[5.77521,50.58816],[5.7748,50.58885],[5.77458,50.58941],[5.77396,50.58974],[5.77375,50.59025],[5.77416,50.59084],[5.77458,50.5911],[5.77508,50.5911],[5.77485,50.59089],[5.77478,50.59073],[5.77501,50.5897],[5.77577,50.58889],[5.77619,50.58858],[5.77669,50.58857],[5.77846,50.58883],[5.78126,50.58965],[5.78169,50.58998],[5.78224,50.59026],[5.78235,50.59057],[5.7826,50.59073],[5.78298,50.59074],[5.78337,50.59039],[5.78376,50.59046],[5.78399,50.59079],[5.78369,50.59109],[5.7839,50.5911],[5.78417,50.59098],[5.7843,50.59121],[5.78427,50.59142],[5.78399,50.59168],[5.78399,50.5919],[5.78463,50.59258],[5.78499,50.59281],[5.78582,50.59283],[5.78629,50.59303],[5.78701,50.59315],[5.78756,50.59292],[5.78822,50.59211],[5.78884,50.5921],[5.78988,50.59183],[5.79045,50.5919],[5.7904,50.59221],[5.79117,50.59259],[5.79135,50.59259],[5.79148,50.59246],[5.79123,50.59223],[5.79106,50.59185],[5.79036,50.59138],[5.79033,50.59108],[5.7905,50.59056],[5.7904,50.59027],[5.78992,50.59024],[5.78905,50.59041],[5.78858,50.5904],[5.78675,50.5897],[5.78581,50.58944],[5.78555,50.58917],[5.78541,50.58889],[5.78526,50.58884],[5.78451,50.5888],[5.78316,50.58847],[5.78123,50.58847],[5.77837,50.58789],[5.77739,50.58779],[5.77712,50.5876],[5.77678,50.58721],[5.77593,50.58695],[5.77544,50.58654],[5.77504,50.58635],[5.77384,50.58609],[5.77334,50.5858],[5.77259,50.5855],[5.77208,50.58518],[5.77175,50.58512],[5.77123,50.58517],[5.77085,50.58502],[5.77066,50.58472],[5.77045,50.58412],[5.77002,50.58386],[5.76957,50.58376],[5.76858,50.58333],[5.76775,50.58277],[5.7675,50.58242],[5.7672,50.58221],[5.76619,50.58204],[5.76372,50.58111],[5.76163,50.58],[5.76131,50.57991],[5.76082,50.57994],[5.75914,50.57975],[5.75835,50.57943],[5.75463,50.57864],[5.753,50.57849],[5.75036,50.57842],[5.75013,50.57828],[5.75038,50.57799],[5.75047,50.57775],[5.75006,50.57742],[5.74868,50.57715],[5.74831,50.57717],[5.74798,50.57736],[5.74769,50.57742],[5.74701,50.5773],[5.74618,50.57729],[5.74557,50.57716],[5.74512,50.57685],[5.74488,50.57642],[5.74484,50.57613],[5.7455,50.57601],[5.74625,50.57608],[5.74712,50.57627],[5.74829,50.57616],[5.74904,50.57582],[5.74931,50.57521],[5.74995,50.57475],[5.75118,50.57463],[5.75214,50.57469],[5.75325,50.57494],[5.7538,50.57519],[5.75422,50.57553],[5.75526,50.57613],[5.75602,50.57649],[5.75751,50.57693],[5.75858,50.57704],[5.75957,50.57702],[5.76097,50.57683],[5.7638,50.57613],[5.76541,50.57542],[5.76582,50.5754],[5.76663,50.57556],[5.76685,50.57553],[5.7672,50.5754],[5.76777,50.575],[5.76832,50.57489],[5.76949,50.575],[5.77045,50.57525],[5.77095,50.57551],[5.77127,50.57592],[5.77166,50.57616],[5.77186,50.57578],[5.77222,50.57558],[5.77394,50.5753],[5.77547,50.57526],[5.775,50.5752],[5.77465,50.57496],[5.77365,50.57459],[5.77341,50.57438],[5.77333,50.57415],[5.77376,50.57387],[5.77274,50.57347],[5.7725,50.57332],[5.77241,50.5731],[5.77227,50.573],[5.77059,50.57249],[5.76932,50.57219],[5.76875,50.57218],[5.76806,50.57232],[5.76744,50.5722],[5.76702,50.57173],[5.76587,50.56996],[5.76576,50.56962],[5.76584,50.56942],[5.76643,50.56916],[5.76821,50.5691],[5.77083,50.56916],[5.77175,50.5691],[5.773,50.56928],[5.77418,50.56913],[5.77583,50.56944],[5.77665,50.5694],[5.77806,50.57006],[5.78009,50.5707],[5.78212,50.57098],[5.78306,50.57099],[5.78377,50.57109],[5.78501,50.57139],[5.78654,50.5716],[5.78745,50.57186],[5.78792,50.57207],[5.78849,50.57186],[5.7886,50.57163],[5.78858,50.57128],[5.7887,50.57107],[5.78998,50.57077],[5.79039,50.57083],[5.79171,50.57136],[5.79217,50.57164],[5.80003,50.57387],[5.80127,50.57441],[5.80264,50.57484],[5.80336,50.57488],[5.80372,50.575],[5.80399,50.57522],[5.80409,50.57542],[5.80403,50.57557],[5.80378,50.57569],[5.80337,50.57571],[5.80206,50.57546],[5.80144,50.57544],[5.80078,50.57552],[5.8004,50.57583],[5.80144,50.5759],[5.80242,50.57641],[5.80261,50.57663],[5.80265,50.57687],[5.80225,50.5775],[5.80223,50.57777],[5.8025,50.57793],[5.80302,50.57806],[5.80314,50.5783],[5.80317,50.57885],[5.80362,50.57943],[5.80454,50.57971],[5.80478,50.57971],[5.80483,50.57964],[5.80473,50.57924],[5.80472,50.57862],[5.80455,50.57833],[5.80401,50.57802],[5.80393,50.57785],[5.80397,50.57772],[5.80464,50.57722],[5.80571,50.57699],[5.8066,50.57692],[5.8071,50.57692],[5.8079,50.57707],[5.80965,50.57747],[5.81066,50.57784],[5.81139,50.57797],[5.81209,50.57832],[5.8141,50.579],[5.81541,50.57898],[5.81551,50.57885],[5.81526,50.5785],[5.81547,50.57804],[5.81542,50.57776],[5.81547,50.57749],[5.8153,50.57718],[5.81537,50.57649],[5.81522,50.57594],[5.81525,50.57563],[5.81543,50.57544],[5.8162,50.57558],[5.81674,50.57542],[5.81696,50.57557],[5.81699,50.5761],[5.81755,50.57622],[5.81797,50.57662],[5.81864,50.57691],[5.81895,50.5772],[5.81914,50.57754],[5.81963,50.57773],[5.82002,50.578],[5.8203,50.57835],[5.82077,50.57865],[5.82117,50.57917],[5.82194,50.57941],[5.82194,50.57971],[5.82261,50.58024],[5.82258,50.58059],[5.82304,50.58106],[5.82298,50.58135],[5.82309,50.5817],[5.82304,50.58193],[5.82251,50.58205],[5.8223,50.58217],[5.82199,50.58275],[5.82215,50.58308],[5.82175,50.58326],[5.82125,50.58331],[5.82143,50.58358],[5.82147,50.58378],[5.8211,50.5844],[5.82089,50.58458],[5.82034,50.5847],[5.82122,50.58505],[5.82158,50.58549],[5.8216,50.58566],[5.82151,50.58583],[5.82095,50.58634],[5.82145,50.58664],[5.82141,50.58718],[5.82121,50.58744],[5.82094,50.58761],[5.81984,50.58801],[5.81989,50.58814],[5.82019,50.58819],[5.82165,50.58787],[5.82226,50.58795],[5.82242,50.58807],[5.82244,50.58842],[5.82297,50.58929],[5.82335,50.58888],[5.82325,50.58847],[5.82279,50.5877],[5.82281,50.58743],[5.82306,50.58674],[5.82403,50.58576],[5.8244,50.58517],[5.8246,50.58444],[5.82484,50.58421],[5.82506,50.58408],[5.8255,50.58406],[5.82727,50.58462],[5.82798,50.5847],[5.8287,50.58503],[5.83001,50.58595],[5.83122,50.58657],[5.83208,50.58688],[5.8323,50.58723],[5.83278,50.58751],[5.83326,50.58766],[5.8341,50.58762],[5.83459,50.58776],[5.83533,50.58889],[5.83573,50.58934],[5.83567,50.58978],[5.83588,50.58993],[5.83627,50.58997],[5.83623,50.59027],[5.83649,50.59059],[5.83616,50.59115],[5.83634,50.59137],[5.83712,50.59192],[5.8376,50.59196],[5.83795,50.59168],[5.83802,50.59132],[5.83798,50.59055],[5.83815,50.59027],[5.83839,50.59017],[5.83962,50.59032],[5.84041,50.59056],[5.84128,50.59053],[5.84167,50.59083],[5.84265,50.59103],[5.84319,50.59146],[5.8433,50.59194],[5.84319,50.59224],[5.84289,50.59237],[5.84222,50.59233],[5.84166,50.5924],[5.84098,50.59262],[5.84079,50.59276],[5.84099,50.59308],[5.84213,50.59384],[5.84217,50.59417],[5.8425,50.59499],[5.8434,50.5957],[5.84373,50.59577],[5.84425,50.59571],[5.84498,50.59597],[5.84541,50.59665],[5.84587,50.59681],[5.84673,50.59686],[5.84746,50.59706],[5.84767,50.59718],[5.8479,50.5975],[5.85002,50.59824],[5.8508,50.59864],[5.85105,50.59934],[5.85127,50.59968],[5.85123,50.59993],[5.85091,50.60007],[5.85002,50.60015],[5.84987,50.60027],[5.84977,50.60049],[5.85001,50.60082],[5.85049,50.60093],[5.85086,50.60122],[5.85097,50.60163],[5.8508,50.60223],[5.85101,50.60273],[5.85118,50.60288],[5.85144,50.60295],[5.85269,50.60296],[5.85331,50.60314],[5.85367,50.60333],[5.85414,50.60393],[5.85467,50.60519],[5.85533,50.60583],[5.85519,50.60616],[5.85444,50.6066],[5.85413,50.60704],[5.85293,50.60804],[5.85284,50.6083],[5.85286,50.60878],[5.85275,50.60937],[5.8522,50.60996],[5.85222,50.61079],[5.85245,50.61094],[5.85309,50.61108],[5.85332,50.61193]],[[5.85461,50.61193],[5.85505,50.61115],[5.85511,50.6108],[5.85551,50.61032],[5.85574,50.60951],[5.85576,50.60917],[5.85538,50.60862],[5.85542,50.60846],[5.85555,50.60833],[5.85681,50.60782],[5.8578,50.60779],[5.85845,50.60795],[5.85875,50.60809],[5.85918,50.60864],[5.8629,50.6103],[5.86331,50.61033],[5.86341,50.6102],[5.86338,50.6097],[5.86297,50.60942],[5.86246,50.6089],[5.86081,50.60805],[5.86075,50.60774],[5.86106,50.60748],[5.86034,50.60721],[5.85996,50.6062],[5.85958,50.60604],[5.85919,50.60641],[5.85876,50.60637],[5.85864,50.60608],[5.85864,50.60555],[5.85856,50.60529],[5.85789,50.60474],[5.85706,50.60445],[5.85722,50.60392],[5.85716,50.60363],[5.85636,50.60276],[5.85504,50.60223],[5.85385,50.60185],[5.85358,50.60167],[5.85341,50.60142],[5.85341,50.60108],[5.85373,50.60049],[5.85419,50.60009],[5.85506,50.59957],[5.85589,50.59944],[5.85665,50.59911],[5.85707,50.59907],[5.85751,50.59915],[5.85821,50.59957],[5.85904,50.59953],[5.85953,50.59979],[5.85977,50.59978],[5.86004,50.59971],[5.8601,50.59948],[5.86004,50.59928],[5.85981,50.59903],[5.85981,50.59885],[5.86041,50.59858],[5.8608,50.59853],[5.86098,50.59839],[5.861,50.59823],[5.86087,50.59798],[5.86045,50.5978],[5.85835,50.5975],[5.85794,50.59733],[5.85726,50.59722],[5.85638,50.59682],[5.85625,50.59665],[5.85659,50.59628],[5.85665,50.59579],[5.85738,50.59513],[5.85767,50.595],[5.85822,50.59502],[5.85923,50.59523],[5.86011,50.59579],[5.86036,50.59613],[5.86061,50.59621],[5.8618,50.59637],[5.86316,50.59675],[5.86543,50.59684],[5.86596,50.59719],[5.86637,50.59785],[5.86662,50.59811],[5.86681,50.59818],[5.86715,50.59814],[5.86749,50.59745],[5.86757,50.59696],[5.8679,50.59681],[5.86925,50.59688],[5.87007,50.59718],[5.87064,50.5975],[5.87087,50.59767],[5.8711,50.59808],[5.87133,50.59831],[5.87218,50.5989],[5.87332,50.59944],[5.87373,50.59971],[5.87418,50.60025],[5.87446,50.60073],[5.87414,50.60162],[5.87381,50.60201],[5.87325,50.60231],[5.87207,50.60247],[5.87184,50.60298],[5.87209,50.60324],[5.87321,50.60321],[5.87421,50.60336],[5.8751,50.60249],[5.87585,50.60193],[5.87634,50.60179],[5.87696,50.60189],[5.87917,50.60263],[5.8801,50.60321],[5.88096,50.60361],[5.8829,50.60433],[5.88424,50.60464],[5.88626,50.6054],[5.88646,50.60554],[5.88659,50.60584],[5.88758,50.60608],[5.88793,50.6067],[5.88829,50.60713],[5.88867,50.60729],[5.88882,50.60724],[5.8891,50.60664],[5.88954,50.60652],[5.8897,50.6064],[5.8894,50.60604],[5.8893,50.60573],[5.88938,50.60528],[5.88967,50.60499],[5.89129,50.60487],[5.89185,50.60468],[5.89289,50.6045],[5.89319,50.60469],[5.89321,50.60503],[5.89332,50.6053],[5.89418,50.6059]],[[5.85126,50.6109],[5.85118,50.61082],[5.85123,50.61075],[5.85145,50.61081],[5.85126,50.6109]],[[5.65209,50.61057],[5.65208,50.61051],[5.6522,50.61053],[5.65209,50.61057]],[[5.73251,50.61049],[5.73224,50.61027],[5.73232,50.61002],[5.7326,50.6099],[5.733,50.60993],[5.73293,50.61019],[5.73251,50.61049]],[[5.72709,50.60949],[5.72693,50.60927],[5.72698,50.60908],[5.72791,50.60877],[5.72841,50.60911],[5.72848,50.60927],[5.72845,50.60947],[5.72825,50.60955],[5.72709,50.60949]],[[5.75084,50.60921],[5.7506,50.60915],[5.75091,50.60915],[5.75084,50.60921]],[[5.75084,50.6086],[5.7507,50.60859],[5.75084,50.6086]],[[5.72543,50.60757],[5.72487,50.60722],[5.72482,50.60702],[5.7249,50.60687],[5.72514,50.60682],[5.72563,50.60692],[5.72615,50.60723],[5.72635,50.60747],[5.72597,50.60757],[5.72543,50.60757]],[[5.65209,50.6046],[5.65203,50.60441],[5.65225,50.60442],[5.65209,50.6046]],[[5.69334,50.60467],[5.69305,50.60437],[5.69342,50.60388],[5.69313,50.6034],[5.69318,50.60325],[5.69333,50.60315],[5.69392,50.6036],[5.6941,50.60392],[5.6938,50.6045],[5.69334,50.60467]],[[5.87209,50.60395],[5.87171,50.60369],[5.87169,50.6035],[5.872,50.60341],[5.87215,50.60347],[5.87222,50.60375],[5.87209,50.60395]],[[5.70709,50.60357],[5.70703,50.60331],[5.70725,50.60331],[5.70709,50.60357]],[[5.89418,50.60233],[5.89345,50.6022],[5.89166,50.6016],[5.89056,50.60141],[5.88686,50.60145],[5.88612,50.60172],[5.8851,50.6017],[5.88412,50.60141],[5.88251,50.6005],[5.88217,50.60041],[5.88156,50.6004],[5.8813,50.60023],[5.8807,50.5995],[5.88053,50.59914],[5.88019,50.59881],[5.88005,50.59819],[5.88037,50.59743],[5.88024,50.59715],[5.88016,50.59639],[5.88001,50.5961],[5.87976,50.59585],[5.87917,50.5956],[5.87856,50.59494],[5.87739,50.59416],[5.87654,50.59344],[5.87504,50.59299],[5.87415,50.59284],[5.87286,50.59277],[5.87283,50.59246],[5.87255,50.59219],[5.87163,50.59207],[5.87084,50.59165],[5.87048,50.59132],[5.87052,50.5908],[5.87046,50.59049],[5.87054,50.59029],[5.87128,50.59003],[5.87204,50.58958],[5.87302,50.58944],[5.87315,50.5892],[5.87319,50.58879],[5.87373,50.58817],[5.87392,50.58779],[5.8741,50.58766],[5.87501,50.5872],[5.87535,50.58712],[5.87717,50.58744],[5.87878,50.58721],[5.87964,50.58694],[5.88022,50.58649],[5.88032,50.58628],[5.88016,50.58608],[5.87968,50.58601],[5.87915,50.58613],[5.87786,50.58606],[5.87665,50.5863],[5.87542,50.58604],[5.87411,50.58631],[5.87363,50.58658],[5.87251,50.58749],[5.87203,50.58775],[5.87127,50.5886],[5.87009,50.58892],[5.86941,50.58893],[5.86842,50.58918],[5.86759,50.58973],[5.86668,50.5901],[5.8662,50.59005],[5.86554,50.58967],[5.8646,50.58942],[5.8642,50.58925],[5.86363,50.58922],[5.8629,50.58907],[5.86201,50.58912],[5.86171,50.58945],[5.86097,50.58958],[5.86009,50.58957],[5.85965,50.58947],[5.85907,50.58911],[5.85927,50.58857],[5.85911,50.58804],[5.85919,50.58716],[5.85877,50.58724],[5.85842,50.58719],[5.85719,50.58687],[5.85668,50.58662],[5.85626,50.58693],[5.8559,50.58656],[5.85586,50.58605],[5.85553,50.58584],[5.85541,50.5858],[5.85498,50.58595],[5.8546,50.58593],[5.85413,50.58558],[5.85348,50.58539],[5.85256,50.58493],[5.85248,50.58471],[5.85263,50.58443],[5.85162,50.58363],[5.85151,50.58326],[5.85091,50.58249],[5.85067,50.58195],[5.85039,50.58166],[5.85031,50.58146],[5.85034,50.58132],[5.85198,50.5801],[5.85202,50.57989],[5.85186,50.57968],[5.85159,50.57955],[5.85125,50.57953],[5.8504,50.57997],[5.84899,50.58021],[5.84874,50.58044],[5.84852,50.58023],[5.84766,50.57979],[5.84738,50.57952],[5.84732,50.57937],[5.84743,50.57915],[5.84828,50.57853],[5.84839,50.57804],[5.84717,50.57688],[5.84565,50.57579],[5.84519,50.57524],[5.84483,50.57498],[5.84484,50.57437],[5.84517,50.57347],[5.84551,50.57306],[5.8455,50.57274],[5.84506,50.57284],[5.8444,50.57332],[5.84378,50.57416],[5.84291,50.57497],[5.84248,50.57512],[5.84164,50.57525],[5.84127,50.57551],[5.84099,50.57587],[5.84082,50.5765],[5.84015,50.57705],[5.83988,50.5771],[5.83922,50.57684],[5.83838,50.57675],[5.83792,50.57662],[5.83681,50.57611],[5.83587,50.57552],[5.83428,50.57497],[5.83378,50.5747],[5.8336,50.57437],[5.83367,50.57417],[5.83378,50.5741],[5.83425,50.57399],[5.83669,50.57394],[5.83698,50.57385],[5.83713,50.57359],[5.83585,50.5727],[5.83519,50.57205],[5.83496,50.57166],[5.83463,50.57153],[5.83409,50.57173],[5.83349,50.57163],[5.83179,50.57052],[5.83158,50.57028],[5.83156,50.56998],[5.83137,50.56987],[5.8303,50.56984],[5.82834,50.56941],[5.82459,50.56915],[5.82375,50.5689],[5.82351,50.56861],[5.82333,50.56853],[5.82211,50.5686],[5.81977,50.56826],[5.81912,50.56798],[5.81818,50.56772],[5.81797,50.56743],[5.81805,50.56684],[5.81793,50.56656],[5.81774,50.5665],[5.81747,50.56652],[5.81667,50.56692],[5.81639,50.56736],[5.81627,50.56779],[5.81592,50.56797],[5.8155,50.568],[5.81441,50.56785],[5.81306,50.56785],[5.81186,50.56741],[5.81128,50.56691],[5.81102,50.5668],[5.81006,50.56662],[5.80963,50.56633],[5.80928,50.56587],[5.80919,50.56553],[5.80889,50.56521],[5.80888,50.56504],[5.80896,50.56495],[5.80966,50.56471],[5.81183,50.56447],[5.81293,50.56415],[5.81434,50.56359],[5.81558,50.56248],[5.81595,50.5618],[5.81611,50.56108],[5.81607,50.56076],[5.81586,50.56023],[5.81545,50.55957],[5.81405,50.55835],[5.81405,50.55825],[5.81422,50.55806],[5.81495,50.55771],[5.81618,50.55752],[5.8171,50.55746],[5.81751,50.55776],[5.81921,50.55741],[5.82019,50.55747],[5.8199,50.55718],[5.81916,50.55666],[5.81817,50.55637],[5.81662,50.55607],[5.81446,50.55595],[5.81396,50.55584],[5.81386,50.55573],[5.81377,50.55525],[5.81333,50.55499],[5.81162,50.55431],[5.81089,50.55384],[5.81048,50.55335],[5.81027,50.55285],[5.81031,50.55269],[5.81129,50.55189],[5.81179,50.55166],[5.81259,50.55149],[5.81295,50.55151],[5.81333,50.55166],[5.81343,50.55193],[5.8133,50.55221],[5.81382,50.55258],[5.81431,50.55274],[5.81467,50.55268],[5.81583,50.5522],[5.81748,50.55201],[5.81915,50.55156],[5.8197,50.55162],[5.8213,50.55238],[5.82274,50.55262],[5.82355,50.55248],[5.82331,50.5522],[5.82394,50.55192],[5.82381,50.55164],[5.82358,50.55155],[5.82238,50.55147],[5.82121,50.55115],[5.82034,50.55056],[5.81956,50.55027],[5.81899,50.55022],[5.81785,50.5503],[5.81519,50.55002],[5.81412,50.55],[5.81343,50.54965],[5.81309,50.5492],[5.81341,50.54883],[5.81359,50.54833],[5.81364,50.54779],[5.81379,50.54764],[5.81463,50.54723],[5.81586,50.54721],[5.81665,50.54698],[5.81674,50.54691],[5.8168,50.54667],[5.81657,50.54615],[5.81659,50.54606],[5.81748,50.54575],[5.81844,50.54554],[5.81702,50.545],[5.81655,50.54473],[5.81631,50.54417],[5.81639,50.54337],[5.81658,50.54301],[5.81696,50.54273],[5.81787,50.54259],[5.81802,50.54249],[5.81807,50.54219],[5.81786,50.54165],[5.81807,50.54138],[5.81957,50.54034],[5.82042,50.54031],[5.82163,50.54006],[5.82311,50.53947],[5.82342,50.5395],[5.82408,50.53973],[5.82433,50.53971],[5.82367,50.53918],[5.82311,50.53903],[5.82243,50.53905],[5.82154,50.53929],[5.81999,50.53881],[5.8191,50.53879],[5.81751,50.53859],[5.81779,50.5376],[5.81862,50.53639],[5.81871,50.53548],[5.81922,50.53417],[5.81918,50.53387],[5.81883,50.53355],[5.81851,50.53309],[5.81802,50.53214],[5.81751,50.53137],[5.8175,50.53108],[5.81767,50.5308],[5.81873,50.52969],[5.81988,50.52907],[5.82045,50.52893],[5.82191,50.52933],[5.82405,50.52953],[5.82536,50.52978],[5.82562,50.52973],[5.82562,50.52961],[5.82543,50.52942],[5.82424,50.52888],[5.82372,50.52873],[5.82244,50.52806],[5.82253,50.52778],[5.82287,50.52743],[5.8233,50.52718],[5.82379,50.5271],[5.82472,50.52713],[5.82843,50.52786],[5.83066,50.52809],[5.83233,50.52818],[5.83332,50.52807],[5.83425,50.52816],[5.83613,50.52807],[5.83712,50.52822],[5.83754,50.52819],[5.838,50.52805],[5.83819,50.52771],[5.83844,50.52635],[5.83815,50.52551],[5.83873,50.52523],[5.83962,50.52512],[5.84043,50.52531],[5.84204,50.52668],[5.84347,50.52769],[5.84361,50.52788],[5.84373,50.52836],[5.84493,50.52845],[5.84543,50.52856],[5.84627,50.52886],[5.84669,50.52914],[5.84803,50.5294],[5.84864,50.52983],[5.84998,50.53033],[5.8504,50.53044],[5.85098,50.53048],[5.85167,50.53082],[5.85254,50.53101],[5.85421,50.53164],[5.85544,50.53193],[5.85588,50.53193],[5.85605,50.5317],[5.85602,50.53157],[5.85581,50.53139],[5.8541,50.53069],[5.85341,50.53026],[5.85294,50.53011],[5.852,50.52963],[5.85167,50.52943],[5.85123,50.52891],[5.84953,50.52776],[5.84718,50.52665],[5.84602,50.52623],[5.84328,50.52474],[5.84125,50.52381],[5.8404,50.52368],[5.83956,50.52399],[5.83847,50.52398],[5.83708,50.52411],[5.83627,50.52444],[5.83524,50.52433],[5.83459,50.52414],[5.83385,50.52412],[5.83269,50.52456],[5.83139,50.52462],[5.82941,50.52431],[5.8266,50.52418],[5.8253,50.52388],[5.82509,50.52353],[5.82456,50.52299],[5.8243,50.52223],[5.82396,50.5217],[5.82405,50.52132],[5.82398,50.5209],[5.82318,50.51903],[5.82297,50.51812],[5.82293,50.51749],[5.82164,50.51667],[5.82143,50.51643],[5.82124,50.51609],[5.8212,50.51522],[5.82162,50.51439],[5.82188,50.51408],[5.82348,50.51346],[5.82444,50.5133],[5.82477,50.51316],[5.82527,50.51278],[5.82554,50.51222],[5.82585,50.51193],[5.82595,50.51167],[5.82595,50.51101],[5.82564,50.51035],[5.82559,50.51007],[5.82587,50.50911],[5.8254,50.50901],[5.82529,50.50887],[5.82544,50.50874],[5.82586,50.50864],[5.82635,50.50836],[5.82649,50.50819],[5.82655,50.50795],[5.82641,50.50739],[5.82658,50.50638],[5.82688,50.50576],[5.82801,50.50447],[5.82794,50.50438],[5.82707,50.50469],[5.82681,50.50503],[5.82646,50.50527],[5.82641,50.50549],[5.82653,50.50583],[5.82636,50.50609],[5.82624,50.50613],[5.8259,50.5059],[5.82566,50.5059],[5.8254,50.50604],[5.82504,50.50665],[5.82491,50.50743],[5.82438,50.50799],[5.824,50.50885],[5.82414,50.50922],[5.82447,50.50942],[5.82416,50.50966],[5.82412,50.50998],[5.82435,50.51032],[5.82462,50.5111],[5.82422,50.51152],[5.82381,50.51177],[5.8229,50.51204],[5.82184,50.51222],[5.81936,50.51298],[5.81852,50.51297],[5.81751,50.51276],[5.81701,50.51296],[5.81667,50.51285],[5.81655,50.5127],[5.81646,50.5125],[5.81651,50.51215],[5.81634,50.5119],[5.81547,50.51135],[5.81259,50.51077],[5.81226,50.51082],[5.81329,50.51137],[5.81384,50.51144],[5.81443,50.51165],[5.81498,50.51173],[5.81578,50.51213],[5.81612,50.51243],[5.81611,50.51281],[5.81625,50.51308],[5.81663,50.51335],[5.81748,50.51361],[5.81793,50.51387],[5.81773,50.51415],[5.81669,50.51503],[5.81543,50.51568],[5.8152,50.51625],[5.81499,50.51749],[5.81514,50.51775],[5.81534,50.51884],[5.81641,50.52111],[5.81645,50.52132],[5.81638,50.52147],[5.81613,50.52157],[5.81563,50.52144],[5.81545,50.52135],[5.81533,50.5211],[5.81504,50.52085],[5.81403,50.52026],[5.81338,50.51991],[5.81325,50.51994],[5.81321,50.52004],[5.8133,50.52029],[5.81401,50.52085],[5.815,50.52137],[5.8155,50.52148],[5.81563,50.52164],[5.81574,50.52199],[5.81667,50.52277],[5.81785,50.52319],[5.81879,50.5233],[5.8193,50.52354],[5.81961,50.52385],[5.81959,50.52415],[5.82002,50.52467],[5.82017,50.52507],[5.82016,50.52535],[5.82005,50.52558],[5.8192,50.52614],[5.81886,50.52667],[5.81749,50.52719],[5.81713,50.52748],[5.81694,50.52778],[5.81587,50.52822],[5.81502,50.52888],[5.81416,50.52921],[5.81243,50.52958],[5.81089,50.52913],[5.81037,50.52912],[5.81048,50.52941],[5.81099,50.52998],[5.81057,50.53027],[5.81015,50.5308],[5.81008,50.53166],[5.80977,50.53208],[5.80981,50.53271],[5.80959,50.53306],[5.80909,50.53297],[5.80789,50.53249],[5.80759,50.53221],[5.80732,50.53171],[5.80709,50.5315],[5.80628,50.53106],[5.80482,50.5306],[5.80252,50.52941],[5.79962,50.52859],[5.79913,50.52858],[5.79852,50.5287],[5.79802,50.5289],[5.79801,50.52906],[5.79813,50.52915],[5.79879,50.5293],[5.79968,50.52936],[5.80156,50.53009],[5.80218,50.53046],[5.80255,50.53079],[5.80331,50.5311],[5.80542,50.53221],[5.80682,50.53273],[5.80723,50.53307],[5.80747,50.5336],[5.80793,50.53414],[5.80834,50.53443],[5.80841,50.5347],[5.8083,50.53493],[5.80793,50.53526],[5.80736,50.53555],[5.80705,50.53603],[5.80704,50.53666],[5.80733,50.53701],[5.80704,50.53748],[5.80692,50.53785],[5.8067,50.5381],[5.80586,50.53859],[5.80536,50.5385],[5.8026,50.53702],[5.80144,50.53663],[5.79925,50.53607],[5.79913,50.53609],[5.79834,50.53692],[5.79751,50.53729],[5.79662,50.53748],[5.79666,50.53776],[5.79748,50.53807],[5.79825,50.53807],[5.79925,50.53787],[5.79998,50.53788],[5.80041,50.53801],[5.80044,50.53832],[5.80027,50.53854],[5.8003,50.53866],[5.80126,50.53901],[5.80348,50.54052],[5.80356,50.54073],[5.80352,50.5409],[5.8031,50.54143],[5.80291,50.54191],[5.80301,50.54225],[5.80283,50.5424],[5.802,50.54272],[5.80214,50.54329],[5.80212,50.54355],[5.80178,50.54385],[5.80014,50.54397],[5.79928,50.54386],[5.79874,50.54387],[5.798,50.54372],[5.79738,50.54381],[5.79662,50.54362],[5.79611,50.54359],[5.79561,50.54368],[5.79502,50.54397],[5.79342,50.544],[5.79306,50.54414],[5.7938,50.54454],[5.79576,50.54426],[5.79755,50.54441],[5.79807,50.54459],[5.79961,50.54561],[5.80196,50.54597],[5.80338,50.54628],[5.80367,50.54646],[5.80462,50.54774],[5.80516,50.54803],[5.80527,50.54823],[5.80524,50.54844],[5.80496,50.54887],[5.80472,50.54947],[5.80419,50.55001],[5.80402,50.55069],[5.80383,50.55107],[5.80308,50.55137],[5.80337,50.55163],[5.80342,50.55195],[5.80291,50.55208],[5.8028,50.55223],[5.80334,50.55288],[5.80351,50.55406],[5.8034,50.55472],[5.80379,50.55581],[5.80448,50.55674],[5.80562,50.55768],[5.8059,50.55801],[5.80573,50.55832],[5.80604,50.55863],[5.80585,50.55875],[5.80542,50.55876],[5.80538,50.55895],[5.8058,50.55895],[5.80625,50.55878],[5.80632,50.5589],[5.80629,50.55916],[5.8061,50.5594],[5.80586,50.55952],[5.80509,50.55919],[5.80421,50.55925],[5.8039,50.55942],[5.80392,50.55979],[5.80381,50.56001],[5.80269,50.56011],[5.80057,50.56059],[5.79964,50.56089],[5.79877,50.56138],[5.79854,50.5617],[5.79841,50.56243],[5.79845,50.56337],[5.79777,50.56514],[5.79765,50.56569],[5.79767,50.56607],[5.79753,50.56622],[5.79669,50.56609],[5.79553,50.56548],[5.79513,50.56507],[5.79513,50.56465],[5.79503,50.56442],[5.79338,50.5633],[5.79245,50.56251],[5.79111,50.56221],[5.7909,50.5616],[5.79093,50.56081],[5.79061,50.56065],[5.79035,50.56064],[5.78979,50.56083],[5.78963,50.56113],[5.78946,50.56109],[5.7895,50.56083],[5.7892,50.56076],[5.78882,50.5611],[5.7879,50.56127],[5.78744,50.56118],[5.7869,50.56075],[5.78659,50.56066],[5.78483,50.561],[5.78331,50.56162],[5.78271,50.56163],[5.78205,50.56142],[5.78083,50.56082],[5.78069,50.56014],[5.78118,50.55917],[5.78103,50.55888],[5.78082,50.55877],[5.77952,50.5596],[5.77918,50.55999],[5.77899,50.56062],[5.77881,50.56093],[5.77867,50.56102],[5.77816,50.56105],[5.77727,50.56075],[5.77665,50.56067],[5.77592,50.56068],[5.77501,50.56087],[5.77453,50.56086],[5.77406,50.56061],[5.77395,50.56031],[5.77448,50.55962],[5.77471,50.55923],[5.77471,50.5591],[5.77445,50.5589],[5.77421,50.55882],[5.77274,50.55897],[5.77247,50.5589],[5.77208,50.55863],[5.77191,50.5584],[5.77187,50.55819],[5.77218,50.55746],[5.77215,50.55713],[5.77078,50.55746],[5.76998,50.55741],[5.76954,50.55721],[5.76828,50.5564],[5.76795,50.55607],[5.76668,50.5554],[5.76653,50.55548],[5.76653,50.55563],[5.76707,50.55612],[5.76762,50.55682],[5.76789,50.55751],[5.76887,50.55823],[5.76997,50.55954],[5.77022,50.56],[5.77034,50.56042],[5.77031,50.56054],[5.76928,50.56112],[5.76946,50.56174],[5.76934,50.56198],[5.76879,50.56213],[5.76811,50.56211],[5.76571,50.5615],[5.76405,50.56154],[5.76251,50.56134],[5.76129,50.56147],[5.76086,50.56136],[5.76059,50.56106],[5.76024,50.56097],[5.75984,50.56102],[5.75915,50.56132],[5.75884,50.56134],[5.75797,50.56094],[5.75741,50.56055],[5.75643,50.56017],[5.75459,50.56],[5.75368,50.55944],[5.75292,50.55923],[5.75274,50.55935],[5.75272,50.55947],[5.75347,50.56023],[5.75417,50.56054],[5.75505,50.56079],[5.75561,50.56107],[5.75626,50.56165],[5.75634,50.56186],[5.75632,50.56195],[5.75602,50.56203],[5.75501,50.5622],[5.75557,50.56299],[5.75552,50.56334],[5.755,50.56359],[5.75465,50.56398],[5.75423,50.56423],[5.75324,50.56445],[5.75319,50.56473],[5.75379,50.56528],[5.75335,50.56556],[5.75274,50.56566],[5.7523,50.5655],[5.75167,50.56498],[5.75127,50.56526],[5.7507,50.56548],[5.75057,50.56566],[5.75042,50.56663],[5.75014,50.56724],[5.75,50.56737],[5.74921,50.56718],[5.74872,50.56727],[5.748,50.56703],[5.74686,50.567],[5.74628,50.56723],[5.74566,50.56732],[5.74468,50.56787],[5.74417,50.56804],[5.74408,50.56828],[5.74382,50.56841],[5.74227,50.56846],[5.74129,50.56835],[5.73993,50.56851],[5.73953,50.56831],[5.74005,50.56805],[5.74004,50.56771],[5.74018,50.56701],[5.74035,50.56666],[5.74076,50.56633],[5.74216,50.56555],[5.74246,50.56525],[5.74258,50.56498],[5.74248,50.56489],[5.74217,50.56483],[5.74097,50.5649],[5.74037,50.56484],[5.73995,50.56461],[5.73935,50.56392],[5.73931,50.5633],[5.73911,50.56282],[5.73923,50.56258],[5.73956,50.5624],[5.74066,50.56209],[5.74092,50.56208],[5.74127,50.5622],[5.74084,50.56131],[5.74021,50.5611],[5.73918,50.5611],[5.7388,50.56098],[5.73773,50.56023],[5.73733,50.55979],[5.73723,50.55948],[5.73733,50.55913],[5.73664,50.55829],[5.73651,50.55795],[5.73653,50.5576],[5.73664,50.55738],[5.73688,50.55722],[5.73794,50.55693],[5.73813,50.55674],[5.73812,50.5566],[5.73779,50.5565],[5.73623,50.55653],[5.73495,50.5569],[5.73419,50.55721],[5.7338,50.55757],[5.73372,50.55823],[5.73362,50.55844],[5.7333,50.55881],[5.73293,50.55893],[5.73139,50.5588],[5.73075,50.55842],[5.72983,50.55824],[5.72884,50.55787],[5.72806,50.55786],[5.7275,50.55799],[5.72744,50.55806],[5.72804,50.55859],[5.7279,50.55888],[5.72786,50.55941],[5.72774,50.55967],[5.727,50.55988],[5.72626,50.56026],[5.72584,50.56054],[5.725,50.56132],[5.72416,50.56184],[5.72352,50.56205],[5.72316,50.56203],[5.72292,50.56193],[5.72154,50.56091],[5.72134,50.56063],[5.72109,50.56002],[5.72043,50.55972],[5.72001,50.55943],[5.71979,50.5591],[5.7197,50.55854],[5.71907,50.55788],[5.71905,50.55754],[5.71947,50.5569],[5.71993,50.55639],[5.71978,50.55566],[5.7199,50.55529],[5.72015,50.55497],[5.72081,50.55469],[5.72164,50.55458],[5.72276,50.55407],[5.72357,50.55385],[5.72415,50.55352],[5.72502,50.5528],[5.72586,50.55248],[5.7253,50.55243],[5.7241,50.55257],[5.72332,50.55247],[5.72353,50.55275],[5.72338,50.55303],[5.72252,50.55332],[5.72181,50.55346],[5.7201,50.55362],[5.71914,50.5536],[5.71873,50.55337],[5.71844,50.55285],[5.71829,50.55236],[5.71817,50.55156],[5.71862,50.55087],[5.71881,50.55029],[5.71869,50.55002],[5.71834,50.54989],[5.71791,50.55016],[5.71753,50.55056],[5.71696,50.55212],[5.71696,50.55233],[5.71738,50.55351],[5.71736,50.55389],[5.71673,50.55443],[5.71598,50.55446],[5.71577,50.55463],[5.7157,50.55489],[5.71575,50.55508],[5.71668,50.55575],[5.7167,50.55603],[5.71612,50.55665],[5.71588,50.55724],[5.71547,50.55752],[5.71527,50.55785],[5.71531,50.55806],[5.71573,50.55864],[5.71609,50.56],[5.71702,50.56114],[5.71724,50.56156],[5.71725,50.5618],[5.71709,50.5622],[5.71728,50.56264],[5.71715,50.56287],[5.7163,50.56307],[5.71509,50.56319],[5.71348,50.56308],[5.71038,50.56199],[5.71,50.56166],[5.70972,50.56125],[5.70969,50.56094],[5.70989,50.56049],[5.70987,50.56026],[5.70856,50.55943],[5.70833,50.55906],[5.70793,50.55887],[5.70744,50.55902],[5.70703,50.55939],[5.70707,50.55998],[5.70733,50.56035],[5.70746,50.56076],[5.70729,50.56108],[5.70696,50.56125],[5.70618,50.56147],[5.70472,50.56154],[5.70293,50.56109],[5.70201,50.56103],[5.70129,50.5611],[5.70073,50.56136],[5.7003,50.56188],[5.7002,50.56212],[5.70023,50.56225],[5.70043,50.56248],[5.70126,50.56284],[5.70237,50.56403],[5.70243,50.56427],[5.70217,50.56449],[5.70042,50.56498],[5.70006,50.56535],[5.69978,50.56585],[5.69884,50.56666],[5.69821,50.56677],[5.69665,50.56641],[5.69582,50.56646],[5.69502,50.56637],[5.6944,50.56607],[5.69401,50.56578],[5.69385,50.56556],[5.6941,50.56538],[5.69471,50.56534],[5.69506,50.56497],[5.69502,50.5647],[5.69415,50.5639],[5.69409,50.56356],[5.69502,50.56333],[5.69544,50.56266],[5.69629,50.56223],[5.69637,50.56205],[5.6963,50.56159],[5.69579,50.56085],[5.69499,50.56027],[5.69588,50.55974],[5.69602,50.55948],[5.69592,50.55859],[5.69538,50.55748],[5.69603,50.55684],[5.69616,50.55646],[5.69576,50.55608],[5.69375,50.55526],[5.69254,50.55497],[5.69155,50.55503],[5.68995,50.5547],[5.68983,50.55441],[5.6899,50.55411],[5.69043,50.55304],[5.69116,50.55223],[5.69127,50.55193],[5.69021,50.54993],[5.69003,50.54948],[5.69001,50.5492],[5.6901,50.54885],[5.69066,50.54778],[5.69119,50.54712],[5.69184,50.54665],[5.69182,50.54643],[5.69164,50.54612],[5.69118,50.54559],[5.69123,50.54524],[5.69261,50.54524],[5.69384,50.54539],[5.69556,50.54574],[5.69668,50.54582],[5.6963,50.54577],[5.69594,50.54551],[5.69467,50.54506],[5.69418,50.54498],[5.69395,50.54471],[5.69326,50.54419],[5.69327,50.54407],[5.69359,50.54364],[5.69365,50.54337],[5.6931,50.54139],[5.69251,50.53999],[5.69177,50.53868],[5.69165,50.53781],[5.69126,50.53766],[5.69102,50.53782],[5.69066,50.53859],[5.69033,50.53885],[5.69023,50.53924],[5.69037,50.53977],[5.69088,50.54025],[5.69098,50.54073],[5.69126,50.54109],[5.69127,50.54144],[5.69076,50.54149],[5.68972,50.54123],[5.68915,50.54133],[5.68922,50.5416],[5.68959,50.54193],[5.68968,50.54219],[5.68964,50.54244],[5.6892,50.54278],[5.68834,50.54303],[5.68846,50.54328],[5.68839,50.54335],[5.68791,50.54335],[5.68759,50.54325],[5.68634,50.5426],[5.68498,50.54227],[5.68328,50.54166],[5.68247,50.54113],[5.68181,50.54094],[5.67988,50.54076],[5.6792,50.54051],[5.67837,50.54036],[5.67732,50.54053],[5.67884,50.54095],[5.68019,50.54155],[5.68222,50.54209],[5.68326,50.54252],[5.68505,50.543],[5.68542,50.54318],[5.68592,50.54328],[5.68626,50.54346],[5.68675,50.54354],[5.68681,50.5436],[5.68675,50.54371],[5.68642,50.5439],[5.68719,50.54413],[5.68731,50.54444],[5.68751,50.5447],[5.68803,50.54501],[5.68833,50.54528],[5.68838,50.5458],[5.6885,50.54603],[5.6892,50.54637],[5.68915,50.54662],[5.68864,50.54689],[5.6878,50.54761],[5.68735,50.54826],[5.68744,50.5486],[5.68776,50.5489],[5.68777,50.54917],[5.68768,50.54943],[5.68746,50.54972],[5.68743,50.55038],[5.6869,50.55082],[5.68716,50.55099],[5.68825,50.5514],[5.68841,50.55163],[5.68846,50.55191],[5.68835,50.55221],[5.68801,50.55258],[5.68721,50.55306],[5.68721,50.55326],[5.68741,50.55364],[5.68708,50.55412],[5.68665,50.55526],[5.68673,50.55554],[5.68797,50.5563],[5.68917,50.55665],[5.69096,50.55691],[5.69122,50.55722],[5.69171,50.55828],[5.69153,50.55855],[5.69088,50.55889],[5.6902,50.55946],[5.68967,50.5596],[5.68875,50.5597],[5.68843,50.55996],[5.68835,50.56032],[5.6878,50.5606],[5.68776,50.56081],[5.68807,50.56108],[5.68804,50.56132],[5.68811,50.56145],[5.68924,50.56211],[5.68943,50.56229],[5.68949,50.56285],[5.6892,50.56333],[5.68831,50.56385],[5.68667,50.56442],[5.6859,50.56503],[5.68539,50.56503],[5.68286,50.56448],[5.68124,50.56388],[5.67926,50.56294],[5.67862,50.56287],[5.67796,50.56245],[5.67728,50.56163],[5.67704,50.56109],[5.67676,50.56082],[5.67634,50.56065],[5.6757,50.56056],[5.67487,50.56002],[5.67461,50.55969],[5.67394,50.55935],[5.67363,50.55933],[5.6728,50.55964],[5.6704,50.55929],[5.66914,50.5595],[5.66745,50.55965],[5.66728,50.55977],[5.66696,50.56026],[5.66835,50.56108],[5.66919,50.56194],[5.66881,50.56222],[5.66784,50.56259],[5.66711,50.56277],[5.66625,50.56276],[5.66613,50.56302],[5.66718,50.56342],[5.66852,50.56361],[5.66883,50.56384],[5.66883,50.56434],[5.66919,50.56469],[5.67041,50.56523],[5.67084,50.56529],[5.67137,50.56522],[5.6716,50.56528],[5.67169,50.56539],[5.67175,50.56554],[5.67141,50.56586],[5.67059,50.56609],[5.67046,50.56632],[5.67106,50.56788],[5.67123,50.56916],[5.67139,50.56976],[5.67174,50.57023],[5.67226,50.57053],[5.67212,50.57066],[5.67161,50.57083],[5.67144,50.57135],[5.6717,50.57191],[5.67155,50.57214],[5.67139,50.57223],[5.67082,50.57233],[5.66931,50.57234],[5.66845,50.57216],[5.66795,50.57188],[5.66754,50.57176],[5.66672,50.57162],[5.66584,50.57165],[5.66506,50.57134],[5.6645,50.57084],[5.66474,50.57057],[5.66471,50.5705],[5.66295,50.56988],[5.66243,50.56995],[5.66174,50.57091],[5.66134,50.57104],[5.66035,50.57088],[5.65947,50.57085],[5.65811,50.57044],[5.65713,50.57047],[5.65671,50.57023],[5.65577,50.57021],[5.65564,50.57032],[5.65583,50.57082],[5.65709,50.57165],[5.65797,50.57192],[5.65839,50.57215],[5.65851,50.5725],[5.65869,50.57274],[5.65976,50.57353],[5.65978,50.57362],[5.6595,50.5739],[5.65955,50.57415],[5.65972,50.57438],[5.65969,50.57448],[5.65894,50.57479],[5.65792,50.57498],[5.65629,50.57583],[5.65488,50.57609],[5.65337,50.57614],[5.65267,50.57635],[5.65257,50.57663],[5.6527,50.57743],[5.65267,50.57812],[5.65304,50.57858],[5.65351,50.57885],[5.65377,50.57915],[5.65334,50.57971],[5.65298,50.57999],[5.65119,50.58082],[5.65076,50.5809],[5.65037,50.58086],[5.64999,50.58056],[5.64983,50.58024],[5.64997,50.5797],[5.65093,50.57816],[5.65093,50.57799],[5.65075,50.57776],[5.65035,50.57751],[5.64919,50.57712],[5.64889,50.57721],[5.64905,50.57757],[5.64883,50.57782],[5.64794,50.57747],[5.64751,50.57762]],[[5.70543,50.59819],[5.70527,50.59804],[5.70547,50.59803],[5.70543,50.59819]],[[5.66001,50.59638],[5.65991,50.59637],[5.66019,50.59637],[5.66001,50.59638]],[[5.84459,50.59547],[5.84452,50.59529],[5.84458,50.59524],[5.84459,50.59547]],[[5.79209,50.59364],[5.79168,50.59332],[5.79208,50.59301],[5.79261,50.59359],[5.79249,50.59367],[5.79209,50.59364]],[[5.69709,50.59141],[5.69721,50.5912],[5.69742,50.59105],[5.69761,50.59106],[5.69771,50.59118],[5.69772,50.59134],[5.69762,50.59143],[5.69709,50.59141]],[[5.66876,50.59088],[5.66865,50.59078],[5.66864,50.59035],[5.66878,50.59014],[5.67024,50.59017],[5.67049,50.59024],[5.66997,50.5904],[5.66921,50.59084],[5.66876,50.59088]],[[5.78293,50.59033],[5.78284,50.59025],[5.78313,50.59026],[5.78293,50.59033]],[[5.78376,50.59002],[5.78368,50.58998],[5.7838,50.58998],[5.78376,50.59002]],[[5.82293,50.58977],[5.82283,50.58967],[5.82296,50.58952],[5.82313,50.58969],[5.82293,50.58977]],[[5.73709,50.58795],[5.73694,50.58773],[5.73708,50.58747],[5.73754,50.58741],[5.73804,50.58749],[5.73753,50.58788],[5.73709,50.58795]],[[5.73876,50.58786],[5.73875,50.58774],[5.73919,50.58775],[5.73914,50.58791],[5.73876,50.58786]],[[5.67126,50.58752],[5.67045,50.58745],[5.66998,50.58731],[5.66878,50.58661],[5.66735,50.58553],[5.66792,50.58524],[5.66988,50.58537],[5.67085,50.58575],[5.67132,50.58615],[5.67224,50.58636],[5.6725,50.58653],[5.67252,50.58701],[5.67212,50.5875],[5.67126,50.58752]],[[5.85543,50.58636],[5.85521,50.58608],[5.8553,50.58595],[5.85545,50.5859],[5.85561,50.58598],[5.85568,50.58611],[5.85543,50.58636]],[[5.88084,50.58613],[5.88072,50.58609],[5.88094,50.58584],[5.88084,50.58553],[5.88175,50.58552],[5.88172,50.58583],[5.88084,50.58613]],[[5.74084,50.58583],[5.74095,50.58582],[5.74084,50.58583]],[[5.85334,50.57999],[5.85328,50.57998],[5.85376,50.5797],[5.85334,50.57999]],[[5.85251,50.57981],[5.85231,50.5797],[5.85271,50.5797],[5.85251,50.57981]],[[5.84543,50.57966],[5.84543,50.57937],[5.84543,50.57966]],[[5.84668,50.57889],[5.8471,50.57887],[5.84668,50.57889]],[[5.81876,50.57682],[5.81863,50.57662],[5.81876,50.57635],[5.81886,50.57662],[5.81876,50.57682]],[[5.70584,50.57592],[5.70562,50.57581],[5.70582,50.57576],[5.70601,50.57581],[5.70584,50.57592]],[[5.81418,50.57499],[5.8136,50.57474],[5.81346,50.57443],[5.81313,50.57422],[5.81313,50.57407],[5.81333,50.57396],[5.81352,50.57399],[5.8138,50.57413],[5.81434,50.57459],[5.81439,50.57479],[5.81418,50.57499]],[[5.80376,50.57486],[5.8037,50.57473],[5.80375,50.57468],[5.80376,50.57486]],[[5.82126,50.57422],[5.82095,50.57412],[5.82084,50.57387],[5.8214,50.57389],[5.82155,50.57413],[5.82126,50.57422]],[[5.80543,50.57194],[5.80436,50.5718],[5.80248,50.57177],[5.80129,50.57161],[5.80081,50.57137],[5.80123,50.57125],[5.80311,50.57099],[5.80472,50.57092],[5.8058,50.57117],[5.80626,50.57142],[5.80654,50.5717],[5.80647,50.57196],[5.80622,50.57211],[5.80543,50.57194]],[[5.75001,50.56889],[5.74982,50.56858],[5.75017,50.56824],[5.75083,50.56792],[5.7517,50.56783],[5.75248,50.5679],[5.7541,50.56851],[5.7552,50.5686],[5.75501,50.56875],[5.75427,50.56888],[5.75248,50.56904],[5.75066,50.56905],[5.75001,50.56889]],[[5.78626,50.56812],[5.78601,50.56802],[5.78607,50.56782],[5.78624,50.56767],[5.78665,50.56752],[5.78707,50.56752],[5.78803,50.56778],[5.78794,50.56804],[5.78754,50.56817],[5.78626,50.56812]],[[5.79001,50.5603],[5.79001,50.56014],[5.79001,50.5603]],[[5.79001,50.5599],[5.79001,50.55967],[5.79033,50.55959],[5.79049,50.55966],[5.79043,50.55979],[5.79001,50.5599]],[[5.76584,50.55503],[5.7654,50.55473],[5.76543,50.5545],[5.76591,50.55495],[5.76584,50.55503]],[[5.76501,50.55432],[5.76485,50.5542],[5.76485,50.55412],[5.76516,50.55413],[5.76501,50.55432]],[[5.71876,50.54893],[5.71873,50.54886],[5.71921,50.54887],[5.71876,50.54893]],[[5.69251,50.54704],[5.6923,50.54689],[5.6925,50.54662],[5.69321,50.54658],[5.69357,50.54663],[5.6937,50.54677],[5.69363,50.54695],[5.69336,50.54707],[5.69251,50.54704]],[[5.68876,50.54363],[5.68877,50.54353],[5.68882,50.54359],[5.68876,50.54363]],[[5.69293,50.53676],[5.69285,50.53664],[5.69334,50.53638],[5.69334,50.53609],[5.69368,50.53598],[5.6946,50.53609],[5.69518,50.53637],[5.69508,50.53652],[5.69485,50.53661],[5.69389,50.53674],[5.69332,50.53669],[5.69293,50.53676]],[[5.69709,50.53642],[5.69613,50.53581],[5.69615,50.53552],[5.69629,50.53545],[5.69706,50.5356],[5.69746,50.53552],[5.69792,50.53525],[5.69798,50.53497],[5.69792,50.5347],[5.69811,50.53466],[5.69839,50.53466],[5.69877,50.5348],[5.69925,50.53547],[5.70001,50.5358],[5.70032,50.53606],[5.70024,50.53613],[5.69893,50.53637],[5.69709,50.53642]],[[5.69793,50.53393],[5.69774,50.53356],[5.69702,50.53308],[5.69702,50.53278],[5.69712,50.53254],[5.69738,50.53252],[5.69767,50.53266],[5.69777,50.53281],[5.69783,50.53332],[5.69841,50.53357],[5.69832,50.53384],[5.69793,50.53393]],[[5.85751,50.53228],[5.85696,50.53193],[5.85771,50.53192],[5.85793,50.53218],[5.85751,50.53228]],[[5.85876,50.53237],[5.85867,50.53221],[5.85881,50.53214],[5.86001,50.5322],[5.85876,50.53237]],[[5.79668,50.52915],[5.79662,50.52914],[5.79688,50.52914],[5.79668,50.52915]],[[5.79459,50.52889],[5.79447,50.52886],[5.79492,50.52879],[5.79521,50.52886],[5.79459,50.52889]],[[5.84126,50.52501],[5.84119,50.52498],[5.84132,50.52497],[5.84126,50.52501]],[[5.84251,50.52502],[5.84244,50.52498],[5.84248,50.52493],[5.84264,50.52497],[5.84251,50.52502]],[[5.65293,50.50972],[5.65255,50.5094],[5.65236,50.50887],[5.65332,50.50872],[5.6539,50.50883],[5.65392,50.50899],[5.65365,50.50935],[5.65293,50.50972]],[[5.64793,50.50923],[5.64788,50.50912],[5.64836,50.50915],[5.64793,50.50923]],[[5.65584,50.50832],[5.65615,50.50804],[5.65669,50.50805],[5.65671,50.50834],[5.65644,50.50845],[5.65618,50.50846],[5.65584,50.50832]],[[5.64751,50.5067],[5.64811,50.50692],[5.64946,50.50672],[5.65144,50.50672],[5.65178,50.50664],[5.65195,50.50616],[5.65189,50.50609],[5.65134,50.50607],[5.65056,50.5059],[5.64925,50.50602],[5.64852,50.506],[5.64751,50.50576]],[[5.65293,50.50643],[5.6527,50.50635],[5.65301,50.50625],[5.65386,50.50637],[5.65293,50.50643]],[[5.72626,50.50231],[5.72607,50.50214],[5.72625,50.50164],[5.72672,50.50163],[5.72669,50.50195],[5.72626,50.50231]],[[5.71543,50.50019],[5.71518,50.49997],[5.71548,50.49973],[5.71715,50.49923],[5.71723,50.4991],[5.71705,50.49886],[5.71801,50.49858],[5.71806,50.49828],[5.71757,50.49767],[5.71769,50.49674],[5.71762,50.49639],[5.71833,50.4958],[5.71845,50.49561],[5.71881,50.49421],[5.71847,50.49347],[5.71841,50.49278],[5.71811,50.49249],[5.71777,50.49195],[5.71836,50.49139],[5.7184,50.49108],[5.71836,50.49077],[5.71798,50.4899],[5.71779,50.48917],[5.71774,50.48771],[5.71799,50.48725],[5.71838,50.48694],[5.71846,50.48666],[5.71833,50.48655],[5.71757,50.4864],[5.71722,50.48624],[5.71698,50.4861],[5.71676,50.48583],[5.71668,50.48553],[5.71607,50.48448],[5.7159,50.48399],[5.71597,50.48365],[5.7163,50.48331],[5.71634,50.48278],[5.71665,50.48257],[5.71701,50.48256],[5.71722,50.48267],[5.71753,50.48303],[5.71831,50.48333],[5.71862,50.48334],[5.72031,50.48303],[5.72081,50.48275],[5.72116,50.48244],[5.72149,50.48236],[5.7218,50.4824],[5.72224,50.48276],[5.72255,50.48285],[5.72352,50.48267],[5.72488,50.48257],[5.72573,50.48275],[5.72577,50.48288],[5.7255,50.48334],[5.72411,50.48357],[5.72341,50.48399],[5.72301,50.48446],[5.72224,50.48468],[5.722,50.48496],[5.72119,50.48523],[5.7211,50.48545],[5.72135,50.48638],[5.72116,50.48684],[5.72089,50.48721],[5.72084,50.48748],[5.72123,50.48769],[5.72172,50.48776],[5.7216,50.48832],[5.72337,50.48883],[5.72381,50.48911],[5.7248,50.48944],[5.72503,50.4897],[5.72418,50.4897],[5.72373,50.48934],[5.72326,50.4894],[5.72165,50.48935],[5.72146,50.48946],[5.72127,50.48972],[5.72081,50.49072],[5.72087,50.49111],[5.72123,50.49162],[5.72166,50.49197],[5.72219,50.4922],[5.72227,50.49233],[5.72228,50.49249],[5.72203,50.4928],[5.72192,50.49319],[5.72198,50.4936],[5.72228,50.49417],[5.72227,50.49469],[5.72347,50.49486],[5.72388,50.49497],[5.724,50.49514],[5.72397,50.49528],[5.72373,50.49545],[5.72314,50.49612],[5.72281,50.4968],[5.72249,50.4972],[5.72236,50.4975],[5.72242,50.49784],[5.72303,50.49829],[5.72301,50.49853],[5.72282,50.49896],[5.723,50.49945],[5.72259,50.49956],[5.72223,50.49951],[5.72125,50.49915],[5.72082,50.49879],[5.72024,50.49869],[5.71974,50.49882],[5.71835,50.49944],[5.71543,50.50019]],[[5.7194,50.47109],[5.71927,50.47184],[5.71952,50.47243],[5.71954,50.47267],[5.71942,50.47283],[5.71856,50.4734],[5.71844,50.47368],[5.7184,50.47437],[5.71867,50.47496],[5.71864,50.47529],[5.71974,50.47605],[5.72035,50.47618],[5.72154,50.47603],[5.72218,50.4762],[5.72264,50.47623],[5.72431,50.47596],[5.7254,50.47562],[5.72649,50.47547],[5.72795,50.47581],[5.72862,50.47635],[5.72796,50.47638],[5.72727,50.47621],[5.72686,50.47621],[5.7266,50.47629],[5.72628,50.47665],[5.7254,50.47688],[5.72501,50.4772],[5.72451,50.47726],[5.72352,50.47713],[5.72128,50.47749],[5.72079,50.47748],[5.72033,50.47774],[5.72031,50.47826],[5.72043,50.47863],[5.72003,50.4789],[5.71909,50.47849],[5.71803,50.47774],[5.71727,50.47737],[5.71608,50.47727],[5.71535,50.47749],[5.71429,50.47861],[5.71451,50.47892],[5.71453,50.47946],[5.71533,50.47973],[5.7159,50.48025],[5.71595,50.48062],[5.71569,50.48139],[5.71573,50.48171],[5.71588,50.4818],[5.71625,50.48162],[5.7163,50.48166],[5.71596,50.48201],[5.71502,50.48332],[5.7146,50.48327],[5.71415,50.48304],[5.71383,50.48278],[5.71376,50.48248],[5.71321,50.48227],[5.71287,50.48238],[5.71276,50.48285],[5.71262,50.48305],[5.71162,50.48328],[5.7117,50.48383],[5.71167,50.48443],[5.71188,50.48531],[5.71164,50.48615],[5.71173,50.4866],[5.71196,50.48705],[5.7119,50.48774],[5.71172,50.48808],[5.7104,50.48857],[5.71002,50.48904],[5.70977,50.48916],[5.70976,50.48951],[5.70955,50.49023],[5.70969,50.4906],[5.70967,50.49109],[5.70919,50.49167],[5.70873,50.49166],[5.70882,50.49134],[5.70862,50.4908],[5.70834,50.49054],[5.70778,50.49028],[5.70812,50.48989],[5.70815,50.48973],[5.70808,50.48961],[5.7078,50.48948],[5.70665,50.48922],[5.70619,50.48936],[5.70585,50.48971],[5.7054,50.48973],[5.70514,50.48913],[5.70516,50.48847],[5.70476,50.48804],[5.70436,50.48785],[5.70399,50.48788],[5.70375,50.48802],[5.70348,50.48834],[5.70298,50.48854],[5.70123,50.48903],[5.70082,50.48904],[5.70072,50.48883],[5.70108,50.4883],[5.70101,50.48782],[5.69994,50.48666],[5.69971,50.48608],[5.6993,50.48584],[5.69903,50.48553],[5.69782,50.48501],[5.69668,50.48418],[5.69543,50.4837],[5.6946,50.48304],[5.69416,50.48281],[5.69343,50.48219],[5.69295,50.48202],[5.69251,50.48221],[5.69246,50.48187],[5.6923,50.48162],[5.69079,50.4806],[5.68909,50.47987],[5.68826,50.47962],[5.68743,50.47952],[5.68597,50.47956],[5.68488,50.47925],[5.68328,50.47919],[5.68273,50.47893],[5.68222,50.47849],[5.68191,50.47839],[5.67738,50.47792],[5.67368,50.47765],[5.67281,50.47771],[5.67255,50.47799],[5.67263,50.47833],[5.67315,50.4789],[5.67454,50.47972],[5.67466,50.47998],[5.67458,50.48026],[5.67461,50.48054],[5.6738,50.48082],[5.67292,50.48095],[5.67168,50.48156],[5.6715,50.48135],[5.67146,50.48078],[5.67071,50.48027],[5.67018,50.47972],[5.67019,50.47924],[5.66995,50.4789],[5.66997,50.47851],[5.66973,50.47805],[5.66959,50.47748],[5.66868,50.47733],[5.66597,50.47729],[5.66465,50.47779],[5.6626,50.47777],[5.66209,50.47787],[5.66183,50.47809],[5.66178,50.47871],[5.66203,50.47918],[5.66297,50.47962],[5.66366,50.48028],[5.66368,50.48049],[5.66351,50.48094],[5.66351,50.48191],[5.6633,50.48215],[5.6628,50.48214],[5.6621,50.48192],[5.66129,50.48188],[5.66013,50.48161],[5.65917,50.48103],[5.65902,50.48111],[5.65889,50.48142],[5.65857,50.48168],[5.65836,50.48221],[5.65751,50.48216],[5.6567,50.48231],[5.6555,50.48231],[5.65446,50.48243],[5.6534,50.48213],[5.65259,50.48214],[5.65204,50.48194],[5.65165,50.48192],[5.65154,50.48212],[5.65156,50.48227],[5.65206,50.48259],[5.65214,50.48274],[5.65157,50.48324],[5.65147,50.48344],[5.65152,50.48382],[5.65188,50.48462],[5.65168,50.48498],[5.65043,50.48425],[5.65003,50.48387],[5.64964,50.48376],[5.64923,50.48354],[5.64867,50.48341],[5.64751,50.48288]],[[5.72126,50.48805],[5.7214,50.48803],[5.72126,50.48805]],[[5.65334,50.48731],[5.65228,50.48698],[5.65219,50.48687],[5.65254,50.48652],[5.65305,50.48651],[5.65333,50.48666],[5.65377,50.4872],[5.65334,50.48731]],[[5.65209,50.48587],[5.65199,50.48582],[5.65196,50.48569],[5.6521,50.48535],[5.65271,50.4858],[5.65251,50.48595],[5.65209,50.48587]],[[5.66584,50.48595],[5.66563,50.48586],[5.66561,50.48578],[5.66588,50.48567],[5.66628,50.48581],[5.66584,50.48595]],[[5.72001,50.48509],[5.71967,50.48495],[5.71979,50.48471],[5.72005,50.48461],[5.72046,50.48469],[5.7205,50.48502],[5.72001,50.48509]],[[5.67126,50.48342],[5.67118,50.48325],[5.67122,50.48222],[5.67168,50.48182],[5.67194,50.48222],[5.67209,50.48276],[5.6717,50.48335],[5.67126,50.48342]],[[5.72668,50.48312],[5.72647,50.48302],[5.72729,50.48274],[5.72784,50.48265],[5.72819,50.48275],[5.72721,50.48308],[5.72668,50.48312]],[[5.71293,50.48212],[5.71251,50.48192],[5.71246,50.48163],[5.71295,50.48163],[5.71316,50.4818],[5.7132,50.48196],[5.71293,50.48212]],[[5.65793,50.48075],[5.65757,50.48052],[5.65669,50.48025],[5.6565,50.47996],[5.65722,50.47887],[5.65753,50.47861],[5.65789,50.47853],[5.65804,50.47857],[5.65819,50.47875],[5.6584,50.47941],[5.65886,50.48],[5.65892,50.4802],[5.65877,50.48031],[5.65833,50.48024],[5.65854,50.48056],[5.65793,50.48075]],[[5.71459,50.48004],[5.71454,50.47998],[5.7146,50.47993],[5.71467,50.47998],[5.71459,50.48004]],[[5.71376,50.47971],[5.71376,50.47942],[5.71433,50.47969],[5.71417,50.47979],[5.71376,50.47971]],[[5.71543,50.47877],[5.71536,50.47832],[5.71568,50.47832],[5.71568,50.4785],[5.71543,50.47877]],[[5.70959,50.47701],[5.70918,50.47692],[5.70904,50.47674],[5.70904,50.47661],[5.70926,50.47653],[5.70967,50.47661],[5.7097,50.47684],[5.70959,50.47701]],[[5.72959,50.4764],[5.72945,50.47637],[5.72963,50.47636],[5.72959,50.4764]],[[5.69626,50.47619],[5.69594,50.47608],[5.69593,50.47588],[5.69655,50.4757],[5.69789,50.47592],[5.69818,50.47607],[5.69789,50.47618],[5.69681,50.47628],[5.69626,50.47619]],[[5.69501,50.47587],[5.69483,50.47575],[5.6948,50.47555],[5.69502,50.47553],[5.69568,50.47581],[5.69544,50.47588],[5.69501,50.47587]],[[5.71071,50.47109],[5.71085,50.47136],[5.71134,50.47166],[5.71171,50.47219],[5.71085,50.47276],[5.71062,50.47306],[5.71061,50.47329],[5.71089,50.47358],[5.71095,50.47375],[5.71085,50.47416],[5.71054,50.47441],[5.71043,50.47471],[5.71014,50.47497],[5.71002,50.47541],[5.70972,50.47542],[5.70917,50.47525],[5.70824,50.47551],[5.70812,50.47581],[5.70796,50.47591],[5.70712,50.47574],[5.70602,50.47579],[5.70467,50.47569],[5.70331,50.47587],[5.70134,50.4758],[5.70035,50.47562],[5.69868,50.47557],[5.69629,50.47509],[5.69545,50.47501],[5.69446,50.47517],[5.69342,50.47514],[5.69277,50.47499],[5.69172,50.47493],[5.69153,50.475],[5.69196,50.47517],[5.69248,50.47516],[5.69256,50.47526],[5.69082,50.47528],[5.6896,50.47497],[5.68786,50.47471],[5.68751,50.47444],[5.68879,50.4739],[5.68926,50.47379],[5.69123,50.4738],[5.69264,50.47371],[5.6942,50.47388],[5.69581,50.47365],[5.69588,50.47358],[5.6956,50.47305],[5.69563,50.47278],[5.69664,50.47165],[5.69682,50.47138],[5.69688,50.47109]],[[5.69334,50.47559],[5.69315,50.47552],[5.69333,50.47542],[5.69353,50.47552],[5.69334,50.47559]],[[5.64751,50.4748],[5.64835,50.47472],[5.64864,50.47444],[5.6492,50.47429],[5.65185,50.47418],[5.65253,50.4739],[5.65276,50.47357],[5.65327,50.47317],[5.65335,50.47303],[5.65312,50.47278],[5.65321,50.47267],[5.65373,50.47252],[5.65468,50.47251],[5.65663,50.47203],[5.65729,50.47164],[5.65736,50.47109]],[[5.68374,50.47109],[5.68427,50.47129],[5.6844,50.47191],[5.68457,50.47225],[5.68495,50.47278],[5.68531,50.47305],[5.68452,50.47355],[5.68421,50.4739],[5.68373,50.47411],[5.68321,50.47411],[5.68238,50.47398],[5.68013,50.47323],[5.67915,50.47304],[5.67791,50.47249],[5.6787,50.4719],[5.67936,50.47174],[5.68039,50.47134],[5.68192,50.47109]],[[5.69611,50.47109],[5.69419,50.4714],[5.69297,50.47124],[5.69233,50.47152],[5.69123,50.47172],[5.69033,50.47166],[5.69001,50.47151],[5.68976,50.47169],[5.68826,50.472],[5.68761,50.47228],[5.6867,50.47249],[5.6864,50.47226],[5.68643,50.47215],[5.68666,50.47205],[5.68796,50.47177],[5.68896,50.47109]],[[5.73875,50.47109],[5.73654,50.47109]],[[5.73987,50.47109],[5.73883,50.47109]]]}},{"type":"Feature","properties":{"ele":250},"geometry":{"type":"MultiLineString","coordinates":[[[5.665,50.61193],[5.66489,50.61161],[5.66541,50.61135],[5.66562,50.61111],[5.66575,50.61074],[5.66627,50.61041],[5.66793,50.61026],[5.66842,50.61005],[5.66877,50.61011],[5.66917,50.61029],[5.66963,50.61011],[5.67123,50.61033],[5.67149,50.61022],[5.67159,50.60983],[5.67157,50.60958],[5.67125,50.60916],[5.67128,50.60858],[5.67096,50.60829],[5.67117,50.60799],[5.67116,50.60774],[5.67101,50.60721],[5.67063,50.6069],[5.6709,50.60665],[5.67156,50.60636],[5.67159,50.60611],[5.67141,50.60579],[5.67035,50.60527],[5.67032,50.60502],[5.67048,50.60495],[5.67117,50.60492],[5.67139,50.60496],[5.67176,50.6052],[5.6722,50.60514],[5.67242,50.60496],[5.67248,50.60467],[5.67298,50.60389],[5.67308,50.6036],[5.67377,50.60325],[5.67407,50.60302],[5.6741,50.6027],[5.67429,50.60239],[5.67417,50.60166],[5.67398,50.60101],[5.67373,50.60056],[5.67374,50.60021],[5.67362,50.59983],[5.67318,50.59893],[5.6729,50.59862],[5.6729,50.59832],[5.67299,50.59806],[5.67333,50.59785],[5.67462,50.59769],[5.67502,50.59774],[5.67613,50.59819],[5.67668,50.59831],[5.67706,50.59895],[5.67795,50.5995],[5.67812,50.59983],[5.67792,50.60026],[5.67823,50.60052],[5.67814,50.60087],[5.67824,50.60109],[5.67889,50.601],[5.67998,50.60111],[5.68217,50.60116],[5.68414,50.60098],[5.68441,50.60109],[5.68502,50.60159],[5.68643,50.60242],[5.68673,50.60355],[5.6867,50.60365],[5.68588,50.60425],[5.68454,50.60437],[5.68411,50.6047],[5.68412,50.60548],[5.68399,50.60561],[5.68294,50.60582],[5.68211,50.60577],[5.68161,50.60599],[5.68108,50.60643],[5.6811,50.60666],[5.68133,50.60708],[5.68131,50.60728],[5.68088,50.6075],[5.67998,50.60774],[5.6795,50.60805],[5.67946,50.60823],[5.67955,50.6084],[5.68001,50.60859],[5.68154,50.60872],[5.68183,50.60865],[5.68232,50.60826],[5.68256,50.6082],[5.68289,50.60858],[5.68302,50.60887],[5.68334,50.60915],[5.68423,50.60924],[5.68477,50.60966],[5.68606,50.6102],[5.68616,50.61035],[5.68618,50.61079],[5.68627,50.61106],[5.68669,50.6112],[5.68691,50.61137],[5.6869,50.61193]],[[5.68888,50.61193],[5.68912,50.61161],[5.68967,50.61146],[5.69027,50.61164],[5.69057,50.61193]],[[5.69754,50.61193],[5.69782,50.61111],[5.6978,50.61028],[5.69787,50.60997],[5.69827,50.60958],[5.69877,50.60942],[5.70056,50.60959],[5.7028,50.61019],[5.70345,50.61016],[5.70361,50.61026],[5.70358,50.61055],[5.70378,50.6108],[5.70464,50.61121],[5.70606,50.61168],[5.70712,50.61167],[5.70834,50.61145],[5.70913,50.6112],[5.70977,50.61151],[5.71079,50.61178],[5.71095,50.61193]],[[5.76309,50.61193],[5.76425,50.61179],[5.76589,50.61138],[5.76613,50.61035],[5.7656,50.60975],[5.76564,50.60942],[5.76514,50.60909],[5.7651,50.60833],[5.76485,50.60804],[5.76461,50.60745],[5.76339,50.60677],[5.7629,50.60669],[5.76241,50.60641],[5.76238,50.60628],[5.76253,50.60581],[5.76212,50.60525],[5.76171,50.60508],[5.76124,50.60496],[5.76021,50.60527],[5.75915,50.6054],[5.75711,50.60504],[5.75608,50.60476],[5.75468,50.60406],[5.75299,50.60346],[5.7521,50.60331],[5.74922,50.60228],[5.74867,50.60216],[5.7467,50.60211],[5.74622,50.60217],[5.74587,50.6025],[5.74519,50.60235],[5.74415,50.60233],[5.74212,50.60269],[5.73879,50.60243],[5.73788,50.60249],[5.73769,50.60226],[5.73763,50.60192],[5.7375,50.60183],[5.73705,50.60166],[5.73551,50.60135],[5.73457,50.60094],[5.7341,50.60092],[5.73295,50.6013],[5.73168,50.60109],[5.73137,50.60076],[5.73136,50.60042],[5.73154,50.60018],[5.73203,50.59993],[5.73255,50.59994],[5.73295,50.60005],[5.7337,50.5998],[5.73421,50.59932],[5.73503,50.5989],[5.73518,50.59851],[5.73571,50.59816],[5.73602,50.5981],[5.7367,50.59817],[5.73745,50.59808],[5.73791,50.59785],[5.73801,50.59772],[5.7381,50.59694],[5.73831,50.59632],[5.73889,50.59538],[5.73909,50.59521],[5.73962,50.59514],[5.7416,50.59514],[5.7428,50.59533],[5.74456,50.5954],[5.74634,50.59595],[5.74788,50.59666],[5.74841,50.5967],[5.74864,50.59657],[5.74951,50.59579],[5.75213,50.59536],[5.75288,50.5949],[5.75337,50.59474],[5.75373,50.59435],[5.7546,50.59415],[5.75482,50.59382],[5.75475,50.59351],[5.75459,50.59332],[5.75407,50.59314],[5.75366,50.59275],[5.75385,50.5927],[5.75461,50.59277],[5.75462,50.59233],[5.7548,50.5921],[5.75541,50.59177],[5.75613,50.59173],[5.75665,50.59175],[5.75712,50.59189],[5.7579,50.5924],[5.75813,50.5928],[5.75879,50.59315],[5.75912,50.59363],[5.75961,50.59378],[5.76064,50.595],[5.76127,50.59525],[5.76124,50.59555],[5.76211,50.59599],[5.7625,50.59638],[5.76352,50.59658],[5.76456,50.59634],[5.76502,50.59638],[5.76507,50.59609],[5.7648,50.5958],[5.76496,50.59565],[5.76524,50.59559],[5.76553,50.59566],[5.76587,50.59595],[5.76626,50.59611],[5.76733,50.59625],[5.76799,50.59624],[5.76821,50.59643],[5.76802,50.5968],[5.76802,50.59698],[5.76842,50.59744],[5.76872,50.59805],[5.76918,50.59848],[5.77002,50.59891],[5.77043,50.59923],[5.77175,50.59939],[5.77196,50.59972],[5.77211,50.59981],[5.77293,50.5997],[5.77423,50.59989],[5.77576,50.6006],[5.77631,50.60108],[5.77712,50.60115],[5.77791,50.60138],[5.77838,50.60132],[5.77878,50.60136],[5.77998,50.60176],[5.78045,50.602],[5.78206,50.6023],[5.78294,50.60276],[5.78338,50.60313],[5.78419,50.60313],[5.78428,50.60303],[5.78426,50.60278],[5.78436,50.60247],[5.78365,50.60194],[5.78349,50.60133],[5.7829,50.60102],[5.78247,50.60057],[5.78261,50.6001],[5.78312,50.5997],[5.7832,50.59952],[5.78316,50.59941],[5.78279,50.59933],[5.78198,50.59941],[5.78202,50.59969],[5.78186,50.59989],[5.7817,50.6],[5.7812,50.60004],[5.78073,50.59971],[5.78071,50.59934],[5.78052,50.59904],[5.77993,50.59901],[5.77945,50.59888],[5.7791,50.59861],[5.7794,50.59829],[5.77942,50.59778],[5.77957,50.59747],[5.78046,50.59754],[5.78094,50.59742],[5.78126,50.59722],[5.7812,50.59691],[5.78164,50.59627],[5.78186,50.59627],[5.78372,50.59704],[5.78433,50.59743],[5.78443,50.59764],[5.78438,50.59781],[5.78374,50.59833],[5.78422,50.59814],[5.78451,50.59814],[5.78483,50.59828],[5.78522,50.5986],[5.78541,50.59903],[5.78521,50.59969],[5.78542,50.60006],[5.78624,50.60055],[5.78691,50.60077],[5.78839,50.60052],[5.78849,50.60079],[5.78832,50.60108],[5.78834,50.60138],[5.78916,50.60167],[5.7909,50.60275],[5.79133,50.60332],[5.79092,50.60434],[5.79097,50.60469],[5.79118,50.60502],[5.79155,50.60511],[5.79243,50.6051],[5.79306,50.60534],[5.79363,50.60541],[5.7939,50.60536],[5.79461,50.60458],[5.79626,50.60441],[5.79705,50.6048],[5.79794,50.60485],[5.79805,50.60498],[5.79812,50.60528],[5.79835,50.60553],[5.79894,50.60566],[5.79958,50.60595],[5.80092,50.60586],[5.80247,50.60623],[5.80322,50.60667],[5.80352,50.60676],[5.80399,50.60678],[5.80425,50.60665],[5.80402,50.60638],[5.80322,50.60611],[5.80394,50.60587],[5.80404,50.60569],[5.80382,50.60525],[5.80296,50.60468],[5.80248,50.60444],[5.80165,50.60419],[5.80104,50.60383],[5.79958,50.60324],[5.7992,50.60318],[5.79858,50.6032],[5.79785,50.60304],[5.79798,50.60273],[5.79763,50.60215],[5.79712,50.60026],[5.79693,50.59969],[5.79675,50.59939],[5.79667,50.59934],[5.79625,50.59947],[5.79515,50.59912],[5.795,50.59891],[5.79506,50.59859],[5.79497,50.59847],[5.79377,50.59799],[5.79289,50.59749],[5.79269,50.59726],[5.79263,50.59705],[5.7927,50.59691],[5.79292,50.59681],[5.79337,50.59678],[5.7946,50.59697],[5.79489,50.59722],[5.79488,50.59774],[5.79502,50.59798],[5.79625,50.59832],[5.79671,50.59876],[5.79717,50.59885],[5.79847,50.59868],[5.79998,50.5989],[5.80103,50.59888],[5.8011,50.59878],[5.80107,50.59861],[5.80067,50.5981],[5.79984,50.59776],[5.80029,50.59749],[5.80079,50.5975],[5.80131,50.59803],[5.80176,50.59833],[5.80174,50.59871],[5.80165,50.59883],[5.80148,50.59888],[5.80153,50.59893],[5.80253,50.59914],[5.80309,50.59939],[5.80405,50.5995],[5.80462,50.59966],[5.80518,50.59997],[5.80542,50.60027],[5.80711,50.6009],[5.80825,50.60175],[5.80848,50.60183],[5.80876,50.60182],[5.80894,50.60168],[5.80958,50.60053],[5.81042,50.60025],[5.81081,50.60028],[5.81167,50.60054],[5.81306,50.60059],[5.81468,50.60015],[5.81502,50.6],[5.81511,50.59977],[5.81435,50.59893],[5.81381,50.59857],[5.81213,50.59771],[5.81123,50.59749],[5.81067,50.59722],[5.80964,50.59635],[5.80877,50.59537],[5.80757,50.59495],[5.80706,50.59445],[5.80668,50.59387],[5.80626,50.59396],[5.80546,50.59448],[5.80477,50.59457],[5.80373,50.59443],[5.80286,50.59419],[5.802,50.59374],[5.80152,50.59334],[5.80142,50.59313],[5.80148,50.593],[5.80229,50.59252],[5.80259,50.59219],[5.80217,50.59212],[5.80134,50.59219],[5.80061,50.59202],[5.79956,50.59197],[5.79863,50.59144],[5.79768,50.59109],[5.79688,50.59062],[5.79656,50.59026],[5.79619,50.59],[5.79603,50.5897],[5.79578,50.58945],[5.79323,50.58778],[5.79196,50.58739],[5.79076,50.58758],[5.78997,50.5875],[5.78779,50.58669],[5.78662,50.58604],[5.78626,50.58601],[5.78575,50.58615],[5.78501,50.58609],[5.78342,50.58618],[5.7825,50.58617],[5.78208,50.58607],[5.78124,50.5861],[5.77858,50.58508],[5.77705,50.585],[5.77584,50.58471],[5.77455,50.58418],[5.77294,50.5833],[5.7722,50.58245],[5.77126,50.58168],[5.77092,50.58151],[5.76952,50.58088],[5.76918,50.58081],[5.76861,50.58086],[5.76662,50.58032],[5.76541,50.57978],[5.76366,50.5787],[5.76218,50.57799],[5.76068,50.57776],[5.76116,50.57747],[5.76206,50.57735],[5.76365,50.57692],[5.76566,50.57667],[5.76631,50.57689],[5.76673,50.57727],[5.76899,50.57721],[5.77056,50.57731],[5.77126,50.57762],[5.77173,50.57771],[5.77203,50.57805],[5.77251,50.57831],[5.77363,50.57856],[5.77464,50.57861],[5.77576,50.57849],[5.77606,50.57839],[5.77614,50.57829],[5.7758,50.57805],[5.77498,50.57794],[5.77458,50.5778],[5.77456,50.57747],[5.77544,50.57752],[5.77655,50.57734],[5.77704,50.57735],[5.77719,50.5775],[5.77683,50.57773],[5.77676,50.57788],[5.77685,50.57805],[5.77708,50.57813],[5.778,50.5779],[5.77917,50.57781],[5.77933,50.57772],[5.77925,50.57746],[5.77769,50.57711],[5.77739,50.57699],[5.77736,50.57688],[5.77757,50.57667],[5.77791,50.5766],[5.78004,50.57661],[5.78113,50.57651],[5.78166,50.57636],[5.78176,50.5762],[5.7818,50.57604],[5.78171,50.5758],[5.78132,50.57549],[5.78017,50.57496],[5.77899,50.5746],[5.77711,50.57359],[5.77592,50.57321],[5.77502,50.57304],[5.77458,50.57276],[5.77321,50.57236],[5.77159,50.57215],[5.76832,50.57139],[5.76789,50.57101],[5.7677,50.57059],[5.7677,50.57029],[5.76816,50.57012],[5.76894,50.57002],[5.77332,50.57016],[5.77413,50.57027],[5.77493,50.57051],[5.77671,50.57054],[5.77866,50.57109],[5.77993,50.57158],[5.78089,50.57164],[5.78196,50.57182],[5.78334,50.57186],[5.78394,50.5721],[5.78492,50.57235],[5.78583,50.57276],[5.78667,50.5729],[5.78685,50.57301],[5.78692,50.57319],[5.78684,50.57339],[5.78661,50.57361],[5.78667,50.57391],[5.78706,50.57382],[5.78806,50.57339],[5.78876,50.57331],[5.79123,50.57384],[5.79243,50.5739],[5.79373,50.57415],[5.79658,50.57505],[5.79676,50.57529],[5.79688,50.57583],[5.7971,50.57609],[5.7953,50.57614],[5.79424,50.57634],[5.79396,50.57656],[5.79395,50.57677],[5.79411,50.57693],[5.79533,50.57716],[5.7962,50.57742],[5.79683,50.57775],[5.79712,50.57802],[5.79703,50.57835],[5.79724,50.57858],[5.79845,50.57886],[5.79915,50.57916],[5.80005,50.57943],[5.79999,50.57966],[5.79968,50.57999],[5.79919,50.58092],[5.79879,50.58103],[5.79794,50.5811],[5.7967,50.58175],[5.79565,50.58194],[5.79508,50.58228],[5.79434,50.58249],[5.79467,50.58266],[5.79606,50.58276],[5.7963,50.58287],[5.79635,50.5831],[5.7961,50.58335],[5.79599,50.58364],[5.79615,50.58417],[5.79582,50.58427],[5.79504,50.5842],[5.79451,50.58445],[5.79478,50.58472],[5.79662,50.5854],[5.7971,50.58584],[5.79769,50.58593],[5.79811,50.58585],[5.79814,50.58576],[5.7979,50.58528],[5.79801,50.58505],[5.79835,50.58475],[5.79887,50.58443],[5.79917,50.58375],[5.79958,50.5833],[5.80008,50.58303],[5.80043,50.5831],[5.80132,50.58348],[5.80212,50.5844],[5.80376,50.58546],[5.80441,50.58571],[5.80503,50.58581],[5.80598,50.58624],[5.80635,50.58624],[5.8065,50.5861],[5.80648,50.58597],[5.80544,50.58458],[5.80524,50.58418],[5.80506,50.58402],[5.80424,50.58354],[5.80326,50.58356],[5.80204,50.58331],[5.80241,50.58257],[5.80233,50.58216],[5.80254,50.58196],[5.80292,50.58185],[5.80352,50.58186],[5.80431,50.58176],[5.80581,50.58106],[5.8073,50.58161],[5.80748,50.58202],[5.80819,50.58254],[5.80839,50.58306],[5.80772,50.58355],[5.8075,50.58387],[5.80746,50.58406],[5.8075,50.58424],[5.80792,50.58471],[5.81001,50.58503],[5.81138,50.58504],[5.81249,50.58472],[5.81289,50.5844],[5.81348,50.58421],[5.81377,50.58394],[5.81419,50.58388],[5.81376,50.58372],[5.81375,50.58358],[5.81399,50.58343],[5.81431,50.58335],[5.81468,50.58345],[5.81553,50.58416],[5.81593,50.58524],[5.81594,50.5859],[5.81546,50.58694],[5.81502,50.587],[5.81483,50.58723],[5.81487,50.58747],[5.81516,50.58777],[5.81483,50.58783],[5.81379,50.58765],[5.8129,50.58764],[5.81233,50.58771],[5.8123,50.58785],[5.81251,50.58804],[5.81368,50.58841],[5.81514,50.58858],[5.81504,50.58872],[5.81458,50.58888],[5.81493,50.58918],[5.81549,50.58931],[5.81581,50.58971],[5.81613,50.58984],[5.81701,50.58996],[5.81835,50.58998],[5.81878,50.59007],[5.81916,50.59027],[5.81971,50.59028],[5.82002,50.59048],[5.82037,50.59153],[5.82022,50.59168],[5.81946,50.59175],[5.81415,50.59128],[5.81359,50.59133],[5.81354,50.59142],[5.81386,50.59168],[5.81524,50.59248],[5.81556,50.59274],[5.81544,50.59305],[5.81448,50.59329],[5.81437,50.59341],[5.81436,50.59357],[5.815,50.5942],[5.81701,50.59439],[5.8192,50.59409],[5.81968,50.59389],[5.8199,50.59359],[5.82046,50.59359],[5.82051,50.59388],[5.8201,50.59415],[5.82008,50.59437],[5.82126,50.59525],[5.82131,50.59555],[5.82128,50.59586],[5.82108,50.59632],[5.82055,50.59684],[5.82052,50.59698],[5.82118,50.59755],[5.82158,50.59804],[5.82118,50.5982],[5.82006,50.59823],[5.81956,50.59857],[5.81881,50.59872],[5.8186,50.59887],[5.81951,50.59948],[5.81952,50.60035],[5.81918,50.60082],[5.81956,50.60072],[5.82,50.60082],[5.82049,50.60076],[5.82059,50.60083],[5.82056,50.60111],[5.82108,50.60119],[5.82167,50.60109],[5.82192,50.60083],[5.82206,50.60052],[5.82254,50.60035],[5.82311,50.6003],[5.8238,50.60053],[5.82403,50.60097],[5.82401,50.60114],[5.82375,50.60136],[5.82331,50.60154],[5.82251,50.60164],[5.8219,50.60215],[5.8219,50.60226],[5.8222,50.60247],[5.82208,50.60277],[5.823,50.60289],[5.82384,50.60263],[5.82514,50.60267],[5.82708,50.60308],[5.82723,50.60288],[5.82721,50.6027],[5.82702,50.60251],[5.82629,50.60218],[5.82577,50.6018],[5.82519,50.60083],[5.82522,50.60031],[5.82516,50.60001],[5.82568,50.59964],[5.82574,50.59917],[5.82538,50.59864],[5.82458,50.59808],[5.82431,50.59771],[5.82383,50.5974],[5.82363,50.59708],[5.82359,50.59684],[5.82373,50.59637],[5.82435,50.59562],[5.8245,50.5951],[5.82427,50.59485],[5.82367,50.59471],[5.82378,50.59443],[5.82349,50.59414],[5.8237,50.59398],[5.82394,50.594],[5.8242,50.59412],[5.82458,50.59453],[5.82546,50.59469],[5.8263,50.59517],[5.82701,50.59545],[5.82738,50.59544],[5.82787,50.59527],[5.82799,50.59497],[5.8269,50.59399],[5.82669,50.59349],[5.82647,50.59328],[5.82647,50.59302],[5.8268,50.59253],[5.8267,50.5922],[5.82582,50.59166],[5.825,50.59137],[5.82452,50.5911],[5.82465,50.59101],[5.82539,50.59101],[5.82618,50.59121],[5.82696,50.59125],[5.82889,50.59158],[5.82972,50.59184],[5.8305,50.5919],[5.83128,50.5922],[5.83268,50.59214],[5.83284,50.59224],[5.83281,50.5925],[5.83325,50.59276],[5.83361,50.59318],[5.83384,50.59325],[5.83423,50.59322],[5.83452,50.59335],[5.83474,50.59357],[5.83487,50.59392],[5.83503,50.5941],[5.83623,50.59419],[5.83718,50.5944],[5.83802,50.59527],[5.83755,50.59558],[5.83706,50.59614],[5.83665,50.59629],[5.83583,50.59637],[5.83544,50.59666],[5.83497,50.59778],[5.83462,50.5981],[5.83382,50.5984],[5.83355,50.59862],[5.83345,50.59909],[5.83387,50.59937],[5.83535,50.59967],[5.83627,50.59972],[5.8367,50.59961],[5.83698,50.59943],[5.83707,50.59924],[5.83675,50.59868],[5.83669,50.5984],[5.83681,50.59823],[5.83713,50.59802],[5.83752,50.59799],[5.83791,50.59806],[5.83838,50.59831],[5.83883,50.59884],[5.83916,50.59895],[5.83991,50.59883],[5.84051,50.59843],[5.84127,50.59832],[5.84126,50.59796],[5.84042,50.5972],[5.84086,50.5972],[5.84134,50.59741],[5.84214,50.59748],[5.84268,50.5977],[5.8428,50.59785],[5.84263,50.59825],[5.84272,50.59835],[5.84326,50.59843],[5.8441,50.59841],[5.84458,50.59854],[5.84501,50.59886],[5.84536,50.59937],[5.84551,50.5997],[5.84532,50.60004],[5.84508,50.60029],[5.84407,50.60073],[5.8435,50.60121],[5.84242,50.60154],[5.84228,50.60174],[5.8421,50.60242],[5.84187,50.60279],[5.84145,50.60307],[5.8414,50.60337],[5.84167,50.60369],[5.84253,50.60383],[5.8425,50.60393],[5.84191,50.60411],[5.84189,50.60418],[5.84205,50.60428],[5.84311,50.60421],[5.84628,50.60496],[5.84659,50.60531],[5.84763,50.60605],[5.84761,50.6062],[5.84724,50.60667],[5.84765,50.60721],[5.8473,50.60749],[5.8472,50.60782],[5.84676,50.60804],[5.84644,50.60807],[5.84591,50.60803],[5.84543,50.60776],[5.84501,50.6072],[5.8446,50.60692],[5.84417,50.60692],[5.84294,50.60729],[5.84122,50.60747],[5.8417,50.60803],[5.84138,50.60864],[5.84148,50.60887],[5.84172,50.60909],[5.84294,50.60968],[5.84384,50.60982],[5.84524,50.61022],[5.8454,50.61032],[5.8455,50.61082],[5.84525,50.61103],[5.84425,50.6113],[5.84337,50.6114],[5.84303,50.61164],[5.84313,50.61193]],[[5.77244,50.61193],[5.77269,50.61134],[5.77296,50.61117],[5.77326,50.61113],[5.7737,50.61126],[5.77416,50.61166],[5.77457,50.61183],[5.77584,50.61193]],[[5.8379,50.61193],[5.83736,50.61121],[5.83736,50.61105],[5.83748,50.61093],[5.83769,50.61093],[5.8392,50.61137],[5.83955,50.61169],[5.84018,50.61193]],[[5.86669,50.61193],[5.86656,50.61134],[5.8671,50.61098],[5.86785,50.6108],[5.86915,50.61091],[5.86949,50.61078],[5.8689,50.61021],[5.86801,50.60963],[5.86788,50.6093],[5.8682,50.60837],[5.86817,50.60816],[5.86805,50.60802],[5.8672,50.60753],[5.86709,50.60705],[5.86653,50.60668],[5.86651,50.60608],[5.86718,50.60588],[5.86752,50.60555],[5.86738,50.60526],[5.86687,50.60503],[5.8669,50.60487],[5.86713,50.60473],[5.86745,50.60465],[5.86826,50.60488],[5.86881,50.60468],[5.87066,50.60506],[5.87217,50.60516],[5.87306,50.60542],[5.8742,50.60543],[5.8746,50.60553],[5.87542,50.60618],[5.87584,50.60625],[5.87605,50.60604],[5.87619,50.60514],[5.87612,50.60434],[5.87635,50.6034],[5.87668,50.60304],[5.87717,50.60289],[5.87764,50.60292],[5.87852,50.60314],[5.88003,50.60396],[5.88333,50.60527],[5.88368,50.60556],[5.8835,50.60604],[5.88366,50.60624],[5.88497,50.60652],[5.88598,50.60689],[5.88642,50.60785],[5.88645,50.60851],[5.88656,50.60889],[5.88646,50.60927],[5.88614,50.60986],[5.88612,50.61007],[5.8863,50.61052],[5.88663,50.61087],[5.88681,50.61097],[5.88704,50.61102],[5.88716,50.61096],[5.88736,50.60997],[5.88797,50.60943],[5.88834,50.60886],[5.88918,50.60887],[5.88903,50.60913],[5.88918,50.60932],[5.89039,50.60974],[5.89138,50.60994],[5.89171,50.6102],[5.89192,50.6106],[5.89218,50.61073],[5.89252,50.61069],[5.89289,50.61049],[5.89418,50.60939]],[[5.71293,50.61001],[5.71293,50.60994],[5.71293,50.61001]],[[5.68084,50.60978],[5.68079,50.60967],[5.68129,50.60934],[5.68132,50.60943],[5.68084,50.60978]],[[5.71376,50.60973],[5.71369,50.6097],[5.71374,50.60963],[5.71389,50.60969],[5.71376,50.60973]],[[5.71459,50.60926],[5.71448,50.60916],[5.71458,50.60907],[5.71467,50.60914],[5.71459,50.60926]],[[5.68418,50.6091],[5.68397,50.60892],[5.68399,50.60883],[5.68436,50.60861],[5.68455,50.60827],[5.68501,50.60827],[5.68472,50.60897],[5.68451,50.60909],[5.68418,50.6091]],[[5.76459,50.60877],[5.76458,50.60855],[5.76473,50.60857],[5.76459,50.60877]],[[5.67209,50.60597],[5.67192,50.60583],[5.67203,50.60572],[5.67252,50.60581],[5.67209,50.60597]],[[5.68459,50.60504],[5.68443,50.60498],[5.68462,50.60496],[5.68459,50.60504]],[[5.86626,50.60476],[5.86609,50.60469],[5.86604,50.60443],[5.86551,50.60416],[5.8655,50.60403],[5.86564,50.60386],[5.86587,50.60379],[5.86625,50.60389],[5.86674,50.60386],[5.86671,50.60469],[5.86626,50.60476]],[[5.86793,50.60465],[5.86785,50.60446],[5.86792,50.60439],[5.86797,50.60444],[5.86793,50.60465]],[[5.82126,50.60306],[5.82127,50.6029],[5.82131,50.60302],[5.82126,50.60306]],[[5.79543,50.6025],[5.79495,50.60198],[5.79501,50.60179],[5.7954,50.60176],[5.79573,50.60192],[5.79569,50.60215],[5.79543,50.6025]],[[5.79251,50.602],[5.79239,50.60189],[5.79254,50.60173],[5.79272,50.60191],[5.79251,50.602]],[[5.78084,50.60146],[5.78071,50.60134],[5.78082,50.60109],[5.7812,50.60116],[5.78137,50.60133],[5.78124,50.60148],[5.78084,50.60146]],[[5.89418,50.59966],[5.89333,50.59952],[5.89237,50.59916],[5.89118,50.59889],[5.88962,50.59875],[5.88748,50.59873],[5.88666,50.59861],[5.88499,50.59788],[5.88458,50.59753],[5.88401,50.5972],[5.88413,50.59663],[5.88439,50.59628],[5.88433,50.59584],[5.88415,50.59555],[5.88423,50.59514],[5.88413,50.59469],[5.88423,50.59388],[5.884,50.59361],[5.88421,50.59332],[5.88417,50.5931],[5.88403,50.59304],[5.88422,50.59296],[5.8847,50.59242],[5.8847,50.59219],[5.8845,50.59162],[5.88509,50.59155],[5.88544,50.59137],[5.88539,50.59128],[5.88514,50.59122],[5.88423,50.59121],[5.88409,50.59108],[5.88483,50.59099],[5.88576,50.59102],[5.88594,50.59093],[5.88628,50.59055],[5.88715,50.59027],[5.88826,50.59021],[5.88917,50.59032],[5.89001,50.59007],[5.88999,50.58971],[5.8902,50.58893],[5.88992,50.58859],[5.89013,50.58832],[5.89017,50.58698],[5.89045,50.58638],[5.89001,50.5859],[5.88989,50.58566],[5.88984,50.58538],[5.88992,50.58519],[5.89014,50.5851],[5.89105,50.58504],[5.89124,50.58497],[5.89172,50.58456],[5.89274,50.58455],[5.89418,50.58424]],[[5.78043,50.59809],[5.78013,50.59802],[5.78042,50.59792],[5.78043,50.59809]],[[5.78626,50.5978],[5.78612,50.59776],[5.78627,50.59773],[5.78626,50.5978]],[[5.78501,50.59731],[5.78426,50.5969],[5.78372,50.5967],[5.78374,50.59633],[5.78417,50.59609],[5.78469,50.59635],[5.7851,50.59696],[5.78512,50.59719],[5.78501,50.59731]],[[5.67251,50.59665],[5.67292,50.59657],[5.67306,50.59666],[5.67288,50.59676],[5.67251,50.59665]],[[5.76834,50.59635],[5.76812,50.59617],[5.76812,50.59605],[5.76873,50.59574],[5.76926,50.59581],[5.76882,50.59622],[5.76834,50.59635]],[[5.78043,50.59591],[5.77986,50.59553],[5.78169,50.5952],[5.78255,50.59545],[5.78274,50.5956],[5.78256,50.5959],[5.78201,50.59606],[5.78097,50.59601],[5.78043,50.59591]],[[5.77959,50.59499],[5.77942,50.59477],[5.77946,50.59467],[5.78026,50.5947],[5.77959,50.59499]],[[5.83584,50.59404],[5.8357,50.59388],[5.83582,50.59375],[5.8359,50.59386],[5.83584,50.59404]],[[5.83376,50.59373],[5.83356,50.59359],[5.83372,50.59343],[5.83381,50.59355],[5.83376,50.59373]],[[5.88334,50.59143],[5.88318,50.59137],[5.88349,50.59137],[5.88334,50.59143]],[[5.81459,50.58971],[5.81502,50.5897],[5.81459,50.58971]],[[5.81543,50.589],[5.81529,50.5889],[5.81532,50.58883],[5.81566,50.58887],[5.81543,50.589]],[[5.76918,50.58808],[5.7689,50.58799],[5.76864,50.58774],[5.76915,50.58754],[5.76983,50.58768],[5.77043,50.58767],[5.77108,50.58801],[5.7709,50.58807],[5.77042,50.58804],[5.76988,50.58785],[5.76918,50.58808]],[[5.80293,50.58761],[5.80267,50.58748],[5.8026,50.58715],[5.80226,50.58694],[5.80334,50.58685],[5.80352,50.58669],[5.80359,50.58636],[5.80375,50.58621],[5.80396,50.58636],[5.80402,50.58666],[5.80418,50.58691],[5.80469,50.58721],[5.8044,50.58748],[5.80379,50.58769],[5.80337,50.58772],[5.80293,50.58761]],[[5.70876,50.58697],[5.70876,50.5869],[5.70876,50.58697]],[[5.74543,50.58693],[5.74536,50.58664],[5.74668,50.58665],[5.74594,50.58694],[5.74543,50.58693]],[[5.70543,50.58612],[5.70487,50.5856],[5.70459,50.58517],[5.70384,50.5848],[5.70301,50.58488],[5.70217,50.58512],[5.7004,50.58516],[5.69955,50.58532],[5.69919,50.58525],[5.69894,50.58497],[5.69839,50.58466],[5.69782,50.58455],[5.69771,50.5844],[5.69771,50.58424],[5.69801,50.58388],[5.69783,50.58356],[5.69877,50.58304],[5.69903,50.58271],[5.69912,50.58167],[5.69907,50.58135],[5.69896,50.58109],[5.69865,50.58084],[5.696,50.57937],[5.69584,50.57915],[5.69581,50.57885],[5.6962,50.57832],[5.6966,50.57816],[5.69696,50.57816],[5.69752,50.57831],[5.69802,50.57857],[5.69887,50.57931],[5.69959,50.58082],[5.70046,50.58109],[5.70207,50.58122],[5.70276,50.58138],[5.70333,50.58173],[5.70499,50.58249],[5.70584,50.58277],[5.70665,50.58339],[5.70713,50.5833],[5.70774,50.58358],[5.70752,50.5837],[5.70707,50.58364],[5.70676,50.58369],[5.70632,50.58394],[5.7055,50.58423],[5.70509,50.58448],[5.70495,50.5847],[5.70541,50.58482],[5.70558,50.58501],[5.70548,50.58552],[5.70555,50.5859],[5.70543,50.58612]],[[5.70959,50.58623],[5.70953,50.58605],[5.70978,50.58608],[5.70959,50.58623]],[[5.69626,50.58419],[5.69616,50.58414],[5.69716,50.58415],[5.69626,50.58419]],[[5.70876,50.58418],[5.7087,50.58413],[5.70878,50.58403],[5.7089,50.58414],[5.70876,50.58418]],[[5.70793,50.58395],[5.70774,50.58384],[5.70793,50.58369],[5.70852,50.58386],[5.70793,50.58395]],[[5.85876,50.58363],[5.85876,50.58358],[5.85876,50.58363]],[[5.69168,50.58334],[5.69133,50.58254],[5.69145,50.58238],[5.6917,50.58227],[5.69251,50.5822],[5.69285,50.58228],[5.69333,50.58258],[5.69352,50.58292],[5.6935,50.58316],[5.69332,50.58342],[5.69168,50.58334]],[[5.85751,50.58353],[5.85723,50.58332],[5.8573,50.5832],[5.85748,50.58311],[5.85766,50.58316],[5.85777,50.58329],[5.85751,50.58353]],[[5.85709,50.58323],[5.85702,50.58301],[5.85736,50.58305],[5.85709,50.58323]],[[5.89418,50.57859],[5.89385,50.57828],[5.89332,50.57808],[5.89291,50.57778],[5.89244,50.57728],[5.89196,50.57697],[5.89171,50.57661],[5.8908,50.57648],[5.89006,50.57601],[5.88994,50.57578],[5.89051,50.57528],[5.89037,50.57501],[5.88961,50.5747],[5.88871,50.57391],[5.88707,50.57296],[5.88497,50.57211],[5.88471,50.57191],[5.88458,50.57166],[5.88417,50.5714],[5.88382,50.57102],[5.88293,50.57041],[5.88283,50.57063],[5.88285,50.57109],[5.88343,50.57191],[5.88342,50.57224],[5.88222,50.57199],[5.88166,50.57198],[5.8813,50.57187],[5.88109,50.57189],[5.88104,50.57196],[5.88141,50.5722],[5.88336,50.57273],[5.88497,50.57328],[5.88676,50.57427],[5.88722,50.57465],[5.88734,50.57489],[5.88731,50.57542],[5.88707,50.57579],[5.887,50.57606],[5.88737,50.57656],[5.88736,50.57668],[5.88706,50.57685],[5.88613,50.57702],[5.88579,50.57697],[5.88543,50.57664],[5.885,50.57663],[5.88458,50.57676],[5.88389,50.57658],[5.88334,50.57668],[5.88289,50.57656],[5.88227,50.57652],[5.88082,50.57661],[5.88004,50.57656],[5.87897,50.57685],[5.87879,50.57696],[5.8787,50.57721],[5.8793,50.57768],[5.88014,50.57793],[5.88092,50.57856],[5.8821,50.57898],[5.88367,50.58002],[5.88467,50.58052],[5.88504,50.58084],[5.88459,50.5811],[5.88291,50.58078],[5.88215,50.58051],[5.88168,50.58018],[5.88124,50.57999],[5.87967,50.5797],[5.87789,50.579],[5.87676,50.57879],[5.87583,50.57848],[5.87491,50.57811],[5.87407,50.57755],[5.87382,50.57664],[5.87351,50.57635],[5.87294,50.57609],[5.87249,50.57609],[5.87212,50.57625],[5.87206,50.57638],[5.8724,50.57663],[5.87246,50.57698],[5.87286,50.57746],[5.8734,50.57779],[5.87325,50.57791],[5.87244,50.57791],[5.8717,50.57819],[5.87148,50.57856],[5.87118,50.57881],[5.87121,50.57914],[5.87146,50.57967],[5.87217,50.57996],[5.87229,50.58027],[5.87255,50.58052],[5.87262,50.58076],[5.87245,50.58133],[5.87248,50.5818],[5.87242,50.58192],[5.87175,50.58211],[5.87129,50.5821],[5.87047,50.58184],[5.86995,50.5818],[5.86953,50.58143],[5.86928,50.58134],[5.86785,50.58131],[5.86743,50.58121],[5.86702,50.5808],[5.86832,50.58035],[5.86841,50.58024],[5.86806,50.58012],[5.86743,50.5801],[5.86691,50.57997],[5.86633,50.57968],[5.86587,50.57933],[5.86426,50.57957],[5.86379,50.57979],[5.8629,50.57971],[5.86331,50.57936],[5.86339,50.57914],[5.86337,50.57886],[5.86263,50.57829],[5.86211,50.57802],[5.86198,50.57778],[5.86212,50.57751],[5.86258,50.57721],[5.86238,50.57692],[5.86264,50.57667],[5.8626,50.57646],[5.86254,50.57637],[5.86172,50.57621],[5.86128,50.57601],[5.86106,50.57582],[5.861,50.57549],[5.86087,50.57525],[5.85923,50.57491],[5.85868,50.57486],[5.85799,50.57462],[5.85754,50.57471],[5.85694,50.57523],[5.85675,50.57582],[5.85635,50.57615],[5.85583,50.57688],[5.85553,50.5771],[5.85534,50.57713],[5.85498,50.57699],[5.85461,50.57663],[5.85355,50.57615],[5.85306,50.57552],[5.85198,50.57535],[5.85169,50.57491],[5.85085,50.57469],[5.85024,50.5748],[5.84912,50.57477],[5.84786,50.57446],[5.84729,50.57389],[5.84723,50.57368],[5.84731,50.57352],[5.84781,50.57317],[5.84837,50.57297],[5.84875,50.57248],[5.84919,50.57222],[5.84935,50.5718],[5.84955,50.57153],[5.85055,50.57119],[5.85096,50.57079],[5.85156,50.5705],[5.85178,50.57029],[5.85122,50.56945],[5.85109,50.56892],[5.85085,50.56844],[5.85044,50.5681],[5.8495,50.56834],[5.8495,50.56859],[5.84966,50.5689],[5.84961,50.56958],[5.84979,50.56992],[5.84975,50.57005],[5.8484,50.57045],[5.84778,50.57079],[5.84708,50.57093],[5.84668,50.57111],[5.8463,50.57107],[5.8459,50.5707],[5.84539,50.57057],[5.845,50.57028],[5.84465,50.56993],[5.84409,50.56886],[5.84373,50.5687],[5.84328,50.56882],[5.84315,50.56903],[5.84311,50.56962],[5.84288,50.57024],[5.84335,50.57136],[5.84324,50.57222],[5.84287,50.57262],[5.84243,50.57273],[5.84196,50.57273],[5.84071,50.57253],[5.83842,50.57175],[5.8374,50.57149],[5.83693,50.57113],[5.83715,50.57054],[5.83711,50.57039],[5.837,50.57033],[5.8354,50.57011],[5.83498,50.57024],[5.83451,50.57052],[5.83414,50.57061],[5.83312,50.5703],[5.83298,50.57021],[5.83288,50.56999],[5.83313,50.5693],[5.83311,50.56889],[5.83294,50.56851],[5.83255,50.56831],[5.83122,50.56885],[5.83056,50.56895],[5.82925,50.56871],[5.82802,50.56863],[5.82707,50.56844],[5.82613,50.56836],[5.82585,50.56831],[5.8254,50.56805],[5.82502,50.56747],[5.82457,50.56731],[5.8228,50.56741],[5.8217,50.56732],[5.82075,50.56749],[5.82027,50.56718],[5.81948,50.56694],[5.81942,50.56649],[5.81965,50.56581],[5.81914,50.56552],[5.81858,50.56545],[5.81762,50.56558],[5.81705,50.56576],[5.81617,50.5662],[5.81535,50.56633],[5.81499,50.56627],[5.81461,50.56609],[5.81422,50.56572],[5.81392,50.56554],[5.81281,50.56527],[5.81382,50.56471],[5.81505,50.56416],[5.81592,50.56361],[5.81648,50.56301],[5.8173,50.56233],[5.81741,50.56215],[5.81744,50.56171],[5.81758,50.56136],[5.81701,50.56002],[5.81702,50.5596],[5.81715,50.55952],[5.81759,50.55959],[5.8179,50.55954],[5.81849,50.55892],[5.81921,50.55865],[5.82004,50.55858],[5.82139,50.55884],[5.82212,50.55877],[5.82316,50.55851],[5.82347,50.55851],[5.82377,50.55859],[5.82405,50.55916],[5.82458,50.55946],[5.8253,50.55925],[5.82587,50.5593],[5.82702,50.55977],[5.82759,50.55986],[5.8288,50.56025],[5.82917,50.56056],[5.8296,50.56061],[5.8297,50.55993],[5.82961,50.55966],[5.82897,50.55914],[5.82839,50.55885],[5.82753,50.55822],[5.82583,50.55749],[5.82508,50.55687],[5.82348,50.55663],[5.82203,50.5567],[5.82175,50.55661],[5.82166,50.55637],[5.82207,50.55607],[5.82279,50.55581],[5.82288,50.55523],[5.82323,50.55472],[5.8232,50.55438],[5.82393,50.55389],[5.82458,50.55326],[5.8263,50.5533],[5.82707,50.55355],[5.82792,50.55367],[5.82814,50.55358],[5.82837,50.55331],[5.83041,50.55299],[5.83181,50.55256],[5.83227,50.55259],[5.83337,50.55289],[5.8342,50.553],[5.83597,50.55277],[5.83603,50.5526],[5.83594,50.55245],[5.83415,50.55209],[5.83252,50.55137],[5.83232,50.55104],[5.83192,50.55004],[5.83166,50.54978],[5.83129,50.54967],[5.8304,50.54971],[5.82971,50.54935],[5.82916,50.54861],[5.82875,50.54777],[5.8287,50.54696],[5.82882,50.54665],[5.82915,50.54628],[5.82936,50.54622],[5.83154,50.54605],[5.83213,50.54612],[5.83592,50.54599],[5.83751,50.54513],[5.83875,50.54466],[5.84048,50.54416],[5.84169,50.54365],[5.84202,50.54326],[5.84193,50.54303],[5.84076,50.54255],[5.8405,50.54217],[5.84027,50.5416],[5.84001,50.54132],[5.83884,50.54092],[5.83803,50.54077],[5.83613,50.54077],[5.83556,50.54068],[5.83419,50.54016],[5.83336,50.53969],[5.83259,50.53938],[5.83223,50.53907],[5.83196,50.53904],[5.83122,50.53918],[5.83082,50.53861],[5.82919,50.53747],[5.82836,50.53751],[5.828,50.53742],[5.82541,50.5361],[5.82502,50.5358],[5.82459,50.53515],[5.82429,50.53496],[5.82365,50.53475],[5.82257,50.534],[5.82234,50.53351],[5.82203,50.53308],[5.82129,50.53247],[5.82088,50.53182],[5.81997,50.53086],[5.82001,50.53026],[5.81988,50.52999],[5.81999,50.52991],[5.82123,50.52992],[5.82376,50.53024],[5.82635,50.53102],[5.82755,50.5315],[5.82868,50.53156],[5.83056,50.53207],[5.8337,50.5325],[5.8346,50.53303],[5.83498,50.5337],[5.8353,50.534],[5.8358,50.53418],[5.83664,50.53386],[5.83701,50.5338],[5.8375,50.53385],[5.83832,50.5341],[5.83988,50.53413],[5.84097,50.534],[5.84196,50.53371],[5.84295,50.5336],[5.84294,50.53331],[5.84227,50.53325],[5.84127,50.53332],[5.83995,50.53368],[5.83856,50.533],[5.83864,50.53275],[5.83917,50.53241],[5.83934,50.53218],[5.83923,50.5316],[5.83922,50.5311],[5.83909,50.53073],[5.83917,50.53025],[5.84009,50.5304],[5.8421,50.53026],[5.84436,50.53063],[5.847,50.53138],[5.84848,50.5317],[5.8519,50.53276],[5.85337,50.53281],[5.85628,50.53358],[5.85708,50.53388],[5.85751,50.53415],[5.85791,50.53458],[5.85828,50.5347],[5.86125,50.53502],[5.86274,50.53531],[5.86342,50.53535],[5.86377,50.53531],[5.86387,50.53522],[5.86387,50.53498],[5.86367,50.53458],[5.86375,50.53429],[5.86505,50.53442],[5.86626,50.53482],[5.86665,50.53514],[5.86673,50.53524],[5.86669,50.53533],[5.86608,50.53556],[5.86668,50.53609],[5.86794,50.53648],[5.86891,50.53689],[5.86911,50.53724],[5.86941,50.53737],[5.87086,50.53749],[5.87169,50.53773],[5.87215,50.53802],[5.87274,50.53815],[5.87297,50.53813],[5.87339,50.53782],[5.87399,50.53715],[5.87464,50.53621],[5.87489,50.53607],[5.87513,50.53607],[5.87524,50.53618],[5.87526,50.53649],[5.87518,50.5369],[5.87489,50.53729],[5.87488,50.5376],[5.87498,50.53792],[5.87513,50.53792],[5.8754,50.53773],[5.87584,50.5372],[5.87628,50.53718],[5.87682,50.53751],[5.8771,50.53771],[5.87751,50.53831],[5.87773,50.53884],[5.8781,50.5393],[5.87822,50.53973],[5.87842,50.53995],[5.87915,50.54029],[5.87957,50.54082],[5.88036,50.54122],[5.88158,50.54199],[5.88214,50.54218],[5.88303,50.54299],[5.88371,50.54338],[5.88422,50.54384],[5.8854,50.54444],[5.88587,50.54455],[5.88652,50.545],[5.88673,50.54523],[5.88667,50.54537],[5.88629,50.54565],[5.88533,50.54581],[5.88634,50.54586],[5.88707,50.54613],[5.88835,50.5462],[5.89125,50.5478],[5.89137,50.54772],[5.89134,50.54745],[5.89108,50.54695],[5.89081,50.54666],[5.89083,50.54656],[5.89165,50.54606],[5.8918,50.54582],[5.89187,50.54542],[5.89203,50.54521],[5.89245,50.54519],[5.8929,50.54537],[5.89313,50.54528],[5.89314,50.54489],[5.89289,50.54442],[5.893,50.54415],[5.89347,50.54395],[5.89418,50.54382]],[[5.86793,50.58177],[5.86765,50.58163],[5.86806,50.58149],[5.86855,50.58164],[5.86793,50.58177]],[[5.87543,50.58186],[5.8753,50.5817],[5.87532,50.58162],[5.87552,50.58164],[5.87543,50.58186]],[[5.72334,50.58025],[5.72303,50.57996],[5.72317,50.57958],[5.72307,50.57919],[5.72244,50.57888],[5.72292,50.57851],[5.72337,50.57832],[5.72336,50.57803],[5.72285,50.5775],[5.72328,50.57711],[5.72413,50.57706],[5.72477,50.57741],[5.72501,50.57748],[5.72544,50.57747],[5.72592,50.57769],[5.72709,50.57748],[5.72788,50.57762],[5.72809,50.57774],[5.72788,50.57804],[5.72821,50.57854],[5.72826,50.57878],[5.72817,50.5789],[5.72691,50.57925],[5.72641,50.57946],[5.72334,50.58025]],[[5.86543,50.58006],[5.86527,50.57997],[5.86522,50.57976],[5.86532,50.57956],[5.86551,50.57948],[5.86599,50.5796],[5.86647,50.57996],[5.86622,50.58008],[5.86543,50.58006]],[[5.86209,50.57975],[5.86197,50.57967],[5.8621,50.57942],[5.86217,50.57967],[5.86209,50.57975]],[[5.86168,50.57902],[5.86149,50.57885],[5.86177,50.57856],[5.86211,50.57841],[5.86236,50.57858],[5.86238,50.57875],[5.8623,50.57888],[5.86168,50.57902]],[[5.86126,50.57832],[5.8612,50.57832],[5.86126,50.57832]],[[5.72834,50.57805],[5.72828,50.57804],[5.72834,50.57805]],[[5.85709,50.57806],[5.85705,50.57776],[5.85727,50.57743],[5.85747,50.5769],[5.85795,50.5767],[5.85838,50.57687],[5.85851,50.57722],[5.85836,50.57753],[5.85788,50.57788],[5.85709,50.57806]],[[5.72418,50.57681],[5.72409,50.57663],[5.72427,50.57664],[5.72418,50.57681]],[[5.65543,50.57365],[5.65531,50.57354],[5.65552,50.57337],[5.65587,50.57341],[5.65615,50.57359],[5.65607,50.57371],[5.65587,50.5738],[5.65543,50.57365]],[[5.72043,50.57339],[5.71912,50.57306],[5.71873,50.57277],[5.71855,50.57246],[5.71874,50.57237],[5.71914,50.57249],[5.72004,50.57246],[5.72026,50.57277],[5.72067,50.57307],[5.72063,50.57328],[5.72043,50.57339]],[[5.78043,50.57204],[5.78022,50.57196],[5.7802,50.57189],[5.78045,50.5718],[5.7805,50.57193],[5.78043,50.57204]],[[5.71709,50.57142],[5.71702,50.57137],[5.71723,50.57137],[5.71709,50.57142]],[[5.89418,50.54053],[5.89311,50.54041],[5.8916,50.54037],[5.88963,50.53983],[5.88877,50.53941],[5.8884,50.53972],[5.88818,50.53972],[5.88722,50.53926],[5.88541,50.53888],[5.88376,50.53832],[5.88342,50.53795],[5.88234,50.53723],[5.88148,50.53649],[5.88102,50.53529],[5.87967,50.53408],[5.87958,50.53387],[5.87969,50.53354],[5.87959,50.5333],[5.87881,50.53326],[5.87801,50.53347],[5.87751,50.53329],[5.87737,50.53358],[5.87708,50.53363],[5.87582,50.53308],[5.87504,50.53285],[5.87399,50.53269],[5.87181,50.53217],[5.87071,50.53227],[5.86941,50.53215],[5.86916,50.53219],[5.86881,50.5325],[5.86827,50.53252],[5.86619,50.53203],[5.8646,50.53137],[5.86247,50.53114],[5.86126,50.53081],[5.86055,50.53049],[5.85999,50.52981],[5.8591,50.53007],[5.85837,50.52991],[5.85754,50.5299],[5.85709,50.52966],[5.85625,50.52971],[5.85541,50.52943],[5.85454,50.52926],[5.85342,50.52882],[5.8488,50.52634],[5.84835,50.52593],[5.84769,50.525],[5.84737,50.52437],[5.84667,50.52389],[5.84596,50.52357],[5.84436,50.52319],[5.84254,50.52258],[5.84168,50.52245],[5.84009,50.52254],[5.83834,50.52275],[5.83785,50.52302],[5.83582,50.52352],[5.8353,50.52352],[5.83455,50.52336],[5.83404,50.5231],[5.83373,50.52278],[5.83327,50.52252],[5.83309,50.52217],[5.83284,50.52197],[5.83158,50.52171],[5.83119,50.52139],[5.8297,50.52052],[5.8275,50.51943],[5.82587,50.5179],[5.82418,50.51665],[5.82307,50.51562],[5.82296,50.51538],[5.82299,50.51514],[5.82335,50.51471],[5.82417,50.5141],[5.82483,50.5139],[5.82588,50.51387],[5.82629,50.51366],[5.82656,50.51307],[5.82684,50.51276],[5.82689,50.51243],[5.82737,50.5118],[5.82726,50.5109],[5.8276,50.51054],[5.82744,50.51026],[5.82758,50.50976],[5.82741,50.50916],[5.82752,50.50888],[5.82918,50.50862],[5.83009,50.50817],[5.83119,50.50801],[5.83142,50.50783],[5.83167,50.50748],[5.83279,50.50724],[5.83368,50.50718],[5.8349,50.50721],[5.83622,50.5075],[5.83686,50.50754],[5.83957,50.50739],[5.84139,50.50717],[5.84368,50.50761],[5.84509,50.50821],[5.84545,50.50821],[5.84571,50.50804],[5.84541,50.50774],[5.84374,50.50702],[5.84257,50.50659],[5.8417,50.50642],[5.84097,50.50639],[5.83837,50.50661],[5.83701,50.5066],[5.83426,50.50589],[5.83347,50.50579],[5.83233,50.50574],[5.831,50.50585],[5.82841,50.50696],[5.8282,50.50694],[5.82803,50.50677],[5.82796,50.50656],[5.82801,50.50604],[5.82881,50.5053],[5.82904,50.50497],[5.83081,50.50378],[5.8316,50.50308],[5.83186,50.50274],[5.83209,50.50219],[5.83239,50.50185],[5.8333,50.50122],[5.83385,50.50108],[5.83401,50.50087],[5.83397,50.50076],[5.83371,50.50061],[5.83251,50.50026],[5.8326,50.50003],[5.83296,50.49969],[5.83205,50.49949],[5.83166,50.49917],[5.83155,50.49837],[5.83124,50.49804],[5.83076,50.49726],[5.83019,50.4967],[5.83004,50.49632],[5.83007,50.49559],[5.82999,50.495],[5.8301,50.49474],[5.8304,50.49441],[5.83088,50.49419],[5.83164,50.49351],[5.83208,50.49331],[5.83224,50.49309],[5.83186,50.49264],[5.83187,50.4917],[5.83244,50.48999],[5.83293,50.48943],[5.83364,50.48911],[5.83477,50.48909],[5.8376,50.48947],[5.83962,50.4896],[5.84119,50.49002],[5.84415,50.49062],[5.84946,50.49142],[5.85,50.49168],[5.85165,50.4918],[5.85246,50.49197],[5.85347,50.4919],[5.8536,50.49196],[5.8537,50.49224],[5.85462,50.49244],[5.85518,50.49272],[5.85561,50.49324],[5.85612,50.49353],[5.85742,50.49368],[5.85779,50.49387],[5.85899,50.49407],[5.85925,50.49405],[5.86001,50.4938],[5.86092,50.49393],[5.86166,50.49386],[5.86197,50.4935],[5.86261,50.49332],[5.86273,50.49305],[5.8631,50.49275],[5.86254,50.49236],[5.86212,50.49226],[5.86176,50.49245],[5.86163,50.49273],[5.86142,50.49285],[5.8608,50.49296],[5.86037,50.49312],[5.85998,50.49313],[5.85968,50.49285],[5.85979,50.49247],[5.85935,50.49219],[5.85963,50.49202],[5.86023,50.49192],[5.859,50.49172],[5.85784,50.49121],[5.85709,50.49108],[5.85634,50.49133],[5.85587,50.49132],[5.85504,50.49101],[5.8545,50.4909],[5.85412,50.4907],[5.85334,50.49054],[5.853,50.49038],[5.85245,50.49055],[5.85154,50.4903],[5.85121,50.49007],[5.84954,50.48973],[5.84909,50.4895],[5.84757,50.48909],[5.84621,50.48894],[5.8437,50.48837],[5.84322,50.488],[5.84398,50.48625],[5.84397,50.48587],[5.84378,50.48571],[5.84362,50.48579],[5.84351,50.4861],[5.84301,50.48642],[5.84249,50.48717],[5.84159,50.4876],[5.84039,50.48777],[5.83748,50.48741],[5.83502,50.48748],[5.83331,50.48785],[5.83199,50.4883],[5.8309,50.48901],[5.83039,50.4892],[5.82949,50.48828],[5.82937,50.48781],[5.82943,50.48729],[5.82926,50.48649],[5.82934,50.48608],[5.82978,50.48551],[5.83022,50.48469],[5.83023,50.48441],[5.83011,50.48392],[5.83027,50.48354],[5.83009,50.4832],[5.82961,50.48274],[5.82913,50.48249],[5.82825,50.48182],[5.82788,50.48138],[5.82777,50.48112],[5.82712,50.48092],[5.82655,50.48099],[5.82578,50.48084],[5.82464,50.4805],[5.82257,50.4797],[5.82118,50.47859],[5.82085,50.47821],[5.81997,50.47765],[5.81973,50.47776],[5.81966,50.47803],[5.81944,50.4783],[5.82053,50.47912],[5.82033,50.47943],[5.82066,50.47973],[5.82133,50.48008],[5.82189,50.4805],[5.82251,50.48075],[5.82366,50.48144],[5.82579,50.48221],[5.82599,50.48249],[5.82625,50.48263],[5.82756,50.48302],[5.82849,50.48406],[5.82854,50.4842],[5.82847,50.48439],[5.82807,50.4847],[5.82798,50.48489],[5.82836,50.48577],[5.82829,50.48606],[5.8279,50.48632],[5.82703,50.4863],[5.82684,50.48636],[5.82681,50.48646],[5.82695,50.48667],[5.82751,50.48686],[5.8276,50.48696],[5.82757,50.48733],[5.82723,50.48819],[5.82764,50.48934],[5.82795,50.4897],[5.82766,50.48991],[5.82763,50.49003],[5.82801,50.49027],[5.82814,50.49057],[5.82875,50.4907],[5.82888,50.49082],[5.82877,50.4911],[5.82806,50.49118],[5.8279,50.49126],[5.82785,50.49137],[5.82844,50.49162],[5.82955,50.49179],[5.82973,50.49189],[5.82978,50.49202],[5.82976,50.4925],[5.82964,50.49278],[5.82917,50.49304],[5.82879,50.49362],[5.82838,50.4939],[5.82782,50.4946],[5.82745,50.49551],[5.82775,50.49667],[5.82845,50.49773],[5.82862,50.4983],[5.82857,50.49861],[5.8279,50.49887],[5.82823,50.49918],[5.82876,50.49942],[5.82917,50.49972],[5.8298,50.5008],[5.82986,50.50111],[5.82981,50.50142],[5.82965,50.50169],[5.82926,50.50196],[5.82789,50.50245],[5.82795,50.50278],[5.82787,50.50299],[5.827,50.50314],[5.82659,50.50357],[5.82534,50.50433],[5.82455,50.50522],[5.82445,50.50562],[5.82367,50.50693],[5.82293,50.50862],[5.82275,50.50948],[5.82295,50.51058],[5.82287,50.51079],[5.82259,50.511],[5.82233,50.51109],[5.82167,50.51109],[5.82142,50.51116],[5.82078,50.51162],[5.81972,50.51198],[5.81848,50.5119],[5.81781,50.51167],[5.81435,50.50919],[5.81429,50.50896],[5.8146,50.50861],[5.81464,50.50823],[5.81458,50.50779],[5.81423,50.50739],[5.81337,50.5069],[5.81214,50.50661],[5.81178,50.50604],[5.81159,50.50587],[5.81129,50.50577],[5.81084,50.50582],[5.81057,50.50553],[5.81007,50.50522],[5.80948,50.50502],[5.80768,50.50418],[5.80758,50.50409],[5.80756,50.5038],[5.80744,50.50366],[5.80664,50.50339],[5.80662,50.50327],[5.80677,50.50303],[5.8065,50.50275],[5.80584,50.50236],[5.80502,50.5022],[5.80454,50.50196],[5.80386,50.50135],[5.80353,50.50094],[5.80342,50.5],[5.80276,50.49916],[5.80212,50.49871],[5.80083,50.49812],[5.79891,50.49745],[5.79855,50.49701],[5.79834,50.49609],[5.7976,50.49579],[5.7963,50.49569],[5.79542,50.49498],[5.79459,50.4947],[5.79373,50.49473],[5.79326,50.49448],[5.79132,50.49471],[5.79099,50.49494],[5.79132,50.49499],[5.79181,50.49474],[5.79306,50.49482],[5.79459,50.49538],[5.79506,50.49578],[5.79506,50.49609],[5.79481,50.49643],[5.79484,50.49665],[5.79533,50.49723],[5.79614,50.49778],[5.79663,50.49891],[5.79692,50.49915],[5.79754,50.49924],[5.79809,50.49945],[5.79921,50.50014],[5.79963,50.50051],[5.7999,50.5009],[5.80121,50.50225],[5.80188,50.50333],[5.80241,50.50444],[5.8049,50.50736],[5.8049,50.50749],[5.80476,50.50762],[5.80419,50.5077],[5.80415,50.50778],[5.80461,50.5078],[5.80504,50.50762],[5.80533,50.50819],[5.80517,50.50858],[5.80521,50.50871],[5.80542,50.50893],[5.80623,50.50944],[5.80679,50.50997],[5.80713,50.51048],[5.80721,50.51083],[5.80748,50.51139],[5.8079,50.51195],[5.80848,50.51254],[5.80925,50.51295],[5.80938,50.51319],[5.80923,50.51364],[5.80944,50.51427],[5.80917,50.5152],[5.80875,50.51551],[5.80855,50.51582],[5.80811,50.51592],[5.80621,50.51585],[5.80526,50.5156],[5.80459,50.51539],[5.80376,50.51498],[5.80333,50.51471],[5.80294,50.51432],[5.80243,50.51471],[5.80129,50.5153],[5.80036,50.51533],[5.79894,50.51492],[5.79871,50.51492],[5.79865,50.51502],[5.79908,50.51538],[5.8003,50.51592],[5.80102,50.51603],[5.80217,50.51602],[5.80326,50.51625],[5.80509,50.51717],[5.80552,50.51749],[5.80454,50.518],[5.80444,50.51828],[5.80457,50.51842],[5.80509,50.51844],[5.80623,50.51819],[5.80795,50.5184],[5.80841,50.51861],[5.80845,50.51887],[5.80825,50.51937],[5.8084,50.51958],[5.80912,50.51971],[5.81044,50.51966],[5.81094,50.51984],[5.81239,50.52086],[5.8129,50.5214],[5.81515,50.52275],[5.81568,50.52335],[5.81684,50.52391],[5.81699,50.52413],[5.81675,50.52451],[5.8168,50.5252],[5.81641,50.52582],[5.81666,50.52599],[5.81735,50.5261],[5.8154,50.52711],[5.81487,50.52747],[5.81423,50.52806],[5.8132,50.52861],[5.81279,50.52873],[5.81233,50.52868],[5.81164,50.52837],[5.81136,50.5278],[5.81123,50.52769],[5.81042,50.52748],[5.80837,50.52724],[5.80715,50.5272],[5.80676,50.52709],[5.80586,50.52664],[5.80497,50.52641],[5.80342,50.52573],[5.8027,50.5255],[5.80103,50.52469],[5.79953,50.52421],[5.79663,50.52305],[5.7949,50.52258],[5.7933,50.52193],[5.79173,50.52108],[5.79103,50.52049],[5.79036,50.51973],[5.78959,50.51918],[5.78922,50.51878],[5.78869,50.5185],[5.78799,50.51786],[5.78779,50.5178],[5.78705,50.51804],[5.78753,50.51858],[5.78743,50.5193],[5.78767,50.51966],[5.78764,50.51996],[5.78782,50.52031],[5.78736,50.52138],[5.7877,50.52198],[5.78879,50.52302],[5.78917,50.52362],[5.78931,50.52403],[5.78924,50.52445],[5.78895,50.52473],[5.78866,50.52523],[5.78837,50.52555],[5.78788,50.52582],[5.78738,50.52596],[5.7866,50.52601],[5.78576,50.52591],[5.78502,50.52572],[5.78424,50.5254],[5.78358,50.52538],[5.78289,50.52515],[5.7825,50.52515],[5.78229,50.52526],[5.78254,50.52543],[5.78329,50.52566],[5.78342,50.5258],[5.78302,50.52638],[5.78236,50.52688],[5.78238,50.52703],[5.78335,50.52803],[5.78503,50.52886],[5.7858,50.52946],[5.78591,50.52961],[5.78596,50.53],[5.78653,50.53139],[5.78648,50.53174],[5.78614,50.53224],[5.78637,50.53244],[5.7871,50.53276],[5.78727,50.53319],[5.78709,50.53359],[5.78719,50.53418],[5.787,50.53442],[5.78696,50.53472],[5.78667,50.53498],[5.78663,50.53557],[5.7868,50.5358],[5.78767,50.53627],[5.78796,50.53665],[5.78741,50.53723],[5.7868,50.5386],[5.78581,50.53886],[5.78545,50.53903],[5.78502,50.53971],[5.7846,50.53999],[5.78443,50.54031],[5.78435,50.54069],[5.78461,50.5411],[5.78377,50.54137],[5.7833,50.54136],[5.78272,50.54163],[5.78274,50.54174],[5.78311,50.54219],[5.78313,50.54275],[5.78335,50.54293],[5.78367,50.54361],[5.78413,50.54418],[5.7847,50.54517],[5.78459,50.54554],[5.78404,50.54581],[5.78401,50.54618],[5.78371,50.54666],[5.78417,50.54721],[5.78535,50.5481],[5.78553,50.5485],[5.78533,50.54887],[5.78532,50.54915],[5.78547,50.54938],[5.78572,50.54947],[5.78707,50.54945],[5.78852,50.54963],[5.78962,50.54959],[5.79005,50.5495],[5.79046,50.54917],[5.7909,50.54896],[5.79201,50.54865],[5.79321,50.54876],[5.7941,50.54873],[5.79535,50.5484],[5.79602,50.54836],[5.79681,50.54848],[5.79789,50.54891],[5.79836,50.54914],[5.79869,50.54943],[5.79931,50.55025],[5.79988,50.55043],[5.80061,50.55053],[5.80007,50.55113],[5.79941,50.55153],[5.79936,50.5517],[5.80002,50.5522],[5.80015,50.55277],[5.80088,50.55299],[5.80151,50.55334],[5.80199,50.55475],[5.80293,50.55665],[5.80315,50.55695],[5.80382,50.55744],[5.8039,50.55767],[5.80379,50.55804],[5.8025,50.55831],[5.80221,50.55881],[5.80178,50.55916],[5.8004,50.55955],[5.79751,50.56056],[5.79669,50.56025],[5.79524,50.56012],[5.79341,50.55966],[5.79257,50.55969],[5.79214,50.55938],[5.79178,50.55885],[5.79176,50.55858],[5.79193,50.55799],[5.79179,50.55776],[5.79141,50.55749],[5.79148,50.55737],[5.79179,50.5572],[5.79174,50.55695],[5.79108,50.55671],[5.79084,50.55676],[5.79079,50.55692],[5.79106,50.55715],[5.79108,50.55726],[5.79041,50.55801],[5.78877,50.5589],[5.78802,50.55892],[5.78712,50.55868],[5.78625,50.55856],[5.78507,50.55893],[5.7841,50.55894],[5.78348,50.55879],[5.78326,50.55864],[5.78317,50.55837],[5.78316,50.55799],[5.78291,50.55751],[5.78252,50.55719],[5.7824,50.55697],[5.78258,50.55642],[5.78254,50.55628],[5.78187,50.55579],[5.78102,50.55563],[5.78042,50.55577],[5.78,50.55636],[5.77988,50.55667],[5.77962,50.55694],[5.77902,50.55721],[5.77798,50.55787],[5.77722,50.5579],[5.77608,50.5575],[5.7753,50.55767],[5.77426,50.55766],[5.77381,50.55746],[5.77351,50.55718],[5.77353,50.55694],[5.77376,50.55665],[5.77377,50.55636],[5.77325,50.55538],[5.77307,50.55521],[5.77259,50.55513],[5.7721,50.55521],[5.77163,50.55569],[5.77092,50.55619],[5.7705,50.55627],[5.77014,50.55619],[5.7686,50.5553],[5.76843,50.55493],[5.76783,50.55417],[5.76691,50.55402],[5.7662,50.55362],[5.76627,50.55331],[5.76614,50.55298],[5.76645,50.55198],[5.76633,50.55181],[5.76608,50.55177],[5.76503,50.55193],[5.76374,50.55194],[5.76334,50.55168],[5.76294,50.55129],[5.76206,50.55083],[5.76169,50.55053],[5.76072,50.55009],[5.76009,50.54987],[5.7592,50.54993],[5.75837,50.54951],[5.75793,50.54939],[5.75798,50.54998],[5.75912,50.55032],[5.76013,50.55074],[5.76099,50.55135],[5.76203,50.55254],[5.76254,50.55324],[5.76293,50.55359],[5.76348,50.55424],[5.76355,50.55451],[5.76327,50.55494],[5.76328,50.55504],[5.76368,50.55529],[5.76492,50.55581],[5.76581,50.55644],[5.76727,50.55806],[5.76737,50.55833],[5.76722,50.55858],[5.76592,50.55943],[5.76507,50.55984],[5.76365,50.56026],[5.76238,50.56033],[5.76034,50.55992],[5.75922,50.56],[5.75891,50.55993],[5.75743,50.5592],[5.75472,50.55839],[5.75316,50.55815],[5.75184,50.55767],[5.75095,50.55719],[5.75042,50.55702],[5.75018,50.55719],[5.75015,50.55746],[5.75086,50.5583],[5.7509,50.55855],[5.75025,50.55918],[5.75054,50.55934],[5.75168,50.5597],[5.75344,50.56103],[5.75372,50.56141],[5.75376,50.56201],[5.75336,50.56333],[5.75269,50.56348],[5.7521,50.56331],[5.75177,50.56295],[5.7517,50.56247],[5.75134,50.56236],[5.74957,50.56203],[5.74764,50.56201],[5.74739,50.56206],[5.74719,50.5622],[5.74717,50.56287],[5.74708,50.56302],[5.74664,50.5633],[5.7455,50.56346],[5.74456,50.56333],[5.74407,50.56309],[5.74408,50.56253],[5.74399,50.56229],[5.7437,50.56194],[5.74283,50.56137],[5.74276,50.56114],[5.74286,50.56076],[5.74283,50.56056],[5.74218,50.56008],[5.74195,50.55998],[5.74151,50.55996],[5.73964,50.56031],[5.73942,50.56025],[5.73913,50.56001],[5.7396,50.55952],[5.73978,50.55899],[5.73977,50.55882],[5.73945,50.55841],[5.73876,50.55804],[5.73855,50.55785],[5.73853,50.55774],[5.73962,50.55726],[5.74067,50.55698],[5.74078,50.55684],[5.74093,50.55614],[5.74067,50.55545],[5.74065,50.55501],[5.74036,50.55473],[5.74028,50.55441],[5.74002,50.55412],[5.73952,50.55412],[5.73873,50.55441],[5.73861,50.55472],[5.73877,50.55527],[5.73748,50.55563],[5.7369,50.55556],[5.73656,50.55528],[5.7371,50.55442],[5.73644,50.5543],[5.73603,50.55438],[5.73557,50.5547],[5.73571,50.55521],[5.73547,50.55557],[5.7347,50.5561],[5.73336,50.55666],[5.73293,50.55721],[5.73252,50.55752],[5.73223,50.55759],[5.7321,50.55758],[5.73122,50.55703],[5.73031,50.55696],[5.72889,50.55658],[5.72828,50.55667],[5.72686,50.55648],[5.72587,50.55601],[5.72542,50.55612],[5.72495,50.55604],[5.72363,50.55662],[5.72302,50.55646],[5.72268,50.55618],[5.72262,50.55587],[5.72291,50.55553],[5.72378,50.55527],[5.72467,50.55514],[5.72582,50.55478],[5.72754,50.55361],[5.72827,50.55329],[5.72879,50.55321],[5.73005,50.55337],[5.73092,50.55307],[5.73216,50.55285],[5.73247,50.55272],[5.73268,50.55249],[5.73278,50.55219],[5.73297,50.5521],[5.73337,50.5521],[5.73426,50.55232],[5.73477,50.55235],[5.73593,50.55222],[5.7363,50.55203],[5.73684,50.55193],[5.7351,50.55175],[5.73417,50.55124],[5.73363,50.55115],[5.73186,50.55122],[5.73125,50.55148],[5.73037,50.55168],[5.72999,50.55166],[5.72925,50.55143],[5.7279,50.55135],[5.72493,50.55086],[5.7242,50.55085],[5.72373,50.55106],[5.72264,50.55121],[5.72201,50.55151],[5.72061,50.55155],[5.72034,50.55148],[5.72008,50.5513],[5.71998,50.55108],[5.72014,50.55083],[5.72146,50.55004],[5.72242,50.54966],[5.72301,50.54952],[5.72419,50.54889],[5.72497,50.54861],[5.72682,50.5475],[5.72876,50.54685],[5.73127,50.54638],[5.73205,50.54596],[5.73255,50.5459],[5.73272,50.54581],[5.73201,50.54569],[5.73158,50.54552],[5.73125,50.54527],[5.73108,50.54469],[5.7308,50.54452],[5.72964,50.54502],[5.72884,50.54553],[5.72823,50.54553],[5.72842,50.54532],[5.72846,50.54499],[5.72799,50.54468],[5.72786,50.54417],[5.72747,50.54389],[5.72753,50.54356],[5.72709,50.54276],[5.72648,50.54242],[5.72624,50.54196],[5.72581,50.54057],[5.72585,50.54027],[5.72636,50.53924],[5.72633,50.53837],[5.72687,50.53777],[5.72691,50.53746],[5.72672,50.5369],[5.72508,50.53547],[5.7238,50.53495],[5.72335,50.53464],[5.72256,50.53426],[5.72242,50.53416],[5.72233,50.53385],[5.72174,50.53356],[5.72113,50.53343],[5.7204,50.53354],[5.72004,50.5335],[5.71809,50.53299],[5.71668,50.53277],[5.71499,50.53194],[5.71413,50.53173],[5.71411,50.53121],[5.71375,50.53083],[5.71374,50.53053],[5.71516,50.52971],[5.71543,50.5294],[5.71512,50.52883],[5.71494,50.52881],[5.71458,50.52898],[5.71414,50.5289],[5.71337,50.52853],[5.71317,50.52828],[5.71344,50.5281],[5.71416,50.52789],[5.7162,50.52686],[5.71702,50.52664],[5.71713,50.52635],[5.71625,50.5262],[5.71594,50.52579],[5.71537,50.52556],[5.71441,50.52544],[5.71306,50.52541],[5.71196,50.5252],[5.71043,50.52525],[5.70998,50.52547],[5.70852,50.52565],[5.70786,50.52589],[5.70701,50.52561],[5.70551,50.52538],[5.7014,50.5241],[5.70051,50.52396],[5.69996,50.52379],[5.69905,50.5238],[5.69795,50.52352],[5.69543,50.52276],[5.6942,50.52229],[5.69377,50.52234],[5.69364,50.52278],[5.69331,50.52306],[5.69229,50.52224],[5.69211,50.52191],[5.692,50.52221],[5.69216,50.52248],[5.69166,50.52323],[5.69046,50.52362],[5.69014,50.52365],[5.6891,50.52365],[5.68829,50.52337],[5.68709,50.52313],[5.68634,50.52281],[5.68586,50.52275],[5.68503,50.52247],[5.68429,50.52206],[5.68405,50.52202],[5.68334,50.5222],[5.68331,50.52239],[5.6837,50.52359],[5.6839,50.52389],[5.68371,50.52401],[5.68206,50.52442],[5.68197,50.52471],[5.68248,50.52493],[5.68295,50.52498],[5.68267,50.52537],[5.68219,50.52564],[5.68166,50.52581],[5.68126,50.52584],[5.68071,50.52558],[5.67951,50.52566],[5.67796,50.52537],[5.67764,50.52523],[5.67745,50.52474],[5.67701,50.5246],[5.67462,50.52484],[5.67432,50.52498],[5.67563,50.52572],[5.67569,50.52584],[5.67529,50.52594],[5.67416,50.52565],[5.67384,50.52552],[5.67341,50.52514],[5.67318,50.52516],[5.67295,50.52529],[5.67291,50.52542],[5.67286,50.5266],[5.67248,50.52693],[5.6724,50.52724],[5.67259,50.52754],[5.67269,50.52805],[5.67321,50.52865],[5.67334,50.52915],[5.67501,50.52998],[5.67513,50.53024],[5.67537,50.53043],[5.67576,50.53047],[5.67675,50.53034],[5.67759,50.5305],[5.67868,50.53024],[5.67903,50.53025],[5.67912,50.53032],[5.67913,50.53059],[5.67961,50.53078],[5.67942,50.53138],[5.67964,50.53162],[5.68019,50.5319],[5.6802,50.53226],[5.68032,50.53248],[5.68165,50.53292],[5.68244,50.53348],[5.6833,50.53388],[5.68419,50.53419],[5.68538,50.53431],[5.6867,50.53474],[5.68915,50.53538],[5.6905,50.53547],[5.69059,50.53563],[5.69058,50.53581],[5.69015,50.53612],[5.68907,50.53666],[5.68784,50.53692],[5.6888,50.5372],[5.68904,50.53743],[5.68914,50.53777],[5.68943,50.53812],[5.68934,50.53854],[5.68917,50.53882],[5.68878,50.53887],[5.68795,50.53882],[5.68712,50.53866],[5.68618,50.53869],[5.68577,50.53878],[5.68544,50.53904],[5.68529,50.53908],[5.68449,50.53895],[5.68335,50.53853],[5.68294,50.53871],[5.68177,50.53867],[5.68164,50.53861],[5.68168,50.53831],[5.68118,50.53804],[5.68003,50.53782],[5.67961,50.53747],[5.67923,50.53742],[5.6791,50.5375],[5.67878,50.53864],[5.67832,50.53876],[5.67785,50.53876],[5.67743,50.53862],[5.67705,50.53836],[5.67573,50.5381],[5.67501,50.5377],[5.67422,50.53747],[5.67337,50.53702],[5.67239,50.53698],[5.67126,50.53667],[5.67126,50.53637],[5.67095,50.53603],[5.67031,50.53554],[5.67002,50.53545],[5.66931,50.53542],[5.66709,50.53471],[5.66708,50.53387],[5.66714,50.53366],[5.66779,50.53295],[5.6683,50.5319],[5.66926,50.53149],[5.66938,50.53128],[5.66914,50.53088],[5.66904,50.53038],[5.6687,50.53005],[5.66835,50.52995],[5.66754,50.53011],[5.66712,50.52996],[5.66701,50.5292],[5.66668,50.52887],[5.66648,50.52785],[5.66657,50.52764],[5.66676,50.52757],[5.66717,50.52757],[5.66746,50.5276],[5.66779,50.52777],[5.66811,50.52773],[5.66722,50.52733],[5.66617,50.52704],[5.66541,50.52666],[5.66495,50.52612],[5.6646,50.52604],[5.66416,50.5262],[5.66359,50.52662],[5.66338,50.5272],[5.66303,50.5276],[5.66277,50.52819],[5.66277,50.52835],[5.66297,50.52857],[5.66333,50.5287],[5.66456,50.52852],[5.66497,50.52864],[5.6656,50.52913],[5.66579,50.52946],[5.66656,50.53],[5.66675,50.53051],[5.66667,50.53083],[5.66684,50.53142],[5.66638,50.53195],[5.66627,50.53225],[5.6659,50.5325],[5.66415,50.53238],[5.66361,50.5322],[5.66332,50.53221],[5.66375,50.53248],[5.66446,50.53262],[5.66604,50.53326],[5.66616,50.53337],[5.6661,50.53354],[5.66581,50.5338],[5.66548,50.53446],[5.66506,50.53473],[5.66459,50.53484],[5.66398,50.53542],[5.66394,50.53557],[5.66424,50.53578],[5.66428,50.53594],[5.66423,50.53611],[5.66394,50.53618],[5.66366,50.53617],[5.66346,50.53606],[5.66313,50.53555],[5.66305,50.53525],[5.66275,50.53498],[5.66253,50.53442],[5.66215,50.53409],[5.66206,50.53409],[5.66154,50.53542],[5.66152,50.53569],[5.66173,50.53627],[5.662,50.53667],[5.6621,50.53703],[5.66252,50.5378],[5.66245,50.53804],[5.66224,50.5383],[5.66167,50.53856],[5.66141,50.5389],[5.66117,50.53895],[5.66075,50.53891],[5.66004,50.5385],[5.65951,50.5384],[5.65894,50.53858],[5.65884,50.53889],[5.65843,50.53918],[5.65785,50.53923],[5.65748,50.53916],[5.65724,50.53893],[5.65727,50.53883],[5.65768,50.53863],[5.65762,50.53848],[5.65655,50.53843],[5.65607,50.5386],[5.65576,50.53886],[5.65598,50.53983],[5.65577,50.54026],[5.6564,50.54055],[5.65655,50.54087],[5.65653,50.54139],[5.65717,50.54181],[5.65751,50.54193],[5.65826,50.54177],[5.65858,50.54178],[5.6588,50.54192],[5.65859,50.54223],[5.65889,50.54239],[5.66045,50.54274],[5.66222,50.54299],[5.66295,50.54296],[5.66363,50.54272],[5.66375,50.54209],[5.66415,50.54114],[5.66417,50.54081],[5.66443,50.54029],[5.6646,50.54012],[5.66501,50.54053],[5.66516,50.54087],[5.66571,50.54146],[5.66585,50.54193],[5.66556,50.54226],[5.66552,50.54295],[5.66561,50.5431],[5.66588,50.54323],[5.66873,50.54371],[5.66922,50.54384],[5.66958,50.54406],[5.6703,50.54397],[5.67084,50.54416],[5.67207,50.54391],[5.67284,50.54393],[5.67373,50.54383],[5.67468,50.54356],[5.67503,50.54358],[5.67615,50.54393],[5.67745,50.54409],[5.67801,50.54424],[5.67899,50.54431],[5.67967,50.54423],[5.68009,50.54427],[5.68063,50.54446],[5.68043,50.54463],[5.67993,50.54471],[5.68036,50.54486],[5.68059,50.54502],[5.68215,50.54559],[5.68415,50.5461],[5.68541,50.54665],[5.68635,50.54686],[5.68647,50.54699],[5.6865,50.54718],[5.68599,50.54778],[5.68611,50.5492],[5.68589,50.54963],[5.68546,50.54975],[5.68487,50.54965],[5.68375,50.54967],[5.68362,50.54974],[5.68346,50.55],[5.68329,50.55054],[5.68339,50.55081],[5.68384,50.55104],[5.68472,50.55125],[5.68565,50.55168],[5.68544,50.55224],[5.68441,50.55236],[5.68381,50.55255],[5.68374,50.55278],[5.68462,50.55304],[5.68439,50.55334],[5.68431,50.55391],[5.68394,50.55415],[5.68391,50.55427],[5.68429,50.55468],[5.68425,50.55521],[5.68456,50.55556],[5.68503,50.55581],[5.68587,50.55607],[5.68671,50.55663],[5.68751,50.55704],[5.68938,50.55772],[5.68972,50.55805],[5.68862,50.55856],[5.6874,50.55886],[5.68576,50.55905],[5.68394,50.55897],[5.68295,50.55909],[5.68233,50.55895],[5.68161,50.55867],[5.68081,50.55797],[5.6784,50.55692],[5.67712,50.55675],[5.67655,50.5568],[5.67576,50.55716],[5.67483,50.55728],[5.67363,50.55697],[5.67102,50.55702],[5.67072,50.55695],[5.67001,50.55651],[5.6691,50.55644],[5.66816,50.55658],[5.66725,50.55699],[5.6666,50.55702],[5.66626,50.55721],[5.66602,50.55749],[5.66584,50.55754],[5.66517,50.5575],[5.66347,50.55718],[5.66294,50.55721],[5.66009,50.55834],[5.65999,50.55855],[5.66002,50.55878],[5.66021,50.55912],[5.66057,50.55946],[5.66088,50.56029],[5.66049,50.56059],[5.65923,50.56121],[5.65758,50.56249],[5.65694,50.56276],[5.65779,50.56301],[5.65773,50.56313],[5.65726,50.56336],[5.65708,50.5636],[5.65813,50.56412],[5.6586,50.5647],[5.65919,50.56497],[5.66003,50.56512],[5.66066,50.56539],[5.66175,50.56545],[5.66269,50.56608],[5.6627,50.56621],[5.66258,50.5664],[5.66128,50.5664],[5.66056,50.56629],[5.65955,50.56636],[5.65837,50.56682],[5.65712,50.56699],[5.65624,50.56729],[5.65509,50.56745],[5.65379,50.5673],[5.65243,50.56736],[5.6491,50.56705],[5.64751,50.56698]],[[5.66626,50.56659],[5.66601,50.56644],[5.66601,50.56632],[5.66632,50.56627],[5.66636,50.56641],[5.66626,50.56659]],[[5.81334,50.56638],[5.81404,50.56631],[5.81429,50.56637],[5.81409,50.5665],[5.81334,50.56638]],[[5.66584,50.56634],[5.66573,50.56601],[5.66578,50.56582],[5.66586,50.56579],[5.66599,50.56586],[5.66606,50.56604],[5.66584,50.56634]],[[5.65834,50.56283],[5.6581,50.56275],[5.65868,50.56259],[5.65918,50.56275],[5.65879,50.56286],[5.65834,50.56283]],[[5.68376,50.56224],[5.68336,50.56212],[5.683,50.56183],[5.68243,50.56088],[5.68175,50.56066],[5.68095,50.56053],[5.68166,50.56025],[5.68262,50.56019],[5.68339,50.56049],[5.68354,50.56085],[5.68412,50.56125],[5.68553,50.56138],[5.68585,50.56147],[5.68602,50.56163],[5.68538,50.56204],[5.68425,50.56229],[5.68376,50.56224]],[[5.71209,50.55982],[5.71097,50.55941],[5.71073,50.55923],[5.71061,50.55882],[5.71013,50.55828],[5.70988,50.55778],[5.70959,50.55748],[5.70936,50.55692],[5.70912,50.55668],[5.7089,50.55659],[5.70709,50.55639],[5.70634,50.55614],[5.70546,50.55629],[5.70505,50.55607],[5.70487,50.55606],[5.70456,50.55608],[5.70375,50.55681],[5.70313,50.55665],[5.70181,50.55655],[5.70056,50.55619],[5.69956,50.5561],[5.69825,50.55585],[5.6975,50.55555],[5.69654,50.55496],[5.69496,50.55435],[5.69424,50.55413],[5.69302,50.55413],[5.69245,50.5539],[5.69193,50.55329],[5.69255,50.5518],[5.69217,50.55079],[5.69176,50.55007],[5.69154,50.54948],[5.69151,50.54899],[5.69165,50.54851],[5.69217,50.54833],[5.69331,50.5483],[5.69415,50.54846],[5.69496,50.5485],[5.69538,50.54867],[5.69723,50.54913],[5.69842,50.54928],[5.6991,50.54916],[5.69953,50.54885],[5.69993,50.54876],[5.70034,50.54878],[5.70083,50.54894],[5.70201,50.54878],[5.70237,50.54886],[5.70247,50.54917],[5.70293,50.54943],[5.70389,50.54921],[5.70544,50.54916],[5.70543,50.54887],[5.70529,50.5486],[5.70571,50.54831],[5.70588,50.54809],[5.70563,50.54754],[5.70567,50.54745],[5.70588,50.54739],[5.70675,50.54743],[5.70774,50.54732],[5.70993,50.54754],[5.7105,50.5477],[5.71084,50.54804],[5.71179,50.54822],[5.71274,50.54888],[5.71239,50.54907],[5.71119,50.54942],[5.71092,50.54986],[5.71099,50.55005],[5.71139,50.55022],[5.71383,50.55052],[5.71432,50.55084],[5.7155,50.55107],[5.7157,50.55135],[5.71537,50.55189],[5.71531,50.55229],[5.71506,50.55286],[5.71423,50.55325],[5.71332,50.55355],[5.71199,50.55441],[5.7121,50.55469],[5.71258,50.55498],[5.71286,50.55555],[5.71342,50.55579],[5.71359,50.55601],[5.71364,50.55637],[5.7138,50.55665],[5.71357,50.55701],[5.71366,50.55785],[5.71332,50.5586],[5.71355,50.55906],[5.71399,50.55948],[5.71391,50.55969],[5.71378,50.55977],[5.71333,50.5597],[5.71259,50.55985],[5.71209,50.55982]],[[5.70043,50.55943],[5.69983,50.55925],[5.69856,50.55915],[5.6984,50.55885],[5.69854,50.55844],[5.69867,50.5583],[5.70002,50.5579],[5.70081,50.55742],[5.70196,50.55733],[5.70259,50.55741],[5.70368,50.55701],[5.7046,50.55699],[5.70496,50.55676],[5.70519,50.55671],[5.70545,50.55676],[5.70588,50.55718],[5.70593,50.55746],[5.7063,50.55774],[5.7064,50.55795],[5.70636,50.55807],[5.70587,50.55832],[5.70424,50.55888],[5.70372,50.55939],[5.70345,50.55952],[5.70233,50.55937],[5.70169,50.55946],[5.70127,50.55936],[5.70043,50.55943]],[[5.72459,50.55947],[5.72444,50.55942],[5.72438,50.5593],[5.72447,50.55878],[5.7244,50.55859],[5.72342,50.55848],[5.72254,50.5581],[5.72183,50.55747],[5.72166,50.55716],[5.72196,50.557],[5.72222,50.55698],[5.72299,50.55731],[5.72369,50.55784],[5.72457,50.55784],[5.72503,50.55802],[5.72522,50.55826],[5.72522,50.55844],[5.72505,50.55873],[5.72482,50.55888],[5.72488,50.55917],[5.72484,50.55936],[5.72459,50.55947]],[[5.73126,50.55676],[5.73109,50.55662],[5.73129,50.5564],[5.73214,50.55637],[5.73214,50.55668],[5.73126,50.55676]],[[5.82793,50.55285],[5.82786,50.55277],[5.82792,50.55273],[5.82797,50.55276],[5.82793,50.55285]],[[5.72876,50.55093],[5.72872,50.55073],[5.72905,50.5506],[5.7295,50.55061],[5.72965,50.55077],[5.72963,50.55086],[5.7295,50.55089],[5.72876,50.55093]],[[5.75584,50.5478],[5.75574,50.54776],[5.75612,50.54776],[5.75584,50.5478]],[[5.70918,50.54614],[5.70584,50.54552],[5.70451,50.54516],[5.70342,50.54496],[5.70212,50.54454],[5.69665,50.54312],[5.69596,50.54274],[5.69457,50.5415],[5.69371,50.5403],[5.69353,50.53979],[5.69354,50.53945],[5.69382,50.53916],[5.69467,50.53898],[5.6959,50.53886],[5.69671,50.53897],[5.6975,50.53973],[5.69765,50.53974],[5.69793,50.53971],[5.69832,50.53942],[5.69868,50.5393],[5.6996,50.53915],[5.69987,50.53893],[5.69985,50.53882],[5.69927,50.53856],[5.69806,50.53845],[5.69758,50.53832],[5.6958,50.53748],[5.69705,50.5373],[5.69748,50.53717],[5.69834,50.53721],[5.69941,50.53713],[5.70108,50.53724],[5.70285,50.53721],[5.70447,50.53753],[5.70535,50.53748],[5.70627,50.53788],[5.70714,50.53844],[5.70752,50.53835],[5.70779,50.53801],[5.70836,50.53776],[5.70878,50.53771],[5.70963,50.53778],[5.71139,50.53761],[5.71291,50.53771],[5.7137,50.53794],[5.71381,50.53805],[5.71372,50.53833],[5.71376,50.53859],[5.71504,50.53902],[5.71556,50.53908],[5.71665,50.53901],[5.71708,50.53915],[5.71793,50.53913],[5.71921,50.53935],[5.71934,50.53944],[5.71927,50.53969],[5.7196,50.53984],[5.72004,50.54024],[5.72076,50.54038],[5.72123,50.5402],[5.72173,50.5402],[5.72235,50.5409],[5.72235,50.54109],[5.7221,50.54119],[5.72061,50.54074],[5.7204,50.54075],[5.72016,50.54101],[5.72016,50.54118],[5.72061,50.54165],[5.72066,50.54194],[5.72085,50.54231],[5.72128,50.54276],[5.72106,50.54307],[5.72071,50.54325],[5.72002,50.54335],[5.71879,50.54329],[5.71756,50.54341],[5.71639,50.54269],[5.71498,50.54235],[5.71462,50.54241],[5.71452,50.5425],[5.71453,50.54277],[5.71479,50.54316],[5.71477,50.5433],[5.71466,50.54336],[5.71416,50.54341],[5.71253,50.54303],[5.71212,50.54305],[5.71204,50.5433],[5.71206,50.54361],[5.71238,50.54434],[5.71214,50.5452],[5.71202,50.54538],[5.71157,50.54575],[5.71052,50.54613],[5.70977,50.5462],[5.70918,50.54614]],[[5.89043,50.54592],[5.89032,50.54581],[5.89044,50.54575],[5.89079,50.54574],[5.89097,50.54581],[5.89083,50.5459],[5.89043,50.54592]],[[5.72209,50.54557],[5.72202,50.54552],[5.7221,50.54542],[5.72219,50.54553],[5.72209,50.54557]],[[5.72168,50.54511],[5.72148,50.54495],[5.72157,50.54472],[5.7224,50.54407],[5.72292,50.5441],[5.72317,50.54437],[5.72317,50.54455],[5.72294,50.54498],[5.72269,50.54512],[5.72227,50.54521],[5.72168,50.54511]],[[5.71793,50.54402],[5.71783,50.54386],[5.71794,50.54373],[5.71803,50.54388],[5.71793,50.54402]],[[5.77959,50.54083],[5.77948,50.54081],[5.78009,50.54076],[5.78072,50.54082],[5.78035,50.54088],[5.77959,50.54083]],[[5.66459,50.53966],[5.66435,50.53947],[5.66426,50.53927],[5.66433,50.53913],[5.66454,50.53904],[5.66462,50.53907],[5.66465,50.53921],[5.66459,50.53966]],[[5.64751,50.53899],[5.64868,50.53905],[5.6496,50.53887],[5.64993,50.53837],[5.64986,50.53824],[5.64958,50.53805],[5.6496,50.53776],[5.64919,50.53747],[5.64834,50.537],[5.64751,50.53674]],[[5.64751,50.52975],[5.64792,50.52976],[5.64863,50.52961],[5.65049,50.52954],[5.65082,50.52939],[5.65098,50.52889],[5.6513,50.52861],[5.65166,50.52844],[5.65201,50.52845],[5.65222,50.52853],[5.65256,50.52884],[5.65344,50.52939],[5.6537,50.53028],[5.65376,50.53082],[5.65348,50.53108],[5.65338,50.53128],[5.65365,50.5318],[5.65365,50.53194],[5.65332,50.53218],[5.65286,50.53236],[5.6525,50.53273],[5.65251,50.53302],[5.65294,50.53332],[5.65218,50.5339],[5.65122,50.5341],[5.6508,50.53434],[5.6503,50.53431],[5.6487,50.53393],[5.64805,50.53362],[5.64809,50.53331],[5.64751,50.53328]],[[5.65918,50.53332],[5.65908,50.53303],[5.65961,50.53304],[5.65918,50.53332]],[[5.66168,50.53321],[5.6614,50.53304],[5.66141,50.53264],[5.66109,50.53216],[5.66026,50.53162],[5.65956,50.53136],[5.65914,50.53111],[5.65915,50.53104],[5.66076,50.53125],[5.66112,50.53123],[5.66141,50.53106],[5.66158,50.53051],[5.66175,50.5305],[5.6618,50.53132],[5.662,50.53187],[5.66178,50.53229],[5.66179,50.53301],[5.66168,50.53321]],[[5.87959,50.53286],[5.87952,50.53273],[5.87961,50.53247],[5.87989,50.53273],[5.87959,50.53286]],[[5.83501,50.53169],[5.83416,50.53151],[5.83279,50.53102],[5.83134,50.53095],[5.83069,50.53082],[5.82957,50.53027],[5.8274,50.52955],[5.8261,50.52861],[5.82582,50.52831],[5.82623,50.52824],[5.8267,50.52829],[5.82863,50.52872],[5.83066,50.52878],[5.83222,50.52895],[5.83497,50.52945],[5.83707,50.53046],[5.83748,50.5309],[5.83748,50.53156],[5.83716,50.53179],[5.83592,50.53189],[5.83501,50.53169]],[[5.71459,50.53112],[5.71448,50.53109],[5.71463,50.53109],[5.71459,50.53112]],[[5.66876,50.52945],[5.66883,50.52943],[5.66876,50.52945]],[[5.66209,50.52923],[5.66209,50.52906],[5.66209,50.52923]],[[5.70959,50.52811],[5.70946,50.52804],[5.70966,50.52802],[5.70959,50.52811]],[[5.66418,50.52777],[5.66406,50.52752],[5.66416,50.52745],[5.66467,50.52775],[5.66418,50.52777]],[[5.66168,50.52727],[5.66109,50.52684],[5.66096,50.52663],[5.66165,50.52577],[5.66187,50.52528],[5.66184,50.52495],[5.66214,50.52483],[5.66232,50.52498],[5.66238,50.52526],[5.66264,50.52547],[5.66266,50.52576],[5.66252,50.52642],[5.66207,50.52664],[5.66235,50.52698],[5.66232,50.52726],[5.66206,50.52742],[5.66168,50.52727]],[[5.64751,50.52644],[5.64782,50.52632],[5.648,50.52617],[5.64813,50.52559],[5.64793,50.52536],[5.64751,50.52573]],[[5.66209,50.52617],[5.66179,50.5259],[5.66183,50.52576],[5.66209,50.52569],[5.66227,50.52579],[5.66227,50.52594],[5.66209,50.52617]],[[5.68834,50.52612],[5.68782,50.52595],[5.68768,50.52578],[5.68796,50.52565],[5.68842,50.52563],[5.68904,50.52569],[5.68937,50.52582],[5.68907,50.52606],[5.68875,50.52615],[5.68834,50.52612]],[[5.77918,50.52554],[5.77977,50.52538],[5.7803,50.52552],[5.77977,50.52562],[5.77918,50.52554]],[[5.73084,50.52526],[5.73122,50.52429],[5.73139,50.52426],[5.73209,50.52442],[5.73204,50.52467],[5.73163,50.52524],[5.73084,50.52526]],[[5.78168,50.52534],[5.78154,50.52524],[5.7817,50.52518],[5.78189,50.52525],[5.78168,50.52534]],[[5.67376,50.52479],[5.67376,50.52455],[5.67399,50.52466],[5.67397,50.52473],[5.67376,50.52479]],[[5.74233,50.47109],[5.74154,50.47143],[5.74102,50.47184],[5.74079,50.47217],[5.74042,50.47248],[5.74037,50.47276],[5.74061,50.47309],[5.74054,50.47334],[5.7404,50.47338],[5.73999,50.47325],[5.73978,50.47335],[5.73984,50.47388],[5.74005,50.47415],[5.7399,50.47442],[5.74003,50.47496],[5.7399,50.47531],[5.73996,50.4758],[5.73979,50.47611],[5.73977,50.47653],[5.73926,50.47746],[5.73922,50.47778],[5.73906,50.478],[5.7391,50.47851],[5.73886,50.47875],[5.73871,50.47877],[5.73825,50.47851],[5.73711,50.4783],[5.73639,50.47847],[5.73177,50.47829],[5.73092,50.47842],[5.73019,50.47844],[5.72832,50.47902],[5.72727,50.47923],[5.72654,50.47909],[5.72538,50.47927],[5.7252,50.47945],[5.7254,50.47975],[5.72544,50.48001],[5.725,50.48025],[5.72483,50.48076],[5.72498,50.48113],[5.72554,50.48136],[5.7266,50.48143],[5.72738,50.48166],[5.72794,50.48165],[5.72873,50.48134],[5.72919,50.48136],[5.7296,50.48164],[5.72987,50.48197],[5.73118,50.48238],[5.73181,50.48233],[5.73213,50.48238],[5.73348,50.48294],[5.73366,50.48309],[5.73376,50.48332],[5.73541,50.48361],[5.7375,50.4836],[5.74039,50.48474],[5.74172,50.48496],[5.74214,50.48527],[5.74066,50.48531],[5.73955,50.48523],[5.73865,50.48503],[5.73788,50.48472],[5.73665,50.48454],[5.73535,50.48463],[5.73335,50.48446],[5.73254,50.48422],[5.73171,50.48414],[5.73024,50.48374],[5.72962,50.48365],[5.72873,50.48385],[5.72797,50.48434],[5.72751,50.48448],[5.72706,50.48448],[5.72666,50.48416],[5.72642,50.4841],[5.7258,50.48412],[5.72532,50.48439],[5.72458,50.48525],[5.72449,50.48573],[5.72423,50.48598],[5.72375,50.48615],[5.72295,50.48591],[5.72267,50.48603],[5.72255,50.48618],[5.7227,50.48656],[5.72377,50.48773],[5.72499,50.48832],[5.72629,50.48855],[5.72681,50.48885],[5.72833,50.48943],[5.7287,50.48976],[5.72915,50.48999],[5.73009,50.49021],[5.73134,50.49036],[5.73217,50.49036],[5.73317,50.49061],[5.73373,50.49083],[5.73442,50.49142],[5.7346,50.49163],[5.73459,50.49174],[5.73415,50.49183],[5.73254,50.49116],[5.7317,50.49119],[5.73085,50.49102],[5.73034,50.49122],[5.72998,50.49127],[5.72918,50.491],[5.72785,50.49091],[5.7267,50.4906],[5.72629,50.49058],[5.7255,50.49075],[5.72498,50.49054],[5.7242,50.49042],[5.72298,50.49046],[5.72263,50.49079],[5.72291,50.49099],[5.72368,50.49089],[5.72423,50.49108],[5.72433,50.49134],[5.72413,50.49168],[5.72467,50.49172],[5.72501,50.49183],[5.72531,50.49219],[5.72543,50.49248],[5.72606,50.49281],[5.72666,50.49332],[5.72738,50.4934],[5.72918,50.49382],[5.72969,50.49438],[5.72992,50.4945],[5.73071,50.49431],[5.73106,50.4944],[5.73043,50.49471],[5.73036,50.49526],[5.73061,50.4959],[5.73037,50.49626],[5.72974,50.49684],[5.72941,50.49773],[5.73024,50.49832],[5.7307,50.49892],[5.73091,50.49973],[5.73084,50.50054],[5.73107,50.50078],[5.73065,50.50106],[5.73084,50.50138],[5.73129,50.50164],[5.73176,50.50174],[5.73422,50.50192],[5.73412,50.50219],[5.73371,50.50223],[5.73333,50.50215],[5.73174,50.50263],[5.73153,50.50302],[5.73167,50.50335],[5.73231,50.5039],[5.73294,50.50469],[5.73377,50.50526],[5.73416,50.50583],[5.73457,50.50603],[5.73493,50.50602],[5.73552,50.50568],[5.7367,50.50521],[5.73796,50.50568],[5.73902,50.50586],[5.73943,50.50608],[5.73965,50.50638],[5.74003,50.50663],[5.74127,50.50692],[5.74236,50.50748],[5.74197,50.50777],[5.74144,50.50781],[5.73764,50.50683],[5.73729,50.50692],[5.73665,50.50742],[5.73636,50.50799],[5.73648,50.50875],[5.73642,50.50934],[5.73676,50.50979],[5.73693,50.51055],[5.73719,50.51108],[5.73751,50.51137],[5.73794,50.51243],[5.73781,50.51354],[5.73784,50.51403],[5.73768,50.51451],[5.73775,50.51493],[5.738,50.51528],[5.73858,50.51565],[5.73894,50.51576],[5.73967,50.51581],[5.73984,50.51601],[5.73985,50.51618],[5.7395,50.51652],[5.73876,50.51665],[5.7388,50.51635],[5.73802,50.51623],[5.73759,50.51606],[5.73715,50.51612],[5.73643,50.51684],[5.7359,50.51806],[5.73545,50.51836],[5.735,50.51887],[5.73478,50.51986],[5.73486,50.52027],[5.7362,50.52101],[5.73681,50.5211],[5.73729,50.52132],[5.73729,50.52141],[5.73706,50.52147],[5.73673,50.52141],[5.73626,50.52114],[5.73587,50.52103],[5.73545,50.52118],[5.73483,50.52126],[5.73365,50.52104],[5.73331,50.52122],[5.73243,50.52216],[5.73212,50.52314],[5.73125,50.52366],[5.73086,50.52356],[5.73051,50.52331],[5.73003,50.52244],[5.72957,50.52242],[5.72909,50.52223],[5.72853,50.52168],[5.72832,50.52124],[5.72812,50.52052],[5.72814,50.52028],[5.72838,50.51999],[5.72843,50.51976],[5.7287,50.51962],[5.72927,50.51968],[5.72999,50.52004],[5.7304,50.51996],[5.73088,50.52006],[5.73127,50.52001],[5.73146,50.51972],[5.73133,50.5193],[5.73138,50.51886],[5.73109,50.51853],[5.73102,50.51795],[5.73086,50.51746],[5.73042,50.51693],[5.72999,50.51666],[5.72967,50.516],[5.72875,50.51572],[5.72836,50.51525],[5.72784,50.51546],[5.72748,50.51551],[5.72707,50.51546],[5.72664,50.5153],[5.72637,50.51494],[5.72544,50.51414],[5.72527,50.51386],[5.72444,50.51304],[5.72374,50.51249],[5.72204,50.51084],[5.7221,50.51053],[5.72165,50.51036],[5.72102,50.51036],[5.72004,50.51072],[5.71967,50.51076],[5.71941,50.51069],[5.71898,50.51038],[5.71881,50.50993],[5.71834,50.50931],[5.71801,50.50902],[5.7175,50.50872],[5.71669,50.50858],[5.71627,50.50803],[5.71544,50.50748],[5.71326,50.50672],[5.71071,50.50647],[5.70915,50.50612],[5.70852,50.50587],[5.70597,50.50586],[5.70497,50.50616],[5.7048,50.50583],[5.70516,50.50527],[5.70511,50.50499],[5.70332,50.5041],[5.7028,50.50395],[5.70202,50.50388],[5.7018,50.50362],[5.70215,50.50332],[5.702,50.50302],[5.70155,50.50285],[5.70001,50.50277],[5.69894,50.50247],[5.69861,50.50226],[5.69861,50.50212],[5.69877,50.50194],[5.70087,50.50029],[5.70081,50.50009],[5.69959,50.50052],[5.69792,50.50147],[5.69709,50.50186],[5.69667,50.50195],[5.69629,50.50191],[5.69572,50.50167],[5.69554,50.50142],[5.6955,50.50107],[5.6954,50.50095],[5.69338,50.50065],[5.69269,50.50029],[5.69379,50.50007],[5.69505,50.50007],[5.69534,50.49991],[5.69575,50.49944],[5.69571,50.49927],[5.69554,50.4991],[5.69475,50.49885],[5.69439,50.49865],[5.69434,50.49826],[5.69371,50.49787],[5.69329,50.4975],[5.69332,50.49741],[5.69418,50.49744],[5.69576,50.49794],[5.69638,50.49789],[5.69681,50.49759],[5.69689,50.49736],[5.69679,50.49717],[5.6962,50.49667],[5.6962,50.49636],[5.69673,50.49641],[5.69702,50.49598],[5.69723,50.49589],[5.6978,50.49591],[5.69889,50.49617],[5.69946,50.49622],[5.70176,50.4957],[5.7021,50.49554],[5.70287,50.49465],[5.70324,50.4941],[5.7035,50.49333],[5.70308,50.49226],[5.70325,50.49187],[5.70296,50.49132],[5.70295,50.49077],[5.70264,50.4904],[5.70243,50.49034],[5.70218,50.4904],[5.70134,50.49088],[5.70056,50.49094],[5.69913,50.49055],[5.69904,50.49024],[5.69945,50.48998],[5.69956,50.48976],[5.69961,50.4883],[5.69919,50.48775],[5.69792,50.48693],[5.69795,50.48665],[5.69789,50.48637],[5.69805,50.48607],[5.69796,50.4858],[5.69756,50.48552],[5.697,50.48531],[5.69499,50.48499],[5.69284,50.48309],[5.69205,50.48251],[5.69157,50.48177],[5.69081,50.48112],[5.69037,50.48091],[5.6883,50.48019],[5.6871,50.47996],[5.68556,50.47988],[5.68466,50.47968],[5.68352,50.47965],[5.68149,50.47898],[5.68111,50.47904],[5.6802,50.47967],[5.68013,50.47983],[5.68018,50.47999],[5.68085,50.48053],[5.68079,50.48111],[5.68103,50.48135],[5.68209,50.48165],[5.6847,50.48177],[5.6859,50.48276],[5.68628,50.48329],[5.68651,50.48382],[5.68655,50.48417],[5.68631,50.4847],[5.68589,50.48484],[5.68547,50.48457],[5.685,50.48387],[5.68418,50.48359],[5.68402,50.48375],[5.68378,50.48437],[5.68307,50.48531],[5.68304,50.48555],[5.68323,50.48571],[5.68347,50.48576],[5.68443,50.48549],[5.685,50.48544],[5.6852,50.4856],[5.68531,50.48603],[5.68468,50.48637],[5.6838,50.48667],[5.68359,50.48692],[5.68337,50.48761],[5.68315,50.48776],[5.68201,50.48778],[5.68087,50.48794],[5.68041,50.48789],[5.67964,50.48764],[5.67833,50.48696],[5.67807,50.4866],[5.67774,50.48638],[5.67678,50.486],[5.67654,50.48597],[5.6754,50.48618],[5.67429,50.48661],[5.67419,50.48667],[5.67409,50.48715],[5.67396,50.48731],[5.67377,50.48739],[5.67335,50.48737],[5.67323,50.48744],[5.67334,50.48766],[5.67371,50.48778],[5.67422,50.48757],[5.67462,50.48798],[5.67459,50.4886],[5.67449,50.48881],[5.67431,50.48896],[5.67379,50.48908],[5.6728,50.48895],[5.67181,50.48901],[5.66958,50.4896],[5.66868,50.48995],[5.66832,50.48992],[5.66792,50.48971],[5.66807,50.48947],[5.66807,50.4893],[5.66797,50.4891],[5.66747,50.48886],[5.6674,50.48858],[5.66752,50.48831],[5.66712,50.48812],[5.66626,50.48799],[5.66543,50.48768],[5.66487,50.48791],[5.66417,50.48793],[5.66409,50.48823],[5.66413,50.48841],[5.6643,50.48842],[5.66461,50.48827],[5.66461,50.48859],[5.66417,50.48886],[5.66391,50.48971],[5.66337,50.48982],[5.66186,50.48985],[5.66091,50.48964],[5.66014,50.48959],[5.65833,50.48919],[5.65786,50.48914],[5.6566,50.48921],[5.65556,50.48895],[5.65462,50.48921],[5.65371,50.48982],[5.65259,50.49006],[5.65203,50.48993],[5.65165,50.48971],[5.65169,50.4894],[5.65129,50.48932],[5.64922,50.48929],[5.64898,50.4894],[5.64892,50.48974],[5.64867,50.4899],[5.64821,50.48994],[5.64751,50.48978]],[[5.79126,50.522],[5.79107,50.52191],[5.79112,50.52168],[5.79124,50.52156],[5.79148,50.52161],[5.79156,50.52171],[5.79153,50.52186],[5.79126,50.522]],[[5.72793,50.51974],[5.72793,50.51967],[5.72805,50.5197],[5.72793,50.51974]],[[5.80834,50.51822],[5.80812,50.51804],[5.80831,50.51784],[5.80847,50.51801],[5.80834,50.51822]],[[5.80793,50.51798],[5.80766,50.5178],[5.80768,50.51769],[5.8079,50.51759],[5.80819,50.51769],[5.80821,50.5178],[5.80793,50.51798]],[[5.80751,50.51765],[5.80746,50.51748],[5.80762,50.51748],[5.80751,50.51765]],[[5.74084,50.51725],[5.74078,50.51705],[5.74083,50.51691],[5.74128,50.51692],[5.74144,50.51717],[5.74133,50.51724],[5.74084,50.51725]],[[5.64751,50.49906],[5.64911,50.49916],[5.6501,50.49951],[5.65139,50.49962],[5.65199,50.49977],[5.65318,50.50027],[5.65449,50.50139],[5.6553,50.50162],[5.65566,50.50157],[5.65622,50.50125],[5.6567,50.50113],[5.65678,50.50059],[5.65695,50.50042],[5.65711,50.50038],[5.65789,50.50083],[5.65801,50.50109],[5.65834,50.50136],[5.65873,50.50153],[5.65993,50.50152],[5.66056,50.50163],[5.66126,50.50162],[5.66186,50.50177],[5.66242,50.50174],[5.66311,50.50138],[5.66318,50.50125],[5.66318,50.50081],[5.66394,50.50027],[5.66411,50.49983],[5.66427,50.49978],[5.66465,50.49997],[5.66481,50.50021],[5.6648,50.50055],[5.66454,50.50112],[5.66507,50.50169],[5.66498,50.50206],[5.66468,50.50206],[5.66417,50.50192],[5.66399,50.50219],[5.66421,50.50275],[5.66403,50.50307],[5.66459,50.50347],[5.66535,50.50343],[5.66627,50.50358],[5.66669,50.50393],[5.66742,50.50381],[5.66832,50.50399],[5.67009,50.50394],[5.67071,50.50381],[5.67167,50.50331],[5.67213,50.50329],[5.67295,50.50344],[5.67346,50.5034],[5.67376,50.50331],[5.67465,50.50266],[5.67529,50.50249],[5.67554,50.50261],[5.67626,50.50344],[5.67705,50.50415],[5.67753,50.50438],[5.67792,50.50443],[5.67842,50.50434],[5.68004,50.50457],[5.6817,50.50445],[5.68304,50.50468],[5.68384,50.50493],[5.68422,50.50519],[5.68462,50.50526],[5.68407,50.50528],[5.68227,50.50509],[5.68134,50.50513],[5.68085,50.50526],[5.68037,50.50565],[5.67874,50.50612],[5.67757,50.50607],[5.67623,50.50565],[5.67545,50.50582],[5.67459,50.50638],[5.67444,50.50689],[5.67509,50.50722],[5.67573,50.50795],[5.6759,50.50832],[5.67617,50.50857],[5.67697,50.50886],[5.67724,50.50911],[5.67721,50.50919],[5.67675,50.50934],[5.6759,50.50945],[5.67504,50.50974],[5.67425,50.50962],[5.6725,50.50907],[5.6719,50.50842],[5.6708,50.5079],[5.67011,50.50776],[5.66865,50.50776],[5.66807,50.50808],[5.66629,50.50868],[5.66612,50.50911],[5.66577,50.50929],[5.66555,50.50955],[5.66553,50.5101],[5.66542,50.51033],[5.66509,50.51037],[5.66451,50.51031],[5.66379,50.5106],[5.6628,50.51049],[5.66176,50.51056],[5.66155,50.51066],[5.66147,50.51084],[5.66187,50.51108],[5.66198,50.51139],[5.66248,50.5115],[5.66376,50.51138],[5.66403,50.51108],[5.66514,50.51072],[5.66542,50.51082],[5.66565,50.51113],[5.66626,50.51165],[5.66712,50.5122],[5.6665,50.51246],[5.66477,50.5126],[5.66389,50.51286],[5.66369,50.51302],[5.66373,50.51333],[5.66571,50.51507],[5.6663,50.51549],[5.66648,50.51604],[5.66637,50.51622],[5.66613,50.51635],[5.66582,50.51638],[5.66539,50.5161],[5.6653,50.51535],[5.66509,50.51497],[5.66446,50.51492],[5.66374,50.51471],[5.66355,50.51414],[5.66327,50.51391],[5.66217,50.51347],[5.66131,50.51329],[5.66071,50.5134],[5.65996,50.51368],[5.65946,50.51369],[5.65918,50.51359],[5.65873,50.51317],[5.65711,50.5122],[5.65632,50.51217],[5.65592,50.51233],[5.65577,50.51249],[5.65587,50.51277],[5.65562,50.51301],[5.65411,50.51353],[5.65334,50.51443],[5.6529,50.51421],[5.65292,50.5138],[5.65272,50.51347],[5.65245,50.51323],[5.6512,50.5131],[5.65082,50.51265],[5.64972,50.51227],[5.64751,50.51225]],[[5.79418,50.51332],[5.79472,50.51334],[5.79454,50.51343],[5.79418,50.51332]],[[5.80209,50.51337],[5.8016,50.51307],[5.80159,50.513],[5.80174,50.51295],[5.802,50.51307],[5.8022,50.51328],[5.80209,50.51337]],[[5.80001,50.51214],[5.80001,50.51184],[5.80001,50.51214]],[[5.70501,50.50669],[5.70501,50.50663],[5.70501,50.50669]],[[5.67834,50.50481],[5.67823,50.50469],[5.67835,50.5046],[5.67846,50.50471],[5.67834,50.50481]],[[5.80751,50.50444],[5.80752,50.50429],[5.80751,50.50444]],[[5.80668,50.50397],[5.80668,50.50382],[5.80668,50.50397]],[[5.67501,50.50246],[5.67489,50.5022],[5.67503,50.50206],[5.67516,50.50223],[5.67501,50.50246]],[[5.68876,50.49866],[5.68846,50.49831],[5.68795,50.49816],[5.68738,50.49813],[5.68618,50.49778],[5.68583,50.49748],[5.68655,50.49756],[5.68717,50.49773],[5.6879,50.49769],[5.68918,50.49776],[5.68891,50.4983],[5.68889,50.49858],[5.68876,50.49866]],[[5.69209,50.49703],[5.69166,50.49684],[5.69124,50.49638],[5.69126,50.49629],[5.6917,50.49623],[5.69232,50.49665],[5.69256,50.49692],[5.69209,50.49703]],[[5.72501,50.49665],[5.72507,50.49635],[5.72534,50.49607],[5.72629,50.49555],[5.72681,50.49545],[5.72759,50.49553],[5.72713,50.49563],[5.72675,50.49586],[5.72623,50.49602],[5.72586,50.49669],[5.72561,50.49684],[5.72535,50.49685],[5.72501,50.49665]],[[5.69584,50.49557],[5.69562,50.49529],[5.69581,50.49512],[5.69596,50.49529],[5.69584,50.49557]],[[5.72793,50.4954],[5.72787,50.49525],[5.72797,50.49526],[5.72793,50.4954]],[[5.79001,50.49478],[5.78992,50.4947],[5.7905,50.4947],[5.79001,50.49478]],[[5.85584,50.49284],[5.85569,50.49274],[5.85589,50.49263],[5.85629,50.49266],[5.85696,50.49258],[5.85734,50.49275],[5.85723,50.49285],[5.85696,50.49291],[5.85584,50.49284]],[[5.85793,50.49257],[5.85775,50.49245],[5.85816,50.49234],[5.85854,50.49247],[5.85834,50.49258],[5.85793,50.49257]],[[5.86376,50.4926],[5.86359,50.49249],[5.86396,50.49249],[5.86376,50.4926]],[[5.86459,50.49259],[5.86434,50.49245],[5.86461,50.49218],[5.86471,50.49222],[5.86478,50.49242],[5.86459,50.49259]],[[5.72543,50.49157],[5.72525,50.49132],[5.72547,50.49097],[5.72579,50.49114],[5.72595,50.49137],[5.72543,50.49157]],[[5.67209,50.48813],[5.67197,50.488],[5.67211,50.48795],[5.67224,50.48801],[5.67209,50.48813]],[[5.66709,50.48799],[5.66656,50.48757],[5.66656,50.4874],[5.66676,50.4873],[5.66707,50.48728],[5.6677,50.48743],[5.66771,50.48757],[5.66753,50.48777],[5.66709,50.48799]],[[5.66584,50.48733],[5.66556,50.48721],[5.66592,50.48715],[5.66643,50.48721],[5.66584,50.48733]],[[5.68209,50.48392],[5.68175,50.48385],[5.68161,50.48361],[5.68209,50.4833],[5.68252,50.48357],[5.68262,50.48384],[5.68249,50.48396],[5.68209,50.48392]],[[5.82834,50.48123],[5.82803,50.48108],[5.82826,50.481],[5.82843,50.48102],[5.82849,50.48112],[5.82834,50.48123]],[[5.82709,50.48],[5.82728,50.47998],[5.82709,50.48]],[[5.70788,50.47109],[5.70792,50.47137],[5.70871,50.47152],[5.70892,50.47165],[5.70902,50.47215],[5.70878,50.47249],[5.70802,50.47277],[5.70743,50.47256],[5.70701,50.47253],[5.70626,50.47267],[5.70575,50.47291],[5.70441,50.47288],[5.70331,50.47316],[5.70254,50.47311],[5.70175,50.4735],[5.70126,50.47359],[5.69993,50.4732],[5.69931,50.47319],[5.69876,50.47332],[5.69826,50.47323],[5.69778,50.47302],[5.69756,50.47274],[5.69759,50.47246],[5.69833,50.47136],[5.69842,50.47109]],[[5.74799,50.47109],[5.74772,50.47212],[5.74812,50.47267],[5.74813,50.47281],[5.74793,50.47304],[5.74718,50.47306],[5.74676,50.47299],[5.74634,50.47276],[5.74598,50.47181],[5.74548,50.47136],[5.74498,50.47109]],[[5.65287,50.47109],[5.65261,50.47141],[5.65207,50.47151],[5.65045,50.47152],[5.6491,50.47125],[5.64751,50.47137]]]}},{"type":"Feature","properties":{"ele":300},"geometry":{"type":"MultiLineString","coordinates":[[[5.89418,50.57325],[5.89387,50.57295],[5.89362,50.57239],[5.89341,50.57215],[5.89165,50.57193],[5.89047,50.57163],[5.88819,50.57024],[5.88663,50.56941],[5.88683,50.56875],[5.88714,50.56844],[5.888,50.56819],[5.88967,50.56806],[5.89,50.56797],[5.89024,50.56777],[5.89025,50.5675],[5.89007,50.5672],[5.88864,50.56668],[5.8886,50.56646],[5.88871,50.56631],[5.89001,50.56608],[5.89051,50.56629],[5.89066,50.56664],[5.89085,50.56675],[5.89259,50.56674],[5.89338,50.56661],[5.89418,50.5668]],[[5.89418,50.55918],[5.89202,50.55944],[5.89081,50.55919],[5.88958,50.55847],[5.88951,50.55871],[5.88983,50.55924],[5.88996,50.55982],[5.89019,50.56031],[5.8902,50.56062],[5.88991,50.56134],[5.88907,50.56163],[5.88942,50.56264],[5.8893,50.56286],[5.88826,50.5631],[5.88754,50.56317],[5.8871,50.5631],[5.88587,50.56275],[5.8851,50.56214],[5.88334,50.56137],[5.8833,50.56167],[5.88354,50.56192],[5.88359,50.56212],[5.88338,50.56285],[5.88309,50.56304],[5.88202,50.56331],[5.88198,50.56383],[5.88289,50.56417],[5.88331,50.56452],[5.88345,50.56473],[5.88351,50.56507],[5.88346,50.5653],[5.88332,50.56552],[5.88216,50.56585],[5.88092,50.56592],[5.88045,50.56605],[5.87917,50.56698],[5.87876,50.5672],[5.87852,50.56724],[5.87757,50.56717],[5.87576,50.56647],[5.87497,50.56662],[5.87422,50.56689],[5.8728,50.56711],[5.87264,50.56718],[5.87264,50.56725],[5.87295,50.56745],[5.8733,50.56792],[5.87379,50.56803],[5.87424,50.56849],[5.87438,50.56878],[5.87431,50.56897],[5.87407,50.56912],[5.87337,50.56923],[5.87087,50.5694],[5.86931,50.56908],[5.86852,50.56906],[5.86788,50.56877],[5.86733,50.56864],[5.86615,50.56861],[5.86379,50.56831],[5.86332,50.56806],[5.86294,50.56797],[5.86166,50.56744],[5.86134,50.56718],[5.86126,50.56692],[5.86087,50.56664],[5.8583,50.56562],[5.85754,50.5649],[5.85709,50.56491],[5.85686,50.56517],[5.85682,50.56548],[5.85712,50.56584],[5.85702,50.56599],[5.85672,50.56615],[5.85662,50.56613],[5.85642,50.56578],[5.85627,50.56566],[5.85575,50.56587],[5.85363,50.56586],[5.8533,50.56583],[5.85284,50.56554],[5.85294,50.56536],[5.85334,50.56509],[5.85462,50.56498],[5.85556,50.56475],[5.85559,50.56458],[5.85537,50.56439],[5.85412,50.56443],[5.85307,50.56508],[5.85259,50.56522],[5.85186,50.56519],[5.85088,50.56495],[5.85004,50.56505],[5.84833,50.56553],[5.84788,50.56598],[5.8467,50.56614],[5.84644,50.56608],[5.84622,50.56582],[5.84504,50.56505],[5.84494,50.56511],[5.84466,50.56557],[5.84358,50.56537],[5.84269,50.56563],[5.84227,50.56568],[5.8421,50.56564],[5.84205,50.56553],[5.84242,50.56498],[5.8427,50.56474],[5.84259,50.56463],[5.84176,50.56449],[5.84127,50.56474],[5.84024,50.56486],[5.83953,50.56486],[5.83896,50.56453],[5.83887,50.56437],[5.83909,50.56412],[5.83961,50.56398],[5.83961,50.56386],[5.83939,50.56357],[5.83965,50.56301],[5.83968,50.56279],[5.8396,50.56268],[5.83919,50.56242],[5.83868,50.56264],[5.83791,50.56262],[5.83748,50.56245],[5.83704,50.56241],[5.83685,50.56254],[5.83718,50.56299],[5.83717,50.56307],[5.83664,50.56334],[5.83624,50.56337],[5.83589,50.56329],[5.83571,50.56301],[5.83558,50.56247],[5.83531,50.5622],[5.83544,50.56191],[5.83419,50.5614],[5.83348,50.56101],[5.83291,50.56086],[5.83245,50.56029],[5.83125,50.55971],[5.83109,50.55934],[5.83112,50.55915],[5.83124,50.55904],[5.83164,50.55905],[5.83211,50.5592],[5.83241,50.55941],[5.83251,50.55972],[5.8326,50.55966],[5.83252,50.55915],[5.83198,50.55884],[5.83125,50.5586],[5.83092,50.5583],[5.83039,50.55809],[5.82941,50.55721],[5.82908,50.5564],[5.82949,50.55597],[5.82943,50.55577],[5.82915,50.55554],[5.82935,50.55526],[5.82963,50.55518],[5.82999,50.5552],[5.83084,50.55554],[5.83143,50.5552],[5.83201,50.55466],[5.83227,50.55462],[5.83254,50.55465],[5.833,50.55494],[5.83377,50.55525],[5.83457,50.55541],[5.83544,50.55528],[5.83587,50.55494],[5.83669,50.5547],[5.83712,50.55489],[5.83881,50.55523],[5.84001,50.55609],[5.84041,50.55648],[5.84123,50.55677],[5.84177,50.5567],[5.84211,50.55638],[5.84234,50.55632],[5.84337,50.55643],[5.84412,50.5564],[5.84421,50.55636],[5.84408,50.55608],[5.84427,50.55601],[5.84666,50.55579],[5.84733,50.5559],[5.84879,50.55589],[5.84999,50.55638],[5.85151,50.55669],[5.85178,50.55668],[5.85179,50.55658],[5.85159,50.55637],[5.85171,50.55607],[5.85132,50.55622],[5.85114,50.5562],[5.85103,50.55607],[5.85104,50.55579],[5.85064,50.55554],[5.85043,50.55548],[5.84972,50.55564],[5.84916,50.55556],[5.84844,50.55526],[5.84797,50.55484],[5.84758,50.55464],[5.84719,50.55465],[5.84634,50.55486],[5.84457,50.55443],[5.84379,50.5544],[5.84331,50.55457],[5.84288,50.55453],[5.84126,50.55363],[5.83927,50.55265],[5.83905,50.55251],[5.839,50.55239],[5.83904,50.55221],[5.83915,50.55213],[5.83958,50.55223],[5.84008,50.55222],[5.8402,50.55191],[5.84043,50.55166],[5.84108,50.55129],[5.84233,50.55126],[5.84324,50.551],[5.84376,50.55064],[5.84428,50.55001],[5.84417,50.54977],[5.84394,50.54969],[5.84284,50.54972],[5.83951,50.54924],[5.83946,50.54911],[5.83982,50.54861],[5.8402,50.5475],[5.8404,50.54717],[5.8409,50.54698],[5.84174,50.54682],[5.84365,50.54578],[5.84415,50.54572],[5.84514,50.54575],[5.84664,50.54562],[5.84705,50.54551],[5.84733,50.54524],[5.84745,50.54408],[5.84767,50.54382],[5.84817,50.54347],[5.84842,50.54342],[5.84876,50.54355],[5.84918,50.54395],[5.84946,50.54406],[5.84972,50.54404],[5.85001,50.54387],[5.85009,50.54323],[5.84986,50.54267],[5.84996,50.54246],[5.85035,50.5423],[5.85126,50.5422],[5.85216,50.54241],[5.85411,50.54339],[5.85467,50.54356],[5.85584,50.54442],[5.85667,50.5448],[5.85913,50.54492],[5.86082,50.54526],[5.86134,50.54522],[5.86247,50.54543],[5.86292,50.54565],[5.86345,50.54527],[5.86384,50.54517],[5.86477,50.5452],[5.86701,50.54561],[5.86803,50.54556],[5.86834,50.54534],[5.86836,50.54525],[5.86792,50.54499],[5.86736,50.54437],[5.86581,50.54306],[5.86556,50.54276],[5.86456,50.54225],[5.86384,50.54214],[5.86324,50.54195],[5.86197,50.54112],[5.86186,50.54079],[5.86125,50.54026],[5.85904,50.53889],[5.85858,50.53871],[5.85745,50.53862],[5.85632,50.53836],[5.85492,50.53776],[5.85382,50.5368],[5.85363,50.53649],[5.85362,50.53625],[5.85371,50.53604],[5.85436,50.53587],[5.85579,50.53588],[5.85593,50.53599],[5.85614,50.53644],[5.85669,50.53671],[5.85858,50.5371],[5.85972,50.53701],[5.86028,50.53722],[5.86127,50.53776],[5.86245,50.53808],[5.86441,50.53817],[5.86486,50.53829],[5.86519,50.53878],[5.8653,50.53919],[5.86626,50.53998],[5.86681,50.54023],[5.86716,50.54049],[5.86757,50.54058],[5.86834,50.54095],[5.86899,50.54108],[5.86872,50.54135],[5.86875,50.54166],[5.86942,50.54187],[5.86952,50.54198],[5.86954,50.54223],[5.86982,50.54251],[5.87088,50.54302],[5.87127,50.54329],[5.87139,50.54364],[5.87123,50.544],[5.87124,50.54421],[5.87169,50.54388],[5.87202,50.54376],[5.87226,50.54378],[5.87249,50.54388],[5.87287,50.54425],[5.87335,50.54442],[5.87402,50.54499],[5.87499,50.54555],[5.8753,50.54597],[5.87511,50.5466],[5.87519,50.5468],[5.87535,50.54696],[5.87619,50.5469],[5.87765,50.54641],[5.87816,50.54612],[5.87843,50.54562],[5.87848,50.54535],[5.87808,50.54448],[5.87837,50.54417],[5.87888,50.54412],[5.88003,50.54438],[5.88008,50.54446],[5.88,50.54466],[5.87957,50.54499],[5.88008,50.54526],[5.87984,50.54628],[5.87981,50.54694],[5.88009,50.54772],[5.88011,50.54816],[5.88049,50.54876],[5.88063,50.54937],[5.88142,50.55],[5.88165,50.55027],[5.8821,50.55026],[5.88333,50.5511],[5.8837,50.55106],[5.88407,50.5508],[5.88457,50.55064],[5.88476,50.55035],[5.88471,50.5492],[5.88462,50.54882],[5.88471,50.54781],[5.88451,50.54723],[5.88463,50.54703],[5.88505,50.54687],[5.88634,50.54689],[5.8871,50.54693],[5.88793,50.54713],[5.8886,50.54784],[5.88954,50.54805],[5.89016,50.54857],[5.89007,50.54869],[5.88958,50.54884],[5.88914,50.54913],[5.88916,50.54941],[5.88941,50.54989],[5.88939,50.55028],[5.88948,50.55052],[5.8905,50.55127],[5.8907,50.55168],[5.89093,50.55194],[5.89126,50.55221],[5.89173,50.55178],[5.89207,50.55174],[5.89246,50.55181],[5.8931,50.55219],[5.89341,50.55246],[5.89332,50.55273],[5.89306,50.55298],[5.89318,50.55319],[5.89352,50.55326],[5.89418,50.55302]],[[5.88751,50.56821],[5.88746,50.56804],[5.88708,50.56776],[5.88747,50.56747],[5.88814,50.56748],[5.8884,50.56769],[5.88835,50.56786],[5.88762,50.56803],[5.88751,50.56821]],[[5.84126,50.56776],[5.84084,50.56748],[5.84125,50.56713],[5.84133,50.56729],[5.84126,50.56776]],[[5.83959,50.56574],[5.83947,50.56555],[5.83957,50.56536],[5.84003,50.56553],[5.83998,50.56566],[5.83959,50.56574]],[[5.83209,50.56476],[5.83192,50.56448],[5.83197,50.56431],[5.83217,50.56416],[5.83252,50.56414],[5.83255,50.56445],[5.83209,50.56476]],[[5.84459,50.56497],[5.84447,50.56469],[5.84461,50.56454],[5.84474,50.56473],[5.84459,50.56497]],[[5.82334,50.56418],[5.82189,50.56366],[5.82178,50.56356],[5.8218,50.56333],[5.82172,50.56325],[5.82082,50.5631],[5.82056,50.56278],[5.82055,50.56254],[5.82097,50.56229],[5.82118,50.5619],[5.8215,50.56165],[5.82169,50.56156],[5.822,50.56156],[5.82257,50.56186],[5.82365,50.5622],[5.82381,50.56246],[5.82401,50.56257],[5.8247,50.56268],[5.82528,50.56319],[5.82527,50.56333],[5.82507,50.5634],[5.82369,50.56353],[5.82334,50.56418]],[[5.81876,50.56288],[5.81869,50.56267],[5.81881,50.56202],[5.81906,50.56184],[5.81936,50.56182],[5.81983,50.56193],[5.82018,50.56226],[5.82033,50.56253],[5.8203,50.56272],[5.82015,50.5628],[5.81876,50.56288]],[[5.89418,50.56261],[5.8934,50.56261],[5.89326,50.56245],[5.89354,50.56121],[5.89393,50.56063],[5.89418,50.56043]],[[5.83751,50.56193],[5.83792,50.56164],[5.83836,50.56193],[5.83751,50.56193]],[[5.74293,50.55947],[5.74246,50.55918],[5.74238,50.55896],[5.74262,50.55862],[5.74286,50.55851],[5.74298,50.55853],[5.74384,50.55913],[5.74393,50.55934],[5.74385,50.55953],[5.74352,50.55966],[5.74326,50.55964],[5.74293,50.55947]],[[5.79834,50.55812],[5.79737,50.55753],[5.79737,50.55736],[5.79763,50.55702],[5.79837,50.55639],[5.7986,50.5563],[5.79905,50.55624],[5.79993,50.55628],[5.80046,50.55609],[5.80065,50.55642],[5.80062,50.55666],[5.79976,50.55732],[5.79864,50.5577],[5.7985,50.55802],[5.79834,50.55812]],[[5.8111,50.47109],[5.81076,50.47129],[5.80922,50.47122],[5.80835,50.47166],[5.80798,50.47164],[5.80707,50.47135],[5.80626,50.47137],[5.8058,50.47151],[5.80564,50.47166],[5.80661,50.47227],[5.80803,50.47274],[5.80805,50.47337],[5.80833,50.47374],[5.81011,50.47517],[5.81083,50.47562],[5.81138,50.47583],[5.81419,50.47775],[5.81509,50.47856],[5.8158,50.47892],[5.8179,50.48083],[5.81821,50.4814],[5.81873,50.48196],[5.81894,50.48253],[5.81949,50.48329],[5.82001,50.48425],[5.82004,50.48445],[5.81986,50.48467],[5.81978,50.48503],[5.81934,50.48527],[5.81919,50.48556],[5.81802,50.48559],[5.81752,50.48543],[5.81712,50.48542],[5.81442,50.4861],[5.81515,50.48626],[5.81589,50.48689],[5.8166,50.48713],[5.81746,50.48722],[5.81818,50.48767],[5.81827,50.48785],[5.81815,50.48847],[5.81854,50.48941],[5.81838,50.48982],[5.81834,50.49026],[5.82008,50.49107],[5.82201,50.49146],[5.82297,50.49175],[5.82432,50.49193],[5.82463,50.49217],[5.82584,50.49356],[5.82609,50.49451],[5.82603,50.49471],[5.8257,50.49514],[5.82569,50.4959],[5.82588,50.49636],[5.82582,50.49668],[5.82627,50.49729],[5.8263,50.49782],[5.82612,50.49791],[5.82501,50.49804],[5.82371,50.49835],[5.82376,50.49859],[5.82418,50.49915],[5.82446,50.49932],[5.82563,50.49965],[5.82661,50.50002],[5.82673,50.50014],[5.82675,50.50033],[5.82616,50.50102],[5.8261,50.50149],[5.82593,50.50195],[5.8257,50.50216],[5.82507,50.50248],[5.82457,50.50335],[5.82402,50.50382],[5.82337,50.50417],[5.82287,50.50468],[5.82246,50.50544],[5.82209,50.50581],[5.8217,50.50641],[5.82093,50.50897],[5.82046,50.50946],[5.82,50.50962],[5.81876,50.50896],[5.81835,50.50847],[5.81745,50.50806],[5.81724,50.50778],[5.81724,50.50687],[5.81741,50.50635],[5.81733,50.5058],[5.81789,50.50474],[5.81807,50.5042],[5.818,50.50386],[5.81777,50.50365],[5.8175,50.5035],[5.81659,50.50334],[5.81627,50.50303],[5.81564,50.50283],[5.81555,50.50273],[5.81559,50.50242],[5.81506,50.50208],[5.81464,50.50228],[5.81415,50.50223],[5.81406,50.50198],[5.81409,50.5016],[5.81386,50.50133],[5.81257,50.50066],[5.81184,50.50053],[5.81128,50.49997],[5.8107,50.49974],[5.80964,50.49913],[5.80826,50.49865],[5.80682,50.49773],[5.80634,50.49762],[5.80545,50.49768],[5.80495,50.49759],[5.80467,50.49746],[5.80443,50.4972],[5.80374,50.49697],[5.8029,50.49646],[5.80246,50.49606],[5.8029,50.49596],[5.80382,50.49611],[5.80424,50.49585],[5.80426,50.49577],[5.80327,50.49471],[5.80256,50.49414],[5.80209,50.49359],[5.80087,50.49274],[5.79917,50.49221],[5.79796,50.49155],[5.79704,50.4913],[5.79626,50.49078],[5.79585,50.49072],[5.795,50.49004],[5.79375,50.48943],[5.79343,50.48913],[5.7929,50.4889],[5.79258,50.4885],[5.7923,50.48833],[5.79223,50.48801],[5.79202,50.48779],[5.79173,50.48765],[5.79116,50.48754],[5.79115,50.48722],[5.79081,50.48693],[5.79087,50.48666],[5.79078,50.48659],[5.79024,50.4864],[5.78957,50.48649],[5.7891,50.48643],[5.78843,50.48648],[5.78814,50.48641],[5.7881,50.48628],[5.78845,50.48552],[5.7879,50.485],[5.78633,50.48459],[5.78583,50.48477],[5.78436,50.4845],[5.78399,50.48449],[5.78352,50.48468],[5.78335,50.48501],[5.78285,50.48507],[5.78227,50.48529],[5.78135,50.48542],[5.78055,50.48589],[5.77968,50.48611],[5.7792,50.48666],[5.77864,50.48692],[5.77834,50.48716],[5.77834,50.48748],[5.77823,50.48773],[5.77836,50.48792],[5.77934,50.4886],[5.77965,50.48912],[5.78056,50.48944],[5.78047,50.48974],[5.77999,50.48988],[5.77925,50.49027],[5.77858,50.49038],[5.77691,50.4901],[5.77597,50.48971],[5.77539,50.48933],[5.77509,50.48923],[5.77413,50.48936],[5.77411,50.48996],[5.77361,50.4903],[5.77345,50.49053],[5.77417,50.49082],[5.77455,50.4914],[5.77522,50.49189],[5.7762,50.49223],[5.77628,50.49248],[5.7761,50.49271],[5.77613,50.4928],[5.7779,50.49326],[5.77857,50.49308],[5.77879,50.49272],[5.77938,50.49275],[5.77965,50.49293],[5.78004,50.49301],[5.78102,50.49287],[5.7813,50.4929],[5.78149,50.49303],[5.78164,50.49336],[5.7827,50.49383],[5.78329,50.49423],[5.78415,50.49504],[5.78584,50.49624],[5.78625,50.49668],[5.78915,50.49722],[5.79001,50.49748],[5.79129,50.49801],[5.79165,50.49833],[5.7922,50.49858],[5.79273,50.49903],[5.79276,50.49916],[5.79269,50.49925],[5.79233,50.49934],[5.79123,50.49916],[5.79002,50.49859],[5.7896,50.49853],[5.78939,50.49861],[5.78923,50.49892],[5.78938,50.49922],[5.79002,50.49966],[5.7909,50.49992],[5.79103,50.50007],[5.79101,50.50026],[5.7909,50.50038],[5.79008,50.50065],[5.78974,50.50085],[5.78966,50.50114],[5.78987,50.50142],[5.79043,50.50137],[5.79074,50.50111],[5.79077,50.50077],[5.79093,50.5007],[5.79264,50.50056],[5.7941,50.50096],[5.79488,50.50099],[5.79512,50.50089],[5.79516,50.50054],[5.79537,50.5004],[5.79663,50.50024],[5.79709,50.50026],[5.79835,50.50112],[5.79923,50.50186],[5.80014,50.50279],[5.80092,50.50408],[5.80072,50.50479],[5.80073,50.505],[5.80177,50.50574],[5.80218,50.50631],[5.80227,50.50661],[5.80152,50.50696],[5.80083,50.50775],[5.80066,50.50816],[5.79998,50.50882],[5.80025,50.50937],[5.80005,50.5097],[5.79806,50.50934],[5.79758,50.50941],[5.79751,50.50944],[5.79732,50.51045],[5.79705,50.51068],[5.79602,50.5107],[5.79547,50.51063],[5.79468,50.51037],[5.79371,50.50988],[5.7926,50.50967],[5.79123,50.50959],[5.79039,50.5098],[5.78999,50.50982],[5.78905,50.50951],[5.78708,50.50917],[5.7866,50.50891],[5.78646,50.50864],[5.7864,50.5083],[5.78675,50.5076],[5.78673,50.50744],[5.78632,50.50744],[5.78566,50.5076],[5.78499,50.50753],[5.78459,50.50736],[5.78371,50.5064],[5.78362,50.50604],[5.78334,50.50554],[5.7833,50.50507],[5.78338,50.5047],[5.78328,50.50447],[5.78289,50.50419],[5.78205,50.50417],[5.78154,50.50359],[5.78126,50.50304],[5.78093,50.50276],[5.78084,50.50274],[5.78024,50.50297],[5.77946,50.50293],[5.77813,50.50255],[5.77797,50.50242],[5.77793,50.5022],[5.77788,50.50248],[5.77806,50.50274],[5.77914,50.50359],[5.78026,50.50475],[5.78065,50.50526],[5.78102,50.50557],[5.78114,50.50587],[5.78108,50.50639],[5.78118,50.50671],[5.78155,50.5072],[5.78214,50.50743],[5.78227,50.50799],[5.78251,50.50833],[5.78269,50.50889],[5.78295,50.50925],[5.78299,50.50955],[5.78294,50.50971],[5.78269,50.50977],[5.78207,50.50974],[5.78123,50.50889],[5.7809,50.50875],[5.78061,50.50876],[5.78038,50.50887],[5.78028,50.50944],[5.7804,50.50973],[5.78101,50.51042],[5.78101,50.51055],[5.77992,50.51092],[5.77879,50.51105],[5.77832,50.51136],[5.77769,50.51157],[5.77748,50.51155],[5.77673,50.51105],[5.77585,50.511],[5.77571,50.51106],[5.77571,50.51118],[5.77593,50.51135],[5.77657,50.51141],[5.77748,50.51168],[5.7779,50.51195],[5.77808,50.51225],[5.77779,50.51255],[5.77768,50.51281],[5.77773,50.51301],[5.77786,50.51313],[5.778,50.51313],[5.7791,50.51258],[5.77935,50.51263],[5.77999,50.51305],[5.78024,50.5131],[5.78131,50.51294],[5.78203,50.51332],[5.78231,50.51366],[5.78317,50.51427],[5.78423,50.51443],[5.78333,50.5146],[5.78295,50.51499],[5.78196,50.51487],[5.78165,50.51496],[5.78121,50.51525],[5.78114,50.51573],[5.78081,50.51632],[5.78074,50.51665],[5.78091,50.51689],[5.78142,50.51708],[5.78156,50.51726],[5.78115,50.51792],[5.78117,50.51858],[5.781,50.5192],[5.78105,50.51989],[5.78087,50.52012],[5.78066,50.5201],[5.77964,50.51969],[5.77889,50.51959],[5.77837,50.51942],[5.77708,50.51931],[5.77597,50.51862],[5.77503,50.51774],[5.77418,50.51776],[5.77397,50.51805],[5.77377,50.5186],[5.77277,50.51911],[5.7725,50.51943],[5.77286,50.51981],[5.77355,50.52023],[5.77343,50.52042],[5.77309,50.52055],[5.77338,50.52078],[5.77324,50.5211],[5.77339,50.52131],[5.77378,50.52151],[5.77452,50.52226],[5.77493,50.52255],[5.77587,50.52273],[5.77558,50.52309],[5.77564,50.52358],[5.77558,50.52385],[5.77523,50.52436],[5.77503,50.52445],[5.77373,50.52434],[5.7729,50.52437],[5.77214,50.52411],[5.77162,50.52415],[5.77196,50.52445],[5.77257,50.52466],[5.77295,50.52497],[5.77376,50.52526],[5.77462,50.52581],[5.77457,50.52606],[5.77431,50.52633],[5.77332,50.5269],[5.77325,50.52708],[5.77329,50.52725],[5.77372,50.52731],[5.77395,50.52742],[5.77415,50.52783],[5.77446,50.52792],[5.77472,50.52788],[5.775,50.52776],[5.77523,50.52752],[5.77518,50.52744],[5.77416,50.5272],[5.77467,50.52706],[5.77581,50.52692],[5.77668,50.52663],[5.77691,50.52717],[5.77722,50.52746],[5.77755,50.52794],[5.77786,50.52809],[5.77877,50.52831],[5.77934,50.52859],[5.77907,50.5288],[5.77907,50.52891],[5.77917,50.52901],[5.78037,50.5295],[5.7809,50.5296],[5.78124,50.53],[5.7819,50.53027],[5.78207,50.53055],[5.78264,50.53106],[5.78291,50.53166],[5.78384,50.53187],[5.78388,50.53205],[5.78378,50.53247],[5.78344,50.53275],[5.78336,50.53305],[5.78295,50.53319],[5.7817,50.53332],[5.78146,50.53358],[5.78168,50.53387],[5.78231,50.53414],[5.78236,50.53444],[5.78295,50.5347],[5.78308,50.53486],[5.78312,50.535],[5.78301,50.53538],[5.78361,50.53674],[5.78345,50.53698],[5.78293,50.53718],[5.7825,50.53746],[5.78233,50.53795],[5.78226,50.53896],[5.78232,50.53944],[5.7825,50.53999],[5.78173,50.54001],[5.78092,50.5399],[5.77967,50.53958],[5.778,50.53954],[5.77496,50.53909],[5.77352,50.53924],[5.77269,50.53912],[5.77165,50.53917],[5.77176,50.5394],[5.77255,50.53955],[5.77373,50.54032],[5.77519,50.54046],[5.77785,50.54143],[5.78047,50.54218],[5.78066,50.54264],[5.78062,50.5428],[5.78039,50.54298],[5.78003,50.54305],[5.77981,50.54333],[5.78003,50.54407],[5.77992,50.54443],[5.78005,50.54474],[5.77979,50.54604],[5.78001,50.54662],[5.77998,50.54694],[5.78009,50.54712],[5.78082,50.54783],[5.78136,50.54803],[5.78147,50.54819],[5.78146,50.54859],[5.78098,50.5489],[5.78084,50.54916],[5.78108,50.54945],[5.78173,50.54997],[5.78207,50.55056],[5.78252,50.55109],[5.78287,50.55139],[5.7835,50.55164],[5.78374,50.55197],[5.78467,50.55184],[5.78546,50.5516],[5.78583,50.55168],[5.78602,50.55185],[5.78604,50.55197],[5.78552,50.55237],[5.78529,50.55244],[5.78352,50.55228],[5.78191,50.5526],[5.78087,50.5523],[5.7805,50.55227],[5.77874,50.55247],[5.77857,50.55267],[5.77857,50.55279],[5.77909,50.55308],[5.77983,50.5531],[5.78149,50.5529],[5.78248,50.55286],[5.783,50.55298],[5.78307,50.55326],[5.78259,50.55388],[5.78196,50.55398],[5.78081,50.55393],[5.77998,50.55352],[5.7798,50.55368],[5.77956,50.55419],[5.77837,50.55449],[5.77793,50.55471],[5.77717,50.55482],[5.77629,50.55479],[5.77595,50.55445],[5.77548,50.55414],[5.77464,50.55385],[5.77207,50.55378],[5.76984,50.55339],[5.76959,50.55326],[5.76944,50.55295],[5.76944,50.55277],[5.77131,50.55234],[5.77178,50.55198],[5.77196,50.55146],[5.77197,50.55111],[5.77168,50.55053],[5.77124,50.55002],[5.77108,50.54859],[5.77045,50.5484],[5.77,50.54842],[5.76933,50.54886],[5.76755,50.54951],[5.7667,50.54972],[5.76634,50.55032],[5.76587,50.55062],[5.76501,50.55082],[5.7642,50.55066],[5.76409,50.55054],[5.76416,50.55041],[5.76473,50.54999],[5.76487,50.54979],[5.76485,50.54962],[5.76467,50.54941],[5.76353,50.54915],[5.7629,50.5491],[5.76253,50.54897],[5.7624,50.54886],[5.76252,50.54856],[5.76218,50.5483],[5.76142,50.54802],[5.7609,50.54759],[5.76036,50.54753],[5.75919,50.54692],[5.75895,50.54671],[5.75897,50.54663],[5.75912,50.54659],[5.75996,50.54654],[5.76017,50.5464],[5.76036,50.54608],[5.76039,50.54551],[5.76083,50.54515],[5.76121,50.54496],[5.7615,50.54451],[5.76149,50.54434],[5.76127,50.54413],[5.76019,50.5437],[5.75941,50.54384],[5.75876,50.54379],[5.75838,50.54393],[5.75791,50.54432],[5.75744,50.54448],[5.75717,50.5444],[5.75667,50.54405],[5.75585,50.54407],[5.75549,50.54378],[5.75508,50.54358],[5.75457,50.54363],[5.75421,50.54356],[5.75385,50.54327],[5.7537,50.54299],[5.75432,50.54276],[5.75499,50.54211],[5.75575,50.54192],[5.75633,50.54168],[5.75639,50.54142],[5.75628,50.54108],[5.75586,50.54081],[5.75519,50.54061],[5.75425,50.54069],[5.75288,50.54051],[5.75228,50.54053],[5.75255,50.54063],[5.75268,50.54079],[5.75246,50.54108],[5.75243,50.54187],[5.75277,50.54267],[5.75271,50.54283],[5.75233,50.5431],[5.75248,50.5436],[5.75273,50.54392],[5.7527,50.54441],[5.75292,50.54499],[5.75331,50.54529],[5.75342,50.5455],[5.75346,50.54579],[5.75332,50.54607],[5.75286,50.5463],[5.75132,50.54672],[5.74972,50.54678],[5.74847,50.54645],[5.74792,50.54645],[5.74771,50.54636],[5.74792,50.54624],[5.74837,50.54628],[5.74936,50.54612],[5.75061,50.54618],[5.75085,50.54613],[5.75086,50.54605],[5.75041,50.54571],[5.74951,50.546],[5.7479,50.54573],[5.74751,50.54611],[5.74712,50.54581],[5.74665,50.54575],[5.74624,50.54614],[5.74617,50.5468],[5.74628,50.54719],[5.74658,50.5478],[5.747,50.54807],[5.74751,50.54804],[5.74759,50.54746],[5.74786,50.5471],[5.74796,50.54706],[5.74858,50.54753],[5.74937,50.54771],[5.74998,50.54797],[5.75051,50.548],[5.75119,50.54833],[5.75208,50.5486],[5.75457,50.54872],[5.75534,50.54887],[5.75579,50.54923],[5.75612,50.55017],[5.7564,50.55051],[5.75648,50.55079],[5.75661,50.55094],[5.75789,50.5511],[5.75963,50.5519],[5.76,50.55252],[5.76122,50.5539],[5.76136,50.55434],[5.7613,50.55504],[5.7607,50.55584],[5.76077,50.55635],[5.76063,50.55714],[5.76012,50.5575],[5.75957,50.55759],[5.75831,50.55749],[5.75822,50.55721],[5.75794,50.5571],[5.75665,50.55721],[5.75502,50.55664],[5.75392,50.55639],[5.75385,50.55631],[5.75399,50.55587],[5.75385,50.55551],[5.75337,50.55525],[5.75227,50.55483],[5.75181,50.55483],[5.7513,50.55503],[5.75076,50.55501],[5.74999,50.55471],[5.74911,50.55416],[5.74877,50.55403],[5.74749,50.55431],[5.74738,50.55413],[5.7474,50.55389],[5.74789,50.55356],[5.74799,50.55327],[5.74696,50.55279],[5.74667,50.55276],[5.74651,50.55329],[5.74627,50.55345],[5.746,50.55332],[5.74602,50.55299],[5.74587,50.55275],[5.74458,50.55303],[5.74513,50.55358],[5.74465,50.55393],[5.74333,50.55359],[5.74312,50.55333],[5.74323,50.55304],[5.74287,50.55277],[5.7434,50.55221],[5.74315,50.55137],[5.7434,50.55124],[5.74378,50.55152],[5.74405,50.55157],[5.7446,50.5514],[5.7447,50.55111],[5.74519,50.55056],[5.74498,50.55027],[5.74494,50.55],[5.74508,50.54915],[5.74443,50.54871],[5.74335,50.54746],[5.74205,50.5464],[5.74189,50.54609],[5.74162,50.54582],[5.74153,50.54524],[5.74136,50.54498],[5.74004,50.54469],[5.73975,50.54444],[5.73955,50.54404],[5.7387,50.54368],[5.73835,50.54331],[5.7378,50.54305],[5.73759,50.54267],[5.7376,50.54193],[5.73707,50.54165],[5.73755,50.54138],[5.73747,50.54106],[5.73766,50.54066],[5.73767,50.54003],[5.73782,50.53965],[5.73771,50.53944],[5.73721,50.53909],[5.73685,50.53871],[5.73682,50.53859],[5.73717,50.53842],[5.73801,50.53838],[5.73894,50.53805],[5.73816,50.53787],[5.73761,50.53753],[5.73758,50.53739],[5.73766,50.53726],[5.73807,50.53695],[5.73894,50.53677],[5.73951,50.53677],[5.73976,50.5369],[5.7402,50.53754],[5.73961,50.53821],[5.73941,50.53833],[5.73994,50.53829],[5.74047,50.53801],[5.74118,50.5381],[5.74167,50.53803],[5.74254,50.53807],[5.74377,50.53836],[5.74392,50.5383],[5.74417,50.53804],[5.74461,50.53795],[5.74501,50.53773],[5.74571,50.53795],[5.74625,50.53781],[5.74671,50.53665],[5.74593,50.53579],[5.74524,50.53567],[5.74456,50.53536],[5.74378,50.53517],[5.74333,50.53498],[5.74343,50.53476],[5.7438,50.53453],[5.74384,50.53438],[5.74321,50.53388],[5.74308,50.53352],[5.7421,50.53303],[5.74162,50.53225],[5.74185,50.53204],[5.74238,50.53185],[5.74363,50.53187],[5.74415,50.53178],[5.74557,50.53115],[5.74569,50.531],[5.7457,50.53076],[5.74563,50.53024],[5.74545,50.5299],[5.74475,50.52914],[5.74404,50.52891],[5.74383,50.52829],[5.74333,50.52792],[5.74222,50.52757],[5.74123,50.52749],[5.74034,50.52724],[5.73985,50.52692],[5.73834,50.5263],[5.73783,50.52585],[5.73764,50.52556],[5.73751,50.52526],[5.73767,50.52501],[5.73793,50.52479],[5.73824,50.52467],[5.73957,50.52445],[5.74087,50.52469],[5.74168,50.5247],[5.74181,50.52496],[5.74188,50.52549],[5.74207,50.52583],[5.74295,50.52633],[5.74329,50.52664],[5.74343,50.52691],[5.74422,50.5274],[5.74455,50.52742],[5.74475,50.52726],[5.74444,50.52684],[5.74443,50.52667],[5.74451,50.52654],[5.74506,50.52648],[5.74571,50.52617],[5.74602,50.52612],[5.74644,50.52622],[5.74708,50.52656],[5.7475,50.52715],[5.748,50.52746],[5.74958,50.52786],[5.75005,50.52783],[5.7501,50.52771],[5.7497,50.52719],[5.74971,50.52702],[5.74982,50.52691],[5.75008,50.52689],[5.75108,50.52729],[5.75135,50.52728],[5.75148,50.52719],[5.75073,50.5267],[5.75032,50.52579],[5.75038,50.52549],[5.75049,50.52533],[5.75127,50.52498],[5.74927,50.52467],[5.74883,50.52441],[5.74868,50.52418],[5.74873,50.52384],[5.74961,50.52382],[5.75011,50.5234],[5.75018,50.52319],[5.75003,50.52275],[5.74959,50.52247],[5.74711,50.52221],[5.74556,50.52172],[5.74537,50.52177],[5.74459,50.52248],[5.7442,50.52263],[5.74368,50.52268],[5.74291,50.5225],[5.74254,50.52216],[5.74207,50.52114],[5.742,50.52031],[5.7421,50.51999],[5.74245,50.51958],[5.74288,50.5194],[5.74342,50.51936],[5.74431,50.51905],[5.74524,50.51899],[5.74679,50.5194],[5.74955,50.51987],[5.75029,50.52025],[5.74875,50.52051],[5.7489,50.52063],[5.74962,50.52078],[5.75087,50.52076],[5.75177,50.52037],[5.7519,50.52024],[5.7516,50.52],[5.75093,50.51989],[5.75063,50.51976],[5.75059,50.51962],[5.75079,50.51938],[5.75134,50.51918],[5.75269,50.51907],[5.75467,50.5186],[5.75505,50.51858],[5.75587,50.51872],[5.75629,50.51835],[5.75687,50.51723],[5.7565,50.51693],[5.75684,50.51664],[5.75695,50.51642],[5.75683,50.51613],[5.75662,50.51606],[5.75616,50.51609],[5.75602,50.51667],[5.75538,50.5168],[5.75463,50.51734],[5.75334,50.51776],[5.75294,50.51769],[5.75251,50.51719],[5.75176,50.51737],[5.75157,50.51732],[5.75136,50.51701],[5.7513,50.51652],[5.75062,50.51585],[5.75045,50.51577],[5.74868,50.51574],[5.74722,50.51557],[5.74667,50.51588],[5.74621,50.51635],[5.74559,50.51636],[5.74528,50.51605],[5.74456,50.51568],[5.74414,50.51526],[5.74407,50.51503],[5.74413,50.51469],[5.74408,50.51427],[5.74429,50.51358],[5.74422,50.51303],[5.74255,50.51333],[5.7413,50.51396],[5.74091,50.51383],[5.74074,50.51368],[5.74064,50.51334],[5.741,50.51275],[5.74124,50.51254],[5.74163,50.51245],[5.74196,50.51221],[5.74194,50.51208],[5.74165,50.51169],[5.74167,50.51137],[5.74251,50.51082],[5.74263,50.51007],[5.7429,50.50966],[5.74367,50.50971],[5.74455,50.51029],[5.74479,50.51024],[5.74491,50.51007],[5.74492,50.50989],[5.74482,50.50941],[5.74451,50.50895],[5.74451,50.50875],[5.74458,50.50858],[5.7454,50.50836],[5.74587,50.50834],[5.74733,50.50855],[5.7492,50.50862],[5.74998,50.50876],[5.7508,50.50881],[5.75175,50.50915],[5.75253,50.50933],[5.75372,50.51002],[5.7541,50.51008],[5.75468,50.51001],[5.75514,50.5097],[5.75481,50.50924],[5.75474,50.50863],[5.75418,50.50821],[5.75306,50.50872],[5.75259,50.50884],[5.75217,50.50883],[5.74959,50.50748],[5.7492,50.50708],[5.74862,50.50737],[5.74749,50.50721],[5.74693,50.50642],[5.74692,50.5061],[5.7476,50.50561],[5.74821,50.50535],[5.74928,50.50534],[5.7494,50.50523],[5.74941,50.50504],[5.74913,50.50479],[5.74834,50.50463],[5.74793,50.50464],[5.74668,50.50498],[5.74622,50.50527],[5.74619,50.5051],[5.7463,50.50468],[5.74587,50.5046],[5.74411,50.5046],[5.74349,50.50409],[5.74252,50.50358],[5.74172,50.50329],[5.7404,50.50307],[5.73795,50.5037],[5.73753,50.50359],[5.73699,50.5033],[5.73669,50.50302],[5.73661,50.50274],[5.73668,50.50249],[5.73707,50.5022],[5.73811,50.50217],[5.73916,50.50187],[5.73962,50.50193],[5.73959,50.50166],[5.73922,50.50112],[5.73908,50.50062],[5.73871,50.50003],[5.73824,50.49971],[5.73779,50.49964],[5.73708,50.49972],[5.73663,50.49946],[5.73592,50.49922],[5.73536,50.49934],[5.73513,50.49916],[5.73502,50.49886],[5.73455,50.49885],[5.73339,50.49909],[5.73289,50.49866],[5.7328,50.49837],[5.73282,50.49806],[5.73317,50.49752],[5.73505,50.49638],[5.73481,50.4961],[5.73481,50.49573],[5.73422,50.4952],[5.73399,50.49448],[5.73333,50.49388],[5.73333,50.49358],[5.7338,50.49351],[5.73467,50.49375],[5.73552,50.49354],[5.73602,50.49354],[5.73714,50.49384],[5.73754,50.49413],[5.73756,50.49437],[5.73766,50.4945],[5.73828,50.49475],[5.7391,50.49479],[5.74014,50.49459],[5.74164,50.49471],[5.74285,50.4951],[5.7439,50.49527],[5.74452,50.49558],[5.74501,50.49599],[5.74548,50.49587],[5.74629,50.49547],[5.74742,50.49583],[5.74837,50.49666],[5.74837,50.4961],[5.74803,50.49576],[5.74812,50.49526],[5.74792,50.49511],[5.74735,50.49496],[5.74591,50.49416],[5.74541,50.4936],[5.745,50.49354],[5.74458,50.49361],[5.74412,50.49341],[5.74322,50.49279],[5.74306,50.49245],[5.74251,50.49218],[5.7423,50.49191],[5.74212,50.49136],[5.742,50.49126],[5.74163,50.49098],[5.74068,50.49053],[5.73998,50.49033],[5.73916,50.49025],[5.73868,50.49042],[5.73795,50.49041],[5.73753,50.49049],[5.73714,50.49083],[5.73675,50.49092],[5.73623,50.49096],[5.73573,50.49086],[5.73524,50.49056],[5.73505,50.49016],[5.73455,50.49],[5.7347,50.48968],[5.73421,50.48955],[5.73369,50.48972],[5.73326,50.48962],[5.73238,50.48925],[5.73169,50.48913],[5.73083,50.48915],[5.73037,50.48889],[5.72957,50.4886],[5.72917,50.48832],[5.72895,50.48802],[5.72856,50.48778],[5.72847,50.48746],[5.72816,50.48698],[5.72825,50.4868],[5.72876,50.48637],[5.72919,50.48562],[5.72937,50.48546],[5.72969,50.48529],[5.73066,50.48516],[5.73207,50.48534],[5.73332,50.4857],[5.73475,50.48578],[5.73576,50.48604],[5.73767,50.48605],[5.73783,50.48613],[5.73787,50.4864],[5.73816,50.48646],[5.73977,50.48659],[5.74144,50.48643],[5.74247,50.48673],[5.74333,50.48727],[5.74436,50.48772],[5.74502,50.48773],[5.74566,50.48784],[5.74842,50.48765],[5.74963,50.48784],[5.75042,50.48774],[5.75095,50.48776],[5.75086,50.48748],[5.74956,50.48705],[5.74875,50.48693],[5.74747,50.48653],[5.74665,50.48649],[5.74615,50.48635],[5.74574,50.48608],[5.74531,50.48554],[5.74502,50.48497],[5.74375,50.48416],[5.74295,50.48346],[5.74253,50.48329],[5.74233,50.48298],[5.74224,50.48264],[5.74228,50.48239],[5.74274,50.48163],[5.7429,50.48115],[5.74293,50.48027],[5.74282,50.47993],[5.74299,50.47892],[5.74337,50.47847],[5.74416,50.47719],[5.74452,50.47689],[5.74556,50.47507],[5.74574,50.47441],[5.74567,50.47387],[5.7459,50.47384],[5.74852,50.47409],[5.74951,50.47391],[5.75003,50.47401],[5.75149,50.47451],[5.75179,50.47451],[5.75207,50.47438],[5.7521,50.47414],[5.75164,50.4736],[5.75098,50.47326],[5.74996,50.47307],[5.74917,50.47222],[5.74916,50.47137],[5.7494,50.47109]],[[5.74376,50.55724],[5.74344,50.55695],[5.74387,50.55665],[5.74331,50.55641],[5.74325,50.55615],[5.74346,50.55586],[5.74389,50.5557],[5.74454,50.55581],[5.74476,50.55609],[5.745,50.55617],[5.74633,50.55575],[5.74645,50.55583],[5.74644,50.55607],[5.74656,50.55623],[5.74748,50.55654],[5.74761,50.5568],[5.74758,50.55695],[5.74717,50.55706],[5.74584,50.55717],[5.74504,50.55734],[5.74431,50.55735],[5.74376,50.55724]],[[5.74293,50.55697],[5.74279,50.55692],[5.74321,50.55692],[5.74293,50.55697]],[[5.83001,50.55625],[5.82974,50.55609],[5.82995,50.5559],[5.83019,50.55591],[5.83048,50.55607],[5.8304,50.55626],[5.83001,50.55625]],[[5.84293,50.55588],[5.84289,50.55581],[5.84302,50.55582],[5.84293,50.55588]],[[5.74668,50.55561],[5.74664,50.55552],[5.74677,50.55553],[5.74668,50.55561]],[[5.79459,50.55527],[5.79389,50.55509],[5.79329,50.55511],[5.7924,50.55467],[5.79187,50.55424],[5.79167,50.55383],[5.79124,50.55362],[5.79087,50.55314],[5.78998,50.55306],[5.78989,50.55275],[5.79025,50.55249],[5.79006,50.55232],[5.78916,50.55247],[5.78893,50.55284],[5.78847,50.55296],[5.7871,50.55269],[5.78676,50.55249],[5.78671,50.55229],[5.78709,50.55193],[5.78789,50.55145],[5.78818,50.55136],[5.78845,50.55135],[5.78922,50.55157],[5.79005,50.55197],[5.79045,50.55205],[5.79169,50.55182],[5.79231,50.55136],[5.7928,50.5512],[5.79306,50.5512],[5.79378,50.55148],[5.79396,50.55162],[5.79405,50.5518],[5.79403,50.55205],[5.79382,50.55255],[5.79338,50.55281],[5.79327,50.55298],[5.79328,50.55333],[5.79348,50.5535],[5.79371,50.55361],[5.79417,50.55361],[5.79463,50.55333],[5.79486,50.55328],[5.79592,50.55331],[5.79646,50.55304],[5.79579,50.55278],[5.7958,50.55271],[5.79618,50.55259],[5.79664,50.55258],[5.79693,50.55275],[5.79712,50.55302],[5.79696,50.55334],[5.79706,50.55364],[5.79796,50.55413],[5.79888,50.55437],[5.79955,50.55468],[5.79969,50.55496],[5.79957,50.55518],[5.7993,50.55527],[5.79839,50.55507],[5.79787,50.55474],[5.79758,50.55435],[5.79718,50.55426],[5.79628,50.55467],[5.79586,50.55476],[5.79546,50.55499],[5.79459,50.55527]],[[5.74709,50.55511],[5.74709,50.55493],[5.74709,50.55511]],[[5.79334,50.55444],[5.79335,50.55439],[5.79334,50.55444]],[[5.79584,50.55424],[5.7958,50.55414],[5.79587,50.55415],[5.79584,50.55424]],[[5.74668,50.5537],[5.74649,50.5536],[5.74666,50.55347],[5.74682,50.55358],[5.74668,50.5537]],[[5.77668,50.55372],[5.77655,50.55347],[5.77657,50.55329],[5.7771,50.5533],[5.77668,50.55372]],[[5.66084,50.55337],[5.66078,50.5533],[5.66086,50.55329],[5.66084,50.55337]],[[5.66251,50.55334],[5.66207,50.55304],[5.66237,50.55272],[5.66347,50.55255],[5.66377,50.55259],[5.66401,50.55274],[5.66251,50.55334]],[[5.66876,50.55333],[5.66886,50.55331],[5.66876,50.55333]],[[5.67668,50.5534],[5.67591,50.55293],[5.67556,50.55283],[5.67415,50.55279],[5.67306,50.55287],[5.67224,50.55276],[5.67213,50.55271],[5.67201,50.55246],[5.67163,50.55222],[5.67127,50.55217],[5.67084,50.55222],[5.6704,50.552],[5.66912,50.55166],[5.66874,50.55137],[5.66839,50.55133],[5.66748,50.55163],[5.66741,50.55189],[5.66762,50.55217],[5.66755,50.55227],[5.66712,50.55231],[5.66667,50.55219],[5.66652,50.55245],[5.66634,50.55258],[5.6658,50.55245],[5.66477,50.55291],[5.66457,50.55293],[5.66397,50.55252],[5.66406,50.55219],[5.66386,50.55187],[5.66387,50.5514],[5.6638,50.55124],[5.6636,50.55113],[5.6629,50.55097],[5.66207,50.55109],[5.66317,50.55137],[5.66251,50.55164],[5.6624,50.5518],[5.66237,50.55193],[5.66268,50.55219],[5.66255,50.55235],[5.66196,50.55269],[5.66003,50.55286],[5.65993,50.55273],[5.66007,50.55233],[5.66006,50.55196],[5.65976,50.55166],[5.65985,50.55118],[5.65961,50.55083],[5.65915,50.55066],[5.65867,50.55034],[5.65835,50.55035],[5.65793,50.55064],[5.65779,50.5506],[5.65774,50.55048],[5.65832,50.5497],[5.65904,50.5494],[5.66004,50.54873],[5.66128,50.54806],[5.66181,50.54746],[5.66241,50.5471],[5.66269,50.54712],[5.66341,50.54746],[5.66538,50.54768],[5.66709,50.54806],[5.66759,50.54791],[5.66829,50.54791],[5.66848,50.54804],[5.66833,50.5483],[5.66709,50.54887],[5.66673,50.54927],[5.66629,50.54957],[5.66536,50.54963],[5.66526,50.54993],[5.66538,50.55034],[5.66586,50.55054],[5.6666,50.54987],[5.66672,50.54983],[5.6671,50.54998],[5.66679,50.55048],[5.66685,50.55056],[5.66712,50.55063],[5.66806,50.55065],[5.66917,50.55082],[5.67038,50.55075],[5.67089,50.55087],[5.67436,50.55099],[5.67463,50.55108],[5.67477,50.55128],[5.67489,50.5516],[5.67487,50.55196],[5.6758,50.55257],[5.67763,50.55296],[5.67789,50.55313],[5.67781,50.55335],[5.67748,50.5535],[5.67668,50.5534]],[[5.69918,50.55339],[5.69801,50.55321],[5.69685,50.55278],[5.69656,50.55251],[5.69644,50.55222],[5.69669,50.55207],[5.69711,50.55166],[5.69744,50.5515],[5.69767,50.55153],[5.69792,50.55167],[5.69819,50.55219],[5.69879,50.55275],[5.70003,50.55333],[5.69997,50.55347],[5.69977,50.55352],[5.69918,50.55339]],[[5.66668,50.55279],[5.6666,50.55274],[5.66673,50.55267],[5.66811,50.55249],[5.66837,50.55255],[5.6685,50.55273],[5.66834,50.55288],[5.6679,50.55299],[5.66668,50.55279]],[[5.67084,50.55285],[5.67075,50.55276],[5.67081,50.55266],[5.67103,50.55273],[5.67084,50.55285]],[[5.78584,50.5528],[5.78577,50.55276],[5.7858,50.5527],[5.78622,50.55245],[5.78642,50.5525],[5.78632,50.55282],[5.78584,50.5528]],[[5.79126,50.55255],[5.79117,50.55245],[5.79136,50.55246],[5.79126,50.55255]],[[5.66501,50.55201],[5.66491,50.55187],[5.66484,50.55146],[5.66498,50.55135],[5.66526,50.55187],[5.66501,50.55201]],[[5.88501,50.55194],[5.88446,50.55173],[5.88436,50.55153],[5.8844,50.55136],[5.88462,50.55131],[5.88502,50.55164],[5.88501,50.55194]],[[5.65334,50.55146],[5.65298,50.5513],[5.65285,50.55109],[5.65286,50.55081],[5.65372,50.55053],[5.65415,50.55056],[5.65423,50.5508],[5.65416,50.55108],[5.65378,50.55143],[5.65334,50.55146]],[[5.69584,50.5515],[5.69579,50.55135],[5.69599,50.55111],[5.69618,50.55103],[5.69672,50.55108],[5.69683,50.55128],[5.69676,50.5514],[5.69584,50.5515]],[[5.79543,50.55149],[5.79521,50.55114],[5.79525,50.55081],[5.79571,50.55069],[5.7961,50.55079],[5.79614,50.55094],[5.79597,50.55119],[5.79543,50.55149]],[[5.67543,50.55115],[5.67539,50.55105],[5.67554,50.55076],[5.67582,50.55052],[5.67612,50.55049],[5.67696,50.55065],[5.67835,50.55053],[5.67881,50.55109],[5.67832,50.55122],[5.67665,50.55114],[5.67592,50.55126],[5.67543,50.55115]],[[5.65543,50.551],[5.65537,50.55082],[5.65542,50.55064],[5.65543,50.551]],[[5.78418,50.55092],[5.7839,50.55081],[5.78419,50.55077],[5.78418,50.55092]],[[5.78334,50.55056],[5.78321,50.55035],[5.78324,50.55024],[5.78339,50.5503],[5.78342,50.55051],[5.78334,50.55056]],[[5.66376,50.55033],[5.66371,50.55026],[5.66417,50.54998],[5.6648,50.54999],[5.66428,50.55036],[5.66376,50.55033]],[[5.83751,50.55033],[5.83746,50.55024],[5.8376,50.5502],[5.83806,50.55025],[5.83751,50.55033]],[[5.65709,50.54998],[5.65668,50.54986],[5.65653,50.54969],[5.65696,50.54957],[5.65729,50.54963],[5.65734,50.54976],[5.65709,50.54998]],[[5.65209,50.5492],[5.65187,50.54892],[5.65213,50.54836],[5.65198,50.54811],[5.65165,50.54785],[5.65046,50.54744],[5.65027,50.54725],[5.65036,50.54707],[5.65084,50.54691],[5.65248,50.54702],[5.65281,50.5472],[5.65293,50.54748],[5.65417,50.54776],[5.65462,50.54755],[5.65504,50.5477],[5.65579,50.54781],[5.65649,50.54761],[5.65673,50.54763],[5.6569,50.54775],[5.6564,50.54817],[5.65589,50.54845],[5.65498,50.54812],[5.65442,50.54829],[5.65468,50.54841],[5.65539,50.54837],[5.65562,50.54851],[5.65562,50.54864],[5.65516,50.5489],[5.65453,50.54894],[5.65381,50.5487],[5.65371,50.54875],[5.65355,50.54915],[5.6533,50.54929],[5.65269,50.54934],[5.65209,50.5492]],[[5.67793,50.54899],[5.67778,50.54885],[5.67793,50.5487],[5.67842,50.54887],[5.67793,50.54899]],[[5.66418,50.5486],[5.66313,50.54832],[5.66451,50.54818],[5.66503,50.54831],[5.66509,50.54853],[5.66505,50.54865],[5.66487,50.5487],[5.66418,50.5486]],[[5.64751,50.54827],[5.64799,50.54778],[5.64807,50.54754],[5.64795,50.54738],[5.64751,50.54733]],[[5.76293,50.54807],[5.76232,50.54783],[5.76227,50.54772],[5.76293,50.54748],[5.76306,50.54778],[5.76293,50.54807]],[[5.65709,50.54763],[5.65696,50.54748],[5.65723,50.54748],[5.65709,50.54763]],[[5.66876,50.54766],[5.66857,50.5475],[5.66872,50.54739],[5.66961,50.54748],[5.66925,50.54761],[5.66876,50.54766]],[[5.65376,50.54666],[5.65348,50.54633],[5.65291,50.54598],[5.65206,50.54525],[5.65254,50.54515],[5.65325,50.54519],[5.65391,50.54549],[5.65406,50.54569],[5.65411,50.54594],[5.65376,50.54666]],[[5.65876,50.54642],[5.65866,50.54637],[5.65886,50.54637],[5.65876,50.54642]],[[5.74084,50.54631],[5.7407,50.54608],[5.74088,50.54595],[5.7411,50.54611],[5.74084,50.54631]],[[5.75668,50.54576],[5.75643,50.54561],[5.75639,50.54548],[5.75691,50.5451],[5.75722,50.54507],[5.75768,50.54527],[5.75767,50.54545],[5.75757,50.54558],[5.75668,50.54576]],[[5.75084,50.54536],[5.75051,50.54498],[5.75032,50.54444],[5.74976,50.54362],[5.74917,50.54304],[5.75009,50.54285],[5.75086,50.54303],[5.75077,50.54334],[5.75107,50.54392],[5.75099,50.54437],[5.75105,50.54479],[5.75084,50.54536]],[[5.75459,50.54433],[5.75453,50.54417],[5.75459,50.54407],[5.75511,50.54416],[5.75499,50.54428],[5.75459,50.54433]],[[5.87543,50.54403],[5.87527,50.54392],[5.87527,50.54383],[5.8754,50.54378],[5.87554,50.54383],[5.87543,50.54403]],[[5.77293,50.54087],[5.77278,50.54081],[5.77307,50.54081],[5.77293,50.54087]],[[5.76918,50.53998],[5.7682,50.53972],[5.76812,50.53946],[5.76838,50.53934],[5.76889,50.53933],[5.77001,50.5397],[5.77002,50.54001],[5.76918,50.53998]],[[5.77043,50.53921],[5.77029,50.53903],[5.77039,50.53883],[5.77084,50.53887],[5.7711,50.53912],[5.77086,50.53925],[5.77043,50.53921]],[[5.86918,50.53923],[5.86891,50.53914],[5.86929,50.53913],[5.86918,50.53923]],[[5.89418,50.53894],[5.89375,50.53887],[5.89265,50.53835],[5.89218,50.53774],[5.89169,50.53747],[5.89042,50.53749],[5.89014,50.53685],[5.88984,50.53658],[5.88951,50.53645],[5.88842,50.53628],[5.88753,50.53601],[5.88465,50.53432],[5.88412,50.53388],[5.88334,50.53359],[5.88313,50.53333],[5.8832,50.53299],[5.88315,50.53253],[5.88291,50.53193],[5.88336,50.53171],[5.88353,50.53135],[5.88392,50.53087],[5.884,50.53038],[5.88447,50.52986],[5.88445,50.52966],[5.8841,50.52947],[5.88347,50.52938],[5.88217,50.52953],[5.88084,50.52938],[5.88045,50.52979],[5.88024,50.52982],[5.87955,50.52977],[5.87948,50.52969],[5.87948,50.52944],[5.87916,50.52935],[5.87871,50.52967],[5.87708,50.53119],[5.87669,50.53143],[5.87613,50.53152],[5.87467,50.53126],[5.87296,50.53081],[5.87243,50.53096],[5.87201,50.53094],[5.86959,50.53026],[5.86868,50.53016],[5.86759,50.53017],[5.86731,50.53001],[5.86727,50.52971],[5.86712,50.52961],[5.86624,50.52971],[5.86373,50.52927],[5.86248,50.52887],[5.86303,50.52874],[5.86324,50.52847],[5.86317,50.52802],[5.86295,50.5275],[5.86248,50.52682],[5.86203,50.52678],[5.86158,50.52702],[5.85998,50.5276],[5.85837,50.52765],[5.85786,50.52758],[5.85755,50.52747],[5.85714,50.52713],[5.85584,50.52665],[5.85478,50.52609],[5.85335,50.52581],[5.8529,50.52559],[5.8525,50.52526],[5.85074,50.52474],[5.84994,50.52394],[5.8499,50.52344],[5.84981,50.52328],[5.84954,50.52308],[5.84913,50.52295],[5.84696,50.52261],[5.84541,50.52222],[5.84458,50.52191],[5.84213,50.52134],[5.84159,50.52135],[5.84043,50.52165],[5.8392,50.52167],[5.83786,50.52193],[5.83745,50.52178],[5.8371,50.52133],[5.8366,50.52118],[5.83587,50.52043],[5.83502,50.51998],[5.8342,50.5197],[5.8326,50.51937],[5.83206,50.5196],[5.83123,50.51947],[5.8304,50.51956],[5.82998,50.51952],[5.82872,50.51872],[5.82824,50.51829],[5.82695,50.51753],[5.82607,50.51673],[5.82547,50.51604],[5.82511,50.51579],[5.82538,50.5155],[5.82649,50.51514],[5.82786,50.51494],[5.82819,50.51472],[5.82844,50.51444],[5.82851,50.5141],[5.82821,50.5133],[5.82896,50.51205],[5.82899,50.51073],[5.8289,50.51007],[5.82913,50.5097],[5.83066,50.50945],[5.83097,50.50947],[5.83166,50.50973],[5.83253,50.51052],[5.83281,50.51065],[5.83304,50.51065],[5.83331,50.51044],[5.83338,50.51001],[5.83334,50.50914],[5.83361,50.50857],[5.83416,50.50831],[5.83514,50.50819],[5.83631,50.50834],[5.83821,50.5084],[5.83905,50.50852],[5.84092,50.50847],[5.84249,50.5086],[5.84373,50.509],[5.8446,50.50915],[5.84596,50.50992],[5.8461,50.51024],[5.84586,50.51112],[5.84639,50.51123],[5.84785,50.51102],[5.84909,50.51125],[5.85004,50.51158],[5.8512,50.51178],[5.85133,50.5119],[5.85122,50.5122],[5.85132,50.51229],[5.85243,50.51241],[5.85321,50.51236],[5.85399,50.51262],[5.85472,50.51269],[5.85527,50.51254],[5.85545,50.51223],[5.85572,50.51211],[5.85602,50.51208],[5.8567,50.51218],[5.85878,50.51303],[5.85919,50.51329],[5.85939,50.51361],[5.85943,50.51385],[5.8593,50.51414],[5.85892,50.51458],[5.859,50.51476],[5.85936,50.51478],[5.86042,50.51442],[5.86083,50.5145],[5.86294,50.51553],[5.86418,50.51601],[5.86542,50.51637],[5.86602,50.51689],[5.86691,50.51731],[5.86727,50.5174],[5.86852,50.51746],[5.86941,50.51792],[5.8697,50.5179],[5.86985,50.51776],[5.86926,50.51741],[5.86916,50.5172],[5.86928,50.517],[5.87056,50.51644],[5.87118,50.51642],[5.87217,50.51653],[5.87425,50.51638],[5.8753,50.51646],[5.87575,50.51642],[5.87598,50.51667],[5.87634,50.51675],[5.87722,50.51671],[5.87806,50.51647],[5.87892,50.51637],[5.87785,50.51632],[5.87759,50.51637],[5.87741,50.51651],[5.87655,50.5166],[5.87503,50.51611],[5.87418,50.51552],[5.87363,50.51547],[5.8725,50.51555],[5.87175,50.51539],[5.87091,50.51562],[5.86973,50.51571],[5.86847,50.51605],[5.86801,50.51602],[5.86599,50.51496],[5.86519,50.51491],[5.86484,50.51478],[5.86472,50.51465],[5.86472,50.51448],[5.86504,50.51414],[5.8646,50.51387],[5.86404,50.51369],[5.86363,50.51337],[5.86359,50.51319],[5.86368,50.51295],[5.86428,50.51221],[5.86462,50.51195],[5.8646,50.51189],[5.8641,50.5118],[5.86306,50.51196],[5.8613,50.51189],[5.86071,50.51203],[5.86038,50.51203],[5.85929,50.51136],[5.85784,50.51069],[5.85627,50.50998],[5.85504,50.5095],[5.85459,50.50943],[5.85407,50.50917],[5.85398,50.50859],[5.85423,50.50832],[5.85408,50.508],[5.85427,50.5079],[5.855,50.50785],[5.8552,50.50775],[5.85532,50.50753],[5.85524,50.50715],[5.85533,50.5069],[5.85586,50.50613],[5.85622,50.5058],[5.85792,50.50535],[5.85913,50.5047],[5.85977,50.50452],[5.86039,50.50453],[5.86118,50.50504],[5.86145,50.50501],[5.86149,50.50492],[5.86138,50.50465],[5.86151,50.50444],[5.86232,50.50414],[5.86195,50.50392],[5.86167,50.50349],[5.86139,50.50329],[5.85962,50.50315],[5.85884,50.50353],[5.858,50.50363],[5.85681,50.50423],[5.85639,50.50428],[5.85585,50.50414],[5.85539,50.50365],[5.85483,50.50349],[5.85418,50.50314],[5.85288,50.50293],[5.85265,50.50274],[5.85254,50.50243],[5.85241,50.50243],[5.85233,50.50254],[5.85248,50.50284],[5.85325,50.50329],[5.85344,50.50358],[5.85385,50.50388],[5.85473,50.50436],[5.8548,50.50448],[5.85476,50.50467],[5.85417,50.50497],[5.85378,50.50531],[5.85292,50.50553],[5.85279,50.50611],[5.85228,50.50665],[5.85085,50.50743],[5.85043,50.50776],[5.84962,50.50799],[5.84848,50.50769],[5.846,50.50656],[5.84348,50.50561],[5.84191,50.50515],[5.8416,50.50513],[5.84082,50.50526],[5.84017,50.505],[5.84059,50.50472],[5.84024,50.50449],[5.84013,50.50427],[5.84031,50.50385],[5.84026,50.50333],[5.84047,50.50272],[5.83874,50.50139],[5.8383,50.50086],[5.83792,50.50054],[5.83747,50.5003],[5.83688,50.49976],[5.83676,50.49944],[5.83675,50.49883],[5.83623,50.49861],[5.83603,50.49816],[5.83608,50.498],[5.83622,50.49786],[5.83676,50.49781],[5.8369,50.4976],[5.83688,50.49748],[5.83645,50.49746],[5.83618,50.49774],[5.8358,50.49783],[5.83535,50.4972],[5.83475,50.49663],[5.83396,50.49606],[5.8335,50.49545],[5.83341,50.49493],[5.83313,50.49451],[5.83316,50.49435],[5.83335,50.49416],[5.83379,50.49397],[5.83583,50.49359],[5.83765,50.49306],[5.83744,50.49286],[5.83686,50.4927],[5.83422,50.49253],[5.83392,50.49239],[5.83385,50.49226],[5.83392,50.49215],[5.8346,50.49193],[5.83471,50.49177],[5.83473,50.4916],[5.83452,50.4911],[5.83471,50.49052],[5.83466,50.49007],[5.8348,50.48989],[5.83514,50.48977],[5.83842,50.49024],[5.83997,50.49054],[5.84324,50.49138],[5.84409,50.49171],[5.84664,50.49222],[5.84928,50.49244],[5.85009,50.49262],[5.85149,50.4931],[5.85334,50.49331],[5.85404,50.49363],[5.85543,50.49461],[5.85667,50.49498],[5.85711,50.49525],[5.85816,50.49571],[5.85929,50.49577],[5.86043,50.49637],[5.86123,50.49656],[5.86196,50.4965],[5.86219,50.49637],[5.86196,50.49583],[5.86156,50.49529],[5.86153,50.49507],[5.86159,50.49493],[5.86193,50.49467],[5.86417,50.49358],[5.86462,50.49358],[5.86498,50.4938],[5.86572,50.49475],[5.867,50.49554],[5.86754,50.49569],[5.86797,50.49567],[5.86828,50.49546],[5.86846,50.49523],[5.86876,50.49415],[5.86887,50.49399],[5.87003,50.4931],[5.87066,50.49224],[5.87089,50.49213],[5.87163,50.49225],[5.87212,50.49243],[5.87222,50.49257],[5.87286,50.49385],[5.87306,50.49489],[5.87335,50.49567],[5.87454,50.49695],[5.87743,50.49797],[5.87931,50.49821],[5.88212,50.49885],[5.88316,50.49882],[5.88418,50.49853],[5.8845,50.49892],[5.88537,50.4993],[5.88591,50.49936],[5.88666,50.49972],[5.88712,50.49959],[5.8876,50.49965],[5.88788,50.50001],[5.8886,50.50053],[5.8883,50.50111],[5.88873,50.50229],[5.88853,50.50309],[5.88869,50.50364],[5.88919,50.50398],[5.89084,50.50482],[5.89315,50.50554],[5.89418,50.50558]],[[5.77543,50.53838],[5.77543,50.53826],[5.77584,50.53832],[5.77543,50.53838]],[[5.76543,50.53737],[5.76497,50.53703],[5.76481,50.53677],[5.76482,50.53665],[5.76604,50.53665],[5.76698,50.53692],[5.76585,50.53712],[5.76543,50.53737]],[[5.76668,50.53638],[5.76624,50.53614],[5.76624,50.53578],[5.76754,50.53608],[5.76668,50.53638]],[[5.74334,50.53588],[5.7431,50.53569],[5.74308,50.53553],[5.74344,50.53549],[5.74379,50.53561],[5.74398,50.5358],[5.74377,50.53598],[5.74334,50.53588]],[[5.73418,50.53573],[5.734,50.5355],[5.73431,50.53526],[5.73429,50.53493],[5.7346,50.53443],[5.73394,50.53413],[5.73452,50.5337],[5.73473,50.53369],[5.73554,50.53414],[5.73556,50.53441],[5.73541,50.53471],[5.73569,50.53523],[5.73553,50.53536],[5.73468,50.53552],[5.73418,50.53573]],[[5.74251,50.53536],[5.74243,50.53523],[5.74255,50.53506],[5.74273,50.53525],[5.74251,50.53536]],[[5.74168,50.53474],[5.74161,50.5347],[5.74165,50.53465],[5.74191,50.5346],[5.74234,50.53471],[5.7421,50.53486],[5.74168,50.53474]],[[5.74251,50.53442],[5.74227,50.53421],[5.74229,50.53412],[5.74248,50.53407],[5.74264,50.53412],[5.74251,50.53442]],[[5.73334,50.53401],[5.73317,50.53365],[5.7334,50.53333],[5.73382,50.53324],[5.73445,50.53359],[5.73378,50.534],[5.73334,50.53401]],[[5.74126,50.53405],[5.74086,50.53386],[5.74068,50.53367],[5.74067,50.53351],[5.74082,50.53331],[5.74162,50.53359],[5.74215,50.53388],[5.74207,50.534],[5.74165,50.53397],[5.74126,50.53405]],[[5.87876,50.53121],[5.87868,50.53107],[5.87877,50.53093],[5.87885,50.53109],[5.87876,50.53121]],[[5.75418,50.53056],[5.75407,50.53051],[5.75405,50.53021],[5.75376,50.52998],[5.75253,50.52975],[5.75208,50.52945],[5.75042,50.52888],[5.75023,50.52858],[5.75086,50.52825],[5.75214,50.52828],[5.75335,50.52886],[5.75416,50.52915],[5.75444,50.52934],[5.75531,50.53027],[5.75544,50.53053],[5.75418,50.53056]],[[5.74626,50.52722],[5.74608,50.5272],[5.74668,50.5272],[5.74626,50.52722]],[[5.74918,50.52666],[5.74917,50.5266],[5.74918,50.52666]],[[5.81001,50.52535],[5.80977,50.52528],[5.80974,50.5252],[5.81009,50.52504],[5.81064,50.52525],[5.81043,50.52535],[5.81001,50.52535]],[[5.80834,50.52503],[5.80814,50.52499],[5.80811,50.52492],[5.80832,50.5247],[5.80873,50.52465],[5.8092,50.52469],[5.8099,50.52499],[5.80972,50.52515],[5.80946,50.52521],[5.80834,50.52503]],[[5.78084,50.52278],[5.78091,50.52276],[5.78084,50.52278]],[[5.78126,50.52266],[5.78078,50.52228],[5.78076,50.52213],[5.78089,50.52196],[5.78144,50.52185],[5.78251,50.52192],[5.78237,50.52218],[5.78126,50.52266]],[[5.78043,50.52168],[5.78071,50.52161],[5.78095,50.52166],[5.78079,50.5218],[5.78043,50.52168]],[[5.71084,50.52109],[5.70707,50.52029],[5.70634,50.52033],[5.70571,50.52061],[5.70441,50.52076],[5.70394,50.52074],[5.70272,50.52025],[5.70181,50.52017],[5.70127,50.51995],[5.70081,50.51999],[5.7006,50.51972],[5.70054,50.51939],[5.70002,50.51902],[5.69967,50.51893],[5.69918,50.51897],[5.69901,50.51888],[5.69918,50.51876],[5.69998,50.5188],[5.70025,50.51866],[5.70052,50.51841],[5.70175,50.51851],[5.70293,50.51804],[5.7026,50.51751],[5.70222,50.51725],[5.70229,50.5169],[5.70175,50.51673],[5.70099,50.51666],[5.7006,50.51621],[5.70063,50.51606],[5.70134,50.5158],[5.7017,50.51574],[5.70325,50.51573],[5.70343,50.51582],[5.70333,50.51615],[5.70394,50.51625],[5.705,50.51617],[5.70544,50.51583],[5.70581,50.51568],[5.70596,50.51571],[5.70624,50.516],[5.70639,50.51605],[5.70727,50.51599],[5.70797,50.51612],[5.70824,50.51603],[5.70829,50.5159],[5.70822,50.51577],[5.7079,50.51556],[5.70744,50.515],[5.70677,50.51436],[5.70664,50.51416],[5.70666,50.51382],[5.70643,50.51358],[5.70595,50.51332],[5.70602,50.5132],[5.70661,50.51287],[5.70728,50.51279],[5.7074,50.5127],[5.70747,50.51214],[5.70774,50.5116],[5.70778,50.51132],[5.70762,50.51038],[5.70731,50.50969],[5.70729,50.5093],[5.70748,50.50885],[5.7078,50.50874],[5.70873,50.50871],[5.70958,50.50887],[5.71081,50.50929],[5.71245,50.51005],[5.71292,50.50996],[5.71326,50.51004],[5.71341,50.51018],[5.71341,50.51034],[5.71285,50.51052],[5.71285,50.51065],[5.713,50.51088],[5.71409,50.51181],[5.71509,50.51201],[5.71585,50.51232],[5.71667,50.5124],[5.71764,50.51273],[5.71801,50.51327],[5.71887,50.51359],[5.71857,50.5139],[5.71857,50.51437],[5.71845,50.51453],[5.71826,50.51455],[5.71759,50.51436],[5.71728,50.51442],[5.71758,50.51456],[5.71795,50.51497],[5.71769,50.51511],[5.71733,50.51515],[5.71665,50.515],[5.7162,50.51449],[5.71561,50.51429],[5.71529,50.51438],[5.71515,50.51458],[5.71512,50.51479],[5.71543,50.51564],[5.71581,50.51613],[5.71624,50.51638],[5.71664,50.51628],[5.71727,50.51642],[5.71811,50.5163],[5.71838,50.51634],[5.71885,50.51664],[5.71925,50.51715],[5.71924,50.5175],[5.7189,50.51788],[5.71839,50.51805],[5.71818,50.51822],[5.71809,50.51844],[5.71821,50.5186],[5.7196,50.51909],[5.71966,50.51917],[5.7192,50.51924],[5.71806,50.51909],[5.71752,50.51915],[5.71671,50.51972],[5.71571,50.51996],[5.71528,50.52052],[5.71479,50.5208],[5.71378,50.5211],[5.7117,50.52117],[5.71084,50.52109]],[[5.78126,50.52114],[5.78113,50.52097],[5.78116,50.5208],[5.78159,50.52085],[5.78182,50.52107],[5.78167,50.52116],[5.78126,50.52114]],[[5.75043,50.5202],[5.75034,50.52001],[5.75041,50.51995],[5.75043,50.5202]],[[5.69168,50.51779],[5.69083,50.51749],[5.69072,50.51719],[5.69081,50.51691],[5.69214,50.51651],[5.69235,50.51667],[5.69243,50.51723],[5.69299,50.51745],[5.69304,50.51754],[5.69299,50.51781],[5.69274,50.51792],[5.69233,50.51793],[5.69168,50.51779]],[[5.70001,50.51762],[5.6997,50.51745],[5.69994,50.5172],[5.70035,50.51729],[5.70055,50.51744],[5.70045,50.51756],[5.70001,50.51762]],[[5.69459,50.51708],[5.6945,50.51691],[5.6941,50.51666],[5.69417,50.51649],[5.69443,50.51637],[5.69379,50.51608],[5.69294,50.51519],[5.69265,50.51498],[5.69241,50.51447],[5.69245,50.51435],[5.6928,50.51424],[5.6937,50.51414],[5.69493,50.51423],[5.69677,50.51466],[5.69714,50.51495],[5.69746,50.51507],[5.69884,50.51522],[5.69922,50.51553],[5.69908,50.51578],[5.69902,50.51618],[5.69883,50.5164],[5.69785,50.51661],[5.69524,50.51649],[5.69476,50.51666],[5.69459,50.51708]],[[5.70293,50.51694],[5.70287,50.51692],[5.70293,50.51694]],[[5.87959,50.51665],[5.8797,50.51665],[5.87959,50.51665]],[[5.68376,50.51561],[5.68362,50.51548],[5.68375,50.51505],[5.6842,50.51496],[5.68439,50.51528],[5.68439,50.51553],[5.68418,50.51561],[5.68376,50.51561]],[[5.68501,50.51472],[5.68509,50.5147],[5.68501,50.51472]],[[5.78334,50.51305],[5.78247,50.5125],[5.78236,50.51229],[5.78238,50.51217],[5.78269,50.51206],[5.783,50.51206],[5.78336,50.51219],[5.78377,50.51246],[5.7838,50.51284],[5.78334,50.51305]],[[5.69876,50.51292],[5.69853,50.51279],[5.69855,50.5127],[5.69873,50.51263],[5.69893,50.5127],[5.69895,50.51279],[5.69876,50.51292]],[[5.70251,50.51224],[5.70233,50.51195],[5.70249,50.51177],[5.70287,50.51202],[5.70332,50.51208],[5.70344,50.51219],[5.70325,50.51233],[5.70251,50.51224]],[[5.80418,50.51226],[5.80408,50.5122],[5.8042,50.51218],[5.80418,50.51226]],[[5.78084,50.512],[5.78081,50.51191],[5.78102,50.51193],[5.78084,50.512]],[[5.73918,50.51148],[5.73904,50.51136],[5.73928,50.51135],[5.73918,50.51148]],[[5.74084,50.50987],[5.74041,50.50944],[5.74056,50.50916],[5.74097,50.50895],[5.74154,50.50892],[5.74171,50.50898],[5.74181,50.50924],[5.74178,50.50944],[5.74128,50.50974],[5.74084,50.50987]],[[5.73834,50.50892],[5.73829,50.50859],[5.73844,50.50848],[5.73894,50.5084],[5.73931,50.50856],[5.73879,50.5089],[5.73834,50.50892]],[[5.73959,50.50839],[5.73947,50.50832],[5.73977,50.50832],[5.73959,50.50839]],[[5.79709,50.50841],[5.79704,50.50829],[5.79741,50.50804],[5.79744,50.50776],[5.7975,50.50772],[5.79825,50.50806],[5.79849,50.50829],[5.7983,50.50835],[5.79789,50.50817],[5.7975,50.50835],[5.79709,50.50841]],[[5.70209,50.5074],[5.70188,50.50727],[5.70188,50.50716],[5.70206,50.50709],[5.70224,50.50716],[5.70224,50.50727],[5.70209,50.5074]],[[5.69459,50.50638],[5.69439,50.50587],[5.69462,50.50556],[5.6958,50.50487],[5.69649,50.50462],[5.69671,50.50463],[5.69708,50.50498],[5.6976,50.50518],[5.69794,50.50553],[5.69893,50.50581],[5.69707,50.50626],[5.69672,50.50624],[5.69627,50.50605],[5.69584,50.50597],[5.69544,50.50626],[5.69501,50.50609],[5.69459,50.50638]],[[5.69918,50.50655],[5.69892,50.50634],[5.69886,50.50611],[5.69917,50.50584],[5.69952,50.50574],[5.69979,50.50579],[5.69998,50.50614],[5.7004,50.50624],[5.7005,50.50636],[5.70024,50.50648],[5.69918,50.50655]],[[5.86459,50.5064],[5.86351,50.50607],[5.86389,50.50586],[5.86455,50.50586],[5.86474,50.50598],[5.86484,50.50618],[5.86479,50.50635],[5.86459,50.5064]],[[5.70084,50.50555],[5.70075,50.50554],[5.70089,50.50554],[5.70084,50.50555]],[[5.74251,50.50559],[5.74166,50.50529],[5.74167,50.50496],[5.74207,50.50488],[5.74367,50.50482],[5.74468,50.50526],[5.74437,50.50554],[5.74352,50.5057],[5.74251,50.50559]],[[5.83876,50.50527],[5.8387,50.50522],[5.83874,50.50498],[5.83918,50.5049],[5.83939,50.50499],[5.83914,50.50522],[5.83876,50.50527]],[[5.69918,50.50502],[5.6991,50.50498],[5.69945,50.50498],[5.69918,50.50502]],[[5.83376,50.50499],[5.83335,50.50491],[5.83294,50.5047],[5.83246,50.50415],[5.83263,50.50386],[5.83305,50.5036],[5.83368,50.50299],[5.83418,50.50304],[5.83449,50.5033],[5.83441,50.50343],[5.8342,50.50354],[5.83374,50.50359],[5.8338,50.50381],[5.83397,50.50396],[5.83426,50.50405],[5.83539,50.50399],[5.83564,50.5041],[5.83575,50.50424],[5.83566,50.50449],[5.83488,50.50498],[5.83441,50.50505],[5.83376,50.50499]],[[5.83168,50.50476],[5.83142,50.50467],[5.83172,50.50445],[5.83206,50.50432],[5.8325,50.50463],[5.83274,50.5047],[5.83168,50.50476]],[[5.69168,50.50448],[5.69128,50.50438],[5.69079,50.50399],[5.68997,50.50388],[5.68979,50.50361],[5.69001,50.50331],[5.68975,50.50305],[5.68962,50.50274],[5.68933,50.50256],[5.68931,50.50247],[5.68962,50.50238],[5.68998,50.50239],[5.69168,50.50278],[5.69274,50.50294],[5.69342,50.50291],[5.69386,50.50303],[5.69248,50.50411],[5.69168,50.50448]],[[5.69834,50.50443],[5.69755,50.50411],[5.69743,50.50385],[5.69797,50.50383],[5.69848,50.50408],[5.69852,50.50421],[5.69834,50.50443]],[[5.89209,50.50446],[5.89208,50.50438],[5.89237,50.50432],[5.89259,50.50441],[5.89249,50.50448],[5.89209,50.50446]],[[5.89418,50.5044],[5.89372,50.50419],[5.89346,50.50379],[5.89305,50.50354],[5.89206,50.5027],[5.8918,50.50239],[5.89145,50.50164],[5.89078,50.50145],[5.89057,50.50128],[5.89052,50.50108],[5.89081,50.50078],[5.89091,50.50053],[5.89069,50.49996],[5.89036,50.49943],[5.88966,50.4991],[5.88878,50.49844],[5.88834,50.49822],[5.88795,50.49822],[5.88756,50.49845],[5.88709,50.49859],[5.88801,50.49909],[5.88801,50.49923],[5.88788,50.49929],[5.88713,50.49908],[5.8862,50.499],[5.88583,50.49881],[5.88531,50.49836],[5.88519,50.49802],[5.88566,50.4975],[5.88543,50.4972],[5.88539,50.49663],[5.88617,50.49576],[5.8861,50.49549],[5.88589,50.49521],[5.88481,50.49464],[5.88337,50.49427],[5.88294,50.49426],[5.88259,50.49457],[5.88227,50.49467],[5.88203,50.49463],[5.88168,50.49439],[5.88084,50.49449],[5.87994,50.49397],[5.87963,50.49344],[5.87946,50.49331],[5.87961,50.49302],[5.8792,50.49276],[5.8788,50.49277],[5.87811,50.49295],[5.87754,50.49274],[5.87694,50.49211],[5.87665,50.49167],[5.87665,50.49142],[5.87655,50.49128],[5.87629,50.49108],[5.87569,50.49083],[5.87596,50.49056],[5.87585,50.49026],[5.8751,50.49016],[5.87486,50.49001],[5.87499,50.48965],[5.87501,50.48915],[5.87545,50.48888],[5.8753,50.48857],[5.87548,50.48805],[5.87538,50.48775],[5.87563,50.48746],[5.87571,50.48698],[5.87596,50.48664],[5.87589,50.48651],[5.87503,50.48659],[5.87451,50.48679],[5.87394,50.4869],[5.87259,50.48691],[5.87217,50.48684],[5.87123,50.48653],[5.86961,50.48637],[5.8688,50.48607],[5.86833,50.48617],[5.86794,50.48603],[5.86757,50.48603],[5.86742,50.48583],[5.86722,50.48576],[5.86668,50.48587],[5.86628,50.48578],[5.86539,50.48583],[5.86433,50.48501],[5.86377,50.48469],[5.86341,50.48415],[5.86306,50.48389],[5.86244,50.48311],[5.86212,50.48237],[5.86125,50.48221],[5.86169,50.48204],[5.86182,50.48184],[5.86181,50.48165],[5.86149,50.48101],[5.86086,50.48061],[5.85989,50.48057],[5.85944,50.48031],[5.85942,50.48024],[5.85971,50.48003],[5.85991,50.47969],[5.85993,50.47948],[5.85975,50.47932],[5.85947,50.4793],[5.85884,50.47964],[5.85823,50.47964],[5.85795,50.47979],[5.85793,50.47999],[5.85843,50.4808],[5.85882,50.48171],[5.85855,50.48267],[5.85865,50.48337],[5.85841,50.48417],[5.85802,50.48493],[5.85801,50.48529],[5.85751,50.48555],[5.856,50.48588],[5.85548,50.48616],[5.85416,50.4861],[5.85394,50.48581],[5.85342,50.48552],[5.85247,50.48533],[5.85144,50.48488],[5.84798,50.48395],[5.8456,50.48268],[5.8442,50.48262],[5.84294,50.48228],[5.84206,50.48167],[5.84153,50.4811],[5.84005,50.48049],[5.83959,50.48054],[5.83922,50.48084],[5.83909,50.48109],[5.83962,50.48163],[5.83975,50.48193],[5.84004,50.48217],[5.84004,50.48281],[5.84016,50.48332],[5.83995,50.48334],[5.83914,50.48309],[5.83874,50.48269],[5.83837,50.48247],[5.83806,50.4824],[5.83733,50.4826],[5.83588,50.4826],[5.83541,50.48238],[5.83466,50.48218],[5.83415,50.48221],[5.83252,50.48106],[5.8309,50.47971],[5.82991,50.47974],[5.82918,50.47912],[5.82792,50.47824],[5.82711,50.47746],[5.82664,50.47664],[5.82673,50.47647],[5.82693,50.47635],[5.82799,50.47609],[5.82825,50.4758],[5.82809,50.47554],[5.82649,50.47515],[5.82504,50.47511],[5.82475,50.47501],[5.82422,50.47463],[5.82376,50.4749],[5.82337,50.47495],[5.82259,50.47483],[5.82181,50.47456],[5.82129,50.47461],[5.82109,50.47455],[5.82062,50.47416],[5.82052,50.47359],[5.82038,50.47337],[5.81956,50.47251],[5.81912,50.4723],[5.81892,50.47208],[5.81875,50.47169],[5.81865,50.47109]],[[5.74918,50.504],[5.74891,50.50389],[5.74883,50.50375],[5.74891,50.50358],[5.74916,50.50349],[5.74966,50.50352],[5.75023,50.50385],[5.74918,50.504]],[[5.83459,50.50369],[5.83434,50.50362],[5.83431,50.50353],[5.83461,50.5034],[5.83471,50.50358],[5.83459,50.50369]],[[5.85793,50.50324],[5.85775,50.50303],[5.85794,50.50293],[5.85812,50.50306],[5.85793,50.50324]],[[5.68918,50.50245],[5.68915,50.50221],[5.68923,50.5022],[5.68918,50.50245]],[[5.85793,50.50216],[5.85788,50.50194],[5.85793,50.50186],[5.85799,50.50195],[5.85793,50.50216]],[[5.77751,50.50179],[5.77743,50.50165],[5.77752,50.50164],[5.77751,50.50179]],[[5.73459,50.49954],[5.73433,50.49942],[5.73493,50.49923],[5.73531,50.4994],[5.73514,50.49949],[5.73459,50.49954]],[[5.73376,50.49786],[5.73361,50.49776],[5.73374,50.49765],[5.73388,50.49775],[5.73376,50.49786]],[[5.67459,50.49693],[5.67391,50.49658],[5.67369,50.49656],[5.67334,50.49666],[5.6729,50.4964],[5.67188,50.49613],[5.67171,50.49579],[5.67085,50.4949],[5.67004,50.49528],[5.66959,50.49526],[5.66933,50.49496],[5.66954,50.49462],[5.6698,50.49442],[5.66957,50.49414],[5.66993,50.49408],[5.67178,50.49408],[5.67232,50.49441],[5.6723,50.49449],[5.67199,50.4947],[5.67253,50.49515],[5.67285,50.49518],[5.67388,50.495],[5.67421,50.49472],[5.67445,50.49415],[5.67424,50.49405],[5.67374,50.494],[5.67263,50.49337],[5.67188,50.4925],[5.67181,50.49233],[5.67186,50.49218],[5.67248,50.49202],[5.67394,50.49211],[5.67541,50.49155],[5.67675,50.49189],[5.6775,50.49198],[5.67795,50.49189],[5.67877,50.49158],[5.67982,50.49085],[5.67879,50.49077],[5.67774,50.49093],[5.67708,50.49082],[5.67845,50.49041],[5.67862,50.49027],[5.6786,50.48998],[5.67873,50.48986],[5.67915,50.48998],[5.67952,50.48997],[5.68082,50.48963],[5.68126,50.48942],[5.68248,50.48921],[5.68467,50.48963],[5.6858,50.4897],[5.68655,50.48944],[5.68698,50.489],[5.68718,50.48894],[5.68759,50.48916],[5.68712,50.48974],[5.68612,50.48991],[5.68498,50.49058],[5.68519,50.49072],[5.68561,50.4908],[5.68665,50.49078],[5.68763,50.4906],[5.68917,50.48998],[5.68948,50.48975],[5.68955,50.48962],[5.68959,50.48887],[5.68981,50.48858],[5.68972,50.48807],[5.69037,50.48773],[5.69066,50.4872],[5.69124,50.48658],[5.69306,50.48584],[5.69342,50.48586],[5.69379,50.48602],[5.69417,50.48668],[5.6944,50.48733],[5.69469,50.48774],[5.69517,50.48834],[5.69616,50.48917],[5.69685,50.48996],[5.69673,50.4903],[5.69626,50.49054],[5.69626,50.49082],[5.69708,50.49143],[5.69719,50.49172],[5.69704,50.49193],[5.69695,50.49226],[5.69659,50.49271],[5.69553,50.49333],[5.69337,50.49382],[5.69251,50.49387],[5.69167,50.49381],[5.69129,50.4943],[5.69117,50.49435],[5.69045,50.49409],[5.68951,50.49412],[5.688,50.49374],[5.68708,50.49381],[5.68618,50.49406],[5.68431,50.49423],[5.68339,50.49414],[5.68208,50.49382],[5.68164,50.49381],[5.68113,50.49401],[5.67959,50.4943],[5.67913,50.4945],[5.67852,50.4949],[5.67831,50.49526],[5.67863,50.49563],[5.67839,50.49608],[5.67837,50.4964],[5.67795,50.49646],[5.67751,50.49637],[5.67627,50.49678],[5.67519,50.49681],[5.67459,50.49693]],[[5.67084,50.4964],[5.67084,50.49634],[5.67091,50.49637],[5.67084,50.4964]],[[5.66084,50.4961],[5.66045,50.49593],[5.65925,50.49572],[5.65875,50.49554],[5.65831,50.49477],[5.65837,50.49448],[5.65875,50.49415],[5.65959,50.49375],[5.66113,50.49369],[5.66205,50.49389],[5.66252,50.4943],[5.66276,50.49441],[5.66418,50.49471],[5.66477,50.49459],[5.66543,50.49415],[5.66591,50.49468],[5.66675,50.49502],[5.6667,50.49531],[5.66621,50.49549],[5.66585,50.49585],[5.6654,50.49562],[5.66501,50.49553],[5.66441,50.49577],[5.66337,50.49588],[5.66193,50.49578],[5.66134,50.49588],[5.66084,50.4961]],[[5.66834,50.49534],[5.66834,50.49521],[5.66834,50.49534]],[[5.66751,50.49504],[5.66727,50.49497],[5.66752,50.49491],[5.66758,50.49498],[5.66751,50.49504]],[[5.66876,50.49473],[5.66867,50.49469],[5.66875,50.49459],[5.66876,50.49473]],[[5.88626,50.49472],[5.88542,50.49442],[5.88608,50.49425],[5.8874,50.49444],[5.88711,50.49471],[5.88626,50.49472]],[[5.66793,50.49459],[5.66773,50.49441],[5.66816,50.49422],[5.6684,50.49422],[5.66859,50.4944],[5.6684,50.49455],[5.66793,50.49459]],[[5.80126,50.49388],[5.80117,50.49362],[5.80128,50.49348],[5.80167,50.4936],[5.80191,50.49384],[5.80169,50.49395],[5.80126,50.49388]],[[5.88376,50.49389],[5.8837,50.49386],[5.8839,50.49386],[5.88376,50.49389]],[[5.66918,50.49368],[5.66908,50.49359],[5.66922,50.49358],[5.66918,50.49368]],[[5.66168,50.49335],[5.66189,50.49332],[5.66168,50.49335]],[[5.69709,50.49121],[5.69689,50.4911],[5.69711,50.49108],[5.69709,50.49121]],[[5.87543,50.49116],[5.87531,50.49107],[5.87544,50.49095],[5.87557,50.49109],[5.87543,50.49116]],[[5.68043,50.49092],[5.68022,50.49082],[5.68059,50.49082],[5.68043,50.49092]],[[5.68918,50.48826],[5.68906,50.48809],[5.68908,50.48799],[5.68946,50.48802],[5.68918,50.48826]],[[5.81918,50.4872],[5.81866,50.48673],[5.81862,50.48664],[5.81871,50.48652],[5.81923,50.48655],[5.81959,50.48668],[5.81986,50.48688],[5.81986,50.48696],[5.81971,50.48706],[5.81918,50.4872]],[[5.78084,50.48672],[5.78073,50.48663],[5.78089,50.48653],[5.78123,50.48656],[5.78133,50.48665],[5.78123,50.48679],[5.78084,50.48672]],[[5.85751,50.4861],[5.85761,50.48609],[5.85751,50.4861]],[[5.69376,50.48567],[5.6935,50.48554],[5.69382,50.48552],[5.69376,50.48567]],[[5.69334,50.48551],[5.6932,50.4851],[5.69322,50.48499],[5.69332,50.48496],[5.69343,50.48517],[5.69334,50.48551]],[[5.85709,50.48539],[5.85704,50.48525],[5.85724,50.48526],[5.85709,50.48539]],[[5.69251,50.48422],[5.69237,50.48399],[5.69241,50.48386],[5.69284,50.48401],[5.69302,50.48415],[5.69291,50.48431],[5.69251,50.48422]],[[5.86209,50.48419],[5.86202,50.48415],[5.86209,50.48408],[5.86236,50.48414],[5.86209,50.48419]],[[5.86043,50.4789],[5.86033,50.47887],[5.86043,50.4789]],[[5.85793,50.47851],[5.85769,50.47832],[5.85779,50.47802],[5.8575,50.47789],[5.85708,50.47749],[5.85772,50.47722],[5.85746,50.4769],[5.85792,50.47707],[5.85833,50.47704],[5.85858,50.4772],[5.8588,50.47723],[5.85953,50.47661],[5.86056,50.47645],[5.86129,50.47661],[5.86174,50.47741],[5.86172,50.4776],[5.86162,50.47766],[5.86076,50.4776],[5.86035,50.47766],[5.86017,50.47782],[5.86001,50.47821],[5.85954,50.47829],[5.85914,50.47849],[5.85793,50.47851]],[[5.85793,50.47802],[5.85778,50.47779],[5.85791,50.47767],[5.85802,50.47777],[5.85793,50.47802]],[[5.75581,50.47109],[5.75607,50.47132],[5.75602,50.47147],[5.75522,50.4719],[5.75457,50.47202],[5.75383,50.47192],[5.75336,50.47174],[5.7529,50.47143],[5.75259,50.47109]],[[5.81501,50.47197],[5.81488,50.47192],[5.81503,50.47186],[5.81507,50.47192],[5.81501,50.47197]],[[5.81126,50.47139],[5.81112,50.47136],[5.81126,50.47132],[5.81126,50.47139]],[[5.81485,50.47109],[5.81481,50.47139],[5.81461,50.47157],[5.81448,50.47152],[5.8141,50.47109]]]}},{"type":"Feature","properties":{"ele":350},"geometry":{"type":"MultiLineString","coordinates":[[[5.87251,50.55972],[5.87157,50.55888],[5.87089,50.55813],[5.87012,50.5575],[5.86996,50.55723],[5.8695,50.55701],[5.86911,50.55667],[5.86906,50.55613],[5.86873,50.55597],[5.86863,50.55583],[5.86871,50.55571],[5.86904,50.55554],[5.86868,50.5554],[5.86811,50.55493],[5.86813,50.55469],[5.86839,50.5544],[5.8678,50.55433],[5.86619,50.55369],[5.86582,50.55332],[5.86501,50.55304],[5.86519,50.55279],[5.86543,50.55266],[5.86586,50.5527],[5.86622,50.55287],[5.86713,50.55311],[5.86793,50.5536],[5.86838,50.55337],[5.86856,50.55302],[5.86855,50.55276],[5.86822,50.55247],[5.86865,50.55216],[5.86918,50.55191],[5.8694,50.55243],[5.869,50.55309],[5.86939,50.5536],[5.8691,50.55383],[5.86907,50.55392],[5.86927,50.55411],[5.86967,50.5541],[5.87012,50.55391],[5.87012,50.55326],[5.87084,50.5522],[5.87127,50.5518],[5.87204,50.55133],[5.87264,50.55123],[5.87372,50.55125],[5.87416,50.55145],[5.87462,50.55153],[5.87484,50.55184],[5.87472,50.55243],[5.87482,50.55258],[5.87509,50.55271],[5.87622,50.5529],[5.87641,50.55299],[5.87639,50.55312],[5.876,50.55333],[5.87635,50.55358],[5.87663,50.55432],[5.87719,50.55441],[5.87722,50.55447],[5.87697,50.55469],[5.87629,50.55496],[5.87542,50.55515],[5.87513,50.55545],[5.8751,50.55559],[5.87536,50.55584],[5.87582,50.55587],[5.87671,50.55608],[5.87716,50.55664],[5.87706,50.55695],[5.87748,50.55687],[5.87765,50.55692],[5.87765,50.55751],[5.87708,50.55803],[5.8771,50.55832],[5.87667,50.55876],[5.87624,50.55885],[5.87547,50.55944],[5.87497,50.55939],[5.87422,50.55976],[5.87338,50.55962],[5.87251,50.55972]],[[5.88459,50.55889],[5.88349,50.55854],[5.88328,50.55834],[5.88306,50.55794],[5.88241,50.55749],[5.88233,50.5572],[5.88378,50.55711],[5.88527,50.55747],[5.88507,50.55762],[5.8845,50.55774],[5.88458,50.55784],[5.88506,50.55793],[5.88543,50.55832],[5.88505,50.55888],[5.88459,50.55889]],[[5.86918,50.55447],[5.86911,50.55442],[5.86917,50.55429],[5.86924,50.5544],[5.86918,50.55447]],[[5.87876,50.55286],[5.87781,50.5525],[5.87774,50.55233],[5.87782,50.5521],[5.87796,50.55204],[5.87821,50.55225],[5.87889,50.55248],[5.87921,50.55275],[5.87914,50.55284],[5.87876,50.55286]],[[5.86334,50.55262],[5.86317,50.55246],[5.86343,50.55229],[5.86408,50.55235],[5.86427,50.55247],[5.86379,50.55269],[5.86334,50.55262]],[[5.86293,50.55233],[5.86273,50.55218],[5.86291,50.55211],[5.86313,50.55218],[5.86293,50.55233]],[[5.86209,50.55208],[5.86168,50.55186],[5.86088,50.55161],[5.85969,50.55133],[5.85838,50.55121],[5.85803,50.55104],[5.85791,50.55081],[5.85885,50.54864],[5.85911,50.54827],[5.85972,50.54817],[5.86086,50.54833],[5.86126,50.5486],[5.8614,50.54913],[5.86164,50.54948],[5.86208,50.54971],[5.86225,50.55003],[5.86274,50.55045],[5.86274,50.55062],[5.86253,50.55076],[5.86152,50.55081],[5.86112,50.55106],[5.86132,50.55133],[5.86251,50.55165],[5.86266,50.55187],[5.86264,50.55198],[5.8625,50.55208],[5.86209,50.55208]],[[5.86376,50.55178],[5.86344,50.55146],[5.86349,50.55133],[5.86382,50.55128],[5.86421,50.55163],[5.86414,50.55177],[5.86376,50.55178]],[[5.87751,50.55151],[5.87662,50.55059],[5.8765,50.55038],[5.87655,50.55017],[5.877,50.54993],[5.87752,50.54997],[5.87753,50.55035],[5.87765,50.55069],[5.87806,50.55108],[5.87751,50.55151]],[[5.86334,50.55136],[5.86318,50.55113],[5.86333,50.55102],[5.8635,50.5511],[5.86334,50.55136]],[[5.86293,50.55097],[5.86269,50.55079],[5.86299,50.55073],[5.86304,50.55085],[5.86293,50.55097]],[[5.86501,50.55091],[5.86387,50.55049],[5.86286,50.5497],[5.86334,50.54943],[5.86378,50.54942],[5.86417,50.54972],[5.86496,50.5499],[5.86542,50.55014],[5.86587,50.55013],[5.86628,50.55026],[5.86619,50.55048],[5.86606,50.55057],[5.8655,50.55085],[5.86501,50.55091]],[[5.89418,50.53627],[5.89356,50.53569],[5.89329,50.53504],[5.89334,50.5347],[5.89381,50.53483],[5.89418,50.53509]],[[5.76959,50.53477],[5.76954,50.5347],[5.76962,50.53467],[5.77009,50.53471],[5.76995,50.53487],[5.76959,50.53477]],[[5.77376,50.53426],[5.77366,50.53417],[5.7737,50.53404],[5.77399,50.53393],[5.77504,50.53416],[5.77491,50.53426],[5.77436,50.53434],[5.77376,50.53426]],[[5.89418,50.53287],[5.89374,50.53288],[5.8929,50.53262],[5.89222,50.53258],[5.89145,50.53277],[5.89086,50.53304],[5.89069,50.53303],[5.8908,50.53274],[5.89075,50.53247],[5.89085,50.5322],[5.89085,50.53165],[5.89048,50.53104],[5.89027,50.52996],[5.89045,50.52885],[5.89018,50.52809],[5.88987,50.52772],[5.88953,50.52763],[5.88909,50.52804],[5.88873,50.52819],[5.88754,50.52793],[5.88627,50.52805],[5.8861,50.528],[5.88611,50.52778],[5.88594,50.52733],[5.88623,50.52692],[5.88711,50.52659],[5.88817,50.52608],[5.88998,50.52571],[5.8919,50.52553],[5.89168,50.52542],[5.89134,50.52535],[5.88993,50.52539],[5.88873,50.52529],[5.88618,50.52541],[5.88369,50.5258],[5.88341,50.52589],[5.88319,50.52612],[5.88261,50.52639],[5.88212,50.52649],[5.88151,50.52641],[5.88117,50.52617],[5.8796,50.52608],[5.87863,50.52627],[5.87833,50.52635],[5.87816,50.5266],[5.87815,50.52698],[5.87792,50.52744],[5.87779,50.52798],[5.87787,50.52818],[5.87834,50.52859],[5.87749,50.52886],[5.87712,50.52916],[5.87631,50.52943],[5.87498,50.5294],[5.8741,50.52922],[5.87377,50.52914],[5.87294,50.52869],[5.87249,50.5286],[5.87097,50.52757],[5.87061,50.5275],[5.86993,50.5276],[5.86952,50.52756],[5.8675,50.52665],[5.8671,50.52607],[5.86665,50.52593],[5.86582,50.52582],[5.86542,50.52554],[5.86529,50.52521],[5.86477,50.52446],[5.86423,50.52402],[5.86389,50.52415],[5.86336,50.52472],[5.8626,50.52473],[5.86132,50.52414],[5.86036,50.52382],[5.85957,50.52365],[5.85877,50.52378],[5.85848,50.52353],[5.85792,50.52327],[5.85786,50.52337],[5.85801,50.52381],[5.85843,50.5241],[5.85848,50.52421],[5.85838,50.52446],[5.8579,50.52451],[5.85747,50.52419],[5.85618,50.52367],[5.8554,50.52365],[5.85417,50.52331],[5.85407,50.52334],[5.85394,50.52359],[5.85373,50.52362],[5.85364,50.52326],[5.85291,50.52277],[5.85251,50.52221],[5.85263,50.52191],[5.85252,50.52137],[5.85006,50.52076],[5.84958,50.52082],[5.84907,50.52054],[5.84878,50.52025],[5.8479,50.52021],[5.84787,50.5205],[5.84759,50.5206],[5.84592,50.52043],[5.845,50.52027],[5.84419,50.51993],[5.84342,50.51978],[5.84253,50.51969],[5.84154,50.51973],[5.83875,50.51922],[5.83829,50.51909],[5.83718,50.51857],[5.8366,50.5186],[5.83519,50.51817],[5.83417,50.51838],[5.83289,50.51805],[5.83249,50.51778],[5.8321,50.51732],[5.83159,50.51693],[5.83148,50.51674],[5.83151,50.51657],[5.83168,50.51638],[5.83236,50.51584],[5.83201,50.51552],[5.83183,50.51514],[5.83224,50.5142],[5.83222,50.51365],[5.8316,50.51302],[5.83202,50.51276],[5.8328,50.51266],[5.83368,50.51268],[5.83477,50.51258],[5.83585,50.51276],[5.83712,50.51258],[5.83732,50.51242],[5.83745,50.51201],[5.8372,50.51142],[5.83724,50.51108],[5.83749,50.51062],[5.83783,50.51047],[5.83863,50.51044],[5.83916,50.51055],[5.84009,50.51047],[5.8416,50.51067],[5.84207,50.51083],[5.84237,50.51105],[5.84245,50.51148],[5.84267,50.5119],[5.84247,50.51222],[5.84324,50.51275],[5.84362,50.51314],[5.84462,50.51326],[5.84622,50.51316],[5.84769,50.51386],[5.84786,50.51424],[5.84768,50.51496],[5.8479,50.51528],[5.84915,50.51524],[5.85063,50.51501],[5.85082,50.51497],[5.85117,50.51467],[5.8517,50.51473],[5.85243,50.51454],[5.85338,50.51478],[5.85408,50.51541],[5.85461,50.51553],[5.85474,50.5158],[5.85478,50.51614],[5.85493,50.51637],[5.85613,50.51726],[5.8569,50.51837],[5.85688,50.51875],[5.85656,50.51915],[5.85663,50.5193],[5.8568,50.5194],[5.85743,50.51942],[5.85787,50.51929],[5.85877,50.51856],[5.86005,50.51858],[5.86086,50.51884],[5.86084,50.51915],[5.86237,50.51969],[5.86297,50.5201],[5.86493,50.52074],[5.86545,50.52074],[5.86637,50.52029],[5.86709,50.52026],[5.86753,50.52052],[5.86751,50.52082],[5.86794,50.52077],[5.86912,50.52094],[5.86948,50.52125],[5.8703,50.5217],[5.87134,50.52185],[5.87222,50.52184],[5.87293,50.52195],[5.87373,50.5218],[5.87472,50.52188],[5.87554,50.52178],[5.87583,50.52154],[5.87586,50.52088],[5.87614,50.52024],[5.87631,50.52011],[5.87681,50.51998],[5.87712,50.51949],[5.87821,50.51945],[5.87873,50.51955],[5.87907,50.5193],[5.8795,50.51918],[5.87962,50.51927],[5.87977,50.51989],[5.87995,50.52024],[5.87987,50.52062],[5.87993,50.52146],[5.88042,50.52259],[5.8808,50.5224],[5.88126,50.52242],[5.88144,50.52276],[5.88163,50.52291],[5.88219,50.52302],[5.88506,50.52423],[5.88618,50.52439],[5.88701,50.52419],[5.8875,50.52445],[5.88798,50.52448],[5.88879,50.52437],[5.88968,50.52409],[5.8911,50.52388],[5.89121,50.52381],[5.89124,50.52358],[5.89201,50.52358],[5.89269,50.52334],[5.89371,50.52337],[5.89418,50.52321]],[[5.77043,50.53099],[5.77033,50.53079],[5.77042,50.53053],[5.77092,50.53053],[5.7708,50.53073],[5.77043,50.53099]],[[5.77001,50.52989],[5.77,50.52968],[5.77044,50.52964],[5.77066,50.52971],[5.77044,50.52988],[5.77001,50.52989]],[[5.76834,50.52871],[5.76759,50.52848],[5.76634,50.52845],[5.76597,50.52834],[5.76586,50.52803],[5.76531,50.52779],[5.76498,50.52737],[5.76493,50.52715],[5.76515,50.52691],[5.76491,50.52664],[5.7651,50.52633],[5.76498,50.52611],[5.76464,50.52596],[5.76446,50.52609],[5.76451,50.52646],[5.76441,50.52687],[5.76361,50.52739],[5.76326,50.52775],[5.76338,50.52806],[5.76293,50.52832],[5.76248,50.52805],[5.76228,50.52726],[5.76225,50.52667],[5.76209,50.52637],[5.76232,50.52601],[5.76245,50.52523],[5.76274,50.52458],[5.76293,50.52438],[5.76352,50.52425],[5.76482,50.52442],[5.76498,50.52451],[5.76509,50.5247],[5.76519,50.52507],[5.76516,50.52527],[5.76498,50.52533],[5.7646,50.52523],[5.76417,50.52526],[5.76454,50.52534],[5.765,50.52566],[5.76618,50.5257],[5.76664,50.52562],[5.76679,50.52568],[5.76703,50.52611],[5.76729,50.52634],[5.767,50.52656],[5.767,50.5267],[5.76718,50.52674],[5.76753,50.52662],[5.76801,50.52671],[5.76838,50.5269],[5.76863,50.52736],[5.76859,50.52751],[5.76792,50.5277],[5.76787,50.5278],[5.76839,50.52785],[5.76876,50.52758],[5.76889,50.52768],[5.76891,50.52788],[5.76867,50.52847],[5.76834,50.52871]],[[5.87043,50.52744],[5.87036,50.52719],[5.87044,50.52701],[5.87055,50.52722],[5.87043,50.52744]],[[5.87043,50.52689],[5.87018,50.52658],[5.86931,50.52636],[5.86794,50.52564],[5.86659,50.52532],[5.86647,50.52517],[5.86647,50.52497],[5.86673,50.52474],[5.86704,50.52464],[5.86748,50.52462],[5.86783,50.52471],[5.86863,50.52532],[5.87003,50.52608],[5.87046,50.52657],[5.87043,50.52689]],[[5.89334,50.52558],[5.89306,50.52554],[5.89342,50.52554],[5.89334,50.52558]],[[5.76668,50.52532],[5.76667,50.52524],[5.76668,50.52532]],[[5.76584,50.52511],[5.76575,50.52499],[5.76583,50.52487],[5.76593,50.52497],[5.76584,50.52511]],[[5.76626,50.52427],[5.76595,50.52361],[5.76596,50.5234],[5.7663,50.52317],[5.76672,50.52311],[5.76693,50.52333],[5.76694,50.52358],[5.76626,50.52427]],[[5.76543,50.52225],[5.76502,50.52212],[5.76333,50.52201],[5.76298,50.52188],[5.76266,50.52137],[5.76308,50.52108],[5.7625,50.52054],[5.76247,50.52027],[5.76268,50.51999],[5.76312,50.5197],[5.7618,50.51916],[5.76173,50.51906],[5.76176,50.51893],[5.76203,50.51879],[5.7625,50.51879],[5.76295,50.51914],[5.76377,50.51942],[5.7635,50.51972],[5.76349,50.51999],[5.76331,50.52026],[5.76335,50.52056],[5.7641,50.52026],[5.76456,50.51997],[5.76504,50.51945],[5.76472,50.51913],[5.76494,50.51881],[5.76535,50.51875],[5.76588,50.51888],[5.76597,50.51861],[5.76624,50.5183],[5.76637,50.51801],[5.76726,50.51717],[5.76759,50.51706],[5.76835,50.51715],[5.76835,50.51749],[5.76795,50.51837],[5.76743,50.51858],[5.76769,50.51893],[5.76705,50.52028],[5.76676,50.5217],[5.76627,50.52213],[5.76543,50.52225]],[[5.89418,50.52186],[5.89139,50.52096],[5.89013,50.52045],[5.88837,50.52035],[5.88614,50.52001],[5.88535,50.51972],[5.88543,50.51928],[5.88499,50.51915],[5.8855,50.51903],[5.88562,50.51888],[5.88559,50.51861],[5.88579,50.51855],[5.88628,50.51857],[5.88795,50.51891],[5.88965,50.5188],[5.89205,50.51931],[5.89309,50.51968],[5.89344,50.51992],[5.89418,50.52021]],[[5.76251,50.52129],[5.76227,50.52116],[5.76225,50.52107],[5.76247,50.52099],[5.76261,50.52103],[5.76264,50.52113],[5.76251,50.52129]],[[5.76209,50.52104],[5.76204,50.52082],[5.76211,50.52075],[5.7622,50.52084],[5.76209,50.52104]],[[5.83668,50.51727],[5.83613,50.51703],[5.8353,50.51712],[5.83494,50.51707],[5.8346,50.51692],[5.83432,50.51664],[5.83377,50.5163],[5.83285,50.51609],[5.83457,50.51591],[5.83504,50.51596],[5.83564,50.51609],[5.83609,50.5164],[5.83706,50.51667],[5.83754,50.51691],[5.8375,50.51724],[5.83712,50.51733],[5.83668,50.51727]],[[5.76626,50.51699],[5.76624,50.51687],[5.76637,50.51691],[5.76626,50.51699]],[[5.76709,50.517],[5.76704,50.51693],[5.76714,50.51692],[5.76709,50.517]],[[5.76751,50.51532],[5.76743,50.51522],[5.76756,50.51511],[5.76801,50.51526],[5.7679,50.51539],[5.76751,50.51532]],[[5.76709,50.51502],[5.76624,50.51484],[5.76553,50.51438],[5.76508,50.51388],[5.76445,50.51276],[5.7646,50.51213],[5.76509,50.51229],[5.7658,50.51279],[5.76624,50.51294],[5.76677,50.51411],[5.76704,50.51428],[5.76753,50.51437],[5.76762,50.51465],[5.76757,50.51483],[5.76744,50.51494],[5.76709,50.51502]],[[5.89293,50.51427],[5.8929,50.51414],[5.89339,50.51415],[5.89293,50.51427]],[[5.76793,50.51316],[5.76771,50.51305],[5.76752,50.51275],[5.76671,50.51214],[5.76654,50.51219],[5.76636,50.51263],[5.76617,50.51268],[5.76569,50.51246],[5.76522,50.51191],[5.76459,50.5118],[5.76421,50.51077],[5.76385,50.51048],[5.76269,50.51035],[5.76181,50.51036],[5.76127,50.51025],[5.76108,50.50976],[5.76107,50.50943],[5.76135,50.50931],[5.76196,50.50929],[5.76253,50.50936],[5.76316,50.50961],[5.76344,50.50958],[5.76361,50.50937],[5.76354,50.50885],[5.76367,50.50854],[5.76394,50.50847],[5.76454,50.50855],[5.76468,50.50844],[5.76468,50.50826],[5.76418,50.50804],[5.76397,50.50782],[5.76405,50.50766],[5.76441,50.50756],[5.76514,50.50763],[5.76714,50.50842],[5.76841,50.50857],[5.76872,50.50889],[5.76918,50.50912],[5.77071,50.51023],[5.77084,50.51039],[5.77087,50.51059],[5.77071,50.51069],[5.76995,50.51056],[5.76862,50.51],[5.76878,50.50972],[5.76875,50.50967],[5.76795,50.50948],[5.7675,50.50951],[5.76728,50.50986],[5.76729,50.50997],[5.76794,50.51013],[5.76874,50.51044],[5.76928,50.51108],[5.76832,50.51137],[5.76793,50.51165],[5.76807,50.51226],[5.76809,50.51295],[5.76793,50.51316]],[[5.89418,50.5123],[5.89269,50.51218],[5.89196,50.512],[5.89102,50.51191],[5.89061,50.51194],[5.89046,50.51222],[5.89019,50.51228],[5.88916,50.51224],[5.88842,50.51184],[5.88711,50.51171],[5.88671,50.51137],[5.88608,50.51133],[5.88582,50.51137],[5.88576,50.51236],[5.8854,50.5129],[5.88465,50.51272],[5.88358,50.51266],[5.88186,50.5122],[5.87983,50.51189],[5.87957,50.51193],[5.87976,50.51229],[5.87963,50.51303],[5.8791,50.51311],[5.87802,50.51291],[5.87748,50.51249],[5.87729,50.51218],[5.87671,50.51215],[5.87647,50.51204],[5.87638,50.51191],[5.87643,50.51177],[5.87699,50.51134],[5.87669,50.51109],[5.87639,50.51103],[5.87546,50.51111],[5.87522,50.51132],[5.87506,50.51168],[5.87441,50.51169],[5.87369,50.51184],[5.87354,50.51196],[5.87338,50.51235],[5.87329,50.51242],[5.87251,50.5122],[5.87218,50.51191],[5.87108,50.51196],[5.87104,50.51184],[5.87157,50.51133],[5.87251,50.51109],[5.87363,50.51095],[5.87488,50.51104],[5.87571,50.51054],[5.87535,50.51046],[5.87389,50.51051],[5.87326,50.51041],[5.87264,50.51056],[5.87084,50.51069],[5.87063,50.51051],[5.87076,50.51021],[5.87059,50.50948],[5.87074,50.50931],[5.87087,50.50933],[5.87089,50.50972],[5.87101,50.50992],[5.87167,50.51038],[5.87211,50.50989],[5.87316,50.51015],[5.87488,50.51006],[5.87542,50.50997],[5.87564,50.50967],[5.87588,50.50955],[5.87751,50.50971],[5.87768,50.50949],[5.87766,50.50941],[5.87747,50.50936],[5.87629,50.50929],[5.87504,50.50884],[5.87332,50.50846],[5.87298,50.50847],[5.87281,50.50858],[5.87319,50.50881],[5.87319,50.50893],[5.87246,50.5093],[5.87196,50.5093],[5.87151,50.50914],[5.87091,50.50856],[5.86944,50.50777],[5.86964,50.50767],[5.87056,50.50761],[5.87377,50.50807],[5.87567,50.50804],[5.87507,50.50798],[5.87483,50.50768],[5.87448,50.50749],[5.8749,50.50715],[5.87454,50.50668],[5.87404,50.50654],[5.8729,50.50673],[5.8725,50.50634],[5.87101,50.50607],[5.87124,50.50578],[5.87212,50.50581],[5.87182,50.50555],[5.8718,50.50517],[5.87122,50.50475],[5.87146,50.50418],[5.87101,50.50393],[5.87101,50.50383],[5.87198,50.50357],[5.87338,50.50333],[5.87458,50.50285],[5.87505,50.50255],[5.87596,50.50263],[5.8762,50.50278],[5.87631,50.50303],[5.87722,50.50302],[5.87697,50.50276],[5.87637,50.50247],[5.87639,50.50198],[5.87623,50.50167],[5.87585,50.50161],[5.87534,50.50168],[5.87537,50.50132],[5.87519,50.50103],[5.87458,50.50055],[5.87396,50.5003],[5.87376,50.50013],[5.87181,50.49993],[5.87097,50.49974],[5.8691,50.49963],[5.86742,50.49915],[5.86696,50.4991],[5.86667,50.49915],[5.86678,50.49941],[5.86685,50.49996],[5.86716,50.50054],[5.86705,50.50099],[5.86664,50.50122],[5.86582,50.50116],[5.86498,50.50126],[5.86417,50.50114],[5.86377,50.50095],[5.86296,50.50077],[5.86163,50.5],[5.86092,50.49977],[5.86041,50.49971],[5.85959,50.4989],[5.85823,50.49843],[5.85793,50.49818],[5.8575,50.49859],[5.85748,50.49889],[5.85733,50.49913],[5.85623,50.49938],[5.85545,50.49931],[5.85453,50.49946],[5.85373,50.4992],[5.85223,50.49929],[5.85149,50.49902],[5.85092,50.49901],[5.85037,50.49916],[5.85085,50.49969],[5.85105,50.50003],[5.85111,50.50028],[5.851,50.5005],[5.85088,50.50059],[5.85035,50.50062],[5.84987,50.50079],[5.84876,50.50165],[5.84851,50.50194],[5.84834,50.50271],[5.84797,50.50305],[5.84754,50.50275],[5.84709,50.5027],[5.84708,50.50305],[5.84752,50.50332],[5.84719,50.50394],[5.84686,50.50402],[5.84573,50.50371],[5.84457,50.50313],[5.84446,50.503],[5.84446,50.50246],[5.8448,50.50216],[5.8454,50.50202],[5.84634,50.50213],[5.84667,50.50201],[5.84672,50.50189],[5.84416,50.50127],[5.84341,50.50072],[5.84249,50.50042],[5.84189,50.50005],[5.84164,50.49943],[5.8421,50.49915],[5.8421,50.49885],[5.84191,50.49833],[5.84167,50.49804],[5.84127,50.49773],[5.84038,50.49734],[5.84024,50.49687],[5.83974,50.49639],[5.83959,50.49609],[5.84121,50.49577],[5.84144,50.49558],[5.84162,50.49518],[5.84217,50.49498],[5.84224,50.49468],[5.84166,50.49443],[5.8416,50.4939],[5.84186,50.4935],[5.84205,50.49302],[5.84223,50.49298],[5.84289,50.49305],[5.84332,50.49332],[5.84436,50.49335],[5.84537,50.49368],[5.84703,50.49393],[5.84785,50.49375],[5.84842,50.49378],[5.84877,50.49387],[5.84922,50.49413],[5.84993,50.49427],[5.85066,50.49456],[5.85157,50.49474],[5.85279,50.49512],[5.853,50.49521],[5.85352,50.4958],[5.85424,50.4963],[5.85571,50.49694],[5.85601,50.49721],[5.85661,50.4975],[5.85706,50.49782],[5.85774,50.49797],[5.85923,50.49746],[5.85996,50.49757],[5.86043,50.49804],[5.86102,50.4982],[5.86316,50.49838],[5.86399,50.4983],[5.86502,50.49837],[5.8663,50.49757],[5.86681,50.49737],[5.8679,50.4973],[5.86877,50.49748],[5.86908,50.49722],[5.86912,50.49692],[5.86949,50.49649],[5.86951,50.49635],[5.86936,50.49604],[5.86951,50.49579],[5.86993,50.49561],[5.87045,50.49557],[5.87087,50.49542],[5.87123,50.49563],[5.8718,50.4958],[5.87212,50.49611],[5.87197,50.49638],[5.87124,50.49664],[5.87079,50.49722],[5.87155,50.49744],[5.87209,50.49748],[5.87308,50.49799],[5.87474,50.4983],[5.87449,50.49862],[5.87447,50.49884],[5.87455,50.49895],[5.87499,50.49893],[5.87561,50.49872],[5.87708,50.49894],[5.8779,50.49892],[5.87842,50.4991],[5.87988,50.49928],[5.88048,50.49954],[5.88126,50.49964],[5.88263,50.49996],[5.88277,50.50028],[5.88293,50.50038],[5.88394,50.50029],[5.88587,50.50082],[5.88651,50.50135],[5.88653,50.50177],[5.88673,50.50216],[5.88689,50.50271],[5.88684,50.50303],[5.88645,50.50337],[5.88649,50.50361],[5.88669,50.50385],[5.88758,50.50439],[5.88919,50.50498],[5.88956,50.5052],[5.88993,50.50589],[5.89034,50.50619],[5.89102,50.50628],[5.89201,50.50616],[5.8927,50.50639],[5.89298,50.5066],[5.89316,50.50687],[5.89335,50.50786],[5.89369,50.50814],[5.89418,50.5083]],[[5.75709,50.51289],[5.75672,50.51274],[5.7565,50.51255],[5.75644,50.51239],[5.75653,50.51219],[5.75742,50.51187],[5.75799,50.51193],[5.75817,50.51222],[5.75802,50.51249],[5.75753,50.51282],[5.75709,50.51289]],[[5.87293,50.51286],[5.87293,50.51273],[5.87293,50.51286]],[[5.87043,50.51222],[5.87038,50.5122],[5.87043,50.51222]],[[5.87751,50.51142],[5.87721,50.51136],[5.8776,50.51122],[5.87793,50.51097],[5.87861,50.51136],[5.87751,50.51142]],[[5.87043,50.51091],[5.87028,50.51083],[5.87033,50.51073],[5.87047,50.51071],[5.8706,50.51078],[5.87043,50.51091]],[[5.88334,50.51086],[5.88371,50.51053],[5.88534,50.51045],[5.88554,50.51053],[5.88426,50.51065],[5.88378,50.51088],[5.88334,50.51086]],[[5.87626,50.5103],[5.87616,50.51026],[5.87627,50.51023],[5.87626,50.5103]],[[5.88043,50.51029],[5.88163,50.51012],[5.88186,50.50998],[5.88096,50.50966],[5.87902,50.50916],[5.87801,50.50858],[5.87779,50.50837],[5.87774,50.50819],[5.87785,50.50774],[5.87858,50.50763],[5.88061,50.50772],[5.88251,50.50812],[5.88374,50.50825],[5.88385,50.50833],[5.88347,50.50865],[5.88354,50.50889],[5.88512,50.50942],[5.88446,50.50957],[5.88379,50.50953],[5.88335,50.5094],[5.88296,50.50943],[5.8827,50.50972],[5.88308,50.51],[5.8825,50.51018],[5.88205,50.51045],[5.88043,50.51029]],[[5.88626,50.51027],[5.88645,50.51026],[5.88626,50.51027]],[[5.87459,50.50944],[5.87538,50.50936],[5.8756,50.50943],[5.87538,50.50954],[5.87459,50.50944]],[[5.87043,50.50938],[5.87019,50.50922],[5.87016,50.50913],[5.8704,50.50904],[5.87063,50.50911],[5.87065,50.5092],[5.87043,50.50938]],[[5.87418,50.50919],[5.87413,50.50915],[5.87421,50.50914],[5.87418,50.50919]],[[5.87001,50.50909],[5.86986,50.50886],[5.87012,50.50887],[5.87001,50.50909]],[[5.88501,50.50888],[5.88449,50.50859],[5.88472,50.50858],[5.88507,50.50887],[5.88501,50.50888]],[[5.86918,50.50865],[5.86887,50.50859],[5.86948,50.50859],[5.86918,50.50865]],[[5.77626,50.50844],[5.77594,50.50821],[5.77526,50.50806],[5.77518,50.50795],[5.77519,50.5078],[5.77538,50.50772],[5.77574,50.50777],[5.77638,50.50802],[5.77681,50.50831],[5.77626,50.50844]],[[5.86793,50.50841],[5.86785,50.50823],[5.86792,50.50801],[5.86822,50.50806],[5.86879,50.50832],[5.8687,50.50854],[5.86793,50.50841]],[[5.88376,50.50783],[5.88367,50.50776],[5.88395,50.50776],[5.88376,50.50783]],[[5.76334,50.50758],[5.76314,50.50751],[5.76313,50.50744],[5.76328,50.50733],[5.7634,50.50734],[5.76349,50.50748],[5.76334,50.50758]],[[5.79915,50.47109],[5.79934,50.47156],[5.79982,50.47193],[5.80035,50.47223],[5.80169,50.47275],[5.80295,50.47307],[5.80431,50.47295],[5.80592,50.47354],[5.80886,50.47603],[5.80941,50.47634],[5.80939,50.47645],[5.80884,50.47695],[5.80873,50.47718],[5.80895,50.47754],[5.80918,50.4782],[5.8096,50.47886],[5.81057,50.47958],[5.81087,50.48049],[5.81178,50.4814],[5.81166,50.48166],[5.81171,50.48249],[5.80981,50.48327],[5.80971,50.4834],[5.80963,50.48389],[5.80936,50.48416],[5.81003,50.48433],[5.8104,50.48459],[5.81049,50.48476],[5.81035,50.48526],[5.81051,50.4855],[5.81188,50.48658],[5.81214,50.48692],[5.81423,50.48826],[5.81464,50.48883],[5.8152,50.4893],[5.81523,50.48947],[5.81506,50.4896],[5.81457,50.48943],[5.81491,50.48969],[5.815,50.48999],[5.81559,50.4906],[5.8162,50.49172],[5.81657,50.49193],[5.81656,50.49222],[5.81681,50.49248],[5.8175,50.49285],[5.81792,50.49291],[5.81831,50.49313],[5.81919,50.49339],[5.82023,50.49412],[5.82092,50.49438],[5.82165,50.49508],[5.82169,50.49527],[5.82158,50.49569],[5.82117,50.49608],[5.82103,50.49665],[5.82021,50.49722],[5.81959,50.49803],[5.81959,50.49829],[5.81977,50.49864],[5.81967,50.49893],[5.8195,50.499],[5.81863,50.49898],[5.81823,50.49913],[5.81844,50.49941],[5.81893,50.4997],[5.81888,50.49996],[5.81754,50.5001],[5.81709,50.49994],[5.81661,50.50001],[5.816,50.49971],[5.81607,50.49945],[5.816,50.49934],[5.81529,50.49914],[5.81503,50.49887],[5.81453,50.49882],[5.81408,50.49895],[5.81334,50.49887],[5.81198,50.49831],[5.81069,50.49752],[5.81052,50.4972],[5.80951,50.49681],[5.80856,50.49611],[5.80789,50.49583],[5.807,50.49506],[5.80669,50.49452],[5.80623,50.49451],[5.80604,50.49441],[5.80566,50.49391],[5.80516,50.49364],[5.80506,50.49337],[5.80529,50.49305],[5.80646,50.49222],[5.80651,50.49198],[5.80633,50.49164],[5.80598,50.49135],[5.80577,50.4909],[5.80528,50.4903],[5.80495,50.49],[5.80456,50.48981],[5.802,50.48921],[5.8016,50.48901],[5.8012,50.48838],[5.80074,50.48806],[5.80101,50.48774],[5.80037,50.48752],[5.79995,50.48722],[5.79983,50.48698],[5.79978,50.48642],[5.79963,50.48608],[5.79882,50.48528],[5.79786,50.48448],[5.79797,50.48414],[5.79745,50.48397],[5.79696,50.48361],[5.79687,50.48305],[5.79672,50.48273],[5.79598,50.48266],[5.79571,50.48256],[5.79565,50.48229],[5.79591,50.4819],[5.79554,50.48167],[5.79532,50.48136],[5.79464,50.48079],[5.79305,50.4797],[5.79206,50.47943],[5.79176,50.47911],[5.79108,50.47907],[5.79083,50.47912],[5.79068,50.47939],[5.79048,50.47948],[5.79001,50.47933],[5.78926,50.47947],[5.7883,50.47939],[5.78571,50.47978],[5.78539,50.47991],[5.78524,50.48048],[5.78503,50.4806],[5.7846,50.48035],[5.78419,50.47997],[5.78348,50.47988],[5.78299,50.48001],[5.78254,50.48027],[5.78207,50.48029],[5.7817,50.4804],[5.78127,50.48082],[5.78076,50.48105],[5.78071,50.48138],[5.7804,50.48163],[5.78,50.4817],[5.77959,50.4816],[5.77892,50.48192],[5.7792,50.48208],[5.77963,50.48268],[5.77957,50.48301],[5.77929,50.48316],[5.77873,50.48328],[5.77759,50.48313],[5.77629,50.48353],[5.7746,50.48426],[5.77436,50.48443],[5.77417,50.48475],[5.77325,50.48508],[5.77164,50.48544],[5.76955,50.48649],[5.76747,50.48718],[5.7671,50.48749],[5.76673,50.4883],[5.76691,50.48875],[5.76693,50.48917],[5.76752,50.48953],[5.76766,50.48976],[5.76779,50.49033],[5.76835,50.4908],[5.7688,50.4913],[5.76902,50.49175],[5.76926,50.49187],[5.76961,50.49192],[5.77248,50.49418],[5.77263,50.49448],[5.77255,50.49569],[5.77298,50.49611],[5.77286,50.49665],[5.77333,50.49706],[5.7738,50.49716],[5.77365,50.49747],[5.77378,50.49777],[5.77359,50.49805],[5.77331,50.49825],[5.7717,50.49895],[5.77107,50.49946],[5.77047,50.50017],[5.76999,50.50062],[5.76947,50.50065],[5.76918,50.50053],[5.76879,50.5002],[5.76792,50.49998],[5.76812,50.49967],[5.76851,50.49941],[5.76835,50.49905],[5.76795,50.49899],[5.7666,50.49903],[5.76625,50.49914],[5.76587,50.49948],[5.7649,50.50074],[5.76359,50.50166],[5.76287,50.50192],[5.7625,50.50194],[5.76201,50.50181],[5.76169,50.50184],[5.76196,50.50309],[5.762,50.50375],[5.7619,50.50396],[5.76168,50.50415],[5.76134,50.50424],[5.75941,50.50437],[5.75915,50.50441],[5.75912,50.50449],[5.75917,50.50471],[5.76001,50.50501],[5.76018,50.50497],[5.76048,50.50472],[5.76083,50.50467],[5.76171,50.50467],[5.76208,50.50476],[5.76229,50.50491],[5.76238,50.50507],[5.76257,50.50635],[5.76275,50.50684],[5.76249,50.50719],[5.76206,50.50729],[5.76165,50.50721],[5.76129,50.50688],[5.76038,50.50659],[5.75993,50.50657],[5.75954,50.5068],[5.75827,50.50665],[5.7586,50.50638],[5.75866,50.50615],[5.75854,50.50605],[5.75749,50.50582],[5.75732,50.50562],[5.7571,50.50514],[5.75677,50.50469],[5.75692,50.50389],[5.75679,50.50353],[5.75626,50.50325],[5.75542,50.50307],[5.75522,50.50272],[5.75453,50.5025],[5.75418,50.50231],[5.75339,50.50219],[5.75247,50.50191],[5.75257,50.50184],[5.75333,50.50173],[5.75365,50.50156],[5.75438,50.50086],[5.75455,50.50052],[5.7556,50.49999],[5.75584,50.4997],[5.75537,50.49916],[5.75536,50.49903],[5.75543,50.49858],[5.75563,50.49887],[5.7559,50.49887],[5.75597,50.49802],[5.75633,50.49696],[5.75612,50.49628],[5.75623,50.49555],[5.7562,50.49521],[5.75625,50.49496],[5.7567,50.49478],[5.75678,50.49458],[5.75682,50.49368],[5.75664,50.49275],[5.75665,50.49227],[5.75684,50.49184],[5.75687,50.49146],[5.7568,50.49111],[5.75645,50.49086],[5.75629,50.49053],[5.75577,50.49027],[5.75548,50.48994],[5.75491,50.48975],[5.75456,50.48944],[5.75466,50.48918],[5.75493,50.48889],[5.75493,50.48858],[5.75585,50.48863],[5.75752,50.48928],[5.75794,50.48957],[5.7586,50.49021],[5.75882,50.49062],[5.75998,50.49082],[5.76045,50.49079],[5.76149,50.49102],[5.76213,50.49103],[5.76295,50.49133],[5.76326,50.4913],[5.76377,50.49105],[5.76463,50.49082],[5.76422,50.48996],[5.76376,50.48943],[5.76252,50.48928],[5.76249,50.48911],[5.76275,50.48861],[5.76259,50.48833],[5.76207,50.48806],[5.76169,50.48761],[5.76095,50.48716],[5.76048,50.48662],[5.75876,50.48526],[5.75786,50.48508],[5.75712,50.48475],[5.75639,50.4848],[5.75582,50.48473],[5.75505,50.48441],[5.7546,50.48413],[5.75378,50.48413],[5.75287,50.48438],[5.75253,50.48473],[5.75222,50.48488],[5.75126,50.48488],[5.74988,50.48554],[5.74956,50.48561],[5.74918,50.48556],[5.74859,50.48527],[5.74839,50.4847],[5.74786,50.48451],[5.74762,50.4842],[5.74751,50.48387],[5.74708,50.48364],[5.74678,50.48326],[5.74625,50.48295],[5.74527,50.48278],[5.74501,50.4824],[5.745,50.48192],[5.74522,50.48149],[5.74505,50.48108],[5.74505,50.48083],[5.74557,50.47996],[5.74542,50.47942],[5.74594,50.47864],[5.74597,50.47826],[5.74628,50.47779],[5.74738,50.47697],[5.74756,50.47645],[5.7479,50.47606],[5.74879,50.47572],[5.7505,50.47569],[5.75082,50.47572],[5.75217,50.47626],[5.75325,50.4764],[5.75388,50.4764],[5.75548,50.47619],[5.75585,50.47554],[5.75517,50.47496],[5.75536,50.47417],[5.75531,50.47382],[5.75538,50.47357],[5.75563,50.47329],[5.7563,50.47307],[5.75677,50.47265],[5.75781,50.47222],[5.7579,50.47212],[5.75799,50.47165],[5.75877,50.47109]],[[5.76959,50.50471],[5.76929,50.50466],[5.76911,50.50455],[5.76883,50.5038],[5.7679,50.50342],[5.76769,50.50326],[5.76747,50.50267],[5.76741,50.50219],[5.76746,50.5019],[5.76816,50.50169],[5.76884,50.50171],[5.76955,50.50195],[5.77013,50.50246],[5.77091,50.50389],[5.77042,50.50442],[5.76999,50.50462],[5.76959,50.50471]],[[5.75751,50.50458],[5.75737,50.5044],[5.75755,50.50423],[5.75778,50.50443],[5.75751,50.50458]],[[5.75584,50.50252],[5.75584,50.50247],[5.75584,50.50252]],[[5.75876,50.50173],[5.75868,50.50161],[5.75875,50.50105],[5.75894,50.50099],[5.75951,50.50099],[5.76103,50.50136],[5.7604,50.50144],[5.75982,50.50166],[5.75876,50.50173]],[[5.81501,50.49971],[5.81513,50.4997],[5.81501,50.49971]],[[5.81459,50.49917],[5.8145,50.49914],[5.81472,50.49914],[5.81459,50.49917]],[[5.85251,50.49844],[5.8524,50.4983],[5.85346,50.49832],[5.85325,50.49846],[5.85251,50.49844]],[[5.78209,50.49753],[5.78122,50.49692],[5.78043,50.49665],[5.78008,50.49698],[5.77977,50.49704],[5.77788,50.49672],[5.77778,50.49659],[5.77802,50.49563],[5.77798,50.49543],[5.77757,50.49523],[5.77667,50.49497],[5.77711,50.49465],[5.77905,50.49529],[5.78061,50.49514],[5.78103,50.4952],[5.7811,50.49529],[5.78097,50.49555],[5.78107,50.49572],[5.7812,50.49583],[5.78164,50.49589],[5.78197,50.49607],[5.78254,50.49662],[5.78264,50.4968],[5.78269,50.49712],[5.78259,50.49735],[5.78246,50.49746],[5.78209,50.49753]],[[5.75584,50.49283],[5.75585,50.49267],[5.7559,50.49276],[5.75584,50.49283]],[[5.75543,50.49175],[5.75542,50.49159],[5.75543,50.49175]],[[5.89418,50.49158],[5.89355,50.491],[5.89348,50.49059],[5.89359,50.48983],[5.89325,50.48945],[5.89252,50.48898],[5.8916,50.48863],[5.89139,50.48827],[5.89101,50.48803],[5.89036,50.48777],[5.88967,50.48771],[5.88927,50.48759],[5.88875,50.48721],[5.88788,50.48681],[5.88696,50.48669],[5.88692,50.48661],[5.88717,50.48635],[5.88585,50.48547],[5.88545,50.4854],[5.88502,50.48554],[5.8841,50.4856],[5.88406,50.48545],[5.88428,50.48499],[5.88388,50.48471],[5.88382,50.48437],[5.88333,50.48388],[5.88213,50.48323],[5.88039,50.48263],[5.87917,50.48248],[5.87873,50.48234],[5.87806,50.48234],[5.87786,50.48238],[5.87769,50.48254],[5.87748,50.48294],[5.87717,50.4833],[5.8771,50.4836],[5.87644,50.48373],[5.87617,50.48371],[5.87605,50.48354],[5.87634,50.48331],[5.87584,50.48298],[5.8753,50.48289],[5.87459,50.48314],[5.87375,50.48324],[5.87332,50.48385],[5.87286,50.48389],[5.87268,50.48337],[5.87243,50.48305],[5.87252,50.48275],[5.87215,50.48243],[5.8723,50.48163],[5.87188,50.48114],[5.87183,50.4808],[5.87167,50.4807],[5.87123,50.48066],[5.87087,50.4804],[5.87043,50.48054],[5.87028,50.48038],[5.87028,50.48021],[5.87086,50.48012],[5.87095,50.47993],[5.86886,50.47826],[5.8685,50.47767],[5.86849,50.4775],[5.86865,50.47726],[5.8686,50.47713],[5.86828,50.47694],[5.86759,50.47675],[5.86629,50.47673],[5.86588,50.47664],[5.86538,50.47638],[5.86536,50.47604],[5.86564,50.47555],[5.86578,50.47494],[5.86605,50.47455],[5.86632,50.47365],[5.86617,50.47309],[5.86578,50.4727],[5.86468,50.47263],[5.86415,50.47279],[5.86372,50.47249],[5.86336,50.47239],[5.86186,50.47235],[5.86056,50.47255],[5.85973,50.47302],[5.85917,50.47308],[5.85877,50.47286],[5.85834,50.47276],[5.85857,50.47246],[5.85837,50.47217],[5.85759,50.4725],[5.8566,50.47246],[5.85578,50.47222],[5.85544,50.4719],[5.85513,50.47211],[5.85488,50.47213],[5.85386,50.47154],[5.85337,50.47133],[5.85317,50.47136],[5.85311,50.47146],[5.85321,50.47191],[5.85299,50.47221],[5.85176,50.47233],[5.85137,50.47248],[5.852,50.4731],[5.8526,50.47414],[5.85242,50.47423],[5.85162,50.4743],[5.85116,50.47462],[5.85111,50.47479],[5.85121,50.47504],[5.85153,50.47526],[5.85163,50.47545],[5.85154,50.4756],[5.85111,50.47581],[5.85108,50.476],[5.85169,50.47677],[5.85208,50.47701],[5.85249,50.47744],[5.85294,50.4777],[5.85293,50.47778],[5.85232,50.47796],[5.8522,50.47816],[5.85229,50.47836],[5.85253,50.4786],[5.85295,50.47878],[5.85355,50.47887],[5.85305,50.47914],[5.85302,50.4793],[5.85315,50.47955],[5.85374,50.48009],[5.85426,50.48019],[5.85461,50.48055],[5.85418,50.48061],[5.85375,50.48047],[5.85355,50.48056],[5.85331,50.4808],[5.85358,50.48112],[5.85337,50.48137],[5.85217,50.48147],[5.8516,50.4816],[5.85056,50.48159],[5.85033,50.48153],[5.84999,50.48127],[5.84949,50.48128],[5.84934,50.4814],[5.84941,50.48167],[5.84917,50.48181],[5.84883,50.4822],[5.84868,50.48222],[5.84831,50.48218],[5.84745,50.4817],[5.84737,50.48139],[5.8475,50.48109],[5.84812,50.48089],[5.8482,50.48082],[5.84817,50.48069],[5.84799,50.48052],[5.84746,50.48031],[5.84669,50.4797],[5.8462,50.47924],[5.84593,50.47881],[5.84557,50.47852],[5.84506,50.47835],[5.84264,50.47794],[5.84129,50.47746],[5.84113,50.47718],[5.8413,50.47662],[5.841,50.4758],[5.84042,50.475],[5.84027,50.47443],[5.83962,50.47401],[5.83951,50.47404],[5.83927,50.47437],[5.83913,50.47522],[5.83936,50.47537],[5.84002,50.47554],[5.84028,50.4758],[5.84034,50.47612],[5.8405,50.47638],[5.84029,50.47721],[5.83997,50.47744],[5.83956,50.47757],[5.8393,50.47747],[5.83935,50.47724],[5.83927,50.47714],[5.83872,50.47713],[5.83752,50.47776],[5.83712,50.47816],[5.83585,50.47818],[5.83564,50.47801],[5.83575,50.47771],[5.83663,50.47765],[5.8368,50.47754],[5.83678,50.4774],[5.83584,50.47689],[5.83521,50.47748],[5.83487,50.47752],[5.83466,50.47717],[5.83378,50.4768],[5.8334,50.47632],[5.83295,50.47608],[5.83242,50.47593],[5.83171,50.47551],[5.83086,50.4747],[5.83031,50.47395],[5.82999,50.47308],[5.83011,50.47276],[5.83007,50.4725],[5.83016,50.47224],[5.83009,50.47213],[5.82988,50.47212],[5.82935,50.47227],[5.82791,50.47279],[5.82659,50.47249],[5.82625,50.47224],[5.82627,50.47191],[5.82571,50.47174],[5.825,50.47192],[5.82386,50.47248],[5.82333,50.47249],[5.82286,50.47224],[5.8225,50.47166],[5.82206,50.47138],[5.82184,50.47109]],[[5.75376,50.49123],[5.75251,50.49081],[5.75181,50.49091],[5.75157,50.49082],[5.75209,50.49053],[5.75274,50.49034],[5.75326,50.49033],[5.75378,50.4905],[5.7544,50.49087],[5.75443,50.49107],[5.75431,50.49121],[5.75409,50.49128],[5.75376,50.49123]],[[5.75043,50.4904],[5.74917,50.48971],[5.7486,50.48913],[5.74899,50.48898],[5.74931,50.48896],[5.75056,50.48928],[5.75191,50.48935],[5.75214,50.48941],[5.75229,50.48962],[5.75226,50.48995],[5.75197,50.49016],[5.75113,50.49043],[5.75043,50.4904]],[[5.81543,50.48974],[5.81525,50.48969],[5.81543,50.48963],[5.81548,50.4897],[5.81543,50.48974]],[[5.88459,50.48778],[5.88451,50.48767],[5.88458,50.48747],[5.88459,50.48778]],[[5.88501,50.48674],[5.88472,50.48664],[5.88497,50.48657],[5.88521,50.48664],[5.88501,50.48674]],[[5.87459,50.48561],[5.87435,50.48552],[5.87457,50.48544],[5.87479,50.48552],[5.87459,50.48561]],[[5.87251,50.48481],[5.87233,50.4847],[5.87249,50.48456],[5.87266,50.48468],[5.87251,50.48481]],[[5.75709,50.48467],[5.75705,50.48442],[5.75719,50.48441],[5.75721,50.48448],[5.75709,50.48467]],[[5.87543,50.48397],[5.87542,50.48386],[5.87588,50.48386],[5.87543,50.48397]],[[5.85168,50.48336],[5.8516,50.48324],[5.85177,50.4831],[5.85207,50.48317],[5.85219,50.4833],[5.85207,50.48338],[5.85168,50.48336]],[[5.85126,50.48253],[5.85114,50.48247],[5.85149,50.48238],[5.85316,50.48222],[5.85335,50.48227],[5.85342,50.48245],[5.85329,50.48257],[5.85285,50.48268],[5.85126,50.48253]],[[5.87418,50.48228],[5.87409,50.48211],[5.8742,50.48171],[5.87449,50.48157],[5.87469,50.4816],[5.87474,50.48177],[5.87463,50.48205],[5.87418,50.48228]],[[5.85001,50.48195],[5.85002,50.48181],[5.8501,50.48191],[5.85001,50.48195]],[[5.85418,50.48143],[5.85389,50.48136],[5.85414,50.48131],[5.85435,50.48136],[5.85418,50.48143]],[[5.78543,50.48088],[5.78543,50.48081],[5.78543,50.48088]],[[5.85418,50.47922],[5.85406,50.47914],[5.85424,50.47912],[5.85418,50.47922]],[[5.85376,50.47752],[5.85366,50.47748],[5.85422,50.47748],[5.85376,50.47752]],[[5.86501,50.47752],[5.86471,50.47733],[5.86474,50.47714],[5.86514,50.47704],[5.86559,50.47719],[5.86539,50.47746],[5.86501,50.47752]],[[5.74834,50.47723],[5.74825,50.4772],[5.74877,50.47691],[5.74834,50.47723]],[[5.79843,50.47109],[5.79829,50.47138],[5.79736,50.47165],[5.79761,50.47214],[5.79758,50.47226],[5.79746,50.4723],[5.79708,50.47221],[5.79738,50.47198],[5.79736,50.47187],[5.7966,50.47165],[5.79659,50.4714],[5.79671,50.47109]],[[5.86168,50.47167],[5.86162,50.47165],[5.86168,50.47167]],[[5.82126,50.4714],[5.82117,50.47137],[5.82135,50.47137],[5.82126,50.4714]]]}},{"type":"Feature","properties":{"ele":400},"geometry":{"type":"MultiLineString","coordinates":[[[5.89418,50.48736],[5.89366,50.48748],[5.89198,50.48705],[5.89141,50.48669],[5.89128,50.48636],[5.89031,50.48578],[5.88963,50.48524],[5.88875,50.48501],[5.88853,50.48468],[5.88751,50.48443],[5.88708,50.48415],[5.88647,50.48395],[5.88595,50.48354],[5.88485,50.48298],[5.88364,50.48201],[5.88336,50.48136],[5.88245,50.48052],[5.88239,50.48017],[5.88251,50.47971],[5.88317,50.47924],[5.88319,50.47911],[5.88304,50.479],[5.88279,50.47894],[5.88123,50.47905],[5.88045,50.47898],[5.87936,50.47939],[5.8778,50.47925],[5.87667,50.47887],[5.87612,50.47827],[5.87508,50.4776],[5.87411,50.47723],[5.87373,50.47687],[5.87235,50.47638],[5.87162,50.4756],[5.87158,50.47514],[5.87139,50.47467],[5.87082,50.47429],[5.87001,50.47415],[5.86961,50.47383],[5.86899,50.47305],[5.86782,50.47109]],[[5.76001,50.48191],[5.75959,50.48165],[5.7595,50.48128],[5.75957,50.48109],[5.7602,50.48075],[5.76027,50.48031],[5.76,50.47998],[5.76035,50.47969],[5.76247,50.47961],[5.76425,50.48026],[5.76375,50.48053],[5.76354,50.4808],[5.76344,50.48112],[5.76298,50.48141],[5.7625,50.4814],[5.76181,50.48121],[5.76123,50.48123],[5.76083,50.48109],[5.76104,50.48142],[5.76091,50.48178],[5.76075,50.48185],[5.76001,50.48191]],[[5.80334,50.481],[5.8032,50.48062],[5.80293,50.48026],[5.80255,50.48018],[5.80222,50.47996],[5.80163,50.47975],[5.80163,50.47968],[5.80217,50.47943],[5.80165,50.47889],[5.80168,50.47873],[5.80242,50.47892],[5.80295,50.47896],[5.80333,50.47912],[5.80352,50.47943],[5.80323,50.47974],[5.80376,50.4799],[5.80431,50.48021],[5.80432,50.48035],[5.80415,50.48063],[5.80374,50.48094],[5.80334,50.481]],[[5.77001,50.48055],[5.76946,50.48032],[5.76884,50.48042],[5.7686,50.48037],[5.76845,50.48023],[5.76841,50.4799],[5.76794,50.4797],[5.76751,50.4794],[5.76785,50.47929],[5.76821,50.47928],[5.76875,50.47956],[5.76988,50.47984],[5.77146,50.48],[5.77126,50.48019],[5.77092,50.48033],[5.77001,50.48055]],[[5.79091,50.47109],[5.79081,50.47134],[5.79055,50.4715],[5.78959,50.47163],[5.78976,50.47187],[5.78972,50.472],[5.78955,50.47206],[5.78912,50.47203],[5.78856,50.47249],[5.78899,50.47331],[5.78961,50.47357],[5.78967,50.47403],[5.78956,50.47429],[5.78926,50.47429],[5.78895,50.47419],[5.78876,50.47384],[5.78845,50.47418],[5.78757,50.47435],[5.78706,50.4746],[5.78545,50.47464],[5.78459,50.4744],[5.78356,50.47468],[5.78334,50.47481],[5.78318,50.4747],[5.78297,50.47436],[5.78274,50.47433],[5.78129,50.47465],[5.78047,50.47501],[5.78023,50.47551],[5.7796,50.47609],[5.77916,50.47602],[5.77876,50.47618],[5.7778,50.47634],[5.77623,50.47592],[5.77504,50.47601],[5.77444,50.47638],[5.77412,50.47685],[5.77398,50.47721],[5.77274,50.47865],[5.77264,50.47885],[5.77264,50.47922],[5.7721,50.47983],[5.77129,50.47942],[5.76997,50.47904],[5.76936,50.47899],[5.76852,50.4791],[5.76817,50.479],[5.76794,50.47886],[5.7677,50.47844],[5.76768,50.47819],[5.76785,50.47778],[5.76762,50.47748],[5.76722,50.47741],[5.76613,50.47741],[5.76574,50.47724],[5.76614,50.47688],[5.76717,50.47645],[5.76726,50.47628],[5.76721,50.47607],[5.76666,50.47607],[5.7659,50.47642],[5.76542,50.47638],[5.76544,50.47609],[5.76502,50.47597],[5.76474,50.47575],[5.76365,50.47528],[5.76322,50.47498],[5.76336,50.47417],[5.76377,50.47388],[5.76402,50.47359],[5.76459,50.47331],[5.76498,50.47324],[5.76506,50.47336],[5.76472,50.47362],[5.76498,50.47388],[5.76801,50.47469],[5.76814,50.47493],[5.76811,50.47531],[5.76852,50.47579],[5.76832,50.47614],[5.76953,50.47702],[5.77067,50.47692],[5.77144,50.47669],[5.77156,50.47659],[5.77162,50.47633],[5.77222,50.47586],[5.77225,50.47552],[5.77193,50.47489],[5.77167,50.47392],[5.77143,50.47357],[5.77052,50.4733],[5.76905,50.4732],[5.76859,50.47329],[5.76853,50.47359],[5.76838,50.47368],[5.76714,50.4737],[5.76635,50.4733],[5.76587,50.47273],[5.76537,50.47255],[5.7651,50.47223],[5.76572,50.47189],[5.76573,50.4717],[5.76561,50.47142],[5.76566,50.4713],[5.76588,50.47116],[5.76645,50.47109]],[[5.80418,50.47974],[5.80413,50.4797],[5.80425,50.4797],[5.80418,50.47974]],[[5.77376,50.47932],[5.77364,50.47914],[5.77378,50.47905],[5.77394,50.47916],[5.77376,50.47932]],[[5.80251,50.47864],[5.80251,50.47847],[5.80251,50.47864]],[[5.80209,50.47836],[5.8015,50.47805],[5.80163,50.47776],[5.8026,50.47804],[5.80242,50.47829],[5.80209,50.47836]],[[5.77459,50.47822],[5.77447,50.47804],[5.77457,50.47787],[5.77504,50.47803],[5.77459,50.47822]],[[5.80084,50.47805],[5.80089,50.47803],[5.80084,50.47805]],[[5.78043,50.47639],[5.78037,50.47637],[5.78051,50.47637],[5.78043,50.47639]]]}},{"type":"Feature","properties":{"ele":450},"geometry":{"type":"MultiLineString","coordinates":[[[5.89418,50.48144],[5.89409,50.48161],[5.89408,50.48208],[5.8939,50.48225],[5.89366,50.48228],[5.89302,50.48194],[5.89323,50.48149],[5.89323,50.48132],[5.89291,50.48084],[5.89263,50.48068],[5.89204,50.48045],[5.89148,50.48051],[5.89146,50.48057],[5.89176,50.48082],[5.89229,50.48109],[5.89163,50.48144],[5.89038,50.48081],[5.88961,50.48021],[5.88899,50.48011],[5.8887,50.47998],[5.88846,50.47941],[5.88853,50.47885],[5.88871,50.47849],[5.88959,50.47832],[5.88999,50.47816],[5.89044,50.47831],[5.89072,50.47878],[5.89077,50.47913],[5.89093,50.47941],[5.89073,50.47977],[5.89081,50.48009],[5.89165,50.47995],[5.89216,50.48005],[5.89235,50.47992],[5.89255,50.47952],[5.89251,50.47915],[5.89172,50.47858],[5.89158,50.47838],[5.8918,50.47805],[5.89167,50.47776],[5.89102,50.47759],[5.89035,50.47762],[5.88889,50.47722],[5.88854,50.47697],[5.88853,50.4768],[5.88882,50.47638],[5.88859,50.47616],[5.88859,50.47605],[5.8896,50.47583],[5.89002,50.47553],[5.88956,50.47572],[5.88868,50.47556],[5.88892,50.47533],[5.88892,50.4752],[5.88861,50.47501],[5.88775,50.47473],[5.88752,50.47438],[5.88708,50.47469],[5.88669,50.47483],[5.88634,50.4749],[5.88577,50.47488],[5.88565,50.47498],[5.88559,50.47532],[5.88529,50.47544],[5.8825,50.47501],[5.88197,50.47473],[5.88066,50.4746],[5.87968,50.47415],[5.87963,50.47403],[5.87975,50.47362],[5.87962,50.47345],[5.87914,50.47332],[5.87878,50.47312],[5.87764,50.47315],[5.8771,50.47288],[5.87638,50.47276],[5.8763,50.47248],[5.87613,50.47225],[5.87542,50.47148],[5.87503,50.47133],[5.87455,50.47142],[5.8741,50.47109]],[[5.89418,50.48063],[5.89368,50.48054],[5.89418,50.48048]],[[5.88959,50.47971],[5.89007,50.4797],[5.88959,50.47971]],[[5.89168,50.47918],[5.89148,50.47914],[5.89185,50.47914],[5.89168,50.47918]],[[5.88959,50.47667],[5.88954,50.47665],[5.88964,50.47665],[5.88959,50.47667]],[[5.89209,50.47559],[5.89211,50.47554],[5.89209,50.47559]],[[5.87959,50.47309],[5.87949,50.47304],[5.87963,50.47303],[5.87959,50.47309]]]}}]}