{"type":"FeatureCollection","features":[{"type":"Feature","properties":{"ele":490},"geometry":{"type":"MultiLineString","coordinates":[[[-0.61118,42.94609],[-0.61087,42.94598],[-0.61064,42.94609]],[[-0.61054,42.94556],[-0.61062,42.94532],[-0.61055,42.94523],[-0.61037,42.94549],[-0.61054,42.94556]]]}},{"type":"Feature","properties":{"ele":510},"geometry":{"type":"MultiLineString","coordinates":[[[-0.61499,42.94609],[-0.61497,42.94574],[-0.61454,42.94528],[-0.61396,42.94498],[-0.61372,42.945],[-0.61373,42.94524],[-0.61417,42.9457],[-0.61468,42.94602],[-0.61491,42.94609]],[[-0.61181,42.94609],[-0.61153,42.94586],[-0.61144,42.94562],[-0.61178,42.94476],[-0.61202,42.94461],[-0.61275,42.94456],[-0.61312,42.9441],[-0.61393,42.94359],[-0.61419,42.94332],[-0.61443,42.94275],[-0.61424,42.94243],[-0.61399,42.94236],[-0.6138,42.94239],[-0.6124,42.94323],[-0.61108,42.94336],[-0.61051,42.94357],[-0.61094,42.94407],[-0.61088,42.9444],[-0.61038,42.94476],[-0.60979,42.94482],[-0.60914,42.94442],[-0.60927,42.94381],[-0.60884,42.94314],[-0.60808,42.94274],[-0.60764,42.9426],[-0.60715,42.94229],[-0.60679,42.94187],[-0.60564,42.94116],[-0.6054,42.94078],[-0.60509,42.9405],[-0.60466,42.94033],[-0.6042,42.93996],[-0.60307,42.93941],[-0.60222,42.93929],[-0.60167,42.93928],[-0.60148,42.93937],[-0.60153,42.93953],[-0.60194,42.9397],[-0.60152,42.93992],[-0.60145,42.94024],[-0.60166,42.94038],[-0.60278,42.94164],[-0.60327,42.94194],[-0.60413,42.9422],[-0.60493,42.94211],[-0.60534,42.94216],[-0.60582,42.94241],[-0.60617,42.94275],[-0.60701,42.94286],[-0.60754,42.94311],[-0.60782,42.94331],[-0.60817,42.94383],[-0.60825,42.94448],[-0.60858,42.945],[-0.60915,42.94553],[-0.60971,42.94579],[-0.61008,42.94609]],[[-0.59998,42.93915],[-0.60025,42.93897],[-0.60072,42.93886],[-0.59995,42.93875],[-0.59977,42.93889],[-0.59966,42.93913],[-0.59998,42.93915]]]}},{"type":"Feature","properties":{"ele":520},"geometry":{"type":"MultiLineString","coordinates":[[[-0.6152,42.94609],[-0.61529,42.94578],[-0.61526,42.9455],[-0.61419,42.94489],[-0.61382,42.94484],[-0.61307,42.94488],[-0.61297,42.94466],[-0.61328,42.94412],[-0.61384,42.94384],[-0.61447,42.94334],[-0.61459,42.94296],[-0.61495,42.94256],[-0.61529,42.94234],[-0.61586,42.9422],[-0.6164,42.94194],[-0.61672,42.94165],[-0.61663,42.94141],[-0.61614,42.94107],[-0.61547,42.94131],[-0.61469,42.94183],[-0.61373,42.94218],[-0.61233,42.94313],[-0.61009,42.94331],[-0.60994,42.94363],[-0.61063,42.94408],[-0.61068,42.94426],[-0.61053,42.94452],[-0.60996,42.94472],[-0.60973,42.94466],[-0.60941,42.94443],[-0.60941,42.94413],[-0.60953,42.94382],[-0.60914,42.94332],[-0.60908,42.94302],[-0.60771,42.94249],[-0.60726,42.94218],[-0.60694,42.94178],[-0.60582,42.94108],[-0.60534,42.94053],[-0.60475,42.94021],[-0.60445,42.93996],[-0.60328,42.93935],[-0.60198,42.9389],[-0.60131,42.93884],[-0.60038,42.93855],[-0.59955,42.93848],[-0.59879,42.93857],[-0.59755,42.93887],[-0.59689,42.93913],[-0.59665,42.93942],[-0.59747,42.93942],[-0.59813,42.93924],[-0.60054,42.93929],[-0.60089,42.93966],[-0.60092,42.93999],[-0.60106,42.94026],[-0.60172,42.94073],[-0.60257,42.94164],[-0.60296,42.94192],[-0.60399,42.94235],[-0.60507,42.94244],[-0.60591,42.94287],[-0.60694,42.943],[-0.60758,42.94326],[-0.60789,42.94361],[-0.60801,42.94405],[-0.60801,42.94447],[-0.60834,42.94497],[-0.60886,42.94554],[-0.60947,42.94578],[-0.60993,42.94609]],[[-0.6144,42.94609],[-0.61408,42.94589],[-0.61369,42.94543],[-0.61284,42.94485],[-0.61233,42.94476],[-0.61192,42.94493],[-0.6116,42.94551],[-0.61164,42.94582],[-0.61212,42.94609]],[[-0.59582,42.93916],[-0.59588,42.93914],[-0.59523,42.93914],[-0.59582,42.93916]],[[-0.59471,42.93894],[-0.59476,42.93885],[-0.59444,42.93857],[-0.59382,42.93832],[-0.59293,42.93772],[-0.59267,42.93766],[-0.59234,42.93775],[-0.59266,42.93822],[-0.59273,42.9386],[-0.59324,42.93886],[-0.59471,42.93894]],[[-0.59193,42.93752],[-0.59194,42.93743],[-0.59155,42.9372],[-0.5918,42.93691],[-0.59156,42.9369],[-0.59137,42.93704],[-0.59114,42.9369],[-0.59101,42.93691],[-0.59109,42.9372],[-0.59135,42.93725],[-0.59163,42.93749],[-0.59193,42.93752]]]}},{"type":"Feature","properties":{"ele":530},"geometry":{"type":"MultiLineString","coordinates":[[[-0.61534,42.94609],[-0.61548,42.94562],[-0.61541,42.94544],[-0.61424,42.94477],[-0.61334,42.94469],[-0.61325,42.94438],[-0.61392,42.94396],[-0.61456,42.94341],[-0.61469,42.94301],[-0.61497,42.94268],[-0.61554,42.94239],[-0.61614,42.94222],[-0.61726,42.94165],[-0.61754,42.94093],[-0.61749,42.94053],[-0.61665,42.94053],[-0.61562,42.94082],[-0.61469,42.94153],[-0.61358,42.94211],[-0.6126,42.94286],[-0.61223,42.94306],[-0.61083,42.94314],[-0.61,42.94306],[-0.60771,42.94227],[-0.60699,42.94158],[-0.6062,42.94109],[-0.60557,42.94052],[-0.6033,42.93923],[-0.60224,42.93883],[-0.60129,42.93869],[-0.60042,42.93844],[-0.59941,42.93833],[-0.5975,42.9386],[-0.59639,42.93892],[-0.59566,42.93894],[-0.59526,42.93887],[-0.59275,42.93735],[-0.59184,42.93664],[-0.59111,42.93642],[-0.59053,42.93603],[-0.58934,42.93566],[-0.58879,42.93526],[-0.58752,42.93469],[-0.58721,42.93474],[-0.58717,42.93506],[-0.58769,42.93553],[-0.58793,42.93611],[-0.5888,42.93666],[-0.59001,42.93715],[-0.59025,42.93748],[-0.59137,42.93776],[-0.59191,42.93809],[-0.59249,42.93863],[-0.59299,42.93895],[-0.59674,42.93953],[-0.5974,42.93953],[-0.5983,42.93939],[-0.60031,42.93947],[-0.60057,42.93968],[-0.60053,42.93998],[-0.60164,42.94082],[-0.60275,42.94194],[-0.60442,42.94272],[-0.60553,42.94303],[-0.60691,42.94312],[-0.60748,42.94331],[-0.60776,42.94361],[-0.60794,42.94464],[-0.60833,42.94518],[-0.60878,42.94561],[-0.60976,42.94609]],[[-0.61359,42.946],[-0.61373,42.94578],[-0.61362,42.94552],[-0.61274,42.94495],[-0.61217,42.94494],[-0.61181,42.94556],[-0.61184,42.94583],[-0.61222,42.94599],[-0.61288,42.94607],[-0.61359,42.946]],[[-0.61026,42.94447],[-0.61034,42.94438],[-0.61025,42.94414],[-0.60993,42.94403],[-0.60967,42.94411],[-0.60962,42.94436],[-0.60968,42.94447],[-0.60997,42.94454],[-0.61026,42.94447]]]}},{"type":"Feature","properties":{"ele":540},"geometry":{"type":"MultiLineString","coordinates":[[[-0.61546,42.94609],[-0.61563,42.94556],[-0.61548,42.94532],[-0.61427,42.94459],[-0.61359,42.94452],[-0.61346,42.9444],[-0.61389,42.9442],[-0.61468,42.94353],[-0.61484,42.94331],[-0.6149,42.94298],[-0.6151,42.94273],[-0.61761,42.94162],[-0.61791,42.94124],[-0.61798,42.9409],[-0.61795,42.94052],[-0.61806,42.94025],[-0.61549,42.94058],[-0.61524,42.94073],[-0.61502,42.9411],[-0.61417,42.94168],[-0.6136,42.94193],[-0.61242,42.94286],[-0.61168,42.94304],[-0.61051,42.94299],[-0.60782,42.94208],[-0.60696,42.94133],[-0.60497,42.93998],[-0.60339,42.93913],[-0.60212,42.93869],[-0.60063,42.93837],[-0.59948,42.93821],[-0.59608,42.93844],[-0.59552,42.93839],[-0.59438,42.93808],[-0.59257,42.93706],[-0.59192,42.93656],[-0.5912,42.9363],[-0.58925,42.93526],[-0.58801,42.93475],[-0.5876,42.93444],[-0.5875,42.93407],[-0.58713,42.93364],[-0.58668,42.93328],[-0.58639,42.93274],[-0.58617,42.93277],[-0.58632,42.93357],[-0.5867,42.93412],[-0.58672,42.93503],[-0.58694,42.93579],[-0.58732,42.93609],[-0.58833,42.9366],[-0.58862,42.93691],[-0.5897,42.9372],[-0.59033,42.93768],[-0.59115,42.93802],[-0.59219,42.93859],[-0.59272,42.93899],[-0.59309,42.93912],[-0.59677,42.93964],[-0.59899,42.93951],[-0.60008,42.93967],[-0.60037,42.94001],[-0.60161,42.941],[-0.60253,42.94189],[-0.60389,42.94275],[-0.60514,42.94323],[-0.60688,42.94324],[-0.60722,42.94329],[-0.60741,42.94341],[-0.60759,42.94357],[-0.6077,42.94385],[-0.60777,42.94467],[-0.60832,42.94542],[-0.60887,42.94579],[-0.60957,42.94609]],[[-0.61332,42.94591],[-0.61349,42.9458],[-0.61343,42.94557],[-0.61286,42.94517],[-0.6125,42.94506],[-0.61217,42.94517],[-0.61201,42.94555],[-0.6121,42.94582],[-0.61274,42.94596],[-0.61332,42.94591]],[[-0.58582,42.93255],[-0.58589,42.93246],[-0.5856,42.93219],[-0.58492,42.93172],[-0.58472,42.93162],[-0.5846,42.93165],[-0.58466,42.93194],[-0.58498,42.93227],[-0.58547,42.93255],[-0.58582,42.93255]]]}},{"type":"Feature","properties":{"ele":560},"geometry":{"type":"MultiLineString","coordinates":[[[-0.6157,42.94609],[-0.61589,42.94553],[-0.61587,42.94526],[-0.61467,42.94444],[-0.61451,42.94423],[-0.61453,42.94408],[-0.61523,42.94357],[-0.61531,42.94305],[-0.61556,42.94277],[-0.61708,42.94211],[-0.61777,42.94192],[-0.61832,42.94138],[-0.61859,42.94069],[-0.61946,42.94028],[-0.62001,42.93978],[-0.62025,42.93942],[-0.62112,42.93888],[-0.62148,42.93825],[-0.62149,42.93787],[-0.6214,42.93765],[-0.62094,42.93778],[-0.62049,42.93829],[-0.62004,42.93853],[-0.61972,42.93858],[-0.61909,42.93847],[-0.61897,42.93861],[-0.61893,42.93888],[-0.6186,42.93915],[-0.61764,42.93961],[-0.61691,42.93959],[-0.6161,42.93968],[-0.61548,42.93997],[-0.61499,42.94026],[-0.61475,42.94071],[-0.6141,42.94134],[-0.61326,42.94181],[-0.6127,42.94237],[-0.6122,42.9427],[-0.61184,42.94277],[-0.61115,42.94275],[-0.61007,42.94256],[-0.60805,42.94191],[-0.60697,42.94095],[-0.60612,42.94044],[-0.60526,42.93971],[-0.60465,42.93943],[-0.60422,42.93905],[-0.60242,42.93853],[-0.60216,42.93831],[-0.60223,42.93774],[-0.60192,42.93775],[-0.60137,42.93801],[-0.60087,42.93811],[-0.5983,42.93785],[-0.59757,42.93796],[-0.59636,42.93798],[-0.59581,42.93778],[-0.59526,42.9374],[-0.59251,42.93664],[-0.5922,42.93636],[-0.59145,42.936],[-0.59024,42.93556],[-0.58945,42.93505],[-0.58813,42.93455],[-0.58794,42.93441],[-0.5878,42.93357],[-0.58728,42.93325],[-0.58663,42.93249],[-0.58559,42.93161],[-0.58446,42.93091],[-0.58387,42.93025],[-0.58341,42.92999],[-0.5829,42.92946],[-0.58269,42.92916],[-0.5825,42.92857],[-0.58203,42.92797],[-0.58178,42.92745],[-0.58154,42.92664],[-0.58101,42.92607],[-0.58085,42.92549],[-0.58056,42.92534],[-0.58024,42.92548],[-0.58023,42.92581],[-0.58058,42.92666],[-0.58083,42.92774],[-0.5805,42.92905],[-0.58054,42.92941],[-0.58078,42.92999],[-0.58141,42.93016],[-0.58242,42.93059],[-0.58332,42.93136],[-0.58419,42.93191],[-0.58443,42.9322],[-0.58445,42.93249],[-0.58466,42.93308],[-0.5851,42.93331],[-0.58526,42.93354],[-0.58518,42.93388],[-0.58545,42.9342],[-0.58555,42.93469],[-0.58549,42.93496],[-0.58555,42.93522],[-0.58597,42.93555],[-0.58672,42.93602],[-0.58716,42.93638],[-0.58781,42.93664],[-0.58841,42.93713],[-0.58932,42.93749],[-0.58993,42.93792],[-0.5905,42.93821],[-0.59059,42.93829],[-0.59067,42.93861],[-0.59229,42.93936],[-0.59288,42.93947],[-0.59542,42.93956],[-0.59688,42.93982],[-0.59903,42.93971],[-0.59983,42.9399],[-0.60029,42.94023],[-0.60083,42.9408],[-0.60197,42.94159],[-0.60221,42.94192],[-0.60277,42.94235],[-0.60343,42.94304],[-0.60422,42.94323],[-0.60501,42.94373],[-0.60618,42.94346],[-0.60691,42.94347],[-0.60725,42.94354],[-0.60749,42.94413],[-0.60739,42.94447],[-0.60748,42.94498],[-0.60799,42.94559],[-0.60873,42.94609]],[[-0.61276,42.94559],[-0.61281,42.94552],[-0.61257,42.94545],[-0.61239,42.94552],[-0.61249,42.9456],[-0.61276,42.94559]],[[-0.61971,42.9378],[-0.61982,42.93775],[-0.61961,42.93775],[-0.61971,42.9378]],[[-0.62165,42.93729],[-0.62164,42.93709],[-0.62157,42.9372],[-0.62165,42.93729]]]}},{"type":"Feature","properties":{"ele":570},"geometry":{"type":"MultiLineString","coordinates":[[[-0.61582,42.94609],[-0.61613,42.94525],[-0.61556,42.94496],[-0.61489,42.94443],[-0.61468,42.94413],[-0.61526,42.94385],[-0.61545,42.94357],[-0.61555,42.94305],[-0.61584,42.94278],[-0.61718,42.94218],[-0.61789,42.94196],[-0.61835,42.94166],[-0.61862,42.94127],[-0.61879,42.94079],[-0.61941,42.94051],[-0.61989,42.94016],[-0.62047,42.9394],[-0.62128,42.93886],[-0.62164,42.93829],[-0.62182,42.93721],[-0.62177,42.93645],[-0.62184,42.936],[-0.6217,42.93571],[-0.62153,42.93581],[-0.62116,42.93663],[-0.62095,42.93688],[-0.6211,42.9372],[-0.62102,42.93747],[-0.62073,42.93753],[-0.62004,42.93743],[-0.61969,42.9375],[-0.61937,42.93768],[-0.61914,42.93801],[-0.61883,42.93825],[-0.61858,42.93879],[-0.61841,42.93893],[-0.61767,42.93919],[-0.61625,42.93942],[-0.61523,42.93995],[-0.61483,42.94023],[-0.61471,42.94053],[-0.61441,42.94082],[-0.61381,42.94133],[-0.61311,42.94175],[-0.61226,42.94252],[-0.61146,42.94266],[-0.61,42.94241],[-0.60825,42.94186],[-0.60714,42.94087],[-0.60629,42.94038],[-0.60579,42.93987],[-0.60498,42.93942],[-0.60472,42.93912],[-0.60424,42.93878],[-0.60392,42.93867],[-0.6033,42.93859],[-0.603,42.93838],[-0.60252,42.93824],[-0.60243,42.93803],[-0.60255,42.93774],[-0.60236,42.93763],[-0.60198,42.93761],[-0.60076,42.93793],[-0.59899,42.93769],[-0.5975,42.9378],[-0.59646,42.93769],[-0.59581,42.93752],[-0.59528,42.93727],[-0.59386,42.93692],[-0.59307,42.93661],[-0.59272,42.93629],[-0.59155,42.93581],[-0.5903,42.93547],[-0.5895,42.93493],[-0.58819,42.93448],[-0.588,42.93388],[-0.58813,42.93356],[-0.58742,42.93317],[-0.58614,42.93186],[-0.585,42.93106],[-0.58447,42.93052],[-0.58361,42.92991],[-0.58317,42.92945],[-0.58278,42.92857],[-0.58209,42.9276],[-0.58186,42.92675],[-0.58123,42.92609],[-0.58107,42.92554],[-0.58068,42.92498],[-0.58032,42.92414],[-0.58007,42.92406],[-0.57992,42.9241],[-0.57996,42.92557],[-0.58027,42.92634],[-0.58054,42.92747],[-0.58032,42.92867],[-0.58029,42.92961],[-0.58037,42.92992],[-0.58084,42.93045],[-0.58188,42.93057],[-0.58228,42.9307],[-0.58311,42.93135],[-0.58408,42.93198],[-0.58425,42.93223],[-0.58437,42.93334],[-0.58455,42.93362],[-0.58477,42.9344],[-0.58541,42.93529],[-0.58663,42.93609],[-0.5869,42.93639],[-0.58764,42.93676],[-0.58824,42.93721],[-0.58921,42.93769],[-0.58999,42.9383],[-0.59009,42.93859],[-0.59031,42.93885],[-0.59108,42.939],[-0.59192,42.93942],[-0.59292,42.93962],[-0.59531,42.93962],[-0.59691,42.9399],[-0.59903,42.93982],[-0.5997,42.93998],[-0.60006,42.9402],[-0.60025,42.94054],[-0.60069,42.94089],[-0.60188,42.94163],[-0.60217,42.94208],[-0.6028,42.9426],[-0.60308,42.94301],[-0.60331,42.94317],[-0.60418,42.94335],[-0.60452,42.94356],[-0.60472,42.94385],[-0.60494,42.94393],[-0.6061,42.94357],[-0.60693,42.94357],[-0.60714,42.94367],[-0.60728,42.94392],[-0.60723,42.94451],[-0.60736,42.94502],[-0.60775,42.94555],[-0.60839,42.94609]],[[-0.61998,42.93832],[-0.62028,42.93802],[-0.61996,42.93802],[-0.61957,42.9383],[-0.61998,42.93832]]]}},{"type":"Feature","properties":{"ele":580},"geometry":{"type":"MultiLineString","coordinates":[[[-0.616,42.94609],[-0.61613,42.94562],[-0.61641,42.94525],[-0.61581,42.94498],[-0.61514,42.94439],[-0.61523,42.94414],[-0.61559,42.94387],[-0.61574,42.94302],[-0.6163,42.94271],[-0.61806,42.94199],[-0.61849,42.9417],[-0.61913,42.94081],[-0.62009,42.94028],[-0.62057,42.93948],[-0.62115,42.93913],[-0.6217,42.93858],[-0.62186,42.93829],[-0.62185,42.93774],[-0.622,42.93717],[-0.62196,42.93638],[-0.62212,42.93577],[-0.62227,42.93553],[-0.62203,42.93525],[-0.6217,42.93528],[-0.62139,42.93555],[-0.62081,42.93636],[-0.62053,42.93697],[-0.6194,42.93747],[-0.61871,42.93807],[-0.61832,42.93861],[-0.61749,42.93895],[-0.6161,42.93927],[-0.61465,42.94022],[-0.61419,42.94083],[-0.61296,42.94164],[-0.61214,42.9424],[-0.61146,42.94256],[-0.61004,42.94231],[-0.60824,42.94171],[-0.60733,42.94081],[-0.60635,42.94027],[-0.60559,42.93953],[-0.60498,42.93922],[-0.60421,42.93857],[-0.60362,42.93844],[-0.60272,42.93805],[-0.6028,42.93771],[-0.60258,42.93748],[-0.60211,42.93746],[-0.60097,42.93769],[-0.59917,42.93755],[-0.59747,42.93765],[-0.59656,42.93757],[-0.59501,42.93695],[-0.59413,42.9368],[-0.59333,42.93654],[-0.59245,42.93599],[-0.5916,42.93568],[-0.59029,42.93535],[-0.58962,42.93482],[-0.58829,42.93443],[-0.58828,42.9341],[-0.58842,42.93356],[-0.58746,42.93306],[-0.5861,42.93164],[-0.58498,42.93081],[-0.5847,42.93048],[-0.58358,42.9297],[-0.5832,42.92911],[-0.583,42.9286],[-0.58228,42.92763],[-0.5822,42.92748],[-0.58223,42.92719],[-0.58195,42.92658],[-0.58139,42.92606],[-0.58122,42.92552],[-0.58057,42.92415],[-0.58009,42.92384],[-0.57965,42.92383],[-0.57961,42.92412],[-0.57975,42.92489],[-0.57972,42.92551],[-0.58029,42.92751],[-0.58015,42.9285],[-0.58011,42.92968],[-0.58033,42.9305],[-0.58059,42.93066],[-0.58163,42.93065],[-0.58212,42.93075],[-0.58385,42.93194],[-0.58408,42.93221],[-0.58416,42.93246],[-0.58409,42.93371],[-0.5842,42.93439],[-0.58473,42.93477],[-0.58526,42.93531],[-0.58638,42.93608],[-0.58681,42.9365],[-0.58798,42.93724],[-0.58918,42.93785],[-0.58972,42.9383],[-0.5897,42.93859],[-0.58994,42.93886],[-0.59024,42.93902],[-0.59095,42.93912],[-0.59181,42.93952],[-0.59285,42.93975],[-0.5953,42.93969],[-0.59694,42.93999],[-0.59757,42.94003],[-0.59906,42.93993],[-0.59958,42.94008],[-0.59989,42.94026],[-0.60012,42.94059],[-0.60062,42.94104],[-0.6017,42.94162],[-0.60206,42.94216],[-0.60277,42.94274],[-0.60293,42.94308],[-0.60327,42.94333],[-0.6042,42.94357],[-0.60464,42.94399],[-0.60493,42.94411],[-0.60611,42.94368],[-0.60663,42.94369],[-0.607,42.94379],[-0.6071,42.94395],[-0.6071,42.94454],[-0.6072,42.94502],[-0.60776,42.94581],[-0.60811,42.94609]],[[-0.57832,42.92138],[-0.57846,42.92096],[-0.57841,42.9205],[-0.57771,42.91949],[-0.57749,42.91858],[-0.57719,42.91834],[-0.57691,42.91827],[-0.57684,42.91853],[-0.57691,42.91917],[-0.57741,42.91982],[-0.57778,42.92104],[-0.57803,42.92126],[-0.57832,42.92138]]]}},{"type":"Feature","properties":{"ele":590},"geometry":{"type":"MultiLineString","coordinates":[[[-0.61615,42.94609],[-0.61637,42.94554],[-0.61668,42.94525],[-0.6164,42.94504],[-0.6158,42.94478],[-0.61548,42.94443],[-0.61586,42.9439],[-0.61585,42.94333],[-0.61593,42.94307],[-0.61641,42.94279],[-0.61839,42.94195],[-0.6188,42.94168],[-0.61916,42.94138],[-0.61925,42.94107],[-0.61945,42.94083],[-0.62013,42.94052],[-0.62037,42.94033],[-0.62056,42.93976],[-0.62068,42.9396],[-0.62137,42.93914],[-0.62193,42.93859],[-0.62206,42.93829],[-0.62201,42.9376],[-0.62224,42.93696],[-0.6222,42.93633],[-0.6224,42.9358],[-0.62287,42.93524],[-0.62284,42.93495],[-0.62219,42.93488],[-0.62164,42.93513],[-0.62092,42.93588],[-0.62028,42.93693],[-0.61912,42.93747],[-0.61888,42.93776],[-0.61855,42.93794],[-0.61826,42.9383],[-0.61783,42.93861],[-0.61733,42.93867],[-0.61686,42.93847],[-0.6161,42.93897],[-0.61572,42.93943],[-0.61499,42.93985],[-0.61448,42.94024],[-0.61396,42.94086],[-0.61266,42.94164],[-0.61195,42.94228],[-0.61142,42.94245],[-0.61,42.94219],[-0.60833,42.94163],[-0.6075,42.94076],[-0.60661,42.94027],[-0.60555,42.93933],[-0.60502,42.93906],[-0.60427,42.9385],[-0.60368,42.93831],[-0.60318,42.93803],[-0.60307,42.93744],[-0.60233,42.93733],[-0.60115,42.93746],[-0.59913,42.93741],[-0.59743,42.9375],[-0.59656,42.93743],[-0.59525,42.93688],[-0.5933,42.93637],[-0.59314,42.93608],[-0.59278,42.9358],[-0.59041,42.93526],[-0.58982,42.93469],[-0.58877,42.93442],[-0.58873,42.93423],[-0.58888,42.93387],[-0.58888,42.93359],[-0.58751,42.93296],[-0.58627,42.93164],[-0.585,42.93063],[-0.58468,42.93029],[-0.5841,42.93002],[-0.58354,42.9295],[-0.58312,42.92853],[-0.58281,42.92801],[-0.5825,42.92771],[-0.58239,42.92718],[-0.582,42.92638],[-0.58164,42.9261],[-0.58154,42.92593],[-0.58083,42.92433],[-0.58035,42.92386],[-0.57969,42.92353],[-0.57914,42.92293],[-0.57906,42.92335],[-0.57943,42.92413],[-0.57957,42.92489],[-0.57955,42.92558],[-0.58008,42.92749],[-0.57995,42.92982],[-0.58011,42.93074],[-0.58018,42.93082],[-0.58049,42.93085],[-0.58153,42.93075],[-0.58196,42.93079],[-0.58247,42.93109],[-0.58276,42.93138],[-0.58368,42.93193],[-0.58392,42.9322],[-0.58401,42.93253],[-0.58397,42.93329],[-0.58374,42.93395],[-0.58376,42.93439],[-0.58391,42.93459],[-0.58472,42.93494],[-0.58612,42.93609],[-0.58667,42.93663],[-0.58917,42.93801],[-0.58948,42.93829],[-0.58971,42.93886],[-0.59006,42.93913],[-0.5908,42.93928],[-0.59173,42.93965],[-0.59292,42.93989],[-0.59528,42.93977],[-0.59736,42.94013],[-0.59892,42.94004],[-0.59949,42.94018],[-0.59969,42.94029],[-0.60002,42.94072],[-0.60044,42.94108],[-0.60159,42.94167],[-0.60192,42.94221],[-0.60299,42.94332],[-0.60387,42.9436],[-0.60463,42.94419],[-0.60507,42.94422],[-0.60611,42.94379],[-0.6068,42.94386],[-0.60694,42.94409],[-0.60702,42.94485],[-0.60716,42.94528],[-0.60752,42.94579],[-0.60789,42.94609]],[[-0.57859,42.92179],[-0.5787,42.92135],[-0.57866,42.92056],[-0.57799,42.91946],[-0.57788,42.91874],[-0.57757,42.9183],[-0.57694,42.91774],[-0.57657,42.9177],[-0.57647,42.91787],[-0.57654,42.91871],[-0.57677,42.91923],[-0.5773,42.92001],[-0.57757,42.92106],[-0.57824,42.92167],[-0.57859,42.92179]],[[-0.57554,42.91645],[-0.5755,42.91614],[-0.57515,42.91581],[-0.57528,42.91562],[-0.57525,42.91543],[-0.57489,42.91518],[-0.57444,42.91516],[-0.57442,42.91526],[-0.57491,42.9158],[-0.57501,42.91619],[-0.57521,42.91638],[-0.57554,42.91645]],[[-0.57498,42.91558],[-0.57498,42.91549],[-0.57498,42.91558]],[[-0.57359,42.91364],[-0.57369,42.91358],[-0.57357,42.91356],[-0.57359,42.91364]]]}},{"type":"Feature","properties":{"ele":610},"geometry":{"type":"MultiLineString","coordinates":[[[-0.61642,42.94609],[-0.61663,42.94579],[-0.61711,42.94537],[-0.61723,42.94499],[-0.61701,42.94487],[-0.61633,42.94476],[-0.61616,42.94466],[-0.6163,42.94334],[-0.61641,42.94309],[-0.61695,42.94275],[-0.6188,42.94212],[-0.61943,42.94164],[-0.6197,42.94108],[-0.62084,42.94057],[-0.62086,42.93999],[-0.62096,42.93967],[-0.62168,42.93916],[-0.6223,42.93855],[-0.62239,42.93826],[-0.62233,42.93767],[-0.62238,42.93735],[-0.623,42.93635],[-0.62336,42.93609],[-0.62329,42.93551],[-0.62395,42.93496],[-0.62444,42.93443],[-0.62444,42.93413],[-0.62415,42.93378],[-0.62389,42.9337],[-0.62333,42.93397],[-0.62257,42.93398],[-0.62218,42.93412],[-0.6221,42.93444],[-0.62111,42.93526],[-0.62054,42.93587],[-0.6201,42.93668],[-0.61921,42.93727],[-0.61837,42.93762],[-0.61785,42.93774],[-0.61751,42.9377],[-0.61724,42.93744],[-0.61705,42.93737],[-0.61658,42.9374],[-0.61636,42.93758],[-0.61609,42.93801],[-0.61579,42.93888],[-0.61558,42.93924],[-0.61493,42.93961],[-0.61413,42.94023],[-0.61359,42.94081],[-0.61129,42.94215],[-0.61002,42.94196],[-0.60909,42.94167],[-0.60859,42.94142],[-0.60809,42.94105],[-0.60748,42.94041],[-0.60685,42.94005],[-0.60559,42.93905],[-0.60385,42.93799],[-0.60358,42.93776],[-0.60377,42.93746],[-0.60351,42.9372],[-0.60285,42.93708],[-0.60118,42.93721],[-0.59899,42.93717],[-0.5974,42.93725],[-0.59663,42.93716],[-0.59581,42.93693],[-0.59528,42.93667],[-0.59417,42.93629],[-0.59329,42.9357],[-0.59109,42.93498],[-0.59073,42.93447],[-0.59059,42.93405],[-0.58938,42.93331],[-0.58788,42.93291],[-0.58753,42.93273],[-0.58632,42.93142],[-0.5848,42.93015],[-0.58414,42.9298],[-0.58379,42.92945],[-0.58371,42.92902],[-0.58332,42.92813],[-0.58257,42.92684],[-0.58238,42.92632],[-0.58143,42.92508],[-0.58092,42.92418],[-0.58056,42.92382],[-0.57982,42.92331],[-0.57931,42.92245],[-0.57911,42.92186],[-0.57907,42.921],[-0.5785,42.91947],[-0.5786,42.91886],[-0.57838,42.91857],[-0.57775,42.91804],[-0.57698,42.91747],[-0.5764,42.91719],[-0.57621,42.91697],[-0.57604,42.91661],[-0.57584,42.91549],[-0.57569,42.91522],[-0.5754,42.91496],[-0.5751,42.91438],[-0.57458,42.91367],[-0.57431,42.91301],[-0.57427,42.91249],[-0.57415,42.9122],[-0.57363,42.91191],[-0.57249,42.91107],[-0.57194,42.90997],[-0.57154,42.90953],[-0.57096,42.9086],[-0.57092,42.90833],[-0.57109,42.90801],[-0.57113,42.90774],[-0.5709,42.90745],[-0.57082,42.90719],[-0.57025,42.90719],[-0.57002,42.90731],[-0.56998,42.90754],[-0.57024,42.90836],[-0.57025,42.9097],[-0.5705,42.91086],[-0.57046,42.91142],[-0.57024,42.91242],[-0.57027,42.91274],[-0.57052,42.91305],[-0.57174,42.91342],[-0.57295,42.91414],[-0.57364,42.91439],[-0.57423,42.91637],[-0.57527,42.91704],[-0.57608,42.91795],[-0.5762,42.91885],[-0.57705,42.92006],[-0.57745,42.92138],[-0.57832,42.92212],[-0.57872,42.92272],[-0.57875,42.92336],[-0.57916,42.92438],[-0.57929,42.92503],[-0.57927,42.92565],[-0.57968,42.92749],[-0.57958,42.92836],[-0.57973,42.92902],[-0.57961,42.93044],[-0.57931,42.93082],[-0.58097,42.93121],[-0.5816,42.93102],[-0.58202,42.93106],[-0.58248,42.9315],[-0.5831,42.93191],[-0.58322,42.93222],[-0.58363,42.93245],[-0.58354,42.93333],[-0.58311,42.93409],[-0.58306,42.93461],[-0.58316,42.93481],[-0.58337,42.93497],[-0.58417,42.93497],[-0.5847,42.93523],[-0.58501,42.93551],[-0.58541,42.93609],[-0.58604,42.93665],[-0.58707,42.93716],[-0.58782,42.93763],[-0.58884,42.93809],[-0.58913,42.93833],[-0.58972,42.93923],[-0.591,42.93971],[-0.59285,42.9401],[-0.59521,42.93994],[-0.59722,42.94032],[-0.59844,42.94023],[-0.59892,42.94024],[-0.59934,42.94035],[-0.59956,42.94051],[-0.59999,42.94108],[-0.6008,42.94142],[-0.60127,42.94172],[-0.60147,42.94193],[-0.60193,42.94276],[-0.60221,42.94303],[-0.60303,42.9436],[-0.60365,42.94385],[-0.60442,42.94443],[-0.60483,42.94453],[-0.60582,42.94408],[-0.60642,42.9441],[-0.60668,42.94442],[-0.60694,42.94548],[-0.60745,42.94609]]]}},{"type":"Feature","properties":{"ele":620},"geometry":{"type":"MultiLineString","coordinates":[[[-0.61657,42.94609],[-0.61685,42.94578],[-0.61724,42.94554],[-0.6175,42.94498],[-0.61749,42.94469],[-0.61668,42.94463],[-0.61644,42.94433],[-0.6164,42.94409],[-0.61646,42.94385],[-0.61701,42.94333],[-0.61685,42.94302],[-0.61747,42.94265],[-0.61896,42.94226],[-0.61943,42.94192],[-0.62001,42.94109],[-0.62091,42.94079],[-0.62104,42.94048],[-0.62108,42.93969],[-0.62166,42.93934],[-0.6223,42.93877],[-0.62253,42.9383],[-0.6225,42.93767],[-0.62262,42.9372],[-0.62331,42.93636],[-0.62367,42.93609],[-0.6237,42.93583],[-0.62358,42.93553],[-0.62467,42.9344],[-0.62466,42.93412],[-0.62442,42.93359],[-0.62447,42.93328],[-0.62387,42.93328],[-0.62347,42.93351],[-0.62303,42.93358],[-0.62219,42.9339],[-0.6219,42.93412],[-0.62178,42.93452],[-0.62023,42.93606],[-0.61998,42.93664],[-0.61917,42.93721],[-0.61788,42.93758],[-0.61757,42.9375],[-0.6169,42.93714],[-0.61664,42.93711],[-0.61639,42.93721],[-0.61609,42.93773],[-0.61552,42.93913],[-0.61413,42.94008],[-0.61359,42.94063],[-0.61161,42.94183],[-0.61137,42.94195],[-0.61101,42.94197],[-0.60979,42.94182],[-0.60919,42.94161],[-0.60859,42.94129],[-0.60748,42.94026],[-0.60694,42.93997],[-0.60506,42.93851],[-0.60387,42.93776],[-0.60401,42.93742],[-0.60387,42.9372],[-0.60365,42.93709],[-0.60285,42.93696],[-0.60125,42.93709],[-0.59896,42.93703],[-0.5974,42.9371],[-0.59631,42.93694],[-0.59412,42.93614],[-0.59341,42.93565],[-0.59139,42.93459],[-0.59121,42.93442],[-0.59114,42.93412],[-0.58922,42.93302],[-0.58776,42.93275],[-0.58723,42.93231],[-0.58638,42.93134],[-0.58503,42.93022],[-0.58416,42.9297],[-0.58399,42.9295],[-0.58394,42.92907],[-0.58356,42.92831],[-0.58337,42.92771],[-0.58296,42.92721],[-0.58251,42.9261],[-0.58215,42.92583],[-0.58196,42.92551],[-0.58148,42.92497],[-0.58095,42.92411],[-0.57996,42.92331],[-0.57947,42.92249],[-0.57929,42.9219],[-0.57923,42.92108],[-0.57882,42.91997],[-0.57879,42.91899],[-0.57862,42.91858],[-0.57772,42.91787],[-0.57714,42.91747],[-0.57661,42.91722],[-0.57632,42.91697],[-0.57615,42.91659],[-0.57608,42.91578],[-0.57596,42.91534],[-0.57581,42.915],[-0.57472,42.91355],[-0.5745,42.91305],[-0.57446,42.91247],[-0.57433,42.9122],[-0.57413,42.91196],[-0.57305,42.91136],[-0.57274,42.9111],[-0.57255,42.91055],[-0.57165,42.90941],[-0.57118,42.90846],[-0.57128,42.9078],[-0.57121,42.90746],[-0.57108,42.9072],[-0.57073,42.90692],[-0.57063,42.90663],[-0.5704,42.90634],[-0.57053,42.90498],[-0.57072,42.90419],[-0.57077,42.90362],[-0.57092,42.90319],[-0.5709,42.90284],[-0.57055,42.90247],[-0.56994,42.90234],[-0.56987,42.90256],[-0.57008,42.90371],[-0.56988,42.90414],[-0.56962,42.9053],[-0.56978,42.90608],[-0.56968,42.90661],[-0.56976,42.90695],[-0.56974,42.90749],[-0.57032,42.91081],[-0.57031,42.91138],[-0.57002,42.91253],[-0.57006,42.91294],[-0.57025,42.91331],[-0.57197,42.91378],[-0.57344,42.91445],[-0.57361,42.91469],[-0.57395,42.91634],[-0.57432,42.91665],[-0.57522,42.91718],[-0.57581,42.91778],[-0.57597,42.91808],[-0.57604,42.91888],[-0.57701,42.92019],[-0.57718,42.92062],[-0.57721,42.92109],[-0.57737,42.92145],[-0.57749,42.92163],[-0.5782,42.92216],[-0.57864,42.92273],[-0.57864,42.92333],[-0.57916,42.92497],[-0.57915,42.92578],[-0.57939,42.9268],[-0.57929,42.92718],[-0.57943,42.92774],[-0.57933,42.92829],[-0.5796,42.92899],[-0.57956,42.92965],[-0.57938,42.93041],[-0.57901,42.93083],[-0.57941,42.93102],[-0.58007,42.93112],[-0.58107,42.93142],[-0.58167,42.93123],[-0.58199,42.93133],[-0.58257,42.93189],[-0.58271,42.93228],[-0.58309,42.93247],[-0.58319,42.93274],[-0.58313,42.93328],[-0.5829,42.93359],[-0.58265,42.93443],[-0.58247,42.9347],[-0.5832,42.93514],[-0.58389,42.93513],[-0.5843,42.93524],[-0.58448,42.93549],[-0.58469,42.93609],[-0.58574,42.9367],[-0.58686,42.93722],[-0.58717,42.93749],[-0.58863,42.93811],[-0.58891,42.93831],[-0.58943,42.93914],[-0.58975,42.93939],[-0.59111,42.93983],[-0.59264,42.94019],[-0.59511,42.94003],[-0.59712,42.94041],[-0.59837,42.94031],[-0.59924,42.94042],[-0.59945,42.94052],[-0.59994,42.94116],[-0.60088,42.94157],[-0.60121,42.94183],[-0.60193,42.94303],[-0.60342,42.94387],[-0.60431,42.94459],[-0.60483,42.94466],[-0.60587,42.94418],[-0.6064,42.94427],[-0.60666,42.94467],[-0.60674,42.94537],[-0.60729,42.94609]],[[-0.56915,42.90221],[-0.56884,42.90199],[-0.56858,42.90149],[-0.56829,42.90132],[-0.56832,42.90162],[-0.5685,42.90192],[-0.56886,42.9022],[-0.56915,42.90221]]]}},{"type":"Feature","properties":{"ele":630},"geometry":{"type":"MultiLineString","coordinates":[[[-0.61679,42.94609],[-0.61747,42.94551],[-0.6177,42.94471],[-0.61764,42.94445],[-0.61751,42.94431],[-0.61695,42.94439],[-0.61667,42.94426],[-0.6166,42.94413],[-0.61664,42.94385],[-0.61759,42.94359],[-0.61718,42.94303],[-0.61742,42.94274],[-0.61889,42.94248],[-0.61943,42.9422],[-0.61969,42.94185],[-0.62002,42.94164],[-0.6203,42.9411],[-0.62113,42.94084],[-0.62136,42.93969],[-0.62187,42.93936],[-0.62245,42.93882],[-0.62265,42.93829],[-0.6227,42.93756],[-0.62279,42.93725],[-0.62389,42.9361],[-0.62407,42.93527],[-0.62477,42.93452],[-0.62482,42.93419],[-0.62467,42.9336],[-0.62474,42.93332],[-0.62468,42.93317],[-0.62443,42.93301],[-0.62333,42.93315],[-0.62212,42.93378],[-0.62177,42.93411],[-0.62169,42.93445],[-0.62054,42.93553],[-0.61974,42.93659],[-0.61895,42.93721],[-0.61785,42.93741],[-0.61667,42.93688],[-0.61636,42.9369],[-0.61529,42.93915],[-0.61411,42.93996],[-0.61355,42.9405],[-0.61198,42.94149],[-0.61136,42.9418],[-0.6108,42.94186],[-0.6097,42.94172],[-0.60854,42.94113],[-0.60769,42.94027],[-0.60636,42.93943],[-0.6052,42.93841],[-0.60427,42.9378],[-0.60418,42.93731],[-0.60376,42.93697],[-0.60302,42.93683],[-0.60024,42.93696],[-0.59733,42.93691],[-0.59639,42.9368],[-0.59416,42.936],[-0.59368,42.93565],[-0.59158,42.93448],[-0.59143,42.93407],[-0.59078,42.9336],[-0.59023,42.9334],[-0.58889,42.93273],[-0.58806,42.93267],[-0.58767,42.93255],[-0.58601,42.9309],[-0.58487,42.92998],[-0.58434,42.92972],[-0.58411,42.92946],[-0.58413,42.92893],[-0.58361,42.92774],[-0.58312,42.92717],[-0.58287,42.92652],[-0.58282,42.92607],[-0.5823,42.92578],[-0.58161,42.92501],[-0.58107,42.92415],[-0.58011,42.92331],[-0.57992,42.92305],[-0.57954,42.92228],[-0.57943,42.92135],[-0.579,42.9201],[-0.57899,42.9193],[-0.5789,42.91883],[-0.57857,42.91839],[-0.57777,42.91775],[-0.57669,42.91717],[-0.57638,42.91691],[-0.57622,42.91655],[-0.57621,42.91558],[-0.57608,42.91503],[-0.57555,42.9144],[-0.57486,42.91335],[-0.57471,42.91274],[-0.57428,42.91161],[-0.57362,42.91106],[-0.57314,42.91086],[-0.5731,42.91075],[-0.57319,42.91053],[-0.57313,42.91044],[-0.57247,42.91028],[-0.57139,42.90854],[-0.57134,42.90825],[-0.57154,42.90742],[-0.5714,42.90717],[-0.57063,42.90631],[-0.57067,42.90503],[-0.57099,42.90367],[-0.57116,42.90328],[-0.57111,42.90273],[-0.57085,42.90246],[-0.56992,42.90198],[-0.56857,42.90083],[-0.56803,42.90052],[-0.56788,42.90121],[-0.56812,42.90185],[-0.56846,42.90217],[-0.56937,42.90272],[-0.56959,42.90308],[-0.56949,42.90385],[-0.56955,42.90447],[-0.56936,42.90531],[-0.56956,42.90614],[-0.56961,42.90756],[-0.56984,42.9086],[-0.5699,42.90951],[-0.57007,42.91006],[-0.57016,42.91079],[-0.57014,42.91145],[-0.56981,42.91253],[-0.56978,42.91331],[-0.57,42.9135],[-0.57076,42.9138],[-0.57191,42.914],[-0.57309,42.91438],[-0.57338,42.91455],[-0.57351,42.91479],[-0.5737,42.91636],[-0.57405,42.91663],[-0.57503,42.91717],[-0.57582,42.91802],[-0.57587,42.91885],[-0.57694,42.92023],[-0.57711,42.92062],[-0.57715,42.92117],[-0.5773,42.92156],[-0.57807,42.92218],[-0.57852,42.92277],[-0.57855,42.92334],[-0.57905,42.92513],[-0.57907,42.92593],[-0.57926,42.92666],[-0.57925,42.92692],[-0.5791,42.92721],[-0.5793,42.92774],[-0.57911,42.92831],[-0.57945,42.92883],[-0.57949,42.92909],[-0.57944,42.92972],[-0.57918,42.93037],[-0.57903,42.93056],[-0.57859,42.93081],[-0.57913,42.93109],[-0.58031,42.93128],[-0.5811,42.93167],[-0.58163,42.93173],[-0.58194,42.93191],[-0.58207,42.9322],[-0.58175,42.93256],[-0.5816,42.93332],[-0.58168,42.93359],[-0.58223,42.93386],[-0.58211,42.9342],[-0.58213,42.93475],[-0.58302,42.93529],[-0.58366,42.93543],[-0.58395,42.93573],[-0.58412,42.9361],[-0.58501,42.9366],[-0.58663,42.93731],[-0.58737,42.93774],[-0.58862,42.93821],[-0.58893,42.93853],[-0.58921,42.93907],[-0.58955,42.93942],[-0.59248,42.94028],[-0.59483,42.94013],[-0.59705,42.94051],[-0.5984,42.9404],[-0.59919,42.94049],[-0.59992,42.94127],[-0.60082,42.94164],[-0.60111,42.94191],[-0.60165,42.94288],[-0.60187,42.94315],[-0.60328,42.94397],[-0.60384,42.94442],[-0.60418,42.94482],[-0.60445,42.9449],[-0.60472,42.94487],[-0.6058,42.94431],[-0.60639,42.9444],[-0.60652,42.94468],[-0.60659,42.94535],[-0.60714,42.94609]],[[-0.56943,42.91362],[-0.56954,42.91358],[-0.56912,42.91358],[-0.56943,42.91362]]]}},{"type":"Feature","properties":{"ele":640},"geometry":{"type":"MultiLineString","coordinates":[[[-0.61716,42.94609],[-0.6176,42.94556],[-0.61803,42.9444],[-0.61833,42.94387],[-0.61821,42.94356],[-0.61773,42.94334],[-0.61745,42.94299],[-0.61776,42.94275],[-0.61865,42.94271],[-0.61939,42.94244],[-0.6197,42.94211],[-0.62037,42.94172],[-0.62075,42.94109],[-0.62107,42.94103],[-0.62128,42.94085],[-0.62172,42.93973],[-0.62207,42.93944],[-0.6222,42.93914],[-0.62256,42.93891],[-0.62267,42.93874],[-0.62288,42.93756],[-0.62304,42.93719],[-0.62407,42.93611],[-0.62431,42.93522],[-0.62493,42.93464],[-0.62494,42.93419],[-0.62482,42.93364],[-0.62491,42.93326],[-0.62475,42.93247],[-0.62441,42.93262],[-0.62383,42.93244],[-0.62331,42.93275],[-0.6231,42.93304],[-0.62275,42.93329],[-0.62198,42.93373],[-0.62161,42.9341],[-0.62155,42.93443],[-0.62135,42.93468],[-0.62036,42.93558],[-0.61994,42.93607],[-0.61973,42.93643],[-0.61887,42.93712],[-0.61856,42.93722],[-0.61778,42.93722],[-0.61637,42.93664],[-0.6161,42.93694],[-0.61578,42.93788],[-0.6153,42.93889],[-0.6151,42.93912],[-0.61353,42.94035],[-0.61195,42.9414],[-0.61122,42.94171],[-0.6107,42.94178],[-0.60969,42.94165],[-0.60861,42.94106],[-0.60831,42.94081],[-0.6079,42.94026],[-0.60647,42.93942],[-0.60529,42.93828],[-0.60461,42.93781],[-0.60432,42.93722],[-0.60381,42.9368],[-0.60306,42.9367],[-0.60163,42.93684],[-0.59969,42.93683],[-0.59708,42.93674],[-0.59637,42.93664],[-0.59431,42.93591],[-0.59357,42.93536],[-0.59272,42.93504],[-0.59182,42.93444],[-0.59172,42.93411],[-0.59147,42.93386],[-0.58998,42.93303],[-0.58875,42.93255],[-0.58772,42.93237],[-0.58719,42.93195],[-0.58609,42.93081],[-0.58499,42.92995],[-0.58444,42.92966],[-0.58429,42.9294],[-0.5843,42.92885],[-0.58386,42.92778],[-0.58329,42.9272],[-0.58304,42.92637],[-0.58305,42.92608],[-0.5825,42.92579],[-0.58171,42.92499],[-0.58113,42.92413],[-0.58025,42.92332],[-0.57995,42.92289],[-0.57968,42.92223],[-0.57951,42.92118],[-0.5792,42.92044],[-0.57913,42.91998],[-0.57917,42.91937],[-0.57896,42.91875],[-0.57861,42.91829],[-0.57831,42.91804],[-0.57749,42.91747],[-0.57667,42.91707],[-0.57643,42.91685],[-0.5763,42.91652],[-0.57637,42.91553],[-0.57624,42.91496],[-0.57612,42.91469],[-0.57582,42.91442],[-0.57551,42.9139],[-0.57504,42.91331],[-0.57456,42.91204],[-0.57442,42.91121],[-0.57387,42.91054],[-0.57377,42.91021],[-0.57281,42.90998],[-0.57248,42.9097],[-0.57222,42.90905],[-0.5719,42.90869],[-0.57188,42.90835],[-0.57205,42.90804],[-0.57218,42.90726],[-0.57163,42.90703],[-0.57096,42.90638],[-0.5708,42.90526],[-0.5708,42.90496],[-0.57101,42.90413],[-0.57137,42.90331],[-0.57124,42.9027],[-0.5711,42.90247],[-0.57001,42.9019],[-0.56943,42.90136],[-0.56878,42.90022],[-0.56863,42.8994],[-0.56825,42.89895],[-0.56805,42.8983],[-0.56761,42.89792],[-0.56733,42.89795],[-0.56726,42.89812],[-0.56763,42.89865],[-0.56781,42.89966],[-0.56765,42.9003],[-0.56773,42.90143],[-0.56801,42.90196],[-0.56917,42.90274],[-0.56938,42.90315],[-0.56931,42.90492],[-0.56918,42.90548],[-0.56939,42.90621],[-0.56948,42.90753],[-0.5697,42.90861],[-0.56973,42.90958],[-0.56999,42.91023],[-0.57,42.91138],[-0.56961,42.91247],[-0.56955,42.91311],[-0.56942,42.9133],[-0.56883,42.91359],[-0.5692,42.91372],[-0.56993,42.91372],[-0.57063,42.914],[-0.57298,42.91443],[-0.57334,42.91462],[-0.57341,42.91479],[-0.57341,42.9161],[-0.57349,42.91642],[-0.57368,42.9166],[-0.57487,42.9172],[-0.5756,42.91798],[-0.57568,42.91874],[-0.57581,42.91907],[-0.57666,42.92],[-0.57699,42.92048],[-0.57719,42.92165],[-0.57799,42.92225],[-0.57839,42.92272],[-0.57859,42.92416],[-0.57897,42.92524],[-0.57897,42.92596],[-0.57916,42.92663],[-0.57903,42.92721],[-0.57921,42.92776],[-0.57898,42.92829],[-0.57933,42.92881],[-0.57938,42.92919],[-0.57932,42.92968],[-0.57898,42.93031],[-0.57876,42.93053],[-0.57822,42.93082],[-0.5789,42.93114],[-0.58027,42.93136],[-0.58066,42.93163],[-0.58098,42.93246],[-0.58085,42.93301],[-0.58089,42.93336],[-0.58113,42.9338],[-0.58168,42.93412],[-0.58169,42.93468],[-0.58188,42.93498],[-0.5825,42.93522],[-0.58279,42.93551],[-0.58328,42.93568],[-0.5839,42.93624],[-0.58483,42.93676],[-0.58663,42.93748],[-0.58713,42.93777],[-0.5886,42.93831],[-0.58883,42.9386],[-0.5891,42.93914],[-0.58942,42.93948],[-0.5924,42.94037],[-0.59455,42.94021],[-0.59542,42.94029],[-0.59698,42.94059],[-0.59847,42.94048],[-0.59907,42.94057],[-0.59986,42.94135],[-0.60058,42.94163],[-0.60105,42.94201],[-0.6017,42.94321],[-0.60249,42.94358],[-0.6036,42.94441],[-0.60412,42.94514],[-0.60455,42.94513],[-0.60494,42.94495],[-0.60549,42.94453],[-0.60581,42.94442],[-0.60606,42.94444],[-0.60639,42.94466],[-0.60647,42.94537],[-0.60702,42.94609]],[[-0.61693,42.94418],[-0.61705,42.94413],[-0.61692,42.94408],[-0.61693,42.94418]],[[-0.56665,42.89724],[-0.56673,42.89713],[-0.56671,42.8969],[-0.56612,42.89628],[-0.56602,42.89629],[-0.56581,42.89665],[-0.56665,42.89724]],[[-0.56526,42.89554],[-0.56498,42.89525],[-0.56526,42.89554]]]}},{"type":"Feature","properties":{"ele":660},"geometry":{"type":"MultiLineString","coordinates":[[[-0.61768,42.94609],[-0.618,42.94578],[-0.61848,42.9451],[-0.61871,42.94447],[-0.61891,42.9436],[-0.61912,42.94329],[-0.61947,42.94298],[-0.62046,42.94244],[-0.62101,42.94192],[-0.62138,42.94139],[-0.62172,42.94112],[-0.62183,42.94042],[-0.62265,42.93915],[-0.623,42.93884],[-0.62301,42.93827],[-0.62328,42.93745],[-0.62386,42.93663],[-0.62432,42.93624],[-0.62468,42.93523],[-0.62528,42.93471],[-0.62509,42.93364],[-0.62523,42.93319],[-0.62527,42.93248],[-0.62502,42.9322],[-0.62447,42.93177],[-0.6242,42.93169],[-0.62389,42.93176],[-0.62304,42.9322],[-0.62277,42.9329],[-0.62256,42.93309],[-0.622,42.93335],[-0.62167,42.93367],[-0.62134,42.9341],[-0.62128,42.93443],[-0.62107,42.93471],[-0.61968,42.936],[-0.61866,42.93672],[-0.61764,42.93687],[-0.6172,42.93676],[-0.61658,42.93639],[-0.61602,42.93633],[-0.61581,42.93659],[-0.61557,42.9378],[-0.61472,42.93915],[-0.61333,42.94027],[-0.61276,42.94053],[-0.61165,42.94136],[-0.61108,42.94157],[-0.61054,42.94164],[-0.60986,42.94155],[-0.60943,42.94136],[-0.60858,42.94082],[-0.6083,42.94028],[-0.60803,42.94002],[-0.60666,42.93937],[-0.60617,42.93892],[-0.60608,42.93859],[-0.605,42.93773],[-0.60471,42.9372],[-0.60392,42.93649],[-0.60306,42.93638],[-0.60171,42.93665],[-0.59969,42.93661],[-0.5974,42.93647],[-0.59622,42.93626],[-0.59476,42.93572],[-0.5939,42.93519],[-0.59307,42.93493],[-0.59261,42.93462],[-0.59245,42.93443],[-0.59238,42.93413],[-0.59162,42.93361],[-0.59097,42.93334],[-0.59054,42.933],[-0.58913,42.93232],[-0.58798,42.93194],[-0.58756,42.93159],[-0.58692,42.93138],[-0.58608,42.93056],[-0.58467,42.92945],[-0.58475,42.92883],[-0.58418,42.92771],[-0.58359,42.92696],[-0.58342,42.92604],[-0.5825,42.92551],[-0.58191,42.92499],[-0.58024,42.92289],[-0.58005,42.92249],[-0.57976,42.92126],[-0.57946,42.92058],[-0.57947,42.91963],[-0.57924,42.91892],[-0.57906,42.91864],[-0.57855,42.91803],[-0.57777,42.91747],[-0.57668,42.91692],[-0.57651,42.91669],[-0.57647,42.91624],[-0.57667,42.91534],[-0.57653,42.91475],[-0.57601,42.91418],[-0.57582,42.9138],[-0.57537,42.91335],[-0.57519,42.91283],[-0.57484,42.91218],[-0.5747,42.91167],[-0.57481,42.91107],[-0.57514,42.91051],[-0.57489,42.9103],[-0.57474,42.90992],[-0.57453,42.90963],[-0.57382,42.90944],[-0.57354,42.9091],[-0.57355,42.90843],[-0.5739,42.9078],[-0.57393,42.90748],[-0.57309,42.9069],[-0.57193,42.90682],[-0.57122,42.90569],[-0.57109,42.90525],[-0.57109,42.90468],[-0.57125,42.90423],[-0.57174,42.90333],[-0.57146,42.90246],[-0.57005,42.90172],[-0.5697,42.90137],[-0.56956,42.90083],[-0.56988,42.90027],[-0.56991,42.90007],[-0.56941,42.89971],[-0.56957,42.89946],[-0.56954,42.8993],[-0.56915,42.89887],[-0.56872,42.89862],[-0.56783,42.89745],[-0.56748,42.8972],[-0.56675,42.8964],[-0.56637,42.89554],[-0.56454,42.89441],[-0.56445,42.89405],[-0.56455,42.89336],[-0.56452,42.89319],[-0.56443,42.89302],[-0.56417,42.89285],[-0.56396,42.89284],[-0.56378,42.89292],[-0.56367,42.89309],[-0.56369,42.8933],[-0.56416,42.89358],[-0.56441,42.89395],[-0.56438,42.89436],[-0.56412,42.8947],[-0.56431,42.89544],[-0.56554,42.89676],[-0.56635,42.8975],[-0.56698,42.89825],[-0.56726,42.89885],[-0.5675,42.89969],[-0.5674,42.90044],[-0.56749,42.90163],[-0.5679,42.90218],[-0.56843,42.90248],[-0.56899,42.90295],[-0.5691,42.90315],[-0.5691,42.90437],[-0.56886,42.90522],[-0.56886,42.90549],[-0.56921,42.90636],[-0.56923,42.90742],[-0.56947,42.90864],[-0.56949,42.90961],[-0.56977,42.91025],[-0.56977,42.9109],[-0.5696,42.91183],[-0.56918,42.91246],[-0.56916,42.91304],[-0.56868,42.91337],[-0.56814,42.9136],[-0.5689,42.91398],[-0.56955,42.91403],[-0.57056,42.91435],[-0.57205,42.91464],[-0.57288,42.91461],[-0.57313,42.91468],[-0.57317,42.91496],[-0.57302,42.91526],[-0.57308,42.9161],[-0.57296,42.91641],[-0.57322,42.91668],[-0.57417,42.91702],[-0.57484,42.91747],[-0.57532,42.91826],[-0.57554,42.91915],[-0.576,42.91969],[-0.57666,42.92024],[-0.57686,42.92054],[-0.57701,42.92173],[-0.57718,42.92195],[-0.57788,42.92242],[-0.57819,42.92281],[-0.57849,42.92419],[-0.57881,42.92524],[-0.5788,42.926],[-0.579,42.92673],[-0.57886,42.9272],[-0.57907,42.9277],[-0.5788,42.92831],[-0.57916,42.92885],[-0.57918,42.92926],[-0.57909,42.92966],[-0.5786,42.93026],[-0.57761,42.93076],[-0.57758,42.93087],[-0.57799,42.93113],[-0.58013,42.93166],[-0.58041,42.93221],[-0.58034,42.93284],[-0.5804,42.93336],[-0.58083,42.93413],[-0.58088,42.93464],[-0.58109,42.93495],[-0.5814,42.93525],[-0.58243,42.93583],[-0.58292,42.9364],[-0.58444,42.93714],[-0.58494,42.93751],[-0.58638,42.93775],[-0.58805,42.93831],[-0.58855,42.93875],[-0.58879,42.93918],[-0.58924,42.93964],[-0.59213,42.94056],[-0.59303,42.94054],[-0.59455,42.94038],[-0.59684,42.94075],[-0.59833,42.9407],[-0.59894,42.94077],[-0.59949,42.94133],[-0.60089,42.94215],[-0.6011,42.94247],[-0.60144,42.94334],[-0.60247,42.94415],[-0.60307,42.94441],[-0.60329,42.94458],[-0.60382,42.94558],[-0.60426,42.9456],[-0.60499,42.94526],[-0.60556,42.94474],[-0.60584,42.94468],[-0.60611,42.94494],[-0.6063,42.94562],[-0.60676,42.94609]]]}},{"type":"Feature","properties":{"ele":670},"geometry":{"type":"MultiLineString","coordinates":[[[-0.61787,42.94609],[-0.61864,42.94529],[-0.6188,42.94503],[-0.61891,42.9444],[-0.61908,42.94395],[-0.6191,42.94358],[-0.61926,42.94332],[-0.61967,42.943],[-0.62062,42.94252],[-0.62164,42.94159],[-0.62196,42.94116],[-0.622,42.94055],[-0.62225,42.94002],[-0.6228,42.93918],[-0.62315,42.93886],[-0.62319,42.93829],[-0.62346,42.93747],[-0.62397,42.93668],[-0.6245,42.93617],[-0.62482,42.9353],[-0.62539,42.93472],[-0.6254,42.93419],[-0.62524,42.93358],[-0.62556,42.93303],[-0.62541,42.93247],[-0.62522,42.93224],[-0.62418,42.93133],[-0.62389,42.93139],[-0.6229,42.93208],[-0.62278,42.93224],[-0.62262,42.93282],[-0.62192,42.93324],[-0.62164,42.93354],[-0.62124,42.93405],[-0.62114,42.93446],[-0.62069,42.93497],[-0.61945,42.93598],[-0.61822,42.93664],[-0.61785,42.93673],[-0.61743,42.93672],[-0.61719,42.93665],[-0.61659,42.93626],[-0.61611,42.93614],[-0.61585,42.93621],[-0.61569,42.93659],[-0.61542,42.9378],[-0.61452,42.93921],[-0.61335,42.94015],[-0.61259,42.94054],[-0.61143,42.94136],[-0.6109,42.94154],[-0.61049,42.94158],[-0.60993,42.94151],[-0.60951,42.94133],[-0.60867,42.94076],[-0.60828,42.94],[-0.60767,42.9397],[-0.60691,42.93945],[-0.6066,42.93923],[-0.60631,42.93889],[-0.60622,42.93854],[-0.60554,42.93803],[-0.60498,42.93748],[-0.60483,42.93716],[-0.60393,42.93633],[-0.60292,42.93625],[-0.60219,42.93648],[-0.60149,42.93657],[-0.5975,42.93635],[-0.59634,42.93614],[-0.59303,42.93474],[-0.59271,42.93446],[-0.59259,42.93407],[-0.59172,42.93348],[-0.5911,42.93323],[-0.59056,42.93286],[-0.58918,42.93214],[-0.58885,42.93187],[-0.58805,42.93164],[-0.5875,42.93127],[-0.58668,42.93095],[-0.58578,42.93028],[-0.5849,42.92944],[-0.585,42.92884],[-0.58453,42.92801],[-0.58378,42.92699],[-0.58361,42.92605],[-0.58333,42.9258],[-0.58272,42.92557],[-0.58201,42.92498],[-0.58109,42.92387],[-0.5803,42.92272],[-0.57958,42.92058],[-0.5796,42.91961],[-0.57912,42.91862],[-0.57862,42.91801],[-0.57834,42.91779],[-0.5777,42.91736],[-0.57685,42.91696],[-0.57658,42.91668],[-0.57655,42.91624],[-0.57677,42.9153],[-0.57667,42.91465],[-0.57622,42.91414],[-0.5759,42.91358],[-0.57551,42.91334],[-0.57542,42.91298],[-0.57505,42.91237],[-0.57488,42.9119],[-0.57485,42.91159],[-0.57497,42.91108],[-0.57538,42.91053],[-0.57509,42.91019],[-0.57471,42.90914],[-0.57439,42.90904],[-0.57423,42.90881],[-0.57427,42.90836],[-0.57454,42.90776],[-0.57449,42.90747],[-0.5736,42.90689],[-0.57275,42.9066],[-0.57208,42.90664],[-0.57146,42.90579],[-0.57123,42.90513],[-0.57127,42.90451],[-0.57194,42.90331],[-0.5717,42.90277],[-0.57166,42.90246],[-0.57138,42.9022],[-0.57012,42.90164],[-0.56971,42.90109],[-0.5698,42.90069],[-0.57041,42.90002],[-0.57042,42.89985],[-0.56949,42.89887],[-0.56887,42.89859],[-0.56806,42.89746],[-0.56746,42.89699],[-0.56718,42.89666],[-0.5667,42.89552],[-0.5664,42.89524],[-0.56551,42.89481],[-0.56502,42.89439],[-0.56487,42.89405],[-0.56482,42.89329],[-0.56448,42.8926],[-0.56453,42.8918],[-0.56447,42.89134],[-0.56433,42.89106],[-0.56413,42.89092],[-0.56405,42.89108],[-0.56412,42.89159],[-0.56403,42.89214],[-0.56348,42.89276],[-0.56331,42.89328],[-0.56354,42.89363],[-0.56394,42.89383],[-0.56407,42.89402],[-0.56407,42.8943],[-0.56384,42.89469],[-0.56395,42.8952],[-0.56415,42.89553],[-0.56615,42.89746],[-0.56689,42.89833],[-0.5674,42.89965],[-0.56731,42.90051],[-0.56731,42.90135],[-0.56739,42.90168],[-0.56775,42.9022],[-0.56827,42.9025],[-0.5689,42.90301],[-0.56899,42.90326],[-0.56899,42.90437],[-0.56873,42.90534],[-0.56912,42.90638],[-0.56912,42.90745],[-0.56936,42.90864],[-0.56938,42.90969],[-0.56967,42.91034],[-0.56965,42.91093],[-0.56942,42.91191],[-0.56912,42.91217],[-0.56898,42.91242],[-0.56895,42.91306],[-0.56826,42.91343],[-0.56744,42.91358],[-0.56738,42.91384],[-0.56832,42.91386],[-0.56886,42.91419],[-0.56951,42.91421],[-0.5716,42.91473],[-0.57219,42.91481],[-0.57281,42.91474],[-0.57302,42.91479],[-0.57306,42.915],[-0.57281,42.91528],[-0.57286,42.91565],[-0.57273,42.91638],[-0.5731,42.91672],[-0.57415,42.91712],[-0.57472,42.91747],[-0.57521,42.91834],[-0.57556,42.91936],[-0.57675,42.9205],[-0.57684,42.92079],[-0.57683,42.92158],[-0.57693,42.92181],[-0.57805,42.92274],[-0.57872,42.92517],[-0.57872,42.92596],[-0.57893,42.92673],[-0.57883,42.92722],[-0.57903,42.9277],[-0.57875,42.92832],[-0.57904,42.92885],[-0.57908,42.9293],[-0.57892,42.92972],[-0.57835,42.93027],[-0.57719,42.93083],[-0.57751,42.93109],[-0.57953,42.93163],[-0.57998,42.93192],[-0.58021,42.93221],[-0.58014,42.93294],[-0.58022,42.93355],[-0.58055,42.93413],[-0.58055,42.93461],[-0.58064,42.93482],[-0.58126,42.93555],[-0.58193,42.93591],[-0.58245,42.93648],[-0.58363,42.93718],[-0.58425,42.93742],[-0.58493,42.93779],[-0.58695,42.93813],[-0.5884,42.939],[-0.58912,42.93975],[-0.59008,42.93996],[-0.59202,42.94067],[-0.59299,42.94065],[-0.59462,42.94047],[-0.59674,42.94083],[-0.59832,42.94081],[-0.59865,42.94088],[-0.59927,42.94134],[-0.60081,42.94221],[-0.6014,42.94351],[-0.60312,42.94464],[-0.60355,42.94555],[-0.60385,42.94581],[-0.60418,42.94577],[-0.6049,42.94545],[-0.60552,42.94492],[-0.60576,42.94488],[-0.60593,42.94501],[-0.60606,42.94553],[-0.60618,42.94574],[-0.60661,42.94609]],[[-0.57415,42.90917],[-0.57426,42.90911],[-0.57415,42.90905],[-0.57415,42.90917]]]}},{"type":"Feature","properties":{"ele":680},"geometry":{"type":"MultiLineString","coordinates":[[[-0.61808,42.94609],[-0.61829,42.94577],[-0.61861,42.94554],[-0.61894,42.94516],[-0.6191,42.9444],[-0.61931,42.94395],[-0.61932,42.94357],[-0.61942,42.9433],[-0.62055,42.94276],[-0.62135,42.94209],[-0.62195,42.94171],[-0.62224,42.94111],[-0.62223,42.94055],[-0.62248,42.93997],[-0.62276,42.93968],[-0.62299,42.93915],[-0.62332,42.93886],[-0.62373,42.93725],[-0.62413,42.93664],[-0.6246,42.93624],[-0.62488,42.93542],[-0.62555,42.9347],[-0.62558,42.93418],[-0.62545,42.93364],[-0.62575,42.93301],[-0.62564,42.93246],[-0.62496,42.93192],[-0.62425,42.93111],[-0.62412,42.93106],[-0.62384,42.93116],[-0.62303,42.93166],[-0.62275,42.93199],[-0.62249,42.93276],[-0.62194,42.93308],[-0.62143,42.93363],[-0.62107,42.93412],[-0.62102,42.93444],[-0.62083,42.93471],[-0.61943,42.93585],[-0.61876,42.93609],[-0.61802,42.93651],[-0.61761,42.93659],[-0.61726,42.93653],[-0.6167,42.93618],[-0.61618,42.936],[-0.6158,42.93602],[-0.61554,42.93665],[-0.61529,42.93777],[-0.61443,42.93914],[-0.61336,42.94005],[-0.61207,42.94074],[-0.61125,42.94135],[-0.61083,42.94149],[-0.61042,42.94151],[-0.6097,42.94137],[-0.60886,42.94082],[-0.60861,42.9405],[-0.60848,42.93996],[-0.60704,42.93942],[-0.60663,42.93916],[-0.60647,42.93888],[-0.60641,42.93855],[-0.60572,42.93802],[-0.60504,42.93718],[-0.60409,42.93627],[-0.60285,42.9361],[-0.60221,42.93637],[-0.60125,42.93648],[-0.59743,42.93619],[-0.59629,42.93598],[-0.5933,42.93471],[-0.59295,42.93446],[-0.59284,42.9341],[-0.59218,42.93365],[-0.59166,42.93317],[-0.59018,42.93253],[-0.58913,42.93197],[-0.58868,42.93158],[-0.58801,42.93138],[-0.58739,42.93094],[-0.58663,42.9307],[-0.58592,42.93026],[-0.58519,42.92944],[-0.58521,42.92905],[-0.58507,42.92868],[-0.58473,42.92801],[-0.58392,42.92694],[-0.58372,42.92596],[-0.58359,42.92579],[-0.58273,42.92548],[-0.58211,42.92499],[-0.58119,42.92385],[-0.5804,42.92263],[-0.57969,42.92056],[-0.57977,42.91968],[-0.57925,42.91868],[-0.57851,42.91784],[-0.57769,42.91728],[-0.57692,42.91693],[-0.57664,42.91666],[-0.57663,42.91629],[-0.57688,42.91527],[-0.57679,42.91451],[-0.57637,42.91405],[-0.57612,42.91357],[-0.57573,42.91331],[-0.57549,42.91282],[-0.5752,42.91249],[-0.57503,42.91208],[-0.57498,42.91164],[-0.57506,42.91134],[-0.57558,42.91054],[-0.57528,42.91022],[-0.57502,42.90951],[-0.57502,42.90909],[-0.57466,42.90861],[-0.57483,42.9078],[-0.5748,42.90749],[-0.57407,42.90692],[-0.57283,42.90635],[-0.57215,42.90631],[-0.57164,42.90581],[-0.57167,42.90552],[-0.5714,42.90522],[-0.57135,42.90497],[-0.57145,42.90445],[-0.57179,42.90413],[-0.57205,42.90333],[-0.57177,42.90246],[-0.57157,42.90218],[-0.57029,42.90162],[-0.57,42.90135],[-0.56988,42.90113],[-0.56985,42.90086],[-0.56997,42.90064],[-0.57047,42.90018],[-0.57088,42.89995],[-0.57094,42.89968],[-0.57085,42.89941],[-0.56981,42.89885],[-0.56915,42.89859],[-0.56889,42.89839],[-0.56847,42.89774],[-0.56741,42.89668],[-0.56697,42.89551],[-0.56557,42.89469],[-0.56525,42.89443],[-0.56508,42.89409],[-0.56502,42.89335],[-0.56466,42.89256],[-0.56479,42.8919],[-0.56473,42.89105],[-0.56415,42.89049],[-0.56389,42.89042],[-0.56359,42.89052],[-0.56389,42.89166],[-0.56372,42.89216],[-0.5632,42.89273],[-0.56312,42.89308],[-0.56331,42.8936],[-0.56381,42.89413],[-0.56359,42.89469],[-0.56363,42.895],[-0.56397,42.89553],[-0.56535,42.8969],[-0.56593,42.89738],[-0.56676,42.89834],[-0.56708,42.89895],[-0.56732,42.89965],[-0.56719,42.90136],[-0.56728,42.90173],[-0.56758,42.90219],[-0.5687,42.903],[-0.56888,42.9033],[-0.56888,42.90443],[-0.56859,42.90526],[-0.56903,42.90635],[-0.56898,42.90735],[-0.56923,42.90857],[-0.56927,42.90965],[-0.56955,42.91034],[-0.56952,42.9109],[-0.56933,42.91169],[-0.56877,42.91243],[-0.56874,42.91304],[-0.56816,42.91337],[-0.56707,42.91358],[-0.56689,42.91387],[-0.56823,42.91399],[-0.56886,42.91442],[-0.56967,42.91443],[-0.57216,42.915],[-0.57262,42.91559],[-0.57264,42.91579],[-0.57254,42.91617],[-0.57262,42.91642],[-0.57312,42.91683],[-0.57411,42.91721],[-0.57461,42.91752],[-0.5751,42.91837],[-0.57552,42.91948],[-0.57584,42.91983],[-0.57667,42.92051],[-0.57678,42.92176],[-0.57704,42.92208],[-0.57788,42.9227],[-0.57823,42.92353],[-0.57862,42.92499],[-0.57864,42.92593],[-0.57885,42.92673],[-0.5788,42.92724],[-0.57898,42.92773],[-0.57868,42.92829],[-0.57897,42.92895],[-0.57896,42.92936],[-0.57885,42.92962],[-0.57807,42.93027],[-0.57689,42.93079],[-0.57693,42.93109],[-0.57916,42.93164],[-0.57985,42.9321],[-0.57996,42.93228],[-0.57994,42.93302],[-0.58004,42.93357],[-0.58023,42.93394],[-0.58034,42.93465],[-0.58055,42.9351],[-0.58083,42.93553],[-0.58153,42.93612],[-0.58195,42.93662],[-0.58305,42.93719],[-0.58478,42.93798],[-0.58661,42.93831],[-0.58748,42.93887],[-0.58858,42.93936],[-0.58887,42.9397],[-0.58913,42.93988],[-0.58997,42.94005],[-0.59089,42.94047],[-0.59191,42.94081],[-0.59479,42.94057],[-0.59674,42.94092],[-0.59802,42.94094],[-0.59858,42.94104],[-0.6006,42.94222],[-0.60083,42.94246],[-0.60108,42.94319],[-0.60132,42.9436],[-0.60298,42.94472],[-0.60332,42.94552],[-0.60359,42.94587],[-0.60389,42.94597],[-0.6042,42.94592],[-0.60514,42.94551],[-0.60551,42.94517],[-0.60563,42.94514],[-0.60583,42.94521],[-0.60579,42.94553],[-0.60595,42.94575],[-0.60641,42.94609]],[[-0.57276,42.91503],[-0.57282,42.91498],[-0.57277,42.91494],[-0.57241,42.91498],[-0.57276,42.91503]]]}},{"type":"Feature","properties":{"ele":690},"geometry":{"type":"MultiLineString","coordinates":[[[-0.61824,42.94609],[-0.61842,42.94582],[-0.61896,42.94533],[-0.61917,42.945],[-0.61968,42.9433],[-0.62082,42.94277],[-0.6215,42.94221],[-0.62204,42.94191],[-0.6225,42.94082],[-0.62247,42.94052],[-0.62301,42.93982],[-0.62314,42.9393],[-0.62352,42.93884],[-0.62355,42.93848],[-0.62379,42.93794],[-0.62387,42.9372],[-0.62417,42.93674],[-0.62468,42.93633],[-0.62494,42.93548],[-0.6257,42.93464],[-0.62576,42.93426],[-0.62566,42.93353],[-0.62613,42.93275],[-0.62599,42.93247],[-0.62554,42.93225],[-0.62489,42.93172],[-0.62449,42.93091],[-0.62432,42.93082],[-0.62399,42.93086],[-0.62304,42.93143],[-0.62273,42.93179],[-0.62248,42.93246],[-0.62233,42.93266],[-0.62183,42.93303],[-0.621,42.93405],[-0.62091,42.93444],[-0.62075,42.93466],[-0.62034,42.93505],[-0.61922,42.93582],[-0.61854,42.93599],[-0.61776,42.93635],[-0.61746,42.9364],[-0.6172,42.93637],[-0.61688,42.93612],[-0.61611,42.9358],[-0.61583,42.93583],[-0.61558,42.93617],[-0.61507,42.93787],[-0.61444,42.9389],[-0.614,42.93942],[-0.61332,42.93998],[-0.61167,42.94082],[-0.61107,42.94135],[-0.61045,42.94145],[-0.60977,42.94133],[-0.609,42.94081],[-0.60874,42.94047],[-0.60865,42.93992],[-0.60725,42.93941],[-0.60682,42.93917],[-0.60648,42.93849],[-0.60578,42.9379],[-0.60522,42.9372],[-0.60464,42.93673],[-0.6041,42.93612],[-0.60278,42.93601],[-0.6019,42.93633],[-0.60111,42.93641],[-0.59736,42.93603],[-0.59632,42.93585],[-0.595,42.93525],[-0.59356,42.9347],[-0.59321,42.93443],[-0.59313,42.93412],[-0.59241,42.93358],[-0.59195,42.93302],[-0.59111,42.93275],[-0.59083,42.93247],[-0.59035,42.9324],[-0.58934,42.93192],[-0.58887,42.93151],[-0.58804,42.93109],[-0.58768,42.93081],[-0.58705,42.93053],[-0.58609,42.93026],[-0.58581,42.92997],[-0.58491,42.92803],[-0.5841,42.92695],[-0.58398,42.92614],[-0.58383,42.92586],[-0.58351,42.92562],[-0.58275,42.92541],[-0.5822,42.92498],[-0.5813,42.92387],[-0.58049,42.92254],[-0.57982,42.92062],[-0.5798,42.9203],[-0.57993,42.91968],[-0.57932,42.91866],[-0.57855,42.9178],[-0.57792,42.91734],[-0.57698,42.91688],[-0.57675,42.91665],[-0.57672,42.91624],[-0.57696,42.9153],[-0.57695,42.9144],[-0.57643,42.91388],[-0.5756,42.91277],[-0.57527,42.91246],[-0.57512,42.91208],[-0.57511,42.91169],[-0.57521,42.91135],[-0.57567,42.91083],[-0.57576,42.91062],[-0.57542,42.91022],[-0.57521,42.90967],[-0.57524,42.90894],[-0.57493,42.90805],[-0.57506,42.90747],[-0.57443,42.90692],[-0.57328,42.90629],[-0.57288,42.90615],[-0.5722,42.90614],[-0.57188,42.90585],[-0.57198,42.90552],[-0.57168,42.90522],[-0.57157,42.90495],[-0.57163,42.90441],[-0.57205,42.90415],[-0.57202,42.90381],[-0.57217,42.90336],[-0.57191,42.90248],[-0.57166,42.90211],[-0.57054,42.90164],[-0.57021,42.9014],[-0.56999,42.90107],[-0.56999,42.90078],[-0.57055,42.9003],[-0.57115,42.89999],[-0.57121,42.89968],[-0.57111,42.89934],[-0.57086,42.89909],[-0.56901,42.89831],[-0.56859,42.89766],[-0.56766,42.89666],[-0.5672,42.89554],[-0.56539,42.8944],[-0.56523,42.89415],[-0.56525,42.89358],[-0.56482,42.8927],[-0.56484,42.89246],[-0.56499,42.8922],[-0.56498,42.8911],[-0.56476,42.89079],[-0.56415,42.89029],[-0.56362,42.88992],[-0.56351,42.88994],[-0.56342,42.8901],[-0.56336,42.89069],[-0.56362,42.89169],[-0.56344,42.89216],[-0.56293,42.8927],[-0.56286,42.89294],[-0.56296,42.89327],[-0.56342,42.89402],[-0.5633,42.89464],[-0.56336,42.89488],[-0.56382,42.89557],[-0.56471,42.89636],[-0.56522,42.89695],[-0.56586,42.89744],[-0.56613,42.89796],[-0.56647,42.89819],[-0.56675,42.89852],[-0.56705,42.89909],[-0.56725,42.89967],[-0.56709,42.90138],[-0.56721,42.90191],[-0.56748,42.90226],[-0.56856,42.90305],[-0.5687,42.90336],[-0.56877,42.90437],[-0.56851,42.90498],[-0.56849,42.90527],[-0.56894,42.90636],[-0.56884,42.90728],[-0.56911,42.90853],[-0.56916,42.90968],[-0.56942,42.91029],[-0.56942,42.91077],[-0.56919,42.91168],[-0.56854,42.91245],[-0.56849,42.91305],[-0.56805,42.91331],[-0.56689,42.91356],[-0.56678,42.91386],[-0.56702,42.91402],[-0.56827,42.91414],[-0.56863,42.91455],[-0.56948,42.91455],[-0.57125,42.91489],[-0.57163,42.91499],[-0.57195,42.91522],[-0.5724,42.91576],[-0.57228,42.91614],[-0.57249,42.91647],[-0.57322,42.91699],[-0.57442,42.91748],[-0.57469,42.91778],[-0.57553,42.91964],[-0.57658,42.92064],[-0.57666,42.92081],[-0.57659,42.92158],[-0.57672,42.92187],[-0.57784,42.92282],[-0.57819,42.9236],[-0.57856,42.92496],[-0.57857,42.92593],[-0.57877,42.92666],[-0.57876,42.92725],[-0.57895,42.92773],[-0.57859,42.92831],[-0.57885,42.9289],[-0.57885,42.92931],[-0.57862,42.92972],[-0.57778,42.93026],[-0.57663,42.93072],[-0.57637,42.93109],[-0.57889,42.93173],[-0.57937,42.93196],[-0.57964,42.93218],[-0.57986,42.9336],[-0.5801,42.93413],[-0.58033,42.9353],[-0.58057,42.93572],[-0.58093,42.9361],[-0.58118,42.9366],[-0.58134,42.93674],[-0.58497,42.93836],[-0.58618,42.9385],[-0.58684,42.93891],[-0.58774,42.93914],[-0.58831,42.93942],[-0.58889,42.93997],[-0.59003,42.94021],[-0.59073,42.94062],[-0.59177,42.94099],[-0.59222,42.94103],[-0.5949,42.94069],[-0.5967,42.94102],[-0.59795,42.94106],[-0.59854,42.94118],[-0.59966,42.94174],[-0.60058,42.94238],[-0.60115,42.94357],[-0.60274,42.94471],[-0.60317,42.94558],[-0.60356,42.94609]],[[-0.60619,42.94609],[-0.60557,42.94568],[-0.60535,42.94563],[-0.60491,42.94573],[-0.60424,42.94609]],[[-0.62665,42.93255],[-0.62668,42.93244],[-0.62655,42.93246],[-0.62665,42.93255]]]}},{"type":"Feature","properties":{"ele":710},"geometry":{"type":"MultiLineString","coordinates":[[[-0.61865,42.94609],[-0.61878,42.9458],[-0.61958,42.94479],[-0.6204,42.94332],[-0.62217,42.94216],[-0.62241,42.94188],[-0.62258,42.94131],[-0.62295,42.94051],[-0.62331,42.93996],[-0.62386,42.93884],[-0.62419,42.93778],[-0.62414,42.93717],[-0.62489,42.93639],[-0.62517,42.93552],[-0.62578,42.93496],[-0.62612,42.93445],[-0.62613,42.93415],[-0.626,42.93367],[-0.6261,42.9334],[-0.62637,42.93319],[-0.62706,42.93297],[-0.62735,42.93266],[-0.62742,42.93211],[-0.62772,42.93191],[-0.62834,42.93166],[-0.62868,42.93136],[-0.62785,42.93128],[-0.6272,42.93135],[-0.62679,42.93159],[-0.62636,42.93203],[-0.62583,42.93211],[-0.62551,42.93196],[-0.62497,42.93138],[-0.62529,42.93082],[-0.62527,42.93052],[-0.62494,42.93029],[-0.6247,42.93023],[-0.62424,42.93026],[-0.6239,42.93041],[-0.62277,42.93129],[-0.62219,42.93232],[-0.62074,42.9341],[-0.62063,42.9345],[-0.62009,42.93499],[-0.61912,42.93552],[-0.6174,42.93597],[-0.61678,42.93582],[-0.61615,42.93543],[-0.61552,42.93551],[-0.61531,42.93639],[-0.61493,42.93721],[-0.61469,42.938],[-0.61376,42.93938],[-0.61299,42.93998],[-0.61189,42.9405],[-0.61086,42.94121],[-0.61028,42.94132],[-0.60971,42.94117],[-0.60924,42.9408],[-0.60901,42.94044],[-0.60896,42.93996],[-0.60879,42.93981],[-0.60861,42.93969],[-0.60771,42.93945],[-0.60718,42.93915],[-0.60705,42.93884],[-0.60644,42.93807],[-0.60582,42.93757],[-0.60529,42.93691],[-0.60487,42.93664],[-0.60448,42.93604],[-0.60417,42.9358],[-0.6034,42.93587],[-0.60255,42.93582],[-0.60187,42.93614],[-0.60104,42.93625],[-0.59997,42.93615],[-0.59639,42.93556],[-0.59514,42.93497],[-0.59425,42.93471],[-0.59385,42.93452],[-0.59373,42.93441],[-0.59367,42.93412],[-0.59299,42.93366],[-0.5925,42.93299],[-0.59155,42.93255],[-0.59109,42.93216],[-0.59026,42.932],[-0.58961,42.93172],[-0.58913,42.93113],[-0.58861,42.93072],[-0.58643,42.92996],[-0.5861,42.92969],[-0.58561,42.9286],[-0.58532,42.92828],[-0.58528,42.92802],[-0.58483,42.92752],[-0.58449,42.92698],[-0.58433,42.92624],[-0.58409,42.92579],[-0.58387,42.92553],[-0.58274,42.92527],[-0.58219,42.92475],[-0.58146,42.92375],[-0.58091,42.9227],[-0.58055,42.92218],[-0.58016,42.92093],[-0.58012,42.9203],[-0.58026,42.91964],[-0.57931,42.91842],[-0.57864,42.9177],[-0.57801,42.91724],[-0.57693,42.91664],[-0.5769,42.91615],[-0.57717,42.91475],[-0.57714,42.91444],[-0.57695,42.9141],[-0.57583,42.91274],[-0.57551,42.91248],[-0.57532,42.91211],[-0.57534,42.9118],[-0.57553,42.91141],[-0.57579,42.91107],[-0.57615,42.91084],[-0.57618,42.91075],[-0.57614,42.91052],[-0.57578,42.91026],[-0.57557,42.90985],[-0.5756,42.90951],[-0.57591,42.90908],[-0.57584,42.90885],[-0.57534,42.90837],[-0.57522,42.90813],[-0.57522,42.90794],[-0.57545,42.90744],[-0.57465,42.90669],[-0.57391,42.90635],[-0.57315,42.9058],[-0.57276,42.90505],[-0.57228,42.9047],[-0.57232,42.90451],[-0.5726,42.90411],[-0.57246,42.90359],[-0.57257,42.9033],[-0.57207,42.90226],[-0.57166,42.90186],[-0.57083,42.90162],[-0.57052,42.90137],[-0.57033,42.90107],[-0.57034,42.90083],[-0.57049,42.90066],[-0.57131,42.90025],[-0.57166,42.89998],[-0.57174,42.89972],[-0.57165,42.89949],[-0.57134,42.89895],[-0.57112,42.89874],[-0.56983,42.89848],[-0.56914,42.89807],[-0.56879,42.89751],[-0.56848,42.89721],[-0.56811,42.89667],[-0.568,42.89635],[-0.56751,42.89551],[-0.5672,42.89526],[-0.56644,42.89489],[-0.56581,42.89442],[-0.56566,42.89416],[-0.56567,42.89359],[-0.56523,42.89309],[-0.56508,42.8928],[-0.56511,42.89263],[-0.56542,42.89217],[-0.56533,42.89173],[-0.56533,42.89104],[-0.56415,42.88998],[-0.56335,42.88894],[-0.5632,42.88888],[-0.56304,42.88893],[-0.56288,42.8892],[-0.56303,42.89027],[-0.56285,42.89096],[-0.56311,42.89156],[-0.56313,42.8918],[-0.56303,42.89201],[-0.56238,42.89266],[-0.56229,42.89291],[-0.56234,42.89305],[-0.56285,42.89359],[-0.56294,42.89482],[-0.56349,42.89561],[-0.56501,42.8971],[-0.56555,42.89747],[-0.56567,42.89801],[-0.56634,42.89834],[-0.56666,42.89871],[-0.56699,42.89932],[-0.56709,42.89968],[-0.56683,42.90138],[-0.56686,42.9017],[-0.56724,42.90234],[-0.56819,42.90315],[-0.56846,42.90371],[-0.5685,42.90433],[-0.56822,42.90506],[-0.56834,42.90551],[-0.56872,42.90631],[-0.56855,42.90721],[-0.56888,42.90855],[-0.5689,42.90961],[-0.5691,42.9103],[-0.56911,42.91072],[-0.56875,42.91169],[-0.56816,42.91239],[-0.56787,42.91304],[-0.56745,42.91328],[-0.56665,42.91353],[-0.56648,42.91378],[-0.56649,42.91395],[-0.56663,42.91415],[-0.5675,42.91426],[-0.56784,42.91438],[-0.56794,42.91464],[-0.5677,42.91496],[-0.56776,42.915],[-0.56844,42.915],[-0.56927,42.9148],[-0.57124,42.91522],[-0.5714,42.91537],[-0.57164,42.91589],[-0.57221,42.91665],[-0.57258,42.91692],[-0.57388,42.91746],[-0.5744,42.91779],[-0.57499,42.91865],[-0.57524,42.91945],[-0.57541,42.91975],[-0.57621,42.92072],[-0.57635,42.92162],[-0.57645,42.92185],[-0.5769,42.92234],[-0.57748,42.92276],[-0.57776,42.92307],[-0.57805,42.92357],[-0.57838,42.92458],[-0.57846,42.92499],[-0.57843,42.92596],[-0.57863,42.92664],[-0.57868,42.92725],[-0.57888,42.92775],[-0.57846,42.92846],[-0.57852,42.92936],[-0.57776,42.92997],[-0.57633,42.93049],[-0.57554,42.93109],[-0.57537,42.93136],[-0.57646,42.93142],[-0.57751,42.93163],[-0.57905,42.93222],[-0.57917,42.93244],[-0.57915,42.93275],[-0.5795,42.93374],[-0.57973,42.93414],[-0.57977,42.93482],[-0.57961,42.93522],[-0.57963,42.93544],[-0.58055,42.93663],[-0.5806,42.93708],[-0.58071,42.93723],[-0.58142,42.93729],[-0.58221,42.93777],[-0.58441,42.93856],[-0.58498,42.93886],[-0.58748,42.9397],[-0.58816,42.94015],[-0.58878,42.94037],[-0.58938,42.9407],[-0.59048,42.9411],[-0.59184,42.94143],[-0.59236,42.94146],[-0.59324,42.94137],[-0.59386,42.94108],[-0.59504,42.94092],[-0.59667,42.94121],[-0.59802,42.94129],[-0.59859,42.94145],[-0.59947,42.94186],[-0.60034,42.94245],[-0.60091,42.94365],[-0.60136,42.94407],[-0.60198,42.9444],[-0.60226,42.94466],[-0.6031,42.94609]],[[-0.60581,42.94609],[-0.60524,42.9459],[-0.60481,42.94609]],[[-0.56276,42.88813],[-0.56304,42.88773],[-0.563,42.88722],[-0.56246,42.88719],[-0.56192,42.88747],[-0.56218,42.88777],[-0.56276,42.88813]],[[-0.56332,42.887],[-0.5634,42.8867],[-0.56333,42.88656],[-0.56324,42.8868],[-0.56332,42.887]],[[-0.56118,42.8822],[-0.56131,42.88281],[-0.56156,42.88308],[-0.56202,42.88334],[-0.56222,42.88332],[-0.56222,42.8828],[-0.56245,42.8822]]]}},{"type":"Feature","properties":{"ele":720},"geometry":{"type":"MultiLineString","coordinates":[[[-0.61893,42.94609],[-0.61899,42.94572],[-0.61979,42.94471],[-0.62009,42.94415],[-0.62066,42.94338],[-0.62161,42.94262],[-0.62224,42.94223],[-0.62256,42.94188],[-0.62317,42.94041],[-0.62349,42.93995],[-0.62388,42.93909],[-0.62433,42.93787],[-0.62436,42.93716],[-0.62504,42.9364],[-0.62527,42.93555],[-0.62596,42.93496],[-0.62629,42.93447],[-0.62633,42.93419],[-0.6262,42.93374],[-0.62626,42.93353],[-0.62648,42.93337],[-0.62743,42.93301],[-0.62765,42.9326],[-0.62769,42.93217],[-0.62923,42.93136],[-0.62854,42.93117],[-0.62729,42.9312],[-0.62677,42.93139],[-0.62616,42.93192],[-0.6258,42.93196],[-0.62521,42.93138],[-0.62561,42.9308],[-0.62554,42.93053],[-0.62526,42.93025],[-0.62469,42.93012],[-0.62388,42.93026],[-0.62275,42.93108],[-0.62219,42.9321],[-0.62063,42.93409],[-0.62056,42.93444],[-0.62,42.93488],[-0.61889,42.93537],[-0.61727,42.93583],[-0.61667,42.93559],[-0.61637,42.93524],[-0.61566,42.93528],[-0.61542,42.9354],[-0.61529,42.93558],[-0.61524,42.9363],[-0.61475,42.93723],[-0.61456,42.93797],[-0.61417,42.93863],[-0.61358,42.9394],[-0.61281,42.94],[-0.61188,42.94041],[-0.61083,42.9411],[-0.61014,42.94123],[-0.6097,42.94111],[-0.60935,42.94081],[-0.60917,42.94051],[-0.6091,42.94],[-0.60885,42.93971],[-0.60784,42.93943],[-0.60738,42.93917],[-0.60725,42.93882],[-0.60674,42.93823],[-0.60586,42.93744],[-0.60552,42.93693],[-0.60498,42.93656],[-0.60465,42.93605],[-0.60427,42.93571],[-0.60406,42.93566],[-0.60333,42.93576],[-0.60254,42.93571],[-0.60169,42.9361],[-0.60083,42.93616],[-0.60001,42.93608],[-0.59891,42.93583],[-0.5969,42.93556],[-0.59649,42.93545],[-0.59523,42.93488],[-0.59444,42.93464],[-0.59414,42.93442],[-0.59407,42.93414],[-0.59321,42.93362],[-0.59248,42.93285],[-0.59165,42.93248],[-0.59108,42.93197],[-0.59031,42.93186],[-0.58977,42.93163],[-0.58938,42.93109],[-0.5886,42.93052],[-0.58661,42.92983],[-0.58624,42.92946],[-0.58547,42.92806],[-0.58496,42.92749],[-0.58465,42.92698],[-0.58443,42.92609],[-0.58415,42.92565],[-0.58382,42.92543],[-0.58296,42.92526],[-0.58265,42.92509],[-0.5822,42.92462],[-0.58137,42.92339],[-0.58109,42.92275],[-0.58064,42.92204],[-0.58056,42.9216],[-0.5803,42.92096],[-0.58038,42.91975],[-0.58015,42.91926],[-0.57861,42.91759],[-0.57806,42.91718],[-0.57706,42.91661],[-0.57699,42.91593],[-0.57724,42.91477],[-0.57722,42.91439],[-0.57692,42.91392],[-0.57557,42.91242],[-0.57542,42.91211],[-0.57555,42.91165],[-0.57591,42.9112],[-0.5764,42.91083],[-0.57644,42.91065],[-0.57642,42.91051],[-0.57602,42.91027],[-0.57577,42.90994],[-0.57575,42.90969],[-0.57583,42.90946],[-0.57622,42.90911],[-0.57608,42.90887],[-0.5755,42.90829],[-0.57548,42.90796],[-0.57571,42.90743],[-0.57473,42.90658],[-0.57416,42.90634],[-0.57343,42.90583],[-0.57332,42.90523],[-0.57309,42.90463],[-0.57294,42.90443],[-0.57293,42.90409],[-0.5727,42.90365],[-0.5727,42.90322],[-0.57241,42.90277],[-0.5722,42.90221],[-0.57166,42.90178],[-0.57082,42.90147],[-0.57049,42.90111],[-0.57051,42.90079],[-0.57159,42.90023],[-0.57193,42.89974],[-0.57191,42.89947],[-0.57161,42.89912],[-0.57148,42.89859],[-0.57007,42.89846],[-0.56968,42.89833],[-0.56942,42.89815],[-0.56912,42.89784],[-0.56892,42.89746],[-0.56862,42.89717],[-0.56759,42.89544],[-0.5674,42.89527],[-0.56634,42.89473],[-0.56591,42.89426],[-0.56585,42.89358],[-0.56531,42.89302],[-0.5652,42.89277],[-0.56565,42.89219],[-0.56551,42.89167],[-0.56549,42.89103],[-0.56532,42.89079],[-0.56496,42.89053],[-0.56413,42.88972],[-0.56349,42.88886],[-0.56326,42.88832],[-0.56329,42.88747],[-0.56362,42.88665],[-0.56354,42.88644],[-0.5633,42.88632],[-0.56284,42.88694],[-0.56209,42.88719],[-0.5618,42.88747],[-0.56193,42.88775],[-0.5623,42.88802],[-0.56255,42.88832],[-0.56261,42.88909],[-0.56286,42.89013],[-0.5626,42.891],[-0.56287,42.8916],[-0.56287,42.89183],[-0.56279,42.89199],[-0.56222,42.89249],[-0.56212,42.89274],[-0.56214,42.893],[-0.56263,42.89358],[-0.56264,42.89416],[-0.56275,42.89472],[-0.56321,42.8955],[-0.56388,42.89608],[-0.5652,42.89746],[-0.56531,42.89801],[-0.56612,42.8983],[-0.56642,42.89852],[-0.56665,42.89886],[-0.56695,42.89939],[-0.56701,42.89971],[-0.56668,42.90138],[-0.5667,42.90169],[-0.5672,42.90248],[-0.5681,42.90325],[-0.5683,42.90359],[-0.56835,42.90386],[-0.56831,42.9044],[-0.56812,42.90471],[-0.56807,42.90499],[-0.56861,42.90633],[-0.5684,42.90715],[-0.56875,42.90846],[-0.56878,42.90961],[-0.56894,42.91031],[-0.56893,42.91072],[-0.56871,42.91111],[-0.56861,42.91166],[-0.56805,42.91221],[-0.56764,42.91302],[-0.56659,42.91347],[-0.56626,42.91385],[-0.56625,42.91411],[-0.56656,42.91427],[-0.56756,42.91441],[-0.56767,42.91467],[-0.56744,42.91499],[-0.56771,42.91513],[-0.56861,42.91526],[-0.56903,42.91496],[-0.56927,42.91494],[-0.56971,42.91497],[-0.57024,42.91526],[-0.57104,42.91539],[-0.57121,42.91554],[-0.57148,42.91607],[-0.57189,42.91642],[-0.57197,42.91662],[-0.57193,42.91692],[-0.57254,42.91705],[-0.57362,42.91747],[-0.57443,42.918],[-0.57499,42.91878],[-0.57527,42.91967],[-0.57603,42.92087],[-0.57636,42.92192],[-0.57778,42.92323],[-0.57807,42.92376],[-0.57836,42.92467],[-0.57841,42.92496],[-0.57836,42.92596],[-0.57859,42.9268],[-0.57862,42.92721],[-0.5788,42.9277],[-0.57831,42.92858],[-0.57827,42.92936],[-0.57746,42.92996],[-0.57633,42.9303],[-0.57557,42.93084],[-0.57498,42.93139],[-0.57531,42.93154],[-0.57646,42.93154],[-0.57743,42.93174],[-0.57859,42.9322],[-0.57888,42.93246],[-0.57918,42.93354],[-0.57927,42.9344],[-0.57943,42.93477],[-0.57945,42.93499],[-0.57935,42.93525],[-0.5794,42.93549],[-0.5802,42.93664],[-0.58036,42.93717],[-0.58053,42.93736],[-0.58107,42.93749],[-0.58211,42.93799],[-0.58462,42.93895],[-0.58551,42.9392],[-0.58848,42.94056],[-0.5891,42.94096],[-0.59022,42.94137],[-0.5925,42.94169],[-0.59392,42.94141],[-0.5946,42.94108],[-0.59521,42.94104],[-0.5966,42.9413],[-0.59809,42.94141],[-0.59864,42.94156],[-0.5994,42.94192],[-0.60025,42.94249],[-0.60055,42.94302],[-0.60085,42.94381],[-0.60122,42.94413],[-0.60178,42.9444],[-0.60204,42.94465],[-0.6029,42.94609]],[[-0.60555,42.94609],[-0.60528,42.94602],[-0.605,42.94609]],[[-0.56046,42.8822],[-0.56129,42.88303],[-0.56249,42.88388],[-0.56257,42.88382],[-0.5626,42.88353],[-0.56242,42.88276],[-0.56262,42.8822]]]}},{"type":"Feature","properties":{"ele":730},"geometry":{"type":"MultiLineString","coordinates":[[[-0.61916,42.94609],[-0.61911,42.9458],[-0.61923,42.9456],[-0.61997,42.94468],[-0.62074,42.94351],[-0.62126,42.94299],[-0.62238,42.94222],[-0.62283,42.94165],[-0.62314,42.94103],[-0.62327,42.94047],[-0.62368,42.93996],[-0.62413,42.93856],[-0.62446,42.93803],[-0.62457,42.9372],[-0.62523,42.93636],[-0.6253,42.93583],[-0.62543,42.93557],[-0.62613,42.935],[-0.62644,42.93452],[-0.62649,42.93426],[-0.62641,42.93381],[-0.62648,42.9336],[-0.62762,42.93308],[-0.62808,42.93219],[-0.62889,42.93175],[-0.62972,42.93152],[-0.63002,42.93136],[-0.62889,42.93105],[-0.62823,42.93102],[-0.62718,42.93108],[-0.62633,42.93143],[-0.62612,42.93134],[-0.62595,42.93116],[-0.62582,42.93052],[-0.62565,42.93027],[-0.62548,42.93016],[-0.62493,42.92999],[-0.62417,42.93005],[-0.62384,42.93015],[-0.62256,42.93109],[-0.62218,42.9319],[-0.62048,42.93412],[-0.62042,42.93442],[-0.62021,42.9346],[-0.61862,42.93528],[-0.61726,42.93562],[-0.61688,42.93555],[-0.61632,42.93505],[-0.6152,42.93523],[-0.61512,42.93548],[-0.61517,42.936],[-0.6151,42.93634],[-0.61461,42.93719],[-0.61449,42.93779],[-0.61431,42.93819],[-0.61361,42.93917],[-0.61269,42.93996],[-0.61193,42.94029],[-0.61055,42.94109],[-0.61007,42.94115],[-0.60976,42.94106],[-0.60944,42.94079],[-0.60929,42.94051],[-0.60925,42.93999],[-0.60895,42.9397],[-0.60801,42.93943],[-0.60748,42.93914],[-0.60739,42.93881],[-0.60697,42.93829],[-0.60603,42.93748],[-0.60555,42.93682],[-0.60498,42.93637],[-0.60464,42.93582],[-0.60417,42.93552],[-0.60337,42.93564],[-0.60247,42.9356],[-0.6016,42.93601],[-0.60063,42.93606],[-0.59986,42.93598],[-0.59886,42.93569],[-0.59653,42.93532],[-0.5944,42.93445],[-0.59426,42.93406],[-0.59333,42.93348],[-0.59276,42.93292],[-0.59182,42.93223],[-0.59159,42.93192],[-0.59111,42.93175],[-0.59023,42.93167],[-0.5897,42.93121],[-0.58941,42.93082],[-0.58856,42.93033],[-0.58777,42.92997],[-0.58705,42.92985],[-0.58673,42.9297],[-0.5864,42.92939],[-0.58563,42.92802],[-0.58494,42.92725],[-0.58454,42.92603],[-0.58428,42.92559],[-0.58382,42.92535],[-0.58302,42.92517],[-0.58272,42.92502],[-0.58219,42.92445],[-0.58145,42.92331],[-0.5811,42.92247],[-0.58077,42.922],[-0.58074,42.92155],[-0.58049,42.9211],[-0.58048,42.92081],[-0.58059,42.92052],[-0.58049,42.91965],[-0.58026,42.91915],[-0.57946,42.91829],[-0.57832,42.91724],[-0.57718,42.91663],[-0.57707,42.91631],[-0.57705,42.9159],[-0.5773,42.91475],[-0.57724,42.9143],[-0.57688,42.91372],[-0.57553,42.91219],[-0.57553,42.9119],[-0.57571,42.91162],[-0.57666,42.91082],[-0.5767,42.91062],[-0.57668,42.91048],[-0.57611,42.91014],[-0.57593,42.90985],[-0.57599,42.9096],[-0.57653,42.90911],[-0.57639,42.90886],[-0.57605,42.90862],[-0.57595,42.90843],[-0.57595,42.90827],[-0.57613,42.90802],[-0.57605,42.9075],[-0.57551,42.90697],[-0.57364,42.90581],[-0.57327,42.90415],[-0.573,42.90361],[-0.57292,42.90326],[-0.57253,42.90273],[-0.57231,42.90221],[-0.57166,42.90169],[-0.57088,42.90136],[-0.57069,42.90112],[-0.57075,42.90077],[-0.5716,42.90042],[-0.57204,42.89989],[-0.57209,42.89947],[-0.57174,42.89892],[-0.57171,42.89854],[-0.57136,42.89843],[-0.57004,42.89838],[-0.56965,42.89819],[-0.5693,42.89787],[-0.56913,42.89749],[-0.56878,42.89713],[-0.5678,42.8955],[-0.56754,42.89525],[-0.56653,42.89476],[-0.56615,42.89437],[-0.56603,42.89416],[-0.566,42.89361],[-0.56548,42.89306],[-0.56537,42.89284],[-0.5654,42.8927],[-0.56587,42.89221],[-0.56565,42.89103],[-0.56554,42.89081],[-0.56517,42.89054],[-0.56415,42.88955],[-0.56349,42.88863],[-0.5634,42.88826],[-0.56339,42.88756],[-0.56369,42.88655],[-0.56358,42.88618],[-0.56328,42.88616],[-0.56279,42.88678],[-0.5619,42.88716],[-0.56161,42.88746],[-0.56234,42.88834],[-0.56241,42.88899],[-0.56269,42.89013],[-0.56237,42.89093],[-0.56257,42.89191],[-0.56206,42.89244],[-0.56198,42.89287],[-0.5624,42.89357],[-0.56242,42.89413],[-0.56256,42.89439],[-0.56261,42.89478],[-0.56304,42.89553],[-0.56388,42.89636],[-0.56421,42.89659],[-0.56496,42.89747],[-0.56504,42.89774],[-0.56498,42.89803],[-0.56609,42.89838],[-0.56637,42.89858],[-0.56658,42.89889],[-0.56694,42.89971],[-0.56673,42.90034],[-0.56666,42.9009],[-0.5665,42.90142],[-0.56653,42.90169],[-0.56702,42.90247],[-0.568,42.90331],[-0.56822,42.90381],[-0.56817,42.90423],[-0.56794,42.90467],[-0.56791,42.90489],[-0.56838,42.90612],[-0.56825,42.90711],[-0.56863,42.90846],[-0.56865,42.90961],[-0.56878,42.91051],[-0.56857,42.91097],[-0.56843,42.91161],[-0.56782,42.91224],[-0.56746,42.913],[-0.56665,42.91331],[-0.56602,42.91385],[-0.56599,42.91413],[-0.56647,42.91439],[-0.56721,42.91446],[-0.56739,42.91468],[-0.56729,42.91503],[-0.56741,42.91526],[-0.56872,42.91548],[-0.56944,42.91525],[-0.56998,42.91553],[-0.57083,42.91563],[-0.57105,42.91582],[-0.57121,42.91611],[-0.57169,42.91652],[-0.57179,42.91698],[-0.57314,42.91742],[-0.57439,42.91816],[-0.57498,42.91888],[-0.5752,42.91972],[-0.57595,42.92111],[-0.57622,42.92192],[-0.57775,42.92333],[-0.57805,42.92383],[-0.57832,42.92469],[-0.57836,42.92501],[-0.57824,42.92555],[-0.57828,42.926],[-0.57856,42.9272],[-0.57876,42.92773],[-0.57826,42.92857],[-0.57808,42.92919],[-0.57747,42.92976],[-0.5761,42.93025],[-0.57442,42.93165],[-0.57493,42.93172],[-0.57597,42.93165],[-0.5767,42.93169],[-0.57753,42.93191],[-0.57819,42.93226],[-0.57863,42.93273],[-0.57891,42.93354],[-0.57885,42.93388],[-0.57914,42.93557],[-0.57992,42.93673],[-0.58025,42.93754],[-0.58082,42.93767],[-0.58444,42.93913],[-0.5861,42.9397],[-0.58701,42.94024],[-0.58827,42.94081],[-0.5889,42.94121],[-0.59011,42.94156],[-0.59188,42.94184],[-0.5925,42.94186],[-0.59387,42.94164],[-0.59497,42.94129],[-0.59538,42.94123],[-0.59802,42.9415],[-0.59882,42.94172],[-0.59923,42.94192],[-0.60027,42.9427],[-0.60077,42.94391],[-0.60178,42.94459],[-0.60212,42.94524],[-0.60271,42.94609]],[[-0.62609,42.93167],[-0.62609,42.93151],[-0.62604,42.93163],[-0.62609,42.93167]],[[-0.56015,42.8822],[-0.5625,42.88413],[-0.56278,42.88424],[-0.56328,42.88429],[-0.56333,42.88412],[-0.56304,42.88387],[-0.56264,42.88284],[-0.56277,42.8822]]]}},{"type":"Feature","properties":{"ele":740},"geometry":{"type":"MultiLineString","coordinates":[[[-0.61935,42.94609],[-0.61929,42.94579],[-0.6194,42.94552],[-0.62064,42.94397],[-0.62089,42.94352],[-0.62136,42.94302],[-0.6225,42.94222],[-0.62301,42.9416],[-0.62331,42.94108],[-0.62345,42.94049],[-0.62388,42.93999],[-0.62396,42.93947],[-0.62422,42.93864],[-0.62471,42.93776],[-0.62478,42.93722],[-0.62533,42.93641],[-0.62562,42.93557],[-0.62633,42.93497],[-0.62657,42.93458],[-0.62665,42.93373],[-0.62686,42.93356],[-0.62753,42.93332],[-0.62779,42.93316],[-0.62837,42.93229],[-0.62913,42.93191],[-0.62976,42.93176],[-0.63055,42.93136],[-0.62906,42.93087],[-0.62795,42.93084],[-0.62635,42.93112],[-0.62606,42.93077],[-0.62602,42.93052],[-0.62611,42.93023],[-0.62566,42.92997],[-0.62527,42.92942],[-0.62444,42.92981],[-0.62388,42.92998],[-0.62359,42.93015],[-0.62321,42.93054],[-0.62273,42.93078],[-0.62237,42.93107],[-0.62203,42.93189],[-0.62083,42.9336],[-0.62038,42.93411],[-0.62025,42.93448],[-0.61858,42.9351],[-0.61726,42.93539],[-0.61692,42.93532],[-0.61667,42.93495],[-0.61642,42.9349],[-0.61535,42.93504],[-0.61497,42.9352],[-0.61493,42.93537],[-0.61505,42.93603],[-0.61498,42.93633],[-0.61444,42.93721],[-0.61436,42.93777],[-0.61422,42.93813],[-0.6136,42.939],[-0.61316,42.93944],[-0.61247,42.93996],[-0.61052,42.94095],[-0.60999,42.94109],[-0.60963,42.94086],[-0.60941,42.94056],[-0.60941,42.94006],[-0.60933,42.93992],[-0.60891,42.93962],[-0.60816,42.93941],[-0.60767,42.93916],[-0.60757,42.93882],[-0.60718,42.93833],[-0.60618,42.9375],[-0.60554,42.93668],[-0.60511,42.93634],[-0.60475,42.93578],[-0.60427,42.93542],[-0.60406,42.93538],[-0.60326,42.93552],[-0.60244,42.93548],[-0.60149,42.93593],[-0.60024,42.93594],[-0.59967,42.93586],[-0.59882,42.93555],[-0.59662,42.93521],[-0.59465,42.93444],[-0.59453,42.93408],[-0.59338,42.93329],[-0.59254,42.93249],[-0.59191,42.93166],[-0.59175,42.93156],[-0.5909,42.93148],[-0.59029,42.93133],[-0.58995,42.93111],[-0.58941,42.93057],[-0.5889,42.93037],[-0.58838,42.93003],[-0.58693,42.92963],[-0.58636,42.92897],[-0.58582,42.92803],[-0.58503,42.92713],[-0.58471,42.92608],[-0.58443,42.92553],[-0.5841,42.92535],[-0.5828,42.92495],[-0.58229,42.92439],[-0.58161,42.92333],[-0.58097,42.92201],[-0.58094,42.92155],[-0.5807,42.92109],[-0.58075,42.92055],[-0.58064,42.92017],[-0.58061,42.91942],[-0.58049,42.9192],[-0.57886,42.91749],[-0.57832,42.91707],[-0.57739,42.91666],[-0.5772,42.91643],[-0.57711,42.91586],[-0.57735,42.91475],[-0.57728,42.91423],[-0.57691,42.91362],[-0.57587,42.91247],[-0.57565,42.91208],[-0.57582,42.91165],[-0.57665,42.911],[-0.57687,42.91062],[-0.57678,42.91027],[-0.57621,42.91003],[-0.57607,42.90973],[-0.57674,42.9092],[-0.57683,42.90902],[-0.5768,42.90885],[-0.57633,42.90861],[-0.57624,42.9084],[-0.57626,42.90825],[-0.57653,42.90794],[-0.57651,42.9075],[-0.57611,42.90718],[-0.57591,42.90684],[-0.57522,42.90667],[-0.57383,42.90584],[-0.57362,42.90517],[-0.57368,42.90417],[-0.57331,42.90335],[-0.57271,42.9028],[-0.57244,42.90223],[-0.5722,42.90197],[-0.57164,42.90151],[-0.57117,42.90133],[-0.57093,42.90112],[-0.57097,42.901],[-0.57112,42.9009],[-0.57168,42.90086],[-0.57224,42.89977],[-0.57227,42.8994],[-0.57192,42.89887],[-0.57191,42.89852],[-0.57168,42.89831],[-0.57009,42.8983],[-0.56968,42.89809],[-0.56935,42.89779],[-0.56923,42.89743],[-0.56881,42.89696],[-0.56851,42.89634],[-0.5679,42.89542],[-0.56774,42.89526],[-0.56681,42.89486],[-0.5663,42.89443],[-0.5662,42.89419],[-0.56616,42.8936],[-0.56564,42.89307],[-0.56552,42.89277],[-0.56586,42.89248],[-0.566,42.89221],[-0.56582,42.89107],[-0.56562,42.89073],[-0.5653,42.89045],[-0.56496,42.89],[-0.56444,42.88967],[-0.5639,42.88912],[-0.56355,42.88852],[-0.56349,42.88756],[-0.56378,42.88659],[-0.56358,42.88565],[-0.56276,42.88664],[-0.56184,42.88708],[-0.56165,42.8872],[-0.56151,42.88742],[-0.56163,42.88774],[-0.56218,42.88836],[-0.56249,42.89023],[-0.56216,42.89075],[-0.56231,42.89189],[-0.56192,42.89234],[-0.56187,42.89284],[-0.56223,42.89358],[-0.56224,42.89416],[-0.56266,42.89522],[-0.56364,42.89632],[-0.56412,42.89665],[-0.56436,42.89694],[-0.56478,42.89757],[-0.56481,42.89777],[-0.5647,42.89804],[-0.56504,42.89821],[-0.56615,42.8985],[-0.56643,42.8988],[-0.56673,42.89939],[-0.56679,42.89971],[-0.56653,42.90034],[-0.56649,42.9009],[-0.56632,42.90137],[-0.56634,42.90163],[-0.56685,42.90248],[-0.56778,42.90319],[-0.56804,42.90358],[-0.56804,42.90411],[-0.56773,42.90476],[-0.56817,42.90596],[-0.56809,42.90704],[-0.56845,42.90805],[-0.56855,42.90864],[-0.56854,42.90965],[-0.56864,42.91041],[-0.56832,42.91149],[-0.56767,42.91218],[-0.5672,42.91303],[-0.56657,42.91327],[-0.5661,42.91365],[-0.56567,42.91386],[-0.5655,42.91414],[-0.56608,42.91443],[-0.56708,42.91467],[-0.56712,42.91482],[-0.56693,42.91526],[-0.56795,42.91545],[-0.5689,42.91582],[-0.57042,42.91596],[-0.57084,42.91611],[-0.57146,42.91657],[-0.57154,42.91696],[-0.57168,42.91712],[-0.57303,42.91748],[-0.57393,42.91799],[-0.57446,42.91839],[-0.57491,42.91891],[-0.57513,42.91985],[-0.57555,42.92079],[-0.57589,42.9213],[-0.57608,42.92198],[-0.57777,42.92349],[-0.57802,42.92391],[-0.5783,42.92484],[-0.57832,42.925],[-0.57816,42.92548],[-0.57818,42.926],[-0.57871,42.92773],[-0.57819,42.92858],[-0.57796,42.92911],[-0.57737,42.92962],[-0.57636,42.92997],[-0.57583,42.93026],[-0.57415,42.93165],[-0.57441,42.93185],[-0.57462,42.9319],[-0.57601,42.93177],[-0.57701,42.93187],[-0.57776,42.9322],[-0.57835,42.93273],[-0.57863,42.93358],[-0.57882,42.93522],[-0.57905,42.93584],[-0.57984,42.93711],[-0.5799,42.93742],[-0.5798,42.93772],[-0.57988,42.93783],[-0.58063,42.93781],[-0.58325,42.93888],[-0.58606,42.93991],[-0.58865,42.94144],[-0.59201,42.942],[-0.59309,42.94197],[-0.59583,42.9414],[-0.59785,42.94158],[-0.59882,42.9418],[-0.59911,42.94194],[-0.60015,42.94274],[-0.60063,42.94389],[-0.60083,42.94413],[-0.60141,42.9444],[-0.6017,42.94466],[-0.60189,42.94527],[-0.60253,42.94609]],[[-0.56498,42.91417],[-0.56508,42.91414],[-0.56487,42.91414],[-0.56498,42.91417]],[[-0.55994,42.8822],[-0.56247,42.88423],[-0.56311,42.88461],[-0.56347,42.88504],[-0.56359,42.88531],[-0.56349,42.88412],[-0.56304,42.88338],[-0.56283,42.88284],[-0.56297,42.8822]]]}},{"type":"Feature","properties":{"ele":760},"geometry":{"type":"MultiLineString","coordinates":[[[-0.61962,42.94609],[-0.61958,42.94576],[-0.61965,42.9455],[-0.62096,42.94399],[-0.62136,42.9433],[-0.62161,42.94301],[-0.62268,42.94223],[-0.62347,42.94131],[-0.6237,42.9409],[-0.62381,42.94049],[-0.62417,42.93999],[-0.62439,42.93919],[-0.62445,42.93863],[-0.62495,42.938],[-0.62521,42.93698],[-0.62559,42.9364],[-0.62578,42.93578],[-0.626,42.9355],[-0.62666,42.93502],[-0.6269,42.93472],[-0.62705,42.93388],[-0.62807,42.93338],[-0.62854,42.93272],[-0.6294,42.9322],[-0.6307,42.932],[-0.63138,42.93169],[-0.63176,42.93133],[-0.632,42.9308],[-0.6309,42.93101],[-0.62969,42.93045],[-0.62865,42.9306],[-0.62799,42.93049],[-0.62736,42.93065],[-0.62688,42.93067],[-0.62662,42.93055],[-0.62649,42.93022],[-0.62618,42.92978],[-0.62624,42.92936],[-0.62585,42.9291],[-0.62549,42.92897],[-0.62525,42.92899],[-0.62486,42.92923],[-0.62387,42.92958],[-0.62361,42.92975],[-0.6231,42.93038],[-0.62257,42.93054],[-0.62216,42.93077],[-0.6218,42.93128],[-0.62175,42.93183],[-0.62141,42.93248],[-0.62041,42.93385],[-0.61994,42.93414],[-0.61985,42.93444],[-0.61888,42.93472],[-0.61795,42.93479],[-0.61733,42.93494],[-0.61656,42.93461],[-0.61466,42.93487],[-0.61457,42.93517],[-0.61476,42.93577],[-0.61476,42.93611],[-0.61422,42.93714],[-0.61407,42.93787],[-0.61386,42.93832],[-0.61328,42.939],[-0.61249,42.9397],[-0.61115,42.94041],[-0.60998,42.94081],[-0.60977,42.94055],[-0.60974,42.94022],[-0.60963,42.93997],[-0.60893,42.93951],[-0.60799,42.93916],[-0.60793,42.93882],[-0.60725,42.93804],[-0.6064,42.93746],[-0.60578,42.93666],[-0.60523,42.93618],[-0.60493,42.93571],[-0.60422,42.93515],[-0.60399,42.93512],[-0.60333,42.93529],[-0.60238,42.93523],[-0.60214,42.9353],[-0.60139,42.93572],[-0.60063,42.93569],[-0.60004,42.93576],[-0.59865,42.93533],[-0.59684,42.93501],[-0.59539,42.93442],[-0.59532,42.93414],[-0.5942,42.93349],[-0.59369,42.93292],[-0.5933,42.93275],[-0.59251,42.93174],[-0.59194,42.9312],[-0.59033,42.93076],[-0.58973,42.93024],[-0.58911,42.93009],[-0.58837,42.92968],[-0.58721,42.92942],[-0.58524,42.92694],[-0.58474,42.9255],[-0.58444,42.92525],[-0.58365,42.92507],[-0.583,42.92479],[-0.58256,42.92426],[-0.58227,42.92358],[-0.58195,42.92327],[-0.58173,42.92274],[-0.58137,42.92221],[-0.58133,42.92192],[-0.5814,42.92163],[-0.58105,42.92109],[-0.58106,42.92065],[-0.58089,42.92003],[-0.58093,42.91937],[-0.58085,42.91886],[-0.58027,42.91801],[-0.58,42.91781],[-0.57968,42.91776],[-0.57963,42.9175],[-0.57974,42.91721],[-0.5797,42.91692],[-0.57912,42.91658],[-0.57785,42.91662],[-0.57752,42.91651],[-0.57736,42.91633],[-0.57722,42.91579],[-0.57747,42.91475],[-0.57741,42.91423],[-0.57693,42.91339],[-0.57609,42.91248],[-0.57593,42.91208],[-0.57602,42.91183],[-0.57696,42.91109],[-0.57718,42.91073],[-0.57753,42.9104],[-0.57766,42.91013],[-0.57766,42.90992],[-0.57754,42.9097],[-0.57713,42.9094],[-0.5772,42.90914],[-0.57754,42.90859],[-0.57736,42.90831],[-0.57732,42.90777],[-0.57709,42.90725],[-0.57727,42.90691],[-0.57677,42.90639],[-0.57685,42.90607],[-0.57667,42.90588],[-0.57646,42.90588],[-0.57607,42.90608],[-0.57528,42.90628],[-0.57473,42.90608],[-0.57429,42.90575],[-0.57413,42.90519],[-0.57477,42.90439],[-0.57402,42.90358],[-0.57384,42.90305],[-0.57305,42.90275],[-0.57279,42.90248],[-0.5724,42.90169],[-0.5726,42.90124],[-0.57232,42.90065],[-0.57229,42.90041],[-0.57263,42.89944],[-0.57234,42.89867],[-0.57223,42.89802],[-0.57052,42.89816],[-0.56996,42.89806],[-0.56961,42.89776],[-0.56947,42.89738],[-0.56902,42.89683],[-0.56889,42.89635],[-0.56818,42.8953],[-0.56721,42.89494],[-0.56683,42.89471],[-0.56656,42.89443],[-0.5665,42.89419],[-0.56655,42.89362],[-0.56596,42.89313],[-0.56584,42.89293],[-0.56581,42.89275],[-0.56629,42.89247],[-0.56638,42.8922],[-0.56584,42.89067],[-0.56524,42.88974],[-0.56415,42.88916],[-0.56387,42.88886],[-0.56368,42.88846],[-0.56365,42.88753],[-0.56394,42.88655],[-0.56389,42.88501],[-0.56368,42.88402],[-0.56314,42.88284],[-0.56325,42.8822]],[[-0.60214,42.94609],[-0.60149,42.9453],[-0.6014,42.94468],[-0.60052,42.94416],[-0.60014,42.94326],[-0.59988,42.94285],[-0.59914,42.94221],[-0.59862,42.94191],[-0.59719,42.94169],[-0.59597,42.94168],[-0.5951,42.94192],[-0.59299,42.94229],[-0.59109,42.9422],[-0.59013,42.94192],[-0.58913,42.9418],[-0.58831,42.94193],[-0.58784,42.94157],[-0.58716,42.94123],[-0.58677,42.94076],[-0.58545,42.94011],[-0.5831,42.93923],[-0.58142,42.93846],[-0.58024,42.93816],[-0.57927,42.93839],[-0.57908,42.93837],[-0.57903,42.93822],[-0.57941,42.93773],[-0.57947,42.93743],[-0.57827,42.93502],[-0.57831,42.93423],[-0.57818,42.93385],[-0.57811,42.93306],[-0.57799,42.93283],[-0.5774,42.93233],[-0.57695,42.9321],[-0.57604,42.93201],[-0.57438,42.93211],[-0.5739,42.93192],[-0.57348,42.93148],[-0.57348,42.93133],[-0.57441,42.93107],[-0.57491,42.93051],[-0.57581,42.92997],[-0.5774,42.92933],[-0.57787,42.92893],[-0.57863,42.92775],[-0.57798,42.92609],[-0.57798,42.92541],[-0.57816,42.92492],[-0.57809,42.92443],[-0.57775,42.9237],[-0.57719,42.92332],[-0.57664,42.92276],[-0.57593,42.9222],[-0.57571,42.92164],[-0.57537,42.92127],[-0.57512,42.92037],[-0.57486,42.91995],[-0.57473,42.91885],[-0.57389,42.91822],[-0.57284,42.91769],[-0.57162,42.9175],[-0.57097,42.91724],[-0.57076,42.91693],[-0.5709,42.91667],[-0.57081,42.91658],[-0.56993,42.91655],[-0.56934,42.91679],[-0.56891,42.9167],[-0.56855,42.91611],[-0.56805,42.91576],[-0.56761,42.91561],[-0.56652,42.91555],[-0.56648,42.91541],[-0.56665,42.91496],[-0.56566,42.91463],[-0.56426,42.91443],[-0.56353,42.91399],[-0.56298,42.91387],[-0.56431,42.91385],[-0.5649,42.91375],[-0.56594,42.91347],[-0.5667,42.91302],[-0.56722,42.91222],[-0.56809,42.91135],[-0.5684,42.91027],[-0.56839,42.90878],[-0.56821,42.90801],[-0.56775,42.90693],[-0.5678,42.90548],[-0.5672,42.9047],[-0.56741,42.90444],[-0.56748,42.90414],[-0.56776,42.90387],[-0.56777,42.90358],[-0.56757,42.90325],[-0.56652,42.90248],[-0.56567,42.90086],[-0.56579,42.90023],[-0.56627,42.89923],[-0.56624,42.89889],[-0.56606,42.89864],[-0.56582,42.89853],[-0.56436,42.89835],[-0.56444,42.89774],[-0.5641,42.89696],[-0.56304,42.89609],[-0.56249,42.89552],[-0.56206,42.89471],[-0.56192,42.89424],[-0.56187,42.89388],[-0.56193,42.89358],[-0.56154,42.89201],[-0.56174,42.89128],[-0.56174,42.89058],[-0.56194,42.89024],[-0.56212,42.88937],[-0.56187,42.88828],[-0.56168,42.88801],[-0.56106,42.88747],[-0.56167,42.88695],[-0.56257,42.88645],[-0.56303,42.88596],[-0.56317,42.88558],[-0.56308,42.88507],[-0.56279,42.88471],[-0.56196,42.88396],[-0.56139,42.8835],[-0.56003,42.88264],[-0.55968,42.8822]]]}},{"type":"Feature","properties":{"ele":770},"geometry":{"type":"MultiLineString","coordinates":[[[-0.61974,42.94609],[-0.61972,42.94565],[-0.61979,42.94548],[-0.62106,42.9441],[-0.62154,42.94321],[-0.62279,42.94221],[-0.62335,42.94165],[-0.62382,42.94105],[-0.62397,42.94051],[-0.62451,42.93942],[-0.6246,42.93859],[-0.62514,42.93797],[-0.62535,42.93701],[-0.62575,42.93636],[-0.62592,42.93579],[-0.6261,42.93554],[-0.62662,42.9352],[-0.627,42.93477],[-0.6272,42.93402],[-0.62805,42.93359],[-0.62886,42.93275],[-0.62955,42.93248],[-0.63083,42.93221],[-0.63136,42.93191],[-0.63197,42.93138],[-0.63267,42.93052],[-0.63212,42.93048],[-0.63106,42.93083],[-0.63081,42.93081],[-0.6304,42.93059],[-0.63014,42.93028],[-0.62998,42.93022],[-0.62879,42.93045],[-0.62802,42.93033],[-0.62737,42.9305],[-0.62699,42.93052],[-0.62635,42.92971],[-0.62667,42.92942],[-0.62652,42.92895],[-0.62638,42.9288],[-0.62601,42.92869],[-0.62527,42.92881],[-0.62486,42.92907],[-0.62385,42.92939],[-0.62353,42.92964],[-0.62306,42.93028],[-0.62213,42.93055],[-0.62166,42.93115],[-0.6216,42.93183],[-0.62144,42.93225],[-0.6205,42.93358],[-0.62017,42.93393],[-0.61941,42.93414],[-0.61932,42.93444],[-0.61865,42.9346],[-0.61781,42.93459],[-0.61724,42.93475],[-0.61653,42.93448],[-0.61507,42.93464],[-0.61444,42.9346],[-0.6144,42.93504],[-0.61461,42.93576],[-0.61461,42.936],[-0.61414,42.93706],[-0.6139,42.93803],[-0.61373,42.93832],[-0.61328,42.93884],[-0.61245,42.9396],[-0.61111,42.94031],[-0.61031,42.9405],[-0.61,42.94037],[-0.60977,42.93998],[-0.60935,42.93969],[-0.60819,42.93917],[-0.60804,42.93866],[-0.60766,42.93838],[-0.60748,42.93804],[-0.60656,42.93749],[-0.60593,42.93665],[-0.60526,42.93609],[-0.60494,42.93559],[-0.6042,42.93504],[-0.60392,42.93501],[-0.6033,42.93517],[-0.60233,42.93513],[-0.60192,42.93525],[-0.60134,42.93561],[-0.60056,42.93557],[-0.59997,42.93565],[-0.59856,42.93521],[-0.59681,42.93487],[-0.59577,42.93444],[-0.59567,42.93412],[-0.595,42.93385],[-0.59456,42.93356],[-0.59426,42.93331],[-0.59385,42.93277],[-0.59331,42.93248],[-0.59269,42.93168],[-0.59194,42.931],[-0.59051,42.93054],[-0.59017,42.93025],[-0.58969,42.93001],[-0.5891,42.92992],[-0.58856,42.92961],[-0.58775,42.92942],[-0.5872,42.92917],[-0.58543,42.92698],[-0.58481,42.92544],[-0.58449,42.92519],[-0.58358,42.92498],[-0.58306,42.92468],[-0.58257,42.92377],[-0.58219,42.92331],[-0.5817,42.92248],[-0.58157,42.92204],[-0.58158,42.92162],[-0.58122,42.9211],[-0.58119,42.92058],[-0.58103,42.92003],[-0.58117,42.91888],[-0.5809,42.9185],[-0.58063,42.91778],[-0.5804,42.91742],[-0.58026,42.91692],[-0.57999,42.91663],[-0.57925,42.91635],[-0.57788,42.91653],[-0.57748,42.91638],[-0.57739,42.91621],[-0.57728,42.91576],[-0.57755,42.91471],[-0.57747,42.91419],[-0.57695,42.91329],[-0.57638,42.91274],[-0.57608,42.91219],[-0.57614,42.91192],[-0.57721,42.91109],[-0.57736,42.91079],[-0.57773,42.91047],[-0.57788,42.9101],[-0.57779,42.9096],[-0.57746,42.90917],[-0.57776,42.90887],[-0.57785,42.90858],[-0.57738,42.90746],[-0.57739,42.90718],[-0.57762,42.9069],[-0.57718,42.90637],[-0.57732,42.9059],[-0.57727,42.90555],[-0.57693,42.90524],[-0.57594,42.90484],[-0.57527,42.90447],[-0.57466,42.90388],[-0.57438,42.90335],[-0.57398,42.90291],[-0.573,42.90249],[-0.57285,42.90187],[-0.57297,42.90135],[-0.57244,42.90055],[-0.57279,42.89944],[-0.57254,42.8986],[-0.57248,42.89801],[-0.57215,42.89786],[-0.57056,42.89809],[-0.57002,42.89798],[-0.56975,42.89775],[-0.56953,42.89724],[-0.56918,42.89689],[-0.56898,42.89628],[-0.56836,42.89526],[-0.56719,42.89485],[-0.56693,42.8947],[-0.56669,42.89442],[-0.56664,42.89414],[-0.56671,42.89357],[-0.56607,42.89309],[-0.566,42.89294],[-0.56605,42.89273],[-0.56651,42.89246],[-0.56657,42.89204],[-0.56583,42.89045],[-0.56534,42.88967],[-0.56497,42.88943],[-0.56418,42.8891],[-0.56391,42.8888],[-0.56374,42.88846],[-0.56371,42.88753],[-0.56402,42.88655],[-0.56402,42.8851],[-0.56378,42.88405],[-0.56326,42.88282],[-0.56339,42.8822]],[[-0.60193,42.94609],[-0.60132,42.94533],[-0.6013,42.94496],[-0.60115,42.94472],[-0.60061,42.9444],[-0.60043,42.94421],[-0.6,42.94326],[-0.59964,42.94281],[-0.59912,42.94234],[-0.59837,42.94198],[-0.59708,42.94177],[-0.59615,42.9418],[-0.5931,42.94249],[-0.59236,42.94237],[-0.59111,42.94233],[-0.58997,42.94201],[-0.58916,42.94192],[-0.58886,42.94191],[-0.5884,42.9421],[-0.58816,42.94212],[-0.58779,42.94183],[-0.58691,42.94137],[-0.58642,42.94079],[-0.58526,42.94025],[-0.58307,42.9394],[-0.58136,42.93859],[-0.58014,42.93835],[-0.57955,42.93844],[-0.57916,42.93859],[-0.57892,42.93857],[-0.5788,42.93825],[-0.5792,42.93777],[-0.57924,42.93746],[-0.57803,42.93499],[-0.57785,42.93295],[-0.57736,42.93248],[-0.5769,42.93221],[-0.57604,42.93212],[-0.57434,42.93222],[-0.57386,42.93206],[-0.57324,42.93165],[-0.57317,42.93139],[-0.57331,42.9312],[-0.57414,42.931],[-0.57443,42.93081],[-0.57468,42.93051],[-0.57557,42.92998],[-0.57714,42.92935],[-0.57769,42.92904],[-0.5786,42.92775],[-0.57784,42.92617],[-0.57788,42.92534],[-0.57809,42.92494],[-0.57804,42.92442],[-0.57777,42.92382],[-0.57748,42.92359],[-0.5771,42.92341],[-0.57648,42.92274],[-0.576,42.92245],[-0.57577,42.9222],[-0.57554,42.92165],[-0.57522,42.92141],[-0.57502,42.92046],[-0.57469,42.91998],[-0.5747,42.91903],[-0.57459,42.91886],[-0.57414,42.91859],[-0.57387,42.91831],[-0.57269,42.91778],[-0.57163,42.9177],[-0.57082,42.91748],[-0.56999,42.9169],[-0.56941,42.91707],[-0.56896,42.91698],[-0.56886,42.91692],[-0.56832,42.91609],[-0.56784,42.9158],[-0.56729,42.91572],[-0.56638,42.91575],[-0.56629,42.91558],[-0.56631,42.9152],[-0.56614,42.91497],[-0.56417,42.91455],[-0.56351,42.91425],[-0.56288,42.91409],[-0.56222,42.91418],[-0.56191,42.91414],[-0.56244,42.91407],[-0.56258,42.91385],[-0.56285,42.91376],[-0.56434,42.91371],[-0.56576,42.9134],[-0.56644,42.91304],[-0.56682,42.91242],[-0.56787,42.91141],[-0.56804,42.91112],[-0.5683,42.91024],[-0.56832,42.90885],[-0.5681,42.90801],[-0.56757,42.9069],[-0.56751,42.90631],[-0.5676,42.90553],[-0.56721,42.90497],[-0.56685,42.90464],[-0.56685,42.90413],[-0.56755,42.90387],[-0.56751,42.90333],[-0.56663,42.90278],[-0.56637,42.90248],[-0.56561,42.90107],[-0.56518,42.90055],[-0.56529,42.90029],[-0.56563,42.89997],[-0.56581,42.89912],[-0.5661,42.89886],[-0.56559,42.89855],[-0.56448,42.89853],[-0.56418,42.8984],[-0.56423,42.8977],[-0.56393,42.89692],[-0.56325,42.89648],[-0.56279,42.89606],[-0.56229,42.89546],[-0.56182,42.89447],[-0.56173,42.89326],[-0.56132,42.89183],[-0.56152,42.89096],[-0.56154,42.89053],[-0.56194,42.88972],[-0.56199,42.8893],[-0.56173,42.88822],[-0.56141,42.8879],[-0.56073,42.88747],[-0.56174,42.88677],[-0.56249,42.88637],[-0.56303,42.88578],[-0.56303,42.88528],[-0.56285,42.88493],[-0.56201,42.88409],[-0.56138,42.88358],[-0.55998,42.88275],[-0.55957,42.8822]],[[-0.57526,42.90598],[-0.57547,42.90578],[-0.57529,42.90549],[-0.575,42.90545],[-0.57469,42.90552],[-0.5748,42.90584],[-0.57526,42.90598]],[[-0.57526,42.90506],[-0.57535,42.90497],[-0.57525,42.90489],[-0.57493,42.90497],[-0.57526,42.90506]]]}},{"type":"Feature","properties":{"ele":780},"geometry":{"type":"MultiLineString","coordinates":[[[-0.61985,42.94609],[-0.61989,42.94548],[-0.62111,42.94424],[-0.6216,42.94326],[-0.6232,42.94191],[-0.62405,42.94093],[-0.62413,42.94051],[-0.62468,42.93937],[-0.62471,42.93862],[-0.62529,42.93804],[-0.62552,42.93694],[-0.62585,42.93642],[-0.62606,42.93579],[-0.62698,42.93498],[-0.6273,42.93448],[-0.62739,42.93411],[-0.62833,42.93359],[-0.62909,42.93295],[-0.62974,42.93279],[-0.63134,42.93217],[-0.63166,42.93193],[-0.6327,42.93074],[-0.63337,42.93054],[-0.63369,42.93025],[-0.63267,42.93019],[-0.63104,42.93068],[-0.63073,42.9306],[-0.63036,42.93019],[-0.63007,42.93009],[-0.62885,42.93029],[-0.62806,42.93016],[-0.62717,42.93033],[-0.62697,42.93022],[-0.62663,42.92971],[-0.62709,42.92938],[-0.62714,42.9289],[-0.62667,42.92855],[-0.62632,42.92845],[-0.62566,42.92853],[-0.62483,42.92893],[-0.62386,42.92923],[-0.62358,42.9294],[-0.623,42.93012],[-0.62273,42.93025],[-0.62219,42.93034],[-0.62188,42.93051],[-0.62153,42.93114],[-0.62149,42.9318],[-0.62136,42.93219],[-0.62033,42.93365],[-0.62003,42.9339],[-0.61885,42.93414],[-0.6188,42.9344],[-0.61861,42.93446],[-0.6182,42.93444],[-0.61808,42.93413],[-0.61771,42.93412],[-0.6176,42.93444],[-0.61726,42.93454],[-0.61687,42.93444],[-0.6168,42.93415],[-0.61662,42.93406],[-0.61515,42.93413],[-0.61499,42.93443],[-0.61484,42.93412],[-0.61424,42.93401],[-0.61387,42.93412],[-0.61387,42.93442],[-0.61422,42.93495],[-0.61444,42.9359],[-0.61372,42.93812],[-0.61334,42.93862],[-0.6125,42.93945],[-0.61106,42.94021],[-0.61059,42.94031],[-0.61014,42.94018],[-0.6089,42.93938],[-0.60831,42.93914],[-0.60833,42.93857],[-0.60775,42.93833],[-0.60761,42.938],[-0.60666,42.93746],[-0.60611,42.93663],[-0.60543,42.93613],[-0.60496,42.93549],[-0.60421,42.93494],[-0.60389,42.93491],[-0.60326,42.93506],[-0.60226,42.93503],[-0.60191,42.93512],[-0.60111,42.93553],[-0.60052,42.93545],[-0.59996,42.93555],[-0.5983,42.93504],[-0.59666,42.93469],[-0.59606,42.93443],[-0.59596,42.93412],[-0.59498,42.93372],[-0.59446,42.93333],[-0.59417,42.93274],[-0.59361,42.93244],[-0.59272,42.93142],[-0.59196,42.93081],[-0.59109,42.93053],[-0.59063,42.93018],[-0.59014,42.92996],[-0.58909,42.92975],[-0.58856,42.92945],[-0.58745,42.92916],[-0.58676,42.92834],[-0.58637,42.92803],[-0.58553,42.92693],[-0.58492,42.9254],[-0.58458,42.92513],[-0.58383,42.92499],[-0.58331,42.9247],[-0.58304,42.92414],[-0.58185,42.92249],[-0.58178,42.92221],[-0.58178,42.92167],[-0.58136,42.9211],[-0.58133,42.92055],[-0.58115,42.91996],[-0.5812,42.91951],[-0.58144,42.91884],[-0.58108,42.91841],[-0.58093,42.91757],[-0.58054,42.91691],[-0.5802,42.91657],[-0.57938,42.9162],[-0.57906,42.91619],[-0.57837,42.9164],[-0.57795,42.91644],[-0.57769,42.91639],[-0.57743,42.91616],[-0.57734,42.91572],[-0.57763,42.91475],[-0.57758,42.9143],[-0.57712,42.91342],[-0.57636,42.91257],[-0.57624,42.91225],[-0.57639,42.91193],[-0.57688,42.91162],[-0.57786,42.91057],[-0.57802,42.9102],[-0.57808,42.90846],[-0.57758,42.90739],[-0.57763,42.90718],[-0.57791,42.90686],[-0.57787,42.90662],[-0.57762,42.90636],[-0.57785,42.9059],[-0.57784,42.90569],[-0.57776,42.90553],[-0.57736,42.90531],[-0.57692,42.9047],[-0.57646,42.90459],[-0.57583,42.90426],[-0.57525,42.90416],[-0.57528,42.90386],[-0.57505,42.9036],[-0.57498,42.90331],[-0.57439,42.90276],[-0.57357,42.90248],[-0.57331,42.90193],[-0.57323,42.90139],[-0.57273,42.90084],[-0.57262,42.90062],[-0.57263,42.90044],[-0.57288,42.89992],[-0.57293,42.89954],[-0.57252,42.89745],[-0.57198,42.89775],[-0.57153,42.89788],[-0.57056,42.89802],[-0.57017,42.89794],[-0.56992,42.89777],[-0.56969,42.89722],[-0.56924,42.8968],[-0.56915,42.89664],[-0.56916,42.89635],[-0.56857,42.89528],[-0.56724,42.89479],[-0.56684,42.89446],[-0.56682,42.89358],[-0.56625,42.89311],[-0.56619,42.89297],[-0.56629,42.89274],[-0.56671,42.89248],[-0.56678,42.89218],[-0.56674,42.8919],[-0.56623,42.89117],[-0.56554,42.88969],[-0.56522,42.88943],[-0.56418,42.88901],[-0.56379,42.88843],[-0.56377,42.8876],[-0.5641,42.88659],[-0.56415,42.88517],[-0.56389,42.88412],[-0.56339,42.88284],[-0.56355,42.8822]],[[-0.60173,42.94609],[-0.60121,42.94544],[-0.60113,42.94494],[-0.60041,42.94439],[-0.59997,42.94347],[-0.59939,42.94275],[-0.59913,42.94248],[-0.59826,42.94207],[-0.59745,42.9419],[-0.5966,42.94186],[-0.5959,42.94199],[-0.59536,42.94219],[-0.59451,42.94228],[-0.59309,42.94262],[-0.59219,42.94248],[-0.5911,42.94247],[-0.58993,42.94213],[-0.58899,42.94205],[-0.588,42.94249],[-0.58753,42.94191],[-0.58664,42.94137],[-0.58638,42.94108],[-0.58594,42.94078],[-0.58134,42.93878],[-0.57993,42.93852],[-0.57942,42.93858],[-0.57892,42.93878],[-0.5786,42.93863],[-0.57859,42.9383],[-0.57899,42.93778],[-0.57901,42.93749],[-0.57773,42.93473],[-0.57766,42.93433],[-0.57768,42.93308],[-0.57761,42.93292],[-0.5771,42.93248],[-0.5766,42.93228],[-0.57597,42.93224],[-0.57472,42.93235],[-0.57382,42.93221],[-0.57303,42.93169],[-0.57287,42.93128],[-0.57292,42.93105],[-0.57399,42.9309],[-0.57472,42.93033],[-0.57533,42.92998],[-0.57752,42.92908],[-0.57778,42.92888],[-0.57846,42.92777],[-0.57834,42.92741],[-0.57768,42.92621],[-0.57777,42.9253],[-0.57801,42.92475],[-0.57777,42.92396],[-0.57749,42.92371],[-0.57699,42.92353],[-0.57638,42.92275],[-0.57584,42.92246],[-0.57509,42.92145],[-0.5748,42.92034],[-0.57437,42.91997],[-0.5745,42.91933],[-0.57439,42.91889],[-0.57363,42.91828],[-0.57313,42.91816],[-0.57257,42.9179],[-0.57142,42.91784],[-0.57066,42.91769],[-0.56997,42.91725],[-0.56931,42.9173],[-0.5689,42.91718],[-0.56834,42.91632],[-0.56778,42.91594],[-0.56715,42.91585],[-0.56613,42.91597],[-0.56599,42.91581],[-0.56612,42.91534],[-0.56603,42.91519],[-0.56399,42.91465],[-0.56326,42.91433],[-0.56261,42.91426],[-0.56207,42.91443],[-0.56171,42.91445],[-0.56157,42.91442],[-0.56127,42.91416],[-0.56274,42.91365],[-0.56432,42.91356],[-0.56554,42.91331],[-0.56616,42.91306],[-0.56655,42.91246],[-0.56773,42.91136],[-0.56787,42.91113],[-0.56819,42.9102],[-0.56824,42.90888],[-0.56801,42.90809],[-0.56737,42.90689],[-0.56727,42.90631],[-0.56738,42.90569],[-0.56643,42.90444],[-0.56666,42.90398],[-0.56722,42.90386],[-0.56736,42.90364],[-0.56735,42.90343],[-0.56726,42.90329],[-0.5664,42.90271],[-0.56552,42.90118],[-0.56488,42.90052],[-0.56494,42.90024],[-0.56539,42.89994],[-0.5656,42.89939],[-0.56561,42.89885],[-0.56535,42.89866],[-0.56507,42.8986],[-0.56476,42.89868],[-0.56444,42.89892],[-0.56414,42.89889],[-0.56393,42.89853],[-0.56402,42.8978],[-0.56385,42.89729],[-0.56354,42.89691],[-0.56278,42.89634],[-0.56216,42.89553],[-0.56166,42.89466],[-0.56166,42.89413],[-0.56154,42.89367],[-0.56161,42.89319],[-0.56118,42.89197],[-0.56109,42.89136],[-0.56134,42.89051],[-0.56159,42.89017],[-0.56186,42.88954],[-0.56175,42.88853],[-0.56168,42.88828],[-0.56136,42.88796],[-0.56076,42.88762],[-0.56018,42.88747],[-0.56085,42.88725],[-0.56168,42.88667],[-0.56227,42.88639],[-0.56245,42.88606],[-0.56283,42.88579],[-0.56291,42.88555],[-0.56288,42.88527],[-0.56275,42.88499],[-0.56196,42.88412],[-0.56135,42.88365],[-0.5599,42.8828],[-0.55947,42.8822]]]}},{"type":"Feature","properties":{"ele":790},"geometry":{"type":"MultiLineString","coordinates":[[[-0.61996,42.94609],[-0.61997,42.94552],[-0.6211,42.94443],[-0.62148,42.94383],[-0.62167,42.9433],[-0.6233,42.94191],[-0.62424,42.94085],[-0.62432,42.94041],[-0.62481,42.93939],[-0.62486,42.93862],[-0.62543,42.93804],[-0.62559,42.9372],[-0.62619,42.9359],[-0.62638,42.93564],[-0.62718,42.93497],[-0.62761,42.93444],[-0.62769,42.93412],[-0.62914,42.93326],[-0.63004,42.93304],[-0.63051,42.93267],[-0.63172,42.93221],[-0.63251,42.9311],[-0.63279,42.93085],[-0.63413,42.93036],[-0.63501,42.93025],[-0.63417,42.93019],[-0.63331,42.92998],[-0.63277,42.92995],[-0.63109,42.93054],[-0.63075,42.9303],[-0.63077,42.93015],[-0.63093,42.92998],[-0.63079,42.92991],[-0.62967,42.92996],[-0.62879,42.93013],[-0.62806,42.93001],[-0.62743,42.93006],[-0.62721,42.92998],[-0.62701,42.9297],[-0.62742,42.92933],[-0.62752,42.92891],[-0.62749,42.92857],[-0.62725,42.92829],[-0.62674,42.92818],[-0.62579,42.92836],[-0.6249,42.92877],[-0.62362,42.92915],[-0.62288,42.92999],[-0.62192,42.93025],[-0.62164,42.93052],[-0.62139,42.93112],[-0.62138,42.93172],[-0.62121,42.93224],[-0.62056,42.93306],[-0.62026,42.93358],[-0.61994,42.93381],[-0.61865,42.93403],[-0.61792,42.93394],[-0.61722,42.93407],[-0.6166,42.9339],[-0.61601,42.934],[-0.61549,42.93395],[-0.61497,42.93401],[-0.61389,42.93375],[-0.61358,42.93383],[-0.61357,42.93443],[-0.61414,42.93513],[-0.61427,42.9359],[-0.61363,42.93805],[-0.61322,42.93859],[-0.61238,42.93942],[-0.61193,42.9397],[-0.61094,42.94013],[-0.61066,42.94018],[-0.61023,42.94008],[-0.60853,42.93915],[-0.60847,42.93861],[-0.60833,42.93838],[-0.60807,42.93825],[-0.6078,42.93797],[-0.60681,42.93747],[-0.60655,42.93719],[-0.60623,42.93659],[-0.60553,42.9361],[-0.60492,42.93533],[-0.60427,42.93488],[-0.60396,42.93481],[-0.60326,42.93494],[-0.60219,42.93492],[-0.60193,42.93497],[-0.60118,42.93535],[-0.60049,42.93533],[-0.59986,42.93543],[-0.59802,42.93485],[-0.59674,42.93458],[-0.59635,42.93443],[-0.59626,42.93412],[-0.59495,42.93359],[-0.59466,42.9333],[-0.59439,42.93273],[-0.59368,42.93222],[-0.59289,42.93134],[-0.59223,42.9308],[-0.59001,42.92969],[-0.58917,42.9296],[-0.5886,42.92931],[-0.58788,42.92919],[-0.58758,42.92906],[-0.58719,42.9287],[-0.58693,42.92831],[-0.5863,42.92779],[-0.58554,42.92664],[-0.58517,42.92562],[-0.58496,42.92527],[-0.58462,42.92504],[-0.58408,42.92495],[-0.58356,42.9247],[-0.5834,42.92444],[-0.58333,42.92411],[-0.58304,42.92387],[-0.58198,42.92245],[-0.5819,42.9222],[-0.58197,42.92166],[-0.58155,42.92108],[-0.58146,42.92048],[-0.58128,42.91996],[-0.58134,42.9194],[-0.5817,42.91885],[-0.5815,42.91843],[-0.58143,42.91801],[-0.58122,42.91746],[-0.58026,42.91639],[-0.57969,42.91609],[-0.57917,42.91601],[-0.57847,42.91626],[-0.57799,42.91635],[-0.57774,42.9163],[-0.57747,42.9161],[-0.5774,42.91569],[-0.57771,42.91475],[-0.57767,42.9143],[-0.57712,42.9133],[-0.57643,42.9125],[-0.57636,42.9122],[-0.57703,42.91171],[-0.57802,42.91074],[-0.57816,42.91044],[-0.57831,42.90968],[-0.57851,42.90946],[-0.57849,42.90933],[-0.57832,42.90913],[-0.5783,42.90895],[-0.57843,42.9083],[-0.57804,42.90803],[-0.5778,42.90746],[-0.57786,42.9072],[-0.57814,42.90686],[-0.57814,42.90661],[-0.57797,42.90635],[-0.57817,42.90596],[-0.57816,42.90572],[-0.57804,42.90553],[-0.57755,42.90522],[-0.57739,42.90468],[-0.57721,42.90442],[-0.57664,42.90426],[-0.57605,42.90397],[-0.57579,42.90363],[-0.57546,42.90338],[-0.5753,42.90304],[-0.57484,42.90244],[-0.57443,42.9022],[-0.57415,42.9022],[-0.57381,42.90205],[-0.57369,42.90189],[-0.57367,42.90162],[-0.57286,42.90079],[-0.57274,42.90052],[-0.57306,42.89998],[-0.57306,42.89923],[-0.57315,42.89871],[-0.5728,42.89801],[-0.57273,42.89731],[-0.57247,42.89719],[-0.57191,42.89763],[-0.57118,42.89785],[-0.57059,42.89794],[-0.57022,42.89787],[-0.57003,42.89771],[-0.56978,42.89717],[-0.56933,42.89676],[-0.56931,42.89631],[-0.56893,42.89552],[-0.56874,42.89528],[-0.5672,42.8947],[-0.56692,42.89443],[-0.567,42.89358],[-0.56636,42.89303],[-0.56693,42.89248],[-0.56695,42.89189],[-0.56631,42.89117],[-0.56581,42.88999],[-0.56556,42.88958],[-0.56517,42.8893],[-0.56417,42.88892],[-0.56383,42.88837],[-0.56384,42.88754],[-0.56417,42.88664],[-0.56425,42.88527],[-0.56415,42.88468],[-0.56351,42.88284],[-0.56373,42.8822]],[[-0.60155,42.94609],[-0.60107,42.94554],[-0.60091,42.94494],[-0.60024,42.94444],[-0.59991,42.94364],[-0.59917,42.94273],[-0.59877,42.94243],[-0.59812,42.94214],[-0.59743,42.942],[-0.59667,42.94197],[-0.59552,42.94228],[-0.59452,42.9424],[-0.59361,42.94269],[-0.59302,42.94276],[-0.59198,42.94267],[-0.59132,42.9427],[-0.58979,42.94224],[-0.58891,42.9422],[-0.58782,42.94271],[-0.58768,42.94259],[-0.58753,42.94216],[-0.58731,42.94196],[-0.58559,42.9408],[-0.58472,42.94048],[-0.58125,42.93893],[-0.57969,42.93867],[-0.57931,42.93876],[-0.57885,42.93907],[-0.57855,42.93896],[-0.57832,42.93859],[-0.57879,42.93777],[-0.57881,42.93756],[-0.57743,42.93454],[-0.57739,42.93388],[-0.57749,42.93303],[-0.57693,42.93255],[-0.57653,42.9324],[-0.57604,42.93236],[-0.57479,42.93247],[-0.57363,42.93227],[-0.57302,42.93192],[-0.57267,42.93134],[-0.57267,42.9311],[-0.57279,42.93098],[-0.57388,42.93081],[-0.57513,42.92996],[-0.57752,42.929],[-0.57774,42.92884],[-0.57811,42.92832],[-0.57836,42.92779],[-0.57827,42.92751],[-0.57748,42.92636],[-0.57746,42.92608],[-0.5776,42.92572],[-0.57764,42.92527],[-0.57787,42.92468],[-0.57777,42.92412],[-0.57751,42.92382],[-0.57682,42.92361],[-0.57646,42.92296],[-0.57572,42.92249],[-0.57499,42.92162],[-0.57462,42.92033],[-0.57447,42.92018],[-0.574,42.91997],[-0.57406,42.91971],[-0.57433,42.91933],[-0.57422,42.91886],[-0.57361,42.91841],[-0.57307,42.9183],[-0.57249,42.91801],[-0.57198,42.91794],[-0.57132,42.91801],[-0.57028,42.91787],[-0.56965,42.9176],[-0.56912,42.91749],[-0.56882,42.91733],[-0.5683,42.9166],[-0.56777,42.91608],[-0.56708,42.91598],[-0.56618,42.91622],[-0.56594,42.91618],[-0.56579,42.91611],[-0.56574,42.9159],[-0.56585,42.91548],[-0.56538,42.91518],[-0.5641,42.91487],[-0.56323,42.91446],[-0.56255,42.91438],[-0.56208,42.91451],[-0.56167,42.91453],[-0.56064,42.91414],[-0.56135,42.91397],[-0.56252,42.91356],[-0.56501,42.91328],[-0.56581,42.91303],[-0.56682,42.91193],[-0.56754,42.9114],[-0.56773,42.91111],[-0.5681,42.9101],[-0.56816,42.90892],[-0.56809,42.90854],[-0.56785,42.90803],[-0.56719,42.90694],[-0.56693,42.90634],[-0.56692,42.90608],[-0.56713,42.90585],[-0.56714,42.90572],[-0.56669,42.90495],[-0.56608,42.90442],[-0.56638,42.90387],[-0.56657,42.9037],[-0.56701,42.90367],[-0.56721,42.90356],[-0.56696,42.90329],[-0.56637,42.90318],[-0.56553,42.90143],[-0.56527,42.90108],[-0.56463,42.90053],[-0.56407,42.89943],[-0.56351,42.89895],[-0.56353,42.89832],[-0.56376,42.89784],[-0.56369,42.89748],[-0.56308,42.89666],[-0.5627,42.8964],[-0.56223,42.89579],[-0.56191,42.89555],[-0.56186,42.8952],[-0.56148,42.89458],[-0.56145,42.89405],[-0.56132,42.89361],[-0.56147,42.89331],[-0.56145,42.89298],[-0.56102,42.89192],[-0.5609,42.89135],[-0.56117,42.89054],[-0.56157,42.88994],[-0.56175,42.88951],[-0.56167,42.88855],[-0.56155,42.88826],[-0.5612,42.88794],[-0.55994,42.88746],[-0.56021,42.88724],[-0.5609,42.88707],[-0.56155,42.88659],[-0.56205,42.88636],[-0.56268,42.88558],[-0.5627,42.88527],[-0.56191,42.88415],[-0.56137,42.88375],[-0.55973,42.88279],[-0.55936,42.8822]],[[-0.56498,42.89992],[-0.56524,42.89962],[-0.56532,42.89933],[-0.56528,42.89905],[-0.56504,42.89891],[-0.56467,42.89913],[-0.56453,42.89954],[-0.56463,42.8998],[-0.56498,42.89992]]]}},{"type":"Feature","properties":{"ele":810},"geometry":{"type":"MultiLineString","coordinates":[[[-0.62018,42.94609],[-0.62022,42.94549],[-0.6205,42.94521],[-0.62086,42.945],[-0.62135,42.94441],[-0.62171,42.94388],[-0.62189,42.94328],[-0.62458,42.94084],[-0.62465,42.94004],[-0.62506,42.93941],[-0.62513,42.93865],[-0.62573,42.93804],[-0.62579,42.93741],[-0.62636,42.93607],[-0.62798,42.93464],[-0.6284,42.93443],[-0.6285,42.93412],[-0.62914,42.93377],[-0.63045,42.93344],[-0.63094,42.93295],[-0.63138,42.93275],[-0.63191,42.93269],[-0.63217,42.93257],[-0.63251,42.93196],[-0.6327,42.93132],[-0.63297,42.93108],[-0.63393,42.93074],[-0.63674,42.93015],[-0.63847,42.92957],[-0.63972,42.92957],[-0.64006,42.92942],[-0.63879,42.92924],[-0.63702,42.92937],[-0.63611,42.92977],[-0.63451,42.92992],[-0.63403,42.92986],[-0.63302,42.92955],[-0.63222,42.92978],[-0.6319,42.92978],[-0.63179,42.92966],[-0.63194,42.92914],[-0.63153,42.929],[-0.63087,42.92915],[-0.62998,42.9297],[-0.62872,42.92978],[-0.62797,42.92945],[-0.62795,42.92812],[-0.62782,42.9279],[-0.62708,42.92765],[-0.62632,42.92773],[-0.62493,42.92847],[-0.62392,42.92871],[-0.62338,42.92895],[-0.62306,42.92943],[-0.62277,42.92971],[-0.62247,42.92987],[-0.62194,42.93],[-0.62165,42.93019],[-0.6211,42.93081],[-0.62101,42.93128],[-0.62108,42.93183],[-0.62096,42.93217],[-0.62003,42.93339],[-0.61986,42.9335],[-0.61861,42.93376],[-0.61776,42.93359],[-0.61663,42.93352],[-0.61601,42.9337],[-0.61497,42.93376],[-0.61372,42.93338],[-0.6133,42.93347],[-0.61302,42.93385],[-0.61309,42.9344],[-0.61326,42.93472],[-0.61361,42.93496],[-0.6138,42.93522],[-0.61398,42.93583],[-0.61346,42.93784],[-0.61306,42.93843],[-0.6121,42.93938],[-0.61104,42.93985],[-0.61063,42.93993],[-0.60994,42.9398],[-0.60886,42.93915],[-0.60876,42.93857],[-0.6086,42.93824],[-0.60792,42.93776],[-0.6069,42.93732],[-0.60674,42.93708],[-0.60666,42.93662],[-0.60617,42.93625],[-0.60581,42.93609],[-0.60501,42.93518],[-0.60438,42.93475],[-0.60396,42.93465],[-0.60206,42.93469],[-0.60104,42.9351],[-0.59972,42.9352],[-0.59911,42.93505],[-0.59798,42.9346],[-0.59715,42.93443],[-0.59705,42.93413],[-0.59611,42.93382],[-0.59501,42.9333],[-0.59448,42.93245],[-0.59372,42.93166],[-0.59306,42.93108],[-0.59174,42.93027],[-0.59131,42.92987],[-0.5908,42.92971],[-0.5903,42.92938],[-0.58924,42.92931],[-0.58867,42.92909],[-0.58803,42.92895],[-0.58757,42.92874],[-0.58658,42.92776],[-0.58581,42.92665],[-0.58521,42.92526],[-0.58479,42.92492],[-0.58396,42.92465],[-0.58334,42.92366],[-0.58232,42.92248],[-0.58226,42.92221],[-0.58231,42.92164],[-0.58187,42.92089],[-0.58182,42.92044],[-0.5815,42.91985],[-0.58159,42.91941],[-0.58193,42.91914],[-0.58208,42.91878],[-0.582,42.91807],[-0.58166,42.91747],[-0.58107,42.91699],[-0.58064,42.91632],[-0.57997,42.91562],[-0.57974,42.91548],[-0.57915,42.91548],[-0.5787,42.91591],[-0.57823,42.91612],[-0.57775,42.91611],[-0.57756,42.91586],[-0.57755,42.91558],[-0.57778,42.9151],[-0.57804,42.91484],[-0.57846,42.91468],[-0.57774,42.91402],[-0.57671,42.91242],[-0.57684,42.91218],[-0.57746,42.9119],[-0.57777,42.91165],[-0.57794,42.91133],[-0.57834,42.9111],[-0.57864,42.91056],[-0.57871,42.91021],[-0.57906,42.90971],[-0.57882,42.90888],[-0.57897,42.90853],[-0.57897,42.90819],[-0.57852,42.90748],[-0.57879,42.90638],[-0.57861,42.90553],[-0.57799,42.90501],[-0.5779,42.90458],[-0.57751,42.90408],[-0.57666,42.90358],[-0.57644,42.90329],[-0.57579,42.90287],[-0.57474,42.90191],[-0.57445,42.90152],[-0.57358,42.90116],[-0.57325,42.90088],[-0.57318,42.90052],[-0.57332,42.90026],[-0.57361,42.89918],[-0.57385,42.89883],[-0.57389,42.89859],[-0.57368,42.89829],[-0.57307,42.89798],[-0.57302,42.89774],[-0.57315,42.89722],[-0.57305,42.897],[-0.57278,42.89689],[-0.57216,42.89687],[-0.57192,42.897],[-0.57167,42.89748],[-0.57136,42.89753],[-0.57088,42.89777],[-0.57039,42.89776],[-0.57023,42.8976],[-0.57002,42.89717],[-0.56957,42.89671],[-0.56966,42.89624],[-0.56909,42.89528],[-0.56836,42.89487],[-0.56772,42.89469],[-0.56719,42.89443],[-0.56719,42.89412],[-0.56739,42.89387],[-0.56743,42.89364],[-0.56703,42.89327],[-0.56687,42.89303],[-0.56728,42.8925],[-0.56729,42.8919],[-0.5664,42.89105],[-0.56585,42.8897],[-0.56565,42.88943],[-0.56526,42.88914],[-0.56437,42.88891],[-0.56408,42.88865],[-0.56394,42.88833],[-0.56397,42.88749],[-0.56434,42.88652],[-0.56442,42.88524],[-0.56426,42.88444],[-0.56385,42.88334],[-0.56378,42.88284],[-0.56386,42.88261],[-0.56421,42.8822]],[[-0.6012,42.94609],[-0.60067,42.94544],[-0.60044,42.94498],[-0.60002,42.94465],[-0.59974,42.94383],[-0.59912,42.9431],[-0.59845,42.94252],[-0.59775,42.94226],[-0.59726,42.94218],[-0.59663,42.94223],[-0.59479,42.94264],[-0.59302,42.94316],[-0.59133,42.94306],[-0.58979,42.94257],[-0.58896,42.94249],[-0.58833,42.94276],[-0.58781,42.9434],[-0.5877,42.94344],[-0.58746,42.94332],[-0.58725,42.94246],[-0.58698,42.94215],[-0.58606,42.94176],[-0.58508,42.94102],[-0.58247,42.93974],[-0.58122,42.93929],[-0.57996,42.93917],[-0.57949,42.93904],[-0.57872,42.93949],[-0.5783,42.93944],[-0.57802,42.93915],[-0.57791,42.93881],[-0.5784,42.93782],[-0.57842,42.93763],[-0.57706,42.93465],[-0.577,42.93399],[-0.57707,42.9334],[-0.577,42.933],[-0.57666,42.93274],[-0.57632,42.93264],[-0.5749,42.93267],[-0.57337,42.93246],[-0.57258,42.93196],[-0.57233,42.93138],[-0.57237,42.93106],[-0.57264,42.9308],[-0.57372,42.93062],[-0.57518,42.9297],[-0.5775,42.92888],[-0.578,42.92833],[-0.57811,42.92804],[-0.57806,42.92774],[-0.57785,42.92732],[-0.57711,42.92641],[-0.57702,42.92617],[-0.57758,42.92454],[-0.57753,42.92414],[-0.57722,42.92397],[-0.57649,42.92386],[-0.57636,42.92363],[-0.57638,42.92329],[-0.57622,42.92302],[-0.57555,42.92261],[-0.57509,42.92244],[-0.57499,42.92219],[-0.57459,42.92168],[-0.57457,42.92114],[-0.57436,42.92056],[-0.57385,42.92027],[-0.57369,42.92003],[-0.5737,42.91985],[-0.57407,42.91923],[-0.57393,42.91888],[-0.57358,42.91866],[-0.57215,42.91817],[-0.56998,42.91831],[-0.56948,42.91824],[-0.56879,42.9179],[-0.56803,42.91693],[-0.56756,42.91658],[-0.56684,42.91633],[-0.56661,42.91636],[-0.56608,42.91662],[-0.56582,42.91664],[-0.56548,42.9164],[-0.56506,42.9155],[-0.56469,42.91538],[-0.56382,42.91531],[-0.56364,42.91495],[-0.5631,42.91469],[-0.56257,42.91462],[-0.56145,42.91468],[-0.56054,42.91435],[-0.55962,42.91424],[-0.55831,42.91388],[-0.55938,42.91367],[-0.56101,42.91377],[-0.56244,42.9133],[-0.56379,42.91311],[-0.56469,42.9131],[-0.56518,42.91299],[-0.56556,42.91276],[-0.56665,42.91165],[-0.56724,42.91136],[-0.56776,42.91047],[-0.56803,42.90947],[-0.56798,42.90888],[-0.56787,42.90854],[-0.56722,42.90746],[-0.56679,42.90692],[-0.56642,42.90621],[-0.56638,42.90596],[-0.56646,42.90552],[-0.56627,42.90504],[-0.56594,42.90486],[-0.56524,42.90471],[-0.56508,42.90447],[-0.5652,42.90414],[-0.56558,42.90385],[-0.5658,42.90298],[-0.56578,42.90267],[-0.5655,42.90191],[-0.5648,42.90105],[-0.56366,42.90022],[-0.56274,42.89916],[-0.56267,42.89883],[-0.56298,42.89802],[-0.56323,42.8977],[-0.56324,42.89735],[-0.56305,42.89691],[-0.56246,42.89643],[-0.56166,42.89561],[-0.56155,42.89524],[-0.56106,42.89445],[-0.56113,42.89405],[-0.561,42.89357],[-0.56118,42.89308],[-0.56117,42.89278],[-0.56107,42.89248],[-0.56055,42.89163],[-0.56045,42.89112],[-0.5615,42.88961],[-0.5616,42.88919],[-0.56152,42.88864],[-0.56141,42.88829],[-0.56114,42.88807],[-0.55968,42.88749],[-0.55966,42.88724],[-0.55993,42.88706],[-0.56057,42.88692],[-0.56129,42.88635],[-0.56209,42.88552],[-0.56223,42.88527],[-0.56222,42.88496],[-0.56197,42.88442],[-0.56171,42.88412],[-0.55971,42.88303],[-0.5591,42.8822]]]}},{"type":"Feature","properties":{"ele":820},"geometry":{"type":"MultiLineString","coordinates":[[[-0.6203,42.94609],[-0.62037,42.94549],[-0.62098,42.94499],[-0.62144,42.94443],[-0.62182,42.94388],[-0.62205,42.94329],[-0.62303,42.94235],[-0.62481,42.94085],[-0.62476,42.94003],[-0.62518,42.9394],[-0.62528,42.93862],[-0.62586,42.93805],[-0.62594,42.93739],[-0.62653,42.93609],[-0.62798,42.93486],[-0.6289,42.93443],[-0.62894,42.93418],[-0.62905,42.93408],[-0.62948,42.93395],[-0.63005,42.93389],[-0.63081,42.93363],[-0.63122,42.93301],[-0.63226,42.93281],[-0.63282,42.93196],[-0.63295,42.93134],[-0.63379,42.93093],[-0.63653,42.93037],[-0.63773,42.93006],[-0.63861,42.92974],[-0.6399,42.92983],[-0.64144,42.92973],[-0.64174,42.9296],[-0.64232,42.92913],[-0.64196,42.92911],[-0.64125,42.92927],[-0.64024,42.92924],[-0.63851,42.92905],[-0.63781,42.92919],[-0.63681,42.92925],[-0.63582,42.9297],[-0.63458,42.92977],[-0.63408,42.92971],[-0.63305,42.92941],[-0.63283,42.92883],[-0.63215,42.92863],[-0.63052,42.92898],[-0.63001,42.92943],[-0.62969,42.92957],[-0.62886,42.92962],[-0.62835,42.92951],[-0.62817,42.92938],[-0.62814,42.92798],[-0.62805,42.92769],[-0.62702,42.92741],[-0.62649,42.92753],[-0.62563,42.92787],[-0.62496,42.9283],[-0.62335,42.9286],[-0.62302,42.92883],[-0.6229,42.92933],[-0.62276,42.92953],[-0.6225,42.92971],[-0.62198,42.92979],[-0.62167,42.92999],[-0.6214,42.93032],[-0.62108,42.93053],[-0.6209,42.93086],[-0.62082,42.93136],[-0.62092,42.93187],[-0.62082,42.93214],[-0.62041,42.93253],[-0.61995,42.93319],[-0.61972,42.93336],[-0.61858,42.93363],[-0.61778,42.93343],[-0.61663,42.93335],[-0.61582,42.93358],[-0.615,42.93365],[-0.61467,42.9336],[-0.61372,42.93324],[-0.61341,42.93322],[-0.6132,42.9333],[-0.61284,42.93378],[-0.61288,42.93444],[-0.61302,42.93471],[-0.61361,42.93524],[-0.61387,42.93581],[-0.61367,42.93631],[-0.61337,42.93777],[-0.61304,42.9383],[-0.61212,42.93925],[-0.61166,42.93953],[-0.6107,42.93984],[-0.60997,42.93974],[-0.60906,42.93919],[-0.60883,42.93839],[-0.60858,42.93806],[-0.60815,42.93774],[-0.60691,42.93722],[-0.60682,42.93667],[-0.60665,42.93644],[-0.60577,42.93592],[-0.60499,42.93506],[-0.60443,42.93467],[-0.60403,42.93458],[-0.60205,42.93459],[-0.60105,42.93497],[-0.59958,42.93506],[-0.59916,42.93497],[-0.59773,42.93442],[-0.59763,42.93413],[-0.59636,42.93378],[-0.59525,42.93332],[-0.59467,42.93249],[-0.59394,42.93164],[-0.59327,42.93109],[-0.59193,42.93025],[-0.59137,42.92966],[-0.59042,42.92922],[-0.58938,42.92922],[-0.58826,42.92892],[-0.58752,42.92857],[-0.58667,42.92769],[-0.58586,42.92651],[-0.5853,42.92522],[-0.58497,42.9249],[-0.5841,42.92454],[-0.58354,42.92363],[-0.58248,42.92247],[-0.58242,42.92218],[-0.58249,42.92164],[-0.58206,42.92082],[-0.58202,42.92047],[-0.58164,42.91999],[-0.5816,42.91979],[-0.5817,42.91947],[-0.5821,42.91914],[-0.58222,42.91891],[-0.58222,42.9183],[-0.58215,42.91803],[-0.58179,42.91745],[-0.58117,42.91693],[-0.58091,42.91638],[-0.57999,42.91524],[-0.57938,42.91498],[-0.57923,42.91459],[-0.57891,42.91423],[-0.57847,42.91424],[-0.57776,42.9139],[-0.57688,42.91249],[-0.57708,42.91224],[-0.57767,42.91192],[-0.57813,42.91146],[-0.57863,42.91111],[-0.57944,42.90997],[-0.57949,42.90969],[-0.5792,42.90937],[-0.57911,42.9089],[-0.57932,42.90846],[-0.57938,42.90812],[-0.57894,42.90749],[-0.5791,42.90701],[-0.57908,42.90642],[-0.57881,42.90559],[-0.57838,42.90503],[-0.57831,42.9047],[-0.57813,42.9044],[-0.57766,42.90387],[-0.57715,42.90357],[-0.57664,42.90311],[-0.57594,42.90276],[-0.57501,42.90191],[-0.57484,42.90162],[-0.57452,42.90136],[-0.57379,42.90114],[-0.5734,42.90082],[-0.57335,42.90058],[-0.57352,42.89995],[-0.57399,42.89941],[-0.57409,42.89871],[-0.57393,42.89829],[-0.57335,42.898],[-0.5732,42.89783],[-0.57316,42.89763],[-0.57332,42.89719],[-0.57306,42.89673],[-0.57212,42.89653],[-0.57169,42.89654],[-0.57161,42.89662],[-0.57168,42.89693],[-0.57158,42.89721],[-0.57083,42.89767],[-0.57052,42.89769],[-0.57027,42.89747],[-0.57012,42.89717],[-0.56968,42.89665],[-0.56984,42.89637],[-0.56982,42.89614],[-0.56929,42.8953],[-0.56832,42.89471],[-0.5676,42.8944],[-0.5676,42.89358],[-0.56714,42.89304],[-0.56749,42.89248],[-0.56749,42.89191],[-0.56647,42.89102],[-0.56576,42.88943],[-0.56532,42.88911],[-0.56442,42.88887],[-0.56413,42.88863],[-0.564,42.88833],[-0.56403,42.88749],[-0.56441,42.88655],[-0.56449,42.88527],[-0.56442,42.88471],[-0.56396,42.88343],[-0.56391,42.88301],[-0.56399,42.88272],[-0.56445,42.8822]],[[-0.60102,42.94609],[-0.60021,42.94502],[-0.59988,42.94472],[-0.59961,42.94392],[-0.59914,42.94331],[-0.59857,42.94277],[-0.59767,42.94236],[-0.59726,42.9423],[-0.59674,42.94234],[-0.59475,42.94281],[-0.59335,42.94334],[-0.59309,42.94337],[-0.59195,42.94318],[-0.59118,42.94317],[-0.59082,42.943],[-0.58977,42.94271],[-0.58896,42.94264],[-0.58858,42.94275],[-0.58783,42.94371],[-0.5877,42.94376],[-0.58747,42.94363],[-0.58725,42.94332],[-0.58714,42.94267],[-0.58672,42.94221],[-0.58581,42.94195],[-0.58524,42.9414],[-0.5841,42.94066],[-0.58255,42.93994],[-0.58125,42.9395],[-0.57948,42.93924],[-0.57918,42.93932],[-0.57865,42.93965],[-0.57831,42.93973],[-0.57771,42.93912],[-0.57771,42.93882],[-0.57805,42.93832],[-0.57823,42.93763],[-0.57688,42.93469],[-0.57681,42.93405],[-0.57689,42.9335],[-0.57673,42.93303],[-0.57618,42.93278],[-0.57501,42.93278],[-0.57327,42.93255],[-0.5725,42.93218],[-0.57217,42.93142],[-0.57219,42.93106],[-0.57242,42.9308],[-0.57363,42.93057],[-0.57498,42.9297],[-0.57743,42.92882],[-0.57786,42.92841],[-0.57804,42.92803],[-0.57772,42.92733],[-0.57691,42.92638],[-0.57684,42.92617],[-0.57693,42.92568],[-0.57738,42.92468],[-0.5774,42.92437],[-0.57722,42.92414],[-0.5763,42.92391],[-0.57621,42.9233],[-0.57608,42.92304],[-0.57554,42.92272],[-0.57497,42.92264],[-0.57468,42.9225],[-0.57463,42.92218],[-0.57437,42.92168],[-0.57444,42.92107],[-0.57414,42.92056],[-0.57362,42.92025],[-0.57351,42.92002],[-0.57392,42.91919],[-0.57384,42.919],[-0.57361,42.9188],[-0.57219,42.91829],[-0.56983,42.91848],[-0.56903,42.91837],[-0.56887,42.91831],[-0.56802,42.91728],[-0.56746,42.91678],[-0.56677,42.91652],[-0.56604,42.91675],[-0.56555,42.91673],[-0.56515,42.91621],[-0.56495,42.9157],[-0.56465,42.91556],[-0.56411,42.91556],[-0.56378,42.91548],[-0.56345,42.91527],[-0.56331,42.91498],[-0.56302,42.91487],[-0.56254,42.91478],[-0.56149,42.91479],[-0.56048,42.91444],[-0.55899,42.91421],[-0.55745,42.91415],[-0.55785,42.91403],[-0.55828,42.91379],[-0.55909,42.91357],[-0.56087,42.91365],[-0.56229,42.91323],[-0.56372,42.91299],[-0.56462,42.91299],[-0.56511,42.91286],[-0.56532,42.91275],[-0.56663,42.91134],[-0.56721,42.91109],[-0.56775,42.91017],[-0.56793,42.90951],[-0.56777,42.90858],[-0.56635,42.90665],[-0.56614,42.90593],[-0.56626,42.90551],[-0.56614,42.90523],[-0.56583,42.90501],[-0.56514,42.90484],[-0.56467,42.90444],[-0.56471,42.90414],[-0.56519,42.90389],[-0.56533,42.90339],[-0.56563,42.90303],[-0.56563,42.90274],[-0.56535,42.90192],[-0.56468,42.90111],[-0.5634,42.90022],[-0.56255,42.89933],[-0.56242,42.89887],[-0.563,42.8977],[-0.56304,42.89747],[-0.56296,42.89711],[-0.56284,42.89687],[-0.56249,42.89664],[-0.56166,42.89579],[-0.56142,42.89523],[-0.56112,42.89494],[-0.56091,42.89447],[-0.56094,42.89392],[-0.56079,42.89354],[-0.56103,42.89298],[-0.56103,42.8927],[-0.5609,42.89238],[-0.56041,42.89169],[-0.56022,42.89109],[-0.56137,42.88967],[-0.56152,42.88923],[-0.56146,42.88867],[-0.56134,42.88833],[-0.5611,42.88812],[-0.5596,42.88751],[-0.55947,42.88725],[-0.55972,42.88697],[-0.56025,42.88686],[-0.56059,42.88669],[-0.56156,42.88581],[-0.562,42.88527],[-0.56207,42.88499],[-0.56202,42.88475],[-0.56189,42.88443],[-0.56165,42.88414],[-0.55968,42.88309],[-0.55921,42.88239],[-0.55893,42.8822]],[[-0.63248,42.92948],[-0.63266,42.92941],[-0.6325,42.92933],[-0.63229,42.92941],[-0.63248,42.92948]],[[-0.57859,42.91584],[-0.57895,42.91527],[-0.57886,42.91516],[-0.57857,42.91499],[-0.5783,42.91495],[-0.57805,42.91504],[-0.57778,42.91529],[-0.57763,42.91572],[-0.57777,42.91596],[-0.57813,42.91602],[-0.57859,42.91584]],[[-0.55582,42.88748],[-0.55591,42.88747],[-0.55582,42.88748]]]}},{"type":"Feature","properties":{"ele":830},"geometry":{"type":"MultiLineString","coordinates":[[[-0.62043,42.94609],[-0.62051,42.94551],[-0.6211,42.94499],[-0.62154,42.94444],[-0.62194,42.94388],[-0.62219,42.94332],[-0.62265,42.94278],[-0.6241,42.94155],[-0.62482,42.9411],[-0.62505,42.94088],[-0.62507,42.94072],[-0.62487,42.94023],[-0.62488,42.93998],[-0.62531,42.93944],[-0.62542,42.93868],[-0.62596,42.93804],[-0.62606,42.93741],[-0.62669,42.93615],[-0.627,42.9358],[-0.62805,42.93498],[-0.62951,42.93448],[-0.63031,42.93452],[-0.63084,42.93443],[-0.63088,42.93416],[-0.63111,42.93387],[-0.63132,42.93327],[-0.63167,42.93309],[-0.63223,42.93304],[-0.63246,42.9329],[-0.63322,42.93192],[-0.63349,42.93136],[-0.63384,42.93107],[-0.63498,42.93079],[-0.63594,42.9307],[-0.63781,42.93033],[-0.63858,42.92995],[-0.64076,42.92997],[-0.64156,42.92986],[-0.64248,42.92932],[-0.64355,42.92914],[-0.64555,42.92832],[-0.64535,42.92805],[-0.64528,42.92775],[-0.64439,42.92843],[-0.64375,42.92876],[-0.64236,42.92881],[-0.64125,42.92911],[-0.63972,42.92903],[-0.63861,42.92887],[-0.6367,42.92899],[-0.63608,42.92912],[-0.63578,42.9294],[-0.63552,42.92947],[-0.63524,42.92943],[-0.63472,42.92906],[-0.63419,42.92944],[-0.6336,42.92942],[-0.63345,42.92909],[-0.63369,42.92861],[-0.63358,42.92831],[-0.63375,42.92805],[-0.63356,42.92799],[-0.63309,42.92816],[-0.63219,42.92827],[-0.6314,42.9286],[-0.63035,42.92868],[-0.62943,42.92942],[-0.62893,42.92946],[-0.62858,42.9294],[-0.62829,42.92922],[-0.62825,42.92836],[-0.62832,42.92802],[-0.62808,42.92745],[-0.62728,42.92715],[-0.62685,42.92716],[-0.62553,42.92774],[-0.62495,42.92815],[-0.62362,42.92831],[-0.62301,42.92858],[-0.62256,42.92946],[-0.62165,42.9297],[-0.62128,42.93022],[-0.62082,42.93053],[-0.62062,42.93121],[-0.62076,42.93176],[-0.62072,42.93197],[-0.61943,42.93331],[-0.61854,42.93349],[-0.61779,42.93327],[-0.61663,42.9332],[-0.61504,42.9335],[-0.61358,42.93309],[-0.6133,42.9331],[-0.61301,42.93327],[-0.61265,42.93365],[-0.61268,42.93442],[-0.61286,42.93475],[-0.61343,42.93526],[-0.61365,42.93578],[-0.61329,42.93771],[-0.61289,42.93834],[-0.61203,42.9392],[-0.61163,42.93945],[-0.61066,42.93976],[-0.61,42.93969],[-0.60913,42.93915],[-0.60892,42.93832],[-0.60861,42.93793],[-0.60831,42.93769],[-0.60715,42.9372],[-0.60696,42.93663],[-0.60669,42.93634],[-0.60637,42.93609],[-0.6058,42.93582],[-0.605,42.93496],[-0.60443,42.93457],[-0.60406,42.93451],[-0.60198,42.93449],[-0.6009,42.93487],[-0.59948,42.93492],[-0.59818,42.93447],[-0.59806,42.93413],[-0.59694,42.93385],[-0.59548,42.93334],[-0.59521,42.93308],[-0.59468,42.93226],[-0.59416,42.93164],[-0.59342,42.93108],[-0.59247,42.93054],[-0.5921,42.93025],[-0.59138,42.92941],[-0.59055,42.92907],[-0.58938,42.9291],[-0.58836,42.92885],[-0.58773,42.92859],[-0.58665,42.92748],[-0.58637,42.92692],[-0.58586,42.92631],[-0.58542,42.92521],[-0.585,42.9248],[-0.58421,42.9244],[-0.58365,42.92354],[-0.58269,42.92252],[-0.58259,42.92221],[-0.58264,42.92169],[-0.5825,42.92108],[-0.58228,42.92082],[-0.58221,42.92051],[-0.58181,42.92003],[-0.58172,42.91982],[-0.58192,42.91942],[-0.58225,42.91919],[-0.58235,42.91885],[-0.58232,42.91812],[-0.58201,42.91749],[-0.58135,42.91693],[-0.5814,42.91663],[-0.58132,42.91639],[-0.58082,42.9158],[-0.58024,42.91533],[-0.57975,42.91464],[-0.57943,42.91442],[-0.5792,42.91386],[-0.57887,42.91359],[-0.57858,42.91348],[-0.5783,42.91356],[-0.57822,42.91386],[-0.57801,42.91389],[-0.57773,42.91365],[-0.5771,42.91253],[-0.57716,42.91238],[-0.57783,42.91203],[-0.57889,42.91119],[-0.57953,42.91047],[-0.57976,42.91004],[-0.57978,42.90969],[-0.57947,42.90938],[-0.57939,42.90914],[-0.57943,42.90887],[-0.5797,42.9083],[-0.57975,42.90798],[-0.5794,42.90748],[-0.57946,42.90661],[-0.57937,42.90637],[-0.57912,42.9061],[-0.57902,42.90556],[-0.57876,42.90519],[-0.57859,42.9047],[-0.57799,42.90398],[-0.57704,42.90304],[-0.57609,42.90262],[-0.57559,42.90221],[-0.57551,42.90191],[-0.57527,42.90164],[-0.57448,42.90121],[-0.57389,42.90107],[-0.57355,42.90082],[-0.57351,42.90053],[-0.5737,42.89997],[-0.57429,42.89944],[-0.57434,42.89916],[-0.57417,42.8983],[-0.57328,42.89777],[-0.57341,42.89721],[-0.57334,42.89663],[-0.57302,42.89647],[-0.57257,42.89649],[-0.57218,42.89635],[-0.57129,42.89625],[-0.57105,42.89636],[-0.57145,42.89686],[-0.57139,42.8972],[-0.57084,42.89755],[-0.57049,42.89754],[-0.56987,42.89669],[-0.56989,42.89655],[-0.57014,42.89624],[-0.57013,42.89603],[-0.56943,42.89525],[-0.56887,42.89498],[-0.56808,42.89441],[-0.56794,42.89418],[-0.56778,42.89358],[-0.5674,42.89302],[-0.56767,42.89235],[-0.56759,42.89187],[-0.56656,42.89102],[-0.56581,42.88937],[-0.56554,42.88914],[-0.5645,42.88883],[-0.56416,42.88857],[-0.56404,42.88822],[-0.56406,42.88767],[-0.56447,42.88661],[-0.56456,42.8852],[-0.56443,42.88443],[-0.56406,42.8835],[-0.56401,42.88315],[-0.56413,42.88275],[-0.5645,42.88249],[-0.56465,42.8822]],[[-0.60084,42.94609],[-0.59969,42.94474],[-0.59939,42.9439],[-0.59872,42.94306],[-0.59811,42.94266],[-0.59757,42.94245],[-0.59688,42.94243],[-0.59521,42.94283],[-0.59316,42.94352],[-0.59177,42.94328],[-0.59106,42.94334],[-0.59043,42.94306],[-0.58948,42.94284],[-0.58899,42.94282],[-0.58857,42.94299],[-0.58783,42.944],[-0.5877,42.94405],[-0.58748,42.9439],[-0.58721,42.94354],[-0.58706,42.94325],[-0.58697,42.94273],[-0.58668,42.94246],[-0.58567,42.94217],[-0.58524,42.94166],[-0.58441,42.94117],[-0.58404,42.9408],[-0.58358,42.94054],[-0.58236,42.94012],[-0.58165,42.93997],[-0.58102,42.93969],[-0.57948,42.93944],[-0.57906,42.93952],[-0.5784,42.94002],[-0.57801,42.94001],[-0.5779,42.93961],[-0.57747,42.93912],[-0.57753,42.9388],[-0.57791,42.93825],[-0.57805,42.93772],[-0.57669,42.93467],[-0.57661,42.9343],[-0.57668,42.93356],[-0.57652,42.93322],[-0.57638,42.93303],[-0.57611,42.93296],[-0.57375,42.93277],[-0.57309,42.93262],[-0.57232,42.93222],[-0.57203,42.93145],[-0.57204,42.9311],[-0.57218,42.93079],[-0.57261,42.93066],[-0.57337,42.93056],[-0.57382,42.9304],[-0.57483,42.92969],[-0.57748,42.92871],[-0.57781,42.92836],[-0.57787,42.92819],[-0.57785,42.92791],[-0.57767,42.92748],[-0.57678,42.9264],[-0.57669,42.92617],[-0.57673,42.92576],[-0.57723,42.92474],[-0.57725,42.9244],[-0.57695,42.92421],[-0.57639,42.92409],[-0.5761,42.92388],[-0.57604,42.92333],[-0.57566,42.92293],[-0.57535,42.92281],[-0.57462,42.92279],[-0.57434,42.92255],[-0.5742,42.92169],[-0.57432,42.92128],[-0.57429,42.92103],[-0.57414,42.92079],[-0.57347,42.92027],[-0.57331,42.91999],[-0.57363,42.91948],[-0.57369,42.9192],[-0.57363,42.91905],[-0.57341,42.91885],[-0.57208,42.9184],[-0.57082,42.91859],[-0.56899,42.91858],[-0.56859,42.91832],[-0.56827,42.91774],[-0.56725,42.9169],[-0.56663,42.91671],[-0.56563,42.91694],[-0.56525,42.91695],[-0.56515,42.91659],[-0.56475,42.91576],[-0.56386,42.91571],[-0.56267,42.91504],[-0.56136,42.91486],[-0.56042,42.91453],[-0.55899,42.91433],[-0.55782,42.91435],[-0.55708,42.9145],[-0.55661,42.91442],[-0.55711,42.91413],[-0.55876,42.91356],[-0.55948,42.91347],[-0.5608,42.91352],[-0.56229,42.91312],[-0.56372,42.91289],[-0.56455,42.91288],[-0.565,42.91276],[-0.56664,42.91105],[-0.56748,42.91041],[-0.56776,42.90989],[-0.56784,42.90958],[-0.56778,42.909],[-0.56765,42.90871],[-0.56719,42.90811],[-0.56698,42.9077],[-0.56631,42.90698],[-0.56611,42.90663],[-0.56588,42.90593],[-0.56598,42.90555],[-0.56593,42.90542],[-0.5658,42.90526],[-0.56524,42.90505],[-0.56473,42.90474],[-0.56443,42.90441],[-0.56441,42.90406],[-0.56478,42.90386],[-0.56509,42.90333],[-0.56547,42.90297],[-0.56546,42.90267],[-0.56521,42.90193],[-0.56501,42.90162],[-0.56447,42.9011],[-0.56218,42.89943],[-0.56209,42.89923],[-0.56211,42.89884],[-0.5625,42.89839],[-0.56261,42.89803],[-0.56284,42.89774],[-0.56282,42.89719],[-0.56273,42.89694],[-0.5616,42.89585],[-0.56132,42.8953],[-0.56098,42.89497],[-0.56075,42.89452],[-0.56076,42.89388],[-0.56061,42.8934],[-0.56083,42.89302],[-0.56088,42.89263],[-0.56083,42.89245],[-0.56017,42.89163],[-0.56004,42.89121],[-0.56013,42.89097],[-0.56084,42.89024],[-0.56139,42.88945],[-0.56144,42.88902],[-0.56126,42.88837],[-0.56082,42.88803],[-0.55997,42.88776],[-0.55909,42.88728],[-0.5589,42.8873],[-0.5587,42.88748],[-0.55847,42.8875],[-0.55591,42.88754],[-0.55567,42.88748],[-0.55591,42.88738],[-0.55667,42.88747],[-0.55781,42.88744],[-0.55844,42.8872],[-0.55885,42.88713],[-0.55916,42.8869],[-0.56026,42.88671],[-0.56126,42.88583],[-0.56192,42.88502],[-0.56184,42.88451],[-0.56159,42.88418],[-0.55971,42.88321],[-0.55945,42.88299],[-0.55917,42.88244],[-0.55876,42.8822]],[[-0.57832,42.91586],[-0.57852,42.91562],[-0.57852,42.91531],[-0.57835,42.91518],[-0.57804,42.91522],[-0.57776,42.91552],[-0.57775,42.91582],[-0.57802,42.9159],[-0.57832,42.91586]]]}},{"type":"Feature","properties":{"ele":840},"geometry":{"type":"MultiLineString","coordinates":[[[-0.62056,42.94609],[-0.62068,42.94553],[-0.62166,42.94443],[-0.62219,42.94348],[-0.62276,42.94275],[-0.62414,42.94161],[-0.6247,42.94136],[-0.62522,42.94101],[-0.6253,42.94076],[-0.62502,42.94023],[-0.62497,42.93998],[-0.62545,42.93943],[-0.62552,42.93876],[-0.62608,42.93802],[-0.62623,42.93735],[-0.62666,42.93665],[-0.62691,42.93608],[-0.62805,42.93514],[-0.62835,42.93499],[-0.62951,42.93473],[-0.63055,42.93473],[-0.63122,42.93447],[-0.63161,42.93347],[-0.63269,42.93304],[-0.63286,42.93272],[-0.63419,42.93141],[-0.63476,42.9311],[-0.63865,42.9307],[-0.63946,42.93026],[-0.64153,42.93004],[-0.64229,42.92973],[-0.64275,42.92942],[-0.64382,42.92925],[-0.64504,42.92869],[-0.64538,42.92865],[-0.64608,42.92879],[-0.64647,42.92865],[-0.64653,42.92856],[-0.64571,42.9281],[-0.64563,42.92764],[-0.64542,42.92752],[-0.64495,42.92769],[-0.64464,42.92804],[-0.64417,42.92838],[-0.64362,42.92861],[-0.64229,42.92868],[-0.64129,42.92897],[-0.63971,42.92888],[-0.63832,42.92856],[-0.63761,42.92848],[-0.6359,42.92849],[-0.6356,42.92844],[-0.63526,42.92803],[-0.63491,42.92776],[-0.63499,42.92764],[-0.63545,42.92745],[-0.63562,42.92723],[-0.63555,42.92716],[-0.63467,42.92719],[-0.63331,42.92774],[-0.63229,42.92789],[-0.63216,42.92786],[-0.63207,42.92772],[-0.6322,42.92719],[-0.63155,42.92747],[-0.63121,42.92772],[-0.63083,42.92831],[-0.63021,42.92844],[-0.62944,42.92917],[-0.62886,42.92931],[-0.62857,42.92924],[-0.62845,42.92911],[-0.62844,42.92794],[-0.62832,42.92746],[-0.6275,42.92692],[-0.62692,42.9269],[-0.62556,42.92759],[-0.62495,42.92802],[-0.62358,42.92822],[-0.62276,42.92859],[-0.62249,42.92925],[-0.62147,42.92967],[-0.62067,42.9305],[-0.62055,42.93084],[-0.62034,42.93114],[-0.62039,42.93136],[-0.62058,42.93161],[-0.62054,42.93192],[-0.61934,42.93312],[-0.61858,42.93336],[-0.61792,42.93314],[-0.61667,42.93307],[-0.61504,42.93329],[-0.61445,42.93309],[-0.61344,42.93292],[-0.61301,42.93313],[-0.61246,42.93357],[-0.61243,42.93385],[-0.61248,42.93443],[-0.61281,42.93492],[-0.61328,42.93529],[-0.61346,42.93569],[-0.61318,42.9377],[-0.61279,42.93833],[-0.61194,42.93915],[-0.61144,42.93944],[-0.61063,42.93968],[-0.61,42.93961],[-0.60933,42.93916],[-0.60903,42.93829],[-0.6086,42.93775],[-0.60743,42.93719],[-0.60719,42.93696],[-0.60705,42.93659],[-0.60673,42.93627],[-0.60639,42.93599],[-0.60581,42.9357],[-0.60511,42.93497],[-0.60448,42.93449],[-0.6029,42.93443],[-0.60281,42.93436],[-0.60278,42.93414],[-0.60192,42.93411],[-0.60173,42.93416],[-0.60167,42.93442],[-0.6011,42.9347],[-0.6007,42.93478],[-0.59941,42.93478],[-0.59831,42.93442],[-0.59828,42.93417],[-0.59809,42.93405],[-0.59695,42.93375],[-0.59559,42.93327],[-0.59534,42.93303],[-0.59477,42.93212],[-0.59438,42.93166],[-0.5936,42.93108],[-0.59244,42.9304],[-0.59195,42.92997],[-0.59133,42.92919],[-0.59056,42.92891],[-0.58951,42.92898],[-0.58884,42.92888],[-0.58804,42.92859],[-0.58745,42.92817],[-0.5868,42.92751],[-0.58641,42.92684],[-0.58601,42.92638],[-0.58556,42.92521],[-0.585,42.92466],[-0.58444,42.92439],[-0.58375,42.9235],[-0.58291,42.9226],[-0.58278,42.92221],[-0.58279,42.92132],[-0.58184,42.91982],[-0.58188,42.91962],[-0.58221,42.91942],[-0.58233,42.91926],[-0.58248,42.91886],[-0.58246,42.91813],[-0.58222,42.91746],[-0.58173,42.91701],[-0.58151,42.91634],[-0.58106,42.9159],[-0.58082,42.91553],[-0.58046,42.9153],[-0.58027,42.91507],[-0.57981,42.91423],[-0.57974,42.91385],[-0.57829,42.91304],[-0.57791,42.91302],[-0.57787,42.91329],[-0.57776,42.91335],[-0.57771,42.91306],[-0.57741,42.91278],[-0.57747,42.91259],[-0.57781,42.91254],[-0.57797,42.91216],[-0.57927,42.91113],[-0.57943,42.91081],[-0.57979,42.91052],[-0.58005,42.91004],[-0.58009,42.90968],[-0.57981,42.90888],[-0.57988,42.9084],[-0.58004,42.908],[-0.5798,42.90732],[-0.57977,42.90638],[-0.57941,42.90609],[-0.57927,42.90554],[-0.57904,42.90528],[-0.57882,42.9048],[-0.57805,42.90385],[-0.57774,42.9036],[-0.57749,42.90319],[-0.57705,42.90286],[-0.57635,42.90257],[-0.57597,42.90227],[-0.57582,42.9019],[-0.57531,42.90132],[-0.57403,42.90096],[-0.57375,42.9008],[-0.57369,42.90051],[-0.57387,42.89998],[-0.57448,42.8995],[-0.57458,42.89919],[-0.57428,42.89825],[-0.57346,42.89772],[-0.5736,42.89664],[-0.57333,42.89636],[-0.57316,42.89631],[-0.5725,42.89632],[-0.57135,42.896],[-0.57028,42.89584],[-0.56999,42.89553],[-0.56876,42.89477],[-0.56832,42.89437],[-0.56795,42.8936],[-0.5676,42.89308],[-0.5676,42.89291],[-0.56786,42.89232],[-0.56778,42.89191],[-0.56657,42.89094],[-0.56609,42.88971],[-0.56579,42.88924],[-0.56531,42.88898],[-0.56449,42.88874],[-0.56416,42.88844],[-0.5641,42.88819],[-0.56414,42.88758],[-0.56455,42.88659],[-0.56464,42.8853],[-0.56452,42.88447],[-0.56416,42.88354],[-0.5641,42.88319],[-0.56416,42.88295],[-0.56473,42.88249],[-0.56483,42.8822]],[[-0.60066,42.94609],[-0.59999,42.94524],[-0.59963,42.94496],[-0.59945,42.94437],[-0.59859,42.94313],[-0.59803,42.94277],[-0.59757,42.9426],[-0.59698,42.94256],[-0.59531,42.94294],[-0.59323,42.94367],[-0.59177,42.94341],[-0.59104,42.94349],[-0.59007,42.94314],[-0.58914,42.94303],[-0.58856,42.94325],[-0.58776,42.94442],[-0.58746,42.94417],[-0.58705,42.9436],[-0.58666,42.94274],[-0.5855,42.94236],[-0.58534,42.94217],[-0.58526,42.94192],[-0.58441,42.9414],[-0.58361,42.94075],[-0.58229,42.94035],[-0.58137,42.94026],[-0.58073,42.93986],[-0.57951,42.93962],[-0.5791,42.93966],[-0.57871,42.94],[-0.5783,42.94018],[-0.57802,42.94022],[-0.5778,42.94013],[-0.57768,42.93968],[-0.57733,42.93923],[-0.57728,42.93905],[-0.57737,42.93879],[-0.57775,42.93828],[-0.57786,42.93791],[-0.57785,42.93763],[-0.57643,42.93454],[-0.57636,42.93364],[-0.57623,42.93334],[-0.57609,42.93322],[-0.57573,42.93312],[-0.57303,42.93276],[-0.5722,42.93237],[-0.57192,42.93166],[-0.57193,42.93086],[-0.57212,42.9307],[-0.57247,42.93059],[-0.57326,42.93052],[-0.57383,42.9303],[-0.57469,42.92969],[-0.57748,42.92862],[-0.57777,42.92831],[-0.57751,42.92746],[-0.57666,42.92648],[-0.57656,42.92621],[-0.57657,42.92577],[-0.57705,42.92482],[-0.57707,42.92443],[-0.5769,42.92431],[-0.57611,42.92413],[-0.57597,42.92388],[-0.57586,42.92331],[-0.57557,42.92301],[-0.57462,42.92293],[-0.57413,42.92276],[-0.57398,42.9226],[-0.57393,42.92246],[-0.57404,42.92215],[-0.57404,42.9217],[-0.57419,42.92137],[-0.57421,42.92109],[-0.57398,42.92077],[-0.57327,42.92021],[-0.57322,42.91992],[-0.57348,42.91937],[-0.57341,42.91907],[-0.57307,42.91886],[-0.57205,42.91853],[-0.57063,42.91872],[-0.56893,42.9187],[-0.56859,42.91851],[-0.56803,42.91776],[-0.56725,42.91716],[-0.56682,42.91693],[-0.56641,42.9169],[-0.56527,42.9172],[-0.56498,42.9172],[-0.56491,42.91659],[-0.56452,42.91606],[-0.56383,42.91591],[-0.56304,42.91539],[-0.56246,42.91517],[-0.56137,42.91496],[-0.56042,42.91462],[-0.55903,42.91446],[-0.55788,42.91448],[-0.55684,42.91461],[-0.55624,42.91444],[-0.55574,42.91415],[-0.55608,42.91407],[-0.55695,42.91406],[-0.55852,42.91353],[-0.55903,42.91343],[-0.56063,42.91338],[-0.56351,42.91281],[-0.56467,42.91272],[-0.56511,42.91245],[-0.56663,42.91075],[-0.56745,42.91015],[-0.56774,42.90954],[-0.56754,42.90879],[-0.56716,42.90833],[-0.56682,42.90773],[-0.56604,42.9069],[-0.56558,42.9059],[-0.56556,42.9055],[-0.56534,42.90526],[-0.56467,42.90484],[-0.56421,42.90442],[-0.56412,42.90421],[-0.56413,42.9038],[-0.56526,42.90303],[-0.56531,42.90267],[-0.56507,42.9019],[-0.56462,42.90138],[-0.56417,42.901],[-0.56303,42.90026],[-0.56251,42.89981],[-0.56181,42.89941],[-0.56152,42.89899],[-0.56156,42.89879],[-0.56261,42.89778],[-0.56266,42.89728],[-0.56248,42.89692],[-0.56159,42.89596],[-0.56113,42.89524],[-0.56082,42.89497],[-0.56054,42.89444],[-0.56059,42.89387],[-0.56044,42.89333],[-0.56072,42.89277],[-0.56073,42.8926],[-0.56063,42.89239],[-0.55997,42.89166],[-0.55983,42.89121],[-0.5599,42.89101],[-0.56074,42.89021],[-0.56131,42.88942],[-0.56138,42.88908],[-0.56116,42.88835],[-0.56066,42.88802],[-0.55924,42.88751],[-0.55726,42.88763],[-0.55587,42.88761],[-0.55548,42.88748],[-0.5559,42.88729],[-0.5567,42.88737],[-0.55767,42.88734],[-0.55917,42.88667],[-0.56004,42.88665],[-0.56051,42.88634],[-0.56174,42.88503],[-0.56177,42.88458],[-0.56149,42.88419],[-0.55971,42.8833],[-0.55941,42.88304],[-0.55912,42.88249],[-0.55858,42.8822]],[[-0.57804,42.91573],[-0.57815,42.91556],[-0.57807,42.9155],[-0.57801,42.91553],[-0.57804,42.91573]],[[-0.57109,42.89722],[-0.57123,42.89704],[-0.57125,42.89689],[-0.57086,42.89658],[-0.57038,42.89646],[-0.56998,42.89664],[-0.57057,42.8974],[-0.5708,42.8974],[-0.57109,42.89722]]]}},{"type":"Feature","properties":{"ele":860},"geometry":{"type":"MultiLineString","coordinates":[[[-0.62078,42.94609],[-0.62095,42.94553],[-0.62188,42.94439],[-0.6222,42.94377],[-0.62295,42.94271],[-0.62411,42.9418],[-0.6252,42.94145],[-0.62555,42.94115],[-0.62567,42.94072],[-0.62544,42.94001],[-0.62581,42.93941],[-0.62586,42.93914],[-0.62579,42.93885],[-0.62647,42.93787],[-0.62654,42.93735],[-0.62709,42.93637],[-0.62748,42.93594],[-0.62803,42.9355],[-0.62836,42.93528],[-0.62889,42.93518],[-0.63052,42.93517],[-0.63171,42.935],[-0.63184,42.93475],[-0.63187,42.93418],[-0.63194,42.93404],[-0.63254,42.9336],[-0.63308,42.93336],[-0.63328,42.93295],[-0.63473,42.93208],[-0.63719,42.93149],[-0.63886,42.93129],[-0.63972,42.93096],[-0.6417,42.93069],[-0.64353,42.93033],[-0.64368,42.93025],[-0.64387,42.92993],[-0.64486,42.92941],[-0.64519,42.92912],[-0.64625,42.9291],[-0.64689,42.92885],[-0.64792,42.9286],[-0.64809,42.92831],[-0.64674,42.92818],[-0.64632,42.92803],[-0.64619,42.92781],[-0.64731,42.92633],[-0.64742,42.92607],[-0.64734,42.92579],[-0.64718,42.92572],[-0.64695,42.92611],[-0.64645,42.92666],[-0.64603,42.92683],[-0.6455,42.92719],[-0.6447,42.92739],[-0.64416,42.92804],[-0.6434,42.92813],[-0.64303,42.92811],[-0.64255,42.92794],[-0.64229,42.92744],[-0.64197,42.92721],[-0.64085,42.92698],[-0.64027,42.92655],[-0.63889,42.92689],[-0.63767,42.927],[-0.63693,42.92747],[-0.63639,42.92751],[-0.63634,42.92745],[-0.63656,42.92717],[-0.63709,42.92692],[-0.63787,42.92635],[-0.6375,42.92631],[-0.6359,42.92645],[-0.63555,42.92636],[-0.63528,42.92608],[-0.63505,42.92607],[-0.63441,42.92631],[-0.63362,42.92631],[-0.63247,42.92661],[-0.63176,42.92666],[-0.63051,42.92716],[-0.63022,42.9274],[-0.62943,42.92775],[-0.62888,42.92819],[-0.62858,42.92702],[-0.62828,42.92669],[-0.62804,42.9266],[-0.62719,42.92652],[-0.62667,42.92661],[-0.62638,42.92692],[-0.62528,42.92748],[-0.62499,42.92778],[-0.62358,42.92801],[-0.62267,42.92846],[-0.62247,42.92858],[-0.62214,42.9291],[-0.6213,42.92941],[-0.62085,42.92984],[-0.62056,42.92999],[-0.61986,42.93103],[-0.62019,42.93166],[-0.61995,42.93199],[-0.61931,42.93214],[-0.61858,42.93244],[-0.61788,42.93229],[-0.6172,42.93275],[-0.61684,42.9328],[-0.61559,42.93285],[-0.61475,42.93274],[-0.61413,42.93276],[-0.61333,42.93252],[-0.61305,42.93263],[-0.61277,42.93303],[-0.61211,42.93352],[-0.61204,42.93371],[-0.6121,42.9344],[-0.61221,42.93469],[-0.61245,42.935],[-0.61306,42.93547],[-0.61317,42.93576],[-0.61293,42.93777],[-0.61261,42.93828],[-0.61193,42.93892],[-0.61129,42.93933],[-0.61073,42.93952],[-0.61028,42.93952],[-0.60991,42.9394],[-0.60964,42.93912],[-0.60915,42.93804],[-0.60887,42.93775],[-0.60841,42.9374],[-0.60751,42.93692],[-0.60729,42.93657],[-0.60661,42.93592],[-0.60583,42.93548],[-0.605,42.93468],[-0.60485,42.93443],[-0.60479,42.93413],[-0.60467,42.93404],[-0.60434,42.93397],[-0.60257,42.93398],[-0.60177,42.9339],[-0.60121,42.93411],[-0.60111,42.93443],[-0.60087,42.93451],[-0.59941,42.93456],[-0.59887,42.93442],[-0.59884,42.93417],[-0.59865,42.93404],[-0.59579,42.93312],[-0.59561,42.93297],[-0.59482,42.93167],[-0.59259,42.93027],[-0.59135,42.92884],[-0.59071,42.9286],[-0.58955,42.9287],[-0.58844,42.92853],[-0.58804,42.92834],[-0.58722,42.92775],[-0.58607,42.92613],[-0.58592,42.92544],[-0.58572,42.92508],[-0.58501,42.92435],[-0.58442,42.92389],[-0.58321,42.92255],[-0.58306,42.92208],[-0.58322,42.92162],[-0.58319,42.92135],[-0.58216,42.91996],[-0.5822,42.9197],[-0.58257,42.91944],[-0.58277,42.91886],[-0.58266,42.91781],[-0.58277,42.91747],[-0.58254,42.91721],[-0.58255,42.91682],[-0.58192,42.91618],[-0.58135,42.91584],[-0.58116,42.91548],[-0.58063,42.91497],[-0.58048,42.91467],[-0.58049,42.91412],[-0.58033,42.91385],[-0.57918,42.91329],[-0.57886,42.91304],[-0.57838,42.91246],[-0.57847,42.91218],[-0.5791,42.91163],[-0.57971,42.91137],[-0.57998,42.91114],[-0.58058,42.91031],[-0.58082,42.90942],[-0.5806,42.9091],[-0.58025,42.90885],[-0.58056,42.90831],[-0.5811,42.90774],[-0.58056,42.90709],[-0.5803,42.90608],[-0.57989,42.90584],[-0.57976,42.90537],[-0.57934,42.90502],[-0.57886,42.90427],[-0.57824,42.90371],[-0.57788,42.903],[-0.5775,42.90275],[-0.57672,42.90245],[-0.57637,42.90192],[-0.5761,42.90172],[-0.57555,42.90108],[-0.57451,42.90062],[-0.57414,42.90054],[-0.57415,42.90026],[-0.57483,42.89994],[-0.57498,42.89969],[-0.57503,42.89941],[-0.57454,42.89819],[-0.57377,42.8975],[-0.57381,42.89704],[-0.57402,42.89645],[-0.57393,42.8962],[-0.57381,42.89611],[-0.5734,42.89605],[-0.57236,42.89601],[-0.5709,42.89568],[-0.57002,42.89535],[-0.56897,42.89471],[-0.56878,42.89445],[-0.56856,42.89387],[-0.56789,42.89308],[-0.56791,42.89291],[-0.56825,42.89228],[-0.56816,42.89193],[-0.56663,42.89084],[-0.56611,42.88943],[-0.56587,42.88913],[-0.56532,42.88885],[-0.56448,42.88858],[-0.56431,42.88838],[-0.56424,42.88819],[-0.56427,42.88777],[-0.5647,42.88663],[-0.56478,42.88537],[-0.56467,42.88448],[-0.5643,42.88326],[-0.5644,42.88299],[-0.56498,42.88265],[-0.56524,42.8822]],[[-0.60029,42.94609],[-0.5998,42.94541],[-0.59919,42.94497],[-0.59887,42.94415],[-0.59847,42.94355],[-0.59793,42.94307],[-0.59757,42.94293],[-0.59677,42.94289],[-0.59566,42.9431],[-0.59326,42.94393],[-0.59191,42.94368],[-0.59108,42.94383],[-0.59,42.94346],[-0.5892,42.94344],[-0.58887,42.94357],[-0.58857,42.94384],[-0.58803,42.94469],[-0.58761,42.94483],[-0.58743,42.94475],[-0.5869,42.9439],[-0.58611,42.94303],[-0.58556,42.94275],[-0.58496,42.94259],[-0.58486,42.94247],[-0.58479,42.94215],[-0.58362,42.94145],[-0.58278,42.94107],[-0.58204,42.94081],[-0.58072,42.94054],[-0.57969,42.93996],[-0.5794,42.93996],[-0.5789,42.94027],[-0.57826,42.94046],[-0.57718,42.94054],[-0.57722,42.93991],[-0.5769,42.93908],[-0.57696,42.93885],[-0.57749,42.93811],[-0.57751,42.93772],[-0.57721,42.93716],[-0.57654,42.93547],[-0.57596,42.93447],[-0.57584,42.93401],[-0.57553,42.93359],[-0.5749,42.93332],[-0.57302,42.93298],[-0.57202,42.93265],[-0.57182,42.93247],[-0.57166,42.9319],[-0.57165,42.9308],[-0.5718,42.93051],[-0.57302,42.93039],[-0.57378,42.93015],[-0.57469,42.92956],[-0.57703,42.92859],[-0.5774,42.92825],[-0.57733,42.92781],[-0.57719,42.92751],[-0.57689,42.92723],[-0.5767,42.9269],[-0.57637,42.92664],[-0.57634,42.92649],[-0.5763,42.9258],[-0.57666,42.92498],[-0.57669,42.92466],[-0.57636,42.92444],[-0.57574,42.92419],[-0.57562,42.92355],[-0.57543,42.92328],[-0.57438,42.92313],[-0.57385,42.92295],[-0.57349,42.92272],[-0.57346,42.92246],[-0.57396,42.92109],[-0.57376,42.92085],[-0.57327,42.92056],[-0.57306,42.92022],[-0.573,42.91995],[-0.5732,42.9194],[-0.57311,42.91912],[-0.57188,42.91873],[-0.57052,42.91894],[-0.56938,42.91898],[-0.56873,42.9189],[-0.5686,42.91885],[-0.56805,42.91821],[-0.56657,42.9172],[-0.56586,42.9172],[-0.56552,42.91746],[-0.56517,42.91755],[-0.56469,42.91751],[-0.56449,42.91718],[-0.56445,42.91662],[-0.5635,42.91617],[-0.56315,42.91577],[-0.56278,42.91552],[-0.56017,42.9148],[-0.55906,42.91472],[-0.55708,42.91488],[-0.5567,42.91485],[-0.55578,42.91447],[-0.55495,42.91387],[-0.55497,42.91379],[-0.55511,42.91375],[-0.55684,42.91379],[-0.55955,42.91312],[-0.56146,42.91294],[-0.56444,42.91248],[-0.56494,42.91216],[-0.56649,42.91027],[-0.56722,42.90988],[-0.56743,42.90947],[-0.56727,42.90888],[-0.56696,42.90855],[-0.56648,42.90773],[-0.56572,42.90693],[-0.56462,42.90523],[-0.56378,42.90445],[-0.56361,42.9041],[-0.56356,42.9038],[-0.56387,42.90303],[-0.5641,42.90275],[-0.56472,42.90279],[-0.56487,42.90266],[-0.56495,42.90232],[-0.56482,42.90192],[-0.56423,42.90129],[-0.56335,42.90079],[-0.56231,42.89994],[-0.56133,42.89943],[-0.5609,42.89895],[-0.56118,42.89843],[-0.56109,42.89802],[-0.56122,42.89767],[-0.56143,42.89751],[-0.56213,42.89741],[-0.56226,42.89728],[-0.56228,42.89711],[-0.56222,42.89691],[-0.56142,42.89602],[-0.56086,42.89526],[-0.56053,42.89498],[-0.56035,42.89469],[-0.56025,42.8944],[-0.56022,42.89378],[-0.5601,42.89326],[-0.56034,42.89246],[-0.55983,42.89186],[-0.55955,42.89142],[-0.5595,42.89121],[-0.55969,42.8908],[-0.5605,42.89018],[-0.56112,42.88946],[-0.56123,42.88909],[-0.5611,42.88857],[-0.5609,42.88829],[-0.5606,42.88811],[-0.55927,42.88764],[-0.55719,42.88781],[-0.55576,42.88773],[-0.55513,42.88748],[-0.55579,42.88716],[-0.55761,42.88715],[-0.55881,42.88659],[-0.55996,42.88635],[-0.56155,42.88482],[-0.56158,42.88458],[-0.5614,42.8843],[-0.55967,42.88337],[-0.5593,42.88305],[-0.55891,42.88246],[-0.55829,42.8822]],[[-0.64748,42.92534],[-0.64764,42.92497],[-0.64744,42.92498],[-0.6474,42.92522],[-0.64748,42.92534]],[[-0.56415,42.90333],[-0.56414,42.90322],[-0.56403,42.90329],[-0.56415,42.90333]]]}},{"type":"Feature","properties":{"ele":870},"geometry":{"type":"MultiLineString","coordinates":[[[-0.62088,42.94609],[-0.62107,42.94552],[-0.62194,42.94445],[-0.62222,42.94389],[-0.62301,42.94273],[-0.62413,42.94188],[-0.62514,42.94165],[-0.62563,42.94135],[-0.62586,42.94084],[-0.62569,42.94006],[-0.62605,42.9393],[-0.626,42.9388],[-0.62632,42.93828],[-0.62671,42.93784],[-0.62671,42.93739],[-0.62725,42.9364],[-0.62824,42.93552],[-0.62903,42.93531],[-0.63059,42.93538],[-0.63195,42.93527],[-0.63212,42.93499],[-0.63222,42.93423],[-0.6323,42.93407],[-0.6327,42.93378],[-0.63315,42.93362],[-0.63366,42.93307],[-0.63418,42.93281],[-0.63486,42.93232],[-0.63798,42.93163],[-0.63917,42.93152],[-0.63986,42.93126],[-0.64078,42.93107],[-0.64198,42.93097],[-0.64302,42.93065],[-0.64415,42.93054],[-0.64422,42.93026],[-0.64448,42.9301],[-0.64636,42.92941],[-0.64681,42.92912],[-0.64834,42.92863],[-0.64863,42.92834],[-0.6486,42.92823],[-0.64674,42.92804],[-0.64655,42.92775],[-0.64709,42.9272],[-0.64718,42.92689],[-0.64763,42.92624],[-0.64764,42.92569],[-0.64776,42.9253],[-0.64816,42.92497],[-0.64836,42.92466],[-0.64813,42.92457],[-0.64785,42.92458],[-0.64712,42.92492],[-0.64703,42.9251],[-0.64696,42.92559],[-0.64666,42.9261],[-0.6462,42.92662],[-0.64587,42.92672],[-0.64554,42.92663],[-0.64525,42.9258],[-0.64449,42.92587],[-0.64421,42.92613],[-0.64382,42.92615],[-0.64357,42.92635],[-0.64331,42.92671],[-0.64303,42.92659],[-0.64229,42.92681],[-0.64158,42.92668],[-0.64145,42.92655],[-0.64119,42.92593],[-0.6411,42.9258],[-0.641,42.9258],[-0.64024,42.92586],[-0.63975,42.92613],[-0.63916,42.92627],[-0.63885,42.92653],[-0.63858,42.92654],[-0.63843,42.92633],[-0.63917,42.92555],[-0.63909,42.92541],[-0.63837,42.92562],[-0.63804,42.92581],[-0.63779,42.92573],[-0.63761,42.92554],[-0.63743,42.92552],[-0.63681,42.92577],[-0.63615,42.92575],[-0.63563,42.92587],[-0.63517,42.92585],[-0.63434,42.92603],[-0.63323,42.92604],[-0.63124,42.92665],[-0.63003,42.92722],[-0.62917,42.92736],[-0.62888,42.92726],[-0.62861,42.92663],[-0.62833,42.92649],[-0.62777,42.92634],[-0.62688,42.92638],[-0.62658,42.92653],[-0.62612,42.92693],[-0.62532,42.92733],[-0.62486,42.92766],[-0.62467,42.92775],[-0.62382,42.92784],[-0.62332,42.92802],[-0.62232,42.92855],[-0.62221,42.92887],[-0.62193,42.92908],[-0.62106,42.9294],[-0.62044,42.92994],[-0.62028,42.93028],[-0.61999,42.93053],[-0.61959,42.93106],[-0.61962,42.93136],[-0.62003,42.93164],[-0.61969,42.9319],[-0.61872,42.9321],[-0.61799,42.93197],[-0.61719,42.93253],[-0.6166,42.93269],[-0.61424,42.93264],[-0.61333,42.9323],[-0.61303,42.93235],[-0.6125,42.93303],[-0.61196,42.93339],[-0.61186,42.93364],[-0.61192,42.93444],[-0.61207,42.93475],[-0.61221,42.93497],[-0.61287,42.93544],[-0.61306,42.93579],[-0.61306,42.93615],[-0.61285,42.93694],[-0.61282,42.93778],[-0.61248,42.93831],[-0.61202,42.93874],[-0.61142,42.93918],[-0.61082,42.93944],[-0.61025,42.93944],[-0.60997,42.93931],[-0.6098,42.93909],[-0.60943,42.9383],[-0.60907,42.93782],[-0.60858,42.93739],[-0.60771,42.93695],[-0.60664,42.93582],[-0.6058,42.9353],[-0.60515,42.93469],[-0.60498,42.93443],[-0.60493,42.93413],[-0.60469,42.93393],[-0.60254,42.9339],[-0.60177,42.9338],[-0.60082,42.93414],[-0.6008,42.93436],[-0.60072,42.93442],[-0.60039,42.93442],[-0.60029,42.93414],[-0.6,42.93413],[-0.59993,42.93415],[-0.59984,42.93442],[-0.59939,42.93445],[-0.59923,42.93438],[-0.59918,42.93414],[-0.59582,42.93303],[-0.59501,42.93163],[-0.59416,42.93118],[-0.59274,42.93026],[-0.59193,42.92942],[-0.59131,42.92863],[-0.59073,42.92846],[-0.58962,42.92856],[-0.58858,42.92846],[-0.58808,42.92826],[-0.58737,42.92778],[-0.58705,42.92743],[-0.58617,42.92608],[-0.58605,42.92544],[-0.5858,42.92499],[-0.58498,42.92415],[-0.58462,42.9239],[-0.58332,42.92247],[-0.58322,42.92214],[-0.58342,42.92165],[-0.58337,42.92137],[-0.58235,42.91998],[-0.58272,42.9194],[-0.58297,42.91871],[-0.58283,42.91822],[-0.58293,42.91746],[-0.58282,42.91691],[-0.58196,42.91601],[-0.58159,42.91582],[-0.5813,42.91528],[-0.58082,42.91498],[-0.58067,42.91451],[-0.58084,42.91413],[-0.58069,42.91393],[-0.57919,42.9131],[-0.57892,42.91274],[-0.57858,42.91247],[-0.57871,42.91217],[-0.57937,42.91166],[-0.58004,42.91137],[-0.58085,42.91029],[-0.58117,42.9094],[-0.58108,42.90917],[-0.58078,42.90888],[-0.58075,42.90859],[-0.58132,42.90777],[-0.58131,42.90749],[-0.58078,42.9067],[-0.5806,42.90602],[-0.58035,42.90576],[-0.58004,42.90524],[-0.57832,42.90358],[-0.57812,42.90298],[-0.57778,42.90275],[-0.57697,42.90242],[-0.57581,42.90109],[-0.5747,42.90053],[-0.57474,42.90026],[-0.57511,42.89994],[-0.5752,42.8993],[-0.57466,42.89809],[-0.57412,42.89768],[-0.57391,42.89742],[-0.57392,42.89704],[-0.5742,42.89638],[-0.57422,42.89608],[-0.57243,42.8959],[-0.57108,42.89565],[-0.56999,42.89525],[-0.56914,42.8947],[-0.56894,42.89444],[-0.56887,42.89388],[-0.56874,42.89362],[-0.56798,42.89305],[-0.56843,42.89228],[-0.56835,42.89191],[-0.56667,42.89078],[-0.56622,42.88951],[-0.56597,42.88914],[-0.56552,42.88887],[-0.56469,42.88859],[-0.56437,42.88837],[-0.56436,42.88774],[-0.56475,42.88672],[-0.56485,42.88569],[-0.56478,42.88465],[-0.5644,42.88327],[-0.56455,42.88301],[-0.56507,42.88275],[-0.56543,42.8822]],[[-0.60015,42.94609],[-0.59972,42.94551],[-0.59908,42.94504],[-0.59825,42.94362],[-0.5978,42.94323],[-0.59743,42.94307],[-0.59664,42.94302],[-0.5957,42.9432],[-0.59326,42.94405],[-0.59198,42.94379],[-0.59111,42.94398],[-0.59004,42.94362],[-0.5892,42.94364],[-0.5888,42.94384],[-0.58807,42.94483],[-0.58778,42.94498],[-0.5874,42.945],[-0.58722,42.94496],[-0.58709,42.94448],[-0.58667,42.94386],[-0.5861,42.94338],[-0.58579,42.9432],[-0.58454,42.94277],[-0.58443,42.9422],[-0.58243,42.9412],[-0.5817,42.94095],[-0.58059,42.94075],[-0.57947,42.9402],[-0.5782,42.94063],[-0.57729,42.94067],[-0.57693,42.94056],[-0.57702,42.9402],[-0.57675,42.9393],[-0.57674,42.93902],[-0.57684,42.93877],[-0.57726,42.93824],[-0.57734,42.9378],[-0.57639,42.93552],[-0.5757,42.93445],[-0.57563,42.9341],[-0.57498,42.93359],[-0.57462,42.93343],[-0.57272,42.93304],[-0.57187,42.93278],[-0.57164,42.93251],[-0.57152,42.93197],[-0.57152,42.93072],[-0.5716,42.93049],[-0.57198,42.93038],[-0.57298,42.93032],[-0.57372,42.93009],[-0.57468,42.92951],[-0.57683,42.92858],[-0.5771,42.92837],[-0.5772,42.9282],[-0.57708,42.92767],[-0.57621,42.92655],[-0.57616,42.92593],[-0.57639,42.925],[-0.57634,42.92473],[-0.57551,42.92419],[-0.57539,42.92361],[-0.57528,42.92345],[-0.57383,42.9231],[-0.57324,42.92276],[-0.57325,42.9224],[-0.57352,42.9219],[-0.57361,42.9214],[-0.57379,42.92108],[-0.57314,42.92057],[-0.57299,42.92033],[-0.57292,42.91996],[-0.57309,42.91943],[-0.57301,42.91922],[-0.57181,42.91882],[-0.56983,42.91908],[-0.56872,42.919],[-0.56842,42.91885],[-0.56796,42.91831],[-0.56639,42.91735],[-0.56601,42.91734],[-0.56552,42.91761],[-0.56511,42.91771],[-0.56469,42.91766],[-0.56433,42.91727],[-0.56415,42.91664],[-0.56334,42.91635],[-0.56276,42.91575],[-0.56176,42.91549],[-0.56136,42.91526],[-0.5605,42.91496],[-0.55917,42.91484],[-0.55705,42.91501],[-0.55649,42.91494],[-0.5556,42.91449],[-0.55451,42.91374],[-0.55386,42.91359],[-0.55445,42.91347],[-0.55556,42.91365],[-0.55632,42.91355],[-0.55665,42.91359],[-0.55771,42.91345],[-0.55942,42.91299],[-0.56142,42.91282],[-0.56424,42.91239],[-0.56468,42.91217],[-0.56623,42.91027],[-0.56711,42.90973],[-0.56726,42.90945],[-0.56721,42.9091],[-0.56637,42.90804],[-0.5662,42.90757],[-0.56552,42.90692],[-0.56473,42.90575],[-0.56447,42.90521],[-0.56354,42.90446],[-0.56335,42.90407],[-0.56332,42.90359],[-0.56385,42.90224],[-0.56417,42.90219],[-0.56467,42.90242],[-0.56475,42.90225],[-0.5647,42.90193],[-0.56416,42.90135],[-0.56316,42.9008],[-0.56219,42.89999],[-0.56109,42.89942],[-0.56071,42.89915],[-0.56053,42.89887],[-0.56106,42.89742],[-0.56196,42.89727],[-0.56208,42.89719],[-0.56209,42.89704],[-0.56191,42.89669],[-0.56086,42.89541],[-0.56041,42.89504],[-0.5602,42.89471],[-0.55993,42.89328],[-0.56007,42.89244],[-0.55936,42.89145],[-0.55932,42.89128],[-0.55951,42.89081],[-0.55998,42.89036],[-0.56054,42.88999],[-0.56108,42.88938],[-0.56116,42.88905],[-0.56098,42.88853],[-0.56083,42.8883],[-0.56052,42.88814],[-0.55927,42.8877],[-0.55719,42.88788],[-0.55554,42.88775],[-0.5547,42.88748],[-0.5558,42.88712],[-0.55754,42.88708],[-0.55862,42.88657],[-0.55972,42.88628],[-0.56026,42.88592],[-0.56083,42.88526],[-0.56143,42.88476],[-0.5614,42.88439],[-0.55955,42.88334],[-0.5592,42.88302],[-0.55886,42.88248],[-0.55814,42.8822]],[[-0.63693,42.92616],[-0.63707,42.92604],[-0.63681,42.92586],[-0.63643,42.92589],[-0.63621,42.92607],[-0.63643,42.92623],[-0.63693,42.92616]],[[-0.55304,42.88778],[-0.55315,42.88774],[-0.55305,42.88764],[-0.55295,42.88773],[-0.55304,42.88778]]]}},{"type":"Feature","properties":{"ele":880},"geometry":{"type":"MultiLineString","coordinates":[[[-0.62098,42.94609],[-0.62116,42.94555],[-0.62195,42.94457],[-0.62306,42.94276],[-0.62409,42.94198],[-0.62528,42.94174],[-0.62553,42.94164],[-0.62583,42.94137],[-0.62603,42.94079],[-0.62592,42.9401],[-0.62627,42.93923],[-0.62622,42.93878],[-0.62647,42.93842],[-0.62697,42.93805],[-0.62699,42.93778],[-0.62689,42.93745],[-0.62745,42.93637],[-0.62829,42.93569],[-0.62858,42.93553],[-0.62896,42.93546],[-0.63097,42.93559],[-0.63205,42.93547],[-0.63232,42.93525],[-0.63241,42.93469],[-0.63263,42.93412],[-0.6336,42.93387],[-0.63395,42.93361],[-0.63415,42.93331],[-0.63475,42.93305],[-0.63496,42.93274],[-0.63514,42.93265],[-0.63561,42.93255],[-0.63638,42.9322],[-0.64019,42.93164],[-0.64087,42.93138],[-0.64233,42.93122],[-0.64316,42.93087],[-0.64412,42.9308],[-0.64474,42.93054],[-0.64495,42.93024],[-0.64728,42.92944],[-0.64748,42.92914],[-0.64859,42.92872],[-0.64908,42.92807],[-0.64882,42.92796],[-0.64771,42.92795],[-0.6473,42.92777],[-0.64805,42.92641],[-0.64808,42.92609],[-0.6479,42.92579],[-0.64801,42.92548],[-0.6484,42.92544],[-0.64876,42.92529],[-0.64871,42.92496],[-0.64887,42.9247],[-0.64941,42.9246],[-0.64974,42.92433],[-0.65023,42.92411],[-0.65143,42.92387],[-0.65168,42.92367],[-0.65201,42.92359],[-0.6516,42.92358],[-0.65115,42.92376],[-0.65021,42.92372],[-0.64958,42.92407],[-0.6474,42.9245],[-0.64695,42.92471],[-0.64665,42.92504],[-0.64638,42.92469],[-0.64395,42.92496],[-0.6431,42.92529],[-0.64281,42.92554],[-0.64229,42.92565],[-0.64181,42.92561],[-0.64098,42.92524],[-0.64092,42.92496],[-0.64128,42.92471],[-0.64147,42.92446],[-0.64141,42.92434],[-0.64125,42.92431],[-0.63962,42.92478],[-0.63886,42.92484],[-0.63788,42.92529],[-0.63677,42.92548],[-0.63643,42.92545],[-0.63608,42.92517],[-0.6358,42.92511],[-0.63497,42.92546],[-0.63439,42.92552],[-0.63354,42.92577],[-0.63301,42.9258],[-0.63135,42.92649],[-0.63035,42.92681],[-0.62927,42.92704],[-0.62901,42.92694],[-0.62857,42.92643],[-0.62806,42.9262],[-0.62757,42.92616],[-0.62662,42.92635],[-0.62602,42.92683],[-0.62476,42.92755],[-0.62364,42.92779],[-0.62219,42.9285],[-0.62195,42.92891],[-0.62114,42.92921],[-0.62081,42.92942],[-0.62025,42.92997],[-0.61971,42.93069],[-0.61908,42.93126],[-0.61868,42.93149],[-0.6183,42.93152],[-0.61804,42.93164],[-0.61694,42.93248],[-0.61639,42.93257],[-0.61507,42.93249],[-0.61431,42.93252],[-0.61411,42.93249],[-0.61362,42.93218],[-0.61316,42.93208],[-0.61297,42.93213],[-0.61253,42.9328],[-0.61224,42.93309],[-0.61178,42.9333],[-0.61169,42.93357],[-0.61179,42.9344],[-0.61191,42.93476],[-0.61225,42.93518],[-0.61279,42.93551],[-0.6129,42.93579],[-0.61291,42.93617],[-0.6127,42.93694],[-0.6127,42.9378],[-0.61252,42.93813],[-0.612,42.93866],[-0.61129,42.93916],[-0.61076,42.93935],[-0.61035,42.93934],[-0.60999,42.93914],[-0.60964,42.93834],[-0.60915,42.93775],[-0.60857,42.93727],[-0.60781,42.93687],[-0.6067,42.93575],[-0.60583,42.93519],[-0.60529,42.93467],[-0.60508,42.9341],[-0.60476,42.93383],[-0.60264,42.93381],[-0.60184,42.93369],[-0.6007,42.93405],[-0.59938,42.93408],[-0.59771,42.93348],[-0.59607,42.93304],[-0.5958,42.93282],[-0.59558,42.93249],[-0.59516,42.93164],[-0.5939,42.93093],[-0.59294,42.93029],[-0.59201,42.92935],[-0.59142,42.92852],[-0.59076,42.92832],[-0.58948,42.92844],[-0.58862,42.92836],[-0.58816,42.92822],[-0.58747,42.92776],[-0.58715,42.92746],[-0.58631,42.92612],[-0.58623,42.92586],[-0.58624,42.92548],[-0.58587,42.92495],[-0.58346,42.92242],[-0.58337,42.92218],[-0.58363,42.92168],[-0.58357,42.92143],[-0.58248,42.91998],[-0.58275,42.91967],[-0.5831,42.91888],[-0.58313,42.91861],[-0.583,42.91824],[-0.58333,42.91776],[-0.58304,42.91692],[-0.58198,42.91585],[-0.58171,42.91524],[-0.58116,42.91492],[-0.58097,42.91473],[-0.58088,42.91447],[-0.58105,42.91409],[-0.58097,42.91385],[-0.57938,42.91305],[-0.57891,42.91235],[-0.57896,42.91218],[-0.57942,42.91185],[-0.58028,42.91137],[-0.58092,42.91047],[-0.58142,42.90945],[-0.5813,42.90827],[-0.58141,42.90804],[-0.5818,42.9076],[-0.58183,42.90745],[-0.5814,42.90712],[-0.58092,42.90606],[-0.58037,42.90526],[-0.57856,42.9036],[-0.57832,42.90294],[-0.57694,42.90222],[-0.57587,42.90098],[-0.57492,42.90055],[-0.575,42.90028],[-0.57534,42.9],[-0.57537,42.89926],[-0.57526,42.89887],[-0.57486,42.89809],[-0.57413,42.89757],[-0.57403,42.89742],[-0.57406,42.89691],[-0.57445,42.89605],[-0.5711,42.89559],[-0.57007,42.8952],[-0.56932,42.89473],[-0.56908,42.89443],[-0.56911,42.89395],[-0.56899,42.8936],[-0.56816,42.89303],[-0.56864,42.89224],[-0.56851,42.89196],[-0.56678,42.89079],[-0.56663,42.89057],[-0.56633,42.88961],[-0.56609,42.88915],[-0.56574,42.88891],[-0.5648,42.88855],[-0.56442,42.88832],[-0.56444,42.88777],[-0.56485,42.88666],[-0.56492,42.88576],[-0.56488,42.88475],[-0.56453,42.88329],[-0.56468,42.88302],[-0.56527,42.88276],[-0.56563,42.8822]],[[-0.60001,42.94609],[-0.59956,42.94553],[-0.59907,42.94521],[-0.59807,42.94371],[-0.59763,42.94332],[-0.59736,42.94321],[-0.59667,42.94314],[-0.59578,42.94329],[-0.5933,42.94416],[-0.59198,42.94395],[-0.59108,42.94412],[-0.59007,42.94375],[-0.58918,42.94382],[-0.58891,42.94397],[-0.58856,42.94433],[-0.58835,42.94477],[-0.58814,42.94497],[-0.58729,42.94519],[-0.58711,42.94507],[-0.58689,42.94443],[-0.58639,42.94382],[-0.58582,42.94347],[-0.58525,42.94332],[-0.58405,42.94278],[-0.58407,42.94242],[-0.5839,42.94218],[-0.58347,42.9419],[-0.58201,42.94126],[-0.58026,42.94083],[-0.57945,42.94044],[-0.5783,42.94081],[-0.57679,42.94082],[-0.57673,42.94065],[-0.57683,42.94024],[-0.57664,42.93961],[-0.57656,42.93902],[-0.5767,42.93868],[-0.57709,42.93825],[-0.57718,42.93794],[-0.57609,42.93527],[-0.57543,42.93444],[-0.57535,42.93411],[-0.57466,42.93364],[-0.57361,42.93333],[-0.57236,42.93309],[-0.57164,42.93282],[-0.5715,42.93256],[-0.57136,42.93195],[-0.57147,42.93131],[-0.57138,42.93065],[-0.57153,42.93042],[-0.57188,42.93031],[-0.57283,42.93027],[-0.57366,42.93004],[-0.57553,42.92902],[-0.57663,42.92858],[-0.57697,42.92833],[-0.57703,42.92815],[-0.57694,42.92774],[-0.57607,42.92664],[-0.57603,42.926],[-0.57619,42.92527],[-0.57613,42.92494],[-0.5759,42.92467],[-0.5755,42.92443],[-0.57492,42.92362],[-0.57351,42.92314],[-0.573,42.92277],[-0.57306,42.92226],[-0.57333,42.92193],[-0.57341,42.92138],[-0.57353,42.92111],[-0.57302,42.92061],[-0.57289,42.92034],[-0.57283,42.92003],[-0.57295,42.91954],[-0.57291,42.91936],[-0.57268,42.9192],[-0.57174,42.91892],[-0.56986,42.91919],[-0.56871,42.9191],[-0.56829,42.91889],[-0.56775,42.91831],[-0.56736,42.91817],[-0.56632,42.91756],[-0.56604,42.91753],[-0.56535,42.9178],[-0.56465,42.91779],[-0.56424,42.91744],[-0.56394,42.91686],[-0.5632,42.9165],[-0.56245,42.91597],[-0.56136,42.91554],[-0.56091,42.91525],[-0.55951,42.91497],[-0.55701,42.91512],[-0.55646,42.91508],[-0.55611,42.91495],[-0.55444,42.91385],[-0.55321,42.91359],[-0.55332,42.91344],[-0.55358,42.91331],[-0.55441,42.91329],[-0.55549,42.91349],[-0.55656,42.91326],[-0.55752,42.91332],[-0.55924,42.91288],[-0.56146,42.9127],[-0.56413,42.9123],[-0.5644,42.91218],[-0.5647,42.91191],[-0.5661,42.91014],[-0.56656,42.90981],[-0.56693,42.9097],[-0.56703,42.90944],[-0.56697,42.9091],[-0.56642,42.90853],[-0.56613,42.90769],[-0.5653,42.90689],[-0.56429,42.90522],[-0.56383,42.90492],[-0.56325,42.90433],[-0.56306,42.9036],[-0.56335,42.90285],[-0.5634,42.90218],[-0.56358,42.90191],[-0.56375,42.90181],[-0.56389,42.90179],[-0.56417,42.90195],[-0.56431,42.90192],[-0.56428,42.9018],[-0.56358,42.9011],[-0.56301,42.90083],[-0.56194,42.89998],[-0.56047,42.89917],[-0.56025,42.89887],[-0.56027,42.89837],[-0.56073,42.89776],[-0.56087,42.89726],[-0.56104,42.89716],[-0.56163,42.89712],[-0.56184,42.8969],[-0.56099,42.89572],[-0.56038,42.89519],[-0.56,42.8947],[-0.55977,42.89322],[-0.55981,42.89247],[-0.55912,42.89135],[-0.55935,42.89082],[-0.55983,42.89029],[-0.56031,42.89003],[-0.56104,42.88926],[-0.5611,42.88911],[-0.56088,42.88854],[-0.56073,42.88832],[-0.56048,42.88817],[-0.5592,42.88774],[-0.55719,42.88794],[-0.55549,42.88779],[-0.55431,42.88748],[-0.55573,42.88708],[-0.55719,42.88706],[-0.55776,42.88693],[-0.55851,42.88653],[-0.55979,42.88609],[-0.56018,42.88579],[-0.56058,42.88527],[-0.56122,42.88475],[-0.56128,42.88454],[-0.56122,42.88439],[-0.55943,42.8833],[-0.55914,42.88304],[-0.55878,42.88251],[-0.55795,42.8822]],[[-0.63943,42.92586],[-0.63951,42.92581],[-0.63944,42.92576],[-0.63937,42.9258],[-0.63943,42.92586]],[[-0.55332,42.88781],[-0.55341,42.88771],[-0.55332,42.88748],[-0.55244,42.88748],[-0.55273,42.88777],[-0.55332,42.88781]]]}},{"type":"Feature","properties":{"ele":890},"geometry":{"type":"MultiLineString","coordinates":[[[-0.62108,42.94609],[-0.62128,42.94551],[-0.62197,42.9447],[-0.62274,42.94357],[-0.62296,42.94301],[-0.62321,42.94271],[-0.62403,42.9421],[-0.62438,42.94199],[-0.62525,42.94191],[-0.62569,42.94169],[-0.62591,42.94146],[-0.62617,42.94084],[-0.62612,42.94024],[-0.62641,42.9397],[-0.62649,42.93885],[-0.62718,42.93798],[-0.62711,42.93735],[-0.6276,42.93644],[-0.62837,42.93581],[-0.62899,42.9356],[-0.63153,42.93587],[-0.63203,42.93582],[-0.63225,42.9357],[-0.63255,42.93533],[-0.63278,42.93471],[-0.63364,42.93443],[-0.63377,42.93411],[-0.63467,42.93374],[-0.63545,42.93324],[-0.63636,42.93282],[-0.63666,42.93276],[-0.63738,42.93243],[-0.63892,42.93205],[-0.64221,42.93164],[-0.64304,42.93139],[-0.6436,42.9311],[-0.6456,42.93054],[-0.64575,42.93023],[-0.64633,42.92996],[-0.64804,42.92943],[-0.64818,42.92911],[-0.64891,42.92895],[-0.64914,42.9283],[-0.64985,42.92777],[-0.64992,42.92751],[-0.64971,42.92739],[-0.64911,42.92774],[-0.64819,42.92778],[-0.64811,42.92769],[-0.6481,42.92721],[-0.64879,42.9258],[-0.64939,42.9253],[-0.65027,42.92474],[-0.65029,42.92448],[-0.65039,42.92435],[-0.65078,42.92417],[-0.65219,42.92381],[-0.6532,42.92386],[-0.65368,42.92376],[-0.65412,42.92388],[-0.65479,42.92394],[-0.65587,42.92388],[-0.65637,42.92358],[-0.65648,42.92328],[-0.65556,42.92302],[-0.65451,42.9229],[-0.65412,42.923],[-0.6539,42.92334],[-0.65347,42.92353],[-0.65195,42.92342],[-0.65035,42.92351],[-0.64998,42.92359],[-0.64945,42.92387],[-0.64868,42.9241],[-0.64722,42.92396],[-0.64638,42.9241],[-0.64601,42.92425],[-0.64496,42.92449],[-0.64426,42.92444],[-0.64426,42.92436],[-0.6445,42.92416],[-0.64499,42.92392],[-0.64551,42.92346],[-0.64584,42.92331],[-0.64556,42.92314],[-0.64521,42.92307],[-0.64409,42.9234],[-0.64337,42.92345],[-0.64271,42.9237],[-0.63998,42.92412],[-0.63919,42.92446],[-0.63802,42.92468],[-0.63782,42.92503],[-0.63719,42.92528],[-0.63691,42.92531],[-0.63672,42.92524],[-0.6371,42.92476],[-0.63708,42.92469],[-0.63695,42.92467],[-0.63638,42.92498],[-0.63597,42.92484],[-0.63504,42.92522],[-0.63418,42.92526],[-0.6334,42.92561],[-0.63246,42.9258],[-0.63137,42.92636],[-0.62972,42.92681],[-0.62918,42.92683],[-0.62859,42.92625],[-0.62805,42.92602],[-0.62757,42.92602],[-0.62663,42.92624],[-0.62479,42.92738],[-0.6236,42.92769],[-0.62281,42.92814],[-0.62223,42.92836],[-0.62172,42.92889],[-0.62089,42.92918],[-0.62005,42.93],[-0.61969,42.93052],[-0.61862,42.93115],[-0.61806,42.93128],[-0.61775,42.93164],[-0.6166,42.93239],[-0.61438,42.93241],[-0.61312,42.93188],[-0.61291,42.93195],[-0.61273,42.93213],[-0.61228,42.93286],[-0.61157,42.93327],[-0.61151,42.93343],[-0.61164,42.93443],[-0.61186,42.93491],[-0.61276,42.93581],[-0.61274,42.93628],[-0.61255,42.93697],[-0.61258,42.93784],[-0.61249,42.93805],[-0.61195,42.93861],[-0.61113,42.93916],[-0.61083,42.93924],[-0.61024,42.93915],[-0.61001,42.93884],[-0.6098,42.93829],[-0.60923,42.93769],[-0.6086,42.93715],[-0.60778,42.93668],[-0.60752,42.93634],[-0.6067,42.93564],[-0.60579,42.93503],[-0.60534,42.93447],[-0.60528,42.93413],[-0.60479,42.93374],[-0.60445,42.93368],[-0.60274,42.93371],[-0.60191,42.93358],[-0.60066,42.93395],[-0.59938,42.934],[-0.59775,42.93337],[-0.59612,42.93292],[-0.59571,42.93251],[-0.5953,42.93162],[-0.59387,42.93083],[-0.59305,42.93024],[-0.59207,42.92926],[-0.59171,42.92856],[-0.59146,42.92837],[-0.59076,42.92822],[-0.58934,42.92833],[-0.58854,42.92826],[-0.58808,42.92809],[-0.58748,42.92767],[-0.58712,42.92729],[-0.58645,42.92614],[-0.58637,42.92581],[-0.58644,42.92548],[-0.58363,42.92242],[-0.58354,42.92219],[-0.58379,42.92173],[-0.58378,42.92142],[-0.583,42.92055],[-0.58269,42.91999],[-0.58332,42.91886],[-0.58318,42.91829],[-0.5835,42.91777],[-0.58347,42.91746],[-0.58318,42.91686],[-0.5822,42.91582],[-0.58214,42.91551],[-0.58199,42.91527],[-0.58117,42.91465],[-0.58108,42.91442],[-0.5813,42.91399],[-0.58129,42.91384],[-0.58009,42.91335],[-0.57965,42.91306],[-0.57924,42.91239],[-0.57932,42.91213],[-0.58047,42.91135],[-0.58128,42.91025],[-0.58162,42.90944],[-0.58162,42.90825],[-0.58174,42.90802],[-0.58216,42.90773],[-0.58236,42.90746],[-0.58182,42.90716],[-0.58136,42.9061],[-0.58084,42.90546],[-0.57878,42.90355],[-0.57859,42.90331],[-0.57855,42.90301],[-0.5784,42.90275],[-0.57715,42.90221],[-0.57581,42.90074],[-0.5754,42.90052],[-0.57554,42.90025],[-0.57558,42.89992],[-0.57554,42.89916],[-0.57543,42.89874],[-0.57501,42.89803],[-0.57415,42.8974],[-0.57415,42.89692],[-0.57454,42.89617],[-0.5745,42.89598],[-0.57431,42.89588],[-0.57271,42.89569],[-0.57184,42.89568],[-0.57109,42.89553],[-0.57004,42.89511],[-0.56942,42.8947],[-0.56923,42.8944],[-0.56929,42.89392],[-0.56919,42.89357],[-0.56888,42.8933],[-0.56831,42.89303],[-0.5688,42.89232],[-0.56875,42.89204],[-0.5683,42.89167],[-0.56689,42.89082],[-0.56667,42.89049],[-0.56635,42.88946],[-0.56613,42.8891],[-0.5658,42.88887],[-0.56501,42.88856],[-0.56457,42.8883],[-0.56454,42.88791],[-0.5649,42.88676],[-0.565,42.88579],[-0.56496,42.88482],[-0.56466,42.8833],[-0.56489,42.88304],[-0.5655,42.88273],[-0.56583,42.8822]],[[-0.59984,42.94609],[-0.59941,42.94556],[-0.59887,42.94525],[-0.598,42.94388],[-0.59754,42.94348],[-0.5972,42.94331],[-0.59663,42.94326],[-0.5959,42.94338],[-0.59316,42.94428],[-0.59222,42.94416],[-0.59094,42.94424],[-0.58999,42.94386],[-0.58951,42.94393],[-0.58913,42.94406],[-0.58875,42.94433],[-0.58836,42.94499],[-0.58776,42.94525],[-0.58719,42.94535],[-0.58693,42.94525],[-0.58679,42.94458],[-0.58633,42.94397],[-0.5844,42.94306],[-0.5838,42.94286],[-0.58367,42.94272],[-0.58364,42.94242],[-0.58345,42.9422],[-0.58303,42.94192],[-0.5818,42.94138],[-0.57927,42.9407],[-0.57816,42.94094],[-0.57733,42.9409],[-0.57674,42.94105],[-0.57663,42.94101],[-0.57652,42.94072],[-0.57667,42.94025],[-0.57651,42.93992],[-0.57637,42.93912],[-0.57653,42.93865],[-0.57691,42.93828],[-0.57699,42.93794],[-0.57589,42.93524],[-0.57553,42.93477],[-0.57514,42.93443],[-0.57506,42.93412],[-0.57469,42.93389],[-0.57368,42.93349],[-0.57164,42.93303],[-0.57137,42.93277],[-0.57132,42.93253],[-0.57122,42.93183],[-0.57138,42.93135],[-0.57121,42.93109],[-0.57117,42.93086],[-0.57122,42.93059],[-0.57135,42.93042],[-0.57164,42.93024],[-0.57278,42.9302],[-0.57361,42.92998],[-0.57532,42.92903],[-0.57653,42.9285],[-0.57678,42.92832],[-0.57687,42.92812],[-0.57682,42.92787],[-0.5764,42.92719],[-0.57605,42.92693],[-0.5759,42.92666],[-0.57589,42.92614],[-0.57605,42.92537],[-0.57591,42.92493],[-0.57528,42.92442],[-0.57493,42.92393],[-0.57456,42.92363],[-0.57337,42.92326],[-0.57297,42.92304],[-0.57274,42.92278],[-0.57283,42.92225],[-0.57314,42.92186],[-0.5732,42.92135],[-0.57332,42.92109],[-0.57302,42.92081],[-0.57275,42.92028],[-0.5728,42.91939],[-0.57167,42.91902],[-0.56983,42.91929],[-0.56861,42.91919],[-0.56825,42.91898],[-0.56775,42.91849],[-0.5672,42.91831],[-0.56636,42.91783],[-0.56604,42.91779],[-0.56497,42.91794],[-0.56452,42.91786],[-0.5641,42.91751],[-0.56362,42.91691],[-0.56243,42.91623],[-0.56104,42.91561],[-0.55945,42.91511],[-0.55666,42.91526],[-0.55628,42.91519],[-0.55603,42.91509],[-0.55473,42.91412],[-0.55396,42.91385],[-0.5531,42.91367],[-0.55264,42.91333],[-0.55431,42.91318],[-0.55534,42.91332],[-0.55665,42.91303],[-0.5575,42.91314],[-0.5589,42.91275],[-0.56139,42.91261],[-0.5625,42.91236],[-0.56401,42.91222],[-0.56445,42.91194],[-0.56525,42.91082],[-0.56591,42.91006],[-0.56642,42.90971],[-0.56666,42.90942],[-0.56657,42.90913],[-0.56597,42.90835],[-0.56589,42.90769],[-0.56511,42.90691],[-0.56411,42.90531],[-0.5636,42.90497],[-0.56308,42.90436],[-0.56287,42.90374],[-0.56284,42.90333],[-0.56305,42.90277],[-0.56318,42.90208],[-0.56365,42.90134],[-0.56295,42.9009],[-0.56197,42.90013],[-0.56023,42.89916],[-0.55993,42.89864],[-0.55995,42.89828],[-0.56055,42.89761],[-0.5607,42.89715],[-0.56094,42.89703],[-0.56146,42.89697],[-0.56155,42.89686],[-0.56136,42.89638],[-0.56092,42.89575],[-0.55998,42.89497],[-0.55986,42.89465],[-0.55961,42.89322],[-0.55959,42.89249],[-0.55902,42.89134],[-0.55909,42.89102],[-0.55968,42.89023],[-0.56025,42.88992],[-0.56093,42.88926],[-0.56097,42.88902],[-0.56069,42.8884],[-0.56022,42.88811],[-0.55924,42.88779],[-0.55722,42.888],[-0.55545,42.88784],[-0.55396,42.88754],[-0.55344,42.88784],[-0.55306,42.8879],[-0.55268,42.88782],[-0.55215,42.88755],[-0.55159,42.88748],[-0.55302,42.88741],[-0.55386,42.88746],[-0.55573,42.88703],[-0.55745,42.88696],[-0.55844,42.88646],[-0.5595,42.88609],[-0.55997,42.8858],[-0.56036,42.88527],[-0.56097,42.88477],[-0.56106,42.88458],[-0.56104,42.88442],[-0.55942,42.88334],[-0.55911,42.88306],[-0.5589,42.88268],[-0.55863,42.88248],[-0.55768,42.8822]],[[-0.64387,42.92443],[-0.64395,42.92442],[-0.64359,42.92442],[-0.64387,42.92443]]]}},{"type":"Feature","properties":{"ele":910},"geometry":{"type":"MultiLineString","coordinates":[[[-0.62135,42.94609],[-0.62132,42.94581],[-0.6214,42.94563],[-0.62252,42.9442],[-0.62289,42.94386],[-0.6232,42.943],[-0.62363,42.9425],[-0.6242,42.94222],[-0.62527,42.94219],[-0.62585,42.94193],[-0.62612,42.94169],[-0.62639,42.94113],[-0.62649,42.9403],[-0.62679,42.93968],[-0.62691,42.93885],[-0.62761,42.93803],[-0.62758,42.93779],[-0.62741,42.93751],[-0.62749,42.93722],[-0.62777,42.93665],[-0.62858,42.93605],[-0.62889,42.9359],[-0.62917,42.93589],[-0.63156,42.93648],[-0.63201,42.93648],[-0.63249,42.93637],[-0.63304,42.93608],[-0.6336,42.93548],[-0.63437,42.93541],[-0.63511,42.93512],[-0.63583,42.93515],[-0.63615,42.93506],[-0.63647,42.93449],[-0.63663,42.93401],[-0.63691,42.93386],[-0.63756,42.9337],[-0.63774,42.93357],[-0.63814,42.93304],[-0.63857,42.93274],[-0.63909,42.93253],[-0.64031,42.93229],[-0.6416,42.93242],[-0.64201,42.93238],[-0.64333,42.93197],[-0.64387,42.93163],[-0.64518,42.93109],[-0.64694,42.93081],[-0.64718,42.93052],[-0.64786,42.93027],[-0.64832,42.93],[-0.65006,42.92951],[-0.65016,42.92939],[-0.64988,42.92918],[-0.64976,42.92892],[-0.65021,42.92815],[-0.65026,42.92773],[-0.65053,42.92747],[-0.65122,42.9272],[-0.65056,42.92691],[-0.65026,42.9269],[-0.64942,42.92709],[-0.64895,42.92747],[-0.6488,42.92748],[-0.64873,42.92715],[-0.64885,42.92668],[-0.64915,42.92609],[-0.6494,42.92579],[-0.65011,42.92536],[-0.6512,42.92502],[-0.65137,42.92465],[-0.65223,42.92442],[-0.65365,42.92427],[-0.65575,42.92441],[-0.65615,42.92424],[-0.65671,42.92416],[-0.65721,42.92379],[-0.65747,42.92378],[-0.65777,42.92387],[-0.65823,42.92346],[-0.65884,42.9233],[-0.65924,42.92305],[-0.65906,42.92272],[-0.65906,42.92243],[-0.65951,42.92195],[-0.66002,42.92171],[-0.66033,42.92136],[-0.65992,42.92136],[-0.65903,42.92163],[-0.65811,42.92249],[-0.65724,42.92253],[-0.6566,42.9222],[-0.65696,42.92191],[-0.65694,42.92161],[-0.65669,42.9213],[-0.65642,42.92117],[-0.65581,42.9211],[-0.65566,42.9208],[-0.65525,42.92048],[-0.65246,42.92176],[-0.65021,42.92199],[-0.64947,42.92189],[-0.64879,42.9217],[-0.64701,42.92182],[-0.64582,42.9222],[-0.64554,42.92249],[-0.64465,42.92287],[-0.64282,42.92312],[-0.64245,42.92296],[-0.64168,42.92299],[-0.63955,42.92365],[-0.63816,42.92374],[-0.63638,42.92443],[-0.63418,42.92488],[-0.63295,42.9254],[-0.63085,42.9261],[-0.62972,42.92659],[-0.62931,42.92651],[-0.62914,42.92638],[-0.62883,42.92593],[-0.62862,42.92577],[-0.62833,42.9257],[-0.62792,42.9257],[-0.6264,42.92609],[-0.62476,42.9271],[-0.62372,42.92736],[-0.62279,42.92798],[-0.62193,42.9282],[-0.62144,42.92867],[-0.62079,42.92886],[-0.62021,42.9294],[-0.61944,42.93032],[-0.61769,42.93071],[-0.61753,42.93085],[-0.61725,42.93137],[-0.61629,42.93215],[-0.61445,42.93219],[-0.61354,42.93177],[-0.61304,42.93136],[-0.61272,42.93135],[-0.61253,42.93195],[-0.61216,42.93247],[-0.61192,42.93274],[-0.61135,42.93302],[-0.61114,42.9334],[-0.61147,42.93472],[-0.61229,42.93577],[-0.61239,42.93603],[-0.61244,42.93638],[-0.61228,42.93708],[-0.61234,42.93787],[-0.61225,42.93807],[-0.61185,42.93848],[-0.6111,42.9389],[-0.61071,42.93893],[-0.61054,42.93883],[-0.60994,42.93806],[-0.60862,42.93686],[-0.6076,42.93612],[-0.60694,42.93553],[-0.60637,42.93525],[-0.60606,42.93499],[-0.60565,42.93446],[-0.60558,42.93412],[-0.60499,42.93358],[-0.60458,42.93348],[-0.60285,42.93354],[-0.60198,42.93342],[-0.60132,42.93352],[-0.60049,42.93378],[-0.59941,42.93383],[-0.59903,42.93375],[-0.59781,42.93318],[-0.59702,42.93299],[-0.59615,42.93267],[-0.59582,42.93222],[-0.59556,42.93161],[-0.5941,42.93079],[-0.59311,42.93003],[-0.59223,42.92915],[-0.59196,42.92829],[-0.59126,42.92803],[-0.59,42.92804],[-0.58913,42.92817],[-0.58854,42.92812],[-0.588,42.92787],[-0.58748,42.92748],[-0.58729,42.92726],[-0.58672,42.92614],[-0.5867,42.9259],[-0.58684,42.92559],[-0.58681,42.92546],[-0.58623,42.92496],[-0.58584,42.9244],[-0.58523,42.92388],[-0.58417,42.92272],[-0.58399,42.92232],[-0.58415,42.92136],[-0.58358,42.92086],[-0.58316,42.92027],[-0.58319,42.91989],[-0.58364,42.91891],[-0.58358,42.9183],[-0.58408,42.91746],[-0.58409,42.91721],[-0.584,42.91695],[-0.58284,42.91579],[-0.5826,42.91525],[-0.58222,42.91495],[-0.58165,42.9147],[-0.58153,42.91454],[-0.58149,42.91437],[-0.58169,42.91391],[-0.58167,42.91358],[-0.58035,42.91321],[-0.58004,42.91298],[-0.57976,42.91249],[-0.57984,42.91218],[-0.58052,42.91162],[-0.58094,42.9114],[-0.58107,42.91106],[-0.58137,42.9108],[-0.58177,42.91028],[-0.5819,42.90996],[-0.58192,42.90938],[-0.58222,42.90887],[-0.5821,42.90853],[-0.58213,42.90826],[-0.58232,42.90801],[-0.58288,42.90774],[-0.58317,42.90746],[-0.58278,42.90717],[-0.58222,42.90691],[-0.58208,42.90636],[-0.58165,42.90574],[-0.58121,42.90524],[-0.58049,42.90476],[-0.57994,42.90416],[-0.57935,42.90336],[-0.57913,42.90277],[-0.57744,42.90194],[-0.57694,42.90136],[-0.57634,42.90093],[-0.57589,42.89971],[-0.57567,42.89846],[-0.57525,42.8978],[-0.57453,42.89738],[-0.57436,42.89714],[-0.57434,42.8968],[-0.57478,42.8961],[-0.57478,42.89576],[-0.57458,42.89569],[-0.57361,42.89565],[-0.57285,42.89548],[-0.57164,42.89553],[-0.57097,42.89535],[-0.56969,42.89471],[-0.56953,42.8944],[-0.56962,42.89392],[-0.56958,42.89364],[-0.56942,42.89338],[-0.56901,42.893],[-0.5691,42.89254],[-0.56925,42.89221],[-0.56912,42.89195],[-0.56707,42.89075],[-0.56684,42.89047],[-0.56636,42.88915],[-0.56603,42.88886],[-0.56485,42.8883],[-0.56479,42.88794],[-0.56509,42.88676],[-0.56516,42.88586],[-0.56511,42.88458],[-0.56493,42.88371],[-0.56494,42.88335],[-0.56521,42.88315],[-0.5661,42.88275],[-0.56613,42.8822]],[[-0.59944,42.94609],[-0.59919,42.94578],[-0.59854,42.94534],[-0.59775,42.94406],[-0.59717,42.94365],[-0.59674,42.94355],[-0.59576,42.94366],[-0.59302,42.94453],[-0.5919,42.94441],[-0.59083,42.94455],[-0.58972,42.94433],[-0.58915,42.94442],[-0.58873,42.94497],[-0.58851,42.94515],[-0.58792,42.94542],[-0.58695,42.94572],[-0.58668,42.94551],[-0.5865,42.94469],[-0.58607,42.94416],[-0.5847,42.94359],[-0.58418,42.94328],[-0.58332,42.94315],[-0.58258,42.94249],[-0.58231,42.94215],[-0.58162,42.94193],[-0.58055,42.94136],[-0.57993,42.94116],[-0.57906,42.94101],[-0.57809,42.9412],[-0.57722,42.94118],[-0.57653,42.94134],[-0.57598,42.94115],[-0.57595,42.94105],[-0.57614,42.94082],[-0.5762,42.94041],[-0.57606,42.9389],[-0.5762,42.9386],[-0.57648,42.93827],[-0.57655,42.93794],[-0.57624,42.93687],[-0.57563,42.93541],[-0.57528,42.93493],[-0.57453,42.93443],[-0.57446,42.93414],[-0.57427,42.93403],[-0.5733,42.93366],[-0.57155,42.93333],[-0.57112,42.93308],[-0.57086,42.93163],[-0.57052,42.93113],[-0.57118,42.93024],[-0.5717,42.93009],[-0.57281,42.93004],[-0.57351,42.92986],[-0.57524,42.92885],[-0.57639,42.92831],[-0.5765,42.92808],[-0.57611,42.92724],[-0.57577,42.92699],[-0.57561,42.92666],[-0.57559,42.92617],[-0.57582,42.92553],[-0.57568,42.92523],[-0.57427,42.92383],[-0.57329,42.92353],[-0.57221,42.92303],[-0.57218,42.9227],[-0.57267,42.92189],[-0.57283,42.92115],[-0.57255,42.92037],[-0.5726,42.91975],[-0.57249,42.9195],[-0.57156,42.91923],[-0.5699,42.91949],[-0.56856,42.91943],[-0.56825,42.91927],[-0.56777,42.91877],[-0.5675,42.91864],[-0.56697,42.91854],[-0.56604,42.91822],[-0.56476,42.91816],[-0.56424,42.91804],[-0.56335,42.91717],[-0.56084,42.91587],[-0.55937,42.91546],[-0.55715,42.91547],[-0.55662,42.91554],[-0.55601,42.91543],[-0.55573,42.91528],[-0.55526,42.9147],[-0.55483,42.9145],[-0.5531,42.91395],[-0.55178,42.91305],[-0.55184,42.91296],[-0.55205,42.91291],[-0.55313,42.9131],[-0.55441,42.91293],[-0.55524,42.91297],[-0.55663,42.91272],[-0.55781,42.91271],[-0.55896,42.91251],[-0.56132,42.91239],[-0.56236,42.91212],[-0.56378,42.91202],[-0.56417,42.91177],[-0.56546,42.90995],[-0.56618,42.90941],[-0.56595,42.90889],[-0.56526,42.90803],[-0.56467,42.90688],[-0.56445,42.90658],[-0.56415,42.90636],[-0.56364,42.90554],[-0.56277,42.90468],[-0.56235,42.90315],[-0.56276,42.90164],[-0.56293,42.90138],[-0.56286,42.9011],[-0.56204,42.90044],[-0.55999,42.89925],[-0.55927,42.8984],[-0.55928,42.89827],[-0.55965,42.89765],[-0.56012,42.89722],[-0.56017,42.89665],[-0.56076,42.89661],[-0.56104,42.89634],[-0.56078,42.89585],[-0.55972,42.89494],[-0.55929,42.89312],[-0.5592,42.89244],[-0.55873,42.89128],[-0.55876,42.89108],[-0.55926,42.89055],[-0.55942,42.89023],[-0.56073,42.88919],[-0.56073,42.88895],[-0.56047,42.88836],[-0.5599,42.88807],[-0.5592,42.88788],[-0.55729,42.88812],[-0.5541,42.88781],[-0.55334,42.88804],[-0.55301,42.88804],[-0.55184,42.88779],[-0.55105,42.88748],[-0.55153,42.88734],[-0.55368,42.88733],[-0.55549,42.88696],[-0.5574,42.88682],[-0.55941,42.88581],[-0.55996,42.88524],[-0.56065,42.88471],[-0.56066,42.8844],[-0.55995,42.88394],[-0.55911,42.88317],[-0.55867,42.88264],[-0.55831,42.88248],[-0.55693,42.8822]]]}},{"type":"Feature","properties":{"ele":920},"geometry":{"type":"MultiLineString","coordinates":[[[-0.62153,42.94609],[-0.62146,42.94586],[-0.6215,42.94569],[-0.62273,42.94417],[-0.62306,42.94388],[-0.62331,42.94303],[-0.62373,42.94254],[-0.62417,42.94233],[-0.62504,42.94232],[-0.62554,42.94222],[-0.6261,42.94194],[-0.62624,42.94176],[-0.62656,42.94093],[-0.62666,42.94028],[-0.62694,42.93978],[-0.62712,42.93884],[-0.62781,42.93804],[-0.62781,42.93774],[-0.62763,42.93745],[-0.62769,42.93713],[-0.62801,42.93662],[-0.62864,42.93619],[-0.62894,42.93605],[-0.62939,42.93606],[-0.6317,42.93681],[-0.63279,42.93669],[-0.63355,42.93633],[-0.63387,42.93603],[-0.63518,42.93552],[-0.63618,42.93542],[-0.63666,42.93526],[-0.63715,42.93466],[-0.63761,42.93442],[-0.63768,42.93414],[-0.63826,42.9339],[-0.63864,42.93385],[-0.63881,42.93353],[-0.63881,42.93301],[-0.63931,42.93269],[-0.64045,42.93245],[-0.64163,42.93263],[-0.64222,42.9326],[-0.64335,42.93224],[-0.64525,42.93129],[-0.6463,42.93107],[-0.64747,42.93095],[-0.64785,42.93082],[-0.64803,42.93053],[-0.65041,42.92997],[-0.6512,42.92943],[-0.65078,42.92915],[-0.65049,42.9286],[-0.65066,42.92805],[-0.65062,42.92776],[-0.65094,42.92758],[-0.65163,42.92757],[-0.65227,42.92792],[-0.65274,42.92832],[-0.65363,42.92858],[-0.65486,42.92876],[-0.65522,42.9287],[-0.65531,42.92858],[-0.65441,42.92837],[-0.65361,42.92801],[-0.65274,42.92782],[-0.65178,42.92722],[-0.65079,42.9268],[-0.64969,42.92669],[-0.64966,42.92661],[-0.64981,42.92638],[-0.64963,42.92611],[-0.64969,42.92581],[-0.65025,42.92549],[-0.65125,42.92534],[-0.65254,42.92483],[-0.65379,42.92457],[-0.655,42.92456],[-0.65608,42.92479],[-0.65665,42.92469],[-0.65695,42.92476],[-0.65723,42.92472],[-0.65753,42.92443],[-0.65804,42.92423],[-0.65833,42.92387],[-0.65917,42.92361],[-0.65968,42.92327],[-0.66035,42.92303],[-0.66064,42.92281],[-0.66067,42.92263],[-0.66033,42.92204],[-0.66031,42.92183],[-0.66045,42.92162],[-0.6611,42.92107],[-0.66083,42.92102],[-0.66021,42.92115],[-0.65965,42.92113],[-0.6592,42.92138],[-0.65865,42.92148],[-0.65832,42.92118],[-0.65777,42.92097],[-0.65747,42.92155],[-0.65706,42.92103],[-0.65664,42.91998],[-0.65695,42.91969],[-0.65663,42.91953],[-0.65629,42.91953],[-0.65548,42.91969],[-0.65424,42.92042],[-0.6528,42.92082],[-0.65163,42.92127],[-0.65007,42.92151],[-0.6491,42.92133],[-0.64833,42.92148],[-0.64689,42.92158],[-0.64584,42.92193],[-0.64531,42.9225],[-0.64455,42.92279],[-0.64396,42.92285],[-0.64343,42.92276],[-0.64428,42.9222],[-0.64406,42.92215],[-0.64229,42.92269],[-0.64112,42.92277],[-0.63976,42.92342],[-0.63806,42.92356],[-0.63753,42.92388],[-0.63665,42.92415],[-0.63607,42.92417],[-0.63623,42.9239],[-0.6362,42.92384],[-0.63555,42.92387],[-0.63495,42.92414],[-0.63524,42.92432],[-0.63528,42.92443],[-0.63479,42.92452],[-0.63442,42.92435],[-0.6341,42.9244],[-0.63301,42.92497],[-0.63283,42.92528],[-0.62979,42.92644],[-0.6294,42.92638],[-0.62891,42.92575],[-0.6286,42.92553],[-0.62799,42.92555],[-0.62622,42.92606],[-0.62521,42.92662],[-0.62472,42.92699],[-0.62359,42.9272],[-0.62335,42.92749],[-0.62287,42.92783],[-0.62192,42.92801],[-0.62163,42.92824],[-0.62138,42.92859],[-0.62052,42.92882],[-0.61947,42.93004],[-0.61917,42.93026],[-0.61858,42.93031],[-0.61826,42.93003],[-0.61785,42.93009],[-0.61724,42.92997],[-0.61609,42.92996],[-0.61622,42.93024],[-0.61689,42.93062],[-0.61703,42.9309],[-0.61693,42.93136],[-0.61613,42.93201],[-0.61441,42.93205],[-0.61357,42.93165],[-0.61279,42.93106],[-0.6125,42.93112],[-0.61234,42.93138],[-0.61231,42.93197],[-0.61193,42.93248],[-0.61109,42.93303],[-0.61097,42.9334],[-0.61131,42.93471],[-0.612,42.93559],[-0.61228,42.93618],[-0.61231,42.93642],[-0.61216,42.93708],[-0.61223,42.93782],[-0.61212,42.93809],[-0.61177,42.93842],[-0.61115,42.93873],[-0.61081,42.93874],[-0.60858,42.93666],[-0.60774,42.9361],[-0.60717,42.93554],[-0.60627,42.93504],[-0.60581,42.93443],[-0.60574,42.93411],[-0.60501,42.93349],[-0.60462,42.93338],[-0.60288,42.93345],[-0.60205,42.93334],[-0.60129,42.93345],[-0.60049,42.9337],[-0.59938,42.93374],[-0.59903,42.93368],[-0.59785,42.93308],[-0.59698,42.93288],[-0.59626,42.93258],[-0.59611,42.93246],[-0.59555,42.93148],[-0.59389,42.93051],[-0.59266,42.92944],[-0.59232,42.92902],[-0.59217,42.92834],[-0.59167,42.92802],[-0.59073,42.92793],[-0.5891,42.9281],[-0.5886,42.92806],[-0.588,42.92779],[-0.58742,42.92726],[-0.58685,42.92617],[-0.58685,42.92596],[-0.58703,42.92549],[-0.58637,42.92498],[-0.58592,42.92437],[-0.58529,42.92381],[-0.5843,42.92272],[-0.58415,42.92247],[-0.58427,42.92214],[-0.58426,42.92134],[-0.58362,42.92071],[-0.58337,42.92034],[-0.58357,42.91941],[-0.58386,42.91908],[-0.58383,42.91855],[-0.58397,42.91805],[-0.58435,42.91728],[-0.58431,42.91695],[-0.58339,42.91604],[-0.58292,42.91522],[-0.58172,42.91445],[-0.5817,42.9143],[-0.58189,42.91367],[-0.58183,42.91353],[-0.58132,42.91331],[-0.58045,42.9131],[-0.57994,42.91249],[-0.58009,42.91217],[-0.58117,42.91139],[-0.58131,42.91107],[-0.582,42.91027],[-0.58211,42.90999],[-0.58216,42.90941],[-0.58249,42.90887],[-0.58236,42.90843],[-0.58251,42.90806],[-0.58327,42.90773],[-0.58348,42.90754],[-0.5835,42.90744],[-0.58249,42.90675],[-0.58235,42.90633],[-0.58174,42.9055],[-0.58035,42.9044],[-0.57982,42.90367],[-0.5795,42.90274],[-0.57874,42.90225],[-0.57783,42.90183],[-0.57649,42.90083],[-0.57643,42.90053],[-0.57601,42.89967],[-0.57592,42.89865],[-0.57561,42.89804],[-0.57537,42.89774],[-0.57485,42.89744],[-0.5744,42.89699],[-0.57446,42.89669],[-0.57492,42.89601],[-0.575,42.89581],[-0.57496,42.89566],[-0.57469,42.89556],[-0.57366,42.89556],[-0.57295,42.89539],[-0.57167,42.89548],[-0.571,42.8953],[-0.5699,42.89474],[-0.56968,42.89442],[-0.56977,42.89374],[-0.56925,42.89297],[-0.56931,42.89253],[-0.56947,42.89221],[-0.56938,42.89196],[-0.56825,42.89141],[-0.56724,42.89077],[-0.56694,42.89049],[-0.5664,42.88907],[-0.56608,42.88881],[-0.56497,42.88831],[-0.56492,42.88794],[-0.56518,42.8869],[-0.56524,42.88593],[-0.56521,42.88447],[-0.56508,42.88343],[-0.56519,42.88326],[-0.56619,42.88282],[-0.56638,42.8822]],[[-0.59923,42.94609],[-0.5985,42.9455],[-0.59756,42.94409],[-0.59705,42.9438],[-0.59653,42.94372],[-0.5958,42.94378],[-0.59299,42.94464],[-0.59181,42.94456],[-0.59087,42.94474],[-0.59031,42.94462],[-0.58924,42.94476],[-0.58833,42.94536],[-0.58701,42.94589],[-0.58671,42.94591],[-0.58659,42.94577],[-0.58636,42.94475],[-0.58608,42.94436],[-0.58403,42.9434],[-0.58297,42.94332],[-0.58286,42.943],[-0.58247,42.94276],[-0.58217,42.94238],[-0.58125,42.94202],[-0.58011,42.94134],[-0.57899,42.94114],[-0.57833,42.94132],[-0.57724,42.94133],[-0.57653,42.94149],[-0.57587,42.9413],[-0.57569,42.94106],[-0.57592,42.94058],[-0.57601,42.93978],[-0.57589,42.93899],[-0.57601,42.93862],[-0.57626,42.93825],[-0.57631,42.93791],[-0.5761,42.93692],[-0.57548,42.93547],[-0.57506,42.93493],[-0.57422,42.93444],[-0.57415,42.93414],[-0.57323,42.93378],[-0.57192,42.93358],[-0.57107,42.93332],[-0.57088,42.93298],[-0.57081,42.93215],[-0.57036,42.93131],[-0.57042,42.93101],[-0.57103,42.93021],[-0.57156,42.93004],[-0.57261,42.93],[-0.57351,42.92978],[-0.57597,42.92835],[-0.57626,42.92803],[-0.57609,42.92778],[-0.5761,42.92746],[-0.57566,42.92701],[-0.57544,42.92664],[-0.57542,42.92624],[-0.57557,42.92552],[-0.57527,42.92497],[-0.57414,42.92394],[-0.57323,42.92366],[-0.57188,42.92305],[-0.57197,42.92256],[-0.57231,42.92214],[-0.57259,42.92145],[-0.5726,42.9211],[-0.57241,42.92034],[-0.57249,42.91969],[-0.57213,42.91948],[-0.5716,42.91934],[-0.56965,42.9196],[-0.56841,42.91951],[-0.56808,42.9193],[-0.56776,42.91886],[-0.56754,42.91877],[-0.56681,42.91866],[-0.56597,42.91839],[-0.56472,42.91826],[-0.56413,42.9181],[-0.5632,42.9173],[-0.56135,42.91622],[-0.5608,42.91598],[-0.55938,42.9156],[-0.5566,42.91564],[-0.55588,42.91552],[-0.55553,42.91526],[-0.55532,42.9149],[-0.55501,42.91469],[-0.55301,42.91418],[-0.55226,42.91353],[-0.55155,42.91306],[-0.55163,42.91289],[-0.55191,42.91279],[-0.5532,42.913],[-0.55442,42.91275],[-0.55574,42.91275],[-0.55698,42.91258],[-0.55788,42.9126],[-0.55886,42.91241],[-0.56125,42.91228],[-0.56233,42.91201],[-0.56365,42.91193],[-0.56411,42.9116],[-0.56522,42.90992],[-0.56595,42.90939],[-0.56579,42.90889],[-0.56506,42.90803],[-0.56435,42.90678],[-0.56387,42.90637],[-0.56356,42.90579],[-0.56253,42.90463],[-0.56213,42.90309],[-0.56246,42.90211],[-0.56247,42.90162],[-0.56261,42.90124],[-0.56258,42.90104],[-0.56196,42.90051],[-0.5611,42.89997],[-0.55998,42.89942],[-0.55937,42.89884],[-0.55901,42.89836],[-0.55943,42.89748],[-0.55979,42.89698],[-0.55981,42.89666],[-0.55989,42.89649],[-0.56004,42.8964],[-0.56056,42.89645],[-0.56085,42.89634],[-0.56082,42.89606],[-0.55996,42.89532],[-0.55955,42.89482],[-0.55903,42.89242],[-0.55856,42.8913],[-0.55857,42.89107],[-0.55917,42.89054],[-0.55947,42.89005],[-0.5606,42.88917],[-0.56052,42.88866],[-0.56036,42.88835],[-0.55965,42.88803],[-0.55917,42.88792],[-0.55733,42.88818],[-0.55617,42.88801],[-0.5542,42.88787],[-0.55389,42.88789],[-0.55336,42.88808],[-0.55299,42.88808],[-0.55184,42.88785],[-0.55079,42.88748],[-0.55139,42.88728],[-0.55361,42.88727],[-0.5553,42.88693],[-0.55742,42.88673],[-0.55916,42.88581],[-0.56041,42.88472],[-0.56039,42.88441],[-0.55916,42.88328],[-0.55864,42.88268],[-0.5583,42.88254],[-0.55661,42.8822]],[[-0.66332,42.91979],[-0.66358,42.91969],[-0.66387,42.91943],[-0.66385,42.91924],[-0.66333,42.91935],[-0.66292,42.91969],[-0.66332,42.91979]],[[-0.66387,42.91914],[-0.66389,42.91876],[-0.66354,42.91883],[-0.66359,42.919],[-0.66387,42.91914]]]}},{"type":"Feature","properties":{"ele":930},"geometry":{"type":"MultiLineString","coordinates":[[[-0.62693,42.94609],[-0.62646,42.94602],[-0.62612,42.94609]],[[-0.62173,42.94609],[-0.62161,42.94576],[-0.62327,42.94385],[-0.62348,42.94302],[-0.62377,42.94263],[-0.62413,42.94244],[-0.62497,42.94244],[-0.62549,42.94234],[-0.62606,42.94213],[-0.62634,42.94186],[-0.62656,42.94135],[-0.62681,42.94031],[-0.62706,42.93992],[-0.62727,42.93892],[-0.62797,42.93801],[-0.62798,42.93777],[-0.62784,42.93735],[-0.62789,42.93711],[-0.62819,42.93667],[-0.6286,42.93638],[-0.62903,42.93618],[-0.62945,42.9362],[-0.6316,42.93709],[-0.63319,42.93693],[-0.63412,42.93649],[-0.63461,42.93606],[-0.63524,42.93597],[-0.63719,42.93531],[-0.63748,42.93493],[-0.6382,42.93455],[-0.63844,42.93451],[-0.63896,42.93462],[-0.63919,42.93457],[-0.63937,42.93433],[-0.6392,42.93378],[-0.63941,42.93303],[-0.63985,42.93275],[-0.64059,42.93265],[-0.6417,42.93284],[-0.64226,42.93282],[-0.64316,42.93257],[-0.64569,42.93139],[-0.64625,42.93127],[-0.64691,42.93127],[-0.64804,42.93113],[-0.64888,42.93081],[-0.64939,42.93046],[-0.6515,42.92999],[-0.65173,42.92975],[-0.65175,42.92948],[-0.6516,42.92921],[-0.6511,42.92886],[-0.65098,42.92867],[-0.65097,42.92846],[-0.65116,42.92804],[-0.65107,42.92774],[-0.6514,42.92773],[-0.65181,42.92789],[-0.65247,42.92834],[-0.65327,42.92866],[-0.6558,42.92926],[-0.6566,42.92958],[-0.65689,42.92959],[-0.65698,42.92946],[-0.65693,42.92933],[-0.65581,42.9285],[-0.65523,42.92833],[-0.65493,42.92815],[-0.65414,42.92805],[-0.65382,42.92782],[-0.6527,42.9275],[-0.65224,42.92711],[-0.65158,42.92694],[-0.65151,42.92661],[-0.65122,42.92633],[-0.65114,42.9259],[-0.65119,42.92572],[-0.65136,42.92553],[-0.65284,42.92498],[-0.65413,42.92479],[-0.65514,42.92482],[-0.65615,42.92512],[-0.65771,42.92521],[-0.65855,42.92494],[-0.65879,42.92471],[-0.65894,42.92422],[-0.65909,42.92403],[-0.65971,42.92359],[-0.66082,42.92303],[-0.6619,42.92205],[-0.66259,42.92167],[-0.66263,42.92138],[-0.66252,42.92082],[-0.66174,42.92044],[-0.66135,42.92048],[-0.66087,42.9207],[-0.66067,42.92063],[-0.6606,42.92048],[-0.66065,42.92031],[-0.6611,42.91967],[-0.66091,42.91915],[-0.66063,42.91896],[-0.66042,42.91898],[-0.65993,42.91924],[-0.65969,42.91916],[-0.65971,42.91886],[-0.65946,42.91893],[-0.65864,42.91945],[-0.65839,42.91998],[-0.65826,42.92005],[-0.658,42.91999],[-0.65801,42.91965],[-0.65814,42.91941],[-0.65788,42.91924],[-0.65712,42.91931],[-0.65646,42.91927],[-0.6557,42.91937],[-0.65507,42.91957],[-0.65388,42.92026],[-0.65087,42.9211],[-0.64914,42.92108],[-0.64833,42.92124],[-0.64693,42.92136],[-0.6461,42.92167],[-0.64598,42.92162],[-0.64584,42.92136],[-0.64541,42.92135],[-0.64434,42.92179],[-0.64366,42.92197],[-0.64304,42.92228],[-0.64242,42.92244],[-0.64193,42.9225],[-0.6411,42.92239],[-0.64053,42.92276],[-0.63962,42.92317],[-0.63865,42.92333],[-0.63705,42.92328],[-0.63656,42.92354],[-0.63562,42.92363],[-0.63436,42.9241],[-0.63307,42.92471],[-0.6326,42.92496],[-0.63241,42.92528],[-0.62983,42.92626],[-0.62943,42.92614],[-0.62884,42.92547],[-0.62847,42.92542],[-0.62773,42.92552],[-0.62608,42.92604],[-0.62464,42.92689],[-0.62356,42.9271],[-0.62278,42.92776],[-0.62219,42.92779],[-0.62188,42.92788],[-0.62128,42.92843],[-0.62058,42.92864],[-0.62028,42.92882],[-0.61948,42.92977],[-0.61916,42.92999],[-0.61891,42.92997],[-0.61881,42.92988],[-0.61859,42.92931],[-0.61804,42.92971],[-0.61698,42.92952],[-0.61669,42.92941],[-0.61641,42.92913],[-0.61552,42.92859],[-0.61525,42.92857],[-0.6149,42.92876],[-0.6141,42.92885],[-0.61374,42.92968],[-0.61375,42.93051],[-0.61385,42.9309],[-0.61408,42.93112],[-0.61458,42.93115],[-0.61522,42.93109],[-0.61597,42.93086],[-0.61638,42.93094],[-0.61653,42.93106],[-0.61652,42.93121],[-0.61585,42.93193],[-0.6144,42.93193],[-0.61364,42.9315],[-0.613,42.93082],[-0.61282,42.92992],[-0.61304,42.9292],[-0.61339,42.92886],[-0.61326,42.92873],[-0.61313,42.92828],[-0.61288,42.92784],[-0.61291,42.92769],[-0.61308,42.92748],[-0.61304,42.92717],[-0.61247,42.92794],[-0.61219,42.92855],[-0.61236,42.92912],[-0.61228,42.93003],[-0.6124,42.93058],[-0.61214,42.93124],[-0.61212,42.93186],[-0.61166,42.93248],[-0.6109,42.93302],[-0.6108,42.93328],[-0.61081,42.93359],[-0.611,42.93399],[-0.61113,42.93465],[-0.61183,42.93557],[-0.61216,42.93628],[-0.61205,42.93708],[-0.6121,42.93784],[-0.612,42.9381],[-0.61169,42.93838],[-0.61112,42.93861],[-0.61088,42.93856],[-0.60865,42.93658],[-0.60772,42.9359],[-0.60722,42.93543],[-0.60635,42.93499],[-0.60602,42.93443],[-0.60594,42.9341],[-0.60501,42.93339],[-0.60465,42.93328],[-0.60288,42.93336],[-0.60208,42.93324],[-0.60122,42.93338],[-0.60052,42.93361],[-0.59908,42.93362],[-0.59804,42.93303],[-0.59692,42.93276],[-0.59634,42.9325],[-0.59583,42.93162],[-0.59558,42.93137],[-0.59498,42.93109],[-0.59414,42.93054],[-0.59276,42.92942],[-0.5925,42.9291],[-0.59235,42.92837],[-0.59227,42.92826],[-0.59168,42.92795],[-0.59125,42.92785],[-0.58871,42.928],[-0.58809,42.92775],[-0.5875,42.92719],[-0.58698,42.92617],[-0.58721,42.92547],[-0.58634,42.92479],[-0.58607,42.92441],[-0.58444,42.92275],[-0.58434,42.92247],[-0.58451,42.9222],[-0.5844,42.92188],[-0.58444,42.92136],[-0.5837,42.92047],[-0.58369,42.9202],[-0.58388,42.91943],[-0.58421,42.91922],[-0.58429,42.91905],[-0.58415,42.91803],[-0.58434,42.91766],[-0.58474,42.91719],[-0.58452,42.91689],[-0.58387,42.91637],[-0.58278,42.91469],[-0.58223,42.91452],[-0.58201,42.91437],[-0.58192,42.91414],[-0.58203,42.91361],[-0.58193,42.91341],[-0.5817,42.91329],[-0.58071,42.91306],[-0.58054,42.91275],[-0.58022,42.91247],[-0.58025,42.91219],[-0.58139,42.91139],[-0.58157,42.91105],[-0.58223,42.91026],[-0.58242,42.90943],[-0.58269,42.90895],[-0.58261,42.9084],[-0.58277,42.90805],[-0.5836,42.90775],[-0.5839,42.90747],[-0.5836,42.9072],[-0.58301,42.90694],[-0.58198,42.90549],[-0.58054,42.90442],[-0.57999,42.90358],[-0.57981,42.90308],[-0.57979,42.9027],[-0.57885,42.90206],[-0.57764,42.90148],[-0.57671,42.9008],[-0.57666,42.90052],[-0.57639,42.90022],[-0.57615,42.89965],[-0.57611,42.89857],[-0.57555,42.89775],[-0.575,42.89741],[-0.57451,42.89693],[-0.57458,42.89667],[-0.57507,42.8959],[-0.57514,42.89562],[-0.57508,42.89546],[-0.5749,42.89538],[-0.57399,42.89549],[-0.57299,42.89529],[-0.57177,42.89545],[-0.57107,42.89527],[-0.57002,42.89469],[-0.56986,42.89433],[-0.57,42.89385],[-0.56971,42.89331],[-0.56943,42.89303],[-0.56943,42.89275],[-0.56962,42.89221],[-0.56953,42.89194],[-0.56831,42.89137],[-0.56723,42.89065],[-0.56693,42.89025],[-0.56666,42.8894],[-0.56641,42.88898],[-0.5661,42.88875],[-0.56513,42.88829],[-0.56505,42.88798],[-0.56531,42.88687],[-0.56531,42.88492],[-0.56539,42.88433],[-0.56525,42.88388],[-0.56523,42.8835],[-0.56532,42.88332],[-0.56611,42.88303],[-0.56639,42.88281],[-0.56661,42.8822]],[[-0.59902,42.94609],[-0.59832,42.94553],[-0.59742,42.9442],[-0.59691,42.94396],[-0.59612,42.94385],[-0.59417,42.94433],[-0.59301,42.94475],[-0.5925,42.94477],[-0.59188,42.94469],[-0.59142,42.94474],[-0.5909,42.94492],[-0.59024,42.94479],[-0.58919,42.94492],[-0.58885,42.94525],[-0.58694,42.94609]],[[-0.58654,42.94609],[-0.58629,42.94499],[-0.58612,42.94465],[-0.58587,42.94439],[-0.58391,42.94352],[-0.58271,42.94338],[-0.58254,42.94302],[-0.58193,42.94247],[-0.58104,42.94221],[-0.5797,42.94139],[-0.57899,42.94128],[-0.5783,42.94151],[-0.57743,42.9415],[-0.57638,42.94164],[-0.57546,42.94136],[-0.57544,42.941],[-0.57586,42.93989],[-0.57576,42.93886],[-0.5761,42.93801],[-0.5759,42.93687],[-0.57521,42.93532],[-0.57483,42.93494],[-0.57384,42.93443],[-0.57372,42.9341],[-0.57304,42.93385],[-0.57136,42.93359],[-0.57077,42.93331],[-0.5707,42.93298],[-0.5707,42.93235],[-0.57053,42.93197],[-0.57021,42.93167],[-0.57015,42.93138],[-0.57023,42.93105],[-0.57079,42.93024],[-0.57141,42.92998],[-0.57261,42.92994],[-0.57343,42.92973],[-0.57581,42.92831],[-0.57595,42.92801],[-0.57588,42.92745],[-0.57525,42.92667],[-0.57533,42.92555],[-0.57528,42.92524],[-0.57517,42.92511],[-0.57413,42.92409],[-0.57165,42.92329],[-0.57161,42.92301],[-0.57177,42.9225],[-0.57221,42.92194],[-0.57244,42.92142],[-0.57241,42.92093],[-0.57227,42.92041],[-0.57234,42.91992],[-0.57226,42.91967],[-0.57153,42.91946],[-0.56947,42.91971],[-0.56837,42.91964],[-0.56801,42.91944],[-0.56778,42.91908],[-0.56749,42.91886],[-0.56674,42.9188],[-0.56576,42.9185],[-0.5641,42.91819],[-0.5631,42.91742],[-0.56101,42.91616],[-0.55934,42.9157],[-0.55833,42.91568],[-0.55748,42.91583],[-0.5558,42.91559],[-0.55553,42.91541],[-0.55526,42.91498],[-0.55497,42.9148],[-0.55304,42.91442],[-0.55281,42.91431],[-0.55235,42.91396],[-0.55206,42.91358],[-0.55126,42.91304],[-0.5514,42.91277],[-0.55174,42.91269],[-0.55288,42.91284],[-0.55472,42.91255],[-0.5558,42.9126],[-0.55708,42.91246],[-0.55788,42.91249],[-0.55886,42.91231],[-0.56118,42.91217],[-0.56225,42.91191],[-0.56347,42.91184],[-0.56388,42.91164],[-0.56508,42.90978],[-0.56565,42.90946],[-0.56572,42.90933],[-0.56559,42.90884],[-0.56492,42.90809],[-0.56472,42.90766],[-0.56417,42.90689],[-0.56365,42.90635],[-0.56336,42.90581],[-0.56298,42.90534],[-0.56225,42.90462],[-0.56186,42.90312],[-0.56225,42.90204],[-0.56226,42.90103],[-0.56176,42.90052],[-0.55985,42.89944],[-0.55917,42.89885],[-0.55873,42.89831],[-0.55928,42.89728],[-0.55962,42.89634],[-0.56,42.8962],[-0.56053,42.89618],[-0.5606,42.8961],[-0.55958,42.89504],[-0.55939,42.89474],[-0.55922,42.89362],[-0.55888,42.89245],[-0.55868,42.89189],[-0.55831,42.89136],[-0.55846,42.89106],[-0.55902,42.89054],[-0.55942,42.88997],[-0.56042,42.88918],[-0.56042,42.88874],[-0.56025,42.88833],[-0.55948,42.88801],[-0.55917,42.88796],[-0.55733,42.88824],[-0.55615,42.88806],[-0.55424,42.88793],[-0.55333,42.88813],[-0.55295,42.88812],[-0.55188,42.88792],[-0.55049,42.88748],[-0.55133,42.88719],[-0.55358,42.88721],[-0.55529,42.88687],[-0.55688,42.88675],[-0.55747,42.88664],[-0.55807,42.88623],[-0.55916,42.88567],[-0.56011,42.88476],[-0.56017,42.88458],[-0.5601,42.88436],[-0.55862,42.88273],[-0.55629,42.8822]],[[-0.64498,42.92252],[-0.64527,42.92218],[-0.64497,42.92216],[-0.64434,42.92248],[-0.64449,42.92261],[-0.64498,42.92252]],[[-0.66165,42.92085],[-0.66169,42.9208],[-0.66165,42.92085]],[[-0.66054,42.92088],[-0.66069,42.92078],[-0.66051,42.92061],[-0.66014,42.9208],[-0.66026,42.92088],[-0.66054,42.92088]],[[-0.66387,42.91999],[-0.6643,42.91974],[-0.66448,42.91922],[-0.66496,42.91873],[-0.66524,42.91857],[-0.66553,42.91821],[-0.66585,42.9175],[-0.66584,42.91687],[-0.66574,42.91665],[-0.6655,42.91662],[-0.66535,42.91695],[-0.66497,42.91718],[-0.66468,42.91754],[-0.66442,42.91802],[-0.66303,42.91858],[-0.6627,42.91886],[-0.66307,42.91915],[-0.6624,42.91964],[-0.6624,42.91975],[-0.66282,42.91995],[-0.66313,42.92022],[-0.66387,42.91999]]]}},{"type":"Feature","properties":{"ele":940},"geometry":{"type":"MultiLineString","coordinates":[[[-0.62888,42.94609],[-0.62761,42.94607],[-0.62646,42.94585],[-0.6257,42.94609]],[[-0.62194,42.94609],[-0.6218,42.94586],[-0.62183,42.94569],[-0.62337,42.94392],[-0.62363,42.94306],[-0.62384,42.94271],[-0.6242,42.94255],[-0.62511,42.94252],[-0.6258,42.94236],[-0.62614,42.94224],[-0.62638,42.94202],[-0.62675,42.94117],[-0.62695,42.94036],[-0.62721,42.93998],[-0.62745,42.93888],[-0.62811,42.93806],[-0.62805,42.93732],[-0.62813,42.93701],[-0.62838,42.93669],[-0.62889,42.93637],[-0.62924,42.9363],[-0.62965,42.93639],[-0.63076,42.93711],[-0.63142,42.93731],[-0.63331,42.9372],[-0.63358,42.93712],[-0.63434,42.93672],[-0.6347,42.93636],[-0.63517,42.93629],[-0.63581,42.93601],[-0.63722,42.93566],[-0.63816,42.93511],[-0.63913,42.93505],[-0.64007,42.93471],[-0.6403,42.93445],[-0.64031,42.93414],[-0.63977,42.93385],[-0.63973,42.93364],[-0.64053,42.93303],[-0.64094,42.93295],[-0.64221,42.93303],[-0.6432,42.93283],[-0.64391,42.9324],[-0.64497,42.93209],[-0.64601,42.93154],[-0.64833,42.93139],[-0.64914,42.93109],[-0.65017,42.93049],[-0.65107,42.93028],[-0.65194,42.93026],[-0.65227,42.92974],[-0.65234,42.92945],[-0.65151,42.92861],[-0.6515,42.92834],[-0.65165,42.9282],[-0.65195,42.92824],[-0.6532,42.9288],[-0.6558,42.9295],[-0.65688,42.92998],[-0.65772,42.93027],[-0.65791,42.93026],[-0.65777,42.92996],[-0.65701,42.92903],[-0.6568,42.92887],[-0.65682,42.92829],[-0.65587,42.92748],[-0.65528,42.9273],[-0.65445,42.92729],[-0.65304,42.92692],[-0.6525,42.92663],[-0.65195,42.92621],[-0.65174,42.9259],[-0.65177,42.92574],[-0.65212,42.92556],[-0.65257,42.92568],[-0.65313,42.92568],[-0.65342,42.92555],[-0.65361,42.92527],[-0.65383,42.92522],[-0.65493,42.92537],[-0.65531,42.92521],[-0.65601,42.92539],[-0.65708,42.92537],[-0.65837,42.9256],[-0.65868,42.92556],[-0.65917,42.92527],[-0.65955,42.92474],[-0.6594,42.92439],[-0.66009,42.92379],[-0.66116,42.92303],[-0.66218,42.92217],[-0.6634,42.92165],[-0.66428,42.92109],[-0.66426,42.92082],[-0.66395,42.92049],[-0.66386,42.92025],[-0.66448,42.92016],[-0.66494,42.91995],[-0.66564,42.91924],[-0.66592,42.91853],[-0.66602,42.91795],[-0.66631,42.91743],[-0.66642,42.91687],[-0.66665,42.9164]],[[-0.5988,42.94609],[-0.59811,42.94549],[-0.5978,42.94493],[-0.5973,42.94432],[-0.59692,42.94414],[-0.59611,42.94396],[-0.59413,42.94441],[-0.59299,42.94485],[-0.59167,42.94487],[-0.5909,42.94509],[-0.59017,42.94493],[-0.58951,42.94501],[-0.58919,42.94514],[-0.58882,42.94544],[-0.58776,42.9458],[-0.5872,42.94609]],[[-0.58633,42.94609],[-0.5862,42.94517],[-0.586,42.94477],[-0.58575,42.94451],[-0.58379,42.94363],[-0.58251,42.94356],[-0.58219,42.94306],[-0.58159,42.94261],[-0.58137,42.94247],[-0.58088,42.94243],[-0.58039,42.9422],[-0.57972,42.94163],[-0.57948,42.94152],[-0.57899,42.94142],[-0.57823,42.9417],[-0.57649,42.9418],[-0.57509,42.94139],[-0.57506,42.9413],[-0.57527,42.94054],[-0.57571,42.93989],[-0.57561,42.93888],[-0.57585,42.93831],[-0.57589,42.93798],[-0.57573,42.93687],[-0.57507,42.93542],[-0.57466,42.935],[-0.57351,42.93443],[-0.5734,42.93412],[-0.57278,42.93393],[-0.57115,42.93367],[-0.57084,42.93357],[-0.57053,42.93332],[-0.5706,42.93242],[-0.57002,42.9318],[-0.56995,42.93142],[-0.57009,42.931],[-0.57066,42.93021],[-0.57106,42.92997],[-0.57257,42.92988],[-0.57333,42.9297],[-0.5754,42.92835],[-0.57575,42.92794],[-0.57567,42.92744],[-0.57522,42.92693],[-0.57512,42.92669],[-0.57497,42.92554],[-0.57505,42.92522],[-0.57471,42.92496],[-0.57438,42.92444],[-0.5739,42.92411],[-0.57247,42.92366],[-0.57167,42.9235],[-0.57131,42.92333],[-0.57134,42.92305],[-0.57157,42.92242],[-0.57221,42.92166],[-0.57232,42.92138],[-0.57229,42.92084],[-0.5721,42.92047],[-0.57223,42.91996],[-0.57207,42.91972],[-0.57142,42.91956],[-0.56931,42.91984],[-0.56835,42.91981],[-0.56797,42.91955],[-0.56748,42.91906],[-0.56656,42.91893],[-0.56531,42.91852],[-0.56408,42.9183],[-0.56313,42.9176],[-0.56247,42.91728],[-0.56205,42.91688],[-0.56107,42.91627],[-0.55942,42.91581],[-0.55838,42.91578],[-0.5575,42.91597],[-0.55587,42.91571],[-0.55552,42.91555],[-0.55497,42.91491],[-0.55358,42.9147],[-0.55254,42.91441],[-0.55081,42.91303],[-0.55103,42.91273],[-0.55163,42.91259],[-0.55267,42.91272],[-0.55333,42.91254],[-0.555,42.91236],[-0.55587,42.91246],[-0.55715,42.91234],[-0.55781,42.91236],[-0.55872,42.91221],[-0.56011,42.91217],[-0.56226,42.9118],[-0.56337,42.91176],[-0.56363,42.91166],[-0.56387,42.91141],[-0.56485,42.90973],[-0.56536,42.90942],[-0.56549,42.90919],[-0.56539,42.90887],[-0.56361,42.9066],[-0.56316,42.90578],[-0.56267,42.90525],[-0.56202,42.90474],[-0.56188,42.90449],[-0.56187,42.90399],[-0.56153,42.90322],[-0.56197,42.90195],[-0.56196,42.90108],[-0.56185,42.90082],[-0.56153,42.90052],[-0.55965,42.89943],[-0.55911,42.89901],[-0.55847,42.89833],[-0.55889,42.89749],[-0.55915,42.89636],[-0.55941,42.89607],[-0.55989,42.89595],[-0.56005,42.8958],[-0.55927,42.89475],[-0.55911,42.89364],[-0.55878,42.89249],[-0.55821,42.89131],[-0.55831,42.89107],[-0.55888,42.89053],[-0.55936,42.88992],[-0.56029,42.88917],[-0.56029,42.88865],[-0.56017,42.88839],[-0.55952,42.88807],[-0.55917,42.888],[-0.55733,42.88829],[-0.55615,42.88811],[-0.55427,42.88799],[-0.55333,42.88817],[-0.55292,42.88817],[-0.5519,42.88799],[-0.55033,42.88748],[-0.55081,42.8872],[-0.55347,42.88716],[-0.55528,42.88682],[-0.5571,42.88664],[-0.55749,42.8865],[-0.55915,42.88554],[-0.55987,42.88482],[-0.55996,42.88454],[-0.55987,42.88426],[-0.5594,42.88361],[-0.55857,42.88277],[-0.55594,42.8822]],[[-0.56682,42.8822],[-0.56665,42.88276],[-0.56646,42.88299],[-0.56567,42.8833],[-0.56546,42.88356],[-0.5655,42.88385],[-0.56568,42.8842],[-0.56541,42.88496],[-0.56546,42.88708],[-0.5652,42.88798],[-0.56527,42.88829],[-0.56641,42.88887],[-0.56664,42.88915],[-0.56693,42.89],[-0.56731,42.8906],[-0.56847,42.89137],[-0.56968,42.89194],[-0.5698,42.89222],[-0.56965,42.89271],[-0.56964,42.89299],[-0.57011,42.89378],[-0.57004,42.89433],[-0.57025,42.8947],[-0.57117,42.89524],[-0.57184,42.89541],[-0.57295,42.89522],[-0.57424,42.89538],[-0.57514,42.89518],[-0.57533,42.89521],[-0.57535,42.89537],[-0.57522,42.89579],[-0.5747,42.89663],[-0.57464,42.89693],[-0.57502,42.89729],[-0.57578,42.89777],[-0.57601,42.89807],[-0.5763,42.8986],[-0.57624,42.89933],[-0.57632,42.89972],[-0.57664,42.90025],[-0.57693,42.90053],[-0.57701,42.90081],[-0.57773,42.90139],[-0.57893,42.9019],[-0.58,42.90265],[-0.58006,42.90276],[-0.58004,42.90315],[-0.58053,42.90416],[-0.58207,42.90532],[-0.58284,42.90628],[-0.58302,42.90666],[-0.58327,42.9069],[-0.58387,42.9072],[-0.58418,42.90747],[-0.58387,42.90775],[-0.58308,42.90804],[-0.58293,42.9082],[-0.58285,42.90843],[-0.58293,42.90895],[-0.58267,42.90945],[-0.58246,42.91023],[-0.58193,42.91081],[-0.58164,42.91134],[-0.58137,42.91164],[-0.58052,42.91221],[-0.58079,42.91283],[-0.58096,42.91302],[-0.58221,42.91331],[-0.5821,42.91399],[-0.58216,42.91423],[-0.58306,42.91469],[-0.58408,42.91639],[-0.5851,42.91714],[-0.58499,42.91748],[-0.58458,42.91768],[-0.58438,42.91795],[-0.58438,42.91855],[-0.58461,42.91886],[-0.58465,42.91909],[-0.58408,42.91976],[-0.58407,42.92023],[-0.58418,42.92076],[-0.58459,42.92135],[-0.58458,42.92186],[-0.58474,42.92218],[-0.58456,42.92244],[-0.58454,42.9226],[-0.58479,42.92301],[-0.58615,42.92437],[-0.58638,42.92469],[-0.5869,42.92508],[-0.58725,42.92524],[-0.58732,42.92555],[-0.58712,42.92601],[-0.58711,42.92621],[-0.58771,42.92722],[-0.58829,42.92776],[-0.58868,42.92789],[-0.5891,42.92792],[-0.59057,42.92775],[-0.59125,42.92777],[-0.59167,42.92787],[-0.59239,42.92823],[-0.59251,42.92832],[-0.59263,42.92905],[-0.59288,42.92939],[-0.59431,42.93052],[-0.59521,42.9311],[-0.59581,42.93137],[-0.5965,42.93248],[-0.59698,42.93268],[-0.59804,42.93293],[-0.59903,42.93352],[-0.60045,42.93351],[-0.6011,42.93331],[-0.60215,42.93315],[-0.60288,42.93328],[-0.60458,42.93316],[-0.60503,42.93328],[-0.60616,42.93412],[-0.60622,42.93443],[-0.60655,42.935],[-0.60721,42.93525],[-0.61001,42.9377],[-0.61101,42.93844],[-0.61125,42.93845],[-0.61165,42.93831],[-0.61193,42.93803],[-0.61198,42.93777],[-0.61193,42.93719],[-0.61202,42.93628],[-0.61167,42.93553],[-0.61101,42.93469],[-0.61065,42.9334],[-0.61074,42.933],[-0.61152,42.93236],[-0.61196,42.93171],[-0.61193,42.93136],[-0.61214,42.93051],[-0.61204,42.92913],[-0.61181,42.92864],[-0.6118,42.92833],[-0.61217,42.92746],[-0.61277,42.92679],[-0.61303,42.92635],[-0.61333,42.92606],[-0.61386,42.9258],[-0.61415,42.92553],[-0.61391,42.92583],[-0.61388,42.92609],[-0.61368,42.92652],[-0.6137,42.92766],[-0.61382,42.92788],[-0.61441,42.92798],[-0.6147,42.92785],[-0.61496,42.92762],[-0.6152,42.92761],[-0.61553,42.92805],[-0.61636,42.9286],[-0.61696,42.92884],[-0.61727,42.92913],[-0.61751,42.92921],[-0.61804,42.92916],[-0.61886,42.92863],[-0.61915,42.92854],[-0.61921,42.92887],[-0.61892,42.92936],[-0.619,42.92952],[-0.61916,42.92959],[-0.61973,42.9292],[-0.62029,42.92861],[-0.62114,42.92834],[-0.62189,42.92772],[-0.62278,42.92761],[-0.62304,42.92747],[-0.62325,42.92715],[-0.62347,42.92702],[-0.62448,42.9268],[-0.62622,42.9259],[-0.62781,42.92542],[-0.62882,42.92531],[-0.62915,42.92548],[-0.62958,42.92595],[-0.62983,42.92603],[-0.63017,42.92601],[-0.63084,42.92581],[-0.63137,42.9255],[-0.63204,42.92527],[-0.63254,42.92484],[-0.6334,42.92445],[-0.63417,42.92398],[-0.63559,42.92344],[-0.63635,42.9233],[-0.63714,42.92302],[-0.63847,42.9229],[-0.63887,42.92273],[-0.63976,42.92279],[-0.64054,42.92247],[-0.64129,42.92205],[-0.64246,42.9222],[-0.64278,42.92216],[-0.64331,42.92191],[-0.64412,42.92172],[-0.64492,42.92135],[-0.64566,42.92112],[-0.6484,42.92099],[-0.64973,42.92083],[-0.65035,42.92065],[-0.65094,42.92067],[-0.65217,42.9205],[-0.65321,42.92026],[-0.65487,42.91942],[-0.65545,42.91925],[-0.65632,42.9191],[-0.65743,42.9191],[-0.65965,42.91845],[-0.66025,42.91839],[-0.66054,42.91823],[-0.66108,42.91815],[-0.66156,42.91797],[-0.66264,42.91785],[-0.663,42.91814],[-0.66332,42.91812],[-0.6644,42.91736],[-0.66504,42.91669],[-0.66524,42.91635],[-0.66587,42.91583],[-0.66638,42.91504],[-0.66665,42.91487]],[[-0.61471,42.93173],[-0.61486,42.93162],[-0.61465,42.93145],[-0.61441,42.93147],[-0.61424,42.93162],[-0.61438,42.93172],[-0.61471,42.93173]],[[-0.65887,42.93082],[-0.65895,42.93081],[-0.65826,42.93053],[-0.65858,42.93082],[-0.65887,42.93082]],[[-0.61332,42.93008],[-0.61329,42.92984],[-0.61319,42.92997],[-0.61332,42.93008]],[[-0.61359,42.92806],[-0.61367,42.92803],[-0.61361,42.92797],[-0.61359,42.92806]],[[-0.66109,42.92028],[-0.66119,42.92025],[-0.66109,42.92028]],[[-0.66165,42.92008],[-0.66199,42.91971],[-0.66174,42.91952],[-0.66159,42.91955],[-0.66149,42.91972],[-0.66165,42.92008]]]}},{"type":"Feature","properties":{"ele":960},"geometry":{"type":"MultiLineString","coordinates":[[[-0.63634,42.94609],[-0.63573,42.94595],[-0.63483,42.94592],[-0.63399,42.94598],[-0.63309,42.94593],[-0.63235,42.94609]],[[-0.62956,42.94609],[-0.6286,42.9458],[-0.62761,42.94577],[-0.62653,42.94559],[-0.62611,42.94564],[-0.62531,42.94599],[-0.62469,42.94609]],[[-0.62233,42.94609],[-0.62214,42.94583],[-0.62223,42.94557],[-0.62282,42.94498],[-0.62355,42.94406],[-0.62402,42.94294],[-0.62444,42.94277],[-0.62597,42.94256],[-0.62631,42.94243],[-0.62653,42.94221],[-0.6269,42.9416],[-0.6272,42.94053],[-0.62749,42.93999],[-0.62764,42.93905],[-0.6279,42.93867],[-0.6283,42.9383],[-0.62838,42.9381],[-0.62846,42.93708],[-0.62858,42.93688],[-0.6291,42.93659],[-0.62941,42.93657],[-0.62969,42.93665],[-0.63019,42.93722],[-0.6308,42.93758],[-0.63323,42.93774],[-0.63358,42.9377],[-0.63419,42.93749],[-0.63557,42.93672],[-0.63615,42.93651],[-0.63688,42.93648],[-0.63755,42.93663],[-0.63804,42.93664],[-0.63856,42.93626],[-0.63935,42.93606],[-0.6397,42.9355],[-0.64059,42.9355],[-0.64108,42.93525],[-0.64195,42.93444],[-0.64191,42.93359],[-0.64219,42.93344],[-0.64372,42.93313],[-0.6439,42.93305],[-0.64417,42.93273],[-0.64575,42.93248],[-0.64643,42.93208],[-0.64887,42.93171],[-0.64966,42.93125],[-0.65025,42.93108],[-0.65087,42.93072],[-0.65132,42.93067],[-0.65208,42.93086],[-0.65249,42.93081],[-0.65272,42.93052],[-0.65307,42.93029],[-0.6533,42.92995],[-0.65424,42.92965],[-0.65501,42.92967],[-0.65563,42.92985],[-0.6572,42.93053],[-0.6597,42.93192],[-0.66083,42.93232],[-0.66111,42.93237],[-0.66268,42.93221],[-0.66221,42.93197],[-0.66193,42.93164],[-0.66154,42.93137],[-0.66138,42.93107],[-0.66111,42.9308],[-0.66069,42.93057],[-0.66024,42.93014],[-0.65996,42.92999],[-0.66005,42.92964],[-0.6599,42.92944],[-0.65949,42.92917],[-0.65934,42.92885],[-0.65905,42.92857],[-0.65721,42.92743],[-0.65576,42.92672],[-0.65538,42.92643],[-0.65535,42.92624],[-0.65548,42.92606],[-0.65622,42.92597],[-0.65715,42.92606],[-0.65761,42.92595],[-0.65882,42.92621],[-0.65915,42.92618],[-0.65945,42.92586],[-0.65997,42.92552],[-0.66052,42.92495],[-0.6609,42.92468],[-0.6611,42.92443],[-0.66116,42.92412],[-0.66149,42.92357],[-0.66219,42.92269],[-0.66291,42.9222],[-0.66446,42.92146],[-0.66545,42.92083],[-0.6658,42.92044],[-0.66638,42.92],[-0.66644,42.91965],[-0.66665,42.91923]],[[-0.59838,42.94609],[-0.5978,42.94553],[-0.59749,42.94497],[-0.59718,42.94465],[-0.59688,42.94442],[-0.59608,42.94421],[-0.59417,42.94458],[-0.59316,42.94501],[-0.59188,42.94513],[-0.59101,42.94539],[-0.58997,42.9453],[-0.58913,42.9457],[-0.58767,42.94609]],[[-0.58606,42.94609],[-0.58605,42.94572],[-0.5859,42.94526],[-0.58543,42.94471],[-0.58353,42.94381],[-0.58302,42.94377],[-0.58218,42.94392],[-0.58194,42.94353],[-0.58166,42.9433],[-0.58129,42.94312],[-0.58009,42.94275],[-0.57896,42.94179],[-0.57875,42.94178],[-0.57785,42.94216],[-0.57691,42.9422],[-0.57611,42.94205],[-0.57545,42.94173],[-0.57468,42.94165],[-0.57455,42.94135],[-0.57475,42.94092],[-0.57476,42.94052],[-0.57534,42.93991],[-0.57534,42.93916],[-0.57526,42.93886],[-0.57546,42.9384],[-0.57551,42.93801],[-0.57539,42.93687],[-0.57473,42.93551],[-0.57434,42.93515],[-0.57266,42.93443],[-0.57255,42.93413],[-0.57115,42.93394],[-0.57038,42.93371],[-0.57015,42.93352],[-0.56997,42.93293],[-0.56952,42.93311],[-0.56922,42.93302],[-0.56959,42.93197],[-0.56971,42.93082],[-0.57004,42.93061],[-0.5705,42.92995],[-0.57108,42.92982],[-0.57284,42.9297],[-0.57385,42.92913],[-0.57498,42.92831],[-0.57523,42.92802],[-0.57529,42.9278],[-0.57522,42.92741],[-0.57481,42.92689],[-0.57481,42.92635],[-0.57458,42.92583],[-0.57452,42.92528],[-0.57416,42.92465],[-0.57363,42.92434],[-0.57257,42.92392],[-0.57142,42.92378],[-0.57078,42.92359],[-0.57084,42.92308],[-0.5711,42.92248],[-0.5713,42.92218],[-0.57192,42.92164],[-0.57206,42.92138],[-0.57202,42.92106],[-0.5717,42.92062],[-0.57185,42.92013],[-0.5718,42.91994],[-0.57125,42.91978],[-0.56934,42.92007],[-0.56813,42.9201],[-0.56727,42.91935],[-0.56625,42.91919],[-0.565,42.91861],[-0.56382,42.91838],[-0.56301,42.91778],[-0.56206,42.91747],[-0.56175,42.91722],[-0.56165,42.91692],[-0.56136,42.91665],[-0.56082,42.91636],[-0.56007,42.91626],[-0.55927,42.916],[-0.55847,42.91605],[-0.55788,42.9163],[-0.55757,42.91634],[-0.55696,42.91606],[-0.55574,42.91586],[-0.55552,42.91577],[-0.55492,42.91515],[-0.55288,42.91487],[-0.55164,42.91442],[-0.55106,42.91389],[-0.55004,42.9133],[-0.5501,42.91304],[-0.55041,42.91275],[-0.55115,42.91243],[-0.55247,42.91245],[-0.555,42.91208],[-0.55597,42.91219],[-0.55781,42.9121],[-0.55996,42.91192],[-0.56136,42.91164],[-0.56313,42.9116],[-0.56354,42.91131],[-0.56405,42.91052],[-0.56456,42.90899],[-0.56443,42.9083],[-0.56336,42.90686],[-0.56305,42.90605],[-0.56221,42.90525],[-0.56152,42.90491],[-0.56114,42.90444],[-0.5611,42.90386],[-0.56093,42.90343],[-0.56104,42.90298],[-0.56097,42.90253],[-0.5608,42.90221],[-0.56044,42.90188],[-0.56058,42.90162],[-0.56075,42.90168],[-0.56103,42.90197],[-0.56117,42.90194],[-0.56113,42.90145],[-0.56123,42.90079],[-0.56059,42.90024],[-0.55913,42.89943],[-0.55857,42.89895],[-0.55832,42.89886],[-0.55796,42.89889],[-0.55788,42.89882],[-0.55808,42.89809],[-0.55838,42.89751],[-0.5585,42.89665],[-0.55892,42.89583],[-0.55936,42.89547],[-0.55898,42.89468],[-0.55892,42.89371],[-0.55858,42.8925],[-0.55804,42.89163],[-0.55794,42.89132],[-0.55825,42.89079],[-0.55999,42.88915],[-0.56005,42.88865],[-0.55992,42.88836],[-0.55951,42.88816],[-0.55917,42.8881],[-0.55729,42.8884],[-0.55618,42.88821],[-0.55427,42.8881],[-0.5533,42.88827],[-0.55288,42.88827],[-0.55029,42.88774],[-0.54988,42.88748],[-0.55063,42.88714],[-0.5533,42.88709],[-0.55469,42.88679],[-0.55688,42.8865],[-0.55757,42.88623],[-0.55915,42.88529],[-0.55948,42.88498],[-0.55963,42.88458],[-0.55954,42.88417],[-0.55921,42.88359],[-0.55858,42.88296],[-0.55812,42.88275],[-0.55529,42.8822]],[[-0.56723,42.8822],[-0.567,42.88253],[-0.56686,42.88303],[-0.56612,42.88332],[-0.56591,42.88357],[-0.56602,42.88419],[-0.56565,42.88479],[-0.56557,42.8852],[-0.56567,42.88649],[-0.56585,42.88725],[-0.56581,42.88747],[-0.56552,42.888],[-0.56554,42.88809],[-0.56572,42.88831],[-0.56635,42.8886],[-0.56665,42.88887],[-0.56749,42.89053],[-0.56879,42.89137],[-0.56945,42.89161],[-0.56996,42.89195],[-0.57012,42.89225],[-0.57012,42.89319],[-0.57049,42.89388],[-0.57043,42.89442],[-0.57101,42.89498],[-0.57155,42.89525],[-0.57195,42.89531],[-0.57292,42.89509],[-0.57434,42.89516],[-0.57535,42.89491],[-0.5759,42.89495],[-0.57518,42.8963],[-0.57513,42.89662],[-0.57549,42.89719],[-0.57614,42.89772],[-0.57653,42.8983],[-0.57658,42.89857],[-0.57649,42.89937],[-0.57672,42.89993],[-0.57734,42.90043],[-0.57743,42.90083],[-0.57777,42.90112],[-0.57826,42.9014],[-0.57912,42.90166],[-0.58034,42.90246],[-0.58051,42.90334],[-0.5808,42.9039],[-0.58169,42.90468],[-0.58262,42.90521],[-0.58273,42.9056],[-0.58353,42.90666],[-0.58456,42.90719],[-0.58475,42.90744],[-0.58345,42.90829],[-0.58332,42.90914],[-0.58304,42.90969],[-0.58286,42.91032],[-0.58222,42.91102],[-0.58172,42.91174],[-0.58107,42.91218],[-0.58109,42.91246],[-0.58162,42.91277],[-0.58226,42.91286],[-0.58252,42.91297],[-0.58242,42.9138],[-0.58254,42.91406],[-0.58352,42.91468],[-0.5838,42.91495],[-0.58391,42.91521],[-0.58394,42.91565],[-0.58412,42.91593],[-0.58453,42.91628],[-0.58523,42.91664],[-0.58584,42.91719],[-0.58552,42.91747],[-0.58497,42.91775],[-0.58475,42.91815],[-0.58477,42.9184],[-0.58507,42.91892],[-0.58499,42.91942],[-0.58459,42.91967],[-0.58455,42.91979],[-0.58465,42.92078],[-0.58498,42.92145],[-0.58494,42.92191],[-0.58504,42.92222],[-0.58497,42.92276],[-0.58541,42.92334],[-0.58663,42.92459],[-0.58756,42.92523],[-0.58755,42.92558],[-0.58736,42.9261],[-0.58751,42.9265],[-0.58839,42.92743],[-0.58879,42.92766],[-0.58948,42.92773],[-0.59129,42.92763],[-0.59246,42.92804],[-0.59275,42.92834],[-0.593,42.92919],[-0.59439,42.93029],[-0.5953,42.9309],[-0.59612,42.93133],[-0.59664,42.93231],[-0.59715,42.93255],[-0.59817,42.93276],[-0.59891,42.93329],[-0.59918,42.93335],[-0.60033,42.93332],[-0.60226,42.93292],[-0.60288,42.9331],[-0.60445,42.93293],[-0.60499,42.93302],[-0.60654,42.9341],[-0.60663,42.93444],[-0.60695,42.93496],[-0.6075,42.93524],[-0.60887,42.93636],[-0.61014,42.93752],[-0.61109,42.93814],[-0.61141,42.93814],[-0.61164,42.93795],[-0.61174,42.93639],[-0.61137,42.93554],[-0.61073,42.93467],[-0.61035,42.93329],[-0.61043,42.93299],[-0.61108,42.93246],[-0.61145,42.93191],[-0.61173,42.93062],[-0.61169,42.92997],[-0.61148,42.92909],[-0.6111,42.92832],[-0.6111,42.92751],[-0.61142,42.92697],[-0.61228,42.92635],[-0.61238,42.92607],[-0.61237,42.92552],[-0.61263,42.92496],[-0.61306,42.92452],[-0.61362,42.92426],[-0.61408,42.92384],[-0.6144,42.9238],[-0.61483,42.92392],[-0.61551,42.92357],[-0.61582,42.92326],[-0.61637,42.92303],[-0.61772,42.92292],[-0.61801,42.92241],[-0.61833,42.92207],[-0.61839,42.92225],[-0.61832,42.92276],[-0.61671,42.92342],[-0.61618,42.92391],[-0.61602,42.92413],[-0.61597,42.92443],[-0.61534,42.92506],[-0.61527,42.92537],[-0.61533,42.92569],[-0.61543,42.92581],[-0.61603,42.92595],[-0.61632,42.92626],[-0.61684,42.92661],[-0.6172,42.9272],[-0.61807,42.92798],[-0.61861,42.92799],[-0.61913,42.92786],[-0.61942,42.92775],[-0.61971,42.92747],[-0.62025,42.92719],[-0.62066,42.92706],[-0.62082,42.9271],[-0.62087,42.9272],[-0.6204,42.92746],[-0.62019,42.92803],[-0.62032,42.92815],[-0.62076,42.9281],[-0.62169,42.9275],[-0.62274,42.92728],[-0.62295,42.92689],[-0.62445,42.92653],[-0.62625,42.92574],[-0.62786,42.92525],[-0.6291,42.92509],[-0.62943,42.92525],[-0.62966,42.92559],[-0.6299,42.92571],[-0.63021,42.92574],[-0.63063,42.92563],[-0.63286,42.92443],[-0.63306,42.92415],[-0.63386,42.92358],[-0.63438,42.92335],[-0.63495,42.92329],[-0.6353,42.92304],[-0.63606,42.92275],[-0.63823,42.92236],[-0.63906,42.92208],[-0.63986,42.92195],[-0.64038,42.92199],[-0.64105,42.92158],[-0.64153,42.92142],[-0.64215,42.9216],[-0.64326,42.92134],[-0.64379,42.92148],[-0.64406,42.92148],[-0.64573,42.92079],[-0.64695,42.92065],[-0.64879,42.92016],[-0.64955,42.92029],[-0.65136,42.91984],[-0.65316,42.91965],[-0.65587,42.91879],[-0.65629,42.91876],[-0.65712,42.91889],[-0.65764,42.91879],[-0.66054,42.91777],[-0.66164,42.91691],[-0.66195,42.91677],[-0.66226,42.9167],[-0.66316,42.91674],[-0.66385,42.9165],[-0.66404,42.91636],[-0.66415,42.91608],[-0.66471,42.91582],[-0.66482,42.91528],[-0.6652,42.91496],[-0.66539,42.91468],[-0.6661,42.91443],[-0.66665,42.91409]]]}},{"type":"Feature","properties":{"ele":970},"geometry":{"type":"MultiLineString","coordinates":[[[-0.63672,42.94609],[-0.6358,42.94579],[-0.63396,42.94582],[-0.63313,42.94577],[-0.63167,42.94609]],[[-0.62986,42.94609],[-0.62847,42.94567],[-0.62761,42.94564],[-0.62656,42.94546],[-0.62609,42.94552],[-0.62553,42.94581],[-0.62443,42.94609]],[[-0.62259,42.94609],[-0.62236,42.94588],[-0.62236,42.94569],[-0.62362,42.9442],[-0.62395,42.94361],[-0.62414,42.94302],[-0.62462,42.94285],[-0.62554,42.94278],[-0.62604,42.94266],[-0.62641,42.94251],[-0.62671,42.94218],[-0.62702,42.94165],[-0.6274,42.94054],[-0.62759,42.94019],[-0.62771,42.93975],[-0.62773,42.9391],[-0.62797,42.93876],[-0.62836,42.93839],[-0.62854,42.93806],[-0.62861,42.93776],[-0.62858,42.93718],[-0.6288,42.9369],[-0.62913,42.93673],[-0.62941,42.9367],[-0.6297,42.93682],[-0.62998,42.93728],[-0.63072,42.93773],[-0.63139,42.93778],[-0.63292,42.93807],[-0.63351,42.93802],[-0.63521,42.93735],[-0.63593,42.93725],[-0.63608,42.93718],[-0.63621,42.93692],[-0.63637,42.93683],[-0.63671,42.9369],[-0.63691,42.93722],[-0.63722,42.93733],[-0.63826,42.93733],[-0.63915,42.93722],[-0.63941,42.93691],[-0.64105,42.93588],[-0.64159,42.93521],[-0.6422,42.93469],[-0.64235,42.93392],[-0.64251,42.93359],[-0.64309,42.93342],[-0.64396,42.93332],[-0.64447,42.93297],[-0.64524,42.93285],[-0.64653,42.9324],[-0.64712,42.93236],[-0.64767,42.9321],[-0.6489,42.93188],[-0.64973,42.9314],[-0.65045,42.93122],[-0.65108,42.93094],[-0.65271,42.93108],[-0.653,42.93075],[-0.65493,42.92995],[-0.65528,42.92997],[-0.65679,42.93055],[-0.65801,42.93115],[-0.65875,42.93167],[-0.66108,42.93268],[-0.6625,42.93262],[-0.66368,42.93234],[-0.66387,42.9322],[-0.6629,42.93166],[-0.66249,42.93108],[-0.66219,42.93092],[-0.6608,42.92969],[-0.66028,42.92936],[-0.6597,42.92914],[-0.65961,42.92862],[-0.65915,42.92831],[-0.6589,42.92802],[-0.65854,42.92776],[-0.65774,42.92736],[-0.65718,42.92695],[-0.65653,42.92663],[-0.65674,42.92653],[-0.65833,42.92641],[-0.65875,42.92648],[-0.65935,42.92669],[-0.65959,42.92666],[-0.65955,42.92606],[-0.66106,42.92495],[-0.66157,42.92448],[-0.66193,42.92386],[-0.66221,42.92302],[-0.66248,42.92275],[-0.66363,42.92221],[-0.66396,42.92194],[-0.66551,42.921],[-0.66597,42.92051],[-0.66646,42.92021],[-0.6666,42.91999],[-0.66658,42.9197],[-0.66665,42.91956]],[[-0.59819,42.94609],[-0.59763,42.94556],[-0.59715,42.94486],[-0.5965,42.94445],[-0.59604,42.94435],[-0.59419,42.94466],[-0.59333,42.94506],[-0.59192,42.94523],[-0.59111,42.94554],[-0.59,42.94549],[-0.58943,42.94581],[-0.58797,42.94609]],[[-0.58594,42.94609],[-0.58583,42.94542],[-0.58551,42.94501],[-0.58521,42.9448],[-0.58332,42.94386],[-0.58288,42.94391],[-0.58229,42.9441],[-0.58212,42.94408],[-0.58193,42.94396],[-0.58166,42.94352],[-0.57994,42.94287],[-0.57888,42.94204],[-0.57854,42.94204],[-0.57771,42.94239],[-0.57684,42.9424],[-0.57592,42.94215],[-0.5755,42.94189],[-0.57472,42.9418],[-0.57441,42.94166],[-0.57429,42.94136],[-0.57457,42.9409],[-0.57457,42.94048],[-0.57471,42.94026],[-0.57504,42.93999],[-0.57511,42.93982],[-0.57517,42.93885],[-0.57533,42.93801],[-0.57525,42.93693],[-0.57449,42.93552],[-0.5742,42.93523],[-0.5735,42.93491],[-0.57261,42.93458],[-0.57161,42.93443],[-0.57151,42.93414],[-0.57042,42.93392],[-0.5697,42.93349],[-0.5691,42.93339],[-0.56892,42.93328],[-0.56894,42.93305],[-0.56942,42.9319],[-0.56954,42.93087],[-0.56995,42.93051],[-0.57038,42.92994],[-0.57083,42.92976],[-0.57249,42.9297],[-0.57268,42.92963],[-0.57358,42.92914],[-0.57469,42.92837],[-0.57506,42.92797],[-0.575,42.92747],[-0.57464,42.92694],[-0.57471,42.92636],[-0.5744,42.92583],[-0.57437,42.92534],[-0.57397,42.92469],[-0.57257,42.92402],[-0.57103,42.92386],[-0.57051,42.9236],[-0.57067,42.92294],[-0.57105,42.92224],[-0.57168,42.92171],[-0.57194,42.92138],[-0.57189,42.92111],[-0.57159,42.92077],[-0.57157,42.92052],[-0.57167,42.92024],[-0.57161,42.91999],[-0.57111,42.91988],[-0.56958,42.92017],[-0.568,42.92026],[-0.56716,42.91945],[-0.56636,42.91938],[-0.56584,42.91923],[-0.56525,42.91882],[-0.5645,42.91859],[-0.56386,42.91849],[-0.56295,42.91787],[-0.56183,42.9175],[-0.56148,42.91723],[-0.56113,42.91664],[-0.5609,42.91654],[-0.55959,42.91637],[-0.55903,42.91618],[-0.55851,42.91625],[-0.55799,42.91655],[-0.55767,42.91653],[-0.55681,42.91616],[-0.55552,42.91588],[-0.55486,42.91531],[-0.55235,42.91496],[-0.55126,42.91444],[-0.55085,42.91403],[-0.54975,42.91357],[-0.5496,42.91338],[-0.5496,42.91326],[-0.54976,42.91308],[-0.55025,42.91272],[-0.55066,42.91248],[-0.55115,42.91235],[-0.55247,42.91233],[-0.55469,42.91196],[-0.55594,42.91207],[-0.55778,42.91199],[-0.55965,42.91181],[-0.5607,42.91161],[-0.56299,42.9115],[-0.5633,42.91135],[-0.56354,42.91105],[-0.56389,42.91052],[-0.56408,42.90999],[-0.56427,42.90885],[-0.56419,42.90826],[-0.56321,42.907],[-0.56282,42.90604],[-0.56188,42.90529],[-0.56129,42.90502],[-0.56081,42.90443],[-0.56082,42.90386],[-0.56069,42.9035],[-0.56073,42.9027],[-0.56047,42.90225],[-0.56009,42.90186],[-0.56027,42.90141],[-0.5608,42.90096],[-0.56088,42.90078],[-0.56036,42.90026],[-0.55909,42.89958],[-0.55842,42.89912],[-0.55773,42.89915],[-0.55762,42.89895],[-0.55821,42.89735],[-0.55828,42.89664],[-0.55853,42.89632],[-0.55864,42.89583],[-0.55902,42.8952],[-0.55885,42.8947],[-0.55882,42.89374],[-0.55851,42.8926],[-0.55775,42.89135],[-0.55807,42.89081],[-0.55981,42.88915],[-0.55992,42.88871],[-0.55981,42.88837],[-0.55955,42.88822],[-0.55917,42.88815],[-0.55726,42.88846],[-0.55618,42.88826],[-0.55528,42.88826],[-0.55427,42.88815],[-0.55334,42.88832],[-0.55278,42.88831],[-0.55013,42.88778],[-0.54963,42.88748],[-0.55063,42.8871],[-0.55326,42.88704],[-0.55462,42.88674],[-0.55677,42.88642],[-0.55754,42.88616],[-0.55906,42.88523],[-0.55936,42.88495],[-0.55949,42.88454],[-0.55941,42.88414],[-0.55914,42.8836],[-0.55857,42.88304],[-0.55785,42.88276],[-0.55566,42.8824],[-0.55507,42.8822]],[[-0.56735,42.8822],[-0.56717,42.88249],[-0.56699,42.88308],[-0.56606,42.88358],[-0.56615,42.88421],[-0.56608,42.88441],[-0.5658,42.8847],[-0.56566,42.8851],[-0.56575,42.88628],[-0.56602,42.88728],[-0.56599,42.88749],[-0.56573,42.88794],[-0.56574,42.8881],[-0.56595,42.88829],[-0.56642,42.88853],[-0.56673,42.88882],[-0.56695,42.88915],[-0.56734,42.8901],[-0.56767,42.89054],[-0.56892,42.89133],[-0.56952,42.89157],[-0.57013,42.892],[-0.57027,42.8922],[-0.57023,42.89273],[-0.57031,42.89326],[-0.57069,42.89389],[-0.57063,42.89444],[-0.57082,42.89469],[-0.57121,42.895],[-0.57192,42.89526],[-0.5732,42.89501],[-0.57448,42.89504],[-0.57608,42.89461],[-0.57681,42.89425],[-0.57694,42.89425],[-0.57697,42.89447],[-0.57575,42.89541],[-0.57529,42.89638],[-0.57554,42.8969],[-0.57637,42.89773],[-0.57677,42.89828],[-0.57659,42.89923],[-0.57676,42.89979],[-0.57692,42.90001],[-0.57758,42.90045],[-0.57764,42.90083],[-0.57798,42.90112],[-0.57915,42.90153],[-0.58017,42.90224],[-0.5806,42.90244],[-0.58068,42.90326],[-0.58101,42.9039],[-0.58138,42.90425],[-0.58288,42.90521],[-0.58297,42.9056],[-0.58382,42.90665],[-0.58501,42.90719],[-0.58511,42.90735],[-0.58511,42.90749],[-0.58468,42.90765],[-0.58369,42.90832],[-0.58352,42.90933],[-0.58329,42.9097],[-0.58309,42.91031],[-0.58245,42.91107],[-0.58191,42.9119],[-0.58135,42.91218],[-0.58134,42.91228],[-0.58145,42.91249],[-0.58243,42.91266],[-0.58267,42.91277],[-0.58277,42.91303],[-0.58259,42.91357],[-0.58267,42.91395],[-0.58291,42.91416],[-0.58389,42.91469],[-0.58416,42.91497],[-0.58424,42.91523],[-0.58415,42.91552],[-0.58415,42.91581],[-0.58555,42.91661],[-0.58612,42.91717],[-0.58574,42.91748],[-0.5852,42.91774],[-0.58495,42.91801],[-0.58494,42.91832],[-0.58514,42.91867],[-0.5852,42.91895],[-0.58515,42.91943],[-0.58488,42.91971],[-0.5848,42.91992],[-0.58483,42.92072],[-0.58516,42.92135],[-0.58511,42.9219],[-0.58522,42.92279],[-0.58606,42.92391],[-0.58693,42.9247],[-0.58769,42.92525],[-0.58767,42.92562],[-0.58748,42.92609],[-0.58765,42.92647],[-0.58859,42.92739],[-0.58887,42.92755],[-0.58958,42.92764],[-0.59132,42.92757],[-0.59266,42.92804],[-0.59293,42.9284],[-0.59318,42.92919],[-0.59391,42.92968],[-0.5945,42.93023],[-0.59542,42.93084],[-0.59614,42.93119],[-0.59634,42.93142],[-0.59665,42.9322],[-0.59721,42.93248],[-0.59834,42.93274],[-0.59896,42.93318],[-0.60042,42.93321],[-0.60233,42.93279],[-0.60299,42.933],[-0.60445,42.9328],[-0.60502,42.93291],[-0.60669,42.93406],[-0.60685,42.93452],[-0.60717,42.9349],[-0.60895,42.93628],[-0.61025,42.93748],[-0.61108,42.93795],[-0.61134,42.93796],[-0.61151,42.93773],[-0.6116,42.93642],[-0.61138,42.9358],[-0.61085,42.93511],[-0.61058,42.93462],[-0.61021,42.93322],[-0.61026,42.93298],[-0.61115,42.93221],[-0.6115,42.931],[-0.61155,42.93048],[-0.6115,42.92996],[-0.61124,42.92912],[-0.6109,42.9285],[-0.61077,42.92777],[-0.61092,42.9269],[-0.61175,42.92641],[-0.61185,42.92624],[-0.61185,42.92603],[-0.61161,42.9255],[-0.61162,42.92495],[-0.61218,42.9244],[-0.61243,42.92399],[-0.61293,42.92386],[-0.61337,42.92333],[-0.61399,42.92313],[-0.61467,42.9227],[-0.61526,42.92304],[-0.61551,42.92271],[-0.61581,42.92247],[-0.61594,42.9225],[-0.61611,42.92275],[-0.61627,42.92247],[-0.61694,42.9225],[-0.6172,42.92218],[-0.61776,42.92192],[-0.61762,42.92131],[-0.61788,42.92086],[-0.61795,42.9205],[-0.6181,42.92028],[-0.61857,42.91997],[-0.61887,42.91998],[-0.61891,42.92069],[-0.61909,42.92096],[-0.61924,42.92104],[-0.61983,42.92108],[-0.62029,42.92139],[-0.61973,42.92173],[-0.61912,42.92185],[-0.61914,42.92208],[-0.61946,42.92245],[-0.61925,42.92275],[-0.61883,42.92292],[-0.6182,42.92331],[-0.61747,42.92342],[-0.61663,42.92385],[-0.61653,42.92414],[-0.61673,42.92443],[-0.61634,42.92468],[-0.61608,42.92497],[-0.61639,42.92524],[-0.61653,42.92548],[-0.61648,42.92607],[-0.61717,42.92636],[-0.61754,42.92663],[-0.61776,42.92694],[-0.61882,42.92741],[-0.61915,42.9272],[-0.61948,42.9273],[-0.61999,42.9272],[-0.62039,42.92696],[-0.6206,42.92673],[-0.62111,42.92653],[-0.62196,42.92634],[-0.6224,42.92636],[-0.62194,42.92646],[-0.6213,42.92714],[-0.62127,42.92732],[-0.62137,42.92748],[-0.62177,42.92731],[-0.62252,42.92722],[-0.62255,42.92693],[-0.62275,42.92682],[-0.62442,42.92641],[-0.62529,42.92612],[-0.62636,42.92564],[-0.62809,42.92514],[-0.62942,42.92496],[-0.62993,42.92555],[-0.63024,42.9256],[-0.63056,42.92554],[-0.6311,42.92515],[-0.63194,42.92482],[-0.63259,42.92444],[-0.63305,42.92387],[-0.63413,42.92325],[-0.63475,42.92308],[-0.63549,42.92275],[-0.63636,42.9226],[-0.63769,42.92219],[-0.6383,42.92213],[-0.63887,42.92189],[-0.63958,42.92179],[-0.64051,42.92148],[-0.64192,42.92081],[-0.64241,42.92081],[-0.64253,42.92107],[-0.64278,42.92114],[-0.64392,42.92097],[-0.64476,42.92098],[-0.6462,42.92055],[-0.64643,42.92037],[-0.64717,42.9203],[-0.64797,42.91996],[-0.64997,42.91964],[-0.65049,42.9194],[-0.65135,42.91927],[-0.6516,42.91913],[-0.65233,42.91912],[-0.65281,42.91939],[-0.65305,42.91943],[-0.65373,42.91914],[-0.65518,42.91883],[-0.65576,42.91857],[-0.65659,42.91853],[-0.65729,42.91871],[-0.65775,42.91863],[-0.65882,42.91818],[-0.66022,42.91774],[-0.66193,42.91661],[-0.66222,42.91655],[-0.66313,42.91659],[-0.66362,42.91645],[-0.66382,42.91617],[-0.66389,42.91542],[-0.6644,42.91468],[-0.66545,42.91399],[-0.66632,42.91367],[-0.66665,42.91372]],[[-0.62304,42.92609],[-0.62304,42.92578],[-0.62304,42.92609]],[[-0.61915,42.91974],[-0.61925,42.91969],[-0.61915,42.91966],[-0.61915,42.91974]]]}},{"type":"Feature","properties":{"ele":980},"geometry":{"type":"MultiLineString","coordinates":[[[-0.63723,42.94609],[-0.6364,42.94578],[-0.63576,42.94565],[-0.63389,42.94566],[-0.63306,42.94558],[-0.63195,42.94591],[-0.6308,42.94609]],[[-0.6302,42.94609],[-0.62833,42.94553],[-0.62775,42.94553],[-0.6267,42.94534],[-0.62611,42.94541],[-0.62542,42.94572],[-0.62426,42.94609]],[[-0.6229,42.94609],[-0.62248,42.9458],[-0.62362,42.94445],[-0.62415,42.94359],[-0.6244,42.94303],[-0.62476,42.94292],[-0.62559,42.94289],[-0.6261,42.94275],[-0.62654,42.94253],[-0.6269,42.94216],[-0.62776,42.94024],[-0.62787,42.93909],[-0.62856,42.93828],[-0.62874,42.9378],[-0.62878,42.93717],[-0.62913,42.93686],[-0.62955,42.93689],[-0.62998,42.93749],[-0.63047,42.93779],[-0.63274,42.93822],[-0.63351,42.93819],[-0.63538,42.93767],[-0.63722,42.93786],[-0.6383,42.93807],[-0.63927,42.9379],[-0.63971,42.93775],[-0.64024,42.93714],[-0.64108,42.93661],[-0.64178,42.93551],[-0.64248,42.9347],[-0.64265,42.9339],[-0.64295,42.93365],[-0.6451,42.93332],[-0.64589,42.93302],[-0.64634,42.93272],[-0.64719,42.93266],[-0.64781,42.93232],[-0.64912,42.93201],[-0.64974,42.93157],[-0.65111,42.93124],[-0.65361,42.93139],[-0.65348,42.93111],[-0.6536,42.93098],[-0.65399,42.93088],[-0.65479,42.9309],[-0.65499,42.93082],[-0.65523,42.93052],[-0.65542,42.93049],[-0.65593,42.93053],[-0.65715,42.93098],[-0.658,42.93137],[-0.65866,42.93185],[-0.66108,42.93299],[-0.6624,42.93296],[-0.6636,42.93273],[-0.66455,42.93291],[-0.66499,42.93275],[-0.66467,42.93263],[-0.66428,42.93222],[-0.66415,42.93164],[-0.66247,42.93063],[-0.66109,42.92954],[-0.65971,42.92829],[-0.65802,42.92718],[-0.65832,42.92692],[-0.65872,42.92686],[-0.65969,42.927],[-0.66004,42.92695],[-0.66005,42.9268],[-0.65984,42.92628],[-0.65986,42.92607],[-0.66202,42.92448],[-0.66249,42.92332],[-0.66275,42.92302],[-0.66312,42.92274],[-0.66448,42.9222],[-0.66483,42.92198],[-0.66524,42.92135],[-0.66572,42.92112],[-0.66604,42.92069],[-0.66665,42.92031]],[[-0.59799,42.94609],[-0.5974,42.94556],[-0.59698,42.94492],[-0.59635,42.94459],[-0.59594,42.9445],[-0.5944,42.94469],[-0.59323,42.94517],[-0.59201,42.94532],[-0.59108,42.94565],[-0.59011,42.94565],[-0.58938,42.94594],[-0.58844,42.94609]],[[-0.58581,42.94609],[-0.58569,42.94555],[-0.58551,42.94529],[-0.58521,42.945],[-0.58447,42.94457],[-0.58323,42.94401],[-0.58193,42.94427],[-0.58166,42.94382],[-0.5814,42.94358],[-0.57971,42.943],[-0.57882,42.94227],[-0.57847,42.94227],[-0.57767,42.94258],[-0.57677,42.94258],[-0.57587,42.94233],[-0.57524,42.94198],[-0.57442,42.94186],[-0.57416,42.94163],[-0.57404,42.94136],[-0.57444,42.94082],[-0.57438,42.94047],[-0.57479,42.93998],[-0.57492,42.93965],[-0.57505,42.93916],[-0.57515,42.93794],[-0.57504,42.93687],[-0.5742,42.93553],[-0.57388,42.93525],[-0.57281,42.93481],[-0.57077,42.93442],[-0.57067,42.93414],[-0.56951,42.93376],[-0.56856,42.93358],[-0.5685,42.9333],[-0.56892,42.93278],[-0.56929,42.93187],[-0.56941,42.9308],[-0.56977,42.93053],[-0.57022,42.92992],[-0.57058,42.92971],[-0.57236,42.92956],[-0.57267,42.92947],[-0.57359,42.92897],[-0.57451,42.92835],[-0.57485,42.92794],[-0.57483,42.92763],[-0.57449,42.92694],[-0.57452,42.92636],[-0.57424,42.92586],[-0.57426,42.92541],[-0.57387,42.92483],[-0.57255,42.92411],[-0.5706,42.92394],[-0.57041,42.92385],[-0.57025,42.9236],[-0.57047,42.92291],[-0.57086,42.92225],[-0.57153,42.92168],[-0.57174,42.92139],[-0.57171,42.92111],[-0.57149,42.92075],[-0.57148,42.92024],[-0.57136,42.92004],[-0.57106,42.91997],[-0.56958,42.9203],[-0.5683,42.9204],[-0.56782,42.92033],[-0.56766,42.92025],[-0.56751,42.91996],[-0.56721,42.91968],[-0.56585,42.91939],[-0.56535,42.91915],[-0.56504,42.91885],[-0.56384,42.91861],[-0.56303,42.91802],[-0.56163,42.91754],[-0.56116,42.91718],[-0.56082,42.91664],[-0.56014,42.91656],[-0.55948,42.91662],[-0.55875,42.91641],[-0.55811,42.9167],[-0.55771,42.91668],[-0.5567,42.91628],[-0.55549,42.91598],[-0.5547,42.91548],[-0.5522,42.91507],[-0.5511,42.91452],[-0.55076,42.91417],[-0.55038,42.91397],[-0.54983,42.91375],[-0.54886,42.91359],[-0.54915,42.91348],[-0.54959,42.91303],[-0.55042,42.91249],[-0.55108,42.91227],[-0.55248,42.9122],[-0.55472,42.9118],[-0.55604,42.91195],[-0.55875,42.91178],[-0.56035,42.91156],[-0.56304,42.91137],[-0.56333,42.91108],[-0.56387,42.91022],[-0.56403,42.90878],[-0.56399,42.90823],[-0.56307,42.90716],[-0.56258,42.90606],[-0.56115,42.90521],[-0.56055,42.90466],[-0.56048,42.90294],[-0.56028,42.9024],[-0.55969,42.90192],[-0.55987,42.90131],[-0.5597,42.9008],[-0.56026,42.90053],[-0.56001,42.90023],[-0.55939,42.90014],[-0.5584,42.89931],[-0.55761,42.89928],[-0.55738,42.89911],[-0.55742,42.89881],[-0.55768,42.89833],[-0.55806,42.89723],[-0.55808,42.89669],[-0.55826,42.89635],[-0.55835,42.8959],[-0.55884,42.89513],[-0.55874,42.89465],[-0.55872,42.89381],[-0.55841,42.8926],[-0.55774,42.89167],[-0.55765,42.89128],[-0.55793,42.89079],[-0.55966,42.88912],[-0.55978,42.88867],[-0.55967,42.88836],[-0.55917,42.88819],[-0.55722,42.88851],[-0.55613,42.8883],[-0.55527,42.88832],[-0.55427,42.8882],[-0.5533,42.88836],[-0.55271,42.88834],[-0.54998,42.88781],[-0.54939,42.88748],[-0.55063,42.88706],[-0.55323,42.88701],[-0.55465,42.88667],[-0.55664,42.88636],[-0.5575,42.8861],[-0.55921,42.88498],[-0.55935,42.88454],[-0.55926,42.88405],[-0.55899,42.88357],[-0.55837,42.88303],[-0.55733,42.88272],[-0.55554,42.88247],[-0.5548,42.8822]],[[-0.56748,42.8822],[-0.5671,42.88311],[-0.56691,42.8833],[-0.56627,42.88358],[-0.56627,42.88426],[-0.56577,42.88496],[-0.56582,42.8861],[-0.56622,42.88729],[-0.56619,42.88751],[-0.56596,42.88791],[-0.56597,42.88807],[-0.56665,42.88859],[-0.56689,42.88888],[-0.56743,42.89005],[-0.56779,42.89051],[-0.57024,42.89194],[-0.57037,42.89219],[-0.57037,42.89267],[-0.57051,42.89331],[-0.57089,42.89388],[-0.57078,42.89444],[-0.57136,42.89498],[-0.57201,42.8952],[-0.5732,42.89494],[-0.57469,42.89492],[-0.57587,42.89455],[-0.57662,42.8941],[-0.57726,42.89386],[-0.57733,42.89423],[-0.57719,42.8946],[-0.57691,42.89486],[-0.5758,42.8955],[-0.57545,42.89631],[-0.57554,42.89664],[-0.57647,42.89746],[-0.57704,42.89827],[-0.57701,42.89852],[-0.57672,42.89916],[-0.57685,42.89975],[-0.57708,42.89999],[-0.57768,42.90032],[-0.57784,42.90051],[-0.57786,42.90084],[-0.57809,42.90104],[-0.57915,42.90139],[-0.58083,42.90246],[-0.58088,42.90329],[-0.58102,42.90363],[-0.58127,42.90395],[-0.58221,42.90465],[-0.58312,42.9052],[-0.58322,42.90563],[-0.58415,42.90664],[-0.58529,42.90714],[-0.58546,42.90735],[-0.58544,42.9075],[-0.58471,42.90776],[-0.58397,42.90832],[-0.5838,42.90886],[-0.58373,42.90947],[-0.58333,42.91027],[-0.5822,42.91191],[-0.58183,42.9122],[-0.58249,42.91238],[-0.58304,42.91264],[-0.58307,42.9128],[-0.58274,42.91351],[-0.5828,42.91385],[-0.58314,42.91413],[-0.58416,42.91469],[-0.58437,42.91494],[-0.58452,42.91524],[-0.58439,42.91555],[-0.58439,42.91583],[-0.58554,42.91636],[-0.58618,42.91687],[-0.5863,42.91704],[-0.58624,42.91729],[-0.58544,42.91774],[-0.58525,42.91803],[-0.58537,42.91939],[-0.58513,42.91985],[-0.58503,42.92072],[-0.58534,42.92128],[-0.58525,42.92194],[-0.58543,42.92282],[-0.58623,42.92393],[-0.58709,42.9247],[-0.58768,42.92502],[-0.58785,42.9252],[-0.58765,42.92607],[-0.58775,42.92637],[-0.58859,42.92719],[-0.58897,42.92746],[-0.58972,42.92756],[-0.59136,42.9275],[-0.5928,42.92801],[-0.59314,42.9285],[-0.5933,42.92915],[-0.59412,42.9297],[-0.59471,42.93025],[-0.59556,42.93079],[-0.59629,42.93113],[-0.59646,42.93134],[-0.59665,42.93192],[-0.59685,42.93222],[-0.59733,42.93243],[-0.59835,42.93267],[-0.59887,42.93303],[-0.59917,42.9331],[-0.60042,42.9331],[-0.60233,42.93269],[-0.60309,42.93291],[-0.60441,42.93268],[-0.605,42.93275],[-0.60665,42.93387],[-0.60694,42.93413],[-0.60698,42.93444],[-0.60717,42.93474],[-0.60906,42.93624],[-0.61028,42.93734],[-0.61109,42.93776],[-0.6114,42.93752],[-0.61147,42.93639],[-0.61123,42.9358],[-0.6108,42.93526],[-0.61046,42.93464],[-0.61009,42.93315],[-0.61027,42.93276],[-0.61105,42.93215],[-0.61135,42.9309],[-0.6113,42.92996],[-0.61101,42.92915],[-0.61065,42.9285],[-0.61047,42.92778],[-0.61059,42.92729],[-0.6105,42.92691],[-0.61083,42.92665],[-0.61141,42.92638],[-0.61156,42.92614],[-0.61108,42.92464],[-0.61198,42.92364],[-0.61255,42.92332],[-0.6128,42.92295],[-0.61415,42.92246],[-0.61448,42.92223],[-0.6147,42.92188],[-0.61525,42.92135],[-0.61613,42.9211],[-0.61603,42.92062],[-0.61609,42.92041],[-0.61701,42.92027],[-0.61694,42.91941],[-0.61681,42.91909],[-0.61685,42.91826],[-0.61699,42.91814],[-0.61773,42.9181],[-0.61803,42.91797],[-0.61829,42.9181],[-0.61852,42.91804],[-0.61861,42.91748],[-0.61853,42.91692],[-0.61868,42.91674],[-0.61891,42.91674],[-0.61941,42.91716],[-0.61968,42.91725],[-0.61993,42.91687],[-0.62029,42.91688],[-0.62057,42.91716],[-0.62063,42.91749],[-0.6208,42.91777],[-0.62134,42.91782],[-0.62151,42.91802],[-0.62143,42.91836],[-0.62066,42.91906],[-0.62067,42.91945],[-0.61982,42.91969],[-0.61959,42.91998],[-0.61965,42.92029],[-0.6199,42.92034],[-0.62031,42.92028],[-0.62111,42.91998],[-0.62147,42.91971],[-0.62155,42.91918],[-0.62166,42.91908],[-0.62193,42.91913],[-0.62226,42.91938],[-0.62253,42.9197],[-0.62265,42.91999],[-0.62255,42.92137],[-0.62167,42.92222],[-0.62132,42.92246],[-0.62057,42.92264],[-0.61968,42.9233],[-0.61896,42.92337],[-0.6184,42.92362],[-0.61771,42.92379],[-0.61765,42.9239],[-0.61812,42.92413],[-0.61811,42.92421],[-0.61723,42.92456],[-0.61677,42.92494],[-0.6171,42.92582],[-0.61816,42.92664],[-0.61858,42.92688],[-0.61914,42.92681],[-0.61943,42.92702],[-0.61983,42.92709],[-0.62022,42.92692],[-0.62058,42.92638],[-0.62189,42.92605],[-0.62235,42.92606],[-0.62283,42.92527],[-0.62282,42.92465],[-0.62303,42.92428],[-0.62332,42.92461],[-0.62342,42.92513],[-0.62348,42.92593],[-0.6234,42.92612],[-0.62314,42.92635],[-0.62334,42.92647],[-0.62413,42.92636],[-0.62529,42.92603],[-0.62722,42.92528],[-0.6292,42.92483],[-0.62951,42.92486],[-0.62998,42.92533],[-0.63035,42.92541],[-0.63065,42.92524],[-0.6307,42.92468],[-0.63139,42.9244],[-0.63165,42.92441],[-0.63188,42.92459],[-0.63205,42.92458],[-0.63231,42.92442],[-0.63233,42.92412],[-0.63305,42.9236],[-0.63396,42.92315],[-0.63498,42.92275],[-0.63618,42.92254],[-0.63747,42.92213],[-0.63831,42.92197],[-0.63882,42.92174],[-0.63948,42.92167],[-0.64129,42.92081],[-0.6425,42.9204],[-0.64281,42.92038],[-0.64361,42.92072],[-0.64507,42.92075],[-0.64589,42.92054],[-0.64654,42.91995],[-0.64722,42.91978],[-0.64795,42.91978],[-0.64948,42.91957],[-0.65116,42.91878],[-0.65205,42.91875],[-0.65388,42.91887],[-0.65483,42.91868],[-0.65556,42.91841],[-0.6567,42.91827],[-0.65703,42.9183],[-0.65747,42.91852],[-0.65767,42.91851],[-0.65813,42.91832],[-0.65854,42.91805],[-0.65896,42.91796],[-0.65998,42.91755],[-0.66195,42.91646],[-0.66222,42.9164],[-0.66306,42.91647],[-0.6635,42.91637],[-0.66366,42.91609],[-0.66367,42.91534],[-0.66375,42.91496],[-0.66442,42.91406],[-0.6651,42.91358],[-0.66665,42.91323]],[[-0.62193,42.92698],[-0.62198,42.92693],[-0.62193,42.92689],[-0.62193,42.92698]],[[-0.63165,42.92476],[-0.6318,42.92466],[-0.63163,42.92448],[-0.6314,42.92452],[-0.63128,42.92466],[-0.63135,42.92475],[-0.63165,42.92476]],[[-0.61915,42.92449],[-0.61924,42.92442],[-0.61865,42.92435],[-0.6185,42.92441],[-0.61868,42.9245],[-0.61915,42.92449]],[[-0.62165,42.92124],[-0.6219,42.92105],[-0.62197,42.92079],[-0.62171,42.92074],[-0.62157,42.9208],[-0.62148,42.92106],[-0.62165,42.92124]],[[-0.61832,42.91973],[-0.61853,42.91965],[-0.61862,42.9194],[-0.61833,42.91933],[-0.61803,42.91941],[-0.61811,42.91966],[-0.61832,42.91973]],[[-0.62082,42.91847],[-0.62096,42.91829],[-0.6208,42.91814],[-0.62064,42.91831],[-0.62082,42.91847]],[[-0.62026,42.91812],[-0.62027,42.91802],[-0.62026,42.91812]]]}},{"type":"Feature","properties":{"ele":990},"geometry":{"type":"MultiLineString","coordinates":[[[-0.63759,42.94609],[-0.63583,42.94552],[-0.63375,42.9455],[-0.63306,42.9454],[-0.6319,42.9458],[-0.63115,42.94595],[-0.63031,42.946],[-0.62844,42.94543],[-0.62761,42.9454],[-0.62684,42.94521],[-0.62607,42.94531],[-0.62406,42.94609]],[[-0.62322,42.94609],[-0.62272,42.94578],[-0.62343,42.94497],[-0.62405,42.94406],[-0.62452,42.94316],[-0.62468,42.94302],[-0.62553,42.94303],[-0.62637,42.94277],[-0.62667,42.94259],[-0.62699,42.94223],[-0.62788,42.94023],[-0.62804,42.93942],[-0.628,42.93909],[-0.62858,42.93852],[-0.62889,42.93779],[-0.62893,42.93725],[-0.62921,42.937],[-0.62945,42.93703],[-0.62998,42.93768],[-0.63018,42.9378],[-0.63083,42.93802],[-0.63228,42.93831],[-0.63337,42.93836],[-0.63594,42.93793],[-0.63733,42.9382],[-0.63861,42.9387],[-0.63924,42.93871],[-0.64061,42.93804],[-0.64086,42.93774],[-0.64138,42.93733],[-0.64154,42.93687],[-0.64156,42.9363],[-0.64261,42.93482],[-0.64273,42.93451],[-0.64276,42.93414],[-0.643,42.93383],[-0.64344,42.93371],[-0.64502,42.93362],[-0.6467,42.93332],[-0.64799,42.93257],[-0.64919,42.93223],[-0.64979,42.93175],[-0.65104,42.93153],[-0.6532,42.93173],[-0.65413,42.93205],[-0.65444,42.93194],[-0.65443,42.93164],[-0.65428,42.93136],[-0.65445,42.9312],[-0.65576,42.93148],[-0.65688,42.93144],[-0.65721,42.93136],[-0.65779,42.93155],[-0.65833,42.93191],[-0.65966,42.93251],[-0.66108,42.93326],[-0.66156,42.93325],[-0.6624,42.93336],[-0.66368,42.93318],[-0.66448,42.93344],[-0.66562,42.93303],[-0.66588,42.93274],[-0.66503,42.93245],[-0.66483,42.9322],[-0.66477,42.93189],[-0.66454,42.93165],[-0.66333,42.93078],[-0.66196,42.92994],[-0.65974,42.92799],[-0.659,42.92752],[-0.6589,42.92729],[-0.65897,42.92718],[-0.65917,42.92713],[-0.66007,42.9273],[-0.66055,42.92721],[-0.66017,42.92637],[-0.66018,42.92602],[-0.66246,42.92442],[-0.66261,42.92415],[-0.66283,42.92341],[-0.66325,42.92295],[-0.66514,42.9222],[-0.66589,42.92172],[-0.66612,42.9214],[-0.66634,42.92082],[-0.66665,42.92057]],[[-0.59778,42.94609],[-0.59719,42.94556],[-0.59686,42.94503],[-0.59613,42.94468],[-0.5958,42.94464],[-0.59448,42.94478],[-0.59329,42.94525],[-0.59222,42.94538],[-0.59111,42.94577],[-0.59008,42.94583],[-0.58925,42.94609]],[[-0.58562,42.94609],[-0.58551,42.94563],[-0.58538,42.94542],[-0.58503,42.94511],[-0.58439,42.9447],[-0.58314,42.94414],[-0.58189,42.94448],[-0.58134,42.94376],[-0.58104,42.94361],[-0.57912,42.94304],[-0.57866,42.94246],[-0.57771,42.94274],[-0.5767,42.94274],[-0.5758,42.9425],[-0.57525,42.94215],[-0.57452,42.94205],[-0.57417,42.94191],[-0.57388,42.94163],[-0.57376,42.94134],[-0.5742,42.94086],[-0.5742,42.94048],[-0.5746,42.93989],[-0.57493,42.93902],[-0.57494,42.93715],[-0.57483,42.93683],[-0.57451,42.93635],[-0.57387,42.93553],[-0.57332,42.93518],[-0.5724,42.93485],[-0.57027,42.93445],[-0.57009,42.93411],[-0.56948,42.93395],[-0.56858,42.93387],[-0.56802,42.93359],[-0.56817,42.93334],[-0.56858,42.93302],[-0.5688,42.93271],[-0.56915,42.93192],[-0.56929,42.93077],[-0.56972,42.93038],[-0.56997,42.92996],[-0.57025,42.9297],[-0.57257,42.92937],[-0.574,42.92856],[-0.57438,42.92829],[-0.57462,42.92794],[-0.57461,42.9277],[-0.57438,42.92724],[-0.57424,42.92673],[-0.57426,42.92628],[-0.57406,42.92585],[-0.57417,42.92551],[-0.57386,42.92503],[-0.57247,42.92424],[-0.57122,42.92418],[-0.57045,42.92406],[-0.57017,42.92393],[-0.56995,42.92361],[-0.57031,42.9228],[-0.57066,42.92228],[-0.5714,42.92166],[-0.57157,42.92138],[-0.57157,42.9211],[-0.57122,42.92022],[-0.57094,42.92016],[-0.56962,42.92042],[-0.5684,42.92051],[-0.56781,42.92044],[-0.56746,42.92029],[-0.56731,42.91996],[-0.56717,42.91986],[-0.56587,42.91958],[-0.5651,42.91919],[-0.56473,42.91886],[-0.56375,42.91873],[-0.56279,42.91802],[-0.56166,42.91772],[-0.56029,42.91689],[-0.55931,42.91684],[-0.55885,42.91663],[-0.55859,42.91664],[-0.55816,42.91682],[-0.55771,42.91677],[-0.55674,42.91643],[-0.55529,42.91608],[-0.55441,42.9156],[-0.55218,42.91521],[-0.55111,42.91469],[-0.55045,42.91414],[-0.5499,42.91393],[-0.54849,42.91384],[-0.54853,42.91358],[-0.54899,42.91341],[-0.54942,42.91302],[-0.55026,42.91247],[-0.55087,42.91222],[-0.55355,42.9119],[-0.55486,42.91162],[-0.55601,42.91183],[-0.56267,42.91132],[-0.56313,42.9111],[-0.56356,42.91048],[-0.56371,42.91013],[-0.56388,42.9083],[-0.56263,42.90686],[-0.56228,42.90607],[-0.56104,42.90539],[-0.56044,42.90494],[-0.5603,42.90461],[-0.56032,42.90385],[-0.56019,42.90312],[-0.55998,42.90247],[-0.55933,42.90191],[-0.5593,42.90166],[-0.55943,42.90131],[-0.5589,42.90048],[-0.55863,42.89969],[-0.55826,42.89943],[-0.55736,42.89942],[-0.55717,42.89919],[-0.55788,42.89721],[-0.55791,42.89669],[-0.55808,42.89603],[-0.55836,42.89557],[-0.55866,42.89531],[-0.55871,42.89513],[-0.55862,42.89387],[-0.55842,42.89294],[-0.55828,42.89255],[-0.5576,42.89166],[-0.55751,42.89117],[-0.55775,42.8908],[-0.55891,42.88979],[-0.55948,42.88916],[-0.55963,42.88867],[-0.55954,42.88835],[-0.55906,42.88825],[-0.55712,42.88857],[-0.55611,42.88839],[-0.55531,42.88839],[-0.55427,42.88826],[-0.5533,42.88839],[-0.55271,42.88837],[-0.54983,42.88785],[-0.5495,42.88773],[-0.54925,42.88752],[-0.54929,42.88741],[-0.54952,42.88729],[-0.55059,42.88702],[-0.55326,42.88696],[-0.55463,42.8866],[-0.55616,42.88638],[-0.55717,42.88613],[-0.55778,42.88583],[-0.55807,42.88555],[-0.55893,42.88506],[-0.55912,42.88486],[-0.55922,42.8844],[-0.5591,42.88395],[-0.55888,42.88358],[-0.55829,42.88311],[-0.55721,42.88275],[-0.5555,42.88253],[-0.55456,42.8822]],[[-0.56767,42.8822],[-0.56719,42.88328],[-0.56664,42.88345],[-0.56643,42.88362],[-0.56637,42.88441],[-0.56593,42.88485],[-0.56583,42.88527],[-0.56601,42.88638],[-0.56641,42.88721],[-0.56627,42.88804],[-0.56712,42.88905],[-0.5677,42.89026],[-0.5682,42.89068],[-0.57034,42.89192],[-0.57048,42.89218],[-0.57049,42.8926],[-0.57072,42.89332],[-0.5711,42.89386],[-0.571,42.89448],[-0.57133,42.89484],[-0.57184,42.89511],[-0.57215,42.89513],[-0.57277,42.89494],[-0.57347,42.89485],[-0.57476,42.89482],[-0.57585,42.89444],[-0.57637,42.89411],[-0.57736,42.89364],[-0.57754,42.89368],[-0.57764,42.89392],[-0.57754,42.89438],[-0.57721,42.89491],[-0.57691,42.89514],[-0.576,42.89552],[-0.57581,42.89574],[-0.57562,42.89621],[-0.5758,42.89666],[-0.57671,42.89743],[-0.57729,42.89824],[-0.57725,42.89862],[-0.57687,42.89912],[-0.57693,42.8997],[-0.57721,42.89997],[-0.57786,42.90026],[-0.57807,42.90051],[-0.57802,42.90081],[-0.57823,42.90096],[-0.57919,42.90126],[-0.58087,42.9023],[-0.58102,42.9025],[-0.58099,42.90287],[-0.58108,42.90334],[-0.58145,42.90392],[-0.58219,42.9045],[-0.58306,42.90497],[-0.58337,42.90522],[-0.58343,42.90555],[-0.5836,42.9058],[-0.58445,42.90663],[-0.58524,42.90694],[-0.58613,42.90744],[-0.58594,42.90755],[-0.58497,42.90775],[-0.5842,42.90839],[-0.584,42.90888],[-0.5839,42.90973],[-0.58294,42.91121],[-0.58298,42.9122],[-0.58335,42.91235],[-0.58346,42.91249],[-0.58298,42.91327],[-0.58291,42.91357],[-0.58303,42.91387],[-0.58427,42.91464],[-0.58465,42.91499],[-0.5848,42.91531],[-0.5847,42.91581],[-0.58562,42.91624],[-0.58637,42.9168],[-0.58653,42.91701],[-0.5865,42.9173],[-0.58632,42.91746],[-0.58567,42.91776],[-0.58545,42.91822],[-0.58552,42.91917],[-0.58561,42.91942],[-0.58532,42.91996],[-0.58525,42.92052],[-0.58554,42.92136],[-0.58543,42.92194],[-0.58548,42.92239],[-0.58557,42.92279],[-0.58634,42.92389],[-0.58724,42.9247],[-0.58785,42.92497],[-0.58799,42.92513],[-0.58805,42.92526],[-0.58776,42.92609],[-0.58795,42.92638],[-0.58859,42.92705],[-0.58917,42.92738],[-0.58971,42.92749],[-0.59158,42.92748],[-0.5929,42.928],[-0.59335,42.92855],[-0.59339,42.92892],[-0.59353,42.92918],[-0.59411,42.92953],[-0.59478,42.93019],[-0.59644,42.93109],[-0.59664,42.93139],[-0.59678,42.93193],[-0.59696,42.93218],[-0.59776,42.93248],[-0.59833,42.93259],[-0.59896,42.93295],[-0.60042,42.933],[-0.60236,42.93259],[-0.6031,42.93282],[-0.60363,42.93276],[-0.60441,42.93255],[-0.60527,42.93273],[-0.60635,42.9336],[-0.60692,42.93387],[-0.60709,42.93413],[-0.60714,42.93446],[-0.60734,42.93472],[-0.60911,42.93611],[-0.61029,42.93718],[-0.61084,42.93746],[-0.61112,42.93751],[-0.61125,42.93732],[-0.61137,42.93664],[-0.61134,42.93641],[-0.6111,42.9358],[-0.61064,42.93524],[-0.61032,42.93459],[-0.60996,42.93309],[-0.61013,42.93274],[-0.61088,42.93216],[-0.61118,42.93096],[-0.6111,42.92996],[-0.61015,42.92777],[-0.61027,42.92747],[-0.61018,42.92689],[-0.61054,42.92661],[-0.61109,42.92636],[-0.61129,42.92607],[-0.61081,42.9247],[-0.6108,42.92413],[-0.61138,42.92367],[-0.61168,42.92332],[-0.61221,42.92296],[-0.61271,42.92243],[-0.61368,42.92234],[-0.61415,42.92219],[-0.61465,42.92124],[-0.61469,42.92052],[-0.61478,42.92032],[-0.61499,42.92013],[-0.61529,42.92036],[-0.61547,42.9196],[-0.61587,42.91919],[-0.61572,42.91886],[-0.61602,42.91853],[-0.61598,42.91767],[-0.61616,42.91719],[-0.61667,42.91642],[-0.61831,42.91524],[-0.61851,42.91469],[-0.61903,42.91425],[-0.61943,42.91431],[-0.61969,42.91405],[-0.62004,42.91394],[-0.62048,42.914],[-0.62067,42.91414],[-0.62084,42.9144],[-0.62085,42.91491],[-0.62123,42.91575],[-0.622,42.91657],[-0.62215,42.91683],[-0.62237,42.91858],[-0.62278,42.91886],[-0.62359,42.9197],[-0.62377,42.92024],[-0.62375,42.92065],[-0.62408,42.9211],[-0.62416,42.92136],[-0.62401,42.92165],[-0.62417,42.92191],[-0.62416,42.92249],[-0.62375,42.92334],[-0.62362,42.92423],[-0.62376,42.92524],[-0.62377,42.92606],[-0.62384,42.92618],[-0.62399,42.92621],[-0.62528,42.92594],[-0.62703,42.92526],[-0.62938,42.92467],[-0.63003,42.92483],[-0.63115,42.92426],[-0.63225,42.92388],[-0.63274,42.92349],[-0.63356,42.92302],[-0.63399,42.92293],[-0.63483,42.92259],[-0.6361,42.92248],[-0.63729,42.92206],[-0.63801,42.92191],[-0.63861,42.92161],[-0.63955,42.92151],[-0.64079,42.9208],[-0.64231,42.92029],[-0.64303,42.91969],[-0.64344,42.9195],[-0.64372,42.91951],[-0.64406,42.91968],[-0.6437,42.91994],[-0.64358,42.92026],[-0.64439,42.92042],[-0.64462,42.92057],[-0.64507,42.92065],[-0.64562,42.92054],[-0.64623,42.91996],[-0.64708,42.91965],[-0.64947,42.91944],[-0.65004,42.91916],[-0.65019,42.91881],[-0.65052,42.91857],[-0.65122,42.91837],[-0.65233,42.91829],[-0.65271,42.91832],[-0.6532,42.91852],[-0.65386,42.91842],[-0.65424,42.91849],[-0.65549,42.91816],[-0.65693,42.91801],[-0.65721,42.91803],[-0.65752,42.91828],[-0.65777,42.91832],[-0.65823,42.9179],[-0.65893,42.91777],[-0.65972,42.91722],[-0.66096,42.91663],[-0.66219,42.91621],[-0.66288,42.91635],[-0.66329,42.91626],[-0.66347,42.91596],[-0.66359,42.91469],[-0.66438,42.91381],[-0.6652,42.91329],[-0.66665,42.91308]],[[-0.61998,42.92695],[-0.62001,42.92678],[-0.61992,42.92668],[-0.61974,42.9267],[-0.61963,42.92687],[-0.61968,42.92695],[-0.61998,42.92695]],[[-0.61859,42.92642],[-0.61887,42.92605],[-0.61927,42.92603],[-0.61976,42.92624],[-0.62,42.92625],[-0.62139,42.92564],[-0.62225,42.92543],[-0.62239,42.92523],[-0.62247,42.9244],[-0.62304,42.92303],[-0.62339,42.92248],[-0.62336,42.92219],[-0.62295,42.92229],[-0.62219,42.92226],[-0.62139,42.92277],[-0.62077,42.92299],[-0.62078,42.92336],[-0.62053,42.92438],[-0.61969,42.92497],[-0.61906,42.92513],[-0.6183,42.92495],[-0.61769,42.92496],[-0.61762,42.92527],[-0.61786,42.92577],[-0.61792,42.9261],[-0.61859,42.92642]]]}},{"type":"Feature","properties":{"ele":1010},"geometry":{"type":"MultiLineString","coordinates":[[[-0.63826,42.94609],[-0.63763,42.94581],[-0.63571,42.94526],[-0.63365,42.9452],[-0.63302,42.9451],[-0.63191,42.94554],[-0.63115,42.94573],[-0.63042,42.9458],[-0.62979,42.94568],[-0.62856,42.94519],[-0.62778,42.94515],[-0.62691,42.94494],[-0.62597,42.9451],[-0.62473,42.94555],[-0.62392,42.94593],[-0.62358,42.94593],[-0.62325,42.94579],[-0.62476,42.94338],[-0.62493,42.94329],[-0.62563,42.94326],[-0.62638,42.94303],[-0.62678,42.94283],[-0.62706,42.94252],[-0.62746,42.9419],[-0.62764,42.94136],[-0.62796,42.94083],[-0.62838,42.93913],[-0.62878,42.93867],[-0.62895,42.93822],[-0.62942,42.93744],[-0.63003,42.93801],[-0.63163,42.93845],[-0.63303,42.93859],[-0.63441,42.93844],[-0.63531,42.93856],[-0.63622,42.93854],[-0.63778,42.93914],[-0.63879,42.93924],[-0.63945,42.93918],[-0.64014,42.9388],[-0.64111,42.93862],[-0.64218,42.93787],[-0.64226,42.93774],[-0.64222,42.93748],[-0.6419,42.93718],[-0.64207,42.93636],[-0.64263,42.93572],[-0.64291,42.93514],[-0.64333,42.93473],[-0.64393,42.93442],[-0.644,42.93415],[-0.64695,42.93375],[-0.64779,42.93341],[-0.64835,42.93298],[-0.64956,42.93274],[-0.64985,42.9325],[-0.64992,42.93216],[-0.65038,42.93201],[-0.65132,42.93201],[-0.65233,42.93216],[-0.65545,42.93313],[-0.65576,42.933],[-0.65568,42.9325],[-0.65582,42.93233],[-0.65674,42.93256],[-0.6574,42.93235],[-0.65776,42.93248],[-0.65863,42.93245],[-0.6608,42.93361],[-0.66191,42.93379],[-0.66307,42.93413],[-0.66319,42.93445],[-0.66389,42.93449],[-0.66438,42.93464],[-0.66482,42.93448],[-0.66495,42.93409],[-0.6655,42.93375],[-0.66625,42.9335],[-0.66665,42.93345]],[[-0.59736,42.94609],[-0.59671,42.94533],[-0.59645,42.94516],[-0.59584,42.94494],[-0.59504,42.94491],[-0.59443,42.94498],[-0.59351,42.94536],[-0.59235,42.94552],[-0.59118,42.94595],[-0.59017,42.94609]],[[-0.58514,42.94609],[-0.58498,42.94554],[-0.58469,42.94529],[-0.58414,42.94492],[-0.58313,42.94448],[-0.58274,42.9445],[-0.58194,42.94483],[-0.58171,42.94484],[-0.58158,42.94474],[-0.58118,42.94407],[-0.58084,42.94385],[-0.5791,42.9434],[-0.57831,42.94302],[-0.57712,42.94305],[-0.5759,42.9429],[-0.57551,42.94276],[-0.57501,42.94241],[-0.57427,42.94232],[-0.57388,42.94215],[-0.5736,42.94192],[-0.57325,42.94136],[-0.57376,42.94085],[-0.57381,42.94052],[-0.57409,42.94003],[-0.57416,42.93945],[-0.57445,42.93918],[-0.5746,42.93885],[-0.57458,42.93718],[-0.57448,42.93689],[-0.57415,42.93641],[-0.5733,42.93556],[-0.57252,42.9352],[-0.56948,42.93453],[-0.56851,42.93453],[-0.56804,42.93442],[-0.56799,42.93414],[-0.56746,42.93361],[-0.5674,42.9333],[-0.56821,42.93305],[-0.56858,42.93268],[-0.56896,42.93189],[-0.56903,42.93072],[-0.56914,42.93052],[-0.5695,42.93028],[-0.56983,42.92969],[-0.5705,42.92941],[-0.57156,42.92939],[-0.5724,42.92914],[-0.57372,42.92845],[-0.57415,42.92803],[-0.57416,42.92773],[-0.57372,42.92662],[-0.57372,42.92614],[-0.57364,42.92579],[-0.57369,42.92548],[-0.57362,42.92524],[-0.57278,42.92479],[-0.57222,42.92458],[-0.57125,42.92453],[-0.57,42.92428],[-0.56969,42.92415],[-0.56943,42.92387],[-0.56942,42.92357],[-0.56973,42.92301],[-0.57057,42.92196],[-0.57133,42.92137],[-0.57139,42.9211],[-0.57133,42.92102],[-0.57111,42.92087],[-0.57074,42.92087],[-0.57042,42.92058],[-0.5684,42.92077],[-0.56721,42.92053],[-0.56691,42.92018],[-0.5658,42.91989],[-0.56436,42.91919],[-0.56415,42.91913],[-0.56352,42.91915],[-0.56273,42.91834],[-0.5621,42.91802],[-0.56056,42.91758],[-0.55525,42.9164],[-0.55419,42.91579],[-0.55198,42.91538],[-0.55026,42.91442],[-0.54955,42.9142],[-0.54833,42.91407],[-0.54802,42.91395],[-0.5479,42.91383],[-0.54786,42.91365],[-0.54792,42.91354],[-0.54886,42.9133],[-0.54946,42.91277],[-0.55029,42.91226],[-0.55083,42.91206],[-0.55184,42.91187],[-0.55356,42.91168],[-0.55497,42.91124],[-0.55523,42.91128],[-0.5557,42.91151],[-0.55604,42.91155],[-0.5624,42.91117],[-0.56276,42.91106],[-0.56334,42.91021],[-0.56347,42.90827],[-0.56221,42.90692],[-0.56162,42.90611],[-0.56035,42.90547],[-0.56004,42.90525],[-0.55989,42.90468],[-0.55994,42.90385],[-0.55861,42.90187],[-0.55804,42.90053],[-0.558,42.90025],[-0.55806,42.89997],[-0.558,42.89979],[-0.55786,42.89969],[-0.55702,42.8996],[-0.55679,42.89936],[-0.55702,42.89861],[-0.55726,42.89827],[-0.55759,42.89694],[-0.55772,42.89605],[-0.55803,42.89551],[-0.55833,42.89518],[-0.55844,42.89489],[-0.55842,42.89402],[-0.55825,42.89308],[-0.55806,42.89273],[-0.5574,42.89194],[-0.55715,42.89136],[-0.5571,42.89105],[-0.55723,42.89083],[-0.55776,42.89053],[-0.559,42.88949],[-0.55924,42.88911],[-0.55931,42.88855],[-0.55906,42.88841],[-0.55701,42.88871],[-0.55424,42.88836],[-0.55323,42.88847],[-0.55219,42.8884],[-0.54968,42.88799],[-0.54916,42.88775],[-0.54897,42.88752],[-0.54897,42.88739],[-0.5491,42.88721],[-0.54934,42.88714],[-0.55129,42.88688],[-0.55316,42.88688],[-0.55465,42.88644],[-0.55532,42.88637],[-0.55712,42.88597],[-0.55748,42.88581],[-0.55864,42.885],[-0.55889,42.88471],[-0.55899,42.88426],[-0.55885,42.88387],[-0.55861,42.88357],[-0.55778,42.88306],[-0.55708,42.88288],[-0.55542,42.88264],[-0.55416,42.8822]],[[-0.56807,42.8822],[-0.56785,42.88253],[-0.56759,42.88331],[-0.56667,42.88361],[-0.56658,42.88385],[-0.5666,42.88437],[-0.56608,42.88495],[-0.56605,42.8852],[-0.56622,42.88617],[-0.56677,42.88722],[-0.56678,42.88812],[-0.56737,42.88909],[-0.56776,42.88998],[-0.56832,42.89053],[-0.56967,42.89128],[-0.5706,42.89192],[-0.57074,42.89218],[-0.57081,42.89276],[-0.57144,42.89402],[-0.57133,42.89448],[-0.57147,42.8947],[-0.5719,42.895],[-0.57223,42.89501],[-0.57359,42.89468],[-0.57473,42.89466],[-0.57544,42.89442],[-0.57613,42.89391],[-0.57743,42.89329],[-0.57795,42.89313],[-0.57813,42.89319],[-0.57826,42.8934],[-0.57826,42.8936],[-0.5775,42.89527],[-0.57709,42.89554],[-0.57616,42.89581],[-0.57603,42.89605],[-0.57613,42.89635],[-0.57633,42.89663],[-0.57666,42.89691],[-0.57722,42.89763],[-0.57777,42.89803],[-0.57778,42.89831],[-0.5777,42.89852],[-0.57714,42.8993],[-0.57718,42.8997],[-0.5781,42.90005],[-0.57838,42.90032],[-0.57859,42.90081],[-0.57945,42.90107],[-0.58021,42.90164],[-0.58132,42.90218],[-0.58138,42.90245],[-0.58133,42.90279],[-0.58143,42.90326],[-0.58176,42.90383],[-0.58221,42.90425],[-0.58359,42.90502],[-0.58381,42.90524],[-0.58386,42.90554],[-0.58408,42.90584],[-0.58488,42.90648],[-0.58588,42.9069],[-0.58663,42.90701],[-0.58683,42.90716],[-0.58666,42.90747],[-0.5864,42.90764],[-0.58597,42.90781],[-0.58519,42.90796],[-0.58472,42.90833],[-0.58444,42.90889],[-0.58434,42.90968],[-0.58418,42.91014],[-0.58359,42.91081],[-0.58354,42.91103],[-0.58361,42.91134],[-0.58395,42.91161],[-0.58407,42.91198],[-0.58423,42.91219],[-0.58422,42.91243],[-0.58364,42.91282],[-0.58328,42.91327],[-0.58325,42.9135],[-0.58328,42.91362],[-0.58354,42.91389],[-0.585,42.91482],[-0.58519,42.9151],[-0.58544,42.91583],[-0.5867,42.91662],[-0.58702,42.91691],[-0.58701,42.91749],[-0.58628,42.91776],[-0.58597,42.91825],[-0.58613,42.91856],[-0.58616,42.91884],[-0.58606,42.91918],[-0.58603,42.91967],[-0.58577,42.91997],[-0.58566,42.92034],[-0.58568,42.92072],[-0.58587,42.92145],[-0.58574,42.92195],[-0.58577,42.92245],[-0.58587,42.92279],[-0.58664,42.92387],[-0.58747,42.92471],[-0.58804,42.92488],[-0.58822,42.92501],[-0.58832,42.92525],[-0.58809,42.92583],[-0.58814,42.92616],[-0.58881,42.92692],[-0.58939,42.92721],[-0.59011,42.92734],[-0.5917,42.9274],[-0.59322,42.92802],[-0.59354,42.92836],[-0.59387,42.92911],[-0.59435,42.92942],[-0.59476,42.92995],[-0.59523,42.93027],[-0.59671,42.93101],[-0.59687,42.93131],[-0.59698,42.93188],[-0.59729,42.93216],[-0.59833,42.93242],[-0.59909,42.93277],[-0.60017,42.93282],[-0.60233,42.9324],[-0.60323,42.93263],[-0.60365,42.93258],[-0.60438,42.93232],[-0.6053,42.93246],[-0.60609,42.9331],[-0.60723,42.93383],[-0.60744,42.93412],[-0.60748,42.93443],[-0.60769,42.93474],[-0.60841,42.93522],[-0.60994,42.9365],[-0.6107,42.93699],[-0.61086,42.937],[-0.61099,42.93686],[-0.6111,42.93665],[-0.61107,42.93638],[-0.61081,42.93581],[-0.61029,42.93518],[-0.60973,42.93308],[-0.60986,42.9327],[-0.61073,42.93186],[-0.61084,42.93112],[-0.61081,42.93056],[-0.61069,42.93003],[-0.61032,42.92912],[-0.60965,42.92785],[-0.60976,42.92721],[-0.60952,42.9267],[-0.60964,42.92654],[-0.61054,42.92609],[-0.61072,42.92579],[-0.61033,42.92461],[-0.61022,42.92392],[-0.61026,42.92358],[-0.61135,42.92267],[-0.61186,42.92187],[-0.61233,42.92181],[-0.61333,42.92203],[-0.61366,42.92198],[-0.61387,42.92184],[-0.61416,42.92108],[-0.61387,42.92025],[-0.61384,42.91991],[-0.61414,42.91913],[-0.61475,42.91839],[-0.6147,42.91775],[-0.61554,42.91664],[-0.6158,42.91534],[-0.61614,42.91511],[-0.61698,42.91393],[-0.61705,42.91333],[-0.61717,42.913],[-0.61749,42.91276],[-0.6177,42.91242],[-0.61832,42.91182],[-0.61926,42.91058],[-0.61922,42.91017],[-0.61929,42.90972],[-0.61941,42.9095],[-0.6197,42.90914],[-0.62055,42.90889],[-0.62079,42.90873],[-0.62092,42.90861],[-0.62095,42.90834],[-0.62104,42.90824],[-0.62164,42.90844],[-0.62177,42.90899],[-0.62166,42.90943],[-0.62132,42.91003],[-0.62117,42.91107],[-0.62122,42.91189],[-0.62057,42.91277],[-0.6205,42.91305],[-0.62072,42.91337],[-0.62217,42.91425],[-0.62258,42.91468],[-0.62258,42.9153],[-0.62284,42.9169],[-0.62269,42.91774],[-0.62274,42.91831],[-0.62284,42.91855],[-0.62357,42.91917],[-0.62531,42.92017],[-0.6257,42.92056],[-0.62561,42.92085],[-0.62486,42.92204],[-0.62485,42.92228],[-0.62503,42.92297],[-0.62492,42.92331],[-0.62499,42.92359],[-0.62436,42.92409],[-0.62412,42.92439],[-0.62428,42.92555],[-0.62444,42.92581],[-0.62545,42.92569],[-0.62665,42.9252],[-0.62774,42.92497],[-0.62855,42.9247],[-0.62931,42.92435],[-0.62979,42.92428],[-0.63129,42.92385],[-0.6318,42.92361],[-0.63224,42.92306],[-0.63281,42.92276],[-0.63382,42.9226],[-0.63479,42.92221],[-0.63552,42.92207],[-0.63748,42.92136],[-0.63934,42.92106],[-0.63962,42.9208],[-0.64029,42.92054],[-0.64071,42.92021],[-0.64239,42.91971],[-0.64307,42.91918],[-0.64354,42.91899],[-0.64552,42.91899],[-0.64757,42.91938],[-0.64913,42.91891],[-0.64919,42.91886],[-0.64908,42.91857],[-0.6493,42.91837],[-0.65053,42.91775],[-0.6516,42.91785],[-0.65524,42.91775],[-0.65721,42.91721],[-0.65775,42.91686],[-0.65829,42.91664],[-0.65917,42.91654],[-0.66035,42.91619],[-0.66158,42.91604],[-0.66197,42.91585],[-0.66243,42.91547],[-0.66309,42.91541],[-0.66328,42.91506],[-0.66328,42.91466],[-0.66363,42.91416],[-0.66443,42.91346],[-0.66507,42.9131],[-0.66631,42.91275],[-0.66665,42.91246]],[[-0.66665,42.93281],[-0.66604,42.93248],[-0.66582,42.9322],[-0.66332,42.93034],[-0.66205,42.92951],[-0.66164,42.92915],[-0.66119,42.9284],[-0.66116,42.92819],[-0.66128,42.92763],[-0.66066,42.92649],[-0.66061,42.92624],[-0.66078,42.92596],[-0.66241,42.92491],[-0.66371,42.9239],[-0.66417,42.92317],[-0.66478,42.92277],[-0.66536,42.92254],[-0.66606,42.92215],[-0.66665,42.9216]],[[-0.64526,42.91972],[-0.64527,42.91967],[-0.64504,42.91961],[-0.64482,42.91969],[-0.64498,42.91979],[-0.64526,42.91972]]]}},{"type":"Feature","properties":{"ele":1020},"geometry":{"type":"MultiLineString","coordinates":[[[-0.63856,42.94609],[-0.63677,42.94542],[-0.63559,42.94513],[-0.63368,42.94506],[-0.63303,42.94496],[-0.63143,42.94555],[-0.63042,42.94568],[-0.6297,42.94553],[-0.62854,42.94505],[-0.6278,42.94501],[-0.62743,42.94486],[-0.62695,42.94481],[-0.62609,42.94494],[-0.62458,42.94549],[-0.62392,42.94583],[-0.62354,42.94578],[-0.62362,42.94555],[-0.62388,42.94526],[-0.62468,42.94382],[-0.62491,42.94354],[-0.62671,42.94304],[-0.62713,42.94267],[-0.6276,42.94189],[-0.62777,42.94137],[-0.62813,42.94081],[-0.62852,42.93913],[-0.62887,42.93886],[-0.62912,42.93817],[-0.62943,42.93771],[-0.62976,42.93803],[-0.63156,42.93856],[-0.63309,42.9387],[-0.63447,42.93857],[-0.63535,42.9388],[-0.63644,42.93884],[-0.63781,42.93931],[-0.63879,42.93938],[-0.63948,42.93931],[-0.64021,42.93899],[-0.64107,42.93882],[-0.64215,42.93827],[-0.64245,42.93801],[-0.64256,42.93776],[-0.64256,42.93751],[-0.64249,42.93737],[-0.64218,42.93721],[-0.64218,42.93662],[-0.64234,42.93632],[-0.64277,42.93584],[-0.64308,42.93528],[-0.64336,42.93503],[-0.64462,42.9346],[-0.6456,42.93443],[-0.64572,42.93412],[-0.64695,42.93396],[-0.64804,42.93359],[-0.64886,42.93302],[-0.64948,42.93294],[-0.65076,42.93302],[-0.65109,42.93296],[-0.6512,42.93274],[-0.65045,42.9325],[-0.65048,42.93238],[-0.65066,42.93229],[-0.65125,42.93231],[-0.65205,42.93254],[-0.65355,42.93277],[-0.65629,42.93373],[-0.65666,42.9336],[-0.65636,42.93304],[-0.65644,42.93294],[-0.65674,42.93294],[-0.65743,42.93314],[-0.65775,42.93333],[-0.65809,42.93336],[-0.65841,42.93331],[-0.65884,42.93298],[-0.65914,42.93299],[-0.66076,42.93379],[-0.66194,42.93414],[-0.66196,42.93436],[-0.66206,42.93446],[-0.66337,42.93488],[-0.66427,42.93503],[-0.66446,42.93502],[-0.66524,42.93468],[-0.66549,42.93443],[-0.66554,42.93414],[-0.66665,42.93385]],[[-0.59717,42.94609],[-0.59667,42.94551],[-0.59634,42.94527],[-0.59576,42.94508],[-0.59493,42.94501],[-0.59451,42.94507],[-0.59361,42.94543],[-0.59264,42.94553],[-0.59099,42.94609]],[[-0.58494,42.94609],[-0.58491,42.94579],[-0.58471,42.94551],[-0.58393,42.94496],[-0.5831,42.94464],[-0.58264,42.94465],[-0.58195,42.94501],[-0.58164,42.94504],[-0.58106,42.94419],[-0.58073,42.94399],[-0.57872,42.94351],[-0.57798,42.94319],[-0.57695,42.94319],[-0.57582,42.94304],[-0.5749,42.94253],[-0.57391,42.94247],[-0.57352,42.94227],[-0.57329,42.94202],[-0.57316,42.94161],[-0.57298,42.94136],[-0.57347,42.94086],[-0.57353,42.9405],[-0.57382,42.94006],[-0.57387,42.93942],[-0.57432,42.9385],[-0.57442,42.93798],[-0.5744,42.93728],[-0.57413,42.93665],[-0.57333,42.93579],[-0.57247,42.93533],[-0.56945,42.93467],[-0.5684,42.93466],[-0.56792,42.93456],[-0.56772,42.93445],[-0.56764,42.93411],[-0.56722,42.93357],[-0.56713,42.93327],[-0.56803,42.93303],[-0.56859,42.93247],[-0.56888,42.93192],[-0.56886,42.93079],[-0.56904,42.93052],[-0.5694,42.93023],[-0.56967,42.92966],[-0.57045,42.92932],[-0.57153,42.92927],[-0.57217,42.92909],[-0.57363,42.92837],[-0.57395,42.92802],[-0.57393,42.92769],[-0.57353,42.92669],[-0.57354,42.92621],[-0.5734,42.92583],[-0.57341,42.9255],[-0.57326,42.92527],[-0.57277,42.92497],[-0.57222,42.92477],[-0.57131,42.92471],[-0.56979,42.92437],[-0.56941,42.92416],[-0.56914,42.92387],[-0.56924,42.92346],[-0.56951,42.92299],[-0.57044,42.9219],[-0.57115,42.9214],[-0.57115,42.92105],[-0.57081,42.92113],[-0.57056,42.92108],[-0.57031,42.92078],[-0.57004,42.92071],[-0.56844,42.92086],[-0.56722,42.92064],[-0.56693,42.92053],[-0.56662,42.92026],[-0.56561,42.91998],[-0.56424,42.91935],[-0.56335,42.91933],[-0.56305,42.91885],[-0.56277,42.91858],[-0.56245,42.91833],[-0.56186,42.91804],[-0.55986,42.91766],[-0.557,42.91688],[-0.55528,42.91656],[-0.55406,42.91588],[-0.55188,42.91545],[-0.55017,42.91456],[-0.54941,42.91434],[-0.54806,42.91413],[-0.54774,42.9139],[-0.54767,42.91362],[-0.54777,42.91346],[-0.54869,42.91325],[-0.54935,42.91273],[-0.55028,42.91216],[-0.55163,42.91177],[-0.55337,42.91158],[-0.55498,42.91105],[-0.55526,42.91108],[-0.55579,42.91138],[-0.55615,42.9114],[-0.56229,42.9111],[-0.56278,42.91084],[-0.56318,42.91013],[-0.5632,42.90902],[-0.56334,42.90829],[-0.56127,42.90613],[-0.56001,42.90552],[-0.55987,42.90536],[-0.55968,42.90496],[-0.55962,42.90385],[-0.55837,42.9019],[-0.55779,42.90073],[-0.55768,42.89998],[-0.55746,42.89986],[-0.55674,42.8997],[-0.55661,42.89948],[-0.55664,42.89911],[-0.55686,42.89858],[-0.55712,42.89822],[-0.55748,42.8969],[-0.5576,42.89603],[-0.558,42.89527],[-0.55829,42.89496],[-0.55832,42.89479],[-0.55832,42.89411],[-0.55813,42.89306],[-0.55739,42.89219],[-0.55688,42.89116],[-0.55687,42.89102],[-0.55696,42.89082],[-0.55753,42.89057],[-0.55892,42.88948],[-0.55913,42.88909],[-0.55911,42.88864],[-0.55895,42.88857],[-0.55837,42.88855],[-0.55698,42.88878],[-0.5542,42.88842],[-0.55323,42.8885],[-0.55198,42.88842],[-0.54968,42.88809],[-0.54909,42.88781],[-0.54876,42.88747],[-0.5488,42.88719],[-0.54917,42.88708],[-0.55136,42.88683],[-0.55313,42.88684],[-0.5547,42.88635],[-0.55712,42.88589],[-0.55848,42.885],[-0.55877,42.88464],[-0.55888,42.88415],[-0.55873,42.88386],[-0.55852,42.88365],[-0.55777,42.88317],[-0.55721,42.88298],[-0.55524,42.88267],[-0.55394,42.8822]],[[-0.5682,42.8822],[-0.56795,42.88257],[-0.56779,42.88332],[-0.56691,42.88358],[-0.56673,42.88378],[-0.5667,42.88446],[-0.56628,42.88496],[-0.5662,42.8853],[-0.56641,42.88629],[-0.56696,42.88717],[-0.56691,42.88802],[-0.56699,42.88827],[-0.56747,42.88905],[-0.56795,42.89006],[-0.56839,42.89046],[-0.56973,42.89121],[-0.57075,42.89194],[-0.57089,42.89218],[-0.57095,42.89273],[-0.57166,42.89414],[-0.57154,42.89437],[-0.57156,42.89454],[-0.57164,42.8947],[-0.57201,42.89493],[-0.57226,42.89494],[-0.57361,42.89459],[-0.57448,42.89458],[-0.57514,42.89443],[-0.57594,42.89384],[-0.57779,42.89304],[-0.57821,42.89273],[-0.57851,42.89266],[-0.5787,42.89271],[-0.57872,42.89279],[-0.57846,42.89322],[-0.57845,42.89371],[-0.57776,42.8953],[-0.57749,42.89559],[-0.57649,42.89588],[-0.57625,42.89609],[-0.57629,42.89636],[-0.57646,42.89659],[-0.57722,42.89746],[-0.57789,42.89798],[-0.57805,42.8983],[-0.57771,42.89881],[-0.57734,42.8992],[-0.57727,42.89937],[-0.57731,42.89954],[-0.57746,42.89971],[-0.57811,42.89987],[-0.57857,42.90025],[-0.57888,42.90066],[-0.57967,42.90101],[-0.58009,42.90139],[-0.58153,42.90216],[-0.58159,42.90232],[-0.58152,42.9028],[-0.58161,42.90329],[-0.58196,42.90382],[-0.58226,42.90415],[-0.58326,42.90474],[-0.58384,42.90499],[-0.58425,42.90575],[-0.58498,42.90637],[-0.58608,42.90679],[-0.58727,42.90692],[-0.58691,42.90746],[-0.5866,42.90769],[-0.58604,42.90793],[-0.58532,42.90805],[-0.58496,42.9083],[-0.58468,42.90886],[-0.58438,42.9102],[-0.58385,42.91083],[-0.58387,42.91109],[-0.58425,42.9114],[-0.58435,42.91195],[-0.58473,42.9122],[-0.58449,42.91249],[-0.58387,42.91279],[-0.58349,42.91321],[-0.58343,42.91343],[-0.5835,42.91363],[-0.58373,42.91385],[-0.58471,42.9144],[-0.58516,42.91475],[-0.58532,42.91496],[-0.58566,42.91583],[-0.58662,42.91638],[-0.58725,42.9169],[-0.5873,42.91751],[-0.58668,42.91782],[-0.58639,42.91807],[-0.58631,42.9183],[-0.58637,42.9188],[-0.58625,42.91964],[-0.58585,42.92027],[-0.58586,42.92072],[-0.58604,42.92145],[-0.58592,42.92194],[-0.58594,42.92256],[-0.58601,42.9228],[-0.58644,42.9233],[-0.58661,42.92362],[-0.58743,42.92455],[-0.58835,42.92497],[-0.58842,42.92526],[-0.58823,42.9259],[-0.58852,42.92643],[-0.58905,42.92692],[-0.58972,42.92719],[-0.59031,42.9273],[-0.59181,42.92736],[-0.59343,42.92803],[-0.59365,42.92829],[-0.59385,42.9289],[-0.59446,42.92937],[-0.59495,42.92997],[-0.59544,42.93029],[-0.59671,42.93085],[-0.59693,42.93109],[-0.59716,42.93197],[-0.59833,42.93233],[-0.59893,42.93263],[-0.60035,42.93273],[-0.6024,42.93229],[-0.60305,42.93251],[-0.6034,42.93254],[-0.60443,42.9322],[-0.6055,42.93243],[-0.60664,42.93334],[-0.60722,42.93359],[-0.60758,42.93402],[-0.60769,42.93448],[-0.60786,42.93473],[-0.60915,42.93562],[-0.60998,42.93637],[-0.61052,42.93667],[-0.61083,42.93667],[-0.61087,42.93625],[-0.61065,42.93584],[-0.61012,42.93523],[-0.6099,42.93399],[-0.60955,42.93312],[-0.60969,42.9327],[-0.61054,42.93192],[-0.61064,42.93162],[-0.61068,42.93096],[-0.61054,42.93023],[-0.6101,42.92905],[-0.60956,42.92822],[-0.60942,42.92776],[-0.60954,42.92722],[-0.60929,42.92666],[-0.60944,42.92637],[-0.6102,42.92611],[-0.61051,42.92576],[-0.61004,42.92419],[-0.60999,42.92378],[-0.61007,42.92336],[-0.61098,42.92245],[-0.61128,42.9219],[-0.61155,42.92164],[-0.61224,42.92162],[-0.61326,42.92187],[-0.61357,42.92181],[-0.61376,42.92165],[-0.61393,42.92111],[-0.61355,42.92002],[-0.61372,42.9192],[-0.61437,42.91833],[-0.61439,42.91774],[-0.61455,42.91742],[-0.6147,42.91718],[-0.61527,42.91665],[-0.61544,42.91596],[-0.6154,42.91527],[-0.61547,42.91496],[-0.61608,42.91413],[-0.61642,42.91387],[-0.61624,42.91353],[-0.61637,42.91275],[-0.61775,42.91162],[-0.6182,42.9111],[-0.61852,42.91048],[-0.61849,42.90961],[-0.61866,42.90914],[-0.61972,42.90845],[-0.62111,42.90722],[-0.62173,42.90699],[-0.62239,42.90648],[-0.6225,42.90649],[-0.62255,42.90673],[-0.62246,42.90805],[-0.62213,42.9092],[-0.62212,42.90999],[-0.62173,42.91086],[-0.62171,42.91161],[-0.62152,42.91196],[-0.62079,42.91273],[-0.6207,42.91305],[-0.62082,42.91331],[-0.62193,42.91386],[-0.62298,42.91469],[-0.623,42.91489],[-0.62286,42.9153],[-0.62293,42.91617],[-0.62312,42.91694],[-0.623,42.91784],[-0.6232,42.91865],[-0.62342,42.91884],[-0.62471,42.91942],[-0.62494,42.91972],[-0.62552,42.91999],[-0.6261,42.92053],[-0.62563,42.92143],[-0.62521,42.9219],[-0.62509,42.92215],[-0.62515,42.92267],[-0.62529,42.92303],[-0.62527,42.92359],[-0.62435,42.92443],[-0.62438,42.92497],[-0.62457,42.92549],[-0.62486,42.92562],[-0.6256,42.92554],[-0.62656,42.92514],[-0.62785,42.92483],[-0.62886,42.92442],[-0.62938,42.92405],[-0.62968,42.92357],[-0.63012,42.92332],[-0.63033,42.92282],[-0.63053,42.92261],[-0.6312,42.9222],[-0.63192,42.92192],[-0.63235,42.92193],[-0.63175,42.92253],[-0.63138,42.92307],[-0.63165,42.9231],[-0.63203,42.92282],[-0.63254,42.92262],[-0.63377,42.92247],[-0.63694,42.92137],[-0.63917,42.92074],[-0.63986,42.92041],[-0.64053,42.91997],[-0.64215,42.91956],[-0.64293,42.91907],[-0.64356,42.91879],[-0.64413,42.91874],[-0.64466,42.91856],[-0.64517,42.91856],[-0.64554,42.91831],[-0.6458,42.91828],[-0.64618,42.91831],[-0.6459,42.91856],[-0.64615,42.91865],[-0.6466,42.91866],[-0.64743,42.91853],[-0.64843,42.91862],[-0.64859,42.91859],[-0.64891,42.91832],[-0.6505,42.91745],[-0.65122,42.91739],[-0.65166,42.91749],[-0.6525,42.9173],[-0.65389,42.9174],[-0.65559,42.91727],[-0.65636,42.91701],[-0.65696,42.91694],[-0.65734,42.91664],[-0.65792,42.91648],[-0.65951,42.91627],[-0.66081,42.9158],[-0.66122,42.9159],[-0.66164,42.91582],[-0.66245,42.91531],[-0.66302,42.91515],[-0.66313,42.91468],[-0.66346,42.91415],[-0.66444,42.91333],[-0.665,42.913],[-0.66578,42.91274],[-0.66636,42.91219],[-0.66665,42.91219]],[[-0.66665,42.93265],[-0.66385,42.93056],[-0.66359,42.93026],[-0.66232,42.92941],[-0.6619,42.92901],[-0.66163,42.92857],[-0.66199,42.92831],[-0.6608,42.92636],[-0.66098,42.92603],[-0.66419,42.92388],[-0.66526,42.92298],[-0.66608,42.92245],[-0.66665,42.92197]],[[-0.54776,42.88752],[-0.54806,42.8872],[-0.54788,42.88706],[-0.54757,42.88701],[-0.5472,42.88719],[-0.54734,42.8875],[-0.54776,42.88752]]]}},{"type":"Feature","properties":{"ele":1030},"geometry":{"type":"MultiLineString","coordinates":[[[-0.63879,42.94609],[-0.63795,42.9457],[-0.63583,42.94505],[-0.63365,42.94492],[-0.63309,42.94481],[-0.63195,42.94527],[-0.63059,42.94557],[-0.62992,42.94549],[-0.62864,42.94493],[-0.62795,42.94488],[-0.62747,42.9447],[-0.62634,42.94471],[-0.62502,42.94526],[-0.62445,42.94539],[-0.62419,42.94539],[-0.6241,42.94525],[-0.62444,42.94472],[-0.62469,42.94411],[-0.62497,42.94374],[-0.62698,42.94306],[-0.62724,42.94279],[-0.62795,42.9414],[-0.62826,42.94097],[-0.62842,42.94048],[-0.62851,42.93972],[-0.62869,42.93926],[-0.62902,42.93887],[-0.62922,42.93831],[-0.62945,42.9381],[-0.63032,42.93827],[-0.63156,42.93867],[-0.63313,42.93881],[-0.63434,42.93869],[-0.63528,42.93899],[-0.63666,42.93913],[-0.63748,42.93942],[-0.63875,42.93954],[-0.63946,42.93947],[-0.64111,42.939],[-0.64248,42.93831],[-0.64278,42.93778],[-0.64281,42.93726],[-0.64269,42.93699],[-0.64246,42.93678],[-0.64243,42.93658],[-0.64349,42.93521],[-0.64408,42.93495],[-0.64479,42.93478],[-0.64697,42.93443],[-0.64709,42.93412],[-0.64781,42.93386],[-0.64872,42.93373],[-0.64915,42.93359],[-0.64907,42.93331],[-0.64934,42.93322],[-0.65045,42.9333],[-0.65274,42.93317],[-0.65379,42.93322],[-0.65476,42.93347],[-0.65652,42.9341],[-0.65663,42.9342],[-0.65664,42.93442],[-0.65687,42.93445],[-0.65701,42.9344],[-0.6572,42.93357],[-0.65854,42.93408],[-0.65924,42.93388],[-0.66023,42.93381],[-0.66116,42.93412],[-0.66126,42.93444],[-0.66162,42.93462],[-0.66276,42.93497],[-0.66336,42.93528],[-0.66406,42.93544],[-0.66451,42.93537],[-0.66566,42.93496],[-0.66625,42.93462],[-0.66665,42.93452]],[[-0.597,42.94609],[-0.59647,42.94554],[-0.59618,42.94537],[-0.59556,42.94519],[-0.5949,42.94512],[-0.59455,42.94517],[-0.5936,42.94553],[-0.59271,42.94561],[-0.59139,42.94609]],[[-0.58477,42.94609],[-0.58474,42.94578],[-0.58447,42.94551],[-0.58385,42.94509],[-0.58309,42.94479],[-0.58264,42.9448],[-0.58164,42.94526],[-0.58136,42.94501],[-0.581,42.94439],[-0.58063,42.94412],[-0.57861,42.94369],[-0.57778,42.94334],[-0.57695,42.94334],[-0.57587,42.9432],[-0.57469,42.94263],[-0.57382,42.94263],[-0.57326,42.94248],[-0.57293,42.94204],[-0.57288,42.94162],[-0.57259,42.94136],[-0.57304,42.94108],[-0.57312,42.94093],[-0.57316,42.94048],[-0.57366,42.93945],[-0.57378,42.93887],[-0.57422,42.93812],[-0.57421,42.93723],[-0.57391,42.93663],[-0.57325,42.93593],[-0.57247,42.93549],[-0.56934,42.9348],[-0.56795,42.93475],[-0.56776,42.9347],[-0.56747,42.93443],[-0.56742,42.93413],[-0.56688,42.93327],[-0.56712,42.93311],[-0.56795,42.9329],[-0.56847,42.93249],[-0.56879,42.93187],[-0.56879,42.93073],[-0.56888,42.93054],[-0.56925,42.93024],[-0.5695,42.92967],[-0.56978,42.92945],[-0.57038,42.92923],[-0.57159,42.92913],[-0.57215,42.92895],[-0.57351,42.9283],[-0.57377,42.92798],[-0.57373,42.92767],[-0.57332,42.92664],[-0.57338,42.92631],[-0.57318,42.92582],[-0.57318,42.92552],[-0.573,42.92529],[-0.57223,42.92494],[-0.57125,42.92487],[-0.56942,42.92442],[-0.56894,42.92392],[-0.56894,42.92367],[-0.56924,42.92306],[-0.56969,42.92246],[-0.57054,42.92164],[-0.57067,42.92135],[-0.56999,42.92081],[-0.56858,42.92094],[-0.56748,42.92081],[-0.56681,42.92062],[-0.56632,42.92036],[-0.5642,42.91953],[-0.56328,42.91951],[-0.56308,42.91939],[-0.56282,42.91888],[-0.56252,42.91856],[-0.5617,42.91814],[-0.55951,42.91775],[-0.55774,42.91718],[-0.55521,42.91666],[-0.55396,42.91595],[-0.55167,42.91552],[-0.55027,42.91474],[-0.54955,42.91451],[-0.54782,42.91418],[-0.54761,42.91395],[-0.54748,42.91359],[-0.54757,42.91332],[-0.54857,42.91318],[-0.55014,42.9121],[-0.55163,42.91163],[-0.55233,42.91161],[-0.55335,42.91141],[-0.55497,42.9109],[-0.55528,42.91095],[-0.55584,42.91121],[-0.55632,42.91126],[-0.56212,42.91103],[-0.56265,42.91077],[-0.56294,42.91034],[-0.56304,42.90999],[-0.56303,42.90893],[-0.56315,42.90853],[-0.56312,42.90828],[-0.56248,42.90749],[-0.56142,42.90654],[-0.56078,42.9061],[-0.5597,42.90553],[-0.55946,42.90499],[-0.55936,42.90405],[-0.55762,42.90093],[-0.55743,42.90034],[-0.55719,42.89999],[-0.5565,42.89974],[-0.55639,42.89961],[-0.55643,42.89926],[-0.55666,42.89861],[-0.55694,42.89828],[-0.55732,42.8969],[-0.55745,42.89605],[-0.55777,42.89527],[-0.55805,42.89498],[-0.55819,42.89433],[-0.55802,42.89306],[-0.55778,42.89273],[-0.55735,42.89241],[-0.55663,42.89106],[-0.55677,42.8908],[-0.55746,42.89049],[-0.55888,42.88943],[-0.55903,42.88912],[-0.55897,42.88882],[-0.55881,42.88869],[-0.55851,42.88862],[-0.55695,42.88885],[-0.5542,42.88847],[-0.55323,42.88854],[-0.55229,42.88849],[-0.55084,42.88828],[-0.54976,42.88822],[-0.54941,42.88812],[-0.54835,42.8874],[-0.54785,42.88763],[-0.5475,42.8877],[-0.54696,42.88747],[-0.5468,42.88724],[-0.54694,42.88693],[-0.54733,42.8868],[-0.54854,42.88688],[-0.54899,42.88698],[-0.55017,42.88694],[-0.55142,42.88678],[-0.55281,42.88681],[-0.55337,42.88674],[-0.55473,42.88626],[-0.55712,42.8858],[-0.55834,42.88499],[-0.5587,42.88451],[-0.55876,42.88419],[-0.55861,42.88385],[-0.55775,42.88325],[-0.55715,42.88305],[-0.55527,42.88275],[-0.55376,42.8822]],[[-0.56835,42.8822],[-0.56802,42.8827],[-0.56794,42.88333],[-0.56715,42.8836],[-0.56683,42.88382],[-0.56682,42.88444],[-0.56644,42.8851],[-0.56636,42.88544],[-0.56652,42.88621],[-0.5671,42.88721],[-0.56715,42.88836],[-0.5675,42.88887],[-0.56803,42.88999],[-0.56853,42.89044],[-0.5697,42.89109],[-0.57085,42.89191],[-0.57102,42.89218],[-0.57108,42.89277],[-0.57175,42.89406],[-0.57177,42.89454],[-0.57188,42.89472],[-0.57212,42.89483],[-0.57361,42.8945],[-0.57478,42.89441],[-0.57529,42.89416],[-0.57584,42.89372],[-0.5775,42.89304],[-0.57805,42.89269],[-0.5788,42.89242],[-0.57907,42.89247],[-0.57903,42.89269],[-0.57859,42.89329],[-0.57867,42.89371],[-0.57799,42.89551],[-0.57767,42.8958],[-0.5767,42.89598],[-0.57643,42.89615],[-0.57648,42.89638],[-0.57665,42.89664],[-0.57746,42.89747],[-0.57807,42.89795],[-0.57822,42.89819],[-0.57822,42.89836],[-0.57795,42.89886],[-0.57775,42.89912],[-0.57748,42.8993],[-0.57745,42.89946],[-0.57807,42.89964],[-0.57859,42.89999],[-0.57908,42.90056],[-0.57971,42.9008],[-0.58081,42.90164],[-0.58179,42.90216],[-0.58183,42.90229],[-0.5817,42.90277],[-0.58178,42.90322],[-0.58219,42.90385],[-0.58248,42.90414],[-0.5832,42.90459],[-0.58395,42.90493],[-0.58425,42.90524],[-0.58447,42.90571],[-0.58502,42.90607],[-0.58527,42.90636],[-0.58629,42.90669],[-0.58722,42.90676],[-0.58761,42.9069],[-0.58709,42.90751],[-0.58675,42.90778],[-0.58629,42.908],[-0.58549,42.90817],[-0.58519,42.90833],[-0.58491,42.90884],[-0.5848,42.90954],[-0.58428,42.91079],[-0.5846,42.91135],[-0.58473,42.91188],[-0.58508,42.91224],[-0.58489,42.91247],[-0.58391,42.91295],[-0.58359,42.91331],[-0.58383,42.91373],[-0.58468,42.91417],[-0.58534,42.9147],[-0.5858,42.91582],[-0.58664,42.9162],[-0.58723,42.91663],[-0.58741,42.9169],[-0.58755,42.91751],[-0.58727,42.91776],[-0.58663,42.91803],[-0.58654,42.91833],[-0.58659,42.91881],[-0.58649,42.91961],[-0.586,42.92025],[-0.58604,42.92078],[-0.58622,42.92142],[-0.58612,42.92194],[-0.58611,42.92267],[-0.58746,42.92446],[-0.58849,42.92498],[-0.58855,42.92527],[-0.58836,42.92583],[-0.5886,42.92636],[-0.58919,42.92683],[-0.59005,42.92719],[-0.59188,42.92731],[-0.59362,42.92798],[-0.59403,42.92888],[-0.5951,42.92995],[-0.59609,42.93052],[-0.59693,42.93081],[-0.59732,42.93192],[-0.59833,42.93222],[-0.59887,42.93251],[-0.59965,42.93253],[-0.60035,42.93264],[-0.60247,42.93219],[-0.60337,42.93244],[-0.60441,42.93209],[-0.60548,42.93228],[-0.60677,42.93329],[-0.60749,42.93358],[-0.60781,42.93406],[-0.60788,42.93444],[-0.60801,42.93471],[-0.60887,42.93527],[-0.60943,42.93553],[-0.61026,42.93637],[-0.61058,42.93639],[-0.61058,42.9361],[-0.60993,42.93535],[-0.60981,42.93402],[-0.60968,42.93366],[-0.6094,42.93332],[-0.60938,42.93309],[-0.60969,42.93248],[-0.61003,42.93225],[-0.61043,42.9318],[-0.61051,42.931],[-0.61035,42.93024],[-0.60999,42.92942],[-0.60989,42.92902],[-0.60936,42.9283],[-0.60925,42.92777],[-0.60932,42.92718],[-0.60901,42.92645],[-0.60906,42.92634],[-0.60998,42.92608],[-0.6103,42.92579],[-0.6103,42.92549],[-0.60996,42.92474],[-0.60985,42.92426],[-0.60978,42.92357],[-0.60982,42.92322],[-0.60993,42.92302],[-0.6103,42.92277],[-0.61072,42.9222],[-0.6108,42.9219],[-0.6111,42.92162],[-0.61149,42.92149],[-0.61215,42.92148],[-0.61329,42.9217],[-0.61359,42.92155],[-0.61371,42.92128],[-0.61371,42.921],[-0.61329,42.92],[-0.61339,42.91899],[-0.61396,42.91835],[-0.61415,42.91748],[-0.61445,42.91702],[-0.61488,42.91657],[-0.61518,42.91607],[-0.61523,42.91572],[-0.61513,42.91472],[-0.61556,42.9139],[-0.61579,42.91274],[-0.61604,42.9122],[-0.61726,42.91172],[-0.61769,42.91139],[-0.61787,42.91116],[-0.61804,42.9108],[-0.61808,42.91048],[-0.61788,42.90954],[-0.61798,42.9091],[-0.61948,42.90809],[-0.62034,42.907],[-0.62139,42.90659],[-0.62223,42.90586],[-0.62303,42.90497],[-0.62358,42.90464],[-0.62403,42.90454],[-0.62415,42.90458],[-0.62419,42.90469],[-0.62333,42.90555],[-0.62297,42.90609],[-0.62271,42.90747],[-0.62279,42.90807],[-0.6224,42.9093],[-0.62258,42.91003],[-0.62255,42.91037],[-0.62249,42.91053],[-0.62219,42.91082],[-0.62204,42.9117],[-0.621,42.91271],[-0.62087,42.91301],[-0.62104,42.91334],[-0.6222,42.91387],[-0.62306,42.91441],[-0.62334,42.91468],[-0.62319,42.91541],[-0.62326,42.91579],[-0.6232,42.91617],[-0.62339,42.91683],[-0.62324,42.91784],[-0.62333,42.91828],[-0.62351,42.91855],[-0.62504,42.91938],[-0.62537,42.91969],[-0.62603,42.91998],[-0.62638,42.92025],[-0.62638,42.92055],[-0.62622,42.92093],[-0.62535,42.92229],[-0.62536,42.92253],[-0.62557,42.92304],[-0.62556,42.92362],[-0.62472,42.92442],[-0.62463,42.92462],[-0.62464,42.92481],[-0.62486,42.92525],[-0.62514,42.92546],[-0.62566,42.9254],[-0.62649,42.92506],[-0.62786,42.92472],[-0.62859,42.92442],[-0.62895,42.92415],[-0.62942,42.92358],[-0.62994,42.92323],[-0.63023,42.9227],[-0.63052,42.92244],[-0.63158,42.92188],[-0.63247,42.92155],[-0.63391,42.92074],[-0.63542,42.92048],[-0.6357,42.92053],[-0.63526,42.92073],[-0.63475,42.92115],[-0.63363,42.92158],[-0.63316,42.92185],[-0.63304,42.92193],[-0.63299,42.92222],[-0.63365,42.92232],[-0.63549,42.92179],[-0.63945,42.92043],[-0.64085,42.91961],[-0.64197,42.91944],[-0.64331,42.91858],[-0.64455,42.91843],[-0.64538,42.91817],[-0.64636,42.91808],[-0.64718,42.91769],[-0.64802,42.9174],[-0.64847,42.91735],[-0.64868,42.91748],[-0.64775,42.91804],[-0.64813,42.91817],[-0.64861,42.91818],[-0.64914,42.91802],[-0.6496,42.91775],[-0.64993,42.91743],[-0.65062,42.91722],[-0.65104,42.91691],[-0.65215,42.91682],[-0.65431,42.91693],[-0.65582,42.91692],[-0.65668,42.91672],[-0.65718,42.91634],[-0.65778,42.91609],[-0.65964,42.9161],[-0.66011,42.91595],[-0.66088,42.91554],[-0.6611,42.9155],[-0.66169,42.91558],[-0.66279,42.91499],[-0.6633,42.91411],[-0.66422,42.9133],[-0.6649,42.91287],[-0.66526,42.91275],[-0.6661,42.912],[-0.66665,42.9119]],[[-0.66665,42.9325],[-0.66415,42.93053],[-0.66392,42.93019],[-0.66357,42.92998],[-0.66306,42.92939],[-0.6622,42.92887],[-0.66323,42.92877],[-0.66338,42.92868],[-0.66341,42.92856],[-0.66312,42.92834],[-0.66192,42.92778],[-0.66104,42.92638],[-0.66127,42.92603],[-0.66246,42.9253],[-0.66331,42.92463],[-0.66431,42.92412],[-0.66504,42.92364],[-0.66572,42.92302],[-0.66665,42.92242]]]}},{"type":"Feature","properties":{"ele":1040},"geometry":{"type":"MultiLineString","coordinates":[[[-0.63901,42.94609],[-0.63823,42.94567],[-0.63653,42.9451],[-0.63556,42.94489],[-0.63368,42.94477],[-0.63309,42.94465],[-0.6328,42.94472],[-0.63201,42.94512],[-0.63049,42.94543],[-0.62969,42.9453],[-0.62868,42.94479],[-0.62804,42.94475],[-0.6274,42.94458],[-0.62618,42.94462],[-0.62507,42.94509],[-0.62443,42.94525],[-0.62442,42.94498],[-0.62468,42.94437],[-0.62515,42.94384],[-0.62705,42.94314],[-0.62737,42.94292],[-0.62787,42.94196],[-0.62799,42.94158],[-0.62856,42.94079],[-0.62868,42.93965],[-0.62916,42.93895],[-0.62928,42.93853],[-0.62945,42.93827],[-0.63005,42.9383],[-0.63122,42.93871],[-0.63181,42.93881],[-0.63316,42.93893],[-0.63437,42.93882],[-0.63522,42.93917],[-0.63615,42.93926],[-0.63665,42.93942],[-0.63858,42.9397],[-0.63914,42.9397],[-0.64055,42.93943],[-0.64115,42.93921],[-0.64253,42.93845],[-0.64288,42.93809],[-0.64304,42.93775],[-0.64361,42.93728],[-0.64392,42.93656],[-0.64381,42.93647],[-0.64325,42.93638],[-0.6432,42.93614],[-0.6433,42.93579],[-0.64356,42.93545],[-0.64384,42.93524],[-0.64501,42.93492],[-0.6474,42.93461],[-0.64788,42.93444],[-0.64795,42.93416],[-0.64803,42.93412],[-0.64886,42.93407],[-0.64955,42.93392],[-0.65182,42.93386],[-0.65219,42.93358],[-0.65243,42.93355],[-0.65396,42.93369],[-0.65558,42.93413],[-0.65567,42.93443],[-0.65708,42.93486],[-0.65736,42.93481],[-0.65785,42.93452],[-0.65852,42.93475],[-0.65884,42.93474],[-0.65924,42.93454],[-0.65983,42.93443],[-0.65993,42.93413],[-0.66048,42.9341],[-0.6606,42.93415],[-0.66068,42.93445],[-0.66137,42.9348],[-0.66406,42.93585],[-0.66525,42.93552],[-0.66665,42.93487]],[[-0.59683,42.94609],[-0.5961,42.9455],[-0.59542,42.94529],[-0.59483,42.94523],[-0.59372,42.9456],[-0.59271,42.94572],[-0.5917,42.94609]],[[-0.58461,42.94609],[-0.58454,42.94579],[-0.58429,42.94556],[-0.58387,42.94526],[-0.58308,42.94494],[-0.5827,42.94492],[-0.58181,42.94535],[-0.58149,42.94538],[-0.58135,42.94531],[-0.58083,42.94441],[-0.58049,42.94425],[-0.5786,42.94386],[-0.57764,42.94349],[-0.57581,42.94334],[-0.57503,42.94301],[-0.57471,42.94275],[-0.57359,42.94278],[-0.57304,42.9426],[-0.57275,42.94224],[-0.57253,42.94165],[-0.57233,42.94136],[-0.57283,42.94089],[-0.57275,42.94053],[-0.57285,42.94023],[-0.573,42.93996],[-0.57343,42.93949],[-0.57352,42.9388],[-0.57392,42.93836],[-0.57406,42.93808],[-0.57405,42.93732],[-0.57376,42.93672],[-0.57309,42.936],[-0.57222,42.93556],[-0.56927,42.93494],[-0.56781,42.93489],[-0.56749,42.93471],[-0.5673,42.93447],[-0.56723,42.93413],[-0.5667,42.93334],[-0.56663,42.93302],[-0.56771,42.93286],[-0.56835,42.93251],[-0.56872,42.93186],[-0.56869,42.93072],[-0.56881,42.93048],[-0.56913,42.93022],[-0.56937,42.92962],[-0.56966,42.92938],[-0.57007,42.92922],[-0.57076,42.92905],[-0.57156,42.929],[-0.57215,42.92882],[-0.57326,42.92829],[-0.57361,42.92804],[-0.57358,42.92774],[-0.57316,42.92676],[-0.57319,42.92631],[-0.57297,42.92587],[-0.57289,42.92545],[-0.57219,42.9251],[-0.57125,42.92503],[-0.56918,42.9245],[-0.56903,42.92441],[-0.56872,42.92395],[-0.56869,42.92374],[-0.56909,42.92297],[-0.57032,42.92165],[-0.57033,42.92136],[-0.57003,42.92104],[-0.56962,42.92093],[-0.56847,42.92101],[-0.56693,42.92081],[-0.56417,42.91969],[-0.56309,42.91969],[-0.56242,42.91871],[-0.56164,42.91825],[-0.55921,42.91779],[-0.55771,42.91727],[-0.55528,42.91677],[-0.55491,42.91664],[-0.55388,42.91601],[-0.5516,42.91561],[-0.55021,42.91482],[-0.54788,42.91433],[-0.54747,42.91416],[-0.54736,42.91343],[-0.54741,42.91328],[-0.5486,42.91307],[-0.54916,42.91259],[-0.55004,42.91202],[-0.5516,42.91152],[-0.5524,42.91146],[-0.55411,42.91105],[-0.55493,42.91076],[-0.5553,42.9108],[-0.55599,42.91109],[-0.55656,42.91114],[-0.56201,42.91096],[-0.56246,42.91078],[-0.56271,42.91045],[-0.56285,42.91006],[-0.56285,42.90899],[-0.56297,42.9085],[-0.56291,42.90828],[-0.56242,42.90761],[-0.56125,42.90664],[-0.55945,42.90551],[-0.55924,42.90489],[-0.55916,42.90413],[-0.55861,42.90328],[-0.55827,42.90251],[-0.55742,42.9011],[-0.55724,42.90049],[-0.55679,42.9],[-0.55615,42.89967],[-0.55649,42.89861],[-0.5569,42.89795],[-0.55732,42.89596],[-0.55806,42.89436],[-0.55801,42.8934],[-0.55792,42.89312],[-0.55776,42.89288],[-0.55719,42.89248],[-0.55695,42.89218],[-0.55679,42.89163],[-0.55646,42.89114],[-0.55643,42.89096],[-0.55653,42.8908],[-0.55739,42.89041],[-0.55796,42.88995],[-0.55866,42.88955],[-0.55894,42.88919],[-0.55887,42.88887],[-0.55861,42.88873],[-0.55833,42.88869],[-0.55691,42.88892],[-0.5541,42.88852],[-0.55306,42.88857],[-0.5508,42.88835],[-0.54942,42.88832],[-0.54853,42.88766],[-0.5483,42.88763],[-0.54779,42.8878],[-0.54744,42.88782],[-0.54669,42.88747],[-0.54651,42.88724],[-0.54666,42.88692],[-0.54723,42.88663],[-0.54837,42.88671],[-0.54896,42.88686],[-0.54951,42.8869],[-0.55146,42.88674],[-0.55285,42.88676],[-0.55336,42.88669],[-0.55476,42.88617],[-0.55693,42.88576],[-0.5582,42.88493],[-0.55862,42.88445],[-0.55865,42.88412],[-0.55852,42.88391],[-0.55761,42.88328],[-0.55526,42.88281],[-0.55358,42.8822]],[[-0.56855,42.8822],[-0.56828,42.88241],[-0.56818,42.8826],[-0.56808,42.88298],[-0.56811,42.88336],[-0.56692,42.88386],[-0.56693,42.88451],[-0.56658,42.88523],[-0.56652,42.88555],[-0.56664,42.88616],[-0.56721,42.88692],[-0.56735,42.88753],[-0.56729,42.88836],[-0.56818,42.89001],[-0.56852,42.89032],[-0.5698,42.89107],[-0.57099,42.89195],[-0.57115,42.89219],[-0.57122,42.8928],[-0.57194,42.89412],[-0.57192,42.89443],[-0.57219,42.89474],[-0.57359,42.8944],[-0.57479,42.89421],[-0.57578,42.89357],[-0.57664,42.8933],[-0.57888,42.89221],[-0.57917,42.89214],[-0.57943,42.89218],[-0.57919,42.89277],[-0.5788,42.89325],[-0.5789,42.89361],[-0.57862,42.8947],[-0.57829,42.89521],[-0.57811,42.89581],[-0.57757,42.89599],[-0.57689,42.89608],[-0.57664,42.89635],[-0.57721,42.89703],[-0.57839,42.89807],[-0.57846,42.89836],[-0.5781,42.89933],[-0.57812,42.89945],[-0.5789,42.89996],[-0.57919,42.9003],[-0.582,42.90215],[-0.5819,42.90283],[-0.58199,42.90329],[-0.58219,42.9036],[-0.58316,42.90444],[-0.58384,42.90473],[-0.58442,42.90514],[-0.58459,42.90556],[-0.58474,42.90571],[-0.58569,42.90636],[-0.58646,42.90657],[-0.58746,42.90665],[-0.58792,42.90689],[-0.5871,42.90775],[-0.58638,42.90811],[-0.58551,42.9083],[-0.58528,42.90861],[-0.58514,42.90885],[-0.58507,42.90943],[-0.58459,42.91079],[-0.58504,42.91185],[-0.58555,42.9122],[-0.58531,42.91249],[-0.5841,42.91295],[-0.58379,42.91331],[-0.58392,42.9136],[-0.58493,42.91416],[-0.5852,42.91446],[-0.58556,42.91469],[-0.58581,42.91511],[-0.58607,42.91582],[-0.58668,42.91606],[-0.58751,42.91664],[-0.58767,42.91723],[-0.58781,42.91746],[-0.58758,42.91778],[-0.58696,42.91805],[-0.5868,42.91823],[-0.58671,42.91966],[-0.58617,42.92027],[-0.58621,42.92076],[-0.58639,42.92135],[-0.58625,42.92194],[-0.58633,42.92279],[-0.58682,42.9233],[-0.58711,42.92389],[-0.58751,42.92439],[-0.58829,42.92471],[-0.58865,42.92497],[-0.58876,42.92523],[-0.58859,42.92552],[-0.58858,42.92582],[-0.58868,42.92617],[-0.58886,42.92644],[-0.58966,42.92694],[-0.59028,42.92719],[-0.59191,42.92726],[-0.59364,42.92786],[-0.59385,42.92807],[-0.59417,42.92884],[-0.59528,42.92996],[-0.59575,42.93028],[-0.59698,42.93075],[-0.59722,42.93136],[-0.59762,42.9319],[-0.59836,42.9321],[-0.59899,42.93243],[-0.59968,42.93241],[-0.60035,42.93255],[-0.6018,42.93218],[-0.60243,42.93209],[-0.60337,42.93229],[-0.60438,42.93196],[-0.60553,42.93215],[-0.60687,42.93319],[-0.60774,42.93361],[-0.608,42.93393],[-0.60812,42.93451],[-0.60828,42.93476],[-0.60882,42.93511],[-0.60916,42.93523],[-0.60945,42.93526],[-0.60969,42.93506],[-0.60976,42.93471],[-0.60973,42.93407],[-0.60964,42.93383],[-0.60927,42.93332],[-0.60925,42.93305],[-0.60945,42.9325],[-0.60995,42.93218],[-0.61024,42.93183],[-0.61033,42.93164],[-0.61036,42.93107],[-0.61018,42.9303],[-0.60983,42.92954],[-0.60971,42.92905],[-0.60914,42.92832],[-0.60906,42.92774],[-0.6091,42.92715],[-0.60868,42.9264],[-0.60873,42.92633],[-0.6097,42.92608],[-0.61004,42.92585],[-0.6101,42.92572],[-0.61009,42.92544],[-0.6097,42.92444],[-0.60954,42.92303],[-0.61026,42.92247],[-0.61043,42.92188],[-0.61114,42.9214],[-0.61233,42.92135],[-0.6132,42.9215],[-0.61344,42.92136],[-0.6135,42.92096],[-0.61303,42.91998],[-0.61313,42.91892],[-0.61332,42.9186],[-0.61364,42.91831],[-0.61389,42.91747],[-0.61497,42.91606],[-0.61503,42.91569],[-0.61483,42.91444],[-0.61531,42.91281],[-0.61555,42.91249],[-0.61561,42.91215],[-0.61581,42.91192],[-0.61601,42.91184],[-0.61723,42.91153],[-0.61748,42.91136],[-0.61777,42.91092],[-0.61779,42.91045],[-0.61746,42.90974],[-0.61742,42.90948],[-0.6175,42.90918],[-0.61769,42.9089],[-0.61916,42.90784],[-0.61985,42.90665],[-0.62099,42.90631],[-0.62429,42.9036],[-0.62492,42.90328],[-0.62528,42.90326],[-0.62547,42.90338],[-0.62562,42.90381],[-0.62557,42.90414],[-0.62529,42.90443],[-0.62477,42.9046],[-0.62443,42.90485],[-0.62361,42.90554],[-0.62324,42.90603],[-0.62297,42.90739],[-0.623,42.90808],[-0.62271,42.90933],[-0.62288,42.91003],[-0.62284,42.91057],[-0.62237,42.91124],[-0.62234,42.9117],[-0.62115,42.91276],[-0.62102,42.91304],[-0.62124,42.91334],[-0.62248,42.91387],[-0.62334,42.91438],[-0.62362,42.91469],[-0.62349,42.91541],[-0.62356,42.91579],[-0.62344,42.91614],[-0.62361,42.91687],[-0.62344,42.9178],[-0.62358,42.91832],[-0.62406,42.9187],[-0.62499,42.91914],[-0.6258,42.9197],[-0.6264,42.91997],[-0.62659,42.92024],[-0.6266,42.92051],[-0.62647,42.92093],[-0.62565,42.92235],[-0.62567,42.9226],[-0.6259,42.92315],[-0.62587,42.92363],[-0.62568,42.92392],[-0.62505,42.92444],[-0.62492,42.92467],[-0.62496,42.925],[-0.62525,42.9253],[-0.62578,42.92524],[-0.62639,42.92498],[-0.62752,42.92469],[-0.62832,42.92435],[-0.62864,42.92415],[-0.62913,42.92358],[-0.62982,42.92311],[-0.63027,42.9225],[-0.63054,42.92229],[-0.63324,42.921],[-0.63391,42.9205],[-0.63502,42.92026],[-0.63556,42.92002],[-0.63613,42.91999],[-0.63772,42.91966],[-0.63813,42.91969],[-0.63744,42.92018],[-0.63663,42.92041],[-0.6358,42.92078],[-0.63523,42.92135],[-0.63463,42.92164],[-0.63507,42.92173],[-0.63554,42.92165],[-0.63943,42.92026],[-0.64056,42.91953],[-0.64118,42.91931],[-0.64197,42.91917],[-0.64362,42.9182],[-0.64403,42.91813],[-0.64448,42.91821],[-0.64529,42.91797],[-0.64642,42.91778],[-0.64719,42.91719],[-0.64856,42.91689],[-0.64887,42.91664],[-0.64912,42.91627],[-0.64943,42.91608],[-0.64995,42.91676],[-0.65021,42.91687],[-0.65215,42.91653],[-0.6557,42.91679],[-0.65642,42.91666],[-0.65664,42.91635],[-0.65768,42.91575],[-0.65969,42.91597],[-0.66006,42.91586],[-0.66054,42.91553],[-0.66111,42.91528],[-0.66194,42.91526],[-0.66246,42.91493],[-0.66387,42.91331],[-0.66507,42.9125],[-0.6658,42.91186],[-0.66615,42.91171],[-0.66665,42.91167]],[[-0.66665,42.93232],[-0.6654,42.93135],[-0.66493,42.93082],[-0.66423,42.93023],[-0.66377,42.92944],[-0.6639,42.92884],[-0.66364,42.92829],[-0.66303,42.92803],[-0.66267,42.92776],[-0.66249,42.92747],[-0.66189,42.92724],[-0.66136,42.92666],[-0.6613,42.9264],[-0.66156,42.92608],[-0.66247,42.92552],[-0.66343,42.92476],[-0.66492,42.92406],[-0.66608,42.92308],[-0.66665,42.92278]],[[-0.63359,42.92201],[-0.6337,42.92192],[-0.63354,42.92191],[-0.63359,42.92201]],[[-0.63915,42.91916],[-0.64028,42.91855],[-0.64,42.91823],[-0.63958,42.91824],[-0.63857,42.91882],[-0.63838,42.91909],[-0.63844,42.91924],[-0.63865,42.91934],[-0.63915,42.91916]]]}},{"type":"Feature","properties":{"ele":1060},"geometry":{"type":"MultiLineString","coordinates":[[[-0.63944,42.94609],[-0.63887,42.94581],[-0.63835,42.94544],[-0.63656,42.94488],[-0.63578,42.9447],[-0.63372,42.94451],[-0.63313,42.94436],[-0.63277,42.94443],[-0.63201,42.94487],[-0.63024,42.94516],[-0.62971,42.94505],[-0.62885,42.94455],[-0.62826,42.9445],[-0.62774,42.94435],[-0.62646,42.94433],[-0.62532,42.94463],[-0.62516,42.94456],[-0.62508,42.94441],[-0.62538,42.94413],[-0.62631,42.94357],[-0.62724,42.94331],[-0.62771,42.943],[-0.62831,42.94164],[-0.6288,42.94084],[-0.62902,42.93972],[-0.62943,42.93915],[-0.62964,42.93857],[-0.63002,42.93857],[-0.63184,42.93906],[-0.63316,42.93918],[-0.63416,42.93906],[-0.63496,42.9394],[-0.63656,42.93982],[-0.63729,42.93981],[-0.63893,42.93999],[-0.64066,42.93984],[-0.6413,42.93962],[-0.64191,42.93914],[-0.64341,42.93847],[-0.6441,42.93799],[-0.64426,42.93773],[-0.64445,42.93693],[-0.64498,42.93633],[-0.64538,42.9361],[-0.64526,42.93591],[-0.64462,42.9358],[-0.64482,42.93554],[-0.64525,42.93525],[-0.64698,42.93512],[-0.64882,42.93512],[-0.64948,42.93517],[-0.65038,42.93538],[-0.65111,42.93539],[-0.65165,42.93531],[-0.65212,42.93509],[-0.65276,42.93503],[-0.6531,42.93491],[-0.65413,42.93491],[-0.65517,42.93505],[-0.65565,42.93497],[-0.65684,42.93542],[-0.6575,42.93558],[-0.65854,42.93535],[-0.65948,42.93554],[-0.65989,42.93544],[-0.6602,42.93521],[-0.66042,42.93518],[-0.66069,42.93525],[-0.66129,42.93557],[-0.6627,42.93601],[-0.66334,42.93635],[-0.66434,42.93658],[-0.66496,42.93635],[-0.66559,42.93595],[-0.66632,42.93599],[-0.66665,42.93586]],[[-0.59641,42.94609],[-0.59611,42.9458],[-0.5959,42.94571],[-0.59483,42.94545],[-0.59384,42.9458],[-0.59299,42.94586],[-0.59233,42.94609]],[[-0.58427,42.94609],[-0.58415,42.94581],[-0.58385,42.94558],[-0.58307,42.94524],[-0.58272,42.94522],[-0.5817,42.94564],[-0.58136,42.94569],[-0.58109,42.94554],[-0.58058,42.94467],[-0.58024,42.94451],[-0.57806,42.94407],[-0.57733,42.94379],[-0.57554,42.94359],[-0.57443,42.94303],[-0.57347,42.94312],[-0.573,42.94305],[-0.57277,42.94292],[-0.57229,42.94248],[-0.5719,42.94136],[-0.5723,42.94084],[-0.57219,42.94024],[-0.57305,42.93942],[-0.57298,42.93915],[-0.57303,42.93858],[-0.57363,42.93817],[-0.57376,42.938],[-0.57373,42.93742],[-0.57343,42.93685],[-0.57284,42.93623],[-0.57214,42.93584],[-0.56924,42.93521],[-0.56761,42.93518],[-0.56743,42.93507],[-0.56721,42.93469],[-0.56689,42.93443],[-0.56682,42.93409],[-0.56633,42.93334],[-0.5663,42.93297],[-0.5666,42.93271],[-0.56733,42.93272],[-0.56781,42.93262],[-0.56834,42.93227],[-0.56856,42.9318],[-0.56843,42.93076],[-0.56892,42.93003],[-0.56895,42.92968],[-0.56915,42.92942],[-0.56967,42.92912],[-0.57072,42.92883],[-0.57198,42.92867],[-0.57313,42.92807],[-0.57319,42.92797],[-0.57304,42.9272],[-0.57276,42.92665],[-0.57282,42.92632],[-0.57224,42.92553],[-0.57188,42.9254],[-0.57112,42.92532],[-0.57045,42.9251],[-0.5686,42.92469],[-0.56829,42.924],[-0.56833,42.92362],[-0.56903,42.92253],[-0.57,42.92166],[-0.56996,42.92141],[-0.56985,42.92127],[-0.56941,42.9211],[-0.56854,42.92115],[-0.56681,42.92099],[-0.56405,42.92],[-0.5627,42.91999],[-0.56239,42.91926],[-0.56214,42.9189],[-0.56178,42.91858],[-0.56142,42.91841],[-0.56027,42.91826],[-0.55865,42.91784],[-0.55776,42.91748],[-0.55559,42.91706],[-0.55474,42.91674],[-0.55416,42.91634],[-0.55361,42.91608],[-0.55137,42.91581],[-0.55003,42.91494],[-0.5471,42.91442],[-0.54721,42.91386],[-0.54708,42.91337],[-0.54716,42.9132],[-0.54743,42.9131],[-0.54822,42.913],[-0.5486,42.91276],[-0.54887,42.91245],[-0.54972,42.91192],[-0.55028,42.91166],[-0.55143,42.9113],[-0.55226,42.91122],[-0.55498,42.9105],[-0.55529,42.91052],[-0.55617,42.91079],[-0.55698,42.9109],[-0.56195,42.91081],[-0.56229,42.91059],[-0.56248,42.91024],[-0.56252,42.90899],[-0.56261,42.90857],[-0.56251,42.9083],[-0.56193,42.90747],[-0.56105,42.90699],[-0.56027,42.90638],[-0.55919,42.90576],[-0.55904,42.90524],[-0.55874,42.90475],[-0.55867,42.90413],[-0.5583,42.90361],[-0.55797,42.90278],[-0.55749,42.90191],[-0.5564,42.90024],[-0.55582,42.89985],[-0.55571,42.8997],[-0.55578,42.89939],[-0.55611,42.89888],[-0.55616,42.89853],[-0.55667,42.89784],[-0.55698,42.8959],[-0.55724,42.89555],[-0.55745,42.89488],[-0.55776,42.89441],[-0.55778,42.89409],[-0.55777,42.89328],[-0.55753,42.89301],[-0.55701,42.89274],[-0.55679,42.89251],[-0.55645,42.89163],[-0.55603,42.89117],[-0.55603,42.8909],[-0.55608,42.89079],[-0.55723,42.89034],[-0.55781,42.88981],[-0.55861,42.88944],[-0.55876,42.88919],[-0.55872,42.88902],[-0.55858,42.88887],[-0.55833,42.88883],[-0.55695,42.88906],[-0.55528,42.88886],[-0.55396,42.88861],[-0.55323,42.88865],[-0.5508,42.8885],[-0.54927,42.88851],[-0.54908,42.88844],[-0.54855,42.888],[-0.54826,42.88795],[-0.54749,42.88809],[-0.54692,42.88774],[-0.54609,42.88748]],[[-0.62498,42.94474],[-0.62512,42.94467],[-0.62498,42.94459],[-0.62498,42.94474]],[[-0.65193,42.9348],[-0.65196,42.93468],[-0.65161,42.9347],[-0.65193,42.9348]],[[-0.56898,42.8822],[-0.56856,42.88244],[-0.56848,42.88257],[-0.56838,42.88294],[-0.56851,42.88325],[-0.56846,42.88342],[-0.56827,42.88358],[-0.5674,42.88383],[-0.56725,42.884],[-0.56707,42.88454],[-0.56702,42.88523],[-0.56685,42.88572],[-0.56692,42.88609],[-0.5672,42.88637],[-0.56769,42.88708],[-0.5677,42.88784],[-0.56759,42.88836],[-0.56843,42.88999],[-0.56873,42.89026],[-0.56986,42.89094],[-0.57113,42.89189],[-0.57138,42.8922],[-0.57146,42.89287],[-0.57233,42.8939],[-0.57242,42.89441],[-0.5725,42.89445],[-0.57281,42.89444],[-0.57331,42.89417],[-0.57417,42.894],[-0.57486,42.89375],[-0.57557,42.89333],[-0.57726,42.89275],[-0.57774,42.89246],[-0.57865,42.89209],[-0.57945,42.89162],[-0.58028,42.89136],[-0.58028,42.89166],[-0.5798,42.8925],[-0.57923,42.89329],[-0.57918,42.8941],[-0.57895,42.89481],[-0.57854,42.89545],[-0.5784,42.89602],[-0.57832,42.89611],[-0.57749,42.89641],[-0.57747,42.89665],[-0.57765,42.89697],[-0.57861,42.8977],[-0.57886,42.89808],[-0.57892,42.8986],[-0.57855,42.89943],[-0.58026,42.90052],[-0.58234,42.90211],[-0.5824,42.90225],[-0.58225,42.90284],[-0.58237,42.90328],[-0.58255,42.90352],[-0.58347,42.90425],[-0.58441,42.90472],[-0.58515,42.90554],[-0.586,42.90614],[-0.58795,42.90652],[-0.58858,42.90697],[-0.5886,42.9072],[-0.58798,42.90745],[-0.58776,42.90778],[-0.58588,42.90863],[-0.58569,42.90916],[-0.58523,42.90997],[-0.5851,42.91069],[-0.58553,42.91166],[-0.58619,42.91213],[-0.58621,42.91229],[-0.5861,42.91248],[-0.58583,42.91262],[-0.58445,42.91307],[-0.58409,42.9133],[-0.58433,42.91359],[-0.58531,42.91413],[-0.58592,42.91466],[-0.5863,42.91513],[-0.58675,42.9155],[-0.58678,42.91583],[-0.58736,42.91607],[-0.58778,42.9164],[-0.58796,42.91663],[-0.58801,42.91696],[-0.58826,42.91735],[-0.58826,42.91756],[-0.5881,42.91785],[-0.58744,42.9183],[-0.58737,42.91881],[-0.58704,42.91974],[-0.58691,42.91996],[-0.58656,42.92019],[-0.58651,42.92031],[-0.5867,42.92142],[-0.5867,42.92165],[-0.58657,42.92193],[-0.5867,42.92219],[-0.5867,42.92267],[-0.58691,42.92304],[-0.58722,42.9233],[-0.58724,42.9236],[-0.58737,42.9239],[-0.58776,42.92435],[-0.58862,42.92468],[-0.58894,42.92497],[-0.58908,42.9253],[-0.58894,42.92603],[-0.58914,42.92637],[-0.59038,42.92705],[-0.59201,42.92714],[-0.59297,42.92751],[-0.59358,42.92759],[-0.59385,42.92772],[-0.59443,42.92886],[-0.59477,42.9291],[-0.59552,42.92987],[-0.59609,42.93026],[-0.59697,42.93054],[-0.59724,42.93079],[-0.59747,42.93138],[-0.59775,42.93167],[-0.59809,42.93179],[-0.59866,42.93185],[-0.59909,42.93223],[-0.59972,42.93219],[-0.60045,42.93235],[-0.60191,42.93195],[-0.60261,42.9319],[-0.6034,42.93205],[-0.60445,42.93175],[-0.60554,42.93192],[-0.60589,42.93207],[-0.60633,42.93248],[-0.60672,42.93269],[-0.60714,42.93304],[-0.60814,42.93357],[-0.60835,42.93384],[-0.60844,42.9344],[-0.60859,42.9347],[-0.6091,42.93494],[-0.60945,42.9348],[-0.60951,42.93458],[-0.60949,42.93407],[-0.60941,42.93388],[-0.60902,42.93346],[-0.60895,42.93319],[-0.60912,42.93247],[-0.60952,42.93219],[-0.60984,42.93183],[-0.60997,42.9316],[-0.61006,42.93108],[-0.60932,42.92905],[-0.60878,42.92834],[-0.60868,42.92774],[-0.60869,42.92711],[-0.60818,42.92639],[-0.60844,42.92616],[-0.60955,42.92585],[-0.60973,42.92557],[-0.60936,42.92461],[-0.60924,42.92364],[-0.60899,42.92273],[-0.60931,42.92247],[-0.60965,42.92189],[-0.61083,42.92122],[-0.61136,42.92107],[-0.61276,42.9211],[-0.61297,42.92101],[-0.61304,42.92081],[-0.61268,42.92024],[-0.61258,42.91989],[-0.61258,42.91944],[-0.61272,42.91881],[-0.61316,42.91808],[-0.61342,42.91745],[-0.61438,42.91633],[-0.61465,42.91579],[-0.61462,42.91544],[-0.61418,42.91395],[-0.61443,42.91277],[-0.61541,42.91163],[-0.61663,42.91136],[-0.61709,42.91106],[-0.61722,42.91081],[-0.61723,42.91049],[-0.61717,42.91027],[-0.61684,42.90978],[-0.61682,42.90939],[-0.61747,42.90856],[-0.6181,42.90805],[-0.61862,42.9075],[-0.61899,42.90667],[-0.62039,42.90578],[-0.62099,42.90517],[-0.62136,42.90497],[-0.62188,42.90486],[-0.62277,42.90443],[-0.62392,42.90332],[-0.62577,42.90238],[-0.62663,42.90156],[-0.6267,42.90165],[-0.62677,42.9027],[-0.62652,42.90309],[-0.62637,42.90386],[-0.62618,42.9042],[-0.62588,42.90452],[-0.62467,42.90522],[-0.62383,42.90606],[-0.6238,42.90645],[-0.62357,42.9069],[-0.6235,42.90725],[-0.62333,42.90937],[-0.62339,42.91003],[-0.62314,42.91105],[-0.62292,42.91136],[-0.62292,42.91169],[-0.62275,42.91191],[-0.62226,42.91222],[-0.62133,42.91303],[-0.6216,42.91337],[-0.62271,42.91369],[-0.62326,42.91394],[-0.62404,42.91465],[-0.62404,42.91513],[-0.62416,42.9158],[-0.62388,42.91621],[-0.62399,42.91694],[-0.62383,42.91775],[-0.62389,42.9181],[-0.62447,42.91857],[-0.62529,42.91895],[-0.62635,42.91967],[-0.62702,42.92001],[-0.62702,42.92048],[-0.62686,42.921],[-0.62608,42.92245],[-0.62641,42.92326],[-0.62637,42.92357],[-0.62608,42.92409],[-0.62545,42.92465],[-0.62543,42.92485],[-0.62551,42.925],[-0.62712,42.92452],[-0.62823,42.92401],[-0.62882,42.92342],[-0.62972,42.92279],[-0.63023,42.92218],[-0.63303,42.9208],[-0.63383,42.92014],[-0.63496,42.91965],[-0.63618,42.91966],[-0.63693,42.91942],[-0.63727,42.9192],[-0.63768,42.91857],[-0.63854,42.91825],[-0.63871,42.91807],[-0.63888,42.91745],[-0.63919,42.91693],[-0.63894,42.91617],[-0.63918,42.91558],[-0.63929,42.91473],[-0.64007,42.91424],[-0.6403,42.91425],[-0.64115,42.91493],[-0.64184,42.91531],[-0.64208,42.91536],[-0.64271,42.91525],[-0.64327,42.91492],[-0.644,42.91474],[-0.64444,42.91439],[-0.64498,42.9147],[-0.64527,42.91508],[-0.6463,42.91557],[-0.64826,42.91592],[-0.64911,42.91547],[-0.64956,42.9151],[-0.64958,42.91471],[-0.6498,42.91436],[-0.64975,42.91368],[-0.64981,42.91355],[-0.65011,42.91349],[-0.65087,42.91378],[-0.65118,42.91381],[-0.65151,42.91364],[-0.65163,42.91328],[-0.65195,42.91312],[-0.65219,42.91309],[-0.6525,42.91326],[-0.65276,42.91359],[-0.65312,42.91376],[-0.65356,42.9142],[-0.65389,42.91467],[-0.65432,42.91497],[-0.65365,42.91506],[-0.65331,42.91525],[-0.65326,42.91551],[-0.65332,42.91581],[-0.65375,42.91609],[-0.65457,42.91637],[-0.65552,42.91647],[-0.65583,42.91637],[-0.65694,42.91554],[-0.65764,42.91531],[-0.65886,42.91539],[-0.65976,42.91567],[-0.66053,42.91524],[-0.66187,42.91488],[-0.66249,42.91442],[-0.6631,42.91364],[-0.66361,42.91316],[-0.66421,42.91275],[-0.66493,42.91191],[-0.66586,42.91139],[-0.66665,42.91107]],[[-0.66665,42.93168],[-0.66626,42.93147],[-0.66556,42.9308],[-0.66472,42.93024],[-0.66456,42.92989],[-0.66442,42.92887],[-0.66414,42.92833],[-0.6635,42.92753],[-0.66336,42.92719],[-0.66285,42.92702],[-0.66207,42.9266],[-0.66217,42.92634],[-0.663,42.92579],[-0.66379,42.92491],[-0.66421,42.92471],[-0.6652,42.92454],[-0.66609,42.92401],[-0.66665,42.92383]],[[-0.65082,42.91643],[-0.65098,42.91634],[-0.65045,42.91614],[-0.65017,42.91618],[-0.64996,42.91635],[-0.65038,42.9165],[-0.65082,42.91643]],[[-0.54609,42.88685],[-0.54701,42.88645],[-0.5474,42.88638],[-0.54976,42.88676],[-0.55168,42.88663],[-0.55309,42.88665],[-0.55471,42.88603],[-0.55639,42.88571],[-0.55693,42.88553],[-0.55834,42.88441],[-0.5584,42.88415],[-0.55828,42.88396],[-0.55746,42.88345],[-0.55517,42.88293],[-0.55311,42.8822]]]}},{"type":"Feature","properties":{"ele":1070},"geometry":{"type":"MultiLineString","coordinates":[[[-0.63972,42.94609],[-0.63897,42.94574],[-0.63837,42.94532],[-0.63767,42.94518],[-0.63633,42.94471],[-0.63372,42.94437],[-0.63316,42.94423],[-0.63279,42.9443],[-0.63201,42.94475],[-0.63017,42.94504],[-0.62976,42.94494],[-0.62888,42.94442],[-0.62833,42.94438],[-0.62771,42.94419],[-0.62608,42.94423],[-0.62575,42.94414],[-0.62642,42.94364],[-0.62749,42.94335],[-0.62788,42.94305],[-0.62832,42.94192],[-0.62889,42.94089],[-0.62919,42.93976],[-0.62958,42.93919],[-0.6297,42.93884],[-0.62986,42.93879],[-0.63054,42.93886],[-0.63163,42.93916],[-0.63295,42.9393],[-0.6341,42.9392],[-0.63461,42.93943],[-0.63661,42.93998],[-0.63733,42.93995],[-0.63896,42.94012],[-0.64056,42.94008],[-0.64087,42.94003],[-0.64141,42.93979],[-0.64261,42.93898],[-0.64337,42.93874],[-0.64391,42.93843],[-0.64451,42.93785],[-0.64465,42.93715],[-0.64502,42.93665],[-0.64563,42.93655],[-0.64635,42.93666],[-0.64702,42.93689],[-0.6475,42.93719],[-0.64782,42.93721],[-0.64927,42.93677],[-0.65014,42.93662],[-0.65142,42.93654],[-0.65199,42.93639],[-0.65247,42.93614],[-0.65282,42.93609],[-0.6525,42.936],[-0.65193,42.93569],[-0.65191,42.93552],[-0.6525,42.93536],[-0.6532,42.93535],[-0.65363,42.93548],[-0.65378,42.93569],[-0.65389,42.93606],[-0.65417,42.9362],[-0.65554,42.93579],[-0.65705,42.93621],[-0.65782,42.93581],[-0.65879,42.93567],[-0.66205,42.93619],[-0.66361,42.93677],[-0.66451,42.93682],[-0.66554,42.93633],[-0.66625,42.93645],[-0.66665,42.9364]],[[-0.59619,42.94609],[-0.59582,42.9458],[-0.59483,42.94556],[-0.59388,42.94588],[-0.59309,42.94594],[-0.59262,42.94609]],[[-0.58407,42.94609],[-0.58393,42.94579],[-0.58361,42.94557],[-0.58295,42.94536],[-0.58257,42.94541],[-0.58156,42.94581],[-0.58109,42.94583],[-0.58063,42.94501],[-0.58024,42.94468],[-0.57935,42.94445],[-0.57792,42.94424],[-0.57686,42.94387],[-0.57559,42.94373],[-0.5742,42.94321],[-0.57337,42.9433],[-0.57257,42.94302],[-0.57203,42.94252],[-0.57202,42.94216],[-0.57182,42.94173],[-0.57179,42.94135],[-0.57209,42.94076],[-0.5719,42.94025],[-0.5727,42.93943],[-0.57287,42.9385],[-0.57304,42.93831],[-0.57359,42.93801],[-0.57359,42.93749],[-0.5733,42.93694],[-0.57276,42.93636],[-0.57231,42.93608],[-0.57184,42.9359],[-0.5691,42.93533],[-0.56816,42.93526],[-0.56749,42.93534],[-0.56704,42.93471],[-0.56671,42.93442],[-0.56666,42.93413],[-0.56614,42.93336],[-0.56617,42.93294],[-0.56641,42.93263],[-0.56761,42.9326],[-0.568,42.93245],[-0.56831,42.93219],[-0.56847,42.93176],[-0.56829,42.93078],[-0.56872,42.93006],[-0.56877,42.92966],[-0.56891,42.92945],[-0.56944,42.9291],[-0.57063,42.92872],[-0.57194,42.92859],[-0.57243,42.92823],[-0.57283,42.92804],[-0.57295,42.9278],[-0.57288,42.92729],[-0.57263,42.92683],[-0.57264,42.92632],[-0.57216,42.92576],[-0.57171,42.92555],[-0.57111,42.92547],[-0.56948,42.92502],[-0.56868,42.9249],[-0.56832,42.92467],[-0.5681,42.92399],[-0.56818,42.92353],[-0.56887,42.92247],[-0.56984,42.92171],[-0.56988,42.92152],[-0.56978,42.92131],[-0.56934,42.92116],[-0.56854,42.92121],[-0.56666,42.92108],[-0.56403,42.92016],[-0.56251,42.9201],[-0.5623,42.91994],[-0.56224,42.91941],[-0.56203,42.91903],[-0.56166,42.91866],[-0.56135,42.91849],[-0.56003,42.91831],[-0.55888,42.91801],[-0.55767,42.91758],[-0.55558,42.91715],[-0.55476,42.91684],[-0.55399,42.91633],[-0.55361,42.91618],[-0.5525,42.91598],[-0.55143,42.91592],[-0.5499,42.91502],[-0.54767,42.91463],[-0.54726,42.91462],[-0.54692,42.91471],[-0.54686,42.91441],[-0.54703,42.91378],[-0.54691,42.9133],[-0.54714,42.91305],[-0.54809,42.91291],[-0.54834,42.91277],[-0.5489,42.91221],[-0.55002,42.91165],[-0.55085,42.91143],[-0.55139,42.91118],[-0.55222,42.9111],[-0.555,42.91036],[-0.55719,42.91078],[-0.55945,42.91082],[-0.56191,42.9107],[-0.5622,42.91051],[-0.56231,42.91023],[-0.56234,42.90909],[-0.56243,42.9086],[-0.5623,42.90828],[-0.56171,42.90745],[-0.56094,42.9071],[-0.56033,42.90658],[-0.55895,42.90578],[-0.55883,42.90556],[-0.55883,42.90524],[-0.55849,42.90467],[-0.5584,42.90412],[-0.55815,42.90374],[-0.55766,42.90256],[-0.55717,42.90169],[-0.5561,42.90025],[-0.55544,42.89995],[-0.55556,42.89919],[-0.55585,42.8989],[-0.55608,42.89837],[-0.55649,42.89776],[-0.55685,42.89581],[-0.55721,42.89527],[-0.55735,42.89473],[-0.55757,42.89439],[-0.55763,42.89399],[-0.55756,42.89327],[-0.55667,42.89273],[-0.55644,42.89228],[-0.5563,42.89175],[-0.55591,42.89121],[-0.5559,42.89096],[-0.55605,42.89075],[-0.55722,42.89026],[-0.55777,42.8897],[-0.55851,42.88941],[-0.55868,42.8892],[-0.55867,42.88907],[-0.55826,42.8889],[-0.55722,42.88912],[-0.55684,42.88913],[-0.55389,42.88866],[-0.54983,42.88856],[-0.54907,42.88862],[-0.54888,42.88858],[-0.54861,42.88829],[-0.5484,42.88817],[-0.54754,42.88825],[-0.5468,42.88778],[-0.54609,42.88756]],[[-0.65526,42.93566],[-0.65529,42.93552],[-0.65509,42.93554],[-0.65526,42.93566]],[[-0.64721,42.93554],[-0.64674,42.93548],[-0.64632,42.93553],[-0.64681,42.93562],[-0.64721,42.93554]],[[-0.56919,42.8822],[-0.56875,42.88245],[-0.56861,42.88267],[-0.56855,42.88304],[-0.56872,42.88332],[-0.5686,42.88352],[-0.56751,42.88388],[-0.56725,42.88421],[-0.56713,42.88465],[-0.56722,42.88528],[-0.56707,42.8859],[-0.5675,42.88661],[-0.56786,42.88704],[-0.56782,42.88749],[-0.56789,42.88794],[-0.56775,42.88831],[-0.56855,42.88999],[-0.57107,42.89174],[-0.57153,42.89226],[-0.57154,42.89277],[-0.57166,42.89302],[-0.5722,42.89359],[-0.57288,42.89401],[-0.57351,42.89398],[-0.57408,42.89386],[-0.5749,42.8935],[-0.57545,42.89314],[-0.57677,42.89284],[-0.57781,42.89231],[-0.57862,42.892],[-0.57915,42.89164],[-0.58025,42.89108],[-0.58055,42.89102],[-0.58064,42.89135],[-0.58057,42.89166],[-0.57999,42.89257],[-0.57942,42.89331],[-0.57931,42.89433],[-0.57868,42.89551],[-0.57865,42.89611],[-0.57785,42.89649],[-0.57772,42.89662],[-0.5779,42.89698],[-0.5786,42.89747],[-0.57903,42.89805],[-0.57916,42.89859],[-0.57885,42.89913],[-0.57879,42.89945],[-0.57912,42.89972],[-0.57985,42.9],[-0.58118,42.90107],[-0.58165,42.90136],[-0.58191,42.90167],[-0.58245,42.90199],[-0.58259,42.90219],[-0.58245,42.90257],[-0.58248,42.90304],[-0.58279,42.90355],[-0.58358,42.90415],[-0.58446,42.90456],[-0.58528,42.90543],[-0.58631,42.90608],[-0.588,42.90639],[-0.58901,42.90694],[-0.58891,42.90721],[-0.58834,42.90749],[-0.58775,42.90802],[-0.58674,42.90836],[-0.58623,42.90865],[-0.58557,42.90975],[-0.5854,42.91055],[-0.58582,42.91164],[-0.58648,42.91212],[-0.58651,42.91229],[-0.5864,42.91249],[-0.58588,42.91279],[-0.58432,42.91331],[-0.58453,42.91359],[-0.58555,42.91414],[-0.58641,42.91499],[-0.58807,42.91635],[-0.58824,42.91693],[-0.58846,42.91732],[-0.58846,42.91756],[-0.58825,42.91795],[-0.58776,42.91831],[-0.58771,42.9186],[-0.58714,42.91993],[-0.58669,42.92034],[-0.5867,42.92076],[-0.58687,42.92142],[-0.58679,42.9219],[-0.58693,42.9222],[-0.58688,42.92274],[-0.58735,42.92331],[-0.58748,42.92387],[-0.58775,42.92422],[-0.58867,42.9246],[-0.58907,42.92497],[-0.58926,42.92534],[-0.58914,42.92609],[-0.5894,42.92637],[-0.59045,42.92699],[-0.59212,42.92708],[-0.59309,42.92743],[-0.5936,42.92747],[-0.59385,42.92759],[-0.59408,42.92782],[-0.59443,42.92865],[-0.59552,42.92974],[-0.59628,42.93026],[-0.59711,42.93055],[-0.59733,42.93081],[-0.59759,42.93134],[-0.59783,42.93156],[-0.59803,42.93167],[-0.59865,42.93173],[-0.59921,42.93209],[-0.59979,42.9321],[-0.60051,42.93225],[-0.60174,42.93188],[-0.60257,42.93179],[-0.60339,42.93194],[-0.60443,42.93164],[-0.60581,42.93187],[-0.60605,42.932],[-0.60637,42.93234],[-0.60738,42.93301],[-0.60853,42.93358],[-0.60858,42.93446],[-0.60888,42.93472],[-0.60912,42.93477],[-0.60928,42.93471],[-0.60936,42.93437],[-0.60931,42.93409],[-0.60915,42.93386],[-0.60867,42.93359],[-0.60863,42.93346],[-0.60886,42.933],[-0.60896,42.9325],[-0.60962,42.93186],[-0.60986,42.93142],[-0.60989,42.9311],[-0.60965,42.93033],[-0.60925,42.92951],[-0.60916,42.92912],[-0.60857,42.92833],[-0.60862,42.92803],[-0.60849,42.92773],[-0.6085,42.92715],[-0.60796,42.92637],[-0.6082,42.92609],[-0.60931,42.92582],[-0.60951,42.92557],[-0.60946,42.92527],[-0.60918,42.9246],[-0.60907,42.92367],[-0.60876,42.92284],[-0.60878,42.92264],[-0.60917,42.92223],[-0.60928,42.92192],[-0.60944,42.92176],[-0.61075,42.92109],[-0.61132,42.92095],[-0.6124,42.92093],[-0.61278,42.92083],[-0.61247,42.92026],[-0.61238,42.91989],[-0.61236,42.91944],[-0.61252,42.91883],[-0.61316,42.91749],[-0.61416,42.91637],[-0.61447,42.9158],[-0.61445,42.91547],[-0.61386,42.91362],[-0.61401,42.91309],[-0.61523,42.91157],[-0.61668,42.91109],[-0.61682,42.91079],[-0.61686,42.91034],[-0.61656,42.90975],[-0.6166,42.90939],[-0.6172,42.90858],[-0.61831,42.90747],[-0.61875,42.90667],[-0.61964,42.90606],[-0.6205,42.90523],[-0.62107,42.90491],[-0.62275,42.90422],[-0.62367,42.90329],[-0.62576,42.90214],[-0.62705,42.90079],[-0.62721,42.90052],[-0.62723,42.90085],[-0.62695,42.9019],[-0.62699,42.90279],[-0.62661,42.90387],[-0.62612,42.90455],[-0.62513,42.90527],[-0.62474,42.90566],[-0.6238,42.90698],[-0.62366,42.90791],[-0.62361,42.91005],[-0.62343,42.91072],[-0.62343,42.91108],[-0.6232,42.91134],[-0.62315,42.91173],[-0.62304,42.91192],[-0.62252,42.91223],[-0.62155,42.91304],[-0.62165,42.91331],[-0.62233,42.91342],[-0.62337,42.91384],[-0.62436,42.91469],[-0.62432,42.9152],[-0.62448,42.91562],[-0.62445,42.91582],[-0.62415,42.91609],[-0.62411,42.91628],[-0.62418,42.91711],[-0.62405,42.91777],[-0.62411,42.91807],[-0.62479,42.91856],[-0.6255,42.91889],[-0.62634,42.91952],[-0.62724,42.91998],[-0.62722,42.92054],[-0.62694,42.92135],[-0.62631,42.92244],[-0.62666,42.9233],[-0.62661,42.92355],[-0.62635,42.92407],[-0.62576,42.92467],[-0.62579,42.92472],[-0.62612,42.92471],[-0.62717,42.92436],[-0.62809,42.92394],[-0.62867,42.92336],[-0.62948,42.92277],[-0.62998,42.92218],[-0.6319,42.92116],[-0.63274,42.92079],[-0.63353,42.92015],[-0.63416,42.91981],[-0.63483,42.91953],[-0.63597,42.91955],[-0.63648,42.91943],[-0.637,42.91916],[-0.63745,42.91852],[-0.63851,42.91803],[-0.63897,42.91692],[-0.6389,42.91662],[-0.63858,42.91607],[-0.63861,42.91581],[-0.63897,42.91506],[-0.63894,42.91437],[-0.63943,42.91387],[-0.63997,42.91369],[-0.64051,42.91319],[-0.64064,42.91334],[-0.64069,42.91409],[-0.64081,42.91442],[-0.64191,42.91513],[-0.64222,42.91513],[-0.64256,42.91501],[-0.64301,42.91436],[-0.6436,42.91447],[-0.64384,42.91412],[-0.64413,42.91399],[-0.64476,42.9138],[-0.64538,42.9138],[-0.6458,42.91368],[-0.64689,42.9142],[-0.64718,42.91422],[-0.6473,42.91435],[-0.6473,42.91444],[-0.6472,42.91449],[-0.64629,42.91469],[-0.64632,42.915],[-0.6469,42.91503],[-0.64711,42.91527],[-0.6475,42.91541],[-0.64833,42.9154],[-0.64888,42.91527],[-0.64889,42.91516],[-0.648,42.9148],[-0.64788,42.91472],[-0.6479,42.91464],[-0.64882,42.91396],[-0.64899,42.91407],[-0.64915,42.91459],[-0.64947,42.91417],[-0.64941,42.91381],[-0.64917,42.91356],[-0.64886,42.91346],[-0.64859,42.91284],[-0.64866,42.91262],[-0.64887,42.91257],[-0.64942,42.91298],[-0.64979,42.91309],[-0.65006,42.91305],[-0.65029,42.91284],[-0.65094,42.91257],[-0.65156,42.91271],[-0.65192,42.91247],[-0.65229,42.9126],[-0.65306,42.91258],[-0.65338,42.91272],[-0.6543,42.91443],[-0.65476,42.91466],[-0.65554,42.91467],[-0.65569,42.91522],[-0.65578,42.91531],[-0.65656,42.91532],[-0.65767,42.91502],[-0.65861,42.91514],[-0.65972,42.91548],[-0.66196,42.91463],[-0.66235,42.91431],[-0.6629,42.91358],[-0.66355,42.91301],[-0.66402,42.91271],[-0.6646,42.91189],[-0.66525,42.91164],[-0.66609,42.91107],[-0.66665,42.91087]],[[-0.66665,42.93151],[-0.66637,42.93136],[-0.66583,42.9308],[-0.66496,42.93019],[-0.66479,42.92992],[-0.66468,42.92949],[-0.66467,42.9289],[-0.6637,42.92753],[-0.66362,42.92718],[-0.66278,42.9268],[-0.66261,42.92666],[-0.66255,42.92649],[-0.66261,42.92631],[-0.66326,42.92582],[-0.66406,42.92494],[-0.66458,42.92481],[-0.66581,42.92474],[-0.66623,42.92442],[-0.66665,42.92432]],[[-0.64915,42.91509],[-0.64923,42.91495],[-0.64912,42.91479],[-0.64898,42.91497],[-0.64915,42.91509]],[[-0.64582,42.91472],[-0.64598,42.91468],[-0.6456,42.9144],[-0.64525,42.91437],[-0.64553,42.91471],[-0.64582,42.91472]],[[-0.62748,42.90007],[-0.62777,42.89969],[-0.62749,42.89995],[-0.62748,42.90007]],[[-0.54609,42.88669],[-0.54694,42.88637],[-0.54747,42.88628],[-0.54939,42.88666],[-0.55014,42.88672],[-0.55174,42.88653],[-0.55306,42.88656],[-0.55403,42.88627],[-0.55476,42.88595],[-0.55688,42.88545],[-0.55784,42.88471],[-0.55823,42.88426],[-0.55822,42.88409],[-0.55803,42.88387],[-0.55722,42.88348],[-0.55507,42.88296],[-0.55289,42.8822]]]}},{"type":"Feature","properties":{"ele":1080},"geometry":{"type":"MultiLineString","coordinates":[[[-0.6399,42.94609],[-0.63909,42.9457],[-0.63837,42.9452],[-0.63774,42.94511],[-0.63656,42.9447],[-0.63542,42.94446],[-0.63472,42.94442],[-0.63304,42.94409],[-0.63279,42.94417],[-0.63208,42.94462],[-0.63017,42.94492],[-0.62986,42.94484],[-0.62892,42.94432],[-0.62837,42.94423],[-0.62778,42.94403],[-0.62643,42.94401],[-0.62629,42.94387],[-0.62754,42.94346],[-0.62811,42.94305],[-0.62825,42.94235],[-0.62885,42.94124],[-0.62924,42.93992],[-0.62976,42.93922],[-0.63007,42.93897],[-0.63052,42.93899],[-0.63167,42.9393],[-0.63281,42.93942],[-0.63403,42.93936],[-0.63653,42.9401],[-0.63729,42.94007],[-0.63886,42.94024],[-0.64066,42.94028],[-0.64165,42.93991],[-0.64273,42.93912],[-0.64344,42.93896],[-0.64412,42.93858],[-0.64472,42.93805],[-0.64498,42.93718],[-0.64523,42.9369],[-0.64559,42.93678],[-0.64636,42.93692],[-0.64744,42.93749],[-0.64826,42.93752],[-0.64979,42.93721],[-0.65111,42.93721],[-0.65274,42.93647],[-0.65483,42.937],[-0.65638,42.93692],[-0.65745,42.93673],[-0.6578,42.93644],[-0.65826,42.93624],[-0.65913,42.93604],[-0.66172,42.93663],[-0.66244,42.93668],[-0.66323,42.93708],[-0.66412,42.93712],[-0.66445,42.93738],[-0.66518,42.93689],[-0.66594,42.93697],[-0.66665,42.93681]],[[-0.59598,42.94609],[-0.59552,42.94582],[-0.59483,42.94567],[-0.59389,42.94598],[-0.59291,42.94609]],[[-0.58386,42.94609],[-0.58366,42.94575],[-0.58298,42.9455],[-0.58253,42.94556],[-0.5816,42.94591],[-0.58112,42.94596],[-0.58087,42.9458],[-0.58074,42.94544],[-0.58049,42.94508],[-0.57995,42.94475],[-0.5791,42.94456],[-0.57777,42.94442],[-0.57663,42.94399],[-0.57584,42.94394],[-0.57443,42.94359],[-0.5741,42.94337],[-0.57323,42.9434],[-0.57229,42.94301],[-0.57184,42.94258],[-0.5718,42.94219],[-0.57162,42.94192],[-0.57163,42.94131],[-0.57189,42.94076],[-0.57161,42.94025],[-0.57247,42.93941],[-0.57264,42.93864],[-0.57277,42.93835],[-0.5733,42.93802],[-0.57341,42.93787],[-0.57346,42.9376],[-0.5733,42.93724],[-0.57278,42.9366],[-0.57193,42.93608],[-0.56906,42.93546],[-0.56816,42.93539],[-0.5675,42.9355],[-0.5672,42.93526],[-0.56691,42.93478],[-0.56655,42.93444],[-0.56649,42.93411],[-0.56594,42.93332],[-0.56606,42.9328],[-0.56597,42.93248],[-0.56625,42.93244],[-0.56736,42.93256],[-0.56776,42.93248],[-0.5682,42.93221],[-0.56836,42.93195],[-0.56838,42.93176],[-0.56815,42.93083],[-0.56852,42.93013],[-0.56857,42.92968],[-0.56871,42.92944],[-0.56938,42.929],[-0.57053,42.92862],[-0.57184,42.92846],[-0.5725,42.92797],[-0.57273,42.92767],[-0.57269,42.92728],[-0.57246,42.9269],[-0.57251,42.92635],[-0.5719,42.92584],[-0.57017,42.92533],[-0.56857,42.92504],[-0.56813,42.92471],[-0.56791,42.92402],[-0.56799,42.92351],[-0.56862,42.92248],[-0.56977,42.92169],[-0.56971,42.92135],[-0.56931,42.92123],[-0.56667,42.92122],[-0.56413,42.92033],[-0.56229,42.92025],[-0.56208,42.92002],[-0.56206,42.91954],[-0.56188,42.9191],[-0.56169,42.91884],[-0.56125,42.91856],[-0.55991,42.91835],[-0.55686,42.91746],[-0.55553,42.91723],[-0.55469,42.91692],[-0.55388,42.91636],[-0.55365,42.91629],[-0.55276,42.91608],[-0.55146,42.91602],[-0.54983,42.91514],[-0.5475,42.91478],[-0.54723,42.91481],[-0.54674,42.91512],[-0.54658,42.91506],[-0.54664,42.91443],[-0.54686,42.91385],[-0.54679,42.91329],[-0.54687,42.91302],[-0.54807,42.91279],[-0.54858,42.91219],[-0.54981,42.91163],[-0.55077,42.91136],[-0.55135,42.91104],[-0.55201,42.91099],[-0.55495,42.91024],[-0.55705,42.91062],[-0.55847,42.91073],[-0.5617,42.91065],[-0.56199,42.91054],[-0.56215,42.91024],[-0.56216,42.90912],[-0.56226,42.90859],[-0.56143,42.90747],[-0.56079,42.90721],[-0.56011,42.90664],[-0.55912,42.9061],[-0.55874,42.90581],[-0.55857,42.90555],[-0.5586,42.90525],[-0.55834,42.90492],[-0.55754,42.90273],[-0.55694,42.90163],[-0.55611,42.90053],[-0.55584,42.90029],[-0.55497,42.89998],[-0.55518,42.89968],[-0.55515,42.89914],[-0.55573,42.89868],[-0.55627,42.89777],[-0.55636,42.89717],[-0.55665,42.89636],[-0.55673,42.89576],[-0.5571,42.89506],[-0.55716,42.89466],[-0.55741,42.89423],[-0.55748,42.89387],[-0.5573,42.89331],[-0.5564,42.89271],[-0.55615,42.89188],[-0.55581,42.89138],[-0.55582,42.89092],[-0.55605,42.8907],[-0.55709,42.89026],[-0.55753,42.88971],[-0.55785,42.88953],[-0.55833,42.88943],[-0.55862,42.88911],[-0.55823,42.88899],[-0.55712,42.88925],[-0.55524,42.889],[-0.55389,42.88872],[-0.54979,42.88864],[-0.54899,42.8887],[-0.54858,42.88859],[-0.54826,42.88841],[-0.54748,42.88842],[-0.54687,42.88791],[-0.54609,42.88765]],[[-0.56936,42.8822],[-0.56892,42.88249],[-0.5688,42.88269],[-0.56873,42.88301],[-0.56891,42.88332],[-0.5688,42.88354],[-0.56775,42.88386],[-0.56754,42.88399],[-0.56729,42.88433],[-0.56719,42.88467],[-0.56734,42.8853],[-0.56727,42.88579],[-0.56732,42.88603],[-0.56774,42.88665],[-0.56804,42.88692],[-0.56808,42.88721],[-0.56798,42.88749],[-0.56809,42.888],[-0.56797,42.88843],[-0.56825,42.88917],[-0.56866,42.88996],[-0.57109,42.89167],[-0.57164,42.89221],[-0.57171,42.89249],[-0.57164,42.89276],[-0.57226,42.89343],[-0.57271,42.89371],[-0.5733,42.89384],[-0.57458,42.89345],[-0.57525,42.89297],[-0.57604,42.89292],[-0.57665,42.89278],[-0.57778,42.89221],[-0.57859,42.89192],[-0.58026,42.89085],[-0.58053,42.89052],[-0.58083,42.89048],[-0.58098,42.89086],[-0.58086,42.89136],[-0.58014,42.89266],[-0.57958,42.89337],[-0.57948,42.89444],[-0.57884,42.89553],[-0.57891,42.89614],[-0.57865,42.89642],[-0.57816,42.8966],[-0.57806,42.8967],[-0.57815,42.89698],[-0.57883,42.8975],[-0.57923,42.89803],[-0.57939,42.89867],[-0.57903,42.89914],[-0.57899,42.89945],[-0.57922,42.89963],[-0.58002,42.89994],[-0.58055,42.90042],[-0.58191,42.90137],[-0.58213,42.90166],[-0.58263,42.90193],[-0.58278,42.9022],[-0.58263,42.9025],[-0.58261,42.90277],[-0.58278,42.9032],[-0.58354,42.90396],[-0.58456,42.90444],[-0.58526,42.90525],[-0.58653,42.90599],[-0.58816,42.90631],[-0.58877,42.90671],[-0.58947,42.90692],[-0.58921,42.90721],[-0.58866,42.90752],[-0.58806,42.90805],[-0.58671,42.90851],[-0.58634,42.90883],[-0.58577,42.90985],[-0.5858,42.91082],[-0.58621,42.91161],[-0.58677,42.91211],[-0.5868,42.91229],[-0.58667,42.9125],[-0.5861,42.91287],[-0.58463,42.91332],[-0.58477,42.9136],[-0.58577,42.91416],[-0.5864,42.91468],[-0.58661,42.91502],[-0.58747,42.91554],[-0.58833,42.91636],[-0.58863,42.91684],[-0.58867,42.91753],[-0.58853,42.91792],[-0.58805,42.91833],[-0.58784,42.91881],[-0.58766,42.91958],[-0.58732,42.91999],[-0.58695,42.92027],[-0.58687,42.92052],[-0.58704,42.92145],[-0.58699,42.92187],[-0.58708,42.92221],[-0.58705,42.9227],[-0.58752,42.9233],[-0.58767,42.92397],[-0.58799,42.92427],[-0.58892,42.92463],[-0.58943,42.92525],[-0.5893,42.92586],[-0.58934,42.92613],[-0.59025,42.9268],[-0.59076,42.92697],[-0.59233,42.92703],[-0.59388,42.92747],[-0.59418,42.92775],[-0.59451,42.92857],[-0.59566,42.92973],[-0.59642,42.93023],[-0.59721,42.93053],[-0.59775,42.93137],[-0.59792,42.93148],[-0.59865,42.93162],[-0.59932,42.93196],[-0.60056,42.93214],[-0.60191,42.93176],[-0.60264,42.9317],[-0.60344,42.93183],[-0.60434,42.93157],[-0.60469,42.93154],[-0.60606,42.93183],[-0.60637,42.9322],[-0.60806,42.93319],[-0.60837,42.93323],[-0.60864,42.9331],[-0.60881,42.93246],[-0.60942,42.93191],[-0.60973,42.93133],[-0.6095,42.93041],[-0.60895,42.92912],[-0.60841,42.92836],[-0.60842,42.92802],[-0.60828,42.92775],[-0.60833,42.92718],[-0.60775,42.92637],[-0.60794,42.92607],[-0.60895,42.9258],[-0.60931,42.9255],[-0.609,42.92458],[-0.60888,42.92358],[-0.60852,42.9228],[-0.60852,42.92263],[-0.60858,42.92247],[-0.60892,42.92221],[-0.60919,42.92165],[-0.6108,42.92094],[-0.61138,42.9208],[-0.61212,42.92077],[-0.61239,42.92057],[-0.61221,42.92002],[-0.61215,42.91951],[-0.6124,42.91862],[-0.613,42.9174],[-0.614,42.91636],[-0.6143,42.91579],[-0.61423,42.91531],[-0.61358,42.9136],[-0.61358,42.9133],[-0.61368,42.91311],[-0.61495,42.91163],[-0.61525,42.91136],[-0.61594,42.91122],[-0.61631,42.91104],[-0.61654,42.91034],[-0.61633,42.90975],[-0.61638,42.90943],[-0.61721,42.90831],[-0.61784,42.90769],[-0.61858,42.90663],[-0.61936,42.90605],[-0.62016,42.90525],[-0.6214,42.90458],[-0.62252,42.90416],[-0.62362,42.90313],[-0.62492,42.90245],[-0.62578,42.90189],[-0.62658,42.90107],[-0.62701,42.90047],[-0.62749,42.89931],[-0.62779,42.89901],[-0.62861,42.89854],[-0.62884,42.89851],[-0.62893,42.89858],[-0.62863,42.89889],[-0.62841,42.8993],[-0.62823,42.89993],[-0.62778,42.90028],[-0.6274,42.9009],[-0.62714,42.90197],[-0.62718,42.90305],[-0.62687,42.90381],[-0.62579,42.9052],[-0.62536,42.90553],[-0.62405,42.90698],[-0.6238,42.90905],[-0.62383,42.90992],[-0.62364,42.91072],[-0.62369,42.91114],[-0.6235,42.91138],[-0.62332,42.91192],[-0.6227,42.9123],[-0.62183,42.91303],[-0.62196,42.91314],[-0.62337,42.91371],[-0.62458,42.91454],[-0.62466,42.91475],[-0.62458,42.91523],[-0.62478,42.91559],[-0.62473,42.91582],[-0.62443,42.91609],[-0.62433,42.91635],[-0.62438,42.91721],[-0.62428,42.91777],[-0.62436,42.91801],[-0.6249,42.91843],[-0.62575,42.91888],[-0.62639,42.91942],[-0.62733,42.91992],[-0.62743,42.92003],[-0.62744,42.92048],[-0.62721,42.92115],[-0.62654,42.92246],[-0.62658,42.92275],[-0.62685,42.92336],[-0.62681,42.92364],[-0.62659,42.92411],[-0.62669,42.92425],[-0.62722,42.92422],[-0.62801,42.92385],[-0.62834,42.92346],[-0.62923,42.92274],[-0.63,42.92199],[-0.63166,42.92109],[-0.63275,42.92062],[-0.6334,42.92005],[-0.63443,42.91942],[-0.63479,42.91935],[-0.63582,42.91942],[-0.63618,42.91937],[-0.6369,42.91901],[-0.63718,42.91855],[-0.63749,42.91831],[-0.6383,42.918],[-0.63852,42.91773],[-0.63878,42.9169],[-0.6387,42.91661],[-0.63833,42.91606],[-0.6383,42.9158],[-0.63834,42.91556],[-0.63878,42.91496],[-0.63875,42.91433],[-0.63887,42.91384],[-0.63913,42.91357],[-0.63946,42.91361],[-0.63974,42.91353],[-0.64055,42.91277],[-0.64074,42.91267],[-0.6409,42.91268],[-0.64099,42.91281],[-0.64092,42.9136],[-0.64097,42.91417],[-0.64163,42.91478],[-0.64192,42.91498],[-0.64201,42.91498],[-0.64249,42.91471],[-0.64254,42.9144],[-0.64275,42.91412],[-0.6432,42.91395],[-0.64438,42.91371],[-0.64511,42.91339],[-0.64555,42.91333],[-0.64561,42.91284],[-0.64549,42.91246],[-0.64558,42.9123],[-0.64609,42.9125],[-0.64665,42.91238],[-0.64691,42.91306],[-0.64771,42.9131],[-0.64804,42.91303],[-0.64817,42.9127],[-0.64824,42.91211],[-0.64819,42.91149],[-0.648,42.9111],[-0.64804,42.9108],[-0.64881,42.91195],[-0.6494,42.91259],[-0.64965,42.91259],[-0.65027,42.91233],[-0.65084,42.91198],[-0.65164,42.91163],[-0.65329,42.91206],[-0.6536,42.91228],[-0.65384,42.91287],[-0.65464,42.91386],[-0.65469,42.91416],[-0.65486,42.91428],[-0.655,42.91431],[-0.65516,42.91421],[-0.6554,42.9138],[-0.65576,42.91375],[-0.656,42.91395],[-0.65601,42.91441],[-0.65608,42.91449],[-0.65749,42.9146],[-0.65782,42.91475],[-0.65859,42.9149],[-0.65928,42.91525],[-0.65971,42.9153],[-0.6614,42.91473],[-0.66195,42.91444],[-0.66233,42.91408],[-0.6626,42.91357],[-0.66392,42.91259],[-0.66443,42.91175],[-0.6652,42.91148],[-0.66597,42.91095],[-0.66665,42.9106]],[[-0.66665,42.93136],[-0.66631,42.93113],[-0.66581,42.93055],[-0.665,42.92996],[-0.66484,42.92947],[-0.6649,42.92886],[-0.66465,42.92864],[-0.66403,42.92775],[-0.66371,42.9271],[-0.66353,42.92695],[-0.66289,42.9267],[-0.6628,42.92655],[-0.6629,42.92632],[-0.66329,42.92606],[-0.66397,42.92528],[-0.66431,42.92505],[-0.66496,42.92496],[-0.66632,42.92514],[-0.66665,42.92507]],[[-0.54609,42.88661],[-0.54699,42.88627],[-0.5475,42.88619],[-0.55021,42.88667],[-0.55076,42.88664],[-0.55174,42.88644],[-0.55316,42.88644],[-0.55406,42.88619],[-0.55476,42.88588],[-0.55692,42.88534],[-0.55768,42.8847],[-0.55807,42.88417],[-0.55758,42.88378],[-0.55698,42.88348],[-0.55472,42.88294],[-0.55309,42.8824],[-0.55268,42.8822]]]}},{"type":"Feature","properties":{"ele":1090},"geometry":{"type":"MultiLineString","coordinates":[[[-0.64006,42.94609],[-0.6391,42.9456],[-0.63844,42.94512],[-0.63774,42.94502],[-0.63665,42.94465],[-0.63542,42.94436],[-0.63385,42.94416],[-0.63306,42.94397],[-0.63274,42.94407],[-0.63205,42.94452],[-0.63021,42.94482],[-0.62992,42.94474],[-0.62917,42.94425],[-0.62858,42.94415],[-0.62775,42.94386],[-0.62764,42.9436],[-0.62836,42.94304],[-0.62841,42.94221],[-0.62893,42.94138],[-0.62936,42.93989],[-0.62996,42.93923],[-0.63024,42.9391],[-0.63058,42.93911],[-0.63118,42.93932],[-0.63191,42.93946],[-0.63302,42.93954],[-0.63417,42.93952],[-0.63478,42.93968],[-0.63532,42.93994],[-0.63653,42.94023],[-0.63733,42.9402],[-0.63886,42.94036],[-0.6408,42.94045],[-0.64194,42.94003],[-0.64275,42.93941],[-0.64358,42.93913],[-0.6441,42.93883],[-0.64475,42.93835],[-0.64527,42.9372],[-0.6457,42.93696],[-0.64631,42.93709],[-0.64736,42.93768],[-0.64826,42.93783],[-0.64993,42.93756],[-0.65094,42.93756],[-0.65278,42.9367],[-0.65448,42.93718],[-0.65528,42.93781],[-0.65669,42.93722],[-0.65767,42.93708],[-0.65806,42.93688],[-0.65906,42.93662],[-0.65948,42.93642],[-0.66161,42.93697],[-0.6624,42.93701],[-0.66313,42.93734],[-0.66389,42.93745],[-0.66415,42.93775],[-0.66462,42.93767],[-0.66511,42.93733],[-0.66607,42.93731],[-0.66665,42.93707]],[[-0.59576,42.94609],[-0.59522,42.94584],[-0.5948,42.94577],[-0.59387,42.94609]],[[-0.58367,42.94609],[-0.58345,42.94578],[-0.58292,42.94564],[-0.58125,42.94609]],[[-0.58093,42.94609],[-0.58076,42.94594],[-0.58046,42.94527],[-0.57995,42.94491],[-0.57909,42.94471],[-0.57771,42.94458],[-0.57663,42.94415],[-0.57582,42.94414],[-0.57448,42.94377],[-0.57394,42.94354],[-0.57326,42.94353],[-0.57204,42.94305],[-0.57178,42.94285],[-0.57166,42.94273],[-0.57134,42.94194],[-0.57145,42.94124],[-0.57168,42.94081],[-0.57143,42.94024],[-0.57224,42.93943],[-0.57266,42.93829],[-0.57333,42.93778],[-0.57324,42.93742],[-0.57254,42.9366],[-0.5717,42.93617],[-0.56903,42.93559],[-0.5681,42.93551],[-0.56771,42.93566],[-0.56743,42.93563],[-0.56709,42.93531],[-0.56688,42.93496],[-0.56644,42.93447],[-0.56637,42.93414],[-0.56609,42.93387],[-0.56578,42.93336],[-0.56588,42.93269],[-0.56552,42.9324],[-0.5651,42.9322],[-0.56562,42.93217],[-0.56719,42.9325],[-0.56767,42.93243],[-0.56803,42.93227],[-0.56822,42.93204],[-0.56829,42.9318],[-0.5682,42.93142],[-0.56799,42.93109],[-0.56799,42.93082],[-0.56835,42.93023],[-0.5684,42.92965],[-0.56855,42.92938],[-0.56937,42.92885],[-0.57063,42.92846],[-0.5717,42.92836],[-0.57248,42.92774],[-0.57254,42.92743],[-0.5723,42.9269],[-0.57228,42.92638],[-0.57193,42.92608],[-0.57156,42.92589],[-0.57007,42.92545],[-0.5684,42.92515],[-0.56806,42.92496],[-0.56795,42.92477],[-0.56774,42.92412],[-0.56776,42.92359],[-0.56844,42.9224],[-0.56865,42.92222],[-0.56938,42.92189],[-0.56971,42.92165],[-0.56955,42.92136],[-0.5692,42.92129],[-0.56669,42.92136],[-0.56409,42.92047],[-0.56212,42.92036],[-0.56188,42.92023],[-0.56186,42.91961],[-0.56168,42.9191],[-0.56148,42.91883],[-0.56113,42.91863],[-0.55896,42.91819],[-0.55667,42.91749],[-0.55552,42.91731],[-0.55442,42.91693],[-0.55414,42.91665],[-0.55358,42.91637],[-0.55257,42.91615],[-0.5517,42.91616],[-0.55136,42.91609],[-0.54975,42.91524],[-0.54882,42.9151],[-0.54747,42.91508],[-0.54699,42.91518],[-0.54632,42.91552],[-0.5463,42.91471],[-0.54671,42.91381],[-0.54661,42.91302],[-0.54698,42.91289],[-0.54782,42.91277],[-0.54829,42.91219],[-0.54878,42.91193],[-0.54945,42.91164],[-0.55052,42.91136],[-0.55129,42.91091],[-0.55295,42.91064],[-0.55486,42.91017],[-0.55586,42.91022],[-0.55684,42.91046],[-0.55858,42.91067],[-0.56045,42.91067],[-0.56168,42.91058],[-0.56187,42.91048],[-0.56201,42.91022],[-0.56199,42.90919],[-0.56208,42.90864],[-0.56172,42.90807],[-0.56116,42.90748],[-0.56049,42.90721],[-0.5585,42.90582],[-0.55806,42.90493],[-0.55776,42.90386],[-0.55731,42.90263],[-0.55674,42.90162],[-0.55585,42.9005],[-0.55469,42.89997],[-0.55491,42.89964],[-0.55485,42.89912],[-0.55556,42.89861],[-0.55583,42.89807],[-0.5561,42.89776],[-0.55613,42.89721],[-0.55651,42.89635],[-0.5566,42.89559],[-0.55695,42.895],[-0.55697,42.89447],[-0.55721,42.89415],[-0.55727,42.89388],[-0.55721,42.89352],[-0.55615,42.89268],[-0.55596,42.89194],[-0.55572,42.89149],[-0.55573,42.891],[-0.5558,42.8908],[-0.55591,42.89073],[-0.55703,42.8902],[-0.55725,42.88998],[-0.55742,42.88944],[-0.5561,42.88914],[-0.55524,42.88907],[-0.55389,42.88878],[-0.54972,42.88873],[-0.54899,42.88879],[-0.54809,42.88861],[-0.54743,42.88861],[-0.54723,42.88853],[-0.54691,42.88803],[-0.54609,42.88774]],[[-0.56962,42.8822],[-0.56916,42.88248],[-0.56901,42.88274],[-0.56892,42.88301],[-0.56901,42.8834],[-0.56892,42.88361],[-0.56781,42.88395],[-0.56749,42.88415],[-0.56737,42.88434],[-0.56726,42.88475],[-0.56748,42.88531],[-0.56744,42.88587],[-0.56754,42.88612],[-0.56823,42.88697],[-0.56816,42.88749],[-0.56827,42.88798],[-0.56816,42.88843],[-0.56835,42.88915],[-0.56875,42.88991],[-0.57113,42.89162],[-0.57174,42.89217],[-0.57183,42.89239],[-0.57186,42.89283],[-0.57245,42.89343],[-0.5728,42.89357],[-0.57338,42.89362],[-0.57444,42.89332],[-0.57524,42.89279],[-0.5761,42.89278],[-0.57677,42.8926],[-0.57779,42.89207],[-0.57869,42.89172],[-0.58004,42.89084],[-0.58081,42.88994],[-0.58103,42.88986],[-0.58115,42.88991],[-0.58117,42.89111],[-0.58031,42.89273],[-0.57971,42.89347],[-0.57974,42.89395],[-0.57966,42.89441],[-0.57942,42.89496],[-0.57902,42.89555],[-0.57908,42.89621],[-0.57888,42.89654],[-0.57843,42.89691],[-0.57929,42.89778],[-0.57959,42.89853],[-0.57957,42.89885],[-0.57918,42.89917],[-0.57912,42.89943],[-0.58007,42.89984],[-0.58053,42.90029],[-0.58191,42.90116],[-0.58237,42.90165],[-0.58286,42.9019],[-0.58293,42.90215],[-0.58276,42.90276],[-0.58294,42.90308],[-0.58359,42.90386],[-0.58476,42.9044],[-0.58551,42.90526],[-0.5866,42.90586],[-0.58764,42.90612],[-0.58826,42.90619],[-0.58889,42.90664],[-0.58978,42.90692],[-0.58946,42.90723],[-0.58894,42.90754],[-0.58807,42.90823],[-0.58689,42.90856],[-0.58659,42.90884],[-0.58608,42.90969],[-0.58601,42.91017],[-0.58615,42.91076],[-0.58641,42.9113],[-0.5871,42.91213],[-0.58711,42.91225],[-0.5863,42.913],[-0.58505,42.9133],[-0.58494,42.91353],[-0.58495,42.9136],[-0.58598,42.91417],[-0.58659,42.9147],[-0.58678,42.91499],[-0.58746,42.91534],[-0.58859,42.91637],[-0.58893,42.91691],[-0.58875,42.91797],[-0.58862,42.91817],[-0.58834,42.91834],[-0.58813,42.91874],[-0.58793,42.91966],[-0.58722,42.92026],[-0.58707,42.92055],[-0.58726,42.92218],[-0.5872,42.92275],[-0.5877,42.92333],[-0.58775,42.92387],[-0.58792,42.92413],[-0.58826,42.9243],[-0.58888,42.92441],[-0.58953,42.92515],[-0.5896,42.92537],[-0.58942,42.9258],[-0.58946,42.92603],[-0.58999,42.92636],[-0.59023,42.92667],[-0.59085,42.92692],[-0.59247,42.92695],[-0.59397,42.92744],[-0.59429,42.92772],[-0.59445,42.92827],[-0.59468,42.9286],[-0.59577,42.92973],[-0.59661,42.93022],[-0.59728,42.93049],[-0.59799,42.93141],[-0.59872,42.93154],[-0.59934,42.93185],[-0.60059,42.93202],[-0.60195,42.93166],[-0.60264,42.9316],[-0.60351,42.93172],[-0.60472,42.93144],[-0.60606,42.93166],[-0.60662,42.93221],[-0.60802,42.93299],[-0.60833,42.93303],[-0.60858,42.93278],[-0.60866,42.93247],[-0.60926,42.93194],[-0.60958,42.93128],[-0.60932,42.93041],[-0.60875,42.92917],[-0.60823,42.92838],[-0.60822,42.92805],[-0.60809,42.92774],[-0.60812,42.92718],[-0.6076,42.92638],[-0.60769,42.92606],[-0.60882,42.9257],[-0.60904,42.92557],[-0.60911,42.92544],[-0.60886,42.92471],[-0.60872,42.92367],[-0.60828,42.92271],[-0.60838,42.92248],[-0.60869,42.92216],[-0.6089,42.92161],[-0.61069,42.92083],[-0.61214,42.92052],[-0.61196,42.9194],[-0.61252,42.9178],[-0.61302,42.91709],[-0.61385,42.91634],[-0.61413,42.91579],[-0.61405,42.9153],[-0.61327,42.91359],[-0.61327,42.91326],[-0.61409,42.91246],[-0.615,42.91138],[-0.61532,42.91122],[-0.61588,42.9111],[-0.61598,42.91101],[-0.61611,42.91082],[-0.61624,42.91034],[-0.61613,42.90971],[-0.61621,42.90944],[-0.61809,42.90693],[-0.61912,42.90606],[-0.61975,42.90527],[-0.62087,42.90472],[-0.62136,42.90439],[-0.62242,42.90399],[-0.62343,42.90307],[-0.62479,42.90233],[-0.62581,42.90163],[-0.62637,42.90109],[-0.62694,42.90027],[-0.62718,42.89942],[-0.62748,42.89886],[-0.62848,42.89804],[-0.62902,42.89717],[-0.62975,42.89667],[-0.63028,42.89663],[-0.63031,42.89729],[-0.62963,42.89822],[-0.62947,42.89867],[-0.62863,42.89944],[-0.62849,42.9],[-0.62791,42.90047],[-0.62761,42.9009],[-0.62733,42.90197],[-0.62742,42.90308],[-0.62728,42.90355],[-0.62608,42.90524],[-0.62546,42.90574],[-0.625,42.90639],[-0.62467,42.90667],[-0.6243,42.90729],[-0.62407,42.90833],[-0.624,42.90905],[-0.62406,42.90975],[-0.62384,42.91076],[-0.62398,42.91111],[-0.62396,42.91135],[-0.62371,42.91164],[-0.62361,42.91193],[-0.62273,42.91246],[-0.62228,42.91297],[-0.62232,42.91305],[-0.62356,42.91367],[-0.62416,42.91413],[-0.62471,42.91438],[-0.62487,42.91461],[-0.62481,42.91516],[-0.62506,42.91559],[-0.625,42.91582],[-0.62471,42.91609],[-0.62454,42.91642],[-0.62459,42.91725],[-0.62453,42.91774],[-0.62466,42.91803],[-0.62502,42.91831],[-0.62604,42.9189],[-0.6266,42.91944],[-0.6276,42.91999],[-0.6276,42.92062],[-0.62674,42.92253],[-0.62679,42.9228],[-0.62707,42.92336],[-0.62699,42.92387],[-0.62715,42.92401],[-0.62756,42.92394],[-0.628,42.92366],[-0.62831,42.9233],[-0.63004,42.92178],[-0.63263,42.92052],[-0.63331,42.9199],[-0.6341,42.91938],[-0.63472,42.9192],[-0.6358,42.91927],[-0.63617,42.91921],[-0.6368,42.91889],[-0.63721,42.91831],[-0.63798,42.91803],[-0.63833,42.91781],[-0.6384,42.91739],[-0.63865,42.91689],[-0.63816,42.91603],[-0.63804,42.91553],[-0.63858,42.91495],[-0.63868,42.91367],[-0.63887,42.9133],[-0.63989,42.91315],[-0.64079,42.91245],[-0.64153,42.91215],[-0.64173,42.91221],[-0.64128,42.91284],[-0.64122,42.91346],[-0.64134,42.91367],[-0.64149,42.91358],[-0.64196,42.91291],[-0.64248,42.91304],[-0.64266,42.91329],[-0.64262,42.91363],[-0.64279,42.91377],[-0.64331,42.91358],[-0.64414,42.91359],[-0.64455,42.9135],[-0.64518,42.91306],[-0.64527,42.91276],[-0.64518,42.91245],[-0.64498,42.9122],[-0.64434,42.9117],[-0.64396,42.91169],[-0.64362,42.91193],[-0.64331,42.912],[-0.64306,42.9122],[-0.64275,42.91221],[-0.64307,42.91206],[-0.64346,42.91168],[-0.64323,42.91133],[-0.64318,42.91055],[-0.64358,42.90939],[-0.64384,42.90902],[-0.64403,42.90891],[-0.64419,42.90899],[-0.64423,42.90951],[-0.64463,42.90999],[-0.64549,42.91042],[-0.64606,42.91023],[-0.64634,42.9104],[-0.64649,42.91084],[-0.64709,42.91142],[-0.64725,42.91188],[-0.64723,42.91238],[-0.64741,42.91256],[-0.64761,42.91257],[-0.64777,42.91246],[-0.64763,42.91194],[-0.64764,42.91131],[-0.64729,42.91048],[-0.64692,42.90998],[-0.64719,42.90993],[-0.6476,42.90998],[-0.648,42.91028],[-0.64915,42.91193],[-0.64939,42.91186],[-0.64968,42.91159],[-0.65101,42.9115],[-0.65181,42.91119],[-0.65233,42.91125],[-0.65306,42.91153],[-0.65373,42.91164],[-0.65394,42.91186],[-0.654,42.9126],[-0.65449,42.91317],[-0.65514,42.91343],[-0.65618,42.91347],[-0.65699,42.91382],[-0.65728,42.91412],[-0.658,42.91453],[-0.65861,42.91467],[-0.65917,42.91493],[-0.65979,42.91506],[-0.66038,42.91497],[-0.6619,42.91428],[-0.66225,42.91392],[-0.66243,42.91352],[-0.66381,42.91245],[-0.6642,42.91165],[-0.66521,42.9113],[-0.66602,42.91068],[-0.66665,42.91032]],[[-0.66665,42.93121],[-0.66645,42.93105],[-0.6661,42.93053],[-0.66555,42.93018],[-0.66512,42.92978],[-0.66498,42.92942],[-0.66513,42.92884],[-0.66468,42.92846],[-0.66443,42.92802],[-0.66416,42.92772],[-0.66388,42.92711],[-0.66361,42.92681],[-0.66327,42.92664],[-0.66318,42.92642],[-0.66412,42.9254],[-0.66455,42.92517],[-0.66514,42.92514],[-0.66587,42.92524],[-0.66634,42.92542],[-0.66665,42.92567]],[[-0.64609,42.91143],[-0.64609,42.9111],[-0.6457,42.91087],[-0.64554,42.91081],[-0.64517,42.91107],[-0.6452,42.91138],[-0.6458,42.91149],[-0.64609,42.91143]],[[-0.64471,42.91139],[-0.64478,42.91135],[-0.64443,42.91108],[-0.64395,42.91137],[-0.64404,42.91151],[-0.6442,42.91159],[-0.64471,42.91139]],[[-0.55832,42.8893],[-0.55845,42.88912],[-0.55823,42.88907],[-0.55785,42.88915],[-0.55803,42.88927],[-0.55832,42.8893]],[[-0.54609,42.88656],[-0.54698,42.8862],[-0.54754,42.88609],[-0.55028,42.88661],[-0.55171,42.88635],[-0.55277,42.88638],[-0.5533,42.88631],[-0.55415,42.88609],[-0.55474,42.88582],[-0.55693,42.88525],[-0.55777,42.88442],[-0.55782,42.88411],[-0.55698,42.88355],[-0.55549,42.88323],[-0.55357,42.88269],[-0.55281,42.88243],[-0.55248,42.8822]]]}},{"type":"Feature","properties":{"ele":1110},"geometry":{"type":"MultiLineString","coordinates":[[[-0.64034,42.94609],[-0.63929,42.9455],[-0.6386,42.94493],[-0.63774,42.94482],[-0.63526,42.94414],[-0.63302,42.94373],[-0.63274,42.94382],[-0.63195,42.94434],[-0.63038,42.94457],[-0.63015,42.94451],[-0.62944,42.94401],[-0.62873,42.94381],[-0.62841,42.94356],[-0.62876,42.94298],[-0.62882,42.94253],[-0.62867,42.94215],[-0.62884,42.94187],[-0.62917,42.94165],[-0.62942,42.94019],[-0.62968,42.93985],[-0.62994,42.93966],[-0.63056,42.93951],[-0.63233,42.93973],[-0.6342,42.93976],[-0.63526,42.94024],[-0.63653,42.94047],[-0.63743,42.94044],[-0.63889,42.94061],[-0.64017,42.94064],[-0.64122,42.94076],[-0.64239,42.94024],[-0.64469,42.93885],[-0.64519,42.93831],[-0.64556,42.93751],[-0.64587,42.93733],[-0.64621,42.9374],[-0.64741,42.93806],[-0.64861,42.93828],[-0.65079,42.93812],[-0.65163,42.9376],[-0.65281,42.93718],[-0.65302,42.93724],[-0.65347,42.9376],[-0.65443,42.93799],[-0.65546,42.93865],[-0.6557,42.93872],[-0.65664,42.9383],[-0.65722,42.93832],[-0.65855,42.93797],[-0.65888,42.93777],[-0.65883,42.93746],[-0.65903,42.93741],[-0.65951,42.93746],[-0.66066,42.93736],[-0.66139,42.93746],[-0.66217,42.9378],[-0.66278,42.93792],[-0.6634,42.9379],[-0.66403,42.93824],[-0.66464,42.93809],[-0.66538,42.93779],[-0.66632,42.93781],[-0.66665,42.93773]],[[-0.5952,42.94609],[-0.59479,42.946],[-0.59453,42.94609]],[[-0.58321,42.94609],[-0.58274,42.94593],[-0.5822,42.94609]],[[-0.58043,42.94609],[-0.58027,42.94552],[-0.57999,42.94525],[-0.57979,42.94518],[-0.57885,42.94497],[-0.57719,42.94489],[-0.57618,42.94446],[-0.57561,42.94439],[-0.575,42.94414],[-0.57424,42.944],[-0.57385,42.94383],[-0.57323,42.94377],[-0.57189,42.94332],[-0.57138,42.94302],[-0.57111,42.94247],[-0.57077,42.94223],[-0.5707,42.94201],[-0.57077,42.94166],[-0.57106,42.94124],[-0.57107,42.94027],[-0.57188,42.93936],[-0.57249,42.93806],[-0.57293,42.93775],[-0.57293,42.93744],[-0.57217,42.9367],[-0.57138,42.93636],[-0.56906,42.93587],[-0.56827,42.93579],[-0.56754,42.93595],[-0.56721,42.93582],[-0.56659,42.93497],[-0.56598,42.93443],[-0.56592,42.93412],[-0.56553,42.93342],[-0.56548,42.93274],[-0.56441,42.9322],[-0.56423,42.93198],[-0.56435,42.93185],[-0.56472,42.93182],[-0.56708,42.93233],[-0.56784,42.93223],[-0.56806,42.93195],[-0.56805,42.93164],[-0.56764,42.93115],[-0.5676,42.931],[-0.56806,42.93025],[-0.5681,42.92998],[-0.56799,42.92967],[-0.56807,42.92942],[-0.56863,42.92888],[-0.56903,42.92866],[-0.57049,42.92825],[-0.57149,42.92813],[-0.57198,42.92778],[-0.57221,42.92748],[-0.57199,42.92697],[-0.57198,42.92658],[-0.57159,42.92626],[-0.56986,42.92568],[-0.56813,42.92542],[-0.56748,42.92498],[-0.56753,42.92465],[-0.56737,42.92409],[-0.5674,42.92367],[-0.56804,42.92223],[-0.56834,42.92202],[-0.56943,42.92168],[-0.56944,42.92158],[-0.56906,42.92148],[-0.56795,42.92161],[-0.56663,42.92157],[-0.56406,42.92073],[-0.56192,42.92064],[-0.56166,42.92052],[-0.56145,42.92027],[-0.56141,42.91939],[-0.56134,42.91915],[-0.56111,42.91885],[-0.55775,42.91804],[-0.55681,42.91767],[-0.55529,42.91747],[-0.55444,42.91719],[-0.55382,42.91678],[-0.55302,42.91647],[-0.55249,42.91632],[-0.55174,42.91634],[-0.55132,42.91626],[-0.54969,42.9155],[-0.54892,42.91539],[-0.54788,42.91542],[-0.54694,42.91555],[-0.54609,42.91592]],[[-0.57034,42.8822],[-0.56986,42.88246],[-0.56944,42.88296],[-0.56936,42.88336],[-0.56923,42.88361],[-0.56775,42.88419],[-0.56747,42.8844],[-0.5674,42.88482],[-0.56765,42.88528],[-0.56766,42.88575],[-0.56776,42.88599],[-0.56876,42.88692],[-0.56854,42.88748],[-0.56862,42.88804],[-0.56852,42.88864],[-0.56859,42.88916],[-0.56885,42.88972],[-0.5691,42.89003],[-0.572,42.89215],[-0.57223,42.89299],[-0.5727,42.89335],[-0.57309,42.89338],[-0.5736,42.89328],[-0.57521,42.89252],[-0.57646,42.89243],[-0.57714,42.89215],[-0.57757,42.89183],[-0.57863,42.89148],[-0.57978,42.89077],[-0.58029,42.89],[-0.5803,42.88968],[-0.58041,42.88942],[-0.58144,42.88816],[-0.58165,42.88799],[-0.58195,42.88789],[-0.58218,42.88789],[-0.58237,42.88801],[-0.58232,42.8885],[-0.58198,42.88943],[-0.58167,42.8911],[-0.5802,42.89355],[-0.57987,42.89475],[-0.5794,42.89572],[-0.57949,42.8963],[-0.57916,42.89694],[-0.57913,42.8972],[-0.57971,42.89775],[-0.58009,42.89874],[-0.58009,42.89891],[-0.57983,42.89915],[-0.57976,42.89938],[-0.58034,42.89968],[-0.58092,42.90025],[-0.58199,42.90082],[-0.58276,42.90155],[-0.58321,42.90186],[-0.58329,42.90215],[-0.58309,42.9026],[-0.58319,42.90286],[-0.58413,42.90374],[-0.58535,42.90431],[-0.58562,42.90493],[-0.58585,42.90517],[-0.58664,42.90555],[-0.58771,42.90588],[-0.58856,42.90602],[-0.58902,42.90636],[-0.58995,42.90667],[-0.59017,42.90691],[-0.58998,42.90725],[-0.58836,42.90838],[-0.5872,42.90886],[-0.58665,42.90959],[-0.58648,42.91003],[-0.58662,42.91056],[-0.58711,42.91147],[-0.58779,42.9122],[-0.58687,42.91302],[-0.58546,42.91358],[-0.58637,42.91414],[-0.58775,42.91528],[-0.58834,42.91553],[-0.5889,42.916],[-0.58916,42.91636],[-0.58965,42.91671],[-0.58991,42.91715],[-0.58984,42.91753],[-0.58955,42.91802],[-0.58971,42.91832],[-0.58905,42.9189],[-0.58833,42.91997],[-0.58774,42.92021],[-0.58747,42.92053],[-0.5874,42.92093],[-0.58759,42.92211],[-0.58756,42.9228],[-0.58802,42.92334],[-0.58811,42.92357],[-0.58802,42.92387],[-0.58823,42.92412],[-0.58882,42.92421],[-0.58909,42.92433],[-0.59007,42.92523],[-0.59005,42.92549],[-0.58986,42.92574],[-0.58985,42.9259],[-0.58995,42.92609],[-0.59048,42.92656],[-0.5909,42.92672],[-0.59278,42.92683],[-0.59444,42.92747],[-0.59459,42.92774],[-0.5947,42.92832],[-0.5953,42.92887],[-0.59578,42.9295],[-0.59642,42.92992],[-0.59747,42.93044],[-0.59806,42.93116],[-0.59888,42.93136],[-0.59941,42.93165],[-0.6,42.93166],[-0.60076,42.93178],[-0.60174,42.93149],[-0.60236,42.93141],[-0.60368,42.93152],[-0.60472,42.93119],[-0.60622,42.93149],[-0.6069,42.93203],[-0.60802,42.93263],[-0.60831,42.93251],[-0.60891,42.93194],[-0.60923,42.93138],[-0.60921,42.93109],[-0.60898,42.93044],[-0.60835,42.92916],[-0.60787,42.92843],[-0.60779,42.92801],[-0.60763,42.92776],[-0.60772,42.92725],[-0.60741,42.92676],[-0.60727,42.92635],[-0.60729,42.92611],[-0.60747,42.92592],[-0.60857,42.92552],[-0.6087,42.9253],[-0.60845,42.92381],[-0.60787,42.92267],[-0.60802,42.92233],[-0.60833,42.92193],[-0.60856,42.92135],[-0.60967,42.92107],[-0.61035,42.92068],[-0.61157,42.92024],[-0.61163,42.92003],[-0.61161,42.9193],[-0.61198,42.91835],[-0.61212,42.91773],[-0.61276,42.91692],[-0.61345,42.91642],[-0.61374,42.91606],[-0.61384,42.91576],[-0.61378,42.91548],[-0.61312,42.91408],[-0.61269,42.91357],[-0.61266,42.91325],[-0.61386,42.91227],[-0.6146,42.91135],[-0.61534,42.91083],[-0.61558,42.91057],[-0.61571,42.91024],[-0.61575,42.90962],[-0.61725,42.90748],[-0.61756,42.90693],[-0.61882,42.90608],[-0.61921,42.9056],[-0.61942,42.90516],[-0.62036,42.90472],[-0.62112,42.90415],[-0.62194,42.90387],[-0.62296,42.90303],[-0.62446,42.90221],[-0.62556,42.90138],[-0.62612,42.90083],[-0.62649,42.90033],[-0.62672,42.89947],[-0.62712,42.89846],[-0.6272,42.89831],[-0.62764,42.89795],[-0.62808,42.89723],[-0.63029,42.8959],[-0.63137,42.89515],[-0.63236,42.89503],[-0.63253,42.8951],[-0.63259,42.89525],[-0.63123,42.89661],[-0.63098,42.89717],[-0.63029,42.89807],[-0.62991,42.89884],[-0.62922,42.89947],[-0.62901,42.90005],[-0.62851,42.90052],[-0.62791,42.90139],[-0.62767,42.90211],[-0.6279,42.90298],[-0.62778,42.9036],[-0.62695,42.90471],[-0.62587,42.90584],[-0.6254,42.90662],[-0.62531,42.90721],[-0.6247,42.90774],[-0.62452,42.90822],[-0.62441,42.90893],[-0.62449,42.90964],[-0.62439,42.91006],[-0.62435,42.91072],[-0.62454,42.91109],[-0.62448,42.9113],[-0.62409,42.91195],[-0.62309,42.91255],[-0.62284,42.91284],[-0.62293,42.91308],[-0.62387,42.91357],[-0.62419,42.91385],[-0.62499,42.91414],[-0.62531,42.91463],[-0.62527,42.91519],[-0.62558,42.91559],[-0.62555,42.91581],[-0.62497,42.91637],[-0.62494,42.91676],[-0.62508,42.91784],[-0.62558,42.91829],[-0.62651,42.91888],[-0.62699,42.9194],[-0.62771,42.91976],[-0.62796,42.92],[-0.62792,42.92072],[-0.6276,42.92135],[-0.6275,42.92195],[-0.62717,42.92254],[-0.62718,42.92279],[-0.62758,42.92332],[-0.6278,42.92335],[-0.62861,42.92277],[-0.62971,42.92163],[-0.6325,42.92027],[-0.63323,42.91953],[-0.63386,42.91911],[-0.63458,42.9189],[-0.63576,42.91899],[-0.63616,42.91892],[-0.63643,42.91878],[-0.63686,42.91827],[-0.63782,42.91776],[-0.63836,42.91683],[-0.63835,42.91661],[-0.63791,42.91609],[-0.63774,42.91553],[-0.6378,42.91525],[-0.63826,42.91494],[-0.63834,42.91477],[-0.63825,42.91353],[-0.6388,42.91287],[-0.63906,42.91268],[-0.64014,42.91254],[-0.64079,42.91209],[-0.64138,42.91185],[-0.64194,42.91147],[-0.64236,42.91078],[-0.64282,42.90969],[-0.6433,42.90886],[-0.64388,42.90833],[-0.64511,42.90652],[-0.6458,42.9058],[-0.6469,42.90515],[-0.64718,42.90531],[-0.64722,42.90585],[-0.64693,42.90636],[-0.64622,42.90716],[-0.64561,42.90803],[-0.64522,42.9089],[-0.64523,42.90922],[-0.64559,42.90936],[-0.64643,42.90946],[-0.6483,42.90984],[-0.64866,42.91008],[-0.64923,42.91022],[-0.64962,42.91081],[-0.65021,42.91103],[-0.65059,42.91103],[-0.65188,42.91066],[-0.65253,42.91073],[-0.6534,42.9113],[-0.6542,42.91144],[-0.65437,42.91166],[-0.65451,42.91222],[-0.65497,42.91278],[-0.65526,42.91275],[-0.65563,42.91256],[-0.65611,42.91275],[-0.65749,42.91298],[-0.65788,42.9135],[-0.65816,42.91414],[-0.65951,42.91467],[-0.66031,42.91463],[-0.66142,42.91413],[-0.6628,42.91277],[-0.66333,42.91237],[-0.66386,42.91135],[-0.66413,42.91122],[-0.66493,42.91105],[-0.66578,42.9104],[-0.66665,42.90997]],[[-0.66665,42.9305],[-0.66579,42.93003],[-0.66544,42.92971],[-0.66535,42.9294],[-0.6656,42.92891],[-0.66559,42.9288],[-0.6654,42.92859],[-0.66495,42.92833],[-0.6647,42.92806],[-0.66417,42.92691],[-0.66392,42.92663],[-0.66381,42.92638],[-0.66414,42.92586],[-0.66441,42.92558],[-0.66486,42.92543],[-0.66535,42.92545],[-0.66585,42.92558],[-0.66624,42.92582],[-0.66665,42.92625]],[[-0.54609,42.91434],[-0.54639,42.91394],[-0.54643,42.91367],[-0.54635,42.91336],[-0.54609,42.91293]],[[-0.64415,42.91335],[-0.64443,42.91331],[-0.64469,42.91313],[-0.64486,42.91277],[-0.64454,42.91237],[-0.64413,42.91223],[-0.64352,42.91244],[-0.6434,42.91274],[-0.64354,42.91305],[-0.64415,42.91335]],[[-0.54609,42.91268],[-0.54743,42.91262],[-0.5483,42.91189],[-0.54892,42.91166],[-0.54937,42.91133],[-0.55038,42.91116],[-0.55111,42.91063],[-0.55285,42.91039],[-0.55362,42.91018],[-0.55462,42.91001],[-0.55608,42.91001],[-0.55693,42.91025],[-0.55862,42.91055],[-0.55965,42.9105],[-0.56049,42.91056],[-0.56132,42.91045],[-0.56169,42.91025],[-0.56172,42.90881],[-0.56168,42.90855],[-0.56101,42.90778],[-0.56011,42.90738],[-0.55853,42.90639],[-0.55832,42.90608],[-0.55795,42.90584],[-0.55749,42.90469],[-0.55737,42.90388],[-0.55715,42.90315],[-0.55689,42.90249],[-0.55652,42.90183],[-0.55562,42.90072],[-0.55462,42.90028],[-0.55414,42.89997],[-0.55412,42.89969],[-0.5544,42.8994],[-0.5546,42.8988],[-0.55498,42.89852],[-0.55582,42.89755],[-0.55594,42.8969],[-0.55624,42.89631],[-0.55622,42.89551],[-0.55651,42.89495],[-0.55652,42.89454],[-0.55624,42.89392],[-0.5561,42.89331],[-0.55568,42.89266],[-0.55545,42.89152],[-0.55578,42.89072],[-0.55607,42.89052],[-0.55671,42.89029],[-0.55701,42.89004],[-0.55709,42.88982],[-0.55702,42.88962],[-0.55664,42.88938],[-0.5536,42.88886],[-0.55167,42.88884],[-0.55035,42.88898],[-0.54965,42.88889],[-0.5483,42.88898],[-0.54719,42.88889],[-0.54677,42.88862],[-0.54663,42.88805],[-0.54609,42.88791]],[[-0.54609,42.88647],[-0.54693,42.88606],[-0.54757,42.88589],[-0.55028,42.88644],[-0.5522,42.88609],[-0.55285,42.88614],[-0.55358,42.88607],[-0.55479,42.88565],[-0.55681,42.88511],[-0.55725,42.88479],[-0.55751,42.88444],[-0.5575,42.88413],[-0.55687,42.88372],[-0.55354,42.88294],[-0.55252,42.88254],[-0.55215,42.8822]]]}},{"type":"Feature","properties":{"ele":1120},"geometry":{"type":"MultiLineString","coordinates":[[[-0.64049,42.94609],[-0.63946,42.9455],[-0.63857,42.94481],[-0.63773,42.94472],[-0.63708,42.94448],[-0.63583,42.94426],[-0.63449,42.94389],[-0.63295,42.94362],[-0.63267,42.94372],[-0.63196,42.94422],[-0.63054,42.94444],[-0.63027,42.94439],[-0.62948,42.94383],[-0.62883,42.94365],[-0.62874,42.94343],[-0.62893,42.94302],[-0.62899,42.94263],[-0.6288,42.94216],[-0.6293,42.94161],[-0.62942,42.94053],[-0.62951,42.9403],[-0.6297,42.94004],[-0.62992,42.93989],[-0.63053,42.9397],[-0.63264,42.93987],[-0.63386,42.93985],[-0.63443,42.93997],[-0.63504,42.94031],[-0.63646,42.94058],[-0.63747,42.94056],[-0.63934,42.94078],[-0.64031,42.94077],[-0.64131,42.9409],[-0.64275,42.94025],[-0.64494,42.93886],[-0.64536,42.93834],[-0.64562,42.93773],[-0.64594,42.93753],[-0.64622,42.93759],[-0.64743,42.93822],[-0.64868,42.93848],[-0.65081,42.93831],[-0.65167,42.93776],[-0.65246,42.93745],[-0.65276,42.93741],[-0.65341,42.93784],[-0.65498,42.93859],[-0.65545,42.93893],[-0.65601,42.93906],[-0.65635,42.93883],[-0.65695,42.93879],[-0.65761,42.93849],[-0.65831,42.93831],[-0.65934,42.93859],[-0.65975,42.9386],[-0.65997,42.93858],[-0.66055,42.93819],[-0.66097,42.93823],[-0.66163,42.93811],[-0.66271,42.93827],[-0.66332,42.93824],[-0.66396,42.93849],[-0.66552,42.93798],[-0.66665,42.93804]],[[-0.58284,42.94609],[-0.58248,42.94609]],[[-0.58025,42.94609],[-0.58004,42.94551],[-0.57966,42.94531],[-0.57833,42.94507],[-0.57712,42.94507],[-0.57493,42.94427],[-0.57309,42.94386],[-0.57248,42.94359],[-0.57166,42.94336],[-0.57111,42.94302],[-0.57082,42.94249],[-0.57025,42.94192],[-0.57046,42.94164],[-0.57082,42.94137],[-0.57081,42.94053],[-0.5709,42.94034],[-0.57172,42.93936],[-0.57214,42.93862],[-0.57236,42.93803],[-0.57271,42.93772],[-0.57277,42.93747],[-0.57196,42.93675],[-0.57106,42.93641],[-0.56837,42.93592],[-0.56806,42.93592],[-0.56749,42.93609],[-0.56724,42.93605],[-0.56695,42.93573],[-0.56663,42.93555],[-0.56658,42.93524],[-0.56642,42.93494],[-0.56576,42.93444],[-0.5657,42.93413],[-0.56544,42.9336],[-0.5653,42.93275],[-0.56401,42.9322],[-0.56388,42.93202],[-0.56385,42.93191],[-0.56451,42.93171],[-0.56517,42.9318],[-0.56665,42.9322],[-0.56729,42.93227],[-0.56777,42.9322],[-0.56793,42.93194],[-0.56792,42.9317],[-0.56779,42.9315],[-0.56751,42.93132],[-0.56742,42.93106],[-0.56748,42.93081],[-0.56788,42.93023],[-0.56782,42.92958],[-0.5679,42.92937],[-0.56884,42.92858],[-0.57049,42.92815],[-0.57138,42.92805],[-0.57175,42.92782],[-0.57199,42.92752],[-0.57184,42.92701],[-0.57183,42.92664],[-0.57158,42.92641],[-0.56974,42.92579],[-0.568,42.92557],[-0.56738,42.92507],[-0.56734,42.92461],[-0.56719,42.92416],[-0.5672,42.92384],[-0.56735,42.92326],[-0.56786,42.92204],[-0.56784,42.92188],[-0.56747,42.92175],[-0.56637,42.92163],[-0.56403,42.92086],[-0.5633,42.92079],[-0.56192,42.92081],[-0.56162,42.92067],[-0.56127,42.92031],[-0.56128,42.91968],[-0.56118,42.9192],[-0.56082,42.91886],[-0.55781,42.91816],[-0.55678,42.91774],[-0.55524,42.91758],[-0.55433,42.91726],[-0.55384,42.91694],[-0.55328,42.9167],[-0.55247,42.91643],[-0.55135,42.91637],[-0.54976,42.91563],[-0.54899,42.91554],[-0.54799,42.91555],[-0.54691,42.9157],[-0.54609,42.91604]],[[-0.66026,42.93814],[-0.66068,42.93786],[-0.6607,42.93771],[-0.66049,42.93763],[-0.66017,42.93773],[-0.66016,42.93797],[-0.66026,42.93814]],[[-0.57067,42.8822],[-0.57004,42.88261],[-0.56945,42.8836],[-0.56897,42.88386],[-0.56776,42.88428],[-0.56752,42.88448],[-0.56745,42.88476],[-0.56751,42.88495],[-0.56776,42.88525],[-0.56775,42.88563],[-0.56782,42.88587],[-0.56803,42.88612],[-0.56905,42.88692],[-0.56875,42.8875],[-0.56879,42.88808],[-0.56866,42.88864],[-0.56871,42.88919],[-0.56893,42.88966],[-0.5692,42.89001],[-0.5721,42.89213],[-0.5722,42.89224],[-0.57234,42.89297],[-0.57274,42.89326],[-0.57309,42.89328],[-0.57361,42.89317],[-0.57514,42.89242],[-0.57649,42.89226],[-0.57718,42.89195],[-0.57749,42.89164],[-0.57844,42.89143],[-0.57947,42.89087],[-0.58,42.89027],[-0.58023,42.88938],[-0.5814,42.888],[-0.58168,42.88777],[-0.58227,42.88752],[-0.58333,42.88685],[-0.58406,42.88655],[-0.58443,42.88662],[-0.58416,42.88676],[-0.58277,42.88791],[-0.58253,42.8883],[-0.58205,42.88951],[-0.58195,42.89109],[-0.58063,42.89308],[-0.58011,42.89437],[-0.57999,42.89501],[-0.57966,42.89552],[-0.57963,42.89578],[-0.57972,42.89612],[-0.57938,42.89719],[-0.57991,42.89782],[-0.58034,42.89878],[-0.58034,42.89891],[-0.58015,42.89915],[-0.58022,42.89943],[-0.5806,42.89968],[-0.58112,42.90021],[-0.58222,42.9008],[-0.5828,42.90138],[-0.58341,42.90186],[-0.58349,42.90214],[-0.58325,42.90246],[-0.58325,42.90274],[-0.58387,42.90333],[-0.58448,42.90377],[-0.58553,42.90415],[-0.5857,42.90441],[-0.58579,42.90498],[-0.58614,42.9052],[-0.58774,42.90577],[-0.58858,42.90589],[-0.58927,42.90629],[-0.59026,42.90664],[-0.59036,42.90683],[-0.59031,42.9072],[-0.59003,42.9075],[-0.58831,42.90858],[-0.5875,42.90887],[-0.58685,42.90966],[-0.58673,42.90999],[-0.58681,42.91037],[-0.58749,42.91163],[-0.58786,42.91193],[-0.58797,42.91221],[-0.58776,42.91248],[-0.58698,42.91311],[-0.58578,42.91359],[-0.58607,42.91387],[-0.58659,42.91415],[-0.58772,42.91501],[-0.58833,42.91524],[-0.58881,42.91557],[-0.59028,42.91718],[-0.58996,42.91802],[-0.59,42.9186],[-0.58921,42.91925],[-0.58862,42.91999],[-0.58802,42.92025],[-0.58775,42.92048],[-0.58761,42.92072],[-0.58756,42.92107],[-0.58779,42.92216],[-0.5877,42.92279],[-0.58824,42.92343],[-0.58832,42.92359],[-0.58825,42.92383],[-0.58829,42.92395],[-0.58911,42.92423],[-0.58969,42.92479],[-0.59031,42.92522],[-0.59024,42.92549],[-0.58998,42.92581],[-0.59048,42.92642],[-0.59094,42.92661],[-0.59278,42.92675],[-0.59452,42.92741],[-0.59475,42.92769],[-0.59474,42.92805],[-0.59485,42.92831],[-0.59551,42.92889],[-0.59582,42.92942],[-0.59643,42.92984],[-0.59745,42.9303],[-0.59817,42.93111],[-0.59891,42.93129],[-0.59945,42.93154],[-0.60007,42.93155],[-0.60082,42.93167],[-0.60199,42.93134],[-0.60271,42.9313],[-0.60365,42.93143],[-0.60391,42.93138],[-0.60444,42.9311],[-0.6047,42.93106],[-0.60531,42.93126],[-0.60631,42.93139],[-0.60695,42.93191],[-0.60792,42.9324],[-0.60816,42.93236],[-0.60874,42.93192],[-0.60903,42.93131],[-0.60884,42.93051],[-0.60814,42.92915],[-0.60775,42.92859],[-0.60757,42.92804],[-0.60741,42.9278],[-0.60756,42.92735],[-0.6072,42.92672],[-0.6071,42.92635],[-0.60712,42.92606],[-0.60729,42.92586],[-0.60825,42.9255],[-0.6085,42.92523],[-0.60832,42.92386],[-0.60767,42.92269],[-0.60829,42.92135],[-0.60878,42.92113],[-0.60965,42.92094],[-0.61029,42.92055],[-0.61113,42.92026],[-0.61138,42.9201],[-0.61144,42.91923],[-0.61181,42.91833],[-0.6119,42.91773],[-0.6127,42.9168],[-0.61333,42.91638],[-0.61359,42.91609],[-0.61369,42.91579],[-0.61363,42.9155],[-0.61296,42.91417],[-0.61242,42.91359],[-0.61238,42.91325],[-0.6127,42.91292],[-0.61365,42.91226],[-0.61439,42.91135],[-0.61506,42.91079],[-0.61544,42.91013],[-0.61553,42.90968],[-0.61744,42.90681],[-0.61865,42.90612],[-0.61899,42.90575],[-0.61925,42.90524],[-0.61946,42.905],[-0.6201,42.90475],[-0.62107,42.90403],[-0.62195,42.90366],[-0.62272,42.90302],[-0.62419,42.90222],[-0.62531,42.9014],[-0.62591,42.9008],[-0.62629,42.90028],[-0.62692,42.89828],[-0.62776,42.8972],[-0.63017,42.89578],[-0.63118,42.89504],[-0.63195,42.89468],[-0.63226,42.89461],[-0.63281,42.89465],[-0.63301,42.89479],[-0.63306,42.89502],[-0.63292,42.89528],[-0.6315,42.89664],[-0.63119,42.89722],[-0.63054,42.89803],[-0.62997,42.89912],[-0.6294,42.89965],[-0.62927,42.90004],[-0.6288,42.90053],[-0.62803,42.90161],[-0.62789,42.90218],[-0.62812,42.90301],[-0.62797,42.90361],[-0.62719,42.90469],[-0.62609,42.90581],[-0.62571,42.90655],[-0.62563,42.90721],[-0.62498,42.90775],[-0.6247,42.9083],[-0.62462,42.90895],[-0.62472,42.90968],[-0.62456,42.91027],[-0.62467,42.91081],[-0.62485,42.91113],[-0.62439,42.91189],[-0.62416,42.91214],[-0.62329,42.91258],[-0.62306,42.91284],[-0.62318,42.91308],[-0.62381,42.91338],[-0.62446,42.91383],[-0.62523,42.91415],[-0.62555,42.91469],[-0.62551,42.91523],[-0.62583,42.91552],[-0.62582,42.9158],[-0.62523,42.91633],[-0.62515,42.91652],[-0.62512,42.91683],[-0.62526,42.91775],[-0.62585,42.91831],[-0.62667,42.91882],[-0.62723,42.9194],[-0.62783,42.91968],[-0.62813,42.91996],[-0.62808,42.92077],[-0.62779,42.92135],[-0.62764,42.92214],[-0.6274,42.92256],[-0.62744,42.92283],[-0.62774,42.92306],[-0.6284,42.92276],[-0.62975,42.92143],[-0.63226,42.92024],[-0.63257,42.92001],[-0.63305,42.91942],[-0.63388,42.9189],[-0.63462,42.91875],[-0.6357,42.91884],[-0.63608,42.91879],[-0.63639,42.91861],[-0.63664,42.91827],[-0.63773,42.91756],[-0.63822,42.91673],[-0.63818,42.91658],[-0.63775,42.9161],[-0.63762,42.91555],[-0.63774,42.91508],[-0.63816,42.91467],[-0.63814,42.91417],[-0.63797,42.91367],[-0.63806,42.91339],[-0.63882,42.91244],[-0.63994,42.91219],[-0.64022,42.91187],[-0.64052,42.91172],[-0.64131,42.9117],[-0.6417,42.91138],[-0.64222,42.91066],[-0.6427,42.90946],[-0.64304,42.90887],[-0.64386,42.90802],[-0.64428,42.90716],[-0.64541,42.90583],[-0.64664,42.90494],[-0.64739,42.90385],[-0.64772,42.9031],[-0.64796,42.90295],[-0.64815,42.90302],[-0.6482,42.90333],[-0.64813,42.90357],[-0.64786,42.90395],[-0.64766,42.90458],[-0.64755,42.90585],[-0.64656,42.90718],[-0.6464,42.90752],[-0.64581,42.90802],[-0.64543,42.90886],[-0.64546,42.90916],[-0.64594,42.90929],[-0.64937,42.90983],[-0.64972,42.91024],[-0.64983,42.91055],[-0.65025,42.91082],[-0.65191,42.91039],[-0.65248,42.91048],[-0.65308,42.91079],[-0.65343,42.91106],[-0.65444,42.91124],[-0.65457,42.91145],[-0.65471,42.9122],[-0.65497,42.9124],[-0.65559,42.91229],[-0.65642,42.91259],[-0.65701,42.91267],[-0.65774,42.9126],[-0.65804,42.9127],[-0.65824,42.91308],[-0.65823,42.9136],[-0.65831,42.91387],[-0.65862,42.91413],[-0.65942,42.91443],[-0.65983,42.91449],[-0.66045,42.91436],[-0.66128,42.91392],[-0.6632,42.91221],[-0.66382,42.91106],[-0.6647,42.91088],[-0.66665,42.90979]],[[-0.66665,42.93032],[-0.66596,42.92998],[-0.66558,42.92965],[-0.66549,42.9294],[-0.66584,42.92888],[-0.66578,42.92865],[-0.66489,42.92808],[-0.6647,42.9275],[-0.66444,42.92718],[-0.66436,42.9269],[-0.66412,42.92665],[-0.66403,42.92638],[-0.66415,42.92609],[-0.66443,42.92579],[-0.66472,42.92559],[-0.66507,42.92556],[-0.6659,42.92577],[-0.66665,42.92649]],[[-0.56915,42.92165],[-0.56848,42.92165],[-0.56868,42.92173],[-0.56915,42.92165]],[[-0.54609,42.91412],[-0.54628,42.91367],[-0.54609,42.91321]],[[-0.64443,42.91305],[-0.6446,42.91277],[-0.64443,42.91247],[-0.64384,42.91247],[-0.64371,42.91266],[-0.64372,42.9128],[-0.64411,42.913],[-0.64443,42.91305]],[[-0.54609,42.91247],[-0.54649,42.91257],[-0.54725,42.91256],[-0.54747,42.91247],[-0.54814,42.91189],[-0.54884,42.91157],[-0.54919,42.91129],[-0.54951,42.91118],[-0.55026,42.91109],[-0.55059,42.91085],[-0.55084,42.91054],[-0.55279,42.91027],[-0.55365,42.91004],[-0.55469,42.9099],[-0.55594,42.90989],[-0.55861,42.91048],[-0.55962,42.91043],[-0.56042,42.91049],[-0.56128,42.91035],[-0.56147,42.91028],[-0.56153,42.91013],[-0.56156,42.90888],[-0.56145,42.9085],[-0.56092,42.90792],[-0.55993,42.90748],[-0.55832,42.90649],[-0.55773,42.90591],[-0.55729,42.90465],[-0.55699,42.90322],[-0.55671,42.90246],[-0.55639,42.9019],[-0.55552,42.90082],[-0.55433,42.90028],[-0.55388,42.89991],[-0.55386,42.89969],[-0.55415,42.89942],[-0.55442,42.89858],[-0.55494,42.89823],[-0.55528,42.89778],[-0.55564,42.8975],[-0.55583,42.89668],[-0.55608,42.89627],[-0.55606,42.89526],[-0.55625,42.89489],[-0.55633,42.89444],[-0.55549,42.89277],[-0.55532,42.89159],[-0.55572,42.89073],[-0.55602,42.8905],[-0.55676,42.89018],[-0.55698,42.88998],[-0.55696,42.88967],[-0.55659,42.88943],[-0.55386,42.88897],[-0.55275,42.88886],[-0.55153,42.88892],[-0.55049,42.8891],[-0.54955,42.88896],[-0.54813,42.88912],[-0.54695,42.88895],[-0.54609,42.88859]],[[-0.54609,42.88858],[-0.54626,42.88819],[-0.54622,42.88804],[-0.54609,42.888]],[[-0.54609,42.88642],[-0.54696,42.88598],[-0.5475,42.88579],[-0.54926,42.88608],[-0.55026,42.88637],[-0.55174,42.88602],[-0.55372,42.88594],[-0.55514,42.88547],[-0.55667,42.88509],[-0.5572,42.88474],[-0.55738,42.88447],[-0.55735,42.88412],[-0.55693,42.88386],[-0.55607,42.88359],[-0.55337,42.88302],[-0.55253,42.88266],[-0.55191,42.8822]]]}},{"type":"Feature","properties":{"ele":1130},"geometry":{"type":"MultiLineString","coordinates":[[[-0.64064,42.94609],[-0.64026,42.94581],[-0.63948,42.9454],[-0.63861,42.94469],[-0.63781,42.94461],[-0.63721,42.9444],[-0.63587,42.9442],[-0.63455,42.94377],[-0.63372,42.94367],[-0.63313,42.94349],[-0.63263,42.94357],[-0.6319,42.94414],[-0.6308,42.94432],[-0.63025,42.9442],[-0.62968,42.94373],[-0.62913,42.94359],[-0.62899,42.94333],[-0.62916,42.94276],[-0.62899,42.94218],[-0.62943,42.94164],[-0.6295,42.94093],[-0.62971,42.94025],[-0.63023,42.93993],[-0.63066,42.93984],[-0.63271,42.93999],[-0.63389,42.93997],[-0.63517,42.94047],[-0.63649,42.9407],[-0.6375,42.94067],[-0.63938,42.9409],[-0.64052,42.9409],[-0.64132,42.94104],[-0.6427,42.94046],[-0.64492,42.93908],[-0.64556,42.93833],[-0.64582,42.93778],[-0.64607,42.93772],[-0.64742,42.93836],[-0.64875,42.93866],[-0.64976,42.93849],[-0.6508,42.93845],[-0.65229,42.93774],[-0.65267,42.9377],[-0.65357,42.93837],[-0.65423,42.9385],[-0.65611,42.93943],[-0.65636,42.93942],[-0.65662,42.9391],[-0.65708,42.93905],[-0.65774,42.9387],[-0.65834,42.93857],[-0.65862,42.93856],[-0.65979,42.93886],[-0.66035,42.93872],[-0.66177,42.93862],[-0.66241,42.93887],[-0.66298,42.9389],[-0.66333,42.9388],[-0.66406,42.939],[-0.66458,42.93858],[-0.66538,42.93822],[-0.6658,42.93816],[-0.66665,42.93829]],[[-0.58008,42.94609],[-0.57999,42.94577],[-0.57967,42.94548],[-0.57826,42.94523],[-0.57705,42.94525],[-0.57491,42.94441],[-0.5741,42.94425],[-0.57173,42.94353],[-0.57098,42.9431],[-0.57082,42.94275],[-0.56994,42.9419],[-0.57059,42.94136],[-0.57071,42.94041],[-0.57148,42.93948],[-0.57188,42.93888],[-0.57211,42.9384],[-0.5722,42.93802],[-0.5725,42.93747],[-0.57195,42.9369],[-0.57097,42.93651],[-0.56969,42.93623],[-0.5683,42.93603],[-0.56801,42.93603],[-0.56743,42.9362],[-0.56703,42.93611],[-0.56651,42.9356],[-0.56637,42.93509],[-0.56552,42.93443],[-0.5655,42.93416],[-0.56529,42.93364],[-0.56526,42.93303],[-0.56509,42.93277],[-0.56445,42.93245],[-0.5636,42.93219],[-0.56355,42.93191],[-0.56415,42.93164],[-0.56445,42.9316],[-0.56521,42.93172],[-0.5666,42.9321],[-0.56749,42.9322],[-0.56781,42.93191],[-0.56777,42.93164],[-0.56738,42.9314],[-0.56726,42.9311],[-0.56732,42.93083],[-0.56769,42.93024],[-0.56761,42.92954],[-0.56766,42.92939],[-0.5686,42.92856],[-0.5705,42.92805],[-0.57132,42.92793],[-0.57164,42.92775],[-0.57179,42.92752],[-0.5717,42.92664],[-0.57156,42.92654],[-0.56969,42.92592],[-0.56792,42.9257],[-0.56725,42.9252],[-0.56715,42.925],[-0.56716,42.92465],[-0.56701,42.92402],[-0.56714,42.92334],[-0.56753,42.92225],[-0.56751,42.92191],[-0.56625,42.92171],[-0.56396,42.92097],[-0.56316,42.92091],[-0.56205,42.92097],[-0.56168,42.9209],[-0.56104,42.92028],[-0.5611,42.91969],[-0.56095,42.91915],[-0.5605,42.91888],[-0.55784,42.91827],[-0.55674,42.91781],[-0.55524,42.91771],[-0.55424,42.91735],[-0.55329,42.91684],[-0.55243,42.91656],[-0.55167,42.91652],[-0.55109,42.91638],[-0.55028,42.91591],[-0.54976,42.91573],[-0.54906,42.91566],[-0.54702,42.91582],[-0.5466,42.91593],[-0.54609,42.91617]],[[-0.57094,42.8822],[-0.57023,42.88273],[-0.56971,42.88359],[-0.5692,42.88387],[-0.5683,42.88413],[-0.56776,42.88438],[-0.56757,42.88461],[-0.56755,42.88478],[-0.56781,42.88521],[-0.56785,42.88565],[-0.56795,42.88589],[-0.56853,42.8864],[-0.56899,42.88664],[-0.56928,42.8869],[-0.56895,42.88756],[-0.56895,42.88812],[-0.56878,42.88864],[-0.56881,42.88918],[-0.56904,42.88967],[-0.56932,42.89001],[-0.57041,42.89085],[-0.57222,42.8921],[-0.57232,42.89226],[-0.57249,42.89303],[-0.57281,42.89318],[-0.57362,42.89306],[-0.57507,42.89234],[-0.57613,42.89222],[-0.57681,42.89201],[-0.57698,42.89193],[-0.5772,42.89163],[-0.5782,42.89138],[-0.57937,42.8908],[-0.57975,42.89031],[-0.58005,42.88949],[-0.58045,42.88885],[-0.5817,42.8876],[-0.58302,42.88686],[-0.58373,42.88635],[-0.58489,42.88581],[-0.58582,42.88526],[-0.58629,42.88516],[-0.58654,42.88524],[-0.58626,42.88552],[-0.58554,42.88595],[-0.58502,42.88644],[-0.58355,42.88745],[-0.58279,42.88808],[-0.58263,42.8883],[-0.58213,42.88948],[-0.58222,42.89025],[-0.58215,42.89107],[-0.58077,42.89309],[-0.58055,42.89387],[-0.58023,42.89441],[-0.58017,42.89513],[-0.5799,42.89559],[-0.57992,42.89621],[-0.57964,42.89684],[-0.57961,42.8972],[-0.58026,42.89803],[-0.58055,42.89875],[-0.58057,42.89888],[-0.58038,42.89917],[-0.58045,42.89942],[-0.58154,42.90031],[-0.58248,42.90081],[-0.583,42.90139],[-0.58364,42.90189],[-0.58367,42.90219],[-0.58343,42.90247],[-0.58343,42.90269],[-0.5841,42.90334],[-0.58469,42.90374],[-0.58585,42.90412],[-0.58598,42.90494],[-0.58649,42.90525],[-0.58785,42.90569],[-0.58865,42.90575],[-0.58935,42.90617],[-0.59057,42.90667],[-0.59061,42.90719],[-0.59031,42.90754],[-0.58839,42.90868],[-0.58779,42.90894],[-0.58709,42.90968],[-0.58698,42.91006],[-0.58709,42.91047],[-0.58776,42.91164],[-0.58815,42.91191],[-0.58825,42.91218],[-0.58804,42.91247],[-0.58743,42.91298],[-0.58618,42.91362],[-0.58631,42.91389],[-0.58725,42.91442],[-0.58776,42.91483],[-0.58826,42.91502],[-0.58913,42.91554],[-0.58981,42.91642],[-0.59045,42.91694],[-0.59057,42.91716],[-0.59045,42.9177],[-0.59049,42.91819],[-0.59021,42.91882],[-0.58913,42.9196],[-0.58874,42.92003],[-0.58832,42.92026],[-0.58774,42.92078],[-0.58771,42.92115],[-0.58804,42.9222],[-0.58787,42.92274],[-0.58795,42.92297],[-0.58834,42.9233],[-0.58852,42.92388],[-0.58917,42.92413],[-0.58973,42.92469],[-0.59044,42.92517],[-0.59048,42.92544],[-0.59021,42.92582],[-0.59057,42.92634],[-0.59101,42.9265],[-0.59275,42.92664],[-0.59433,42.9272],[-0.59481,42.92744],[-0.59493,42.92763],[-0.59489,42.92805],[-0.59498,42.92831],[-0.59563,42.92886],[-0.59599,42.92945],[-0.59688,42.93001],[-0.59751,42.93024],[-0.59833,42.93108],[-0.59889,42.9312],[-0.59943,42.93143],[-0.60014,42.93144],[-0.6008,42.93157],[-0.60198,42.93125],[-0.60274,42.9312],[-0.60361,42.93134],[-0.60389,42.93128],[-0.6044,42.931],[-0.60465,42.93097],[-0.60532,42.93118],[-0.60642,42.93131],[-0.60705,42.93179],[-0.60783,42.93218],[-0.60805,42.93221],[-0.60859,42.93191],[-0.60877,42.93155],[-0.60884,42.93121],[-0.60867,42.93053],[-0.60796,42.92917],[-0.60755,42.92856],[-0.6072,42.92777],[-0.60739,42.92739],[-0.60707,42.92683],[-0.60692,42.92637],[-0.60692,42.92607],[-0.60711,42.92581],[-0.60803,42.92543],[-0.60829,42.92516],[-0.60814,42.92386],[-0.60775,42.92305],[-0.60747,42.92274],[-0.60772,42.92192],[-0.60796,42.92165],[-0.60803,42.92135],[-0.60879,42.92098],[-0.60966,42.9208],[-0.61016,42.92046],[-0.61118,42.92],[-0.61127,42.91916],[-0.61166,42.91832],[-0.61174,42.91767],[-0.61264,42.91668],[-0.61325,42.91629],[-0.61349,42.916],[-0.61353,42.91569],[-0.61307,42.9147],[-0.61273,42.91415],[-0.61217,42.9136],[-0.61213,42.91323],[-0.61276,42.91264],[-0.6136,42.91208],[-0.61475,42.9108],[-0.61548,42.90948],[-0.61733,42.90667],[-0.61804,42.90639],[-0.61857,42.90607],[-0.61895,42.90562],[-0.61931,42.90497],[-0.61999,42.9047],[-0.62106,42.90387],[-0.62173,42.90361],[-0.62246,42.90302],[-0.624,42.90217],[-0.62513,42.90135],[-0.62572,42.90076],[-0.62609,42.90025],[-0.62681,42.89806],[-0.62746,42.89721],[-0.62841,42.89672],[-0.63108,42.89492],[-0.63223,42.89431],[-0.63276,42.89414],[-0.63305,42.89413],[-0.63331,42.89456],[-0.63319,42.89516],[-0.63172,42.89671],[-0.63062,42.89825],[-0.63017,42.89914],[-0.62908,42.90052],[-0.62877,42.90111],[-0.62829,42.90163],[-0.62815,42.90211],[-0.62835,42.90287],[-0.62808,42.90386],[-0.62632,42.90581],[-0.62599,42.90652],[-0.6259,42.90721],[-0.62523,42.90774],[-0.62492,42.90834],[-0.62482,42.90885],[-0.62495,42.90954],[-0.62476,42.91027],[-0.62499,42.91078],[-0.6253,42.91107],[-0.6253,42.91114],[-0.6244,42.91219],[-0.62329,42.91275],[-0.62339,42.91304],[-0.62393,42.91328],[-0.62458,42.91371],[-0.62531,42.91403],[-0.6257,42.91461],[-0.62575,42.91524],[-0.62607,42.91555],[-0.62611,42.9158],[-0.62548,42.91632],[-0.62534,42.91659],[-0.62532,42.91694],[-0.62552,42.91777],[-0.62606,42.91833],[-0.62662,42.91861],[-0.62721,42.91917],[-0.62809,42.91967],[-0.62836,42.91995],[-0.62829,42.92076],[-0.62799,42.92135],[-0.62792,42.92214],[-0.62771,42.92249],[-0.62774,42.92278],[-0.62815,42.92271],[-0.62919,42.92166],[-0.62969,42.92129],[-0.63229,42.92005],[-0.63303,42.91922],[-0.63379,42.91874],[-0.63458,42.9186],[-0.63556,42.9187],[-0.6361,42.91862],[-0.63664,42.9181],[-0.63763,42.91744],[-0.63809,42.91666],[-0.6376,42.91614],[-0.63747,42.91554],[-0.63759,42.91506],[-0.63796,42.91461],[-0.63795,42.91416],[-0.6378,42.9136],[-0.63787,42.91331],[-0.63816,42.91302],[-0.63862,42.91221],[-0.63966,42.9119],[-0.64002,42.91159],[-0.64049,42.91151],[-0.64118,42.91152],[-0.6414,42.9114],[-0.64183,42.9109],[-0.64231,42.91002],[-0.6425,42.90932],[-0.64302,42.90857],[-0.64361,42.90793],[-0.64406,42.90714],[-0.64514,42.90584],[-0.64644,42.90472],[-0.64689,42.90412],[-0.64711,42.9036],[-0.64714,42.9027],[-0.64731,42.90187],[-0.64775,42.90122],[-0.64803,42.90133],[-0.64848,42.9018],[-0.64871,42.90284],[-0.64848,42.9036],[-0.64803,42.90414],[-0.6478,42.90587],[-0.64668,42.90748],[-0.64587,42.90831],[-0.64565,42.90885],[-0.64578,42.90915],[-0.64868,42.90952],[-0.64965,42.9095],[-0.64978,42.90963],[-0.64985,42.91005],[-0.65032,42.91046],[-0.65104,42.9104],[-0.65205,42.91011],[-0.65249,42.91031],[-0.65365,42.91064],[-0.65469,42.91071],[-0.65488,42.91131],[-0.65489,42.91186],[-0.65495,42.91201],[-0.65573,42.91205],[-0.65701,42.91238],[-0.65804,42.91233],[-0.65848,42.91278],[-0.65851,42.9135],[-0.6586,42.91385],[-0.65896,42.91405],[-0.65976,42.91432],[-0.66027,42.91423],[-0.66088,42.91395],[-0.66195,42.91307],[-0.66305,42.91198],[-0.66362,42.91092],[-0.66385,42.9108],[-0.66445,42.91075],[-0.66479,42.91064],[-0.665,42.91054],[-0.66527,42.91026],[-0.66665,42.90961]],[[-0.66665,42.93015],[-0.66614,42.92992],[-0.6658,42.92967],[-0.66569,42.92938],[-0.66604,42.92892],[-0.66605,42.92865],[-0.66501,42.92799],[-0.6646,42.92701],[-0.66431,42.92664],[-0.66423,42.92638],[-0.66467,42.92577],[-0.66497,42.92569],[-0.66528,42.9257],[-0.6656,42.92578],[-0.66593,42.92598],[-0.66665,42.92673]],[[-0.54609,42.91389],[-0.54609,42.91348]],[[-0.54609,42.91238],[-0.54723,42.91249],[-0.54805,42.91183],[-0.54886,42.91142],[-0.54919,42.91116],[-0.55029,42.91091],[-0.55084,42.91036],[-0.55167,42.91032],[-0.55351,42.90994],[-0.55469,42.9098],[-0.55594,42.90978],[-0.55858,42.9104],[-0.56035,42.91041],[-0.56112,42.91029],[-0.56129,42.91021],[-0.56139,42.91001],[-0.5614,42.90889],[-0.56129,42.90856],[-0.5608,42.90803],[-0.55967,42.90752],[-0.55861,42.90685],[-0.55797,42.90662],[-0.55749,42.90606],[-0.55707,42.90454],[-0.55684,42.90333],[-0.55652,42.90246],[-0.55623,42.90195],[-0.55555,42.90108],[-0.55528,42.90085],[-0.55412,42.9003],[-0.5537,42.90002],[-0.55361,42.89989],[-0.55368,42.89958],[-0.5542,42.89895],[-0.55426,42.89851],[-0.55479,42.89809],[-0.55497,42.89774],[-0.55554,42.89727],[-0.55593,42.89606],[-0.55589,42.8952],[-0.55617,42.89438],[-0.55581,42.89386],[-0.55526,42.89276],[-0.55517,42.89166],[-0.55558,42.89084],[-0.5558,42.89058],[-0.55661,42.89022],[-0.55683,42.89005],[-0.5569,42.88985],[-0.55683,42.88967],[-0.55656,42.8895],[-0.55583,42.88935],[-0.5542,42.88908],[-0.55278,42.88896],[-0.55153,42.88901],[-0.55052,42.88921],[-0.54938,42.88903],[-0.5482,42.88925],[-0.54609,42.88889]],[[-0.54609,42.88637],[-0.54754,42.88566],[-0.55031,42.88622],[-0.55087,42.88615],[-0.55181,42.88587],[-0.55292,42.8859],[-0.55383,42.88583],[-0.55514,42.88536],[-0.55664,42.88503],[-0.55702,42.8848],[-0.5573,42.88448],[-0.55725,42.88413],[-0.55695,42.88396],[-0.55585,42.88362],[-0.5533,42.88312],[-0.55247,42.88275],[-0.55171,42.8822]]]}},{"type":"Feature","properties":{"ele":1140},"geometry":{"type":"MultiLineString","coordinates":[[[-0.64081,42.94609],[-0.64026,42.9457],[-0.63958,42.94538],[-0.6386,42.94458],[-0.63589,42.94413],[-0.63439,42.9436],[-0.63375,42.94356],[-0.63281,42.94334],[-0.63247,42.94348],[-0.63187,42.94399],[-0.63101,42.94419],[-0.63047,42.94415],[-0.62978,42.94357],[-0.62914,42.94331],[-0.62929,42.94267],[-0.62913,42.94219],[-0.62956,42.94165],[-0.62966,42.94096],[-0.62982,42.94048],[-0.62999,42.94023],[-0.63074,42.93996],[-0.63264,42.94011],[-0.63351,42.94009],[-0.63392,42.94016],[-0.63524,42.94061],[-0.63654,42.94083],[-0.63754,42.94078],[-0.63945,42.94103],[-0.64063,42.94103],[-0.64135,42.94118],[-0.64283,42.94056],[-0.64505,42.93918],[-0.64531,42.93894],[-0.64589,42.9381],[-0.6461,42.93795],[-0.64743,42.93851],[-0.64882,42.93884],[-0.64931,42.93878],[-0.64979,42.9386],[-0.6511,42.93859],[-0.65191,42.93819],[-0.65247,42.93802],[-0.65273,42.93804],[-0.65296,42.93828],[-0.65308,42.93856],[-0.65324,42.93867],[-0.65458,42.93898],[-0.65586,42.93963],[-0.65625,42.93971],[-0.65639,42.9397],[-0.65671,42.93946],[-0.65718,42.93935],[-0.65774,42.93892],[-0.65858,42.93877],[-0.66011,42.93901],[-0.66139,42.93891],[-0.66204,42.93911],[-0.66326,42.93929],[-0.66406,42.9396],[-0.66441,42.9394],[-0.66495,42.93866],[-0.66526,42.9385],[-0.66563,42.93844],[-0.66636,42.93853],[-0.66665,42.93866]],[[-0.5799,42.94609],[-0.57975,42.94575],[-0.57939,42.94557],[-0.57816,42.94537],[-0.57733,42.94547],[-0.57695,42.94541],[-0.57458,42.94449],[-0.57396,42.94437],[-0.57355,42.94416],[-0.57163,42.94364],[-0.57084,42.94316],[-0.57058,42.94272],[-0.56983,42.94204],[-0.56977,42.94187],[-0.56994,42.94163],[-0.57036,42.94135],[-0.57051,42.94052],[-0.57181,42.93878],[-0.57203,42.93832],[-0.57225,42.93743],[-0.57197,42.93711],[-0.57159,42.93686],[-0.56996,42.9364],[-0.56816,42.93614],[-0.5674,42.93631],[-0.56685,42.93621],[-0.56635,42.93583],[-0.56629,42.93522],[-0.56538,42.93446],[-0.56514,42.93371],[-0.5651,42.93306],[-0.56499,42.93288],[-0.56415,42.93248],[-0.563,42.9322],[-0.56327,42.9319],[-0.56434,42.93152],[-0.56528,42.93164],[-0.5666,42.93202],[-0.56726,42.93207],[-0.56754,42.93201],[-0.56761,42.93183],[-0.56749,42.93164],[-0.56718,42.93142],[-0.5671,42.93114],[-0.56716,42.9308],[-0.56749,42.93026],[-0.56744,42.92939],[-0.56862,42.92844],[-0.57049,42.92795],[-0.57128,42.92782],[-0.57142,42.92776],[-0.57159,42.92753],[-0.57144,42.92662],[-0.56964,42.92605],[-0.56773,42.92585],[-0.5671,42.92527],[-0.56697,42.92499],[-0.56698,42.92466],[-0.56683,42.92405],[-0.56728,42.92229],[-0.56722,42.92208],[-0.56694,42.92192],[-0.56615,42.92181],[-0.56389,42.92108],[-0.56166,42.92108],[-0.56088,42.9203],[-0.56091,42.91968],[-0.56076,42.91917],[-0.56026,42.91889],[-0.55785,42.91838],[-0.55667,42.91788],[-0.55516,42.9178],[-0.55416,42.91747],[-0.55368,42.91713],[-0.55307,42.91689],[-0.55223,42.91664],[-0.55163,42.91661],[-0.55082,42.91637],[-0.55031,42.91601],[-0.5499,42.91586],[-0.5492,42.91577],[-0.5483,42.9159],[-0.54708,42.91592],[-0.54658,42.91605],[-0.54609,42.91632]],[[-0.57116,42.8822],[-0.57049,42.88274],[-0.56976,42.88369],[-0.56945,42.88387],[-0.56795,42.88438],[-0.56771,42.88456],[-0.56765,42.88475],[-0.56788,42.88521],[-0.56802,42.88584],[-0.56863,42.88635],[-0.56918,42.88663],[-0.56952,42.88691],[-0.56946,42.88719],[-0.56911,42.88767],[-0.56912,42.88822],[-0.56891,42.88867],[-0.56892,42.88919],[-0.56911,42.88963],[-0.56941,42.88999],[-0.5705,42.89083],[-0.5722,42.89195],[-0.57245,42.89226],[-0.57255,42.89284],[-0.5727,42.89304],[-0.57282,42.89308],[-0.57359,42.89297],[-0.57445,42.89248],[-0.57506,42.89224],[-0.57665,42.89192],[-0.57719,42.89149],[-0.57797,42.89131],[-0.57904,42.89082],[-0.57941,42.8905],[-0.5803,42.88884],[-0.58195,42.88724],[-0.58245,42.8869],[-0.58305,42.88665],[-0.58366,42.88616],[-0.58504,42.88544],[-0.58631,42.88495],[-0.58708,42.88451],[-0.58729,42.88459],[-0.5873,42.88494],[-0.58702,42.88528],[-0.58554,42.88617],[-0.58464,42.8869],[-0.58388,42.88729],[-0.58271,42.8883],[-0.58221,42.88944],[-0.5822,42.8897],[-0.58239,42.89044],[-0.58234,42.8911],[-0.58222,42.89137],[-0.5811,42.89276],[-0.58081,42.89329],[-0.58066,42.89388],[-0.58035,42.89451],[-0.58043,42.8952],[-0.58015,42.89572],[-0.58018,42.89617],[-0.57985,42.89691],[-0.57985,42.89714],[-0.58048,42.89804],[-0.58072,42.89867],[-0.58074,42.89888],[-0.58059,42.89919],[-0.58067,42.89941],[-0.58166,42.90025],[-0.58276,42.90081],[-0.58319,42.90136],[-0.58388,42.90191],[-0.58387,42.90218],[-0.58359,42.9025],[-0.58432,42.90335],[-0.58469,42.90363],[-0.5858,42.90387],[-0.58608,42.90407],[-0.58614,42.9043],[-0.58608,42.90471],[-0.58629,42.90501],[-0.58677,42.90525],[-0.58778,42.90557],[-0.58881,42.90565],[-0.58945,42.90606],[-0.59076,42.90663],[-0.59091,42.90688],[-0.59086,42.90724],[-0.59031,42.90778],[-0.58793,42.90905],[-0.58732,42.90973],[-0.58722,42.91006],[-0.58735,42.91054],[-0.58789,42.91145],[-0.58804,42.91164],[-0.58851,42.91193],[-0.5886,42.9122],[-0.58747,42.91321],[-0.58655,42.91355],[-0.58649,42.91365],[-0.58656,42.9139],[-0.5875,42.91441],[-0.5878,42.91469],[-0.58841,42.91494],[-0.58936,42.9155],[-0.58992,42.91641],[-0.59059,42.91686],[-0.59082,42.91719],[-0.59074,42.91773],[-0.59082,42.91831],[-0.59026,42.91914],[-0.5893,42.91968],[-0.58792,42.92084],[-0.58788,42.92114],[-0.5882,42.92221],[-0.58803,42.92275],[-0.58811,42.92292],[-0.58847,42.9233],[-0.58881,42.92387],[-0.58933,42.92415],[-0.58996,42.92472],[-0.59087,42.92524],[-0.59078,42.92551],[-0.59044,42.92579],[-0.59046,42.92602],[-0.59055,42.92617],[-0.59104,42.92639],[-0.59282,42.92659],[-0.59442,42.92714],[-0.59502,42.92742],[-0.59512,42.9276],[-0.59504,42.92801],[-0.59511,42.92825],[-0.59537,42.92856],[-0.5958,42.92887],[-0.59608,42.92943],[-0.59693,42.92997],[-0.59755,42.9302],[-0.59835,42.93096],[-0.59944,42.93133],[-0.60022,42.93133],[-0.60087,42.93147],[-0.60195,42.93115],[-0.60274,42.9311],[-0.60333,42.93122],[-0.60378,42.9312],[-0.60438,42.9309],[-0.60465,42.93086],[-0.60528,42.93108],[-0.60646,42.93121],[-0.60674,42.93134],[-0.60716,42.93171],[-0.60775,42.93196],[-0.60802,42.93199],[-0.60833,42.93192],[-0.60857,42.93158],[-0.60867,42.93102],[-0.60835,42.93023],[-0.60739,42.92861],[-0.60707,42.92787],[-0.60706,42.92771],[-0.60723,42.92746],[-0.60692,42.92692],[-0.60674,42.92631],[-0.60675,42.92603],[-0.60687,42.9258],[-0.60805,42.92527],[-0.60813,42.92503],[-0.60799,42.9239],[-0.6073,42.92267],[-0.60745,42.92225],[-0.60746,42.9219],[-0.60799,42.9212],[-0.60866,42.92083],[-0.60945,42.92071],[-0.6101,42.92032],[-0.61091,42.91997],[-0.61105,42.91968],[-0.61108,42.91913],[-0.61149,42.91833],[-0.61155,42.91764],[-0.61249,42.91665],[-0.61331,42.91608],[-0.61339,42.91573],[-0.61303,42.915],[-0.61249,42.91414],[-0.61192,42.9136],[-0.61188,42.91325],[-0.61297,42.91221],[-0.61357,42.91187],[-0.61431,42.91104],[-0.6153,42.90947],[-0.6157,42.90899],[-0.61716,42.90658],[-0.61835,42.9061],[-0.61889,42.90555],[-0.61912,42.90495],[-0.61977,42.90471],[-0.6208,42.90385],[-0.62144,42.90358],[-0.62251,42.90283],[-0.62383,42.90213],[-0.62525,42.90104],[-0.62594,42.90013],[-0.62664,42.89787],[-0.6269,42.89746],[-0.62746,42.89704],[-0.62831,42.89664],[-0.63213,42.89408],[-0.63285,42.89376],[-0.63355,42.89355],[-0.63379,42.8936],[-0.63358,42.8941],[-0.63363,42.89461],[-0.63351,42.89493],[-0.63308,42.89556],[-0.63223,42.89639],[-0.63113,42.8978],[-0.63078,42.89829],[-0.63029,42.8993],[-0.62934,42.90054],[-0.62909,42.90112],[-0.62859,42.90164],[-0.62843,42.90211],[-0.62856,42.90284],[-0.6283,42.90384],[-0.6265,42.9059],[-0.6263,42.90636],[-0.62616,42.90722],[-0.62524,42.90802],[-0.62503,42.90878],[-0.62516,42.90958],[-0.62493,42.91028],[-0.62528,42.91079],[-0.62563,42.91108],[-0.62568,42.91139],[-0.62452,42.91233],[-0.62359,42.91275],[-0.62375,42.91305],[-0.62468,42.91362],[-0.62541,42.9139],[-0.62595,42.91469],[-0.62604,42.91525],[-0.62626,42.91549],[-0.62634,42.91572],[-0.62625,42.91592],[-0.62572,42.91633],[-0.62551,42.91662],[-0.62551,42.91701],[-0.62577,42.91775],[-0.62623,42.91828],[-0.62666,42.91849],[-0.62745,42.91917],[-0.62838,42.91967],[-0.62862,42.91994],[-0.62851,42.92076],[-0.62825,42.92137],[-0.62823,42.9219],[-0.62833,42.92214],[-0.62859,42.92206],[-0.62897,42.92163],[-0.62972,42.92111],[-0.63216,42.91997],[-0.63304,42.91895],[-0.63364,42.9186],[-0.63462,42.91846],[-0.63545,42.91856],[-0.63583,42.91851],[-0.63611,42.91837],[-0.6364,42.91805],[-0.6373,42.91752],[-0.63758,42.91728],[-0.63779,42.91696],[-0.63788,42.91665],[-0.63741,42.91614],[-0.63732,42.91548],[-0.6374,42.91513],[-0.63779,42.91443],[-0.63764,42.91353],[-0.63767,42.91326],[-0.63794,42.91297],[-0.6383,42.91217],[-0.63861,42.91194],[-0.63945,42.91172],[-0.64002,42.91137],[-0.64048,42.91132],[-0.6411,42.91137],[-0.64168,42.91083],[-0.64211,42.91006],[-0.64243,42.90906],[-0.64334,42.90778],[-0.64497,42.90579],[-0.64586,42.90508],[-0.64646,42.90436],[-0.64673,42.9038],[-0.64684,42.90281],[-0.64706,42.90218],[-0.64693,42.90137],[-0.64696,42.90107],[-0.64714,42.90049],[-0.64747,42.90008],[-0.6478,42.90042],[-0.64838,42.9013],[-0.64879,42.90167],[-0.649,42.90274],[-0.64899,42.90308],[-0.64879,42.90365],[-0.64822,42.90461],[-0.64805,42.9053],[-0.64801,42.90605],[-0.64741,42.9066],[-0.64691,42.90747],[-0.64602,42.9083],[-0.64587,42.90884],[-0.64613,42.90911],[-0.64816,42.90935],[-0.65045,42.90916],[-0.65059,42.90924],[-0.65066,42.90943],[-0.6502,42.90966],[-0.65008,42.90996],[-0.65024,42.91019],[-0.65049,42.91026],[-0.65099,42.91021],[-0.65191,42.90979],[-0.65274,42.91013],[-0.65359,42.91026],[-0.6544,42.9103],[-0.655,42.91014],[-0.6551,42.91028],[-0.65505,42.91083],[-0.65524,42.91167],[-0.65556,42.91166],[-0.6558,42.91135],[-0.65637,42.91107],[-0.65671,42.91107],[-0.6576,42.91133],[-0.65767,42.91143],[-0.65768,42.91191],[-0.65808,42.912],[-0.6588,42.91275],[-0.65875,42.91336],[-0.65889,42.91384],[-0.65977,42.91417],[-0.66017,42.91411],[-0.66079,42.91384],[-0.66223,42.91259],[-0.66302,42.91163],[-0.6633,42.9108],[-0.66347,42.91066],[-0.66365,42.91059],[-0.66424,42.91062],[-0.66458,42.91055],[-0.66551,42.90993],[-0.66665,42.90941]],[[-0.66665,42.93],[-0.66609,42.9297],[-0.66591,42.92947],[-0.66593,42.92934],[-0.6663,42.92888],[-0.66628,42.92859],[-0.66529,42.92799],[-0.6651,42.9278],[-0.6648,42.92708],[-0.66449,42.92662],[-0.66447,42.92635],[-0.66467,42.92603],[-0.66497,42.9258],[-0.66542,42.92586],[-0.6661,42.92629],[-0.66665,42.92697]],[[-0.54609,42.91229],[-0.54663,42.91237],[-0.5472,42.91232],[-0.54809,42.91168],[-0.54873,42.91138],[-0.54913,42.91106],[-0.55021,42.9108],[-0.55053,42.91025],[-0.55254,42.91004],[-0.5534,42.90984],[-0.55467,42.90969],[-0.55594,42.90968],[-0.55854,42.91032],[-0.56028,42.91034],[-0.56085,42.91026],[-0.56109,42.91011],[-0.56119,42.90995],[-0.56124,42.90899],[-0.56111,42.90857],[-0.56054,42.90803],[-0.55973,42.90774],[-0.55857,42.90707],[-0.558,42.90689],[-0.55766,42.90668],[-0.5575,42.90635],[-0.55717,42.9061],[-0.55715,42.90551],[-0.55672,42.9035],[-0.55636,42.90249],[-0.55609,42.90202],[-0.55529,42.90105],[-0.55414,42.90047],[-0.55335,42.89992],[-0.55338,42.89945],[-0.55397,42.89897],[-0.554,42.89853],[-0.55533,42.89725],[-0.55552,42.89691],[-0.55561,42.89642],[-0.55584,42.89583],[-0.55576,42.89497],[-0.55599,42.8944],[-0.55556,42.89384],[-0.5551,42.89287],[-0.55501,42.89169],[-0.55554,42.89081],[-0.5558,42.89052],[-0.55677,42.89002],[-0.55676,42.88969],[-0.55656,42.88957],[-0.55584,42.88941],[-0.55432,42.88916],[-0.55274,42.88905],[-0.55153,42.88909],[-0.55056,42.88931],[-0.54973,42.88911],[-0.54931,42.8891],[-0.5482,42.88937],[-0.54609,42.88907]],[[-0.54609,42.88633],[-0.54748,42.88552],[-0.55031,42.88608],[-0.55087,42.88602],[-0.55171,42.88577],[-0.55375,42.88574],[-0.55511,42.88526],[-0.55659,42.88498],[-0.55698,42.88475],[-0.55724,42.88444],[-0.5571,42.88412],[-0.55638,42.88386],[-0.55563,42.88367],[-0.55375,42.88338],[-0.55299,42.88315],[-0.5522,42.88276],[-0.55153,42.8822]],[[-0.58915,42.88335],[-0.58946,42.88312],[-0.58971,42.88276],[-0.58974,42.88246],[-0.58967,42.88234],[-0.58938,42.88231],[-0.58907,42.88247],[-0.58908,42.88291],[-0.589,42.88327],[-0.58915,42.88335]]]}},{"type":"Feature","properties":{"ele":1160},"geometry":{"type":"MultiLineString","coordinates":[[[-0.64108,42.94609],[-0.64028,42.94549],[-0.63969,42.94526],[-0.63914,42.9447],[-0.63867,42.94438],[-0.63747,42.94414],[-0.63601,42.94399],[-0.63469,42.94347],[-0.63376,42.94333],[-0.63313,42.94312],[-0.63274,42.94311],[-0.6324,42.9432],[-0.63219,42.9433],[-0.63192,42.94361],[-0.63142,42.94387],[-0.63094,42.94397],[-0.63064,42.94389],[-0.63004,42.94329],[-0.62966,42.94309],[-0.62959,42.94294],[-0.62956,42.9422],[-0.62984,42.94183],[-0.63013,42.94062],[-0.6303,42.94045],[-0.63083,42.94032],[-0.63326,42.94034],[-0.63525,42.94087],[-0.63642,42.94108],[-0.63743,42.94102],[-0.63948,42.94129],[-0.64063,42.94129],[-0.64135,42.94146],[-0.64301,42.94079],[-0.64524,42.93941],[-0.64553,42.93913],[-0.64601,42.93847],[-0.64625,42.93837],[-0.64749,42.9388],[-0.64889,42.93918],[-0.65024,42.93924],[-0.65057,42.93916],[-0.65112,42.93887],[-0.65184,42.93872],[-0.65261,42.93877],[-0.65355,42.93923],[-0.65453,42.93941],[-0.65555,42.93995],[-0.65681,42.94039],[-0.65697,42.94035],[-0.65745,42.93993],[-0.65792,42.93936],[-0.65831,42.93914],[-0.65882,42.93907],[-0.65948,42.93914],[-0.66026,42.93942],[-0.6611,42.93942],[-0.66188,42.93965],[-0.66247,42.9397],[-0.66279,42.93997],[-0.66365,42.94047],[-0.66427,42.94041],[-0.66507,42.94046],[-0.66529,42.94039],[-0.66544,42.94023],[-0.66546,42.9397],[-0.66556,42.93955],[-0.66597,42.93931],[-0.66665,42.9391]],[[-0.5795,42.94609],[-0.57911,42.94583],[-0.5784,42.94571],[-0.57795,42.94569],[-0.57723,42.94582],[-0.5767,42.94572],[-0.57434,42.94477],[-0.57382,42.94465],[-0.57329,42.94434],[-0.57233,42.94405],[-0.57136,42.94387],[-0.57054,42.94331],[-0.57015,42.94276],[-0.5693,42.942],[-0.56925,42.94186],[-0.5694,42.94163],[-0.5699,42.9413],[-0.57002,42.9411],[-0.56997,42.9408],[-0.57113,42.93945],[-0.57157,42.9388],[-0.57188,42.93805],[-0.57192,42.93763],[-0.57185,42.93743],[-0.57163,42.93721],[-0.57119,42.93698],[-0.56983,42.93661],[-0.56807,42.93635],[-0.56705,42.93656],[-0.56655,42.93644],[-0.56638,42.93633],[-0.56609,42.93581],[-0.56596,42.93526],[-0.56526,42.9347],[-0.5651,42.93447],[-0.56484,42.93367],[-0.56474,42.93301],[-0.56414,42.93274],[-0.56257,42.9324],[-0.56235,42.93223],[-0.56238,42.93214],[-0.56294,42.93185],[-0.56412,42.93133],[-0.56452,42.93134],[-0.56646,42.93171],[-0.56671,42.93169],[-0.56678,42.93158],[-0.56685,42.93081],[-0.56718,42.9302],[-0.56717,42.92999],[-0.56699,42.92965],[-0.56716,42.92932],[-0.5683,42.92829],[-0.57035,42.92779],[-0.57116,42.92748],[-0.57113,42.92691],[-0.57071,42.92667],[-0.56948,42.9263],[-0.56748,42.92609],[-0.5669,42.92548],[-0.5666,42.92502],[-0.5666,42.92465],[-0.56645,42.92412],[-0.56676,42.92256],[-0.56674,42.92218],[-0.56608,42.92204],[-0.56378,42.9213],[-0.56161,42.92137],[-0.56132,42.92121],[-0.56048,42.92033],[-0.56051,42.91965],[-0.56027,42.91914],[-0.55976,42.91896],[-0.55776,42.91859],[-0.55729,42.91825],[-0.55666,42.91805],[-0.55521,42.91802],[-0.55452,42.91778],[-0.55412,42.91773],[-0.55327,42.91722],[-0.55063,42.91656],[-0.55027,42.9162],[-0.55001,42.91606],[-0.54924,42.91602],[-0.5484,42.91616],[-0.54722,42.91614],[-0.54664,42.91632],[-0.54609,42.91661]],[[-0.59057,42.8822],[-0.59054,42.88248],[-0.58999,42.88359],[-0.58917,42.88376],[-0.58859,42.884],[-0.588,42.88466],[-0.58769,42.88523],[-0.58693,42.88568],[-0.58644,42.88609],[-0.58556,42.88642],[-0.58498,42.88692],[-0.58403,42.88734],[-0.58276,42.88847],[-0.5824,42.88915],[-0.58231,42.88951],[-0.5828,42.89076],[-0.58276,42.89121],[-0.58197,42.89221],[-0.58139,42.89277],[-0.58104,42.89332],[-0.58064,42.89454],[-0.58085,42.89529],[-0.58076,42.8961],[-0.58026,42.89692],[-0.58029,42.89708],[-0.58043,42.89741],[-0.5808,42.89782],[-0.581,42.89822],[-0.5811,42.89859],[-0.58098,42.89912],[-0.58109,42.89942],[-0.58195,42.89996],[-0.58217,42.90027],[-0.58298,42.9007],[-0.58331,42.9011],[-0.58443,42.90191],[-0.58438,42.90246],[-0.58454,42.90275],[-0.58467,42.90333],[-0.58597,42.90364],[-0.58638,42.90386],[-0.58651,42.90416],[-0.58658,42.90476],[-0.58737,42.90523],[-0.58799,42.90539],[-0.58875,42.90533],[-0.58906,42.90538],[-0.58951,42.90582],[-0.59133,42.9067],[-0.59139,42.9069],[-0.59135,42.90719],[-0.59055,42.90804],[-0.58923,42.90862],[-0.58889,42.9089],[-0.58838,42.90915],[-0.58786,42.90974],[-0.58774,42.90997],[-0.58778,42.91016],[-0.58825,42.91137],[-0.58895,42.91167],[-0.58919,42.91186],[-0.58921,42.912],[-0.58914,42.91218],[-0.58865,42.91278],[-0.58809,42.91332],[-0.5872,42.91358],[-0.58706,42.91381],[-0.58709,42.91392],[-0.58805,42.91451],[-0.5897,42.91531],[-0.59009,42.91575],[-0.5901,42.9161],[-0.59021,42.91634],[-0.59086,42.91685],[-0.5912,42.91756],[-0.59124,42.91833],[-0.59109,42.91884],[-0.59075,42.91938],[-0.58862,42.92069],[-0.58825,42.92102],[-0.58831,42.92166],[-0.58855,42.92225],[-0.58849,42.92287],[-0.58917,42.92385],[-0.58971,42.92413],[-0.59027,42.9246],[-0.59125,42.92498],[-0.59152,42.92519],[-0.5915,42.92534],[-0.59096,42.92579],[-0.59098,42.92611],[-0.59299,42.92649],[-0.59523,42.92723],[-0.59549,42.92753],[-0.59538,42.92812],[-0.59603,42.92881],[-0.59609,42.92915],[-0.5963,42.92942],[-0.59688,42.92981],[-0.59757,42.93007],[-0.59827,42.93069],[-0.59856,42.93085],[-0.59944,42.93113],[-0.60021,42.9311],[-0.60087,42.93126],[-0.60191,42.93098],[-0.60378,42.93095],[-0.60434,42.9307],[-0.60469,42.93065],[-0.60542,42.93089],[-0.60667,42.93105],[-0.60764,42.93156],[-0.60799,42.93156],[-0.60826,42.93137],[-0.60835,42.93112],[-0.6083,42.93081],[-0.60674,42.92805],[-0.60678,42.92739],[-0.60652,42.92686],[-0.60634,42.92621],[-0.60638,42.92582],[-0.6075,42.92526],[-0.6078,42.92488],[-0.60778,42.92411],[-0.6073,42.9232],[-0.60692,42.92276],[-0.60706,42.92221],[-0.60704,42.9218],[-0.60745,42.92102],[-0.60806,42.92083],[-0.60861,42.92055],[-0.60937,42.9204],[-0.61056,42.91971],[-0.61073,42.91911],[-0.61116,42.91834],[-0.61108,42.91775],[-0.61121,42.91753],[-0.61247,42.91635],[-0.61304,42.91604],[-0.6131,42.91573],[-0.61207,42.91423],[-0.61154,42.91362],[-0.61144,42.91333],[-0.61149,42.91304],[-0.61273,42.91191],[-0.61333,42.91166],[-0.6139,42.91111],[-0.61428,42.91021],[-0.61479,42.90976],[-0.61497,42.90941],[-0.61542,42.90892],[-0.61616,42.90753],[-0.61692,42.90636],[-0.61833,42.90583],[-0.61876,42.90534],[-0.61882,42.90494],[-0.61893,42.90483],[-0.61972,42.90445],[-0.62059,42.90372],[-0.62165,42.90303],[-0.62364,42.902],[-0.62502,42.90084],[-0.62551,42.90021],[-0.62583,42.89946],[-0.62615,42.89828],[-0.62619,42.89763],[-0.62626,42.89745],[-0.62864,42.89613],[-0.63034,42.895],[-0.63195,42.8936],[-0.63322,42.89294],[-0.63345,42.89273],[-0.63371,42.89232],[-0.63381,42.8916],[-0.6344,42.89115],[-0.63524,42.89085],[-0.63555,42.89081],[-0.63574,42.8911],[-0.63582,42.89149],[-0.63577,42.89191],[-0.63542,42.8928],[-0.63502,42.89337],[-0.63446,42.89388],[-0.63414,42.89469],[-0.63331,42.8958],[-0.63247,42.89663],[-0.63116,42.89833],[-0.63034,42.89997],[-0.62991,42.90049],[-0.62966,42.90105],[-0.62918,42.90168],[-0.62893,42.90235],[-0.62895,42.90284],[-0.62886,42.90328],[-0.62854,42.90406],[-0.62688,42.90604],[-0.62681,42.90704],[-0.62664,42.90744],[-0.6261,42.90776],[-0.62572,42.90819],[-0.62565,42.9085],[-0.62569,42.90899],[-0.62544,42.91022],[-0.62638,42.91135],[-0.6263,42.91156],[-0.62581,42.91219],[-0.62452,42.91276],[-0.62437,42.91299],[-0.62471,42.91331],[-0.62583,42.91384],[-0.62657,42.91492],[-0.62658,42.91527],[-0.62674,42.91559],[-0.62676,42.91585],[-0.62662,42.91607],[-0.62601,42.91658],[-0.62589,42.91687],[-0.62619,42.91784],[-0.62635,42.91806],[-0.62672,42.91824],[-0.6275,42.91886],[-0.62899,42.91969],[-0.62911,42.91992],[-0.62901,42.92051],[-0.62914,42.92091],[-0.63025,42.92059],[-0.63184,42.91981],[-0.63226,42.91942],[-0.63277,42.91873],[-0.63358,42.9183],[-0.63486,42.91818],[-0.63559,42.91822],[-0.63584,42.91809],[-0.63613,42.91775],[-0.63723,42.9172],[-0.63741,42.9168],[-0.63706,42.91631],[-0.637,42.91558],[-0.63743,42.91395],[-0.63731,42.91333],[-0.63788,42.91225],[-0.63802,42.91183],[-0.63826,42.91158],[-0.63854,42.91145],[-0.63924,42.91132],[-0.64042,42.91087],[-0.64111,42.91082],[-0.64176,42.91004],[-0.6422,42.90885],[-0.64264,42.90826],[-0.64305,42.90751],[-0.64358,42.90719],[-0.6441,42.90635],[-0.64443,42.90609],[-0.64518,42.90525],[-0.64594,42.90469],[-0.6461,42.90442],[-0.64623,42.90364],[-0.64676,42.90217],[-0.64664,42.90164],[-0.64668,42.90134],[-0.64656,42.90109],[-0.64662,42.90017],[-0.64676,42.89973],[-0.64706,42.89941],[-0.64721,42.8991],[-0.6475,42.89917],[-0.64783,42.89941],[-0.64799,42.89968],[-0.64799,42.90002],[-0.64831,42.90081],[-0.64924,42.90163],[-0.64953,42.90353],[-0.64858,42.9047],[-0.6484,42.9052],[-0.64849,42.90579],[-0.64839,42.9061],[-0.64777,42.90665],[-0.64748,42.9072],[-0.64633,42.90828],[-0.64634,42.90888],[-0.64715,42.90907],[-0.6483,42.90915],[-0.6509,42.90868],[-0.65168,42.90882],[-0.65255,42.90936],[-0.65302,42.9095],[-0.65337,42.9095],[-0.65458,42.9092],[-0.65545,42.90932],[-0.6557,42.90939],[-0.65579,42.90954],[-0.65553,42.91048],[-0.65558,42.91064],[-0.6575,42.9098],[-0.65778,42.90976],[-0.65804,42.90998],[-0.65868,42.91024],[-0.65855,42.91056],[-0.6587,42.9118],[-0.65886,42.9122],[-0.65922,42.91243],[-0.65929,42.91256],[-0.65924,42.91355],[-0.65948,42.91372],[-0.6599,42.9138],[-0.6606,42.9136],[-0.66195,42.91249],[-0.66223,42.91203],[-0.66262,42.91158],[-0.66274,42.91131],[-0.66282,42.91079],[-0.66328,42.91021],[-0.66354,42.91013],[-0.6641,42.91022],[-0.66451,42.91018],[-0.66498,42.90994],[-0.66568,42.90943],[-0.66665,42.90904]],[[-0.66665,42.92952],[-0.66649,42.92939],[-0.66665,42.92913]],[[-0.66665,42.9277],[-0.66628,42.92692],[-0.66581,42.92639],[-0.66528,42.92607],[-0.66494,42.92623],[-0.66479,42.92666],[-0.66513,42.92715],[-0.66526,42.92757],[-0.66631,42.92809],[-0.66665,42.92797]],[[-0.54609,42.91211],[-0.54667,42.91217],[-0.54721,42.91203],[-0.54893,42.91094],[-0.54998,42.91057],[-0.55019,42.91015],[-0.55049,42.91002],[-0.55493,42.90945],[-0.5566,42.90956],[-0.55854,42.91013],[-0.56007,42.91013],[-0.56053,42.90997],[-0.5608,42.90969],[-0.56092,42.90919],[-0.56083,42.90884],[-0.55997,42.90832],[-0.55969,42.90804],[-0.55879,42.90748],[-0.55776,42.9072],[-0.55746,42.90703],[-0.5566,42.90613],[-0.55674,42.90562],[-0.55644,42.90378],[-0.55584,42.90217],[-0.55502,42.90123],[-0.55356,42.90044],[-0.55304,42.90025],[-0.55288,42.89996],[-0.55282,42.89944],[-0.55302,42.89885],[-0.55391,42.89803],[-0.55472,42.89749],[-0.55528,42.89694],[-0.55526,42.89636],[-0.55555,42.89581],[-0.55543,42.89475],[-0.55559,42.89441],[-0.55548,42.89417],[-0.55497,42.89361],[-0.55478,42.89305],[-0.55472,42.89173],[-0.55482,42.89152],[-0.55527,42.8911],[-0.55568,42.89053],[-0.55658,42.89],[-0.55652,42.88974],[-0.55576,42.88952],[-0.55455,42.88933],[-0.5534,42.88934],[-0.5525,42.88925],[-0.55167,42.88929],[-0.55066,42.88953],[-0.54972,42.88926],[-0.54931,42.88924],[-0.54823,42.88964],[-0.54743,42.88947],[-0.54609,42.88939]],[[-0.57151,42.8822],[-0.57136,42.88246],[-0.56997,42.88386],[-0.5682,42.88451],[-0.56795,42.88465],[-0.56791,42.88476],[-0.56811,42.88551],[-0.56832,42.88579],[-0.57003,42.88694],[-0.57002,42.88722],[-0.5697,42.88747],[-0.56954,42.8877],[-0.56949,42.88832],[-0.56913,42.88881],[-0.56909,42.88915],[-0.5692,42.88946],[-0.56967,42.89001],[-0.57191,42.89165],[-0.57246,42.89194],[-0.57276,42.8922],[-0.57292,42.89276],[-0.57323,42.89284],[-0.57362,42.89277],[-0.57406,42.89247],[-0.5749,42.89209],[-0.57637,42.89171],[-0.57689,42.89125],[-0.57775,42.89107],[-0.5789,42.89054],[-0.57915,42.89026],[-0.57962,42.88943],[-0.5802,42.88861],[-0.58108,42.88797],[-0.58164,42.88719],[-0.5821,42.8868],[-0.58499,42.88498],[-0.5859,42.88479],[-0.58642,42.88455],[-0.58716,42.88398],[-0.58747,42.88354],[-0.58809,42.8833],[-0.58831,42.88301],[-0.58855,42.88246],[-0.58879,42.8822]],[[-0.54609,42.88626],[-0.54678,42.88583],[-0.54723,42.8853],[-0.54744,42.88523],[-0.54886,42.88559],[-0.55056,42.88582],[-0.55167,42.8856],[-0.55383,42.88552],[-0.55479,42.88516],[-0.55643,42.88491],[-0.5568,42.88472],[-0.557,42.88447],[-0.55696,42.8843],[-0.55677,42.88415],[-0.55571,42.88386],[-0.55386,42.88368],[-0.55306,42.88348],[-0.55251,42.88324],[-0.55179,42.88278],[-0.55123,42.8822]]]}},{"type":"Feature","properties":{"ele":1170},"geometry":{"type":"MultiLineString","coordinates":[[[-0.64124,42.94609],[-0.6403,42.94539],[-0.6397,42.94514],[-0.63909,42.94453],[-0.63875,42.94431],[-0.6374,42.94404],[-0.63601,42.94391],[-0.6347,42.94337],[-0.63386,42.94322],[-0.63332,42.94303],[-0.63292,42.94297],[-0.6325,42.94304],[-0.63202,42.94327],[-0.63156,42.94367],[-0.63111,42.94383],[-0.6308,42.94379],[-0.62977,42.9427],[-0.62975,42.94222],[-0.62999,42.94192],[-0.63023,42.94076],[-0.63064,42.94055],[-0.63205,42.9404],[-0.63379,42.9406],[-0.63649,42.94125],[-0.6374,42.94118],[-0.63951,42.94143],[-0.64059,42.94143],[-0.64136,42.9416],[-0.64191,42.94131],[-0.64265,42.94109],[-0.64327,42.9408],[-0.64549,42.9394],[-0.64609,42.93858],[-0.64635,42.93852],[-0.64892,42.93934],[-0.65026,42.93943],[-0.65146,42.93905],[-0.65198,42.93901],[-0.65276,42.93909],[-0.6533,42.93943],[-0.65396,42.93945],[-0.65441,42.93958],[-0.65523,42.94008],[-0.65587,42.94024],[-0.6563,42.94056],[-0.65684,42.94077],[-0.65717,42.94064],[-0.65774,42.94013],[-0.65796,42.93969],[-0.6581,42.93956],[-0.65861,42.93927],[-0.65906,42.93921],[-0.65976,42.93934],[-0.66045,42.93962],[-0.66139,42.93968],[-0.66222,42.93997],[-0.66306,42.94051],[-0.66318,42.94083],[-0.66341,42.94097],[-0.66365,42.94096],[-0.66421,42.94077],[-0.66548,42.94076],[-0.66622,42.94104],[-0.66665,42.94101]],[[-0.57924,42.94609],[-0.57886,42.94594],[-0.57823,42.94585],[-0.57733,42.94598],[-0.57667,42.94589],[-0.57499,42.94528],[-0.57427,42.94492],[-0.57359,42.94474],[-0.57315,42.9444],[-0.57221,42.94415],[-0.57142,42.94404],[-0.57092,42.94382],[-0.57029,42.94329],[-0.56972,42.94252],[-0.56897,42.94189],[-0.56913,42.94163],[-0.56967,42.94128],[-0.56978,42.94111],[-0.56982,42.94078],[-0.57034,42.94027],[-0.57139,42.93889],[-0.57175,42.93805],[-0.57177,42.93774],[-0.57169,42.93745],[-0.57104,42.93706],[-0.56969,42.9367],[-0.56809,42.93649],[-0.56745,42.93664],[-0.56664,42.93665],[-0.56621,42.9363],[-0.56581,42.93528],[-0.56498,42.9345],[-0.5649,42.93409],[-0.56445,42.93303],[-0.56333,42.93264],[-0.56246,42.93251],[-0.56214,42.93223],[-0.56218,42.93213],[-0.56249,42.93195],[-0.56406,42.93123],[-0.56455,42.93124],[-0.56604,42.93151],[-0.56645,42.93148],[-0.56662,42.93131],[-0.56669,42.93083],[-0.56699,42.93028],[-0.56697,42.92998],[-0.5668,42.92971],[-0.56685,42.92951],[-0.56805,42.92831],[-0.56886,42.92799],[-0.57007,42.92776],[-0.57086,42.92745],[-0.57091,42.92718],[-0.57083,42.92691],[-0.57027,42.92664],[-0.56945,42.92643],[-0.56757,42.92627],[-0.56716,42.9261],[-0.5665,42.9252],[-0.56643,42.92463],[-0.56627,42.92419],[-0.56656,42.9226],[-0.56641,42.9223],[-0.56375,42.92141],[-0.56306,42.92139],[-0.56195,42.92152],[-0.56141,42.92146],[-0.56082,42.92081],[-0.56046,42.92056],[-0.56025,42.92026],[-0.56032,42.91961],[-0.56026,42.91942],[-0.56001,42.91913],[-0.55782,42.91872],[-0.55723,42.9183],[-0.55667,42.91812],[-0.55511,42.91809],[-0.55445,42.91787],[-0.55387,42.91778],[-0.55347,42.91748],[-0.55306,42.91729],[-0.5505,42.91669],[-0.55029,42.91632],[-0.55,42.91619],[-0.54718,42.91633],[-0.54609,42.91679]],[[-0.59119,42.8822],[-0.59027,42.88359],[-0.58993,42.88379],[-0.58924,42.88392],[-0.58879,42.8841],[-0.58805,42.88492],[-0.58789,42.88531],[-0.58693,42.88581],[-0.58666,42.88611],[-0.5856,42.8865],[-0.58495,42.88702],[-0.58405,42.88739],[-0.58276,42.88858],[-0.58245,42.88916],[-0.58237,42.88954],[-0.58243,42.88977],[-0.58304,42.89081],[-0.58304,42.8911],[-0.58277,42.89159],[-0.58157,42.89274],[-0.58108,42.89348],[-0.58076,42.89464],[-0.5811,42.89553],[-0.58104,42.89607],[-0.58092,42.89636],[-0.58052,42.8969],[-0.5805,42.89718],[-0.58112,42.89802],[-0.58138,42.89858],[-0.58117,42.89905],[-0.58131,42.89942],[-0.58245,42.90025],[-0.58301,42.90055],[-0.58356,42.9011],[-0.58442,42.90165],[-0.58466,42.90202],[-0.58494,42.90312],[-0.58528,42.9033],[-0.58614,42.90354],[-0.58662,42.90385],[-0.58678,42.90474],[-0.58775,42.90526],[-0.58922,42.90524],[-0.58971,42.90581],[-0.5915,42.90668],[-0.59158,42.90704],[-0.59154,42.90725],[-0.59082,42.90803],[-0.59047,42.90827],[-0.58931,42.90876],[-0.58854,42.90925],[-0.58814,42.90968],[-0.58803,42.91],[-0.58837,42.91106],[-0.58858,42.91137],[-0.58932,42.91167],[-0.58944,42.91189],[-0.58941,42.91214],[-0.58839,42.91335],[-0.58803,42.91358],[-0.58751,42.91373],[-0.58733,42.91385],[-0.58807,42.91438],[-0.58884,42.91477],[-0.58961,42.91503],[-0.58991,42.91526],[-0.59035,42.91575],[-0.59036,42.91617],[-0.59126,42.91725],[-0.59151,42.91798],[-0.59115,42.91924],[-0.5909,42.91959],[-0.58884,42.92075],[-0.58846,42.92106],[-0.5885,42.92173],[-0.58872,42.92225],[-0.58866,42.92294],[-0.58935,42.92386],[-0.58975,42.92407],[-0.59023,42.92445],[-0.59174,42.92497],[-0.59176,42.9253],[-0.59119,42.92581],[-0.5913,42.92609],[-0.5932,42.92646],[-0.5954,42.92718],[-0.59565,42.92747],[-0.59558,42.92798],[-0.59563,42.92819],[-0.59578,42.9284],[-0.59616,42.92861],[-0.59626,42.92885],[-0.59624,42.92915],[-0.59639,42.9294],[-0.59689,42.92974],[-0.5976,42.93001],[-0.59828,42.9306],[-0.5986,42.93076],[-0.59948,42.93102],[-0.60024,42.93101],[-0.60087,42.93115],[-0.60191,42.93089],[-0.6034,42.93089],[-0.60388,42.93082],[-0.60441,42.93058],[-0.60486,42.93054],[-0.60553,42.93081],[-0.6067,42.93094],[-0.60753,42.93135],[-0.60778,42.9314],[-0.60802,42.93133],[-0.60813,42.93106],[-0.6081,42.93076],[-0.60654,42.92806],[-0.60658,42.92742],[-0.60614,42.92628],[-0.60621,42.92579],[-0.60738,42.92515],[-0.60757,42.92496],[-0.60769,42.92465],[-0.6076,42.92409],[-0.60671,42.92263],[-0.60672,42.92246],[-0.60687,42.92218],[-0.60684,42.92167],[-0.6072,42.92099],[-0.60734,42.92087],[-0.60795,42.92073],[-0.60833,42.92052],[-0.60919,42.92034],[-0.61025,42.91969],[-0.61097,42.9184],[-0.61101,42.91812],[-0.61093,42.91774],[-0.61104,42.91748],[-0.6129,42.91588],[-0.61288,42.91569],[-0.61134,42.91362],[-0.61124,42.91322],[-0.61127,42.91299],[-0.61248,42.91192],[-0.61334,42.91148],[-0.61368,42.91116],[-0.61388,42.91082],[-0.61405,42.91014],[-0.61416,42.90998],[-0.61468,42.90969],[-0.61485,42.90935],[-0.6153,42.9089],[-0.61604,42.90741],[-0.61682,42.90629],[-0.61831,42.90566],[-0.61867,42.9053],[-0.61868,42.90492],[-0.6188,42.90469],[-0.61953,42.90443],[-0.62054,42.90358],[-0.6211,42.90331],[-0.62136,42.90302],[-0.62191,42.90281],[-0.62359,42.90192],[-0.62442,42.90108],[-0.62478,42.90083],[-0.62527,42.90026],[-0.62572,42.89933],[-0.62597,42.89815],[-0.62601,42.89743],[-0.62854,42.89605],[-0.62964,42.89525],[-0.6302,42.89495],[-0.63143,42.8939],[-0.63193,42.89332],[-0.63252,42.89306],[-0.63303,42.89272],[-0.63327,42.89241],[-0.63336,42.89187],[-0.63351,42.89159],[-0.63417,42.89106],[-0.63573,42.89015],[-0.6361,42.89018],[-0.63636,42.89041],[-0.63641,42.89054],[-0.63567,42.89284],[-0.63522,42.89355],[-0.63473,42.89397],[-0.63438,42.89469],[-0.63355,42.89579],[-0.6327,42.89661],[-0.63135,42.89829],[-0.63053,42.90001],[-0.63015,42.90051],[-0.62983,42.90112],[-0.6294,42.90163],[-0.62912,42.90244],[-0.62905,42.90322],[-0.62877,42.90395],[-0.62856,42.90432],[-0.62772,42.90521],[-0.62715,42.90603],[-0.62699,42.90729],[-0.62679,42.90757],[-0.62625,42.90798],[-0.62607,42.90829],[-0.62618,42.90886],[-0.62582,42.90942],[-0.62571,42.9101],[-0.62609,42.91067],[-0.62665,42.91108],[-0.6267,42.91139],[-0.62606,42.91231],[-0.62467,42.91303],[-0.62505,42.91332],[-0.62582,42.91362],[-0.62667,42.91467],[-0.62677,42.91489],[-0.62694,42.91591],[-0.62681,42.91612],[-0.62624,42.91662],[-0.62613,42.9169],[-0.62634,42.91782],[-0.62777,42.91886],[-0.62851,42.9192],[-0.62922,42.91966],[-0.62943,42.92011],[-0.62971,42.92044],[-0.63011,42.92044],[-0.63173,42.91972],[-0.63202,42.91946],[-0.63277,42.91851],[-0.63375,42.91811],[-0.63553,42.918],[-0.63722,42.91695],[-0.63689,42.91637],[-0.63684,42.91576],[-0.637,42.91482],[-0.6372,42.91433],[-0.63714,42.91326],[-0.6375,42.91251],[-0.63777,42.9122],[-0.63795,42.91162],[-0.63835,42.91127],[-0.63914,42.91112],[-0.64082,42.91062],[-0.64138,42.91028],[-0.64163,42.90995],[-0.6422,42.90857],[-0.64259,42.9081],[-0.64296,42.90744],[-0.64362,42.90696],[-0.64387,42.90636],[-0.64441,42.90594],[-0.64499,42.90526],[-0.64583,42.9047],[-0.64596,42.90437],[-0.64606,42.90358],[-0.64662,42.90211],[-0.64641,42.9011],[-0.64643,42.90024],[-0.64661,42.89967],[-0.64686,42.89936],[-0.64695,42.89891],[-0.6472,42.89867],[-0.64749,42.89877],[-0.64807,42.89941],[-0.64818,42.89968],[-0.64817,42.9001],[-0.64849,42.90082],[-0.64943,42.90164],[-0.64953,42.90197],[-0.6496,42.90298],[-0.64981,42.90356],[-0.6497,42.90376],[-0.6486,42.90498],[-0.64855,42.90528],[-0.64869,42.90576],[-0.6486,42.9061],[-0.64801,42.90664],[-0.64757,42.90723],[-0.64664,42.90802],[-0.64653,42.90819],[-0.64647,42.90846],[-0.64663,42.90887],[-0.64722,42.909],[-0.64826,42.90906],[-0.65115,42.90849],[-0.65194,42.90858],[-0.65304,42.90915],[-0.65355,42.90909],[-0.65441,42.90878],[-0.65583,42.90889],[-0.65609,42.90898],[-0.65619,42.90914],[-0.65599,42.90989],[-0.65602,42.91007],[-0.65613,42.91014],[-0.65775,42.90911],[-0.6581,42.90906],[-0.65863,42.9094],[-0.65869,42.9097],[-0.65895,42.90999],[-0.65897,42.9103],[-0.65884,42.911],[-0.65894,42.91187],[-0.65915,42.91219],[-0.65948,42.91247],[-0.65953,42.91329],[-0.65963,42.91352],[-0.65968,42.91359],[-0.65996,42.91363],[-0.66059,42.91339],[-0.66179,42.91245],[-0.6625,42.91139],[-0.66265,42.91074],[-0.66329,42.91004],[-0.66358,42.90996],[-0.6641,42.91007],[-0.66445,42.91003],[-0.66503,42.90974],[-0.66527,42.90943],[-0.66553,42.90926],[-0.66665,42.90881]],[[-0.66637,42.9278],[-0.6664,42.92744],[-0.66588,42.92662],[-0.66535,42.92628],[-0.66501,42.92641],[-0.66491,42.92669],[-0.66529,42.92716],[-0.66543,42.9275],[-0.66606,42.92777],[-0.66637,42.9278]],[[-0.54609,42.91202],[-0.54667,42.91206],[-0.54719,42.91191],[-0.54858,42.91108],[-0.54885,42.9108],[-0.54976,42.91055],[-0.55002,42.91001],[-0.55028,42.90991],[-0.55493,42.90932],[-0.55664,42.90945],[-0.55851,42.91002],[-0.55993,42.91002],[-0.56024,42.90992],[-0.56061,42.9095],[-0.56068,42.90923],[-0.56049,42.9089],[-0.55986,42.90853],[-0.55888,42.9077],[-0.55854,42.90755],[-0.55774,42.90742],[-0.55744,42.90729],[-0.55639,42.90621],[-0.55632,42.90607],[-0.55651,42.90581],[-0.55653,42.90558],[-0.55629,42.90388],[-0.55605,42.90306],[-0.55567,42.90219],[-0.55497,42.90137],[-0.55341,42.90051],[-0.55271,42.90028],[-0.55264,42.89975],[-0.55247,42.89944],[-0.55248,42.89914],[-0.55277,42.89863],[-0.55342,42.89811],[-0.55358,42.89775],[-0.55388,42.89777],[-0.55445,42.89751],[-0.55513,42.89692],[-0.55513,42.89631],[-0.55537,42.89581],[-0.55538,42.89551],[-0.5552,42.89474],[-0.55522,42.8942],[-0.55485,42.89367],[-0.55459,42.89301],[-0.55459,42.89167],[-0.55481,42.89139],[-0.55524,42.89104],[-0.55562,42.89053],[-0.55646,42.89],[-0.55643,42.88987],[-0.55624,42.88971],[-0.5558,42.88958],[-0.55451,42.88939],[-0.55344,42.88946],[-0.55191,42.88938],[-0.5507,42.88965],[-0.54976,42.88934],[-0.54938,42.88932],[-0.54901,42.88939],[-0.5486,42.8897],[-0.54826,42.88977],[-0.54743,42.8896],[-0.54609,42.88951]],[[-0.57164,42.8822],[-0.57148,42.88257],[-0.57053,42.88344],[-0.57021,42.88384],[-0.56821,42.88463],[-0.5681,42.88482],[-0.56831,42.88556],[-0.56887,42.88601],[-0.57032,42.88692],[-0.57027,42.88721],[-0.56968,42.88772],[-0.56966,42.88829],[-0.56923,42.88888],[-0.5692,42.88919],[-0.56934,42.88951],[-0.56979,42.89001],[-0.57112,42.89091],[-0.57198,42.8916],[-0.57263,42.89195],[-0.57288,42.89218],[-0.57304,42.8925],[-0.57337,42.89269],[-0.57493,42.89198],[-0.57616,42.89164],[-0.57689,42.8911],[-0.57767,42.89096],[-0.57862,42.89054],[-0.57893,42.89026],[-0.58006,42.88863],[-0.58108,42.8879],[-0.58154,42.88718],[-0.58214,42.88664],[-0.5833,42.8858],[-0.58407,42.88544],[-0.5847,42.88497],[-0.58604,42.88458],[-0.58693,42.88401],[-0.58736,42.8835],[-0.58793,42.88305],[-0.58862,42.8822]],[[-0.54609,42.88623],[-0.5467,42.88582],[-0.54717,42.88521],[-0.54743,42.88511],[-0.54781,42.88513],[-0.54865,42.88543],[-0.54979,42.88562],[-0.55056,42.88566],[-0.55157,42.88552],[-0.55326,42.8855],[-0.55389,42.88539],[-0.55476,42.88507],[-0.55636,42.88487],[-0.5567,42.88472],[-0.55686,42.88451],[-0.55683,42.88436],[-0.55663,42.88422],[-0.55563,42.88395],[-0.55386,42.88384],[-0.55299,42.88359],[-0.55231,42.88328],[-0.55163,42.8828],[-0.55111,42.8822]]]}},{"type":"Feature","properties":{"ele":1180},"geometry":{"type":"MultiLineString","coordinates":[[[-0.6414,42.94609],[-0.64048,42.94533],[-0.63969,42.94502],[-0.63914,42.94443],[-0.63879,42.94422],[-0.63729,42.94393],[-0.63608,42.94385],[-0.63471,42.94327],[-0.6339,42.9431],[-0.6333,42.94288],[-0.63254,42.94288],[-0.63198,42.94314],[-0.63139,42.9436],[-0.63111,42.94366],[-0.63081,42.94359],[-0.63044,42.94306],[-0.63006,42.94274],[-0.62997,42.94252],[-0.62993,42.94219],[-0.63016,42.94186],[-0.63031,42.94105],[-0.63057,42.94074],[-0.63157,42.94051],[-0.63198,42.9405],[-0.63368,42.94073],[-0.6364,42.94141],[-0.63726,42.94135],[-0.63958,42.94156],[-0.64059,42.94157],[-0.64138,42.94172],[-0.64199,42.94141],[-0.64285,42.94116],[-0.64335,42.94092],[-0.64566,42.93945],[-0.64607,42.93883],[-0.64642,42.93867],[-0.64889,42.93948],[-0.65021,42.93961],[-0.65132,42.93932],[-0.65177,42.93929],[-0.65351,42.93965],[-0.65416,42.93969],[-0.65468,42.93995],[-0.65503,42.94024],[-0.65581,42.94044],[-0.65692,42.94109],[-0.6574,42.94102],[-0.65776,42.94081],[-0.65814,42.94028],[-0.65837,42.93973],[-0.65881,42.93941],[-0.65906,42.93938],[-0.65966,42.93947],[-0.66056,42.93986],[-0.66143,42.93994],[-0.66182,42.94027],[-0.66251,42.94051],[-0.66269,42.94085],[-0.66328,42.9413],[-0.66352,42.94139],[-0.66366,42.94139],[-0.66412,42.94108],[-0.66431,42.94106],[-0.66665,42.94125]],[[-0.57881,42.94609],[-0.57813,42.946],[-0.57766,42.94609]],[[-0.57677,42.94609],[-0.57503,42.94549],[-0.57412,42.94502],[-0.57361,42.9449],[-0.57285,42.94442],[-0.57135,42.94417],[-0.57087,42.944],[-0.57004,42.94328],[-0.56975,42.9427],[-0.5687,42.94194],[-0.56884,42.94164],[-0.5695,42.94115],[-0.56961,42.94078],[-0.57026,42.94025],[-0.57123,42.93895],[-0.57163,42.93798],[-0.57161,42.9377],[-0.57145,42.93745],[-0.57097,42.93717],[-0.56962,42.93681],[-0.56806,42.93662],[-0.56698,42.93681],[-0.56658,42.93676],[-0.56609,42.93637],[-0.56582,42.9355],[-0.56498,42.9347],[-0.56479,42.93407],[-0.56442,42.93333],[-0.56417,42.93307],[-0.56355,42.9328],[-0.56243,42.93258],[-0.5622,42.93248],[-0.56201,42.93225],[-0.56203,42.93211],[-0.56222,42.93193],[-0.56399,42.93114],[-0.56458,42.93113],[-0.56552,42.93137],[-0.56637,42.93136],[-0.56651,42.9308],[-0.56676,42.9303],[-0.56661,42.92966],[-0.56694,42.92915],[-0.56807,42.92818],[-0.56889,42.92787],[-0.57017,42.92759],[-0.57045,42.92747],[-0.57061,42.92725],[-0.57055,42.92692],[-0.56992,42.92665],[-0.56744,42.92641],[-0.56722,42.92636],[-0.56689,42.92612],[-0.56674,42.92579],[-0.56634,42.92527],[-0.56625,42.92465],[-0.56606,42.92416],[-0.56636,42.9228],[-0.5663,42.92245],[-0.56559,42.92212],[-0.56365,42.92149],[-0.56302,42.92149],[-0.5622,42.92165],[-0.56136,42.92165],[-0.56109,42.92141],[-0.56083,42.92099],[-0.56014,42.92037],[-0.5601,42.91951],[-0.56001,42.91935],[-0.5597,42.91914],[-0.55782,42.91884],[-0.55716,42.91836],[-0.55667,42.91819],[-0.55507,42.91818],[-0.55393,42.91788],[-0.55295,42.91738],[-0.55045,42.91681],[-0.55019,42.91666],[-0.55001,42.91635],[-0.54833,42.9164],[-0.54729,42.91655],[-0.54667,42.91672],[-0.54609,42.91698]],[[-0.59152,42.8822],[-0.59144,42.8825],[-0.59055,42.88362],[-0.58999,42.88397],[-0.58934,42.88408],[-0.58893,42.88426],[-0.58827,42.88493],[-0.58801,42.88548],[-0.58718,42.8858],[-0.5866,42.88628],[-0.58554,42.88662],[-0.58482,42.88717],[-0.58411,42.8874],[-0.58281,42.88862],[-0.58249,42.88917],[-0.58243,42.88958],[-0.58247,42.88973],[-0.58322,42.8908],[-0.58322,42.89117],[-0.583,42.89161],[-0.58168,42.8928],[-0.58115,42.89356],[-0.58093,42.89465],[-0.58131,42.89555],[-0.58136,42.89596],[-0.58123,42.89633],[-0.58078,42.89688],[-0.58073,42.89719],[-0.58154,42.8984],[-0.58155,42.8986],[-0.58132,42.89912],[-0.58145,42.89934],[-0.58248,42.90012],[-0.5831,42.90047],[-0.58383,42.90117],[-0.58438,42.90141],[-0.58463,42.90162],[-0.58515,42.90263],[-0.58525,42.90304],[-0.58637,42.90349],[-0.58681,42.90383],[-0.58697,42.90468],[-0.58785,42.90515],[-0.58899,42.90509],[-0.58942,42.90517],[-0.58955,42.90527],[-0.58968,42.90555],[-0.58998,42.90581],[-0.59166,42.90664],[-0.59182,42.90708],[-0.5918,42.90723],[-0.5908,42.90825],[-0.58941,42.90885],[-0.58908,42.90912],[-0.58858,42.90938],[-0.58828,42.90992],[-0.58836,42.91041],[-0.5886,42.91107],[-0.5889,42.91131],[-0.58954,42.91161],[-0.58964,42.91204],[-0.58944,42.91247],[-0.58861,42.91346],[-0.58833,42.91364],[-0.5877,42.91387],[-0.58802,42.91421],[-0.58894,42.91469],[-0.58994,42.91497],[-0.59026,42.91525],[-0.59058,42.91571],[-0.59054,42.91609],[-0.59163,42.91748],[-0.59187,42.91812],[-0.59182,42.9183],[-0.59147,42.91858],[-0.59133,42.91931],[-0.59109,42.9197],[-0.59077,42.91995],[-0.58909,42.92078],[-0.5887,42.92109],[-0.58865,42.92169],[-0.5889,42.92224],[-0.58881,42.92302],[-0.58947,42.92381],[-0.59023,42.92432],[-0.59063,42.92449],[-0.59162,42.92473],[-0.59203,42.92495],[-0.59199,42.92528],[-0.59137,42.92581],[-0.59165,42.92608],[-0.59327,42.92638],[-0.5952,42.92696],[-0.5956,42.92717],[-0.59584,42.92747],[-0.59576,42.92813],[-0.59586,42.92829],[-0.59639,42.92859],[-0.59647,42.92886],[-0.59634,42.92915],[-0.5965,42.9294],[-0.59693,42.9297],[-0.59771,42.93],[-0.5981,42.93038],[-0.59861,42.93066],[-0.59952,42.93093],[-0.60024,42.93092],[-0.6009,42.93105],[-0.60191,42.9308],[-0.60285,42.93076],[-0.60333,42.93082],[-0.60386,42.9307],[-0.60442,42.93046],[-0.6049,42.93042],[-0.60563,42.93071],[-0.60664,42.93081],[-0.60747,42.93113],[-0.60781,42.93112],[-0.6079,42.9309],[-0.60786,42.93069],[-0.60668,42.92854],[-0.60632,42.92806],[-0.60643,42.92745],[-0.60595,42.92628],[-0.60599,42.92578],[-0.60719,42.92511],[-0.60747,42.92485],[-0.60757,42.92461],[-0.60748,42.92419],[-0.60649,42.9226],[-0.6065,42.92243],[-0.60668,42.9222],[-0.60663,42.92163],[-0.60696,42.92113],[-0.60702,42.92079],[-0.60774,42.92067],[-0.60834,42.92041],[-0.6091,42.92025],[-0.60992,42.91964],[-0.61084,42.91834],[-0.61084,42.91803],[-0.61075,42.91776],[-0.61083,42.91749],[-0.61268,42.91585],[-0.61266,42.91569],[-0.61118,42.91364],[-0.61105,42.91312],[-0.61111,42.91286],[-0.61221,42.91192],[-0.6133,42.91135],[-0.61358,42.91108],[-0.61372,42.91076],[-0.61376,42.91024],[-0.61389,42.90999],[-0.61446,42.90971],[-0.61475,42.90924],[-0.61518,42.90886],[-0.61582,42.90747],[-0.61662,42.90632],[-0.61693,42.90605],[-0.61826,42.9055],[-0.6186,42.90526],[-0.61828,42.90469],[-0.61937,42.90437],[-0.62041,42.90354],[-0.62087,42.90332],[-0.62127,42.90298],[-0.62347,42.90188],[-0.6246,42.9008],[-0.62559,42.89926],[-0.62576,42.89815],[-0.62575,42.89748],[-0.62582,42.89732],[-0.62851,42.89594],[-0.62942,42.89525],[-0.62997,42.89497],[-0.63123,42.89386],[-0.63163,42.89329],[-0.63284,42.89253],[-0.63301,42.8919],[-0.63324,42.89159],[-0.63417,42.89083],[-0.63471,42.89054],[-0.63553,42.88976],[-0.63608,42.88939],[-0.63636,42.88943],[-0.63667,42.89054],[-0.63593,42.89284],[-0.6355,42.89356],[-0.63493,42.89409],[-0.63445,42.8949],[-0.63372,42.89584],[-0.63285,42.89669],[-0.63249,42.8972],[-0.63152,42.89828],[-0.63061,42.90026],[-0.62964,42.90166],[-0.62935,42.90244],[-0.62928,42.90301],[-0.62901,42.90381],[-0.62863,42.90449],[-0.62794,42.90516],[-0.62751,42.90584],[-0.62742,42.9061],[-0.62753,42.90639],[-0.62725,42.90723],[-0.62693,42.90775],[-0.62654,42.90807],[-0.62644,42.90888],[-0.62603,42.90946],[-0.62593,42.90992],[-0.62597,42.9101],[-0.62631,42.91057],[-0.62696,42.91106],[-0.62697,42.91139],[-0.62613,42.91253],[-0.62511,42.91303],[-0.62534,42.91329],[-0.62606,42.91362],[-0.62696,42.91484],[-0.62709,42.91569],[-0.62705,42.91603],[-0.62631,42.91692],[-0.62636,42.91749],[-0.62648,42.91773],[-0.62681,42.91803],[-0.6278,42.91867],[-0.62916,42.91944],[-0.62947,42.91967],[-0.62977,42.92007],[-0.62997,42.92017],[-0.63017,42.92016],[-0.63157,42.91964],[-0.63192,42.91936],[-0.63245,42.91854],[-0.63278,42.91832],[-0.63368,42.91799],[-0.63551,42.91784],[-0.63699,42.91694],[-0.63673,42.91635],[-0.63668,42.91576],[-0.63699,42.91423],[-0.63693,42.91303],[-0.63724,42.91277],[-0.63799,42.91127],[-0.63832,42.911],[-0.63899,42.91094],[-0.64034,42.91058],[-0.64138,42.91007],[-0.64203,42.90856],[-0.64219,42.9083],[-0.6425,42.90804],[-0.64278,42.90748],[-0.64341,42.9069],[-0.64386,42.90619],[-0.64434,42.90581],[-0.64494,42.90516],[-0.64562,42.90474],[-0.64581,42.90446],[-0.64587,42.90364],[-0.64612,42.90309],[-0.64641,42.90195],[-0.64622,42.90031],[-0.64665,42.89942],[-0.64693,42.89827],[-0.64724,42.89826],[-0.64761,42.89856],[-0.648,42.89903],[-0.64838,42.89964],[-0.6483,42.90003],[-0.64862,42.90076],[-0.64935,42.90136],[-0.64963,42.90168],[-0.64975,42.90201],[-0.64976,42.90294],[-0.65003,42.9036],[-0.64994,42.90384],[-0.64942,42.90426],[-0.64881,42.90496],[-0.64874,42.90524],[-0.64889,42.90584],[-0.64864,42.90634],[-0.64824,42.90664],[-0.64719,42.90773],[-0.64673,42.90808],[-0.64664,42.90831],[-0.64666,42.90853],[-0.64693,42.90886],[-0.6483,42.90897],[-0.65115,42.90835],[-0.65195,42.90845],[-0.65331,42.90891],[-0.65361,42.90887],[-0.65443,42.90855],[-0.65586,42.90856],[-0.65609,42.9086],[-0.6564,42.90882],[-0.65645,42.90912],[-0.65631,42.90966],[-0.65639,42.90974],[-0.65687,42.90951],[-0.65776,42.90881],[-0.65816,42.90874],[-0.65862,42.90901],[-0.65916,42.90913],[-0.65913,42.90942],[-0.65945,42.90963],[-0.65912,42.91047],[-0.65908,42.91145],[-0.65915,42.91191],[-0.65968,42.91248],[-0.65986,42.91327],[-0.66004,42.91338],[-0.66066,42.91315],[-0.6616,42.91244],[-0.66229,42.91136],[-0.66246,42.91075],[-0.66302,42.90997],[-0.66351,42.90984],[-0.6642,42.9099],[-0.66468,42.90979],[-0.66549,42.90907],[-0.66665,42.90861]],[[-0.66609,42.92753],[-0.66611,42.92718],[-0.66574,42.92666],[-0.66538,42.92646],[-0.66512,42.92655],[-0.66509,42.92672],[-0.66556,42.92736],[-0.66578,42.92751],[-0.66609,42.92753]],[[-0.54609,42.91193],[-0.54668,42.91196],[-0.54718,42.91178],[-0.54859,42.91081],[-0.54953,42.91053],[-0.54972,42.9103],[-0.54983,42.90996],[-0.55011,42.90981],[-0.5525,42.90956],[-0.55438,42.90922],[-0.55497,42.9092],[-0.55667,42.90934],[-0.55779,42.90974],[-0.55889,42.9099],[-0.55983,42.90981],[-0.5603,42.90945],[-0.56032,42.9093],[-0.5603,42.90912],[-0.55943,42.90859],[-0.55863,42.90774],[-0.55738,42.90755],[-0.5564,42.90662],[-0.55607,42.90609],[-0.55627,42.90579],[-0.55633,42.90555],[-0.55612,42.90385],[-0.55587,42.90304],[-0.5555,42.90222],[-0.55501,42.90161],[-0.5547,42.90137],[-0.55337,42.90065],[-0.55274,42.90044],[-0.55247,42.90026],[-0.55251,42.89995],[-0.55233,42.89944],[-0.55233,42.89912],[-0.55251,42.8986],[-0.55311,42.89805],[-0.55313,42.89774],[-0.55413,42.89743],[-0.555,42.89692],[-0.55497,42.89633],[-0.55521,42.89579],[-0.55522,42.89544],[-0.55503,42.89468],[-0.55502,42.89413],[-0.55469,42.89366],[-0.55441,42.89305],[-0.55446,42.89169],[-0.5547,42.89136],[-0.55523,42.89097],[-0.55554,42.89053],[-0.55627,42.89003],[-0.55627,42.88991],[-0.55579,42.88963],[-0.55455,42.88948],[-0.5534,42.88959],[-0.55198,42.8895],[-0.55073,42.88976],[-0.55049,42.88972],[-0.54974,42.88941],[-0.54938,42.8894],[-0.54916,42.88942],[-0.54863,42.88983],[-0.54833,42.8899],[-0.54743,42.88972],[-0.54609,42.88962]],[[-0.57182,42.8822],[-0.57175,42.88247],[-0.5716,42.88268],[-0.57055,42.88359],[-0.57036,42.88388],[-0.56833,42.8847],[-0.56829,42.8851],[-0.56844,42.88545],[-0.56883,42.88583],[-0.5706,42.88692],[-0.57056,42.88721],[-0.57041,42.8874],[-0.56988,42.88774],[-0.56984,42.88834],[-0.56936,42.88885],[-0.5693,42.88912],[-0.5694,42.88945],[-0.5699,42.89],[-0.57116,42.89082],[-0.57201,42.89153],[-0.57275,42.89193],[-0.57332,42.89249],[-0.57389,42.89237],[-0.57482,42.89193],[-0.57607,42.8915],[-0.57666,42.89103],[-0.57759,42.89085],[-0.57852,42.89043],[-0.57876,42.89021],[-0.57997,42.88859],[-0.5811,42.88783],[-0.58138,42.88721],[-0.58199,42.88666],[-0.58308,42.88582],[-0.58415,42.88525],[-0.58444,42.88498],[-0.58516,42.88465],[-0.58604,42.88441],[-0.58694,42.88387],[-0.58718,42.88351],[-0.58774,42.883],[-0.58806,42.8825],[-0.58843,42.8822]],[[-0.54609,42.88619],[-0.54665,42.8858],[-0.54708,42.88517],[-0.54748,42.88497],[-0.54778,42.88497],[-0.54865,42.88533],[-0.54972,42.8855],[-0.55274,42.88546],[-0.55381,42.88531],[-0.5547,42.88497],[-0.55632,42.88481],[-0.55662,42.88469],[-0.55674,42.88449],[-0.55674,42.88439],[-0.55662,42.88431],[-0.55587,42.88412],[-0.55403,42.88403],[-0.55273,42.8836],[-0.55217,42.88334],[-0.55162,42.88294],[-0.55109,42.88248],[-0.55094,42.8822]]]}},{"type":"Feature","properties":{"ele":1190},"geometry":{"type":"MultiLineString","coordinates":[[[-0.64154,42.94609],[-0.64057,42.94522],[-0.63979,42.94495],[-0.63914,42.94432],[-0.63861,42.94406],[-0.63726,42.94382],[-0.63608,42.94376],[-0.63469,42.94317],[-0.63316,42.94272],[-0.63246,42.94274],[-0.63192,42.94298],[-0.63141,42.94336],[-0.63106,42.94338],[-0.63043,42.94274],[-0.6302,42.94232],[-0.63045,42.94109],[-0.63057,42.94094],[-0.63085,42.94083],[-0.6316,42.94064],[-0.63198,42.94063],[-0.6335,42.94083],[-0.63642,42.94159],[-0.64052,42.94171],[-0.64142,42.94182],[-0.64208,42.94152],[-0.64335,42.9411],[-0.64585,42.93948],[-0.64625,42.9389],[-0.64643,42.93881],[-0.64858,42.93956],[-0.64993,42.93977],[-0.65035,42.93977],[-0.65149,42.93951],[-0.65305,42.93969],[-0.65382,42.94001],[-0.65415,42.93995],[-0.65438,42.94001],[-0.65497,42.94042],[-0.65587,42.94063],[-0.65661,42.94116],[-0.65708,42.94129],[-0.65764,42.94124],[-0.65802,42.94108],[-0.65844,42.94061],[-0.65847,42.94025],[-0.6586,42.94011],[-0.65962,42.93989],[-0.65978,42.93995],[-0.65997,42.94026],[-0.66107,42.94018],[-0.66207,42.94055],[-0.66304,42.94137],[-0.6636,42.94171],[-0.66394,42.94169],[-0.66446,42.94133],[-0.66528,42.94144],[-0.66665,42.94145]],[[-0.57613,42.94609],[-0.57473,42.94555],[-0.57414,42.94519],[-0.57335,42.94497],[-0.57305,42.94468],[-0.57271,42.94453],[-0.5707,42.94414],[-0.5703,42.94385],[-0.56992,42.94341],[-0.56958,42.94275],[-0.56846,42.94197],[-0.56846,42.94183],[-0.5686,42.94164],[-0.56925,42.94113],[-0.56939,42.94078],[-0.57016,42.94022],[-0.57112,42.93892],[-0.57145,42.93801],[-0.57145,42.93773],[-0.57129,42.93754],[-0.57076,42.93724],[-0.56957,42.93692],[-0.56806,42.93675],[-0.56662,42.93695],[-0.56596,42.93639],[-0.56581,42.93575],[-0.56488,42.93475],[-0.56473,42.93412],[-0.56416,42.93329],[-0.56354,42.93289],[-0.56226,42.93262],[-0.56176,42.93222],[-0.56192,42.93192],[-0.56261,42.93169],[-0.56393,42.93103],[-0.56458,42.931],[-0.56563,42.93128],[-0.56618,42.93122],[-0.56632,42.93106],[-0.56633,42.93076],[-0.56646,42.9305],[-0.56646,42.92971],[-0.56673,42.92914],[-0.56804,42.92806],[-0.56887,42.92775],[-0.57002,42.92751],[-0.57034,42.92724],[-0.57023,42.92693],[-0.56976,42.92675],[-0.56931,42.92668],[-0.56833,42.92668],[-0.5674,42.92654],[-0.56689,42.92638],[-0.5667,42.92619],[-0.56617,42.92527],[-0.5661,42.9247],[-0.56589,42.92419],[-0.56617,42.92284],[-0.56609,42.92248],[-0.56544,42.92218],[-0.56361,42.92158],[-0.56309,42.92159],[-0.56177,42.92179],[-0.56111,42.92169],[-0.56076,42.9211],[-0.56013,42.92059],[-0.55992,42.92032],[-0.55996,42.91971],[-0.5598,42.91937],[-0.55899,42.91909],[-0.55773,42.9189],[-0.5572,42.91848],[-0.55673,42.91828],[-0.55625,42.91822],[-0.55497,42.91825],[-0.55382,42.91793],[-0.55282,42.91745],[-0.55025,42.91692],[-0.54971,42.91663],[-0.54854,42.91657],[-0.54783,42.91664],[-0.54667,42.91688],[-0.54609,42.91715]],[[-0.59182,42.8822],[-0.59177,42.88251],[-0.59145,42.8828],[-0.59085,42.88359],[-0.59027,42.88408],[-0.58911,42.88435],[-0.58848,42.88493],[-0.58808,42.88561],[-0.58749,42.88581],[-0.58671,42.88637],[-0.58572,42.88662],[-0.58496,42.88719],[-0.58412,42.88745],[-0.58289,42.8886],[-0.58252,42.88925],[-0.58248,42.88958],[-0.58304,42.89038],[-0.58342,42.89079],[-0.58343,42.89117],[-0.58324,42.89161],[-0.58247,42.89218],[-0.58164,42.89301],[-0.58124,42.89357],[-0.58112,42.89475],[-0.58129,42.89525],[-0.58159,42.89572],[-0.58162,42.89593],[-0.58149,42.89635],[-0.58103,42.89683],[-0.58095,42.89718],[-0.58125,42.8977],[-0.58181,42.8983],[-0.58178,42.89856],[-0.58154,42.89909],[-0.58169,42.89939],[-0.58248,42.89998],[-0.58306,42.90029],[-0.58388,42.90108],[-0.58468,42.90142],[-0.58572,42.90301],[-0.58693,42.90367],[-0.58706,42.90392],[-0.58712,42.90444],[-0.58734,42.90469],[-0.58785,42.90503],[-0.58913,42.90497],[-0.58948,42.90506],[-0.58975,42.90522],[-0.58993,42.90555],[-0.59022,42.90581],[-0.59189,42.90671],[-0.59204,42.90723],[-0.59161,42.90772],[-0.59081,42.90842],[-0.58969,42.90889],[-0.58881,42.90941],[-0.58857,42.90966],[-0.58851,42.90985],[-0.58855,42.91028],[-0.58881,42.91109],[-0.58978,42.91159],[-0.58986,42.91204],[-0.58971,42.91248],[-0.58941,42.91274],[-0.58882,42.91356],[-0.58832,42.91388],[-0.58828,42.91414],[-0.58934,42.91464],[-0.58995,42.91475],[-0.59045,42.9151],[-0.59076,42.91554],[-0.59081,42.91609],[-0.59099,42.91645],[-0.59176,42.91741],[-0.59207,42.91812],[-0.592,42.91836],[-0.59161,42.91859],[-0.59156,42.91888],[-0.5916,42.91944],[-0.59121,42.91997],[-0.5908,42.92022],[-0.58938,42.92078],[-0.58892,42.92113],[-0.58879,42.92169],[-0.58909,42.92232],[-0.58896,42.923],[-0.58947,42.92361],[-0.59023,42.92419],[-0.59082,42.92442],[-0.5916,42.92453],[-0.59231,42.92495],[-0.59223,42.92527],[-0.59163,42.92581],[-0.59171,42.92587],[-0.59201,42.92601],[-0.59326,42.92629],[-0.59532,42.92689],[-0.59584,42.92719],[-0.59602,42.92749],[-0.59593,42.92807],[-0.59657,42.92858],[-0.59665,42.92873],[-0.59668,42.92888],[-0.59652,42.92916],[-0.59663,42.92942],[-0.59711,42.92972],[-0.59777,42.92996],[-0.59803,42.93026],[-0.59842,42.93049],[-0.59943,42.93081],[-0.60097,42.93094],[-0.60191,42.93073],[-0.6034,42.93068],[-0.60389,42.93058],[-0.60441,42.93035],[-0.60493,42.93029],[-0.60563,42.93061],[-0.6066,42.93069],[-0.60736,42.93091],[-0.60763,42.93085],[-0.6076,42.93059],[-0.60655,42.92861],[-0.60608,42.92804],[-0.60624,42.92773],[-0.60626,42.92749],[-0.60576,42.9263],[-0.60577,42.92578],[-0.60705,42.92504],[-0.60734,42.92476],[-0.60743,42.92454],[-0.60739,42.92433],[-0.60681,42.92334],[-0.60636,42.92277],[-0.6063,42.92245],[-0.60646,42.92216],[-0.60648,42.92159],[-0.60678,42.92112],[-0.60678,42.92078],[-0.60778,42.92055],[-0.60833,42.9203],[-0.6088,42.92023],[-0.60922,42.92],[-0.61057,42.9186],[-0.6107,42.91819],[-0.61061,42.9177],[-0.61076,42.91739],[-0.61195,42.91638],[-0.61249,42.91581],[-0.61099,42.91362],[-0.61088,42.91312],[-0.61091,42.91275],[-0.6123,42.91169],[-0.61337,42.91113],[-0.61353,42.91083],[-0.61354,42.91026],[-0.61366,42.91005],[-0.61424,42.9097],[-0.61465,42.90913],[-0.61504,42.90889],[-0.61574,42.90729],[-0.61664,42.90614],[-0.61749,42.90557],[-0.61833,42.90526],[-0.61802,42.90467],[-0.61872,42.90449],[-0.61941,42.90421],[-0.62032,42.90344],[-0.62132,42.90286],[-0.62305,42.90204],[-0.62363,42.90167],[-0.62383,42.90133],[-0.62457,42.90061],[-0.62493,42.89997],[-0.6254,42.89936],[-0.62553,42.89884],[-0.62559,42.89787],[-0.62549,42.89718],[-0.62611,42.89704],[-0.62671,42.8968],[-0.62784,42.89611],[-0.62844,42.89584],[-0.62925,42.89524],[-0.62992,42.89486],[-0.63107,42.89378],[-0.63137,42.89331],[-0.63165,42.89303],[-0.63253,42.8925],[-0.63275,42.89191],[-0.63298,42.89162],[-0.63406,42.89072],[-0.63472,42.89027],[-0.6351,42.88977],[-0.63525,42.8894],[-0.63555,42.88915],[-0.63665,42.88886],[-0.63668,42.88896],[-0.63665,42.8897],[-0.63684,42.89062],[-0.63669,42.89141],[-0.63638,42.89211],[-0.6362,42.89276],[-0.63569,42.89364],[-0.63498,42.89436],[-0.63399,42.89578],[-0.6331,42.89665],[-0.63271,42.89719],[-0.63165,42.89831],[-0.63096,42.89968],[-0.63083,42.90026],[-0.63055,42.90054],[-0.6298,42.90183],[-0.62915,42.90387],[-0.62867,42.90468],[-0.62804,42.90526],[-0.62775,42.90605],[-0.62792,42.90632],[-0.62792,42.90649],[-0.62684,42.9082],[-0.62666,42.90888],[-0.62629,42.90948],[-0.62619,42.90989],[-0.62624,42.9101],[-0.62655,42.91054],[-0.62695,42.9108],[-0.62721,42.91108],[-0.62723,42.91137],[-0.62616,42.91274],[-0.6255,42.91303],[-0.62619,42.91354],[-0.62716,42.91482],[-0.62725,42.91569],[-0.62721,42.91609],[-0.62648,42.91698],[-0.6265,42.91732],[-0.62664,42.91765],[-0.627,42.91797],[-0.62801,42.91861],[-0.62894,42.91909],[-0.62971,42.91969],[-0.63021,42.91987],[-0.63111,42.9197],[-0.63169,42.91937],[-0.63246,42.91829],[-0.63365,42.91786],[-0.63455,42.91785],[-0.63543,42.91771],[-0.63671,42.91694],[-0.63657,42.91638],[-0.63652,42.91579],[-0.63666,42.91473],[-0.63682,42.91409],[-0.63681,42.91361],[-0.6366,42.91331],[-0.63665,42.91303],[-0.63699,42.91282],[-0.63722,42.91256],[-0.6375,42.91169],[-0.63788,42.91117],[-0.63802,42.91079],[-0.64002,42.91054],[-0.64129,42.90995],[-0.64198,42.90837],[-0.64243,42.9079],[-0.64268,42.90743],[-0.64316,42.90691],[-0.64366,42.90613],[-0.64472,42.90518],[-0.6455,42.90466],[-0.64569,42.90361],[-0.64617,42.90193],[-0.64608,42.90165],[-0.64612,42.90084],[-0.64604,42.90026],[-0.64651,42.89916],[-0.64659,42.89827],[-0.64719,42.8977],[-0.64759,42.89832],[-0.64809,42.89882],[-0.64856,42.89947],[-0.64865,42.89969],[-0.64856,42.90002],[-0.64885,42.90075],[-0.64999,42.90192],[-0.64989,42.90284],[-0.6502,42.90367],[-0.65012,42.90392],[-0.64949,42.90445],[-0.64901,42.905],[-0.64894,42.90527],[-0.64907,42.90583],[-0.64896,42.90617],[-0.64794,42.90717],[-0.64688,42.90803],[-0.64683,42.9084],[-0.64692,42.90859],[-0.64715,42.90876],[-0.64833,42.90887],[-0.65122,42.90825],[-0.65194,42.90831],[-0.6534,42.90869],[-0.65451,42.9084],[-0.65608,42.90843],[-0.65641,42.90853],[-0.65668,42.90905],[-0.65691,42.9092],[-0.65806,42.9085],[-0.65833,42.90849],[-0.65924,42.90874],[-0.65956,42.90892],[-0.65971,42.90913],[-0.65974,42.90936],[-0.65969,42.90968],[-0.65931,42.91055],[-0.65925,42.91107],[-0.65931,42.91149],[-0.65943,42.91191],[-0.65973,42.91219],[-0.65999,42.9128],[-0.66028,42.91305],[-0.6606,42.91297],[-0.66137,42.91247],[-0.66194,42.91165],[-0.66223,42.91112],[-0.66238,42.91059],[-0.66281,42.90997],[-0.66344,42.90973],[-0.66468,42.90964],[-0.66535,42.90898],[-0.66637,42.90859],[-0.66665,42.90833]],[[-0.66582,42.92731],[-0.66589,42.92718],[-0.6658,42.92707],[-0.6657,42.9272],[-0.66582,42.92731]],[[-0.66554,42.92699],[-0.6656,42.92691],[-0.66555,42.92675],[-0.66554,42.92699]],[[-0.66526,42.92669],[-0.66545,42.92664],[-0.66525,42.92662],[-0.66526,42.92669]],[[-0.54609,42.91183],[-0.54667,42.91184],[-0.5472,42.91164],[-0.54859,42.91069],[-0.54939,42.91038],[-0.54965,42.90988],[-0.54996,42.90968],[-0.55248,42.90945],[-0.55455,42.90909],[-0.55653,42.90921],[-0.55785,42.90964],[-0.55847,42.90974],[-0.55912,42.90969],[-0.55944,42.90958],[-0.55959,42.90943],[-0.55853,42.90803],[-0.55816,42.90784],[-0.55751,42.9078],[-0.55726,42.90771],[-0.55599,42.90646],[-0.55588,42.9061],[-0.55616,42.9055],[-0.55598,42.90402],[-0.55572,42.90308],[-0.55537,42.90232],[-0.55488,42.90169],[-0.5542,42.90124],[-0.55316,42.9007],[-0.55247,42.90054],[-0.55234,42.9003],[-0.55234,42.89989],[-0.55217,42.89941],[-0.55222,42.89861],[-0.55245,42.89828],[-0.55277,42.89804],[-0.55289,42.8977],[-0.55331,42.89746],[-0.55465,42.89693],[-0.5548,42.89672],[-0.55506,42.89575],[-0.55508,42.89537],[-0.55482,42.89451],[-0.55479,42.89412],[-0.55423,42.89308],[-0.55431,42.89267],[-0.55426,42.89167],[-0.55454,42.89138],[-0.55501,42.89111],[-0.55552,42.8905],[-0.55618,42.88994],[-0.55582,42.88969],[-0.55497,42.88958],[-0.5534,42.88971],[-0.55208,42.88961],[-0.55076,42.88986],[-0.54951,42.88948],[-0.54915,42.88958],[-0.54868,42.88998],[-0.54844,42.89003],[-0.5474,42.88982],[-0.54609,42.88972]],[[-0.57203,42.8822],[-0.57196,42.8825],[-0.57179,42.88273],[-0.57076,42.88355],[-0.57057,42.88388],[-0.56917,42.88443],[-0.56863,42.88483],[-0.56853,42.8851],[-0.56867,42.88546],[-0.56884,42.88566],[-0.57086,42.88694],[-0.57085,42.88722],[-0.5707,42.88743],[-0.57009,42.88779],[-0.57004,42.88833],[-0.56995,42.88849],[-0.56945,42.8889],[-0.56939,42.88916],[-0.56952,42.88945],[-0.56998,42.88998],[-0.57134,42.89083],[-0.57192,42.89137],[-0.57285,42.8919],[-0.57331,42.89228],[-0.57358,42.89234],[-0.57398,42.89225],[-0.57603,42.89136],[-0.5767,42.89089],[-0.57764,42.89071],[-0.57846,42.8903],[-0.57944,42.88919],[-0.57983,42.88863],[-0.58111,42.88776],[-0.58134,42.88717],[-0.58192,42.88663],[-0.58325,42.88561],[-0.58391,42.88527],[-0.5844,42.88489],[-0.58514,42.88453],[-0.5859,42.88428],[-0.58667,42.88387],[-0.5875,42.88304],[-0.58784,42.88248],[-0.58816,42.8822]],[[-0.54609,42.88616],[-0.54659,42.88579],[-0.54698,42.88514],[-0.5472,42.88495],[-0.54747,42.88488],[-0.54788,42.8849],[-0.54881,42.88525],[-0.54972,42.88537],[-0.55233,42.88542],[-0.55362,42.88526],[-0.55462,42.88479],[-0.55634,42.88475],[-0.55647,42.8847],[-0.55659,42.88451],[-0.55657,42.88441],[-0.55642,42.88434],[-0.55563,42.88421],[-0.55507,42.88426],[-0.55442,42.88443],[-0.55208,42.88343],[-0.55093,42.88251],[-0.55076,42.8822]]]}},{"type":"Feature","properties":{"ele":1210},"geometry":{"type":"MultiLineString","coordinates":[[[-0.64184,42.94609],[-0.6407,42.94508],[-0.6399,42.94477],[-0.6392,42.94413],[-0.63889,42.94397],[-0.6375,42.94364],[-0.63608,42.94359],[-0.63472,42.94298],[-0.63406,42.94277],[-0.63328,42.94238],[-0.63153,42.94242],[-0.63078,42.94199],[-0.63063,42.94166],[-0.63066,42.94136],[-0.63082,42.94117],[-0.63104,42.94107],[-0.63198,42.94097],[-0.63351,42.94114],[-0.63498,42.94171],[-0.63726,42.94206],[-0.63788,42.9421],[-0.63924,42.94193],[-0.64156,42.94207],[-0.64232,42.9417],[-0.64336,42.94139],[-0.6439,42.9411],[-0.64499,42.94025],[-0.64604,42.93967],[-0.64651,42.93917],[-0.64666,42.93912],[-0.64858,42.93983],[-0.64976,42.94005],[-0.65035,42.94008],[-0.65142,42.93987],[-0.653,42.94001],[-0.65468,42.9408],[-0.6558,42.9409],[-0.65656,42.94142],[-0.65764,42.94174],[-0.65855,42.94166],[-0.65917,42.94145],[-0.65983,42.94141],[-0.6602,42.94125],[-0.66059,42.9409],[-0.66105,42.94079],[-0.6625,42.94134],[-0.66362,42.94223],[-0.66396,42.94241],[-0.66417,42.94237],[-0.66452,42.94192],[-0.66528,42.94197],[-0.66584,42.94184],[-0.66665,42.94186]],[[-0.57513,42.94609],[-0.57455,42.94585],[-0.57392,42.94543],[-0.57319,42.94526],[-0.57279,42.94492],[-0.57248,42.94476],[-0.57053,42.94442],[-0.57017,42.94426],[-0.5697,42.94387],[-0.56895,42.94273],[-0.56857,42.94249],[-0.56788,42.94221],[-0.56789,42.94208],[-0.56817,42.94166],[-0.56885,42.94106],[-0.5692,42.94059],[-0.56982,42.94028],[-0.57003,42.94006],[-0.57091,42.93874],[-0.57111,42.93807],[-0.57105,42.93775],[-0.57057,42.93747],[-0.56962,42.93718],[-0.56799,42.937],[-0.56661,42.93723],[-0.56582,42.93664],[-0.5656,42.93637],[-0.56543,42.93577],[-0.5647,42.935],[-0.56455,42.93406],[-0.56388,42.9333],[-0.5634,42.933],[-0.56214,42.93282],[-0.5613,42.9322],[-0.56134,42.93191],[-0.56223,42.93165],[-0.56269,42.93137],[-0.56335,42.93113],[-0.56387,42.93079],[-0.56469,42.93074],[-0.56499,42.9308],[-0.56553,42.93109],[-0.56585,42.93109],[-0.56612,42.93056],[-0.56606,42.93001],[-0.5662,42.9294],[-0.56634,42.92912],[-0.56773,42.92793],[-0.56854,42.92758],[-0.56939,42.92743],[-0.56977,42.92721],[-0.56931,42.92696],[-0.5682,42.92697],[-0.56722,42.92681],[-0.56628,42.92639],[-0.56574,42.92533],[-0.56554,42.92442],[-0.56553,42.9241],[-0.56578,42.92287],[-0.56568,42.92266],[-0.56482,42.92219],[-0.56351,42.9218],[-0.56313,42.9218],[-0.56198,42.92203],[-0.56099,42.92196],[-0.56086,42.92185],[-0.56054,42.92129],[-0.55971,42.92052],[-0.55959,42.92023],[-0.55957,42.91972],[-0.55942,42.91943],[-0.55774,42.91906],[-0.55742,42.9189],[-0.55702,42.91856],[-0.5567,42.91844],[-0.55622,42.91838],[-0.55493,42.91845],[-0.55443,42.91824],[-0.55375,42.91811],[-0.55264,42.91762],[-0.54887,42.91693],[-0.54832,42.91693],[-0.54729,42.91709],[-0.54666,42.91724],[-0.54609,42.91748]],[[-0.59264,42.8822],[-0.59258,42.88254],[-0.59055,42.88427],[-0.59027,42.88444],[-0.58948,42.88454],[-0.58908,42.8847],[-0.58885,42.88495],[-0.58876,42.88534],[-0.58828,42.8858],[-0.58719,42.8864],[-0.5859,42.88673],[-0.58562,42.88692],[-0.58551,42.88719],[-0.58432,42.88748],[-0.58303,42.88858],[-0.58268,42.88914],[-0.58261,42.88954],[-0.58275,42.8898],[-0.58375,42.89078],[-0.58381,42.89124],[-0.58364,42.89165],[-0.58272,42.89215],[-0.58221,42.89276],[-0.58164,42.89329],[-0.58141,42.89361],[-0.58135,42.89405],[-0.58144,42.89499],[-0.582,42.89587],[-0.5819,42.89633],[-0.58144,42.89692],[-0.58135,42.89722],[-0.58147,42.89751],[-0.58223,42.89802],[-0.58231,42.89819],[-0.5823,42.89837],[-0.58188,42.89903],[-0.58197,42.89941],[-0.5834,42.90023],[-0.58411,42.90087],[-0.58515,42.90135],[-0.58584,42.90267],[-0.58731,42.90357],[-0.58742,42.90385],[-0.58746,42.90442],[-0.58776,42.9047],[-0.58816,42.90482],[-0.58927,42.90473],[-0.58983,42.90487],[-0.59006,42.90501],[-0.59026,42.90527],[-0.59035,42.90554],[-0.59059,42.90576],[-0.59221,42.90664],[-0.59242,42.90718],[-0.59216,42.90761],[-0.59108,42.90858],[-0.58972,42.90915],[-0.58903,42.90966],[-0.58893,42.90989],[-0.58911,42.91087],[-0.59008,42.91138],[-0.5904,42.9117],[-0.59029,42.9125],[-0.58971,42.91304],[-0.58926,42.91371],[-0.58922,42.91387],[-0.58947,42.91409],[-0.59007,42.91426],[-0.59026,42.91441],[-0.59042,42.91473],[-0.59097,42.91499],[-0.59105,42.91527],[-0.59132,42.91555],[-0.59129,42.91603],[-0.59138,42.91637],[-0.59159,42.91675],[-0.59199,42.91719],[-0.59238,42.91812],[-0.59221,42.91859],[-0.59187,42.91886],[-0.59184,42.91961],[-0.59156,42.92027],[-0.59111,42.92054],[-0.59052,42.92064],[-0.58969,42.92097],[-0.58944,42.92109],[-0.58924,42.92134],[-0.58914,42.92166],[-0.5895,42.92245],[-0.58936,42.92276],[-0.58935,42.92302],[-0.58984,42.92359],[-0.59035,42.92397],[-0.5908,42.92415],[-0.5914,42.92414],[-0.59184,42.92423],[-0.59278,42.92491],[-0.5928,42.92501],[-0.59217,42.92582],[-0.59549,42.92678],[-0.59619,42.92714],[-0.5964,42.92747],[-0.59628,42.92804],[-0.59666,42.9283],[-0.59698,42.92874],[-0.59699,42.9289],[-0.59682,42.92914],[-0.59689,42.92943],[-0.59779,42.92984],[-0.59835,42.93032],[-0.59942,42.93058],[-0.60101,42.93074],[-0.60177,42.93059],[-0.60375,42.9304],[-0.60434,42.93014],[-0.60476,42.93006],[-0.60514,42.93011],[-0.60594,42.93043],[-0.6067,42.93044],[-0.60695,42.93037],[-0.60697,42.9302],[-0.60634,42.92887],[-0.60572,42.92811],[-0.60589,42.92746],[-0.60568,42.92714],[-0.60531,42.92614],[-0.60535,42.92586],[-0.60548,42.92568],[-0.6067,42.925],[-0.607,42.92448],[-0.60647,42.92346],[-0.60599,42.92279],[-0.60598,42.92253],[-0.60612,42.92199],[-0.60609,42.92162],[-0.6063,42.92114],[-0.60628,42.92076],[-0.60667,42.92054],[-0.60754,42.92038],[-0.60823,42.92003],[-0.60863,42.91994],[-0.60922,42.91955],[-0.60999,42.91885],[-0.61026,42.91858],[-0.61036,42.91836],[-0.61036,42.91774],[-0.61048,42.91741],[-0.61082,42.91693],[-0.61162,42.91634],[-0.61198,42.91586],[-0.61191,42.91555],[-0.61058,42.91357],[-0.61047,42.91281],[-0.61056,42.9125],[-0.61138,42.91207],[-0.61242,42.91127],[-0.61306,42.91101],[-0.61319,42.91075],[-0.61317,42.91027],[-0.6133,42.90997],[-0.6136,42.9097],[-0.61415,42.90942],[-0.61436,42.9091],[-0.61472,42.90886],[-0.61528,42.90751],[-0.61553,42.90706],[-0.61599,42.90658],[-0.61632,42.90608],[-0.6167,42.90582],[-0.61753,42.90499],[-0.61774,42.90441],[-0.61854,42.90429],[-0.61942,42.90394],[-0.61976,42.90366],[-0.62001,42.90327],[-0.6231,42.90181],[-0.62333,42.90165],[-0.62365,42.90113],[-0.62415,42.90081],[-0.62441,42.9005],[-0.62464,42.89994],[-0.62507,42.89944],[-0.62519,42.89912],[-0.6253,42.89801],[-0.62527,42.89774],[-0.62503,42.89721],[-0.6252,42.89694],[-0.62597,42.89684],[-0.62662,42.89662],[-0.62746,42.89604],[-0.62823,42.89568],[-0.62914,42.89502],[-0.62973,42.89471],[-0.63192,42.89247],[-0.63238,42.89184],[-0.63382,42.89046],[-0.63444,42.88999],[-0.63495,42.88898],[-0.63552,42.88848],[-0.63582,42.88834],[-0.63718,42.88812],[-0.6377,42.8879],[-0.63783,42.88803],[-0.63775,42.88857],[-0.6372,42.88914],[-0.63704,42.88951],[-0.63703,42.88975],[-0.63728,42.89093],[-0.63712,42.89152],[-0.63679,42.89221],[-0.63667,42.89276],[-0.63602,42.89387],[-0.63521,42.89462],[-0.63442,42.8958],[-0.63331,42.89686],[-0.63299,42.89736],[-0.63203,42.89832],[-0.63156,42.89908],[-0.63123,42.89975],[-0.63114,42.90032],[-0.63081,42.90078],[-0.63014,42.90215],[-0.62948,42.90389],[-0.62901,42.90472],[-0.62839,42.90534],[-0.62836,42.90565],[-0.62863,42.90635],[-0.62861,42.90671],[-0.62769,42.90767],[-0.62748,42.90829],[-0.62712,42.9088],[-0.62677,42.90965],[-0.62677,42.90996],[-0.62697,42.91048],[-0.62749,42.91081],[-0.62773,42.91128],[-0.62634,42.91303],[-0.6264,42.91329],[-0.6268,42.91389],[-0.62767,42.91496],[-0.62755,42.91534],[-0.62749,42.91638],[-0.62688,42.91691],[-0.62683,42.9172],[-0.62719,42.91763],[-0.62832,42.91842],[-0.62917,42.91885],[-0.62979,42.91928],[-0.63027,42.91942],[-0.63081,42.91941],[-0.63143,42.91916],[-0.63196,42.91834],[-0.63234,42.91805],[-0.63351,42.91761],[-0.63448,42.91762],[-0.63529,42.9175],[-0.63618,42.91694],[-0.63627,42.91659],[-0.63621,42.91475],[-0.63642,42.91405],[-0.6364,42.91381],[-0.63613,42.91329],[-0.63618,42.91302],[-0.63639,42.9128],[-0.6369,42.9125],[-0.63706,42.91228],[-0.63717,42.91164],[-0.63753,42.91113],[-0.63746,42.91079],[-0.63772,42.91044],[-0.63875,42.91016],[-0.63934,42.91019],[-0.63954,42.91004],[-0.6397,42.9097],[-0.64017,42.90955],[-0.64059,42.9096],[-0.64112,42.90946],[-0.64139,42.90903],[-0.6417,42.90832],[-0.64312,42.90641],[-0.64331,42.90597],[-0.64367,42.90558],[-0.64415,42.90525],[-0.64439,42.90496],[-0.64469,42.90439],[-0.64502,42.90406],[-0.64546,42.90319],[-0.64554,42.90276],[-0.64553,42.9022],[-0.64571,42.90183],[-0.64573,42.90024],[-0.64586,42.89974],[-0.64606,42.8994],[-0.64631,42.89807],[-0.64662,42.8977],[-0.64707,42.89689],[-0.64719,42.89607],[-0.64746,42.89579],[-0.64829,42.89545],[-0.64851,42.89524],[-0.64879,42.89526],[-0.64833,42.89554],[-0.64821,42.89614],[-0.64778,42.89692],[-0.64771,42.89722],[-0.64779,42.89792],[-0.64797,42.89833],[-0.64907,42.89945],[-0.64919,42.89997],[-0.64905,42.90034],[-0.64915,42.90066],[-0.6503,42.90192],[-0.65036,42.90225],[-0.65025,42.90276],[-0.65046,42.90333],[-0.65056,42.90386],[-0.65011,42.9044],[-0.64971,42.9047],[-0.64939,42.9052],[-0.64948,42.90582],[-0.64933,42.90615],[-0.64857,42.90691],[-0.64718,42.90802],[-0.64714,42.9083],[-0.64724,42.90842],[-0.64754,42.90857],[-0.6483,42.90868],[-0.65115,42.90808],[-0.65205,42.90814],[-0.65326,42.90839],[-0.65455,42.90812],[-0.65625,42.9081],[-0.65663,42.90828],[-0.65689,42.90865],[-0.65702,42.90869],[-0.6581,42.90823],[-0.65912,42.90803],[-0.65943,42.90762],[-0.65958,42.90762],[-0.65975,42.90773],[-0.65962,42.90803],[-0.65969,42.90823],[-0.66029,42.90825],[-0.6604,42.90853],[-0.66033,42.90936],[-0.65968,42.9105],[-0.65971,42.91109],[-0.66023,42.91169],[-0.66038,42.91228],[-0.66063,42.91243],[-0.66108,42.91218],[-0.66168,42.91139],[-0.66186,42.91107],[-0.66205,42.91048],[-0.66249,42.90989],[-0.66295,42.90956],[-0.66351,42.90935],[-0.66472,42.90923],[-0.66528,42.9086],[-0.66635,42.90824],[-0.6665,42.90801],[-0.66665,42.9074]],[[-0.54609,42.91161],[-0.54638,42.91164],[-0.54674,42.91155],[-0.54807,42.91083],[-0.54898,42.91026],[-0.54939,42.90964],[-0.54975,42.90943],[-0.55201,42.9093],[-0.55313,42.90904],[-0.55455,42.90887],[-0.55618,42.90894],[-0.55792,42.90937],[-0.55825,42.90926],[-0.55836,42.90908],[-0.55829,42.90864],[-0.55807,42.90829],[-0.55658,42.90778],[-0.55539,42.90643],[-0.55537,42.90624],[-0.55579,42.90544],[-0.55564,42.90392],[-0.55526,42.90275],[-0.55471,42.90192],[-0.55434,42.90164],[-0.55302,42.90093],[-0.55218,42.90082],[-0.55174,42.89871],[-0.55179,42.89831],[-0.55229,42.89771],[-0.55331,42.89707],[-0.55442,42.89667],[-0.55464,42.89636],[-0.55474,42.89586],[-0.55474,42.8952],[-0.55443,42.89442],[-0.5544,42.89392],[-0.55385,42.89305],[-0.55401,42.89276],[-0.55401,42.89256],[-0.55359,42.89164],[-0.55494,42.89102],[-0.55592,42.88996],[-0.55525,42.8897],[-0.55372,42.88992],[-0.55229,42.88982],[-0.55131,42.89001],[-0.5507,42.89005],[-0.54958,42.88968],[-0.54941,42.88969],[-0.54883,42.89018],[-0.54841,42.89026],[-0.54726,42.89001],[-0.54609,42.88992]],[[-0.57259,42.8822],[-0.57192,42.88302],[-0.57107,42.88357],[-0.5709,42.88396],[-0.56932,42.88468],[-0.56907,42.88493],[-0.569,42.88523],[-0.56916,42.88552],[-0.5701,42.88607],[-0.57119,42.88686],[-0.57141,42.88719],[-0.57122,42.88748],[-0.57053,42.88787],[-0.57028,42.8886],[-0.56974,42.88891],[-0.56965,42.88915],[-0.56976,42.88943],[-0.57026,42.88998],[-0.57138,42.89067],[-0.5722,42.89137],[-0.57338,42.89204],[-0.57375,42.89213],[-0.57416,42.89203],[-0.57579,42.89122],[-0.57653,42.89069],[-0.57751,42.89049],[-0.57804,42.89025],[-0.57889,42.88951],[-0.57967,42.88858],[-0.58091,42.88782],[-0.58122,42.88716],[-0.58174,42.88666],[-0.58326,42.88544],[-0.58436,42.88471],[-0.58647,42.88362],[-0.58701,42.88304],[-0.58728,42.88251],[-0.58768,42.8822]],[[-0.54609,42.88608],[-0.54645,42.88581],[-0.54691,42.88494],[-0.54725,42.88469],[-0.5478,42.88467],[-0.54884,42.88502],[-0.55057,42.88527],[-0.55273,42.88528],[-0.55367,42.88495],[-0.55378,42.88468],[-0.55364,42.8844],[-0.5519,42.88361],[-0.55135,42.88321],[-0.55023,42.8822]]]}},{"type":"Feature","properties":{"ele":1220},"geometry":{"type":"MultiLineString","coordinates":[[[-0.642,42.94609],[-0.6408,42.94499],[-0.63997,42.94471],[-0.6391,42.94396],[-0.63833,42.94368],[-0.63761,42.94354],[-0.63653,42.94356],[-0.63587,42.94343],[-0.63384,42.94249],[-0.63372,42.94218],[-0.63411,42.94194],[-0.63443,42.9419],[-0.63573,42.94196],[-0.63754,42.94228],[-0.6392,42.94205],[-0.64165,42.9422],[-0.6425,42.94176],[-0.64372,42.94135],[-0.64445,42.94089],[-0.6452,42.94022],[-0.64625,42.9397],[-0.64663,42.93937],[-0.64684,42.93934],[-0.6486,42.93997],[-0.64924,42.94012],[-0.65024,42.94022],[-0.65149,42.94002],[-0.65302,42.94014],[-0.6536,42.9404],[-0.65438,42.94091],[-0.65479,42.94103],[-0.65583,42.94107],[-0.6564,42.94151],[-0.65694,42.94164],[-0.65761,42.94199],[-0.65851,42.94199],[-0.65917,42.9418],[-0.65979,42.94176],[-0.66057,42.9415],[-0.66086,42.9411],[-0.66135,42.94107],[-0.66243,42.94149],[-0.66333,42.94219],[-0.66359,42.94248],[-0.66392,42.9426],[-0.66427,42.94258],[-0.66473,42.94227],[-0.66527,42.94228],[-0.66583,42.94207],[-0.66665,42.94223]],[[-0.57462,42.94609],[-0.57384,42.94555],[-0.57304,42.94538],[-0.57248,42.94492],[-0.57035,42.94451],[-0.5698,42.94427],[-0.5696,42.94411],[-0.56916,42.9433],[-0.56885,42.94305],[-0.56866,42.94274],[-0.56782,42.9424],[-0.56764,42.94225],[-0.56764,42.94212],[-0.56813,42.94139],[-0.56859,42.94107],[-0.56909,42.94052],[-0.56968,42.94024],[-0.56995,42.93995],[-0.57081,42.93858],[-0.57087,42.93806],[-0.57074,42.93776],[-0.56972,42.93733],[-0.56813,42.93713],[-0.56674,42.93736],[-0.56649,42.93731],[-0.56561,42.93658],[-0.56544,42.93636],[-0.56527,42.9358],[-0.56471,42.9353],[-0.5645,42.93409],[-0.56383,42.93334],[-0.56334,42.93307],[-0.56202,42.9329],[-0.56171,42.93273],[-0.56109,42.9322],[-0.5611,42.93197],[-0.56119,42.93188],[-0.562,42.93164],[-0.56247,42.93134],[-0.56321,42.93108],[-0.56357,42.93078],[-0.56386,42.93067],[-0.56455,42.93058],[-0.56497,42.93064],[-0.56546,42.93086],[-0.56577,42.93079],[-0.56589,42.93057],[-0.56586,42.93017],[-0.56598,42.92941],[-0.56621,42.92907],[-0.56713,42.92831],[-0.56741,42.92799],[-0.56776,42.92776],[-0.56862,42.92734],[-0.56943,42.9272],[-0.56809,42.92712],[-0.56721,42.92696],[-0.56667,42.92677],[-0.56602,42.92639],[-0.5659,42.92607],[-0.56549,42.92553],[-0.56541,42.92527],[-0.56534,42.92426],[-0.56556,42.92308],[-0.56555,42.92275],[-0.56451,42.92219],[-0.56349,42.92191],[-0.56304,42.92192],[-0.56198,42.92216],[-0.56118,42.92214],[-0.56085,42.92205],[-0.56045,42.92142],[-0.55964,42.92057],[-0.55946,42.92024],[-0.55938,42.91972],[-0.55918,42.91949],[-0.55775,42.91915],[-0.55673,42.91854],[-0.55622,42.91848],[-0.55479,42.91855],[-0.55437,42.91832],[-0.55365,42.9182],[-0.5525,42.91769],[-0.54879,42.9171],[-0.5475,42.91721],[-0.54609,42.9176]],[[-0.63304,42.94203],[-0.63359,42.94164],[-0.6337,42.94135],[-0.63254,42.94121],[-0.63118,42.94123],[-0.63081,42.94136],[-0.63079,42.94168],[-0.63108,42.94194],[-0.63166,42.94188],[-0.63233,42.94211],[-0.63304,42.94203]],[[-0.59288,42.8822],[-0.59293,42.88242],[-0.59287,42.88255],[-0.59155,42.88356],[-0.59059,42.88443],[-0.59021,42.88458],[-0.58941,42.88469],[-0.58916,42.88486],[-0.58907,42.88496],[-0.58901,42.88532],[-0.58834,42.88592],[-0.58719,42.88653],[-0.58594,42.88682],[-0.58577,42.88691],[-0.58553,42.88731],[-0.58447,42.88749],[-0.58307,42.88864],[-0.58273,42.88916],[-0.58267,42.8894],[-0.58272,42.88963],[-0.5833,42.89028],[-0.58392,42.89079],[-0.58397,42.89131],[-0.58384,42.89164],[-0.58277,42.8922],[-0.58153,42.89361],[-0.58146,42.89402],[-0.58157,42.89498],[-0.58217,42.8959],[-0.58207,42.89634],[-0.58165,42.89692],[-0.58159,42.89724],[-0.58166,42.89747],[-0.58232,42.89778],[-0.58258,42.89803],[-0.58253,42.89833],[-0.58203,42.89902],[-0.5821,42.89943],[-0.58361,42.90023],[-0.58434,42.90083],[-0.58525,42.90119],[-0.58556,42.90162],[-0.58595,42.9025],[-0.58752,42.90358],[-0.58771,42.90448],[-0.58807,42.90469],[-0.5892,42.90462],[-0.58995,42.90471],[-0.59038,42.90514],[-0.59053,42.90556],[-0.59137,42.90609],[-0.59215,42.90639],[-0.59238,42.9067],[-0.59256,42.90727],[-0.592,42.90802],[-0.59105,42.90877],[-0.58972,42.90934],[-0.58924,42.90971],[-0.58912,42.90993],[-0.58934,42.91083],[-0.59038,42.91137],[-0.5907,42.91167],[-0.59053,42.91218],[-0.59055,42.91259],[-0.58987,42.91321],[-0.5897,42.91363],[-0.5903,42.91411],[-0.59067,42.9147],[-0.59125,42.91498],[-0.59132,42.91527],[-0.59156,42.91555],[-0.59153,42.91603],[-0.59165,42.91654],[-0.59221,42.91719],[-0.59252,42.91812],[-0.59242,42.9185],[-0.59206,42.91892],[-0.59201,42.91926],[-0.59208,42.91971],[-0.59169,42.92037],[-0.59115,42.9207],[-0.58988,42.92103],[-0.58942,42.92136],[-0.58935,42.92176],[-0.58973,42.92247],[-0.58958,42.92274],[-0.58957,42.923],[-0.58999,42.92349],[-0.59051,42.92388],[-0.5909,42.92399],[-0.59192,42.92406],[-0.59232,42.92443],[-0.5929,42.92472],[-0.59308,42.92499],[-0.59246,42.92582],[-0.59563,42.92673],[-0.59639,42.92718],[-0.59656,42.92749],[-0.59651,42.92802],[-0.59702,42.92851],[-0.59716,42.92874],[-0.59698,42.92916],[-0.59702,42.92939],[-0.59745,42.92966],[-0.59779,42.92976],[-0.59835,42.93024],[-0.59934,42.93047],[-0.60104,42.93064],[-0.60378,42.93029],[-0.60471,42.92994],[-0.60518,42.93001],[-0.60594,42.9303],[-0.60668,42.93027],[-0.60666,42.92996],[-0.60615,42.92885],[-0.6055,42.92809],[-0.60569,42.92747],[-0.60548,42.92716],[-0.60511,42.9261],[-0.6052,42.92579],[-0.60536,42.92558],[-0.60648,42.92498],[-0.60669,42.92474],[-0.60675,42.92454],[-0.60673,42.92436],[-0.60635,42.9236],[-0.6058,42.92277],[-0.60596,42.92204],[-0.60595,42.92159],[-0.60611,42.92109],[-0.60604,42.9208],[-0.60638,42.92053],[-0.60752,42.92027],[-0.60808,42.9199],[-0.60918,42.91945],[-0.60943,42.91914],[-0.61013,42.91856],[-0.61023,42.91826],[-0.61028,42.91754],[-0.61069,42.91691],[-0.61099,42.9166],[-0.61138,42.91637],[-0.61174,42.91593],[-0.61178,42.91576],[-0.61168,42.91552],[-0.61039,42.9136],[-0.61024,42.91276],[-0.61039,42.91243],[-0.61057,42.91222],[-0.61137,42.91192],[-0.61217,42.91124],[-0.61295,42.91083],[-0.61304,42.91055],[-0.61299,42.91024],[-0.61305,42.90999],[-0.61338,42.90969],[-0.61389,42.90943],[-0.61467,42.9087],[-0.6151,42.90753],[-0.61539,42.90704],[-0.61579,42.90661],[-0.61608,42.90607],[-0.61652,42.90579],[-0.61728,42.90501],[-0.61749,42.90471],[-0.6176,42.90437],[-0.61782,42.90425],[-0.61842,42.90419],[-0.61935,42.90384],[-0.6197,42.90358],[-0.62003,42.90312],[-0.62308,42.90168],[-0.62355,42.90106],[-0.62414,42.90067],[-0.62451,42.89998],[-0.62495,42.89939],[-0.62509,42.89892],[-0.62517,42.89801],[-0.6251,42.89771],[-0.62483,42.89721],[-0.62489,42.89692],[-0.62594,42.89675],[-0.62653,42.89654],[-0.62745,42.89589],[-0.62817,42.89556],[-0.62896,42.89499],[-0.62955,42.89468],[-0.63117,42.89306],[-0.63211,42.89193],[-0.63366,42.89038],[-0.63418,42.88998],[-0.63439,42.88966],[-0.63464,42.88906],[-0.63524,42.88828],[-0.63579,42.88802],[-0.63716,42.88772],[-0.63792,42.88729],[-0.63805,42.88731],[-0.63814,42.88747],[-0.63812,42.88784],[-0.63791,42.88853],[-0.63738,42.88926],[-0.63719,42.88967],[-0.63751,42.89078],[-0.63751,42.891],[-0.63701,42.89218],[-0.63692,42.89273],[-0.63619,42.89391],[-0.63532,42.89473],[-0.63449,42.89596],[-0.6335,42.89688],[-0.63313,42.89746],[-0.63224,42.89831],[-0.63195,42.89888],[-0.63165,42.89914],[-0.63141,42.89972],[-0.63126,42.90041],[-0.63095,42.90087],[-0.63065,42.90168],[-0.62985,42.90319],[-0.62968,42.90384],[-0.62944,42.90415],[-0.62918,42.90473],[-0.6286,42.90528],[-0.62858,42.90557],[-0.62886,42.90641],[-0.62881,42.90687],[-0.62797,42.90768],[-0.6278,42.90833],[-0.6273,42.90891],[-0.62705,42.90961],[-0.62704,42.90996],[-0.6272,42.91053],[-0.62777,42.9108],[-0.62796,42.91131],[-0.62789,42.91148],[-0.62747,42.91189],[-0.62656,42.91306],[-0.6266,42.91331],[-0.62691,42.91388],[-0.62793,42.91497],[-0.62772,42.91529],[-0.6276,42.91642],[-0.62749,42.91665],[-0.62712,42.91692],[-0.62709,42.91717],[-0.62733,42.91748],[-0.62845,42.91831],[-0.62997,42.91915],[-0.6309,42.9192],[-0.6314,42.91894],[-0.63176,42.91832],[-0.63211,42.918],[-0.63353,42.91748],[-0.63441,42.9175],[-0.63514,42.91739],[-0.63554,42.91721],[-0.63596,42.91691],[-0.63612,42.91642],[-0.63597,42.91471],[-0.63612,42.91408],[-0.63594,42.91301],[-0.63606,42.91274],[-0.63667,42.91252],[-0.63694,42.91221],[-0.63696,42.91174],[-0.63722,42.9111],[-0.63744,42.91026],[-0.63799,42.91015],[-0.63895,42.90972],[-0.63901,42.90942],[-0.64017,42.90923],[-0.64073,42.90928],[-0.6411,42.90914],[-0.64137,42.90875],[-0.64158,42.90824],[-0.64301,42.90634],[-0.64326,42.90554],[-0.64391,42.90526],[-0.64416,42.90499],[-0.64463,42.90414],[-0.64498,42.90386],[-0.64533,42.90297],[-0.64538,42.90232],[-0.64553,42.90183],[-0.64562,42.89999],[-0.64616,42.89808],[-0.64674,42.89719],[-0.64697,42.89607],[-0.6472,42.8958],[-0.64837,42.89509],[-0.64886,42.89503],[-0.6492,42.89526],[-0.64854,42.89574],[-0.64849,42.89624],[-0.64801,42.89689],[-0.64793,42.89711],[-0.64795,42.89784],[-0.64816,42.89831],[-0.64929,42.89939],[-0.64935,42.89992],[-0.64922,42.9003],[-0.64926,42.90055],[-0.6499,42.90138],[-0.65049,42.90198],[-0.65048,42.90277],[-0.65069,42.90381],[-0.65031,42.90444],[-0.65005,42.90469],[-0.65007,42.90499],[-0.64968,42.90524],[-0.64963,42.9059],[-0.64941,42.90634],[-0.6488,42.90689],[-0.64761,42.90774],[-0.64735,42.90803],[-0.64743,42.90835],[-0.64785,42.90853],[-0.64833,42.90859],[-0.64994,42.9083],[-0.65118,42.90798],[-0.65193,42.90802],[-0.65323,42.90826],[-0.65446,42.908],[-0.65636,42.90793],[-0.65671,42.908],[-0.65695,42.90838],[-0.65746,42.90839],[-0.65851,42.908],[-0.65888,42.90776],[-0.65924,42.90665],[-0.65922,42.90587],[-0.65942,42.9057],[-0.65969,42.90611],[-0.65983,42.90667],[-0.66027,42.90691],[-0.66033,42.90725],[-0.66072,42.90801],[-0.66072,42.90883],[-0.66097,42.90919],[-0.66081,42.90941],[-0.66032,42.90976],[-0.65994,42.91055],[-0.66006,42.91113],[-0.66054,42.91164],[-0.66083,42.91179],[-0.66109,42.91168],[-0.66144,42.91135],[-0.66213,42.90999],[-0.66249,42.90966],[-0.66301,42.90933],[-0.66359,42.90914],[-0.66468,42.90904],[-0.66521,42.90851],[-0.6663,42.90805],[-0.66665,42.90685]],[[-0.54609,42.91148],[-0.54669,42.91141],[-0.5481,42.9107],[-0.54881,42.9102],[-0.5494,42.90939],[-0.54969,42.90929],[-0.55198,42.90921],[-0.55316,42.90892],[-0.55476,42.90875],[-0.55614,42.90882],[-0.5577,42.90918],[-0.55788,42.90912],[-0.55795,42.90885],[-0.55789,42.90859],[-0.55773,42.90844],[-0.55609,42.90775],[-0.556,42.90747],[-0.55557,42.90689],[-0.55498,42.90637],[-0.55525,42.90607],[-0.55559,42.90541],[-0.55554,42.9043],[-0.55518,42.90294],[-0.55472,42.90217],[-0.55412,42.90166],[-0.553,42.90109],[-0.55194,42.90099],[-0.55195,42.9005],[-0.55155,42.8986],[-0.55158,42.89823],[-0.55219,42.89747],[-0.5533,42.89691],[-0.55419,42.89667],[-0.55451,42.89638],[-0.5546,42.89583],[-0.55452,42.89506],[-0.55419,42.8939],[-0.55372,42.89315],[-0.55372,42.89298],[-0.55388,42.89271],[-0.55338,42.89167],[-0.55358,42.89151],[-0.55448,42.8912],[-0.55493,42.89096],[-0.55582,42.88997],[-0.55524,42.88981],[-0.5534,42.89004],[-0.55226,42.88993],[-0.55076,42.89014],[-0.54962,42.88982],[-0.54939,42.88989],[-0.54893,42.89027],[-0.54847,42.89037],[-0.54719,42.89011],[-0.54609,42.89003]],[[-0.57286,42.8822],[-0.57238,42.88277],[-0.5714,42.88358],[-0.57101,42.88409],[-0.57018,42.88438],[-0.56961,42.8847],[-0.56929,42.88495],[-0.56922,42.8852],[-0.56948,42.88551],[-0.57141,42.8869],[-0.57167,42.8872],[-0.57147,42.8875],[-0.57086,42.88778],[-0.57063,42.88799],[-0.57045,42.88859],[-0.56985,42.88906],[-0.56982,42.88923],[-0.56993,42.88945],[-0.57041,42.88999],[-0.57135,42.89056],[-0.57226,42.89132],[-0.5735,42.89198],[-0.57379,42.89204],[-0.57417,42.89195],[-0.57581,42.8911],[-0.57609,42.89081],[-0.57647,42.89059],[-0.57754,42.89034],[-0.57803,42.89007],[-0.57885,42.88939],[-0.5796,42.88857],[-0.58088,42.88779],[-0.58111,42.88722],[-0.58136,42.88691],[-0.5832,42.88541],[-0.58423,42.88469],[-0.5863,42.88355],[-0.58696,42.88283],[-0.58723,42.8822]],[[-0.54609,42.88604],[-0.54645,42.88574],[-0.54693,42.88478],[-0.54729,42.88457],[-0.54781,42.88458],[-0.54882,42.88491],[-0.55056,42.8852],[-0.55232,42.88526],[-0.55285,42.88516],[-0.55339,42.88493],[-0.5535,42.88468],[-0.55332,42.88442],[-0.5525,42.88414],[-0.55184,42.88374],[-0.54996,42.8822]]]}},{"type":"Feature","properties":{"ele":1230},"geometry":{"type":"MultiLineString","coordinates":[[[-0.64218,42.94609],[-0.64088,42.94491],[-0.64009,42.94461],[-0.63916,42.94386],[-0.63771,42.94343],[-0.6366,42.94345],[-0.6358,42.94333],[-0.63524,42.94299],[-0.63412,42.94249],[-0.63405,42.94219],[-0.63445,42.94208],[-0.63552,42.94209],[-0.63688,42.94239],[-0.6375,42.94244],[-0.63921,42.94217],[-0.6417,42.9423],[-0.642,42.9422],[-0.6425,42.94189],[-0.64335,42.94166],[-0.64384,42.94144],[-0.64443,42.94108],[-0.64529,42.94027],[-0.64587,42.94004],[-0.64668,42.93957],[-0.64695,42.93951],[-0.64915,42.94026],[-0.65031,42.9403],[-0.6517,42.94014],[-0.65304,42.94028],[-0.65362,42.94051],[-0.65442,42.94109],[-0.65558,42.94128],[-0.65626,42.94168],[-0.65695,42.94188],[-0.65722,42.9422],[-0.6583,42.94228],[-0.65969,42.94207],[-0.66024,42.94187],[-0.66087,42.94195],[-0.66108,42.94186],[-0.66138,42.94148],[-0.66167,42.94144],[-0.66228,42.94161],[-0.66258,42.94191],[-0.66308,42.94216],[-0.66356,42.94262],[-0.66388,42.94275],[-0.66443,42.94275],[-0.66483,42.94258],[-0.66576,42.9424],[-0.66629,42.9426],[-0.66665,42.94263]],[[-0.57426,42.94609],[-0.57368,42.94566],[-0.57296,42.94556],[-0.57253,42.94515],[-0.5722,42.94498],[-0.57028,42.94464],[-0.56969,42.94443],[-0.56907,42.94389],[-0.5689,42.94351],[-0.56828,42.94278],[-0.56781,42.9426],[-0.56706,42.94249],[-0.56753,42.94195],[-0.56791,42.94132],[-0.56862,42.94088],[-0.56887,42.94053],[-0.56976,42.94],[-0.57064,42.93856],[-0.57067,42.93822],[-0.57045,42.93779],[-0.56971,42.93746],[-0.56813,42.93724],[-0.56667,42.93751],[-0.56636,42.93749],[-0.56614,42.93717],[-0.56547,42.9366],[-0.56506,42.93583],[-0.56469,42.93555],[-0.56451,42.93478],[-0.56446,42.93412],[-0.56411,42.93372],[-0.56364,42.93326],[-0.56344,42.93317],[-0.56194,42.93303],[-0.56147,42.93273],[-0.5609,42.93211],[-0.56088,42.93195],[-0.56095,42.93188],[-0.56195,42.93154],[-0.56247,42.93123],[-0.56299,42.93105],[-0.56372,42.93058],[-0.56451,42.93044],[-0.56556,42.93055],[-0.56577,42.92978],[-0.56578,42.92939],[-0.56592,42.92918],[-0.56721,42.92799],[-0.56793,42.92749],[-0.56767,42.92723],[-0.56663,42.92694],[-0.56608,42.92665],[-0.56578,42.9264],[-0.56558,42.92603],[-0.56517,42.92572],[-0.56504,42.92527],[-0.56535,42.92312],[-0.56525,42.92277],[-0.56438,42.9223],[-0.56337,42.92204],[-0.56205,42.92228],[-0.56079,42.92221],[-0.55936,42.92032],[-0.55918,42.91966],[-0.55877,42.91946],[-0.55757,42.91915],[-0.55663,42.91861],[-0.55609,42.91858],[-0.55473,42.9187],[-0.55424,42.91845],[-0.55357,42.91832],[-0.55288,42.91792],[-0.55246,42.91777],[-0.54872,42.91726],[-0.54764,42.91734],[-0.54609,42.91773]],[[-0.63276,42.94165],[-0.63281,42.94136],[-0.63256,42.94144],[-0.63229,42.94162],[-0.63247,42.94172],[-0.63276,42.94165]],[[-0.59305,42.8822],[-0.59315,42.88249],[-0.59304,42.88275],[-0.59247,42.883],[-0.59221,42.88331],[-0.59171,42.88361],[-0.59138,42.88398],[-0.59063,42.88457],[-0.58937,42.88494],[-0.58918,42.88539],[-0.58834,42.88609],[-0.58737,42.88662],[-0.58603,42.88688],[-0.58552,42.88744],[-0.5847,42.88747],[-0.58387,42.88803],[-0.58308,42.88876],[-0.58279,42.88919],[-0.58276,42.88952],[-0.58337,42.89023],[-0.58403,42.89078],[-0.58413,42.89103],[-0.58413,42.89135],[-0.58397,42.89169],[-0.58281,42.89225],[-0.58164,42.89358],[-0.58156,42.89399],[-0.58169,42.89492],[-0.58234,42.8959],[-0.58228,42.89635],[-0.58187,42.89689],[-0.58183,42.89714],[-0.58196,42.89745],[-0.58258,42.89768],[-0.58283,42.898],[-0.58273,42.8983],[-0.58223,42.89892],[-0.58216,42.89914],[-0.58219,42.89943],[-0.58356,42.90005],[-0.58466,42.90081],[-0.58545,42.90111],[-0.58581,42.90157],[-0.58592,42.90197],[-0.58625,42.9025],[-0.5872,42.90312],[-0.58772,42.90358],[-0.5878,42.90419],[-0.58796,42.90446],[-0.58837,42.90456],[-0.58958,42.90454],[-0.59012,42.90467],[-0.59065,42.90521],[-0.59075,42.90557],[-0.59163,42.90609],[-0.59228,42.90633],[-0.59267,42.90687],[-0.59271,42.90725],[-0.59248,42.90776],[-0.5912,42.90885],[-0.58992,42.90937],[-0.5895,42.90972],[-0.58935,42.90995],[-0.58962,42.91083],[-0.59079,42.91138],[-0.59088,42.91153],[-0.5909,42.91173],[-0.59077,42.9122],[-0.59079,42.9127],[-0.59016,42.91321],[-0.59009,42.91353],[-0.59104,42.91467],[-0.59143,42.91493],[-0.59179,42.91545],[-0.59173,42.91596],[-0.59178,42.91631],[-0.59231,42.91715],[-0.59265,42.91815],[-0.5925,42.91863],[-0.59217,42.9191],[-0.59227,42.91974],[-0.59168,42.92057],[-0.59119,42.92085],[-0.59004,42.9211],[-0.58962,42.9214],[-0.58953,42.92173],[-0.58987,42.92242],[-0.58981,42.92294],[-0.59003,42.92323],[-0.59076,42.92376],[-0.5911,42.92386],[-0.59198,42.92392],[-0.59252,42.92437],[-0.59322,42.92471],[-0.5934,42.92499],[-0.5929,42.9255],[-0.59286,42.92569],[-0.59293,42.92581],[-0.5947,42.92643],[-0.59575,42.92667],[-0.59641,42.92706],[-0.59671,42.92743],[-0.59674,42.92804],[-0.59727,42.92862],[-0.5973,42.92889],[-0.59713,42.92915],[-0.59717,42.92942],[-0.59782,42.92969],[-0.59844,42.93018],[-0.59934,42.93038],[-0.60109,42.93055],[-0.60368,42.9302],[-0.60469,42.9298],[-0.60507,42.92985],[-0.60597,42.93017],[-0.6064,42.93008],[-0.60642,42.92989],[-0.60598,42.92892],[-0.60544,42.92835],[-0.60526,42.92804],[-0.60548,42.92746],[-0.60518,42.92695],[-0.60491,42.9261],[-0.60516,42.92553],[-0.60623,42.92497],[-0.60648,42.92464],[-0.60646,42.92438],[-0.60617,42.92365],[-0.60577,42.92308],[-0.60567,42.9228],[-0.60582,42.92193],[-0.60578,42.92163],[-0.60589,42.92134],[-0.60586,42.92086],[-0.60613,42.92053],[-0.60736,42.9202],[-0.60801,42.91969],[-0.60865,42.9196],[-0.60905,42.91941],[-0.60942,42.91898],[-0.60998,42.91859],[-0.6101,42.91826],[-0.61017,42.91746],[-0.61079,42.9166],[-0.6114,42.91615],[-0.61154,42.91593],[-0.61149,42.91559],[-0.61021,42.91363],[-0.61002,42.91274],[-0.61023,42.91219],[-0.61052,42.91201],[-0.61109,42.91191],[-0.61199,42.91112],[-0.61276,42.91081],[-0.61288,42.90994],[-0.61452,42.90867],[-0.61499,42.90741],[-0.61598,42.90603],[-0.6164,42.90574],[-0.61713,42.90498],[-0.61732,42.9047],[-0.61748,42.90414],[-0.61826,42.90409],[-0.61924,42.90374],[-0.61952,42.90355],[-0.62,42.90297],[-0.62073,42.90259],[-0.62133,42.90242],[-0.62232,42.90199],[-0.62292,42.90164],[-0.62342,42.90105],[-0.62409,42.90054],[-0.6244,42.89992],[-0.62481,42.89939],[-0.62502,42.89856],[-0.62503,42.89791],[-0.62467,42.89722],[-0.62467,42.8969],[-0.62588,42.89666],[-0.62642,42.89647],[-0.62742,42.89576],[-0.628,42.8955],[-0.62886,42.8949],[-0.62944,42.89459],[-0.63109,42.89302],[-0.6316,42.89218],[-0.63223,42.89167],[-0.63356,42.89025],[-0.63399,42.88989],[-0.63415,42.8897],[-0.63449,42.88895],[-0.63514,42.88803],[-0.63575,42.88776],[-0.63662,42.88755],[-0.63745,42.88719],[-0.63804,42.88664],[-0.63832,42.88729],[-0.63832,42.88775],[-0.63805,42.88859],[-0.63779,42.88891],[-0.63745,42.88959],[-0.63748,42.89023],[-0.63769,42.89076],[-0.63772,42.891],[-0.63727,42.89201],[-0.63709,42.89276],[-0.63635,42.89396],[-0.6359,42.89445],[-0.63555,42.89472],[-0.63463,42.89604],[-0.63368,42.89692],[-0.63334,42.89749],[-0.63246,42.89829],[-0.63213,42.89886],[-0.63165,42.89942],[-0.63149,42.89985],[-0.63143,42.90052],[-0.63117,42.90086],[-0.63083,42.90183],[-0.62996,42.90324],[-0.6298,42.9039],[-0.62936,42.90467],[-0.62878,42.90526],[-0.6288,42.90553],[-0.62898,42.90587],[-0.62907,42.90631],[-0.62899,42.90697],[-0.62861,42.90747],[-0.62828,42.90773],[-0.62808,42.90836],[-0.62754,42.90892],[-0.62739,42.90917],[-0.62732,42.90978],[-0.62737,42.91023],[-0.62753,42.91049],[-0.62799,42.91085],[-0.62816,42.91142],[-0.62807,42.91166],[-0.62772,42.91191],[-0.62693,42.91275],[-0.62675,42.91322],[-0.62712,42.91394],[-0.62767,42.91453],[-0.62802,42.91477],[-0.62811,42.91494],[-0.62786,42.91544],[-0.62782,42.91621],[-0.62764,42.91665],[-0.62737,42.91693],[-0.62738,42.91719],[-0.62849,42.91812],[-0.62994,42.91891],[-0.63083,42.91898],[-0.63114,42.91887],[-0.63173,42.91807],[-0.63205,42.91789],[-0.6334,42.91736],[-0.63438,42.91738],[-0.63496,42.91727],[-0.63542,42.9171],[-0.6358,42.91684],[-0.63593,42.91662],[-0.63597,42.91631],[-0.6359,42.91541],[-0.63573,42.91471],[-0.63592,42.91405],[-0.63573,42.91294],[-0.6358,42.91273],[-0.63643,42.91249],[-0.63669,42.91224],[-0.63673,42.91183],[-0.63707,42.91083],[-0.6371,42.91025],[-0.63804,42.90998],[-0.63837,42.90971],[-0.63853,42.90941],[-0.63879,42.9093],[-0.63983,42.90902],[-0.64076,42.90895],[-0.64105,42.90881],[-0.64152,42.90806],[-0.64283,42.90637],[-0.64293,42.90607],[-0.64288,42.90553],[-0.64362,42.90529],[-0.64396,42.90502],[-0.64441,42.90409],[-0.64471,42.90387],[-0.64515,42.90301],[-0.64539,42.90173],[-0.64547,42.89989],[-0.64603,42.89787],[-0.64657,42.89718],[-0.64664,42.89608],[-0.64809,42.895],[-0.64879,42.89474],[-0.64921,42.89427],[-0.64943,42.89432],[-0.64938,42.89497],[-0.64948,42.89522],[-0.64945,42.89554],[-0.649,42.89583],[-0.64876,42.89637],[-0.64826,42.89689],[-0.64809,42.89725],[-0.64807,42.8976],[-0.64834,42.89828],[-0.64949,42.89939],[-0.64942,42.90054],[-0.64999,42.90136],[-0.65064,42.90193],[-0.65084,42.90387],[-0.65035,42.90465],[-0.65033,42.90505],[-0.64991,42.90543],[-0.64961,42.90635],[-0.64903,42.90689],[-0.64773,42.90773],[-0.64748,42.90803],[-0.64764,42.90834],[-0.64799,42.90846],[-0.64844,42.90848],[-0.65118,42.90787],[-0.65195,42.90787],[-0.65323,42.90812],[-0.65445,42.90789],[-0.65636,42.90777],[-0.65667,42.90782],[-0.65733,42.90818],[-0.65767,42.90817],[-0.6586,42.90775],[-0.65896,42.9068],[-0.65891,42.90524],[-0.65918,42.90476],[-0.65947,42.90466],[-0.66002,42.90548],[-0.66018,42.90612],[-0.66056,42.90685],[-0.66075,42.90749],[-0.66104,42.90798],[-0.66114,42.90855],[-0.6615,42.90909],[-0.66147,42.90921],[-0.66069,42.90978],[-0.66019,42.91054],[-0.66022,42.91111],[-0.66086,42.91141],[-0.66108,42.91135],[-0.66136,42.91108],[-0.66158,42.91051],[-0.66194,42.9099],[-0.6627,42.90923],[-0.66358,42.90894],[-0.66471,42.90888],[-0.66494,42.90856],[-0.66547,42.9082],[-0.66607,42.908],[-0.66625,42.90763],[-0.66646,42.90676],[-0.66665,42.90646]],[[-0.54609,42.91135],[-0.54674,42.91124],[-0.54826,42.91048],[-0.54858,42.91024],[-0.54916,42.90943],[-0.5495,42.90916],[-0.55059,42.90908],[-0.55184,42.90913],[-0.55305,42.90884],[-0.55441,42.90864],[-0.55559,42.9087],[-0.55632,42.90864],[-0.5565,42.9086],[-0.55655,42.90846],[-0.55648,42.90828],[-0.55607,42.90805],[-0.55582,42.90776],[-0.55529,42.9069],[-0.55468,42.90638],[-0.55499,42.90609],[-0.55539,42.90527],[-0.5553,42.90395],[-0.55516,42.90329],[-0.55497,42.90282],[-0.55443,42.90208],[-0.55368,42.90158],[-0.55271,42.9012],[-0.55195,42.90122],[-0.55158,42.9011],[-0.55174,42.90051],[-0.55135,42.89837],[-0.55164,42.89768],[-0.55182,42.89745],[-0.55249,42.8972],[-0.55326,42.89678],[-0.55413,42.89652],[-0.55441,42.89631],[-0.55443,42.89562],[-0.55413,42.8942],[-0.55355,42.89313],[-0.55365,42.89273],[-0.5535,42.89232],[-0.55302,42.89164],[-0.55343,42.89141],[-0.55443,42.89116],[-0.55492,42.89089],[-0.55562,42.88997],[-0.55524,42.88992],[-0.55333,42.89015],[-0.55233,42.89002],[-0.55087,42.89023],[-0.55049,42.8902],[-0.54996,42.88998],[-0.54969,42.88997],[-0.54944,42.89005],[-0.54899,42.89037],[-0.54851,42.89048],[-0.54717,42.89022],[-0.54609,42.89016]],[[-0.57319,42.8822],[-0.57256,42.88284],[-0.57189,42.8833],[-0.57124,42.88412],[-0.57007,42.88457],[-0.56957,42.88493],[-0.56947,42.88517],[-0.56973,42.88552],[-0.57062,42.88612],[-0.57161,42.88692],[-0.57183,42.88722],[-0.57169,42.88751],[-0.57077,42.888],[-0.57063,42.88862],[-0.56996,42.88913],[-0.5701,42.88948],[-0.57053,42.88998],[-0.5714,42.89051],[-0.57248,42.89136],[-0.5736,42.89192],[-0.57384,42.89196],[-0.57416,42.89188],[-0.57561,42.89111],[-0.57636,42.89052],[-0.57749,42.89021],[-0.57832,42.88968],[-0.5795,42.88858],[-0.58084,42.88777],[-0.58107,42.88718],[-0.5813,42.88691],[-0.58237,42.8861],[-0.58331,42.88524],[-0.58533,42.8839],[-0.58603,42.88354],[-0.58673,42.88276],[-0.58686,42.8822]],[[-0.54609,42.886],[-0.54646,42.88563],[-0.5469,42.88465],[-0.54726,42.88446],[-0.54792,42.88449],[-0.54886,42.88482],[-0.55052,42.88513],[-0.55233,42.88516],[-0.55302,42.88498],[-0.55318,42.88482],[-0.55318,42.88462],[-0.55236,42.88425],[-0.55169,42.8838],[-0.54974,42.8822]]]}},{"type":"Feature","properties":{"ele":1240},"geometry":{"type":"MultiLineString","coordinates":[[[-0.64274,42.94609],[-0.64236,42.946],[-0.64192,42.94575],[-0.64085,42.94475],[-0.64019,42.94452],[-0.63924,42.94377],[-0.63777,42.9433],[-0.6367,42.94335],[-0.63594,42.94325],[-0.63442,42.94245],[-0.63476,42.94225],[-0.63542,42.94222],[-0.63597,42.94229],[-0.63695,42.94257],[-0.63781,42.94254],[-0.63917,42.94226],[-0.64174,42.94242],[-0.64221,42.94224],[-0.64274,42.94191],[-0.64337,42.94178],[-0.64383,42.94159],[-0.64464,42.94106],[-0.64529,42.9404],[-0.64696,42.93965],[-0.64913,42.94038],[-0.65073,42.94035],[-0.65167,42.94025],[-0.65309,42.94041],[-0.65356,42.9406],[-0.65443,42.94118],[-0.65551,42.94148],[-0.6561,42.94192],[-0.65656,42.94202],[-0.65719,42.94234],[-0.65774,42.94247],[-0.65836,42.94251],[-0.65962,42.94232],[-0.66014,42.94215],[-0.66057,42.94223],[-0.66153,42.94212],[-0.66243,42.94223],[-0.66277,42.94219],[-0.66309,42.94236],[-0.66343,42.94274],[-0.66389,42.94288],[-0.66434,42.94292],[-0.66561,42.94274],[-0.66583,42.94291],[-0.666,42.94332],[-0.66624,42.94355],[-0.66638,42.94363],[-0.66665,42.9436]],[[-0.574,42.94609],[-0.57362,42.94579],[-0.57279,42.94565],[-0.5724,42.94526],[-0.57208,42.9451],[-0.56997,42.94471],[-0.56926,42.94442],[-0.5686,42.94386],[-0.56809,42.94293],[-0.56776,42.94275],[-0.56698,42.94274],[-0.56673,42.94253],[-0.56675,42.94241],[-0.5675,42.94167],[-0.56766,42.9413],[-0.56963,42.93993],[-0.57048,42.93846],[-0.57044,42.93822],[-0.57012,42.93778],[-0.56958,42.93756],[-0.56826,42.93737],[-0.56653,42.93763],[-0.5663,42.93759],[-0.56595,42.93714],[-0.56531,42.93662],[-0.56504,42.93603],[-0.56461,42.93559],[-0.56444,42.93484],[-0.56439,42.93416],[-0.56381,42.93351],[-0.5636,42.93331],[-0.56333,42.93323],[-0.56226,42.93319],[-0.56183,42.93309],[-0.56136,42.93279],[-0.56111,42.93247],[-0.56045,42.93195],[-0.56194,42.93143],[-0.56304,42.93086],[-0.56357,42.93048],[-0.56532,42.93017],[-0.56555,42.93],[-0.56564,42.9294],[-0.56582,42.92908],[-0.56757,42.92749],[-0.56579,42.92667],[-0.56532,42.92607],[-0.5649,42.92581],[-0.56469,42.92554],[-0.56468,42.92518],[-0.56495,42.92434],[-0.56512,42.92336],[-0.56512,42.92305],[-0.56497,42.92282],[-0.5644,42.92249],[-0.56333,42.92219],[-0.56198,42.92241],[-0.5609,42.92237],[-0.56066,42.92229],[-0.56051,42.9222],[-0.56017,42.92158],[-0.5592,42.92029],[-0.55897,42.91967],[-0.55834,42.91941],[-0.55752,42.91923],[-0.55663,42.91873],[-0.55531,42.91876],[-0.5547,42.91887],[-0.55419,42.91856],[-0.55347,42.91842],[-0.55284,42.918],[-0.55243,42.91786],[-0.54865,42.91742],[-0.54773,42.91746],[-0.54667,42.91765],[-0.54609,42.91786]],[[-0.59323,42.8822],[-0.59336,42.88246],[-0.59334,42.88276],[-0.59269,42.883],[-0.5925,42.88331],[-0.59198,42.88364],[-0.59078,42.88467],[-0.58971,42.88498],[-0.58932,42.88554],[-0.58777,42.88667],[-0.5874,42.88681],[-0.58653,42.88684],[-0.58618,42.88692],[-0.58596,42.88716],[-0.58583,42.88751],[-0.58473,42.88758],[-0.58379,42.88817],[-0.58331,42.88858],[-0.58292,42.88914],[-0.58286,42.88947],[-0.58299,42.88972],[-0.58349,42.89025],[-0.58417,42.89079],[-0.58427,42.89128],[-0.58424,42.89158],[-0.58393,42.89182],[-0.58305,42.89214],[-0.58276,42.89237],[-0.58179,42.89355],[-0.58168,42.89381],[-0.58168,42.89409],[-0.58185,42.895],[-0.58248,42.89581],[-0.58256,42.89614],[-0.58254,42.89639],[-0.58207,42.89689],[-0.58208,42.89711],[-0.5822,42.89727],[-0.58304,42.89775],[-0.58308,42.89794],[-0.5829,42.89832],[-0.58241,42.8989],[-0.58233,42.89916],[-0.5824,42.89942],[-0.58379,42.9],[-0.5844,42.90046],[-0.58568,42.90108],[-0.58602,42.90141],[-0.58616,42.90194],[-0.58636,42.90229],[-0.58786,42.90351],[-0.58802,42.90417],[-0.58831,42.90442],[-0.58965,42.90444],[-0.59028,42.90461],[-0.59088,42.9052],[-0.59101,42.90555],[-0.59157,42.90591],[-0.59252,42.90633],[-0.59286,42.90685],[-0.5929,42.90708],[-0.5928,42.90744],[-0.59245,42.90796],[-0.59138,42.90889],[-0.59005,42.90944],[-0.58963,42.90995],[-0.58991,42.91081],[-0.59084,42.91126],[-0.59103,42.91152],[-0.59094,42.91276],[-0.59042,42.91326],[-0.59038,42.91357],[-0.59082,42.91414],[-0.592,42.91529],[-0.59205,42.91555],[-0.59193,42.9158],[-0.5919,42.91614],[-0.59248,42.91722],[-0.59277,42.91802],[-0.59278,42.91825],[-0.59234,42.91917],[-0.59239,42.91975],[-0.59189,42.92052],[-0.59164,42.9208],[-0.59135,42.92096],[-0.59038,42.92112],[-0.58997,42.92129],[-0.58978,42.92152],[-0.58976,42.9218],[-0.59005,42.92241],[-0.59007,42.92284],[-0.59022,42.92311],[-0.59106,42.92367],[-0.59221,42.92381],[-0.59248,42.92414],[-0.59359,42.9247],[-0.59372,42.92489],[-0.59372,42.92504],[-0.59315,42.92553],[-0.59335,42.92579],[-0.59474,42.92636],[-0.59583,42.92658],[-0.59665,42.92714],[-0.59685,42.92746],[-0.59688,42.92805],[-0.59744,42.92864],[-0.59744,42.92885],[-0.5973,42.92919],[-0.59733,42.92941],[-0.59798,42.9297],[-0.59828,42.93002],[-0.59851,42.93012],[-0.59931,42.93029],[-0.60111,42.93045],[-0.60195,42.93039],[-0.60279,42.93019],[-0.60365,42.9301],[-0.60442,42.92969],[-0.60462,42.92966],[-0.60499,42.92969],[-0.60582,42.92999],[-0.60616,42.92999],[-0.60612,42.92967],[-0.60587,42.92906],[-0.60522,42.92835],[-0.60513,42.92815],[-0.60511,42.92791],[-0.60529,42.92747],[-0.60489,42.9268],[-0.6047,42.92609],[-0.60495,42.92549],[-0.60594,42.92499],[-0.60623,42.92464],[-0.60618,42.92423],[-0.606,42.92367],[-0.60558,42.92307],[-0.60552,42.92284],[-0.60563,42.92166],[-0.60575,42.92135],[-0.60565,42.92081],[-0.60606,42.92046],[-0.60748,42.92001],[-0.60776,42.91968],[-0.60887,42.91942],[-0.60933,42.91887],[-0.60981,42.91857],[-0.60996,42.91822],[-0.61,42.91749],[-0.61027,42.9172],[-0.61057,42.91667],[-0.61083,42.91637],[-0.61123,42.91611],[-0.61139,42.91582],[-0.61007,42.91371],[-0.60999,42.9133],[-0.60968,42.91253],[-0.6097,42.9122],[-0.60998,42.91192],[-0.6111,42.91168],[-0.61168,42.91108],[-0.61248,42.9108],[-0.61262,42.91055],[-0.61261,42.91003],[-0.61277,42.9097],[-0.61415,42.90888],[-0.61444,42.90859],[-0.61499,42.9072],[-0.61549,42.90661],[-0.61589,42.90597],[-0.61642,42.9056],[-0.61706,42.90492],[-0.61718,42.90465],[-0.61721,42.90415],[-0.6175,42.90401],[-0.61829,42.90394],[-0.61918,42.90361],[-0.61949,42.90339],[-0.61971,42.90303],[-0.62002,42.90277],[-0.62059,42.90248],[-0.62132,42.9023],[-0.62223,42.90193],[-0.6226,42.9017],[-0.62304,42.90137],[-0.6233,42.90098],[-0.62388,42.90054],[-0.62468,42.89935],[-0.62487,42.89878],[-0.6249,42.89791],[-0.62454,42.89714],[-0.6246,42.89686],[-0.62639,42.89638],[-0.62727,42.89572],[-0.62801,42.89535],[-0.62887,42.89472],[-0.62944,42.89444],[-0.63107,42.89286],[-0.63137,42.89219],[-0.6321,42.89166],[-0.63333,42.89026],[-0.63391,42.88973],[-0.63432,42.8889],[-0.63499,42.88784],[-0.63545,42.8876],[-0.63649,42.8873],[-0.63829,42.88605],[-0.63837,42.88612],[-0.63834,42.88666],[-0.63848,42.8876],[-0.63817,42.88859],[-0.63771,42.88943],[-0.63772,42.89026],[-0.63789,42.8911],[-0.63776,42.89146],[-0.63747,42.89191],[-0.63726,42.89279],[-0.63638,42.89417],[-0.63556,42.89499],[-0.63479,42.89609],[-0.63387,42.89691],[-0.63355,42.89746],[-0.63286,42.89806],[-0.63174,42.8995],[-0.6316,42.89989],[-0.63161,42.90048],[-0.63138,42.90084],[-0.63109,42.90191],[-0.6304,42.90271],[-0.63006,42.90336],[-0.62985,42.90411],[-0.62937,42.90491],[-0.629,42.90526],[-0.62904,42.90553],[-0.62925,42.90584],[-0.62931,42.90628],[-0.62905,42.90742],[-0.62856,42.90791],[-0.62828,42.90852],[-0.62765,42.9092],[-0.62763,42.91022],[-0.62819,42.91087],[-0.62831,42.91117],[-0.62837,42.91163],[-0.62715,42.91273],[-0.62694,42.91306],[-0.62691,42.91331],[-0.62722,42.91385],[-0.62775,42.91443],[-0.62813,42.91465],[-0.62822,42.91479],[-0.62824,42.91506],[-0.62803,42.91553],[-0.62807,42.91611],[-0.62761,42.91704],[-0.62769,42.91725],[-0.62867,42.91802],[-0.6299,42.91869],[-0.63076,42.91874],[-0.63111,42.91861],[-0.63161,42.91797],[-0.63313,42.91729],[-0.63356,42.91719],[-0.63431,42.91725],[-0.63472,42.9172],[-0.6353,42.91703],[-0.63572,42.91668],[-0.63583,42.91636],[-0.63574,42.91551],[-0.63563,42.915],[-0.63548,42.9147],[-0.63569,42.91402],[-0.63565,42.9134],[-0.63551,42.91293],[-0.63555,42.91277],[-0.63573,42.9126],[-0.6364,42.91221],[-0.63683,42.91079],[-0.63686,42.91022],[-0.63715,42.91007],[-0.63776,42.90998],[-0.63804,42.9097],[-0.63811,42.90943],[-0.63824,42.90935],[-0.63886,42.90911],[-0.64083,42.90858],[-0.6411,42.90835],[-0.64127,42.90805],[-0.64163,42.90772],[-0.64268,42.90635],[-0.64278,42.90608],[-0.64263,42.90579],[-0.64267,42.9055],[-0.64337,42.90526],[-0.64381,42.90496],[-0.64389,42.9047],[-0.64415,42.90441],[-0.64439,42.90374],[-0.64482,42.9033],[-0.64504,42.90287],[-0.64527,42.90165],[-0.64531,42.89989],[-0.64579,42.89798],[-0.64609,42.89751],[-0.64641,42.89721],[-0.64635,42.89606],[-0.64718,42.89543],[-0.64752,42.89527],[-0.64773,42.89469],[-0.64809,42.89455],[-0.64857,42.89459],[-0.6488,42.89443],[-0.64938,42.89326],[-0.64968,42.89302],[-0.64977,42.89309],[-0.64984,42.89343],[-0.64968,42.89433],[-0.64966,42.89565],[-0.64946,42.89611],[-0.64837,42.89718],[-0.64827,42.89756],[-0.64837,42.89793],[-0.6486,42.8983],[-0.64911,42.89872],[-0.64964,42.8994],[-0.64967,42.89978],[-0.64955,42.90037],[-0.64991,42.9011],[-0.65083,42.90191],[-0.65079,42.90241],[-0.6509,42.90278],[-0.65097,42.90385],[-0.65079,42.90439],[-0.65051,42.90468],[-0.65056,42.90526],[-0.65018,42.9055],[-0.64978,42.90637],[-0.64917,42.90693],[-0.64823,42.90743],[-0.64785,42.90776],[-0.64768,42.90801],[-0.64776,42.90831],[-0.64816,42.90838],[-0.64863,42.90834],[-0.65109,42.90775],[-0.65198,42.90774],[-0.65333,42.90796],[-0.655,42.90769],[-0.65656,42.90761],[-0.6575,42.90793],[-0.65861,42.90722],[-0.65875,42.90673],[-0.65868,42.90607],[-0.65872,42.9053],[-0.65887,42.9047],[-0.6594,42.90438],[-0.66,42.90467],[-0.6603,42.90551],[-0.66044,42.90639],[-0.66106,42.90753],[-0.66135,42.90755],[-0.6615,42.90768],[-0.66153,42.90784],[-0.66141,42.90826],[-0.6615,42.9085],[-0.66187,42.90901],[-0.6622,42.90916],[-0.66287,42.90886],[-0.66434,42.90874],[-0.6647,42.90865],[-0.6653,42.90809],[-0.66597,42.90768],[-0.6661,42.90749],[-0.66632,42.9066],[-0.66665,42.90621]],[[-0.66082,42.91115],[-0.66109,42.91094],[-0.66163,42.91],[-0.66166,42.90965],[-0.6614,42.90962],[-0.66112,42.90972],[-0.66081,42.90996],[-0.66061,42.91028],[-0.66041,42.91083],[-0.66054,42.91109],[-0.66082,42.91115]],[[-0.54609,42.9112],[-0.54695,42.91101],[-0.54833,42.91033],[-0.54864,42.90999],[-0.54906,42.90916],[-0.54918,42.90908],[-0.55059,42.90895],[-0.55184,42.90903],[-0.55302,42.90873],[-0.55438,42.90852],[-0.5556,42.90858],[-0.55583,42.90851],[-0.55597,42.90833],[-0.55528,42.90718],[-0.55472,42.90681],[-0.55448,42.90645],[-0.55452,42.90628],[-0.55494,42.90579],[-0.5552,42.9052],[-0.55508,42.9036],[-0.55473,42.90271],[-0.55424,42.9021],[-0.55357,42.9017],[-0.55257,42.90134],[-0.55175,42.90133],[-0.5513,42.90109],[-0.55154,42.90055],[-0.55121,42.8984],[-0.55134,42.89767],[-0.55134,42.89719],[-0.55195,42.89715],[-0.55256,42.897],[-0.55312,42.89668],[-0.55408,42.89635],[-0.55427,42.89596],[-0.55425,42.89548],[-0.55398,42.89423],[-0.55342,42.89315],[-0.55341,42.89274],[-0.55332,42.89246],[-0.55302,42.89194],[-0.55271,42.89163],[-0.55305,42.89137],[-0.55399,42.89123],[-0.55463,42.89099],[-0.55497,42.89078],[-0.55531,42.89028],[-0.5553,42.89015],[-0.555,42.89007],[-0.5533,42.89025],[-0.5524,42.89012],[-0.5509,42.89033],[-0.54983,42.89012],[-0.54894,42.89052],[-0.54851,42.89059],[-0.54701,42.89034],[-0.54609,42.89028]],[[-0.57349,42.8822],[-0.5727,42.88296],[-0.57198,42.88349],[-0.57154,42.8841],[-0.57056,42.88446],[-0.57008,42.88473],[-0.56979,42.88496],[-0.56969,42.88525],[-0.56995,42.88556],[-0.57085,42.88608],[-0.57202,42.88721],[-0.57194,42.88749],[-0.57095,42.88802],[-0.57085,42.8886],[-0.57021,42.88913],[-0.57024,42.88944],[-0.57067,42.88998],[-0.57149,42.89049],[-0.57237,42.89119],[-0.57351,42.89178],[-0.57386,42.89187],[-0.5742,42.89178],[-0.57548,42.89108],[-0.5764,42.8904],[-0.57768,42.88995],[-0.57839,42.88949],[-0.57942,42.88858],[-0.58076,42.88776],[-0.58104,42.88714],[-0.58151,42.88667],[-0.58229,42.88612],[-0.58358,42.88496],[-0.58594,42.88336],[-0.58645,42.88277],[-0.58659,42.8822]],[[-0.54609,42.88595],[-0.54643,42.88557],[-0.54664,42.88492],[-0.54685,42.88456],[-0.54695,42.88443],[-0.5472,42.88436],[-0.54806,42.88441],[-0.54884,42.88472],[-0.55042,42.88506],[-0.55222,42.88506],[-0.55273,42.88495],[-0.55283,42.88469],[-0.55113,42.88356],[-0.55057,42.88301],[-0.54953,42.8822]]]}},{"type":"Feature","properties":{"ele":1260},"geometry":{"type":"MultiLineString","coordinates":[[[-0.64706,42.94609],[-0.64683,42.94581],[-0.64659,42.94571],[-0.64484,42.94609]],[[-0.64315,42.94609],[-0.64279,42.94586],[-0.64195,42.94552],[-0.6411,42.94468],[-0.64026,42.94426],[-0.63941,42.94359],[-0.63774,42.94303],[-0.6378,42.9428],[-0.63866,42.94251],[-0.6391,42.94244],[-0.64076,42.94252],[-0.64146,42.94272],[-0.64177,42.94271],[-0.64236,42.94248],[-0.64276,42.94219],[-0.64358,42.94197],[-0.64434,42.94158],[-0.64494,42.94114],[-0.64551,42.94051],[-0.64693,42.93998],[-0.6472,42.93995],[-0.64774,42.94011],[-0.64843,42.94048],[-0.6491,42.94064],[-0.64971,42.94052],[-0.65052,42.94051],[-0.65309,42.94066],[-0.65441,42.94137],[-0.65529,42.94163],[-0.65581,42.9422],[-0.65649,42.94232],[-0.65754,42.94284],[-0.65868,42.94281],[-0.66021,42.94256],[-0.66195,42.94278],[-0.66278,42.9427],[-0.66326,42.94305],[-0.66417,42.94323],[-0.66527,42.9433],[-0.66561,42.94353],[-0.66578,42.94388],[-0.66615,42.94405],[-0.66665,42.9441]],[[-0.5734,42.94609],[-0.57257,42.94593],[-0.57216,42.94552],[-0.57177,42.9453],[-0.5708,42.94515],[-0.56844,42.94457],[-0.56828,42.94444],[-0.56781,42.94328],[-0.56761,42.94315],[-0.56618,42.9432],[-0.56592,42.94309],[-0.56586,42.94287],[-0.56605,42.94243],[-0.56654,42.9419],[-0.56692,42.94163],[-0.56735,42.94106],[-0.56779,42.94082],[-0.56815,42.94051],[-0.56926,42.93997],[-0.56999,42.93858],[-0.56971,42.93831],[-0.56958,42.93797],[-0.56916,42.93775],[-0.5684,42.93764],[-0.56639,42.93787],[-0.56604,42.93781],[-0.56563,42.93719],[-0.56498,42.93664],[-0.56443,42.93564],[-0.56426,42.9342],[-0.56417,42.93403],[-0.56362,42.93353],[-0.56337,42.93341],[-0.56219,42.93339],[-0.56169,42.93327],[-0.56004,42.93193],[-0.56004,42.9318],[-0.56016,42.93164],[-0.56087,42.93158],[-0.56181,42.93125],[-0.56334,42.93026],[-0.56413,42.93005],[-0.56503,42.92998],[-0.56527,42.92971],[-0.56529,42.9294],[-0.5656,42.92891],[-0.56628,42.92832],[-0.56648,42.92803],[-0.5666,42.9276],[-0.56656,42.92746],[-0.56553,42.9269],[-0.56523,42.92666],[-0.56502,42.92627],[-0.5644,42.92584],[-0.56408,42.92547],[-0.56403,42.92524],[-0.56409,42.92501],[-0.56454,42.92444],[-0.56462,42.92419],[-0.5647,42.9234],[-0.56454,42.92303],[-0.5632,42.92259],[-0.56188,42.92267],[-0.5608,42.9226],[-0.56043,42.9225],[-0.55998,42.92193],[-0.55955,42.92101],[-0.55888,42.92024],[-0.55866,42.91969],[-0.55823,42.91952],[-0.55745,42.91946],[-0.55698,42.91912],[-0.55663,42.91897],[-0.55629,42.91894],[-0.55451,42.91913],[-0.55399,42.91881],[-0.55329,42.91868],[-0.55227,42.91803],[-0.55081,42.91803],[-0.54879,42.91767],[-0.54715,42.91778],[-0.54609,42.91811]],[[-0.63693,42.94305],[-0.63703,42.94303],[-0.63681,42.94303],[-0.63693,42.94305]],[[-0.63609,42.94289],[-0.63616,42.94276],[-0.63608,42.94269],[-0.63585,42.94261],[-0.63572,42.9427],[-0.63578,42.94282],[-0.63609,42.94289]],[[-0.59369,42.8822],[-0.59382,42.88263],[-0.59373,42.88284],[-0.59314,42.88311],[-0.59219,42.88385],[-0.59065,42.88525],[-0.58998,42.88552],[-0.58873,42.88638],[-0.58837,42.88668],[-0.58804,42.8872],[-0.58684,42.88709],[-0.58641,42.88714],[-0.58626,42.88729],[-0.58606,42.88774],[-0.58576,42.8878],[-0.58488,42.88773],[-0.58458,42.88804],[-0.58388,42.88828],[-0.58355,42.88856],[-0.58317,42.88913],[-0.58314,42.88951],[-0.58366,42.8902],[-0.58432,42.89076],[-0.58458,42.89161],[-0.5842,42.89193],[-0.58335,42.89212],[-0.58294,42.89236],[-0.58199,42.8936],[-0.58188,42.89405],[-0.58203,42.89485],[-0.58221,42.89525],[-0.58312,42.89607],[-0.58321,42.89627],[-0.58315,42.89642],[-0.58243,42.89695],[-0.58272,42.89722],[-0.58333,42.89747],[-0.5837,42.89779],[-0.58363,42.89806],[-0.58275,42.89886],[-0.58269,42.89914],[-0.58282,42.89937],[-0.58412,42.89989],[-0.5846,42.90028],[-0.58589,42.90082],[-0.58653,42.90133],[-0.58667,42.9019],[-0.58683,42.90216],[-0.58803,42.90316],[-0.5886,42.90412],[-0.5902,42.90412],[-0.59083,42.90441],[-0.59096,42.90477],[-0.59145,42.90537],[-0.59196,42.90579],[-0.59257,42.90599],[-0.59316,42.90664],[-0.59322,42.90697],[-0.59314,42.90742],[-0.59276,42.90802],[-0.59154,42.90911],[-0.59053,42.90949],[-0.59023,42.90968],[-0.59014,42.90989],[-0.59026,42.91053],[-0.59042,42.91077],[-0.59103,42.91109],[-0.59137,42.9114],[-0.59143,42.91164],[-0.59125,42.91211],[-0.59126,42.91277],[-0.59096,42.91334],[-0.59095,42.91381],[-0.59117,42.91412],[-0.5916,42.91446],[-0.59201,42.91494],[-0.59259,42.91525],[-0.59258,42.9155],[-0.59235,42.91578],[-0.5923,42.91603],[-0.59249,42.91636],[-0.59262,42.91689],[-0.59283,42.91721],[-0.59308,42.91815],[-0.59301,42.91851],[-0.59268,42.9191],[-0.59268,42.91971],[-0.59175,42.9211],[-0.59149,42.92122],[-0.59041,42.92136],[-0.59014,42.92155],[-0.59009,42.92173],[-0.59053,42.92276],[-0.59108,42.92332],[-0.59146,42.92345],[-0.59232,42.92352],[-0.59303,42.92408],[-0.59386,42.92435],[-0.5942,42.92467],[-0.59423,42.92502],[-0.59377,42.92552],[-0.59388,42.9258],[-0.59497,42.92625],[-0.59586,42.92633],[-0.59667,42.92689],[-0.59704,42.92735],[-0.59723,42.92797],[-0.59779,42.92858],[-0.59779,42.92886],[-0.59761,42.9292],[-0.59764,42.9294],[-0.59808,42.92962],[-0.59858,42.93],[-0.59934,42.93014],[-0.60184,42.93029],[-0.60274,42.93001],[-0.60368,42.92986],[-0.60441,42.92941],[-0.60531,42.9295],[-0.60556,42.92946],[-0.60548,42.92911],[-0.60476,42.92823],[-0.6047,42.92803],[-0.60482,42.92773],[-0.60483,42.92749],[-0.60439,42.92664],[-0.6043,42.92617],[-0.60475,42.92529],[-0.6055,42.92496],[-0.60587,42.92468],[-0.60582,42.92414],[-0.60562,42.92362],[-0.60533,42.92328],[-0.60523,42.92305],[-0.60531,42.92166],[-0.6054,42.92135],[-0.60522,42.92078],[-0.60548,42.9205],[-0.60579,42.92032],[-0.60716,42.91989],[-0.60758,42.91946],[-0.6082,42.91937],[-0.6085,42.91925],[-0.60892,42.91885],[-0.60948,42.91848],[-0.60968,42.91828],[-0.60973,42.91807],[-0.60955,42.91745],[-0.61016,42.91689],[-0.61081,42.91608],[-0.61091,42.91586],[-0.61089,42.91573],[-0.61022,42.91476],[-0.60928,42.91275],[-0.60871,42.91224],[-0.60871,42.91214],[-0.60899,42.91194],[-0.61078,42.91119],[-0.61193,42.91037],[-0.6122,42.90969],[-0.61262,42.90942],[-0.61291,42.90912],[-0.61382,42.90876],[-0.61412,42.90856],[-0.61472,42.90722],[-0.61556,42.90612],[-0.6158,42.90565],[-0.6164,42.90532],[-0.6168,42.90485],[-0.61685,42.90468],[-0.61676,42.90437],[-0.61677,42.90395],[-0.61688,42.90373],[-0.61705,42.90367],[-0.61792,42.90373],[-0.61884,42.90341],[-0.61927,42.90308],[-0.61973,42.90257],[-0.62054,42.9022],[-0.62125,42.90207],[-0.62223,42.90164],[-0.62344,42.90031],[-0.62377,42.89969],[-0.62442,42.89914],[-0.62456,42.89888],[-0.62467,42.89843],[-0.62463,42.89784],[-0.62425,42.89717],[-0.62433,42.89685],[-0.62468,42.89661],[-0.62597,42.89633],[-0.62661,42.89597],[-0.62718,42.89548],[-0.6277,42.89521],[-0.6281,42.89473],[-0.62888,42.89445],[-0.62942,42.89414],[-0.63006,42.89359],[-0.63083,42.89276],[-0.63121,42.89196],[-0.63192,42.89158],[-0.63256,42.89084],[-0.63287,42.89032],[-0.63346,42.88977],[-0.63439,42.88799],[-0.63475,42.88753],[-0.63527,42.88721],[-0.63608,42.88691],[-0.63641,42.88665],[-0.63691,42.88607],[-0.63761,42.88551],[-0.63834,42.88527],[-0.63887,42.88497],[-0.63913,42.88492],[-0.63916,42.88499],[-0.639,42.88579],[-0.6387,42.88652],[-0.63883,42.88753],[-0.63852,42.88828],[-0.63849,42.8886],[-0.6382,42.88912],[-0.63806,42.8902],[-0.63832,42.89109],[-0.63805,42.89165],[-0.63779,42.89198],[-0.63747,42.89296],[-0.63637,42.89461],[-0.63553,42.89552],[-0.63517,42.89611],[-0.63496,42.89635],[-0.63443,42.89664],[-0.63395,42.89722],[-0.63362,42.89778],[-0.63274,42.89856],[-0.63241,42.89909],[-0.63205,42.89942],[-0.63185,42.89996],[-0.63196,42.90053],[-0.63177,42.90086],[-0.6316,42.90182],[-0.63071,42.90272],[-0.63023,42.90407],[-0.62981,42.90482],[-0.62977,42.90513],[-0.6299,42.90586],[-0.62949,42.90747],[-0.62936,42.90776],[-0.62878,42.90846],[-0.6283,42.90991],[-0.62839,42.91051],[-0.62877,42.91169],[-0.6286,42.91192],[-0.62756,42.91275],[-0.62725,42.91322],[-0.62742,42.91363],[-0.62864,42.91471],[-0.62865,42.91513],[-0.62848,42.91555],[-0.62842,42.91606],[-0.628,42.9169],[-0.62824,42.91727],[-0.62943,42.9181],[-0.63,42.9183],[-0.63054,42.91834],[-0.6308,42.91827],[-0.63142,42.91776],[-0.63302,42.91702],[-0.63337,42.91696],[-0.63474,42.91695],[-0.63498,42.9169],[-0.63535,42.91667],[-0.63546,42.91635],[-0.63531,42.91529],[-0.63503,42.91468],[-0.63529,42.91386],[-0.63519,42.91278],[-0.63534,42.9125],[-0.63588,42.91221],[-0.6361,42.91192],[-0.63632,42.91128],[-0.63636,42.91086],[-0.63629,42.91051],[-0.63639,42.91001],[-0.63667,42.90982],[-0.63754,42.90947],[-0.6381,42.90896],[-0.63917,42.90855],[-0.63976,42.90844],[-0.64078,42.90809],[-0.6414,42.90755],[-0.64222,42.90653],[-0.64243,42.90614],[-0.64234,42.90572],[-0.64243,42.90543],[-0.64275,42.90518],[-0.64328,42.90493],[-0.64378,42.90433],[-0.644,42.90356],[-0.64471,42.90309],[-0.6448,42.90291],[-0.64499,42.90142],[-0.64501,42.89989],[-0.64539,42.89826],[-0.64565,42.89753],[-0.64585,42.8972],[-0.64593,42.89614],[-0.64605,42.89579],[-0.64603,42.89517],[-0.64657,42.89433],[-0.64746,42.89415],[-0.64779,42.89389],[-0.64833,42.89366],[-0.64887,42.89278],[-0.64931,42.89259],[-0.64968,42.89264],[-0.65026,42.893],[-0.65048,42.8936],[-0.65024,42.89414],[-0.65024,42.89468],[-0.65007,42.8952],[-0.65012,42.89558],[-0.65005,42.89587],[-0.64955,42.89661],[-0.64905,42.89691],[-0.64875,42.89747],[-0.64872,42.89774],[-0.64887,42.89803],[-0.64945,42.89858],[-0.64998,42.89944],[-0.65002,42.89971],[-0.64986,42.90027],[-0.65001,42.90085],[-0.65029,42.90121],[-0.65108,42.90168],[-0.65109,42.9022],[-0.65122,42.9027],[-0.65118,42.90326],[-0.65139,42.9036],[-0.65101,42.90469],[-0.65105,42.90524],[-0.65093,42.90549],[-0.64978,42.90669],[-0.64845,42.9075],[-0.6482,42.90781],[-0.64817,42.90806],[-0.64872,42.90808],[-0.65111,42.90754],[-0.65351,42.90767],[-0.65493,42.90741],[-0.65632,42.90738],[-0.65694,42.90721],[-0.6575,42.90665],[-0.65792,42.90637],[-0.65831,42.9058],[-0.65856,42.90461],[-0.65888,42.90416],[-0.65915,42.90358],[-0.65968,42.90318],[-0.65978,42.90355],[-0.65958,42.90384],[-0.6596,42.90399],[-0.65969,42.90415],[-0.66008,42.9043],[-0.66039,42.90472],[-0.66074,42.90621],[-0.66096,42.90665],[-0.66112,42.90682],[-0.6619,42.90722],[-0.66204,42.9074],[-0.66208,42.90773],[-0.66181,42.90831],[-0.66218,42.90868],[-0.66292,42.90844],[-0.66375,42.90847],[-0.66444,42.90831],[-0.66503,42.90776],[-0.66582,42.90724],[-0.66607,42.90632],[-0.66665,42.90556]],[[-0.54609,42.9109],[-0.54693,42.91081],[-0.54807,42.91027],[-0.54831,42.90996],[-0.54858,42.90913],[-0.54887,42.90886],[-0.54924,42.90877],[-0.55073,42.9087],[-0.55184,42.90881],[-0.55333,42.90843],[-0.55493,42.90824],[-0.55526,42.90803],[-0.555,42.90746],[-0.55434,42.90696],[-0.55405,42.90638],[-0.55411,42.90608],[-0.55448,42.90582],[-0.55481,42.90499],[-0.55475,42.90358],[-0.55442,42.90277],[-0.55415,42.90242],[-0.55358,42.90206],[-0.55248,42.90164],[-0.55181,42.90161],[-0.55108,42.90141],[-0.55094,42.90114],[-0.5511,42.90054],[-0.55103,42.90023],[-0.55112,42.89937],[-0.55093,42.89829],[-0.55092,42.89728],[-0.551,42.89694],[-0.55132,42.89681],[-0.55226,42.89672],[-0.55338,42.8963],[-0.55374,42.89608],[-0.55392,42.89565],[-0.5538,42.89454],[-0.55345,42.89371],[-0.55275,42.89249],[-0.55202,42.89185],[-0.55187,42.89164],[-0.5524,42.89135],[-0.55411,42.89108],[-0.5547,42.89081],[-0.55489,42.89049],[-0.55458,42.89033],[-0.5533,42.89041],[-0.55243,42.89032],[-0.55104,42.89052],[-0.5499,42.89037],[-0.54917,42.89068],[-0.54859,42.89082],[-0.54609,42.89055]],[[-0.57394,42.8822],[-0.57302,42.88326],[-0.57242,42.88357],[-0.57198,42.88415],[-0.57056,42.88471],[-0.57025,42.88497],[-0.57023,42.88519],[-0.57044,42.88554],[-0.57131,42.88611],[-0.57192,42.88666],[-0.57237,42.88716],[-0.57249,42.88747],[-0.57219,42.88775],[-0.57135,42.88803],[-0.57124,42.88826],[-0.57118,42.88868],[-0.57057,42.8892],[-0.57065,42.88961],[-0.57097,42.88999],[-0.57249,42.89108],[-0.57359,42.89165],[-0.57389,42.89169],[-0.57416,42.89165],[-0.57524,42.89102],[-0.57634,42.89023],[-0.5783,42.88931],[-0.57933,42.88854],[-0.58056,42.88776],[-0.5811,42.88692],[-0.58222,42.8861],[-0.58304,42.88525],[-0.5842,42.88442],[-0.58498,42.88366],[-0.58557,42.8833],[-0.58596,42.88281],[-0.58615,42.8822]],[[-0.54609,42.88587],[-0.54635,42.88548],[-0.54664,42.88438],[-0.54692,42.88414],[-0.5482,42.8842],[-0.54937,42.8847],[-0.55042,42.8849],[-0.55181,42.8847],[-0.55179,42.88445],[-0.55151,42.88412],[-0.55113,42.8838],[-0.55057,42.88356],[-0.55021,42.88312],[-0.54912,42.8822]]]}},{"type":"Feature","properties":{"ele":1270},"geometry":{"type":"MultiLineString","coordinates":[[[-0.64739,42.94609],[-0.64691,42.94562],[-0.64665,42.94551],[-0.64522,42.94583],[-0.64446,42.94609]],[[-0.64335,42.94609],[-0.643,42.94582],[-0.64214,42.94552],[-0.64107,42.94455],[-0.64044,42.94423],[-0.64,42.94384],[-0.6395,42.94353],[-0.63827,42.94304],[-0.63819,42.94275],[-0.63879,42.94256],[-0.6392,42.94253],[-0.6408,42.94263],[-0.64146,42.94289],[-0.64174,42.94289],[-0.64461,42.94157],[-0.6457,42.94053],[-0.64729,42.94013],[-0.64777,42.94025],[-0.64833,42.94058],[-0.64906,42.94078],[-0.64938,42.94076],[-0.64983,42.94061],[-0.65045,42.9406],[-0.65307,42.94078],[-0.65413,42.94138],[-0.65514,42.94174],[-0.65576,42.94228],[-0.6565,42.94245],[-0.6575,42.943],[-0.65886,42.94295],[-0.66004,42.94274],[-0.66052,42.94276],[-0.66111,42.94291],[-0.66233,42.94298],[-0.66417,42.9434],[-0.66523,42.9435],[-0.66537,42.94358],[-0.66542,42.94389],[-0.66583,42.94412],[-0.66665,42.94426]],[[-0.57248,42.94609],[-0.57216,42.94585],[-0.57192,42.94554],[-0.57167,42.94543],[-0.57078,42.94528],[-0.56969,42.94498],[-0.56821,42.94473],[-0.56809,42.94458],[-0.56785,42.9438],[-0.56749,42.94339],[-0.56691,42.94349],[-0.56632,42.94344],[-0.56587,42.94354],[-0.56577,42.94349],[-0.56566,42.94322],[-0.56568,42.94287],[-0.56581,42.94246],[-0.56598,42.94223],[-0.56691,42.94134],[-0.56721,42.94096],[-0.568,42.94029],[-0.56891,42.93999],[-0.56915,42.93982],[-0.56962,42.93885],[-0.56962,42.93854],[-0.56925,42.93801],[-0.56872,42.93782],[-0.56622,42.93798],[-0.56594,42.93789],[-0.56579,42.93778],[-0.5655,42.93725],[-0.56485,42.93667],[-0.56462,42.93633],[-0.56435,42.93558],[-0.56417,42.93411],[-0.56359,42.9336],[-0.56339,42.93352],[-0.56219,42.93349],[-0.56161,42.93334],[-0.5606,42.93249],[-0.55983,42.93198],[-0.55963,42.93167],[-0.56106,42.93143],[-0.56192,42.93108],[-0.56306,42.93022],[-0.56386,42.92995],[-0.56497,42.92979],[-0.56541,42.9289],[-0.56607,42.92828],[-0.56623,42.92787],[-0.56621,42.92747],[-0.5652,42.92684],[-0.56498,42.92664],[-0.56483,42.92632],[-0.56437,42.926],[-0.5639,42.92553],[-0.56382,42.92535],[-0.56386,42.92497],[-0.56441,42.92434],[-0.56449,42.92367],[-0.56443,42.9233],[-0.56409,42.92306],[-0.56323,42.92284],[-0.56083,42.92272],[-0.56025,42.92254],[-0.55986,42.92201],[-0.5595,42.92107],[-0.55875,42.92027],[-0.55855,42.91971],[-0.5582,42.91958],[-0.5574,42.91957],[-0.55667,42.9191],[-0.55632,42.91907],[-0.55448,42.91927],[-0.55389,42.91893],[-0.55328,42.91888],[-0.55249,42.9183],[-0.55222,42.9182],[-0.5507,42.91816],[-0.54872,42.91779],[-0.54733,42.91788],[-0.54609,42.9182]],[[-0.59402,42.8822],[-0.59401,42.88274],[-0.59389,42.88303],[-0.59332,42.88322],[-0.59243,42.88383],[-0.59136,42.88476],[-0.59083,42.88533],[-0.58941,42.88607],[-0.58873,42.88664],[-0.58832,42.88729],[-0.58802,42.88735],[-0.58667,42.88727],[-0.58637,42.88743],[-0.58606,42.8879],[-0.58504,42.88786],[-0.58472,42.88809],[-0.584,42.88831],[-0.58364,42.88859],[-0.5833,42.88912],[-0.58328,42.88948],[-0.58359,42.88999],[-0.58444,42.89078],[-0.58476,42.89165],[-0.58444,42.89193],[-0.58331,42.89218],[-0.58299,42.89237],[-0.58212,42.89357],[-0.58199,42.89399],[-0.5822,42.89503],[-0.58303,42.89579],[-0.58345,42.89604],[-0.58355,42.89624],[-0.58352,42.8964],[-0.58337,42.89654],[-0.58274,42.89683],[-0.58265,42.89695],[-0.58361,42.89746],[-0.58396,42.89776],[-0.58389,42.89806],[-0.58294,42.89882],[-0.58288,42.89905],[-0.58297,42.89925],[-0.58317,42.89941],[-0.58414,42.8998],[-0.58476,42.9002],[-0.58603,42.90074],[-0.58661,42.9011],[-0.5868,42.90135],[-0.58695,42.90183],[-0.58819,42.90308],[-0.58859,42.90387],[-0.58899,42.90402],[-0.59007,42.90398],[-0.5908,42.90415],[-0.59119,42.90442],[-0.59128,42.90476],[-0.59164,42.90526],[-0.59194,42.90554],[-0.59276,42.90581],[-0.59335,42.90659],[-0.59332,42.90748],[-0.59298,42.90802],[-0.59168,42.9092],[-0.59055,42.90964],[-0.59036,42.90992],[-0.59052,42.91059],[-0.59075,42.91082],[-0.59132,42.91112],[-0.59156,42.91145],[-0.59158,42.91169],[-0.5914,42.91221],[-0.59141,42.91282],[-0.59117,42.91336],[-0.59115,42.91385],[-0.59135,42.91416],[-0.59174,42.91441],[-0.59224,42.91492],[-0.59282,42.91525],[-0.59282,42.91553],[-0.59254,42.9158],[-0.59251,42.91603],[-0.59271,42.91673],[-0.59302,42.91723],[-0.59323,42.91805],[-0.59313,42.91856],[-0.59284,42.91912],[-0.59284,42.91975],[-0.59217,42.92064],[-0.59194,42.92111],[-0.5916,42.92133],[-0.59076,42.92139],[-0.59026,42.92164],[-0.59062,42.92248],[-0.59103,42.92301],[-0.59128,42.92322],[-0.59155,42.92332],[-0.59236,42.92338],[-0.59302,42.9239],[-0.59387,42.92414],[-0.59415,42.92432],[-0.59446,42.92466],[-0.5945,42.92482],[-0.59448,42.92502],[-0.59406,42.92551],[-0.59426,42.92576],[-0.59492,42.92614],[-0.5959,42.92622],[-0.59671,42.92679],[-0.59712,42.92727],[-0.59736,42.92787],[-0.59799,42.92857],[-0.59799,42.92881],[-0.59775,42.92914],[-0.5978,42.92938],[-0.59867,42.92993],[-0.59934,42.93007],[-0.60181,42.93023],[-0.60275,42.92989],[-0.60364,42.92974],[-0.60434,42.92933],[-0.60497,42.92926],[-0.6052,42.92914],[-0.60511,42.9289],[-0.60456,42.92822],[-0.60453,42.92805],[-0.60464,42.92763],[-0.60408,42.92621],[-0.60411,42.92604],[-0.60456,42.92525],[-0.60542,42.92487],[-0.6057,42.92464],[-0.60562,42.92407],[-0.60541,42.92359],[-0.60514,42.92332],[-0.60508,42.92315],[-0.60521,42.92138],[-0.60508,42.92076],[-0.60525,42.92052],[-0.60558,42.92027],[-0.60721,42.91972],[-0.60746,42.91933],[-0.60832,42.91914],[-0.60942,42.91831],[-0.60953,42.91798],[-0.60933,42.91744],[-0.60998,42.91691],[-0.61037,42.91643],[-0.61067,42.9159],[-0.61063,42.9157],[-0.60998,42.91474],[-0.60985,42.91437],[-0.60924,42.91329],[-0.60906,42.91274],[-0.60884,42.91252],[-0.60831,42.91219],[-0.60858,42.91192],[-0.6096,42.91158],[-0.61139,42.91057],[-0.61173,42.91028],[-0.61195,42.90971],[-0.61239,42.9094],[-0.61278,42.90897],[-0.61389,42.90859],[-0.61414,42.9083],[-0.61466,42.90714],[-0.61548,42.90602],[-0.61574,42.90552],[-0.6163,42.90524],[-0.6166,42.9049],[-0.61669,42.9047],[-0.6166,42.90436],[-0.61665,42.90358],[-0.61698,42.90352],[-0.61767,42.90362],[-0.61803,42.90356],[-0.61891,42.90318],[-0.61925,42.90281],[-0.61943,42.90247],[-0.61993,42.90234],[-0.62045,42.90209],[-0.62135,42.9019],[-0.62194,42.90165],[-0.62223,42.90142],[-0.62347,42.89958],[-0.6236,42.89942],[-0.62412,42.89911],[-0.62444,42.89872],[-0.62451,42.89836],[-0.62447,42.89779],[-0.62411,42.89727],[-0.62416,42.89689],[-0.62444,42.89663],[-0.62563,42.89635],[-0.62618,42.89608],[-0.62753,42.89512],[-0.62785,42.8947],[-0.62869,42.89441],[-0.62993,42.89356],[-0.6308,42.89247],[-0.63106,42.89189],[-0.63165,42.89165],[-0.63193,42.89144],[-0.63242,42.89082],[-0.63274,42.89022],[-0.63335,42.88972],[-0.63418,42.88804],[-0.63464,42.88739],[-0.63599,42.88665],[-0.63723,42.88526],[-0.63861,42.88476],[-0.63913,42.88433],[-0.63933,42.88448],[-0.63935,42.88499],[-0.63919,42.88582],[-0.63887,42.88636],[-0.639,42.88725],[-0.63898,42.88763],[-0.63869,42.88826],[-0.63866,42.88865],[-0.63836,42.88923],[-0.63836,42.88974],[-0.63824,42.89034],[-0.63845,42.89096],[-0.63838,42.89133],[-0.63792,42.89211],[-0.63757,42.89305],[-0.63645,42.89473],[-0.63576,42.89548],[-0.6352,42.89631],[-0.63441,42.89681],[-0.6337,42.89784],[-0.63281,42.89869],[-0.63254,42.89915],[-0.63218,42.8994],[-0.63202,42.89996],[-0.6321,42.90044],[-0.63192,42.9008],[-0.63191,42.90132],[-0.63181,42.90173],[-0.6316,42.90209],[-0.63085,42.9028],[-0.63061,42.90357],[-0.62997,42.90494],[-0.63009,42.90579],[-0.63004,42.90613],[-0.62963,42.9076],[-0.62943,42.90803],[-0.62913,42.9083],[-0.62885,42.90882],[-0.62868,42.90978],[-0.62868,42.91022],[-0.62856,42.9105],[-0.62896,42.9116],[-0.62894,42.91186],[-0.62774,42.91272],[-0.62748,42.91303],[-0.62741,42.91325],[-0.62756,42.91353],[-0.62804,42.91386],[-0.62888,42.91469],[-0.62887,42.91524],[-0.62823,42.9169],[-0.62839,42.91716],[-0.62879,42.91747],[-0.62968,42.91804],[-0.63045,42.91813],[-0.63299,42.91688],[-0.63465,42.91682],[-0.63502,42.91669],[-0.63518,42.91656],[-0.63529,42.91634],[-0.63513,42.91534],[-0.63486,42.91468],[-0.6351,42.91374],[-0.63503,42.91274],[-0.63516,42.91245],[-0.63578,42.91211],[-0.63597,42.91186],[-0.63614,42.91127],[-0.63617,42.91086],[-0.63608,42.91053],[-0.6362,42.90994],[-0.63648,42.90971],[-0.63751,42.9092],[-0.63784,42.90885],[-0.63867,42.90861],[-0.63918,42.90834],[-0.64053,42.90803],[-0.64106,42.9077],[-0.64149,42.90726],[-0.64215,42.90634],[-0.64223,42.90612],[-0.64225,42.90562],[-0.64246,42.90522],[-0.64361,42.90433],[-0.64372,42.90405],[-0.64371,42.90356],[-0.64464,42.90297],[-0.64474,42.90274],[-0.64475,42.90201],[-0.64486,42.90138],[-0.64484,42.89985],[-0.64542,42.8977],[-0.64553,42.89692],[-0.64574,42.89645],[-0.64584,42.8958],[-0.64576,42.89527],[-0.64582,42.89498],[-0.64652,42.89409],[-0.6472,42.89386],[-0.6478,42.89352],[-0.64806,42.89332],[-0.64829,42.89273],[-0.64861,42.89249],[-0.6491,42.89231],[-0.6494,42.8923],[-0.6499,42.89261],[-0.65028,42.89274],[-0.65045,42.89301],[-0.65064,42.89364],[-0.65049,42.89412],[-0.65052,42.89462],[-0.6503,42.89517],[-0.65027,42.89582],[-0.6498,42.89667],[-0.64918,42.89704],[-0.64893,42.89774],[-0.64938,42.89834],[-0.64972,42.89858],[-0.6499,42.89911],[-0.65016,42.89951],[-0.6502,42.89975],[-0.65,42.9003],[-0.65019,42.9009],[-0.65044,42.90119],[-0.65122,42.90168],[-0.65137,42.90248],[-0.65131,42.90327],[-0.65152,42.90367],[-0.65123,42.90468],[-0.65127,42.90527],[-0.65117,42.90557],[-0.65052,42.90604],[-0.64968,42.90691],[-0.64865,42.90749],[-0.64848,42.90771],[-0.64855,42.90787],[-0.64879,42.90793],[-0.64938,42.90784],[-0.65052,42.90753],[-0.65125,42.90742],[-0.65347,42.90755],[-0.65493,42.90731],[-0.65664,42.90719],[-0.65759,42.9064],[-0.65776,42.90606],[-0.65807,42.90579],[-0.65828,42.90543],[-0.65846,42.90451],[-0.65872,42.90417],[-0.65889,42.90363],[-0.65942,42.90302],[-0.65993,42.90272],[-0.66019,42.90279],[-0.66005,42.90329],[-0.66027,42.90385],[-0.66022,42.90414],[-0.66056,42.90466],[-0.66066,42.9053],[-0.66104,42.90638],[-0.66116,42.90648],[-0.66165,42.90654],[-0.66182,42.90691],[-0.66224,42.90741],[-0.66226,42.90775],[-0.66208,42.90819],[-0.66219,42.90839],[-0.66282,42.90826],[-0.66358,42.90833],[-0.66382,42.90828],[-0.66557,42.90723],[-0.66577,42.90691],[-0.66603,42.90601],[-0.66665,42.90536]],[[-0.54609,42.91076],[-0.54712,42.91064],[-0.54785,42.91026],[-0.54814,42.90989],[-0.54831,42.90913],[-0.54858,42.90886],[-0.54892,42.90872],[-0.5508,42.90857],[-0.55188,42.90867],[-0.55328,42.9083],[-0.55499,42.90802],[-0.55494,42.90776],[-0.55475,42.90748],[-0.55406,42.90693],[-0.55379,42.90621],[-0.55381,42.90606],[-0.55419,42.90582],[-0.55426,42.90553],[-0.55449,42.90526],[-0.55461,42.90496],[-0.55461,42.90385],[-0.55443,42.90321],[-0.55419,42.90273],[-0.55386,42.90239],[-0.55301,42.90198],[-0.55247,42.90181],[-0.55161,42.90171],[-0.55091,42.90148],[-0.55072,42.90133],[-0.55084,42.90083],[-0.55078,42.90024],[-0.55099,42.89926],[-0.55079,42.89822],[-0.55074,42.89742],[-0.5508,42.8969],[-0.55115,42.89671],[-0.55222,42.89655],[-0.55332,42.89619],[-0.55357,42.89602],[-0.55377,42.89555],[-0.55363,42.89443],[-0.55328,42.89363],[-0.5525,42.89246],[-0.55165,42.89192],[-0.55151,42.89164],[-0.55229,42.89126],[-0.55388,42.89109],[-0.55448,42.89083],[-0.55474,42.89052],[-0.55424,42.89044],[-0.5533,42.8905],[-0.5525,42.89042],[-0.55097,42.89063],[-0.5499,42.89049],[-0.54854,42.891],[-0.54778,42.8908],[-0.54609,42.89067]],[[-0.57415,42.8822],[-0.57302,42.88355],[-0.57248,42.88386],[-0.57212,42.88421],[-0.57086,42.88474],[-0.5705,42.88499],[-0.57054,42.88526],[-0.57071,42.88554],[-0.57189,42.88639],[-0.57257,42.88717],[-0.57265,42.88739],[-0.57261,42.88753],[-0.57239,42.88775],[-0.57165,42.88803],[-0.57137,42.88829],[-0.57142,42.88859],[-0.57133,42.88881],[-0.57082,42.88914],[-0.57078,42.88942],[-0.57085,42.88968],[-0.57109,42.88998],[-0.57264,42.89107],[-0.57361,42.89152],[-0.57392,42.89159],[-0.5742,42.89153],[-0.57526,42.89091],[-0.5763,42.89016],[-0.5775,42.88952],[-0.57832,42.88919],[-0.58049,42.88773],[-0.58106,42.8869],[-0.58219,42.88608],[-0.58305,42.88516],[-0.58414,42.88437],[-0.58483,42.88362],[-0.58558,42.88309],[-0.58598,42.8822]],[[-0.54609,42.88582],[-0.54636,42.88527],[-0.54656,42.88418],[-0.54677,42.88404],[-0.54826,42.88409],[-0.54941,42.88462],[-0.55035,42.88478],[-0.55098,42.88469],[-0.55139,42.88443],[-0.55135,42.88419],[-0.55124,42.88404],[-0.55102,42.88386],[-0.55035,42.88358],[-0.55,42.88315],[-0.54913,42.8825],[-0.54893,42.8822]]]}},{"type":"Feature","properties":{"ele":1280},"geometry":{"type":"MultiLineString","coordinates":[[[-0.64842,42.94609],[-0.64748,42.94594],[-0.64698,42.94544],[-0.64663,42.94536],[-0.64517,42.94568],[-0.64412,42.94609]],[[-0.64356,42.94609],[-0.64301,42.94568],[-0.64213,42.94538],[-0.64108,42.94444],[-0.64052,42.94416],[-0.63993,42.94366],[-0.63943,42.94337],[-0.63855,42.94305],[-0.63846,42.94275],[-0.63906,42.94261],[-0.64017,42.94267],[-0.64086,42.94274],[-0.64137,42.94305],[-0.64169,42.94307],[-0.64473,42.94165],[-0.64506,42.94138],[-0.64552,42.94078],[-0.64579,42.94061],[-0.64736,42.94031],[-0.64906,42.94092],[-0.6494,42.9409],[-0.64979,42.94072],[-0.65042,42.94069],[-0.65143,42.94085],[-0.65299,42.9409],[-0.65403,42.9415],[-0.65498,42.94182],[-0.65573,42.94237],[-0.65639,42.94256],[-0.65718,42.94305],[-0.65743,42.94312],[-0.65886,42.94309],[-0.65955,42.94291],[-0.66014,42.94289],[-0.66111,42.94317],[-0.66351,42.94337],[-0.66415,42.94357],[-0.66462,42.94361],[-0.66524,42.94403],[-0.66594,42.94429],[-0.66665,42.94441]],[[-0.57215,42.94609],[-0.5717,42.94564],[-0.57149,42.94554],[-0.57073,42.94541],[-0.56965,42.9451],[-0.56831,42.94498],[-0.56802,42.94489],[-0.56775,42.9447],[-0.56778,42.94411],[-0.56743,42.9437],[-0.56712,42.94374],[-0.56635,42.94412],[-0.56538,42.94435],[-0.56525,42.94432],[-0.5652,42.94407],[-0.56559,42.94256],[-0.56578,42.94216],[-0.56665,42.94136],[-0.5677,42.94022],[-0.56852,42.93997],[-0.56893,42.93971],[-0.5693,42.93912],[-0.56943,42.93858],[-0.56896,42.93808],[-0.56872,42.93799],[-0.56701,42.938],[-0.56615,42.93809],[-0.56584,42.93802],[-0.56542,42.93739],[-0.56467,42.93667],[-0.56445,42.93633],[-0.56421,42.93475],[-0.56402,42.93409],[-0.56333,42.93362],[-0.56218,42.9336],[-0.5616,42.93343],[-0.56038,42.93248],[-0.55978,42.93216],[-0.55911,42.93165],[-0.55965,42.9315],[-0.56091,42.93139],[-0.5619,42.93096],[-0.56276,42.93025],[-0.56309,42.93006],[-0.56386,42.92981],[-0.56478,42.92972],[-0.56504,42.9291],[-0.56586,42.92831],[-0.56602,42.92784],[-0.5659,42.92749],[-0.56533,42.92718],[-0.565,42.92688],[-0.56467,42.92639],[-0.56389,42.92571],[-0.56359,42.92526],[-0.56364,42.92498],[-0.56423,42.92436],[-0.56429,42.92371],[-0.56414,42.92331],[-0.56354,42.92309],[-0.56243,42.92293],[-0.5608,42.92283],[-0.5602,42.92265],[-0.55998,42.92249],[-0.55975,42.92213],[-0.55943,42.92108],[-0.55857,42.92027],[-0.55854,42.91992],[-0.55833,42.91966],[-0.55732,42.91969],[-0.55677,42.91931],[-0.55646,42.91921],[-0.55442,42.91943],[-0.55389,42.91909],[-0.5531,42.91896],[-0.55258,42.91854],[-0.55222,42.91838],[-0.55061,42.91829],[-0.54858,42.91791],[-0.54757,42.91794],[-0.54609,42.9183]],[[-0.59434,42.8822],[-0.5942,42.88256],[-0.59424,42.88305],[-0.59347,42.88329],[-0.5931,42.88362],[-0.59242,42.88403],[-0.59135,42.88495],[-0.59084,42.88554],[-0.58965,42.88607],[-0.58887,42.88684],[-0.58859,42.8872],[-0.58852,42.88748],[-0.58823,42.88753],[-0.58747,42.88742],[-0.58681,42.88743],[-0.58641,42.88766],[-0.58612,42.88805],[-0.58522,42.88797],[-0.58417,42.88832],[-0.58379,42.88856],[-0.58345,42.88912],[-0.58345,42.88954],[-0.58373,42.89001],[-0.58448,42.89072],[-0.58488,42.89165],[-0.58469,42.8919],[-0.58447,42.892],[-0.58346,42.89221],[-0.583,42.89242],[-0.58222,42.8936],[-0.58211,42.89399],[-0.58235,42.89504],[-0.583,42.89561],[-0.58357,42.89589],[-0.58388,42.89636],[-0.58354,42.89665],[-0.58293,42.89694],[-0.58383,42.89743],[-0.58419,42.89775],[-0.58415,42.89801],[-0.58389,42.89831],[-0.58353,42.89848],[-0.58303,42.89886],[-0.58313,42.89915],[-0.58486,42.90008],[-0.5857,42.90041],[-0.58689,42.90109],[-0.58764,42.90223],[-0.58841,42.90307],[-0.5889,42.90382],[-0.58915,42.90388],[-0.59002,42.90384],[-0.59066,42.90395],[-0.59195,42.90468],[-0.5919,42.90498],[-0.59199,42.90524],[-0.5922,42.90538],[-0.59278,42.90551],[-0.59347,42.90649],[-0.59352,42.90669],[-0.59348,42.90749],[-0.59336,42.90778],[-0.59303,42.9082],[-0.59221,42.90887],[-0.59166,42.90942],[-0.59078,42.90967],[-0.59059,42.90996],[-0.59075,42.91058],[-0.59143,42.91102],[-0.59173,42.9114],[-0.59175,42.91173],[-0.59155,42.91225],[-0.59155,42.91294],[-0.59134,42.91331],[-0.59133,42.91389],[-0.59222,42.91469],[-0.59305,42.91525],[-0.59304,42.91554],[-0.59275,42.9158],[-0.59272,42.91612],[-0.59284,42.91662],[-0.59321,42.91725],[-0.59339,42.91801],[-0.59324,42.9186],[-0.59301,42.91911],[-0.59297,42.91989],[-0.5922,42.9208],[-0.59194,42.92137],[-0.59058,42.92159],[-0.59049,42.92166],[-0.5905,42.92193],[-0.5907,42.92232],[-0.59134,42.92306],[-0.59245,42.92325],[-0.59329,42.9238],[-0.59434,42.92414],[-0.59473,42.92496],[-0.59435,42.92556],[-0.595,42.92603],[-0.59578,42.92605],[-0.59604,42.92614],[-0.59681,42.9267],[-0.59731,42.92736],[-0.59764,42.928],[-0.59809,42.92843],[-0.59815,42.92874],[-0.59796,42.92915],[-0.59801,42.92942],[-0.59868,42.92985],[-0.59936,42.92999],[-0.60184,42.93014],[-0.60264,42.9298],[-0.60354,42.92962],[-0.60417,42.92927],[-0.60476,42.92908],[-0.60483,42.92884],[-0.60439,42.92829],[-0.60434,42.92805],[-0.60439,42.92763],[-0.60417,42.92689],[-0.60393,42.92652],[-0.60386,42.9261],[-0.60438,42.92519],[-0.60472,42.92498],[-0.60539,42.92475],[-0.6055,42.92458],[-0.60548,42.92423],[-0.60524,42.92362],[-0.60486,42.92327],[-0.60506,42.92152],[-0.6049,42.92074],[-0.60538,42.92025],[-0.60696,42.91972],[-0.60736,42.91925],[-0.60802,42.91907],[-0.60866,42.91866],[-0.6093,42.91803],[-0.60912,42.91745],[-0.60976,42.91698],[-0.61027,42.91642],[-0.61045,42.91593],[-0.61041,42.91569],[-0.60994,42.91503],[-0.6097,42.91442],[-0.60903,42.91335],[-0.6089,42.91274],[-0.60818,42.91225],[-0.60818,42.91212],[-0.60833,42.91194],[-0.60942,42.91155],[-0.61002,42.91113],[-0.61055,42.91093],[-0.61115,42.91057],[-0.61147,42.91026],[-0.61167,42.90971],[-0.61215,42.90938],[-0.61259,42.90886],[-0.61285,42.90873],[-0.61361,42.9086],[-0.61392,42.90838],[-0.61455,42.90717],[-0.61557,42.90555],[-0.6161,42.90523],[-0.61647,42.90482],[-0.61645,42.90371],[-0.61656,42.90349],[-0.61688,42.9034],[-0.61761,42.90348],[-0.61801,42.90338],[-0.61885,42.90301],[-0.61943,42.90236],[-0.62037,42.90196],[-0.62135,42.90175],[-0.622,42.90139],[-0.62296,42.90001],[-0.62326,42.89942],[-0.62395,42.899],[-0.62427,42.89863],[-0.62431,42.89791],[-0.62396,42.89718],[-0.62402,42.89692],[-0.62418,42.89671],[-0.62455,42.89651],[-0.62587,42.89612],[-0.62731,42.89509],[-0.62769,42.89466],[-0.62851,42.89436],[-0.62973,42.89359],[-0.63025,42.893],[-0.63095,42.89186],[-0.63166,42.89153],[-0.63195,42.89128],[-0.63257,42.89022],[-0.63314,42.88968],[-0.63415,42.88775],[-0.63451,42.88724],[-0.63566,42.8866],[-0.63694,42.88502],[-0.63856,42.88437],[-0.63914,42.88384],[-0.63943,42.88383],[-0.63964,42.88451],[-0.63942,42.88578],[-0.63903,42.88645],[-0.63916,42.8875],[-0.63885,42.88827],[-0.63882,42.88867],[-0.63856,42.88923],[-0.63843,42.89034],[-0.63864,42.89082],[-0.63855,42.89128],[-0.63803,42.89219],[-0.63772,42.89304],[-0.63737,42.89351],[-0.63721,42.89387],[-0.63693,42.89415],[-0.63665,42.8947],[-0.63612,42.89528],[-0.63536,42.89635],[-0.63473,42.89666],[-0.63443,42.89692],[-0.6339,42.89777],[-0.6329,42.8988],[-0.63275,42.89913],[-0.63233,42.89945],[-0.63212,42.90145],[-0.6317,42.9022],[-0.63108,42.90275],[-0.63079,42.90354],[-0.63054,42.90386],[-0.63016,42.90506],[-0.63027,42.90583],[-0.63016,42.90655],[-0.62996,42.9069],[-0.62981,42.90763],[-0.62913,42.90882],[-0.62913,42.90926],[-0.62899,42.90978],[-0.62902,42.91023],[-0.62884,42.91062],[-0.62917,42.91193],[-0.62794,42.91274],[-0.62764,42.91319],[-0.62767,42.91338],[-0.62895,42.9144],[-0.62912,42.91468],[-0.6291,42.91517],[-0.62848,42.91689],[-0.62863,42.91712],[-0.62902,42.91744],[-0.62979,42.91789],[-0.63038,42.91794],[-0.63295,42.91675],[-0.63467,42.91668],[-0.63505,42.91642],[-0.63509,42.91621],[-0.63499,42.9155],[-0.63467,42.91469],[-0.63494,42.91343],[-0.63487,42.91254],[-0.63502,42.91235],[-0.63582,42.91192],[-0.63594,42.91145],[-0.63602,42.90989],[-0.63634,42.90957],[-0.63668,42.90943],[-0.63685,42.90913],[-0.63721,42.90901],[-0.63764,42.90872],[-0.63837,42.9085],[-0.63896,42.90815],[-0.64052,42.90788],[-0.64108,42.90754],[-0.64139,42.90721],[-0.64202,42.9062],[-0.64219,42.90547],[-0.64246,42.90503],[-0.64349,42.90418],[-0.64355,42.90402],[-0.6435,42.90351],[-0.64393,42.90321],[-0.64443,42.90301],[-0.64461,42.90267],[-0.64462,42.90197],[-0.64474,42.90137],[-0.64467,42.89973],[-0.64525,42.89773],[-0.64523,42.8969],[-0.64548,42.89655],[-0.64565,42.89593],[-0.64555,42.89517],[-0.64561,42.89479],[-0.64617,42.89426],[-0.64641,42.8939],[-0.64761,42.8933],[-0.64779,42.89307],[-0.64786,42.89274],[-0.64803,42.89247],[-0.64862,42.89213],[-0.64917,42.89202],[-0.6497,42.8922],[-0.64993,42.8925],[-0.65053,42.89277],[-0.65078,42.89357],[-0.65072,42.89412],[-0.65083,42.8945],[-0.65079,42.89469],[-0.65054,42.89497],[-0.65041,42.89586],[-0.65013,42.89632],[-0.65006,42.89671],[-0.64985,42.89691],[-0.64936,42.89714],[-0.64915,42.89747],[-0.6491,42.89774],[-0.64941,42.8982],[-0.6499,42.89858],[-0.65007,42.89909],[-0.65036,42.89958],[-0.65036,42.89982],[-0.65014,42.90031],[-0.65027,42.90079],[-0.6505,42.90111],[-0.65138,42.90164],[-0.65152,42.90253],[-0.65147,42.90322],[-0.65168,42.90359],[-0.6515,42.90419],[-0.65149,42.90524],[-0.65137,42.90559],[-0.65118,42.90581],[-0.65065,42.90611],[-0.64989,42.90689],[-0.64886,42.90747],[-0.64878,42.90776],[-0.64939,42.90774],[-0.65026,42.90747],[-0.65129,42.9073],[-0.65274,42.90743],[-0.65347,42.90742],[-0.65514,42.90718],[-0.65649,42.9071],[-0.65744,42.90636],[-0.65774,42.90568],[-0.65806,42.90555],[-0.65826,42.90496],[-0.65829,42.90441],[-0.65861,42.90416],[-0.65875,42.90352],[-0.65942,42.90275],[-0.66009,42.90248],[-0.66028,42.90247],[-0.66042,42.90274],[-0.66042,42.90333],[-0.66075,42.90412],[-0.66081,42.90529],[-0.66113,42.90594],[-0.66129,42.90609],[-0.66166,42.90619],[-0.66192,42.90673],[-0.66226,42.90717],[-0.66242,42.90763],[-0.66237,42.90802],[-0.66246,42.90811],[-0.66354,42.90817],[-0.66447,42.90777],[-0.66555,42.90697],[-0.66586,42.90587],[-0.66638,42.90554],[-0.66665,42.9052]],[[-0.54609,42.91063],[-0.54721,42.91053],[-0.54763,42.91023],[-0.54791,42.90995],[-0.54812,42.90923],[-0.54832,42.90889],[-0.54884,42.90863],[-0.54924,42.90855],[-0.55,42.90857],[-0.55073,42.90848],[-0.55198,42.90853],[-0.55434,42.90796],[-0.55472,42.90776],[-0.55383,42.90698],[-0.55367,42.90653],[-0.55339,42.90607],[-0.55358,42.90552],[-0.55416,42.90526],[-0.55438,42.90492],[-0.55447,42.90426],[-0.55444,42.90385],[-0.55392,42.90273],[-0.55363,42.90246],[-0.55288,42.90209],[-0.55085,42.90164],[-0.55058,42.90152],[-0.55049,42.90137],[-0.55061,42.90086],[-0.55053,42.90053],[-0.55085,42.8992],[-0.55053,42.89748],[-0.55068,42.8968],[-0.5508,42.89663],[-0.55223,42.89638],[-0.55331,42.89608],[-0.55354,42.89579],[-0.55364,42.89553],[-0.55349,42.89458],[-0.55329,42.8939],[-0.5525,42.89273],[-0.5519,42.89223],[-0.55107,42.89193],[-0.55073,42.89164],[-0.55222,42.89115],[-0.55375,42.891],[-0.55423,42.89083],[-0.55423,42.89069],[-0.55403,42.89053],[-0.5534,42.89061],[-0.55251,42.89051],[-0.55111,42.89073],[-0.54997,42.89062],[-0.54858,42.89122],[-0.54705,42.89084],[-0.54609,42.8908]],[[-0.57441,42.8822],[-0.57325,42.88358],[-0.57206,42.88438],[-0.57081,42.88497],[-0.57078,42.88516],[-0.57099,42.88557],[-0.57218,42.88639],[-0.57248,42.88692],[-0.5728,42.88719],[-0.57284,42.88742],[-0.57257,42.88777],[-0.57157,42.88825],[-0.57155,42.88883],[-0.57097,42.8892],[-0.57093,42.88944],[-0.571,42.88969],[-0.57128,42.88998],[-0.57275,42.89104],[-0.57392,42.89148],[-0.5742,42.89143],[-0.57511,42.89091],[-0.57608,42.89019],[-0.57745,42.88941],[-0.57851,42.889],[-0.57999,42.88803],[-0.58054,42.88755],[-0.581,42.88689],[-0.58216,42.88605],[-0.58306,42.88507],[-0.58422,42.88419],[-0.58447,42.88373],[-0.5855,42.88295],[-0.58582,42.8822]],[[-0.54609,42.88572],[-0.5463,42.88517],[-0.54636,42.88412],[-0.5467,42.88391],[-0.54823,42.88397],[-0.54935,42.88449],[-0.55021,42.88465],[-0.55056,42.88462],[-0.55096,42.88438],[-0.55104,42.8842],[-0.55097,42.88405],[-0.55075,42.88387],[-0.55017,42.88361],[-0.54997,42.88331],[-0.54899,42.88255],[-0.54875,42.8822]]]}},{"type":"Feature","properties":{"ele":1290},"geometry":{"type":"MultiLineString","coordinates":[[[-0.64877,42.94609],[-0.6483,42.94592],[-0.64751,42.9458],[-0.64716,42.94539],[-0.64684,42.94518],[-0.64636,42.94522],[-0.64525,42.9455],[-0.64437,42.94592],[-0.64392,42.94599],[-0.64368,42.94595],[-0.64304,42.94553],[-0.64217,42.94529],[-0.64115,42.94439],[-0.64066,42.94411],[-0.64001,42.94357],[-0.63955,42.9433],[-0.63881,42.94306],[-0.63873,42.94279],[-0.6391,42.94268],[-0.64018,42.94276],[-0.6409,42.94287],[-0.64143,42.94317],[-0.64174,42.94317],[-0.64497,42.94164],[-0.6458,42.94074],[-0.64611,42.94064],[-0.64745,42.9405],[-0.6491,42.94106],[-0.64941,42.94104],[-0.64988,42.94081],[-0.65042,42.94078],[-0.65139,42.94098],[-0.653,42.94105],[-0.65393,42.94161],[-0.65483,42.94189],[-0.65578,42.94254],[-0.6564,42.94272],[-0.65733,42.94322],[-0.65781,42.94329],[-0.65889,42.94321],[-0.66003,42.94301],[-0.66115,42.94342],[-0.6636,42.94358],[-0.66451,42.94383],[-0.66461,42.94415],[-0.66471,42.94423],[-0.66528,42.94426],[-0.66629,42.94452],[-0.66665,42.94455]],[[-0.57184,42.94609],[-0.57166,42.9458],[-0.57142,42.94569],[-0.57055,42.94553],[-0.56973,42.94524],[-0.56739,42.94501],[-0.5673,42.94475],[-0.5675,42.94444],[-0.56751,42.94416],[-0.56729,42.94405],[-0.56699,42.94411],[-0.56615,42.94453],[-0.56497,42.94471],[-0.56495,42.94433],[-0.56534,42.94312],[-0.56539,42.94256],[-0.56553,42.94219],[-0.56668,42.94111],[-0.56747,42.94021],[-0.56779,42.94],[-0.5686,42.9397],[-0.56862,42.93946],[-0.56892,42.93934],[-0.56914,42.93911],[-0.56921,42.93884],[-0.56918,42.93858],[-0.56889,42.93827],[-0.56854,42.93815],[-0.56701,42.93811],[-0.56611,42.93818],[-0.56575,42.93809],[-0.56548,42.93782],[-0.56529,42.93745],[-0.5645,42.93665],[-0.56431,42.93637],[-0.56418,42.93487],[-0.56392,42.93411],[-0.56333,42.93375],[-0.56215,42.93369],[-0.56159,42.93352],[-0.55882,42.93165],[-0.55891,42.93149],[-0.55917,42.9314],[-0.56055,42.93137],[-0.56094,42.93127],[-0.56194,42.93082],[-0.5628,42.93],[-0.5636,42.9297],[-0.56455,42.92959],[-0.56473,42.92947],[-0.565,42.92888],[-0.56569,42.92828],[-0.56581,42.92802],[-0.56582,42.92775],[-0.5648,42.9269],[-0.56441,42.92638],[-0.56359,42.92555],[-0.56346,42.9253],[-0.56346,42.92495],[-0.56397,42.92449],[-0.56408,42.92426],[-0.56409,42.92367],[-0.56387,42.92334],[-0.56347,42.92321],[-0.56076,42.92294],[-0.56001,42.92273],[-0.5596,42.92217],[-0.55947,42.92137],[-0.55936,42.92114],[-0.55848,42.92035],[-0.55839,42.91987],[-0.5582,42.91972],[-0.55726,42.91981],[-0.55666,42.91941],[-0.55639,42.91937],[-0.55441,42.91955],[-0.55375,42.91922],[-0.55304,42.91914],[-0.55251,42.91869],[-0.5522,42.91853],[-0.55059,42.91842],[-0.54838,42.91801],[-0.5476,42.91803],[-0.54609,42.91838]],[[-0.59462,42.8822],[-0.59443,42.88248],[-0.59445,42.88306],[-0.59366,42.88334],[-0.59236,42.88428],[-0.5914,42.88515],[-0.5911,42.88554],[-0.59051,42.88596],[-0.59,42.8861],[-0.5897,42.88628],[-0.58941,42.88678],[-0.58905,42.88711],[-0.58887,42.88746],[-0.58871,42.88757],[-0.58833,42.88767],[-0.58747,42.88755],[-0.58695,42.88757],[-0.58662,42.88769],[-0.58635,42.88802],[-0.58611,42.88816],[-0.58524,42.88809],[-0.58471,42.88831],[-0.5842,42.8884],[-0.58389,42.88859],[-0.58357,42.88912],[-0.5836,42.88956],[-0.58385,42.89],[-0.58448,42.8906],[-0.58503,42.89168],[-0.58481,42.89193],[-0.58451,42.89208],[-0.58347,42.89229],[-0.58303,42.89246],[-0.58276,42.89302],[-0.58233,42.89361],[-0.58223,42.89395],[-0.58245,42.895],[-0.58307,42.89551],[-0.5837,42.89581],[-0.58399,42.89624],[-0.58399,42.89641],[-0.58388,42.89658],[-0.58344,42.89688],[-0.58343,42.89695],[-0.58417,42.89747],[-0.58438,42.89777],[-0.58433,42.89801],[-0.58411,42.89828],[-0.58357,42.89857],[-0.58324,42.89884],[-0.58332,42.89914],[-0.58496,42.89999],[-0.58583,42.90024],[-0.58643,42.90067],[-0.58726,42.90108],[-0.58744,42.90139],[-0.58786,42.90162],[-0.58783,42.90197],[-0.58794,42.90227],[-0.58862,42.90304],[-0.58899,42.90363],[-0.5892,42.9037],[-0.59017,42.90371],[-0.59075,42.90381],[-0.59219,42.90461],[-0.59251,42.90469],[-0.59262,42.90501],[-0.59359,42.90637],[-0.59367,42.90666],[-0.59365,42.90747],[-0.59317,42.90828],[-0.59242,42.90884],[-0.59193,42.90944],[-0.5916,42.90959],[-0.59108,42.90969],[-0.59079,42.90997],[-0.59096,42.91055],[-0.59169,42.91106],[-0.59192,42.91138],[-0.59192,42.91186],[-0.5917,42.91228],[-0.59173,42.91301],[-0.59154,42.91383],[-0.59321,42.91525],[-0.59322,42.91548],[-0.59298,42.91585],[-0.59292,42.91621],[-0.59303,42.91655],[-0.59338,42.91716],[-0.59354,42.91791],[-0.59312,42.92005],[-0.5924,42.92073],[-0.59199,42.92144],[-0.5917,42.92155],[-0.59081,42.92164],[-0.59069,42.92204],[-0.5908,42.92229],[-0.59138,42.92288],[-0.59245,42.92307],[-0.59333,42.92362],[-0.59473,42.92412],[-0.59491,42.92492],[-0.59466,42.92532],[-0.59461,42.92557],[-0.59502,42.92586],[-0.59576,42.92588],[-0.59604,42.92596],[-0.59694,42.92662],[-0.59721,42.92692],[-0.59783,42.928],[-0.59821,42.92837],[-0.59828,42.92871],[-0.59816,42.92916],[-0.59822,42.9294],[-0.59857,42.92971],[-0.59879,42.92979],[-0.59941,42.92992],[-0.60021,42.92991],[-0.60187,42.93005],[-0.60251,42.92971],[-0.6036,42.92946],[-0.60454,42.92887],[-0.60418,42.92823],[-0.60413,42.92751],[-0.60371,42.92666],[-0.60365,42.92631],[-0.6037,42.92607],[-0.60402,42.92558],[-0.60414,42.92521],[-0.60441,42.92496],[-0.6052,42.92471],[-0.6053,42.92449],[-0.60498,42.92359],[-0.60461,42.9233],[-0.60494,42.92159],[-0.60469,42.92083],[-0.60473,42.92059],[-0.60532,42.92015],[-0.60671,42.91971],[-0.60694,42.91952],[-0.6072,42.91914],[-0.60803,42.91888],[-0.60854,42.91858],[-0.60902,42.91803],[-0.609,42.9174],[-0.60964,42.91691],[-0.60978,42.91665],[-0.61013,42.91636],[-0.61022,42.9161],[-0.61021,42.91572],[-0.6097,42.91498],[-0.60949,42.91438],[-0.6088,42.91335],[-0.6087,42.91279],[-0.6081,42.91245],[-0.60797,42.91229],[-0.60796,42.91215],[-0.6081,42.91198],[-0.60943,42.91145],[-0.60987,42.91106],[-0.61055,42.91081],[-0.61095,42.91057],[-0.61121,42.91025],[-0.61143,42.90971],[-0.6125,42.9087],[-0.61274,42.90858],[-0.61347,42.90848],[-0.61386,42.90828],[-0.61417,42.9078],[-0.61486,42.90639],[-0.6153,42.90586],[-0.61547,42.90546],[-0.61638,42.90471],[-0.6163,42.90367],[-0.6164,42.90334],[-0.61674,42.90327],[-0.61743,42.90336],[-0.61775,42.9033],[-0.61865,42.90291],[-0.61944,42.90223],[-0.62021,42.90188],[-0.6212,42.90167],[-0.62171,42.90134],[-0.62278,42.89999],[-0.62301,42.8994],[-0.62384,42.89885],[-0.62406,42.8986],[-0.62418,42.89799],[-0.62382,42.89717],[-0.62387,42.89692],[-0.6241,42.89665],[-0.62448,42.89645],[-0.62575,42.89605],[-0.62722,42.89499],[-0.62748,42.89469],[-0.6286,42.89416],[-0.62969,42.89338],[-0.63028,42.89272],[-0.63085,42.89176],[-0.63107,42.8916],[-0.63168,42.89142],[-0.63195,42.89112],[-0.63237,42.89026],[-0.63304,42.88942],[-0.63435,42.88713],[-0.63555,42.88638],[-0.63641,42.885],[-0.63664,42.88476],[-0.6386,42.88393],[-0.63899,42.88358],[-0.6394,42.88301],[-0.63962,42.88286],[-0.63976,42.88287],[-0.63986,42.88305],[-0.63969,42.88387],[-0.63988,42.88447],[-0.63962,42.88579],[-0.63919,42.88652],[-0.63934,42.88746],[-0.63873,42.88933],[-0.63864,42.8903],[-0.63882,42.89086],[-0.63869,42.89133],[-0.63821,42.89217],[-0.63814,42.89253],[-0.63792,42.893],[-0.63746,42.89356],[-0.63734,42.8939],[-0.63667,42.89498],[-0.63633,42.89526],[-0.63555,42.89637],[-0.63459,42.8969],[-0.63408,42.89775],[-0.63329,42.89851],[-0.63283,42.8992],[-0.63252,42.89946],[-0.63244,42.89975],[-0.63235,42.90149],[-0.63193,42.9022],[-0.63132,42.90272],[-0.63109,42.90302],[-0.63091,42.90358],[-0.63064,42.90402],[-0.63037,42.90524],[-0.63049,42.90583],[-0.6305,42.90645],[-0.63022,42.90694],[-0.62997,42.90772],[-0.62977,42.90801],[-0.62975,42.90833],[-0.62943,42.90882],[-0.62949,42.90923],[-0.62928,42.90979],[-0.62931,42.9103],[-0.62904,42.91083],[-0.62911,42.91133],[-0.6293,42.91167],[-0.62934,42.9119],[-0.62912,42.91217],[-0.62803,42.91288],[-0.62787,42.91315],[-0.62798,42.91343],[-0.62925,42.91436],[-0.62936,42.91454],[-0.62937,42.91506],[-0.62872,42.91683],[-0.62876,42.91697],[-0.62902,42.91722],[-0.62991,42.91776],[-0.63028,42.91778],[-0.63114,42.91749],[-0.633,42.91657],[-0.63441,42.91653],[-0.63483,42.91638],[-0.63489,42.9161],[-0.63481,42.91555],[-0.6345,42.91468],[-0.63472,42.91333],[-0.63465,42.91247],[-0.63496,42.91219],[-0.63555,42.91192],[-0.63574,42.91166],[-0.63574,42.91111],[-0.63583,42.9108],[-0.63581,42.90994],[-0.63634,42.90909],[-0.63681,42.9089],[-0.63702,42.90871],[-0.63831,42.90831],[-0.63877,42.90799],[-0.63917,42.90782],[-0.64052,42.90775],[-0.64092,42.90751],[-0.64123,42.90717],[-0.64194,42.9061],[-0.64226,42.90502],[-0.6433,42.90413],[-0.64332,42.90347],[-0.64371,42.90312],[-0.64444,42.90278],[-0.64462,42.90124],[-0.64448,42.89978],[-0.64494,42.8985],[-0.64511,42.89753],[-0.6451,42.89694],[-0.64537,42.89637],[-0.64547,42.89596],[-0.64533,42.89468],[-0.64556,42.89444],[-0.64611,42.89418],[-0.64637,42.89358],[-0.64726,42.89314],[-0.64774,42.89242],[-0.64805,42.89213],[-0.64849,42.89189],[-0.64906,42.89181],[-0.64967,42.89196],[-0.65002,42.89231],[-0.65058,42.89264],[-0.65076,42.89298],[-0.65096,42.89371],[-0.65103,42.89454],[-0.65072,42.89507],[-0.6506,42.89585],[-0.65031,42.89635],[-0.65031,42.89671],[-0.65013,42.89694],[-0.64944,42.8973],[-0.64929,42.89774],[-0.64942,42.89805],[-0.65006,42.89856],[-0.65025,42.89913],[-0.65055,42.89962],[-0.6505,42.89989],[-0.65027,42.90029],[-0.65026,42.90055],[-0.6506,42.90104],[-0.65137,42.90152],[-0.65154,42.9017],[-0.65167,42.90246],[-0.65162,42.90309],[-0.65181,42.90364],[-0.65164,42.90414],[-0.65169,42.90525],[-0.65148,42.90577],[-0.65086,42.90613],[-0.65001,42.90694],[-0.64953,42.90721],[-0.64925,42.90742],[-0.64925,42.90751],[-0.64955,42.90756],[-0.65135,42.90718],[-0.65271,42.90729],[-0.65354,42.90728],[-0.65465,42.9071],[-0.65643,42.907],[-0.65725,42.90639],[-0.65749,42.90609],[-0.65757,42.90548],[-0.65776,42.90525],[-0.65811,42.90503],[-0.65812,42.90444],[-0.6584,42.90415],[-0.65855,42.9035],[-0.65917,42.90276],[-0.66007,42.90234],[-0.66055,42.90247],[-0.66069,42.90303],[-0.66123,42.90385],[-0.66124,42.90411],[-0.66101,42.90443],[-0.66092,42.90475],[-0.66121,42.90558],[-0.66136,42.90583],[-0.66184,42.90609],[-0.66208,42.90669],[-0.6627,42.90783],[-0.66285,42.90795],[-0.6635,42.90802],[-0.66448,42.90758],[-0.66489,42.90718],[-0.66536,42.90688],[-0.66552,42.90658],[-0.66574,42.90575],[-0.66633,42.90542],[-0.66665,42.90508]],[[-0.54609,42.9105],[-0.54681,42.91045],[-0.54756,42.9101],[-0.54771,42.90994],[-0.54791,42.90933],[-0.54814,42.90894],[-0.5483,42.90875],[-0.5486,42.90859],[-0.5492,42.90845],[-0.55059,42.90837],[-0.55153,42.90846],[-0.55198,42.90842],[-0.55334,42.90803],[-0.55401,42.90756],[-0.55405,42.90745],[-0.55361,42.90698],[-0.55311,42.906],[-0.55324,42.90554],[-0.55339,42.90532],[-0.55405,42.90494],[-0.55427,42.90419],[-0.55419,42.90381],[-0.55386,42.90332],[-0.5537,42.90291],[-0.55333,42.90247],[-0.55275,42.9022],[-0.55024,42.90164],[-0.55042,42.901],[-0.55031,42.90051],[-0.55054,42.89997],[-0.55067,42.89916],[-0.5504,42.89746],[-0.5505,42.89663],[-0.55083,42.89649],[-0.55303,42.89608],[-0.55337,42.89586],[-0.55351,42.89544],[-0.55311,42.89381],[-0.55224,42.89273],[-0.55191,42.89244],[-0.55076,42.89194],[-0.54982,42.89137],[-0.55118,42.89124],[-0.55215,42.89101],[-0.55393,42.8908],[-0.55257,42.89065],[-0.55097,42.89089],[-0.54999,42.89076],[-0.54956,42.89107],[-0.54958,42.89137],[-0.54865,42.89145],[-0.54775,42.89137],[-0.54752,42.89109],[-0.54729,42.89103],[-0.54609,42.89092]],[[-0.57468,42.8822],[-0.57389,42.88304],[-0.57349,42.8836],[-0.57235,42.88436],[-0.5712,42.88495],[-0.57101,42.88524],[-0.57112,42.88543],[-0.57159,42.88582],[-0.57241,42.88635],[-0.57266,42.88688],[-0.57304,42.8872],[-0.57305,42.88741],[-0.57284,42.88777],[-0.57173,42.88829],[-0.57173,42.88887],[-0.57115,42.88918],[-0.57106,42.88941],[-0.57112,42.88965],[-0.57144,42.88998],[-0.57268,42.89088],[-0.57387,42.89137],[-0.57415,42.89137],[-0.57438,42.89125],[-0.57659,42.8898],[-0.5775,42.88929],[-0.57844,42.88896],[-0.57989,42.88801],[-0.58052,42.88745],[-0.58091,42.8869],[-0.58209,42.88606],[-0.58305,42.885],[-0.58416,42.88415],[-0.58422,42.88385],[-0.58441,42.88357],[-0.58549,42.88276],[-0.58565,42.8822]],[[-0.54609,42.88561],[-0.54628,42.88475],[-0.54621,42.88412],[-0.54636,42.88386],[-0.54653,42.88381],[-0.54695,42.88376],[-0.54804,42.88383],[-0.54878,42.88402],[-0.54945,42.88442],[-0.55017,42.8845],[-0.55056,42.88441],[-0.55069,42.8842],[-0.55065,42.88404],[-0.55049,42.88388],[-0.54996,42.88361],[-0.54943,42.88303],[-0.54891,42.88267],[-0.54858,42.8822]]]}},{"type":"Feature","properties":{"ele":1310},"geometry":{"type":"MultiLineString","coordinates":[[[-0.64993,42.94609],[-0.64958,42.94595],[-0.64775,42.94555],[-0.6473,42.94494],[-0.64695,42.94483],[-0.64552,42.9451],[-0.64441,42.9457],[-0.64382,42.9457],[-0.64313,42.94532],[-0.64214,42.94503],[-0.64,42.9432],[-0.63936,42.94303],[-0.64059,42.94301],[-0.64137,42.94338],[-0.64192,42.94337],[-0.64499,42.94192],[-0.64557,42.94139],[-0.64581,42.94107],[-0.64604,42.94093],[-0.64747,42.94083],[-0.64914,42.94137],[-0.64944,42.94137],[-0.65,42.94114],[-0.65053,42.94105],[-0.65081,42.94109],[-0.65118,42.94126],[-0.65222,42.94121],[-0.65281,42.94126],[-0.65387,42.94186],[-0.65471,42.94216],[-0.65581,42.94303],[-0.65639,42.94316],[-0.65726,42.94355],[-0.65969,42.94343],[-0.66007,42.94357],[-0.66021,42.94394],[-0.66052,42.94409],[-0.66104,42.94391],[-0.66177,42.94394],[-0.66306,42.94379],[-0.66361,42.94385],[-0.66398,42.94415],[-0.66368,42.94468],[-0.66372,42.94494],[-0.66442,42.94531],[-0.66493,42.94469],[-0.66528,42.94468],[-0.66601,42.94487],[-0.66665,42.94482]],[[-0.5714,42.94609],[-0.57108,42.94591],[-0.56958,42.94548],[-0.56875,42.94542],[-0.56736,42.94558],[-0.56639,42.94545],[-0.56579,42.94519],[-0.56479,42.94534],[-0.56446,42.94523],[-0.56438,42.94441],[-0.56502,42.94306],[-0.56501,42.94239],[-0.56508,42.94215],[-0.56615,42.94107],[-0.56631,42.94083],[-0.56636,42.94053],[-0.56694,42.94026],[-0.56725,42.94],[-0.56755,42.9397],[-0.56758,42.9394],[-0.56771,42.93915],[-0.56825,42.93884],[-0.56837,42.93859],[-0.56722,42.93834],[-0.56601,42.93839],[-0.56556,42.93828],[-0.56526,42.93803],[-0.56496,42.9375],[-0.56407,42.93648],[-0.56402,42.93624],[-0.5641,42.93513],[-0.56394,42.93468],[-0.56368,42.93439],[-0.56363,42.93412],[-0.5632,42.93395],[-0.56198,42.93385],[-0.56135,42.93361],[-0.5585,42.93191],[-0.55816,42.93161],[-0.55809,42.93118],[-0.55817,42.93107],[-0.55962,42.93118],[-0.56085,42.93109],[-0.56193,42.93054],[-0.56241,42.92992],[-0.56276,42.9297],[-0.56333,42.9295],[-0.56439,42.9293],[-0.56468,42.92882],[-0.56528,42.9283],[-0.56541,42.92805],[-0.56528,42.92776],[-0.56439,42.92695],[-0.56328,42.92556],[-0.56313,42.92524],[-0.56308,42.92503],[-0.56314,42.92489],[-0.56371,42.92433],[-0.56375,42.92392],[-0.56362,42.92357],[-0.56326,42.92346],[-0.56073,42.92317],[-0.55972,42.92286],[-0.55926,42.92218],[-0.5593,42.92149],[-0.55921,42.92122],[-0.55911,42.92109],[-0.55803,42.92058],[-0.55806,42.91996],[-0.55722,42.92006],[-0.55625,42.91971],[-0.55434,42.9198],[-0.55361,42.91949],[-0.5529,42.91941],[-0.55227,42.91893],[-0.55202,42.91883],[-0.55052,42.91867],[-0.5483,42.91824],[-0.54771,42.91823],[-0.54609,42.91854]],[[-0.59512,42.8822],[-0.59479,42.88263],[-0.59477,42.88307],[-0.59467,42.88326],[-0.59408,42.88349],[-0.59371,42.88385],[-0.5932,42.88404],[-0.59267,42.88441],[-0.59175,42.88529],[-0.59161,42.8855],[-0.59155,42.8859],[-0.59142,42.88614],[-0.59027,42.88635],[-0.58998,42.88654],[-0.58971,42.8872],[-0.58936,42.88747],[-0.58918,42.88804],[-0.58722,42.88783],[-0.58666,42.888],[-0.58638,42.88831],[-0.58615,42.8884],[-0.58535,42.88833],[-0.58414,42.88858],[-0.58384,42.88912],[-0.58386,42.88944],[-0.5841,42.89],[-0.58482,42.89078],[-0.58519,42.89149],[-0.58521,42.89173],[-0.58506,42.89198],[-0.58471,42.8922],[-0.58338,42.89249],[-0.58308,42.89266],[-0.58248,42.89387],[-0.58275,42.89498],[-0.58351,42.89552],[-0.58411,42.89581],[-0.58427,42.89601],[-0.58429,42.89642],[-0.58396,42.89692],[-0.58471,42.89747],[-0.58477,42.89766],[-0.58467,42.89798],[-0.5844,42.89829],[-0.58358,42.89886],[-0.58374,42.89911],[-0.58498,42.89972],[-0.58616,42.89996],[-0.5874,42.90065],[-0.58818,42.90078],[-0.58826,42.9011],[-0.58856,42.90148],[-0.58853,42.90217],[-0.58863,42.90241],[-0.58943,42.9033],[-0.59035,42.90338],[-0.5911,42.90358],[-0.59248,42.90438],[-0.59312,42.90456],[-0.59331,42.90473],[-0.59363,42.90577],[-0.59405,42.90639],[-0.59395,42.90772],[-0.59359,42.9083],[-0.59248,42.90914],[-0.59213,42.90969],[-0.59134,42.90996],[-0.59127,42.9102],[-0.59138,42.91053],[-0.59191,42.91084],[-0.59229,42.91136],[-0.59225,42.9119],[-0.59196,42.91242],[-0.59206,42.91298],[-0.59196,42.91357],[-0.59202,42.91381],[-0.59365,42.91525],[-0.59352,42.91572],[-0.59331,42.91609],[-0.59372,42.91697],[-0.5939,42.91774],[-0.59375,42.91864],[-0.59355,42.91915],[-0.59357,42.92016],[-0.59346,42.92033],[-0.59301,42.92054],[-0.59205,42.92166],[-0.59107,42.92191],[-0.59104,42.92222],[-0.59141,42.92254],[-0.59254,42.9228],[-0.59382,42.9235],[-0.59505,42.92386],[-0.59528,42.92414],[-0.59539,42.92468],[-0.59516,42.92553],[-0.59608,42.92559],[-0.59665,42.92588],[-0.5975,42.9269],[-0.59764,42.92723],[-0.59821,42.92799],[-0.59854,42.92834],[-0.59862,42.92862],[-0.59855,42.92922],[-0.5986,42.9294],[-0.59879,42.92956],[-0.59941,42.92977],[-0.60035,42.92974],[-0.60129,42.92987],[-0.60187,42.92978],[-0.60257,42.92943],[-0.60351,42.92924],[-0.60371,42.92911],[-0.60397,42.92871],[-0.60399,42.92854],[-0.60379,42.92812],[-0.60363,42.92747],[-0.60323,42.92686],[-0.60332,42.92638],[-0.60329,42.92604],[-0.60342,42.92582],[-0.60373,42.92555],[-0.60378,42.92522],[-0.60413,42.92484],[-0.60472,42.9246],[-0.60492,42.9244],[-0.60471,42.92386],[-0.6044,42.92359],[-0.60427,42.92333],[-0.6045,42.92232],[-0.60448,42.92194],[-0.60472,42.92164],[-0.60439,42.92091],[-0.6044,42.92051],[-0.60517,42.91994],[-0.60608,42.91969],[-0.60665,42.91943],[-0.6069,42.91904],[-0.6071,42.91887],[-0.60802,42.91857],[-0.60825,42.9184],[-0.60858,42.91798],[-0.60859,42.91747],[-0.60883,42.91719],[-0.6094,42.91674],[-0.6099,42.9161],[-0.60983,42.91576],[-0.60938,42.91505],[-0.60914,42.91444],[-0.60882,42.9139],[-0.60809,42.91302],[-0.60768,42.91277],[-0.60755,42.91228],[-0.60765,42.91194],[-0.60917,42.91137],[-0.60974,42.91085],[-0.61062,42.91052],[-0.61085,42.91027],[-0.61122,42.90942],[-0.61148,42.90913],[-0.61165,42.90859],[-0.61201,42.90844],[-0.61344,42.90819],[-0.61384,42.90796],[-0.61415,42.90742],[-0.61449,42.90639],[-0.61498,42.9058],[-0.61525,42.90525],[-0.61565,42.90496],[-0.61613,42.90419],[-0.61602,42.90343],[-0.61609,42.90322],[-0.61687,42.90302],[-0.61751,42.90304],[-0.61831,42.9027],[-0.6189,42.90221],[-0.61924,42.90202],[-0.6211,42.90137],[-0.62167,42.90055],[-0.62227,42.89996],[-0.62278,42.89916],[-0.62322,42.89884],[-0.62366,42.89835],[-0.62375,42.89798],[-0.62349,42.89721],[-0.62351,42.89689],[-0.62418,42.89638],[-0.6256,42.8959],[-0.6275,42.89443],[-0.62846,42.89391],[-0.62931,42.89302],[-0.62993,42.89269],[-0.63017,42.89247],[-0.63061,42.89139],[-0.63136,42.89126],[-0.63167,42.89112],[-0.63192,42.89043],[-0.63312,42.88868],[-0.63357,42.88774],[-0.63413,42.88689],[-0.63494,42.88632],[-0.63564,42.88531],[-0.63593,42.88475],[-0.63625,42.88442],[-0.63665,42.88414],[-0.63784,42.88362],[-0.6382,42.88334],[-0.6387,42.8822]],[[-0.64101,42.8822],[-0.64111,42.88244],[-0.64108,42.8827],[-0.64074,42.88309],[-0.64025,42.88468],[-0.64003,42.8858],[-0.63959,42.88655],[-0.63967,42.88735],[-0.63961,42.88794],[-0.6391,42.88941],[-0.63906,42.89016],[-0.63918,42.89054],[-0.63916,42.89109],[-0.63852,42.89216],[-0.63846,42.89253],[-0.63825,42.89299],[-0.63775,42.89358],[-0.63762,42.89395],[-0.63717,42.89456],[-0.63699,42.89503],[-0.63663,42.89536],[-0.63589,42.89638],[-0.63554,42.89668],[-0.63494,42.89693],[-0.63455,42.89743],[-0.63444,42.89776],[-0.63397,42.89828],[-0.63358,42.89857],[-0.63319,42.8991],[-0.63293,42.89965],[-0.63297,42.90024],[-0.63277,42.90165],[-0.63233,42.90225],[-0.63139,42.90311],[-0.631,42.90387],[-0.63087,42.90475],[-0.63092,42.90547],[-0.63112,42.90577],[-0.6311,42.90609],[-0.63082,42.90692],[-0.63042,42.9075],[-0.63027,42.90808],[-0.63038,42.90843],[-0.63085,42.9089],[-0.63058,42.90917],[-0.63012,42.90943],[-0.63009,42.90967],[-0.63031,42.90996],[-0.63026,42.91025],[-0.62942,42.91108],[-0.62974,42.91171],[-0.62977,42.912],[-0.62957,42.91222],[-0.62836,42.91309],[-0.62848,42.91336],[-0.6294,42.91388],[-0.62971,42.91414],[-0.6299,42.91454],[-0.6299,42.91503],[-0.62921,42.91655],[-0.62919,42.91683],[-0.62929,42.91701],[-0.62997,42.9174],[-0.63052,42.91739],[-0.63136,42.91708],[-0.63276,42.91633],[-0.63357,42.91608],[-0.63416,42.91609],[-0.63443,42.91591],[-0.63446,42.91579],[-0.63425,42.9153],[-0.63418,42.91471],[-0.63437,42.91326],[-0.63422,42.9125],[-0.63465,42.91204],[-0.63538,42.91163],[-0.63543,42.911],[-0.63556,42.91055],[-0.63551,42.9099],[-0.63565,42.90948],[-0.63608,42.90885],[-0.6369,42.90829],[-0.63805,42.90808],[-0.63898,42.90749],[-0.63931,42.90737],[-0.63965,42.9073],[-0.64021,42.90735],[-0.64057,42.90727],[-0.6408,42.90715],[-0.6411,42.90677],[-0.64169,42.90587],[-0.64192,42.90496],[-0.64215,42.90468],[-0.64256,42.90447],[-0.64284,42.90415],[-0.64308,42.9034],[-0.64332,42.90303],[-0.64389,42.90276],[-0.64415,42.90246],[-0.64439,42.90117],[-0.64417,42.89971],[-0.64474,42.89836],[-0.64456,42.89778],[-0.64477,42.89744],[-0.64485,42.89673],[-0.645,42.89637],[-0.64504,42.89537],[-0.64498,42.89466],[-0.64519,42.89435],[-0.64578,42.8941],[-0.64613,42.89339],[-0.647,42.89257],[-0.64745,42.8919],[-0.64851,42.89144],[-0.64903,42.89145],[-0.6506,42.8919],[-0.65084,42.89207],[-0.65122,42.89346],[-0.65131,42.89411],[-0.65145,42.89441],[-0.65096,42.89552],[-0.65091,42.89603],[-0.65069,42.89637],[-0.65066,42.89689],[-0.64992,42.89746],[-0.64978,42.8978],[-0.64989,42.89807],[-0.65029,42.89841],[-0.65046,42.89898],[-0.65088,42.89968],[-0.65084,42.89997],[-0.65063,42.90044],[-0.65065,42.90065],[-0.65102,42.90106],[-0.65168,42.90151],[-0.65191,42.90192],[-0.6519,42.90281],[-0.65212,42.90357],[-0.652,42.9043],[-0.65224,42.90472],[-0.65187,42.90579],[-0.65103,42.90638],[-0.65052,42.90695],[-0.65248,42.90692],[-0.65299,42.90698],[-0.65362,42.90688],[-0.6558,42.90683],[-0.65643,42.90672],[-0.65694,42.90637],[-0.65705,42.90621],[-0.65723,42.90526],[-0.65769,42.9047],[-0.65773,42.90439],[-0.65796,42.90384],[-0.65831,42.90325],[-0.65888,42.9026],[-0.65958,42.90224],[-0.65997,42.9019],[-0.66084,42.90247],[-0.66121,42.90303],[-0.66172,42.90333],[-0.6618,42.90364],[-0.66179,42.90399],[-0.66143,42.90468],[-0.66143,42.90527],[-0.66159,42.90555],[-0.66221,42.90608],[-0.66229,42.90638],[-0.66276,42.90719],[-0.66308,42.90755],[-0.66344,42.90763],[-0.66414,42.90746],[-0.6647,42.90682],[-0.66528,42.9064],[-0.6655,42.9055],[-0.66613,42.90532],[-0.66665,42.90483]],[[-0.54609,42.91028],[-0.54664,42.91023],[-0.54721,42.90997],[-0.54805,42.9086],[-0.54837,42.90839],[-0.54917,42.90823],[-0.5507,42.90815],[-0.55167,42.90823],[-0.55229,42.90806],[-0.55283,42.90776],[-0.55313,42.90748],[-0.55322,42.90718],[-0.55272,42.90613],[-0.55273,42.90552],[-0.55286,42.90524],[-0.55348,42.90461],[-0.5536,42.90442],[-0.55363,42.90412],[-0.5536,42.90385],[-0.55307,42.90279],[-0.55279,42.90255],[-0.55025,42.90193],[-0.54967,42.90164],[-0.55005,42.90114],[-0.54996,42.90052],[-0.55007,42.90029],[-0.55008,42.89996],[-0.55027,42.89971],[-0.55037,42.8993],[-0.55037,42.89853],[-0.55006,42.89728],[-0.55015,42.8966],[-0.55027,42.89638],[-0.55056,42.89621],[-0.55264,42.89594],[-0.55302,42.8958],[-0.55317,42.89564],[-0.55326,42.89544],[-0.55321,42.8951],[-0.55276,42.89373],[-0.55187,42.89295],[-0.55028,42.89206],[-0.54917,42.8918],[-0.54833,42.89197],[-0.54776,42.89192],[-0.54609,42.89134]],[[-0.57519,42.8822],[-0.57462,42.88302],[-0.57339,42.88419],[-0.57212,42.88472],[-0.57174,42.88497],[-0.57163,42.88524],[-0.57186,42.88557],[-0.57266,42.88611],[-0.57288,42.88664],[-0.57333,42.88717],[-0.57343,42.88763],[-0.57338,42.88779],[-0.57313,42.88793],[-0.57209,42.88831],[-0.572,42.88853],[-0.57206,42.88889],[-0.57165,42.88914],[-0.57148,42.88937],[-0.57148,42.88958],[-0.57177,42.88994],[-0.57249,42.89053],[-0.57393,42.89117],[-0.57416,42.89117],[-0.57445,42.89105],[-0.57687,42.88942],[-0.57747,42.88913],[-0.57858,42.88877],[-0.57931,42.88832],[-0.58075,42.88691],[-0.58223,42.88583],[-0.5826,42.88528],[-0.58371,42.88419],[-0.58405,42.88355],[-0.58521,42.88274],[-0.58538,42.8822]],[[-0.54609,42.88365],[-0.54653,42.88354],[-0.54833,42.88357],[-0.54865,42.88349],[-0.54882,42.88332],[-0.54883,42.88312],[-0.54823,42.8822]]]}},{"type":"Feature","properties":{"ele":1320},"geometry":{"type":"MultiLineString","coordinates":[[[-0.65024,42.94609],[-0.64972,42.94583],[-0.64806,42.94545],[-0.64778,42.94525],[-0.64754,42.94486],[-0.64717,42.94468],[-0.64663,42.94469],[-0.6456,42.94491],[-0.6452,42.94507],[-0.64446,42.94557],[-0.64385,42.9456],[-0.64332,42.94524],[-0.64264,42.94511],[-0.64214,42.94491],[-0.64123,42.94415],[-0.64043,42.9433],[-0.64073,42.94321],[-0.64136,42.94347],[-0.64195,42.94347],[-0.64306,42.94303],[-0.64502,42.94203],[-0.64608,42.94106],[-0.6475,42.94099],[-0.64924,42.94152],[-0.65053,42.94136],[-0.65108,42.94142],[-0.65222,42.94131],[-0.65278,42.94136],[-0.65333,42.94163],[-0.65369,42.94191],[-0.6545,42.94219],[-0.65573,42.94315],[-0.65666,42.94353],[-0.65733,42.94373],[-0.65946,42.94359],[-0.6597,42.94378],[-0.65999,42.94434],[-0.66118,42.94538],[-0.66136,42.94538],[-0.66141,42.94526],[-0.66104,42.94446],[-0.66111,42.94428],[-0.66142,42.94417],[-0.66302,42.94399],[-0.66333,42.94401],[-0.66364,42.94413],[-0.66332,42.94471],[-0.66326,42.94502],[-0.66335,42.9452],[-0.66361,42.94525],[-0.66369,42.94558],[-0.66391,42.9459],[-0.66418,42.94588],[-0.66528,42.94503],[-0.66597,42.94506],[-0.66665,42.94495]],[[-0.57114,42.94609],[-0.56969,42.94564],[-0.5689,42.94553],[-0.56816,42.94561],[-0.56761,42.94578],[-0.56693,42.94581],[-0.56615,42.94578],[-0.5655,42.9455],[-0.56462,42.94564],[-0.56418,42.9455],[-0.56406,42.94523],[-0.56413,42.94439],[-0.56479,42.94303],[-0.56488,42.94208],[-0.56586,42.9411],[-0.56594,42.94083],[-0.56582,42.94053],[-0.56618,42.9403],[-0.56691,42.94002],[-0.56708,42.93985],[-0.56715,42.93968],[-0.56708,42.93936],[-0.5676,42.93888],[-0.56766,42.9386],[-0.56708,42.93846],[-0.56587,42.93849],[-0.56527,42.93824],[-0.56475,42.93748],[-0.56443,42.93719],[-0.56396,42.93655],[-0.5639,42.93628],[-0.56402,42.93569],[-0.56404,42.93513],[-0.56387,42.9347],[-0.56351,42.93442],[-0.56343,42.93412],[-0.56306,42.93402],[-0.56208,42.93394],[-0.56139,42.93372],[-0.55825,42.93195],[-0.55784,42.93158],[-0.55782,42.93112],[-0.55809,42.93096],[-0.55972,42.93109],[-0.56083,42.93094],[-0.56194,42.93035],[-0.56248,42.92969],[-0.56331,42.92935],[-0.56423,42.92921],[-0.56511,42.92822],[-0.56518,42.92808],[-0.56515,42.92795],[-0.56415,42.92693],[-0.56313,42.92556],[-0.56293,42.9251],[-0.56292,42.92493],[-0.56304,42.92474],[-0.56344,42.92446],[-0.56353,42.9243],[-0.56356,42.92395],[-0.56339,42.92368],[-0.5633,42.92359],[-0.56081,42.92331],[-0.55969,42.92304],[-0.55909,42.92222],[-0.55917,42.92131],[-0.55871,42.92103],[-0.55792,42.92081],[-0.55782,42.92062],[-0.55784,42.92026],[-0.55777,42.92018],[-0.55715,42.92019],[-0.55625,42.91988],[-0.55427,42.91992],[-0.55359,42.91963],[-0.55279,42.91953],[-0.55225,42.9191],[-0.55195,42.91897],[-0.55042,42.91877],[-0.54847,42.91837],[-0.54771,42.91834],[-0.54609,42.91861]],[[-0.59531,42.8822],[-0.59492,42.88273],[-0.59502,42.88304],[-0.59501,42.88333],[-0.59419,42.88358],[-0.59392,42.88391],[-0.59329,42.88412],[-0.59281,42.88447],[-0.59197,42.8853],[-0.59168,42.88608],[-0.59143,42.88629],[-0.59065,42.88639],[-0.59019,42.8866],[-0.59009,42.8868],[-0.59005,42.88723],[-0.58972,42.88753],[-0.58946,42.8881],[-0.58903,42.88816],[-0.58736,42.88797],[-0.58674,42.88812],[-0.58615,42.8885],[-0.58538,42.88843],[-0.58438,42.8886],[-0.58401,42.88909],[-0.58401,42.88944],[-0.58422,42.88997],[-0.58499,42.89081],[-0.5853,42.89149],[-0.58531,42.89176],[-0.58525,42.89192],[-0.5848,42.89226],[-0.5834,42.89257],[-0.58314,42.89272],[-0.58267,42.89359],[-0.58262,42.89399],[-0.58276,42.89469],[-0.58296,42.89498],[-0.58359,42.89546],[-0.58426,42.8958],[-0.58446,42.89604],[-0.58444,42.89639],[-0.58413,42.89692],[-0.58499,42.89747],[-0.58494,42.89778],[-0.58478,42.89806],[-0.5845,42.89832],[-0.58407,42.89857],[-0.58381,42.89884],[-0.58393,42.89907],[-0.58528,42.89966],[-0.58635,42.89985],[-0.58753,42.90048],[-0.5883,42.90056],[-0.58848,42.90079],[-0.58857,42.9011],[-0.58887,42.90139],[-0.58885,42.90219],[-0.58893,42.90244],[-0.58946,42.90301],[-0.58973,42.90315],[-0.59051,42.90325],[-0.59143,42.90357],[-0.59252,42.90415],[-0.59325,42.90443],[-0.59359,42.9048],[-0.5939,42.90498],[-0.59391,42.90524],[-0.59379,42.90565],[-0.59385,42.90584],[-0.59416,42.90617],[-0.59428,42.90655],[-0.5941,42.9078],[-0.59375,42.90834],[-0.59267,42.90915],[-0.59232,42.90973],[-0.59169,42.91],[-0.59149,42.91024],[-0.59166,42.91053],[-0.59216,42.91087],[-0.5925,42.91136],[-0.59242,42.91187],[-0.59213,42.91239],[-0.59223,42.913],[-0.59219,42.91361],[-0.59241,42.91392],[-0.59388,42.91525],[-0.59354,42.91608],[-0.59388,42.91689],[-0.59404,42.91774],[-0.59391,42.9186],[-0.5937,42.91916],[-0.59373,42.9202],[-0.59356,42.92045],[-0.593,42.92075],[-0.59223,42.92166],[-0.59188,42.92186],[-0.59141,42.92196],[-0.59126,42.92212],[-0.59126,42.92224],[-0.5916,42.92242],[-0.59261,42.92265],[-0.59382,42.92334],[-0.59493,42.92365],[-0.59534,42.92388],[-0.59558,42.9242],[-0.59557,42.92522],[-0.59645,42.92556],[-0.59674,42.92578],[-0.59693,42.92609],[-0.5975,42.92664],[-0.59776,42.9272],[-0.59806,42.92746],[-0.59827,42.92784],[-0.59871,42.92832],[-0.59876,42.92864],[-0.59872,42.92916],[-0.59883,42.92946],[-0.59941,42.9297],[-0.60042,42.92965],[-0.60118,42.92977],[-0.60181,42.92964],[-0.60248,42.92935],[-0.60337,42.92917],[-0.60362,42.92899],[-0.60382,42.92867],[-0.60382,42.9285],[-0.60358,42.92804],[-0.60342,42.92747],[-0.60302,42.92691],[-0.60316,42.92642],[-0.60316,42.92596],[-0.60326,42.92577],[-0.6036,42.92554],[-0.60356,42.92523],[-0.60409,42.92469],[-0.60471,42.92442],[-0.60453,42.92393],[-0.60416,42.92357],[-0.60408,42.92336],[-0.60428,42.92239],[-0.60425,42.92194],[-0.60448,42.92164],[-0.60421,42.92086],[-0.60424,42.92048],[-0.60443,42.92026],[-0.60499,42.91989],[-0.6064,42.91943],[-0.60686,42.91883],[-0.60809,42.91836],[-0.60838,42.91799],[-0.60845,42.91746],[-0.60858,42.9172],[-0.60924,42.91675],[-0.60973,42.9161],[-0.60966,42.91577],[-0.60917,42.915],[-0.60861,42.91386],[-0.60804,42.91329],[-0.6075,42.91301],[-0.60736,42.91191],[-0.60905,42.91131],[-0.60967,42.91075],[-0.61046,42.91044],[-0.61081,42.91001],[-0.61102,42.90941],[-0.61126,42.90911],[-0.61137,42.90859],[-0.61169,42.90833],[-0.61332,42.90808],[-0.61357,42.908],[-0.61386,42.90775],[-0.61414,42.90719],[-0.61438,42.9063],[-0.61505,42.90525],[-0.61558,42.90482],[-0.61593,42.90422],[-0.61589,42.90336],[-0.61604,42.90303],[-0.61681,42.90288],[-0.61761,42.90284],[-0.61833,42.9025],[-0.61915,42.90192],[-0.62084,42.90137],[-0.62109,42.90108],[-0.62138,42.90053],[-0.62219,42.89976],[-0.62253,42.89917],[-0.62342,42.8983],[-0.62351,42.89784],[-0.6233,42.89719],[-0.6233,42.89685],[-0.62406,42.89633],[-0.62556,42.89583],[-0.62735,42.89442],[-0.6283,42.89385],[-0.62915,42.89296],[-0.63001,42.8925],[-0.63023,42.89214],[-0.63046,42.89134],[-0.63141,42.89111],[-0.63165,42.89086],[-0.63217,42.88965],[-0.63296,42.88868],[-0.63323,42.88801],[-0.63411,42.88665],[-0.63456,42.88638],[-0.63478,42.88615],[-0.63556,42.88495],[-0.63607,42.88436],[-0.63667,42.8839],[-0.63776,42.8833],[-0.63798,42.88297],[-0.63827,42.8822]],[[-0.64133,42.8822],[-0.64139,42.88246],[-0.64134,42.88268],[-0.64108,42.88304],[-0.64046,42.88473],[-0.64028,42.88556],[-0.6398,42.88649],[-0.6398,42.88777],[-0.63972,42.88832],[-0.63948,42.88888],[-0.6394,42.89076],[-0.63869,42.89215],[-0.63857,42.89273],[-0.6384,42.89304],[-0.63793,42.89356],[-0.63775,42.89412],[-0.63728,42.89468],[-0.63718,42.89499],[-0.6361,42.89637],[-0.63498,42.89716],[-0.63471,42.89748],[-0.63461,42.89779],[-0.63376,42.89859],[-0.63338,42.89911],[-0.63319,42.89961],[-0.63327,42.9001],[-0.63301,42.90162],[-0.63253,42.90231],[-0.63153,42.90329],[-0.63115,42.90392],[-0.63107,42.9047],[-0.63116,42.905],[-0.63126,42.90621],[-0.63101,42.90694],[-0.6306,42.90756],[-0.63053,42.90798],[-0.63058,42.90834],[-0.63099,42.90883],[-0.63103,42.90909],[-0.63067,42.90945],[-0.63064,42.90999],[-0.63055,42.91026],[-0.62975,42.91111],[-0.62977,42.91135],[-0.62998,42.91172],[-0.62991,42.91217],[-0.6287,42.91309],[-0.62878,42.91333],[-0.62941,42.9136],[-0.63,42.91412],[-0.63014,42.91451],[-0.63013,42.91503],[-0.6297,42.91581],[-0.62941,42.91659],[-0.62948,42.91694],[-0.62999,42.91724],[-0.6306,42.91722],[-0.63138,42.91692],[-0.63271,42.91622],[-0.63395,42.91583],[-0.63411,42.91555],[-0.63399,42.91496],[-0.63399,42.91454],[-0.63418,42.91387],[-0.63411,42.91359],[-0.63415,42.91303],[-0.634,42.91247],[-0.63441,42.91203],[-0.63508,42.91167],[-0.63525,42.91143],[-0.63525,42.91103],[-0.63538,42.91044],[-0.63536,42.90982],[-0.63552,42.90938],[-0.63594,42.90882],[-0.63614,42.9086],[-0.63692,42.90819],[-0.63806,42.90796],[-0.63882,42.90745],[-0.6394,42.90718],[-0.64053,42.90697],[-0.64092,42.9067],[-0.64132,42.9059],[-0.64136,42.90552],[-0.64166,42.90527],[-0.64184,42.90479],[-0.64245,42.90437],[-0.64266,42.90412],[-0.64303,42.90303],[-0.64386,42.90258],[-0.64402,42.90232],[-0.64426,42.90121],[-0.64402,42.89968],[-0.64459,42.89833],[-0.64452,42.89803],[-0.64428,42.89769],[-0.64468,42.89711],[-0.64484,42.89593],[-0.64478,42.89548],[-0.64484,42.89478],[-0.64495,42.89444],[-0.64578,42.89381],[-0.64612,42.89314],[-0.64639,42.89277],[-0.6469,42.89236],[-0.64719,42.89186],[-0.64748,42.89162],[-0.64829,42.89131],[-0.64892,42.89128],[-0.64958,42.89151],[-0.65003,42.89155],[-0.65109,42.89192],[-0.65119,42.89218],[-0.65123,42.89305],[-0.65139,42.89352],[-0.65142,42.89395],[-0.6516,42.89437],[-0.65117,42.89544],[-0.65114,42.89588],[-0.65093,42.89638],[-0.65087,42.89692],[-0.65018,42.89745],[-0.65008,42.8978],[-0.65011,42.89802],[-0.65049,42.8985],[-0.65065,42.89912],[-0.65111,42.8997],[-0.65111,42.89999],[-0.6508,42.90056],[-0.65099,42.90085],[-0.65166,42.90135],[-0.65192,42.90167],[-0.65201,42.90274],[-0.65227,42.90343],[-0.65219,42.90418],[-0.65243,42.90471],[-0.65208,42.9058],[-0.6516,42.90608],[-0.65102,42.90659],[-0.65105,42.90675],[-0.65129,42.90682],[-0.65188,42.90683],[-0.65563,42.90669],[-0.65614,42.90665],[-0.65649,42.90647],[-0.65667,42.90636],[-0.65691,42.90597],[-0.6571,42.90513],[-0.65743,42.9046],[-0.65772,42.90383],[-0.6585,42.90274],[-0.65882,42.90245],[-0.65938,42.90218],[-0.6597,42.90161],[-0.65999,42.90164],[-0.661,42.90248],[-0.6614,42.90301],[-0.66193,42.90331],[-0.66191,42.90408],[-0.66161,42.90471],[-0.66158,42.90527],[-0.66227,42.90598],[-0.66304,42.9072],[-0.6633,42.90738],[-0.66372,42.90742],[-0.66418,42.90723],[-0.66468,42.90661],[-0.66511,42.90636],[-0.66542,42.90544],[-0.66563,42.90532],[-0.66608,42.90525],[-0.66665,42.90471]],[[-0.54609,42.91017],[-0.54663,42.91013],[-0.54708,42.90992],[-0.54739,42.90951],[-0.54784,42.90859],[-0.54808,42.90832],[-0.54913,42.90808],[-0.54993,42.90813],[-0.55082,42.90801],[-0.55129,42.90813],[-0.55167,42.9081],[-0.55197,42.90803],[-0.55277,42.90748],[-0.55294,42.90725],[-0.55297,42.90708],[-0.55256,42.90603],[-0.55253,42.90548],[-0.55276,42.90498],[-0.55333,42.90443],[-0.55335,42.90395],[-0.55315,42.90337],[-0.55277,42.90275],[-0.55118,42.90228],[-0.55017,42.90209],[-0.54973,42.9019],[-0.54942,42.90164],[-0.54976,42.9011],[-0.54977,42.90062],[-0.54987,42.90027],[-0.54978,42.89996],[-0.55017,42.89947],[-0.55026,42.89917],[-0.55027,42.89857],[-0.54989,42.89725],[-0.54992,42.89653],[-0.54999,42.89636],[-0.55039,42.89609],[-0.55246,42.89588],[-0.55275,42.8958],[-0.55308,42.89559],[-0.55314,42.89541],[-0.55307,42.89497],[-0.55262,42.89386],[-0.55243,42.8936],[-0.55193,42.89318],[-0.55011,42.8922],[-0.5492,42.89205],[-0.54851,42.89219],[-0.54757,42.89213],[-0.54659,42.89196],[-0.54609,42.89174]],[[-0.57545,42.8822],[-0.57498,42.88303],[-0.57445,42.88337],[-0.57358,42.88422],[-0.57331,42.88442],[-0.57247,42.8847],[-0.57204,42.88494],[-0.57195,42.88508],[-0.57193,42.88526],[-0.57218,42.88555],[-0.57279,42.886],[-0.57305,42.8866],[-0.57335,42.88688],[-0.57361,42.88747],[-0.57363,42.88771],[-0.5733,42.88802],[-0.57224,42.8884],[-0.57213,42.8886],[-0.57225,42.88889],[-0.57162,42.88945],[-0.57181,42.88979],[-0.57251,42.89039],[-0.57396,42.89107],[-0.57416,42.89109],[-0.57471,42.89081],[-0.57668,42.88943],[-0.57857,42.88872],[-0.57923,42.88833],[-0.58066,42.88692],[-0.5822,42.88581],[-0.58238,42.88544],[-0.58358,42.88415],[-0.58365,42.88385],[-0.58384,42.88358],[-0.58447,42.88307],[-0.58502,42.88277],[-0.58526,42.8822]],[[-0.54609,42.88349],[-0.54838,42.88333],[-0.5485,42.88315],[-0.5485,42.88294],[-0.54804,42.8822]]]}},{"type":"Feature","properties":{"ele":1330},"geometry":{"type":"MultiLineString","coordinates":[[[-0.66444,42.94609],[-0.66461,42.94577],[-0.66507,42.94538],[-0.66665,42.94519]],[[-0.66342,42.94609],[-0.66299,42.94581],[-0.66295,42.9453],[-0.66304,42.94469],[-0.66278,42.94441],[-0.66137,42.94442],[-0.66145,42.94492],[-0.66174,42.94527],[-0.66181,42.94552],[-0.66136,42.94568],[-0.66094,42.94564],[-0.66077,42.94556],[-0.66028,42.94495],[-0.65975,42.94461],[-0.65959,42.94413],[-0.65941,42.94387],[-0.6584,42.94374],[-0.65722,42.94389],[-0.65638,42.94366],[-0.65552,42.94318],[-0.65439,42.94229],[-0.6536,42.94202],[-0.65288,42.94154],[-0.65243,42.94143],[-0.64924,42.94166],[-0.64757,42.94115],[-0.64632,42.94116],[-0.64608,42.94125],[-0.64507,42.94213],[-0.64337,42.94304],[-0.64194,42.9436],[-0.64109,42.94359],[-0.64114,42.94385],[-0.64133,42.94412],[-0.64215,42.94479],[-0.64251,42.94497],[-0.64329,42.94512],[-0.64389,42.94546],[-0.64445,42.94541],[-0.64514,42.94494],[-0.64561,42.94474],[-0.64701,42.94451],[-0.64743,42.94457],[-0.6477,42.94471],[-0.64804,42.94525],[-0.64886,42.94554],[-0.65002,42.94578],[-0.65053,42.94609]],[[-0.57066,42.94609],[-0.56964,42.94577],[-0.56886,42.94567],[-0.56816,42.94576],[-0.56761,42.94597],[-0.56644,42.94609]],[[-0.56586,42.94609],[-0.56528,42.94585],[-0.56448,42.94591],[-0.56412,42.94585],[-0.56385,42.94559],[-0.56376,42.94524],[-0.56403,42.9442],[-0.56461,42.94291],[-0.56461,42.94218],[-0.56471,42.94194],[-0.56562,42.9411],[-0.56567,42.94083],[-0.56553,42.94052],[-0.56565,42.94026],[-0.56649,42.93998],[-0.56679,42.93976],[-0.5668,42.93965],[-0.56664,42.93938],[-0.56709,42.93889],[-0.56705,42.93865],[-0.56693,42.93858],[-0.56604,42.93865],[-0.56552,42.93852],[-0.56519,42.93834],[-0.56385,42.93665],[-0.56379,42.93631],[-0.56396,42.93569],[-0.56397,42.93513],[-0.56373,42.93469],[-0.56327,42.93442],[-0.5632,42.93414],[-0.56222,42.93404],[-0.56137,42.9338],[-0.56003,42.93301],[-0.55883,42.93246],[-0.5575,42.93164],[-0.55735,42.93139],[-0.55755,42.93111],[-0.55744,42.93083],[-0.55748,42.93078],[-0.55951,42.93098],[-0.56082,42.93082],[-0.56116,42.93057],[-0.56183,42.93026],[-0.56222,42.92973],[-0.56241,42.9296],[-0.56326,42.92919],[-0.56411,42.92913],[-0.56438,42.92886],[-0.56498,42.92803],[-0.56397,42.92698],[-0.56297,42.92557],[-0.56272,42.92499],[-0.5629,42.92469],[-0.56329,42.92438],[-0.56337,42.92415],[-0.56332,42.92386],[-0.56237,42.92361],[-0.56066,42.9234],[-0.55943,42.92304],[-0.55893,42.92221],[-0.55907,42.92155],[-0.55901,42.92132],[-0.55865,42.92114],[-0.55776,42.92092],[-0.5576,42.9208],[-0.55748,42.92048],[-0.55642,42.92008],[-0.55545,42.92001],[-0.55418,42.92004],[-0.55351,42.91976],[-0.55275,42.9197],[-0.55192,42.91911],[-0.55026,42.91886],[-0.54851,42.91846],[-0.54767,42.91844],[-0.54656,42.91866],[-0.54609,42.91868]],[[-0.59546,42.8822],[-0.59536,42.88249],[-0.59512,42.88275],[-0.5952,42.88319],[-0.59511,42.8834],[-0.59493,42.88352],[-0.59444,42.88359],[-0.59399,42.88399],[-0.59338,42.88422],[-0.59276,42.8847],[-0.59209,42.88546],[-0.59195,42.88611],[-0.59167,42.88639],[-0.59132,42.88654],[-0.59048,42.88663],[-0.5901,42.88772],[-0.58968,42.88829],[-0.58936,42.88832],[-0.58743,42.88811],[-0.58681,42.88824],[-0.58613,42.88862],[-0.58521,42.88854],[-0.58474,42.8886],[-0.58439,42.88876],[-0.58413,42.88912],[-0.58415,42.88942],[-0.58438,42.88999],[-0.58521,42.89089],[-0.58542,42.89152],[-0.5854,42.89183],[-0.58521,42.89214],[-0.58479,42.89236],[-0.58326,42.89272],[-0.58277,42.89358],[-0.58274,42.89398],[-0.58286,42.89461],[-0.58301,42.89485],[-0.58351,42.89529],[-0.58445,42.89581],[-0.58459,42.89621],[-0.58449,42.89692],[-0.58506,42.89719],[-0.58521,42.89742],[-0.5852,42.89763],[-0.585,42.89803],[-0.58469,42.8983],[-0.58416,42.89859],[-0.58402,42.89881],[-0.58407,42.89897],[-0.58437,42.89918],[-0.58532,42.89952],[-0.58645,42.89969],[-0.58772,42.90034],[-0.58864,42.90049],[-0.58886,42.90099],[-0.58917,42.90132],[-0.58913,42.90228],[-0.58918,42.90246],[-0.58944,42.9027],[-0.58998,42.90302],[-0.59059,42.90311],[-0.59193,42.90359],[-0.59329,42.90424],[-0.59376,42.90468],[-0.59422,42.90494],[-0.5942,42.90522],[-0.59401,42.90572],[-0.59434,42.90615],[-0.59446,42.90657],[-0.59427,42.90784],[-0.59392,42.90837],[-0.59286,42.90919],[-0.59252,42.90974],[-0.59172,42.91025],[-0.59193,42.91053],[-0.59227,42.91078],[-0.5927,42.91142],[-0.5927,42.91189],[-0.59243,42.91217],[-0.59232,42.91246],[-0.59242,42.91362],[-0.5934,42.91466],[-0.59388,42.91497],[-0.59405,42.91524],[-0.59392,42.91581],[-0.59377,42.91608],[-0.59415,42.91719],[-0.59418,42.9177],[-0.59405,42.91857],[-0.59385,42.91914],[-0.59389,42.92025],[-0.59364,42.92058],[-0.59308,42.92088],[-0.59224,42.92178],[-0.59154,42.9222],[-0.59258,42.92246],[-0.59417,42.9233],[-0.59506,42.92355],[-0.59558,42.92382],[-0.59582,42.92414],[-0.59577,42.92494],[-0.59583,42.92512],[-0.59598,42.92526],[-0.59648,42.92544],[-0.59694,42.92579],[-0.59714,42.92611],[-0.59772,42.92669],[-0.59842,42.92781],[-0.59889,42.92829],[-0.59889,42.92912],[-0.59902,42.92943],[-0.59951,42.92961],[-0.60045,42.92956],[-0.60115,42.92968],[-0.60163,42.9296],[-0.60236,42.92927],[-0.60311,42.92914],[-0.60356,42.92883],[-0.6037,42.92862],[-0.60368,42.92846],[-0.60338,42.92798],[-0.60322,42.92746],[-0.60284,42.9268],[-0.60305,42.92638],[-0.60298,42.92609],[-0.60303,42.92581],[-0.60336,42.92554],[-0.6034,42.92521],[-0.60384,42.92468],[-0.60439,42.9244],[-0.60445,42.92423],[-0.60441,42.92405],[-0.60399,42.92359],[-0.60386,42.92332],[-0.60407,42.92256],[-0.60405,42.92192],[-0.60425,42.92161],[-0.60401,42.92072],[-0.60406,42.92043],[-0.6042,42.92026],[-0.60498,42.91974],[-0.60612,42.91943],[-0.60669,42.91879],[-0.60801,42.91824],[-0.60825,42.91791],[-0.60826,42.91745],[-0.60836,42.91723],[-0.60919,42.91669],[-0.60952,42.91611],[-0.60948,42.91577],[-0.60906,42.9151],[-0.60861,42.91411],[-0.60778,42.91331],[-0.60731,42.91303],[-0.60714,42.91187],[-0.60777,42.91159],[-0.60911,42.91115],[-0.60962,42.91065],[-0.61,42.91053],[-0.61034,42.9103],[-0.61075,42.9097],[-0.61104,42.90909],[-0.61117,42.90861],[-0.61147,42.90831],[-0.61201,42.90811],[-0.61307,42.908],[-0.61368,42.90776],[-0.61397,42.90732],[-0.61419,42.90643],[-0.61442,42.90599],[-0.615,42.90505],[-0.61553,42.90469],[-0.61562,42.9045],[-0.61577,42.90395],[-0.6157,42.90312],[-0.61578,42.90293],[-0.61682,42.90273],[-0.61761,42.90267],[-0.6183,42.90235],[-0.61887,42.90192],[-0.62055,42.90137],[-0.62076,42.90122],[-0.6209,42.90107],[-0.6211,42.90054],[-0.62135,42.90021],[-0.62195,42.89971],[-0.62245,42.89897],[-0.62312,42.89825],[-0.62332,42.89776],[-0.62312,42.89701],[-0.62327,42.89663],[-0.62406,42.89624],[-0.62545,42.89579],[-0.62719,42.8944],[-0.62823,42.89372],[-0.62917,42.89279],[-0.62998,42.89235],[-0.63013,42.89208],[-0.63026,42.89137],[-0.63059,42.89118],[-0.63125,42.89099],[-0.63147,42.89083],[-0.63199,42.88967],[-0.63282,42.88865],[-0.63302,42.88803],[-0.63341,42.8875],[-0.63386,42.88663],[-0.6345,42.88615],[-0.63491,42.8855],[-0.63609,42.88414],[-0.63754,42.88307],[-0.63791,42.8822]],[[-0.64159,42.8822],[-0.64149,42.88273],[-0.64101,42.88405],[-0.6408,42.8844],[-0.6404,42.88562],[-0.63996,42.88657],[-0.63996,42.88774],[-0.63977,42.88878],[-0.63998,42.88918],[-0.64002,42.88952],[-0.63978,42.89003],[-0.63962,42.89079],[-0.63882,42.89216],[-0.6386,42.89304],[-0.63806,42.89361],[-0.6378,42.89442],[-0.63749,42.89471],[-0.63722,42.89526],[-0.63691,42.89551],[-0.63625,42.8964],[-0.63559,42.89693],[-0.63517,42.89716],[-0.63473,42.89788],[-0.63376,42.89883],[-0.63352,42.8994],[-0.6335,42.90006],[-0.6332,42.90173],[-0.63298,42.90218],[-0.63164,42.90354],[-0.6313,42.90407],[-0.63128,42.90437],[-0.63143,42.90496],[-0.63139,42.90562],[-0.63146,42.90621],[-0.63122,42.90693],[-0.6308,42.90768],[-0.63077,42.90825],[-0.63091,42.90855],[-0.63127,42.90889],[-0.63138,42.90915],[-0.63079,42.91024],[-0.62996,42.91108],[-0.62994,42.91135],[-0.63012,42.91167],[-0.63015,42.91224],[-0.62993,42.91246],[-0.62905,42.91304],[-0.62917,42.91329],[-0.62971,42.91356],[-0.63026,42.91414],[-0.63045,42.91461],[-0.63039,42.91506],[-0.62991,42.91579],[-0.62965,42.91654],[-0.6297,42.91692],[-0.63017,42.91711],[-0.63076,42.91702],[-0.63272,42.91606],[-0.63371,42.91575],[-0.6339,42.91549],[-0.63378,42.91492],[-0.63378,42.91442],[-0.63392,42.91408],[-0.63381,42.91245],[-0.6342,42.91198],[-0.63483,42.91164],[-0.63503,42.91142],[-0.63508,42.91072],[-0.63521,42.91027],[-0.63517,42.90989],[-0.63545,42.90914],[-0.6359,42.90859],[-0.63681,42.90814],[-0.63805,42.90785],[-0.63859,42.90747],[-0.6397,42.90692],[-0.64045,42.90679],[-0.6407,42.90667],[-0.64117,42.90585],[-0.64128,42.90545],[-0.64167,42.90472],[-0.64249,42.90414],[-0.6429,42.90301],[-0.64381,42.90242],[-0.64413,42.90124],[-0.64385,42.89969],[-0.64446,42.89831],[-0.64437,42.89806],[-0.64408,42.89778],[-0.64406,42.89763],[-0.6441,42.89746],[-0.64441,42.89716],[-0.64453,42.89666],[-0.64466,42.89593],[-0.64459,42.89544],[-0.64471,42.89469],[-0.645,42.8942],[-0.64554,42.89386],[-0.64581,42.89357],[-0.64609,42.89272],[-0.64668,42.89232],[-0.64694,42.89192],[-0.64736,42.89152],[-0.6482,42.89117],[-0.6486,42.89109],[-0.64967,42.89137],[-0.65028,42.89136],[-0.65056,42.8915],[-0.65104,42.89148],[-0.65136,42.89172],[-0.65145,42.89191],[-0.65135,42.89247],[-0.65136,42.89304],[-0.65155,42.89387],[-0.65171,42.89418],[-0.65173,42.89451],[-0.65141,42.8951],[-0.65134,42.89586],[-0.65108,42.89661],[-0.65111,42.89693],[-0.65042,42.89746],[-0.65035,42.89791],[-0.65065,42.8985],[-0.65076,42.89915],[-0.65124,42.89967],[-0.6514,42.89997],[-0.65107,42.90051],[-0.65113,42.90075],[-0.65139,42.90107],[-0.65182,42.90137],[-0.65198,42.90162],[-0.6521,42.90266],[-0.65242,42.9034],[-0.65243,42.90436],[-0.65261,42.90472],[-0.65237,42.90528],[-0.65231,42.90581],[-0.65176,42.90611],[-0.65128,42.90666],[-0.65188,42.90671],[-0.65351,42.90659],[-0.65415,42.90664],[-0.655,42.9066],[-0.6553,42.9065],[-0.65616,42.90588],[-0.65665,42.90572],[-0.6568,42.90551],[-0.65694,42.90499],[-0.6573,42.90436],[-0.65746,42.90385],[-0.65832,42.9027],[-0.65858,42.90244],[-0.65913,42.90218],[-0.65939,42.90162],[-0.65972,42.90142],[-0.66005,42.90151],[-0.66071,42.90218],[-0.66204,42.90326],[-0.66207,42.90405],[-0.66179,42.90485],[-0.66177,42.90523],[-0.66235,42.90586],[-0.66305,42.90686],[-0.6634,42.90715],[-0.66388,42.9072],[-0.66414,42.90704],[-0.66465,42.90652],[-0.665,42.90628],[-0.6653,42.9053],[-0.66608,42.90506],[-0.66665,42.90452]],[[-0.54609,42.91006],[-0.54665,42.91004],[-0.54702,42.90982],[-0.54725,42.90949],[-0.54764,42.90858],[-0.54798,42.90824],[-0.54899,42.90796],[-0.55,42.90802],[-0.55087,42.90783],[-0.55149,42.90796],[-0.55194,42.90777],[-0.5526,42.90727],[-0.55269,42.90711],[-0.55269,42.9069],[-0.55252,42.9063],[-0.55227,42.90583],[-0.55227,42.90551],[-0.55247,42.90495],[-0.55304,42.90442],[-0.55312,42.90399],[-0.55286,42.90323],[-0.55248,42.90283],[-0.55116,42.90244],[-0.54998,42.9022],[-0.54942,42.90192],[-0.54927,42.90166],[-0.54953,42.90106],[-0.54963,42.90027],[-0.54959,42.89995],[-0.55002,42.89944],[-0.55012,42.89899],[-0.5501,42.8984],[-0.5497,42.89721],[-0.54962,42.89676],[-0.54969,42.89638],[-0.55003,42.8961],[-0.55035,42.896],[-0.55237,42.8958],[-0.55292,42.89557],[-0.553,42.89537],[-0.55296,42.89492],[-0.55246,42.8939],[-0.55221,42.89358],[-0.55175,42.89324],[-0.54969,42.89235],[-0.54913,42.89234],[-0.54844,42.89259],[-0.54726,42.89234],[-0.54663,42.89249],[-0.54609,42.89239]],[[-0.57571,42.8822],[-0.57527,42.88304],[-0.57442,42.88356],[-0.5736,42.88443],[-0.57275,42.88474],[-0.57238,42.88495],[-0.57226,42.88517],[-0.57233,42.88537],[-0.57281,42.88579],[-0.57343,42.88673],[-0.57384,42.8876],[-0.57374,42.88781],[-0.57348,42.88802],[-0.57235,42.88851],[-0.5723,42.88861],[-0.57236,42.88895],[-0.5722,42.88914],[-0.57184,42.88936],[-0.57182,42.88954],[-0.57211,42.88995],[-0.57253,42.89026],[-0.57406,42.89095],[-0.57461,42.89078],[-0.57647,42.88943],[-0.57859,42.88866],[-0.57918,42.88832],[-0.57949,42.88803],[-0.57991,42.88745],[-0.58204,42.88585],[-0.58241,42.88529],[-0.58321,42.88448],[-0.58346,42.88386],[-0.58364,42.88361],[-0.58425,42.88306],[-0.58484,42.88274],[-0.58512,42.8822]],[[-0.54609,42.88335],[-0.54761,42.88326],[-0.54808,42.88311],[-0.54816,42.883],[-0.54815,42.88277],[-0.54785,42.8822]]]}},{"type":"Feature","properties":{"ele":1340},"geometry":{"type":"MultiLineString","coordinates":[[[-0.66648,42.94609],[-0.66591,42.94554],[-0.66538,42.94546],[-0.66511,42.94552],[-0.66495,42.94566],[-0.66486,42.94583],[-0.6649,42.94609]],[[-0.66256,42.94609],[-0.66237,42.94581],[-0.66215,42.9457],[-0.66174,42.94573],[-0.66128,42.9459],[-0.66054,42.94581],[-0.66025,42.94526],[-0.65969,42.94485],[-0.65945,42.94412],[-0.65927,42.94401],[-0.65849,42.94386],[-0.65726,42.94404],[-0.65641,42.94384],[-0.65556,42.94337],[-0.65443,42.94247],[-0.6536,42.9422],[-0.65278,42.94164],[-0.65233,42.94153],[-0.6517,42.94154],[-0.65115,42.94169],[-0.64927,42.9418],[-0.64761,42.94131],[-0.64634,42.94131],[-0.64609,42.94142],[-0.64525,42.94219],[-0.64372,42.94302],[-0.64198,42.94369],[-0.64143,42.94375],[-0.6413,42.94384],[-0.64152,42.94414],[-0.64221,42.94472],[-0.64261,42.94489],[-0.6433,42.94499],[-0.64393,42.94532],[-0.64444,42.94527],[-0.64529,42.94471],[-0.64636,42.94442],[-0.64691,42.94435],[-0.6475,42.94441],[-0.64798,42.9447],[-0.64838,42.94525],[-0.65017,42.9457],[-0.65077,42.94609]],[[-0.5703,42.94609],[-0.56951,42.94588],[-0.56888,42.9458],[-0.5683,42.94588],[-0.56783,42.94609]],[[-0.5639,42.94609],[-0.56354,42.94557],[-0.5635,42.9452],[-0.56439,42.94297],[-0.56448,42.94253],[-0.56441,42.9421],[-0.56458,42.94183],[-0.56541,42.94109],[-0.56545,42.94083],[-0.56525,42.94053],[-0.56532,42.94023],[-0.56561,42.94002],[-0.56647,42.93972],[-0.56636,42.93916],[-0.56612,42.93886],[-0.56527,42.93858],[-0.56468,42.93781],[-0.56409,42.93723],[-0.56368,42.93645],[-0.56394,42.93531],[-0.56386,42.935],[-0.56361,42.93469],[-0.56309,42.93447],[-0.56239,42.93442],[-0.56229,42.93414],[-0.56133,42.93386],[-0.56004,42.93313],[-0.55866,42.93253],[-0.55722,42.93164],[-0.557,42.93139],[-0.55729,42.9311],[-0.55719,42.93077],[-0.55747,42.93066],[-0.55931,42.93088],[-0.56056,42.93076],[-0.56164,42.93024],[-0.56209,42.92966],[-0.56289,42.92916],[-0.5633,42.92905],[-0.56389,42.92903],[-0.56419,42.9289],[-0.5646,42.92829],[-0.56464,42.92802],[-0.56385,42.92713],[-0.56279,42.92552],[-0.56257,42.92503],[-0.56268,42.92471],[-0.56312,42.92425],[-0.5631,42.92402],[-0.56288,42.92386],[-0.56118,42.92355],[-0.56063,42.92352],[-0.55942,42.92318],[-0.55919,42.92298],[-0.55877,42.92225],[-0.55878,42.92198],[-0.55893,42.92164],[-0.55889,42.92135],[-0.55755,42.92105],[-0.55717,42.92055],[-0.55639,42.92025],[-0.55528,42.92015],[-0.55417,42.92016],[-0.55351,42.9199],[-0.5525,42.91973],[-0.55203,42.91933],[-0.55174,42.9192],[-0.55056,42.91903],[-0.54858,42.91856],[-0.54761,42.91854],[-0.5466,42.91873],[-0.54609,42.91875]],[[-0.66276,42.94504],[-0.66276,42.9449],[-0.66247,42.94478],[-0.66199,42.94483],[-0.66181,42.94496],[-0.66193,42.94506],[-0.66243,42.94516],[-0.66276,42.94504]],[[-0.59563,42.8822],[-0.59557,42.88251],[-0.59534,42.88281],[-0.59526,42.88358],[-0.59463,42.88376],[-0.59423,42.88415],[-0.59351,42.88429],[-0.59299,42.88468],[-0.59222,42.88555],[-0.59212,42.88614],[-0.59198,42.8864],[-0.59165,42.88667],[-0.59073,42.88691],[-0.59059,42.88718],[-0.59048,42.88768],[-0.59021,42.88801],[-0.5902,42.88828],[-0.59006,42.88843],[-0.58945,42.88846],[-0.58747,42.88824],[-0.58677,42.88838],[-0.58622,42.88871],[-0.58517,42.88864],[-0.58476,42.88871],[-0.58443,42.88887],[-0.58432,42.88923],[-0.58448,42.88989],[-0.58547,42.891],[-0.58554,42.89164],[-0.58549,42.89191],[-0.58533,42.89221],[-0.58474,42.89248],[-0.58332,42.89276],[-0.58289,42.89353],[-0.58286,42.89409],[-0.58302,42.89473],[-0.58363,42.89525],[-0.58458,42.89582],[-0.5847,42.89611],[-0.58479,42.89686],[-0.58527,42.8971],[-0.58546,42.89742],[-0.58543,42.89766],[-0.58523,42.89801],[-0.58436,42.89857],[-0.58414,42.89887],[-0.5845,42.89911],[-0.58534,42.89937],[-0.58695,42.89969],[-0.58784,42.90021],[-0.58853,42.90026],[-0.58878,42.90036],[-0.58894,42.90049],[-0.58936,42.90124],[-0.58943,42.90163],[-0.5894,42.90222],[-0.58956,42.90252],[-0.58999,42.90278],[-0.59083,42.90301],[-0.59362,42.90413],[-0.59384,42.90444],[-0.59426,42.90467],[-0.59445,42.90487],[-0.59445,42.90525],[-0.59422,42.90578],[-0.59451,42.90607],[-0.59462,42.90645],[-0.59461,42.90687],[-0.59442,42.90747],[-0.59446,42.9078],[-0.59415,42.90831],[-0.59303,42.90928],[-0.59251,42.9099],[-0.59203,42.91026],[-0.59217,42.91052],[-0.59295,42.91137],[-0.5931,42.91165],[-0.59309,42.91194],[-0.59276,42.91219],[-0.59253,42.91253],[-0.59266,42.9136],[-0.59371,42.9147],[-0.59416,42.91497],[-0.59429,42.91524],[-0.59399,42.9161],[-0.59429,42.91718],[-0.59431,42.9177],[-0.59426,42.91836],[-0.5941,42.91889],[-0.59402,42.92023],[-0.59387,42.92053],[-0.59311,42.92108],[-0.59234,42.92186],[-0.59225,42.92214],[-0.59441,42.92318],[-0.59555,42.92358],[-0.59587,42.92382],[-0.59611,42.92414],[-0.596,42.92502],[-0.5969,42.92558],[-0.59786,42.92662],[-0.59832,42.92727],[-0.59855,42.92777],[-0.59902,42.9283],[-0.59908,42.92914],[-0.59923,42.9294],[-0.59962,42.92952],[-0.60045,42.92946],[-0.60111,42.92956],[-0.60165,42.9295],[-0.60218,42.9292],[-0.60302,42.92902],[-0.60361,42.92859],[-0.60331,42.92825],[-0.60306,42.92747],[-0.60268,42.92695],[-0.60265,42.9268],[-0.60282,42.92638],[-0.60282,42.92596],[-0.60313,42.92554],[-0.6032,42.92519],[-0.60358,42.92469],[-0.6041,42.92438],[-0.60424,42.92418],[-0.60414,42.92394],[-0.60378,42.9236],[-0.60371,42.9234],[-0.6039,42.92253],[-0.60386,42.92192],[-0.60403,42.92159],[-0.60383,42.92049],[-0.60407,42.9202],[-0.6047,42.91969],[-0.6058,42.91941],[-0.60668,42.91862],[-0.60769,42.91825],[-0.60805,42.91804],[-0.60813,42.91723],[-0.6091,42.91661],[-0.60932,42.91617],[-0.60927,42.91572],[-0.60851,42.91444],[-0.60842,42.91409],[-0.60711,42.91305],[-0.60694,42.91187],[-0.60718,42.91164],[-0.60868,42.91118],[-0.60913,42.91097],[-0.60967,42.91025],[-0.61025,42.90996],[-0.61052,42.90941],[-0.61078,42.9091],[-0.61099,42.90856],[-0.61121,42.9083],[-0.61192,42.908],[-0.61309,42.90784],[-0.61365,42.90761],[-0.6139,42.90724],[-0.61409,42.90634],[-0.61446,42.90558],[-0.61488,42.90496],[-0.61527,42.9047],[-0.6155,42.90436],[-0.61564,42.90381],[-0.61553,42.90302],[-0.61568,42.90277],[-0.61755,42.90253],[-0.61825,42.90222],[-0.61886,42.9018],[-0.62061,42.90116],[-0.62119,42.90004],[-0.62164,42.89967],[-0.62294,42.89791],[-0.62305,42.89753],[-0.62297,42.89697],[-0.62304,42.89664],[-0.62396,42.89617],[-0.62527,42.89581],[-0.62586,42.89528],[-0.6281,42.89365],[-0.6291,42.8927],[-0.62998,42.89219],[-0.63014,42.89135],[-0.63053,42.8911],[-0.63104,42.89095],[-0.63133,42.89076],[-0.63172,42.89009],[-0.63195,42.8895],[-0.63268,42.8886],[-0.63284,42.88805],[-0.6333,42.88746],[-0.63371,42.88661],[-0.63427,42.88611],[-0.63463,42.88547],[-0.63586,42.88418],[-0.6372,42.88302],[-0.63758,42.8822]],[[-0.64179,42.8822],[-0.64124,42.88415],[-0.64081,42.88496],[-0.64054,42.88581],[-0.64011,42.88655],[-0.64006,42.88864],[-0.64033,42.88942],[-0.63981,42.89078],[-0.63899,42.89219],[-0.63871,42.89303],[-0.63821,42.89362],[-0.63798,42.89436],[-0.63748,42.89496],[-0.63739,42.89529],[-0.63693,42.89571],[-0.6364,42.89643],[-0.63582,42.89692],[-0.63529,42.89722],[-0.63479,42.89801],[-0.63442,42.8983],[-0.63394,42.89888],[-0.6336,42.90055],[-0.6335,42.90155],[-0.6333,42.90217],[-0.63221,42.90343],[-0.63166,42.90388],[-0.63145,42.90416],[-0.63157,42.90496],[-0.63154,42.90562],[-0.63167,42.90636],[-0.63108,42.90776],[-0.63114,42.9085],[-0.6315,42.90892],[-0.63157,42.90933],[-0.63094,42.91037],[-0.63019,42.9111],[-0.63015,42.91134],[-0.63028,42.91163],[-0.63034,42.91229],[-0.63021,42.91247],[-0.62942,42.91303],[-0.6305,42.91414],[-0.6309,42.91473],[-0.63087,42.91499],[-0.63027,42.91565],[-0.62999,42.91611],[-0.62987,42.91659],[-0.62998,42.91692],[-0.63038,42.91696],[-0.63087,42.91683],[-0.63264,42.91592],[-0.63326,42.91574],[-0.63361,42.91555],[-0.63361,42.91469],[-0.63353,42.91441],[-0.63366,42.91408],[-0.63369,42.91315],[-0.63355,42.91273],[-0.63375,42.91215],[-0.63407,42.91188],[-0.63454,42.91162],[-0.63482,42.91133],[-0.63488,42.91062],[-0.635,42.91025],[-0.63495,42.90994],[-0.63521,42.90913],[-0.63554,42.90886],[-0.63571,42.90855],[-0.6361,42.90833],[-0.63702,42.90795],[-0.63804,42.90775],[-0.63837,42.90747],[-0.6392,42.90703],[-0.6405,42.90659],[-0.64102,42.9058],[-0.64155,42.90468],[-0.64226,42.90417],[-0.64248,42.90386],[-0.64272,42.903],[-0.64302,42.90275],[-0.6436,42.90247],[-0.64378,42.90215],[-0.64398,42.90135],[-0.64372,42.89968],[-0.64419,42.89827],[-0.64416,42.89802],[-0.64387,42.89776],[-0.64385,42.89748],[-0.64417,42.89721],[-0.64429,42.89687],[-0.64444,42.89607],[-0.64441,42.89549],[-0.6446,42.89465],[-0.64497,42.89402],[-0.64553,42.8937],[-0.64569,42.89353],[-0.64582,42.89332],[-0.64594,42.89274],[-0.64608,42.89246],[-0.64662,42.8921],[-0.64721,42.89137],[-0.64796,42.89107],[-0.64861,42.89099],[-0.64993,42.89117],[-0.65052,42.891],[-0.65128,42.89059],[-0.65141,42.89064],[-0.65157,42.891],[-0.6515,42.89142],[-0.65168,42.89193],[-0.65154,42.89246],[-0.65152,42.89305],[-0.65169,42.89381],[-0.65189,42.89426],[-0.65181,42.89467],[-0.6516,42.89499],[-0.65151,42.89586],[-0.65129,42.89652],[-0.6513,42.8967],[-0.65147,42.89694],[-0.65081,42.89747],[-0.65063,42.89794],[-0.65084,42.89854],[-0.65081,42.89887],[-0.65088,42.89913],[-0.65173,42.89996],[-0.65136,42.90081],[-0.65194,42.90135],[-0.65208,42.90176],[-0.65217,42.9026],[-0.65263,42.90337],[-0.65259,42.90419],[-0.65279,42.9047],[-0.65255,42.90524],[-0.65256,42.90579],[-0.65181,42.90628],[-0.65177,42.90638],[-0.65186,42.90649],[-0.65222,42.90655],[-0.65351,42.90638],[-0.65483,42.9065],[-0.65555,42.90616],[-0.65638,42.90553],[-0.65663,42.90524],[-0.65706,42.9044],[-0.6572,42.90386],[-0.65775,42.90331],[-0.6583,42.90249],[-0.65894,42.90206],[-0.65908,42.9019],[-0.65915,42.90163],[-0.65972,42.90122],[-0.66011,42.90134],[-0.66076,42.90211],[-0.66194,42.90298],[-0.66223,42.90329],[-0.66225,42.90408],[-0.66203,42.90482],[-0.66203,42.90523],[-0.66311,42.9066],[-0.66341,42.90683],[-0.66386,42.90696],[-0.66419,42.9068],[-0.66498,42.90608],[-0.66521,42.90518],[-0.66603,42.90493],[-0.66665,42.90431]],[[-0.54609,42.90995],[-0.54657,42.90994],[-0.54697,42.90973],[-0.54753,42.90839],[-0.54779,42.9082],[-0.54892,42.90786],[-0.54997,42.90787],[-0.5509,42.90765],[-0.55146,42.90762],[-0.55223,42.90721],[-0.55236,42.90701],[-0.55237,42.90642],[-0.55203,42.90586],[-0.55198,42.90558],[-0.5523,42.90478],[-0.55285,42.90408],[-0.55286,42.90378],[-0.55266,42.90332],[-0.55246,42.90305],[-0.55228,42.90297],[-0.5497,42.90221],[-0.54917,42.90191],[-0.54907,42.90155],[-0.54928,42.90093],[-0.5494,42.89992],[-0.54982,42.89942],[-0.54999,42.89885],[-0.54991,42.89819],[-0.5496,42.89725],[-0.54932,42.89669],[-0.54943,42.89638],[-0.5498,42.89608],[-0.55078,42.8958],[-0.55188,42.89577],[-0.5525,42.89566],[-0.55277,42.89554],[-0.55289,42.89513],[-0.55276,42.89464],[-0.55222,42.89377],[-0.55149,42.89323],[-0.55064,42.89301],[-0.55002,42.89267],[-0.54927,42.89258],[-0.54854,42.89283],[-0.54761,42.89259],[-0.54726,42.89258],[-0.5467,42.89273],[-0.54609,42.89264]],[[-0.57594,42.8822],[-0.57574,42.8827],[-0.57527,42.88326],[-0.57457,42.88362],[-0.5738,42.88444],[-0.57273,42.88496],[-0.57262,42.88516],[-0.57264,42.88531],[-0.57298,42.88568],[-0.57334,42.8863],[-0.57364,42.88664],[-0.57399,42.88747],[-0.57401,42.88769],[-0.57364,42.88805],[-0.57245,42.88857],[-0.57255,42.88885],[-0.57248,42.88907],[-0.57203,42.88937],[-0.57198,42.88954],[-0.57219,42.88987],[-0.57275,42.89026],[-0.57411,42.89084],[-0.5744,42.89079],[-0.57467,42.89063],[-0.57634,42.88939],[-0.5786,42.8886],[-0.57914,42.8883],[-0.57943,42.88802],[-0.5797,42.88747],[-0.5817,42.88609],[-0.58197,42.88584],[-0.58227,42.88531],[-0.58311,42.88445],[-0.58328,42.88383],[-0.5841,42.88302],[-0.58468,42.8827],[-0.58498,42.8822]],[[-0.54609,42.88323],[-0.54736,42.88311],[-0.54772,42.88301],[-0.54785,42.88263],[-0.54764,42.8822]]]}},{"type":"Feature","properties":{"ele":1360},"geometry":{"type":"MultiLineString","coordinates":[[[-0.66038,42.94609],[-0.65995,42.94582],[-0.65971,42.94525],[-0.65943,42.94497],[-0.65918,42.94438],[-0.65903,42.94426],[-0.65861,42.94417],[-0.65726,42.94434],[-0.65688,42.94427],[-0.65552,42.94366],[-0.65442,42.94276],[-0.65356,42.9425],[-0.65272,42.94193],[-0.65212,42.94173],[-0.6517,42.94174],[-0.65109,42.94196],[-0.6492,42.94205],[-0.64772,42.94164],[-0.64633,42.94162],[-0.64608,42.94173],[-0.64552,42.94225],[-0.64438,42.943],[-0.64344,42.94343],[-0.6425,42.9437],[-0.64187,42.94412],[-0.6425,42.94464],[-0.64333,42.94468],[-0.64387,42.94498],[-0.64409,42.94499],[-0.64618,42.94417],[-0.64688,42.94406],[-0.64748,42.94411],[-0.64831,42.94442],[-0.64853,42.94471],[-0.64861,42.94496],[-0.64886,42.94511],[-0.64916,42.94525],[-0.65054,42.94553],[-0.65139,42.94609]],[[-0.56329,42.94609],[-0.56313,42.94548],[-0.56315,42.94496],[-0.56402,42.94305],[-0.56406,42.9419],[-0.56497,42.94096],[-0.56502,42.9408],[-0.5648,42.94041],[-0.56485,42.9402],[-0.5653,42.93975],[-0.56589,42.93942],[-0.5654,42.93887],[-0.56484,42.9386],[-0.5646,42.93804],[-0.56388,42.93742],[-0.56344,42.93645],[-0.56377,42.93548],[-0.56376,42.93524],[-0.56362,42.93495],[-0.56315,42.93467],[-0.56188,42.93443],[-0.56178,42.93413],[-0.56094,42.93386],[-0.55995,42.93334],[-0.55911,42.93307],[-0.55858,42.93278],[-0.55606,42.9311],[-0.5567,42.93082],[-0.55634,42.93043],[-0.55531,42.93028],[-0.55483,42.9303],[-0.55438,42.93043],[-0.55399,42.93038],[-0.55373,42.93027],[-0.55355,42.92999],[-0.5533,42.92984],[-0.55254,42.92956],[-0.55169,42.92941],[-0.55154,42.92917],[-0.55163,42.9291],[-0.55233,42.92903],[-0.55337,42.92909],[-0.5536,42.92914],[-0.55418,42.92959],[-0.55479,42.92992],[-0.55592,42.92997],[-0.558,42.93051],[-0.55903,42.93065],[-0.56028,42.93054],[-0.56129,42.93018],[-0.56154,42.92999],[-0.56191,42.92941],[-0.56249,42.92905],[-0.56297,42.92885],[-0.56385,42.92877],[-0.56412,42.92858],[-0.56421,42.92838],[-0.56415,42.92804],[-0.5636,42.92744],[-0.56305,42.92635],[-0.56218,42.92499],[-0.56224,42.92471],[-0.56259,42.92441],[-0.56258,42.92414],[-0.56118,42.92379],[-0.56049,42.92374],[-0.55913,42.92333],[-0.55887,42.92304],[-0.55851,42.92239],[-0.55843,42.92162],[-0.55722,42.92131],[-0.55675,42.92078],[-0.55636,42.9206],[-0.55559,42.92047],[-0.55417,42.92039],[-0.55333,42.92009],[-0.55248,42.91998],[-0.55166,42.91941],[-0.55073,42.91929],[-0.54851,42.91876],[-0.54771,42.91871],[-0.54668,42.91889],[-0.54609,42.91888]],[[-0.596,42.8822],[-0.59594,42.88275],[-0.59565,42.88315],[-0.59555,42.88366],[-0.59463,42.88439],[-0.59372,42.88451],[-0.59332,42.8848],[-0.59248,42.88581],[-0.59249,42.8864],[-0.59194,42.88695],[-0.59139,42.88721],[-0.5912,42.88743],[-0.5908,42.88829],[-0.59097,42.88857],[-0.59082,42.88877],[-0.59,42.88884],[-0.58836,42.88858],[-0.58767,42.88854],[-0.58693,42.88859],[-0.58635,42.88896],[-0.58531,42.88879],[-0.58495,42.88886],[-0.58473,42.889],[-0.58464,42.88933],[-0.5848,42.89003],[-0.58498,42.89026],[-0.5857,42.8908],[-0.58592,42.89106],[-0.58574,42.89214],[-0.58563,42.89227],[-0.58516,42.89248],[-0.58368,42.89284],[-0.58331,42.89301],[-0.58307,42.8936],[-0.58306,42.89416],[-0.58313,42.89444],[-0.58331,42.8947],[-0.58406,42.89534],[-0.58486,42.8958],[-0.58505,42.89635],[-0.58597,42.89748],[-0.58595,42.89773],[-0.58579,42.89801],[-0.5847,42.89859],[-0.58468,42.89887],[-0.5858,42.89916],[-0.58744,42.89944],[-0.58809,42.89991],[-0.58917,42.90016],[-0.58939,42.90057],[-0.5897,42.90081],[-0.5898,42.90104],[-0.58982,42.90197],[-0.58993,42.90225],[-0.59059,42.90263],[-0.59167,42.90288],[-0.59301,42.90362],[-0.59448,42.9041],[-0.59499,42.90442],[-0.59534,42.90494],[-0.59519,42.9055],[-0.59492,42.90581],[-0.59491,42.90683],[-0.59469,42.90747],[-0.59477,42.90784],[-0.59394,42.90897],[-0.59342,42.90938],[-0.59264,42.91028],[-0.59272,42.91057],[-0.59331,42.91109],[-0.5936,42.91164],[-0.59352,42.91197],[-0.5931,42.91253],[-0.59314,42.91353],[-0.59362,42.91412],[-0.59453,42.91493],[-0.59468,42.91527],[-0.59446,42.9161],[-0.59449,42.9168],[-0.59467,42.91742],[-0.59463,42.91846],[-0.59439,42.91907],[-0.59431,42.9203],[-0.5941,42.92078],[-0.59328,42.92135],[-0.59313,42.92162],[-0.59313,42.92183],[-0.5933,42.92221],[-0.59411,42.92276],[-0.59555,42.9232],[-0.59627,42.9236],[-0.59658,42.92419],[-0.59643,42.92497],[-0.59724,42.92546],[-0.59807,42.9263],[-0.59861,42.92718],[-0.59881,42.92776],[-0.5993,42.92826],[-0.59958,42.92918],[-0.59976,42.92925],[-0.60104,42.92933],[-0.60256,42.92887],[-0.60307,42.92859],[-0.60285,42.92808],[-0.60275,42.9275],[-0.60234,42.92699],[-0.6023,42.92683],[-0.60276,42.92525],[-0.60334,42.92445],[-0.60376,42.92414],[-0.6034,42.92346],[-0.60348,42.92284],[-0.60363,42.92247],[-0.6035,42.9219],[-0.60361,42.92136],[-0.6035,42.92048],[-0.6039,42.92],[-0.60451,42.91951],[-0.60603,42.91893],[-0.60643,42.91846],[-0.60754,42.91804],[-0.60777,42.91776],[-0.60769,42.91745],[-0.60774,42.91718],[-0.60888,42.91637],[-0.6089,42.91584],[-0.60884,42.91561],[-0.60818,42.91454],[-0.60809,42.91412],[-0.60721,42.91359],[-0.60685,42.91327],[-0.60676,42.91298],[-0.60665,42.91164],[-0.60757,42.91111],[-0.60847,42.91094],[-0.6088,42.9108],[-0.60911,42.91025],[-0.60968,42.90994],[-0.60993,42.9097],[-0.61041,42.90887],[-0.61049,42.90854],[-0.6111,42.90807],[-0.61196,42.9077],[-0.61328,42.90747],[-0.6136,42.90724],[-0.61388,42.90623],[-0.61422,42.9055],[-0.61453,42.90495],[-0.61523,42.90409],[-0.61528,42.90356],[-0.61507,42.90298],[-0.61545,42.90236],[-0.6156,42.9023],[-0.61615,42.90242],[-0.61752,42.90221],[-0.61857,42.90163],[-0.62027,42.90109],[-0.62052,42.90077],[-0.62085,42.89976],[-0.62124,42.89937],[-0.6226,42.89756],[-0.62271,42.89725],[-0.62272,42.89663],[-0.62291,42.89638],[-0.62353,42.89603],[-0.62527,42.89554],[-0.62555,42.89525],[-0.62641,42.89471],[-0.62842,42.89304],[-0.62888,42.89258],[-0.62972,42.89197],[-0.62984,42.89135],[-0.62998,42.89108],[-0.63085,42.89082],[-0.63111,42.89056],[-0.63151,42.88998],[-0.63192,42.88911],[-0.63238,42.88846],[-0.63258,42.88794],[-0.63305,42.88749],[-0.63337,42.88667],[-0.63412,42.88554],[-0.63458,42.88499],[-0.6351,42.88474],[-0.63556,42.88416],[-0.63594,42.88384],[-0.63676,42.88272],[-0.637,42.8822]],[[-0.64214,42.8822],[-0.64199,42.88263],[-0.642,42.88315],[-0.64172,42.88381],[-0.64171,42.88417],[-0.64156,42.88467],[-0.6413,42.88497],[-0.64111,42.88552],[-0.64043,42.88663],[-0.64049,42.88739],[-0.64037,42.88801],[-0.64076,42.88933],[-0.64046,42.89023],[-0.63988,42.89112],[-0.63974,42.89166],[-0.63936,42.89215],[-0.63926,42.89256],[-0.63887,42.8933],[-0.63843,42.89381],[-0.63818,42.89467],[-0.6378,42.8953],[-0.63723,42.89584],[-0.63659,42.89661],[-0.63589,42.89722],[-0.63549,42.89741],[-0.63513,42.89802],[-0.63477,42.89833],[-0.63442,42.89885],[-0.63439,42.89923],[-0.63405,42.9003],[-0.63398,42.90173],[-0.63386,42.90218],[-0.63332,42.90275],[-0.63287,42.90339],[-0.63179,42.90417],[-0.63184,42.90558],[-0.63215,42.90631],[-0.63188,42.90683],[-0.63184,42.90725],[-0.63165,42.90775],[-0.63176,42.90826],[-0.63173,42.9086],[-0.63186,42.90892],[-0.63196,42.90974],[-0.63181,42.91002],[-0.63063,42.91131],[-0.63061,42.91149],[-0.63082,42.91223],[-0.63069,42.91251],[-0.63028,42.91283],[-0.63014,42.91306],[-0.63051,42.91361],[-0.63127,42.91441],[-0.6317,42.91468],[-0.63181,42.91495],[-0.63161,42.91523],[-0.63099,42.91551],[-0.63071,42.91575],[-0.63049,42.9161],[-0.63051,42.91644],[-0.6311,42.91636],[-0.63284,42.91552],[-0.63314,42.91444],[-0.63332,42.91414],[-0.6332,42.91329],[-0.63303,42.91277],[-0.63306,42.91252],[-0.63356,42.91187],[-0.63443,42.91109],[-0.63443,42.9108],[-0.63464,42.9103],[-0.63455,42.90996],[-0.63472,42.90971],[-0.63482,42.90923],[-0.63549,42.9084],[-0.63594,42.90809],[-0.63691,42.90775],[-0.63754,42.90762],[-0.63914,42.90679],[-0.63967,42.90661],[-0.6405,42.90608],[-0.64059,42.90581],[-0.64127,42.90465],[-0.64157,42.90433],[-0.64191,42.90413],[-0.64212,42.90383],[-0.6424,42.90277],[-0.64305,42.90248],[-0.64341,42.90218],[-0.6436,42.90165],[-0.64361,42.90084],[-0.64335,42.89965],[-0.64374,42.89853],[-0.64355,42.89744],[-0.64362,42.89724],[-0.64388,42.89694],[-0.64408,42.89635],[-0.64409,42.8955],[-0.64431,42.89465],[-0.64471,42.89386],[-0.64499,42.89362],[-0.64556,42.89334],[-0.64561,42.8928],[-0.64553,42.89219],[-0.64568,42.89189],[-0.64584,42.89178],[-0.64641,42.89172],[-0.64667,42.89136],[-0.64757,42.89085],[-0.64806,42.89076],[-0.64931,42.89086],[-0.64995,42.8908],[-0.65045,42.89054],[-0.65082,42.89013],[-0.65191,42.88966],[-0.65203,42.88971],[-0.6518,42.89048],[-0.65187,42.89107],[-0.65182,42.89142],[-0.652,42.89194],[-0.6518,42.89312],[-0.65195,42.89375],[-0.65226,42.89416],[-0.65197,42.89496],[-0.65197,42.89527],[-0.65185,42.89553],[-0.65173,42.89621],[-0.65197,42.89685],[-0.65197,42.89725],[-0.65194,42.89748],[-0.65137,42.89806],[-0.65111,42.89895],[-0.65137,42.89942],[-0.65192,42.89971],[-0.65209,42.89996],[-0.65204,42.90044],[-0.6519,42.90082],[-0.65215,42.90138],[-0.65233,42.90245],[-0.65308,42.9033],[-0.65295,42.90409],[-0.65306,42.90471],[-0.6529,42.90524],[-0.65303,42.90554],[-0.6532,42.90566],[-0.65391,42.9058],[-0.65441,42.90612],[-0.65472,42.90621],[-0.65506,42.90616],[-0.65559,42.9059],[-0.65631,42.90496],[-0.65666,42.90444],[-0.65692,42.90386],[-0.65746,42.90328],[-0.65802,42.90237],[-0.65863,42.90192],[-0.65918,42.90118],[-0.65965,42.90086],[-0.65995,42.90078],[-0.66054,42.90108],[-0.6608,42.90193],[-0.66111,42.90219],[-0.6621,42.90274],[-0.66254,42.90328],[-0.66273,42.90388],[-0.66248,42.90498],[-0.66331,42.9061],[-0.66367,42.90632],[-0.66386,42.9064],[-0.66413,42.90636],[-0.66455,42.90609],[-0.66471,42.90584],[-0.66495,42.90495],[-0.66528,42.90475],[-0.66583,42.9047],[-0.66665,42.90379]],[[-0.54609,42.90971],[-0.54638,42.9097],[-0.54667,42.9095],[-0.5469,42.90883],[-0.5472,42.9083],[-0.54747,42.90803],[-0.54892,42.90763],[-0.55004,42.90761],[-0.55101,42.90734],[-0.55136,42.90718],[-0.5517,42.90664],[-0.55174,42.90636],[-0.5515,42.90583],[-0.55146,42.90551],[-0.55194,42.90448],[-0.55231,42.90399],[-0.55234,42.90378],[-0.55225,42.90357],[-0.55193,42.9033],[-0.54967,42.9025],[-0.54907,42.90219],[-0.54881,42.90191],[-0.54878,42.90155],[-0.54888,42.90055],[-0.5491,42.90024],[-0.54912,42.89968],[-0.5497,42.89886],[-0.54974,42.89858],[-0.54935,42.89728],[-0.5492,42.89709],[-0.54889,42.8969],[-0.54878,42.89663],[-0.54909,42.89621],[-0.5493,42.89605],[-0.55083,42.8956],[-0.55174,42.89563],[-0.55226,42.89555],[-0.55259,42.89534],[-0.55269,42.89506],[-0.55259,42.89466],[-0.55219,42.89407],[-0.55109,42.89326],[-0.54968,42.89298],[-0.54858,42.89316],[-0.54764,42.8931],[-0.5464,42.89332],[-0.54609,42.89327]],[[-0.57634,42.8822],[-0.57609,42.88301],[-0.57585,42.88333],[-0.57468,42.88384],[-0.57435,42.88439],[-0.57352,42.88496],[-0.57338,42.8852],[-0.57361,42.88605],[-0.57415,42.88665],[-0.57433,42.88773],[-0.57414,42.88802],[-0.57283,42.88858],[-0.57279,42.88915],[-0.57238,42.8894],[-0.57233,42.88961],[-0.5724,42.88975],[-0.57295,42.89011],[-0.57395,42.89049],[-0.57443,42.89053],[-0.57527,42.88998],[-0.57583,42.88944],[-0.57618,42.88925],[-0.57833,42.88858],[-0.57896,42.8883],[-0.57924,42.88804],[-0.57943,42.88749],[-0.57969,42.88719],[-0.58079,42.88662],[-0.58156,42.88601],[-0.58199,42.88532],[-0.58243,42.88495],[-0.58281,42.88447],[-0.58289,42.88389],[-0.58303,42.88366],[-0.58468,42.8822]],[[-0.54609,42.88301],[-0.54681,42.88289],[-0.5472,42.88274],[-0.5473,42.88249],[-0.54723,42.8822]]]}},{"type":"Feature","properties":{"ele":1370},"geometry":{"type":"MultiLineString","coordinates":[[[-0.6601,42.94609],[-0.65972,42.94579],[-0.65916,42.94467],[-0.65891,42.94439],[-0.65806,42.94436],[-0.65719,42.94448],[-0.65672,42.94439],[-0.65557,42.94382],[-0.65439,42.94294],[-0.65329,42.94251],[-0.65246,42.94194],[-0.65205,42.94184],[-0.65166,42.94187],[-0.65111,42.94208],[-0.64913,42.94218],[-0.6475,42.94184],[-0.64625,42.94183],[-0.64607,42.94189],[-0.64552,42.9424],[-0.64466,42.94301],[-0.6435,42.94354],[-0.64246,42.94383],[-0.64207,42.94414],[-0.64254,42.94451],[-0.64326,42.94455],[-0.64403,42.94481],[-0.64504,42.94455],[-0.6456,42.94422],[-0.64615,42.94404],[-0.64691,42.94393],[-0.64747,42.94397],[-0.64816,42.94416],[-0.64867,42.94439],[-0.64889,42.94495],[-0.64904,42.94505],[-0.65058,42.94543],[-0.65166,42.94609]],[[-0.56304,42.94609],[-0.56305,42.9458],[-0.56293,42.94544],[-0.56299,42.94471],[-0.56334,42.94426],[-0.56388,42.94303],[-0.56374,42.94249],[-0.56383,42.9419],[-0.56472,42.94088],[-0.56462,42.94021],[-0.56542,42.93933],[-0.56537,42.93911],[-0.56523,42.93895],[-0.5646,42.93862],[-0.56445,42.93803],[-0.56377,42.93752],[-0.56336,42.93664],[-0.56331,42.93634],[-0.56368,42.93551],[-0.56357,42.93505],[-0.56335,42.93487],[-0.56295,42.93472],[-0.56163,42.93443],[-0.5616,42.9342],[-0.56151,42.93411],[-0.56081,42.9339],[-0.55864,42.93297],[-0.55669,42.93161],[-0.55572,42.93111],[-0.55588,42.93097],[-0.55639,42.93081],[-0.55613,42.93051],[-0.55531,42.93044],[-0.55481,42.93053],[-0.55483,42.93065],[-0.55535,42.9314],[-0.55534,42.93194],[-0.55495,42.93197],[-0.55458,42.93171],[-0.55442,42.9311],[-0.55423,42.93081],[-0.55361,42.93051],[-0.55306,42.92997],[-0.55243,42.92972],[-0.5514,42.92951],[-0.55106,42.92934],[-0.5506,42.9293],[-0.55046,42.92916],[-0.55177,42.92882],[-0.55226,42.92879],[-0.55323,42.92888],[-0.55392,42.92912],[-0.55499,42.9297],[-0.55891,42.93053],[-0.56017,42.93041],[-0.56115,42.93012],[-0.56141,42.92999],[-0.56165,42.92942],[-0.56248,42.92886],[-0.56313,42.9287],[-0.56386,42.92865],[-0.56403,42.9284],[-0.5639,42.92804],[-0.56332,42.92735],[-0.56287,42.92632],[-0.56202,42.92499],[-0.56203,42.92473],[-0.56232,42.92446],[-0.5623,42.9243],[-0.5622,42.92415],[-0.56111,42.92389],[-0.56051,42.92387],[-0.55907,42.92342],[-0.55888,42.9233],[-0.55872,42.92305],[-0.55837,42.92242],[-0.55823,42.9219],[-0.55805,42.92164],[-0.55709,42.92144],[-0.55659,42.92096],[-0.55622,42.92075],[-0.55559,42.92062],[-0.55418,42.9205],[-0.55332,42.92019],[-0.55242,42.92004],[-0.55149,42.91952],[-0.54838,42.91884],[-0.54774,42.9188],[-0.54667,42.91897],[-0.54609,42.91896]],[[-0.59616,42.8822],[-0.5961,42.88303],[-0.59575,42.88323],[-0.59562,42.88388],[-0.59521,42.88405],[-0.59496,42.88439],[-0.59472,42.88455],[-0.59396,42.88459],[-0.59363,42.88472],[-0.59272,42.88576],[-0.59268,42.88635],[-0.59253,42.88664],[-0.59204,42.88719],[-0.59152,42.88746],[-0.59117,42.88809],[-0.59116,42.8884],[-0.59142,42.88888],[-0.59004,42.88898],[-0.58733,42.88869],[-0.58696,42.88877],[-0.58636,42.88908],[-0.58535,42.88887],[-0.58486,42.88906],[-0.58477,42.88933],[-0.58493,42.89003],[-0.58516,42.89029],[-0.58614,42.89109],[-0.58614,42.89145],[-0.58594,42.89214],[-0.58548,42.89244],[-0.58427,42.89288],[-0.58349,42.89301],[-0.58325,42.89343],[-0.58314,42.89409],[-0.58327,42.8945],[-0.58387,42.89497],[-0.5841,42.89528],[-0.58502,42.89578],[-0.58525,42.89638],[-0.58616,42.89744],[-0.58613,42.89776],[-0.58594,42.89802],[-0.58493,42.89858],[-0.58503,42.89882],[-0.5857,42.89901],[-0.58743,42.89925],[-0.58781,42.8994],[-0.58804,42.89969],[-0.58823,42.89978],[-0.58919,42.89997],[-0.58947,42.90021],[-0.58961,42.90056],[-0.59,42.90079],[-0.59003,42.90187],[-0.59019,42.90223],[-0.59084,42.90256],[-0.5923,42.90275],[-0.5927,42.90334],[-0.59355,42.90366],[-0.59462,42.90395],[-0.59521,42.90443],[-0.5956,42.9049],[-0.59554,42.90552],[-0.59515,42.90609],[-0.59518,42.90662],[-0.59492,42.90732],[-0.595,42.90776],[-0.59398,42.90913],[-0.59359,42.90942],[-0.59289,42.91028],[-0.593,42.91059],[-0.59361,42.91108],[-0.59388,42.91164],[-0.59338,42.91274],[-0.59337,42.91343],[-0.5939,42.91412],[-0.59471,42.91488],[-0.59485,42.91524],[-0.59468,42.91603],[-0.59473,42.91636],[-0.59463,42.91676],[-0.59485,42.91742],[-0.5948,42.91853],[-0.59456,42.91909],[-0.59448,42.92029],[-0.59424,42.9209],[-0.59358,42.92136],[-0.59345,42.92173],[-0.59368,42.9222],[-0.59408,42.92258],[-0.59446,42.92274],[-0.59566,42.92303],[-0.59612,42.92325],[-0.59654,42.9236],[-0.59675,42.92385],[-0.59681,42.92405],[-0.59672,42.92497],[-0.5972,42.92527],[-0.59813,42.9261],[-0.59874,42.92715],[-0.59892,42.92771],[-0.59946,42.92827],[-0.5997,42.92888],[-0.60004,42.92909],[-0.60094,42.9292],[-0.60136,42.92914],[-0.60279,42.92859],[-0.60266,42.92808],[-0.60263,42.9275],[-0.60212,42.92686],[-0.60259,42.92517],[-0.60304,42.9247],[-0.60317,42.92439],[-0.60347,42.92411],[-0.60324,42.9235],[-0.60332,42.92276],[-0.60346,42.92242],[-0.6033,42.92192],[-0.60342,42.92124],[-0.6033,42.92051],[-0.60374,42.91997],[-0.60441,42.91937],[-0.60588,42.91888],[-0.60636,42.9183],[-0.60722,42.91804],[-0.60748,42.91787],[-0.60757,42.91775],[-0.60751,42.91742],[-0.6076,42.91716],[-0.60795,42.91684],[-0.60832,42.91664],[-0.60861,42.91637],[-0.60867,42.91621],[-0.60868,42.91569],[-0.60804,42.91469],[-0.60787,42.91413],[-0.60663,42.91333],[-0.60657,42.91221],[-0.60636,42.91163],[-0.60723,42.91108],[-0.60853,42.91075],[-0.60869,42.91056],[-0.60878,42.91024],[-0.60978,42.90975],[-0.61025,42.90857],[-0.6105,42.9083],[-0.61107,42.90792],[-0.61191,42.90754],[-0.61306,42.90737],[-0.61339,42.90722],[-0.61358,42.90687],[-0.61373,42.90608],[-0.61428,42.905],[-0.61503,42.90415],[-0.61503,42.90359],[-0.61481,42.90301],[-0.61525,42.90215],[-0.61552,42.9021],[-0.61615,42.90226],[-0.61747,42.90206],[-0.61837,42.90153],[-0.61951,42.90122],[-0.62029,42.90089],[-0.62045,42.90058],[-0.62072,42.89964],[-0.62245,42.89747],[-0.6226,42.89662],[-0.62274,42.89633],[-0.62332,42.89581],[-0.62391,42.89582],[-0.62495,42.89552],[-0.62618,42.89477],[-0.62949,42.89193],[-0.62965,42.89166],[-0.62977,42.89107],[-0.63004,42.89093],[-0.63055,42.89081],[-0.63087,42.89061],[-0.63137,42.88997],[-0.6325,42.88778],[-0.63302,42.88722],[-0.63326,42.88663],[-0.63388,42.88554],[-0.63418,42.88528],[-0.63438,42.88495],[-0.63499,42.8847],[-0.63542,42.88415],[-0.63579,42.88383],[-0.63672,42.8822]],[[-0.64232,42.8822],[-0.64214,42.88256],[-0.64213,42.88279],[-0.64224,42.88306],[-0.64197,42.88374],[-0.64184,42.88454],[-0.6416,42.88497],[-0.64144,42.88547],[-0.6411,42.88582],[-0.64064,42.88662],[-0.64066,42.88735],[-0.64057,42.88784],[-0.64091,42.88933],[-0.64065,42.89026],[-0.6401,42.89103],[-0.63996,42.89134],[-0.63995,42.89166],[-0.63953,42.89219],[-0.63942,42.89273],[-0.6392,42.89305],[-0.63915,42.89331],[-0.63857,42.89383],[-0.63839,42.89472],[-0.63794,42.89546],[-0.63748,42.89581],[-0.63685,42.89654],[-0.63635,42.89691],[-0.63611,42.89722],[-0.63564,42.8975],[-0.63534,42.89803],[-0.63497,42.8983],[-0.63475,42.89863],[-0.63424,42.90027],[-0.63428,42.90096],[-0.63445,42.90137],[-0.63423,42.90221],[-0.63316,42.90335],[-0.63197,42.90423],[-0.63192,42.90469],[-0.63198,42.90537],[-0.63234,42.90631],[-0.63206,42.90687],[-0.63195,42.90774],[-0.63201,42.90916],[-0.63225,42.9097],[-0.63225,42.90994],[-0.63158,42.91053],[-0.63081,42.91136],[-0.63098,42.91235],[-0.63086,42.91261],[-0.63047,42.91298],[-0.63043,42.91309],[-0.63054,42.91337],[-0.63199,42.91465],[-0.63218,42.91506],[-0.63205,42.91531],[-0.63107,42.91579],[-0.63107,42.91609],[-0.63224,42.91554],[-0.63234,42.91527],[-0.63276,42.91476],[-0.63304,42.91391],[-0.63281,42.91284],[-0.63285,42.91253],[-0.63305,42.91221],[-0.63359,42.91164],[-0.63426,42.91111],[-0.63447,42.91026],[-0.63437,42.90989],[-0.6347,42.90914],[-0.635,42.90887],[-0.63552,42.9081],[-0.63578,42.90797],[-0.6375,42.90753],[-0.63914,42.90664],[-0.63975,42.90639],[-0.64018,42.90604],[-0.64081,42.90523],[-0.64108,42.90468],[-0.64191,42.90384],[-0.64212,42.90333],[-0.64209,42.90272],[-0.64308,42.90227],[-0.64334,42.90197],[-0.64346,42.90083],[-0.64334,42.90025],[-0.64316,42.89992],[-0.64315,42.89954],[-0.64353,42.89864],[-0.64339,42.89728],[-0.64381,42.89664],[-0.64396,42.89617],[-0.64399,42.89586],[-0.64386,42.89552],[-0.64422,42.89446],[-0.6447,42.89358],[-0.64529,42.89332],[-0.64542,42.89308],[-0.64545,42.8928],[-0.64535,42.89197],[-0.64548,42.89159],[-0.64563,42.89151],[-0.64633,42.89142],[-0.64721,42.89082],[-0.64754,42.89071],[-0.64816,42.89064],[-0.64924,42.89072],[-0.65002,42.89057],[-0.65058,42.88999],[-0.65139,42.8897],[-0.65276,42.88877],[-0.65304,42.88875],[-0.65314,42.88889],[-0.65276,42.88942],[-0.65239,42.88968],[-0.65192,42.89053],[-0.65201,42.89103],[-0.65198,42.89142],[-0.65213,42.89194],[-0.65194,42.89329],[-0.65211,42.89374],[-0.65241,42.89416],[-0.65214,42.89494],[-0.65189,42.89612],[-0.65193,42.89636],[-0.65221,42.89692],[-0.65231,42.89747],[-0.65198,42.89804],[-0.65137,42.89858],[-0.65124,42.89892],[-0.65136,42.89923],[-0.65205,42.89969],[-0.65226,42.89996],[-0.65228,42.90044],[-0.65218,42.90084],[-0.65235,42.90221],[-0.65247,42.90249],[-0.65286,42.90274],[-0.65328,42.90333],[-0.65313,42.90409],[-0.65323,42.90468],[-0.65315,42.90516],[-0.65321,42.90533],[-0.65469,42.90602],[-0.65507,42.90602],[-0.65556,42.90583],[-0.65654,42.90438],[-0.65693,42.90361],[-0.65724,42.9033],[-0.65802,42.90219],[-0.65857,42.90178],[-0.65886,42.90128],[-0.65942,42.9008],[-0.66025,42.90025],[-0.66073,42.90011],[-0.66086,42.90014],[-0.66093,42.90028],[-0.6607,42.9011],[-0.66082,42.90176],[-0.66133,42.90221],[-0.66222,42.90254],[-0.66296,42.90378],[-0.66294,42.90405],[-0.6627,42.90466],[-0.66274,42.90499],[-0.6632,42.90512],[-0.66359,42.90497],[-0.66387,42.90497],[-0.66371,42.90529],[-0.6641,42.90591],[-0.66443,42.90581],[-0.66464,42.90497],[-0.66484,42.90474],[-0.6658,42.90445],[-0.66607,42.90429],[-0.66665,42.90351]],[[-0.54609,42.90959],[-0.5465,42.90941],[-0.54679,42.90865],[-0.54727,42.90801],[-0.54895,42.9075],[-0.55003,42.90749],[-0.55092,42.90724],[-0.55106,42.90716],[-0.55137,42.90664],[-0.55144,42.90632],[-0.55125,42.90576],[-0.55123,42.90548],[-0.55171,42.9045],[-0.55196,42.90416],[-0.55199,42.90385],[-0.55183,42.9036],[-0.55153,42.9034],[-0.54952,42.90258],[-0.54886,42.90223],[-0.54871,42.90201],[-0.54864,42.90173],[-0.54869,42.9011],[-0.54863,42.90058],[-0.54888,42.90026],[-0.54884,42.89998],[-0.54892,42.89975],[-0.5495,42.89887],[-0.54959,42.89853],[-0.54916,42.89721],[-0.54873,42.89694],[-0.54858,42.89664],[-0.54897,42.89613],[-0.54927,42.89595],[-0.55081,42.89551],[-0.5517,42.89555],[-0.55216,42.89549],[-0.55252,42.89531],[-0.5526,42.89503],[-0.55251,42.89467],[-0.55206,42.89408],[-0.5509,42.89329],[-0.54969,42.89313],[-0.54609,42.89348]],[[-0.57659,42.8822],[-0.57633,42.88295],[-0.5761,42.88334],[-0.57582,42.88359],[-0.57497,42.88386],[-0.57458,42.88444],[-0.57413,42.88469],[-0.57367,42.8852],[-0.57365,42.88555],[-0.57382,42.88605],[-0.57417,42.88635],[-0.57432,42.88662],[-0.57448,42.88775],[-0.57427,42.88806],[-0.57303,42.88859],[-0.57293,42.88914],[-0.57258,42.88942],[-0.57248,42.88969],[-0.57307,42.89006],[-0.57403,42.8904],[-0.57441,42.8904],[-0.57508,42.89001],[-0.57579,42.88935],[-0.57611,42.88915],[-0.57722,42.88888],[-0.57887,42.88831],[-0.57918,42.88804],[-0.57933,42.88747],[-0.57948,42.88722],[-0.58077,42.88658],[-0.58136,42.88608],[-0.58182,42.88532],[-0.58225,42.88499],[-0.5826,42.88454],[-0.5827,42.8843],[-0.58273,42.88384],[-0.58287,42.88363],[-0.58452,42.8822]],[[-0.54609,42.88289],[-0.54684,42.8827],[-0.54701,42.8825],[-0.54702,42.8822]]]}},{"type":"Feature","properties":{"ele":1380},"geometry":{"type":"MultiLineString","coordinates":[[[-0.65981,42.94609],[-0.6596,42.94584],[-0.65915,42.94497],[-0.65886,42.94462],[-0.65823,42.94451],[-0.65715,42.94464],[-0.65677,42.94458],[-0.65555,42.94392],[-0.65438,42.94309],[-0.65335,42.94269],[-0.65255,42.94215],[-0.65198,42.94197],[-0.65118,42.94221],[-0.65047,42.94219],[-0.64903,42.94231],[-0.64831,42.94218],[-0.64636,42.94206],[-0.64608,42.94217],[-0.64486,42.94305],[-0.64363,42.94362],[-0.64259,42.94392],[-0.64229,42.94413],[-0.64272,42.94444],[-0.64326,42.94443],[-0.64386,42.94463],[-0.64417,42.94464],[-0.64505,42.94445],[-0.64552,42.9441],[-0.6461,42.9439],[-0.64698,42.94378],[-0.64743,42.94381],[-0.64861,42.94414],[-0.64902,42.94436],[-0.64911,42.94448],[-0.64915,42.94498],[-0.65066,42.94534],[-0.652,42.94609]],[[-0.56282,42.94609],[-0.56274,42.94547],[-0.56282,42.94475],[-0.56323,42.9441],[-0.56364,42.94309],[-0.56349,42.94246],[-0.56357,42.94191],[-0.56445,42.94083],[-0.56441,42.94024],[-0.56506,42.93949],[-0.56516,42.93923],[-0.5651,42.93907],[-0.5644,42.93863],[-0.5642,42.93804],[-0.56377,42.93775],[-0.56356,42.9375],[-0.5635,42.93715],[-0.56319,42.93642],[-0.56327,42.93608],[-0.5636,42.93554],[-0.56346,42.93513],[-0.56332,42.93497],[-0.56282,42.93479],[-0.56152,42.93446],[-0.5614,42.93413],[-0.5608,42.93401],[-0.55875,42.93322],[-0.55695,42.93189],[-0.55615,42.93151],[-0.55584,42.93146],[-0.55564,42.93161],[-0.55592,42.93211],[-0.55591,42.93222],[-0.55531,42.93226],[-0.5548,42.93215],[-0.55443,42.93191],[-0.55416,42.93105],[-0.55388,42.9308],[-0.5533,42.93054],[-0.55269,42.92998],[-0.55208,42.92979],[-0.55108,42.92972],[-0.55025,42.92951],[-0.55002,42.92939],[-0.54996,42.92916],[-0.55081,42.9288],[-0.55221,42.92858],[-0.55363,42.92885],[-0.55521,42.9296],[-0.55807,42.93028],[-0.55986,42.93031],[-0.56113,42.93002],[-0.56135,42.9298],[-0.56149,42.92941],[-0.5617,42.92917],[-0.5625,42.92872],[-0.56358,42.92853],[-0.56389,42.92832],[-0.56318,42.92745],[-0.56259,42.92608],[-0.56185,42.92503],[-0.56183,42.9247],[-0.56205,42.9244],[-0.56122,42.92404],[-0.56042,42.92396],[-0.55894,42.9235],[-0.5586,42.92312],[-0.55804,42.92192],[-0.55771,42.92174],[-0.557,42.92157],[-0.55639,42.92107],[-0.55597,42.92086],[-0.55415,42.9206],[-0.55334,42.9203],[-0.5524,42.92013],[-0.55141,42.91963],[-0.54847,42.91894],[-0.54778,42.91888],[-0.54663,42.91905],[-0.54609,42.91903]],[[-0.5963,42.8822],[-0.59631,42.88297],[-0.59585,42.88337],[-0.5959,42.88388],[-0.59529,42.88417],[-0.59496,42.88469],[-0.59406,42.88473],[-0.59379,42.88483],[-0.59295,42.88577],[-0.59277,42.88665],[-0.59231,42.88721],[-0.59167,42.88771],[-0.59144,42.88811],[-0.59137,42.88832],[-0.59147,42.88859],[-0.59175,42.88885],[-0.59167,42.88899],[-0.59129,42.88907],[-0.59004,42.88912],[-0.58729,42.88881],[-0.58642,42.8892],[-0.58538,42.88896],[-0.58493,42.8891],[-0.58489,42.8894],[-0.58508,42.89003],[-0.58525,42.89026],[-0.58634,42.8911],[-0.58651,42.89159],[-0.58647,42.89186],[-0.58619,42.8922],[-0.58478,42.89276],[-0.58442,42.89321],[-0.58421,42.8932],[-0.58389,42.89302],[-0.58364,42.89308],[-0.58332,42.89362],[-0.58323,42.89409],[-0.58332,42.89442],[-0.58387,42.89485],[-0.58418,42.89523],[-0.58512,42.89576],[-0.5854,42.89634],[-0.5863,42.89742],[-0.5863,42.89767],[-0.5861,42.89804],[-0.58517,42.89855],[-0.58521,42.8987],[-0.58553,42.89887],[-0.58756,42.89911],[-0.58805,42.89934],[-0.58838,42.89967],[-0.5891,42.89979],[-0.5895,42.89995],[-0.59018,42.9008],[-0.59022,42.90188],[-0.59047,42.90224],[-0.59097,42.90244],[-0.59236,42.90243],[-0.59264,42.90249],[-0.59287,42.90269],[-0.59302,42.90309],[-0.59321,42.9033],[-0.59381,42.90359],[-0.5948,42.90385],[-0.59552,42.90444],[-0.59568,42.90469],[-0.59591,42.90552],[-0.59541,42.90611],[-0.59541,42.90635],[-0.59555,42.90664],[-0.59525,42.9069],[-0.59515,42.90715],[-0.59519,42.9078],[-0.59452,42.90861],[-0.59418,42.90917],[-0.59331,42.90997],[-0.59315,42.91027],[-0.59324,42.91056],[-0.59379,42.91106],[-0.5942,42.91164],[-0.59373,42.9127],[-0.59365,42.91343],[-0.59442,42.91442],[-0.5948,42.91471],[-0.59505,42.91523],[-0.59492,42.91565],[-0.59494,42.91638],[-0.59479,42.9168],[-0.59502,42.91744],[-0.59494,42.91775],[-0.59496,42.91853],[-0.59474,42.91916],[-0.59464,42.92041],[-0.5944,42.92096],[-0.59376,42.92157],[-0.59373,42.9217],[-0.59417,42.92247],[-0.59585,42.92294],[-0.59703,42.92384],[-0.59709,42.92402],[-0.597,42.92447],[-0.59704,42.92499],[-0.59833,42.92608],[-0.59889,42.92711],[-0.59908,42.92774],[-0.59955,42.92819],[-0.59968,42.92862],[-0.59985,42.92884],[-0.60011,42.92899],[-0.60083,42.92909],[-0.60129,42.92901],[-0.60255,42.92857],[-0.60247,42.92804],[-0.60252,42.92747],[-0.60192,42.92691],[-0.60215,42.92624],[-0.60235,42.92525],[-0.60285,42.9247],[-0.60316,42.92411],[-0.60307,42.92357],[-0.60311,42.92284],[-0.60332,42.92247],[-0.60313,42.92187],[-0.60325,42.92117],[-0.60319,42.92045],[-0.60354,42.91996],[-0.6044,42.91921],[-0.60561,42.91889],[-0.60583,42.9187],[-0.60609,42.91829],[-0.6073,42.9178],[-0.6074,42.91716],[-0.60777,42.91681],[-0.60836,42.9164],[-0.6085,42.9161],[-0.60854,42.91583],[-0.60847,42.91559],[-0.60798,42.91498],[-0.60761,42.91415],[-0.60663,42.9136],[-0.60645,42.91336],[-0.60639,42.91308],[-0.60642,42.91223],[-0.60617,42.91173],[-0.60621,42.91152],[-0.60636,42.91136],[-0.60715,42.91097],[-0.60833,42.91061],[-0.60842,42.91052],[-0.60842,42.91025],[-0.60853,42.91014],[-0.60915,42.90997],[-0.60971,42.9097],[-0.61019,42.90845],[-0.61106,42.90774],[-0.61166,42.90742],[-0.61305,42.90721],[-0.6133,42.90702],[-0.61348,42.90649],[-0.61352,42.90606],[-0.6137,42.9058],[-0.614,42.90506],[-0.61481,42.90411],[-0.61476,42.90332],[-0.61458,42.90298],[-0.61523,42.90199],[-0.61549,42.90193],[-0.61615,42.90209],[-0.61741,42.9019],[-0.61827,42.90136],[-0.61927,42.90116],[-0.62019,42.90079],[-0.62034,42.9005],[-0.62053,42.89964],[-0.62145,42.89835],[-0.62225,42.89753],[-0.62243,42.89701],[-0.62246,42.89659],[-0.62302,42.89579],[-0.62445,42.89554],[-0.62612,42.89472],[-0.62805,42.89304],[-0.62881,42.89222],[-0.62893,42.89193],[-0.62946,42.89171],[-0.62956,42.89111],[-0.62968,42.89094],[-0.63045,42.8907],[-0.63078,42.89049],[-0.63137,42.88969],[-0.63194,42.88846],[-0.63236,42.88778],[-0.63285,42.88722],[-0.63361,42.88557],[-0.63395,42.88528],[-0.63414,42.88496],[-0.63495,42.88455],[-0.63525,42.88414],[-0.63561,42.88385],[-0.63591,42.88339],[-0.63642,42.8822]],[[-0.64248,42.8822],[-0.64232,42.8826],[-0.6424,42.88305],[-0.64215,42.88378],[-0.64216,42.88437],[-0.64189,42.8849],[-0.64184,42.8853],[-0.6417,42.88554],[-0.64135,42.88578],[-0.64114,42.88605],[-0.64083,42.88669],[-0.64077,42.88774],[-0.64093,42.88815],[-0.6411,42.88998],[-0.64033,42.89091],[-0.64011,42.89169],[-0.63971,42.8922],[-0.63933,42.89332],[-0.63874,42.89389],[-0.63863,42.89472],[-0.63814,42.89552],[-0.63583,42.89758],[-0.63554,42.89803],[-0.63518,42.8983],[-0.63494,42.8986],[-0.63475,42.89905],[-0.6344,42.90041],[-0.63455,42.90081],[-0.63502,42.90101],[-0.63509,42.90118],[-0.63502,42.90141],[-0.63459,42.90214],[-0.63343,42.90335],[-0.63276,42.90386],[-0.63224,42.90415],[-0.63212,42.90438],[-0.63212,42.90523],[-0.63257,42.90634],[-0.63226,42.90697],[-0.63227,42.90803],[-0.63212,42.9085],[-0.63213,42.90909],[-0.63221,42.90941],[-0.63249,42.90969],[-0.63251,42.90997],[-0.63105,42.91135],[-0.63115,42.91244],[-0.63076,42.91307],[-0.6308,42.91332],[-0.63119,42.91355],[-0.63165,42.91407],[-0.63199,42.91424],[-0.63236,42.91431],[-0.63252,42.91426],[-0.63266,42.91406],[-0.63277,42.91386],[-0.63256,42.91287],[-0.63261,42.9126],[-0.63308,42.91195],[-0.63364,42.91141],[-0.63414,42.91107],[-0.63427,42.91034],[-0.6342,42.90996],[-0.63428,42.90965],[-0.63454,42.90915],[-0.63541,42.90793],[-0.63563,42.90779],[-0.63616,42.90776],[-0.63741,42.90744],[-0.63946,42.90636],[-0.64054,42.90536],[-0.64081,42.90497],[-0.64094,42.90461],[-0.64177,42.90371],[-0.64197,42.9033],[-0.64195,42.90301],[-0.64183,42.90276],[-0.6419,42.90258],[-0.64236,42.90232],[-0.6428,42.90219],[-0.6431,42.90198],[-0.64332,42.90092],[-0.64322,42.90041],[-0.64298,42.89999],[-0.64294,42.89948],[-0.64332,42.89887],[-0.64336,42.89857],[-0.64333,42.89773],[-0.64309,42.89696],[-0.64365,42.89665],[-0.64384,42.89596],[-0.6437,42.89544],[-0.64391,42.89501],[-0.64391,42.89448],[-0.64422,42.89416],[-0.64432,42.89358],[-0.64527,42.89305],[-0.64519,42.8919],[-0.64532,42.89146],[-0.6456,42.89122],[-0.64622,42.89122],[-0.64665,42.89109],[-0.64692,42.89081],[-0.64747,42.89057],[-0.6483,42.89052],[-0.64906,42.8906],[-0.64966,42.89045],[-0.65,42.89028],[-0.65025,42.88997],[-0.65054,42.88977],[-0.65138,42.88944],[-0.6522,42.88897],[-0.65279,42.88846],[-0.65353,42.88843],[-0.65366,42.88859],[-0.65304,42.88942],[-0.65247,42.88982],[-0.6522,42.89024],[-0.65215,42.89048],[-0.65216,42.89142],[-0.65226,42.89194],[-0.65207,42.89329],[-0.65219,42.89363],[-0.65247,42.89387],[-0.65258,42.89414],[-0.6523,42.89485],[-0.65209,42.89607],[-0.65248,42.89706],[-0.65257,42.8977],[-0.65243,42.89801],[-0.65193,42.89831],[-0.65135,42.89888],[-0.65149,42.89918],[-0.65222,42.89969],[-0.65244,42.90005],[-0.65253,42.90051],[-0.65239,42.9011],[-0.65241,42.90214],[-0.6525,42.90233],[-0.65304,42.90267],[-0.65348,42.90326],[-0.6535,42.90346],[-0.65328,42.90412],[-0.65343,42.90465],[-0.65347,42.90529],[-0.65386,42.90554],[-0.65474,42.90587],[-0.65511,42.90588],[-0.6555,42.90572],[-0.65584,42.90528],[-0.65685,42.90351],[-0.65785,42.90222],[-0.65852,42.90166],[-0.65884,42.90106],[-0.66028,42.89999],[-0.66137,42.8997],[-0.66142,42.89997],[-0.66095,42.90072],[-0.66082,42.90139],[-0.66109,42.90193],[-0.66146,42.90211],[-0.66191,42.90225],[-0.66247,42.90214],[-0.66259,42.90219],[-0.66261,42.90284],[-0.66318,42.90381],[-0.66316,42.90409],[-0.66295,42.90461],[-0.66301,42.90479],[-0.66333,42.90479],[-0.66389,42.9046],[-0.66443,42.90471],[-0.66586,42.90424],[-0.66608,42.90412],[-0.66631,42.90385],[-0.66665,42.90312]],[[-0.54609,42.90946],[-0.54642,42.90921],[-0.54656,42.90858],[-0.54724,42.90787],[-0.54896,42.90738],[-0.54983,42.90737],[-0.55059,42.90721],[-0.55115,42.90645],[-0.55099,42.90552],[-0.55168,42.90416],[-0.55166,42.90386],[-0.55098,42.90339],[-0.5489,42.90241],[-0.54865,42.90218],[-0.5485,42.90189],[-0.54856,42.90114],[-0.54849,42.90049],[-0.54864,42.90025],[-0.54876,42.89969],[-0.54946,42.89855],[-0.54915,42.89747],[-0.54891,42.89719],[-0.54854,42.89695],[-0.54844,42.89666],[-0.54886,42.89607],[-0.54923,42.89585],[-0.55083,42.89543],[-0.55215,42.8954],[-0.55247,42.89524],[-0.55252,42.895],[-0.55238,42.89464],[-0.55196,42.89411],[-0.5507,42.89334],[-0.54969,42.89327],[-0.54609,42.89366]],[[-0.57679,42.8822],[-0.57666,42.88277],[-0.5761,42.8836],[-0.57497,42.88412],[-0.57485,42.88446],[-0.57415,42.88492],[-0.57386,42.88524],[-0.57385,42.88556],[-0.57401,42.88603],[-0.57453,42.88664],[-0.57463,42.88774],[-0.57447,42.88805],[-0.57331,42.88859],[-0.57315,42.88878],[-0.57309,42.88917],[-0.57278,42.88944],[-0.57269,42.88968],[-0.57315,42.88998],[-0.57404,42.89029],[-0.57443,42.89029],[-0.57497,42.88997],[-0.57589,42.88915],[-0.57719,42.88881],[-0.57884,42.88822],[-0.57911,42.88798],[-0.57923,42.88746],[-0.57938,42.88717],[-0.58071,42.88656],[-0.58122,42.88611],[-0.58165,42.88525],[-0.58209,42.88499],[-0.58238,42.88465],[-0.58251,42.88438],[-0.58258,42.88385],[-0.58272,42.88357],[-0.58435,42.8822]],[[-0.54609,42.88277],[-0.54668,42.88251],[-0.5468,42.8822]]]}},{"type":"Feature","properties":{"ele":1390},"geometry":{"type":"MultiLineString","coordinates":[[[-0.65959,42.94609],[-0.65902,42.94503],[-0.6586,42.9447],[-0.65792,42.94466],[-0.65708,42.94481],[-0.65684,42.94479],[-0.65609,42.94439],[-0.65439,42.94323],[-0.65323,42.94277],[-0.65246,42.94231],[-0.65195,42.94219],[-0.65125,42.94233],[-0.65042,42.9423],[-0.64828,42.94246],[-0.64722,42.94285],[-0.64685,42.94279],[-0.64642,42.94253],[-0.64625,42.94252],[-0.64387,42.94365],[-0.64248,42.94414],[-0.64396,42.9445],[-0.64438,42.94452],[-0.64495,42.94439],[-0.64552,42.94397],[-0.64583,42.94384],[-0.64708,42.94361],[-0.6474,42.94363],[-0.64916,42.94422],[-0.64943,42.94442],[-0.64935,42.94471],[-0.64942,42.94498],[-0.65081,42.94524],[-0.65237,42.94609]],[[-0.56256,42.94609],[-0.56254,42.94527],[-0.56266,42.94469],[-0.56303,42.9441],[-0.56345,42.94308],[-0.56343,42.94281],[-0.56328,42.94248],[-0.56331,42.94191],[-0.56401,42.94109],[-0.56424,42.94062],[-0.5643,42.94017],[-0.56484,42.9395],[-0.56494,42.93926],[-0.56487,42.9391],[-0.56432,42.93868],[-0.56395,42.93803],[-0.56355,42.93778],[-0.56342,42.93756],[-0.56337,42.93715],[-0.56306,42.93635],[-0.56311,42.9361],[-0.56342,42.93558],[-0.56337,42.93521],[-0.563,42.93497],[-0.56221,42.9347],[-0.56094,42.93442],[-0.56085,42.93414],[-0.56014,42.93384],[-0.55858,42.93336],[-0.55721,42.9322],[-0.55667,42.93191],[-0.55628,42.93189],[-0.55622,42.93223],[-0.55583,42.93237],[-0.55514,42.93238],[-0.55443,42.93225],[-0.5542,42.93183],[-0.55404,42.93124],[-0.55378,42.93095],[-0.55221,42.92998],[-0.55083,42.92995],[-0.54997,42.92962],[-0.5497,42.92944],[-0.54964,42.92918],[-0.55003,42.92891],[-0.55136,42.92838],[-0.55167,42.92837],[-0.55222,42.92842],[-0.55279,42.92863],[-0.55365,42.92871],[-0.55416,42.92886],[-0.55527,42.92946],[-0.55809,42.93013],[-0.55993,42.93017],[-0.56101,42.92994],[-0.56122,42.92976],[-0.56135,42.92935],[-0.56161,42.92907],[-0.56244,42.92859],[-0.56362,42.92831],[-0.5629,42.92732],[-0.56242,42.92602],[-0.56164,42.92498],[-0.56167,42.92442],[-0.56111,42.92414],[-0.56038,42.92407],[-0.55884,42.9236],[-0.55855,42.92333],[-0.55775,42.92194],[-0.55691,42.92171],[-0.55625,42.92121],[-0.55586,42.92101],[-0.55417,42.9207],[-0.55337,42.9204],[-0.55248,42.92025],[-0.55153,42.91978],[-0.5484,42.91901],[-0.54781,42.91895],[-0.54661,42.91914],[-0.54609,42.91911]],[[-0.59646,42.8822],[-0.59657,42.88305],[-0.59603,42.88357],[-0.59627,42.88384],[-0.59625,42.88391],[-0.59576,42.88413],[-0.59526,42.88469],[-0.59507,42.8848],[-0.59417,42.88486],[-0.59385,42.88496],[-0.59317,42.88581],[-0.593,42.88655],[-0.59279,42.88695],[-0.59183,42.88781],[-0.59162,42.88824],[-0.59162,42.88839],[-0.59169,42.88857],[-0.59205,42.88887],[-0.59224,42.88916],[-0.59007,42.88925],[-0.58918,42.88912],[-0.5883,42.88915],[-0.58736,42.88891],[-0.58712,42.88897],[-0.58646,42.88931],[-0.58548,42.88906],[-0.58508,42.88913],[-0.58503,42.88944],[-0.58533,42.89018],[-0.58656,42.89118],[-0.5867,42.89163],[-0.58664,42.89212],[-0.58638,42.8923],[-0.58499,42.89276],[-0.5847,42.89332],[-0.58441,42.8934],[-0.58389,42.89334],[-0.58363,42.89341],[-0.58332,42.89386],[-0.58332,42.89408],[-0.5835,42.89443],[-0.58386,42.89471],[-0.58432,42.89523],[-0.58498,42.89553],[-0.58529,42.89578],[-0.58556,42.89634],[-0.58644,42.89739],[-0.58644,42.89766],[-0.58627,42.89801],[-0.5854,42.89853],[-0.58538,42.89863],[-0.5859,42.8988],[-0.58764,42.89899],[-0.58806,42.89913],[-0.58854,42.89948],[-0.58914,42.89963],[-0.58999,42.89997],[-0.59006,42.90027],[-0.59038,42.90079],[-0.59038,42.90169],[-0.59056,42.90208],[-0.59111,42.90227],[-0.59229,42.9021],[-0.59301,42.90231],[-0.59319,42.90247],[-0.59333,42.90275],[-0.5939,42.90301],[-0.59402,42.90337],[-0.59523,42.90389],[-0.59601,42.90478],[-0.59628,42.90555],[-0.59565,42.90618],[-0.59564,42.90641],[-0.59589,42.90666],[-0.59539,42.9072],[-0.59541,42.90779],[-0.5947,42.90858],[-0.59439,42.90916],[-0.59358,42.90996],[-0.59342,42.91027],[-0.59353,42.91055],[-0.59439,42.91137],[-0.59448,42.9116],[-0.59415,42.91248],[-0.59408,42.91298],[-0.59391,42.91333],[-0.59393,42.9135],[-0.59454,42.91432],[-0.59499,42.91469],[-0.59529,42.91525],[-0.59513,42.91579],[-0.59513,42.91635],[-0.59496,42.91688],[-0.59511,42.91739],[-0.59513,42.91853],[-0.59485,42.91944],[-0.59484,42.92034],[-0.59445,42.92117],[-0.5941,42.92162],[-0.59411,42.92189],[-0.5942,42.92217],[-0.59439,42.92234],[-0.59584,42.92277],[-0.5973,42.92383],[-0.59731,42.92501],[-0.59846,42.92605],[-0.59889,42.92683],[-0.59922,42.9277],[-0.59976,42.92826],[-0.59995,42.92875],[-0.6002,42.92891],[-0.60076,42.92898],[-0.60224,42.9286],[-0.60236,42.92836],[-0.6024,42.92753],[-0.60188,42.92705],[-0.6018,42.92683],[-0.60199,42.9263],[-0.60215,42.92521],[-0.60267,42.9247],[-0.60289,42.92412],[-0.60292,42.92287],[-0.6031,42.92247],[-0.60296,42.92183],[-0.60309,42.9211],[-0.60298,42.92054],[-0.60305,42.92028],[-0.60369,42.91968],[-0.60411,42.91913],[-0.60545,42.91881],[-0.60613,42.91809],[-0.60702,42.91777],[-0.60718,42.91717],[-0.60775,42.91664],[-0.60814,42.91639],[-0.60835,42.91589],[-0.60828,42.91554],[-0.60778,42.91496],[-0.60732,42.91416],[-0.60666,42.91386],[-0.60634,42.91363],[-0.60623,42.91319],[-0.60626,42.91232],[-0.60598,42.91173],[-0.60611,42.9114],[-0.60775,42.91053],[-0.60834,42.90999],[-0.60946,42.90971],[-0.61007,42.90841],[-0.61056,42.90804],[-0.61082,42.90772],[-0.61163,42.90726],[-0.61264,42.90704],[-0.61302,42.90688],[-0.61318,42.90662],[-0.61352,42.90554],[-0.61381,42.90499],[-0.61459,42.90402],[-0.61457,42.9034],[-0.61435,42.90299],[-0.61485,42.90224],[-0.61498,42.90189],[-0.61545,42.90171],[-0.61611,42.90192],[-0.61675,42.90166],[-0.61693,42.90134],[-0.6191,42.90107],[-0.61997,42.90079],[-0.62022,42.90045],[-0.62036,42.89975],[-0.62053,42.89933],[-0.62123,42.89833],[-0.6221,42.89739],[-0.62246,42.89619],[-0.62302,42.89554],[-0.62372,42.89557],[-0.62415,42.89549],[-0.62615,42.89459],[-0.62701,42.89389],[-0.62809,42.89279],[-0.62827,42.89244],[-0.62864,42.89223],[-0.62881,42.89187],[-0.6294,42.8914],[-0.62939,42.89106],[-0.62955,42.89083],[-0.63054,42.89053],[-0.63125,42.88958],[-0.63191,42.88823],[-0.63274,42.88716],[-0.63312,42.88633],[-0.63337,42.88557],[-0.63417,42.88477],[-0.63488,42.88446],[-0.63546,42.88381],[-0.63579,42.88326],[-0.63613,42.8822]],[[-0.64267,42.8822],[-0.64254,42.88253],[-0.64257,42.88304],[-0.64238,42.88367],[-0.64231,42.8851],[-0.64197,42.88554],[-0.64135,42.88606],[-0.64102,42.88715],[-0.641,42.8877],[-0.64113,42.88819],[-0.64123,42.88964],[-0.64138,42.88998],[-0.64056,42.89087],[-0.6403,42.89169],[-0.63991,42.89221],[-0.6395,42.89333],[-0.63889,42.89398],[-0.63883,42.89465],[-0.63859,42.89528],[-0.63817,42.89579],[-0.63723,42.89651],[-0.63589,42.89773],[-0.63572,42.89804],[-0.63525,42.89845],[-0.63498,42.89886],[-0.63464,42.90037],[-0.6347,42.90056],[-0.63527,42.90066],[-0.63544,42.9009],[-0.6353,42.90139],[-0.63487,42.90218],[-0.63437,42.90275],[-0.63355,42.90349],[-0.63247,42.90414],[-0.63226,42.90444],[-0.63226,42.90517],[-0.63261,42.90606],[-0.63281,42.90638],[-0.63276,42.90664],[-0.63247,42.90692],[-0.63253,42.90802],[-0.63235,42.9084],[-0.63226,42.90905],[-0.63235,42.90936],[-0.63262,42.90967],[-0.63268,42.90989],[-0.63249,42.91022],[-0.63124,42.91142],[-0.6313,42.91242],[-0.63107,42.91305],[-0.63171,42.91377],[-0.63208,42.91394],[-0.63248,42.91386],[-0.63249,42.91355],[-0.63234,42.91298],[-0.6324,42.91263],[-0.63262,42.91223],[-0.63289,42.91193],[-0.63354,42.9113],[-0.63392,42.91108],[-0.63411,42.91041],[-0.63403,42.90992],[-0.63411,42.90962],[-0.63508,42.90809],[-0.63523,42.90773],[-0.63566,42.90759],[-0.63689,42.90746],[-0.63747,42.90724],[-0.63909,42.90634],[-0.63969,42.90576],[-0.64025,42.90543],[-0.64047,42.90519],[-0.64082,42.90442],[-0.6414,42.90387],[-0.64172,42.90342],[-0.64178,42.90312],[-0.64162,42.90278],[-0.64163,42.90249],[-0.64194,42.9022],[-0.64191,42.90192],[-0.64246,42.90181],[-0.64306,42.90142],[-0.64309,42.90111],[-0.64301,42.9008],[-0.64308,42.90051],[-0.64283,42.89992],[-0.64273,42.89943],[-0.64314,42.89878],[-0.6432,42.8978],[-0.64308,42.89741],[-0.64276,42.89693],[-0.64272,42.8966],[-0.64285,42.8965],[-0.64333,42.8965],[-0.64354,42.89611],[-0.6436,42.89581],[-0.64342,42.89548],[-0.64374,42.89489],[-0.64354,42.8944],[-0.64394,42.89418],[-0.64402,42.89399],[-0.64398,42.89381],[-0.64377,42.89358],[-0.64382,42.89331],[-0.64413,42.8932],[-0.64476,42.89315],[-0.64507,42.89297],[-0.64514,42.8927],[-0.64508,42.89176],[-0.64525,42.89108],[-0.6457,42.89097],[-0.64639,42.89098],[-0.64701,42.89059],[-0.6474,42.89046],[-0.64823,42.89041],[-0.64889,42.89049],[-0.64927,42.89042],[-0.64967,42.89023],[-0.65048,42.88955],[-0.65217,42.88884],[-0.65276,42.88822],[-0.65326,42.88816],[-0.65382,42.88797],[-0.65417,42.88803],[-0.65379,42.88877],[-0.65341,42.88913],[-0.65326,42.88942],[-0.65282,42.88969],[-0.6526,42.88993],[-0.65238,42.89041],[-0.65234,42.89131],[-0.65241,42.8919],[-0.65236,42.8927],[-0.65219,42.89332],[-0.65238,42.89365],[-0.65279,42.89391],[-0.65276,42.89414],[-0.65241,42.89489],[-0.65231,42.896],[-0.65251,42.89634],[-0.65289,42.898],[-0.65276,42.89813],[-0.65192,42.89853],[-0.65153,42.89889],[-0.65163,42.89916],[-0.65234,42.89968],[-0.65257,42.89994],[-0.65278,42.90049],[-0.65247,42.9016],[-0.65248,42.90209],[-0.65272,42.90231],[-0.65332,42.90248],[-0.6533,42.90277],[-0.65371,42.90326],[-0.65372,42.90353],[-0.65355,42.90383],[-0.65352,42.90405],[-0.65367,42.90528],[-0.65413,42.90554],[-0.65483,42.90574],[-0.65517,42.90573],[-0.65554,42.90555],[-0.65639,42.90416],[-0.65665,42.90358],[-0.65775,42.90217],[-0.65838,42.90166],[-0.65852,42.90126],[-0.65876,42.90095],[-0.65917,42.90055],[-0.66014,42.89988],[-0.66054,42.8997],[-0.66192,42.89941],[-0.6622,42.89882],[-0.66231,42.89886],[-0.66239,42.89902],[-0.66235,42.89936],[-0.66134,42.90022],[-0.66103,42.90084],[-0.66101,42.90128],[-0.66116,42.90162],[-0.66146,42.90186],[-0.66305,42.90192],[-0.6629,42.90274],[-0.6631,42.90327],[-0.66331,42.90345],[-0.66357,42.90351],[-0.66371,42.90335],[-0.66372,42.90302],[-0.6639,42.90301],[-0.66388,42.90337],[-0.6636,42.9036],[-0.66345,42.90402],[-0.66351,42.90427],[-0.66365,42.90431],[-0.66394,42.90416],[-0.664,42.90386],[-0.66414,42.90374],[-0.66428,42.90384],[-0.66438,42.90417],[-0.66476,42.90439],[-0.66591,42.90404],[-0.66612,42.90391],[-0.66632,42.90359],[-0.66642,42.90333],[-0.66644,42.90281],[-0.66665,42.9026]],[[-0.54609,42.90925],[-0.5462,42.90913],[-0.54631,42.90859],[-0.54716,42.90774],[-0.54806,42.90756],[-0.54896,42.90725],[-0.55014,42.90715],[-0.55037,42.907],[-0.55089,42.90641],[-0.55074,42.90553],[-0.55107,42.90495],[-0.55131,42.90433],[-0.55135,42.90412],[-0.55128,42.9039],[-0.55037,42.9033],[-0.54896,42.90263],[-0.54859,42.90232],[-0.54831,42.90193],[-0.5483,42.90163],[-0.54844,42.90121],[-0.54834,42.90058],[-0.54842,42.89996],[-0.54886,42.89913],[-0.54924,42.89864],[-0.5493,42.8984],[-0.54896,42.89751],[-0.54832,42.89691],[-0.54825,42.89665],[-0.54882,42.89594],[-0.54901,42.89581],[-0.55083,42.89534],[-0.5522,42.89531],[-0.55232,42.89522],[-0.5524,42.89499],[-0.55227,42.89463],[-0.55189,42.89418],[-0.55088,42.8935],[-0.55056,42.89339],[-0.54986,42.89335],[-0.54872,42.89342],[-0.54609,42.89382]],[[-0.66332,42.90448],[-0.66345,42.90442],[-0.66334,42.90431],[-0.66332,42.90448]],[[-0.57702,42.8822],[-0.57671,42.88299],[-0.57619,42.88371],[-0.57543,42.88413],[-0.5751,42.88449],[-0.57439,42.88494],[-0.57409,42.88525],[-0.57405,42.88555],[-0.57414,42.88588],[-0.57473,42.88662],[-0.57482,42.8877],[-0.57462,42.88806],[-0.57326,42.88881],[-0.57323,42.88916],[-0.57294,42.88968],[-0.57338,42.88998],[-0.57403,42.89019],[-0.57441,42.89016],[-0.575,42.8898],[-0.57577,42.88909],[-0.57726,42.8887],[-0.57782,42.88846],[-0.57842,42.88835],[-0.5789,42.88809],[-0.57924,42.88718],[-0.5795,42.88699],[-0.58051,42.88661],[-0.58091,42.88637],[-0.58116,42.88605],[-0.58149,42.88528],[-0.58194,42.88498],[-0.58221,42.8847],[-0.58236,42.8843],[-0.58241,42.88384],[-0.58254,42.8836],[-0.58417,42.8822]],[[-0.54609,42.88262],[-0.54639,42.88249],[-0.54658,42.8822]]]}},{"type":"Feature","properties":{"ele":1410},"geometry":{"type":"MultiLineString","coordinates":[[[-0.65933,42.94609],[-0.65901,42.94552],[-0.65858,42.94502],[-0.65806,42.94498],[-0.65695,42.94518],[-0.65667,42.94514],[-0.6548,42.94368],[-0.65292,42.94288],[-0.65139,42.94258],[-0.65011,42.94256],[-0.64915,42.94275],[-0.64861,42.94299],[-0.64806,42.94309],[-0.6477,42.9433],[-0.64804,42.94358],[-0.64896,42.9438],[-0.64975,42.94412],[-0.65027,42.94442],[-0.65025,42.9447],[-0.65109,42.94498],[-0.65286,42.94609]],[[-0.56197,42.94609],[-0.56222,42.94581],[-0.56214,42.94513],[-0.5631,42.94311],[-0.56308,42.94282],[-0.56293,42.94242],[-0.56288,42.94163],[-0.56306,42.94138],[-0.56356,42.94105],[-0.56419,42.93976],[-0.56449,42.93941],[-0.56443,42.93914],[-0.56412,42.93889],[-0.56365,42.93822],[-0.56309,42.93763],[-0.56302,42.93701],[-0.56282,42.93631],[-0.56285,42.93607],[-0.5631,42.93556],[-0.56303,42.93527],[-0.56208,42.93488],[-0.56137,42.93469],[-0.56045,42.93459],[-0.55994,42.93443],[-0.55982,42.93411],[-0.55838,42.93368],[-0.55723,42.93284],[-0.55696,42.93274],[-0.55611,42.93267],[-0.55417,42.93272],[-0.55394,42.93246],[-0.55392,42.93185],[-0.55359,42.93109],[-0.55195,42.93035],[-0.55025,42.93023],[-0.54952,42.93035],[-0.54917,42.93056],[-0.54887,42.93053],[-0.54918,42.93031],[-0.54925,42.9301],[-0.54918,42.92943],[-0.54906,42.92912],[-0.54973,42.92864],[-0.55065,42.92837],[-0.55109,42.92803],[-0.55136,42.92795],[-0.55276,42.92834],[-0.55333,42.92833],[-0.55368,42.9284],[-0.55464,42.92879],[-0.55576,42.92935],[-0.557,42.92968],[-0.5599,42.92992],[-0.56076,42.92981],[-0.56098,42.92966],[-0.56115,42.92914],[-0.5617,42.92862],[-0.56266,42.9283],[-0.56295,42.92807],[-0.56294,42.92794],[-0.56255,42.92735],[-0.56218,42.92609],[-0.56145,42.9252],[-0.56108,42.92443],[-0.56024,42.92428],[-0.55859,42.92373],[-0.55833,42.92349],[-0.55776,42.92247],[-0.55749,42.92219],[-0.55665,42.92195],[-0.5558,42.92131],[-0.55498,42.92105],[-0.55393,42.92086],[-0.55322,42.92056],[-0.55229,42.92039],[-0.55156,42.92002],[-0.5502,42.91972],[-0.54944,42.91942],[-0.5483,42.91914],[-0.54779,42.91911],[-0.5466,42.9193],[-0.54609,42.91925]],[[-0.64498,42.94415],[-0.64525,42.94382],[-0.64578,42.94357],[-0.64598,42.94331],[-0.64552,42.94329],[-0.64467,42.94355],[-0.64404,42.94384],[-0.64377,42.94413],[-0.64434,42.94432],[-0.64498,42.94415]],[[-0.59689,42.8822],[-0.5971,42.88301],[-0.59657,42.88358],[-0.59675,42.88418],[-0.59649,42.88432],[-0.59591,42.88448],[-0.59557,42.88503],[-0.59545,42.88511],[-0.59517,42.88517],[-0.59445,42.88513],[-0.59408,42.88523],[-0.59361,42.88584],[-0.59306,42.88719],[-0.59244,42.88774],[-0.59221,42.88804],[-0.59212,42.8883],[-0.5922,42.88858],[-0.59268,42.88912],[-0.59279,42.88943],[-0.59024,42.88955],[-0.58958,42.88944],[-0.58837,42.88938],[-0.58743,42.88909],[-0.58719,42.88913],[-0.58656,42.88952],[-0.58563,42.88933],[-0.58546,42.88936],[-0.58539,42.88954],[-0.58549,42.88998],[-0.58564,42.89024],[-0.58673,42.89104],[-0.58693,42.89136],[-0.58694,42.89224],[-0.58673,42.89249],[-0.58527,42.89284],[-0.5851,42.89306],[-0.58499,42.89361],[-0.58479,42.89377],[-0.58465,42.8938],[-0.58406,42.89363],[-0.58359,42.89388],[-0.5837,42.89423],[-0.58438,42.89504],[-0.58529,42.8955],[-0.58557,42.89577],[-0.58572,42.89619],[-0.58662,42.89729],[-0.5867,42.89751],[-0.58664,42.8979],[-0.58636,42.8984],[-0.58618,42.89858],[-0.58778,42.89878],[-0.58917,42.89923],[-0.59014,42.89922],[-0.59084,42.89967],[-0.59107,42.89999],[-0.59139,42.90003],[-0.59194,42.89994],[-0.59217,42.89999],[-0.59228,42.90027],[-0.59231,42.901],[-0.59214,42.90137],[-0.59274,42.90159],[-0.59357,42.90172],[-0.5941,42.90229],[-0.59475,42.90246],[-0.59452,42.90305],[-0.59455,42.90332],[-0.59587,42.90385],[-0.59609,42.90414],[-0.59674,42.90469],[-0.59677,42.90503],[-0.59703,42.90553],[-0.5963,42.90632],[-0.59646,42.90658],[-0.59645,42.90675],[-0.59605,42.9072],[-0.5959,42.90777],[-0.59554,42.90831],[-0.59497,42.90882],[-0.59468,42.9093],[-0.59404,42.90993],[-0.59395,42.91013],[-0.59408,42.91054],[-0.59476,42.91128],[-0.59486,42.91152],[-0.59441,42.91329],[-0.59445,42.91354],[-0.5949,42.91423],[-0.5954,42.91476],[-0.59562,42.91548],[-0.5955,42.91631],[-0.59533,42.91687],[-0.59535,42.9177],[-0.59549,42.91808],[-0.5955,42.91867],[-0.59515,42.91961],[-0.59513,42.92048],[-0.59467,42.92133],[-0.59456,42.92186],[-0.59483,42.92221],[-0.59622,42.92264],[-0.59693,42.92331],[-0.59731,42.9235],[-0.59772,42.92385],[-0.59783,42.92413],[-0.59775,42.92471],[-0.59788,42.92506],[-0.59876,42.92593],[-0.59956,42.92775],[-0.60008,42.92827],[-0.6002,42.9286],[-0.60066,42.92875],[-0.60165,42.92854],[-0.60195,42.92841],[-0.60205,42.92828],[-0.6021,42.92767],[-0.60154,42.92686],[-0.60169,42.92617],[-0.60164,42.9258],[-0.60178,42.92517],[-0.60188,42.92495],[-0.60229,42.9247],[-0.60248,42.92413],[-0.60253,42.92305],[-0.60274,42.92239],[-0.60262,42.92173],[-0.60277,42.92109],[-0.60262,42.92041],[-0.60268,42.92014],[-0.60334,42.91944],[-0.60351,42.91914],[-0.60384,42.91885],[-0.60493,42.91873],[-0.60526,42.91862],[-0.60575,42.91799],[-0.60669,42.91757],[-0.60721,42.91671],[-0.60771,42.91632],[-0.60799,42.9159],[-0.60799,42.91572],[-0.60785,42.9155],[-0.60712,42.91501],[-0.60716,42.91465],[-0.60701,42.91436],[-0.60608,42.91387],[-0.6059,42.91336],[-0.60597,42.91267],[-0.6059,42.9122],[-0.60568,42.91183],[-0.60569,42.91135],[-0.60637,42.91107],[-0.60801,42.90978],[-0.6092,42.90945],[-0.60987,42.90829],[-0.61058,42.90759],[-0.6111,42.9072],[-0.6113,42.90687],[-0.61162,42.90662],[-0.61252,42.90636],[-0.6131,42.9056],[-0.61327,42.90519],[-0.6139,42.90418],[-0.61419,42.90388],[-0.61422,42.90355],[-0.61397,42.90308],[-0.61396,42.90291],[-0.61407,42.90268],[-0.6145,42.90221],[-0.6147,42.90163],[-0.61498,42.90136],[-0.61535,42.90132],[-0.61607,42.90141],[-0.61691,42.90098],[-0.61795,42.90077],[-0.61914,42.90081],[-0.61978,42.90056],[-0.61999,42.90027],[-0.62021,42.89926],[-0.62038,42.89888],[-0.62193,42.89693],[-0.62203,42.89635],[-0.62245,42.89542],[-0.62274,42.89532],[-0.62367,42.89528],[-0.6253,42.89477],[-0.6261,42.89443],[-0.62692,42.89376],[-0.62736,42.89326],[-0.62804,42.8922],[-0.62836,42.89202],[-0.62897,42.89141],[-0.62912,42.89076],[-0.62941,42.89062],[-0.63019,42.89046],[-0.63071,42.88997],[-0.63162,42.88828],[-0.63274,42.8866],[-0.6329,42.88614],[-0.63296,42.88549],[-0.63362,42.885],[-0.63384,42.88467],[-0.63466,42.88438],[-0.63511,42.88384],[-0.63556,42.88308],[-0.63563,42.8822]],[[-0.64304,42.8822],[-0.64278,42.88371],[-0.64289,42.88503],[-0.64277,42.88527],[-0.64183,42.8861],[-0.64137,42.8872],[-0.64149,42.88819],[-0.64146,42.88878],[-0.64169,42.88968],[-0.64167,42.88999],[-0.64101,42.89075],[-0.64085,42.89115],[-0.64076,42.89169],[-0.6403,42.89223],[-0.63999,42.89313],[-0.63972,42.89361],[-0.63928,42.89413],[-0.63919,42.89478],[-0.63885,42.89525],[-0.63884,42.89554],[-0.63895,42.89585],[-0.63868,42.89608],[-0.63823,42.89625],[-0.63743,42.89675],[-0.63689,42.89719],[-0.63554,42.89859],[-0.63527,42.89903],[-0.63524,42.89922],[-0.63547,42.90003],[-0.63585,42.90052],[-0.63596,42.90083],[-0.63551,42.90194],[-0.63497,42.90274],[-0.6347,42.9033],[-0.63287,42.90421],[-0.6325,42.90448],[-0.63248,42.90499],[-0.63288,42.90603],[-0.63318,42.90649],[-0.63294,42.90708],[-0.63317,42.90812],[-0.63308,42.90832],[-0.63264,42.90879],[-0.63257,42.90905],[-0.63266,42.90941],[-0.63302,42.90971],[-0.63308,42.90996],[-0.63233,42.91077],[-0.63213,42.91109],[-0.63173,42.91144],[-0.63165,42.91167],[-0.63189,42.91193],[-0.63221,42.91195],[-0.63249,42.91178],[-0.63287,42.91136],[-0.63332,42.91109],[-0.63376,42.91065],[-0.63383,42.91044],[-0.63372,42.90999],[-0.63377,42.90976],[-0.63472,42.90805],[-0.63496,42.90743],[-0.63603,42.90719],[-0.63691,42.90719],[-0.63853,42.90632],[-0.63886,42.90598],[-0.63917,42.90583],[-0.63937,42.9055],[-0.63999,42.90526],[-0.64026,42.90504],[-0.6405,42.90438],[-0.64128,42.90355],[-0.64141,42.90315],[-0.64122,42.90232],[-0.64126,42.90208],[-0.64136,42.9019],[-0.64178,42.90163],[-0.64195,42.90138],[-0.64251,42.90111],[-0.64255,42.901],[-0.64255,42.90043],[-0.64221,42.90019],[-0.6421,42.89997],[-0.64225,42.89974],[-0.64243,42.89914],[-0.64282,42.8986],[-0.64292,42.89784],[-0.64282,42.89749],[-0.64248,42.89696],[-0.64232,42.89631],[-0.64258,42.89585],[-0.6431,42.89531],[-0.64326,42.89503],[-0.64325,42.89475],[-0.64304,42.89439],[-0.64302,42.89395],[-0.6433,42.89329],[-0.64393,42.89292],[-0.64471,42.89276],[-0.64479,42.8926],[-0.64486,42.89211],[-0.64472,42.89096],[-0.64481,42.89074],[-0.64507,42.8906],[-0.64637,42.8906],[-0.6472,42.89023],[-0.64906,42.89018],[-0.64942,42.88996],[-0.64998,42.88941],[-0.65075,42.88881],[-0.6519,42.88851],[-0.65261,42.88786],[-0.65386,42.88747],[-0.65442,42.88761],[-0.65475,42.88805],[-0.65387,42.88914],[-0.65389,42.88946],[-0.65313,42.88996],[-0.65286,42.89041],[-0.65272,42.8913],[-0.65282,42.89167],[-0.65266,42.89225],[-0.6527,42.89274],[-0.65247,42.8933],[-0.65268,42.8936],[-0.65325,42.89387],[-0.65269,42.89503],[-0.6527,42.89586],[-0.65324,42.89798],[-0.65304,42.89831],[-0.65198,42.89884],[-0.65192,42.89912],[-0.65284,42.89986],[-0.6532,42.90044],[-0.65319,42.90065],[-0.65274,42.90159],[-0.65273,42.90196],[-0.65305,42.90217],[-0.65377,42.90243],[-0.65387,42.90276],[-0.65418,42.90303],[-0.65396,42.90478],[-0.6541,42.90526],[-0.6549,42.90548],[-0.65536,42.90536],[-0.65552,42.9052],[-0.65659,42.9033],[-0.65771,42.90187],[-0.65801,42.90161],[-0.65831,42.90107],[-0.65891,42.90033],[-0.65988,42.89966],[-0.66111,42.89915],[-0.66165,42.89859],[-0.66215,42.89821],[-0.66299,42.89782],[-0.6632,42.89782],[-0.66334,42.89793],[-0.6634,42.89864],[-0.66283,42.89944],[-0.66164,42.90025],[-0.66131,42.90096],[-0.66139,42.90131],[-0.66162,42.90141],[-0.66254,42.90146],[-0.6636,42.90103],[-0.66418,42.90136],[-0.66444,42.90163],[-0.66442,42.90225],[-0.66453,42.90256],[-0.66468,42.90276],[-0.665,42.90275],[-0.66527,42.90296],[-0.66527,42.90305],[-0.66488,42.90334],[-0.66488,42.9038],[-0.66499,42.90395],[-0.66533,42.9039],[-0.66591,42.90362],[-0.66617,42.90278],[-0.66665,42.90226]],[[-0.54609,42.90837],[-0.54698,42.90758],[-0.54806,42.90735],[-0.54896,42.90697],[-0.54969,42.90688],[-0.55001,42.90671],[-0.55037,42.9063],[-0.5504,42.90607],[-0.5503,42.90551],[-0.55074,42.90433],[-0.5507,42.90411],[-0.5504,42.90381],[-0.54969,42.90331],[-0.54885,42.90292],[-0.54836,42.90254],[-0.54803,42.90196],[-0.54818,42.90107],[-0.54794,42.9003],[-0.54794,42.90001],[-0.5486,42.89887],[-0.54891,42.8986],[-0.54901,42.89829],[-0.54879,42.89776],[-0.54805,42.89717],[-0.54789,42.8968],[-0.54792,42.89652],[-0.54849,42.89582],[-0.54882,42.89564],[-0.55004,42.89541],[-0.55083,42.89516],[-0.5519,42.89507],[-0.5521,42.89491],[-0.55187,42.89448],[-0.55153,42.89417],[-0.55092,42.89387],[-0.55067,42.89358],[-0.55035,42.8935],[-0.54863,42.89356],[-0.54609,42.89414]],[[-0.59165,42.90167],[-0.5917,42.90164],[-0.59163,42.90159],[-0.59125,42.90152],[-0.59101,42.90163],[-0.59125,42.90174],[-0.59165,42.90167]],[[-0.57751,42.8822],[-0.57692,42.88309],[-0.57665,42.88372],[-0.57609,42.8844],[-0.57562,42.88471],[-0.57465,42.88517],[-0.57445,42.88538],[-0.5744,42.88554],[-0.57446,42.88577],[-0.57516,42.88659],[-0.57523,42.8877],[-0.57499,42.8881],[-0.57365,42.88886],[-0.57361,42.88919],[-0.57339,42.88967],[-0.57384,42.88997],[-0.57418,42.89],[-0.57452,42.88985],[-0.5756,42.88889],[-0.57712,42.88853],[-0.57767,42.88822],[-0.57826,42.88823],[-0.57865,42.88805],[-0.57882,42.88774],[-0.57887,42.88719],[-0.57914,42.88692],[-0.58079,42.88634],[-0.58094,42.8861],[-0.58107,42.88553],[-0.58121,42.88527],[-0.58192,42.88468],[-0.58205,42.88392],[-0.58218,42.88357],[-0.58372,42.8822]]]}},{"type":"Feature","properties":{"ele":1420},"geometry":{"type":"MultiLineString","coordinates":[[[-0.65924,42.94609],[-0.65858,42.94518],[-0.65806,42.94511],[-0.65695,42.94535],[-0.6566,42.94531],[-0.65586,42.94478],[-0.65488,42.94383],[-0.65448,42.94366],[-0.65381,42.9436],[-0.65359,42.94331],[-0.65305,42.94303],[-0.65205,42.94291],[-0.65128,42.94269],[-0.64993,42.94271],[-0.64965,42.94275],[-0.6484,42.9433],[-0.6486,42.94358],[-0.64948,42.94381],[-0.65045,42.94432],[-0.65085,42.94469],[-0.65313,42.94609]],[[-0.56169,42.94609],[-0.56198,42.94581],[-0.56202,42.94555],[-0.56192,42.94525],[-0.56198,42.94505],[-0.56237,42.94411],[-0.56293,42.94312],[-0.5626,42.94164],[-0.56326,42.94103],[-0.56422,42.93938],[-0.56417,42.93913],[-0.56357,42.93833],[-0.56294,42.93766],[-0.5627,42.93631],[-0.56272,42.93605],[-0.56292,42.93558],[-0.56279,42.93525],[-0.56149,42.93483],[-0.56028,42.93469],[-0.55937,42.93443],[-0.55927,42.93413],[-0.55836,42.93385],[-0.55687,42.93298],[-0.55615,42.93288],[-0.5542,42.93287],[-0.55392,42.93278],[-0.5538,42.93249],[-0.5538,42.93187],[-0.55359,42.93131],[-0.55325,42.93103],[-0.55191,42.93055],[-0.55136,42.93043],[-0.55014,42.93039],[-0.54964,42.93047],[-0.54888,42.93082],[-0.54857,42.93085],[-0.54848,42.93077],[-0.54858,42.93052],[-0.54891,42.93025],[-0.54878,42.92998],[-0.5489,42.92946],[-0.54874,42.92919],[-0.54877,42.92907],[-0.54983,42.92835],[-0.55059,42.92819],[-0.55111,42.92772],[-0.5514,42.92774],[-0.55278,42.92818],[-0.55371,42.92826],[-0.55467,42.92862],[-0.55581,42.92923],[-0.55701,42.92956],[-0.55993,42.92982],[-0.56082,42.9297],[-0.56097,42.92912],[-0.56161,42.92849],[-0.56276,42.92803],[-0.56242,42.92749],[-0.56231,42.92687],[-0.56199,42.92605],[-0.56133,42.92527],[-0.56106,42.92473],[-0.56092,42.92459],[-0.55858,42.92387],[-0.55825,42.92359],[-0.55751,42.92244],[-0.55662,42.9221],[-0.55557,42.92135],[-0.55399,42.92098],[-0.55306,42.92063],[-0.55226,42.92048],[-0.55159,42.92015],[-0.55004,42.91977],[-0.54913,42.91943],[-0.54795,42.9192],[-0.54667,42.91938],[-0.54609,42.91933]],[[-0.64471,42.94417],[-0.64501,42.94389],[-0.64498,42.94377],[-0.64472,42.94372],[-0.6444,42.94379],[-0.64406,42.94412],[-0.64434,42.94422],[-0.64471,42.94417]],[[-0.59709,42.8822],[-0.59728,42.88251],[-0.59734,42.88294],[-0.59687,42.88358],[-0.59688,42.88385],[-0.597,42.88413],[-0.59693,42.88429],[-0.59665,42.88452],[-0.59606,42.88466],[-0.59576,42.8852],[-0.5956,42.88533],[-0.59455,42.88528],[-0.59415,42.88545],[-0.59349,42.88656],[-0.59329,42.88716],[-0.59244,42.88803],[-0.59236,42.88826],[-0.59238,42.88843],[-0.59279,42.88886],[-0.59307,42.88943],[-0.59257,42.88959],[-0.5917,42.88957],[-0.59032,42.88972],[-0.58958,42.88958],[-0.58854,42.88953],[-0.58743,42.88919],[-0.58719,42.88925],[-0.5866,42.88962],[-0.58574,42.88958],[-0.5856,42.88982],[-0.58577,42.89027],[-0.58683,42.89105],[-0.58703,42.89133],[-0.58702,42.89244],[-0.58681,42.89254],[-0.58578,42.89275],[-0.58532,42.89294],[-0.58522,42.89303],[-0.58516,42.89357],[-0.58501,42.89395],[-0.58472,42.89403],[-0.58413,42.89381],[-0.584,42.8939],[-0.58395,42.89412],[-0.58443,42.89497],[-0.58554,42.89557],[-0.58571,42.8958],[-0.58578,42.89612],[-0.58667,42.89718],[-0.58678,42.8976],[-0.58665,42.89838],[-0.58698,42.89855],[-0.58802,42.89873],[-0.5891,42.89903],[-0.59025,42.89886],[-0.59068,42.89887],[-0.59136,42.8993],[-0.59191,42.89926],[-0.59229,42.89941],[-0.59252,42.89973],[-0.59257,42.90024],[-0.59251,42.901],[-0.59258,42.90117],[-0.59288,42.90135],[-0.59417,42.90135],[-0.5943,42.90196],[-0.59503,42.90245],[-0.5948,42.90301],[-0.59495,42.9033],[-0.59623,42.90387],[-0.59692,42.90449],[-0.59749,42.90521],[-0.59735,42.9055],[-0.59674,42.90614],[-0.59664,42.90636],[-0.5967,42.90667],[-0.59633,42.90722],[-0.59612,42.90778],[-0.59422,42.91006],[-0.59439,42.91063],[-0.59455,42.91084],[-0.59494,42.91113],[-0.59503,42.91152],[-0.59474,42.91284],[-0.5947,42.91359],[-0.595,42.91412],[-0.5957,42.91493],[-0.59582,42.91553],[-0.59571,42.91579],[-0.59568,42.91631],[-0.59553,42.91691],[-0.5955,42.91774],[-0.59566,42.91809],[-0.59566,42.91881],[-0.59531,42.91964],[-0.59526,42.92054],[-0.59496,42.92109],[-0.59478,42.92183],[-0.59504,42.92211],[-0.59634,42.92252],[-0.59788,42.92381],[-0.59804,42.92414],[-0.59794,42.92468],[-0.59804,42.92497],[-0.59898,42.92601],[-0.59928,42.92664],[-0.59936,42.92697],[-0.59964,42.92742],[-0.59969,42.92776],[-0.60027,42.9283],[-0.60044,42.92858],[-0.60063,42.92863],[-0.60156,42.92847],[-0.60192,42.92825],[-0.60195,42.92772],[-0.60141,42.9269],[-0.60152,42.9261],[-0.60148,42.92579],[-0.60164,42.92497],[-0.60208,42.92466],[-0.60232,42.92399],[-0.60234,42.92312],[-0.60258,42.92235],[-0.60246,42.92165],[-0.6026,42.921],[-0.60245,42.92034],[-0.60254,42.92006],[-0.60341,42.91899],[-0.60389,42.91873],[-0.60501,42.91859],[-0.60556,42.91796],[-0.60658,42.91746],[-0.60706,42.91666],[-0.60757,42.91616],[-0.60769,42.91593],[-0.60756,42.91553],[-0.60709,42.91527],[-0.60686,42.91505],[-0.60679,42.9144],[-0.60611,42.91404],[-0.60588,42.91375],[-0.60575,42.91333],[-0.60582,42.91275],[-0.60575,42.91228],[-0.60552,42.91193],[-0.60551,42.91131],[-0.60643,42.91084],[-0.60772,42.90969],[-0.60876,42.90941],[-0.60915,42.90919],[-0.60971,42.90831],[-0.61026,42.90776],[-0.61096,42.90687],[-0.61135,42.90658],[-0.61224,42.90624],[-0.61294,42.90557],[-0.61327,42.90487],[-0.61399,42.90377],[-0.614,42.9035],[-0.61377,42.90304],[-0.6138,42.90277],[-0.61432,42.90218],[-0.61468,42.90142],[-0.61487,42.90124],[-0.61511,42.90114],[-0.61594,42.90122],[-0.61667,42.90086],[-0.61771,42.90061],[-0.61892,42.90067],[-0.6195,42.90052],[-0.61974,42.90032],[-0.61992,42.9],[-0.62006,42.89919],[-0.62022,42.89886],[-0.62174,42.89691],[-0.62193,42.89612],[-0.62211,42.89572],[-0.62219,42.89525],[-0.62354,42.89514],[-0.62576,42.89449],[-0.62694,42.89363],[-0.62737,42.89309],[-0.6278,42.89222],[-0.6283,42.8919],[-0.62878,42.8914],[-0.62892,42.89082],[-0.62909,42.89054],[-0.6302,42.89031],[-0.63069,42.88979],[-0.6311,42.88887],[-0.63265,42.88645],[-0.63277,42.88609],[-0.63274,42.88549],[-0.63297,42.88526],[-0.63343,42.88501],[-0.63362,42.88467],[-0.63436,42.88436],[-0.63463,42.88417],[-0.6353,42.88336],[-0.63542,42.88301],[-0.63539,42.8822]],[[-0.63276,42.91117],[-0.63333,42.9109],[-0.63356,42.91067],[-0.63366,42.91047],[-0.6336,42.91013],[-0.63337,42.91009],[-0.63306,42.91023],[-0.63247,42.9108],[-0.63246,42.91113],[-0.63276,42.91117]],[[-0.64315,42.8822],[-0.64292,42.88364],[-0.6431,42.88498],[-0.64194,42.88626],[-0.64159,42.8872],[-0.64163,42.88865],[-0.64183,42.88996],[-0.64167,42.89027],[-0.64114,42.89084],[-0.64108,42.89108],[-0.64112,42.89137],[-0.64104,42.89154],[-0.64044,42.89232],[-0.64007,42.89338],[-0.6395,42.8942],[-0.63936,42.89492],[-0.6391,42.89534],[-0.63921,42.8959],[-0.63905,42.89611],[-0.63746,42.8969],[-0.63556,42.89889],[-0.63546,42.89916],[-0.63566,42.89989],[-0.63611,42.90053],[-0.6362,42.9009],[-0.63579,42.90193],[-0.63522,42.90271],[-0.63501,42.90332],[-0.63466,42.90358],[-0.63275,42.90445],[-0.63266,42.90482],[-0.63276,42.90548],[-0.63306,42.90605],[-0.63337,42.9064],[-0.63337,42.90666],[-0.63323,42.90698],[-0.63345,42.90801],[-0.63336,42.90832],[-0.63275,42.90885],[-0.63273,42.90918],[-0.63286,42.90945],[-0.63334,42.9098],[-0.6336,42.90974],[-0.63447,42.9081],[-0.63468,42.90746],[-0.6349,42.90718],[-0.63677,42.90705],[-0.63807,42.90641],[-0.63859,42.90608],[-0.63917,42.90546],[-0.63972,42.90526],[-0.64004,42.90501],[-0.64038,42.90433],[-0.6411,42.90359],[-0.64125,42.90319],[-0.64106,42.90215],[-0.64208,42.90096],[-0.64204,42.90069],[-0.64175,42.90023],[-0.64179,42.89982],[-0.64208,42.89942],[-0.64217,42.89908],[-0.64258,42.89864],[-0.64276,42.89828],[-0.64277,42.89774],[-0.64218,42.8966],[-0.64212,42.89635],[-0.64215,42.89612],[-0.64234,42.89577],[-0.64289,42.89528],[-0.64306,42.89502],[-0.64287,42.8944],[-0.64283,42.89392],[-0.64314,42.89331],[-0.64334,42.89307],[-0.64386,42.89274],[-0.64441,42.89264],[-0.6447,42.89246],[-0.64474,42.89187],[-0.64454,42.89096],[-0.64469,42.89045],[-0.64504,42.89037],[-0.64636,42.89042],[-0.64696,42.89019],[-0.64767,42.8901],[-0.64803,42.88997],[-0.64858,42.8901],[-0.64895,42.89005],[-0.64944,42.88972],[-0.65028,42.88888],[-0.65079,42.8885],[-0.65124,42.88831],[-0.65198,42.88823],[-0.65224,42.88807],[-0.65252,42.88769],[-0.65361,42.8873],[-0.65417,42.88723],[-0.65447,42.88693],[-0.65486,42.88678],[-0.65502,42.8868],[-0.65513,42.88691],[-0.65492,42.88726],[-0.65489,42.88773],[-0.65499,42.88804],[-0.65444,42.8886],[-0.65393,42.8897],[-0.65334,42.89005],[-0.65301,42.8905],[-0.65308,42.89082],[-0.65295,42.89128],[-0.653,42.89166],[-0.65281,42.89225],[-0.65289,42.89273],[-0.65266,42.89322],[-0.65277,42.89346],[-0.65341,42.89359],[-0.65351,42.89378],[-0.65284,42.89506],[-0.65285,42.89596],[-0.65306,42.89693],[-0.65325,42.89747],[-0.65343,42.89773],[-0.65343,42.89794],[-0.65311,42.89839],[-0.65217,42.89885],[-0.65212,42.89905],[-0.65215,42.89918],[-0.65306,42.89992],[-0.6534,42.90044],[-0.65338,42.90064],[-0.6529,42.90159],[-0.65292,42.90193],[-0.65386,42.90229],[-0.65447,42.903],[-0.65433,42.90337],[-0.65412,42.90465],[-0.65417,42.90498],[-0.65442,42.90525],[-0.65462,42.90531],[-0.65497,42.90535],[-0.65527,42.90527],[-0.65644,42.90335],[-0.6588,42.90023],[-0.6597,42.89959],[-0.66087,42.89903],[-0.66134,42.89857],[-0.66224,42.89791],[-0.66299,42.89759],[-0.66329,42.89759],[-0.66346,42.89775],[-0.66368,42.89855],[-0.6636,42.89886],[-0.6631,42.89942],[-0.66164,42.90049],[-0.6615,42.901],[-0.66153,42.90113],[-0.66171,42.90123],[-0.6625,42.90127],[-0.66351,42.90079],[-0.66374,42.90081],[-0.66443,42.90114],[-0.66496,42.90196],[-0.66545,42.90218],[-0.66549,42.90255],[-0.6658,42.90294],[-0.66635,42.90245],[-0.66665,42.90199]],[[-0.54609,42.90815],[-0.54655,42.90769],[-0.54692,42.90747],[-0.54798,42.90727],[-0.54884,42.90685],[-0.54974,42.90669],[-0.55006,42.9064],[-0.55016,42.90614],[-0.55009,42.90548],[-0.55038,42.90444],[-0.55037,42.90412],[-0.54942,42.90331],[-0.54884,42.90308],[-0.5483,42.90276],[-0.54787,42.90215],[-0.54786,42.9018],[-0.54805,42.90107],[-0.54774,42.90027],[-0.54773,42.89997],[-0.54834,42.8989],[-0.54871,42.89863],[-0.54888,42.8983],[-0.5486,42.89775],[-0.5478,42.89716],[-0.5477,42.8966],[-0.54831,42.89581],[-0.54868,42.89558],[-0.55007,42.89531],[-0.55073,42.89507],[-0.55153,42.89498],[-0.55176,42.89471],[-0.55164,42.89443],[-0.55134,42.89416],[-0.55079,42.89389],[-0.5505,42.89361],[-0.55024,42.89355],[-0.54865,42.89362],[-0.54609,42.89423]],[[-0.59165,42.89972],[-0.59172,42.89969],[-0.59166,42.89961],[-0.59151,42.89968],[-0.59165,42.89972]],[[-0.5779,42.8822],[-0.57753,42.88249],[-0.57672,42.88388],[-0.57612,42.8847],[-0.57489,42.88522],[-0.57468,42.88544],[-0.57474,42.88578],[-0.57538,42.8866],[-0.57537,42.88777],[-0.57525,42.88802],[-0.57497,42.88828],[-0.57382,42.88885],[-0.57358,42.8897],[-0.57392,42.88985],[-0.57424,42.88984],[-0.57463,42.88961],[-0.57547,42.88882],[-0.57637,42.88866],[-0.57717,42.88837],[-0.57757,42.8881],[-0.57826,42.88813],[-0.57849,42.88804],[-0.57865,42.8878],[-0.57869,42.88732],[-0.57889,42.88693],[-0.57927,42.88674],[-0.58051,42.88643],[-0.58072,42.88628],[-0.58085,42.88611],[-0.58092,42.88558],[-0.58108,42.88526],[-0.58176,42.88464],[-0.58188,42.88393],[-0.58205,42.88357],[-0.58352,42.8822]]]}},{"type":"Feature","properties":{"ele":1430},"geometry":{"type":"MultiLineString","coordinates":[[[-0.65914,42.94609],[-0.65891,42.94571],[-0.65851,42.9453],[-0.65803,42.94524],[-0.65701,42.9455],[-0.65663,42.94546],[-0.65574,42.94499],[-0.6551,42.94414],[-0.65473,42.94384],[-0.65372,42.94374],[-0.65332,42.94359],[-0.65302,42.94335],[-0.65276,42.94331],[-0.65243,42.94314],[-0.65192,42.94306],[-0.65118,42.94282],[-0.65007,42.94286],[-0.64884,42.9433],[-0.64919,42.94357],[-0.6506,42.94422],[-0.65167,42.94496],[-0.65193,42.94525],[-0.65308,42.94577],[-0.65341,42.94609]],[[-0.56142,42.94609],[-0.56178,42.94578],[-0.56181,42.94497],[-0.56206,42.94454],[-0.56218,42.94411],[-0.56279,42.94307],[-0.56256,42.94249],[-0.56237,42.94161],[-0.56336,42.94055],[-0.56398,42.9394],[-0.56394,42.93911],[-0.56291,42.93787],[-0.56273,42.93753],[-0.56258,42.93617],[-0.56278,42.9355],[-0.56249,42.93525],[-0.56208,42.93509],[-0.56028,42.93479],[-0.55879,42.93443],[-0.55868,42.93413],[-0.55804,42.93386],[-0.55684,42.93317],[-0.5539,42.93296],[-0.55371,42.93263],[-0.55372,42.93197],[-0.55356,42.9315],[-0.55331,42.93119],[-0.55298,42.93101],[-0.55156,42.93062],[-0.55021,42.93054],[-0.54972,42.93061],[-0.54833,42.9311],[-0.54803,42.93112],[-0.54835,42.93025],[-0.54803,42.92997],[-0.54859,42.92942],[-0.54846,42.92912],[-0.54854,42.92886],[-0.54899,42.92872],[-0.54971,42.9282],[-0.55032,42.92806],[-0.55079,42.92771],[-0.55118,42.9276],[-0.55283,42.92802],[-0.55372,42.92812],[-0.55477,42.92851],[-0.55526,42.92886],[-0.55581,42.9291],[-0.55695,42.92941],[-0.55986,42.92971],[-0.56049,42.92969],[-0.56068,42.92947],[-0.5608,42.92908],[-0.56158,42.92831],[-0.56235,42.92799],[-0.56221,42.92744],[-0.56221,42.92692],[-0.56183,42.92609],[-0.56112,42.92523],[-0.56082,42.92469],[-0.55832,42.92386],[-0.55747,42.92265],[-0.55641,42.92217],[-0.55581,42.92165],[-0.55528,42.92136],[-0.55395,42.92108],[-0.55292,42.92069],[-0.55213,42.92055],[-0.55148,42.92023],[-0.55004,42.91987],[-0.5491,42.91952],[-0.54795,42.9193],[-0.54663,42.91947],[-0.54609,42.9194]],[[-0.5973,42.8822],[-0.59752,42.88249],[-0.59758,42.88294],[-0.59716,42.88357],[-0.59711,42.88385],[-0.59716,42.88419],[-0.59699,42.88472],[-0.59643,42.88481],[-0.59619,42.88494],[-0.59584,42.88556],[-0.59479,42.88544],[-0.59438,42.88551],[-0.59369,42.88652],[-0.59361,42.88694],[-0.59349,42.88715],[-0.59267,42.88801],[-0.59261,42.88836],[-0.59333,42.88925],[-0.5934,42.8894],[-0.59335,42.88952],[-0.59252,42.88973],[-0.59165,42.8897],[-0.59122,42.8898],[-0.59042,42.88984],[-0.58955,42.88971],[-0.58867,42.88968],[-0.58743,42.8893],[-0.58718,42.88937],[-0.58668,42.88973],[-0.58582,42.8897],[-0.58577,42.89],[-0.58589,42.89028],[-0.587,42.89107],[-0.58711,42.89124],[-0.58721,42.89248],[-0.58544,42.89299],[-0.58536,42.89312],[-0.58524,42.89382],[-0.58501,42.8942],[-0.58444,42.8943],[-0.58435,42.89448],[-0.58441,42.89472],[-0.58461,42.895],[-0.58545,42.89536],[-0.58585,42.89578],[-0.58596,42.89617],[-0.58681,42.89732],[-0.58686,42.89834],[-0.58726,42.8985],[-0.58915,42.89887],[-0.59111,42.89867],[-0.59277,42.89942],[-0.59299,42.90109],[-0.59443,42.90108],[-0.59469,42.90178],[-0.59516,42.90246],[-0.59512,42.90301],[-0.59528,42.90329],[-0.5965,42.90385],[-0.59721,42.90442],[-0.59769,42.905],[-0.59767,42.90541],[-0.59698,42.90611],[-0.5969,42.90636],[-0.59694,42.90665],[-0.59652,42.90716],[-0.5963,42.90778],[-0.59443,42.91002],[-0.59442,42.91027],[-0.59465,42.91062],[-0.59526,42.91109],[-0.59513,42.91225],[-0.59488,42.91336],[-0.5949,42.91362],[-0.59524,42.91417],[-0.59581,42.91473],[-0.59596,42.91513],[-0.5957,42.91756],[-0.59582,42.91803],[-0.59585,42.91887],[-0.59556,42.9194],[-0.5954,42.92055],[-0.59495,42.92168],[-0.59501,42.92188],[-0.59516,42.92198],[-0.59645,42.92241],[-0.59694,42.92275],[-0.59809,42.92382],[-0.59821,42.92416],[-0.59813,42.92468],[-0.59822,42.92491],[-0.59911,42.92586],[-0.5995,42.92659],[-0.59956,42.92697],[-0.59988,42.92742],[-0.59993,42.92777],[-0.6005,42.92843],[-0.6008,42.9285],[-0.60168,42.92835],[-0.6018,42.92812],[-0.60173,42.92773],[-0.60121,42.92686],[-0.60133,42.92614],[-0.60131,42.92577],[-0.60146,42.9251],[-0.60194,42.92453],[-0.60215,42.92392],[-0.6021,42.92353],[-0.60216,42.92309],[-0.6024,42.92235],[-0.60231,42.92162],[-0.60244,42.9209],[-0.6023,42.92034],[-0.6024,42.92001],[-0.60346,42.9186],[-0.60476,42.91852],[-0.60503,42.91837],[-0.60555,42.91776],[-0.60636,42.91742],[-0.60661,42.91717],[-0.60689,42.91662],[-0.60736,42.916],[-0.60731,42.9157],[-0.60681,42.91527],[-0.60662,42.91501],[-0.60656,42.91443],[-0.60606,42.91416],[-0.6057,42.91367],[-0.60562,42.91336],[-0.60567,42.91284],[-0.60559,42.91223],[-0.60532,42.91169],[-0.60534,42.91138],[-0.60547,42.91111],[-0.60616,42.91082],[-0.60744,42.90964],[-0.60887,42.90914],[-0.60915,42.90887],[-0.60969,42.90802],[-0.61001,42.90777],[-0.61025,42.90726],[-0.61056,42.90693],[-0.61118,42.90647],[-0.6122,42.90608],[-0.61245,42.90576],[-0.61277,42.90554],[-0.61292,42.90513],[-0.61382,42.90371],[-0.61382,42.9035],[-0.61358,42.90305],[-0.6136,42.90279],[-0.6141,42.90221],[-0.6147,42.90107],[-0.61504,42.90095],[-0.61583,42.90103],[-0.61656,42.90066],[-0.61757,42.90043],[-0.61889,42.90049],[-0.61945,42.9003],[-0.61979,42.89994],[-0.61997,42.89903],[-0.62058,42.89807],[-0.62167,42.89671],[-0.62196,42.89558],[-0.62191,42.89523],[-0.6224,42.89507],[-0.62358,42.89496],[-0.62472,42.8946],[-0.62571,42.8944],[-0.62611,42.89418],[-0.62691,42.89356],[-0.62727,42.89308],[-0.62773,42.8921],[-0.62859,42.89136],[-0.62878,42.89051],[-0.62913,42.89038],[-0.62999,42.89026],[-0.6306,42.88976],[-0.63108,42.88858],[-0.63253,42.8864],[-0.63263,42.886],[-0.63255,42.88555],[-0.63265,42.88532],[-0.63331,42.88497],[-0.63359,42.88442],[-0.63406,42.88433],[-0.63444,42.88416],[-0.63517,42.88329],[-0.63527,42.88302],[-0.63516,42.8822]],[[-0.64326,42.8822],[-0.64329,42.88256],[-0.6431,42.88308],[-0.64307,42.88343],[-0.64309,42.88381],[-0.64323,42.88416],[-0.64326,42.88496],[-0.6421,42.8863],[-0.64183,42.88725],[-0.64187,42.88826],[-0.64181,42.88864],[-0.64196,42.88914],[-0.64199,42.88997],[-0.6414,42.89083],[-0.64131,42.89138],[-0.64108,42.89183],[-0.6405,42.89245],[-0.6403,42.89338],[-0.63969,42.89438],[-0.63965,42.89517],[-0.63947,42.89555],[-0.63948,42.89589],[-0.63938,42.89607],[-0.63916,42.89623],[-0.63745,42.89712],[-0.63691,42.89782],[-0.63581,42.89885],[-0.63568,42.89916],[-0.63579,42.89974],[-0.63593,42.90003],[-0.63635,42.90055],[-0.63646,42.90083],[-0.63643,42.9011],[-0.63611,42.90194],[-0.63546,42.90271],[-0.63528,42.90332],[-0.63489,42.90361],[-0.63353,42.90422],[-0.63318,42.90446],[-0.63292,42.90479],[-0.63283,42.90513],[-0.63284,42.90537],[-0.63306,42.90578],[-0.63353,42.90635],[-0.63351,42.90694],[-0.63376,42.90732],[-0.63392,42.90774],[-0.63372,42.90832],[-0.63295,42.90885],[-0.63292,42.90912],[-0.63303,42.90943],[-0.63333,42.90949],[-0.63361,42.90945],[-0.63399,42.90846],[-0.63422,42.9081],[-0.63427,42.90751],[-0.63467,42.90712],[-0.63517,42.90694],[-0.6359,42.907],[-0.63667,42.90693],[-0.63811,42.90619],[-0.63861,42.90583],[-0.63909,42.90524],[-0.63974,42.90498],[-0.64111,42.90333],[-0.64093,42.90225],[-0.64106,42.9019],[-0.64148,42.90139],[-0.64172,42.90084],[-0.64151,42.90024],[-0.64157,42.8997],[-0.64206,42.89888],[-0.64248,42.89842],[-0.64259,42.89805],[-0.64255,42.89764],[-0.64225,42.89689],[-0.64197,42.89645],[-0.642,42.89603],[-0.6422,42.89552],[-0.64248,42.89525],[-0.64266,42.89468],[-0.64269,42.89383],[-0.64307,42.89306],[-0.64385,42.89245],[-0.64434,42.89245],[-0.64448,42.89234],[-0.64457,42.89173],[-0.64438,42.89086],[-0.64445,42.89055],[-0.64468,42.8902],[-0.645,42.89013],[-0.64638,42.89026],[-0.64799,42.88987],[-0.64858,42.88999],[-0.6488,42.88994],[-0.64938,42.88954],[-0.65026,42.88859],[-0.65069,42.88828],[-0.65104,42.88816],[-0.65198,42.88809],[-0.65245,42.88745],[-0.65315,42.88724],[-0.65359,42.88692],[-0.65424,42.88684],[-0.65526,42.88634],[-0.65557,42.88688],[-0.65558,42.88704],[-0.6555,42.88742],[-0.6552,42.88772],[-0.65517,42.88812],[-0.65502,42.88834],[-0.65468,42.88858],[-0.65416,42.88971],[-0.65348,42.89021],[-0.65324,42.89054],[-0.65315,42.89166],[-0.65296,42.89222],[-0.65309,42.89276],[-0.65291,42.89303],[-0.65287,42.89325],[-0.65301,42.89338],[-0.65365,42.89347],[-0.65383,42.89364],[-0.653,42.89495],[-0.65296,42.89586],[-0.65319,42.89697],[-0.65332,42.89729],[-0.65365,42.89772],[-0.65367,42.89794],[-0.65364,42.89805],[-0.65304,42.89859],[-0.65246,42.89886],[-0.65238,42.89908],[-0.65259,42.89939],[-0.65324,42.89997],[-0.6536,42.90052],[-0.65304,42.90164],[-0.6531,42.90187],[-0.65411,42.90222],[-0.65464,42.90298],[-0.6543,42.90468],[-0.65435,42.90501],[-0.65483,42.90521],[-0.65529,42.90502],[-0.65636,42.90331],[-0.65816,42.90093],[-0.65864,42.9002],[-0.66022,42.89907],[-0.66079,42.89884],[-0.66116,42.89848],[-0.66174,42.89813],[-0.66217,42.89769],[-0.66302,42.89735],[-0.66333,42.89734],[-0.66363,42.89771],[-0.6639,42.89852],[-0.66388,42.89887],[-0.66367,42.89918],[-0.66187,42.90049],[-0.66179,42.90072],[-0.66186,42.90094],[-0.66202,42.90104],[-0.66254,42.90105],[-0.6634,42.90063],[-0.66385,42.90059],[-0.66414,42.90082],[-0.66472,42.90104],[-0.66496,42.90146],[-0.66518,42.90166],[-0.66584,42.90191],[-0.66575,42.90244],[-0.66583,42.90257],[-0.66613,42.90248],[-0.66665,42.90173]],[[-0.54609,42.90794],[-0.54661,42.90745],[-0.54783,42.90721],[-0.54885,42.90669],[-0.54965,42.90652],[-0.54982,42.90638],[-0.54992,42.9061],[-0.54986,42.90506],[-0.55003,42.90412],[-0.54909,42.90334],[-0.54798,42.90276],[-0.54772,42.90249],[-0.54764,42.90228],[-0.54778,42.90081],[-0.54751,42.89999],[-0.5478,42.89947],[-0.54808,42.89919],[-0.54819,42.89885],[-0.5486,42.89859],[-0.5487,42.89826],[-0.54855,42.89791],[-0.54765,42.89724],[-0.54748,42.89663],[-0.54788,42.89609],[-0.54857,42.89551],[-0.54994,42.89523],[-0.55115,42.89486],[-0.55142,42.89475],[-0.55147,42.89461],[-0.55142,42.89439],[-0.55111,42.89414],[-0.55042,42.89371],[-0.54997,42.89363],[-0.54861,42.89369],[-0.54684,42.89407],[-0.54609,42.89432]],[[-0.57872,42.8822],[-0.57806,42.88235],[-0.57782,42.88249],[-0.57653,42.88434],[-0.57639,42.88471],[-0.57593,42.88499],[-0.57524,42.88524],[-0.57495,42.8855],[-0.57498,42.88581],[-0.5756,42.88659],[-0.57551,42.88718],[-0.57554,42.88775],[-0.57531,42.88816],[-0.57504,42.88842],[-0.57397,42.88892],[-0.57383,42.88923],[-0.57385,42.8897],[-0.57417,42.88971],[-0.57444,42.88958],[-0.57532,42.88874],[-0.57633,42.88857],[-0.57699,42.88833],[-0.57725,42.88806],[-0.57745,42.88797],[-0.57832,42.88803],[-0.57846,42.88777],[-0.57859,42.88719],[-0.57885,42.8868],[-0.57914,42.88664],[-0.58053,42.88636],[-0.58074,42.88607],[-0.58077,42.88557],[-0.58088,42.88534],[-0.58159,42.8846],[-0.58167,42.88443],[-0.58164,42.88413],[-0.58192,42.88355],[-0.58334,42.8822]]]}},{"type":"Feature","properties":{"ele":1440},"geometry":{"type":"MultiLineString","coordinates":[[[-0.65905,42.94609],[-0.6586,42.94552],[-0.65833,42.9454],[-0.65799,42.9454],[-0.65684,42.94563],[-0.65582,42.94525],[-0.6554,42.94496],[-0.65496,42.94415],[-0.65458,42.94392],[-0.65358,42.94388],[-0.65245,42.94337],[-0.65115,42.94298],[-0.64998,42.94302],[-0.64926,42.94329],[-0.64964,42.9436],[-0.65082,42.94414],[-0.65192,42.94496],[-0.6522,42.94525],[-0.65304,42.94555],[-0.65372,42.94609]],[[-0.56113,42.94609],[-0.56159,42.94571],[-0.56166,42.94553],[-0.5616,42.94496],[-0.56184,42.94464],[-0.5621,42.94393],[-0.56259,42.94319],[-0.56259,42.94298],[-0.56237,42.94249],[-0.56214,42.94161],[-0.56333,42.94031],[-0.56378,42.93944],[-0.5637,42.93913],[-0.56342,42.93883],[-0.56256,42.93753],[-0.56245,42.93614],[-0.56251,42.93551],[-0.56212,42.93521],[-0.56028,42.93488],[-0.55847,42.93445],[-0.55835,42.93413],[-0.55668,42.9333],[-0.55531,42.93315],[-0.55385,42.93312],[-0.5536,42.93274],[-0.55362,42.93198],[-0.55351,42.93165],[-0.55334,42.93134],[-0.55292,42.93108],[-0.55159,42.93077],[-0.55028,42.9307],[-0.54812,42.9314],[-0.54775,42.93134],[-0.548,42.93058],[-0.54783,42.92992],[-0.54818,42.92942],[-0.54824,42.92885],[-0.5489,42.92861],[-0.54968,42.92801],[-0.55021,42.9279],[-0.55094,42.9275],[-0.55149,42.92751],[-0.5537,42.92799],[-0.5547,42.92834],[-0.5552,42.9286],[-0.55553,42.92887],[-0.55635,42.92915],[-0.55757,42.92938],[-0.55986,42.92959],[-0.56028,42.92956],[-0.56054,42.92942],[-0.56078,42.92889],[-0.56136,42.92829],[-0.56191,42.92802],[-0.56208,42.9278],[-0.56205,42.92694],[-0.56175,42.92624],[-0.56082,42.92498],[-0.5606,42.92479],[-0.55829,42.92397],[-0.55803,42.92373],[-0.55758,42.92301],[-0.55735,42.92276],[-0.55626,42.92225],[-0.55555,42.92164],[-0.55528,42.9215],[-0.55381,42.92113],[-0.55283,42.92076],[-0.55196,42.9206],[-0.55131,42.92028],[-0.55001,42.91997],[-0.5491,42.91962],[-0.548,42.91941],[-0.54663,42.91955],[-0.54609,42.91948]],[[-0.59758,42.8822],[-0.59778,42.88246],[-0.59783,42.88287],[-0.5974,42.88374],[-0.5974,42.88437],[-0.59726,42.88498],[-0.59643,42.88504],[-0.59608,42.88552],[-0.5958,42.88569],[-0.59479,42.8856],[-0.59445,42.88574],[-0.59382,42.88658],[-0.59379,42.88694],[-0.59368,42.88718],[-0.59291,42.88803],[-0.59291,42.88839],[-0.59343,42.8889],[-0.5939,42.8897],[-0.59247,42.8899],[-0.59053,42.88998],[-0.58865,42.88978],[-0.58747,42.8894],[-0.58677,42.8898],[-0.58605,42.88989],[-0.58594,42.89006],[-0.58602,42.8903],[-0.5872,42.89111],[-0.58731,42.89138],[-0.58735,42.89244],[-0.58712,42.8926],[-0.58615,42.89283],[-0.58557,42.89306],[-0.58517,42.89433],[-0.58503,42.89449],[-0.58469,42.89458],[-0.58462,42.89472],[-0.58471,42.89497],[-0.58534,42.89512],[-0.58597,42.89578],[-0.58606,42.89612],[-0.58688,42.89726],[-0.58698,42.89815],[-0.5871,42.89835],[-0.58917,42.89871],[-0.59128,42.89847],[-0.59158,42.8986],[-0.59188,42.89888],[-0.59304,42.89942],[-0.59327,42.90001],[-0.59368,42.90025],[-0.59358,42.90051],[-0.59364,42.90063],[-0.59389,42.90075],[-0.59441,42.90069],[-0.59476,42.90079],[-0.59517,42.90183],[-0.59552,42.90315],[-0.59676,42.90385],[-0.59721,42.9042],[-0.59783,42.90487],[-0.59794,42.90517],[-0.59791,42.90537],[-0.59779,42.90558],[-0.59722,42.90612],[-0.5971,42.90665],[-0.59664,42.90718],[-0.59656,42.90767],[-0.59637,42.90803],[-0.59607,42.90842],[-0.59515,42.90932],[-0.59466,42.91007],[-0.59465,42.91027],[-0.59473,42.9104],[-0.59492,42.91059],[-0.5953,42.91079],[-0.59538,42.91107],[-0.59536,42.91232],[-0.5951,42.91357],[-0.59542,42.91414],[-0.59597,42.91469],[-0.59613,42.91504],[-0.59589,42.91746],[-0.596,42.91805],[-0.596,42.91885],[-0.59574,42.91937],[-0.59556,42.92053],[-0.59521,42.92165],[-0.59545,42.92192],[-0.59639,42.92218],[-0.59725,42.92274],[-0.59747,42.92304],[-0.59833,42.92385],[-0.59843,42.92416],[-0.59835,42.92465],[-0.59844,42.92492],[-0.59937,42.92589],[-0.59974,42.92662],[-0.59979,42.92694],[-0.60013,42.92742],[-0.60017,42.92778],[-0.60032,42.92804],[-0.60055,42.9283],[-0.6009,42.92839],[-0.60144,42.92831],[-0.60169,42.92806],[-0.60101,42.9269],[-0.60111,42.92664],[-0.60115,42.92579],[-0.60134,42.925],[-0.60173,42.92452],[-0.60199,42.92389],[-0.60191,42.92358],[-0.60197,42.92312],[-0.60221,42.92247],[-0.60216,42.92149],[-0.60228,42.9209],[-0.60214,42.92031],[-0.60223,42.92002],[-0.60286,42.91916],[-0.60308,42.9186],[-0.60347,42.91847],[-0.60438,42.91846],[-0.60479,42.91835],[-0.60499,42.91804],[-0.60532,42.91776],[-0.60638,42.91721],[-0.60665,42.91664],[-0.60705,42.91606],[-0.60704,42.91578],[-0.60637,42.91498],[-0.60622,42.91443],[-0.60583,42.91413],[-0.60558,42.9138],[-0.60549,42.91336],[-0.60553,42.91277],[-0.6054,42.91222],[-0.60517,42.91169],[-0.60522,42.91106],[-0.60606,42.91064],[-0.60638,42.91026],[-0.60726,42.90955],[-0.60778,42.90929],[-0.60839,42.90915],[-0.60888,42.90887],[-0.60975,42.90777],[-0.60995,42.90718],[-0.61011,42.90701],[-0.61107,42.90634],[-0.61191,42.90603],[-0.6125,42.90554],[-0.61363,42.9037],[-0.61365,42.90354],[-0.61342,42.90308],[-0.6134,42.90281],[-0.6139,42.90223],[-0.61459,42.90077],[-0.61479,42.90071],[-0.61547,42.90084],[-0.61579,42.90082],[-0.61663,42.90037],[-0.61767,42.90024],[-0.61884,42.90029],[-0.61947,42.90005],[-0.61972,42.89975],[-0.61979,42.89912],[-0.62027,42.89823],[-0.62155,42.89658],[-0.62175,42.89555],[-0.62173,42.89527],[-0.62192,42.89497],[-0.6234,42.89485],[-0.62472,42.89443],[-0.62563,42.89429],[-0.62613,42.89405],[-0.62684,42.89352],[-0.6272,42.89303],[-0.6274,42.89245],[-0.62773,42.89191],[-0.62841,42.89135],[-0.62851,42.89107],[-0.62855,42.8905],[-0.62912,42.89024],[-0.62983,42.89013],[-0.63025,42.88993],[-0.63052,42.88968],[-0.63089,42.88861],[-0.6317,42.8875],[-0.63241,42.88632],[-0.63249,42.88609],[-0.63238,42.88551],[-0.63246,42.88525],[-0.63311,42.88499],[-0.6335,42.88437],[-0.63413,42.88418],[-0.63441,42.88401],[-0.63501,42.8833],[-0.63513,42.88294],[-0.63495,42.8822]],[[-0.54609,42.90776],[-0.54628,42.90747],[-0.54646,42.90737],[-0.54774,42.90712],[-0.54862,42.90664],[-0.54949,42.90641],[-0.54968,42.90603],[-0.54952,42.90485],[-0.54955,42.90413],[-0.54876,42.9036],[-0.54845,42.90327],[-0.5476,42.90274],[-0.54738,42.90247],[-0.54756,42.90135],[-0.54733,42.9],[-0.5476,42.89942],[-0.54789,42.89916],[-0.54799,42.89885],[-0.54836,42.89856],[-0.54851,42.89822],[-0.5484,42.89797],[-0.54742,42.89722],[-0.54734,42.89655],[-0.54768,42.8961],[-0.54849,42.89546],[-0.55087,42.89479],[-0.55109,42.89469],[-0.55123,42.89445],[-0.55106,42.89425],[-0.55034,42.89381],[-0.54948,42.8937],[-0.54854,42.89376],[-0.54771,42.894],[-0.54689,42.89413],[-0.54609,42.8944]],[[-0.64338,42.8822],[-0.64341,42.88256],[-0.64321,42.88319],[-0.64331,42.88387],[-0.64345,42.88416],[-0.64343,42.88498],[-0.64306,42.88553],[-0.64272,42.88578],[-0.6422,42.88636],[-0.64215,42.88659],[-0.64197,42.88864],[-0.64213,42.88916],[-0.64221,42.8897],[-0.64215,42.88996],[-0.64172,42.89058],[-0.64126,42.89189],[-0.64067,42.89247],[-0.64055,42.89361],[-0.63995,42.8944],[-0.63991,42.89475],[-0.64008,42.8953],[-0.63968,42.89605],[-0.63893,42.89655],[-0.63764,42.89718],[-0.63704,42.89802],[-0.63634,42.89855],[-0.63593,42.89905],[-0.6359,42.89926],[-0.63602,42.89988],[-0.6366,42.90054],[-0.63672,42.90084],[-0.63671,42.9011],[-0.6364,42.90191],[-0.63573,42.90277],[-0.63554,42.90331],[-0.63506,42.90368],[-0.63359,42.90442],[-0.63305,42.90499],[-0.63297,42.90517],[-0.63297,42.90537],[-0.63313,42.9057],[-0.63374,42.90634],[-0.63373,42.90676],[-0.63386,42.90703],[-0.63417,42.90714],[-0.63456,42.90691],[-0.635,42.9068],[-0.63611,42.90688],[-0.63694,42.90665],[-0.63834,42.90582],[-0.63881,42.90522],[-0.63969,42.90476],[-0.64078,42.90355],[-0.6409,42.90312],[-0.64079,42.90274],[-0.64081,42.90218],[-0.64127,42.90142],[-0.64145,42.90084],[-0.64134,42.90026],[-0.64137,42.89971],[-0.64239,42.89791],[-0.64222,42.89707],[-0.64191,42.89666],[-0.64184,42.89642],[-0.64184,42.89529],[-0.64222,42.895],[-0.64242,42.89469],[-0.64256,42.89378],[-0.64297,42.89296],[-0.64359,42.8922],[-0.64417,42.89201],[-0.64435,42.8918],[-0.64443,42.89164],[-0.64423,42.89107],[-0.64425,42.89076],[-0.64436,42.89044],[-0.64468,42.88997],[-0.64507,42.88993],[-0.64629,42.89014],[-0.64689,42.88996],[-0.6475,42.88991],[-0.64799,42.88974],[-0.64854,42.88978],[-0.64887,42.8897],[-0.64924,42.88946],[-0.64997,42.88858],[-0.65059,42.88809],[-0.65091,42.88798],[-0.65181,42.88796],[-0.65197,42.88785],[-0.65223,42.88733],[-0.65306,42.88695],[-0.65332,42.88664],[-0.65361,42.88654],[-0.65424,42.88659],[-0.65529,42.88602],[-0.65557,42.88604],[-0.65565,42.88637],[-0.65592,42.88673],[-0.65595,42.88697],[-0.65582,42.88748],[-0.65528,42.88831],[-0.65449,42.88919],[-0.65415,42.88996],[-0.65366,42.89026],[-0.65346,42.89049],[-0.65329,42.89162],[-0.65313,42.89215],[-0.65326,42.8927],[-0.65319,42.89308],[-0.65384,42.89339],[-0.65406,42.89358],[-0.65319,42.89489],[-0.65309,42.89583],[-0.65329,42.89696],[-0.65385,42.89775],[-0.65391,42.89803],[-0.65325,42.89858],[-0.65272,42.89885],[-0.65264,42.89909],[-0.6528,42.8994],[-0.6536,42.90025],[-0.65369,42.90048],[-0.65365,42.9008],[-0.65327,42.90157],[-0.65327,42.9017],[-0.6535,42.90193],[-0.65427,42.90217],[-0.65442,42.90248],[-0.65486,42.903],[-0.6545,42.90468],[-0.65456,42.90496],[-0.65471,42.90504],[-0.65498,42.905],[-0.65526,42.90473],[-0.65695,42.90229],[-0.65808,42.90089],[-0.65863,42.90005],[-0.65941,42.8994],[-0.66064,42.89864],[-0.66102,42.8983],[-0.66165,42.89803],[-0.6622,42.89747],[-0.66303,42.8971],[-0.66333,42.89709],[-0.66362,42.89746],[-0.66393,42.89807],[-0.66415,42.89887],[-0.66384,42.89934],[-0.66288,42.89986],[-0.66211,42.90047],[-0.66209,42.90059],[-0.6622,42.90081],[-0.66256,42.90084],[-0.66312,42.90053],[-0.66392,42.90032],[-0.66475,42.90075],[-0.66525,42.90143],[-0.66582,42.90164],[-0.66611,42.90183],[-0.66641,42.90178],[-0.66665,42.90133]],[[-0.59498,42.90028],[-0.59508,42.90022],[-0.59495,42.90009],[-0.59466,42.90024],[-0.59498,42.90028]],[[-0.57443,42.88942],[-0.57471,42.88915],[-0.5748,42.88893],[-0.57476,42.88882],[-0.57436,42.88883],[-0.57404,42.88908],[-0.574,42.88926],[-0.57408,42.88946],[-0.57443,42.88942]],[[-0.57907,42.8822],[-0.57801,42.8826],[-0.57764,42.88303],[-0.57716,42.88388],[-0.57662,42.88439],[-0.57649,42.88479],[-0.57524,42.88552],[-0.57525,42.88582],[-0.57582,42.88664],[-0.5757,42.88777],[-0.57542,42.88829],[-0.57557,42.88852],[-0.57615,42.88852],[-0.57674,42.88829],[-0.57726,42.88789],[-0.57815,42.88779],[-0.57853,42.88698],[-0.57885,42.88663],[-0.58027,42.88637],[-0.58055,42.88619],[-0.58063,42.88605],[-0.58063,42.88548],[-0.58135,42.88466],[-0.5815,42.88402],[-0.58193,42.88331],[-0.58309,42.8822]]]}},{"type":"Feature","properties":{"ele":1460},"geometry":{"type":"MultiLineString","coordinates":[[[-0.65888,42.94609],[-0.65859,42.94581],[-0.65816,42.94567],[-0.65712,42.94586],[-0.65659,42.94584],[-0.65526,42.94525],[-0.65493,42.94499],[-0.65439,42.94427],[-0.65337,42.94408],[-0.65219,42.94359],[-0.65108,42.94329],[-0.6506,42.94332],[-0.65036,42.9435],[-0.65038,42.94365],[-0.6519,42.94444],[-0.65248,42.94498],[-0.6533,42.94531],[-0.65428,42.94609]],[[-0.56049,42.94609],[-0.56128,42.94556],[-0.56127,42.94485],[-0.5616,42.94443],[-0.56174,42.94391],[-0.56225,42.94331],[-0.56225,42.94303],[-0.56202,42.9427],[-0.56188,42.94197],[-0.56162,42.94163],[-0.56257,42.94056],[-0.56303,42.94022],[-0.56335,42.93971],[-0.56332,42.93942],[-0.56296,42.93867],[-0.56217,42.93749],[-0.56226,42.93666],[-0.56192,42.93555],[-0.56112,42.93521],[-0.5586,42.93467],[-0.558,42.93443],[-0.55795,42.93417],[-0.55783,42.93407],[-0.55698,42.93369],[-0.55625,42.93346],[-0.55445,42.93335],[-0.55414,42.93343],[-0.55372,42.93368],[-0.55352,42.93369],[-0.55337,42.93355],[-0.55331,42.93333],[-0.55342,42.93221],[-0.55338,42.93189],[-0.55304,42.93136],[-0.55278,42.93128],[-0.55189,42.93109],[-0.55038,42.93101],[-0.55014,42.93108],[-0.54962,42.93145],[-0.54813,42.93173],[-0.54743,42.93208],[-0.54719,42.93204],[-0.54714,42.93173],[-0.5476,42.93065],[-0.54738,42.92993],[-0.54788,42.92884],[-0.54879,42.92835],[-0.54941,42.92773],[-0.55004,42.92758],[-0.55059,42.9273],[-0.55139,42.92722],[-0.55305,42.92744],[-0.55526,42.92831],[-0.5557,42.92867],[-0.55631,42.92891],[-0.55775,42.92916],[-0.5599,42.92935],[-0.56027,42.92919],[-0.56047,42.92884],[-0.5612,42.92808],[-0.56169,42.92776],[-0.56173,42.9269],[-0.56158,42.92647],[-0.5611,42.92579],[-0.56035,42.92499],[-0.55822,42.92423],[-0.55779,42.92385],[-0.55718,42.92305],[-0.55606,42.9225],[-0.55533,42.92185],[-0.55497,42.92165],[-0.55372,42.92132],[-0.55264,42.92091],[-0.55189,42.92082],[-0.55131,42.92053],[-0.55004,42.92018],[-0.54903,42.91979],[-0.54774,42.91959],[-0.54667,42.91972],[-0.54609,42.91965]],[[-0.60109,42.92809],[-0.60115,42.92798],[-0.60091,42.92785],[-0.60076,42.92788],[-0.60067,42.92801],[-0.60081,42.92811],[-0.60109,42.92809]],[[-0.5982,42.8822],[-0.59836,42.88277],[-0.59817,42.88336],[-0.59788,42.88388],[-0.59792,42.88496],[-0.59777,42.88526],[-0.59743,42.88537],[-0.59665,42.88542],[-0.5962,42.88587],[-0.59594,42.88599],[-0.59511,42.88594],[-0.5947,42.88606],[-0.59431,42.88643],[-0.5942,42.88725],[-0.59345,42.88806],[-0.59339,42.88825],[-0.59344,42.88837],[-0.59425,42.88911],[-0.5945,42.88976],[-0.59452,42.88999],[-0.59217,42.89026],[-0.58938,42.8901],[-0.58862,42.88997],[-0.58773,42.88968],[-0.58748,42.8897],[-0.58693,42.88998],[-0.58637,42.89013],[-0.58626,42.89028],[-0.58652,42.89055],[-0.58763,42.89109],[-0.58755,42.89169],[-0.58764,42.89242],[-0.58753,42.89257],[-0.58722,42.89276],[-0.58629,42.89294],[-0.58582,42.89318],[-0.58561,42.89353],[-0.58551,42.89419],[-0.58576,42.89524],[-0.58627,42.8958],[-0.58635,42.89611],[-0.58699,42.89714],[-0.58719,42.89805],[-0.5874,42.89821],[-0.5892,42.89845],[-0.59104,42.89815],[-0.59153,42.89816],[-0.5918,42.8983],[-0.59228,42.89877],[-0.59324,42.89923],[-0.59363,42.89952],[-0.59434,42.89967],[-0.59521,42.89971],[-0.59583,42.89997],[-0.59598,42.90027],[-0.59568,42.90076],[-0.59562,42.90121],[-0.59588,42.90218],[-0.59629,42.90302],[-0.59692,42.90359],[-0.59784,42.9041],[-0.59805,42.90433],[-0.59811,42.90475],[-0.59842,42.90519],[-0.59842,42.90531],[-0.59794,42.90587],[-0.59768,42.90645],[-0.59725,42.90696],[-0.59665,42.9083],[-0.59545,42.90939],[-0.59528,42.90978],[-0.59531,42.91034],[-0.59574,42.9109],[-0.59583,42.91222],[-0.59576,42.91276],[-0.59584,42.91312],[-0.59567,42.91371],[-0.59646,42.91496],[-0.59634,42.91544],[-0.59638,42.91634],[-0.59622,42.91697],[-0.59633,42.91805],[-0.59627,42.91857],[-0.59632,42.91892],[-0.59614,42.91944],[-0.59613,42.92007],[-0.59568,42.92149],[-0.59576,42.92167],[-0.59662,42.922],[-0.59778,42.92274],[-0.5982,42.92333],[-0.59873,42.92376],[-0.59885,42.92399],[-0.59878,42.92454],[-0.59887,42.92497],[-0.59976,42.92579],[-0.60001,42.92619],[-0.60027,42.92642],[-0.60051,42.92631],[-0.60059,42.92583],[-0.60083,42.92555],[-0.60102,42.92492],[-0.6014,42.92445],[-0.60159,42.92399],[-0.60157,42.92305],[-0.60181,42.92246],[-0.60178,42.9218],[-0.60194,42.92092],[-0.60184,42.91994],[-0.60253,42.91917],[-0.60276,42.91856],[-0.60329,42.91829],[-0.60417,42.91823],[-0.60448,42.91813],[-0.60502,42.91764],[-0.60583,42.9172],[-0.60611,42.91693],[-0.60652,42.9161],[-0.60646,42.91569],[-0.60572,42.91481],[-0.60522,42.9139],[-0.60522,42.91294],[-0.60509,42.91229],[-0.60482,42.91159],[-0.60483,42.91106],[-0.60519,42.91075],[-0.60585,42.91039],[-0.60674,42.90938],[-0.60747,42.90899],[-0.608,42.90884],[-0.60844,42.90856],[-0.60927,42.90769],[-0.60933,42.90749],[-0.60922,42.90711],[-0.60931,42.9069],[-0.60999,42.90666],[-0.61084,42.90612],[-0.61162,42.9058],[-0.61224,42.90513],[-0.61256,42.90471],[-0.6128,42.90417],[-0.61313,42.90367],[-0.61315,42.90337],[-0.613,42.90305],[-0.61304,42.90276],[-0.61357,42.90216],[-0.61388,42.90138],[-0.61404,42.90052],[-0.61413,42.90037],[-0.61438,42.90032],[-0.61549,42.90046],[-0.61588,42.90034],[-0.61638,42.89998],[-0.61667,42.89986],[-0.6183,42.89996],[-0.61891,42.89981],[-0.6194,42.89939],[-0.61998,42.89832],[-0.62025,42.89766],[-0.62074,42.89694],[-0.62129,42.89638],[-0.62133,42.89493],[-0.62254,42.89455],[-0.62333,42.89454],[-0.62563,42.89402],[-0.62616,42.89381],[-0.62674,42.89338],[-0.62699,42.89305],[-0.62715,42.89242],[-0.62732,42.89211],[-0.62764,42.89169],[-0.62811,42.8913],[-0.62819,42.89107],[-0.62814,42.89062],[-0.62821,42.89046],[-0.62862,42.89016],[-0.63001,42.88976],[-0.63031,42.88951],[-0.63051,42.88912],[-0.63062,42.88853],[-0.63142,42.8875],[-0.63223,42.88612],[-0.63222,42.88581],[-0.63205,42.88548],[-0.63206,42.88524],[-0.63302,42.88477],[-0.63332,42.88414],[-0.63395,42.88398],[-0.63472,42.88332],[-0.63483,42.88291],[-0.63459,42.8822]],[[-0.54609,42.90725],[-0.54646,42.90708],[-0.54775,42.90692],[-0.5481,42.90658],[-0.54914,42.90611],[-0.54919,42.90593],[-0.54914,42.90561],[-0.54886,42.90501],[-0.54882,42.90447],[-0.54867,42.90416],[-0.5482,42.90374],[-0.54793,42.90329],[-0.54713,42.90287],[-0.54696,42.9027],[-0.54715,42.90194],[-0.54701,42.89996],[-0.54723,42.89945],[-0.54752,42.89915],[-0.54766,42.89882],[-0.54799,42.89855],[-0.54809,42.8983],[-0.54794,42.89804],[-0.54705,42.89724],[-0.54692,42.89661],[-0.54749,42.8959],[-0.54796,42.89551],[-0.5486,42.8952],[-0.55043,42.8947],[-0.55089,42.89442],[-0.55054,42.89414],[-0.55017,42.89397],[-0.54947,42.89385],[-0.54886,42.89384],[-0.54609,42.89467]],[[-0.63665,42.90643],[-0.6378,42.90581],[-0.63807,42.90555],[-0.63839,42.90506],[-0.63938,42.90465],[-0.64006,42.9039],[-0.64051,42.90324],[-0.64055,42.90197],[-0.64087,42.90162],[-0.64112,42.90082],[-0.64114,42.8992],[-0.64205,42.8977],[-0.64198,42.89718],[-0.64166,42.89661],[-0.64144,42.89573],[-0.64136,42.89555],[-0.64114,42.89537],[-0.64091,42.89539],[-0.64025,42.89578],[-0.63973,42.89639],[-0.63918,42.89675],[-0.63822,42.89719],[-0.63758,42.89804],[-0.63638,42.899],[-0.63628,42.89926],[-0.63633,42.89973],[-0.63651,42.89998],[-0.63703,42.90044],[-0.63716,42.90069],[-0.63708,42.90176],[-0.63663,42.90245],[-0.63638,42.90303],[-0.6361,42.90331],[-0.63538,42.90385],[-0.63392,42.90471],[-0.63328,42.90524],[-0.63331,42.90555],[-0.63388,42.90587],[-0.63446,42.90657],[-0.63665,42.90643]],[[-0.64384,42.8822],[-0.64352,42.88301],[-0.6438,42.88357],[-0.64376,42.88389],[-0.64395,42.88415],[-0.6438,42.88503],[-0.64367,42.88531],[-0.64281,42.88607],[-0.64268,42.88632],[-0.64265,42.8868],[-0.64277,42.88718],[-0.64277,42.88748],[-0.64231,42.88867],[-0.64251,42.88976],[-0.64184,42.89106],[-0.64176,42.89159],[-0.64163,42.89189],[-0.64101,42.89249],[-0.64097,42.89305],[-0.64118,42.8936],[-0.64143,42.89372],[-0.64191,42.89381],[-0.64244,42.89331],[-0.64281,42.89276],[-0.64328,42.89175],[-0.64391,42.89138],[-0.64389,42.89065],[-0.64406,42.89027],[-0.64411,42.88994],[-0.64467,42.88968],[-0.64517,42.88961],[-0.64629,42.88991],[-0.64749,42.88971],[-0.64802,42.88939],[-0.64841,42.88948],[-0.64877,42.88941],[-0.64914,42.88908],[-0.64971,42.88831],[-0.65049,42.88771],[-0.65094,42.88763],[-0.65167,42.88777],[-0.65183,42.88736],[-0.65219,42.88692],[-0.65303,42.88636],[-0.6539,42.88596],[-0.65448,42.88591],[-0.65507,42.88571],[-0.65594,42.88516],[-0.65665,42.88481],[-0.65696,42.88445],[-0.65722,42.88436],[-0.65729,42.88443],[-0.65664,42.88515],[-0.65633,42.88576],[-0.65638,42.88593],[-0.65682,42.88645],[-0.65687,42.88666],[-0.65683,42.88686],[-0.65625,42.88741],[-0.65578,42.8883],[-0.65463,42.88933],[-0.65451,42.89001],[-0.65382,42.89055],[-0.65345,42.89187],[-0.65346,42.8922],[-0.65371,42.89251],[-0.65374,42.89302],[-0.65416,42.89327],[-0.65447,42.89358],[-0.65388,42.89415],[-0.65356,42.89468],[-0.65346,42.89503],[-0.65339,42.89628],[-0.65346,42.8968],[-0.65358,42.89706],[-0.65388,42.89725],[-0.65416,42.89774],[-0.65421,42.89797],[-0.65417,42.89809],[-0.65322,42.8989],[-0.6533,42.89943],[-0.65384,42.90026],[-0.65396,42.90059],[-0.65396,42.9009],[-0.65373,42.90142],[-0.65373,42.90166],[-0.65474,42.90216],[-0.65485,42.90248],[-0.6552,42.90305],[-0.65507,42.90383],[-0.65529,42.90389],[-0.65641,42.90282],[-0.65691,42.90192],[-0.65788,42.90084],[-0.65835,42.90003],[-0.65979,42.8986],[-0.66059,42.89816],[-0.6614,42.89787],[-0.66194,42.89738],[-0.66301,42.89661],[-0.66323,42.89656],[-0.66334,42.89659],[-0.66428,42.89801],[-0.66453,42.89888],[-0.66454,42.89999],[-0.66527,42.90049],[-0.66586,42.90113],[-0.66611,42.90119],[-0.66635,42.90112],[-0.66665,42.9008]],[[-0.59665,42.90205],[-0.59672,42.9019],[-0.59653,42.9019],[-0.59665,42.90205]],[[-0.66332,42.90003],[-0.66343,42.89997],[-0.66324,42.89997],[-0.66332,42.90003]],[[-0.57972,42.8822],[-0.5782,42.88296],[-0.57807,42.88333],[-0.5778,42.88362],[-0.57756,42.88417],[-0.57715,42.88441],[-0.57686,42.88495],[-0.57604,42.8855],[-0.57581,42.8858],[-0.57618,42.88664],[-0.57624,42.88746],[-0.57639,42.88793],[-0.57696,42.88768],[-0.57779,42.8875],[-0.57855,42.88661],[-0.57888,42.88639],[-0.58014,42.88609],[-0.58025,42.88551],[-0.58094,42.88464],[-0.58122,42.88381],[-0.58182,42.88304],[-0.58265,42.8822]]]}},{"type":"Feature","properties":{"ele":1470},"geometry":{"type":"MultiLineString","coordinates":[[[-0.65874,42.94609],[-0.65851,42.94592],[-0.65806,42.94578],[-0.65715,42.94597],[-0.65656,42.94594],[-0.6557,42.94563],[-0.65502,42.94525],[-0.65421,42.94439],[-0.65326,42.94418],[-0.65233,42.94379],[-0.65142,42.94356],[-0.65104,42.94352],[-0.65071,42.94358],[-0.65215,42.94441],[-0.65277,42.94497],[-0.6535,42.94525],[-0.65457,42.94609]],[[-0.56022,42.94609],[-0.5611,42.94554],[-0.56112,42.94475],[-0.56139,42.94442],[-0.56162,42.94383],[-0.56192,42.94357],[-0.56209,42.94329],[-0.56206,42.94306],[-0.56183,42.94269],[-0.56169,42.94192],[-0.56133,42.94162],[-0.56224,42.94055],[-0.56303,42.93997],[-0.56316,42.93971],[-0.56285,42.93884],[-0.56202,42.93745],[-0.56212,42.93662],[-0.56184,42.93579],[-0.56167,42.93553],[-0.56091,42.93524],[-0.55962,42.93503],[-0.55863,42.93476],[-0.55789,42.93445],[-0.55776,42.93411],[-0.55684,42.93373],[-0.55607,42.93353],[-0.55521,42.93345],[-0.55445,42.93348],[-0.55415,42.93358],[-0.55372,42.93404],[-0.55354,42.93405],[-0.55332,42.93387],[-0.55314,42.93336],[-0.55333,42.93223],[-0.5533,42.93198],[-0.55306,42.93158],[-0.55267,42.93141],[-0.55174,42.93122],[-0.55052,42.93118],[-0.54972,42.93165],[-0.54865,42.93176],[-0.54803,42.9319],[-0.54748,42.93229],[-0.54693,42.9325],[-0.54692,42.9319],[-0.547,42.93155],[-0.54742,42.93065],[-0.54738,42.93041],[-0.54714,42.92995],[-0.5476,42.92918],[-0.54774,42.92877],[-0.54799,42.92858],[-0.54864,42.92835],[-0.54935,42.92764],[-0.54993,42.92745],[-0.55034,42.92721],[-0.55139,42.9271],[-0.55302,42.92729],[-0.55521,42.92815],[-0.55579,42.92861],[-0.55645,42.92884],[-0.5582,42.92909],[-0.55983,42.92923],[-0.56006,42.92916],[-0.56105,42.92802],[-0.56144,42.92771],[-0.56152,42.92739],[-0.56145,42.92664],[-0.56125,42.92621],[-0.56028,42.92515],[-0.55939,42.92476],[-0.55826,42.92441],[-0.5578,42.92405],[-0.55705,42.92317],[-0.55588,42.92257],[-0.55525,42.92198],[-0.55496,42.9218],[-0.55273,42.92104],[-0.55169,42.92086],[-0.55115,42.92059],[-0.55014,42.92032],[-0.54899,42.91988],[-0.54775,42.91968],[-0.5467,42.91981],[-0.54609,42.91974]],[[-0.59852,42.8822],[-0.59888,42.88275],[-0.59813,42.88392],[-0.59818,42.88499],[-0.59836,42.88552],[-0.59821,42.88575],[-0.59798,42.88591],[-0.59754,42.88602],[-0.59696,42.8857],[-0.59677,42.88569],[-0.59611,42.88614],[-0.59524,42.88608],[-0.59479,42.88621],[-0.59457,42.8864],[-0.59442,42.88727],[-0.59386,42.88801],[-0.5938,42.88827],[-0.59442,42.88891],[-0.59478,42.88989],[-0.59476,42.89004],[-0.59441,42.8902],[-0.59215,42.89036],[-0.58941,42.89022],[-0.58771,42.88978],[-0.5865,42.89021],[-0.58644,42.89031],[-0.58661,42.89055],[-0.58747,42.89087],[-0.58779,42.89108],[-0.5878,42.89135],[-0.58766,42.8917],[-0.58779,42.89219],[-0.58778,42.89247],[-0.58746,42.89274],[-0.58631,42.893],[-0.58582,42.8933],[-0.58567,42.89364],[-0.58561,42.89419],[-0.58585,42.89519],[-0.58645,42.8958],[-0.58652,42.89617],[-0.58698,42.89693],[-0.58722,42.89776],[-0.58744,42.89811],[-0.58781,42.89821],[-0.58917,42.89833],[-0.59081,42.89802],[-0.59165,42.89803],[-0.592,42.89829],[-0.59223,42.89858],[-0.59383,42.89939],[-0.59517,42.89958],[-0.5962,42.89996],[-0.59625,42.90024],[-0.59607,42.90081],[-0.59612,42.90133],[-0.59639,42.90145],[-0.59712,42.9015],[-0.5973,42.90165],[-0.59735,42.9019],[-0.59724,42.90217],[-0.5966,42.90247],[-0.59661,42.90283],[-0.5968,42.90313],[-0.59738,42.90359],[-0.59801,42.90388],[-0.59817,42.90403],[-0.59828,42.90423],[-0.59833,42.90466],[-0.59861,42.90497],[-0.59866,42.90524],[-0.598,42.90605],[-0.59795,42.90638],[-0.59719,42.90745],[-0.59681,42.9084],[-0.59665,42.90861],[-0.59586,42.90918],[-0.59563,42.90947],[-0.59551,42.90979],[-0.59551,42.91005],[-0.59588,42.91075],[-0.59606,42.91144],[-0.5961,42.91164],[-0.59602,42.91198],[-0.59641,42.91275],[-0.59637,42.91303],[-0.59643,42.91331],[-0.59604,42.91355],[-0.59599,42.91387],[-0.59666,42.91498],[-0.59649,42.91551],[-0.59651,42.91628],[-0.59637,42.91692],[-0.59649,42.91753],[-0.59652,42.91822],[-0.59643,42.9186],[-0.59647,42.91892],[-0.59628,42.91965],[-0.5963,42.9202],[-0.59594,42.92137],[-0.59615,42.92161],[-0.59702,42.92206],[-0.59802,42.92276],[-0.59831,42.92326],[-0.59862,42.92344],[-0.59901,42.92387],[-0.59905,42.92412],[-0.59897,42.92461],[-0.59907,42.92498],[-0.59944,42.92535],[-0.60007,42.9257],[-0.60054,42.92554],[-0.60068,42.92537],[-0.60079,42.92494],[-0.60138,42.92415],[-0.6014,42.92298],[-0.60163,42.92242],[-0.6016,42.92173],[-0.60177,42.92103],[-0.60163,42.91995],[-0.6025,42.91899],[-0.60262,42.91858],[-0.60279,42.91837],[-0.6033,42.91818],[-0.60406,42.91812],[-0.60441,42.91802],[-0.60499,42.91748],[-0.60586,42.91695],[-0.60625,42.91614],[-0.60624,42.91586],[-0.60611,42.91552],[-0.6054,42.91473],[-0.60505,42.91392],[-0.605,42.91252],[-0.60468,42.91192],[-0.60461,42.91105],[-0.60507,42.91068],[-0.60582,42.91026],[-0.60646,42.9093],[-0.60721,42.90883],[-0.60798,42.90858],[-0.60832,42.90832],[-0.60859,42.90791],[-0.60887,42.90775],[-0.60886,42.90718],[-0.609,42.90688],[-0.61005,42.9064],[-0.61075,42.90582],[-0.61113,42.90568],[-0.61219,42.90488],[-0.61246,42.90444],[-0.61276,42.90358],[-0.61284,42.90281],[-0.61342,42.90211],[-0.61371,42.90134],[-0.61387,42.90049],[-0.61401,42.90025],[-0.61424,42.90019],[-0.61504,42.90031],[-0.61556,42.90027],[-0.61637,42.89976],[-0.61661,42.89968],[-0.61816,42.89979],[-0.61882,42.89964],[-0.61915,42.89942],[-0.61971,42.8986],[-0.62047,42.89686],[-0.62115,42.89639],[-0.62106,42.895],[-0.62113,42.89487],[-0.6214,42.8947],[-0.62246,42.89438],[-0.62375,42.8943],[-0.6256,42.89389],[-0.62617,42.89369],[-0.62667,42.89333],[-0.62691,42.893],[-0.62705,42.89239],[-0.62723,42.89199],[-0.62749,42.89164],[-0.62787,42.89138],[-0.62805,42.8911],[-0.62799,42.89049],[-0.62864,42.89006],[-0.62986,42.8897],[-0.63023,42.88937],[-0.63055,42.88834],[-0.63085,42.88808],[-0.63131,42.88746],[-0.63207,42.88621],[-0.6321,42.8859],[-0.63185,42.88523],[-0.63286,42.88474],[-0.63311,42.88414],[-0.63389,42.88388],[-0.63453,42.88329],[-0.63464,42.8828],[-0.63443,42.8822]],[[-0.54609,42.90708],[-0.54642,42.90695],[-0.54747,42.90681],[-0.54825,42.90632],[-0.54889,42.9061],[-0.54891,42.90602],[-0.54889,42.90577],[-0.54839,42.90434],[-0.5483,42.90415],[-0.54803,42.90389],[-0.54776,42.90331],[-0.54699,42.903],[-0.54672,42.90273],[-0.54701,42.90197],[-0.54691,42.90162],[-0.54687,42.89994],[-0.54719,42.89923],[-0.54776,42.89859],[-0.54787,42.89833],[-0.54772,42.89805],[-0.54683,42.89721],[-0.54678,42.89652],[-0.54689,42.89631],[-0.54772,42.89551],[-0.54858,42.8951],[-0.55016,42.8947],[-0.55067,42.89441],[-0.55017,42.89406],[-0.54889,42.89394],[-0.54609,42.89484]],[[-0.63498,42.90639],[-0.63649,42.90626],[-0.63752,42.90583],[-0.63788,42.9055],[-0.63806,42.90497],[-0.63834,42.90479],[-0.63891,42.90471],[-0.63925,42.90452],[-0.64028,42.90325],[-0.6404,42.90294],[-0.64039,42.90198],[-0.64083,42.9014],[-0.64098,42.90076],[-0.64098,42.89968],[-0.64088,42.89912],[-0.64187,42.8977],[-0.6418,42.89725],[-0.64137,42.89602],[-0.64113,42.89564],[-0.6409,42.89562],[-0.6405,42.89578],[-0.63968,42.8966],[-0.63916,42.89693],[-0.6385,42.89721],[-0.63823,42.89746],[-0.63782,42.8981],[-0.63676,42.89887],[-0.63653,42.89911],[-0.63646,42.8994],[-0.63655,42.89972],[-0.63716,42.9003],[-0.63737,42.90069],[-0.63738,42.90155],[-0.63727,42.90188],[-0.63639,42.90332],[-0.63353,42.90525],[-0.63361,42.90551],[-0.63417,42.90579],[-0.63455,42.90634],[-0.63498,42.90639]],[[-0.64418,42.8822],[-0.64384,42.88244],[-0.6437,42.88294],[-0.64381,42.88329],[-0.64404,42.88355],[-0.64401,42.88387],[-0.64419,42.88413],[-0.64404,42.88492],[-0.64392,42.88527],[-0.64302,42.88607],[-0.64289,42.88631],[-0.64289,42.88662],[-0.64307,42.88725],[-0.64253,42.88867],[-0.64265,42.88982],[-0.64205,42.89107],[-0.64181,42.89186],[-0.64123,42.89251],[-0.64109,42.89303],[-0.64136,42.89336],[-0.6417,42.89349],[-0.64197,42.89346],[-0.64219,42.89329],[-0.64254,42.89282],[-0.64304,42.89164],[-0.64362,42.89112],[-0.64363,42.89048],[-0.64375,42.89001],[-0.64388,42.88988],[-0.64458,42.88957],[-0.64542,42.88946],[-0.64566,42.88951],[-0.64612,42.88977],[-0.64716,42.88969],[-0.64799,42.88925],[-0.64854,42.88929],[-0.64878,42.88921],[-0.64915,42.88887],[-0.64966,42.88812],[-0.65031,42.88759],[-0.6507,42.88745],[-0.65136,42.88753],[-0.6516,42.88745],[-0.65195,42.88694],[-0.65272,42.88633],[-0.65339,42.8861],[-0.65409,42.88557],[-0.65497,42.88548],[-0.65517,42.8854],[-0.65576,42.88492],[-0.65617,42.88469],[-0.65665,42.88414],[-0.65736,42.8838],[-0.65799,42.88384],[-0.65837,42.88375],[-0.65884,42.88331],[-0.65917,42.88274],[-0.65927,42.88301],[-0.65911,42.88355],[-0.65918,42.88386],[-0.65858,42.88392],[-0.65825,42.88403],[-0.65778,42.88454],[-0.65692,42.88525],[-0.6568,42.88575],[-0.65705,42.88612],[-0.65722,42.88693],[-0.65643,42.88753],[-0.65592,42.88838],[-0.65482,42.88921],[-0.65468,42.88942],[-0.65471,42.88997],[-0.65412,42.89055],[-0.65387,42.89099],[-0.65362,42.89165],[-0.65358,42.89211],[-0.6539,42.89246],[-0.65386,42.89282],[-0.65457,42.89357],[-0.65442,42.89381],[-0.65393,42.89428],[-0.6537,42.89468],[-0.65362,42.89499],[-0.65366,42.89555],[-0.65351,42.89624],[-0.6536,42.89691],[-0.654,42.89718],[-0.65435,42.89791],[-0.65427,42.89813],[-0.65346,42.89887],[-0.65362,42.89914],[-0.65359,42.8997],[-0.65393,42.90021],[-0.65412,42.90069],[-0.65397,42.90158],[-0.65407,42.90169],[-0.6547,42.90193],[-0.65528,42.90275],[-0.65552,42.90333],[-0.65577,42.90322],[-0.65636,42.90274],[-0.65674,42.90198],[-0.65777,42.90082],[-0.65828,42.89996],[-0.65883,42.89944],[-0.65972,42.89841],[-0.66036,42.89806],[-0.66138,42.89776],[-0.66302,42.89634],[-0.66326,42.89626],[-0.66336,42.89631],[-0.66399,42.89743],[-0.66435,42.89781],[-0.66462,42.89863],[-0.66489,42.89916],[-0.66485,42.89971],[-0.66492,42.9],[-0.66531,42.90023],[-0.66573,42.90068],[-0.66606,42.90084],[-0.66635,42.90076],[-0.66665,42.90051]],[[-0.58012,42.8822],[-0.57888,42.88273],[-0.57837,42.88304],[-0.57803,42.88359],[-0.57781,42.88416],[-0.57722,42.88464],[-0.57701,42.88503],[-0.57665,42.88525],[-0.57623,42.88569],[-0.57617,42.8859],[-0.57628,42.88637],[-0.57661,42.88722],[-0.57685,42.88747],[-0.57722,42.88746],[-0.5777,42.88732],[-0.57865,42.8864],[-0.57906,42.88622],[-0.57972,42.88609],[-0.57995,42.88591],[-0.58026,42.88524],[-0.58074,42.88462],[-0.58098,42.88386],[-0.58131,42.88333],[-0.58246,42.8822]]]}},{"type":"Feature","properties":{"ele":1480},"geometry":{"type":"MultiLineString","coordinates":[[[-0.6586,42.94609],[-0.65792,42.94594],[-0.65724,42.94609]],[[-0.65672,42.94609],[-0.6558,42.94582],[-0.65506,42.94544],[-0.65471,42.94519],[-0.65406,42.94449],[-0.65285,42.94421],[-0.65262,42.94431],[-0.65257,42.94447],[-0.65275,42.94471],[-0.65369,42.9452],[-0.65488,42.94609]],[[-0.55995,42.94609],[-0.5602,42.94579],[-0.56084,42.94536],[-0.561,42.94468],[-0.56125,42.94436],[-0.56151,42.94378],[-0.56195,42.94332],[-0.56166,42.94271],[-0.5616,42.94218],[-0.56108,42.94162],[-0.56163,42.94104],[-0.56195,42.94056],[-0.5628,42.94001],[-0.56297,42.93971],[-0.56292,42.93944],[-0.56239,42.93838],[-0.56228,42.93798],[-0.56188,42.93752],[-0.562,42.93667],[-0.56167,42.93574],[-0.56083,42.93535],[-0.55948,42.93511],[-0.55865,42.93486],[-0.55772,42.93444],[-0.55766,42.93418],[-0.55754,42.93408],[-0.55663,42.93376],[-0.55577,42.93358],[-0.55504,42.93354],[-0.55447,42.93361],[-0.55398,42.93407],[-0.55388,42.93449],[-0.5536,42.93476],[-0.5533,42.93444],[-0.55327,42.93412],[-0.55295,42.93332],[-0.55319,42.93225],[-0.55311,42.93187],[-0.55277,42.93164],[-0.55187,42.93137],[-0.55054,42.93136],[-0.55009,42.93167],[-0.54972,42.93181],[-0.54839,42.93194],[-0.54799,42.93211],[-0.54668,42.93309],[-0.54647,42.933],[-0.54634,42.93276],[-0.54669,42.93225],[-0.54681,42.93155],[-0.54723,42.93081],[-0.54724,42.93048],[-0.54687,42.92998],[-0.54707,42.9297],[-0.54716,42.9294],[-0.54748,42.92914],[-0.5477,42.92858],[-0.54858,42.92825],[-0.54915,42.92759],[-0.54935,42.92747],[-0.55049,42.92703],[-0.55139,42.92699],[-0.55298,42.92712],[-0.55394,42.92744],[-0.55527,42.92803],[-0.55584,42.92848],[-0.55639,42.9287],[-0.55823,42.92901],[-0.55969,42.92911],[-0.56002,42.92898],[-0.56081,42.92803],[-0.56138,42.92748],[-0.56122,42.92694],[-0.56124,42.92659],[-0.5611,42.92627],[-0.56078,42.92583],[-0.56012,42.92523],[-0.55942,42.92491],[-0.5584,42.92462],[-0.55804,42.92443],[-0.55695,42.92329],[-0.55583,42.92274],[-0.55527,42.92218],[-0.5549,42.92192],[-0.55271,42.92114],[-0.55167,42.92096],[-0.55111,42.92069],[-0.55029,42.92048],[-0.54893,42.91996],[-0.54764,42.91978],[-0.54677,42.91989],[-0.54609,42.91984]],[[-0.65248,42.94438],[-0.65263,42.94412],[-0.6523,42.94403],[-0.65214,42.94409],[-0.65213,42.94416],[-0.65248,42.94438]],[[-0.59975,42.8822],[-0.59943,42.88247],[-0.59896,42.88331],[-0.59841,42.88392],[-0.59846,42.88444],[-0.59839,42.88496],[-0.59862,42.88559],[-0.5986,42.88583],[-0.59837,42.88605],[-0.59767,42.88623],[-0.59668,42.88602],[-0.59611,42.88632],[-0.59524,42.88624],[-0.59484,42.8864],[-0.59469,42.88687],[-0.59466,42.88742],[-0.59423,42.88798],[-0.59418,42.88815],[-0.59427,42.8884],[-0.59475,42.88905],[-0.59501,42.88994],[-0.59501,42.89026],[-0.59212,42.89047],[-0.58945,42.89032],[-0.58788,42.88989],[-0.58747,42.88993],[-0.58718,42.89012],[-0.58677,42.89024],[-0.58672,42.89041],[-0.58682,42.89056],[-0.5875,42.89077],[-0.58793,42.89112],[-0.58798,42.89138],[-0.58776,42.89164],[-0.58793,42.89218],[-0.58792,42.89244],[-0.58753,42.89278],[-0.58641,42.89305],[-0.58602,42.89324],[-0.58577,42.89355],[-0.5857,42.89412],[-0.58577,42.8947],[-0.58592,42.89513],[-0.58606,42.89534],[-0.58667,42.8958],[-0.58663,42.89612],[-0.58706,42.89694],[-0.58732,42.89773],[-0.5875,42.89802],[-0.58788,42.89813],[-0.5892,42.89822],[-0.59083,42.89788],[-0.59172,42.89797],[-0.59264,42.89859],[-0.59389,42.89914],[-0.59681,42.89995],[-0.59652,42.90041],[-0.59664,42.90081],[-0.59745,42.90115],[-0.59769,42.90139],[-0.59775,42.9018],[-0.59769,42.90214],[-0.59718,42.90247],[-0.59708,42.90278],[-0.59749,42.90303],[-0.59767,42.90338],[-0.59847,42.90402],[-0.59866,42.90462],[-0.59897,42.90504],[-0.59889,42.90527],[-0.5986,42.90554],[-0.59849,42.90581],[-0.59825,42.90606],[-0.59817,42.90643],[-0.59737,42.90748],[-0.59702,42.90837],[-0.59664,42.90886],[-0.596,42.90934],[-0.59576,42.90985],[-0.5958,42.91026],[-0.5964,42.91157],[-0.59627,42.91194],[-0.59672,42.91274],[-0.59665,42.91303],[-0.5967,42.91333],[-0.59638,42.9136],[-0.59632,42.91388],[-0.59637,42.91414],[-0.59683,42.91499],[-0.59663,42.91551],[-0.59664,42.91638],[-0.59655,42.91694],[-0.5967,42.91754],[-0.59671,42.91836],[-0.59661,42.91909],[-0.59643,42.91965],[-0.59646,42.92024],[-0.5962,42.92131],[-0.59634,42.92148],[-0.59819,42.92273],[-0.59832,42.92302],[-0.5987,42.92329],[-0.59919,42.92385],[-0.59924,42.92416],[-0.59914,42.9247],[-0.59926,42.92499],[-0.59954,42.92526],[-0.60004,42.92548],[-0.60056,42.92527],[-0.60066,42.92489],[-0.60119,42.92405],[-0.60123,42.92298],[-0.60144,42.92239],[-0.60144,42.92169],[-0.60161,42.9211],[-0.60147,42.92006],[-0.60154,42.91985],[-0.60236,42.91889],[-0.60247,42.91855],[-0.60269,42.91827],[-0.60316,42.9181],[-0.6039,42.91803],[-0.60424,42.91791],[-0.60558,42.91694],[-0.60582,42.91664],[-0.60597,42.91607],[-0.60595,42.91576],[-0.60585,42.91551],[-0.60525,42.91498],[-0.60508,42.91468],[-0.60486,42.91388],[-0.60485,42.91267],[-0.60448,42.91173],[-0.60438,42.91106],[-0.60501,42.91055],[-0.60559,42.91026],[-0.60626,42.90916],[-0.60677,42.9089],[-0.60718,42.90856],[-0.60767,42.90806],[-0.60772,42.9077],[-0.60832,42.90748],[-0.60858,42.90688],[-0.60954,42.90633],[-0.60978,42.90612],[-0.60997,42.9058],[-0.61075,42.9055],[-0.61198,42.90474],[-0.61234,42.90385],[-0.61258,42.90284],[-0.61335,42.90195],[-0.61382,42.90019],[-0.6142,42.90009],[-0.61493,42.90017],[-0.61528,42.90013],[-0.61663,42.8995],[-0.61809,42.89963],[-0.61883,42.89942],[-0.61946,42.8986],[-0.61995,42.8977],[-0.62015,42.89728],[-0.62022,42.89679],[-0.62045,42.89656],[-0.62084,42.89636],[-0.62084,42.89499],[-0.62099,42.89468],[-0.62247,42.89421],[-0.62386,42.89414],[-0.62606,42.89363],[-0.62657,42.89327],[-0.62681,42.89294],[-0.62696,42.89225],[-0.62719,42.89179],[-0.62787,42.89116],[-0.62781,42.89058],[-0.62789,42.89042],[-0.62875,42.8899],[-0.62965,42.88966],[-0.63002,42.8894],[-0.63028,42.88891],[-0.63034,42.88834],[-0.63088,42.88786],[-0.63197,42.88615],[-0.63195,42.8858],[-0.63163,42.88525],[-0.63271,42.8847],[-0.633,42.88404],[-0.63382,42.88376],[-0.63434,42.88326],[-0.63449,42.8827],[-0.63444,42.88245],[-0.63426,42.8822]],[[-0.54609,42.90691],[-0.5475,42.90665],[-0.54779,42.90638],[-0.54838,42.90609],[-0.54851,42.90579],[-0.54839,42.90501],[-0.54777,42.90357],[-0.54746,42.90332],[-0.5467,42.90303],[-0.54653,42.90276],[-0.54657,42.90248],[-0.54684,42.90197],[-0.54664,42.90164],[-0.54672,42.90107],[-0.54665,42.90053],[-0.54673,42.89985],[-0.54705,42.89917],[-0.5476,42.89832],[-0.54747,42.89804],[-0.54661,42.89723],[-0.5466,42.89656],[-0.54672,42.89633],[-0.54747,42.89552],[-0.5484,42.89505],[-0.54991,42.89467],[-0.55044,42.8944],[-0.55001,42.89411],[-0.54886,42.89406],[-0.54609,42.895]],[[-0.63582,42.90611],[-0.63684,42.90594],[-0.6377,42.90539],[-0.6378,42.90526],[-0.63802,42.90449],[-0.63861,42.90456],[-0.63906,42.9044],[-0.63964,42.90352],[-0.64021,42.90301],[-0.6402,42.90191],[-0.64059,42.90139],[-0.64084,42.90077],[-0.64084,42.89969],[-0.64068,42.89919],[-0.64068,42.89892],[-0.64155,42.89784],[-0.64163,42.89763],[-0.64142,42.89654],[-0.64103,42.89587],[-0.64073,42.89584],[-0.64038,42.89603],[-0.63973,42.89678],[-0.63871,42.89732],[-0.6379,42.89827],[-0.63703,42.89888],[-0.63671,42.89921],[-0.63664,42.89942],[-0.63673,42.89962],[-0.63731,42.9002],[-0.63757,42.90069],[-0.63761,42.90149],[-0.63748,42.90191],[-0.63712,42.90241],[-0.63667,42.90332],[-0.63384,42.90525],[-0.63443,42.90581],[-0.63471,42.90621],[-0.63504,42.90623],[-0.63582,42.90611]],[[-0.64447,42.8822],[-0.64404,42.88244],[-0.64386,42.88274],[-0.644,42.88325],[-0.64431,42.88362],[-0.64438,42.88423],[-0.6443,42.88478],[-0.64416,42.88526],[-0.64351,42.8858],[-0.64311,42.88635],[-0.6431,42.88662],[-0.64328,42.88728],[-0.64271,42.88868],[-0.64268,42.88919],[-0.64282,42.88978],[-0.64247,42.89052],[-0.64226,42.89141],[-0.64202,42.89186],[-0.64171,42.89223],[-0.64136,42.89304],[-0.64163,42.89319],[-0.64187,42.89318],[-0.64228,42.89279],[-0.64275,42.89164],[-0.64313,42.89108],[-0.64343,42.89],[-0.64373,42.88969],[-0.64445,42.88943],[-0.64559,42.88929],[-0.64585,42.88932],[-0.64632,42.8896],[-0.64695,42.88955],[-0.64749,42.88943],[-0.64802,42.88909],[-0.64868,42.88906],[-0.64892,42.88891],[-0.6497,42.88778],[-0.6501,42.88748],[-0.6507,42.88729],[-0.65136,42.88738],[-0.65161,42.8873],[-0.65192,42.88681],[-0.6524,42.88632],[-0.65275,42.88608],[-0.65326,42.88602],[-0.65362,42.88583],[-0.65388,42.88519],[-0.65458,42.88488],[-0.65498,42.88498],[-0.65521,42.88489],[-0.65578,42.88438],[-0.65595,42.88413],[-0.65662,42.88385],[-0.65701,42.88359],[-0.65739,42.88355],[-0.65795,42.8837],[-0.65831,42.88358],[-0.65869,42.88315],[-0.65887,42.88263],[-0.65924,42.88254],[-0.65949,42.88267],[-0.6603,42.88357],[-0.65999,42.88442],[-0.65952,42.8845],[-0.65886,42.88433],[-0.65851,42.88433],[-0.65832,42.88442],[-0.65749,42.88526],[-0.65731,42.88562],[-0.65744,42.88607],[-0.65743,42.88639],[-0.65756,42.88695],[-0.65661,42.8877],[-0.65622,42.8883],[-0.65596,42.88855],[-0.65498,42.88914],[-0.65483,42.8894],[-0.6549,42.88975],[-0.6548,42.89005],[-0.65393,42.89119],[-0.6537,42.89169],[-0.65369,42.89197],[-0.65399,42.89244],[-0.65404,42.89278],[-0.65473,42.89358],[-0.65417,42.89417],[-0.65383,42.89466],[-0.65378,42.89496],[-0.65384,42.89555],[-0.65362,42.89631],[-0.65367,42.89666],[-0.65417,42.8971],[-0.65448,42.89794],[-0.65446,42.89808],[-0.65367,42.89884],[-0.65391,42.89913],[-0.65383,42.89973],[-0.65424,42.90072],[-0.65414,42.90139],[-0.65432,42.90166],[-0.65497,42.90193],[-0.65519,42.90246],[-0.65556,42.90286],[-0.6558,42.90295],[-0.65609,42.90285],[-0.65639,42.90251],[-0.65664,42.90191],[-0.65762,42.90085],[-0.65814,42.89998],[-0.65868,42.89946],[-0.65969,42.89819],[-0.65996,42.89802],[-0.66083,42.89787],[-0.66129,42.89769],[-0.66298,42.8961],[-0.66323,42.89602],[-0.66336,42.89604],[-0.66345,42.89615],[-0.66415,42.89748],[-0.66449,42.89775],[-0.66473,42.89856],[-0.66516,42.89916],[-0.66511,42.89968],[-0.66523,42.89998],[-0.6659,42.90051],[-0.6663,42.90051],[-0.66665,42.90029]],[[-0.58055,42.8822],[-0.57863,42.88306],[-0.57826,42.88358],[-0.57805,42.88416],[-0.57748,42.88469],[-0.57728,42.88499],[-0.57661,42.88553],[-0.57644,42.88586],[-0.57647,42.88624],[-0.57691,42.88722],[-0.57722,42.88727],[-0.57753,42.88723],[-0.57857,42.88632],[-0.57978,42.88586],[-0.5805,42.88466],[-0.5808,42.88372],[-0.58101,42.88335],[-0.58221,42.8822]]]}},{"type":"Feature","properties":{"ele":1490},"geometry":{"type":"MultiLineString","coordinates":[[[-0.65638,42.94609],[-0.65497,42.94573],[-0.65495,42.94583],[-0.65522,42.94609]],[[-0.55975,42.94609],[-0.5599,42.94581],[-0.56054,42.94525],[-0.56117,42.94424],[-0.56137,42.94372],[-0.56171,42.94332],[-0.56151,42.94277],[-0.56141,42.9422],[-0.56101,42.94191],[-0.5609,42.94166],[-0.56095,42.94145],[-0.56181,42.94049],[-0.56258,42.94003],[-0.56281,42.93971],[-0.56252,42.93886],[-0.56224,42.93836],[-0.56221,42.93805],[-0.56186,42.93777],[-0.56175,42.93756],[-0.56186,42.93666],[-0.5615,42.93577],[-0.56082,42.93547],[-0.55927,42.93517],[-0.55857,42.93491],[-0.55763,42.93447],[-0.55751,42.93413],[-0.55715,42.934],[-0.55618,42.93375],[-0.55538,42.93368],[-0.55473,42.93374],[-0.55414,42.93413],[-0.55399,42.93526],[-0.55392,42.93538],[-0.55379,42.93538],[-0.5536,42.93524],[-0.55321,42.93454],[-0.55312,42.93412],[-0.55274,42.93329],[-0.55271,42.93279],[-0.55304,42.93231],[-0.553,42.93201],[-0.55274,42.93179],[-0.55181,42.9315],[-0.55087,42.9315],[-0.54974,42.93198],[-0.54882,42.93201],[-0.54831,42.93212],[-0.54724,42.93283],[-0.54666,42.93336],[-0.54637,42.93327],[-0.54618,42.93277],[-0.54653,42.93211],[-0.54659,42.93161],[-0.54707,42.93072],[-0.54704,42.93046],[-0.54661,42.92996],[-0.54684,42.92968],[-0.54694,42.92943],[-0.54732,42.92899],[-0.54746,42.92858],[-0.54858,42.9281],[-0.54909,42.92744],[-0.54973,42.92721],[-0.55007,42.92696],[-0.55132,42.92687],[-0.55302,42.92695],[-0.55413,42.92734],[-0.55489,42.92777],[-0.55553,42.928],[-0.5558,42.92832],[-0.55638,42.92858],[-0.55826,42.92892],[-0.55948,42.92897],[-0.55998,42.92883],[-0.56115,42.9275],[-0.56118,42.92723],[-0.56106,42.92695],[-0.56102,42.92652],[-0.56054,42.92581],[-0.55994,42.92531],[-0.55918,42.92497],[-0.55809,42.92463],[-0.55776,42.92438],[-0.55686,42.92342],[-0.55578,42.92288],[-0.55502,42.92216],[-0.5542,42.92176],[-0.55254,42.9212],[-0.55165,42.92109],[-0.5511,42.9208],[-0.55021,42.92056],[-0.54889,42.92005],[-0.54764,42.91988],[-0.54689,42.91998],[-0.54609,42.91993]],[[-0.65471,42.94559],[-0.65479,42.94552],[-0.65461,42.94552],[-0.65471,42.94559]],[[-0.65443,42.9454],[-0.65447,42.94523],[-0.65415,42.94468],[-0.65344,42.94454],[-0.65315,42.94466],[-0.65443,42.9454]],[[-0.60022,42.8822],[-0.60005,42.88253],[-0.59967,42.88273],[-0.59953,42.88291],[-0.59945,42.88335],[-0.59886,42.88376],[-0.59859,42.88413],[-0.5987,42.8844],[-0.59862,42.88492],[-0.59889,42.88579],[-0.59895,42.88631],[-0.5989,42.88646],[-0.59837,42.88642],[-0.59795,42.88647],[-0.5974,42.88637],[-0.59611,42.8865],[-0.59535,42.8864],[-0.59502,42.88667],[-0.59493,42.88692],[-0.59493,42.88746],[-0.59459,42.88803],[-0.59526,42.88831],[-0.5956,42.8888],[-0.59558,42.88923],[-0.59525,42.88943],[-0.59524,42.88972],[-0.59539,42.89016],[-0.59533,42.89034],[-0.59465,42.89049],[-0.59219,42.89058],[-0.58941,42.89041],[-0.58796,42.89],[-0.58767,42.88998],[-0.5872,42.89025],[-0.58708,42.89051],[-0.58752,42.89068],[-0.58804,42.89109],[-0.58813,42.89134],[-0.58798,42.89168],[-0.58807,42.89248],[-0.58756,42.89282],[-0.58649,42.8931],[-0.58607,42.89329],[-0.58583,42.89362],[-0.58578,42.89409],[-0.58596,42.89503],[-0.58609,42.89526],[-0.58678,42.89578],[-0.58683,42.89627],[-0.58719,42.89703],[-0.58743,42.89776],[-0.58761,42.89793],[-0.58797,42.89805],[-0.58927,42.8981],[-0.59079,42.89774],[-0.59181,42.8979],[-0.59307,42.89858],[-0.59403,42.89882],[-0.59469,42.89887],[-0.5955,42.89942],[-0.59701,42.89981],[-0.59724,42.89998],[-0.59697,42.90028],[-0.59691,42.90054],[-0.59758,42.90076],[-0.59807,42.90132],[-0.5981,42.90194],[-0.59798,42.9022],[-0.59769,42.90249],[-0.59762,42.90275],[-0.59798,42.90332],[-0.59835,42.90357],[-0.59891,42.90412],[-0.59897,42.9044],[-0.59922,42.9047],[-0.59927,42.90496],[-0.59916,42.90526],[-0.59876,42.90576],[-0.59849,42.90637],[-0.59756,42.90749],[-0.59739,42.90805],[-0.59706,42.9086],[-0.5963,42.90938],[-0.59606,42.90999],[-0.59608,42.91056],[-0.59658,42.91138],[-0.59657,42.91195],[-0.59695,42.91276],[-0.59688,42.91326],[-0.59668,42.91364],[-0.59663,42.91392],[-0.59664,42.91416],[-0.59701,42.91497],[-0.59681,42.91555],[-0.59674,42.91687],[-0.59689,42.91756],[-0.59687,42.91833],[-0.59663,42.91951],[-0.59661,42.92027],[-0.59641,42.9211],[-0.59653,42.9214],[-0.59805,42.92245],[-0.59891,42.92329],[-0.59939,42.92395],[-0.59944,42.92496],[-0.59973,42.9252],[-0.60004,42.92529],[-0.60029,42.92526],[-0.60101,42.92402],[-0.60104,42.92319],[-0.6013,42.92228],[-0.6013,42.92159],[-0.60143,42.92106],[-0.60132,42.92003],[-0.60141,42.91977],[-0.60218,42.91882],[-0.60248,42.91826],[-0.60297,42.918],[-0.60382,42.91788],[-0.60416,42.91776],[-0.60531,42.91694],[-0.60556,42.91663],[-0.60567,42.91576],[-0.60487,42.91475],[-0.60468,42.91389],[-0.60471,42.91275],[-0.60414,42.91108],[-0.60493,42.91043],[-0.60529,42.91024],[-0.60568,42.90974],[-0.60601,42.90911],[-0.6065,42.90883],[-0.60725,42.90807],[-0.60742,42.90773],[-0.60773,42.90743],[-0.60795,42.9069],[-0.60814,42.90665],[-0.60888,42.90638],[-0.60925,42.90614],[-0.60942,42.90579],[-0.6097,42.90557],[-0.61024,42.9054],[-0.61163,42.90467],[-0.61202,42.90399],[-0.61237,42.90279],[-0.61322,42.9019],[-0.61341,42.90131],[-0.61364,42.90003],[-0.61509,42.90001],[-0.61667,42.89934],[-0.61792,42.89948],[-0.61848,42.89939],[-0.61886,42.89913],[-0.61905,42.8986],[-0.61942,42.89826],[-0.61977,42.89774],[-0.61994,42.89728],[-0.61996,42.89671],[-0.62034,42.89616],[-0.6204,42.89551],[-0.62061,42.89482],[-0.62074,42.89462],[-0.62224,42.89409],[-0.62392,42.89399],[-0.62517,42.89364],[-0.62601,42.8935],[-0.62637,42.89331],[-0.62665,42.89303],[-0.62688,42.89213],[-0.62708,42.8917],[-0.62778,42.8911],[-0.62762,42.89055],[-0.62774,42.89033],[-0.62886,42.88972],[-0.62941,42.8896],[-0.62976,42.88943],[-0.63011,42.88888],[-0.63017,42.88828],[-0.63083,42.88777],[-0.63173,42.88641],[-0.63184,42.88596],[-0.6315,42.88534],[-0.63151,42.88521],[-0.63191,42.88495],[-0.63251,42.88471],[-0.63268,42.88444],[-0.63275,42.88412],[-0.63299,42.88386],[-0.63374,42.88364],[-0.63413,42.88328],[-0.63434,42.8827],[-0.6341,42.8822]],[[-0.54609,42.90679],[-0.54703,42.90665],[-0.54749,42.90643],[-0.54816,42.90587],[-0.54824,42.9053],[-0.54789,42.90426],[-0.54754,42.90359],[-0.54661,42.90316],[-0.54643,42.90301],[-0.54635,42.9028],[-0.54633,42.90245],[-0.54667,42.90192],[-0.54642,42.90159],[-0.54656,42.9011],[-0.54651,42.90058],[-0.54658,42.89979],[-0.54687,42.89914],[-0.54717,42.89882],[-0.5473,42.89836],[-0.54723,42.89802],[-0.54688,42.89775],[-0.54643,42.89721],[-0.54646,42.89652],[-0.54668,42.89613],[-0.54737,42.89545],[-0.54833,42.89494],[-0.55018,42.8944],[-0.54969,42.89417],[-0.54892,42.89418],[-0.54737,42.89464],[-0.54684,42.89491],[-0.54609,42.89514]],[[-0.63498,42.90609],[-0.63587,42.90588],[-0.63665,42.90583],[-0.63683,42.90573],[-0.63719,42.90543],[-0.63755,42.90525],[-0.6377,42.90496],[-0.63777,42.90444],[-0.63786,42.90435],[-0.63809,42.90423],[-0.63858,42.90433],[-0.63884,42.90423],[-0.63921,42.90393],[-0.63938,42.9033],[-0.64,42.90304],[-0.64004,42.9027],[-0.63993,42.90191],[-0.64037,42.90136],[-0.64062,42.90069],[-0.64048,42.89871],[-0.64052,42.89858],[-0.6411,42.89806],[-0.64143,42.89751],[-0.64129,42.89662],[-0.64084,42.89608],[-0.64053,42.89608],[-0.6403,42.89647],[-0.63986,42.89693],[-0.63887,42.89747],[-0.6381,42.89833],[-0.63697,42.89923],[-0.63689,42.89946],[-0.63748,42.9001],[-0.63773,42.9006],[-0.63781,42.90166],[-0.63731,42.90249],[-0.63697,42.90334],[-0.6343,42.90521],[-0.6343,42.90537],[-0.63469,42.90591],[-0.63498,42.90609]],[[-0.64466,42.8822],[-0.64416,42.88252],[-0.64402,42.88274],[-0.64419,42.88324],[-0.64449,42.88358],[-0.6446,42.88419],[-0.64458,42.88458],[-0.6443,42.88528],[-0.64367,42.88581],[-0.64329,42.88636],[-0.64327,42.88666],[-0.64345,42.88701],[-0.64348,42.88728],[-0.64294,42.8885],[-0.64283,42.88902],[-0.64305,42.88973],[-0.64332,42.8897],[-0.64396,42.88936],[-0.64469,42.8892],[-0.64586,42.8891],[-0.64608,42.88916],[-0.64635,42.88944],[-0.64659,42.88944],[-0.6474,42.88929],[-0.64806,42.88895],[-0.64863,42.88892],[-0.64943,42.88775],[-0.64971,42.88748],[-0.65042,42.88719],[-0.65154,42.8872],[-0.65211,42.88637],[-0.65247,42.88607],[-0.65342,42.88582],[-0.65363,42.88556],[-0.65387,42.88469],[-0.65471,42.88452],[-0.65698,42.88338],[-0.65726,42.88336],[-0.65804,42.88359],[-0.65847,42.88325],[-0.65859,42.88301],[-0.65866,42.88253],[-0.65881,42.88232],[-0.65899,42.88227],[-0.65946,42.88244],[-0.65997,42.88305],[-0.66064,42.88365],[-0.66073,42.88395],[-0.66056,42.88447],[-0.66029,42.8847],[-0.65934,42.88478],[-0.65859,42.8847],[-0.65828,42.88486],[-0.65772,42.88553],[-0.65786,42.88608],[-0.65783,42.88638],[-0.65791,42.88676],[-0.65786,42.88697],[-0.65665,42.88796],[-0.65644,42.88834],[-0.65619,42.88856],[-0.65509,42.88916],[-0.65494,42.8894],[-0.6551,42.88973],[-0.65491,42.89018],[-0.65459,42.89051],[-0.65446,42.89081],[-0.65416,42.89109],[-0.6538,42.89164],[-0.65379,42.89195],[-0.6541,42.89242],[-0.65418,42.89273],[-0.65472,42.89331],[-0.65484,42.89356],[-0.654,42.89461],[-0.65397,42.89482],[-0.65408,42.89534],[-0.65374,42.89635],[-0.65382,42.89669],[-0.65427,42.89695],[-0.6546,42.89791],[-0.65454,42.89813],[-0.65407,42.89858],[-0.65394,42.89881],[-0.65427,42.89936],[-0.65406,42.89982],[-0.65437,42.90079],[-0.65435,42.90142],[-0.65452,42.90158],[-0.65505,42.90183],[-0.65534,42.90241],[-0.65554,42.90262],[-0.65581,42.90277],[-0.65608,42.90269],[-0.65628,42.90246],[-0.65654,42.9019],[-0.65736,42.90101],[-0.65803,42.89996],[-0.65858,42.8994],[-0.65962,42.89802],[-0.66014,42.89784],[-0.66085,42.89778],[-0.66122,42.89761],[-0.66168,42.89721],[-0.66276,42.896],[-0.66304,42.8958],[-0.66333,42.89581],[-0.66361,42.89603],[-0.66391,42.89657],[-0.66408,42.89721],[-0.66443,42.89748],[-0.66467,42.89777],[-0.66491,42.89857],[-0.66537,42.89914],[-0.66543,42.89972],[-0.6658,42.90017],[-0.66615,42.90031],[-0.66665,42.90016]],[[-0.58087,42.8822],[-0.58081,42.88252],[-0.57921,42.88294],[-0.57867,42.88327],[-0.57821,42.88416],[-0.57759,42.88496],[-0.57664,42.88578],[-0.57673,42.88634],[-0.577,42.88664],[-0.57717,42.88697],[-0.57751,42.88697],[-0.57861,42.88618],[-0.57973,42.88573],[-0.58018,42.88489],[-0.58072,42.88334],[-0.58189,42.8822]]]}},{"type":"Feature","properties":{"ele":1510},"geometry":{"type":"MultiLineString","coordinates":[[[-0.55943,42.94609],[-0.55942,42.9458],[-0.55989,42.94551],[-0.56007,42.94519],[-0.56076,42.94439],[-0.56111,42.9436],[-0.56114,42.94263],[-0.5611,42.94247],[-0.56066,42.94217],[-0.56056,42.94162],[-0.5606,42.94138],[-0.5614,42.94041],[-0.56252,42.93971],[-0.56181,42.93806],[-0.56149,42.93773],[-0.5616,42.93662],[-0.56137,42.93612],[-0.5611,42.93581],[-0.55906,42.93537],[-0.5572,42.93443],[-0.55717,42.9342],[-0.55707,42.9341],[-0.55615,42.93398],[-0.55511,42.93402],[-0.55469,42.93413],[-0.55464,42.93443],[-0.55441,42.9347],[-0.55457,42.93537],[-0.55453,42.9356],[-0.55422,42.93589],[-0.55384,42.9359],[-0.55335,42.93551],[-0.55304,42.93494],[-0.55286,42.93451],[-0.5528,42.93409],[-0.55181,42.93227],[-0.55184,42.93194],[-0.55146,42.93184],[-0.55104,42.93189],[-0.55052,42.93219],[-0.55007,42.9323],[-0.54889,42.93233],[-0.54832,42.93248],[-0.54745,42.93302],[-0.54696,42.93361],[-0.54623,42.9341],[-0.54609,42.93451]],[[-0.54609,42.93184],[-0.54625,42.93112],[-0.54663,42.93079],[-0.5467,42.93056],[-0.54619,42.93005],[-0.54616,42.92989],[-0.54652,42.92946],[-0.54666,42.92915],[-0.54702,42.9289],[-0.54715,42.92853],[-0.5483,42.92801],[-0.54859,42.92775],[-0.54888,42.92729],[-0.54992,42.92664],[-0.55137,42.92664],[-0.55326,42.92677],[-0.55475,42.92719],[-0.55522,42.92751],[-0.55581,42.92776],[-0.55606,42.92807],[-0.5564,42.9283],[-0.55722,42.92852],[-0.55882,42.92875],[-0.55934,42.92873],[-0.55976,42.92861],[-0.56078,42.92747],[-0.56086,42.92721],[-0.56066,42.92665],[-0.5597,42.92554],[-0.55916,42.92528],[-0.558,42.92492],[-0.55747,42.92449],[-0.55662,42.92361],[-0.55551,42.92309],[-0.55492,42.92245],[-0.55408,42.92196],[-0.55331,42.92174],[-0.55246,42.92137],[-0.55156,42.92126],[-0.5508,42.92091],[-0.54888,42.92024],[-0.54761,42.92008],[-0.54684,42.92016],[-0.54609,42.92011]],[[-0.60099,42.8822],[-0.60081,42.88274],[-0.60015,42.88323],[-0.59992,42.88381],[-0.59941,42.88414],[-0.5992,42.88442],[-0.59913,42.88466],[-0.59912,42.88498],[-0.59929,42.88531],[-0.59943,42.88609],[-0.59999,42.88752],[-0.59913,42.88739],[-0.59746,42.88684],[-0.59595,42.88691],[-0.5958,42.88718],[-0.59582,42.88775],[-0.59574,42.88808],[-0.59582,42.88831],[-0.5962,42.88883],[-0.59625,42.88937],[-0.59592,42.8902],[-0.59586,42.89054],[-0.59545,42.89081],[-0.59316,42.89072],[-0.59224,42.89085],[-0.59129,42.89069],[-0.58941,42.89061],[-0.58805,42.89024],[-0.58775,42.89024],[-0.5877,42.89055],[-0.5883,42.8911],[-0.5884,42.89133],[-0.58831,42.8919],[-0.58836,42.89249],[-0.58804,42.89275],[-0.58634,42.8933],[-0.58604,42.89356],[-0.58596,42.89405],[-0.58609,42.89499],[-0.58635,42.89526],[-0.58685,42.89555],[-0.58714,42.8958],[-0.58706,42.89614],[-0.5871,42.89638],[-0.58749,42.89747],[-0.58773,42.89778],[-0.58837,42.89791],[-0.58934,42.89788],[-0.59062,42.8975],[-0.59112,42.89746],[-0.59276,42.89803],[-0.59389,42.8983],[-0.59497,42.89869],[-0.59581,42.89914],[-0.59642,42.89935],[-0.59726,42.89951],[-0.5977,42.8998],[-0.5981,42.90018],[-0.59904,42.90077],[-0.59902,42.90103],[-0.59872,42.90143],[-0.59868,42.90166],[-0.59908,42.90232],[-0.59953,42.90271],[-0.59971,42.90303],[-0.59948,42.90293],[-0.59927,42.90295],[-0.59886,42.90331],[-0.59913,42.90359],[-0.59964,42.90389],[-0.6004,42.90414],[-0.60061,42.90442],[-0.60035,42.90471],[-0.59974,42.90509],[-0.5991,42.90576],[-0.59885,42.90652],[-0.59794,42.90746],[-0.59752,42.90862],[-0.59696,42.90943],[-0.59664,42.9097],[-0.59657,42.9103],[-0.59699,42.91133],[-0.59701,42.91201],[-0.59751,42.91276],[-0.5973,42.91333],[-0.59724,42.91374],[-0.59734,42.91503],[-0.59717,42.91552],[-0.59711,42.91673],[-0.59724,42.9176],[-0.59704,42.91912],[-0.59693,42.91942],[-0.59697,42.92016],[-0.59674,42.921],[-0.59695,42.92135],[-0.59811,42.92215],[-0.5994,42.92333],[-0.60003,42.92452],[-0.60026,42.92442],[-0.60054,42.92415],[-0.60067,42.92378],[-0.60076,42.92306],[-0.60103,42.92215],[-0.601,42.92117],[-0.60109,42.92079],[-0.60108,42.91992],[-0.60117,42.91964],[-0.60178,42.91883],[-0.60211,42.91826],[-0.60255,42.91778],[-0.60279,42.91769],[-0.60354,42.91764],[-0.60411,42.9174],[-0.60498,42.91664],[-0.6051,42.91638],[-0.60508,42.91562],[-0.60458,42.91494],[-0.60429,42.91416],[-0.6044,42.91322],[-0.60405,42.91166],[-0.60375,42.91113],[-0.60386,42.9108],[-0.60452,42.91026],[-0.6053,42.90975],[-0.60569,42.9089],[-0.60613,42.9086],[-0.60626,42.90843],[-0.60638,42.90793],[-0.6072,42.90719],[-0.60752,42.90665],[-0.60858,42.9058],[-0.60911,42.90523],[-0.6097,42.90486],[-0.61066,42.90457],[-0.61144,42.9041],[-0.61164,42.90385],[-0.61202,42.90275],[-0.61293,42.90189],[-0.61314,42.90107],[-0.61321,42.9],[-0.6133,42.89982],[-0.61486,42.89961],[-0.61636,42.89907],[-0.61774,42.89909],[-0.61833,42.89895],[-0.61842,42.89885],[-0.61848,42.8985],[-0.61917,42.89803],[-0.61939,42.89716],[-0.6198,42.89621],[-0.61967,42.89547],[-0.6197,42.8951],[-0.6203,42.89444],[-0.6207,42.89427],[-0.62137,42.89414],[-0.62208,42.8938],[-0.62392,42.89369],[-0.62581,42.89331],[-0.62626,42.89302],[-0.62647,42.89272],[-0.62678,42.89167],[-0.62737,42.89106],[-0.62738,42.89083],[-0.62718,42.89025],[-0.62806,42.88999],[-0.62853,42.88966],[-0.62936,42.88941],[-0.62949,42.8893],[-0.62985,42.88867],[-0.62994,42.88817],[-0.63054,42.88776],[-0.63154,42.88638],[-0.63157,42.886],[-0.63121,42.88534],[-0.63123,42.88518],[-0.6314,42.88499],[-0.6323,42.88448],[-0.63254,42.8839],[-0.6327,42.88371],[-0.63334,42.88349],[-0.63384,42.88302],[-0.63401,42.8827],[-0.63381,42.8822]],[[-0.54609,42.90654],[-0.54692,42.90636],[-0.54732,42.90615],[-0.54775,42.90579],[-0.54781,42.90534],[-0.54749,42.90412],[-0.54694,42.9037],[-0.54635,42.90342],[-0.54609,42.90313]],[[-0.63526,42.90556],[-0.63589,42.90527],[-0.63664,42.90467],[-0.63723,42.90476],[-0.63725,42.9042],[-0.63749,42.9039],[-0.63833,42.90359],[-0.63909,42.90298],[-0.6395,42.90278],[-0.6393,42.90225],[-0.63944,42.90192],[-0.63937,42.90164],[-0.63976,42.90134],[-0.63969,42.90112],[-0.63943,42.90081],[-0.63997,42.9005],[-0.64017,42.9001],[-0.64012,42.89993],[-0.63981,42.89967],[-0.63982,42.89944],[-0.64001,42.89911],[-0.6397,42.89887],[-0.6397,42.89858],[-0.63994,42.89828],[-0.64061,42.89787],[-0.64096,42.89751],[-0.64103,42.89715],[-0.64084,42.89679],[-0.64051,42.89685],[-0.63968,42.89771],[-0.63889,42.89813],[-0.63765,42.8991],[-0.63765,42.8993],[-0.63826,42.90072],[-0.63829,42.90166],[-0.63778,42.90249],[-0.63741,42.90356],[-0.63721,42.90375],[-0.63649,42.90413],[-0.63609,42.90442],[-0.6358,42.90478],[-0.63506,42.90524],[-0.63507,42.90547],[-0.63526,42.90556]],[[-0.65954,42.8822],[-0.66021,42.88303],[-0.66073,42.88341],[-0.6614,42.88413],[-0.66137,42.88442],[-0.6611,42.88475],[-0.66066,42.8851],[-0.65993,42.88508],[-0.65945,42.88532],[-0.6588,42.88551],[-0.65864,42.88583],[-0.6585,42.88666],[-0.65803,42.88736],[-0.65717,42.88803],[-0.65665,42.88858],[-0.65539,42.88913],[-0.65531,42.88937],[-0.65539,42.88975],[-0.65527,42.89027],[-0.65495,42.89051],[-0.65479,42.89082],[-0.65449,42.89111],[-0.65442,42.89135],[-0.65402,42.89167],[-0.65404,42.89194],[-0.6543,42.89223],[-0.65471,42.89303],[-0.6553,42.89333],[-0.65523,42.89361],[-0.65439,42.89442],[-0.65433,42.89469],[-0.65453,42.89498],[-0.65455,42.89527],[-0.65407,42.89603],[-0.654,42.89628],[-0.65405,42.89644],[-0.65443,42.89664],[-0.65458,42.89687],[-0.65484,42.89794],[-0.65448,42.8986],[-0.65479,42.89933],[-0.65448,42.9001],[-0.65469,42.90116],[-0.65529,42.90159],[-0.65562,42.90222],[-0.65584,42.90233],[-0.65609,42.90224],[-0.65625,42.9019],[-0.65677,42.90142],[-0.65724,42.90084],[-0.65751,42.90035],[-0.65942,42.89775],[-0.6607,42.89764],[-0.6611,42.89748],[-0.66167,42.89693],[-0.66194,42.89642],[-0.66241,42.89578],[-0.66274,42.89551],[-0.66306,42.89541],[-0.6639,42.89551],[-0.66458,42.8963],[-0.6646,42.8964],[-0.66441,42.8966],[-0.66432,42.89692],[-0.66441,42.89703],[-0.66475,42.89707],[-0.66497,42.89723],[-0.66508,42.89828],[-0.66541,42.8986],[-0.66552,42.89888],[-0.66593,42.89939],[-0.66609,42.8998],[-0.66636,42.89993],[-0.66665,42.89992]],[[-0.54609,42.90133],[-0.54626,42.90034],[-0.54622,42.89989],[-0.54648,42.8992],[-0.54685,42.89878],[-0.54695,42.89834],[-0.54684,42.89805],[-0.54626,42.89752],[-0.54609,42.89725]],[[-0.54609,42.89715],[-0.54625,42.89631],[-0.54661,42.89559],[-0.54642,42.89545],[-0.54609,42.89548]],[[-0.6451,42.8822],[-0.64435,42.88277],[-0.64439,42.88305],[-0.645,42.88413],[-0.64493,42.88482],[-0.64481,42.88507],[-0.64399,42.88584],[-0.64373,42.88624],[-0.6437,42.88652],[-0.64389,42.88691],[-0.64391,42.88721],[-0.64331,42.88866],[-0.64372,42.88877],[-0.64499,42.88858],[-0.64552,42.88877],[-0.64613,42.88883],[-0.64674,42.88909],[-0.64726,42.88903],[-0.6484,42.88859],[-0.64867,42.8883],[-0.64912,42.88741],[-0.64952,42.88699],[-0.65139,42.88694],[-0.65223,42.88583],[-0.65333,42.88554],[-0.65345,42.8852],[-0.65355,42.88443],[-0.65366,42.88429],[-0.65418,42.88417],[-0.65557,42.88366],[-0.65611,42.88332],[-0.65639,42.88324],[-0.65715,42.8831],[-0.65778,42.88328],[-0.65809,42.88321],[-0.65829,42.88302],[-0.65834,42.88284],[-0.65826,42.8822]],[[-0.57776,42.88638],[-0.57858,42.88593],[-0.57943,42.88562],[-0.57965,42.88547],[-0.57976,42.88516],[-0.57968,42.88439],[-0.58001,42.88365],[-0.58003,42.88329],[-0.57961,42.88331],[-0.57887,42.88384],[-0.57872,42.88426],[-0.57836,42.88482],[-0.57797,42.88522],[-0.57747,42.88552],[-0.57719,42.8858],[-0.57713,42.88609],[-0.57723,42.88627],[-0.57744,42.8864],[-0.57776,42.88638]]]}},{"type":"Feature","properties":{"ele":1520},"geometry":{"type":"MultiLineString","coordinates":[[[-0.5593,42.94609],[-0.55928,42.94575],[-0.55974,42.94541],[-0.56057,42.94443],[-0.56081,42.94403],[-0.56089,42.9436],[-0.56082,42.94331],[-0.56094,42.94278],[-0.5604,42.94223],[-0.56044,42.94134],[-0.56136,42.94025],[-0.56168,42.94001],[-0.56218,42.93985],[-0.56235,42.9397],[-0.56167,42.93817],[-0.56135,42.93779],[-0.56146,42.93666],[-0.56138,42.93635],[-0.56111,42.93603],[-0.5607,42.93585],[-0.55891,42.93547],[-0.55708,42.93448],[-0.55696,42.93413],[-0.55639,42.93409],[-0.55602,42.93414],[-0.55591,42.93444],[-0.55507,42.93448],[-0.55467,42.93465],[-0.5546,42.93496],[-0.55477,42.93551],[-0.5547,42.93579],[-0.55443,42.93609],[-0.55388,42.9362],[-0.55321,42.93553],[-0.55277,42.93468],[-0.55257,42.9339],[-0.55196,42.93297],[-0.55146,42.93258],[-0.55087,42.93239],[-0.55003,42.93248],[-0.5491,42.93247],[-0.54832,42.93265],[-0.54747,42.9332],[-0.54721,42.93359],[-0.54655,42.93408],[-0.54644,42.93445],[-0.54609,42.93481]],[[-0.54609,42.93098],[-0.54641,42.93054],[-0.54609,42.93022]],[[-0.54609,42.92961],[-0.54638,42.92943],[-0.54647,42.92915],[-0.54681,42.92888],[-0.54692,42.92858],[-0.54748,42.9282],[-0.54834,42.92786],[-0.54874,42.92722],[-0.5496,42.92662],[-0.5499,42.92652],[-0.55125,42.9265],[-0.55195,42.92662],[-0.55306,42.92662],[-0.55439,42.9269],[-0.55608,42.9277],[-0.55631,42.92807],[-0.55671,42.92826],[-0.55882,42.92864],[-0.55944,42.9286],[-0.55968,42.92846],[-0.56058,42.92749],[-0.56068,42.92718],[-0.56057,42.92686],[-0.56028,42.92662],[-0.56009,42.92625],[-0.55969,42.92576],[-0.55924,42.92548],[-0.55779,42.92496],[-0.55665,42.92381],[-0.55613,42.92349],[-0.55553,42.92326],[-0.55473,42.92246],[-0.55396,42.92204],[-0.55329,42.92186],[-0.55233,42.92145],[-0.55161,42.92138],[-0.5507,42.92097],[-0.54882,42.92033],[-0.54761,42.92018],[-0.54688,42.92024],[-0.54609,42.9202]],[[-0.6013,42.8822],[-0.60111,42.88277],[-0.6005,42.88328],[-0.60014,42.88387],[-0.59971,42.88415],[-0.59941,42.88446],[-0.59937,42.88497],[-0.59964,42.8859],[-0.60038,42.88763],[-0.60028,42.88804],[-0.59864,42.88744],[-0.5975,42.88713],[-0.59674,42.88707],[-0.5963,42.88717],[-0.596,42.88809],[-0.59649,42.88889],[-0.59653,42.88961],[-0.59612,42.89058],[-0.59585,42.89084],[-0.59549,42.89101],[-0.59351,42.8908],[-0.59304,42.89081],[-0.59236,42.89104],[-0.59158,42.89082],[-0.58945,42.89071],[-0.58801,42.89041],[-0.58789,42.89053],[-0.58795,42.89072],[-0.58844,42.89108],[-0.58855,42.89128],[-0.58846,42.89183],[-0.58849,42.89248],[-0.58819,42.89276],[-0.58643,42.89335],[-0.5861,42.8936],[-0.58605,42.89399],[-0.58608,42.8947],[-0.58621,42.89502],[-0.58652,42.89529],[-0.58749,42.89581],[-0.58719,42.89607],[-0.5872,42.89637],[-0.58757,42.89739],[-0.58782,42.89768],[-0.5884,42.89783],[-0.58941,42.89777],[-0.59073,42.89734],[-0.59122,42.89734],[-0.59188,42.89763],[-0.59467,42.89833],[-0.59525,42.89863],[-0.59607,42.89887],[-0.5966,42.89919],[-0.59757,42.89939],[-0.59831,42.8997],[-0.59889,42.90024],[-0.59943,42.90053],[-0.5993,42.90134],[-0.59904,42.90166],[-0.59984,42.90222],[-0.60029,42.90272],[-0.60034,42.90294],[-0.60024,42.90329],[-0.59968,42.90359],[-0.60066,42.90409],[-0.60078,42.90437],[-0.60058,42.90473],[-0.59992,42.90519],[-0.59967,42.90551],[-0.59933,42.90578],[-0.59889,42.90678],[-0.5981,42.90752],[-0.5978,42.90822],[-0.59777,42.90859],[-0.59758,42.90892],[-0.59745,42.90939],[-0.59719,42.9097],[-0.59703,42.91024],[-0.59716,42.91194],[-0.59774,42.91294],[-0.59748,42.9133],[-0.59749,42.91359],[-0.5974,42.91388],[-0.59751,42.91516],[-0.59735,42.91555],[-0.59727,42.91673],[-0.59741,42.91756],[-0.59711,42.91947],[-0.59713,42.9201],[-0.59693,42.92109],[-0.59881,42.92252],[-0.60004,42.92382],[-0.6003,42.92372],[-0.60049,42.92353],[-0.60069,42.9225],[-0.60085,42.92224],[-0.60086,42.92114],[-0.60098,42.92062],[-0.6009,42.91992],[-0.60098,42.91963],[-0.60171,42.9187],[-0.60191,42.91829],[-0.60243,42.91772],[-0.60278,42.91758],[-0.6036,42.91748],[-0.60415,42.91721],[-0.60473,42.91666],[-0.60485,42.91642],[-0.60492,42.91593],[-0.60486,42.91562],[-0.60442,42.91498],[-0.60409,42.91426],[-0.60419,42.913],[-0.60389,42.91163],[-0.60354,42.91105],[-0.60368,42.91079],[-0.60424,42.91027],[-0.60476,42.90999],[-0.60529,42.90952],[-0.60549,42.90883],[-0.60582,42.90859],[-0.60599,42.90836],[-0.6059,42.90787],[-0.60596,42.9077],[-0.6067,42.90719],[-0.6071,42.9066],[-0.60835,42.90561],[-0.60856,42.90525],[-0.60886,42.90495],[-0.60967,42.90442],[-0.61066,42.90432],[-0.61109,42.90414],[-0.61132,42.90388],[-0.61179,42.90273],[-0.61278,42.90193],[-0.61281,42.90159],[-0.61299,42.90107],[-0.61303,42.89993],[-0.61311,42.8997],[-0.61337,42.8996],[-0.61455,42.89949],[-0.61629,42.8989],[-0.61748,42.89886],[-0.61782,42.89858],[-0.61801,42.898],[-0.61895,42.89757],[-0.61915,42.8973],[-0.61961,42.89624],[-0.61961,42.896],[-0.61942,42.89531],[-0.61947,42.89507],[-0.62023,42.89428],[-0.62054,42.89414],[-0.62132,42.89403],[-0.62205,42.89367],[-0.62302,42.89355],[-0.62392,42.89355],[-0.62576,42.89316],[-0.62605,42.893],[-0.62639,42.89257],[-0.62664,42.89163],[-0.62719,42.89103],[-0.62722,42.8908],[-0.62701,42.89037],[-0.62702,42.89023],[-0.62726,42.8901],[-0.62779,42.88998],[-0.62833,42.88962],[-0.62945,42.88917],[-0.62973,42.88862],[-0.62977,42.88829],[-0.62991,42.88805],[-0.63057,42.88756],[-0.63143,42.88641],[-0.63144,42.886],[-0.63103,42.8853],[-0.63106,42.88513],[-0.63118,42.88499],[-0.6317,42.88477],[-0.63221,42.88442],[-0.63251,42.88361],[-0.63339,42.88329],[-0.6338,42.8827],[-0.63361,42.8822]],[[-0.54609,42.90642],[-0.54718,42.90608],[-0.54747,42.90579],[-0.54758,42.90537],[-0.54745,42.9045],[-0.54726,42.90416],[-0.54609,42.9034]],[[-0.63804,42.90337],[-0.63836,42.90327],[-0.63896,42.90274],[-0.639,42.90215],[-0.63886,42.90176],[-0.63852,42.90184],[-0.63803,42.90243],[-0.63787,42.90301],[-0.63794,42.90327],[-0.63804,42.90337]],[[-0.65971,42.8822],[-0.66027,42.88298],[-0.66077,42.88334],[-0.66134,42.88394],[-0.66167,42.88414],[-0.66169,42.88445],[-0.66063,42.88541],[-0.66042,42.88547],[-0.65993,42.88542],[-0.65907,42.88577],[-0.6589,42.88608],[-0.65877,42.88661],[-0.65798,42.88771],[-0.65685,42.88858],[-0.65551,42.88913],[-0.65554,42.8897],[-0.65537,42.89028],[-0.65466,42.89107],[-0.65448,42.89141],[-0.65415,42.89164],[-0.65416,42.8919],[-0.65445,42.8922],[-0.65468,42.89281],[-0.65493,42.89304],[-0.65537,42.89325],[-0.65543,42.89337],[-0.65523,42.89379],[-0.65458,42.89439],[-0.65456,42.89461],[-0.65478,42.89498],[-0.65479,42.89529],[-0.65468,42.89551],[-0.65415,42.89608],[-0.65413,42.89627],[-0.65413,42.89638],[-0.6547,42.89666],[-0.65481,42.89694],[-0.65499,42.89803],[-0.65474,42.89853],[-0.655,42.89915],[-0.65499,42.8997],[-0.65475,42.9],[-0.65469,42.90021],[-0.65482,42.901],[-0.65578,42.902],[-0.65618,42.9018],[-0.65668,42.90141],[-0.65706,42.90093],[-0.65746,42.90022],[-0.65919,42.89777],[-0.65952,42.89765],[-0.66066,42.89757],[-0.66103,42.89742],[-0.66154,42.89694],[-0.66179,42.89632],[-0.66218,42.89577],[-0.66267,42.89538],[-0.66303,42.89523],[-0.66411,42.89537],[-0.6644,42.89583],[-0.66527,42.89649],[-0.66535,42.89673],[-0.66521,42.89739],[-0.66515,42.89801],[-0.66521,42.89824],[-0.66557,42.89853],[-0.6657,42.89889],[-0.66634,42.8997],[-0.66665,42.89981]],[[-0.63887,42.90105],[-0.63914,42.90035],[-0.63972,42.90027],[-0.63978,42.9001],[-0.63976,42.89995],[-0.63932,42.89974],[-0.63925,42.89964],[-0.63921,42.89905],[-0.63951,42.89836],[-0.63942,42.89821],[-0.63885,42.89843],[-0.63793,42.89915],[-0.63797,42.89941],[-0.63825,42.90003],[-0.63856,42.90038],[-0.63869,42.90082],[-0.63887,42.90105]],[[-0.54609,42.89983],[-0.54634,42.89913],[-0.54664,42.89884],[-0.54676,42.89836],[-0.54665,42.89803],[-0.54609,42.89758]],[[-0.64026,42.89783],[-0.64036,42.89773],[-0.64024,42.8976],[-0.64011,42.89775],[-0.64026,42.89783]],[[-0.64054,42.89759],[-0.64081,42.8973],[-0.64082,42.89715],[-0.64051,42.8972],[-0.6404,42.89747],[-0.64054,42.89759]],[[-0.54609,42.89632],[-0.54616,42.89607],[-0.54609,42.8958]],[[-0.64541,42.8822],[-0.64494,42.8824],[-0.64452,42.88281],[-0.6446,42.88325],[-0.64517,42.88412],[-0.6452,42.88485],[-0.64512,42.88501],[-0.64418,42.88583],[-0.64392,42.88619],[-0.64386,42.88638],[-0.64413,42.88715],[-0.64386,42.88815],[-0.64412,42.88831],[-0.64501,42.88833],[-0.64684,42.88892],[-0.64748,42.8888],[-0.64835,42.88839],[-0.64883,42.88741],[-0.64921,42.88688],[-0.64951,42.88679],[-0.65108,42.88683],[-0.65139,42.88675],[-0.65214,42.88574],[-0.6525,42.88557],[-0.65304,42.88553],[-0.65332,42.88527],[-0.65342,42.88444],[-0.65366,42.88401],[-0.65534,42.8836],[-0.65581,42.88329],[-0.65622,42.88315],[-0.65715,42.88299],[-0.65774,42.88311],[-0.65806,42.88307],[-0.65819,42.88274],[-0.65807,42.8822]],[[-0.57776,42.88615],[-0.57855,42.88577],[-0.57931,42.88553],[-0.57951,42.88534],[-0.57954,42.88516],[-0.57925,42.88461],[-0.57918,42.88411],[-0.57898,42.88468],[-0.5785,42.88522],[-0.5778,42.88552],[-0.57747,42.8858],[-0.57749,42.88607],[-0.57776,42.88615]]]}},{"type":"Feature","properties":{"ele":1530},"geometry":{"type":"MultiLineString","coordinates":[[[-0.55917,42.94609],[-0.55904,42.94582],[-0.55914,42.94553],[-0.55971,42.94526],[-0.56056,42.94422],[-0.56066,42.94399],[-0.56065,42.94279],[-0.56025,42.94248],[-0.56017,42.94225],[-0.56029,42.94193],[-0.56025,42.94135],[-0.56084,42.94056],[-0.56119,42.94025],[-0.5616,42.93994],[-0.56224,42.93969],[-0.56159,42.93832],[-0.56127,42.93784],[-0.5613,42.93673],[-0.56121,42.93639],[-0.56105,42.9362],[-0.56078,42.93604],[-0.55887,42.9356],[-0.55747,42.9348],[-0.55688,42.93454],[-0.55642,42.9345],[-0.55497,42.93469],[-0.55483,42.93496],[-0.55499,42.93525],[-0.55499,42.93553],[-0.55478,42.93607],[-0.55399,42.93645],[-0.5538,42.93646],[-0.55363,42.93633],[-0.55305,42.93551],[-0.55262,42.93464],[-0.55252,42.93408],[-0.55221,42.93357],[-0.55167,42.93294],[-0.55109,42.93268],[-0.5507,42.9326],[-0.54917,42.9326],[-0.54837,42.93279],[-0.54754,42.93334],[-0.54721,42.93379],[-0.54677,42.93412],[-0.54669,42.93445],[-0.54609,42.93499]],[[-0.54609,42.92944],[-0.54625,42.92912],[-0.54662,42.92885],[-0.54687,42.92847],[-0.5475,42.92804],[-0.54832,42.92776],[-0.54853,42.92718],[-0.54933,42.92662],[-0.54983,42.92641],[-0.55129,42.92637],[-0.55205,42.9265],[-0.55313,42.92648],[-0.55386,42.92664],[-0.55441,42.92678],[-0.55611,42.92747],[-0.55667,42.92806],[-0.55752,42.9283],[-0.55882,42.92852],[-0.55924,42.92849],[-0.55956,42.92833],[-0.56036,42.92751],[-0.56048,42.92725],[-0.55996,42.92636],[-0.55946,42.92579],[-0.55773,42.92509],[-0.55647,42.92385],[-0.55605,42.9236],[-0.55527,42.9233],[-0.55473,42.92264],[-0.55391,42.92215],[-0.55327,42.92197],[-0.55229,42.92155],[-0.55153,42.92146],[-0.5506,42.92103],[-0.54879,42.92042],[-0.54761,42.92028],[-0.54609,42.92029]],[[-0.6016,42.8822],[-0.60142,42.88279],[-0.60085,42.88331],[-0.60048,42.88384],[-0.59969,42.88441],[-0.59963,42.88471],[-0.59963,42.88503],[-0.59984,42.88579],[-0.60019,42.88655],[-0.60027,42.88692],[-0.60088,42.88771],[-0.60087,42.88832],[-0.60024,42.88832],[-0.59918,42.88783],[-0.59826,42.88753],[-0.59712,42.88732],[-0.59668,42.88736],[-0.5965,42.88756],[-0.5963,42.88815],[-0.59633,42.88833],[-0.59675,42.88895],[-0.59679,42.88985],[-0.59665,42.89026],[-0.59601,42.89106],[-0.59531,42.89122],[-0.59333,42.8909],[-0.59302,42.89094],[-0.5924,42.89119],[-0.59149,42.89094],[-0.58947,42.89082],[-0.58835,42.89064],[-0.58821,42.89082],[-0.58864,42.89106],[-0.58874,42.89128],[-0.58858,42.89191],[-0.5887,42.89222],[-0.58869,42.89248],[-0.58834,42.89278],[-0.58666,42.89332],[-0.58628,42.89358],[-0.58614,42.89399],[-0.58615,42.89465],[-0.5863,42.89503],[-0.58669,42.89532],[-0.58778,42.89581],[-0.58745,42.89608],[-0.58735,42.89638],[-0.58754,42.89708],[-0.58777,42.89751],[-0.58829,42.89773],[-0.58861,42.89776],[-0.58993,42.89756],[-0.5908,42.89718],[-0.59134,42.8972],[-0.59192,42.89756],[-0.5931,42.89774],[-0.59479,42.89815],[-0.59549,42.89851],[-0.59613,42.89863],[-0.59688,42.89903],[-0.59807,42.89936],[-0.5989,42.89969],[-0.59951,42.90029],[-0.59982,42.90117],[-0.5998,42.90168],[-0.60055,42.90247],[-0.60087,42.90296],[-0.60085,42.90346],[-0.60074,42.90386],[-0.60112,42.90398],[-0.60119,42.9042],[-0.60083,42.9047],[-0.60017,42.90523],[-0.59968,42.90581],[-0.59907,42.90691],[-0.59834,42.90752],[-0.59811,42.90808],[-0.5981,42.9087],[-0.59776,42.90913],[-0.59767,42.90944],[-0.59758,42.91052],[-0.59736,42.91087],[-0.5974,42.91135],[-0.59731,42.91169],[-0.59744,42.9121],[-0.5979,42.91268],[-0.59797,42.91291],[-0.59775,42.91331],[-0.59761,42.91392],[-0.5977,42.91513],[-0.59748,42.91553],[-0.59753,42.91583],[-0.59743,42.9168],[-0.59756,42.91753],[-0.59726,42.91947],[-0.59727,42.92013],[-0.59712,42.92093],[-0.59724,42.92116],[-0.59943,42.92274],[-0.5997,42.92306],[-0.60004,42.92322],[-0.60033,42.92305],[-0.60045,42.92244],[-0.60073,42.92183],[-0.60072,42.92114],[-0.60085,42.92056],[-0.60072,42.92003],[-0.60077,42.91968],[-0.60137,42.91885],[-0.60165,42.91859],[-0.60183,42.91822],[-0.60225,42.91776],[-0.60275,42.91747],[-0.60337,42.9174],[-0.60383,42.9172],[-0.60415,42.91692],[-0.60464,42.91628],[-0.60471,42.91582],[-0.60465,42.91558],[-0.60416,42.91481],[-0.6039,42.91419],[-0.60387,42.91331],[-0.604,42.91301],[-0.60399,42.91274],[-0.60338,42.911],[-0.6035,42.91077],[-0.60399,42.91028],[-0.6045,42.90998],[-0.60514,42.90945],[-0.60529,42.90888],[-0.60565,42.90831],[-0.60562,42.90774],[-0.60635,42.90691],[-0.60657,42.9063],[-0.60754,42.90588],[-0.60805,42.90554],[-0.60801,42.90522],[-0.6083,42.9049],[-0.60946,42.90432],[-0.61059,42.90415],[-0.61106,42.90382],[-0.61138,42.90334],[-0.61144,42.90284],[-0.61153,42.90265],[-0.61258,42.90191],[-0.61283,42.90112],[-0.61289,42.89979],[-0.61302,42.89956],[-0.6136,42.89943],[-0.61416,42.89942],[-0.61517,42.89903],[-0.61611,42.89876],[-0.61721,42.8987],[-0.61745,42.89855],[-0.6177,42.898],[-0.61792,42.89777],[-0.61885,42.89736],[-0.61931,42.89655],[-0.61944,42.89614],[-0.61921,42.89537],[-0.61923,42.8951],[-0.62008,42.89416],[-0.62035,42.89405],[-0.62131,42.89393],[-0.62189,42.89356],[-0.62212,42.89349],[-0.62281,42.89337],[-0.62406,42.89339],[-0.62538,42.89313],[-0.62585,42.89297],[-0.6263,42.89241],[-0.62656,42.89159],[-0.62699,42.89107],[-0.62701,42.89077],[-0.62681,42.89031],[-0.62686,42.89011],[-0.62701,42.88999],[-0.62774,42.88984],[-0.62831,42.88946],[-0.62919,42.88917],[-0.62938,42.88897],[-0.62977,42.88807],[-0.63052,42.88745],[-0.63132,42.88638],[-0.63131,42.886],[-0.63089,42.88534],[-0.63089,42.88504],[-0.63165,42.8847],[-0.632,42.88444],[-0.63245,42.8835],[-0.63307,42.88332],[-0.63334,42.88311],[-0.63361,42.88276],[-0.63359,42.88249],[-0.63346,42.8822]],[[-0.54609,42.90627],[-0.54688,42.90604],[-0.54723,42.90556],[-0.54727,42.90499],[-0.54721,42.9044],[-0.54609,42.90365]],[[-0.63832,42.9028],[-0.63864,42.90258],[-0.6386,42.90231],[-0.63831,42.90246],[-0.63832,42.9028]],[[-0.65983,42.8822],[-0.66022,42.88285],[-0.66082,42.8833],[-0.66136,42.88384],[-0.66182,42.88415],[-0.66195,42.88445],[-0.66066,42.88565],[-0.66,42.88586],[-0.65927,42.8863],[-0.65851,42.88711],[-0.65818,42.88773],[-0.65773,42.88813],[-0.65705,42.88861],[-0.6557,42.88912],[-0.65568,42.88971],[-0.65551,42.89024],[-0.65512,42.89081],[-0.65431,42.89168],[-0.65433,42.89194],[-0.65464,42.89223],[-0.65481,42.89276],[-0.65558,42.89331],[-0.65532,42.89386],[-0.65469,42.89441],[-0.65499,42.8947],[-0.65503,42.89522],[-0.65487,42.89554],[-0.65435,42.89609],[-0.65445,42.89635],[-0.65499,42.89652],[-0.65517,42.89667],[-0.65498,42.89719],[-0.6551,42.89801],[-0.65492,42.89853],[-0.65516,42.89912],[-0.6552,42.89965],[-0.65491,42.90034],[-0.65496,42.90093],[-0.65555,42.90151],[-0.65582,42.90164],[-0.65611,42.90167],[-0.65647,42.90146],[-0.65699,42.90087],[-0.65728,42.90028],[-0.65813,42.89916],[-0.65871,42.89809],[-0.65898,42.89778],[-0.65934,42.89758],[-0.66054,42.89752],[-0.661,42.89732],[-0.66142,42.89694],[-0.66162,42.89624],[-0.66216,42.89555],[-0.66271,42.89518],[-0.66302,42.89508],[-0.6641,42.89513],[-0.66442,42.89523],[-0.66457,42.89565],[-0.66534,42.89632],[-0.66555,42.89664],[-0.66561,42.89691],[-0.6654,42.89735],[-0.66526,42.89804],[-0.66555,42.89831],[-0.66582,42.89886],[-0.66665,42.89969]],[[-0.63859,42.89969],[-0.63881,42.8993],[-0.63874,42.89906],[-0.63857,42.89894],[-0.63828,42.89912],[-0.63824,42.89933],[-0.63831,42.89953],[-0.63859,42.89969]],[[-0.54609,42.89954],[-0.54622,42.89913],[-0.54649,42.89874],[-0.54658,42.8984],[-0.54644,42.89803],[-0.54609,42.89776]],[[-0.58804,42.8906],[-0.58813,42.89053],[-0.58802,42.89052],[-0.58804,42.8906]],[[-0.64579,42.8822],[-0.64499,42.88248],[-0.6447,42.88275],[-0.64464,42.88291],[-0.64472,42.88329],[-0.64541,42.8842],[-0.64555,42.88478],[-0.64548,42.88499],[-0.64501,42.8853],[-0.64416,42.88611],[-0.64409,42.8864],[-0.64437,42.88715],[-0.6442,42.88773],[-0.64445,42.88798],[-0.64501,42.88802],[-0.64587,42.88841],[-0.64698,42.88875],[-0.64758,42.88863],[-0.64818,42.88833],[-0.6484,42.88794],[-0.6486,42.8872],[-0.64879,42.88692],[-0.64914,42.88664],[-0.65101,42.88672],[-0.65135,42.88662],[-0.65205,42.88565],[-0.65243,42.88543],[-0.65308,42.88529],[-0.6534,42.88415],[-0.65358,42.8838],[-0.65386,42.88357],[-0.65473,42.8836],[-0.65524,42.88347],[-0.65609,42.88303],[-0.65712,42.88289],[-0.65781,42.88291],[-0.65805,42.88276],[-0.65792,42.8822]],[[-0.57859,42.88555],[-0.57871,42.88553],[-0.57848,42.88553],[-0.57859,42.88555]]]}},{"type":"Feature","properties":{"ele":1540},"geometry":{"type":"MultiLineString","coordinates":[[[-0.55901,42.94609],[-0.55884,42.94583],[-0.55885,42.94552],[-0.55974,42.94507],[-0.5605,42.94399],[-0.56033,42.94282],[-0.56004,42.94246],[-0.55998,42.94223],[-0.56016,42.94128],[-0.56075,42.94049],[-0.56137,42.93997],[-0.56198,42.93969],[-0.56145,42.93829],[-0.56117,42.93787],[-0.56119,42.93711],[-0.5611,42.93663],[-0.56092,42.9363],[-0.56063,42.93616],[-0.55901,42.93577],[-0.55856,42.93558],[-0.5575,42.93495],[-0.55688,42.93471],[-0.55639,42.93466],[-0.55525,42.93497],[-0.55502,42.93611],[-0.55411,42.93663],[-0.55388,42.9367],[-0.5536,42.93667],[-0.55249,42.93469],[-0.55233,42.93405],[-0.55203,42.93356],[-0.55166,42.93314],[-0.55141,42.93298],[-0.55094,42.93282],[-0.55031,42.93275],[-0.54913,42.93273],[-0.54832,42.933],[-0.54782,42.93335],[-0.54706,42.93409],[-0.54695,42.93447],[-0.54633,42.93495],[-0.54609,42.93531]],[[-0.54609,42.929],[-0.54721,42.92803],[-0.54807,42.92769],[-0.54826,42.92746],[-0.5483,42.92717],[-0.54934,42.92645],[-0.5497,42.9263],[-0.5511,42.92607],[-0.55139,42.92608],[-0.55194,42.92636],[-0.55309,42.92633],[-0.55386,42.92647],[-0.55634,42.92736],[-0.55718,42.92804],[-0.55865,42.92836],[-0.55912,42.92836],[-0.55943,42.92823],[-0.56013,42.92755],[-0.56029,42.92721],[-0.55999,42.92691],[-0.55956,42.92614],[-0.55921,42.92581],[-0.55771,42.92525],[-0.55635,42.92395],[-0.55591,42.92369],[-0.55523,42.92344],[-0.55466,42.92276],[-0.55381,42.92223],[-0.5532,42.92206],[-0.55222,42.92164],[-0.55149,42.92156],[-0.55053,42.92109],[-0.54885,42.92054],[-0.54761,42.92038],[-0.54609,42.92038]],[[-0.60186,42.8822],[-0.60174,42.88275],[-0.60142,42.88332],[-0.60001,42.88442],[-0.59983,42.88478],[-0.60011,42.88596],[-0.60063,42.88708],[-0.6011,42.88775],[-0.6013,42.88819],[-0.60129,42.88836],[-0.60111,42.88859],[-0.60076,42.88862],[-0.60034,42.88854],[-0.59906,42.88798],[-0.59813,42.8877],[-0.59692,42.88764],[-0.59667,42.88784],[-0.59654,42.88825],[-0.59694,42.88887],[-0.59702,42.8894],[-0.59698,42.89019],[-0.59672,42.89055],[-0.59666,42.89081],[-0.59638,42.89095],[-0.59609,42.89121],[-0.59524,42.89148],[-0.59354,42.89099],[-0.59305,42.89103],[-0.59273,42.89126],[-0.59243,42.89133],[-0.59139,42.89106],[-0.58911,42.89099],[-0.58896,42.89112],[-0.58874,42.89187],[-0.58893,42.89249],[-0.58835,42.89284],[-0.58688,42.8933],[-0.58646,42.89355],[-0.58627,42.89385],[-0.58621,42.89437],[-0.58624,42.89471],[-0.58639,42.89503],[-0.58682,42.89533],[-0.58745,42.89555],[-0.58801,42.89585],[-0.58808,42.89609],[-0.58767,42.89622],[-0.58747,42.89638],[-0.58773,42.89728],[-0.5882,42.8976],[-0.58858,42.89767],[-0.58945,42.89757],[-0.58997,42.89747],[-0.59076,42.89706],[-0.59128,42.89704],[-0.59192,42.89749],[-0.59306,42.89752],[-0.59527,42.89803],[-0.59554,42.89831],[-0.59641,42.89846],[-0.59692,42.89887],[-0.5982,42.89921],[-0.59945,42.89969],[-0.59972,42.89995],[-0.59986,42.90054],[-0.60028,42.90136],[-0.60023,42.90195],[-0.60074,42.90223],[-0.60147,42.90297],[-0.60149,42.90333],[-0.60161,42.9036],[-0.6016,42.90393],[-0.60171,42.90414],[-0.59994,42.9058],[-0.59955,42.90659],[-0.59947,42.90695],[-0.59881,42.90736],[-0.59858,42.9076],[-0.59835,42.9081],[-0.59825,42.90885],[-0.59786,42.90961],[-0.59807,42.90997],[-0.5981,42.91053],[-0.59774,42.9108],[-0.59777,42.9111],[-0.59746,42.91164],[-0.59759,42.91198],[-0.59813,42.91265],[-0.59821,42.91294],[-0.59801,42.91331],[-0.59781,42.91423],[-0.59789,42.91517],[-0.59772,42.91559],[-0.59771,42.91621],[-0.59758,42.9168],[-0.59771,42.91742],[-0.59752,42.91853],[-0.5975,42.91912],[-0.59739,42.91944],[-0.59741,42.92013],[-0.59726,42.92083],[-0.59744,42.92113],[-0.59908,42.92232],[-0.59944,42.92247],[-0.59969,42.9228],[-0.59989,42.92285],[-0.6001,42.92277],[-0.60059,42.92188],[-0.60058,42.92114],[-0.6007,42.92058],[-0.60052,42.92006],[-0.60057,42.9197],[-0.60208,42.91775],[-0.60249,42.91746],[-0.60358,42.91718],[-0.60417,42.91666],[-0.60448,42.91611],[-0.60453,42.91583],[-0.60447,42.91552],[-0.60411,42.91498],[-0.60373,42.91419],[-0.60374,42.91343],[-0.60385,42.9127],[-0.6035,42.91195],[-0.60344,42.91159],[-0.60322,42.91103],[-0.60329,42.91078],[-0.60376,42.91028],[-0.60494,42.90943],[-0.60501,42.9093],[-0.6053,42.90832],[-0.60545,42.90725],[-0.60557,42.90692],[-0.60498,42.90641],[-0.60497,42.90608],[-0.60556,42.90567],[-0.60632,42.90571],[-0.6074,42.9055],[-0.60806,42.9047],[-0.60884,42.9045],[-0.60942,42.90414],[-0.61021,42.90408],[-0.61064,42.90389],[-0.6111,42.90332],[-0.61113,42.90277],[-0.61129,42.90252],[-0.6122,42.90203],[-0.61242,42.9018],[-0.61266,42.90114],[-0.61272,42.8997],[-0.61283,42.89946],[-0.61351,42.89924],[-0.61445,42.89916],[-0.615,42.89887],[-0.61609,42.89858],[-0.61696,42.89859],[-0.61771,42.89762],[-0.61862,42.89721],[-0.61905,42.89664],[-0.61925,42.8961],[-0.619,42.89537],[-0.61902,42.8951],[-0.61996,42.894],[-0.62024,42.89391],[-0.62114,42.89388],[-0.62181,42.89345],[-0.62224,42.89328],[-0.62445,42.89321],[-0.62545,42.893],[-0.62585,42.89279],[-0.62622,42.89228],[-0.62639,42.89165],[-0.62681,42.89103],[-0.62682,42.89079],[-0.6266,42.89027],[-0.62659,42.88997],[-0.62756,42.88977],[-0.62801,42.88941],[-0.62888,42.88915],[-0.62923,42.88893],[-0.62965,42.88805],[-0.63049,42.8873],[-0.6312,42.8864],[-0.63118,42.88596],[-0.63068,42.88529],[-0.63066,42.88499],[-0.63142,42.88473],[-0.63176,42.88449],[-0.63242,42.88341],[-0.63277,42.8833],[-0.63321,42.883],[-0.63342,42.8826],[-0.63331,42.8822]],[[-0.54609,42.90609],[-0.54663,42.9058],[-0.54683,42.90558],[-0.547,42.90496],[-0.54691,42.90442],[-0.54609,42.90392]],[[-0.65994,42.8822],[-0.66025,42.88278],[-0.66135,42.88376],[-0.66198,42.88415],[-0.66211,42.8844],[-0.66204,42.88464],[-0.66141,42.88526],[-0.66056,42.88592],[-0.65998,42.8862],[-0.65866,42.88713],[-0.65834,42.88779],[-0.65775,42.8883],[-0.65715,42.88869],[-0.6558,42.88914],[-0.65584,42.8897],[-0.65566,42.89022],[-0.65529,42.89083],[-0.65445,42.89173],[-0.6545,42.89195],[-0.65479,42.89219],[-0.65497,42.89276],[-0.65554,42.89303],[-0.65568,42.89336],[-0.65548,42.89382],[-0.65489,42.89439],[-0.65495,42.8945],[-0.65529,42.8947],[-0.65541,42.89503],[-0.65514,42.89551],[-0.65461,42.8961],[-0.6548,42.89621],[-0.65517,42.89627],[-0.65584,42.89605],[-0.65596,42.89612],[-0.65603,42.89631],[-0.65598,42.89641],[-0.65535,42.8969],[-0.65523,42.89715],[-0.6553,42.8978],[-0.65511,42.89846],[-0.65536,42.89912],[-0.65539,42.89982],[-0.65511,42.90051],[-0.65513,42.90082],[-0.65534,42.90111],[-0.65583,42.90142],[-0.65622,42.90144],[-0.65658,42.90125],[-0.65693,42.9008],[-0.65721,42.90017],[-0.65802,42.89912],[-0.65857,42.898],[-0.65884,42.89771],[-0.65914,42.89747],[-0.66033,42.89748],[-0.66095,42.89724],[-0.6613,42.89689],[-0.66148,42.89618],[-0.66196,42.89556],[-0.66275,42.89497],[-0.66302,42.89491],[-0.66451,42.895],[-0.66482,42.89565],[-0.66536,42.89612],[-0.66588,42.89685],[-0.66584,42.89706],[-0.66552,42.89745],[-0.66547,42.89804],[-0.66574,42.89832],[-0.66604,42.89889],[-0.66665,42.89945]],[[-0.54609,42.89909],[-0.54639,42.89864],[-0.54642,42.89846],[-0.54637,42.89822],[-0.54609,42.89791]],[[-0.58859,42.89083],[-0.58872,42.89081],[-0.58853,42.89081],[-0.58859,42.89083]],[[-0.64607,42.8822],[-0.64506,42.88254],[-0.64477,42.88284],[-0.64474,42.88308],[-0.64484,42.88331],[-0.6457,42.8843],[-0.64577,42.88485],[-0.64566,42.88506],[-0.64442,42.88608],[-0.64434,42.88641],[-0.6446,42.88701],[-0.64456,42.88745],[-0.64465,42.88759],[-0.64527,42.88775],[-0.64611,42.88831],[-0.6469,42.88857],[-0.64719,42.88859],[-0.64764,42.88847],[-0.64802,42.88827],[-0.64824,42.88787],[-0.64846,42.88695],[-0.64893,42.88654],[-0.64927,42.88645],[-0.65011,42.88658],[-0.65097,42.88661],[-0.65137,42.88643],[-0.65193,42.88553],[-0.65228,42.88531],[-0.65278,42.8852],[-0.65305,42.88505],[-0.65334,42.88393],[-0.65358,42.88351],[-0.65384,42.88328],[-0.65445,42.88348],[-0.65479,42.88347],[-0.65527,42.88333],[-0.65591,42.88295],[-0.65772,42.88275],[-0.65778,42.8822]]]}},{"type":"Feature","properties":{"ele":1560},"geometry":{"type":"MultiLineString","coordinates":[[[-0.55868,42.94609],[-0.55855,42.9458],[-0.55856,42.9455],[-0.55887,42.94524],[-0.55955,42.94495],[-0.55973,42.94472],[-0.55984,42.94437],[-0.56011,42.94388],[-0.55996,42.94335],[-0.55968,42.94304],[-0.5596,42.94242],[-0.55982,42.94169],[-0.55987,42.94112],[-0.56048,42.94046],[-0.56146,42.93971],[-0.56152,42.93958],[-0.56146,42.93913],[-0.56093,42.93798],[-0.56096,42.93721],[-0.56082,42.93664],[-0.56031,42.93635],[-0.55863,42.93588],[-0.55745,42.93519],[-0.55668,42.93496],[-0.55639,42.93496],[-0.55609,42.93511],[-0.55582,42.93537],[-0.55553,42.9358],[-0.55545,42.93614],[-0.5551,42.93646],[-0.55425,42.93697],[-0.55335,42.93726],[-0.55305,42.93722],[-0.55315,42.93659],[-0.55313,42.93628],[-0.55247,42.93502],[-0.55204,42.93447],[-0.55196,42.93409],[-0.55171,42.93358],[-0.55115,42.93319],[-0.55035,42.93299],[-0.54895,42.93305],[-0.54813,42.93347],[-0.54747,42.93413],[-0.5474,42.93447],[-0.54706,42.93492],[-0.54661,42.93525],[-0.54609,42.9359]],[[-0.54609,42.9285],[-0.54718,42.92774],[-0.54782,42.92748],[-0.54819,42.92692],[-0.54877,42.92665],[-0.54941,42.92607],[-0.55007,42.92591],[-0.5509,42.92542],[-0.55115,42.92546],[-0.55169,42.92579],[-0.5524,42.92604],[-0.55361,42.92608],[-0.55545,42.92672],[-0.55637,42.92692],[-0.55749,42.92775],[-0.55834,42.92801],[-0.55882,42.92806],[-0.55916,42.928],[-0.55957,42.92775],[-0.55977,42.92741],[-0.55973,42.92719],[-0.55929,42.92642],[-0.55898,42.92605],[-0.55859,42.92581],[-0.55777,42.92553],[-0.55726,42.92526],[-0.55609,42.92414],[-0.55496,42.92363],[-0.55441,42.9229],[-0.55366,42.92243],[-0.55302,42.92225],[-0.55222,42.92189],[-0.5514,42.92175],[-0.55051,42.92126],[-0.54896,42.92076],[-0.54757,42.92058],[-0.54609,42.92057]],[[-0.60227,42.8822],[-0.60217,42.88333],[-0.60206,42.88358],[-0.60086,42.88416],[-0.6003,42.88468],[-0.60021,42.88496],[-0.6003,42.88549],[-0.60062,42.88629],[-0.60107,42.88707],[-0.60221,42.88858],[-0.60222,42.88888],[-0.60198,42.88913],[-0.60106,42.88915],[-0.59868,42.88821],[-0.59799,42.88813],[-0.59743,42.8882],[-0.5972,42.88831],[-0.59744,42.8902],[-0.5973,42.89077],[-0.59719,42.89091],[-0.59667,42.89121],[-0.59625,42.89163],[-0.59524,42.89188],[-0.59416,42.89164],[-0.59344,42.89129],[-0.59247,42.89156],[-0.59104,42.8913],[-0.58946,42.89129],[-0.58927,42.89143],[-0.5891,42.89186],[-0.58929,42.89229],[-0.58925,42.89254],[-0.58847,42.89294],[-0.58683,42.8935],[-0.58648,42.89385],[-0.58636,42.89441],[-0.58638,42.89471],[-0.58668,42.8951],[-0.58694,42.89526],[-0.58848,42.89585],[-0.58848,42.8961],[-0.58796,42.89635],[-0.5878,42.89666],[-0.58797,42.89718],[-0.58832,42.89747],[-0.58866,42.8975],[-0.58951,42.89737],[-0.59003,42.89723],[-0.59076,42.89679],[-0.59132,42.89674],[-0.59169,42.89684],[-0.59189,42.89722],[-0.59208,42.89729],[-0.5925,42.89731],[-0.59335,42.89718],[-0.59392,42.89741],[-0.59573,42.89783],[-0.59664,42.89794],[-0.59723,42.8985],[-0.59782,42.89863],[-0.59882,42.89906],[-0.59948,42.89926],[-0.60001,42.89957],[-0.60011,42.8997],[-0.60014,42.90016],[-0.60028,42.90046],[-0.60143,42.90135],[-0.60119,42.90166],[-0.60166,42.9019],[-0.60234,42.90271],[-0.60242,42.90308],[-0.60257,42.9033],[-0.60229,42.90378],[-0.60251,42.90413],[-0.60246,42.90437],[-0.60194,42.90475],[-0.6009,42.90532],[-0.60045,42.90574],[-0.60008,42.90697],[-0.59882,42.90798],[-0.59882,42.90857],[-0.59841,42.90947],[-0.59846,42.9097],[-0.59871,42.91006],[-0.59873,42.91034],[-0.59834,42.91096],[-0.598,42.91128],[-0.59787,42.91155],[-0.59802,42.91194],[-0.59854,42.91256],[-0.59868,42.913],[-0.59822,42.91433],[-0.59821,42.91468],[-0.59835,42.91528],[-0.59811,42.91579],[-0.5981,42.91617],[-0.59788,42.91683],[-0.59798,42.91742],[-0.59766,42.91944],[-0.59754,42.92072],[-0.59761,42.92086],[-0.59858,42.92166],[-0.5997,42.92222],[-0.59997,42.92219],[-0.60025,42.92189],[-0.60038,42.92065],[-0.60025,42.92025],[-0.6003,42.91985],[-0.60052,42.91933],[-0.60104,42.91858],[-0.60208,42.91744],[-0.60248,42.91723],[-0.60323,42.91705],[-0.60351,42.91688],[-0.60381,42.91659],[-0.60406,42.91607],[-0.60415,42.91553],[-0.60336,42.91419],[-0.60356,42.91274],[-0.60346,42.91244],[-0.60319,42.91216],[-0.60315,42.91167],[-0.60297,42.91133],[-0.6029,42.91086],[-0.60325,42.91021],[-0.60388,42.9097],[-0.60441,42.9094],[-0.60474,42.90899],[-0.60486,42.90829],[-0.60483,42.90721],[-0.60457,42.90614],[-0.60497,42.90523],[-0.60528,42.90509],[-0.60583,42.90512],[-0.60624,42.90498],[-0.60695,42.90488],[-0.60844,42.90432],[-0.60903,42.90401],[-0.61009,42.9037],[-0.61041,42.90332],[-0.61075,42.90245],[-0.61162,42.9019],[-0.61218,42.90127],[-0.61235,42.90058],[-0.61233,42.89968],[-0.61263,42.89919],[-0.61339,42.89888],[-0.61431,42.89874],[-0.61493,42.8984],[-0.61555,42.89835],[-0.61591,42.89816],[-0.61646,42.89818],[-0.61693,42.89776],[-0.61727,42.89729],[-0.61829,42.89685],[-0.61868,42.89645],[-0.61888,42.89609],[-0.61863,42.89534],[-0.61869,42.89503],[-0.6195,42.8939],[-0.61989,42.89356],[-0.62011,42.89351],[-0.62073,42.89361],[-0.62105,42.89357],[-0.62189,42.89309],[-0.62226,42.89297],[-0.62441,42.89297],[-0.62514,42.89285],[-0.6255,42.89269],[-0.62602,42.89213],[-0.62621,42.89145],[-0.62647,42.89105],[-0.62647,42.89076],[-0.62622,42.8901],[-0.62627,42.88988],[-0.62646,42.88975],[-0.62715,42.8896],[-0.62782,42.88917],[-0.62884,42.88885],[-0.629,42.88863],[-0.62916,42.88818],[-0.63026,42.88723],[-0.63074,42.88668],[-0.63095,42.8864],[-0.63098,42.88614],[-0.63081,42.88581],[-0.63043,42.88537],[-0.63035,42.88497],[-0.63053,42.88482],[-0.63128,42.88455],[-0.63155,42.88437],[-0.63218,42.88329],[-0.63271,42.88301],[-0.63287,42.88282],[-0.63299,42.88249],[-0.63294,42.8822]],[[-0.54609,42.90561],[-0.54636,42.90523],[-0.54647,42.90479],[-0.54635,42.9045],[-0.54609,42.90435]],[[-0.66019,42.8822],[-0.66044,42.88276],[-0.66131,42.88361],[-0.6626,42.88439],[-0.66279,42.8847],[-0.66223,42.88499],[-0.66163,42.88552],[-0.66106,42.88577],[-0.66055,42.88637],[-0.65969,42.8869],[-0.65902,42.88715],[-0.6585,42.888],[-0.65804,42.88831],[-0.65778,42.8886],[-0.65726,42.88888],[-0.65627,42.88913],[-0.65623,42.88951],[-0.65589,42.8903],[-0.65558,42.89084],[-0.65482,42.89163],[-0.65481,42.89189],[-0.6551,42.89218],[-0.65527,42.89264],[-0.65546,42.89278],[-0.65613,42.893],[-0.65587,42.89364],[-0.65526,42.89442],[-0.65581,42.8947],[-0.65596,42.89489],[-0.65649,42.89572],[-0.6566,42.89624],[-0.65654,42.89644],[-0.65601,42.89689],[-0.65582,42.8972],[-0.65578,42.89771],[-0.65551,42.89828],[-0.65576,42.89912],[-0.65587,42.89996],[-0.65553,42.90081],[-0.65581,42.90109],[-0.65597,42.9011],[-0.65632,42.90106],[-0.65665,42.90088],[-0.6569,42.90024],[-0.65776,42.89914],[-0.65828,42.89801],[-0.65864,42.89752],[-0.65913,42.89728],[-0.66004,42.89736],[-0.66067,42.89715],[-0.66108,42.89674],[-0.66127,42.89602],[-0.66195,42.89515],[-0.66224,42.89487],[-0.66275,42.89459],[-0.66387,42.89441],[-0.66468,42.89463],[-0.66498,42.89525],[-0.66556,42.8958],[-0.66606,42.89641],[-0.66665,42.8969]],[[-0.66665,42.89897],[-0.66628,42.89868],[-0.66618,42.8983],[-0.66577,42.89775],[-0.66605,42.89747],[-0.66665,42.89722]],[[-0.64636,42.8822],[-0.64607,42.88247],[-0.64497,42.88275],[-0.64492,42.883],[-0.64498,42.88317],[-0.64525,42.88348],[-0.64607,42.88414],[-0.6462,42.88475],[-0.64614,42.885],[-0.64597,42.88519],[-0.64496,42.88607],[-0.64487,42.88638],[-0.64498,42.88664],[-0.64554,42.88713],[-0.64607,42.88777],[-0.64736,42.88818],[-0.6478,42.88803],[-0.64792,42.88777],[-0.64805,42.88693],[-0.64835,42.88642],[-0.64862,42.88619],[-0.64913,42.88613],[-0.65075,42.88639],[-0.65111,42.88637],[-0.65181,42.88523],[-0.6526,42.88497],[-0.65277,42.88484],[-0.65315,42.88357],[-0.65357,42.88287],[-0.65382,42.88289],[-0.65441,42.88322],[-0.65479,42.88323],[-0.65522,42.88304],[-0.65547,42.88274],[-0.65604,42.88264],[-0.65663,42.88243],[-0.65715,42.8824],[-0.65733,42.8822]]]}},{"type":"Feature","properties":{"ele":1570},"geometry":{"type":"MultiLineString","coordinates":[[[-0.55837,42.94609],[-0.55845,42.94546],[-0.55883,42.9451],[-0.55949,42.9448],[-0.5596,42.94458],[-0.55963,42.94412],[-0.55985,42.94386],[-0.55971,42.9433],[-0.55938,42.94303],[-0.55947,42.94275],[-0.55942,42.94219],[-0.55973,42.94165],[-0.55964,42.94137],[-0.55968,42.94109],[-0.56124,42.93971],[-0.56137,42.93942],[-0.56125,42.93895],[-0.56081,42.93833],[-0.56083,42.93717],[-0.56056,42.93663],[-0.55865,42.93604],[-0.55764,42.93539],[-0.55717,42.9352],[-0.55656,42.9351],[-0.55618,42.93529],[-0.55555,42.93638],[-0.55471,42.93692],[-0.55303,42.9375],[-0.55284,42.93718],[-0.55296,42.9368],[-0.55298,42.93628],[-0.55249,42.93524],[-0.55187,42.93448],[-0.55181,42.93412],[-0.55154,42.93361],[-0.55108,42.93331],[-0.55007,42.93312],[-0.54903,42.9332],[-0.54823,42.93358],[-0.5477,42.93412],[-0.54763,42.93445],[-0.54724,42.93499],[-0.54689,42.93525],[-0.54675,42.93557],[-0.54609,42.93612]],[[-0.54609,42.92829],[-0.54663,42.92802],[-0.54695,42.92773],[-0.54778,42.92731],[-0.54801,42.92688],[-0.5486,42.92665],[-0.54924,42.92598],[-0.54991,42.92577],[-0.55081,42.92524],[-0.55129,42.92532],[-0.55241,42.92586],[-0.55368,42.92597],[-0.5557,42.92664],[-0.55646,42.92678],[-0.55688,42.92699],[-0.55757,42.92757],[-0.55824,42.9278],[-0.55872,42.92789],[-0.55909,42.92784],[-0.55941,42.92767],[-0.55955,42.92742],[-0.55946,42.92713],[-0.55878,42.92609],[-0.55721,42.92537],[-0.55582,42.92414],[-0.55499,42.92386],[-0.5547,42.9236],[-0.55434,42.92303],[-0.55362,42.92257],[-0.55208,42.92197],[-0.55135,42.92186],[-0.55055,42.92135],[-0.5491,42.92089],[-0.54757,42.9207],[-0.54609,42.92068]],[[-0.6024,42.8822],[-0.60239,42.88333],[-0.60229,42.88359],[-0.60192,42.88386],[-0.60136,42.88404],[-0.60103,42.88423],[-0.60055,42.88471],[-0.60043,42.88517],[-0.60069,42.88606],[-0.6012,42.88693],[-0.60219,42.88828],[-0.6025,42.88858],[-0.60258,42.88888],[-0.60253,42.88914],[-0.60174,42.88932],[-0.60125,42.88934],[-0.59992,42.88892],[-0.59879,42.88845],[-0.59782,42.8884],[-0.59761,42.88853],[-0.59753,42.88871],[-0.59748,42.88971],[-0.59767,42.89051],[-0.59749,42.89105],[-0.59688,42.89132],[-0.59638,42.89179],[-0.59591,42.89193],[-0.59521,42.89199],[-0.59469,42.89192],[-0.5934,42.89151],[-0.5924,42.89167],[-0.59097,42.89142],[-0.58958,42.89142],[-0.58938,42.89154],[-0.58929,42.89176],[-0.58944,42.89219],[-0.58945,42.89249],[-0.58913,42.89275],[-0.5886,42.89298],[-0.58687,42.89354],[-0.58657,42.89385],[-0.58642,42.8944],[-0.58653,42.89485],[-0.58687,42.89516],[-0.58867,42.89581],[-0.58865,42.89613],[-0.58817,42.8964],[-0.58797,42.89665],[-0.58809,42.89712],[-0.58834,42.89735],[-0.58872,42.89741],[-0.5899,42.89717],[-0.5908,42.89663],[-0.59139,42.89658],[-0.59173,42.89667],[-0.59199,42.8969],[-0.59217,42.89721],[-0.59323,42.89707],[-0.59563,42.89766],[-0.59674,42.89773],[-0.59697,42.8979],[-0.5972,42.89832],[-0.59829,42.89858],[-0.59878,42.89888],[-0.59973,42.89913],[-0.6,42.89933],[-0.60033,42.89966],[-0.60025,42.9],[-0.60043,42.90036],[-0.60057,42.90052],[-0.60111,42.90079],[-0.60137,42.90109],[-0.602,42.90137],[-0.60235,42.90217],[-0.60256,42.90248],[-0.60289,42.90328],[-0.60254,42.90378],[-0.60271,42.90419],[-0.60268,42.90444],[-0.60249,42.90471],[-0.60216,42.90495],[-0.60137,42.90528],[-0.60078,42.90567],[-0.60063,42.9059],[-0.60033,42.90698],[-0.59991,42.9074],[-0.59905,42.90798],[-0.59906,42.90853],[-0.59887,42.90886],[-0.59889,42.90916],[-0.59879,42.9094],[-0.59896,42.90976],[-0.59896,42.91023],[-0.59852,42.91102],[-0.59817,42.91134],[-0.59807,42.91155],[-0.59842,42.9122],[-0.59874,42.91254],[-0.59891,42.91303],[-0.59867,42.91357],[-0.59846,42.91444],[-0.59855,42.91544],[-0.59801,42.9169],[-0.59813,42.91739],[-0.59794,42.91826],[-0.5977,42.92053],[-0.59784,42.92081],[-0.59887,42.92164],[-0.59971,42.92192],[-0.59998,42.92185],[-0.60011,42.92162],[-0.60023,42.92072],[-0.60013,42.92013],[-0.6003,42.91954],[-0.60061,42.91891],[-0.60187,42.91744],[-0.60225,42.9172],[-0.60326,42.91687],[-0.60359,42.91658],[-0.60383,42.91611],[-0.60391,42.91559],[-0.60386,42.91529],[-0.60327,42.91448],[-0.60319,42.91416],[-0.60318,42.91388],[-0.60339,42.91333],[-0.60338,42.9126],[-0.60334,42.91245],[-0.60298,42.9122],[-0.60299,42.91183],[-0.6028,42.91135],[-0.60271,42.91081],[-0.60298,42.91024],[-0.60359,42.9097],[-0.60444,42.90919],[-0.60461,42.90888],[-0.60469,42.9084],[-0.60464,42.90711],[-0.60437,42.90607],[-0.60453,42.90558],[-0.60488,42.90499],[-0.60524,42.90487],[-0.60692,42.90474],[-0.6089,42.90391],[-0.60989,42.90358],[-0.61011,42.90331],[-0.61048,42.90246],[-0.61141,42.90178],[-0.61203,42.901],[-0.61218,42.90048],[-0.61211,42.8997],[-0.61239,42.89912],[-0.61333,42.89873],[-0.61434,42.89847],[-0.61512,42.89804],[-0.6158,42.8979],[-0.61636,42.89794],[-0.61666,42.89779],[-0.61722,42.89709],[-0.61808,42.89667],[-0.61851,42.8963],[-0.61862,42.89602],[-0.61846,42.89537],[-0.61849,42.89513],[-0.61921,42.89397],[-0.61974,42.89344],[-0.62011,42.89332],[-0.62094,42.89342],[-0.62165,42.89303],[-0.62236,42.89284],[-0.6242,42.89286],[-0.62499,42.89276],[-0.6255,42.89249],[-0.62591,42.89199],[-0.62609,42.89136],[-0.62631,42.891],[-0.62607,42.89009],[-0.62614,42.88975],[-0.62634,42.88964],[-0.62697,42.88952],[-0.6275,42.88915],[-0.62874,42.88866],[-0.62883,42.88853],[-0.62885,42.88829],[-0.62904,42.88806],[-0.62971,42.88761],[-0.63059,42.88671],[-0.63085,42.88638],[-0.63086,42.8861],[-0.63033,42.88547],[-0.63022,42.88493],[-0.63053,42.8847],[-0.6311,42.88451],[-0.63141,42.88431],[-0.63171,42.88394],[-0.63207,42.88323],[-0.63271,42.88272],[-0.63279,42.88249],[-0.63277,42.8822]],[[-0.54609,42.90508],[-0.54617,42.90476],[-0.54609,42.90462]],[[-0.66031,42.8822],[-0.66053,42.88276],[-0.66085,42.88301],[-0.66137,42.88359],[-0.66281,42.8844],[-0.66314,42.8847],[-0.66249,42.88502],[-0.66172,42.88564],[-0.66113,42.88585],[-0.66094,42.88608],[-0.66083,42.8864],[-0.66056,42.8866],[-0.66,42.88693],[-0.65914,42.88719],[-0.6586,42.88807],[-0.65778,42.88874],[-0.65733,42.88895],[-0.65652,42.88915],[-0.65642,42.88949],[-0.65574,42.89078],[-0.65495,42.89163],[-0.655,42.89188],[-0.65527,42.89218],[-0.6554,42.89253],[-0.65566,42.89269],[-0.6561,42.89275],[-0.65624,42.89301],[-0.65605,42.89357],[-0.6556,42.89417],[-0.65551,42.89443],[-0.65612,42.89468],[-0.65695,42.89546],[-0.65702,42.89569],[-0.6568,42.89642],[-0.65619,42.89717],[-0.65602,42.89777],[-0.65578,42.89827],[-0.65608,42.89996],[-0.65603,42.90048],[-0.65581,42.90081],[-0.65631,42.90087],[-0.65647,42.90081],[-0.65676,42.90013],[-0.65765,42.89913],[-0.65815,42.89801],[-0.65853,42.89746],[-0.65912,42.89717],[-0.66004,42.89728],[-0.66061,42.89703],[-0.66095,42.89668],[-0.66114,42.89605],[-0.66191,42.89494],[-0.6622,42.89467],[-0.66274,42.89439],[-0.66368,42.89411],[-0.66387,42.89412],[-0.66424,42.89433],[-0.66474,42.89439],[-0.66524,42.89527],[-0.66587,42.89578],[-0.66606,42.89613],[-0.66665,42.8966]],[[-0.66665,42.89878],[-0.66647,42.89859],[-0.66639,42.89829],[-0.66609,42.89803],[-0.66603,42.89779],[-0.66613,42.89766],[-0.66665,42.89749]],[[-0.6465,42.8822],[-0.64603,42.88258],[-0.6452,42.88273],[-0.64507,42.88301],[-0.64525,42.88332],[-0.6461,42.88385],[-0.64631,42.88419],[-0.64637,42.88498],[-0.64583,42.88555],[-0.6456,42.886],[-0.64581,42.88693],[-0.64633,42.88755],[-0.6474,42.88794],[-0.64756,42.88789],[-0.6477,42.88773],[-0.64788,42.88687],[-0.64831,42.88607],[-0.64892,42.88598],[-0.65076,42.88622],[-0.6511,42.88613],[-0.65168,42.88512],[-0.6519,42.88497],[-0.6524,42.88487],[-0.65263,42.88472],[-0.65299,42.88348],[-0.65332,42.88273],[-0.65363,42.88266],[-0.65436,42.88307],[-0.65472,42.8831],[-0.65498,42.88303],[-0.65529,42.88259],[-0.6559,42.88253],[-0.65697,42.8822]]]}},{"type":"Feature","properties":{"ele":1580},"geometry":{"type":"MultiLineString","coordinates":[[[-0.5581,42.94609],[-0.55826,42.94549],[-0.55868,42.94501],[-0.55931,42.94472],[-0.55944,42.94448],[-0.5594,42.94409],[-0.55956,42.9435],[-0.55946,42.94329],[-0.55911,42.94303],[-0.55925,42.9427],[-0.55922,42.94222],[-0.55952,42.94169],[-0.55942,42.94108],[-0.55981,42.94085],[-0.56103,42.93973],[-0.56118,42.93946],[-0.56111,42.939],[-0.5606,42.9385],[-0.56069,42.93735],[-0.5605,42.93684],[-0.56022,42.93664],[-0.55834,42.93608],[-0.55755,42.93547],[-0.55661,42.93523],[-0.55634,42.93543],[-0.55579,42.93634],[-0.55508,42.93691],[-0.55358,42.93745],[-0.55288,42.93787],[-0.55273,42.93789],[-0.55261,42.9377],[-0.55263,42.93719],[-0.5528,42.93688],[-0.5528,42.93628],[-0.55236,42.93524],[-0.55176,42.93451],[-0.55168,42.93411],[-0.55136,42.9336],[-0.55117,42.9335],[-0.55056,42.93332],[-0.54983,42.93324],[-0.54917,42.93331],[-0.54847,42.93361],[-0.54797,42.93409],[-0.5479,42.93441],[-0.54761,42.93466],[-0.54746,42.93496],[-0.54711,42.93525],[-0.54691,42.93577],[-0.54609,42.93632]],[[-0.54609,42.92817],[-0.54699,42.92755],[-0.54773,42.92718],[-0.54801,42.92675],[-0.54865,42.92643],[-0.54913,42.92579],[-0.54971,42.92565],[-0.55044,42.92522],[-0.55094,42.9251],[-0.55135,42.92513],[-0.55248,42.92559],[-0.55424,42.92594],[-0.55583,42.92648],[-0.55666,42.92664],[-0.55708,42.92689],[-0.55777,42.92747],[-0.55806,42.92756],[-0.55889,42.9277],[-0.55923,42.92756],[-0.55932,42.92739],[-0.55923,42.9271],[-0.55849,42.9261],[-0.55721,42.92553],[-0.5557,42.92426],[-0.55466,42.92389],[-0.5543,42.92319],[-0.55358,42.9227],[-0.55201,42.92208],[-0.55131,42.92196],[-0.55035,42.92136],[-0.54927,42.92102],[-0.54837,42.92086],[-0.54609,42.92078]],[[-0.60253,42.8822],[-0.60256,42.88329],[-0.60249,42.88359],[-0.6022,42.88386],[-0.60141,42.88416],[-0.60107,42.88441],[-0.60073,42.88498],[-0.60067,42.88534],[-0.6009,42.88608],[-0.60171,42.88741],[-0.60228,42.88816],[-0.60347,42.88915],[-0.60132,42.8895],[-0.60081,42.88938],[-0.59903,42.88875],[-0.59804,42.88858],[-0.59783,42.88892],[-0.59767,42.88951],[-0.59773,42.89007],[-0.59793,42.89058],[-0.59786,42.89105],[-0.59697,42.89156],[-0.59667,42.89193],[-0.59517,42.89207],[-0.59347,42.89169],[-0.59236,42.89176],[-0.59094,42.89153],[-0.58973,42.89152],[-0.58955,42.8916],[-0.58946,42.89176],[-0.58961,42.89235],[-0.58954,42.89255],[-0.58927,42.89276],[-0.58873,42.89301],[-0.58802,42.89317],[-0.58692,42.89358],[-0.58665,42.89387],[-0.58648,42.8944],[-0.58657,42.8948],[-0.58688,42.8951],[-0.58883,42.89581],[-0.58887,42.89596],[-0.5888,42.89613],[-0.58826,42.89652],[-0.58814,42.8967],[-0.58827,42.89716],[-0.58847,42.89729],[-0.58879,42.89732],[-0.58986,42.89709],[-0.59058,42.89657],[-0.59139,42.89639],[-0.5917,42.89646],[-0.59227,42.89678],[-0.59269,42.89692],[-0.59304,42.89692],[-0.59413,42.89718],[-0.59473,42.89719],[-0.59566,42.89753],[-0.59677,42.89753],[-0.59713,42.89773],[-0.59757,42.89818],[-0.5983,42.89839],[-0.59916,42.89886],[-0.60007,42.89912],[-0.60052,42.89947],[-0.60059,42.8997],[-0.60049,42.90002],[-0.60062,42.9003],[-0.60111,42.90062],[-0.60162,42.9011],[-0.60248,42.90136],[-0.6028,42.90164],[-0.60299,42.90302],[-0.60313,42.9033],[-0.60289,42.90378],[-0.60305,42.90414],[-0.60298,42.90441],[-0.60248,42.90502],[-0.60135,42.90552],[-0.60103,42.90576],[-0.60046,42.90712],[-0.5993,42.90802],[-0.59929,42.90857],[-0.59913,42.90887],[-0.59925,42.90958],[-0.59914,42.91022],[-0.5987,42.91108],[-0.59838,42.91145],[-0.59857,42.91219],[-0.59902,42.91263],[-0.59913,42.91294],[-0.59869,42.91444],[-0.59869,42.91492],[-0.59888,42.91528],[-0.59819,42.9168],[-0.5983,42.91739],[-0.59808,42.91812],[-0.59784,42.92041],[-0.59805,42.92077],[-0.59885,42.92142],[-0.59943,42.92167],[-0.59977,42.92165],[-0.59993,42.92138],[-0.60005,42.92079],[-0.59997,42.92024],[-0.60047,42.91884],[-0.6013,42.91799],[-0.60165,42.91747],[-0.60217,42.9171],[-0.60317,42.91671],[-0.60346,42.9164],[-0.6036,42.9161],[-0.60369,42.91565],[-0.60364,42.91527],[-0.60313,42.91454],[-0.60303,42.91411],[-0.60302,42.91381],[-0.60324,42.91329],[-0.60321,42.91267],[-0.60314,42.91247],[-0.60282,42.91217],[-0.60281,42.9119],[-0.60252,42.91086],[-0.60274,42.91024],[-0.60352,42.90963],[-0.60392,42.90942],[-0.60445,42.90888],[-0.60452,42.90846],[-0.60442,42.90803],[-0.60444,42.90692],[-0.60418,42.90607],[-0.6044,42.90527],[-0.60457,42.90503],[-0.60524,42.90468],[-0.60688,42.9046],[-0.60859,42.90386],[-0.60958,42.90354],[-0.60987,42.90322],[-0.61016,42.90247],[-0.6112,42.90166],[-0.61194,42.90057],[-0.612,42.90027],[-0.6119,42.8997],[-0.61209,42.89943],[-0.6122,42.89901],[-0.61331,42.89855],[-0.61419,42.89833],[-0.61497,42.89786],[-0.61573,42.89769],[-0.61636,42.89772],[-0.61667,42.89759],[-0.61698,42.89723],[-0.61725,42.89668],[-0.61805,42.89638],[-0.61832,42.89609],[-0.61836,42.8958],[-0.61829,42.89522],[-0.61903,42.8939],[-0.61969,42.89322],[-0.62004,42.89315],[-0.62083,42.89327],[-0.6222,42.89275],[-0.62354,42.89267],[-0.62427,42.89273],[-0.62493,42.89263],[-0.62529,42.89249],[-0.62579,42.89191],[-0.62593,42.89139],[-0.62613,42.89107],[-0.62614,42.89079],[-0.62594,42.89017],[-0.62596,42.88969],[-0.62691,42.88941],[-0.62748,42.88904],[-0.62854,42.88857],[-0.62886,42.88802],[-0.62971,42.88749],[-0.63046,42.88671],[-0.63069,42.88641],[-0.63073,42.88617],[-0.63023,42.88557],[-0.63009,42.88506],[-0.63012,42.88489],[-0.63025,42.88469],[-0.63102,42.88443],[-0.63138,42.88416],[-0.63163,42.88383],[-0.63197,42.8831],[-0.63248,42.88275],[-0.63263,42.8822]],[[-0.66042,42.8822],[-0.6606,42.8827],[-0.66143,42.88358],[-0.66251,42.88413],[-0.66342,42.88471],[-0.6631,42.88496],[-0.66248,42.88523],[-0.6617,42.88583],[-0.66108,42.88604],[-0.66088,42.88667],[-0.66023,42.88702],[-0.65941,42.88719],[-0.65923,42.88732],[-0.65859,42.88829],[-0.65798,42.88879],[-0.65691,42.88914],[-0.65648,42.88967],[-0.65584,42.8908],[-0.65514,42.89158],[-0.65514,42.89173],[-0.65554,42.89248],[-0.65637,42.89276],[-0.6564,42.89307],[-0.65616,42.89363],[-0.6558,42.89414],[-0.65585,42.89437],[-0.6571,42.89527],[-0.65731,42.89569],[-0.65715,42.89635],[-0.6565,42.89718],[-0.65609,42.8983],[-0.65613,42.89923],[-0.65634,42.9],[-0.65641,42.90005],[-0.65668,42.89991],[-0.6575,42.89917],[-0.65803,42.89795],[-0.65832,42.89748],[-0.65865,42.89725],[-0.6591,42.89708],[-0.65945,42.89707],[-0.66,42.89721],[-0.66055,42.89693],[-0.66084,42.89666],[-0.6611,42.8959],[-0.66193,42.8947],[-0.66243,42.89435],[-0.66357,42.8938],[-0.66388,42.89379],[-0.66415,42.89414],[-0.66469,42.89425],[-0.66491,42.89438],[-0.66523,42.89502],[-0.6662,42.89577],[-0.66665,42.8964]],[[-0.66665,42.89852],[-0.66637,42.89803],[-0.6664,42.89778],[-0.66665,42.89765]],[[-0.64663,42.8822],[-0.6461,42.88264],[-0.64556,42.88276],[-0.64524,42.88303],[-0.64555,42.8833],[-0.64612,42.88356],[-0.64658,42.88413],[-0.64658,42.88496],[-0.64605,42.88555],[-0.64591,42.8859],[-0.6459,42.88617],[-0.64607,42.8867],[-0.64634,42.88706],[-0.64729,42.88757],[-0.6475,42.88752],[-0.64762,42.88697],[-0.64783,42.88648],[-0.64805,42.88609],[-0.6483,42.88585],[-0.64913,42.88585],[-0.64997,42.886],[-0.6508,42.88601],[-0.65128,42.88559],[-0.65161,42.88493],[-0.65246,42.88468],[-0.65277,42.88387],[-0.65275,42.8833],[-0.65307,42.88305],[-0.65316,42.88245],[-0.6536,42.88247],[-0.65418,42.88286],[-0.65458,42.88297],[-0.65484,42.88285],[-0.6552,42.88238],[-0.6558,42.88241],[-0.65635,42.8822]]]}},{"type":"Feature","properties":{"ele":1590},"geometry":{"type":"MultiLineString","coordinates":[[[-0.55793,42.94609],[-0.55804,42.94552],[-0.55854,42.94494],[-0.55908,42.94467],[-0.55926,42.94442],[-0.55926,42.94399],[-0.55936,42.94357],[-0.55886,42.94303],[-0.55905,42.94256],[-0.55902,42.94216],[-0.5593,42.94169],[-0.55924,42.94109],[-0.55999,42.94054],[-0.56084,42.93971],[-0.56093,42.93951],[-0.56086,42.93913],[-0.56048,42.9389],[-0.56034,42.93864],[-0.56056,42.93746],[-0.56049,42.93717],[-0.5603,42.93688],[-0.55975,42.93663],[-0.55827,42.9362],[-0.55738,42.93553],[-0.55668,42.93541],[-0.5565,42.93556],[-0.55605,42.93632],[-0.55538,42.93692],[-0.55489,42.93715],[-0.55354,42.9376],[-0.55248,42.93847],[-0.55235,42.93825],[-0.5523,42.93798],[-0.55249,42.93748],[-0.55243,42.93718],[-0.5526,42.93686],[-0.55263,42.93645],[-0.55224,42.93524],[-0.55157,42.9345],[-0.55146,42.93409],[-0.55109,42.93359],[-0.55049,42.93344],[-0.54983,42.93338],[-0.54924,42.93346],[-0.54887,42.93359],[-0.54856,42.93379],[-0.54823,42.93411],[-0.54816,42.93443],[-0.54774,42.93468],[-0.5476,42.93499],[-0.54728,42.93529],[-0.54707,42.93586],[-0.54651,42.93634],[-0.54609,42.93649]],[[-0.54609,42.92804],[-0.54677,42.92753],[-0.54747,42.92718],[-0.54779,42.92666],[-0.54855,42.92634],[-0.54888,42.92582],[-0.54904,42.92571],[-0.54959,42.92552],[-0.55035,42.92511],[-0.55118,42.92491],[-0.55138,42.92492],[-0.55171,42.92512],[-0.5524,42.92534],[-0.55443,42.92581],[-0.55588,42.92632],[-0.5569,42.92656],[-0.55748,42.92692],[-0.55775,42.92722],[-0.55816,42.92739],[-0.55888,42.92751],[-0.55905,42.92725],[-0.55894,42.92704],[-0.55849,42.92665],[-0.55835,42.92634],[-0.55811,42.92609],[-0.55711,42.92562],[-0.55559,42.92439],[-0.55443,42.92391],[-0.55422,42.92325],[-0.55336,42.92272],[-0.55196,42.92218],[-0.55125,42.92205],[-0.55022,42.92141],[-0.54915,42.92109],[-0.5475,42.92091],[-0.54609,42.9209]],[[-0.60265,42.8822],[-0.60271,42.88319],[-0.60264,42.88356],[-0.60225,42.88393],[-0.60131,42.88442],[-0.60101,42.88517],[-0.60102,42.88578],[-0.60169,42.88716],[-0.60232,42.88797],[-0.60288,42.88847],[-0.60394,42.88904],[-0.60402,42.88917],[-0.60283,42.88944],[-0.60139,42.88964],[-0.60073,42.88951],[-0.5991,42.88897],[-0.59837,42.88898],[-0.59798,42.88932],[-0.59787,42.88961],[-0.59794,42.89016],[-0.59823,42.89072],[-0.59817,42.89103],[-0.59796,42.89128],[-0.59719,42.89163],[-0.5969,42.89201],[-0.59646,42.89212],[-0.59521,42.89216],[-0.59351,42.89179],[-0.5924,42.89186],[-0.59063,42.89161],[-0.5897,42.89163],[-0.58962,42.89193],[-0.58975,42.89246],[-0.5896,42.89263],[-0.58889,42.89304],[-0.58803,42.89322],[-0.58699,42.89363],[-0.58671,42.89391],[-0.58653,42.8944],[-0.5866,42.89476],[-0.58693,42.89507],[-0.58792,42.89545],[-0.58875,42.89563],[-0.589,42.89579],[-0.58904,42.89603],[-0.58889,42.89629],[-0.58831,42.89664],[-0.58831,42.89694],[-0.58853,42.89723],[-0.58889,42.89723],[-0.58983,42.89701],[-0.59001,42.89694],[-0.59059,42.89638],[-0.59108,42.89624],[-0.59153,42.89622],[-0.59222,42.89655],[-0.59277,42.89664],[-0.59372,42.89699],[-0.5949,42.89708],[-0.59573,42.8974],[-0.59656,42.89735],[-0.597,42.89742],[-0.59794,42.898],[-0.59861,42.89828],[-0.59901,42.8986],[-0.59996,42.89889],[-0.6005,42.89917],[-0.60089,42.89968],[-0.60077,42.89998],[-0.60084,42.90025],[-0.60135,42.90054],[-0.60152,42.90083],[-0.60174,42.90098],[-0.6021,42.90112],[-0.60295,42.90128],[-0.60336,42.90163],[-0.60346,42.90294],[-0.60326,42.90357],[-0.60337,42.90412],[-0.60329,42.90437],[-0.60251,42.90527],[-0.60139,42.90583],[-0.60071,42.90716],[-0.59986,42.90791],[-0.59931,42.90889],[-0.59947,42.90943],[-0.5994,42.91019],[-0.59903,42.91077],[-0.5989,42.91111],[-0.5986,42.91138],[-0.59856,42.91153],[-0.59861,42.9119],[-0.59924,42.91265],[-0.59932,42.91305],[-0.59892,42.9144],[-0.59895,42.91492],[-0.59915,42.91525],[-0.59856,42.91623],[-0.59837,42.91669],[-0.59845,42.91739],[-0.59822,42.91805],[-0.59826,42.91867],[-0.59804,42.91945],[-0.59796,42.9202],[-0.59804,42.92055],[-0.59905,42.92138],[-0.59924,42.92144],[-0.59952,42.92142],[-0.59972,42.92124],[-0.59986,42.92083],[-0.59985,42.92024],[-0.60027,42.91887],[-0.60076,42.91829],[-0.60111,42.91803],[-0.6016,42.91737],[-0.60214,42.91697],[-0.60298,42.91663],[-0.60335,42.91609],[-0.60341,42.91548],[-0.60303,42.91472],[-0.60286,42.91412],[-0.60289,42.91374],[-0.60305,42.91331],[-0.603,42.91263],[-0.60266,42.91219],[-0.6023,42.91083],[-0.60257,42.91021],[-0.60395,42.90919],[-0.60432,42.9086],[-0.60428,42.90701],[-0.60401,42.9061],[-0.60415,42.90548],[-0.60439,42.90496],[-0.60511,42.90452],[-0.60636,42.90451],[-0.60694,42.90443],[-0.60726,42.90421],[-0.60945,42.90333],[-0.6097,42.90302],[-0.6099,42.90244],[-0.61046,42.90192],[-0.6109,42.90165],[-0.61138,42.90109],[-0.61171,42.90053],[-0.61182,42.90024],[-0.61175,42.89972],[-0.61195,42.89943],[-0.61214,42.89882],[-0.6127,42.89866],[-0.61333,42.89834],[-0.61416,42.89809],[-0.61471,42.89769],[-0.61563,42.89751],[-0.61628,42.89754],[-0.61663,42.89746],[-0.61682,42.89721],[-0.61698,42.8967],[-0.6172,42.89638],[-0.61779,42.89614],[-0.61806,42.89585],[-0.6181,42.89527],[-0.61859,42.89442],[-0.61876,42.89395],[-0.61957,42.89304],[-0.61993,42.89298],[-0.62079,42.8931],[-0.62219,42.89267],[-0.62354,42.89253],[-0.62441,42.8926],[-0.625,42.89249],[-0.62519,42.89236],[-0.62558,42.89194],[-0.62596,42.891],[-0.6258,42.89026],[-0.6258,42.88958],[-0.6269,42.88925],[-0.62779,42.88876],[-0.62831,42.88842],[-0.62891,42.88785],[-0.62964,42.88741],[-0.63015,42.88689],[-0.63057,42.8864],[-0.63058,42.88627],[-0.63055,42.88608],[-0.63024,42.88583],[-0.63012,42.88558],[-0.62994,42.88499],[-0.62997,42.8847],[-0.63082,42.88442],[-0.6313,42.88405],[-0.63149,42.8838],[-0.63186,42.88295],[-0.63236,42.88254],[-0.63249,42.8822]],[[-0.66054,42.8822],[-0.66073,42.88271],[-0.66154,42.8836],[-0.66295,42.88431],[-0.66351,42.88451],[-0.66367,42.88471],[-0.66339,42.88499],[-0.66275,42.88524],[-0.66197,42.88583],[-0.66133,42.88607],[-0.6612,42.88661],[-0.66106,42.88676],[-0.66028,42.8872],[-0.65934,42.88739],[-0.65888,42.88804],[-0.65873,42.88838],[-0.65824,42.88884],[-0.6569,42.88934],[-0.65662,42.88966],[-0.65613,42.89056],[-0.65524,42.89163],[-0.65554,42.8922],[-0.65578,42.89247],[-0.65634,42.89261],[-0.65652,42.89284],[-0.6565,42.89322],[-0.65601,42.89412],[-0.6561,42.89442],[-0.6569,42.895],[-0.65764,42.89532],[-0.65801,42.89561],[-0.6581,42.89584],[-0.65809,42.8961],[-0.658,42.89624],[-0.65775,42.89647],[-0.65717,42.89678],[-0.65684,42.89714],[-0.65676,42.89752],[-0.65645,42.89808],[-0.65633,42.89885],[-0.65637,42.8995],[-0.65666,42.89971],[-0.65726,42.89926],[-0.65751,42.89891],[-0.65799,42.89772],[-0.65821,42.89743],[-0.65852,42.89719],[-0.6592,42.89695],[-0.65999,42.89703],[-0.66059,42.89671],[-0.66083,42.89641],[-0.66107,42.89575],[-0.66193,42.8945],[-0.66358,42.89353],[-0.66389,42.89354],[-0.66421,42.89395],[-0.66497,42.89425],[-0.66534,42.89494],[-0.66632,42.89558],[-0.66665,42.89613]],[[-0.6468,42.8822],[-0.64567,42.88304],[-0.64627,42.88341],[-0.64696,42.88409],[-0.64679,42.88499],[-0.64631,42.88555],[-0.64616,42.886],[-0.64645,42.88662],[-0.64705,42.88692],[-0.64726,42.88685],[-0.64749,42.88665],[-0.64795,42.88582],[-0.64813,42.88571],[-0.64899,42.88572],[-0.65014,42.88591],[-0.65079,42.8858],[-0.6511,42.88561],[-0.65137,42.88497],[-0.65167,42.88472],[-0.65221,42.88448],[-0.65251,42.88417],[-0.65253,42.88333],[-0.6529,42.8828],[-0.65288,42.88246],[-0.65296,42.8822]],[[-0.65314,42.8822],[-0.65445,42.88282],[-0.65473,42.88277],[-0.65493,42.88236],[-0.65511,42.8822]],[[-0.65539,42.8822],[-0.6557,42.88228],[-0.65605,42.8822]]]}},{"type":"Feature","properties":{"ele":1610},"geometry":{"type":"MultiLineString","coordinates":[[[-0.55766,42.94609],[-0.55746,42.94582],[-0.55748,42.94575],[-0.55832,42.94473],[-0.55891,42.9444],[-0.55883,42.94365],[-0.5584,42.94332],[-0.55828,42.94303],[-0.55846,42.94249],[-0.55847,42.94211],[-0.55877,42.94152],[-0.55878,42.94108],[-0.55964,42.9405],[-0.56003,42.94003],[-0.56012,42.93982],[-0.55984,42.93867],[-0.56018,42.93749],[-0.56014,42.93726],[-0.56001,42.93709],[-0.55972,42.9369],[-0.5583,42.93653],[-0.55722,42.93603],[-0.55693,42.93599],[-0.55654,42.93639],[-0.55609,42.93664],[-0.55585,42.93696],[-0.55552,42.93718],[-0.55494,42.93744],[-0.55381,42.93774],[-0.55347,42.93791],[-0.55321,42.93819],[-0.55305,42.93862],[-0.55252,42.93916],[-0.55192,42.93914],[-0.55199,42.93874],[-0.55186,42.93803],[-0.55204,42.93756],[-0.55207,42.93711],[-0.55227,42.93668],[-0.55223,42.93636],[-0.55197,42.93598],[-0.55187,42.93531],[-0.55119,42.93451],[-0.55099,42.93389],[-0.55076,42.93372],[-0.55028,42.93365],[-0.54951,42.93373],[-0.54914,42.93386],[-0.54885,42.93413],[-0.54878,42.93444],[-0.54823,42.93471],[-0.54778,42.93526],[-0.54747,42.9355],[-0.5475,42.93583],[-0.54709,42.93635],[-0.54666,42.93664],[-0.54609,42.93682]],[[-0.55388,42.94609],[-0.55351,42.94592],[-0.55295,42.94609]],[[-0.54609,42.92764],[-0.54634,42.92746],[-0.54699,42.92718],[-0.54728,42.92694],[-0.54739,42.92663],[-0.54754,42.92649],[-0.54834,42.92614],[-0.54876,42.92551],[-0.54998,42.92485],[-0.55108,42.92457],[-0.55139,42.92458],[-0.55201,42.92488],[-0.55392,42.92542],[-0.55538,42.92573],[-0.55632,42.9261],[-0.5567,42.92613],[-0.55686,42.92602],[-0.55674,42.92578],[-0.55551,42.92475],[-0.55415,42.92414],[-0.55394,42.92333],[-0.55345,42.92302],[-0.5511,42.92222],[-0.55025,42.92165],[-0.54942,42.92137],[-0.54858,42.92121],[-0.5474,42.92112],[-0.54609,42.92114]],[[-0.59915,42.92096],[-0.59941,42.92077],[-0.59973,42.92001],[-0.59992,42.91905],[-0.60013,42.91851],[-0.60056,42.91805],[-0.60102,42.91778],[-0.60167,42.91694],[-0.60254,42.91646],[-0.60281,42.91608],[-0.60284,42.91555],[-0.60252,42.91416],[-0.60259,42.91336],[-0.60252,42.91305],[-0.60261,42.91267],[-0.60227,42.91208],[-0.60185,42.91072],[-0.602,42.91026],[-0.60258,42.90969],[-0.60351,42.9091],[-0.60389,42.90858],[-0.60394,42.9083],[-0.60386,42.90803],[-0.60394,42.90739],[-0.60384,42.90697],[-0.60361,42.90662],[-0.60355,42.90639],[-0.60375,42.90583],[-0.60379,42.90544],[-0.60376,42.9052],[-0.60361,42.90496],[-0.60323,42.90509],[-0.60273,42.90551],[-0.60257,42.90579],[-0.60251,42.90612],[-0.60222,42.90644],[-0.60088,42.90751],[-0.60049,42.90772],[-0.60029,42.90834],[-0.59968,42.90886],[-0.5998,42.9102],[-0.59913,42.91134],[-0.59909,42.91159],[-0.59921,42.91209],[-0.59947,42.91242],[-0.59973,42.91303],[-0.5993,42.91437],[-0.59954,42.91523],[-0.59973,42.91554],[-0.59957,42.91582],[-0.59899,42.91615],[-0.59875,42.91655],[-0.5987,42.91753],[-0.59849,42.91809],[-0.59864,42.91863],[-0.59828,42.91975],[-0.5983,42.92026],[-0.59839,42.92049],[-0.59884,42.92084],[-0.59915,42.92096]],[[-0.60387,42.9048],[-0.60395,42.90471],[-0.60389,42.90465],[-0.60387,42.9048]],[[-0.603,42.8822],[-0.60307,42.883],[-0.60289,42.88362],[-0.60269,42.88387],[-0.60179,42.88444],[-0.6015,42.88496],[-0.60147,42.88527],[-0.60177,42.88586],[-0.60175,42.88662],[-0.60209,42.88722],[-0.60293,42.88814],[-0.60362,42.88856],[-0.60454,42.88887],[-0.60499,42.88914],[-0.60326,42.88967],[-0.60149,42.88992],[-0.59891,42.88941],[-0.59862,42.88945],[-0.5983,42.88966],[-0.59828,42.88991],[-0.59876,42.8909],[-0.59874,42.89137],[-0.59859,42.89157],[-0.59808,42.89192],[-0.59774,42.89199],[-0.59743,42.8922],[-0.59715,42.89228],[-0.59528,42.89236],[-0.59358,42.89199],[-0.5924,42.89206],[-0.59097,42.89184],[-0.59007,42.89186],[-0.58995,42.89192],[-0.58999,42.89249],[-0.58978,42.89277],[-0.58896,42.89314],[-0.58804,42.89331],[-0.58766,42.89353],[-0.58712,42.8937],[-0.58688,42.89386],[-0.58662,42.89443],[-0.58677,42.89477],[-0.58723,42.8951],[-0.58795,42.89536],[-0.58899,42.89548],[-0.58927,42.89562],[-0.58955,42.89604],[-0.58958,42.89632],[-0.5888,42.89663],[-0.58865,42.89686],[-0.58872,42.89695],[-0.58899,42.89696],[-0.58968,42.89679],[-0.5898,42.89666],[-0.58981,42.89632],[-0.5907,42.8959],[-0.59247,42.89578],[-0.59252,42.89583],[-0.59243,42.89612],[-0.59278,42.89627],[-0.59347,42.89675],[-0.59413,42.89686],[-0.59511,42.89683],[-0.59563,42.89702],[-0.59636,42.897],[-0.59771,42.89726],[-0.5986,42.89775],[-0.59924,42.89826],[-0.59965,42.89847],[-0.6,42.89856],[-0.60087,42.89854],[-0.60112,42.89878],[-0.60132,42.89915],[-0.60165,42.89942],[-0.60158,42.90024],[-0.60207,42.90078],[-0.60233,42.90086],[-0.60304,42.9008],[-0.60427,42.9019],[-0.60445,42.90276],[-0.60432,42.90346],[-0.60403,42.90395],[-0.60404,42.90433],[-0.60416,42.90453],[-0.60521,42.90404],[-0.60579,42.90417],[-0.60636,42.90405],[-0.60712,42.9037],[-0.60776,42.90359],[-0.6082,42.90342],[-0.60886,42.90302],[-0.60985,42.90182],[-0.61057,42.90129],[-0.61121,42.90061],[-0.6114,42.90025],[-0.61149,42.89954],[-0.61169,42.89918],[-0.61174,42.89881],[-0.61188,42.89856],[-0.61254,42.89836],[-0.61278,42.89804],[-0.61327,42.89774],[-0.61416,42.89744],[-0.61498,42.89719],[-0.61597,42.89726],[-0.61642,42.8971],[-0.61664,42.89682],[-0.6169,42.8962],[-0.61742,42.89575],[-0.61801,42.89495],[-0.61841,42.89384],[-0.61915,42.8929],[-0.61976,42.89268],[-0.62079,42.89279],[-0.62174,42.89254],[-0.6234,42.89228],[-0.62438,42.89236],[-0.62496,42.89218],[-0.62537,42.89167],[-0.6256,42.891],[-0.62546,42.88996],[-0.62551,42.88937],[-0.62582,42.88917],[-0.62687,42.88895],[-0.62757,42.88865],[-0.62868,42.88773],[-0.62938,42.88736],[-0.62975,42.88703],[-0.63028,42.88636],[-0.62993,42.88582],[-0.62979,42.88526],[-0.62956,42.88492],[-0.62954,42.88471],[-0.63053,42.88433],[-0.63101,42.88392],[-0.63123,42.8836],[-0.63154,42.88272],[-0.63202,42.8822]],[[-0.65721,42.89889],[-0.65752,42.89808],[-0.65748,42.89771],[-0.65714,42.8979],[-0.657,42.89812],[-0.65691,42.89889],[-0.65721,42.89889]],[[-0.65776,42.89727],[-0.65793,42.8972],[-0.65772,42.89717],[-0.65776,42.89727]],[[-0.6607,42.8822],[-0.66079,42.88252],[-0.66167,42.88357],[-0.66301,42.88418],[-0.66393,42.88436],[-0.66423,42.88471],[-0.66389,42.88498],[-0.66279,42.88555],[-0.66186,42.88624],[-0.66128,42.88704],[-0.65949,42.88774],[-0.65923,42.88839],[-0.6586,42.88896],[-0.65757,42.88925],[-0.65721,42.88942],[-0.65691,42.88968],[-0.6556,42.89155],[-0.6559,42.89218],[-0.65658,42.89248],[-0.6568,42.89287],[-0.65681,42.89329],[-0.65645,42.89402],[-0.65649,42.89439],[-0.65692,42.89475],[-0.65809,42.89495],[-0.65854,42.89527],[-0.65866,42.89572],[-0.65846,42.89611],[-0.65846,42.89642],[-0.65852,42.89667],[-0.65868,42.89674],[-0.65999,42.89667],[-0.66048,42.89637],[-0.6614,42.89476],[-0.6619,42.89409],[-0.66224,42.89374],[-0.66289,42.89331],[-0.66316,42.89321],[-0.66392,42.89313],[-0.66448,42.89375],[-0.6652,42.89415],[-0.66541,42.89442],[-0.66552,42.89475],[-0.66665,42.89518]],[[-0.64718,42.8822],[-0.64669,42.88248],[-0.64654,42.8828],[-0.64757,42.88412],[-0.64765,42.88478],[-0.64785,42.88516],[-0.64807,42.88531],[-0.65014,42.88572],[-0.6508,42.88552],[-0.65098,42.88523],[-0.65105,42.88465],[-0.65219,42.88385],[-0.65225,42.88358],[-0.65215,42.88301],[-0.65242,42.8826],[-0.6525,42.8822]],[[-0.65374,42.8822],[-0.65431,42.88241],[-0.65468,42.8822]]]}},{"type":"Feature","properties":{"ele":1620},"geometry":{"type":"MultiLineString","coordinates":[[[-0.55754,42.94609],[-0.55735,42.94584],[-0.55735,42.94569],[-0.55787,42.94503],[-0.55793,42.9447],[-0.5586,42.94446],[-0.55869,42.94433],[-0.55868,42.94381],[-0.5582,42.94333],[-0.55808,42.94308],[-0.55813,42.94228],[-0.55849,42.94145],[-0.55852,42.94105],[-0.55923,42.94056],[-0.55979,42.93977],[-0.55965,42.93861],[-0.56001,42.93749],[-0.55982,42.93716],[-0.55938,42.93695],[-0.55743,42.93639],[-0.55693,42.93636],[-0.55637,42.93672],[-0.55583,42.9372],[-0.55528,42.93748],[-0.55412,42.93774],[-0.55356,42.938],[-0.55331,42.9383],[-0.5531,42.93885],[-0.55273,42.93928],[-0.55236,42.93936],[-0.55177,42.93935],[-0.55155,42.93921],[-0.55149,42.93902],[-0.5517,42.93863],[-0.55162,42.93801],[-0.55185,42.93756],[-0.55186,42.93708],[-0.55208,42.93655],[-0.55196,42.93634],[-0.55163,42.93609],[-0.55167,42.93553],[-0.55161,42.93532],[-0.55104,42.93449],[-0.55088,42.93393],[-0.5508,42.93384],[-0.55042,42.93376],[-0.54952,42.93389],[-0.54915,42.93409],[-0.54897,42.93454],[-0.54828,42.93488],[-0.54767,42.9355],[-0.54766,42.93603],[-0.54719,42.93653],[-0.54609,42.93701]],[[-0.55412,42.94609],[-0.55391,42.94576],[-0.55361,42.9457],[-0.55326,42.94575],[-0.5525,42.94609]],[[-0.54609,42.92741],[-0.54668,42.92721],[-0.54698,42.92701],[-0.54746,42.92635],[-0.5482,42.9261],[-0.54841,42.92586],[-0.54859,42.92546],[-0.54909,42.92524],[-0.54991,42.92467],[-0.55091,42.92444],[-0.55138,42.92444],[-0.55236,42.92482],[-0.55424,42.92537],[-0.5555,42.92554],[-0.55587,42.92552],[-0.55577,42.92525],[-0.55548,42.92495],[-0.55398,42.9242],[-0.55389,42.92405],[-0.55387,42.92356],[-0.55367,42.92329],[-0.55329,42.92309],[-0.55111,42.92236],[-0.54998,42.92166],[-0.54924,42.92144],[-0.54733,42.92124],[-0.54609,42.92128]],[[-0.59915,42.92061],[-0.59958,42.91996],[-0.5997,42.91913],[-0.59993,42.91852],[-0.6003,42.91805],[-0.60087,42.91779],[-0.60107,42.91743],[-0.60159,42.91684],[-0.60229,42.91639],[-0.60257,42.91586],[-0.60257,42.91541],[-0.60233,42.91423],[-0.6023,42.91305],[-0.60238,42.9127],[-0.60161,42.91084],[-0.6016,42.91058],[-0.60165,42.91025],[-0.60232,42.90967],[-0.60338,42.90899],[-0.6037,42.90843],[-0.60376,42.90742],[-0.60362,42.90691],[-0.60335,42.90652],[-0.60333,42.90616],[-0.6035,42.90579],[-0.6033,42.90548],[-0.603,42.90552],[-0.60287,42.90606],[-0.60257,42.90666],[-0.60215,42.90683],[-0.60071,42.90773],[-0.60039,42.90843],[-0.59989,42.9089],[-0.59996,42.91022],[-0.59944,42.9111],[-0.5993,42.91155],[-0.59951,42.91212],[-0.6,42.91298],[-0.59995,42.91329],[-0.59958,42.91402],[-0.59948,42.9144],[-0.59956,42.91471],[-0.60003,42.91553],[-0.59979,42.91586],[-0.59909,42.91628],[-0.59887,42.91663],[-0.59882,42.9176],[-0.59864,42.91812],[-0.59878,42.91871],[-0.59856,42.91944],[-0.5985,42.91996],[-0.59851,42.92026],[-0.59863,42.92047],[-0.59884,42.92061],[-0.59915,42.92061]],[[-0.60315,42.8822],[-0.60322,42.88301],[-0.60304,42.88359],[-0.60283,42.8839],[-0.60185,42.88463],[-0.60163,42.88527],[-0.60213,42.886],[-0.60216,42.88698],[-0.60273,42.88778],[-0.60368,42.88843],[-0.6049,42.88886],[-0.60516,42.88907],[-0.60513,42.88921],[-0.6033,42.88982],[-0.60153,42.89005],[-0.60101,42.89002],[-0.59899,42.88966],[-0.59872,42.88969],[-0.59857,42.88984],[-0.59855,42.89008],[-0.59903,42.89096],[-0.5992,42.89166],[-0.59888,42.89192],[-0.59736,42.89238],[-0.59531,42.89247],[-0.59365,42.89209],[-0.59233,42.89215],[-0.59108,42.89195],[-0.59026,42.89192],[-0.58998,42.89275],[-0.58892,42.89321],[-0.58816,42.89335],[-0.58774,42.89358],[-0.58713,42.89376],[-0.58694,42.89389],[-0.5867,42.89444],[-0.58684,42.89476],[-0.58727,42.89506],[-0.58802,42.89532],[-0.58951,42.89551],[-0.58996,42.89586],[-0.59051,42.89549],[-0.59142,42.89572],[-0.59254,42.89561],[-0.59279,42.89576],[-0.59291,42.89611],[-0.59327,42.89653],[-0.59365,42.89671],[-0.59455,42.89677],[-0.59638,42.89653],[-0.59659,42.89665],[-0.59681,42.89693],[-0.59809,42.89716],[-0.59847,42.89746],[-0.59941,42.8979],[-0.59983,42.89832],[-0.60014,42.89837],[-0.60081,42.89828],[-0.601,42.89837],[-0.60194,42.89938],[-0.60191,42.90002],[-0.6022,42.90054],[-0.60276,42.9005],[-0.60301,42.90058],[-0.60474,42.90188],[-0.60486,42.90305],[-0.60468,42.90356],[-0.60441,42.90387],[-0.60469,42.90399],[-0.60502,42.90389],[-0.60552,42.90354],[-0.60582,42.90359],[-0.60611,42.90383],[-0.60636,42.90383],[-0.60816,42.90315],[-0.60858,42.90291],[-0.60943,42.90192],[-0.61082,42.90081],[-0.61102,42.90054],[-0.61127,42.90003],[-0.61135,42.89942],[-0.6115,42.89915],[-0.61164,42.89857],[-0.61221,42.89831],[-0.6131,42.89762],[-0.61356,42.89742],[-0.61514,42.897],[-0.6159,42.89711],[-0.61639,42.89694],[-0.61687,42.89606],[-0.61782,42.89496],[-0.61832,42.8936],[-0.61898,42.89276],[-0.61976,42.8925],[-0.62087,42.89261],[-0.62341,42.89215],[-0.62447,42.89224],[-0.62469,42.89218],[-0.62494,42.892],[-0.62526,42.89163],[-0.62544,42.89093],[-0.6254,42.89044],[-0.62526,42.88997],[-0.62535,42.88944],[-0.6255,42.88917],[-0.62749,42.88859],[-0.62783,42.88823],[-0.62886,42.88749],[-0.62943,42.8872],[-0.62971,42.88692],[-0.63006,42.88632],[-0.62978,42.88579],[-0.62967,42.88532],[-0.6294,42.88499],[-0.62935,42.88469],[-0.63048,42.88425],[-0.63068,42.8841],[-0.63099,42.88371],[-0.63134,42.88274],[-0.63169,42.8822]],[[-0.66078,42.8822],[-0.66091,42.88253],[-0.66181,42.88357],[-0.66302,42.88409],[-0.66392,42.88426],[-0.66422,42.8844],[-0.66452,42.8847],[-0.66304,42.88556],[-0.66192,42.88635],[-0.66166,42.88693],[-0.6614,42.88722],[-0.65977,42.88776],[-0.65949,42.88837],[-0.65928,42.8886],[-0.65885,42.88884],[-0.65862,42.88915],[-0.65778,42.88926],[-0.6574,42.88943],[-0.65706,42.8897],[-0.6558,42.89135],[-0.65574,42.89158],[-0.6561,42.89219],[-0.65664,42.89232],[-0.65691,42.8928],[-0.65699,42.8933],[-0.65661,42.89404],[-0.65664,42.89443],[-0.65702,42.89466],[-0.65799,42.89481],[-0.65852,42.89502],[-0.65875,42.89531],[-0.65891,42.8957],[-0.65876,42.89617],[-0.65887,42.89636],[-0.6592,42.89647],[-0.65993,42.89648],[-0.66025,42.89633],[-0.66057,42.89599],[-0.66165,42.89414],[-0.66209,42.89358],[-0.66272,42.89318],[-0.66308,42.89305],[-0.66386,42.89295],[-0.66417,42.89301],[-0.66433,42.89337],[-0.66461,42.89369],[-0.66535,42.89412],[-0.66581,42.8946],[-0.66665,42.89493]],[[-0.64733,42.8822],[-0.64687,42.88246],[-0.64678,42.88275],[-0.64747,42.8836],[-0.6479,42.88393],[-0.64797,42.88419],[-0.64788,42.88475],[-0.64798,42.88503],[-0.64834,42.88522],[-0.6494,42.88554],[-0.65017,42.88564],[-0.65057,42.88554],[-0.6508,42.88531],[-0.65085,42.88475],[-0.65094,42.88458],[-0.65131,42.88414],[-0.65201,42.88363],[-0.65193,42.88301],[-0.65202,42.88275],[-0.65225,42.8825],[-0.65233,42.8822]]]}},{"type":"Feature","properties":{"ele":1630},"geometry":{"type":"MultiLineString","coordinates":[[[-0.55739,42.94609],[-0.55717,42.94581],[-0.55711,42.9455],[-0.55765,42.94504],[-0.55765,42.94468],[-0.55837,42.94444],[-0.5585,42.94416],[-0.55849,42.94382],[-0.55801,42.94333],[-0.55791,42.94312],[-0.55784,42.94225],[-0.55823,42.94142],[-0.55827,42.94104],[-0.55885,42.94052],[-0.55953,42.93969],[-0.55948,42.93843],[-0.55978,42.93766],[-0.55978,42.93745],[-0.55968,42.93733],[-0.55837,42.93682],[-0.55733,42.93658],[-0.55693,42.93662],[-0.55645,42.9369],[-0.55611,42.93721],[-0.55557,42.93748],[-0.55514,42.93764],[-0.55427,42.93782],[-0.55374,42.93805],[-0.55352,42.93827],[-0.5534,42.93886],[-0.55313,42.93914],[-0.55304,42.93942],[-0.55267,42.93956],[-0.55165,42.93952],[-0.55119,42.93912],[-0.55109,42.93887],[-0.55109,42.93858],[-0.55166,42.9375],[-0.5516,42.93719],[-0.55168,42.93696],[-0.55194,42.93664],[-0.55167,42.93635],[-0.5513,42.93611],[-0.55146,42.93555],[-0.55143,42.93527],[-0.55096,42.93454],[-0.55085,42.93407],[-0.55053,42.93385],[-0.54993,42.93395],[-0.54942,42.93414],[-0.54937,42.93444],[-0.54915,42.9347],[-0.54845,42.93497],[-0.54825,42.93525],[-0.54791,42.93549],[-0.54795,42.936],[-0.54785,42.9362],[-0.54727,42.9367],[-0.54609,42.93723]],[[-0.55435,42.94609],[-0.55413,42.94568],[-0.55381,42.94546],[-0.5533,42.94552],[-0.55211,42.94609]],[[-0.54609,42.92721],[-0.54683,42.92693],[-0.5472,42.92634],[-0.54805,42.92609],[-0.54832,42.92581],[-0.54839,42.92552],[-0.54862,42.92528],[-0.54977,42.92459],[-0.55076,42.92434],[-0.55125,42.92433],[-0.55172,42.92441],[-0.55437,42.92527],[-0.55497,42.92532],[-0.55534,42.92524],[-0.55514,42.92494],[-0.5541,42.92449],[-0.55375,42.92423],[-0.55368,42.92409],[-0.55365,42.92358],[-0.55339,42.92329],[-0.55195,42.92271],[-0.55109,42.92248],[-0.54979,42.92172],[-0.54844,42.92143],[-0.54722,42.92136],[-0.54609,42.92141]],[[-0.59887,42.9203],[-0.59911,42.91997],[-0.59943,42.91972],[-0.59936,42.91937],[-0.5997,42.91859],[-0.60002,42.91807],[-0.60074,42.91773],[-0.60134,42.91691],[-0.60203,42.91635],[-0.60229,42.91585],[-0.60232,42.9153],[-0.60209,42.91364],[-0.6021,42.91267],[-0.60197,42.91212],[-0.60136,42.91081],[-0.60134,42.91032],[-0.60158,42.90996],[-0.60318,42.9089],[-0.6033,42.90876],[-0.60351,42.90826],[-0.60356,42.90756],[-0.60337,42.90692],[-0.60309,42.90672],[-0.60267,42.90679],[-0.60205,42.9072],[-0.60095,42.90773],[-0.60077,42.90796],[-0.60052,42.90856],[-0.60017,42.90884],[-0.60008,42.90902],[-0.60004,42.90937],[-0.60019,42.90989],[-0.6002,42.91024],[-0.5997,42.91095],[-0.5995,42.91155],[-0.59966,42.91199],[-0.60012,42.91274],[-0.60028,42.9133],[-0.59971,42.91422],[-0.59968,42.91468],[-0.60032,42.91524],[-0.60037,42.9155],[-0.60005,42.91583],[-0.59917,42.91642],[-0.59897,42.9168],[-0.59894,42.91763],[-0.59881,42.91825],[-0.59896,42.91881],[-0.59877,42.91944],[-0.59887,42.9203]],[[-0.60327,42.8822],[-0.60339,42.88304],[-0.6032,42.88357],[-0.60304,42.88387],[-0.60201,42.88468],[-0.60185,42.88527],[-0.60263,42.88624],[-0.60265,42.88649],[-0.60244,42.88701],[-0.60247,42.88721],[-0.60275,42.88756],[-0.60328,42.88803],[-0.6038,42.88836],[-0.60504,42.88876],[-0.60541,42.8891],[-0.60526,42.88934],[-0.60333,42.88998],[-0.60195,42.89014],[-0.60115,42.89019],[-0.59974,42.88996],[-0.59897,42.88997],[-0.5989,42.89007],[-0.59897,42.8903],[-0.59937,42.89112],[-0.59964,42.89142],[-0.59956,42.89183],[-0.59948,42.89194],[-0.59888,42.8922],[-0.59769,42.89247],[-0.59535,42.89254],[-0.59366,42.89217],[-0.59229,42.89225],[-0.59111,42.89205],[-0.59049,42.89204],[-0.59025,42.89216],[-0.58999,42.89283],[-0.58887,42.8933],[-0.58816,42.89342],[-0.58777,42.89363],[-0.58716,42.8938],[-0.5869,42.89407],[-0.58677,42.89447],[-0.58689,42.89473],[-0.58721,42.89497],[-0.58803,42.89527],[-0.5899,42.89541],[-0.59059,42.89521],[-0.59165,42.89553],[-0.5924,42.89545],[-0.59276,42.89551],[-0.59302,42.89581],[-0.59328,42.89639],[-0.59377,42.89665],[-0.59471,42.89668],[-0.59545,42.89654],[-0.59581,42.89636],[-0.59668,42.8963],[-0.59707,42.89667],[-0.5981,42.89699],[-0.59881,42.8974],[-0.59979,42.89773],[-0.60007,42.89791],[-0.60104,42.8981],[-0.60208,42.89917],[-0.6022,42.90001],[-0.6025,42.90018],[-0.60302,42.90027],[-0.60354,42.90084],[-0.60499,42.90164],[-0.60529,42.90224],[-0.60524,42.90332],[-0.60586,42.90327],[-0.60649,42.90342],[-0.60718,42.9033],[-0.60835,42.90278],[-0.60941,42.90163],[-0.61057,42.90072],[-0.6111,42.89999],[-0.61117,42.8994],[-0.61146,42.89861],[-0.61168,42.89833],[-0.61249,42.89788],[-0.61342,42.89724],[-0.61524,42.8968],[-0.61583,42.89695],[-0.61638,42.89675],[-0.61671,42.8961],[-0.61767,42.89493],[-0.61809,42.89364],[-0.61881,42.89265],[-0.61976,42.89235],[-0.62097,42.89244],[-0.62257,42.89225],[-0.62337,42.89204],[-0.62434,42.89213],[-0.6248,42.89198],[-0.62508,42.89164],[-0.62529,42.89085],[-0.62515,42.88996],[-0.62527,42.88916],[-0.6257,42.88893],[-0.62724,42.88859],[-0.62787,42.88805],[-0.62951,42.88696],[-0.62982,42.88649],[-0.62986,42.88628],[-0.62963,42.88583],[-0.62956,42.88548],[-0.62923,42.88492],[-0.62921,42.88469],[-0.62948,42.8845],[-0.63058,42.88404],[-0.63087,42.88363],[-0.63115,42.88277],[-0.63145,42.8822]],[[-0.66086,42.8822],[-0.66101,42.88252],[-0.66164,42.88332],[-0.66196,42.88357],[-0.66292,42.88395],[-0.66368,42.88404],[-0.66443,42.88442],[-0.6648,42.88473],[-0.6645,42.88498],[-0.66362,42.88532],[-0.66216,42.88634],[-0.66166,42.88721],[-0.66139,42.88744],[-0.66002,42.88778],[-0.6598,42.88834],[-0.65946,42.88865],[-0.65908,42.88885],[-0.65888,42.88917],[-0.65782,42.88934],[-0.6572,42.88969],[-0.65599,42.89126],[-0.65592,42.89145],[-0.65596,42.89168],[-0.65615,42.89191],[-0.65677,42.89219],[-0.65708,42.89284],[-0.65716,42.89329],[-0.65678,42.89399],[-0.6568,42.89436],[-0.65712,42.89457],[-0.65803,42.8947],[-0.65859,42.89493],[-0.65912,42.89556],[-0.65922,42.89578],[-0.65923,42.8961],[-0.65969,42.89625],[-0.66006,42.89619],[-0.66055,42.89583],[-0.66164,42.89385],[-0.66221,42.89318],[-0.66248,42.893],[-0.66382,42.89281],[-0.66413,42.89285],[-0.66443,42.89303],[-0.66443,42.89331],[-0.66467,42.89362],[-0.66552,42.89409],[-0.66586,42.89439],[-0.66665,42.89467]],[[-0.64747,42.8822],[-0.64707,42.88247],[-0.64702,42.88273],[-0.64747,42.88333],[-0.64806,42.8836],[-0.64818,42.88395],[-0.64807,42.88468],[-0.64817,42.88499],[-0.64844,42.88514],[-0.64955,42.88547],[-0.65023,42.88556],[-0.65047,42.88547],[-0.65068,42.88525],[-0.65071,42.88454],[-0.65085,42.88418],[-0.65174,42.88355],[-0.65182,42.88329],[-0.65179,42.88274],[-0.65216,42.8822]]]}},{"type":"Feature","properties":{"ele":1640},"geometry":{"type":"MultiLineString","coordinates":[[[-0.55722,42.94609],[-0.55687,42.94549],[-0.5574,42.94502],[-0.55744,42.94465],[-0.55812,42.9444],[-0.55834,42.9439],[-0.55773,42.94306],[-0.5576,42.94215],[-0.558,42.94138],[-0.55806,42.94101],[-0.55851,42.94052],[-0.55885,42.93997],[-0.55919,42.93972],[-0.55928,42.93954],[-0.55922,42.9384],[-0.55952,42.93772],[-0.5595,42.93743],[-0.55832,42.93692],[-0.55736,42.93676],[-0.55702,42.93679],[-0.55607,42.93745],[-0.55523,42.93774],[-0.55418,42.93797],[-0.5539,42.93812],[-0.55368,42.93837],[-0.55361,42.93917],[-0.55346,42.93941],[-0.55304,42.9397],[-0.55271,42.93977],[-0.55164,42.93971],[-0.55091,42.93916],[-0.55071,42.93878],[-0.55074,42.93806],[-0.55104,42.93772],[-0.55113,42.9375],[-0.55096,42.93719],[-0.55137,42.93698],[-0.55167,42.93664],[-0.55091,42.93609],[-0.55095,42.93584],[-0.5512,42.93553],[-0.55121,42.93528],[-0.55085,42.93466],[-0.55072,42.93414],[-0.55042,42.93399],[-0.54983,42.93412],[-0.54974,42.93444],[-0.54945,42.93472],[-0.54863,42.9351],[-0.54817,42.93549],[-0.54811,42.93565],[-0.5482,42.93614],[-0.5478,42.93656],[-0.54609,42.93745]],[[-0.55456,42.94609],[-0.55427,42.9455],[-0.55387,42.94521],[-0.55316,42.94538],[-0.55178,42.94609]],[[-0.54609,42.92707],[-0.54663,42.92689],[-0.54698,42.92636],[-0.54719,42.92617],[-0.54807,42.92594],[-0.5482,42.92575],[-0.5483,42.92523],[-0.54888,42.925],[-0.54973,42.92442],[-0.5508,42.92421],[-0.55139,42.92424],[-0.55215,42.92436],[-0.55278,42.92457],[-0.55378,42.92477],[-0.55421,42.92505],[-0.55458,42.92507],[-0.55478,42.92498],[-0.55379,42.92455],[-0.5535,42.92418],[-0.55345,42.92359],[-0.55314,42.9233],[-0.55171,42.92275],[-0.55097,42.92255],[-0.54972,42.92182],[-0.5484,42.92154],[-0.54722,42.92148],[-0.54609,42.92153]],[[-0.59915,42.91869],[-0.59964,42.91834],[-0.59987,42.91797],[-0.60055,42.91767],[-0.60111,42.91694],[-0.60191,42.9162],[-0.60205,42.9159],[-0.60202,42.91465],[-0.60184,42.91381],[-0.60189,42.91301],[-0.60181,42.91225],[-0.60132,42.9114],[-0.60126,42.91108],[-0.60105,42.91081],[-0.60091,42.91029],[-0.60081,42.91017],[-0.60052,42.91031],[-0.59969,42.91135],[-0.59983,42.9119],[-0.60037,42.91279],[-0.60045,42.91322],[-0.60037,42.91359],[-0.59992,42.91436],[-0.59991,42.91466],[-0.60064,42.91519],[-0.60069,42.91531],[-0.60058,42.91556],[-0.59969,42.91635],[-0.59915,42.9167],[-0.59906,42.91697],[-0.59899,42.91815],[-0.59915,42.91869]],[[-0.60165,42.90971],[-0.60289,42.90888],[-0.60331,42.90828],[-0.60339,42.90784],[-0.60334,42.90746],[-0.60288,42.907],[-0.60264,42.907],[-0.6012,42.90778],[-0.601,42.90801],[-0.60078,42.90855],[-0.60041,42.90887],[-0.60025,42.90911],[-0.60034,42.90958],[-0.6006,42.90988],[-0.60108,42.90994],[-0.60165,42.90971]],[[-0.60345,42.8822],[-0.60344,42.88253],[-0.6036,42.88303],[-0.60351,42.88333],[-0.60314,42.88395],[-0.60219,42.88469],[-0.60207,42.8853],[-0.60219,42.88555],[-0.6028,42.88606],[-0.60295,42.88631],[-0.60296,42.88652],[-0.60277,42.88693],[-0.60276,42.88717],[-0.60294,42.88752],[-0.60352,42.88804],[-0.60395,42.8883],[-0.60523,42.88861],[-0.60567,42.88911],[-0.6055,42.88941],[-0.60517,42.88957],[-0.60326,42.89012],[-0.60125,42.89035],[-0.5999,42.89015],[-0.59942,42.89024],[-0.59974,42.89105],[-0.59999,42.89135],[-0.60001,42.89193],[-0.59944,42.8922],[-0.59844,42.89253],[-0.59549,42.89262],[-0.59365,42.89227],[-0.59226,42.89235],[-0.59163,42.8922],[-0.59052,42.89213],[-0.59036,42.89225],[-0.59016,42.89276],[-0.58997,42.89294],[-0.58884,42.89338],[-0.5882,42.89348],[-0.58718,42.89384],[-0.58693,42.89414],[-0.58684,42.89447],[-0.58694,42.89469],[-0.58732,42.89495],[-0.58809,42.89523],[-0.58947,42.89525],[-0.5907,42.89507],[-0.59167,42.89517],[-0.59264,42.89538],[-0.59291,42.89551],[-0.59312,42.89574],[-0.59344,42.89637],[-0.59392,42.89658],[-0.5949,42.89657],[-0.59658,42.89606],[-0.59698,42.89607],[-0.59885,42.89726],[-0.59979,42.8976],[-0.60138,42.89803],[-0.60163,42.89833],[-0.602,42.89859],[-0.60237,42.89914],[-0.60251,42.89985],[-0.60273,42.89998],[-0.60304,42.89995],[-0.60333,42.9001],[-0.60371,42.90054],[-0.60556,42.9019],[-0.60579,42.90232],[-0.6057,42.90273],[-0.60577,42.9029],[-0.60628,42.90293],[-0.60688,42.90309],[-0.60743,42.90299],[-0.60801,42.90274],[-0.60883,42.90189],[-0.61052,42.90051],[-0.61077,42.90015],[-0.61128,42.8986],[-0.61168,42.89814],[-0.61248,42.89772],[-0.61306,42.89722],[-0.61351,42.89697],[-0.61472,42.89678],[-0.61527,42.89658],[-0.61587,42.89674],[-0.61634,42.89662],[-0.61666,42.89595],[-0.61751,42.89497],[-0.61774,42.89409],[-0.61805,42.89333],[-0.6184,42.89278],[-0.6188,42.89246],[-0.61969,42.89219],[-0.62111,42.8923],[-0.62254,42.89216],[-0.62331,42.89192],[-0.6242,42.89203],[-0.62471,42.89192],[-0.62494,42.89154],[-0.62512,42.89083],[-0.62502,42.88975],[-0.62516,42.88909],[-0.62555,42.88882],[-0.62726,42.88846],[-0.62776,42.88799],[-0.6294,42.88689],[-0.62963,42.88649],[-0.62966,42.88628],[-0.62948,42.88583],[-0.62945,42.8855],[-0.62912,42.885],[-0.62908,42.88466],[-0.62939,42.88441],[-0.63018,42.88415],[-0.63055,42.88389],[-0.63126,42.8822]],[[-0.66094,42.8822],[-0.66109,42.88248],[-0.66174,42.88326],[-0.66218,42.88358],[-0.66301,42.88387],[-0.66361,42.88385],[-0.66476,42.88443],[-0.66504,42.88465],[-0.66505,42.88476],[-0.66489,42.88498],[-0.66375,42.88536],[-0.66327,42.88574],[-0.66271,42.88603],[-0.66222,42.8865],[-0.66203,42.88694],[-0.66165,42.88748],[-0.66081,42.88765],[-0.66026,42.88791],[-0.66013,42.88804],[-0.66006,42.88836],[-0.65894,42.8893],[-0.65878,42.88937],[-0.65813,42.88936],[-0.65775,42.88946],[-0.65738,42.88969],[-0.65665,42.89052],[-0.65606,42.89138],[-0.65636,42.89183],[-0.65697,42.89212],[-0.65703,42.89245],[-0.65722,42.89274],[-0.65737,42.89322],[-0.65734,42.89339],[-0.65696,42.89391],[-0.65693,42.89425],[-0.65717,42.89449],[-0.65844,42.89474],[-0.65933,42.89554],[-0.65968,42.89597],[-0.66004,42.89598],[-0.6603,42.89589],[-0.66052,42.89565],[-0.66141,42.89394],[-0.66213,42.89294],[-0.66247,42.89279],[-0.66392,42.89268],[-0.66448,42.89273],[-0.66459,42.89331],[-0.66478,42.89356],[-0.66531,42.89382],[-0.66585,42.89423],[-0.66665,42.89446]],[[-0.64771,42.8822],[-0.64722,42.88248],[-0.6472,42.88275],[-0.64748,42.88309],[-0.64805,42.8833],[-0.64831,42.88361],[-0.64835,42.88395],[-0.64824,42.88471],[-0.64831,42.88498],[-0.64916,42.88525],[-0.65017,42.88543],[-0.65054,42.88526],[-0.65058,42.88492],[-0.65049,42.8844],[-0.65073,42.88388],[-0.65166,42.88332],[-0.65161,42.88265],[-0.65166,42.88249],[-0.65194,42.8822]]]}},{"type":"Feature","properties":{"ele":1660},"geometry":{"type":"MultiLineString","coordinates":[[[-0.55683,42.94609],[-0.55653,42.94558],[-0.55656,42.94532],[-0.55701,42.945],[-0.55719,42.94455],[-0.55762,42.94416],[-0.55772,42.94388],[-0.55769,42.9436],[-0.55739,42.94301],[-0.5572,42.94234],[-0.55719,42.94163],[-0.55751,42.94137],[-0.55765,42.94076],[-0.55805,42.94041],[-0.55885,42.9394],[-0.55889,42.93888],[-0.55882,42.93846],[-0.55903,42.93777],[-0.55885,42.93749],[-0.55812,42.93716],[-0.55757,42.9371],[-0.5572,42.93716],[-0.55694,42.93748],[-0.55677,42.93755],[-0.55472,42.93808],[-0.55418,42.93831],[-0.55406,42.93861],[-0.55415,42.93914],[-0.55405,42.93936],[-0.55306,42.94007],[-0.55278,42.94013],[-0.5516,42.9401],[-0.55026,42.93919],[-0.55019,42.93905],[-0.54994,42.9376],[-0.54996,42.93729],[-0.55011,42.93693],[-0.55057,42.93664],[-0.55026,42.93609],[-0.55019,42.93579],[-0.55024,42.9355],[-0.55047,42.93524],[-0.55054,42.93497],[-0.55026,42.93481],[-0.54997,42.93505],[-0.54911,42.93524],[-0.54861,42.93554],[-0.54848,42.93582],[-0.54869,42.93638],[-0.54721,42.9372],[-0.54609,42.93793]],[[-0.55497,42.94609],[-0.55458,42.94525],[-0.55418,42.94495],[-0.55382,42.94489],[-0.55308,42.945],[-0.55106,42.94609]],[[-0.54609,42.92674],[-0.54638,42.92665],[-0.5469,42.92599],[-0.5478,42.92581],[-0.54797,42.92548],[-0.54794,42.92498],[-0.54807,42.92486],[-0.54942,42.92435],[-0.55063,42.92402],[-0.55188,42.92404],[-0.55284,42.92419],[-0.55303,42.92414],[-0.55314,42.92381],[-0.55307,42.92356],[-0.55285,42.92343],[-0.55084,42.92274],[-0.54938,42.92195],[-0.54861,42.92181],[-0.54729,42.92172],[-0.54609,42.92178]],[[-0.59998,42.91754],[-0.60024,42.91745],[-0.60044,42.91728],[-0.60071,42.91684],[-0.60152,42.91612],[-0.6016,42.91583],[-0.6014,42.91551],[-0.60107,42.9155],[-0.60064,42.91584],[-0.59995,42.91661],[-0.59937,42.91687],[-0.59932,42.91725],[-0.59942,42.91763],[-0.59962,42.91766],[-0.59998,42.91754]],[[-0.60137,42.91486],[-0.60151,42.91458],[-0.60139,42.91378],[-0.6014,42.913],[-0.60111,42.91246],[-0.60084,42.91241],[-0.6008,42.91249],[-0.60102,42.91284],[-0.60096,42.9135],[-0.60051,42.91413],[-0.60043,42.91447],[-0.60055,42.91469],[-0.6008,42.91481],[-0.60108,42.91489],[-0.60137,42.91486]],[[-0.60054,42.91192],[-0.60063,42.91168],[-0.60055,42.91161],[-0.60046,42.91166],[-0.60054,42.91192]],[[-0.60137,42.90917],[-0.60202,42.90893],[-0.60283,42.90833],[-0.60296,42.90787],[-0.60276,42.90747],[-0.60222,42.90751],[-0.60184,42.90773],[-0.6016,42.90798],[-0.601,42.90912],[-0.6011,42.90923],[-0.60137,42.90917]],[[-0.60385,42.8822],[-0.6039,42.88335],[-0.60361,42.88389],[-0.60266,42.88471],[-0.60251,42.88501],[-0.60246,42.88532],[-0.60256,42.88555],[-0.60342,42.88634],[-0.60341,42.88704],[-0.60351,42.88747],[-0.60368,42.88774],[-0.60434,42.88811],[-0.60537,42.88823],[-0.60624,42.8891],[-0.60622,42.88923],[-0.60562,42.88977],[-0.60522,42.88995],[-0.60424,42.89012],[-0.60361,42.8904],[-0.60055,42.89071],[-0.60046,42.89084],[-0.60057,42.89145],[-0.60038,42.89221],[-0.5989,42.8928],[-0.59851,42.89284],[-0.59712,42.89273],[-0.59587,42.8928],[-0.59363,42.89246],[-0.59212,42.89253],[-0.59076,42.89233],[-0.59051,42.89242],[-0.59036,42.89281],[-0.59008,42.89306],[-0.58936,42.89328],[-0.58883,42.89354],[-0.58831,42.89358],[-0.58746,42.89386],[-0.58708,42.89423],[-0.58704,42.8945],[-0.58765,42.89498],[-0.5882,42.89511],[-0.58927,42.89509],[-0.59066,42.89488],[-0.59229,42.89488],[-0.59252,42.89496],[-0.59326,42.89556],[-0.59367,42.89624],[-0.59385,42.89638],[-0.59417,42.89643],[-0.59511,42.89639],[-0.5957,42.89602],[-0.59665,42.89575],[-0.59727,42.89581],[-0.59778,42.89607],[-0.59839,42.89662],[-0.59924,42.89715],[-0.59972,42.89733],[-0.60104,42.89755],[-0.60163,42.89777],[-0.60191,42.89808],[-0.60247,42.89833],[-0.60366,42.89938],[-0.60383,42.89971],[-0.60412,42.90005],[-0.6047,42.90026],[-0.60539,42.90111],[-0.60608,42.90157],[-0.60709,42.90247],[-0.6075,42.90248],[-0.60781,42.90223],[-0.60803,42.90192],[-0.60922,42.90115],[-0.61017,42.90034],[-0.61056,42.89971],[-0.61088,42.89857],[-0.61141,42.8979],[-0.61238,42.89747],[-0.61282,42.89693],[-0.61333,42.89659],[-0.61469,42.89635],[-0.61535,42.89611],[-0.61601,42.89627],[-0.61619,42.89621],[-0.61646,42.89579],[-0.6172,42.89496],[-0.61758,42.8934],[-0.61792,42.89272],[-0.6182,42.89244],[-0.61886,42.89209],[-0.61965,42.89186],[-0.62136,42.89201],[-0.62252,42.89196],[-0.62333,42.89174],[-0.6241,42.8918],[-0.62447,42.89167],[-0.62481,42.89062],[-0.62472,42.88961],[-0.62488,42.88885],[-0.62549,42.88844],[-0.62608,42.88846],[-0.62717,42.88829],[-0.62774,42.88775],[-0.62895,42.88692],[-0.62928,42.88635],[-0.62912,42.88551],[-0.62886,42.88498],[-0.62884,42.88466],[-0.62905,42.8844],[-0.62996,42.88401],[-0.63034,42.88366],[-0.63053,42.88301],[-0.63094,42.8822]],[[-0.66111,42.8822],[-0.66159,42.8828],[-0.66196,42.88299],[-0.66218,42.88332],[-0.66243,42.88347],[-0.66275,42.88359],[-0.66304,42.8836],[-0.66361,42.88338],[-0.66413,42.88387],[-0.66449,42.8841],[-0.66554,42.88441],[-0.6655,42.88495],[-0.66511,42.88525],[-0.66386,42.88552],[-0.66361,42.88583],[-0.66275,42.88629],[-0.66245,42.88662],[-0.66254,42.88694],[-0.66201,42.8875],[-0.66089,42.88802],[-0.6604,42.88858],[-0.65943,42.88914],[-0.65927,42.88947],[-0.65903,42.88955],[-0.65826,42.88953],[-0.65795,42.8896],[-0.65776,42.8897],[-0.65689,42.89052],[-0.65657,42.89101],[-0.65651,42.89136],[-0.65725,42.89193],[-0.65768,42.89333],[-0.65764,42.89358],[-0.65731,42.89385],[-0.65718,42.89416],[-0.65753,42.89437],[-0.65826,42.89451],[-0.65875,42.89468],[-0.65908,42.89505],[-0.6597,42.89554],[-0.65993,42.89563],[-0.66014,42.8956],[-0.66034,42.89544],[-0.66111,42.89388],[-0.66152,42.89331],[-0.66183,42.89269],[-0.66208,42.89246],[-0.6624,42.89239],[-0.66316,42.8925],[-0.66474,42.89245],[-0.66489,42.8927],[-0.66501,42.8933],[-0.66554,42.89358],[-0.66577,42.8939],[-0.66597,42.89402],[-0.66665,42.89409]],[[-0.64873,42.8822],[-0.64853,42.8826],[-0.64859,42.88388],[-0.64853,42.88474],[-0.64882,42.88491],[-0.64986,42.88504],[-0.65002,42.88501],[-0.65009,42.88488],[-0.65005,42.8843],[-0.65026,42.88366],[-0.65103,42.88326],[-0.65131,42.88304],[-0.6512,42.8822]]]}},{"type":"Feature","properties":{"ele":1670},"geometry":{"type":"MultiLineString","coordinates":[[[-0.55666,42.94609],[-0.55633,42.94556],[-0.55638,42.94528],[-0.55692,42.94487],[-0.55717,42.94434],[-0.55738,42.94411],[-0.55746,42.94367],[-0.55705,42.94239],[-0.55699,42.94159],[-0.55741,42.94077],[-0.55794,42.94025],[-0.55831,42.93969],[-0.55859,42.93941],[-0.55865,42.93895],[-0.55859,42.93858],[-0.55875,42.93781],[-0.55846,42.93747],[-0.55802,42.9373],[-0.55757,42.93729],[-0.55683,42.93771],[-0.55454,42.93828],[-0.55427,42.93857],[-0.55435,42.93923],[-0.5541,42.93959],[-0.55304,42.94027],[-0.55152,42.94027],[-0.55014,42.93946],[-0.54989,42.93917],[-0.54953,42.93746],[-0.54978,42.93695],[-0.55015,42.93665],[-0.55019,42.93649],[-0.54991,42.93596],[-0.54984,42.9355],[-0.54971,42.93539],[-0.54951,42.93535],[-0.54859,42.93581],[-0.54892,42.93633],[-0.54889,42.93641],[-0.54836,42.93667],[-0.54609,42.93812]],[[-0.55519,42.94609],[-0.55499,42.94551],[-0.5547,42.94506],[-0.5542,42.94479],[-0.55386,42.94474],[-0.5533,42.94476],[-0.55299,42.94485],[-0.55149,42.94558],[-0.5511,42.94581],[-0.55084,42.94609]],[[-0.54609,42.92658],[-0.54638,42.92639],[-0.54663,42.92602],[-0.54692,42.9258],[-0.54747,42.92573],[-0.54777,42.92558],[-0.54783,42.92531],[-0.54776,42.92496],[-0.54837,42.92451],[-0.54889,42.92443],[-0.55063,42.92392],[-0.5516,42.9239],[-0.55264,42.924],[-0.55284,42.92394],[-0.55292,42.92381],[-0.5528,42.92354],[-0.55063,42.92276],[-0.54931,42.92206],[-0.54861,42.92193],[-0.54729,42.92184],[-0.54609,42.9219]],[[-0.60026,42.91722],[-0.60026,42.91692],[-0.60004,42.91683],[-0.59962,42.91688],[-0.59949,42.91704],[-0.59952,42.91724],[-0.59973,42.91741],[-0.60026,42.91722]],[[-0.60109,42.9162],[-0.60123,42.91603],[-0.6011,42.91578],[-0.60094,42.91605],[-0.60109,42.9162]],[[-0.60109,42.91444],[-0.60081,42.91441],[-0.60109,42.91444]],[[-0.60193,42.9087],[-0.60248,42.9083],[-0.6026,42.90801],[-0.60253,42.90774],[-0.60219,42.90775],[-0.60168,42.90829],[-0.60164,42.90862],[-0.60193,42.9087]],[[-0.60407,42.8822],[-0.60404,42.88267],[-0.60411,42.88312],[-0.60404,42.88343],[-0.60373,42.88398],[-0.60285,42.8848],[-0.60273,42.88499],[-0.6027,42.88533],[-0.60277,42.88553],[-0.60365,42.88634],[-0.60375,42.88662],[-0.60377,42.88717],[-0.60407,42.88757],[-0.6044,42.88772],[-0.60524,42.88783],[-0.60592,42.888],[-0.60606,42.8881],[-0.60613,42.8883],[-0.60607,42.88862],[-0.60655,42.88908],[-0.60658,42.8892],[-0.6064,42.88945],[-0.60579,42.88996],[-0.60501,42.89026],[-0.60424,42.89037],[-0.60378,42.89059],[-0.60112,42.89086],[-0.60087,42.89111],[-0.60058,42.89225],[-0.59991,42.89269],[-0.59913,42.89292],[-0.59865,42.89297],[-0.59722,42.89282],[-0.59597,42.89287],[-0.59375,42.89254],[-0.59205,42.89262],[-0.5908,42.89244],[-0.59062,42.89255],[-0.59027,42.89304],[-0.58942,42.89331],[-0.58868,42.89369],[-0.58757,42.89394],[-0.58724,42.89417],[-0.58714,42.89447],[-0.58776,42.89498],[-0.5882,42.89505],[-0.58917,42.89501],[-0.59111,42.89476],[-0.59226,42.89476],[-0.59275,42.89498],[-0.59335,42.89551],[-0.59378,42.89619],[-0.59428,42.89637],[-0.59494,42.89635],[-0.59563,42.89588],[-0.59674,42.89561],[-0.59701,42.89559],[-0.59749,42.89572],[-0.59788,42.89594],[-0.59904,42.89692],[-0.59937,42.89709],[-0.5999,42.89726],[-0.60118,42.89742],[-0.60197,42.89772],[-0.60219,42.89804],[-0.60276,42.89831],[-0.60331,42.89886],[-0.60382,42.89918],[-0.60433,42.8998],[-0.60494,42.90003],[-0.60559,42.9005],[-0.60598,42.9011],[-0.60667,42.90188],[-0.60695,42.90201],[-0.60725,42.902],[-0.60836,42.90149],[-0.60978,42.90052],[-0.61036,42.89967],[-0.61074,42.89853],[-0.61131,42.89772],[-0.61217,42.8974],[-0.61281,42.89672],[-0.61337,42.89639],[-0.61528,42.8959],[-0.61594,42.89602],[-0.61611,42.89598],[-0.61701,42.895],[-0.61742,42.89329],[-0.61778,42.89251],[-0.61808,42.89228],[-0.6191,42.89183],[-0.61969,42.89168],[-0.62142,42.89187],[-0.6225,42.89185],[-0.62326,42.89166],[-0.62421,42.89165],[-0.62451,42.89112],[-0.62464,42.89058],[-0.62455,42.88965],[-0.62466,42.88885],[-0.62527,42.88829],[-0.62555,42.88825],[-0.62594,42.88833],[-0.62701,42.88822],[-0.62724,42.88808],[-0.6275,42.88776],[-0.62879,42.88689],[-0.62908,42.88631],[-0.62896,42.88552],[-0.62871,42.88489],[-0.62875,42.88461],[-0.62887,42.88441],[-0.62998,42.88386],[-0.63012,42.88371],[-0.63024,42.88352],[-0.63039,42.88294],[-0.63078,42.8822]],[[-0.66137,42.8822],[-0.66166,42.88273],[-0.6621,42.88296],[-0.66244,42.88337],[-0.66292,42.88346],[-0.66354,42.88316],[-0.66378,42.88317],[-0.66403,42.88329],[-0.66412,42.88361],[-0.6644,42.88391],[-0.66494,42.88414],[-0.66559,42.88423],[-0.66575,42.88444],[-0.66567,42.88506],[-0.66554,42.88529],[-0.66394,42.88572],[-0.66294,42.88634],[-0.66276,42.88664],[-0.66281,42.88694],[-0.66271,42.88711],[-0.66191,42.88772],[-0.66126,42.88801],[-0.6611,42.88835],[-0.66087,42.88861],[-0.65969,42.88914],[-0.65942,42.88955],[-0.6591,42.88965],[-0.658,42.88967],[-0.65694,42.89059],[-0.65672,42.89096],[-0.65671,42.89131],[-0.65694,42.89157],[-0.65748,42.89193],[-0.65763,42.89273],[-0.65787,42.8935],[-0.65784,42.89362],[-0.65746,42.89385],[-0.65738,42.89415],[-0.65884,42.89462],[-0.65938,42.89511],[-0.65986,42.89538],[-0.66007,42.89538],[-0.66027,42.89527],[-0.66101,42.89384],[-0.66137,42.89331],[-0.66165,42.89248],[-0.66195,42.89229],[-0.66226,42.89222],[-0.66323,42.89235],[-0.66441,42.89225],[-0.66489,42.89235],[-0.6651,42.89249],[-0.66514,42.89309],[-0.66561,42.89349],[-0.66589,42.89384],[-0.66615,42.89398],[-0.66665,42.89398]],[[-0.64894,42.8822],[-0.64874,42.88315],[-0.6487,42.88458],[-0.64885,42.88475],[-0.64958,42.8848],[-0.64982,42.88469],[-0.64983,42.88409],[-0.65002,42.88361],[-0.65107,42.883],[-0.65096,42.8822]]]}},{"type":"Feature","properties":{"ele":1680},"geometry":{"type":"MultiLineString","coordinates":[[[-0.55648,42.94609],[-0.55617,42.94562],[-0.55615,42.94541],[-0.55637,42.94505],[-0.5569,42.94461],[-0.55712,42.94416],[-0.55726,42.9436],[-0.55689,42.94241],[-0.55681,42.94128],[-0.55689,42.94105],[-0.55771,42.94022],[-0.55833,42.93941],[-0.55841,42.93905],[-0.55837,42.9385],[-0.55847,42.93798],[-0.55841,42.93774],[-0.55827,42.9376],[-0.55806,42.93747],[-0.55774,42.93746],[-0.55698,42.93783],[-0.55563,42.93808],[-0.55475,42.93834],[-0.55441,42.93858],[-0.55442,42.93887],[-0.55458,42.93919],[-0.55451,42.93948],[-0.55409,42.93985],[-0.55316,42.94039],[-0.55288,42.94048],[-0.55136,42.9404],[-0.54965,42.93944],[-0.5494,42.93916],[-0.54953,42.93874],[-0.54919,42.93739],[-0.54976,42.93638],[-0.54942,42.93567],[-0.54914,42.93571],[-0.54892,42.93584],[-0.54891,42.93603],[-0.54904,42.93634],[-0.54889,42.93657],[-0.54827,42.93686],[-0.54665,42.93803],[-0.54609,42.9383]],[[-0.55539,42.94609],[-0.55524,42.94555],[-0.5549,42.94494],[-0.55434,42.94463],[-0.5534,42.94459],[-0.55297,42.94466],[-0.55128,42.94547],[-0.55079,42.94579],[-0.55064,42.94609]],[[-0.54609,42.92644],[-0.54665,42.92579],[-0.54695,42.92565],[-0.54754,42.92554],[-0.54766,42.9253],[-0.54776,42.92469],[-0.5483,42.92434],[-0.54892,42.92427],[-0.55055,42.92384],[-0.55229,42.9238],[-0.55247,42.92374],[-0.55254,42.92361],[-0.55039,42.92277],[-0.54916,42.92214],[-0.54726,42.92196],[-0.54609,42.92202]],[[-0.59971,42.91724],[-0.59986,42.91719],[-0.5997,42.91713],[-0.59971,42.91724]],[[-0.60443,42.8822],[-0.60425,42.88263],[-0.60429,42.88326],[-0.60408,42.88375],[-0.6038,42.88413],[-0.60301,42.88489],[-0.60294,42.88527],[-0.60305,42.88553],[-0.60431,42.8867],[-0.60443,42.88692],[-0.60431,42.88714],[-0.60434,42.88725],[-0.60473,42.88747],[-0.60563,42.88758],[-0.60632,42.88785],[-0.60653,42.88803],[-0.60665,42.88832],[-0.60726,42.88875],[-0.6073,42.8889],[-0.60716,42.88911],[-0.6062,42.88997],[-0.60521,42.89042],[-0.60434,42.89059],[-0.6038,42.89079],[-0.60233,42.89082],[-0.60126,42.89105],[-0.60116,42.89118],[-0.60103,42.89163],[-0.60082,42.89192],[-0.60078,42.89221],[-0.60055,42.89253],[-0.60007,42.89286],[-0.59952,42.89303],[-0.59892,42.89309],[-0.59754,42.89291],[-0.59597,42.89293],[-0.59375,42.8926],[-0.59201,42.89271],[-0.59104,42.89258],[-0.5908,42.89265],[-0.5903,42.89309],[-0.5894,42.89341],[-0.5886,42.89386],[-0.58802,42.8939],[-0.58752,42.89407],[-0.58733,42.8943],[-0.58734,42.89448],[-0.58781,42.89487],[-0.5882,42.89499],[-0.5911,42.89468],[-0.59229,42.89467],[-0.59289,42.89495],[-0.5935,42.89554],[-0.59384,42.89612],[-0.59427,42.89625],[-0.59495,42.89617],[-0.59552,42.89572],[-0.59583,42.89557],[-0.59695,42.89546],[-0.59748,42.89555],[-0.59801,42.89583],[-0.59942,42.89701],[-0.6,42.89717],[-0.60142,42.89728],[-0.60215,42.89752],[-0.6033,42.89862],[-0.60409,42.89913],[-0.60445,42.89946],[-0.60534,42.89997],[-0.60575,42.90033],[-0.60673,42.90166],[-0.60698,42.90181],[-0.60733,42.90178],[-0.60868,42.90111],[-0.60973,42.90029],[-0.61012,42.89971],[-0.61066,42.89837],[-0.61113,42.89765],[-0.6121,42.89723],[-0.61268,42.8966],[-0.6136,42.89609],[-0.61517,42.89571],[-0.61601,42.89575],[-0.61642,42.89549],[-0.61687,42.89494],[-0.61722,42.89332],[-0.61753,42.8925],[-0.61785,42.89218],[-0.61898,42.89169],[-0.61965,42.89155],[-0.62142,42.89172],[-0.62247,42.89174],[-0.62323,42.89155],[-0.62389,42.89156],[-0.62416,42.89147],[-0.62434,42.89114],[-0.62446,42.89056],[-0.62447,42.88995],[-0.62436,42.88967],[-0.62447,42.88916],[-0.6244,42.88884],[-0.62531,42.88811],[-0.6266,42.88816],[-0.62698,42.8881],[-0.62806,42.8872],[-0.62859,42.88692],[-0.62888,42.88636],[-0.62882,42.88562],[-0.62859,42.88499],[-0.62858,42.88463],[-0.62879,42.88434],[-0.62974,42.88388],[-0.63004,42.88363],[-0.63019,42.88301],[-0.63058,42.8822]],[[-0.66169,42.8822],[-0.66173,42.88251],[-0.6622,42.88283],[-0.66255,42.8833],[-0.66287,42.88333],[-0.6635,42.88298],[-0.66381,42.88299],[-0.66431,42.88325],[-0.66436,42.88362],[-0.66464,42.88391],[-0.66511,42.88401],[-0.66576,42.88396],[-0.66607,42.88409],[-0.66587,42.88502],[-0.6655,42.8855],[-0.66416,42.88579],[-0.66324,42.88632],[-0.66314,42.88649],[-0.66307,42.88696],[-0.66293,42.8872],[-0.66211,42.88777],[-0.66151,42.88802],[-0.6613,42.88859],[-0.66105,42.88883],[-0.65997,42.88914],[-0.6597,42.88962],[-0.65956,42.88971],[-0.65832,42.88969],[-0.65812,42.88975],[-0.65692,42.89076],[-0.65682,42.89107],[-0.65686,42.89135],[-0.65766,42.89195],[-0.65778,42.8927],[-0.65796,42.89305],[-0.65808,42.89356],[-0.65765,42.89386],[-0.6576,42.89413],[-0.6586,42.89442],[-0.65903,42.89465],[-0.65942,42.89499],[-0.65986,42.89517],[-0.66003,42.89515],[-0.66058,42.89446],[-0.66118,42.89337],[-0.66129,42.89272],[-0.66153,42.89223],[-0.66166,42.89209],[-0.66188,42.89206],[-0.66353,42.89221],[-0.66448,42.89206],[-0.66514,42.89219],[-0.66547,42.89247],[-0.6653,42.8928],[-0.66533,42.89303],[-0.66607,42.89386],[-0.66665,42.89388]],[[-0.64912,42.8822],[-0.6491,42.88267],[-0.64891,42.88319],[-0.64883,42.88441],[-0.64891,42.88452],[-0.6492,42.88456],[-0.64951,42.88446],[-0.64963,42.88387],[-0.64994,42.8834],[-0.65063,42.88305],[-0.65084,42.88286],[-0.65089,42.88266],[-0.65077,42.8822]]]}},{"type":"Feature","properties":{"ele":1690},"geometry":{"type":"MultiLineString","coordinates":[[[-0.55631,42.94609],[-0.55601,42.94564],[-0.55599,42.94541],[-0.55623,42.94497],[-0.55666,42.94471],[-0.55682,42.94447],[-0.55707,42.94343],[-0.55673,42.94232],[-0.55662,42.94107],[-0.55808,42.9394],[-0.55816,42.93912],[-0.55812,42.93857],[-0.5582,42.93808],[-0.55803,42.93779],[-0.55776,42.93775],[-0.55698,42.93798],[-0.55576,42.93817],[-0.55524,42.9383],[-0.5547,42.93857],[-0.55464,42.93886],[-0.55485,42.9393],[-0.55481,42.9395],[-0.5544,42.93988],[-0.55361,42.9404],[-0.55292,42.94066],[-0.55108,42.94056],[-0.55051,42.94014],[-0.54898,42.93942],[-0.54894,42.93916],[-0.54918,42.93856],[-0.54882,42.93729],[-0.54883,42.93717],[-0.54905,42.93694],[-0.54894,42.93685],[-0.54848,42.93689],[-0.54693,42.93803],[-0.54609,42.93847]],[[-0.55558,42.94609],[-0.55524,42.94499],[-0.55483,42.94457],[-0.55443,42.94442],[-0.55323,42.94444],[-0.55271,42.9446],[-0.5511,42.94534],[-0.55052,42.94578],[-0.55043,42.94609]],[[-0.54915,42.93614],[-0.54921,42.93609],[-0.54916,42.93603],[-0.54915,42.93614]],[[-0.54609,42.92627],[-0.54667,42.92558],[-0.5475,42.92532],[-0.54762,42.92467],[-0.54826,42.9242],[-0.54888,42.92414],[-0.55052,42.92378],[-0.55206,42.92359],[-0.55005,42.92275],[-0.54943,42.92238],[-0.54903,42.92223],[-0.54719,42.92207],[-0.54609,42.92213]],[[-0.60488,42.8822],[-0.60451,42.88256],[-0.6045,42.88319],[-0.60426,42.8838],[-0.60324,42.88491],[-0.60319,42.88527],[-0.60331,42.88554],[-0.60418,42.88633],[-0.60528,42.88691],[-0.60555,42.88719],[-0.60681,42.88775],[-0.60719,42.88812],[-0.60779,42.8883],[-0.60812,42.88852],[-0.60804,42.88887],[-0.60772,42.88913],[-0.60711,42.88941],[-0.60667,42.89002],[-0.60534,42.8906],[-0.60439,42.89078],[-0.60361,42.89109],[-0.60254,42.89097],[-0.60168,42.8911],[-0.60139,42.89138],[-0.60063,42.89276],[-0.60025,42.89302],[-0.59996,42.89311],[-0.59917,42.89321],[-0.59764,42.89299],[-0.59611,42.89301],[-0.59379,42.89266],[-0.59274,42.8927],[-0.59198,42.89281],[-0.59112,42.8927],[-0.59024,42.89319],[-0.58923,42.89357],[-0.58865,42.89399],[-0.58802,42.89401],[-0.58767,42.89411],[-0.58754,42.89433],[-0.58761,42.89454],[-0.58792,42.89479],[-0.58826,42.89487],[-0.59191,42.89455],[-0.59277,42.89469],[-0.59362,42.89552],[-0.59387,42.89598],[-0.59421,42.89613],[-0.59472,42.89609],[-0.5955,42.89549],[-0.59576,42.8954],[-0.59701,42.89534],[-0.59776,42.89551],[-0.59811,42.89572],[-0.59946,42.89692],[-0.60011,42.89708],[-0.60167,42.89714],[-0.60248,42.89744],[-0.60272,42.89779],[-0.60357,42.89859],[-0.60583,42.90012],[-0.6069,42.90154],[-0.60708,42.90162],[-0.60733,42.90159],[-0.60832,42.90109],[-0.6095,42.90028],[-0.60994,42.89965],[-0.61051,42.89827],[-0.61107,42.89746],[-0.61191,42.89717],[-0.61274,42.89635],[-0.61383,42.89579],[-0.61494,42.89552],[-0.61597,42.8956],[-0.61643,42.89532],[-0.61674,42.89485],[-0.61692,42.89384],[-0.61731,42.8925],[-0.6175,42.89222],[-0.61781,42.89198],[-0.61886,42.89155],[-0.61938,42.89144],[-0.62007,42.8914],[-0.62146,42.89159],[-0.6225,42.89162],[-0.62323,42.89143],[-0.62384,42.89142],[-0.62403,42.89134],[-0.62417,42.89113],[-0.62425,42.89058],[-0.62426,42.89],[-0.62413,42.88968],[-0.6243,42.88875],[-0.625,42.88807],[-0.62523,42.88796],[-0.62664,42.88804],[-0.6269,42.88799],[-0.62861,42.88666],[-0.62871,42.88624],[-0.62866,42.88559],[-0.62844,42.88485],[-0.62849,42.88451],[-0.62881,42.8842],[-0.62988,42.88362],[-0.63002,42.88301],[-0.63042,42.8822]],[[-0.66192,42.8822],[-0.66191,42.88248],[-0.66245,42.88276],[-0.66273,42.88309],[-0.66307,42.88305],[-0.66296,42.88276],[-0.6632,42.88271],[-0.66413,42.88291],[-0.66444,42.88303],[-0.66459,42.88319],[-0.66465,42.88333],[-0.6646,42.88361],[-0.66476,42.88377],[-0.66528,42.88382],[-0.66588,42.88348],[-0.66611,42.88343],[-0.66641,42.88359],[-0.66652,42.88385],[-0.66649,42.88405],[-0.66609,42.88469],[-0.66598,42.8852],[-0.66572,42.88553],[-0.66545,42.88568],[-0.66445,42.88582],[-0.6635,42.88634],[-0.66315,42.88725],[-0.662,42.88801],[-0.66194,42.88832],[-0.66141,42.88888],[-0.66026,42.88928],[-0.65999,42.88971],[-0.65972,42.88983],[-0.65823,42.88984],[-0.65707,42.89075],[-0.65693,42.89109],[-0.657,42.89131],[-0.65779,42.89186],[-0.65792,42.89263],[-0.65815,42.89306],[-0.65821,42.89359],[-0.65787,42.89385],[-0.65788,42.89408],[-0.65795,42.89416],[-0.6586,42.8943],[-0.65952,42.89485],[-0.65999,42.89498],[-0.66013,42.89464],[-0.66056,42.89424],[-0.66102,42.89343],[-0.66109,42.89315],[-0.66103,42.89271],[-0.66111,42.8925],[-0.66145,42.89196],[-0.66171,42.89185],[-0.6634,42.89201],[-0.66445,42.89187],[-0.66525,42.89187],[-0.6656,42.89207],[-0.6661,42.89219],[-0.66587,42.89249],[-0.66552,42.89274],[-0.66555,42.89288],[-0.66608,42.89365],[-0.66636,42.89377],[-0.66665,42.89378]],[[-0.6493,42.8822],[-0.64927,42.8827],[-0.64907,42.88322],[-0.64915,42.88389],[-0.64943,42.88368],[-0.6497,42.88328],[-0.65064,42.88279],[-0.65068,42.88256],[-0.6506,42.8822]]]}},{"type":"Feature","properties":{"ele":1710},"geometry":{"type":"MultiLineString","coordinates":[[[-0.55004,42.94609],[-0.55021,42.94551],[-0.55082,42.94507],[-0.55164,42.94459],[-0.55303,42.94414],[-0.55386,42.94415],[-0.5549,42.94403],[-0.55526,42.94419],[-0.55582,42.94478],[-0.55646,42.94445],[-0.55666,42.94331],[-0.55643,42.94246],[-0.55621,42.94086],[-0.55637,42.94053],[-0.55711,42.93997],[-0.55753,42.93944],[-0.55758,42.93902],[-0.55747,42.93833],[-0.55665,42.93831],[-0.55587,42.9384],[-0.5555,42.93856],[-0.55544,42.93881],[-0.55548,42.93944],[-0.55538,42.93973],[-0.55475,42.94027],[-0.55431,42.94042],[-0.55333,42.94096],[-0.55295,42.94107],[-0.55222,42.9409],[-0.55084,42.94092],[-0.55025,42.94044],[-0.54979,42.94018],[-0.54934,42.94004],[-0.54836,42.93993],[-0.54824,42.9397],[-0.54818,42.93899],[-0.54846,42.93826],[-0.54832,42.93788],[-0.54813,42.93776],[-0.54803,42.93775],[-0.54609,42.93888]],[[-0.5485,42.94609],[-0.54795,42.94589],[-0.54747,42.94585],[-0.54621,42.94609]],[[-0.54609,42.92576],[-0.54628,42.9255],[-0.54664,42.92526],[-0.54723,42.92505],[-0.54735,42.92458],[-0.54816,42.92395],[-0.55095,42.92355],[-0.55084,42.9233],[-0.5489,42.92246],[-0.54719,42.9223],[-0.54609,42.92235]],[[-0.60625,42.8822],[-0.60513,42.88249],[-0.60498,42.88276],[-0.6047,42.88385],[-0.60375,42.88492],[-0.6037,42.88517],[-0.60386,42.88554],[-0.60438,42.88611],[-0.60486,42.8863],[-0.60576,42.88646],[-0.60611,42.88663],[-0.60668,42.88713],[-0.60779,42.88745],[-0.60875,42.88828],[-0.60883,42.88864],[-0.60863,42.88914],[-0.60775,42.88969],[-0.60771,42.88999],[-0.60751,42.89026],[-0.60694,42.89053],[-0.60618,42.8906],[-0.60545,42.891],[-0.60462,42.89113],[-0.60372,42.89143],[-0.60257,42.89126],[-0.60209,42.89133],[-0.60198,42.89142],[-0.60163,42.89218],[-0.6011,42.89287],[-0.60076,42.89315],[-0.60017,42.8934],[-0.59958,42.89345],[-0.59833,42.89323],[-0.59611,42.89314],[-0.59386,42.89278],[-0.59271,42.89283],[-0.59188,42.89302],[-0.59122,42.89297],[-0.5896,42.89359],[-0.58924,42.89392],[-0.58913,42.89443],[-0.59028,42.89457],[-0.59223,42.8944],[-0.59318,42.89472],[-0.59345,42.89496],[-0.59358,42.89526],[-0.5939,42.89551],[-0.59406,42.89581],[-0.59424,42.89588],[-0.59463,42.89579],[-0.59499,42.89553],[-0.59518,42.89524],[-0.59542,42.89518],[-0.59701,42.89514],[-0.59779,42.89525],[-0.59833,42.89552],[-0.59918,42.89634],[-0.59986,42.89682],[-0.60024,42.89689],[-0.60194,42.89689],[-0.60236,42.89697],[-0.60278,42.89717],[-0.60361,42.89818],[-0.60496,42.89915],[-0.60589,42.89971],[-0.60646,42.90021],[-0.60722,42.90108],[-0.60751,42.9011],[-0.60833,42.90054],[-0.60906,42.90022],[-0.60945,42.89983],[-0.60972,42.89943],[-0.6103,42.89807],[-0.61084,42.89723],[-0.61172,42.89692],[-0.61253,42.89613],[-0.61379,42.89541],[-0.61476,42.89515],[-0.6157,42.89532],[-0.61611,42.89526],[-0.61637,42.89496],[-0.61646,42.89468],[-0.61658,42.89381],[-0.61694,42.89232],[-0.61738,42.89178],[-0.6177,42.89154],[-0.61802,42.89139],[-0.61938,42.89113],[-0.62052,42.89115],[-0.62142,42.89133],[-0.62254,42.89135],[-0.62358,42.89107],[-0.62372,42.89075],[-0.62377,42.89034],[-0.62355,42.88965],[-0.62377,42.88912],[-0.62382,42.88854],[-0.62514,42.88766],[-0.62611,42.88762],[-0.62667,42.88773],[-0.62695,42.88765],[-0.62746,42.88733],[-0.62794,42.88686],[-0.62832,42.88664],[-0.62841,42.88628],[-0.62837,42.8855],[-0.62817,42.88489],[-0.62823,42.88442],[-0.62852,42.88411],[-0.6296,42.88357],[-0.62964,42.88336],[-0.62953,42.88299],[-0.63,42.88255],[-0.63014,42.8822]],[[-0.66665,42.88461],[-0.66632,42.88526],[-0.66583,42.8859],[-0.66552,42.88598],[-0.66469,42.886],[-0.66385,42.88635],[-0.66366,42.88676],[-0.6636,42.8875],[-0.66347,42.8877],[-0.66278,42.88804],[-0.66167,42.88915],[-0.66078,42.88948],[-0.66053,42.88967],[-0.66031,42.89006],[-0.66014,42.89015],[-0.65986,42.89016],[-0.65884,42.88995],[-0.65835,42.88999],[-0.65739,42.89075],[-0.65725,42.89103],[-0.65748,42.89136],[-0.6578,42.8915],[-0.65801,42.89171],[-0.6582,42.89253],[-0.65864,42.89332],[-0.65863,42.89361],[-0.65842,42.89388],[-0.65942,42.8944],[-0.65971,42.89443],[-0.66028,42.89416],[-0.66075,42.89349],[-0.66084,42.89327],[-0.66071,42.89263],[-0.66079,42.8919],[-0.66129,42.8916],[-0.66181,42.89151],[-0.66288,42.89167],[-0.66483,42.89145],[-0.66556,42.89125],[-0.66625,42.89143],[-0.66654,42.89167],[-0.66656,42.89218],[-0.66647,42.89247],[-0.66618,42.89277],[-0.66608,42.89303],[-0.66635,42.89348],[-0.66665,42.89359]],[[-0.58832,42.8945],[-0.58843,42.89441],[-0.58801,42.89442],[-0.58832,42.8945]],[[-0.66236,42.8822],[-0.66257,42.88229],[-0.6632,42.88235],[-0.6636,42.88254],[-0.66389,42.88258],[-0.66459,42.88247],[-0.66478,42.8822]],[[-0.64964,42.8822],[-0.64968,42.88256],[-0.6499,42.88264],[-0.65026,42.88248],[-0.65026,42.8822]]]}},{"type":"Feature","properties":{"ele":1720},"geometry":{"type":"MultiLineString","coordinates":[[[-0.54987,42.94609],[-0.54997,42.9455],[-0.55053,42.94504],[-0.5515,42.94442],[-0.55248,42.94414],[-0.55309,42.94401],[-0.55382,42.94399],[-0.55483,42.94377],[-0.55528,42.94386],[-0.55558,42.94409],[-0.55583,42.94442],[-0.55607,42.94448],[-0.55624,42.94443],[-0.55634,42.94419],[-0.55643,42.94305],[-0.55627,42.94249],[-0.55629,42.94211],[-0.55602,42.9408],[-0.55611,42.94055],[-0.55637,42.94022],[-0.55696,42.93984],[-0.55714,42.93962],[-0.55722,42.93942],[-0.55707,42.93915],[-0.55709,42.93862],[-0.55696,42.93852],[-0.5566,42.93846],[-0.55577,42.93857],[-0.55567,42.93881],[-0.55575,42.93919],[-0.55572,42.93967],[-0.55515,42.94026],[-0.55389,42.94081],[-0.55336,42.94113],[-0.55299,42.94123],[-0.55219,42.94105],[-0.55077,42.94112],[-0.54999,42.94053],[-0.54946,42.94029],[-0.54831,42.94025],[-0.54813,42.94016],[-0.54797,42.93997],[-0.54788,42.93905],[-0.54806,42.93832],[-0.54802,42.93826],[-0.54746,42.9383],[-0.54646,42.93881],[-0.54609,42.9391]],[[-0.54878,42.94609],[-0.54803,42.94576],[-0.54767,42.94569],[-0.54663,42.9458],[-0.54609,42.94598]],[[-0.54609,42.92548],[-0.54661,42.92511],[-0.54696,42.92498],[-0.54727,42.92447],[-0.54803,42.92385],[-0.55027,42.92359],[-0.55046,42.92334],[-0.54917,42.9227],[-0.54865,42.92253],[-0.54719,42.92241],[-0.54609,42.92245]],[[-0.60746,42.8822],[-0.60674,42.88241],[-0.60584,42.88242],[-0.60526,42.88269],[-0.60485,42.88399],[-0.60444,42.8847],[-0.60403,42.88496],[-0.60395,42.88524],[-0.60409,42.8856],[-0.6045,42.88601],[-0.60493,42.88618],[-0.60576,42.88621],[-0.60616,42.88632],[-0.60689,42.88693],[-0.60809,42.88743],[-0.609,42.88826],[-0.60905,42.88867],[-0.60889,42.88913],[-0.60823,42.88968],[-0.60814,42.89],[-0.60793,42.89028],[-0.60721,42.89061],[-0.60629,42.89072],[-0.60559,42.89113],[-0.60389,42.89161],[-0.60354,42.89162],[-0.60261,42.8914],[-0.6024,42.89143],[-0.60217,42.89159],[-0.60198,42.89225],[-0.60125,42.89302],[-0.60082,42.89331],[-0.60015,42.89356],[-0.5997,42.89359],[-0.59842,42.89331],[-0.59618,42.89322],[-0.5941,42.89286],[-0.5933,42.89285],[-0.59261,42.89292],[-0.59188,42.89312],[-0.59108,42.89313],[-0.59053,42.89327],[-0.58984,42.89358],[-0.58961,42.89379],[-0.58951,42.89402],[-0.58959,42.89426],[-0.58971,42.89442],[-0.59031,42.89451],[-0.59111,42.89446],[-0.59195,42.89429],[-0.59226,42.89432],[-0.59333,42.8947],[-0.59366,42.89496],[-0.59378,42.89526],[-0.59412,42.89564],[-0.59431,42.89573],[-0.59474,42.89555],[-0.59495,42.89523],[-0.59549,42.89507],[-0.59722,42.89507],[-0.59805,42.89525],[-0.59847,42.8955],[-0.59942,42.89637],[-0.59997,42.89675],[-0.60191,42.89676],[-0.60274,42.89693],[-0.60307,42.89717],[-0.60377,42.89809],[-0.60582,42.89946],[-0.60736,42.90066],[-0.60761,42.90072],[-0.60878,42.90019],[-0.60936,42.89972],[-0.61017,42.89796],[-0.61054,42.89729],[-0.61072,42.89712],[-0.61168,42.89676],[-0.61241,42.89604],[-0.61365,42.89528],[-0.6147,42.89497],[-0.6157,42.89517],[-0.61613,42.89503],[-0.61634,42.89451],[-0.6164,42.89384],[-0.61677,42.89232],[-0.61694,42.89198],[-0.61748,42.89132],[-0.61785,42.89117],[-0.61844,42.89116],[-0.61941,42.89098],[-0.62063,42.89104],[-0.62142,42.89121],[-0.62257,42.89121],[-0.62307,42.89109],[-0.62332,42.89094],[-0.62345,42.89075],[-0.62353,42.89034],[-0.62331,42.88971],[-0.62332,42.88946],[-0.62368,42.8885],[-0.62416,42.88803],[-0.62524,42.88747],[-0.62612,42.88745],[-0.62667,42.88758],[-0.62696,42.88752],[-0.62736,42.88729],[-0.62808,42.88665],[-0.62826,42.88631],[-0.62822,42.88551],[-0.62803,42.88498],[-0.6281,42.88443],[-0.62829,42.88412],[-0.62932,42.88355],[-0.62943,42.88331],[-0.62932,42.88297],[-0.62987,42.88251],[-0.63001,42.8822]],[[-0.66665,42.88487],[-0.66611,42.88585],[-0.66584,42.88609],[-0.66475,42.88611],[-0.66413,42.88636],[-0.66395,42.8865],[-0.66383,42.88668],[-0.66382,42.88732],[-0.6636,42.88805],[-0.6628,42.88841],[-0.66209,42.88916],[-0.66082,42.8897],[-0.66054,42.89025],[-0.66004,42.89036],[-0.65927,42.89011],[-0.65851,42.89005],[-0.65823,42.89017],[-0.6575,42.89081],[-0.65743,42.89105],[-0.65811,42.89162],[-0.65835,42.89244],[-0.6588,42.89333],[-0.6587,42.89388],[-0.65916,42.89414],[-0.65955,42.89423],[-0.66023,42.894],[-0.66057,42.8936],[-0.6607,42.89319],[-0.66053,42.89251],[-0.66048,42.89191],[-0.6607,42.89169],[-0.66108,42.89151],[-0.66139,42.89141],[-0.66215,42.89133],[-0.66267,42.89148],[-0.66299,42.89149],[-0.66445,42.89119],[-0.66507,42.89117],[-0.6658,42.89095],[-0.66665,42.89122]],[[-0.66665,42.89343],[-0.6664,42.89328],[-0.6663,42.89305],[-0.66665,42.89256]],[[-0.66309,42.8822],[-0.66379,42.88244],[-0.6642,42.88237],[-0.66452,42.8822]]]}},{"type":"Feature","properties":{"ele":1730},"geometry":{"type":"MultiLineString","coordinates":[[[-0.54971,42.94609],[-0.5498,42.94548],[-0.54992,42.94523],[-0.55112,42.94443],[-0.5516,42.94423],[-0.55295,42.9439],[-0.55379,42.94384],[-0.55471,42.94353],[-0.55526,42.94359],[-0.55576,42.94382],[-0.55607,42.94369],[-0.55623,42.94326],[-0.55627,42.94287],[-0.55609,42.94248],[-0.55615,42.94214],[-0.55581,42.94081],[-0.55583,42.94062],[-0.5561,42.94025],[-0.55619,42.93995],[-0.55676,42.9397],[-0.55665,42.93919],[-0.5567,42.93875],[-0.55637,42.93859],[-0.55594,42.9388],[-0.55601,42.93971],[-0.55525,42.94052],[-0.55304,42.9414],[-0.55219,42.94121],[-0.5507,42.94128],[-0.55045,42.94117],[-0.54999,42.9408],[-0.54946,42.94057],[-0.5483,42.94046],[-0.54796,42.94036],[-0.54774,42.94014],[-0.54772,42.9394],[-0.54754,42.93876],[-0.54742,42.93865],[-0.54712,42.93868],[-0.54668,42.93887],[-0.54609,42.93932]],[[-0.54902,42.94609],[-0.54777,42.94552],[-0.54609,42.94583]],[[-0.54609,42.92531],[-0.54797,42.92377],[-0.54962,42.92356],[-0.5501,42.92332],[-0.54912,42.92282],[-0.54858,42.92264],[-0.54726,42.92253],[-0.54609,42.92258]],[[-0.60803,42.8822],[-0.60774,42.88238],[-0.60688,42.88259],[-0.60601,42.88257],[-0.60551,42.88274],[-0.6053,42.88311],[-0.6051,42.88392],[-0.60479,42.88476],[-0.60465,42.88493],[-0.60414,42.88526],[-0.60432,42.88564],[-0.60466,42.88594],[-0.60504,42.88606],[-0.6059,42.886],[-0.60632,42.88609],[-0.60688,42.88639],[-0.60754,42.88693],[-0.60924,42.88803],[-0.60934,42.88836],[-0.60924,42.88892],[-0.60873,42.88966],[-0.60861,42.88998],[-0.60804,42.89045],[-0.60719,42.89079],[-0.60639,42.89086],[-0.60573,42.89126],[-0.60403,42.89179],[-0.60361,42.89182],[-0.60284,42.8916],[-0.60246,42.89161],[-0.6024,42.89208],[-0.60217,42.89246],[-0.60111,42.89332],[-0.60031,42.89365],[-0.59952,42.89363],[-0.59847,42.8934],[-0.59608,42.89328],[-0.59417,42.89292],[-0.5934,42.8929],[-0.59255,42.893],[-0.59184,42.89322],[-0.59059,42.89335],[-0.59,42.89359],[-0.58988,42.89372],[-0.58974,42.89395],[-0.5898,42.89418],[-0.59003,42.8944],[-0.59035,42.89444],[-0.59105,42.89441],[-0.59195,42.89421],[-0.59226,42.89423],[-0.59352,42.89471],[-0.59388,42.89497],[-0.59413,42.89543],[-0.59441,42.89558],[-0.59486,42.89516],[-0.5955,42.89498],[-0.59736,42.89499],[-0.59792,42.89512],[-0.59866,42.89552],[-0.59936,42.89616],[-0.59971,42.89636],[-0.59997,42.89666],[-0.60222,42.89666],[-0.60302,42.89689],[-0.60332,42.8972],[-0.60365,42.89774],[-0.60398,42.89806],[-0.60462,42.89843],[-0.60662,42.89988],[-0.60764,42.90035],[-0.60795,42.90034],[-0.60863,42.90006],[-0.60917,42.89971],[-0.61026,42.8974],[-0.6106,42.89701],[-0.61163,42.89663],[-0.61277,42.89559],[-0.61361,42.89513],[-0.61465,42.89484],[-0.61566,42.89502],[-0.61594,42.89496],[-0.61617,42.89451],[-0.61623,42.89381],[-0.61659,42.89235],[-0.61682,42.89184],[-0.6173,42.89109],[-0.61771,42.89095],[-0.61851,42.89097],[-0.61941,42.89082],[-0.62066,42.89093],[-0.62136,42.89109],[-0.62254,42.89107],[-0.62312,42.89085],[-0.62325,42.89062],[-0.6233,42.89027],[-0.62309,42.88965],[-0.62308,42.88937],[-0.62359,42.88829],[-0.62384,42.88802],[-0.62504,42.88739],[-0.62608,42.88731],[-0.62674,42.88743],[-0.62734,42.88718],[-0.62809,42.88637],[-0.62807,42.88552],[-0.62789,42.88485],[-0.62805,42.88422],[-0.6283,42.88398],[-0.62903,42.88356],[-0.62918,42.88331],[-0.62911,42.88303],[-0.62914,42.88275],[-0.62973,42.88252],[-0.62987,42.8822]],[[-0.66665,42.88518],[-0.66611,42.88612],[-0.66573,42.88624],[-0.66479,42.88623],[-0.66408,42.88659],[-0.66387,42.88803],[-0.66376,42.88825],[-0.66334,42.88861],[-0.66283,42.88884],[-0.66258,42.88919],[-0.66221,42.88942],[-0.66128,42.88969],[-0.66107,42.88988],[-0.66083,42.89026],[-0.66025,42.89052],[-0.65998,42.89053],[-0.65948,42.89024],[-0.6591,42.89015],[-0.65868,42.89012],[-0.65838,42.89019],[-0.65774,42.8908],[-0.65771,42.89105],[-0.65807,42.89131],[-0.65825,42.89162],[-0.65867,42.89278],[-0.65897,42.89331],[-0.65893,42.89386],[-0.6592,42.894],[-0.65958,42.89405],[-0.66022,42.89385],[-0.66055,42.89333],[-0.66054,42.89302],[-0.66026,42.89192],[-0.6606,42.89152],[-0.66136,42.89123],[-0.66219,42.89118],[-0.66299,42.89132],[-0.66451,42.89094],[-0.66526,42.89088],[-0.66612,42.89014],[-0.66638,42.89021],[-0.66665,42.89066]],[[-0.66339,42.8822],[-0.66372,42.88231],[-0.6642,42.8822]]]}},{"type":"Feature","properties":{"ele":1740},"geometry":{"type":"MultiLineString","coordinates":[[[-0.54609,42.94572],[-0.54795,42.94535],[-0.5486,42.94581],[-0.5491,42.94602],[-0.54938,42.94604],[-0.54964,42.94582],[-0.5496,42.94544],[-0.54965,42.94522],[-0.55115,42.94427],[-0.55245,42.94385],[-0.55372,42.9437],[-0.5547,42.94331],[-0.55579,42.94346],[-0.55602,42.94323],[-0.55613,42.94279],[-0.55599,42.94248],[-0.55601,42.94215],[-0.55587,42.94161],[-0.55552,42.94075],[-0.55524,42.94076],[-0.55437,42.94104],[-0.55313,42.94155],[-0.55215,42.94138],[-0.55063,42.94146],[-0.54958,42.94086],[-0.54899,42.9407],[-0.54813,42.94064],[-0.54778,42.9405],[-0.54751,42.94019],[-0.54747,42.93942],[-0.54721,42.93897],[-0.54681,42.93903],[-0.54609,42.93953]],[[-0.54609,42.92514],[-0.54795,42.92365],[-0.54908,42.92358],[-0.5498,42.92331],[-0.54856,42.92276],[-0.54729,42.92264],[-0.54609,42.92271]],[[-0.60851,42.8822],[-0.60774,42.88263],[-0.60684,42.8828],[-0.60607,42.88275],[-0.6057,42.88289],[-0.60554,42.88302],[-0.60544,42.88326],[-0.6053,42.88397],[-0.60502,42.88484],[-0.60489,42.88501],[-0.60445,42.88527],[-0.60442,42.8855],[-0.60468,42.88582],[-0.6049,42.88589],[-0.60608,42.88584],[-0.60712,42.88617],[-0.60771,42.88675],[-0.60824,42.88701],[-0.60864,42.88742],[-0.60946,42.88767],[-0.60965,42.8878],[-0.60973,42.88805],[-0.60956,42.88891],[-0.60893,42.89],[-0.6083,42.89052],[-0.60726,42.89093],[-0.6064,42.89112],[-0.60581,42.89143],[-0.60441,42.89192],[-0.60365,42.89203],[-0.60293,42.89194],[-0.60275,42.89205],[-0.6025,42.8925],[-0.60179,42.89305],[-0.60087,42.89363],[-0.60045,42.89376],[-0.59993,42.89376],[-0.59858,42.89349],[-0.59601,42.89334],[-0.5942,42.89298],[-0.5934,42.89295],[-0.59274,42.89303],[-0.59174,42.89333],[-0.59045,42.89352],[-0.58993,42.89382],[-0.58993,42.89416],[-0.59028,42.89433],[-0.59073,42.89436],[-0.59132,42.89429],[-0.59193,42.89412],[-0.59224,42.89413],[-0.59365,42.89469],[-0.59442,42.89529],[-0.59478,42.89504],[-0.59524,42.89494],[-0.59766,42.89497],[-0.59833,42.89521],[-0.59887,42.89553],[-0.59943,42.89608],[-0.60014,42.89658],[-0.60233,42.89653],[-0.60277,42.8966],[-0.60332,42.89692],[-0.60385,42.89776],[-0.60411,42.89798],[-0.60471,42.8983],[-0.60663,42.89967],[-0.60767,42.9001],[-0.60813,42.90009],[-0.60859,42.89987],[-0.60894,42.8996],[-0.60965,42.89834],[-0.61012,42.89726],[-0.61047,42.8969],[-0.61088,42.89669],[-0.61164,42.89645],[-0.61272,42.89544],[-0.61359,42.89497],[-0.61467,42.89469],[-0.61556,42.89484],[-0.61586,42.89477],[-0.61602,42.89444],[-0.61606,42.89381],[-0.6166,42.89186],[-0.61696,42.89113],[-0.61723,42.89087],[-0.61761,42.89075],[-0.61854,42.89077],[-0.61938,42.89067],[-0.62142,42.89098],[-0.62254,42.89093],[-0.62286,42.89083],[-0.62304,42.89053],[-0.62307,42.89025],[-0.62284,42.88951],[-0.62283,42.88919],[-0.62348,42.88805],[-0.62507,42.88724],[-0.62611,42.88717],[-0.62677,42.88729],[-0.62723,42.88713],[-0.62792,42.88634],[-0.62789,42.88558],[-0.62775,42.88482],[-0.62789,42.8842],[-0.62819,42.88392],[-0.62883,42.88355],[-0.62899,42.88328],[-0.629,42.88274],[-0.62955,42.8825],[-0.62973,42.8822]],[[-0.66665,42.88562],[-0.66639,42.8861],[-0.66608,42.88629],[-0.66581,42.88637],[-0.66488,42.88633],[-0.66431,42.88664],[-0.66403,42.88763],[-0.66399,42.88835],[-0.6636,42.88887],[-0.66334,42.88904],[-0.66242,42.8895],[-0.66159,42.88981],[-0.66135,42.88996],[-0.66107,42.8903],[-0.66038,42.89067],[-0.66,42.89068],[-0.6593,42.89029],[-0.65868,42.89021],[-0.65848,42.89026],[-0.65819,42.89048],[-0.658,42.89084],[-0.65835,42.89153],[-0.65881,42.8928],[-0.65916,42.8933],[-0.65929,42.89377],[-0.65938,42.89387],[-0.65973,42.89387],[-0.66006,42.89374],[-0.66031,42.89336],[-0.66036,42.89298],[-0.66014,42.89194],[-0.66025,42.89162],[-0.66054,42.89134],[-0.66134,42.89104],[-0.66226,42.89104],[-0.66295,42.89114],[-0.66372,42.89101],[-0.66517,42.89053],[-0.66571,42.88998],[-0.66597,42.88983],[-0.66665,42.88975]]]}},{"type":"Feature","properties":{"ele":1760},"geometry":{"type":"MultiLineString","coordinates":[[[-0.54609,42.94551],[-0.54714,42.94524],[-0.54756,42.94499],[-0.54795,42.94462],[-0.54816,42.94458],[-0.54843,42.94467],[-0.54863,42.94489],[-0.54868,42.94556],[-0.54908,42.94581],[-0.54926,42.94582],[-0.5493,42.94572],[-0.54911,42.94525],[-0.5493,42.945],[-0.55078,42.94413],[-0.55226,42.94364],[-0.55354,42.94344],[-0.55462,42.9429],[-0.55548,42.94301],[-0.55567,42.94287],[-0.55575,42.94267],[-0.55555,42.94163],[-0.55525,42.94126],[-0.55413,42.94147],[-0.55306,42.94189],[-0.55257,42.94191],[-0.55191,42.94178],[-0.55063,42.94184],[-0.54927,42.94118],[-0.54773,42.94109],[-0.54714,42.94057],[-0.54693,42.93967],[-0.54663,42.93967],[-0.54609,42.9399]],[[-0.54609,42.92482],[-0.54684,42.92417],[-0.54723,42.92397],[-0.54788,42.92346],[-0.54921,42.92331],[-0.54855,42.92303],[-0.54761,42.9229],[-0.54609,42.92303]],[[-0.60924,42.8822],[-0.60892,42.88255],[-0.60803,42.88303],[-0.60695,42.88319],[-0.60615,42.88322],[-0.60591,42.88332],[-0.60578,42.88354],[-0.60552,42.88467],[-0.60505,42.88549],[-0.60524,42.88559],[-0.60622,42.88556],[-0.60721,42.88574],[-0.60802,42.8861],[-0.60893,42.88661],[-0.60914,42.88695],[-0.6099,42.88702],[-0.61026,42.8872],[-0.61039,42.88749],[-0.6105,42.88822],[-0.61044,42.88867],[-0.61001,42.88943],[-0.60958,42.88996],[-0.60859,42.89084],[-0.60694,42.89148],[-0.60629,42.8916],[-0.60498,42.8922],[-0.60466,42.89219],[-0.60335,42.89248],[-0.60304,42.89276],[-0.60246,42.89302],[-0.6011,42.89386],[-0.6008,42.89395],[-0.60011,42.89394],[-0.59865,42.89367],[-0.59632,42.89351],[-0.5942,42.89309],[-0.59344,42.89306],[-0.59271,42.8932],[-0.59195,42.89354],[-0.5906,42.89381],[-0.59048,42.89388],[-0.59051,42.89414],[-0.59094,42.8942],[-0.59138,42.89415],[-0.59193,42.89377],[-0.59203,42.89387],[-0.59441,42.8949],[-0.59556,42.89481],[-0.59698,42.89481],[-0.59804,42.89495],[-0.59917,42.89552],[-0.59967,42.89595],[-0.6,42.89608],[-0.60026,42.89637],[-0.60156,42.89642],[-0.60236,42.89624],[-0.60277,42.89629],[-0.60331,42.89655],[-0.60368,42.89686],[-0.60409,42.89754],[-0.60435,42.89779],[-0.60561,42.89859],[-0.60755,42.89963],[-0.60776,42.89972],[-0.60809,42.89972],[-0.60859,42.89941],[-0.60921,42.89832],[-0.60971,42.8972],[-0.61002,42.89683],[-0.6105,42.89655],[-0.61142,42.89624],[-0.6125,42.89526],[-0.61335,42.89476],[-0.61438,42.89445],[-0.61559,42.89445],[-0.61633,42.89155],[-0.61658,42.89105],[-0.617,42.89053],[-0.61757,42.89034],[-0.61886,42.89034],[-0.62057,42.89055],[-0.62136,42.89073],[-0.62247,42.89059],[-0.62259,42.89044],[-0.62263,42.89013],[-0.62229,42.88926],[-0.62228,42.88899],[-0.62243,42.88871],[-0.62282,42.88833],[-0.62301,42.88797],[-0.62326,42.88769],[-0.62493,42.88699],[-0.62609,42.88689],[-0.62677,42.88698],[-0.62721,42.8868],[-0.62755,42.88643],[-0.62762,42.88624],[-0.62743,42.88475],[-0.62757,42.88415],[-0.62776,42.88386],[-0.62837,42.88361],[-0.62865,42.88336],[-0.62869,42.88312],[-0.62859,42.88275],[-0.62888,42.88248],[-0.62945,42.8822]],[[-0.65971,42.89318],[-0.65999,42.89276],[-0.65989,42.89201],[-0.66016,42.89112],[-0.65924,42.89053],[-0.65881,42.8905],[-0.65857,42.89108],[-0.65863,42.89157],[-0.65912,42.89285],[-0.65939,42.8931],[-0.65971,42.89318]],[[-0.66665,42.88632],[-0.66608,42.88661],[-0.66511,42.88654],[-0.66474,42.88667],[-0.66425,42.88763],[-0.66431,42.88833],[-0.66416,42.88888],[-0.66385,42.88918],[-0.66265,42.88967],[-0.66178,42.89025],[-0.66158,42.89053],[-0.66195,42.89069],[-0.66267,42.89082],[-0.66365,42.89072],[-0.66464,42.89033],[-0.66534,42.88974],[-0.6657,42.88955],[-0.66665,42.88935]]]}},{"type":"Feature","properties":{"ele":1770},"geometry":{"type":"MultiLineString","coordinates":[[[-0.54609,42.9454],[-0.54721,42.94498],[-0.54776,42.94442],[-0.54795,42.94435],[-0.5486,42.94442],[-0.54887,42.9447],[-0.54918,42.94474],[-0.55,42.94444],[-0.55053,42.94412],[-0.55156,42.94371],[-0.5535,42.9433],[-0.55463,42.94272],[-0.55546,42.94273],[-0.55557,42.94249],[-0.5554,42.94176],[-0.5552,42.94151],[-0.55417,42.94162],[-0.55338,42.94198],[-0.55295,42.94206],[-0.55149,42.94196],[-0.55066,42.94203],[-0.54927,42.94142],[-0.54788,42.94134],[-0.54754,42.94125],[-0.5472,42.94109],[-0.54689,42.94082],[-0.54677,42.94058],[-0.54676,42.94024],[-0.54666,42.93997],[-0.54637,42.93997],[-0.54609,42.94011]],[[-0.54609,42.92467],[-0.54664,42.92414],[-0.54721,42.92387],[-0.54788,42.9233],[-0.54776,42.92312],[-0.5475,42.92303],[-0.54609,42.92319]],[[-0.60961,42.8822],[-0.60889,42.88283],[-0.6082,42.88322],[-0.60775,42.88333],[-0.60642,42.88341],[-0.60607,42.88352],[-0.60582,42.88442],[-0.60548,42.88524],[-0.60573,42.88539],[-0.60689,42.88551],[-0.60805,42.88581],[-0.60912,42.88639],[-0.60943,42.88666],[-0.61031,42.88673],[-0.61054,42.88684],[-0.61065,42.88701],[-0.61075,42.88728],[-0.61073,42.88826],[-0.61033,42.88952],[-0.60998,42.88997],[-0.60863,42.89111],[-0.60735,42.89166],[-0.60649,42.89181],[-0.6052,42.89232],[-0.60412,42.89247],[-0.60251,42.8932],[-0.60087,42.89407],[-0.59875,42.89377],[-0.59637,42.89359],[-0.59424,42.89316],[-0.59358,42.89312],[-0.59313,42.89316],[-0.59261,42.89332],[-0.5922,42.89358],[-0.5923,42.89381],[-0.59445,42.89482],[-0.59698,42.89476],[-0.59795,42.89486],[-0.59928,42.89552],[-0.59969,42.89585],[-0.60042,42.89621],[-0.60153,42.89634],[-0.60248,42.89608],[-0.60285,42.89616],[-0.6033,42.89639],[-0.60386,42.89684],[-0.60425,42.89746],[-0.6045,42.89769],[-0.60556,42.89835],[-0.60721,42.89912],[-0.60768,42.89947],[-0.60807,42.89949],[-0.60837,42.89927],[-0.60885,42.89857],[-0.60943,42.8972],[-0.60966,42.89691],[-0.60999,42.89665],[-0.61139,42.89611],[-0.6125,42.89511],[-0.61327,42.89464],[-0.61414,42.89436],[-0.61517,42.8943],[-0.61539,42.89419],[-0.61604,42.89221],[-0.61621,42.89138],[-0.6167,42.89058],[-0.61696,42.89033],[-0.61757,42.89014],[-0.61879,42.89015],[-0.62132,42.8906],[-0.62214,42.89051],[-0.62236,42.89033],[-0.62242,42.8901],[-0.62207,42.88923],[-0.62206,42.88885],[-0.62221,42.88859],[-0.62253,42.88832],[-0.62292,42.88773],[-0.62325,42.88741],[-0.62359,42.8872],[-0.62413,42.88714],[-0.62486,42.88685],[-0.62563,42.88684],[-0.62611,42.88673],[-0.62674,42.88681],[-0.62719,42.88663],[-0.6274,42.88638],[-0.62748,42.88609],[-0.62726,42.88471],[-0.62742,42.88409],[-0.62757,42.88386],[-0.62819,42.88359],[-0.62844,42.8834],[-0.62854,42.88319],[-0.62847,42.88269],[-0.62873,42.88245],[-0.62924,42.8822]],[[-0.59137,42.89389],[-0.59143,42.89386],[-0.591,42.89387],[-0.59113,42.89396],[-0.59137,42.89389]],[[-0.65943,42.89283],[-0.6596,42.89272],[-0.6596,42.89248],[-0.65999,42.89136],[-0.65983,42.89106],[-0.65943,42.89081],[-0.65914,42.89075],[-0.65882,42.89106],[-0.65874,42.89142],[-0.65915,42.8924],[-0.65943,42.89283]],[[-0.66665,42.8865],[-0.66639,42.88669],[-0.66618,42.88674],[-0.66525,42.88663],[-0.6649,42.88675],[-0.66472,42.88695],[-0.66435,42.88767],[-0.66444,42.88833],[-0.66427,42.88899],[-0.66379,42.88937],[-0.6628,42.88972],[-0.66222,42.89025],[-0.66219,42.89053],[-0.66278,42.89066],[-0.66393,42.89049],[-0.66447,42.89027],[-0.66506,42.88973],[-0.66556,42.88945],[-0.66665,42.8892]]]}},{"type":"Feature","properties":{"ele":1780},"geometry":{"type":"MultiLineString","coordinates":[[[-0.54609,42.9453],[-0.5469,42.94497],[-0.54744,42.94439],[-0.54785,42.94418],[-0.54852,42.94415],[-0.54927,42.9444],[-0.54979,42.94436],[-0.55162,42.94357],[-0.55337,42.94319],[-0.55448,42.9426],[-0.55526,42.94251],[-0.55534,42.94228],[-0.55527,42.9419],[-0.55486,42.94169],[-0.55427,42.94177],[-0.55309,42.94221],[-0.5507,42.94223],[-0.54938,42.94166],[-0.54781,42.94153],[-0.54721,42.94136],[-0.54676,42.94106],[-0.54652,42.9408],[-0.54638,42.94051],[-0.54609,42.94035]],[[-0.54609,42.9245],[-0.5466,42.92404],[-0.54717,42.92375],[-0.5475,42.92331],[-0.54712,42.92326],[-0.54609,42.92334]],[[-0.60998,42.8822],[-0.60971,42.8825],[-0.60859,42.88331],[-0.60799,42.88348],[-0.60639,42.88363],[-0.60615,42.88394],[-0.60578,42.88499],[-0.6058,42.88526],[-0.60681,42.88536],[-0.60859,42.88576],[-0.60884,42.88586],[-0.60963,42.88645],[-0.61045,42.88647],[-0.61082,42.88675],[-0.61098,42.88725],[-0.611,42.8878],[-0.61054,42.88969],[-0.6103,42.89],[-0.60886,42.89129],[-0.60729,42.89199],[-0.60586,42.8922],[-0.60529,42.8925],[-0.60441,42.89263],[-0.60385,42.89302],[-0.60275,42.89326],[-0.60105,42.89416],[-0.6007,42.89418],[-0.59885,42.89387],[-0.59636,42.89365],[-0.5941,42.89321],[-0.59337,42.89319],[-0.59294,42.89327],[-0.59242,42.89356],[-0.59244,42.89369],[-0.59313,42.89417],[-0.59441,42.89474],[-0.59701,42.8947],[-0.59799,42.89482],[-0.60052,42.89612],[-0.60153,42.89624],[-0.60236,42.89596],[-0.60288,42.89601],[-0.60332,42.89624],[-0.60386,42.89665],[-0.60449,42.89745],[-0.60526,42.898],[-0.60669,42.89858],[-0.60721,42.89886],[-0.6077,42.89924],[-0.60798,42.89924],[-0.60832,42.89899],[-0.60858,42.89863],[-0.60926,42.89711],[-0.60939,42.8969],[-0.60972,42.89665],[-0.61026,42.89636],[-0.61132,42.89598],[-0.61248,42.89497],[-0.61326,42.89451],[-0.61403,42.89425],[-0.61504,42.89416],[-0.61523,42.89406],[-0.6159,42.8922],[-0.61606,42.89133],[-0.61657,42.89043],[-0.61683,42.89016],[-0.61746,42.88997],[-0.61887,42.88997],[-0.62129,42.89046],[-0.62191,42.89038],[-0.62218,42.89024],[-0.62222,42.88999],[-0.62185,42.88916],[-0.62182,42.88888],[-0.6219,42.88865],[-0.62283,42.88754],[-0.62324,42.88719],[-0.62385,42.8869],[-0.625,42.88667],[-0.62563,42.88669],[-0.62615,42.88657],[-0.62674,42.88661],[-0.62721,42.88637],[-0.62728,42.886],[-0.62709,42.88465],[-0.62721,42.88416],[-0.62743,42.88381],[-0.62802,42.88356],[-0.62835,42.88333],[-0.62828,42.88272],[-0.62855,42.88245],[-0.629,42.8822]],[[-0.65943,42.8922],[-0.65972,42.89179],[-0.65982,42.89142],[-0.65968,42.89113],[-0.65937,42.89101],[-0.65912,42.89107],[-0.65892,42.89145],[-0.65912,42.89199],[-0.65943,42.8922]],[[-0.66665,42.88664],[-0.66629,42.88688],[-0.66531,42.88678],[-0.66495,42.88687],[-0.66442,42.88773],[-0.66457,42.8884],[-0.6644,42.88909],[-0.66393,42.88946],[-0.66305,42.88972],[-0.66272,42.88996],[-0.66257,42.89026],[-0.66285,42.89047],[-0.66396,42.89036],[-0.66437,42.89017],[-0.66487,42.88968],[-0.66528,42.88943],[-0.66609,42.88914],[-0.66665,42.88904]]]}},{"type":"Feature","properties":{"ele":1790},"geometry":{"type":"MultiLineString","coordinates":[[[-0.54609,42.9452],[-0.54664,42.94497],[-0.54722,42.94432],[-0.54785,42.94395],[-0.54847,42.94392],[-0.54942,42.94421],[-0.54983,42.9442],[-0.55153,42.9435],[-0.55333,42.94305],[-0.55403,42.94259],[-0.55495,42.94231],[-0.55506,42.94219],[-0.55496,42.94193],[-0.55458,42.94189],[-0.55333,42.94231],[-0.55102,42.94249],[-0.55052,42.94236],[-0.54927,42.94183],[-0.54748,42.94164],[-0.54685,42.94136],[-0.54609,42.9407]],[[-0.54609,42.92434],[-0.54665,42.92386],[-0.54709,42.9236],[-0.54684,42.92345],[-0.54609,42.92349]],[[-0.61049,42.8822],[-0.61021,42.88243],[-0.61005,42.88279],[-0.60942,42.883],[-0.60878,42.88347],[-0.60816,42.88364],[-0.60657,42.88383],[-0.60636,42.8841],[-0.60604,42.88493],[-0.60609,42.88505],[-0.60636,42.88514],[-0.60896,42.88559],[-0.60928,42.88576],[-0.60968,42.88616],[-0.61057,42.88626],[-0.61103,42.88672],[-0.61123,42.88777],[-0.61089,42.88878],[-0.61078,42.88968],[-0.61059,42.89002],[-0.61,42.89054],[-0.6096,42.89107],[-0.60918,42.89139],[-0.60855,42.89162],[-0.60813,42.89192],[-0.60726,42.89228],[-0.60667,42.89242],[-0.60607,42.89243],[-0.60545,42.89269],[-0.60465,42.89282],[-0.60438,42.89294],[-0.60406,42.89323],[-0.60303,42.89331],[-0.60104,42.89426],[-0.59636,42.89371],[-0.59413,42.89327],[-0.59303,42.89331],[-0.59283,42.89357],[-0.5929,42.8938],[-0.59327,42.89416],[-0.59441,42.89467],[-0.59698,42.89465],[-0.59795,42.89475],[-0.60066,42.89604],[-0.60156,42.89614],[-0.60228,42.89583],[-0.60292,42.89586],[-0.60385,42.89645],[-0.60523,42.89778],[-0.60666,42.8983],[-0.6077,42.89898],[-0.60788,42.899],[-0.60811,42.89889],[-0.60852,42.89831],[-0.60913,42.89693],[-0.60943,42.89665],[-0.60994,42.89635],[-0.6113,42.89583],[-0.61247,42.89482],[-0.61312,42.89444],[-0.61387,42.89415],[-0.61486,42.89401],[-0.61508,42.8939],[-0.61538,42.89329],[-0.61574,42.89218],[-0.6159,42.89134],[-0.61638,42.89028],[-0.61663,42.88997],[-0.61754,42.8898],[-0.61875,42.88982],[-0.62118,42.8903],[-0.62174,42.89027],[-0.6219,42.89014],[-0.62197,42.88996],[-0.62165,42.88915],[-0.62166,42.88861],[-0.62257,42.88755],[-0.623,42.88717],[-0.62379,42.88673],[-0.62493,42.88647],[-0.6257,42.88651],[-0.62691,42.88635],[-0.62708,42.88596],[-0.62705,42.88534],[-0.62692,42.88468],[-0.62708,42.88405],[-0.62719,42.88385],[-0.62747,42.88363],[-0.62815,42.88334],[-0.62822,42.88315],[-0.62818,42.88268],[-0.62878,42.8822]],[[-0.65943,42.89188],[-0.65964,42.89145],[-0.65959,42.89132],[-0.65944,42.89126],[-0.65919,42.89138],[-0.65913,42.89162],[-0.65943,42.89188]],[[-0.66665,42.88693],[-0.66625,42.88701],[-0.66526,42.8869],[-0.66503,42.88704],[-0.66456,42.8877],[-0.66471,42.88855],[-0.66453,42.88913],[-0.66411,42.88949],[-0.663,42.88994],[-0.66294,42.89023],[-0.66389,42.89025],[-0.66426,42.89008],[-0.66467,42.88967],[-0.66517,42.88936],[-0.66665,42.88888]]]}},{"type":"Feature","properties":{"ele":1810},"geometry":{"type":"MultiLineString","coordinates":[[[-0.54609,42.945],[-0.54655,42.9447],[-0.5469,42.9441],[-0.54775,42.94357],[-0.54859,42.94355],[-0.54943,42.94386],[-0.54983,42.94392],[-0.55231,42.94301],[-0.55212,42.94279],[-0.55094,42.94284],[-0.54924,42.94224],[-0.54764,42.94204],[-0.54677,42.94168],[-0.54609,42.94121]],[[-0.55304,42.94276],[-0.55243,42.94275],[-0.55304,42.94276]],[[-0.61127,42.8822],[-0.61019,42.88332],[-0.60886,42.88385],[-0.60701,42.88413],[-0.60677,42.88437],[-0.60662,42.88467],[-0.60674,42.88479],[-0.6072,42.88498],[-0.60892,42.88517],[-0.61001,42.88552],[-0.61081,42.8859],[-0.61132,42.88647],[-0.61162,42.88774],[-0.6113,42.88855],[-0.61134,42.88895],[-0.61123,42.88985],[-0.61039,42.8908],[-0.61,42.89137],[-0.6094,42.89176],[-0.60869,42.89217],[-0.60739,42.89272],[-0.60694,42.89305],[-0.60618,42.89312],[-0.60559,42.89334],[-0.60507,42.89335],[-0.60474,42.89359],[-0.60451,42.89364],[-0.60318,42.89358],[-0.60192,42.89409],[-0.60133,42.89445],[-0.59726,42.89399],[-0.59549,42.89372],[-0.59413,42.89341],[-0.59358,42.89342],[-0.59327,42.89351],[-0.5932,42.89362],[-0.59331,42.89387],[-0.59354,42.89416],[-0.59445,42.89456],[-0.59698,42.89454],[-0.59792,42.89461],[-0.59932,42.89531],[-0.60088,42.89586],[-0.60146,42.89589],[-0.60245,42.89551],[-0.60304,42.89558],[-0.60443,42.89637],[-0.60573,42.8976],[-0.60681,42.898],[-0.60754,42.89843],[-0.60777,42.89848],[-0.60807,42.8982],[-0.60887,42.89668],[-0.60919,42.8964],[-0.61112,42.89562],[-0.6122,42.89469],[-0.6132,42.89413],[-0.61375,42.89394],[-0.61458,42.89378],[-0.61483,42.89364],[-0.61524,42.89277],[-0.61547,42.89201],[-0.61551,42.89156],[-0.61582,42.89082],[-0.61601,42.89003],[-0.61625,42.8897],[-0.61691,42.88954],[-0.61833,42.8895],[-0.6199,42.88984],[-0.62116,42.88998],[-0.62139,42.88972],[-0.62124,42.88895],[-0.62131,42.88848],[-0.62139,42.88832],[-0.62182,42.88797],[-0.62218,42.88742],[-0.62243,42.88718],[-0.62351,42.88652],[-0.62465,42.88615],[-0.62504,42.8861],[-0.62587,42.88618],[-0.62663,42.8859],[-0.62676,42.88544],[-0.62662,42.88445],[-0.62679,42.88395],[-0.62719,42.8835],[-0.62776,42.8833],[-0.62789,42.88305],[-0.62792,42.88263],[-0.62803,42.88247],[-0.62842,42.8822]],[[-0.66665,42.88721],[-0.66528,42.8872],[-0.66497,42.88746],[-0.66482,42.8878],[-0.66498,42.88831],[-0.66494,42.88888],[-0.66502,42.88905],[-0.66576,42.88893],[-0.66665,42.88859]]]}},{"type":"Feature","properties":{"ele":1820},"geometry":{"type":"MultiLineString","coordinates":[[[-0.54609,42.94489],[-0.54639,42.94471],[-0.54663,42.94415],[-0.54691,42.94386],[-0.54771,42.94341],[-0.54861,42.94339],[-0.54983,42.94379],[-0.55051,42.94359],[-0.55114,42.94329],[-0.551,42.94304],[-0.54944,42.94248],[-0.5475,42.94218],[-0.54666,42.94181],[-0.54609,42.94145]],[[-0.61161,42.8822],[-0.61137,42.88247],[-0.6114,42.88277],[-0.61084,42.88304],[-0.61056,42.88332],[-0.60968,42.88379],[-0.60802,42.88423],[-0.6074,42.88429],[-0.60712,42.88443],[-0.60718,42.8847],[-0.60761,42.88479],[-0.60847,42.88479],[-0.60994,42.88531],[-0.61083,42.88552],[-0.6116,42.88639],[-0.6116,42.88697],[-0.61181,42.88774],[-0.61154,42.88855],[-0.61194,42.88886],[-0.612,42.88915],[-0.61167,42.88948],[-0.61146,42.89003],[-0.6111,42.89049],[-0.6103,42.89139],[-0.60968,42.8919],[-0.6086,42.89249],[-0.60778,42.89276],[-0.60724,42.89314],[-0.60671,42.89336],[-0.60483,42.89383],[-0.60323,42.89376],[-0.60217,42.89413],[-0.60132,42.89454],[-0.59712,42.89405],[-0.59545,42.89379],[-0.59413,42.89349],[-0.59343,42.89358],[-0.59343,42.89378],[-0.59361,42.89411],[-0.59414,42.89442],[-0.59451,42.89452],[-0.59792,42.89453],[-0.59938,42.89528],[-0.60094,42.89577],[-0.60142,42.89577],[-0.60236,42.89538],[-0.60309,42.89545],[-0.60457,42.89612],[-0.60512,42.89657],[-0.60586,42.89747],[-0.60688,42.89786],[-0.6075,42.8982],[-0.60773,42.89822],[-0.60807,42.89783],[-0.60863,42.89669],[-0.60894,42.89636],[-0.60944,42.89609],[-0.61106,42.89551],[-0.61222,42.89453],[-0.61307,42.89406],[-0.61469,42.89358],[-0.61509,42.89277],[-0.61538,42.89145],[-0.61564,42.89079],[-0.61581,42.88993],[-0.61598,42.88964],[-0.61667,42.88942],[-0.61778,42.88934],[-0.61858,42.88939],[-0.61994,42.88973],[-0.62076,42.88977],[-0.6211,42.88971],[-0.62108,42.88878],[-0.62115,42.88839],[-0.62171,42.88784],[-0.62222,42.88711],[-0.62347,42.88637],[-0.62462,42.88599],[-0.625,42.88595],[-0.62583,42.88603],[-0.62641,42.88583],[-0.62659,42.88548],[-0.62645,42.88454],[-0.62666,42.88388],[-0.62714,42.88337],[-0.62765,42.88308],[-0.62782,42.88252],[-0.62823,42.8822]],[[-0.66665,42.8873],[-0.66538,42.88731],[-0.66513,42.88745],[-0.66496,42.88776],[-0.66524,42.88888],[-0.66574,42.88882],[-0.66665,42.88845]]]}},{"type":"Feature","properties":{"ele":1830},"geometry":{"type":"MultiLineString","coordinates":[[[-0.54609,42.94477],[-0.54621,42.94466],[-0.54639,42.94417],[-0.54665,42.94386],[-0.54768,42.94324],[-0.54865,42.94324],[-0.54983,42.94365],[-0.55024,42.94358],[-0.5507,42.94331],[-0.55035,42.94303],[-0.54951,42.94268],[-0.5477,42.94243],[-0.54609,42.94171]],[[-0.61204,42.8822],[-0.6118,42.88245],[-0.61177,42.8828],[-0.61162,42.883],[-0.60965,42.884],[-0.60846,42.88441],[-0.60963,42.88504],[-0.61103,42.88539],[-0.61118,42.88552],[-0.61133,42.88584],[-0.61187,42.88613],[-0.61224,42.88663],[-0.61223,42.88701],[-0.61203,42.88742],[-0.61201,42.88787],[-0.61184,42.88836],[-0.61191,42.88859],[-0.61249,42.88886],[-0.61241,42.88913],[-0.61224,42.88944],[-0.61191,42.88968],[-0.61156,42.89041],[-0.61101,42.89101],[-0.61087,42.89138],[-0.61013,42.89196],[-0.60913,42.89246],[-0.60864,42.89282],[-0.608,42.89298],[-0.60694,42.8936],[-0.60566,42.894],[-0.60438,42.89404],[-0.60326,42.89396],[-0.60226,42.89426],[-0.60156,42.89463],[-0.6008,42.89459],[-0.59854,42.89426],[-0.59767,42.89432],[-0.59722,42.89414],[-0.5955,42.89388],[-0.59415,42.89356],[-0.59366,42.89363],[-0.59363,42.89385],[-0.59374,42.89411],[-0.59417,42.89437],[-0.59452,42.89446],[-0.59639,42.89449],[-0.59693,42.89437],[-0.59795,42.89447],[-0.59941,42.89523],[-0.6009,42.89567],[-0.60142,42.89562],[-0.60222,42.89522],[-0.60313,42.89532],[-0.60501,42.89599],[-0.60535,42.89632],[-0.60585,42.89717],[-0.60614,42.89743],[-0.60752,42.89803],[-0.60782,42.89786],[-0.60843,42.89666],[-0.60891,42.89618],[-0.611,42.89537],[-0.61215,42.89441],[-0.61307,42.89393],[-0.61439,42.89357],[-0.61453,42.89345],[-0.61496,42.89272],[-0.61524,42.89136],[-0.61547,42.89079],[-0.61563,42.88978],[-0.61584,42.88944],[-0.61681,42.88926],[-0.61774,42.88921],[-0.61851,42.88926],[-0.6199,42.8896],[-0.62049,42.88962],[-0.62081,42.88955],[-0.62091,42.88939],[-0.62094,42.88864],[-0.62104,42.88823],[-0.62157,42.88773],[-0.62217,42.8869],[-0.6233,42.8863],[-0.62453,42.88585],[-0.62587,42.88587],[-0.6261,42.88581],[-0.62636,42.88555],[-0.62629,42.88451],[-0.6265,42.88389],[-0.62694,42.88334],[-0.62746,42.88302],[-0.6277,42.88247],[-0.62804,42.8822]],[[-0.66665,42.88739],[-0.66542,42.88741],[-0.66526,42.88747],[-0.6651,42.88787],[-0.66527,42.88846],[-0.66554,42.88869],[-0.6661,42.88859],[-0.66665,42.88831]]]}},{"type":"Feature","properties":{"ele":1840},"geometry":{"type":"MultiLineString","coordinates":[[[-0.54609,42.9444],[-0.54667,42.9436],[-0.5477,42.94306],[-0.54807,42.94302],[-0.54868,42.94309],[-0.54983,42.9435],[-0.55007,42.94347],[-0.55037,42.94331],[-0.54998,42.94303],[-0.54936,42.9428],[-0.54771,42.94261],[-0.54609,42.94194]],[[-0.6124,42.8822],[-0.61216,42.88247],[-0.61204,42.883],[-0.61192,42.88317],[-0.61081,42.88359],[-0.60913,42.88442],[-0.60941,42.88471],[-0.60972,42.88488],[-0.61139,42.88524],[-0.61162,42.88582],[-0.61227,42.88609],[-0.6125,42.88631],[-0.61253,42.88693],[-0.61218,42.8883],[-0.61276,42.88868],[-0.61284,42.88886],[-0.61281,42.88908],[-0.61254,42.88951],[-0.61216,42.88989],[-0.61168,42.89084],[-0.61108,42.89158],[-0.61053,42.89191],[-0.61026,42.8922],[-0.60916,42.89275],[-0.60887,42.89304],[-0.60804,42.89331],[-0.60771,42.89355],[-0.60696,42.8939],[-0.60576,42.89425],[-0.60441,42.89429],[-0.60323,42.89419],[-0.60232,42.89442],[-0.60192,42.89472],[-0.60163,42.8948],[-0.59875,42.89436],[-0.59834,42.89435],[-0.59817,42.89444],[-0.59921,42.89509],[-0.60021,42.89533],[-0.6008,42.89556],[-0.60129,42.89552],[-0.60196,42.89506],[-0.60233,42.89501],[-0.60299,42.89511],[-0.60486,42.8957],[-0.60523,42.89591],[-0.60562,42.8963],[-0.60614,42.89716],[-0.6063,42.89732],[-0.60657,42.89749],[-0.60752,42.89779],[-0.6078,42.89753],[-0.60827,42.89655],[-0.60877,42.89607],[-0.61085,42.89529],[-0.61218,42.89425],[-0.61305,42.89381],[-0.61445,42.89334],[-0.61477,42.89278],[-0.615,42.89194],[-0.61507,42.89138],[-0.61531,42.8908],[-0.61551,42.88939],[-0.61665,42.88914],[-0.61795,42.88909],[-0.61859,42.88914],[-0.61976,42.88947],[-0.62062,42.88945],[-0.62074,42.88919],[-0.62089,42.88809],[-0.62135,42.8877],[-0.62197,42.88684],[-0.62326,42.88617],[-0.62441,42.8857],[-0.62573,42.88571],[-0.62612,42.88555],[-0.6262,42.88524],[-0.62614,42.88447],[-0.62635,42.88385],[-0.62672,42.88336],[-0.6272,42.88301],[-0.62753,42.88249],[-0.62783,42.8822]],[[-0.59637,42.89445],[-0.5966,42.89438],[-0.59672,42.89414],[-0.59542,42.89395],[-0.59424,42.89367],[-0.59396,42.89371],[-0.59381,42.89385],[-0.59387,42.89414],[-0.59444,42.89439],[-0.5957,42.89434],[-0.59637,42.89445]],[[-0.66665,42.8875],[-0.66556,42.88751],[-0.66525,42.88773],[-0.66523,42.88797],[-0.66539,42.88835],[-0.66566,42.88855],[-0.66604,42.88847],[-0.66665,42.88815]]]}},{"type":"Feature","properties":{"ele":1860},"geometry":{"type":"MultiLineString","coordinates":[[[-0.54609,42.94385],[-0.54639,42.94342],[-0.547,42.94307],[-0.54705,42.94287],[-0.547,42.94273],[-0.54609,42.94232]],[[-0.61319,42.8822],[-0.61267,42.88257],[-0.61247,42.88299],[-0.61249,42.88334],[-0.61233,42.88348],[-0.61217,42.88358],[-0.61084,42.88391],[-0.6105,42.88412],[-0.61022,42.88442],[-0.61063,42.88461],[-0.61153,42.88479],[-0.61194,42.88495],[-0.61221,42.88553],[-0.61286,42.88577],[-0.61304,42.88607],[-0.61281,42.88794],[-0.61291,42.88813],[-0.6135,42.88855],[-0.61354,42.88868],[-0.61334,42.88917],[-0.61269,42.88997],[-0.61244,42.89049],[-0.61236,42.89079],[-0.61236,42.89128],[-0.61223,42.89164],[-0.61138,42.89235],[-0.61077,42.89259],[-0.60978,42.89333],[-0.60809,42.89399],[-0.60726,42.89443],[-0.60517,42.89484],[-0.60403,42.8948],[-0.60379,42.89494],[-0.60427,42.89519],[-0.605,42.89539],[-0.60552,42.89575],[-0.60612,42.89634],[-0.60665,42.89718],[-0.60682,42.89726],[-0.60715,42.89733],[-0.60746,42.89719],[-0.60794,42.89631],[-0.60858,42.8958],[-0.61082,42.89499],[-0.61188,42.89411],[-0.61284,42.89363],[-0.61391,42.89332],[-0.61417,42.89316],[-0.61448,42.89258],[-0.61477,42.89135],[-0.61499,42.89081],[-0.61498,42.88942],[-0.61516,42.88912],[-0.61677,42.88889],[-0.61826,42.88885],[-0.6186,42.88888],[-0.61972,42.88922],[-0.62031,42.88918],[-0.62049,42.88878],[-0.62046,42.88799],[-0.62108,42.88746],[-0.62192,42.88636],[-0.6233,42.8858],[-0.6241,42.88533],[-0.62531,42.88541],[-0.62582,42.88526],[-0.62583,42.88445],[-0.626,42.88384],[-0.62657,42.88313],[-0.62705,42.88275],[-0.62738,42.8822]],[[-0.60082,42.89529],[-0.60109,42.89525],[-0.60122,42.89497],[-0.59956,42.8947],[-0.59914,42.8947],[-0.59932,42.895],[-0.60082,42.89529]],[[-0.59582,42.89415],[-0.59589,42.89414],[-0.59521,42.89411],[-0.59443,42.89386],[-0.59414,42.89413],[-0.59462,42.89425],[-0.59582,42.89415]],[[-0.66609,42.88817],[-0.66651,42.88775],[-0.66582,42.88775],[-0.66549,42.88798],[-0.66552,42.88813],[-0.6657,42.88823],[-0.66609,42.88817]]]}},{"type":"Feature","properties":{"ele":1870},"geometry":{"type":"MultiLineString","coordinates":[[[-0.54609,42.94357],[-0.54629,42.94329],[-0.54675,42.94299],[-0.54667,42.94274],[-0.54609,42.94251]],[[-0.61363,42.8822],[-0.61305,42.88248],[-0.6128,42.88276],[-0.6127,42.88303],[-0.61268,42.8835],[-0.61259,42.88364],[-0.61198,42.88388],[-0.61101,42.88403],[-0.61079,42.88413],[-0.61073,42.88433],[-0.6108,42.88446],[-0.61193,42.8847],[-0.61266,42.88548],[-0.61314,42.8858],[-0.61324,42.88628],[-0.61303,42.88719],[-0.61306,42.88795],[-0.61327,42.8882],[-0.61387,42.88859],[-0.61371,42.88902],[-0.61291,42.89006],[-0.61274,42.89053],[-0.61258,42.89163],[-0.61134,42.89271],[-0.6108,42.89295],[-0.60975,42.8936],[-0.60832,42.89416],[-0.60743,42.89461],[-0.60553,42.89497],[-0.6052,42.89517],[-0.60517,42.89528],[-0.60609,42.89609],[-0.60666,42.89691],[-0.60691,42.89711],[-0.60724,42.89703],[-0.60777,42.8962],[-0.60827,42.89578],[-0.60883,42.89552],[-0.61063,42.89491],[-0.61181,42.894],[-0.61275,42.89353],[-0.61382,42.89319],[-0.61408,42.89303],[-0.61433,42.89253],[-0.6146,42.89135],[-0.61484,42.89076],[-0.61478,42.8894],[-0.61493,42.88904],[-0.61535,42.8889],[-0.61816,42.88873],[-0.61881,42.88882],[-0.61972,42.88909],[-0.6202,42.889],[-0.6203,42.8889],[-0.62036,42.8886],[-0.62023,42.888],[-0.62107,42.88719],[-0.62192,42.88606],[-0.6233,42.88552],[-0.62403,42.88514],[-0.625,42.88527],[-0.62553,42.88519],[-0.62562,42.88498],[-0.62581,42.88386],[-0.62642,42.88309],[-0.62692,42.88268],[-0.62719,42.8822]],[[-0.60054,42.89504],[-0.60068,42.89498],[-0.59951,42.89497],[-0.60054,42.89504]],[[-0.59471,42.89416],[-0.59482,42.89414],[-0.59438,42.89413],[-0.59471,42.89416]],[[-0.66582,42.88813],[-0.66599,42.88801],[-0.66584,42.88795],[-0.66569,42.888],[-0.66582,42.88813]]]}},{"type":"Feature","properties":{"ele":1880},"geometry":{"type":"MultiLineString","coordinates":[[[-0.54609,42.94326],[-0.54644,42.94302],[-0.54632,42.9428],[-0.54609,42.94269]],[[-0.61394,42.8822],[-0.61306,42.88279],[-0.61292,42.88309],[-0.6129,42.8836],[-0.61272,42.88383],[-0.61215,42.8841],[-0.61123,42.88415],[-0.61143,42.88431],[-0.61223,42.88464],[-0.61289,42.88546],[-0.61334,42.88579],[-0.61342,42.88652],[-0.61325,42.88739],[-0.61324,42.88783],[-0.61334,42.88801],[-0.61388,42.88828],[-0.6142,42.88857],[-0.61413,42.88887],[-0.61318,42.89003],[-0.6128,42.89167],[-0.61165,42.89276],[-0.6099,42.89374],[-0.60831,42.89438],[-0.60776,42.89472],[-0.60554,42.89525],[-0.60689,42.89684],[-0.60701,42.89682],[-0.6072,42.89664],[-0.60769,42.896],[-0.60828,42.89559],[-0.61057,42.89478],[-0.61171,42.8939],[-0.61277,42.89339],[-0.61388,42.89303],[-0.61417,42.89251],[-0.61438,42.89183],[-0.61442,42.89135],[-0.61469,42.89076],[-0.61471,42.89026],[-0.61456,42.88926],[-0.61474,42.88889],[-0.61517,42.88877],[-0.61816,42.88861],[-0.61958,42.88894],[-0.62003,42.8889],[-0.62022,42.88857],[-0.62004,42.88805],[-0.62009,42.88784],[-0.62082,42.8872],[-0.62169,42.88595],[-0.62246,42.88546],[-0.62333,42.88528],[-0.62387,42.88496],[-0.62421,42.88494],[-0.62493,42.88511],[-0.62533,42.88503],[-0.62542,42.88489],[-0.62569,42.88378],[-0.62626,42.88305],[-0.6269,42.88248],[-0.62704,42.8822]]]}},{"type":"Feature","properties":{"ele":1890},"geometry":{"type":"MultiLineString","coordinates":[[[-0.60693,42.89647],[-0.60758,42.89583],[-0.60823,42.89541],[-0.61046,42.89465],[-0.61083,42.89444],[-0.61159,42.89382],[-0.61272,42.89326],[-0.61357,42.89302],[-0.61387,42.89275],[-0.61419,42.89196],[-0.61427,42.89135],[-0.61453,42.89069],[-0.61446,42.88992],[-0.6142,42.88928],[-0.61408,42.88928],[-0.61389,42.88945],[-0.61342,42.89003],[-0.61311,42.89141],[-0.61287,42.89191],[-0.61163,42.89301],[-0.61088,42.89335],[-0.61001,42.89388],[-0.60864,42.89444],[-0.60792,42.89486],[-0.60612,42.8953],[-0.60603,42.89558],[-0.60693,42.89647]],[[-0.61421,42.8822],[-0.6139,42.88254],[-0.61326,42.88293],[-0.61313,42.88319],[-0.61302,42.88383],[-0.61242,42.88442],[-0.61297,42.88528],[-0.61355,42.88589],[-0.61364,42.8868],[-0.61352,42.88739],[-0.61357,42.88758],[-0.61415,42.88803],[-0.61449,42.8885],[-0.61471,42.88864],[-0.6159,42.88865],[-0.61816,42.88851],[-0.61962,42.88879],[-0.61989,42.88874],[-0.62005,42.8886],[-0.61999,42.8883],[-0.61982,42.88801],[-0.61986,42.88773],[-0.6208,42.88691],[-0.62158,42.88573],[-0.62246,42.88519],[-0.62331,42.88505],[-0.62386,42.88478],[-0.62417,42.88478],[-0.62486,42.88493],[-0.62507,42.88486],[-0.62526,42.88469],[-0.62544,42.88392],[-0.62561,42.88363],[-0.62609,42.88303],[-0.62669,42.88251],[-0.62688,42.8822]]]}},{"type":"Feature","properties":{"ele":1910},"geometry":{"type":"MultiLineString","coordinates":[[[-0.61332,42.89276],[-0.61362,42.89252],[-0.61376,42.89218],[-0.61378,42.89173],[-0.61362,42.89148],[-0.61323,42.89214],[-0.61269,42.89274],[-0.61332,42.89276]],[[-0.61387,42.8913],[-0.61403,42.89069],[-0.61388,42.89022],[-0.61359,42.89109],[-0.61387,42.8913]],[[-0.61487,42.8822],[-0.61358,42.88328],[-0.61341,42.88411],[-0.61319,42.88445],[-0.61357,42.88526],[-0.61385,42.88557],[-0.61411,42.88665],[-0.61493,42.88827],[-0.61538,42.88837],[-0.61799,42.88832],[-0.61913,42.88843],[-0.61947,42.88833],[-0.61939,42.88781],[-0.61947,42.88749],[-0.62013,42.88695],[-0.62078,42.88622],[-0.62131,42.88542],[-0.62233,42.88481],[-0.62336,42.88443],[-0.62387,42.88442],[-0.62458,42.88454],[-0.6248,42.8845],[-0.62496,42.88436],[-0.62518,42.88375],[-0.62552,42.88326],[-0.62656,42.8822]]]}},{"type":"Feature","properties":{"ele":1920},"geometry":{"type":"MultiLineString","coordinates":[[[-0.61522,42.8822],[-0.61482,42.88246],[-0.61397,42.88335],[-0.61376,42.88378],[-0.61364,42.88444],[-0.61375,42.88489],[-0.61404,42.88548],[-0.61432,42.88655],[-0.61487,42.88746],[-0.61507,42.888],[-0.61529,42.88818],[-0.61576,42.88825],[-0.61792,42.88822],[-0.61861,42.88829],[-0.61915,42.88818],[-0.61924,42.88753],[-0.61939,42.88716],[-0.62059,42.88613],[-0.62097,42.88553],[-0.62125,42.88525],[-0.62219,42.88467],[-0.6232,42.88429],[-0.62361,42.88424],[-0.62445,42.88436],[-0.6247,42.88431],[-0.62552,42.88302],[-0.62639,42.8822]]]}},{"type":"Feature","properties":{"ele":1930},"geometry":{"type":"MultiLineString","coordinates":[[[-0.61563,42.8822],[-0.61509,42.88247],[-0.61449,42.8831],[-0.61418,42.88361],[-0.61412,42.88387],[-0.61419,42.88415],[-0.61397,42.88447],[-0.614,42.88478],[-0.61423,42.88525],[-0.61444,42.88632],[-0.61471,42.88692],[-0.61513,42.8874],[-0.61526,42.88778],[-0.61549,42.88804],[-0.61639,42.88815],[-0.61722,42.8881],[-0.61851,42.88817],[-0.61896,42.88804],[-0.61912,42.88718],[-0.61923,42.88695],[-0.62033,42.88609],[-0.62111,42.88517],[-0.62215,42.88452],[-0.62303,42.88414],[-0.62351,42.88409],[-0.62434,42.88419],[-0.6246,42.88413],[-0.62536,42.883],[-0.62622,42.8822]]]}},{"type":"Feature","properties":{"ele":1940},"geometry":{"type":"MultiLineString","coordinates":[[[-0.61597,42.8822],[-0.61526,42.88256],[-0.61451,42.8836],[-0.61454,42.88415],[-0.61434,42.88445],[-0.61429,42.88471],[-0.61446,42.88521],[-0.61446,42.88576],[-0.61466,42.88638],[-0.61494,42.88694],[-0.61537,42.88737],[-0.61556,42.88773],[-0.61584,42.88792],[-0.61639,42.88802],[-0.61719,42.88799],[-0.61844,42.88807],[-0.61866,42.88804],[-0.61881,42.88784],[-0.61895,42.88701],[-0.61913,42.88671],[-0.62023,42.8859],[-0.62111,42.88499],[-0.62214,42.88434],[-0.62292,42.88402],[-0.62333,42.88395],[-0.62413,42.88402],[-0.62445,42.88397],[-0.62533,42.88281],[-0.62604,42.8822]]]}},{"type":"Feature","properties":{"ele":1960},"geometry":{"type":"MultiLineString","coordinates":[[[-0.61655,42.8822],[-0.61632,42.88243],[-0.61577,42.88264],[-0.61556,42.88281],[-0.61537,42.8836],[-0.61545,42.88451],[-0.61502,42.88502],[-0.61483,42.88555],[-0.61483,42.88586],[-0.61526,42.88664],[-0.61603,42.88758],[-0.61646,42.88772],[-0.61806,42.88785],[-0.61834,42.88782],[-0.61848,42.88772],[-0.61859,42.8869],[-0.61886,42.88635],[-0.61995,42.88575],[-0.62111,42.88462],[-0.62245,42.88384],[-0.62306,42.88369],[-0.62418,42.88361],[-0.6256,42.8822]]]}},{"type":"Feature","properties":{"ele":1970},"geometry":{"type":"MultiLineString","coordinates":[[[-0.61677,42.8822],[-0.61652,42.88249],[-0.61583,42.88282],[-0.61577,42.88302],[-0.61585,42.88331],[-0.61578,42.88399],[-0.61581,42.88415],[-0.6161,42.88442],[-0.61582,42.8847],[-0.61531,42.88502],[-0.61501,42.88553],[-0.61498,42.88582],[-0.6158,42.88704],[-0.61623,42.88746],[-0.6167,42.88761],[-0.61803,42.88776],[-0.61836,42.88755],[-0.61846,42.88683],[-0.61864,42.88637],[-0.6189,42.88615],[-0.61999,42.88554],[-0.62111,42.88443],[-0.62236,42.88373],[-0.62295,42.88357],[-0.62375,42.88348],[-0.62414,42.88332],[-0.62538,42.8822]]]}},{"type":"Feature","properties":{"ele":1980},"geometry":{"type":"MultiLineString","coordinates":[[[-0.61698,42.8822],[-0.61679,42.88247],[-0.61632,42.88275],[-0.61608,42.88303],[-0.61619,42.88374],[-0.61641,42.88413],[-0.61641,42.88443],[-0.61547,42.88515],[-0.61521,42.8855],[-0.61517,42.88581],[-0.61585,42.88682],[-0.61637,42.88732],[-0.61665,42.88748],[-0.61788,42.88764],[-0.61807,42.8876],[-0.61821,42.88747],[-0.6184,42.88652],[-0.61857,42.88621],[-0.61882,42.88598],[-0.61998,42.88537],[-0.62099,42.88438],[-0.62189,42.88381],[-0.62247,42.88355],[-0.62375,42.88323],[-0.62514,42.8822]]]}},{"type":"Feature","properties":{"ele":1990},"geometry":{"type":"MultiLineString","coordinates":[[[-0.61717,42.8822],[-0.61698,42.88251],[-0.61661,42.88275],[-0.61649,42.88301],[-0.61653,42.88343],[-0.61678,42.88412],[-0.61671,42.88438],[-0.6164,42.88471],[-0.61556,42.88531],[-0.6154,42.88552],[-0.61535,42.88576],[-0.61591,42.88664],[-0.61647,42.8872],[-0.617,42.88744],[-0.61774,42.88753],[-0.61807,42.88747],[-0.61823,42.88655],[-0.61863,42.88582],[-0.61859,42.88553],[-0.61918,42.88554],[-0.61994,42.88523],[-0.62111,42.88416],[-0.62219,42.88352],[-0.62361,42.88304],[-0.62488,42.8822]]]}},{"type":"Feature","properties":{"ele":2010},"geometry":{"type":"MultiLineString","coordinates":[[[-0.61752,42.8822],[-0.61716,42.88306],[-0.61745,42.88409],[-0.61741,42.8844],[-0.61715,42.88468],[-0.61581,42.88552],[-0.61572,42.88578],[-0.61608,42.88639],[-0.61641,42.88678],[-0.61692,42.88717],[-0.61733,42.88723],[-0.61775,42.88718],[-0.61819,42.88544],[-0.61829,42.88523],[-0.61851,42.88506],[-0.61885,42.88497],[-0.61944,42.88503],[-0.61996,42.88487],[-0.62025,42.88467],[-0.62085,42.88404],[-0.62197,42.88335],[-0.62305,42.88287],[-0.62422,42.8822]]]}},{"type":"Feature","properties":{"ele":2020},"geometry":{"type":"MultiLineString","coordinates":[[[-0.61768,42.8822],[-0.61742,42.88312],[-0.6177,42.88395],[-0.61763,42.88451],[-0.61751,42.88471],[-0.61609,42.88553],[-0.61595,42.88579],[-0.61605,42.88611],[-0.61642,42.88662],[-0.61686,42.88699],[-0.61712,42.88707],[-0.61745,42.88705],[-0.61764,42.88689],[-0.61784,42.88638],[-0.618,42.88548],[-0.6182,42.88515],[-0.61849,42.88488],[-0.61882,42.88474],[-0.61951,42.88477],[-0.61998,42.88467],[-0.62085,42.88391],[-0.62382,42.8822]]]}},{"type":"Feature","properties":{"ele":2030},"geometry":{"type":"MultiLineString","coordinates":[[[-0.61783,42.8822],[-0.61765,42.88312],[-0.61795,42.88395],[-0.61783,42.88466],[-0.61647,42.88553],[-0.61618,42.88586],[-0.61627,42.88616],[-0.61663,42.88665],[-0.61694,42.88689],[-0.61716,42.88694],[-0.61739,42.8869],[-0.61753,42.88676],[-0.6179,42.88537],[-0.61813,42.885],[-0.61856,42.88462],[-0.61889,42.88447],[-0.61962,42.88455],[-0.62001,42.88446],[-0.6211,42.88359],[-0.62345,42.8822]]]}},{"type":"Feature","properties":{"ele":2040},"geometry":{"type":"MultiLineString","coordinates":[[[-0.61721,42.88677],[-0.61741,42.88661],[-0.61751,42.8864],[-0.61764,42.88562],[-0.61779,42.88526],[-0.61772,42.88507],[-0.61716,42.88523],[-0.61677,42.88552],[-0.61648,42.88587],[-0.61647,42.88614],[-0.6166,42.88641],[-0.6169,42.8867],[-0.61721,42.88677]],[[-0.61797,42.8822],[-0.61787,42.88322],[-0.61814,42.88381],[-0.61822,42.88436],[-0.61831,42.8845],[-0.61889,42.88426],[-0.61965,42.88435],[-0.61999,42.88427],[-0.621,42.8835],[-0.62308,42.8822]]]}},{"type":"Feature","properties":{"ele":2060},"geometry":{"type":"MultiLineString","coordinates":[[[-0.61828,42.8822],[-0.6183,42.8833],[-0.6186,42.88374],[-0.61881,42.88388],[-0.61958,42.88394],[-0.61998,42.88386],[-0.62243,42.8822]]]}},{"type":"Feature","properties":{"ele":2070},"geometry":{"type":"MultiLineString","coordinates":[[[-0.61845,42.8822],[-0.61852,42.88253],[-0.61848,42.88301],[-0.61859,42.88331],[-0.61887,42.88363],[-0.61955,42.88375],[-0.62003,42.88362],[-0.62214,42.8822]]]}},{"type":"Feature","properties":{"ele":2080},"geometry":{"type":"MultiLineString","coordinates":[[[-0.61863,42.8822],[-0.61871,42.88249],[-0.61869,42.88298],[-0.61884,42.88329],[-0.61917,42.88349],[-0.61951,42.88355],[-0.62007,42.88338],[-0.62183,42.8822]]]}},{"type":"Feature","properties":{"ele":2090},"geometry":{"type":"MultiLineString","coordinates":[[[-0.61881,42.8822],[-0.61891,42.88246],[-0.61896,42.88304],[-0.61919,42.88327],[-0.61949,42.88335],[-0.61973,42.88332],[-0.62011,42.88315],[-0.62152,42.8822]]]}},{"type":"Feature","properties":{"ele":2110},"geometry":{"type":"MultiLineString","coordinates":[[[-0.61918,42.8822],[-0.6194,42.88278],[-0.61965,42.88284],[-0.62,42.88277],[-0.62079,42.8822]]]}},{"type":"Feature","properties":{"ele":2120},"geometry":{"type":"MultiLineString","coordinates":[[[-0.61936,42.8822],[-0.6195,42.88246],[-0.61976,42.88258],[-0.62002,42.8825],[-0.62048,42.8822]]]}},{"type":"Feature","properties":{"ele":2130},"geometry":{"type":"MultiLineString","coordinates":[[[-0.61961,42.8822],[-0.6198,42.8823],[-0.62014,42.8822]]]}}]}