<?xml version="1.0" encoding="UTF-8"?>
<gpx xmlns="http://www.topografix.com/GPX/1/1" xmlns:xsi="http://www.w3.org/2001/XMLSchema-instance" version="1.1" creator="Trace de Trail" xsi:schemaLocation="http://www.topografix.com/GPX/1/1 http://www.topografix.com/GPX/1/1/gpx.xsd">
  <metadata>
    <name>gt65 2024 bis</name>
    <desc>Parcours créé sur Trace de Trail</desc>
    <link href="https://tracedetrail.fr/fr/trace/270843">
      <text>Cartographie du parcours</text>
    </link>
    <time>2024-09-26T15:07:22+00:00</time>
  </metadata>
  <trk>
    <name>gt65 2024 bis sur TraceDeTrail.fr</name>
    <src>Trace de Trail</src>
    <trkseg>
      <trkpt lat="50.47418" lon="6.10232">
        <ele>597</ele>
        <time>2024-09-26T15:07:22+00:00</time>
      </trkpt>
      <trkpt lat="50.47398" lon="6.10196">
        <ele>588</ele>
        <time>2024-09-26T15:07:25+00:00</time>
      </trkpt>
      <trkpt lat="50.47378" lon="6.10161">
        <ele>582</ele>
        <time>2024-09-26T15:07:28+00:00</time>
      </trkpt>
      <trkpt lat="50.4735" lon="6.1011">
        <ele>575</ele>
        <time>2024-09-26T15:07:31+00:00</time>
      </trkpt>
      <trkpt lat="50.47328" lon="6.10072">
        <ele>571</ele>
        <time>2024-09-26T15:07:34+00:00</time>
      </trkpt>
      <trkpt lat="50.47307" lon="6.10034">
        <ele>567</ele>
        <time>2024-09-26T15:07:37+00:00</time>
      </trkpt>
      <trkpt lat="50.47285" lon="6.09996">
        <ele>562</ele>
        <time>2024-09-26T15:07:40+00:00</time>
      </trkpt>
      <trkpt lat="50.47261" lon="6.09953">
        <ele>557</ele>
        <time>2024-09-26T15:07:43+00:00</time>
      </trkpt>
      <trkpt lat="50.47236" lon="6.0991">
        <ele>549</ele>
        <time>2024-09-26T15:07:46+00:00</time>
      </trkpt>
      <trkpt lat="50.47219" lon="6.09889">
        <ele>545</ele>
        <time>2024-09-26T15:07:49+00:00</time>
      </trkpt>
      <trkpt lat="50.47202" lon="6.09866">
        <ele>543</ele>
        <time>2024-09-26T15:07:52+00:00</time>
      </trkpt>
      <trkpt lat="50.47186" lon="6.09843">
        <ele>539</ele>
        <time>2024-09-26T15:07:55+00:00</time>
      </trkpt>
      <trkpt lat="50.4717" lon="6.09821">
        <ele>536</ele>
        <time>2024-09-26T15:07:58+00:00</time>
      </trkpt>
      <trkpt lat="50.47153" lon="6.09794">
        <ele>532</ele>
        <time>2024-09-26T15:08:01+00:00</time>
      </trkpt>
      <trkpt lat="50.47134" lon="6.09762">
        <ele>524</ele>
        <time>2024-09-26T15:08:04+00:00</time>
      </trkpt>
      <trkpt lat="50.47147" lon="6.09745">
        <ele>522</ele>
        <time>2024-09-26T15:08:07+00:00</time>
      </trkpt>
      <trkpt lat="50.47167" lon="6.09734">
        <ele>522</ele>
        <time>2024-09-26T15:08:10+00:00</time>
      </trkpt>
      <trkpt lat="50.47183" lon="6.09725">
        <ele>523</ele>
        <time>2024-09-26T15:08:13+00:00</time>
      </trkpt>
      <trkpt lat="50.47196" lon="6.09721">
        <ele>524</ele>
        <time>2024-09-26T15:08:16+00:00</time>
      </trkpt>
      <trkpt lat="50.47206" lon="6.09717">
        <ele>524</ele>
        <time>2024-09-26T15:08:19+00:00</time>
      </trkpt>
      <trkpt lat="50.47213" lon="6.09736">
        <ele>527</ele>
        <time>2024-09-26T15:08:22+00:00</time>
      </trkpt>
      <trkpt lat="50.47233" lon="6.09774">
        <ele>527</ele>
        <time>2024-09-26T15:08:25+00:00</time>
      </trkpt>
      <trkpt lat="50.4725" lon="6.09772">
        <ele>527</ele>
        <time>2024-09-26T15:08:28+00:00</time>
      </trkpt>
      <trkpt lat="50.47261" lon="6.09746">
        <ele>525</ele>
        <time>2024-09-26T15:08:31+00:00</time>
      </trkpt>
      <trkpt lat="50.47276" lon="6.09727">
        <ele>524</ele>
        <time>2024-09-26T15:08:34+00:00</time>
      </trkpt>
      <trkpt lat="50.47292" lon="6.09713">
        <ele>520</ele>
        <time>2024-09-26T15:08:37+00:00</time>
      </trkpt>
      <trkpt lat="50.47307" lon="6.09711">
        <ele>520</ele>
        <time>2024-09-26T15:08:40+00:00</time>
      </trkpt>
      <trkpt lat="50.47323" lon="6.09715">
        <ele>520</ele>
        <time>2024-09-26T15:08:43+00:00</time>
      </trkpt>
      <trkpt lat="50.47345" lon="6.09739">
        <ele>527</ele>
        <time>2024-09-26T15:08:46+00:00</time>
      </trkpt>
      <trkpt lat="50.47363" lon="6.09761">
        <ele>538</ele>
        <time>2024-09-26T15:08:49+00:00</time>
      </trkpt>
      <trkpt lat="50.47383" lon="6.09775">
        <ele>539</ele>
        <time>2024-09-26T15:08:52+00:00</time>
      </trkpt>
      <trkpt lat="50.47404" lon="6.09789">
        <ele>539</ele>
        <time>2024-09-26T15:08:55+00:00</time>
      </trkpt>
      <trkpt lat="50.47434" lon="6.09802">
        <ele>541</ele>
        <time>2024-09-26T15:08:58+00:00</time>
      </trkpt>
      <trkpt lat="50.47468" lon="6.09819">
        <ele>543</ele>
        <time>2024-09-26T15:09:01+00:00</time>
      </trkpt>
      <trkpt lat="50.47488" lon="6.09833">
        <ele>545</ele>
        <time>2024-09-26T15:09:04+00:00</time>
      </trkpt>
      <trkpt lat="50.47509" lon="6.09847">
        <ele>548</ele>
        <time>2024-09-26T15:09:07+00:00</time>
      </trkpt>
      <trkpt lat="50.4753" lon="6.09858">
        <ele>549</ele>
        <time>2024-09-26T15:09:10+00:00</time>
      </trkpt>
      <trkpt lat="50.47555" lon="6.09872">
        <ele>549</ele>
        <time>2024-09-26T15:09:13+00:00</time>
      </trkpt>
      <trkpt lat="50.47573" lon="6.09877">
        <ele>549</ele>
        <time>2024-09-26T15:09:16+00:00</time>
      </trkpt>
      <trkpt lat="50.47603" lon="6.09891">
        <ele>543</ele>
        <time>2024-09-26T15:09:19+00:00</time>
      </trkpt>
      <trkpt lat="50.47627" lon="6.09908">
        <ele>538</ele>
        <time>2024-09-26T15:09:22+00:00</time>
      </trkpt>
      <trkpt lat="50.47649" lon="6.09937">
        <ele>537</ele>
        <time>2024-09-26T15:09:25+00:00</time>
      </trkpt>
      <trkpt lat="50.47674" lon="6.09964">
        <ele>537</ele>
        <time>2024-09-26T15:09:28+00:00</time>
      </trkpt>
      <trkpt lat="50.47691" lon="6.10017">
        <ele>542</ele>
        <time>2024-09-26T15:09:31+00:00</time>
      </trkpt>
      <trkpt lat="50.47704" lon="6.10047">
        <ele>548</ele>
        <time>2024-09-26T15:09:34+00:00</time>
      </trkpt>
      <trkpt lat="50.47717" lon="6.10079">
        <ele>561</ele>
        <time>2024-09-26T15:09:37+00:00</time>
      </trkpt>
      <trkpt lat="50.47736" lon="6.10124">
        <ele>575</ele>
        <time>2024-09-26T15:09:40+00:00</time>
      </trkpt>
      <trkpt lat="50.47754" lon="6.10168">
        <ele>575</ele>
        <time>2024-09-26T15:09:43+00:00</time>
      </trkpt>
      <trkpt lat="50.47772" lon="6.10212">
        <ele>577</ele>
        <time>2024-09-26T15:09:46+00:00</time>
      </trkpt>
      <trkpt lat="50.47804" lon="6.10288">
        <ele>577</ele>
        <time>2024-09-26T15:09:49+00:00</time>
      </trkpt>
      <trkpt lat="50.47818" lon="6.10317">
        <ele>573</ele>
        <time>2024-09-26T15:09:52+00:00</time>
      </trkpt>
      <trkpt lat="50.47833" lon="6.1035">
        <ele>569</ele>
        <time>2024-09-26T15:09:55+00:00</time>
      </trkpt>
      <trkpt lat="50.47853" lon="6.10392">
        <ele>569</ele>
        <time>2024-09-26T15:09:58+00:00</time>
      </trkpt>
      <trkpt lat="50.47873" lon="6.10434">
        <ele>573</ele>
        <time>2024-09-26T15:10:01+00:00</time>
      </trkpt>
      <trkpt lat="50.47893" lon="6.10476">
        <ele>574</ele>
        <time>2024-09-26T15:10:04+00:00</time>
      </trkpt>
      <trkpt lat="50.47922" lon="6.10538">
        <ele>574</ele>
        <time>2024-09-26T15:10:07+00:00</time>
      </trkpt>
      <trkpt lat="50.47943" lon="6.10546">
        <ele>575</ele>
        <time>2024-09-26T15:10:10+00:00</time>
      </trkpt>
      <trkpt lat="50.47966" lon="6.10554">
        <ele>576</ele>
        <time>2024-09-26T15:10:13+00:00</time>
      </trkpt>
      <trkpt lat="50.47988" lon="6.10584">
        <ele>576</ele>
        <time>2024-09-26T15:10:16+00:00</time>
      </trkpt>
      <trkpt lat="50.48009" lon="6.10614">
        <ele>578</ele>
        <time>2024-09-26T15:10:19+00:00</time>
      </trkpt>
      <trkpt lat="50.48031" lon="6.10645">
        <ele>581</ele>
        <time>2024-09-26T15:10:22+00:00</time>
      </trkpt>
      <trkpt lat="50.48" lon="6.10667">
        <ele>583</ele>
        <time>2024-09-26T15:10:25+00:00</time>
      </trkpt>
      <trkpt lat="50.47968" lon="6.10688">
        <ele>586</ele>
        <time>2024-09-26T15:10:28+00:00</time>
      </trkpt>
      <trkpt lat="50.47942" lon="6.10711">
        <ele>590</ele>
        <time>2024-09-26T15:10:31+00:00</time>
      </trkpt>
      <trkpt lat="50.47914" lon="6.10729">
        <ele>590</ele>
        <time>2024-09-26T15:10:34+00:00</time>
      </trkpt>
      <trkpt lat="50.4789" lon="6.1076">
        <ele>595</ele>
        <time>2024-09-26T15:10:37+00:00</time>
      </trkpt>
      <trkpt lat="50.4792" lon="6.10768">
        <ele>595</ele>
        <time>2024-09-26T15:10:40+00:00</time>
      </trkpt>
      <trkpt lat="50.47949" lon="6.10777">
        <ele>595</ele>
        <time>2024-09-26T15:10:43+00:00</time>
      </trkpt>
      <trkpt lat="50.4799" lon="6.10788">
        <ele>594</ele>
        <time>2024-09-26T15:10:46+00:00</time>
      </trkpt>
      <trkpt lat="50.48022" lon="6.10798">
        <ele>593</ele>
        <time>2024-09-26T15:10:49+00:00</time>
      </trkpt>
      <trkpt lat="50.48055" lon="6.10809">
        <ele>592</ele>
        <time>2024-09-26T15:10:52+00:00</time>
      </trkpt>
      <trkpt lat="50.48087" lon="6.10819">
        <ele>591</ele>
        <time>2024-09-26T15:10:55+00:00</time>
      </trkpt>
      <trkpt lat="50.48134" lon="6.10834">
        <ele>589</ele>
        <time>2024-09-26T15:10:58+00:00</time>
      </trkpt>
      <trkpt lat="50.48162" lon="6.10845">
        <ele>589</ele>
        <time>2024-09-26T15:11:01+00:00</time>
      </trkpt>
      <trkpt lat="50.48216" lon="6.10866">
        <ele>591</ele>
        <time>2024-09-26T15:11:04+00:00</time>
      </trkpt>
      <trkpt lat="50.48238" lon="6.10857">
        <ele>593</ele>
        <time>2024-09-26T15:11:07+00:00</time>
      </trkpt>
      <trkpt lat="50.48264" lon="6.10848">
        <ele>593</ele>
        <time>2024-09-26T15:11:10+00:00</time>
      </trkpt>
      <trkpt lat="50.4829" lon="6.1084">
        <ele>593</ele>
        <time>2024-09-26T15:11:13+00:00</time>
      </trkpt>
      <trkpt lat="50.48335" lon="6.10827">
        <ele>594</ele>
        <time>2024-09-26T15:11:16+00:00</time>
      </trkpt>
      <trkpt lat="50.48335" lon="6.10814">
        <ele>593</ele>
        <time>2024-09-26T15:11:19+00:00</time>
      </trkpt>
      <trkpt lat="50.48317" lon="6.10807">
        <ele>594</ele>
        <time>2024-09-26T15:11:22+00:00</time>
      </trkpt>
      <trkpt lat="50.48303" lon="6.10803">
        <ele>595</ele>
        <time>2024-09-26T15:11:25+00:00</time>
      </trkpt>
      <trkpt lat="50.48291" lon="6.10765">
        <ele>594</ele>
        <time>2024-09-26T15:11:28+00:00</time>
      </trkpt>
      <trkpt lat="50.4828" lon="6.10733">
        <ele>588</ele>
        <time>2024-09-26T15:11:31+00:00</time>
      </trkpt>
      <trkpt lat="50.4826" lon="6.10717">
        <ele>580</ele>
        <time>2024-09-26T15:11:34+00:00</time>
      </trkpt>
      <trkpt lat="50.48239" lon="6.10701">
        <ele>574</ele>
        <time>2024-09-26T15:11:37+00:00</time>
      </trkpt>
      <trkpt lat="50.48224" lon="6.10683">
        <ele>570</ele>
        <time>2024-09-26T15:11:40+00:00</time>
      </trkpt>
      <trkpt lat="50.48192" lon="6.10667">
        <ele>570</ele>
        <time>2024-09-26T15:11:43+00:00</time>
      </trkpt>
      <trkpt lat="50.48174" lon="6.1064">
        <ele>570</ele>
        <time>2024-09-26T15:11:46+00:00</time>
      </trkpt>
      <trkpt lat="50.48152" lon="6.10605">
        <ele>569</ele>
        <time>2024-09-26T15:11:49+00:00</time>
      </trkpt>
      <trkpt lat="50.48123" lon="6.10589">
        <ele>566</ele>
        <time>2024-09-26T15:11:52+00:00</time>
      </trkpt>
      <trkpt lat="50.48111" lon="6.10561">
        <ele>566</ele>
        <time>2024-09-26T15:11:55+00:00</time>
      </trkpt>
      <trkpt lat="50.48099" lon="6.10532">
        <ele>558</ele>
        <time>2024-09-26T15:11:58+00:00</time>
      </trkpt>
      <trkpt lat="50.48079" lon="6.10514">
        <ele>557</ele>
        <time>2024-09-26T15:12:01+00:00</time>
      </trkpt>
      <trkpt lat="50.4805" lon="6.10476">
        <ele>556</ele>
        <time>2024-09-26T15:12:04+00:00</time>
      </trkpt>
      <trkpt lat="50.48028" lon="6.10447">
        <ele>556</ele>
        <time>2024-09-26T15:12:07+00:00</time>
      </trkpt>
      <trkpt lat="50.48005" lon="6.10442">
        <ele>555</ele>
        <time>2024-09-26T15:12:10+00:00</time>
      </trkpt>
      <trkpt lat="50.4798" lon="6.10436">
        <ele>555</ele>
        <time>2024-09-26T15:12:13+00:00</time>
      </trkpt>
      <trkpt lat="50.47946" lon="6.10417">
        <ele>554</ele>
        <time>2024-09-26T15:12:16+00:00</time>
      </trkpt>
      <trkpt lat="50.47931" lon="6.10401">
        <ele>554</ele>
        <time>2024-09-26T15:12:19+00:00</time>
      </trkpt>
      <trkpt lat="50.47911" lon="6.10382">
        <ele>552</ele>
        <time>2024-09-26T15:12:22+00:00</time>
      </trkpt>
      <trkpt lat="50.47889" lon="6.1036">
        <ele>553</ele>
        <time>2024-09-26T15:12:25+00:00</time>
      </trkpt>
      <trkpt lat="50.4788" lon="6.10328">
        <ele>555</ele>
        <time>2024-09-26T15:12:28+00:00</time>
      </trkpt>
      <trkpt lat="50.47869" lon="6.10291">
        <ele>555</ele>
        <time>2024-09-26T15:12:31+00:00</time>
      </trkpt>
      <trkpt lat="50.47858" lon="6.1026">
        <ele>555</ele>
        <time>2024-09-26T15:12:34+00:00</time>
      </trkpt>
      <trkpt lat="50.47845" lon="6.10224">
        <ele>555</ele>
        <time>2024-09-26T15:12:37+00:00</time>
      </trkpt>
      <trkpt lat="50.47814" lon="6.10181">
        <ele>555</ele>
        <time>2024-09-26T15:12:40+00:00</time>
      </trkpt>
      <trkpt lat="50.47799" lon="6.10125">
        <ele>535</ele>
        <time>2024-09-26T15:12:43+00:00</time>
      </trkpt>
      <trkpt lat="50.47782" lon="6.10095">
        <ele>536</ele>
        <time>2024-09-26T15:12:46+00:00</time>
      </trkpt>
      <trkpt lat="50.47756" lon="6.10052">
        <ele>531</ele>
        <time>2024-09-26T15:12:49+00:00</time>
      </trkpt>
      <trkpt lat="50.4775" lon="6.10019">
        <ele>527</ele>
        <time>2024-09-26T15:12:52+00:00</time>
      </trkpt>
      <trkpt lat="50.47732" lon="6.09992">
        <ele>526</ele>
        <time>2024-09-26T15:12:55+00:00</time>
      </trkpt>
      <trkpt lat="50.47717" lon="6.09956">
        <ele>523</ele>
        <time>2024-09-26T15:12:58+00:00</time>
      </trkpt>
      <trkpt lat="50.47694" lon="6.09899">
        <ele>520</ele>
        <time>2024-09-26T15:13:01+00:00</time>
      </trkpt>
      <trkpt lat="50.47676" lon="6.0987">
        <ele>520</ele>
        <time>2024-09-26T15:13:04+00:00</time>
      </trkpt>
      <trkpt lat="50.4765" lon="6.09846">
        <ele>519</ele>
        <time>2024-09-26T15:13:07+00:00</time>
      </trkpt>
      <trkpt lat="50.47643" lon="6.09834">
        <ele>515</ele>
        <time>2024-09-26T15:13:10+00:00</time>
      </trkpt>
      <trkpt lat="50.47634" lon="6.0983">
        <ele>518</ele>
        <time>2024-09-26T15:13:13+00:00</time>
      </trkpt>
      <trkpt lat="50.47607" lon="6.09782">
        <ele>520</ele>
        <time>2024-09-26T15:13:16+00:00</time>
      </trkpt>
      <trkpt lat="50.47587" lon="6.09759">
        <ele>522</ele>
        <time>2024-09-26T15:13:19+00:00</time>
      </trkpt>
      <trkpt lat="50.47562" lon="6.09731">
        <ele>527</ele>
        <time>2024-09-26T15:13:22+00:00</time>
      </trkpt>
      <trkpt lat="50.47542" lon="6.09705">
        <ele>540</ele>
        <time>2024-09-26T15:13:25+00:00</time>
      </trkpt>
      <trkpt lat="50.47526" lon="6.09674">
        <ele>547</ele>
        <time>2024-09-26T15:13:28+00:00</time>
      </trkpt>
      <trkpt lat="50.47521" lon="6.09637">
        <ele>554</ele>
        <time>2024-09-26T15:13:31+00:00</time>
      </trkpt>
      <trkpt lat="50.47515" lon="6.0959">
        <ele>555</ele>
        <time>2024-09-26T15:13:34+00:00</time>
      </trkpt>
      <trkpt lat="50.4751" lon="6.09551">
        <ele>555</ele>
        <time>2024-09-26T15:13:37+00:00</time>
      </trkpt>
      <trkpt lat="50.47503" lon="6.09497">
        <ele>552</ele>
        <time>2024-09-26T15:13:40+00:00</time>
      </trkpt>
      <trkpt lat="50.47503" lon="6.09465">
        <ele>553</ele>
        <time>2024-09-26T15:13:43+00:00</time>
      </trkpt>
      <trkpt lat="50.47524" lon="6.09448">
        <ele>554</ele>
        <time>2024-09-26T15:13:46+00:00</time>
      </trkpt>
      <trkpt lat="50.47545" lon="6.09436">
        <ele>555</ele>
        <time>2024-09-26T15:13:49+00:00</time>
      </trkpt>
      <trkpt lat="50.47566" lon="6.0942">
        <ele>556</ele>
        <time>2024-09-26T15:13:52+00:00</time>
      </trkpt>
      <trkpt lat="50.47591" lon="6.09402">
        <ele>556</ele>
        <time>2024-09-26T15:13:55+00:00</time>
      </trkpt>
      <trkpt lat="50.47616" lon="6.09385">
        <ele>557</ele>
        <time>2024-09-26T15:13:58+00:00</time>
      </trkpt>
      <trkpt lat="50.47663" lon="6.09355">
        <ele>557</ele>
        <time>2024-09-26T15:14:01+00:00</time>
      </trkpt>
      <trkpt lat="50.47659" lon="6.09344">
        <ele>558</ele>
        <time>2024-09-26T15:14:04+00:00</time>
      </trkpt>
      <trkpt lat="50.47638" lon="6.09302">
        <ele>557</ele>
        <time>2024-09-26T15:14:07+00:00</time>
      </trkpt>
      <trkpt lat="50.47621" lon="6.09269">
        <ele>557</ele>
        <time>2024-09-26T15:14:10+00:00</time>
      </trkpt>
      <trkpt lat="50.47593" lon="6.09221">
        <ele>554</ele>
        <time>2024-09-26T15:14:13+00:00</time>
      </trkpt>
      <trkpt lat="50.47577" lon="6.09191">
        <ele>550</ele>
        <time>2024-09-26T15:14:16+00:00</time>
      </trkpt>
      <trkpt lat="50.47556" lon="6.09149">
        <ele>546</ele>
        <time>2024-09-26T15:14:19+00:00</time>
      </trkpt>
      <trkpt lat="50.4756" lon="6.09111">
        <ele>544</ele>
        <time>2024-09-26T15:14:22+00:00</time>
      </trkpt>
      <trkpt lat="50.47557" lon="6.09092">
        <ele>542</ele>
        <time>2024-09-26T15:14:25+00:00</time>
      </trkpt>
      <trkpt lat="50.47561" lon="6.09053">
        <ele>540</ele>
        <time>2024-09-26T15:14:28+00:00</time>
      </trkpt>
      <trkpt lat="50.47579" lon="6.09013">
        <ele>535</ele>
        <time>2024-09-26T15:14:31+00:00</time>
      </trkpt>
      <trkpt lat="50.47594" lon="6.08992">
        <ele>531</ele>
        <time>2024-09-26T15:14:34+00:00</time>
      </trkpt>
      <trkpt lat="50.47603" lon="6.0897">
        <ele>524</ele>
        <time>2024-09-26T15:14:37+00:00</time>
      </trkpt>
      <trkpt lat="50.47604" lon="6.08954">
        <ele>520</ele>
        <time>2024-09-26T15:14:40+00:00</time>
      </trkpt>
      <trkpt lat="50.47595" lon="6.08941">
        <ele>518</ele>
        <time>2024-09-26T15:14:43+00:00</time>
      </trkpt>
      <trkpt lat="50.47608" lon="6.08926">
        <ele>520</ele>
        <time>2024-09-26T15:14:46+00:00</time>
      </trkpt>
      <trkpt lat="50.47621" lon="6.08909">
        <ele>521</ele>
        <time>2024-09-26T15:14:49+00:00</time>
      </trkpt>
      <trkpt lat="50.47638" lon="6.08901">
        <ele>521</ele>
        <time>2024-09-26T15:14:52+00:00</time>
      </trkpt>
      <trkpt lat="50.47656" lon="6.08902">
        <ele>522</ele>
        <time>2024-09-26T15:14:55+00:00</time>
      </trkpt>
      <trkpt lat="50.47662" lon="6.08888">
        <ele>525</ele>
        <time>2024-09-26T15:14:58+00:00</time>
      </trkpt>
      <trkpt lat="50.47672" lon="6.08888">
        <ele>526</ele>
        <time>2024-09-26T15:15:01+00:00</time>
      </trkpt>
      <trkpt lat="50.47682" lon="6.08892">
        <ele>525</ele>
        <time>2024-09-26T15:15:04+00:00</time>
      </trkpt>
      <trkpt lat="50.47696" lon="6.08894">
        <ele>526</ele>
        <time>2024-09-26T15:15:07+00:00</time>
      </trkpt>
      <trkpt lat="50.47725" lon="6.08892">
        <ele>526</ele>
        <time>2024-09-26T15:15:10+00:00</time>
      </trkpt>
      <trkpt lat="50.47733" lon="6.08887">
        <ele>525</ele>
        <time>2024-09-26T15:15:13+00:00</time>
      </trkpt>
      <trkpt lat="50.47735" lon="6.08872">
        <ele>526</ele>
        <time>2024-09-26T15:15:16+00:00</time>
      </trkpt>
      <trkpt lat="50.47731" lon="6.0885">
        <ele>528</ele>
        <time>2024-09-26T15:15:19+00:00</time>
      </trkpt>
      <trkpt lat="50.47734" lon="6.08839">
        <ele>529</ele>
        <time>2024-09-26T15:15:22+00:00</time>
      </trkpt>
      <trkpt lat="50.47736" lon="6.08833">
        <ele>529</ele>
        <time>2024-09-26T15:15:25+00:00</time>
      </trkpt>
      <trkpt lat="50.47738" lon="6.08826">
        <ele>530</ele>
        <time>2024-09-26T15:15:28+00:00</time>
      </trkpt>
      <trkpt lat="50.4774" lon="6.08819">
        <ele>531</ele>
        <time>2024-09-26T15:15:31+00:00</time>
      </trkpt>
      <trkpt lat="50.4774" lon="6.08815">
        <ele>532</ele>
        <time>2024-09-26T15:15:34+00:00</time>
      </trkpt>
      <trkpt lat="50.47743" lon="6.08805">
        <ele>533</ele>
        <time>2024-09-26T15:15:37+00:00</time>
      </trkpt>
      <trkpt lat="50.47752" lon="6.0879">
        <ele>536</ele>
        <time>2024-09-26T15:15:40+00:00</time>
      </trkpt>
      <trkpt lat="50.47754" lon="6.08787">
        <ele>537</ele>
        <time>2024-09-26T15:15:43+00:00</time>
      </trkpt>
      <trkpt lat="50.4776" lon="6.08775">
        <ele>539</ele>
        <time>2024-09-26T15:15:46+00:00</time>
      </trkpt>
      <trkpt lat="50.47765" lon="6.08766">
        <ele>540</ele>
        <time>2024-09-26T15:15:49+00:00</time>
      </trkpt>
      <trkpt lat="50.4777" lon="6.08756">
        <ele>541</ele>
        <time>2024-09-26T15:15:52+00:00</time>
      </trkpt>
      <trkpt lat="50.47776" lon="6.08738">
        <ele>542</ele>
        <time>2024-09-26T15:15:55+00:00</time>
      </trkpt>
      <trkpt lat="50.47782" lon="6.08724">
        <ele>544</ele>
        <time>2024-09-26T15:15:58+00:00</time>
      </trkpt>
      <trkpt lat="50.47791" lon="6.08706">
        <ele>544</ele>
        <time>2024-09-26T15:16:01+00:00</time>
      </trkpt>
      <trkpt lat="50.47803" lon="6.08668">
        <ele>545</ele>
        <time>2024-09-26T15:16:04+00:00</time>
      </trkpt>
      <trkpt lat="50.47819" lon="6.08624">
        <ele>547</ele>
        <time>2024-09-26T15:16:07+00:00</time>
      </trkpt>
      <trkpt lat="50.47838" lon="6.0858">
        <ele>547</ele>
        <time>2024-09-26T15:16:10+00:00</time>
      </trkpt>
      <trkpt lat="50.47844" lon="6.08561">
        <ele>549</ele>
        <time>2024-09-26T15:16:13+00:00</time>
      </trkpt>
      <trkpt lat="50.47857" lon="6.08539">
        <ele>551</ele>
        <time>2024-09-26T15:16:16+00:00</time>
      </trkpt>
      <trkpt lat="50.47871" lon="6.08538">
        <ele>552</ele>
        <time>2024-09-26T15:16:19+00:00</time>
      </trkpt>
      <trkpt lat="50.47883" lon="6.08526">
        <ele>551</ele>
        <time>2024-09-26T15:16:22+00:00</time>
      </trkpt>
      <trkpt lat="50.47905" lon="6.08512">
        <ele>551</ele>
        <time>2024-09-26T15:16:25+00:00</time>
      </trkpt>
      <trkpt lat="50.47912" lon="6.08504">
        <ele>550</ele>
        <time>2024-09-26T15:16:28+00:00</time>
      </trkpt>
      <trkpt lat="50.47914" lon="6.08501">
        <ele>550</ele>
        <time>2024-09-26T15:16:31+00:00</time>
      </trkpt>
      <trkpt lat="50.47916" lon="6.08493">
        <ele>552</ele>
        <time>2024-09-26T15:16:34+00:00</time>
      </trkpt>
      <trkpt lat="50.47923" lon="6.08479">
        <ele>554</ele>
        <time>2024-09-26T15:16:37+00:00</time>
      </trkpt>
      <trkpt lat="50.47926" lon="6.08472">
        <ele>554</ele>
        <time>2024-09-26T15:16:40+00:00</time>
      </trkpt>
      <trkpt lat="50.47927" lon="6.08468">
        <ele>556</ele>
        <time>2024-09-26T15:16:43+00:00</time>
      </trkpt>
      <trkpt lat="50.47928" lon="6.0846">
        <ele>557</ele>
        <time>2024-09-26T15:16:46+00:00</time>
      </trkpt>
      <trkpt lat="50.47928" lon="6.08457">
        <ele>557</ele>
        <time>2024-09-26T15:16:49+00:00</time>
      </trkpt>
      <trkpt lat="50.47939" lon="6.08442">
        <ele>557</ele>
        <time>2024-09-26T15:16:52+00:00</time>
      </trkpt>
      <trkpt lat="50.4794" lon="6.08441">
        <ele>557</ele>
        <time>2024-09-26T15:16:55+00:00</time>
      </trkpt>
      <trkpt lat="50.47947" lon="6.08443">
        <ele>557</ele>
        <time>2024-09-26T15:16:58+00:00</time>
      </trkpt>
      <trkpt lat="50.47952" lon="6.08441">
        <ele>556</ele>
        <time>2024-09-26T15:17:01+00:00</time>
      </trkpt>
      <trkpt lat="50.47964" lon="6.0843">
        <ele>558</ele>
        <time>2024-09-26T15:17:04+00:00</time>
      </trkpt>
      <trkpt lat="50.47965" lon="6.08416">
        <ele>561</ele>
        <time>2024-09-26T15:17:07+00:00</time>
      </trkpt>
      <trkpt lat="50.47972" lon="6.08414">
        <ele>562</ele>
        <time>2024-09-26T15:17:10+00:00</time>
      </trkpt>
      <trkpt lat="50.47981" lon="6.08399">
        <ele>566</ele>
        <time>2024-09-26T15:17:13+00:00</time>
      </trkpt>
      <trkpt lat="50.47988" lon="6.08377">
        <ele>565</ele>
        <time>2024-09-26T15:17:16+00:00</time>
      </trkpt>
      <trkpt lat="50.47996" lon="6.08362">
        <ele>566</ele>
        <time>2024-09-26T15:17:19+00:00</time>
      </trkpt>
      <trkpt lat="50.47997" lon="6.08356">
        <ele>567</ele>
        <time>2024-09-26T15:17:22+00:00</time>
      </trkpt>
      <trkpt lat="50.48" lon="6.08348">
        <ele>566</ele>
        <time>2024-09-26T15:17:25+00:00</time>
      </trkpt>
      <trkpt lat="50.48003" lon="6.08343">
        <ele>567</ele>
        <time>2024-09-26T15:17:28+00:00</time>
      </trkpt>
      <trkpt lat="50.48006" lon="6.08336">
        <ele>566</ele>
        <time>2024-09-26T15:17:31+00:00</time>
      </trkpt>
      <trkpt lat="50.48012" lon="6.08325">
        <ele>568</ele>
        <time>2024-09-26T15:17:34+00:00</time>
      </trkpt>
      <trkpt lat="50.48016" lon="6.08315">
        <ele>567</ele>
        <time>2024-09-26T15:17:37+00:00</time>
      </trkpt>
      <trkpt lat="50.48025" lon="6.08288">
        <ele>570</ele>
        <time>2024-09-26T15:17:40+00:00</time>
      </trkpt>
      <trkpt lat="50.4803" lon="6.08273">
        <ele>571</ele>
        <time>2024-09-26T15:17:43+00:00</time>
      </trkpt>
      <trkpt lat="50.48037" lon="6.08261">
        <ele>572</ele>
        <time>2024-09-26T15:17:46+00:00</time>
      </trkpt>
      <trkpt lat="50.48055" lon="6.08238">
        <ele>572</ele>
        <time>2024-09-26T15:17:49+00:00</time>
      </trkpt>
      <trkpt lat="50.48066" lon="6.08215">
        <ele>572</ele>
        <time>2024-09-26T15:17:52+00:00</time>
      </trkpt>
      <trkpt lat="50.48069" lon="6.08209">
        <ele>572</ele>
        <time>2024-09-26T15:17:55+00:00</time>
      </trkpt>
      <trkpt lat="50.48086" lon="6.08191">
        <ele>573</ele>
        <time>2024-09-26T15:17:58+00:00</time>
      </trkpt>
      <trkpt lat="50.48093" lon="6.08181">
        <ele>575</ele>
        <time>2024-09-26T15:18:01+00:00</time>
      </trkpt>
      <trkpt lat="50.48098" lon="6.08172">
        <ele>575</ele>
        <time>2024-09-26T15:18:04+00:00</time>
      </trkpt>
      <trkpt lat="50.48107" lon="6.08152">
        <ele>576</ele>
        <time>2024-09-26T15:18:07+00:00</time>
      </trkpt>
      <trkpt lat="50.48115" lon="6.0814">
        <ele>576</ele>
        <time>2024-09-26T15:18:10+00:00</time>
      </trkpt>
      <trkpt lat="50.4812" lon="6.08128">
        <ele>577</ele>
        <time>2024-09-26T15:18:13+00:00</time>
      </trkpt>
      <trkpt lat="50.48124" lon="6.08112">
        <ele>578</ele>
        <time>2024-09-26T15:18:16+00:00</time>
      </trkpt>
      <trkpt lat="50.48127" lon="6.08106">
        <ele>579</ele>
        <time>2024-09-26T15:18:19+00:00</time>
      </trkpt>
      <trkpt lat="50.48131" lon="6.08102">
        <ele>579</ele>
        <time>2024-09-26T15:18:22+00:00</time>
      </trkpt>
      <trkpt lat="50.48134" lon="6.08089">
        <ele>580</ele>
        <time>2024-09-26T15:18:25+00:00</time>
      </trkpt>
      <trkpt lat="50.48133" lon="6.08073">
        <ele>582</ele>
        <time>2024-09-26T15:18:28+00:00</time>
      </trkpt>
      <trkpt lat="50.48135" lon="6.08063">
        <ele>583</ele>
        <time>2024-09-26T15:18:31+00:00</time>
      </trkpt>
      <trkpt lat="50.48135" lon="6.08055">
        <ele>583</ele>
        <time>2024-09-26T15:18:34+00:00</time>
      </trkpt>
      <trkpt lat="50.48134" lon="6.08045">
        <ele>582</ele>
        <time>2024-09-26T15:18:37+00:00</time>
      </trkpt>
      <trkpt lat="50.48146" lon="6.0804">
        <ele>582</ele>
        <time>2024-09-26T15:18:40+00:00</time>
      </trkpt>
      <trkpt lat="50.48151" lon="6.08028">
        <ele>582</ele>
        <time>2024-09-26T15:18:43+00:00</time>
      </trkpt>
      <trkpt lat="50.48151" lon="6.08023">
        <ele>582</ele>
        <time>2024-09-26T15:18:46+00:00</time>
      </trkpt>
      <trkpt lat="50.4815" lon="6.08007">
        <ele>582</ele>
        <time>2024-09-26T15:18:49+00:00</time>
      </trkpt>
      <trkpt lat="50.48156" lon="6.07999">
        <ele>582</ele>
        <time>2024-09-26T15:18:52+00:00</time>
      </trkpt>
      <trkpt lat="50.48157" lon="6.0799">
        <ele>583</ele>
        <time>2024-09-26T15:18:55+00:00</time>
      </trkpt>
      <trkpt lat="50.48164" lon="6.07979">
        <ele>583</ele>
        <time>2024-09-26T15:18:58+00:00</time>
      </trkpt>
      <trkpt lat="50.4817" lon="6.07943">
        <ele>585</ele>
        <time>2024-09-26T15:19:01+00:00</time>
      </trkpt>
      <trkpt lat="50.48173" lon="6.07924">
        <ele>585</ele>
        <time>2024-09-26T15:19:04+00:00</time>
      </trkpt>
      <trkpt lat="50.48175" lon="6.0791">
        <ele>585</ele>
        <time>2024-09-26T15:19:07+00:00</time>
      </trkpt>
      <trkpt lat="50.48184" lon="6.07878">
        <ele>586</ele>
        <time>2024-09-26T15:19:10+00:00</time>
      </trkpt>
      <trkpt lat="50.48191" lon="6.07846">
        <ele>587</ele>
        <time>2024-09-26T15:19:13+00:00</time>
      </trkpt>
      <trkpt lat="50.48191" lon="6.07838">
        <ele>589</ele>
        <time>2024-09-26T15:19:16+00:00</time>
      </trkpt>
      <trkpt lat="50.48189" lon="6.07831">
        <ele>587</ele>
        <time>2024-09-26T15:19:19+00:00</time>
      </trkpt>
      <trkpt lat="50.48186" lon="6.07828">
        <ele>589</ele>
        <time>2024-09-26T15:19:22+00:00</time>
      </trkpt>
      <trkpt lat="50.48183" lon="6.07824">
        <ele>589</ele>
        <time>2024-09-26T15:19:25+00:00</time>
      </trkpt>
      <trkpt lat="50.48178" lon="6.07818">
        <ele>590</ele>
        <time>2024-09-26T15:19:28+00:00</time>
      </trkpt>
      <trkpt lat="50.48174" lon="6.07814">
        <ele>590</ele>
        <time>2024-09-26T15:19:31+00:00</time>
      </trkpt>
      <trkpt lat="50.48167" lon="6.07809">
        <ele>589</ele>
        <time>2024-09-26T15:19:34+00:00</time>
      </trkpt>
      <trkpt lat="50.48155" lon="6.07796">
        <ele>588</ele>
        <time>2024-09-26T15:19:37+00:00</time>
      </trkpt>
      <trkpt lat="50.48144" lon="6.07781">
        <ele>589</ele>
        <time>2024-09-26T15:19:40+00:00</time>
      </trkpt>
      <trkpt lat="50.48135" lon="6.07772">
        <ele>588</ele>
        <time>2024-09-26T15:19:43+00:00</time>
      </trkpt>
      <trkpt lat="50.48133" lon="6.07769">
        <ele>591</ele>
        <time>2024-09-26T15:19:46+00:00</time>
      </trkpt>
      <trkpt lat="50.48119" lon="6.0775">
        <ele>590</ele>
        <time>2024-09-26T15:19:49+00:00</time>
      </trkpt>
      <trkpt lat="50.48092" lon="6.07718">
        <ele>597</ele>
        <time>2024-09-26T15:19:52+00:00</time>
      </trkpt>
      <trkpt lat="50.48082" lon="6.07707">
        <ele>598</ele>
        <time>2024-09-26T15:19:55+00:00</time>
      </trkpt>
      <trkpt lat="50.48072" lon="6.07701">
        <ele>598</ele>
        <time>2024-09-26T15:19:58+00:00</time>
      </trkpt>
      <trkpt lat="50.48062" lon="6.07689">
        <ele>599</ele>
        <time>2024-09-26T15:20:01+00:00</time>
      </trkpt>
      <trkpt lat="50.48053" lon="6.07675">
        <ele>599</ele>
        <time>2024-09-26T15:20:04+00:00</time>
      </trkpt>
      <trkpt lat="50.48042" lon="6.07661">
        <ele>599</ele>
        <time>2024-09-26T15:20:07+00:00</time>
      </trkpt>
      <trkpt lat="50.48035" lon="6.07654">
        <ele>599</ele>
        <time>2024-09-26T15:20:10+00:00</time>
      </trkpt>
      <trkpt lat="50.48032" lon="6.07644">
        <ele>601</ele>
        <time>2024-09-26T15:20:13+00:00</time>
      </trkpt>
      <trkpt lat="50.4802" lon="6.0763">
        <ele>601</ele>
        <time>2024-09-26T15:20:16+00:00</time>
      </trkpt>
      <trkpt lat="50.48003" lon="6.07614">
        <ele>601</ele>
        <time>2024-09-26T15:20:19+00:00</time>
      </trkpt>
      <trkpt lat="50.47985" lon="6.07593">
        <ele>602</ele>
        <time>2024-09-26T15:20:22+00:00</time>
      </trkpt>
      <trkpt lat="50.47967" lon="6.07589">
        <ele>602</ele>
        <time>2024-09-26T15:20:25+00:00</time>
      </trkpt>
      <trkpt lat="50.4796" lon="6.07583">
        <ele>602</ele>
        <time>2024-09-26T15:20:28+00:00</time>
      </trkpt>
      <trkpt lat="50.47951" lon="6.07577">
        <ele>602</ele>
        <time>2024-09-26T15:20:31+00:00</time>
      </trkpt>
      <trkpt lat="50.4794" lon="6.07569">
        <ele>603</ele>
        <time>2024-09-26T15:20:34+00:00</time>
      </trkpt>
      <trkpt lat="50.47923" lon="6.07561">
        <ele>602</ele>
        <time>2024-09-26T15:20:37+00:00</time>
      </trkpt>
      <trkpt lat="50.47915" lon="6.07557">
        <ele>602</ele>
        <time>2024-09-26T15:20:40+00:00</time>
      </trkpt>
      <trkpt lat="50.47907" lon="6.07555">
        <ele>602</ele>
        <time>2024-09-26T15:20:43+00:00</time>
      </trkpt>
      <trkpt lat="50.47896" lon="6.07545">
        <ele>602</ele>
        <time>2024-09-26T15:20:46+00:00</time>
      </trkpt>
      <trkpt lat="50.47885" lon="6.07532">
        <ele>602</ele>
        <time>2024-09-26T15:20:49+00:00</time>
      </trkpt>
      <trkpt lat="50.47877" lon="6.07518">
        <ele>602</ele>
        <time>2024-09-26T15:20:52+00:00</time>
      </trkpt>
      <trkpt lat="50.47861" lon="6.0749">
        <ele>602</ele>
        <time>2024-09-26T15:20:55+00:00</time>
      </trkpt>
      <trkpt lat="50.47842" lon="6.07456">
        <ele>602</ele>
        <time>2024-09-26T15:20:58+00:00</time>
      </trkpt>
      <trkpt lat="50.4783" lon="6.07437">
        <ele>601</ele>
        <time>2024-09-26T15:21:01+00:00</time>
      </trkpt>
      <trkpt lat="50.47818" lon="6.07414">
        <ele>599</ele>
        <time>2024-09-26T15:21:04+00:00</time>
      </trkpt>
      <trkpt lat="50.47805" lon="6.07394">
        <ele>599</ele>
        <time>2024-09-26T15:21:07+00:00</time>
      </trkpt>
      <trkpt lat="50.47791" lon="6.07377">
        <ele>598</ele>
        <time>2024-09-26T15:21:10+00:00</time>
      </trkpt>
      <trkpt lat="50.4777" lon="6.07344">
        <ele>597</ele>
        <time>2024-09-26T15:21:13+00:00</time>
      </trkpt>
      <trkpt lat="50.47768" lon="6.0734">
        <ele>597</ele>
        <time>2024-09-26T15:21:16+00:00</time>
      </trkpt>
      <trkpt lat="50.47756" lon="6.07323">
        <ele>597</ele>
        <time>2024-09-26T15:21:19+00:00</time>
      </trkpt>
      <trkpt lat="50.47745" lon="6.07304">
        <ele>597</ele>
        <time>2024-09-26T15:21:22+00:00</time>
      </trkpt>
      <trkpt lat="50.47743" lon="6.073">
        <ele>597</ele>
        <time>2024-09-26T15:21:25+00:00</time>
      </trkpt>
      <trkpt lat="50.47735" lon="6.07275">
        <ele>596</ele>
        <time>2024-09-26T15:21:28+00:00</time>
      </trkpt>
      <trkpt lat="50.47722" lon="6.07244">
        <ele>596</ele>
        <time>2024-09-26T15:21:31+00:00</time>
      </trkpt>
      <trkpt lat="50.4771" lon="6.07221">
        <ele>596</ele>
        <time>2024-09-26T15:21:34+00:00</time>
      </trkpt>
      <trkpt lat="50.47705" lon="6.07216">
        <ele>596</ele>
        <time>2024-09-26T15:21:37+00:00</time>
      </trkpt>
      <trkpt lat="50.47695" lon="6.07212">
        <ele>595</ele>
        <time>2024-09-26T15:21:40+00:00</time>
      </trkpt>
      <trkpt lat="50.47678" lon="6.07219">
        <ele>594</ele>
        <time>2024-09-26T15:21:43+00:00</time>
      </trkpt>
      <trkpt lat="50.47662" lon="6.07227">
        <ele>593</ele>
        <time>2024-09-26T15:21:46+00:00</time>
      </trkpt>
      <trkpt lat="50.47643" lon="6.07236">
        <ele>592</ele>
        <time>2024-09-26T15:21:49+00:00</time>
      </trkpt>
      <trkpt lat="50.47626" lon="6.07242">
        <ele>592</ele>
        <time>2024-09-26T15:21:52+00:00</time>
      </trkpt>
      <trkpt lat="50.4762" lon="6.07245">
        <ele>592</ele>
        <time>2024-09-26T15:21:55+00:00</time>
      </trkpt>
      <trkpt lat="50.47594" lon="6.07257">
        <ele>591</ele>
        <time>2024-09-26T15:21:58+00:00</time>
      </trkpt>
      <trkpt lat="50.47586" lon="6.07257">
        <ele>588</ele>
        <time>2024-09-26T15:22:01+00:00</time>
      </trkpt>
      <trkpt lat="50.47585" lon="6.07245">
        <ele>588</ele>
        <time>2024-09-26T15:22:04+00:00</time>
      </trkpt>
      <trkpt lat="50.47586" lon="6.07233">
        <ele>588</ele>
        <time>2024-09-26T15:22:07+00:00</time>
      </trkpt>
      <trkpt lat="50.47592" lon="6.07186">
        <ele>588</ele>
        <time>2024-09-26T15:22:10+00:00</time>
      </trkpt>
      <trkpt lat="50.47593" lon="6.07154">
        <ele>588</ele>
        <time>2024-09-26T15:22:13+00:00</time>
      </trkpt>
      <trkpt lat="50.47578" lon="6.07106">
        <ele>589</ele>
        <time>2024-09-26T15:22:16+00:00</time>
      </trkpt>
      <trkpt lat="50.47573" lon="6.07084">
        <ele>590</ele>
        <time>2024-09-26T15:22:19+00:00</time>
      </trkpt>
      <trkpt lat="50.47565" lon="6.07064">
        <ele>589</ele>
        <time>2024-09-26T15:22:22+00:00</time>
      </trkpt>
      <trkpt lat="50.47552" lon="6.07024">
        <ele>589</ele>
        <time>2024-09-26T15:22:25+00:00</time>
      </trkpt>
      <trkpt lat="50.47542" lon="6.06977">
        <ele>589</ele>
        <time>2024-09-26T15:22:28+00:00</time>
      </trkpt>
      <trkpt lat="50.47541" lon="6.06963">
        <ele>586</ele>
        <time>2024-09-26T15:22:31+00:00</time>
      </trkpt>
      <trkpt lat="50.47536" lon="6.06943">
        <ele>583</ele>
        <time>2024-09-26T15:22:34+00:00</time>
      </trkpt>
      <trkpt lat="50.47528" lon="6.06918">
        <ele>585</ele>
        <time>2024-09-26T15:22:37+00:00</time>
      </trkpt>
      <trkpt lat="50.47519" lon="6.06883">
        <ele>587</ele>
        <time>2024-09-26T15:22:40+00:00</time>
      </trkpt>
      <trkpt lat="50.47505" lon="6.0686">
        <ele>588</ele>
        <time>2024-09-26T15:22:43+00:00</time>
      </trkpt>
      <trkpt lat="50.47481" lon="6.06825">
        <ele>588</ele>
        <time>2024-09-26T15:22:46+00:00</time>
      </trkpt>
      <trkpt lat="50.47457" lon="6.06789">
        <ele>585</ele>
        <time>2024-09-26T15:22:49+00:00</time>
      </trkpt>
      <trkpt lat="50.47432" lon="6.06753">
        <ele>578</ele>
        <time>2024-09-26T15:22:52+00:00</time>
      </trkpt>
      <trkpt lat="50.47398" lon="6.06702">
        <ele>573</ele>
        <time>2024-09-26T15:22:55+00:00</time>
      </trkpt>
      <trkpt lat="50.47368" lon="6.06662">
        <ele>571</ele>
        <time>2024-09-26T15:22:58+00:00</time>
      </trkpt>
      <trkpt lat="50.47367" lon="6.06658">
        <ele>571</ele>
        <time>2024-09-26T15:23:01+00:00</time>
      </trkpt>
      <trkpt lat="50.47359" lon="6.06642">
        <ele>571</ele>
        <time>2024-09-26T15:23:04+00:00</time>
      </trkpt>
      <trkpt lat="50.47356" lon="6.0664">
        <ele>571</ele>
        <time>2024-09-26T15:23:07+00:00</time>
      </trkpt>
      <trkpt lat="50.47342" lon="6.06621">
        <ele>571</ele>
        <time>2024-09-26T15:23:10+00:00</time>
      </trkpt>
      <trkpt lat="50.47334" lon="6.06609">
        <ele>570</ele>
        <time>2024-09-26T15:23:13+00:00</time>
      </trkpt>
      <trkpt lat="50.47331" lon="6.06602">
        <ele>570</ele>
        <time>2024-09-26T15:23:16+00:00</time>
      </trkpt>
      <trkpt lat="50.47325" lon="6.06592">
        <ele>571</ele>
        <time>2024-09-26T15:23:19+00:00</time>
      </trkpt>
      <trkpt lat="50.47313" lon="6.06588">
        <ele>576</ele>
        <time>2024-09-26T15:23:22+00:00</time>
      </trkpt>
      <trkpt lat="50.47302" lon="6.06592">
        <ele>572</ele>
        <time>2024-09-26T15:23:25+00:00</time>
      </trkpt>
      <trkpt lat="50.47287" lon="6.06601">
        <ele>571</ele>
        <time>2024-09-26T15:23:28+00:00</time>
      </trkpt>
      <trkpt lat="50.47277" lon="6.06605">
        <ele>572</ele>
        <time>2024-09-26T15:23:31+00:00</time>
      </trkpt>
      <trkpt lat="50.47267" lon="6.0661">
        <ele>571</ele>
        <time>2024-09-26T15:23:34+00:00</time>
      </trkpt>
      <trkpt lat="50.47239" lon="6.0662">
        <ele>571</ele>
        <time>2024-09-26T15:23:37+00:00</time>
      </trkpt>
      <trkpt lat="50.47216" lon="6.06633">
        <ele>570</ele>
        <time>2024-09-26T15:23:40+00:00</time>
      </trkpt>
      <trkpt lat="50.47186" lon="6.06645">
        <ele>566</ele>
        <time>2024-09-26T15:23:43+00:00</time>
      </trkpt>
      <trkpt lat="50.47168" lon="6.06656">
        <ele>566</ele>
        <time>2024-09-26T15:23:46+00:00</time>
      </trkpt>
      <trkpt lat="50.47161" lon="6.06656">
        <ele>565</ele>
        <time>2024-09-26T15:23:49+00:00</time>
      </trkpt>
      <trkpt lat="50.47154" lon="6.06667">
        <ele>566</ele>
        <time>2024-09-26T15:23:52+00:00</time>
      </trkpt>
      <trkpt lat="50.4714" lon="6.06667">
        <ele>566</ele>
        <time>2024-09-26T15:23:55+00:00</time>
      </trkpt>
      <trkpt lat="50.47125" lon="6.06685">
        <ele>567</ele>
        <time>2024-09-26T15:23:58+00:00</time>
      </trkpt>
      <trkpt lat="50.47103" lon="6.06709">
        <ele>567</ele>
        <time>2024-09-26T15:24:01+00:00</time>
      </trkpt>
      <trkpt lat="50.47085" lon="6.06731">
        <ele>565</ele>
        <time>2024-09-26T15:24:04+00:00</time>
      </trkpt>
      <trkpt lat="50.47066" lon="6.06753">
        <ele>564</ele>
        <time>2024-09-26T15:24:07+00:00</time>
      </trkpt>
      <trkpt lat="50.47046" lon="6.0678">
        <ele>563</ele>
        <time>2024-09-26T15:24:10+00:00</time>
      </trkpt>
      <trkpt lat="50.47017" lon="6.06817">
        <ele>562</ele>
        <time>2024-09-26T15:24:13+00:00</time>
      </trkpt>
      <trkpt lat="50.47002" lon="6.06835">
        <ele>561</ele>
        <time>2024-09-26T15:24:16+00:00</time>
      </trkpt>
      <trkpt lat="50.46984" lon="6.06858">
        <ele>561</ele>
        <time>2024-09-26T15:24:19+00:00</time>
      </trkpt>
      <trkpt lat="50.46962" lon="6.06886">
        <ele>561</ele>
        <time>2024-09-26T15:24:22+00:00</time>
      </trkpt>
      <trkpt lat="50.46938" lon="6.06926">
        <ele>559</ele>
        <time>2024-09-26T15:24:25+00:00</time>
      </trkpt>
      <trkpt lat="50.46926" lon="6.06936">
        <ele>558</ele>
        <time>2024-09-26T15:24:28+00:00</time>
      </trkpt>
      <trkpt lat="50.4692" lon="6.0695">
        <ele>559</ele>
        <time>2024-09-26T15:24:31+00:00</time>
      </trkpt>
      <trkpt lat="50.46908" lon="6.06976">
        <ele>559</ele>
        <time>2024-09-26T15:24:34+00:00</time>
      </trkpt>
      <trkpt lat="50.46898" lon="6.06996">
        <ele>558</ele>
        <time>2024-09-26T15:24:37+00:00</time>
      </trkpt>
      <trkpt lat="50.46887" lon="6.07018">
        <ele>555</ele>
        <time>2024-09-26T15:24:40+00:00</time>
      </trkpt>
      <trkpt lat="50.46876" lon="6.07043">
        <ele>553</ele>
        <time>2024-09-26T15:24:43+00:00</time>
      </trkpt>
      <trkpt lat="50.46865" lon="6.07052">
        <ele>552</ele>
        <time>2024-09-26T15:24:46+00:00</time>
      </trkpt>
      <trkpt lat="50.46857" lon="6.07061">
        <ele>552</ele>
        <time>2024-09-26T15:24:49+00:00</time>
      </trkpt>
      <trkpt lat="50.46846" lon="6.07068">
        <ele>551</ele>
        <time>2024-09-26T15:24:52+00:00</time>
      </trkpt>
      <trkpt lat="50.46827" lon="6.07076">
        <ele>549</ele>
        <time>2024-09-26T15:24:55+00:00</time>
      </trkpt>
      <trkpt lat="50.46802" lon="6.07079">
        <ele>548</ele>
        <time>2024-09-26T15:24:58+00:00</time>
      </trkpt>
      <trkpt lat="50.4678" lon="6.07079">
        <ele>541</ele>
        <time>2024-09-26T15:25:01+00:00</time>
      </trkpt>
      <trkpt lat="50.46775" lon="6.07078">
        <ele>541</ele>
        <time>2024-09-26T15:25:04+00:00</time>
      </trkpt>
      <trkpt lat="50.46763" lon="6.07076">
        <ele>540</ele>
        <time>2024-09-26T15:25:07+00:00</time>
      </trkpt>
      <trkpt lat="50.46752" lon="6.07069">
        <ele>538</ele>
        <time>2024-09-26T15:25:10+00:00</time>
      </trkpt>
      <trkpt lat="50.46741" lon="6.07062">
        <ele>536</ele>
        <time>2024-09-26T15:25:13+00:00</time>
      </trkpt>
      <trkpt lat="50.4673" lon="6.07063">
        <ele>535</ele>
        <time>2024-09-26T15:25:16+00:00</time>
      </trkpt>
      <trkpt lat="50.46724" lon="6.07076">
        <ele>534</ele>
        <time>2024-09-26T15:25:19+00:00</time>
      </trkpt>
      <trkpt lat="50.46723" lon="6.07087">
        <ele>535</ele>
        <time>2024-09-26T15:25:22+00:00</time>
      </trkpt>
      <trkpt lat="50.46733" lon="6.07122">
        <ele>539</ele>
        <time>2024-09-26T15:25:25+00:00</time>
      </trkpt>
      <trkpt lat="50.46736" lon="6.07138">
        <ele>539</ele>
        <time>2024-09-26T15:25:28+00:00</time>
      </trkpt>
      <trkpt lat="50.46742" lon="6.0716">
        <ele>542</ele>
        <time>2024-09-26T15:25:31+00:00</time>
      </trkpt>
      <trkpt lat="50.46752" lon="6.07182">
        <ele>543</ele>
        <time>2024-09-26T15:25:34+00:00</time>
      </trkpt>
      <trkpt lat="50.46753" lon="6.07192">
        <ele>544</ele>
        <time>2024-09-26T15:25:37+00:00</time>
      </trkpt>
      <trkpt lat="50.46761" lon="6.07217">
        <ele>545</ele>
        <time>2024-09-26T15:25:40+00:00</time>
      </trkpt>
      <trkpt lat="50.46777" lon="6.07239">
        <ele>544</ele>
        <time>2024-09-26T15:25:43+00:00</time>
      </trkpt>
      <trkpt lat="50.46793" lon="6.07259">
        <ele>544</ele>
        <time>2024-09-26T15:25:46+00:00</time>
      </trkpt>
      <trkpt lat="50.46806" lon="6.07281">
        <ele>543</ele>
        <time>2024-09-26T15:25:49+00:00</time>
      </trkpt>
      <trkpt lat="50.46822" lon="6.0729">
        <ele>537</ele>
        <time>2024-09-26T15:25:52+00:00</time>
      </trkpt>
      <trkpt lat="50.46831" lon="6.07313">
        <ele>541</ele>
        <time>2024-09-26T15:25:55+00:00</time>
      </trkpt>
      <trkpt lat="50.46818" lon="6.07377">
        <ele>541</ele>
        <time>2024-09-26T15:25:58+00:00</time>
      </trkpt>
      <trkpt lat="50.46793" lon="6.07375">
        <ele>542</ele>
        <time>2024-09-26T15:26:01+00:00</time>
      </trkpt>
      <trkpt lat="50.46754" lon="6.07365">
        <ele>542</ele>
        <time>2024-09-26T15:26:04+00:00</time>
      </trkpt>
      <trkpt lat="50.46734" lon="6.07362">
        <ele>541</ele>
        <time>2024-09-26T15:26:07+00:00</time>
      </trkpt>
      <trkpt lat="50.46712" lon="6.07363">
        <ele>536</ele>
        <time>2024-09-26T15:26:10+00:00</time>
      </trkpt>
      <trkpt lat="50.46697" lon="6.07382">
        <ele>534</ele>
        <time>2024-09-26T15:26:13+00:00</time>
      </trkpt>
      <trkpt lat="50.46689" lon="6.07393">
        <ele>533</ele>
        <time>2024-09-26T15:26:16+00:00</time>
      </trkpt>
      <trkpt lat="50.46678" lon="6.07421">
        <ele>534</ele>
        <time>2024-09-26T15:26:19+00:00</time>
      </trkpt>
      <trkpt lat="50.46677" lon="6.07443">
        <ele>535</ele>
        <time>2024-09-26T15:26:22+00:00</time>
      </trkpt>
      <trkpt lat="50.46674" lon="6.07462">
        <ele>537</ele>
        <time>2024-09-26T15:26:25+00:00</time>
      </trkpt>
      <trkpt lat="50.46669" lon="6.07481">
        <ele>537</ele>
        <time>2024-09-26T15:26:28+00:00</time>
      </trkpt>
      <trkpt lat="50.46663" lon="6.07501">
        <ele>537</ele>
        <time>2024-09-26T15:26:31+00:00</time>
      </trkpt>
      <trkpt lat="50.4666" lon="6.07516">
        <ele>533</ele>
        <time>2024-09-26T15:26:34+00:00</time>
      </trkpt>
      <trkpt lat="50.46659" lon="6.0753">
        <ele>532</ele>
        <time>2024-09-26T15:26:37+00:00</time>
      </trkpt>
      <trkpt lat="50.46657" lon="6.07553">
        <ele>528</ele>
        <time>2024-09-26T15:26:40+00:00</time>
      </trkpt>
      <trkpt lat="50.46662" lon="6.07586">
        <ele>526</ele>
        <time>2024-09-26T15:26:43+00:00</time>
      </trkpt>
      <trkpt lat="50.46653" lon="6.07595">
        <ele>524</ele>
        <time>2024-09-26T15:26:46+00:00</time>
      </trkpt>
      <trkpt lat="50.46649" lon="6.07604">
        <ele>523</ele>
        <time>2024-09-26T15:26:49+00:00</time>
      </trkpt>
      <trkpt lat="50.46642" lon="6.07607">
        <ele>523</ele>
        <time>2024-09-26T15:26:52+00:00</time>
      </trkpt>
      <trkpt lat="50.46633" lon="6.07614">
        <ele>523</ele>
        <time>2024-09-26T15:26:55+00:00</time>
      </trkpt>
      <trkpt lat="50.4662" lon="6.07633">
        <ele>522</ele>
        <time>2024-09-26T15:26:58+00:00</time>
      </trkpt>
      <trkpt lat="50.46611" lon="6.07651">
        <ele>521</ele>
        <time>2024-09-26T15:27:01+00:00</time>
      </trkpt>
      <trkpt lat="50.466" lon="6.07662">
        <ele>521</ele>
        <time>2024-09-26T15:27:04+00:00</time>
      </trkpt>
      <trkpt lat="50.46592" lon="6.07678">
        <ele>521</ele>
        <time>2024-09-26T15:27:07+00:00</time>
      </trkpt>
      <trkpt lat="50.46599" lon="6.077">
        <ele>520</ele>
        <time>2024-09-26T15:27:10+00:00</time>
      </trkpt>
      <trkpt lat="50.46602" lon="6.0772">
        <ele>517</ele>
        <time>2024-09-26T15:27:13+00:00</time>
      </trkpt>
      <trkpt lat="50.46596" lon="6.07737">
        <ele>514</ele>
        <time>2024-09-26T15:27:16+00:00</time>
      </trkpt>
      <trkpt lat="50.46594" lon="6.0775">
        <ele>512</ele>
        <time>2024-09-26T15:27:19+00:00</time>
      </trkpt>
      <trkpt lat="50.46586" lon="6.07764">
        <ele>508</ele>
        <time>2024-09-26T15:27:22+00:00</time>
      </trkpt>
      <trkpt lat="50.46581" lon="6.07785">
        <ele>507</ele>
        <time>2024-09-26T15:27:25+00:00</time>
      </trkpt>
      <trkpt lat="50.46572" lon="6.0781">
        <ele>503</ele>
        <time>2024-09-26T15:27:28+00:00</time>
      </trkpt>
      <trkpt lat="50.46568" lon="6.0782">
        <ele>502</ele>
        <time>2024-09-26T15:27:31+00:00</time>
      </trkpt>
      <trkpt lat="50.46556" lon="6.07844">
        <ele>500</ele>
        <time>2024-09-26T15:27:34+00:00</time>
      </trkpt>
      <trkpt lat="50.46548" lon="6.07859">
        <ele>499</ele>
        <time>2024-09-26T15:27:37+00:00</time>
      </trkpt>
      <trkpt lat="50.46542" lon="6.07863">
        <ele>500</ele>
        <time>2024-09-26T15:27:40+00:00</time>
      </trkpt>
      <trkpt lat="50.4653" lon="6.07877">
        <ele>498</ele>
        <time>2024-09-26T15:27:43+00:00</time>
      </trkpt>
      <trkpt lat="50.46513" lon="6.07896">
        <ele>500</ele>
        <time>2024-09-26T15:27:46+00:00</time>
      </trkpt>
      <trkpt lat="50.46493" lon="6.07922">
        <ele>504</ele>
        <time>2024-09-26T15:27:49+00:00</time>
      </trkpt>
      <trkpt lat="50.46484" lon="6.07947">
        <ele>503</ele>
        <time>2024-09-26T15:27:52+00:00</time>
      </trkpt>
      <trkpt lat="50.46486" lon="6.0796">
        <ele>504</ele>
        <time>2024-09-26T15:27:55+00:00</time>
      </trkpt>
      <trkpt lat="50.46484" lon="6.0798">
        <ele>503</ele>
        <time>2024-09-26T15:27:58+00:00</time>
      </trkpt>
      <trkpt lat="50.46484" lon="6.07991">
        <ele>502</ele>
        <time>2024-09-26T15:28:01+00:00</time>
      </trkpt>
      <trkpt lat="50.46484" lon="6.08028">
        <ele>499</ele>
        <time>2024-09-26T15:28:04+00:00</time>
      </trkpt>
      <trkpt lat="50.46483" lon="6.0806">
        <ele>496</ele>
        <time>2024-09-26T15:28:07+00:00</time>
      </trkpt>
      <trkpt lat="50.46479" lon="6.08093">
        <ele>492</ele>
        <time>2024-09-26T15:28:10+00:00</time>
      </trkpt>
      <trkpt lat="50.46466" lon="6.08111">
        <ele>490</ele>
        <time>2024-09-26T15:28:13+00:00</time>
      </trkpt>
      <trkpt lat="50.46454" lon="6.08128">
        <ele>487</ele>
        <time>2024-09-26T15:28:16+00:00</time>
      </trkpt>
      <trkpt lat="50.46444" lon="6.08145">
        <ele>485</ele>
        <time>2024-09-26T15:28:19+00:00</time>
      </trkpt>
      <trkpt lat="50.46427" lon="6.08152">
        <ele>481</ele>
        <time>2024-09-26T15:28:22+00:00</time>
      </trkpt>
      <trkpt lat="50.464" lon="6.08173">
        <ele>480</ele>
        <time>2024-09-26T15:28:25+00:00</time>
      </trkpt>
      <trkpt lat="50.46388" lon="6.08155">
        <ele>476</ele>
        <time>2024-09-26T15:28:28+00:00</time>
      </trkpt>
      <trkpt lat="50.46379" lon="6.08153">
        <ele>476</ele>
        <time>2024-09-26T15:28:31+00:00</time>
      </trkpt>
      <trkpt lat="50.46369" lon="6.08154">
        <ele>476</ele>
        <time>2024-09-26T15:28:34+00:00</time>
      </trkpt>
      <trkpt lat="50.46349" lon="6.08155">
        <ele>476</ele>
        <time>2024-09-26T15:28:37+00:00</time>
      </trkpt>
      <trkpt lat="50.46335" lon="6.08147">
        <ele>472</ele>
        <time>2024-09-26T15:28:40+00:00</time>
      </trkpt>
      <trkpt lat="50.46323" lon="6.0814">
        <ele>464</ele>
        <time>2024-09-26T15:28:43+00:00</time>
      </trkpt>
      <trkpt lat="50.46314" lon="6.08134">
        <ele>468</ele>
        <time>2024-09-26T15:28:46+00:00</time>
      </trkpt>
      <trkpt lat="50.46307" lon="6.08126">
        <ele>461</ele>
        <time>2024-09-26T15:28:49+00:00</time>
      </trkpt>
      <trkpt lat="50.46337" lon="6.08126">
        <ele>460</ele>
        <time>2024-09-26T15:28:52+00:00</time>
      </trkpt>
      <trkpt lat="50.46362" lon="6.08118">
        <ele>460</ele>
        <time>2024-09-26T15:28:55+00:00</time>
      </trkpt>
      <trkpt lat="50.46387" lon="6.08105">
        <ele>459</ele>
        <time>2024-09-26T15:28:58+00:00</time>
      </trkpt>
      <trkpt lat="50.46405" lon="6.08092">
        <ele>459</ele>
        <time>2024-09-26T15:29:01+00:00</time>
      </trkpt>
      <trkpt lat="50.46416" lon="6.08084">
        <ele>460</ele>
        <time>2024-09-26T15:29:04+00:00</time>
      </trkpt>
      <trkpt lat="50.46423" lon="6.08067">
        <ele>460</ele>
        <time>2024-09-26T15:29:07+00:00</time>
      </trkpt>
      <trkpt lat="50.46427" lon="6.08046">
        <ele>460</ele>
        <time>2024-09-26T15:29:10+00:00</time>
      </trkpt>
      <trkpt lat="50.46427" lon="6.08023">
        <ele>467</ele>
        <time>2024-09-26T15:29:13+00:00</time>
      </trkpt>
      <trkpt lat="50.46422" lon="6.07994">
        <ele>478</ele>
        <time>2024-09-26T15:29:16+00:00</time>
      </trkpt>
      <trkpt lat="50.46415" lon="6.07977">
        <ele>478</ele>
        <time>2024-09-26T15:29:19+00:00</time>
      </trkpt>
      <trkpt lat="50.46407" lon="6.0795">
        <ele>479</ele>
        <time>2024-09-26T15:29:22+00:00</time>
      </trkpt>
      <trkpt lat="50.46401" lon="6.07923">
        <ele>479</ele>
        <time>2024-09-26T15:29:25+00:00</time>
      </trkpt>
      <trkpt lat="50.46401" lon="6.07898">
        <ele>480</ele>
        <time>2024-09-26T15:29:28+00:00</time>
      </trkpt>
      <trkpt lat="50.46403" lon="6.07874">
        <ele>479</ele>
        <time>2024-09-26T15:29:31+00:00</time>
      </trkpt>
      <trkpt lat="50.46406" lon="6.07845">
        <ele>478</ele>
        <time>2024-09-26T15:29:34+00:00</time>
      </trkpt>
      <trkpt lat="50.4639" lon="6.07823">
        <ele>477</ele>
        <time>2024-09-26T15:29:37+00:00</time>
      </trkpt>
      <trkpt lat="50.46376" lon="6.07788">
        <ele>477</ele>
        <time>2024-09-26T15:29:40+00:00</time>
      </trkpt>
      <trkpt lat="50.46358" lon="6.07789">
        <ele>479</ele>
        <time>2024-09-26T15:29:43+00:00</time>
      </trkpt>
      <trkpt lat="50.46334" lon="6.07764">
        <ele>481</ele>
        <time>2024-09-26T15:29:46+00:00</time>
      </trkpt>
      <trkpt lat="50.46309" lon="6.0774">
        <ele>485</ele>
        <time>2024-09-26T15:29:49+00:00</time>
      </trkpt>
      <trkpt lat="50.46285" lon="6.07716">
        <ele>488</ele>
        <time>2024-09-26T15:29:52+00:00</time>
      </trkpt>
      <trkpt lat="50.46254" lon="6.07702">
        <ele>490</ele>
        <time>2024-09-26T15:29:55+00:00</time>
      </trkpt>
      <trkpt lat="50.46228" lon="6.07678">
        <ele>492</ele>
        <time>2024-09-26T15:29:58+00:00</time>
      </trkpt>
      <trkpt lat="50.46202" lon="6.07653">
        <ele>494</ele>
        <time>2024-09-26T15:30:01+00:00</time>
      </trkpt>
      <trkpt lat="50.46165" lon="6.07618">
        <ele>498</ele>
        <time>2024-09-26T15:30:04+00:00</time>
      </trkpt>
      <trkpt lat="50.46137" lon="6.07632">
        <ele>500</ele>
        <time>2024-09-26T15:30:07+00:00</time>
      </trkpt>
      <trkpt lat="50.46128" lon="6.07638">
        <ele>502</ele>
        <time>2024-09-26T15:30:10+00:00</time>
      </trkpt>
      <trkpt lat="50.46115" lon="6.07639">
        <ele>503</ele>
        <time>2024-09-26T15:30:13+00:00</time>
      </trkpt>
      <trkpt lat="50.461" lon="6.07639">
        <ele>503</ele>
        <time>2024-09-26T15:30:16+00:00</time>
      </trkpt>
      <trkpt lat="50.46089" lon="6.07639">
        <ele>505</ele>
        <time>2024-09-26T15:30:19+00:00</time>
      </trkpt>
      <trkpt lat="50.46086" lon="6.07637">
        <ele>505</ele>
        <time>2024-09-26T15:30:22+00:00</time>
      </trkpt>
      <trkpt lat="50.46076" lon="6.07637">
        <ele>507</ele>
        <time>2024-09-26T15:30:25+00:00</time>
      </trkpt>
      <trkpt lat="50.46068" lon="6.0764">
        <ele>507</ele>
        <time>2024-09-26T15:30:28+00:00</time>
      </trkpt>
      <trkpt lat="50.46055" lon="6.07641">
        <ele>508</ele>
        <time>2024-09-26T15:30:31+00:00</time>
      </trkpt>
      <trkpt lat="50.46045" lon="6.07639">
        <ele>510</ele>
        <time>2024-09-26T15:30:34+00:00</time>
      </trkpt>
      <trkpt lat="50.46039" lon="6.07642">
        <ele>511</ele>
        <time>2024-09-26T15:30:37+00:00</time>
      </trkpt>
      <trkpt lat="50.46035" lon="6.07642">
        <ele>511</ele>
        <time>2024-09-26T15:30:40+00:00</time>
      </trkpt>
      <trkpt lat="50.4603" lon="6.07641">
        <ele>513</ele>
        <time>2024-09-26T15:30:43+00:00</time>
      </trkpt>
      <trkpt lat="50.46023" lon="6.0764">
        <ele>513</ele>
        <time>2024-09-26T15:30:46+00:00</time>
      </trkpt>
      <trkpt lat="50.46011" lon="6.07638">
        <ele>515</ele>
        <time>2024-09-26T15:30:49+00:00</time>
      </trkpt>
      <trkpt lat="50.46008" lon="6.07639">
        <ele>515</ele>
        <time>2024-09-26T15:30:52+00:00</time>
      </trkpt>
      <trkpt lat="50.46003" lon="6.07637">
        <ele>515</ele>
        <time>2024-09-26T15:30:55+00:00</time>
      </trkpt>
      <trkpt lat="50.45998" lon="6.07627">
        <ele>516</ele>
        <time>2024-09-26T15:30:58+00:00</time>
      </trkpt>
      <trkpt lat="50.45996" lon="6.07619">
        <ele>516</ele>
        <time>2024-09-26T15:31:01+00:00</time>
      </trkpt>
      <trkpt lat="50.45991" lon="6.07584">
        <ele>517</ele>
        <time>2024-09-26T15:31:04+00:00</time>
      </trkpt>
      <trkpt lat="50.45987" lon="6.07571">
        <ele>517</ele>
        <time>2024-09-26T15:31:07+00:00</time>
      </trkpt>
      <trkpt lat="50.45986" lon="6.07563">
        <ele>518</ele>
        <time>2024-09-26T15:31:10+00:00</time>
      </trkpt>
      <trkpt lat="50.4598" lon="6.07546">
        <ele>518</ele>
        <time>2024-09-26T15:31:13+00:00</time>
      </trkpt>
      <trkpt lat="50.45973" lon="6.07537">
        <ele>518</ele>
        <time>2024-09-26T15:31:16+00:00</time>
      </trkpt>
      <trkpt lat="50.45963" lon="6.07532">
        <ele>519</ele>
        <time>2024-09-26T15:31:19+00:00</time>
      </trkpt>
      <trkpt lat="50.45946" lon="6.07518">
        <ele>519</ele>
        <time>2024-09-26T15:31:22+00:00</time>
      </trkpt>
      <trkpt lat="50.45938" lon="6.07509">
        <ele>519</ele>
        <time>2024-09-26T15:31:25+00:00</time>
      </trkpt>
      <trkpt lat="50.45931" lon="6.07507">
        <ele>519</ele>
        <time>2024-09-26T15:31:28+00:00</time>
      </trkpt>
      <trkpt lat="50.45928" lon="6.07508">
        <ele>521</ele>
        <time>2024-09-26T15:31:31+00:00</time>
      </trkpt>
      <trkpt lat="50.45905" lon="6.07524">
        <ele>519</ele>
        <time>2024-09-26T15:31:34+00:00</time>
      </trkpt>
      <trkpt lat="50.4589" lon="6.07529">
        <ele>520</ele>
        <time>2024-09-26T15:31:37+00:00</time>
      </trkpt>
      <trkpt lat="50.45872" lon="6.07532">
        <ele>519</ele>
        <time>2024-09-26T15:31:40+00:00</time>
      </trkpt>
      <trkpt lat="50.4585" lon="6.07534">
        <ele>519</ele>
        <time>2024-09-26T15:31:43+00:00</time>
      </trkpt>
      <trkpt lat="50.45849" lon="6.07504">
        <ele>519</ele>
        <time>2024-09-26T15:31:46+00:00</time>
      </trkpt>
      <trkpt lat="50.45843" lon="6.07451">
        <ele>520</ele>
        <time>2024-09-26T15:31:49+00:00</time>
      </trkpt>
      <trkpt lat="50.4584" lon="6.07426">
        <ele>521</ele>
        <time>2024-09-26T15:31:52+00:00</time>
      </trkpt>
      <trkpt lat="50.45836" lon="6.07401">
        <ele>522</ele>
        <time>2024-09-26T15:31:55+00:00</time>
      </trkpt>
      <trkpt lat="50.45831" lon="6.0737">
        <ele>522</ele>
        <time>2024-09-26T15:31:58+00:00</time>
      </trkpt>
      <trkpt lat="50.45828" lon="6.07347">
        <ele>522</ele>
        <time>2024-09-26T15:32:01+00:00</time>
      </trkpt>
      <trkpt lat="50.45827" lon="6.07318">
        <ele>521</ele>
        <time>2024-09-26T15:32:04+00:00</time>
      </trkpt>
      <trkpt lat="50.45825" lon="6.07292">
        <ele>521</ele>
        <time>2024-09-26T15:32:07+00:00</time>
      </trkpt>
      <trkpt lat="50.45825" lon="6.07259">
        <ele>521</ele>
        <time>2024-09-26T15:32:10+00:00</time>
      </trkpt>
      <trkpt lat="50.45824" lon="6.07227">
        <ele>521</ele>
        <time>2024-09-26T15:32:13+00:00</time>
      </trkpt>
      <trkpt lat="50.45817" lon="6.07183">
        <ele>521</ele>
        <time>2024-09-26T15:32:16+00:00</time>
      </trkpt>
      <trkpt lat="50.45811" lon="6.07158">
        <ele>521</ele>
        <time>2024-09-26T15:32:19+00:00</time>
      </trkpt>
      <trkpt lat="50.458" lon="6.07113">
        <ele>521</ele>
        <time>2024-09-26T15:32:22+00:00</time>
      </trkpt>
      <trkpt lat="50.45795" lon="6.07088">
        <ele>520</ele>
        <time>2024-09-26T15:32:25+00:00</time>
      </trkpt>
      <trkpt lat="50.4578" lon="6.0706">
        <ele>519</ele>
        <time>2024-09-26T15:32:28+00:00</time>
      </trkpt>
      <trkpt lat="50.45768" lon="6.07041">
        <ele>521</ele>
        <time>2024-09-26T15:32:31+00:00</time>
      </trkpt>
      <trkpt lat="50.45754" lon="6.07025">
        <ele>519</ele>
        <time>2024-09-26T15:32:34+00:00</time>
      </trkpt>
      <trkpt lat="50.45736" lon="6.07003">
        <ele>519</ele>
        <time>2024-09-26T15:32:37+00:00</time>
      </trkpt>
      <trkpt lat="50.45707" lon="6.06967">
        <ele>519</ele>
        <time>2024-09-26T15:32:40+00:00</time>
      </trkpt>
      <trkpt lat="50.45695" lon="6.0695">
        <ele>518</ele>
        <time>2024-09-26T15:32:43+00:00</time>
      </trkpt>
      <trkpt lat="50.45685" lon="6.06934">
        <ele>519</ele>
        <time>2024-09-26T15:32:46+00:00</time>
      </trkpt>
      <trkpt lat="50.45681" lon="6.06934">
        <ele>519</ele>
        <time>2024-09-26T15:32:49+00:00</time>
      </trkpt>
      <trkpt lat="50.45666" lon="6.06935">
        <ele>521</ele>
        <time>2024-09-26T15:32:52+00:00</time>
      </trkpt>
      <trkpt lat="50.45659" lon="6.0694">
        <ele>521</ele>
        <time>2024-09-26T15:32:55+00:00</time>
      </trkpt>
      <trkpt lat="50.4565" lon="6.06939">
        <ele>521</ele>
        <time>2024-09-26T15:32:58+00:00</time>
      </trkpt>
      <trkpt lat="50.45646" lon="6.06933">
        <ele>521</ele>
        <time>2024-09-26T15:33:01+00:00</time>
      </trkpt>
      <trkpt lat="50.45642" lon="6.06924">
        <ele>521</ele>
        <time>2024-09-26T15:33:04+00:00</time>
      </trkpt>
      <trkpt lat="50.45629" lon="6.06891">
        <ele>521</ele>
        <time>2024-09-26T15:33:07+00:00</time>
      </trkpt>
      <trkpt lat="50.45629" lon="6.06883">
        <ele>522</ele>
        <time>2024-09-26T15:33:10+00:00</time>
      </trkpt>
      <trkpt lat="50.45628" lon="6.06862">
        <ele>521</ele>
        <time>2024-09-26T15:33:13+00:00</time>
      </trkpt>
      <trkpt lat="50.45624" lon="6.0684">
        <ele>521</ele>
        <time>2024-09-26T15:33:16+00:00</time>
      </trkpt>
      <trkpt lat="50.45626" lon="6.06823">
        <ele>521</ele>
        <time>2024-09-26T15:33:19+00:00</time>
      </trkpt>
      <trkpt lat="50.45623" lon="6.06816">
        <ele>521</ele>
        <time>2024-09-26T15:33:22+00:00</time>
      </trkpt>
      <trkpt lat="50.45622" lon="6.06782">
        <ele>519</ele>
        <time>2024-09-26T15:33:25+00:00</time>
      </trkpt>
      <trkpt lat="50.4562" lon="6.06748">
        <ele>519</ele>
        <time>2024-09-26T15:33:28+00:00</time>
      </trkpt>
      <trkpt lat="50.4558" lon="6.06763">
        <ele>517</ele>
        <time>2024-09-26T15:33:31+00:00</time>
      </trkpt>
      <trkpt lat="50.45547" lon="6.06778">
        <ele>515</ele>
        <time>2024-09-26T15:33:34+00:00</time>
      </trkpt>
      <trkpt lat="50.4554" lon="6.06779">
        <ele>515</ele>
        <time>2024-09-26T15:33:37+00:00</time>
      </trkpt>
      <trkpt lat="50.45532" lon="6.06778">
        <ele>515</ele>
        <time>2024-09-26T15:33:40+00:00</time>
      </trkpt>
      <trkpt lat="50.45524" lon="6.06778">
        <ele>514</ele>
        <time>2024-09-26T15:33:43+00:00</time>
      </trkpt>
      <trkpt lat="50.45512" lon="6.06779">
        <ele>512</ele>
        <time>2024-09-26T15:33:46+00:00</time>
      </trkpt>
      <trkpt lat="50.45484" lon="6.06775">
        <ele>510</ele>
        <time>2024-09-26T15:33:49+00:00</time>
      </trkpt>
      <trkpt lat="50.4547" lon="6.06772">
        <ele>509</ele>
        <time>2024-09-26T15:33:52+00:00</time>
      </trkpt>
      <trkpt lat="50.45456" lon="6.0677">
        <ele>507</ele>
        <time>2024-09-26T15:33:55+00:00</time>
      </trkpt>
      <trkpt lat="50.45448" lon="6.06768">
        <ele>506</ele>
        <time>2024-09-26T15:33:58+00:00</time>
      </trkpt>
      <trkpt lat="50.45429" lon="6.06764">
        <ele>505</ele>
        <time>2024-09-26T15:34:01+00:00</time>
      </trkpt>
      <trkpt lat="50.45412" lon="6.06758">
        <ele>504</ele>
        <time>2024-09-26T15:34:04+00:00</time>
      </trkpt>
      <trkpt lat="50.45397" lon="6.06748">
        <ele>503</ele>
        <time>2024-09-26T15:34:07+00:00</time>
      </trkpt>
      <trkpt lat="50.45377" lon="6.06737">
        <ele>502</ele>
        <time>2024-09-26T15:34:10+00:00</time>
      </trkpt>
      <trkpt lat="50.45371" lon="6.06731">
        <ele>502</ele>
        <time>2024-09-26T15:34:13+00:00</time>
      </trkpt>
      <trkpt lat="50.45358" lon="6.0672">
        <ele>502</ele>
        <time>2024-09-26T15:34:16+00:00</time>
      </trkpt>
      <trkpt lat="50.45342" lon="6.06708">
        <ele>502</ele>
        <time>2024-09-26T15:34:19+00:00</time>
      </trkpt>
      <trkpt lat="50.45326" lon="6.06692">
        <ele>498</ele>
        <time>2024-09-26T15:34:22+00:00</time>
      </trkpt>
      <trkpt lat="50.4532" lon="6.06684">
        <ele>498</ele>
        <time>2024-09-26T15:34:25+00:00</time>
      </trkpt>
      <trkpt lat="50.45306" lon="6.06657">
        <ele>494</ele>
        <time>2024-09-26T15:34:28+00:00</time>
      </trkpt>
      <trkpt lat="50.45299" lon="6.06647">
        <ele>493</ele>
        <time>2024-09-26T15:34:31+00:00</time>
      </trkpt>
      <trkpt lat="50.45287" lon="6.06625">
        <ele>493</ele>
        <time>2024-09-26T15:34:34+00:00</time>
      </trkpt>
      <trkpt lat="50.45277" lon="6.06601">
        <ele>493</ele>
        <time>2024-09-26T15:34:37+00:00</time>
      </trkpt>
      <trkpt lat="50.45266" lon="6.06568">
        <ele>489</ele>
        <time>2024-09-26T15:34:40+00:00</time>
      </trkpt>
      <trkpt lat="50.4526" lon="6.06541">
        <ele>489</ele>
        <time>2024-09-26T15:34:43+00:00</time>
      </trkpt>
      <trkpt lat="50.45256" lon="6.06513">
        <ele>491</ele>
        <time>2024-09-26T15:34:46+00:00</time>
      </trkpt>
      <trkpt lat="50.45253" lon="6.06497">
        <ele>490</ele>
        <time>2024-09-26T15:34:49+00:00</time>
      </trkpt>
      <trkpt lat="50.4525" lon="6.06489">
        <ele>492</ele>
        <time>2024-09-26T15:34:52+00:00</time>
      </trkpt>
      <trkpt lat="50.45247" lon="6.06481">
        <ele>493</ele>
        <time>2024-09-26T15:34:55+00:00</time>
      </trkpt>
      <trkpt lat="50.45232" lon="6.06451">
        <ele>495</ele>
        <time>2024-09-26T15:34:58+00:00</time>
      </trkpt>
      <trkpt lat="50.45228" lon="6.06443">
        <ele>495</ele>
        <time>2024-09-26T15:35:01+00:00</time>
      </trkpt>
      <trkpt lat="50.45223" lon="6.06437">
        <ele>496</ele>
        <time>2024-09-26T15:35:04+00:00</time>
      </trkpt>
      <trkpt lat="50.45216" lon="6.06431">
        <ele>495</ele>
        <time>2024-09-26T15:35:07+00:00</time>
      </trkpt>
      <trkpt lat="50.45208" lon="6.06429">
        <ele>496</ele>
        <time>2024-09-26T15:35:10+00:00</time>
      </trkpt>
      <trkpt lat="50.45201" lon="6.06431">
        <ele>495</ele>
        <time>2024-09-26T15:35:13+00:00</time>
      </trkpt>
      <trkpt lat="50.45177" lon="6.06439">
        <ele>491</ele>
        <time>2024-09-26T15:35:16+00:00</time>
      </trkpt>
      <trkpt lat="50.45171" lon="6.06442">
        <ele>491</ele>
        <time>2024-09-26T15:35:19+00:00</time>
      </trkpt>
      <trkpt lat="50.45165" lon="6.06446">
        <ele>492</ele>
        <time>2024-09-26T15:35:22+00:00</time>
      </trkpt>
      <trkpt lat="50.45162" lon="6.06448">
        <ele>492</ele>
        <time>2024-09-26T15:35:25+00:00</time>
      </trkpt>
      <trkpt lat="50.45156" lon="6.06452">
        <ele>491</ele>
        <time>2024-09-26T15:35:28+00:00</time>
      </trkpt>
      <trkpt lat="50.45148" lon="6.06453">
        <ele>489</ele>
        <time>2024-09-26T15:35:31+00:00</time>
      </trkpt>
      <trkpt lat="50.45132" lon="6.06445">
        <ele>488</ele>
        <time>2024-09-26T15:35:34+00:00</time>
      </trkpt>
      <trkpt lat="50.45114" lon="6.06427">
        <ele>482</ele>
        <time>2024-09-26T15:35:37+00:00</time>
      </trkpt>
      <trkpt lat="50.45101" lon="6.06413">
        <ele>479</ele>
        <time>2024-09-26T15:35:40+00:00</time>
      </trkpt>
      <trkpt lat="50.45084" lon="6.06393">
        <ele>473</ele>
        <time>2024-09-26T15:35:43+00:00</time>
      </trkpt>
      <trkpt lat="50.45077" lon="6.06379">
        <ele>469</ele>
        <time>2024-09-26T15:35:46+00:00</time>
      </trkpt>
      <trkpt lat="50.45075" lon="6.06369">
        <ele>468</ele>
        <time>2024-09-26T15:35:49+00:00</time>
      </trkpt>
      <trkpt lat="50.45075" lon="6.06356">
        <ele>466</ele>
        <time>2024-09-26T15:35:52+00:00</time>
      </trkpt>
      <trkpt lat="50.45077" lon="6.06347">
        <ele>464</ele>
        <time>2024-09-26T15:35:55+00:00</time>
      </trkpt>
      <trkpt lat="50.4508" lon="6.06344">
        <ele>464</ele>
        <time>2024-09-26T15:35:58+00:00</time>
      </trkpt>
      <trkpt lat="50.45088" lon="6.06339">
        <ele>468</ele>
        <time>2024-09-26T15:36:01+00:00</time>
      </trkpt>
      <trkpt lat="50.45093" lon="6.06336">
        <ele>467</ele>
        <time>2024-09-26T15:36:04+00:00</time>
      </trkpt>
      <trkpt lat="50.451" lon="6.06334">
        <ele>467</ele>
        <time>2024-09-26T15:36:07+00:00</time>
      </trkpt>
      <trkpt lat="50.45107" lon="6.06331">
        <ele>468</ele>
        <time>2024-09-26T15:36:10+00:00</time>
      </trkpt>
      <trkpt lat="50.45118" lon="6.06325">
        <ele>466</ele>
        <time>2024-09-26T15:36:13+00:00</time>
      </trkpt>
      <trkpt lat="50.45122" lon="6.06321">
        <ele>467</ele>
        <time>2024-09-26T15:36:16+00:00</time>
      </trkpt>
      <trkpt lat="50.45123" lon="6.06317">
        <ele>466</ele>
        <time>2024-09-26T15:36:19+00:00</time>
      </trkpt>
      <trkpt lat="50.45125" lon="6.06312">
        <ele>466</ele>
        <time>2024-09-26T15:36:22+00:00</time>
      </trkpt>
      <trkpt lat="50.45133" lon="6.0628">
        <ele>461</ele>
        <time>2024-09-26T15:36:25+00:00</time>
      </trkpt>
      <trkpt lat="50.45142" lon="6.06251">
        <ele>458</ele>
        <time>2024-09-26T15:36:28+00:00</time>
      </trkpt>
      <trkpt lat="50.45144" lon="6.06221">
        <ele>452</ele>
        <time>2024-09-26T15:36:31+00:00</time>
      </trkpt>
      <trkpt lat="50.45146" lon="6.06212">
        <ele>450</ele>
        <time>2024-09-26T15:36:34+00:00</time>
      </trkpt>
      <trkpt lat="50.45147" lon="6.06209">
        <ele>449</ele>
        <time>2024-09-26T15:36:37+00:00</time>
      </trkpt>
      <trkpt lat="50.45147" lon="6.06206">
        <ele>449</ele>
        <time>2024-09-26T15:36:40+00:00</time>
      </trkpt>
      <trkpt lat="50.45143" lon="6.062">
        <ele>447</ele>
        <time>2024-09-26T15:36:43+00:00</time>
      </trkpt>
      <trkpt lat="50.45138" lon="6.0619">
        <ele>444</ele>
        <time>2024-09-26T15:36:46+00:00</time>
      </trkpt>
      <trkpt lat="50.45127" lon="6.06192">
        <ele>443</ele>
        <time>2024-09-26T15:36:49+00:00</time>
      </trkpt>
      <trkpt lat="50.45102" lon="6.06205">
        <ele>440</ele>
        <time>2024-09-26T15:36:52+00:00</time>
      </trkpt>
      <trkpt lat="50.45091" lon="6.06206">
        <ele>436</ele>
        <time>2024-09-26T15:36:55+00:00</time>
      </trkpt>
      <trkpt lat="50.45085" lon="6.06202">
        <ele>433</ele>
        <time>2024-09-26T15:36:58+00:00</time>
      </trkpt>
      <trkpt lat="50.45076" lon="6.06201">
        <ele>430</ele>
        <time>2024-09-26T15:37:01+00:00</time>
      </trkpt>
      <trkpt lat="50.45073" lon="6.062">
        <ele>426</ele>
        <time>2024-09-26T15:37:04+00:00</time>
      </trkpt>
      <trkpt lat="50.45061" lon="6.06195">
        <ele>430</ele>
        <time>2024-09-26T15:37:07+00:00</time>
      </trkpt>
      <trkpt lat="50.45049" lon="6.06197">
        <ele>429</ele>
        <time>2024-09-26T15:37:10+00:00</time>
      </trkpt>
      <trkpt lat="50.4504" lon="6.06197">
        <ele>428</ele>
        <time>2024-09-26T15:37:13+00:00</time>
      </trkpt>
      <trkpt lat="50.45033" lon="6.062">
        <ele>428</ele>
        <time>2024-09-26T15:37:16+00:00</time>
      </trkpt>
      <trkpt lat="50.45021" lon="6.06195">
        <ele>427</ele>
        <time>2024-09-26T15:37:19+00:00</time>
      </trkpt>
      <trkpt lat="50.45001" lon="6.0617">
        <ele>421</ele>
        <time>2024-09-26T15:37:22+00:00</time>
      </trkpt>
      <trkpt lat="50.44986" lon="6.06144">
        <ele>421</ele>
        <time>2024-09-26T15:37:25+00:00</time>
      </trkpt>
      <trkpt lat="50.4497" lon="6.06124">
        <ele>428</ele>
        <time>2024-09-26T15:37:28+00:00</time>
      </trkpt>
      <trkpt lat="50.44963" lon="6.06116">
        <ele>430</ele>
        <time>2024-09-26T15:37:31+00:00</time>
      </trkpt>
      <trkpt lat="50.44955" lon="6.06103">
        <ele>426</ele>
        <time>2024-09-26T15:37:34+00:00</time>
      </trkpt>
      <trkpt lat="50.44951" lon="6.06089">
        <ele>427</ele>
        <time>2024-09-26T15:37:37+00:00</time>
      </trkpt>
      <trkpt lat="50.44944" lon="6.06076">
        <ele>424</ele>
        <time>2024-09-26T15:37:40+00:00</time>
      </trkpt>
      <trkpt lat="50.44933" lon="6.0605">
        <ele>418</ele>
        <time>2024-09-26T15:37:43+00:00</time>
      </trkpt>
      <trkpt lat="50.4492" lon="6.0603">
        <ele>412</ele>
        <time>2024-09-26T15:37:46+00:00</time>
      </trkpt>
      <trkpt lat="50.44917" lon="6.06019">
        <ele>415</ele>
        <time>2024-09-26T15:37:49+00:00</time>
      </trkpt>
      <trkpt lat="50.44911" lon="6.05997">
        <ele>405</ele>
        <time>2024-09-26T15:37:52+00:00</time>
      </trkpt>
      <trkpt lat="50.44901" lon="6.05985">
        <ele>401</ele>
        <time>2024-09-26T15:37:55+00:00</time>
      </trkpt>
      <trkpt lat="50.44892" lon="6.05983">
        <ele>405</ele>
        <time>2024-09-26T15:37:58+00:00</time>
      </trkpt>
      <trkpt lat="50.44876" lon="6.0597">
        <ele>409</ele>
        <time>2024-09-26T15:38:01+00:00</time>
      </trkpt>
      <trkpt lat="50.44889" lon="6.05937">
        <ele>414</ele>
        <time>2024-09-26T15:38:04+00:00</time>
      </trkpt>
      <trkpt lat="50.44913" lon="6.05919">
        <ele>422</ele>
        <time>2024-09-26T15:38:07+00:00</time>
      </trkpt>
      <trkpt lat="50.44915" lon="6.05904">
        <ele>426</ele>
        <time>2024-09-26T15:38:10+00:00</time>
      </trkpt>
      <trkpt lat="50.44895" lon="6.05878">
        <ele>432</ele>
        <time>2024-09-26T15:38:13+00:00</time>
      </trkpt>
      <trkpt lat="50.44903" lon="6.05868">
        <ele>435</ele>
        <time>2024-09-26T15:38:16+00:00</time>
      </trkpt>
      <trkpt lat="50.44913" lon="6.05844">
        <ele>434</ele>
        <time>2024-09-26T15:38:19+00:00</time>
      </trkpt>
      <trkpt lat="50.44899" lon="6.05838">
        <ele>440</ele>
        <time>2024-09-26T15:38:22+00:00</time>
      </trkpt>
      <trkpt lat="50.44887" lon="6.05834">
        <ele>434</ele>
        <time>2024-09-26T15:38:25+00:00</time>
      </trkpt>
      <trkpt lat="50.44882" lon="6.05831">
        <ele>436</ele>
        <time>2024-09-26T15:38:28+00:00</time>
      </trkpt>
      <trkpt lat="50.44879" lon="6.05826">
        <ele>435</ele>
        <time>2024-09-26T15:38:31+00:00</time>
      </trkpt>
      <trkpt lat="50.44872" lon="6.05821">
        <ele>435</ele>
        <time>2024-09-26T15:38:34+00:00</time>
      </trkpt>
      <trkpt lat="50.44865" lon="6.05816">
        <ele>435</ele>
        <time>2024-09-26T15:38:37+00:00</time>
      </trkpt>
      <trkpt lat="50.44856" lon="6.05802">
        <ele>433</ele>
        <time>2024-09-26T15:38:40+00:00</time>
      </trkpt>
      <trkpt lat="50.44853" lon="6.05791">
        <ele>436</ele>
        <time>2024-09-26T15:38:43+00:00</time>
      </trkpt>
      <trkpt lat="50.4485" lon="6.05774">
        <ele>442</ele>
        <time>2024-09-26T15:38:46+00:00</time>
      </trkpt>
      <trkpt lat="50.44848" lon="6.05764">
        <ele>440</ele>
        <time>2024-09-26T15:38:49+00:00</time>
      </trkpt>
      <trkpt lat="50.44844" lon="6.05756">
        <ele>443</ele>
        <time>2024-09-26T15:38:52+00:00</time>
      </trkpt>
      <trkpt lat="50.44842" lon="6.05744">
        <ele>447</ele>
        <time>2024-09-26T15:38:55+00:00</time>
      </trkpt>
      <trkpt lat="50.4484" lon="6.05736">
        <ele>442</ele>
        <time>2024-09-26T15:38:58+00:00</time>
      </trkpt>
      <trkpt lat="50.4484" lon="6.05727">
        <ele>453</ele>
        <time>2024-09-26T15:39:01+00:00</time>
      </trkpt>
      <trkpt lat="50.44834" lon="6.05712">
        <ele>448</ele>
        <time>2024-09-26T15:39:04+00:00</time>
      </trkpt>
      <trkpt lat="50.4483" lon="6.05704">
        <ele>442</ele>
        <time>2024-09-26T15:39:07+00:00</time>
      </trkpt>
      <trkpt lat="50.44826" lon="6.05693">
        <ele>445</ele>
        <time>2024-09-26T15:39:10+00:00</time>
      </trkpt>
      <trkpt lat="50.44818" lon="6.05677">
        <ele>442</ele>
        <time>2024-09-26T15:39:13+00:00</time>
      </trkpt>
      <trkpt lat="50.44816" lon="6.05674">
        <ele>442</ele>
        <time>2024-09-26T15:39:16+00:00</time>
      </trkpt>
      <trkpt lat="50.4481" lon="6.05658">
        <ele>446</ele>
        <time>2024-09-26T15:39:19+00:00</time>
      </trkpt>
      <trkpt lat="50.44809" lon="6.05646">
        <ele>442</ele>
        <time>2024-09-26T15:39:22+00:00</time>
      </trkpt>
      <trkpt lat="50.44809" lon="6.05632">
        <ele>443</ele>
        <time>2024-09-26T15:39:25+00:00</time>
      </trkpt>
      <trkpt lat="50.4481" lon="6.05623">
        <ele>445</ele>
        <time>2024-09-26T15:39:28+00:00</time>
      </trkpt>
      <trkpt lat="50.44814" lon="6.05601">
        <ele>442</ele>
        <time>2024-09-26T15:39:31+00:00</time>
      </trkpt>
      <trkpt lat="50.44817" lon="6.05589">
        <ele>444</ele>
        <time>2024-09-26T15:39:34+00:00</time>
      </trkpt>
      <trkpt lat="50.44822" lon="6.05564">
        <ele>438</ele>
        <time>2024-09-26T15:39:37+00:00</time>
      </trkpt>
      <trkpt lat="50.44826" lon="6.05539">
        <ele>436</ele>
        <time>2024-09-26T15:39:40+00:00</time>
      </trkpt>
      <trkpt lat="50.44827" lon="6.05517">
        <ele>434</ele>
        <time>2024-09-26T15:39:43+00:00</time>
      </trkpt>
      <trkpt lat="50.44825" lon="6.05504">
        <ele>433</ele>
        <time>2024-09-26T15:39:46+00:00</time>
      </trkpt>
      <trkpt lat="50.44823" lon="6.05488">
        <ele>431</ele>
        <time>2024-09-26T15:39:49+00:00</time>
      </trkpt>
      <trkpt lat="50.44821" lon="6.05478">
        <ele>430</ele>
        <time>2024-09-26T15:39:52+00:00</time>
      </trkpt>
      <trkpt lat="50.44822" lon="6.05425">
        <ele>428</ele>
        <time>2024-09-26T15:39:55+00:00</time>
      </trkpt>
      <trkpt lat="50.44826" lon="6.05402">
        <ele>428</ele>
        <time>2024-09-26T15:39:58+00:00</time>
      </trkpt>
      <trkpt lat="50.44829" lon="6.05367">
        <ele>426</ele>
        <time>2024-09-26T15:40:01+00:00</time>
      </trkpt>
      <trkpt lat="50.4482" lon="6.05338">
        <ele>425</ele>
        <time>2024-09-26T15:40:04+00:00</time>
      </trkpt>
      <trkpt lat="50.44813" lon="6.05319">
        <ele>424</ele>
        <time>2024-09-26T15:40:07+00:00</time>
      </trkpt>
      <trkpt lat="50.44805" lon="6.053">
        <ele>422</ele>
        <time>2024-09-26T15:40:10+00:00</time>
      </trkpt>
      <trkpt lat="50.44803" lon="6.05293">
        <ele>421</ele>
        <time>2024-09-26T15:40:13+00:00</time>
      </trkpt>
      <trkpt lat="50.44801" lon="6.05283">
        <ele>419</ele>
        <time>2024-09-26T15:40:16+00:00</time>
      </trkpt>
      <trkpt lat="50.44801" lon="6.05263">
        <ele>415</ele>
        <time>2024-09-26T15:40:19+00:00</time>
      </trkpt>
      <trkpt lat="50.44803" lon="6.05257">
        <ele>414</ele>
        <time>2024-09-26T15:40:22+00:00</time>
      </trkpt>
      <trkpt lat="50.44819" lon="6.05226">
        <ele>415</ele>
        <time>2024-09-26T15:40:25+00:00</time>
      </trkpt>
      <trkpt lat="50.44824" lon="6.05216">
        <ele>416</ele>
        <time>2024-09-26T15:40:28+00:00</time>
      </trkpt>
      <trkpt lat="50.44829" lon="6.05209">
        <ele>415</ele>
        <time>2024-09-26T15:40:31+00:00</time>
      </trkpt>
      <trkpt lat="50.44837" lon="6.05201">
        <ele>415</ele>
        <time>2024-09-26T15:40:34+00:00</time>
      </trkpt>
      <trkpt lat="50.4485" lon="6.05183">
        <ele>416</ele>
        <time>2024-09-26T15:40:37+00:00</time>
      </trkpt>
      <trkpt lat="50.44855" lon="6.05174">
        <ele>415</ele>
        <time>2024-09-26T15:40:40+00:00</time>
      </trkpt>
      <trkpt lat="50.44857" lon="6.0517">
        <ele>414</ele>
        <time>2024-09-26T15:40:43+00:00</time>
      </trkpt>
      <trkpt lat="50.44858" lon="6.05154">
        <ele>413</ele>
        <time>2024-09-26T15:40:46+00:00</time>
      </trkpt>
      <trkpt lat="50.44858" lon="6.0515">
        <ele>412</ele>
        <time>2024-09-26T15:40:49+00:00</time>
      </trkpt>
      <trkpt lat="50.44855" lon="6.0514">
        <ele>412</ele>
        <time>2024-09-26T15:40:52+00:00</time>
      </trkpt>
      <trkpt lat="50.44849" lon="6.05131">
        <ele>411</ele>
        <time>2024-09-26T15:40:55+00:00</time>
      </trkpt>
      <trkpt lat="50.44847" lon="6.05129">
        <ele>410</ele>
        <time>2024-09-26T15:40:58+00:00</time>
      </trkpt>
      <trkpt lat="50.44827" lon="6.05126">
        <ele>410</ele>
        <time>2024-09-26T15:41:01+00:00</time>
      </trkpt>
      <trkpt lat="50.44799" lon="6.05122">
        <ele>408</ele>
        <time>2024-09-26T15:41:04+00:00</time>
      </trkpt>
      <trkpt lat="50.44777" lon="6.05133">
        <ele>408</ele>
        <time>2024-09-26T15:41:07+00:00</time>
      </trkpt>
      <trkpt lat="50.4475" lon="6.05147">
        <ele>399</ele>
        <time>2024-09-26T15:41:10+00:00</time>
      </trkpt>
      <trkpt lat="50.44749" lon="6.05155">
        <ele>394</ele>
        <time>2024-09-26T15:41:13+00:00</time>
      </trkpt>
      <trkpt lat="50.44734" lon="6.0516">
        <ele>389</ele>
        <time>2024-09-26T15:41:16+00:00</time>
      </trkpt>
      <trkpt lat="50.44726" lon="6.05177">
        <ele>384</ele>
        <time>2024-09-26T15:41:19+00:00</time>
      </trkpt>
      <trkpt lat="50.4472" lon="6.05196">
        <ele>373</ele>
        <time>2024-09-26T15:41:22+00:00</time>
      </trkpt>
      <trkpt lat="50.44713" lon="6.05197">
        <ele>368</ele>
        <time>2024-09-26T15:41:25+00:00</time>
      </trkpt>
      <trkpt lat="50.44701" lon="6.05178">
        <ele>373</ele>
        <time>2024-09-26T15:41:28+00:00</time>
      </trkpt>
      <trkpt lat="50.44699" lon="6.05174">
        <ele>370</ele>
        <time>2024-09-26T15:41:31+00:00</time>
      </trkpt>
      <trkpt lat="50.44698" lon="6.05158">
        <ele>372</ele>
        <time>2024-09-26T15:41:34+00:00</time>
      </trkpt>
      <trkpt lat="50.44699" lon="6.05125">
        <ele>376</ele>
        <time>2024-09-26T15:41:37+00:00</time>
      </trkpt>
      <trkpt lat="50.44698" lon="6.05117">
        <ele>378</ele>
        <time>2024-09-26T15:41:40+00:00</time>
      </trkpt>
      <trkpt lat="50.44695" lon="6.05104">
        <ele>380</ele>
        <time>2024-09-26T15:41:43+00:00</time>
      </trkpt>
      <trkpt lat="50.44696" lon="6.05099">
        <ele>382</ele>
        <time>2024-09-26T15:41:46+00:00</time>
      </trkpt>
      <trkpt lat="50.44695" lon="6.0509">
        <ele>382</ele>
        <time>2024-09-26T15:41:49+00:00</time>
      </trkpt>
      <trkpt lat="50.44695" lon="6.05085">
        <ele>386</ele>
        <time>2024-09-26T15:41:52+00:00</time>
      </trkpt>
      <trkpt lat="50.44695" lon="6.05078">
        <ele>389</ele>
        <time>2024-09-26T15:41:55+00:00</time>
      </trkpt>
      <trkpt lat="50.44693" lon="6.05061">
        <ele>390</ele>
        <time>2024-09-26T15:41:58+00:00</time>
      </trkpt>
      <trkpt lat="50.44693" lon="6.05058">
        <ele>394</ele>
        <time>2024-09-26T15:42:01+00:00</time>
      </trkpt>
      <trkpt lat="50.44692" lon="6.05051">
        <ele>394</ele>
        <time>2024-09-26T15:42:04+00:00</time>
      </trkpt>
      <trkpt lat="50.44685" lon="6.05015">
        <ele>396</ele>
        <time>2024-09-26T15:42:07+00:00</time>
      </trkpt>
      <trkpt lat="50.44685" lon="6.04999">
        <ele>401</ele>
        <time>2024-09-26T15:42:10+00:00</time>
      </trkpt>
      <trkpt lat="50.44684" lon="6.04994">
        <ele>401</ele>
        <time>2024-09-26T15:42:13+00:00</time>
      </trkpt>
      <trkpt lat="50.44683" lon="6.04988">
        <ele>404</ele>
        <time>2024-09-26T15:42:16+00:00</time>
      </trkpt>
      <trkpt lat="50.4468" lon="6.04976">
        <ele>406</ele>
        <time>2024-09-26T15:42:19+00:00</time>
      </trkpt>
      <trkpt lat="50.44679" lon="6.04973">
        <ele>404</ele>
        <time>2024-09-26T15:42:22+00:00</time>
      </trkpt>
      <trkpt lat="50.44674" lon="6.04959">
        <ele>408</ele>
        <time>2024-09-26T15:42:25+00:00</time>
      </trkpt>
      <trkpt lat="50.4467" lon="6.04941">
        <ele>408</ele>
        <time>2024-09-26T15:42:28+00:00</time>
      </trkpt>
      <trkpt lat="50.44668" lon="6.04935">
        <ele>410</ele>
        <time>2024-09-26T15:42:31+00:00</time>
      </trkpt>
      <trkpt lat="50.44664" lon="6.04927">
        <ele>412</ele>
        <time>2024-09-26T15:42:34+00:00</time>
      </trkpt>
      <trkpt lat="50.4465" lon="6.04922">
        <ele>410</ele>
        <time>2024-09-26T15:42:37+00:00</time>
      </trkpt>
      <trkpt lat="50.44635" lon="6.04909">
        <ele>412</ele>
        <time>2024-09-26T15:42:40+00:00</time>
      </trkpt>
      <trkpt lat="50.44627" lon="6.04903">
        <ele>413</ele>
        <time>2024-09-26T15:42:43+00:00</time>
      </trkpt>
      <trkpt lat="50.44599" lon="6.04904">
        <ele>412</ele>
        <time>2024-09-26T15:42:46+00:00</time>
      </trkpt>
      <trkpt lat="50.44578" lon="6.04906">
        <ele>412</ele>
        <time>2024-09-26T15:42:49+00:00</time>
      </trkpt>
      <trkpt lat="50.44537" lon="6.04903">
        <ele>412</ele>
        <time>2024-09-26T15:42:52+00:00</time>
      </trkpt>
      <trkpt lat="50.44527" lon="6.04919">
        <ele>412</ele>
        <time>2024-09-26T15:42:55+00:00</time>
      </trkpt>
      <trkpt lat="50.44522" lon="6.04935">
        <ele>409</ele>
        <time>2024-09-26T15:42:58+00:00</time>
      </trkpt>
      <trkpt lat="50.44508" lon="6.04951">
        <ele>407</ele>
        <time>2024-09-26T15:43:01+00:00</time>
      </trkpt>
      <trkpt lat="50.44498" lon="6.04979">
        <ele>403</ele>
        <time>2024-09-26T15:43:04+00:00</time>
      </trkpt>
      <trkpt lat="50.44489" lon="6.04992">
        <ele>400</ele>
        <time>2024-09-26T15:43:07+00:00</time>
      </trkpt>
      <trkpt lat="50.44472" lon="6.05015">
        <ele>395</ele>
        <time>2024-09-26T15:43:10+00:00</time>
      </trkpt>
      <trkpt lat="50.44467" lon="6.05023">
        <ele>393</ele>
        <time>2024-09-26T15:43:13+00:00</time>
      </trkpt>
      <trkpt lat="50.44459" lon="6.05032">
        <ele>390</ele>
        <time>2024-09-26T15:43:16+00:00</time>
      </trkpt>
      <trkpt lat="50.44456" lon="6.05032">
        <ele>393</ele>
        <time>2024-09-26T15:43:19+00:00</time>
      </trkpt>
      <trkpt lat="50.4445" lon="6.05027">
        <ele>390</ele>
        <time>2024-09-26T15:43:22+00:00</time>
      </trkpt>
      <trkpt lat="50.44443" lon="6.05011">
        <ele>392</ele>
        <time>2024-09-26T15:43:25+00:00</time>
      </trkpt>
      <trkpt lat="50.44438" lon="6.04975">
        <ele>392</ele>
        <time>2024-09-26T15:43:28+00:00</time>
      </trkpt>
      <trkpt lat="50.44437" lon="6.0497">
        <ele>392</ele>
        <time>2024-09-26T15:43:31+00:00</time>
      </trkpt>
      <trkpt lat="50.44438" lon="6.04937">
        <ele>391</ele>
        <time>2024-09-26T15:43:34+00:00</time>
      </trkpt>
      <trkpt lat="50.44437" lon="6.04919">
        <ele>390</ele>
        <time>2024-09-26T15:43:37+00:00</time>
      </trkpt>
      <trkpt lat="50.44437" lon="6.04889">
        <ele>389</ele>
        <time>2024-09-26T15:43:40+00:00</time>
      </trkpt>
      <trkpt lat="50.44436" lon="6.04878">
        <ele>389</ele>
        <time>2024-09-26T15:43:43+00:00</time>
      </trkpt>
      <trkpt lat="50.44436" lon="6.04859">
        <ele>387</ele>
        <time>2024-09-26T15:43:46+00:00</time>
      </trkpt>
      <trkpt lat="50.44435" lon="6.04849">
        <ele>387</ele>
        <time>2024-09-26T15:43:49+00:00</time>
      </trkpt>
      <trkpt lat="50.44428" lon="6.04813">
        <ele>386</ele>
        <time>2024-09-26T15:43:52+00:00</time>
      </trkpt>
      <trkpt lat="50.44425" lon="6.04791">
        <ele>386</ele>
        <time>2024-09-26T15:43:55+00:00</time>
      </trkpt>
      <trkpt lat="50.44419" lon="6.04759">
        <ele>383</ele>
        <time>2024-09-26T15:43:58+00:00</time>
      </trkpt>
      <trkpt lat="50.44416" lon="6.04736">
        <ele>381</ele>
        <time>2024-09-26T15:44:01+00:00</time>
      </trkpt>
      <trkpt lat="50.44413" lon="6.04724">
        <ele>380</ele>
        <time>2024-09-26T15:44:04+00:00</time>
      </trkpt>
      <trkpt lat="50.44409" lon="6.04712">
        <ele>378</ele>
        <time>2024-09-26T15:44:07+00:00</time>
      </trkpt>
      <trkpt lat="50.44406" lon="6.04701">
        <ele>376</ele>
        <time>2024-09-26T15:44:10+00:00</time>
      </trkpt>
      <trkpt lat="50.444" lon="6.04689">
        <ele>374</ele>
        <time>2024-09-26T15:44:13+00:00</time>
      </trkpt>
      <trkpt lat="50.44388" lon="6.04665">
        <ele>368</ele>
        <time>2024-09-26T15:44:16+00:00</time>
      </trkpt>
      <trkpt lat="50.44374" lon="6.04652">
        <ele>365</ele>
        <time>2024-09-26T15:44:19+00:00</time>
      </trkpt>
      <trkpt lat="50.44369" lon="6.04648">
        <ele>363</ele>
        <time>2024-09-26T15:44:22+00:00</time>
      </trkpt>
      <trkpt lat="50.44361" lon="6.04622">
        <ele>363</ele>
        <time>2024-09-26T15:44:25+00:00</time>
      </trkpt>
      <trkpt lat="50.44386" lon="6.04605">
        <ele>363</ele>
        <time>2024-09-26T15:44:28+00:00</time>
      </trkpt>
      <trkpt lat="50.44422" lon="6.04573">
        <ele>363</ele>
        <time>2024-09-26T15:44:31+00:00</time>
      </trkpt>
      <trkpt lat="50.44463" lon="6.04562">
        <ele>363</ele>
        <time>2024-09-26T15:44:34+00:00</time>
      </trkpt>
      <trkpt lat="50.44495" lon="6.04552">
        <ele>364</ele>
        <time>2024-09-26T15:44:37+00:00</time>
      </trkpt>
      <trkpt lat="50.44511" lon="6.04535">
        <ele>365</ele>
        <time>2024-09-26T15:44:40+00:00</time>
      </trkpt>
      <trkpt lat="50.44527" lon="6.0451">
        <ele>365</ele>
        <time>2024-09-26T15:44:43+00:00</time>
      </trkpt>
      <trkpt lat="50.44554" lon="6.04461">
        <ele>368</ele>
        <time>2024-09-26T15:44:46+00:00</time>
      </trkpt>
      <trkpt lat="50.44592" lon="6.04433">
        <ele>377</ele>
        <time>2024-09-26T15:44:49+00:00</time>
      </trkpt>
      <trkpt lat="50.44623" lon="6.04416">
        <ele>376</ele>
        <time>2024-09-26T15:44:52+00:00</time>
      </trkpt>
      <trkpt lat="50.44648" lon="6.04412">
        <ele>376</ele>
        <time>2024-09-26T15:44:55+00:00</time>
      </trkpt>
      <trkpt lat="50.44662" lon="6.04396">
        <ele>380</ele>
        <time>2024-09-26T15:44:58+00:00</time>
      </trkpt>
      <trkpt lat="50.44669" lon="6.04372">
        <ele>383</ele>
        <time>2024-09-26T15:45:01+00:00</time>
      </trkpt>
      <trkpt lat="50.44678" lon="6.04342">
        <ele>387</ele>
        <time>2024-09-26T15:45:04+00:00</time>
      </trkpt>
      <trkpt lat="50.44711" lon="6.04312">
        <ele>387</ele>
        <time>2024-09-26T15:45:07+00:00</time>
      </trkpt>
      <trkpt lat="50.44725" lon="6.04287">
        <ele>390</ele>
        <time>2024-09-26T15:45:10+00:00</time>
      </trkpt>
      <trkpt lat="50.4474" lon="6.0426">
        <ele>393</ele>
        <time>2024-09-26T15:45:13+00:00</time>
      </trkpt>
      <trkpt lat="50.44757" lon="6.04243">
        <ele>394</ele>
        <time>2024-09-26T15:45:16+00:00</time>
      </trkpt>
      <trkpt lat="50.44781" lon="6.04228">
        <ele>394</ele>
        <time>2024-09-26T15:45:19+00:00</time>
      </trkpt>
      <trkpt lat="50.44789" lon="6.04201">
        <ele>393</ele>
        <time>2024-09-26T15:45:22+00:00</time>
      </trkpt>
      <trkpt lat="50.44812" lon="6.04174">
        <ele>391</ele>
        <time>2024-09-26T15:45:25+00:00</time>
      </trkpt>
      <trkpt lat="50.4483" lon="6.04158">
        <ele>390</ele>
        <time>2024-09-26T15:45:28+00:00</time>
      </trkpt>
      <trkpt lat="50.44835" lon="6.04134">
        <ele>387</ele>
        <time>2024-09-26T15:45:31+00:00</time>
      </trkpt>
      <trkpt lat="50.44848" lon="6.04119">
        <ele>390</ele>
        <time>2024-09-26T15:45:34+00:00</time>
      </trkpt>
      <trkpt lat="50.44864" lon="6.04101">
        <ele>391</ele>
        <time>2024-09-26T15:45:37+00:00</time>
      </trkpt>
      <trkpt lat="50.4488" lon="6.04102">
        <ele>392</ele>
        <time>2024-09-26T15:45:40+00:00</time>
      </trkpt>
      <trkpt lat="50.44892" lon="6.04104">
        <ele>393</ele>
        <time>2024-09-26T15:45:43+00:00</time>
      </trkpt>
      <trkpt lat="50.44909" lon="6.04095">
        <ele>393</ele>
        <time>2024-09-26T15:45:46+00:00</time>
      </trkpt>
      <trkpt lat="50.44919" lon="6.04076">
        <ele>391</ele>
        <time>2024-09-26T15:45:49+00:00</time>
      </trkpt>
      <trkpt lat="50.44945" lon="6.04076">
        <ele>386</ele>
        <time>2024-09-26T15:45:52+00:00</time>
      </trkpt>
      <trkpt lat="50.44984" lon="6.0406">
        <ele>386</ele>
        <time>2024-09-26T15:45:55+00:00</time>
      </trkpt>
      <trkpt lat="50.45002" lon="6.04035">
        <ele>390</ele>
        <time>2024-09-26T15:45:58+00:00</time>
      </trkpt>
      <trkpt lat="50.45026" lon="6.04002">
        <ele>392</ele>
        <time>2024-09-26T15:46:01+00:00</time>
      </trkpt>
      <trkpt lat="50.45039" lon="6.03989">
        <ele>399</ele>
        <time>2024-09-26T15:46:04+00:00</time>
      </trkpt>
      <trkpt lat="50.45063" lon="6.0398">
        <ele>396</ele>
        <time>2024-09-26T15:46:07+00:00</time>
      </trkpt>
      <trkpt lat="50.45096" lon="6.03976">
        <ele>403</ele>
        <time>2024-09-26T15:46:10+00:00</time>
      </trkpt>
      <trkpt lat="50.45107" lon="6.0397">
        <ele>404</ele>
        <time>2024-09-26T15:46:13+00:00</time>
      </trkpt>
      <trkpt lat="50.45114" lon="6.03957">
        <ele>406</ele>
        <time>2024-09-26T15:46:16+00:00</time>
      </trkpt>
      <trkpt lat="50.45122" lon="6.03945">
        <ele>404</ele>
        <time>2024-09-26T15:46:19+00:00</time>
      </trkpt>
      <trkpt lat="50.45129" lon="6.03911">
        <ele>406</ele>
        <time>2024-09-26T15:46:22+00:00</time>
      </trkpt>
      <trkpt lat="50.45132" lon="6.03873">
        <ele>406</ele>
        <time>2024-09-26T15:46:25+00:00</time>
      </trkpt>
      <trkpt lat="50.45137" lon="6.03824">
        <ele>406</ele>
        <time>2024-09-26T15:46:28+00:00</time>
      </trkpt>
      <trkpt lat="50.45151" lon="6.03779">
        <ele>407</ele>
        <time>2024-09-26T15:46:31+00:00</time>
      </trkpt>
      <trkpt lat="50.45162" lon="6.03749">
        <ele>409</ele>
        <time>2024-09-26T15:46:34+00:00</time>
      </trkpt>
      <trkpt lat="50.45174" lon="6.03718">
        <ele>410</ele>
        <time>2024-09-26T15:46:37+00:00</time>
      </trkpt>
      <trkpt lat="50.45191" lon="6.03687">
        <ele>411</ele>
        <time>2024-09-26T15:46:40+00:00</time>
      </trkpt>
      <trkpt lat="50.45207" lon="6.03677">
        <ele>413</ele>
        <time>2024-09-26T15:46:43+00:00</time>
      </trkpt>
      <trkpt lat="50.4522" lon="6.03668">
        <ele>413</ele>
        <time>2024-09-26T15:46:46+00:00</time>
      </trkpt>
      <trkpt lat="50.45235" lon="6.03659">
        <ele>415</ele>
        <time>2024-09-26T15:46:49+00:00</time>
      </trkpt>
      <trkpt lat="50.45262" lon="6.0365">
        <ele>415</ele>
        <time>2024-09-26T15:46:52+00:00</time>
      </trkpt>
      <trkpt lat="50.45282" lon="6.03636">
        <ele>416</ele>
        <time>2024-09-26T15:46:55+00:00</time>
      </trkpt>
      <trkpt lat="50.45302" lon="6.03622">
        <ele>417</ele>
        <time>2024-09-26T15:46:58+00:00</time>
      </trkpt>
      <trkpt lat="50.45323" lon="6.03616">
        <ele>424</ele>
        <time>2024-09-26T15:47:01+00:00</time>
      </trkpt>
      <trkpt lat="50.4534" lon="6.03616">
        <ele>426</ele>
        <time>2024-09-26T15:47:04+00:00</time>
      </trkpt>
      <trkpt lat="50.45362" lon="6.0361">
        <ele>428</ele>
        <time>2024-09-26T15:47:07+00:00</time>
      </trkpt>
      <trkpt lat="50.45377" lon="6.03619">
        <ele>431</ele>
        <time>2024-09-26T15:47:10+00:00</time>
      </trkpt>
      <trkpt lat="50.45393" lon="6.0364">
        <ele>433</ele>
        <time>2024-09-26T15:47:13+00:00</time>
      </trkpt>
      <trkpt lat="50.45413" lon="6.03656">
        <ele>432</ele>
        <time>2024-09-26T15:47:16+00:00</time>
      </trkpt>
      <trkpt lat="50.4542" lon="6.03654">
        <ele>433</ele>
        <time>2024-09-26T15:47:19+00:00</time>
      </trkpt>
      <trkpt lat="50.45434" lon="6.0365">
        <ele>431</ele>
        <time>2024-09-26T15:47:22+00:00</time>
      </trkpt>
      <trkpt lat="50.45463" lon="6.03649">
        <ele>429</ele>
        <time>2024-09-26T15:47:25+00:00</time>
      </trkpt>
      <trkpt lat="50.45481" lon="6.0364">
        <ele>432</ele>
        <time>2024-09-26T15:47:28+00:00</time>
      </trkpt>
      <trkpt lat="50.45516" lon="6.03634">
        <ele>436</ele>
        <time>2024-09-26T15:47:31+00:00</time>
      </trkpt>
      <trkpt lat="50.45538" lon="6.0366">
        <ele>447</ele>
        <time>2024-09-26T15:47:34+00:00</time>
      </trkpt>
      <trkpt lat="50.45554" lon="6.03684">
        <ele>447</ele>
        <time>2024-09-26T15:47:37+00:00</time>
      </trkpt>
      <trkpt lat="50.4556" lon="6.03708">
        <ele>453</ele>
        <time>2024-09-26T15:47:40+00:00</time>
      </trkpt>
      <trkpt lat="50.45572" lon="6.03718">
        <ele>445</ele>
        <time>2024-09-26T15:47:43+00:00</time>
      </trkpt>
      <trkpt lat="50.45584" lon="6.03729">
        <ele>446</ele>
        <time>2024-09-26T15:47:46+00:00</time>
      </trkpt>
      <trkpt lat="50.45599" lon="6.03735">
        <ele>447</ele>
        <time>2024-09-26T15:47:49+00:00</time>
      </trkpt>
      <trkpt lat="50.45607" lon="6.0373">
        <ele>446</ele>
        <time>2024-09-26T15:47:52+00:00</time>
      </trkpt>
      <trkpt lat="50.45636" lon="6.03713">
        <ele>446</ele>
        <time>2024-09-26T15:47:55+00:00</time>
      </trkpt>
      <trkpt lat="50.45656" lon="6.0372">
        <ele>446</ele>
        <time>2024-09-26T15:47:58+00:00</time>
      </trkpt>
      <trkpt lat="50.45684" lon="6.03729">
        <ele>449</ele>
        <time>2024-09-26T15:48:01+00:00</time>
      </trkpt>
      <trkpt lat="50.45718" lon="6.03726">
        <ele>456</ele>
        <time>2024-09-26T15:48:04+00:00</time>
      </trkpt>
      <trkpt lat="50.45741" lon="6.03721">
        <ele>456</ele>
        <time>2024-09-26T15:48:07+00:00</time>
      </trkpt>
      <trkpt lat="50.45767" lon="6.03716">
        <ele>457</ele>
        <time>2024-09-26T15:48:10+00:00</time>
      </trkpt>
      <trkpt lat="50.45781" lon="6.03726">
        <ele>459</ele>
        <time>2024-09-26T15:48:13+00:00</time>
      </trkpt>
      <trkpt lat="50.45792" lon="6.03758">
        <ele>470</ele>
        <time>2024-09-26T15:48:16+00:00</time>
      </trkpt>
      <trkpt lat="50.45804" lon="6.03789">
        <ele>471</ele>
        <time>2024-09-26T15:48:19+00:00</time>
      </trkpt>
      <trkpt lat="50.4582" lon="6.03824">
        <ele>471</ele>
        <time>2024-09-26T15:48:22+00:00</time>
      </trkpt>
      <trkpt lat="50.45833" lon="6.0384">
        <ele>471</ele>
        <time>2024-09-26T15:48:25+00:00</time>
      </trkpt>
      <trkpt lat="50.45843" lon="6.03858">
        <ele>471</ele>
        <time>2024-09-26T15:48:28+00:00</time>
      </trkpt>
      <trkpt lat="50.45855" lon="6.03879">
        <ele>475</ele>
        <time>2024-09-26T15:48:31+00:00</time>
      </trkpt>
      <trkpt lat="50.45858" lon="6.03903">
        <ele>484</ele>
        <time>2024-09-26T15:48:34+00:00</time>
      </trkpt>
      <trkpt lat="50.45872" lon="6.03932">
        <ele>478</ele>
        <time>2024-09-26T15:48:37+00:00</time>
      </trkpt>
      <trkpt lat="50.45874" lon="6.03958">
        <ele>485</ele>
        <time>2024-09-26T15:48:40+00:00</time>
      </trkpt>
      <trkpt lat="50.45891" lon="6.03986">
        <ele>478</ele>
        <time>2024-09-26T15:48:43+00:00</time>
      </trkpt>
      <trkpt lat="50.459" lon="6.04019">
        <ele>490</ele>
        <time>2024-09-26T15:48:46+00:00</time>
      </trkpt>
      <trkpt lat="50.4591" lon="6.04058">
        <ele>494</ele>
        <time>2024-09-26T15:48:49+00:00</time>
      </trkpt>
      <trkpt lat="50.45924" lon="6.04086">
        <ele>497</ele>
        <time>2024-09-26T15:48:52+00:00</time>
      </trkpt>
      <trkpt lat="50.45942" lon="6.04118">
        <ele>502</ele>
        <time>2024-09-26T15:48:55+00:00</time>
      </trkpt>
      <trkpt lat="50.45954" lon="6.04151">
        <ele>503</ele>
        <time>2024-09-26T15:48:58+00:00</time>
      </trkpt>
      <trkpt lat="50.45971" lon="6.04194">
        <ele>505</ele>
        <time>2024-09-26T15:49:01+00:00</time>
      </trkpt>
      <trkpt lat="50.45988" lon="6.04237">
        <ele>507</ele>
        <time>2024-09-26T15:49:04+00:00</time>
      </trkpt>
      <trkpt lat="50.45998" lon="6.04257">
        <ele>507</ele>
        <time>2024-09-26T15:49:07+00:00</time>
      </trkpt>
      <trkpt lat="50.46" lon="6.04284">
        <ele>507</ele>
        <time>2024-09-26T15:49:10+00:00</time>
      </trkpt>
      <trkpt lat="50.46003" lon="6.0432">
        <ele>506</ele>
        <time>2024-09-26T15:49:13+00:00</time>
      </trkpt>
      <trkpt lat="50.45999" lon="6.04381">
        <ele>505</ele>
        <time>2024-09-26T15:49:16+00:00</time>
      </trkpt>
      <trkpt lat="50.46005" lon="6.04406">
        <ele>503</ele>
        <time>2024-09-26T15:49:19+00:00</time>
      </trkpt>
      <trkpt lat="50.46001" lon="6.04422">
        <ele>506</ele>
        <time>2024-09-26T15:49:22+00:00</time>
      </trkpt>
      <trkpt lat="50.46001" lon="6.04468">
        <ele>508</ele>
        <time>2024-09-26T15:49:25+00:00</time>
      </trkpt>
      <trkpt lat="50.46" lon="6.04506">
        <ele>510</ele>
        <time>2024-09-26T15:49:28+00:00</time>
      </trkpt>
      <trkpt lat="50.45997" lon="6.04557">
        <ele>522</ele>
        <time>2024-09-26T15:49:31+00:00</time>
      </trkpt>
      <trkpt lat="50.45994" lon="6.04584">
        <ele>530</ele>
        <time>2024-09-26T15:49:34+00:00</time>
      </trkpt>
      <trkpt lat="50.45989" lon="6.04611">
        <ele>525</ele>
        <time>2024-09-26T15:49:37+00:00</time>
      </trkpt>
      <trkpt lat="50.45983" lon="6.0465">
        <ele>522</ele>
        <time>2024-09-26T15:49:40+00:00</time>
      </trkpt>
      <trkpt lat="50.45967" lon="6.0468">
        <ele>520</ele>
        <time>2024-09-26T15:49:43+00:00</time>
      </trkpt>
      <trkpt lat="50.45977" lon="6.04711">
        <ele>520</ele>
        <time>2024-09-26T15:49:46+00:00</time>
      </trkpt>
      <trkpt lat="50.45988" lon="6.04746">
        <ele>521</ele>
        <time>2024-09-26T15:49:49+00:00</time>
      </trkpt>
      <trkpt lat="50.45991" lon="6.04763">
        <ele>524</ele>
        <time>2024-09-26T15:49:52+00:00</time>
      </trkpt>
      <trkpt lat="50.45992" lon="6.04777">
        <ele>525</ele>
        <time>2024-09-26T15:49:55+00:00</time>
      </trkpt>
      <trkpt lat="50.46008" lon="6.04778">
        <ele>526</ele>
        <time>2024-09-26T15:49:58+00:00</time>
      </trkpt>
      <trkpt lat="50.46014" lon="6.04786">
        <ele>527</ele>
        <time>2024-09-26T15:50:01+00:00</time>
      </trkpt>
      <trkpt lat="50.46016" lon="6.04799">
        <ele>528</ele>
        <time>2024-09-26T15:50:04+00:00</time>
      </trkpt>
      <trkpt lat="50.46027" lon="6.04834">
        <ele>530</ele>
        <time>2024-09-26T15:50:07+00:00</time>
      </trkpt>
      <trkpt lat="50.46047" lon="6.04881">
        <ele>531</ele>
        <time>2024-09-26T15:50:10+00:00</time>
      </trkpt>
      <trkpt lat="50.46067" lon="6.04929">
        <ele>532</ele>
        <time>2024-09-26T15:50:13+00:00</time>
      </trkpt>
      <trkpt lat="50.46087" lon="6.04976">
        <ele>532</ele>
        <time>2024-09-26T15:50:16+00:00</time>
      </trkpt>
      <trkpt lat="50.46107" lon="6.05023">
        <ele>534</ele>
        <time>2024-09-26T15:50:19+00:00</time>
      </trkpt>
      <trkpt lat="50.46127" lon="6.0507">
        <ele>535</ele>
        <time>2024-09-26T15:50:22+00:00</time>
      </trkpt>
      <trkpt lat="50.46152" lon="6.05129">
        <ele>538</ele>
        <time>2024-09-26T15:50:25+00:00</time>
      </trkpt>
      <trkpt lat="50.46154" lon="6.05135">
        <ele>537</ele>
        <time>2024-09-26T15:50:28+00:00</time>
      </trkpt>
      <trkpt lat="50.46174" lon="6.05168">
        <ele>541</ele>
        <time>2024-09-26T15:50:31+00:00</time>
      </trkpt>
      <trkpt lat="50.4619" lon="6.05173">
        <ele>543</ele>
        <time>2024-09-26T15:50:34+00:00</time>
      </trkpt>
      <trkpt lat="50.46208" lon="6.05169">
        <ele>543</ele>
        <time>2024-09-26T15:50:37+00:00</time>
      </trkpt>
      <trkpt lat="50.46235" lon="6.05163">
        <ele>544</ele>
        <time>2024-09-26T15:50:40+00:00</time>
      </trkpt>
      <trkpt lat="50.46267" lon="6.05155">
        <ele>544</ele>
        <time>2024-09-26T15:50:43+00:00</time>
      </trkpt>
      <trkpt lat="50.46299" lon="6.05147">
        <ele>544</ele>
        <time>2024-09-26T15:50:46+00:00</time>
      </trkpt>
      <trkpt lat="50.46362" lon="6.05131">
        <ele>548</ele>
        <time>2024-09-26T15:50:49+00:00</time>
      </trkpt>
      <trkpt lat="50.46387" lon="6.05131">
        <ele>550</ele>
        <time>2024-09-26T15:50:52+00:00</time>
      </trkpt>
      <trkpt lat="50.46424" lon="6.05132">
        <ele>550</ele>
        <time>2024-09-26T15:50:55+00:00</time>
      </trkpt>
      <trkpt lat="50.46449" lon="6.05134">
        <ele>551</ele>
        <time>2024-09-26T15:50:58+00:00</time>
      </trkpt>
      <trkpt lat="50.46485" lon="6.05138">
        <ele>553</ele>
        <time>2024-09-26T15:51:01+00:00</time>
      </trkpt>
      <trkpt lat="50.4649" lon="6.05074">
        <ele>555</ele>
        <time>2024-09-26T15:51:04+00:00</time>
      </trkpt>
      <trkpt lat="50.46522" lon="6.05071">
        <ele>558</ele>
        <time>2024-09-26T15:51:07+00:00</time>
      </trkpt>
      <trkpt lat="50.46554" lon="6.05068">
        <ele>558</ele>
        <time>2024-09-26T15:51:10+00:00</time>
      </trkpt>
      <trkpt lat="50.46616" lon="6.05062">
        <ele>561</ele>
        <time>2024-09-26T15:51:13+00:00</time>
      </trkpt>
      <trkpt lat="50.46611" lon="6.05106">
        <ele>563</ele>
        <time>2024-09-26T15:51:16+00:00</time>
      </trkpt>
      <trkpt lat="50.46606" lon="6.05151">
        <ele>569</ele>
        <time>2024-09-26T15:51:19+00:00</time>
      </trkpt>
      <trkpt lat="50.46601" lon="6.05197">
        <ele>569</ele>
        <time>2024-09-26T15:51:22+00:00</time>
      </trkpt>
      <trkpt lat="50.46636" lon="6.05205">
        <ele>570</ele>
        <time>2024-09-26T15:51:25+00:00</time>
      </trkpt>
      <trkpt lat="50.46672" lon="6.05213">
        <ele>572</ele>
        <time>2024-09-26T15:51:28+00:00</time>
      </trkpt>
      <trkpt lat="50.46707" lon="6.05222">
        <ele>573</ele>
        <time>2024-09-26T15:51:31+00:00</time>
      </trkpt>
      <trkpt lat="50.46742" lon="6.0523">
        <ele>571</ele>
        <time>2024-09-26T15:51:34+00:00</time>
      </trkpt>
      <trkpt lat="50.46778" lon="6.05238">
        <ele>569</ele>
        <time>2024-09-26T15:51:37+00:00</time>
      </trkpt>
      <trkpt lat="50.46816" lon="6.05247">
        <ele>569</ele>
        <time>2024-09-26T15:51:40+00:00</time>
      </trkpt>
      <trkpt lat="50.46823" lon="6.05238">
        <ele>570</ele>
        <time>2024-09-26T15:51:43+00:00</time>
      </trkpt>
      <trkpt lat="50.46848" lon="6.05241">
        <ele>569</ele>
        <time>2024-09-26T15:51:46+00:00</time>
      </trkpt>
      <trkpt lat="50.46873" lon="6.05247">
        <ele>569</ele>
        <time>2024-09-26T15:51:49+00:00</time>
      </trkpt>
      <trkpt lat="50.46911" lon="6.05255">
        <ele>569</ele>
        <time>2024-09-26T15:51:52+00:00</time>
      </trkpt>
      <trkpt lat="50.46915" lon="6.0523">
        <ele>569</ele>
        <time>2024-09-26T15:51:55+00:00</time>
      </trkpt>
      <trkpt lat="50.46916" lon="6.05204">
        <ele>569</ele>
        <time>2024-09-26T15:51:58+00:00</time>
      </trkpt>
      <trkpt lat="50.46918" lon="6.05169">
        <ele>569</ele>
        <time>2024-09-26T15:52:01+00:00</time>
      </trkpt>
      <trkpt lat="50.46923" lon="6.05155">
        <ele>566</ele>
        <time>2024-09-26T15:52:04+00:00</time>
      </trkpt>
      <trkpt lat="50.46937" lon="6.05148">
        <ele>566</ele>
        <time>2024-09-26T15:52:07+00:00</time>
      </trkpt>
      <trkpt lat="50.46963" lon="6.05149">
        <ele>566</ele>
        <time>2024-09-26T15:52:10+00:00</time>
      </trkpt>
      <trkpt lat="50.46972" lon="6.05158">
        <ele>566</ele>
        <time>2024-09-26T15:52:13+00:00</time>
      </trkpt>
      <trkpt lat="50.46974" lon="6.05174">
        <ele>566</ele>
        <time>2024-09-26T15:52:16+00:00</time>
      </trkpt>
      <trkpt lat="50.46975" lon="6.0518">
        <ele>566</ele>
        <time>2024-09-26T15:52:19+00:00</time>
      </trkpt>
      <trkpt lat="50.47009" lon="6.05187">
        <ele>566</ele>
        <time>2024-09-26T15:52:22+00:00</time>
      </trkpt>
      <trkpt lat="50.47038" lon="6.05203">
        <ele>566</ele>
        <time>2024-09-26T15:52:25+00:00</time>
      </trkpt>
      <trkpt lat="50.47048" lon="6.05248">
        <ele>567</ele>
        <time>2024-09-26T15:52:28+00:00</time>
      </trkpt>
      <trkpt lat="50.47048" lon="6.05267">
        <ele>568</ele>
        <time>2024-09-26T15:52:31+00:00</time>
      </trkpt>
      <trkpt lat="50.47065" lon="6.05297">
        <ele>569</ele>
        <time>2024-09-26T15:52:34+00:00</time>
      </trkpt>
      <trkpt lat="50.47075" lon="6.05302">
        <ele>570</ele>
        <time>2024-09-26T15:52:37+00:00</time>
      </trkpt>
      <trkpt lat="50.47103" lon="6.05299">
        <ele>570</ele>
        <time>2024-09-26T15:52:40+00:00</time>
      </trkpt>
      <trkpt lat="50.47123" lon="6.05313">
        <ele>571</ele>
        <time>2024-09-26T15:52:43+00:00</time>
      </trkpt>
      <trkpt lat="50.47145" lon="6.05328">
        <ele>572</ele>
        <time>2024-09-26T15:52:46+00:00</time>
      </trkpt>
      <trkpt lat="50.47153" lon="6.0533">
        <ele>572</ele>
        <time>2024-09-26T15:52:49+00:00</time>
      </trkpt>
      <trkpt lat="50.47159" lon="6.05324">
        <ele>572</ele>
        <time>2024-09-26T15:52:52+00:00</time>
      </trkpt>
      <trkpt lat="50.47172" lon="6.05329">
        <ele>573</ele>
        <time>2024-09-26T15:52:55+00:00</time>
      </trkpt>
      <trkpt lat="50.47199" lon="6.05325">
        <ele>573</ele>
        <time>2024-09-26T15:52:58+00:00</time>
      </trkpt>
      <trkpt lat="50.47222" lon="6.0531">
        <ele>574</ele>
        <time>2024-09-26T15:53:01+00:00</time>
      </trkpt>
      <trkpt lat="50.47244" lon="6.05305">
        <ele>574</ele>
        <time>2024-09-26T15:53:04+00:00</time>
      </trkpt>
      <trkpt lat="50.47269" lon="6.05299">
        <ele>574</ele>
        <time>2024-09-26T15:53:07+00:00</time>
      </trkpt>
      <trkpt lat="50.47309" lon="6.05283">
        <ele>574</ele>
        <time>2024-09-26T15:53:10+00:00</time>
      </trkpt>
      <trkpt lat="50.47337" lon="6.0524">
        <ele>575</ele>
        <time>2024-09-26T15:53:13+00:00</time>
      </trkpt>
      <trkpt lat="50.47378" lon="6.0524">
        <ele>576</ele>
        <time>2024-09-26T15:53:16+00:00</time>
      </trkpt>
      <trkpt lat="50.47403" lon="6.05228">
        <ele>578</ele>
        <time>2024-09-26T15:53:19+00:00</time>
      </trkpt>
      <trkpt lat="50.47409" lon="6.05216">
        <ele>577</ele>
        <time>2024-09-26T15:53:22+00:00</time>
      </trkpt>
      <trkpt lat="50.47416" lon="6.05215">
        <ele>578</ele>
        <time>2024-09-26T15:53:25+00:00</time>
      </trkpt>
      <trkpt lat="50.4742" lon="6.05226">
        <ele>578</ele>
        <time>2024-09-26T15:53:28+00:00</time>
      </trkpt>
      <trkpt lat="50.4743" lon="6.05229">
        <ele>578</ele>
        <time>2024-09-26T15:53:31+00:00</time>
      </trkpt>
      <trkpt lat="50.47444" lon="6.05221">
        <ele>578</ele>
        <time>2024-09-26T15:53:34+00:00</time>
      </trkpt>
      <trkpt lat="50.47445" lon="6.05204">
        <ele>581</ele>
        <time>2024-09-26T15:53:37+00:00</time>
      </trkpt>
      <trkpt lat="50.47435" lon="6.05186">
        <ele>579</ele>
        <time>2024-09-26T15:53:40+00:00</time>
      </trkpt>
      <trkpt lat="50.47463" lon="6.05182">
        <ele>583</ele>
        <time>2024-09-26T15:53:43+00:00</time>
      </trkpt>
      <trkpt lat="50.47482" lon="6.05167">
        <ele>585</ele>
        <time>2024-09-26T15:53:46+00:00</time>
      </trkpt>
      <trkpt lat="50.4751" lon="6.0516">
        <ele>586</ele>
        <time>2024-09-26T15:53:49+00:00</time>
      </trkpt>
      <trkpt lat="50.47533" lon="6.05162">
        <ele>586</ele>
        <time>2024-09-26T15:53:52+00:00</time>
      </trkpt>
      <trkpt lat="50.47556" lon="6.05161">
        <ele>587</ele>
        <time>2024-09-26T15:53:55+00:00</time>
      </trkpt>
      <trkpt lat="50.47578" lon="6.05143">
        <ele>587</ele>
        <time>2024-09-26T15:53:58+00:00</time>
      </trkpt>
      <trkpt lat="50.47589" lon="6.05105">
        <ele>587</ele>
        <time>2024-09-26T15:54:01+00:00</time>
      </trkpt>
      <trkpt lat="50.47596" lon="6.05074">
        <ele>587</ele>
        <time>2024-09-26T15:54:04+00:00</time>
      </trkpt>
      <trkpt lat="50.47594" lon="6.05044">
        <ele>587</ele>
        <time>2024-09-26T15:54:07+00:00</time>
      </trkpt>
      <trkpt lat="50.47598" lon="6.05001">
        <ele>587</ele>
        <time>2024-09-26T15:54:10+00:00</time>
      </trkpt>
      <trkpt lat="50.47608" lon="6.04948">
        <ele>587</ele>
        <time>2024-09-26T15:54:13+00:00</time>
      </trkpt>
      <trkpt lat="50.47611" lon="6.04894">
        <ele>587</ele>
        <time>2024-09-26T15:54:16+00:00</time>
      </trkpt>
      <trkpt lat="50.47611" lon="6.04855">
        <ele>586</ele>
        <time>2024-09-26T15:54:19+00:00</time>
      </trkpt>
      <trkpt lat="50.47616" lon="6.04821">
        <ele>586</ele>
        <time>2024-09-26T15:54:22+00:00</time>
      </trkpt>
      <trkpt lat="50.47633" lon="6.04774">
        <ele>585</ele>
        <time>2024-09-26T15:54:25+00:00</time>
      </trkpt>
      <trkpt lat="50.47635" lon="6.0476">
        <ele>585</ele>
        <time>2024-09-26T15:54:28+00:00</time>
      </trkpt>
      <trkpt lat="50.47642" lon="6.04733">
        <ele>582</ele>
        <time>2024-09-26T15:54:31+00:00</time>
      </trkpt>
      <trkpt lat="50.4765" lon="6.04701">
        <ele>582</ele>
        <time>2024-09-26T15:54:34+00:00</time>
      </trkpt>
      <trkpt lat="50.47668" lon="6.0467">
        <ele>580</ele>
        <time>2024-09-26T15:54:37+00:00</time>
      </trkpt>
      <trkpt lat="50.47696" lon="6.04647">
        <ele>579</ele>
        <time>2024-09-26T15:54:40+00:00</time>
      </trkpt>
      <trkpt lat="50.47726" lon="6.04602">
        <ele>576</ele>
        <time>2024-09-26T15:54:43+00:00</time>
      </trkpt>
      <trkpt lat="50.47738" lon="6.0457">
        <ele>575</ele>
        <time>2024-09-26T15:54:46+00:00</time>
      </trkpt>
      <trkpt lat="50.4774" lon="6.04566">
        <ele>574</ele>
        <time>2024-09-26T15:54:49+00:00</time>
      </trkpt>
      <trkpt lat="50.47742" lon="6.04549">
        <ele>573</ele>
        <time>2024-09-26T15:54:52+00:00</time>
      </trkpt>
      <trkpt lat="50.47733" lon="6.04538">
        <ele>572</ele>
        <time>2024-09-26T15:54:55+00:00</time>
      </trkpt>
      <trkpt lat="50.47727" lon="6.0454">
        <ele>572</ele>
        <time>2024-09-26T15:54:58+00:00</time>
      </trkpt>
      <trkpt lat="50.47724" lon="6.04546">
        <ele>572</ele>
        <time>2024-09-26T15:55:01+00:00</time>
      </trkpt>
      <trkpt lat="50.47718" lon="6.04542">
        <ele>571</ele>
        <time>2024-09-26T15:55:04+00:00</time>
      </trkpt>
      <trkpt lat="50.47698" lon="6.04548">
        <ele>572</ele>
        <time>2024-09-26T15:55:07+00:00</time>
      </trkpt>
      <trkpt lat="50.47687" lon="6.04534">
        <ele>571</ele>
        <time>2024-09-26T15:55:10+00:00</time>
      </trkpt>
      <trkpt lat="50.47679" lon="6.04532">
        <ele>571</ele>
        <time>2024-09-26T15:55:13+00:00</time>
      </trkpt>
      <trkpt lat="50.47666" lon="6.04508">
        <ele>569</ele>
        <time>2024-09-26T15:55:16+00:00</time>
      </trkpt>
      <trkpt lat="50.47654" lon="6.04488">
        <ele>569</ele>
        <time>2024-09-26T15:55:19+00:00</time>
      </trkpt>
      <trkpt lat="50.4763" lon="6.04468">
        <ele>569</ele>
        <time>2024-09-26T15:55:22+00:00</time>
      </trkpt>
      <trkpt lat="50.47619" lon="6.04458">
        <ele>570</ele>
        <time>2024-09-26T15:55:25+00:00</time>
      </trkpt>
      <trkpt lat="50.47609" lon="6.0445">
        <ele>569</ele>
        <time>2024-09-26T15:55:28+00:00</time>
      </trkpt>
      <trkpt lat="50.47597" lon="6.04427">
        <ele>565</ele>
        <time>2024-09-26T15:55:31+00:00</time>
      </trkpt>
      <trkpt lat="50.47591" lon="6.04397">
        <ele>565</ele>
        <time>2024-09-26T15:55:34+00:00</time>
      </trkpt>
      <trkpt lat="50.47576" lon="6.04373">
        <ele>565</ele>
        <time>2024-09-26T15:55:37+00:00</time>
      </trkpt>
      <trkpt lat="50.47567" lon="6.04374">
        <ele>566</ele>
        <time>2024-09-26T15:55:40+00:00</time>
      </trkpt>
      <trkpt lat="50.47554" lon="6.04353">
        <ele>565</ele>
        <time>2024-09-26T15:55:43+00:00</time>
      </trkpt>
      <trkpt lat="50.47542" lon="6.0433">
        <ele>564</ele>
        <time>2024-09-26T15:55:46+00:00</time>
      </trkpt>
      <trkpt lat="50.47529" lon="6.0432">
        <ele>562</ele>
        <time>2024-09-26T15:55:49+00:00</time>
      </trkpt>
      <trkpt lat="50.47526" lon="6.04309">
        <ele>562</ele>
        <time>2024-09-26T15:55:52+00:00</time>
      </trkpt>
      <trkpt lat="50.47516" lon="6.04308">
        <ele>562</ele>
        <time>2024-09-26T15:55:55+00:00</time>
      </trkpt>
      <trkpt lat="50.47505" lon="6.04294">
        <ele>561</ele>
        <time>2024-09-26T15:55:58+00:00</time>
      </trkpt>
      <trkpt lat="50.47484" lon="6.04273">
        <ele>559</ele>
        <time>2024-09-26T15:56:01+00:00</time>
      </trkpt>
      <trkpt lat="50.47469" lon="6.04255">
        <ele>558</ele>
        <time>2024-09-26T15:56:04+00:00</time>
      </trkpt>
      <trkpt lat="50.47466" lon="6.04239">
        <ele>557</ele>
        <time>2024-09-26T15:56:07+00:00</time>
      </trkpt>
      <trkpt lat="50.47447" lon="6.04225">
        <ele>556</ele>
        <time>2024-09-26T15:56:10+00:00</time>
      </trkpt>
      <trkpt lat="50.47421" lon="6.04204">
        <ele>554</ele>
        <time>2024-09-26T15:56:13+00:00</time>
      </trkpt>
      <trkpt lat="50.47404" lon="6.04212">
        <ele>554</ele>
        <time>2024-09-26T15:56:16+00:00</time>
      </trkpt>
      <trkpt lat="50.47375" lon="6.04211">
        <ele>553</ele>
        <time>2024-09-26T15:56:19+00:00</time>
      </trkpt>
      <trkpt lat="50.47359" lon="6.04207">
        <ele>551</ele>
        <time>2024-09-26T15:56:22+00:00</time>
      </trkpt>
      <trkpt lat="50.47343" lon="6.04194">
        <ele>550</ele>
        <time>2024-09-26T15:56:25+00:00</time>
      </trkpt>
      <trkpt lat="50.4732" lon="6.04176">
        <ele>547</ele>
        <time>2024-09-26T15:56:28+00:00</time>
      </trkpt>
      <trkpt lat="50.47312" lon="6.04177">
        <ele>547</ele>
        <time>2024-09-26T15:56:31+00:00</time>
      </trkpt>
      <trkpt lat="50.47292" lon="6.04165">
        <ele>547</ele>
        <time>2024-09-26T15:56:34+00:00</time>
      </trkpt>
      <trkpt lat="50.47266" lon="6.04149">
        <ele>545</ele>
        <time>2024-09-26T15:56:37+00:00</time>
      </trkpt>
      <trkpt lat="50.47245" lon="6.0413">
        <ele>544</ele>
        <time>2024-09-26T15:56:40+00:00</time>
      </trkpt>
      <trkpt lat="50.47221" lon="6.04108">
        <ele>541</ele>
        <time>2024-09-26T15:56:43+00:00</time>
      </trkpt>
      <trkpt lat="50.47195" lon="6.04102">
        <ele>540</ele>
        <time>2024-09-26T15:56:46+00:00</time>
      </trkpt>
      <trkpt lat="50.47183" lon="6.04088">
        <ele>538</ele>
        <time>2024-09-26T15:56:49+00:00</time>
      </trkpt>
      <trkpt lat="50.47168" lon="6.04087">
        <ele>538</ele>
        <time>2024-09-26T15:56:52+00:00</time>
      </trkpt>
      <trkpt lat="50.47156" lon="6.04082">
        <ele>537</ele>
        <time>2024-09-26T15:56:55+00:00</time>
      </trkpt>
      <trkpt lat="50.47143" lon="6.0407">
        <ele>535</ele>
        <time>2024-09-26T15:56:58+00:00</time>
      </trkpt>
      <trkpt lat="50.47134" lon="6.04067">
        <ele>533</ele>
        <time>2024-09-26T15:57:01+00:00</time>
      </trkpt>
      <trkpt lat="50.47126" lon="6.04062">
        <ele>532</ele>
        <time>2024-09-26T15:57:04+00:00</time>
      </trkpt>
      <trkpt lat="50.47118" lon="6.04047">
        <ele>530</ele>
        <time>2024-09-26T15:57:07+00:00</time>
      </trkpt>
      <trkpt lat="50.471" lon="6.04041">
        <ele>529</ele>
        <time>2024-09-26T15:57:10+00:00</time>
      </trkpt>
      <trkpt lat="50.47081" lon="6.04046">
        <ele>529</ele>
        <time>2024-09-26T15:57:13+00:00</time>
      </trkpt>
      <trkpt lat="50.47063" lon="6.04044">
        <ele>530</ele>
        <time>2024-09-26T15:57:16+00:00</time>
      </trkpt>
      <trkpt lat="50.47034" lon="6.04028">
        <ele>530</ele>
        <time>2024-09-26T15:57:19+00:00</time>
      </trkpt>
      <trkpt lat="50.47012" lon="6.04025">
        <ele>531</ele>
        <time>2024-09-26T15:57:22+00:00</time>
      </trkpt>
      <trkpt lat="50.46995" lon="6.04027">
        <ele>530</ele>
        <time>2024-09-26T15:57:25+00:00</time>
      </trkpt>
      <trkpt lat="50.46982" lon="6.04039">
        <ele>530</ele>
        <time>2024-09-26T15:57:28+00:00</time>
      </trkpt>
      <trkpt lat="50.46963" lon="6.04056">
        <ele>530</ele>
        <time>2024-09-26T15:57:31+00:00</time>
      </trkpt>
      <trkpt lat="50.46962" lon="6.04063">
        <ele>530</ele>
        <time>2024-09-26T15:57:34+00:00</time>
      </trkpt>
      <trkpt lat="50.46955" lon="6.0407">
        <ele>533</ele>
        <time>2024-09-26T15:57:37+00:00</time>
      </trkpt>
      <trkpt lat="50.46946" lon="6.04067">
        <ele>530</ele>
        <time>2024-09-26T15:57:40+00:00</time>
      </trkpt>
      <trkpt lat="50.46922" lon="6.04068">
        <ele>526</ele>
        <time>2024-09-26T15:57:43+00:00</time>
      </trkpt>
      <trkpt lat="50.46892" lon="6.04069">
        <ele>524</ele>
        <time>2024-09-26T15:57:46+00:00</time>
      </trkpt>
      <trkpt lat="50.46886" lon="6.04073">
        <ele>522</ele>
        <time>2024-09-26T15:57:49+00:00</time>
      </trkpt>
      <trkpt lat="50.46878" lon="6.04075">
        <ele>523</ele>
        <time>2024-09-26T15:57:52+00:00</time>
      </trkpt>
      <trkpt lat="50.46875" lon="6.04067">
        <ele>524</ele>
        <time>2024-09-26T15:57:55+00:00</time>
      </trkpt>
      <trkpt lat="50.46871" lon="6.0405">
        <ele>524</ele>
        <time>2024-09-26T15:57:58+00:00</time>
      </trkpt>
      <trkpt lat="50.46863" lon="6.04037">
        <ele>524</ele>
        <time>2024-09-26T15:58:01+00:00</time>
      </trkpt>
      <trkpt lat="50.46844" lon="6.0402">
        <ele>523</ele>
        <time>2024-09-26T15:58:04+00:00</time>
      </trkpt>
      <trkpt lat="50.46823" lon="6.03989">
        <ele>522</ele>
        <time>2024-09-26T15:58:07+00:00</time>
      </trkpt>
      <trkpt lat="50.46802" lon="6.03958">
        <ele>522</ele>
        <time>2024-09-26T15:58:10+00:00</time>
      </trkpt>
      <trkpt lat="50.4678" lon="6.03926">
        <ele>522</ele>
        <time>2024-09-26T15:58:13+00:00</time>
      </trkpt>
      <trkpt lat="50.46761" lon="6.03892">
        <ele>522</ele>
        <time>2024-09-26T15:58:16+00:00</time>
      </trkpt>
      <trkpt lat="50.46733" lon="6.03855">
        <ele>523</ele>
        <time>2024-09-26T15:58:19+00:00</time>
      </trkpt>
      <trkpt lat="50.46712" lon="6.03842">
        <ele>526</ele>
        <time>2024-09-26T15:58:22+00:00</time>
      </trkpt>
      <trkpt lat="50.46689" lon="6.03833">
        <ele>527</ele>
        <time>2024-09-26T15:58:25+00:00</time>
      </trkpt>
      <trkpt lat="50.46667" lon="6.03824">
        <ele>529</ele>
        <time>2024-09-26T15:58:28+00:00</time>
      </trkpt>
      <trkpt lat="50.46643" lon="6.03814">
        <ele>534</ele>
        <time>2024-09-26T15:58:31+00:00</time>
      </trkpt>
      <trkpt lat="50.46626" lon="6.03797">
        <ele>538</ele>
        <time>2024-09-26T15:58:34+00:00</time>
      </trkpt>
      <trkpt lat="50.46624" lon="6.03783">
        <ele>538</ele>
        <time>2024-09-26T15:58:37+00:00</time>
      </trkpt>
      <trkpt lat="50.46607" lon="6.03751">
        <ele>538</ele>
        <time>2024-09-26T15:58:40+00:00</time>
      </trkpt>
      <trkpt lat="50.46591" lon="6.03715">
        <ele>535</ele>
        <time>2024-09-26T15:58:43+00:00</time>
      </trkpt>
      <trkpt lat="50.46562" lon="6.03648">
        <ele>534</ele>
        <time>2024-09-26T15:58:46+00:00</time>
      </trkpt>
      <trkpt lat="50.46539" lon="6.03689">
        <ele>533</ele>
        <time>2024-09-26T15:58:49+00:00</time>
      </trkpt>
      <trkpt lat="50.46516" lon="6.0373">
        <ele>532</ele>
        <time>2024-09-26T15:58:52+00:00</time>
      </trkpt>
      <trkpt lat="50.46493" lon="6.03771">
        <ele>528</ele>
        <time>2024-09-26T15:58:55+00:00</time>
      </trkpt>
      <trkpt lat="50.4647" lon="6.03811">
        <ele>527</ele>
        <time>2024-09-26T15:58:58+00:00</time>
      </trkpt>
      <trkpt lat="50.46441" lon="6.03862">
        <ele>527</ele>
        <time>2024-09-26T15:59:01+00:00</time>
      </trkpt>
      <trkpt lat="50.46429" lon="6.03877">
        <ele>524</ele>
        <time>2024-09-26T15:59:04+00:00</time>
      </trkpt>
      <trkpt lat="50.46409" lon="6.03889">
        <ele>523</ele>
        <time>2024-09-26T15:59:07+00:00</time>
      </trkpt>
      <trkpt lat="50.46374" lon="6.03911">
        <ele>520</ele>
        <time>2024-09-26T15:59:10+00:00</time>
      </trkpt>
      <trkpt lat="50.46348" lon="6.03921">
        <ele>520</ele>
        <time>2024-09-26T15:59:13+00:00</time>
      </trkpt>
      <trkpt lat="50.46302" lon="6.03939">
        <ele>522</ele>
        <time>2024-09-26T15:59:16+00:00</time>
      </trkpt>
      <trkpt lat="50.46277" lon="6.0394">
        <ele>526</ele>
        <time>2024-09-26T15:59:19+00:00</time>
      </trkpt>
      <trkpt lat="50.46244" lon="6.0394">
        <ele>527</ele>
        <time>2024-09-26T15:59:22+00:00</time>
      </trkpt>
      <trkpt lat="50.46223" lon="6.03948">
        <ele>527</ele>
        <time>2024-09-26T15:59:25+00:00</time>
      </trkpt>
      <trkpt lat="50.46201" lon="6.03956">
        <ele>526</ele>
        <time>2024-09-26T15:59:28+00:00</time>
      </trkpt>
      <trkpt lat="50.46181" lon="6.03976">
        <ele>521</ele>
        <time>2024-09-26T15:59:31+00:00</time>
      </trkpt>
      <trkpt lat="50.46157" lon="6.04">
        <ele>517</ele>
        <time>2024-09-26T15:59:34+00:00</time>
      </trkpt>
      <trkpt lat="50.46126" lon="6.04023">
        <ele>517</ele>
        <time>2024-09-26T15:59:37+00:00</time>
      </trkpt>
      <trkpt lat="50.46112" lon="6.04026">
        <ele>516</ele>
        <time>2024-09-26T15:59:40+00:00</time>
      </trkpt>
      <trkpt lat="50.46087" lon="6.04021">
        <ele>516</ele>
        <time>2024-09-26T15:59:43+00:00</time>
      </trkpt>
      <trkpt lat="50.46064" lon="6.04001">
        <ele>511</ele>
        <time>2024-09-26T15:59:46+00:00</time>
      </trkpt>
      <trkpt lat="50.4603" lon="6.03972">
        <ele>508</ele>
        <time>2024-09-26T15:59:49+00:00</time>
      </trkpt>
      <trkpt lat="50.46" lon="6.03944">
        <ele>501</ele>
        <time>2024-09-26T15:59:52+00:00</time>
      </trkpt>
      <trkpt lat="50.45994" lon="6.03911">
        <ele>497</ele>
        <time>2024-09-26T15:59:55+00:00</time>
      </trkpt>
      <trkpt lat="50.45987" lon="6.03877">
        <ele>495</ele>
        <time>2024-09-26T15:59:58+00:00</time>
      </trkpt>
      <trkpt lat="50.45977" lon="6.03839">
        <ele>491</ele>
        <time>2024-09-26T16:00:01+00:00</time>
      </trkpt>
      <trkpt lat="50.45963" lon="6.03784">
        <ele>491</ele>
        <time>2024-09-26T16:00:04+00:00</time>
      </trkpt>
      <trkpt lat="50.45952" lon="6.0375">
        <ele>492</ele>
        <time>2024-09-26T16:00:07+00:00</time>
      </trkpt>
      <trkpt lat="50.45937" lon="6.03704">
        <ele>492</ele>
        <time>2024-09-26T16:00:10+00:00</time>
      </trkpt>
      <trkpt lat="50.4592" lon="6.03669">
        <ele>492</ele>
        <time>2024-09-26T16:00:13+00:00</time>
      </trkpt>
      <trkpt lat="50.45892" lon="6.0361">
        <ele>490</ele>
        <time>2024-09-26T16:00:16+00:00</time>
      </trkpt>
      <trkpt lat="50.45873" lon="6.03583">
        <ele>486</ele>
        <time>2024-09-26T16:00:19+00:00</time>
      </trkpt>
      <trkpt lat="50.45844" lon="6.03542">
        <ele>486</ele>
        <time>2024-09-26T16:00:22+00:00</time>
      </trkpt>
      <trkpt lat="50.45823" lon="6.03515">
        <ele>486</ele>
        <time>2024-09-26T16:00:25+00:00</time>
      </trkpt>
      <trkpt lat="50.45788" lon="6.03469">
        <ele>487</ele>
        <time>2024-09-26T16:00:28+00:00</time>
      </trkpt>
      <trkpt lat="50.45765" lon="6.03433">
        <ele>488</ele>
        <time>2024-09-26T16:00:31+00:00</time>
      </trkpt>
      <trkpt lat="50.45745" lon="6.03399">
        <ele>491</ele>
        <time>2024-09-26T16:00:34+00:00</time>
      </trkpt>
      <trkpt lat="50.45725" lon="6.03365">
        <ele>492</ele>
        <time>2024-09-26T16:00:37+00:00</time>
      </trkpt>
      <trkpt lat="50.45701" lon="6.03323">
        <ele>493</ele>
        <time>2024-09-26T16:00:40+00:00</time>
      </trkpt>
      <trkpt lat="50.45688" lon="6.03361">
        <ele>492</ele>
        <time>2024-09-26T16:00:43+00:00</time>
      </trkpt>
      <trkpt lat="50.45664" lon="6.03427">
        <ele>491</ele>
        <time>2024-09-26T16:00:46+00:00</time>
      </trkpt>
      <trkpt lat="50.45643" lon="6.03457">
        <ele>489</ele>
        <time>2024-09-26T16:00:49+00:00</time>
      </trkpt>
      <trkpt lat="50.456" lon="6.03516">
        <ele>479</ele>
        <time>2024-09-26T16:00:52+00:00</time>
      </trkpt>
      <trkpt lat="50.45582" lon="6.03493">
        <ele>479</ele>
        <time>2024-09-26T16:00:55+00:00</time>
      </trkpt>
      <trkpt lat="50.45543" lon="6.0348">
        <ele>479</ele>
        <time>2024-09-26T16:00:58+00:00</time>
      </trkpt>
      <trkpt lat="50.45516" lon="6.03485">
        <ele>479</ele>
        <time>2024-09-26T16:01:01+00:00</time>
      </trkpt>
      <trkpt lat="50.45471" lon="6.03494">
        <ele>481</ele>
        <time>2024-09-26T16:01:04+00:00</time>
      </trkpt>
      <trkpt lat="50.45441" lon="6.03504">
        <ele>481</ele>
        <time>2024-09-26T16:01:07+00:00</time>
      </trkpt>
      <trkpt lat="50.45412" lon="6.0348">
        <ele>503</ele>
        <time>2024-09-26T16:01:10+00:00</time>
      </trkpt>
      <trkpt lat="50.45382" lon="6.03456">
        <ele>518</ele>
        <time>2024-09-26T16:01:13+00:00</time>
      </trkpt>
      <trkpt lat="50.45353" lon="6.03431">
        <ele>524</ele>
        <time>2024-09-26T16:01:16+00:00</time>
      </trkpt>
      <trkpt lat="50.45316" lon="6.034">
        <ele>528</ele>
        <time>2024-09-26T16:01:19+00:00</time>
      </trkpt>
      <trkpt lat="50.45312" lon="6.0339">
        <ele>531</ele>
        <time>2024-09-26T16:01:22+00:00</time>
      </trkpt>
      <trkpt lat="50.45279" lon="6.03391">
        <ele>529</ele>
        <time>2024-09-26T16:01:25+00:00</time>
      </trkpt>
      <trkpt lat="50.45259" lon="6.03396">
        <ele>529</ele>
        <time>2024-09-26T16:01:28+00:00</time>
      </trkpt>
      <trkpt lat="50.4522" lon="6.03384">
        <ele>526</ele>
        <time>2024-09-26T16:01:31+00:00</time>
      </trkpt>
      <trkpt lat="50.45187" lon="6.03399">
        <ele>524</ele>
        <time>2024-09-26T16:01:34+00:00</time>
      </trkpt>
      <trkpt lat="50.45154" lon="6.03414">
        <ele>517</ele>
        <time>2024-09-26T16:01:37+00:00</time>
      </trkpt>
      <trkpt lat="50.45122" lon="6.03429">
        <ele>515</ele>
        <time>2024-09-26T16:01:40+00:00</time>
      </trkpt>
      <trkpt lat="50.45062" lon="6.03457">
        <ele>511</ele>
        <time>2024-09-26T16:01:43+00:00</time>
      </trkpt>
      <trkpt lat="50.45041" lon="6.03477">
        <ele>510</ele>
        <time>2024-09-26T16:01:46+00:00</time>
      </trkpt>
      <trkpt lat="50.45016" lon="6.03502">
        <ele>507</ele>
        <time>2024-09-26T16:01:49+00:00</time>
      </trkpt>
      <trkpt lat="50.44996" lon="6.03529">
        <ele>507</ele>
        <time>2024-09-26T16:01:52+00:00</time>
      </trkpt>
      <trkpt lat="50.44962" lon="6.03575">
        <ele>502</ele>
        <time>2024-09-26T16:01:55+00:00</time>
      </trkpt>
      <trkpt lat="50.44928" lon="6.03575">
        <ele>497</ele>
        <time>2024-09-26T16:01:58+00:00</time>
      </trkpt>
      <trkpt lat="50.44921" lon="6.03606">
        <ele>496</ele>
        <time>2024-09-26T16:02:01+00:00</time>
      </trkpt>
      <trkpt lat="50.44904" lon="6.03655">
        <ele>492</ele>
        <time>2024-09-26T16:02:04+00:00</time>
      </trkpt>
      <trkpt lat="50.44894" lon="6.03688">
        <ele>489</ele>
        <time>2024-09-26T16:02:07+00:00</time>
      </trkpt>
      <trkpt lat="50.44882" lon="6.03725">
        <ele>487</ele>
        <time>2024-09-26T16:02:10+00:00</time>
      </trkpt>
      <trkpt lat="50.44858" lon="6.03773">
        <ele>484</ele>
        <time>2024-09-26T16:02:13+00:00</time>
      </trkpt>
      <trkpt lat="50.44832" lon="6.038">
        <ele>483</ele>
        <time>2024-09-26T16:02:16+00:00</time>
      </trkpt>
      <trkpt lat="50.44805" lon="6.03797">
        <ele>483</ele>
        <time>2024-09-26T16:02:19+00:00</time>
      </trkpt>
      <trkpt lat="50.44781" lon="6.03776">
        <ele>483</ele>
        <time>2024-09-26T16:02:22+00:00</time>
      </trkpt>
      <trkpt lat="50.44763" lon="6.03757">
        <ele>481</ele>
        <time>2024-09-26T16:02:25+00:00</time>
      </trkpt>
      <trkpt lat="50.44744" lon="6.03738">
        <ele>473</ele>
        <time>2024-09-26T16:02:28+00:00</time>
      </trkpt>
      <trkpt lat="50.44737" lon="6.03674">
        <ele>472</ele>
        <time>2024-09-26T16:02:31+00:00</time>
      </trkpt>
      <trkpt lat="50.44728" lon="6.03635">
        <ele>472</ele>
        <time>2024-09-26T16:02:34+00:00</time>
      </trkpt>
      <trkpt lat="50.44713" lon="6.03573">
        <ele>472</ele>
        <time>2024-09-26T16:02:37+00:00</time>
      </trkpt>
      <trkpt lat="50.44698" lon="6.03542">
        <ele>468</ele>
        <time>2024-09-26T16:02:40+00:00</time>
      </trkpt>
      <trkpt lat="50.44676" lon="6.03496">
        <ele>466</ele>
        <time>2024-09-26T16:02:43+00:00</time>
      </trkpt>
      <trkpt lat="50.44666" lon="6.03459">
        <ele>466</ele>
        <time>2024-09-26T16:02:46+00:00</time>
      </trkpt>
      <trkpt lat="50.44652" lon="6.03406">
        <ele>466</ele>
        <time>2024-09-26T16:02:49+00:00</time>
      </trkpt>
      <trkpt lat="50.44645" lon="6.03365">
        <ele>465</ele>
        <time>2024-09-26T16:02:52+00:00</time>
      </trkpt>
      <trkpt lat="50.44635" lon="6.03298">
        <ele>466</ele>
        <time>2024-09-26T16:02:55+00:00</time>
      </trkpt>
      <trkpt lat="50.4465" lon="6.03322">
        <ele>467</ele>
        <time>2024-09-26T16:02:58+00:00</time>
      </trkpt>
      <trkpt lat="50.44666" lon="6.03347">
        <ele>469</ele>
        <time>2024-09-26T16:03:01+00:00</time>
      </trkpt>
      <trkpt lat="50.44688" lon="6.03357">
        <ele>473</ele>
        <time>2024-09-26T16:03:04+00:00</time>
      </trkpt>
      <trkpt lat="50.44716" lon="6.03371">
        <ele>480</ele>
        <time>2024-09-26T16:03:07+00:00</time>
      </trkpt>
      <trkpt lat="50.44738" lon="6.0336">
        <ele>484</ele>
        <time>2024-09-26T16:03:10+00:00</time>
      </trkpt>
      <trkpt lat="50.44765" lon="6.03358">
        <ele>491</ele>
        <time>2024-09-26T16:03:13+00:00</time>
      </trkpt>
      <trkpt lat="50.44813" lon="6.03355">
        <ele>498</ele>
        <time>2024-09-26T16:03:16+00:00</time>
      </trkpt>
      <trkpt lat="50.44838" lon="6.03351">
        <ele>501</ele>
        <time>2024-09-26T16:03:19+00:00</time>
      </trkpt>
      <trkpt lat="50.44874" lon="6.03346">
        <ele>507</ele>
        <time>2024-09-26T16:03:22+00:00</time>
      </trkpt>
      <trkpt lat="50.44901" lon="6.03339">
        <ele>511</ele>
        <time>2024-09-26T16:03:25+00:00</time>
      </trkpt>
      <trkpt lat="50.44952" lon="6.03328">
        <ele>515</ele>
        <time>2024-09-26T16:03:28+00:00</time>
      </trkpt>
      <trkpt lat="50.44979" lon="6.03314">
        <ele>516</ele>
        <time>2024-09-26T16:03:31+00:00</time>
      </trkpt>
      <trkpt lat="50.45007" lon="6.03301">
        <ele>517</ele>
        <time>2024-09-26T16:03:34+00:00</time>
      </trkpt>
      <trkpt lat="50.45038" lon="6.03287">
        <ele>518</ele>
        <time>2024-09-26T16:03:37+00:00</time>
      </trkpt>
      <trkpt lat="50.45062" lon="6.03272">
        <ele>518</ele>
        <time>2024-09-26T16:03:40+00:00</time>
      </trkpt>
      <trkpt lat="50.45102" lon="6.03247">
        <ele>518</ele>
        <time>2024-09-26T16:03:43+00:00</time>
      </trkpt>
      <trkpt lat="50.45133" lon="6.03229">
        <ele>519</ele>
        <time>2024-09-26T16:03:46+00:00</time>
      </trkpt>
      <trkpt lat="50.45166" lon="6.03212">
        <ele>520</ele>
        <time>2024-09-26T16:03:49+00:00</time>
      </trkpt>
      <trkpt lat="50.45197" lon="6.03195">
        <ele>521</ele>
        <time>2024-09-26T16:03:52+00:00</time>
      </trkpt>
      <trkpt lat="50.45253" lon="6.03165">
        <ele>522</ele>
        <time>2024-09-26T16:03:55+00:00</time>
      </trkpt>
      <trkpt lat="50.45281" lon="6.0315">
        <ele>522</ele>
        <time>2024-09-26T16:03:58+00:00</time>
      </trkpt>
      <trkpt lat="50.45309" lon="6.03135">
        <ele>522</ele>
        <time>2024-09-26T16:04:01+00:00</time>
      </trkpt>
      <trkpt lat="50.45341" lon="6.03118">
        <ele>522</ele>
        <time>2024-09-26T16:04:04+00:00</time>
      </trkpt>
      <trkpt lat="50.45325" lon="6.03087">
        <ele>523</ele>
        <time>2024-09-26T16:04:07+00:00</time>
      </trkpt>
      <trkpt lat="50.45303" lon="6.03043">
        <ele>525</ele>
        <time>2024-09-26T16:04:10+00:00</time>
      </trkpt>
      <trkpt lat="50.45283" lon="6.03019">
        <ele>529</ele>
        <time>2024-09-26T16:04:13+00:00</time>
      </trkpt>
      <trkpt lat="50.45256" lon="6.02985">
        <ele>530</ele>
        <time>2024-09-26T16:04:16+00:00</time>
      </trkpt>
      <trkpt lat="50.45227" lon="6.02975">
        <ele>530</ele>
        <time>2024-09-26T16:04:19+00:00</time>
      </trkpt>
      <trkpt lat="50.45199" lon="6.02964">
        <ele>530</ele>
        <time>2024-09-26T16:04:22+00:00</time>
      </trkpt>
      <trkpt lat="50.45168" lon="6.02953">
        <ele>528</ele>
        <time>2024-09-26T16:04:25+00:00</time>
      </trkpt>
      <trkpt lat="50.45139" lon="6.02938">
        <ele>526</ele>
        <time>2024-09-26T16:04:28+00:00</time>
      </trkpt>
      <trkpt lat="50.4511" lon="6.02935">
        <ele>525</ele>
        <time>2024-09-26T16:04:31+00:00</time>
      </trkpt>
      <trkpt lat="50.4508" lon="6.02931">
        <ele>520</ele>
        <time>2024-09-26T16:04:34+00:00</time>
      </trkpt>
      <trkpt lat="50.45041" lon="6.02926">
        <ele>515</ele>
        <time>2024-09-26T16:04:37+00:00</time>
      </trkpt>
      <trkpt lat="50.45007" lon="6.02922">
        <ele>511</ele>
        <time>2024-09-26T16:04:40+00:00</time>
      </trkpt>
      <trkpt lat="50.44973" lon="6.02918">
        <ele>510</ele>
        <time>2024-09-26T16:04:43+00:00</time>
      </trkpt>
      <trkpt lat="50.44939" lon="6.02914">
        <ele>510</ele>
        <time>2024-09-26T16:04:46+00:00</time>
      </trkpt>
      <trkpt lat="50.44879" lon="6.02906">
        <ele>509</ele>
        <time>2024-09-26T16:04:49+00:00</time>
      </trkpt>
      <trkpt lat="50.44856" lon="6.02886">
        <ele>509</ele>
        <time>2024-09-26T16:04:52+00:00</time>
      </trkpt>
      <trkpt lat="50.44818" lon="6.02852">
        <ele>511</ele>
        <time>2024-09-26T16:04:55+00:00</time>
      </trkpt>
      <trkpt lat="50.44796" lon="6.02837">
        <ele>510</ele>
        <time>2024-09-26T16:04:58+00:00</time>
      </trkpt>
      <trkpt lat="50.44764" lon="6.02815">
        <ele>510</ele>
        <time>2024-09-26T16:05:01+00:00</time>
      </trkpt>
      <trkpt lat="50.44741" lon="6.02795">
        <ele>508</ele>
        <time>2024-09-26T16:05:04+00:00</time>
      </trkpt>
      <trkpt lat="50.44703" lon="6.02761">
        <ele>506</ele>
        <time>2024-09-26T16:05:07+00:00</time>
      </trkpt>
      <trkpt lat="50.44686" lon="6.02739">
        <ele>504</ele>
        <time>2024-09-26T16:05:10+00:00</time>
      </trkpt>
      <trkpt lat="50.44667" lon="6.02715">
        <ele>504</ele>
        <time>2024-09-26T16:05:13+00:00</time>
      </trkpt>
      <trkpt lat="50.44644" lon="6.02677">
        <ele>504</ele>
        <time>2024-09-26T16:05:16+00:00</time>
      </trkpt>
      <trkpt lat="50.4462" lon="6.02639">
        <ele>504</ele>
        <time>2024-09-26T16:05:19+00:00</time>
      </trkpt>
      <trkpt lat="50.44597" lon="6.02601">
        <ele>504</ele>
        <time>2024-09-26T16:05:22+00:00</time>
      </trkpt>
      <trkpt lat="50.44562" lon="6.02543">
        <ele>504</ele>
        <time>2024-09-26T16:05:25+00:00</time>
      </trkpt>
      <trkpt lat="50.4454" lon="6.02505">
        <ele>505</ele>
        <time>2024-09-26T16:05:28+00:00</time>
      </trkpt>
      <trkpt lat="50.44518" lon="6.02467">
        <ele>505</ele>
        <time>2024-09-26T16:05:31+00:00</time>
      </trkpt>
      <trkpt lat="50.44496" lon="6.02429">
        <ele>505</ele>
        <time>2024-09-26T16:05:34+00:00</time>
      </trkpt>
      <trkpt lat="50.44467" lon="6.0238">
        <ele>505</ele>
        <time>2024-09-26T16:05:37+00:00</time>
      </trkpt>
      <trkpt lat="50.44447" lon="6.02408">
        <ele>502</ele>
        <time>2024-09-26T16:05:40+00:00</time>
      </trkpt>
      <trkpt lat="50.44414" lon="6.02455">
        <ele>491</ele>
        <time>2024-09-26T16:05:43+00:00</time>
      </trkpt>
      <trkpt lat="50.44407" lon="6.02497">
        <ele>480</ele>
        <time>2024-09-26T16:05:46+00:00</time>
      </trkpt>
      <trkpt lat="50.44412" lon="6.02522">
        <ele>479</ele>
        <time>2024-09-26T16:05:49+00:00</time>
      </trkpt>
      <trkpt lat="50.44401" lon="6.0253">
        <ele>474</ele>
        <time>2024-09-26T16:05:52+00:00</time>
      </trkpt>
      <trkpt lat="50.44377" lon="6.02523">
        <ele>470</ele>
        <time>2024-09-26T16:05:55+00:00</time>
      </trkpt>
      <trkpt lat="50.44346" lon="6.02513">
        <ele>467</ele>
        <time>2024-09-26T16:05:58+00:00</time>
      </trkpt>
      <trkpt lat="50.44329" lon="6.02538">
        <ele>463</ele>
        <time>2024-09-26T16:06:01+00:00</time>
      </trkpt>
      <trkpt lat="50.4431" lon="6.02565">
        <ele>457</ele>
        <time>2024-09-26T16:06:04+00:00</time>
      </trkpt>
      <trkpt lat="50.4429" lon="6.02582">
        <ele>452</ele>
        <time>2024-09-26T16:06:07+00:00</time>
      </trkpt>
      <trkpt lat="50.44266" lon="6.02602">
        <ele>452</ele>
        <time>2024-09-26T16:06:10+00:00</time>
      </trkpt>
      <trkpt lat="50.44236" lon="6.02567">
        <ele>449</ele>
        <time>2024-09-26T16:06:13+00:00</time>
      </trkpt>
      <trkpt lat="50.44211" lon="6.02567">
        <ele>446</ele>
        <time>2024-09-26T16:06:16+00:00</time>
      </trkpt>
      <trkpt lat="50.44179" lon="6.02568">
        <ele>432</ele>
        <time>2024-09-26T16:06:19+00:00</time>
      </trkpt>
      <trkpt lat="50.44161" lon="6.02542">
        <ele>432</ele>
        <time>2024-09-26T16:06:22+00:00</time>
      </trkpt>
      <trkpt lat="50.44128" lon="6.02581">
        <ele>417</ele>
        <time>2024-09-26T16:06:25+00:00</time>
      </trkpt>
      <trkpt lat="50.4413" lon="6.02592">
        <ele>417</ele>
        <time>2024-09-26T16:06:28+00:00</time>
      </trkpt>
      <trkpt lat="50.44123" lon="6.02609">
        <ele>417</ele>
        <time>2024-09-26T16:06:31+00:00</time>
      </trkpt>
      <trkpt lat="50.44114" lon="6.02576">
        <ele>420</ele>
        <time>2024-09-26T16:06:34+00:00</time>
      </trkpt>
      <trkpt lat="50.44104" lon="6.02537">
        <ele>425</ele>
        <time>2024-09-26T16:06:37+00:00</time>
      </trkpt>
      <trkpt lat="50.44094" lon="6.02506">
        <ele>435</ele>
        <time>2024-09-26T16:06:40+00:00</time>
      </trkpt>
      <trkpt lat="50.44083" lon="6.02472">
        <ele>448</ele>
        <time>2024-09-26T16:06:43+00:00</time>
      </trkpt>
      <trkpt lat="50.44088" lon="6.02439">
        <ele>452</ele>
        <time>2024-09-26T16:06:46+00:00</time>
      </trkpt>
      <trkpt lat="50.44094" lon="6.02405">
        <ele>452</ele>
        <time>2024-09-26T16:06:49+00:00</time>
      </trkpt>
      <trkpt lat="50.44085" lon="6.02365">
        <ele>459</ele>
        <time>2024-09-26T16:06:52+00:00</time>
      </trkpt>
      <trkpt lat="50.44071" lon="6.02295">
        <ele>466</ele>
        <time>2024-09-26T16:06:55+00:00</time>
      </trkpt>
      <trkpt lat="50.44053" lon="6.02274">
        <ele>478</ele>
        <time>2024-09-26T16:06:58+00:00</time>
      </trkpt>
      <trkpt lat="50.44039" lon="6.02305">
        <ele>486</ele>
        <time>2024-09-26T16:07:01+00:00</time>
      </trkpt>
      <trkpt lat="50.44033" lon="6.02353">
        <ele>491</ele>
        <time>2024-09-26T16:07:04+00:00</time>
      </trkpt>
      <trkpt lat="50.44028" lon="6.02401">
        <ele>491</ele>
        <time>2024-09-26T16:07:07+00:00</time>
      </trkpt>
      <trkpt lat="50.4402" lon="6.02477">
        <ele>491</ele>
        <time>2024-09-26T16:07:10+00:00</time>
      </trkpt>
      <trkpt lat="50.44001" lon="6.02485">
        <ele>491</ele>
        <time>2024-09-26T16:07:13+00:00</time>
      </trkpt>
      <trkpt lat="50.43982" lon="6.02461">
        <ele>491</ele>
        <time>2024-09-26T16:07:16+00:00</time>
      </trkpt>
      <trkpt lat="50.43952" lon="6.02456">
        <ele>493</ele>
        <time>2024-09-26T16:07:19+00:00</time>
      </trkpt>
      <trkpt lat="50.43954" lon="6.0242">
        <ele>495</ele>
        <time>2024-09-26T16:07:22+00:00</time>
      </trkpt>
      <trkpt lat="50.43957" lon="6.02376">
        <ele>496</ele>
        <time>2024-09-26T16:07:25+00:00</time>
      </trkpt>
      <trkpt lat="50.43934" lon="6.02363">
        <ele>500</ele>
        <time>2024-09-26T16:07:28+00:00</time>
      </trkpt>
      <trkpt lat="50.43904" lon="6.02346">
        <ele>504</ele>
        <time>2024-09-26T16:07:31+00:00</time>
      </trkpt>
      <trkpt lat="50.43894" lon="6.02312">
        <ele>507</ele>
        <time>2024-09-26T16:07:34+00:00</time>
      </trkpt>
      <trkpt lat="50.43881" lon="6.02271">
        <ele>510</ele>
        <time>2024-09-26T16:07:37+00:00</time>
      </trkpt>
      <trkpt lat="50.43884" lon="6.02207">
        <ele>512</ele>
        <time>2024-09-26T16:07:40+00:00</time>
      </trkpt>
      <trkpt lat="50.43869" lon="6.0218">
        <ele>512</ele>
        <time>2024-09-26T16:07:43+00:00</time>
      </trkpt>
      <trkpt lat="50.43853" lon="6.0215">
        <ele>510</ele>
        <time>2024-09-26T16:07:46+00:00</time>
      </trkpt>
      <trkpt lat="50.43844" lon="6.021">
        <ele>506</ele>
        <time>2024-09-26T16:07:49+00:00</time>
      </trkpt>
      <trkpt lat="50.43846" lon="6.02059">
        <ele>505</ele>
        <time>2024-09-26T16:07:52+00:00</time>
      </trkpt>
      <trkpt lat="50.43836" lon="6.02027">
        <ele>503</ele>
        <time>2024-09-26T16:07:55+00:00</time>
      </trkpt>
      <trkpt lat="50.43825" lon="6.0199">
        <ele>502</ele>
        <time>2024-09-26T16:07:58+00:00</time>
      </trkpt>
      <trkpt lat="50.43799" lon="6.01956">
        <ele>502</ele>
        <time>2024-09-26T16:08:01+00:00</time>
      </trkpt>
      <trkpt lat="50.43778" lon="6.01936">
        <ele>502</ele>
        <time>2024-09-26T16:08:04+00:00</time>
      </trkpt>
      <trkpt lat="50.43759" lon="6.0189">
        <ele>509</ele>
        <time>2024-09-26T16:08:07+00:00</time>
      </trkpt>
      <trkpt lat="50.43735" lon="6.01867">
        <ele>510</ele>
        <time>2024-09-26T16:08:10+00:00</time>
      </trkpt>
      <trkpt lat="50.43689" lon="6.01823">
        <ele>510</ele>
        <time>2024-09-26T16:08:13+00:00</time>
      </trkpt>
      <trkpt lat="50.43667" lon="6.01813">
        <ele>511</ele>
        <time>2024-09-26T16:08:16+00:00</time>
      </trkpt>
      <trkpt lat="50.43641" lon="6.01802">
        <ele>511</ele>
        <time>2024-09-26T16:08:19+00:00</time>
      </trkpt>
      <trkpt lat="50.4362" lon="6.01812">
        <ele>508</ele>
        <time>2024-09-26T16:08:22+00:00</time>
      </trkpt>
      <trkpt lat="50.43598" lon="6.01822">
        <ele>506</ele>
        <time>2024-09-26T16:08:25+00:00</time>
      </trkpt>
      <trkpt lat="50.43581" lon="6.01783">
        <ele>505</ele>
        <time>2024-09-26T16:08:28+00:00</time>
      </trkpt>
      <trkpt lat="50.43569" lon="6.01729">
        <ele>502</ele>
        <time>2024-09-26T16:08:31+00:00</time>
      </trkpt>
      <trkpt lat="50.4356" lon="6.01699">
        <ele>504</ele>
        <time>2024-09-26T16:08:34+00:00</time>
      </trkpt>
      <trkpt lat="50.4355" lon="6.01668">
        <ele>504</ele>
        <time>2024-09-26T16:08:37+00:00</time>
      </trkpt>
      <trkpt lat="50.43536" lon="6.01634">
        <ele>504</ele>
        <time>2024-09-26T16:08:40+00:00</time>
      </trkpt>
      <trkpt lat="50.43516" lon="6.01584">
        <ele>501</ele>
        <time>2024-09-26T16:08:43+00:00</time>
      </trkpt>
      <trkpt lat="50.43494" lon="6.01572">
        <ele>497</ele>
        <time>2024-09-26T16:08:46+00:00</time>
      </trkpt>
      <trkpt lat="50.4347" lon="6.01557">
        <ele>488</ele>
        <time>2024-09-26T16:08:49+00:00</time>
      </trkpt>
      <trkpt lat="50.43444" lon="6.01545">
        <ele>484</ele>
        <time>2024-09-26T16:08:52+00:00</time>
      </trkpt>
      <trkpt lat="50.43415" lon="6.0156">
        <ele>478</ele>
        <time>2024-09-26T16:08:55+00:00</time>
      </trkpt>
      <trkpt lat="50.43385" lon="6.01598">
        <ele>475</ele>
        <time>2024-09-26T16:08:58+00:00</time>
      </trkpt>
      <trkpt lat="50.43369" lon="6.01654">
        <ele>473</ele>
        <time>2024-09-26T16:09:01+00:00</time>
      </trkpt>
      <trkpt lat="50.43349" lon="6.01678">
        <ele>475</ele>
        <time>2024-09-26T16:09:04+00:00</time>
      </trkpt>
      <trkpt lat="50.43321" lon="6.01711">
        <ele>477</ele>
        <time>2024-09-26T16:09:07+00:00</time>
      </trkpt>
      <trkpt lat="50.43295" lon="6.0172">
        <ele>481</ele>
        <time>2024-09-26T16:09:10+00:00</time>
      </trkpt>
      <trkpt lat="50.4325" lon="6.01735">
        <ele>482</ele>
        <time>2024-09-26T16:09:13+00:00</time>
      </trkpt>
      <trkpt lat="50.43253" lon="6.01694">
        <ele>487</ele>
        <time>2024-09-26T16:09:16+00:00</time>
      </trkpt>
      <trkpt lat="50.43259" lon="6.01628">
        <ele>489</ele>
        <time>2024-09-26T16:09:19+00:00</time>
      </trkpt>
      <trkpt lat="50.43269" lon="6.01607">
        <ele>488</ele>
        <time>2024-09-26T16:09:22+00:00</time>
      </trkpt>
      <trkpt lat="50.43253" lon="6.01586">
        <ele>489</ele>
        <time>2024-09-26T16:09:25+00:00</time>
      </trkpt>
      <trkpt lat="50.43227" lon="6.01552">
        <ele>489</ele>
        <time>2024-09-26T16:09:28+00:00</time>
      </trkpt>
      <trkpt lat="50.43198" lon="6.01517">
        <ele>489</ele>
        <time>2024-09-26T16:09:31+00:00</time>
      </trkpt>
      <trkpt lat="50.43172" lon="6.01492">
        <ele>489</ele>
        <time>2024-09-26T16:09:34+00:00</time>
      </trkpt>
      <trkpt lat="50.43145" lon="6.01496">
        <ele>482</ele>
        <time>2024-09-26T16:09:37+00:00</time>
      </trkpt>
      <trkpt lat="50.43133" lon="6.0151">
        <ele>481</ele>
        <time>2024-09-26T16:09:40+00:00</time>
      </trkpt>
      <trkpt lat="50.43118" lon="6.01528">
        <ele>482</ele>
        <time>2024-09-26T16:09:43+00:00</time>
      </trkpt>
      <trkpt lat="50.43098" lon="6.01554">
        <ele>483</ele>
        <time>2024-09-26T16:09:46+00:00</time>
      </trkpt>
      <trkpt lat="50.43061" lon="6.01568">
        <ele>483</ele>
        <time>2024-09-26T16:09:49+00:00</time>
      </trkpt>
      <trkpt lat="50.43041" lon="6.01555">
        <ele>484</ele>
        <time>2024-09-26T16:09:52+00:00</time>
      </trkpt>
      <trkpt lat="50.43022" lon="6.01537">
        <ele>481</ele>
        <time>2024-09-26T16:09:55+00:00</time>
      </trkpt>
      <trkpt lat="50.42998" lon="6.01554">
        <ele>478</ele>
        <time>2024-09-26T16:09:58+00:00</time>
      </trkpt>
      <trkpt lat="50.42975" lon="6.01576">
        <ele>471</ele>
        <time>2024-09-26T16:10:01+00:00</time>
      </trkpt>
      <trkpt lat="50.42937" lon="6.01614">
        <ele>468</ele>
        <time>2024-09-26T16:10:04+00:00</time>
      </trkpt>
      <trkpt lat="50.42925" lon="6.01645">
        <ele>465</ele>
        <time>2024-09-26T16:10:07+00:00</time>
      </trkpt>
      <trkpt lat="50.42911" lon="6.01681">
        <ele>462</ele>
        <time>2024-09-26T16:10:10+00:00</time>
      </trkpt>
      <trkpt lat="50.42907" lon="6.01691">
        <ele>462</ele>
        <time>2024-09-26T16:10:13+00:00</time>
      </trkpt>
      <trkpt lat="50.42896" lon="6.01719">
        <ele>461</ele>
        <time>2024-09-26T16:10:16+00:00</time>
      </trkpt>
      <trkpt lat="50.42882" lon="6.01756">
        <ele>456</ele>
        <time>2024-09-26T16:10:19+00:00</time>
      </trkpt>
      <trkpt lat="50.42901" lon="6.01804">
        <ele>443</ele>
        <time>2024-09-26T16:10:22+00:00</time>
      </trkpt>
      <trkpt lat="50.42924" lon="6.01798">
        <ele>441</ele>
        <time>2024-09-26T16:10:25+00:00</time>
      </trkpt>
      <trkpt lat="50.42949" lon="6.01791">
        <ele>435</ele>
        <time>2024-09-26T16:10:28+00:00</time>
      </trkpt>
      <trkpt lat="50.42985" lon="6.0177">
        <ele>431</ele>
        <time>2024-09-26T16:10:31+00:00</time>
      </trkpt>
      <trkpt lat="50.43007" lon="6.0177">
        <ele>430</ele>
        <time>2024-09-26T16:10:34+00:00</time>
      </trkpt>
      <trkpt lat="50.43029" lon="6.0177">
        <ele>430</ele>
        <time>2024-09-26T16:10:37+00:00</time>
      </trkpt>
      <trkpt lat="50.4307" lon="6.01759">
        <ele>428</ele>
        <time>2024-09-26T16:10:40+00:00</time>
      </trkpt>
      <trkpt lat="50.43099" lon="6.01771">
        <ele>422</ele>
        <time>2024-09-26T16:10:43+00:00</time>
      </trkpt>
      <trkpt lat="50.43116" lon="6.01765">
        <ele>424</ele>
        <time>2024-09-26T16:10:46+00:00</time>
      </trkpt>
      <trkpt lat="50.43127" lon="6.01737">
        <ele>426</ele>
        <time>2024-09-26T16:10:49+00:00</time>
      </trkpt>
      <trkpt lat="50.43149" lon="6.01734">
        <ele>434</ele>
        <time>2024-09-26T16:10:52+00:00</time>
      </trkpt>
      <trkpt lat="50.4316" lon="6.01762">
        <ele>436</ele>
        <time>2024-09-26T16:10:55+00:00</time>
      </trkpt>
      <trkpt lat="50.4317" lon="6.01797">
        <ele>436</ele>
        <time>2024-09-26T16:10:58+00:00</time>
      </trkpt>
      <trkpt lat="50.43169" lon="6.01832">
        <ele>443</ele>
        <time>2024-09-26T16:11:01+00:00</time>
      </trkpt>
      <trkpt lat="50.43185" lon="6.01862">
        <ele>456</ele>
        <time>2024-09-26T16:11:04+00:00</time>
      </trkpt>
      <trkpt lat="50.43212" lon="6.01818">
        <ele>461</ele>
        <time>2024-09-26T16:11:07+00:00</time>
      </trkpt>
      <trkpt lat="50.43212" lon="6.01818">
        <ele>461</ele>
        <time>2024-09-26T16:11:10+00:00</time>
      </trkpt>
      <trkpt lat="50.43219" lon="6.01827">
        <ele>458</ele>
        <time>2024-09-26T16:11:13+00:00</time>
      </trkpt>
      <trkpt lat="50.43212" lon="6.01852">
        <ele>461</ele>
        <time>2024-09-26T16:11:16+00:00</time>
      </trkpt>
      <trkpt lat="50.43205" lon="6.01878">
        <ele>460</ele>
        <time>2024-09-26T16:11:19+00:00</time>
      </trkpt>
      <trkpt lat="50.43193" lon="6.01917">
        <ele>460</ele>
        <time>2024-09-26T16:11:22+00:00</time>
      </trkpt>
      <trkpt lat="50.43184" lon="6.01964">
        <ele>456</ele>
        <time>2024-09-26T16:11:25+00:00</time>
      </trkpt>
      <trkpt lat="50.43183" lon="6.01995">
        <ele>453</ele>
        <time>2024-09-26T16:11:28+00:00</time>
      </trkpt>
      <trkpt lat="50.43191" lon="6.02044">
        <ele>451</ele>
        <time>2024-09-26T16:11:31+00:00</time>
      </trkpt>
      <trkpt lat="50.43173" lon="6.02076">
        <ele>441</ele>
        <time>2024-09-26T16:11:34+00:00</time>
      </trkpt>
      <trkpt lat="50.43143" lon="6.02128">
        <ele>433</ele>
        <time>2024-09-26T16:11:37+00:00</time>
      </trkpt>
      <trkpt lat="50.43137" lon="6.02153">
        <ele>427</ele>
        <time>2024-09-26T16:11:40+00:00</time>
      </trkpt>
      <trkpt lat="50.43141" lon="6.02182">
        <ele>433</ele>
        <time>2024-09-26T16:11:43+00:00</time>
      </trkpt>
      <trkpt lat="50.43152" lon="6.02202">
        <ele>431</ele>
        <time>2024-09-26T16:11:46+00:00</time>
      </trkpt>
      <trkpt lat="50.43173" lon="6.02224">
        <ele>433</ele>
        <time>2024-09-26T16:11:49+00:00</time>
      </trkpt>
      <trkpt lat="50.43191" lon="6.02246">
        <ele>433</ele>
        <time>2024-09-26T16:11:52+00:00</time>
      </trkpt>
      <trkpt lat="50.432" lon="6.0228">
        <ele>426</ele>
        <time>2024-09-26T16:11:55+00:00</time>
      </trkpt>
      <trkpt lat="50.43207" lon="6.0229">
        <ele>427</ele>
        <time>2024-09-26T16:11:58+00:00</time>
      </trkpt>
      <trkpt lat="50.43198" lon="6.02308">
        <ele>423</ele>
        <time>2024-09-26T16:12:01+00:00</time>
      </trkpt>
      <trkpt lat="50.43174" lon="6.02297">
        <ele>417</ele>
        <time>2024-09-26T16:12:04+00:00</time>
      </trkpt>
      <trkpt lat="50.43145" lon="6.02284">
        <ele>413</ele>
        <time>2024-09-26T16:12:07+00:00</time>
      </trkpt>
      <trkpt lat="50.4312" lon="6.02292">
        <ele>405</ele>
        <time>2024-09-26T16:12:10+00:00</time>
      </trkpt>
      <trkpt lat="50.43105" lon="6.02286">
        <ele>402</ele>
        <time>2024-09-26T16:12:13+00:00</time>
      </trkpt>
      <trkpt lat="50.43081" lon="6.02275">
        <ele>395</ele>
        <time>2024-09-26T16:12:16+00:00</time>
      </trkpt>
      <trkpt lat="50.4306" lon="6.02325">
        <ele>392</ele>
        <time>2024-09-26T16:12:19+00:00</time>
      </trkpt>
      <trkpt lat="50.43068" lon="6.02345">
        <ele>391</ele>
        <time>2024-09-26T16:12:22+00:00</time>
      </trkpt>
      <trkpt lat="50.43067" lon="6.02373">
        <ele>383</ele>
        <time>2024-09-26T16:12:25+00:00</time>
      </trkpt>
      <trkpt lat="50.43078" lon="6.02394">
        <ele>383</ele>
        <time>2024-09-26T16:12:28+00:00</time>
      </trkpt>
      <trkpt lat="50.43079" lon="6.02411">
        <ele>381</ele>
        <time>2024-09-26T16:12:31+00:00</time>
      </trkpt>
      <trkpt lat="50.43083" lon="6.0243">
        <ele>377</ele>
        <time>2024-09-26T16:12:34+00:00</time>
      </trkpt>
      <trkpt lat="50.43115" lon="6.02467">
        <ele>371</ele>
        <time>2024-09-26T16:12:37+00:00</time>
      </trkpt>
      <trkpt lat="50.43129" lon="6.02493">
        <ele>368</ele>
        <time>2024-09-26T16:12:40+00:00</time>
      </trkpt>
      <trkpt lat="50.43148" lon="6.02525">
        <ele>366</ele>
        <time>2024-09-26T16:12:43+00:00</time>
      </trkpt>
      <trkpt lat="50.43182" lon="6.02585">
        <ele>366</ele>
        <time>2024-09-26T16:12:46+00:00</time>
      </trkpt>
      <trkpt lat="50.43213" lon="6.02631">
        <ele>365</ele>
        <time>2024-09-26T16:12:49+00:00</time>
      </trkpt>
      <trkpt lat="50.43239" lon="6.02624">
        <ele>364</ele>
        <time>2024-09-26T16:12:52+00:00</time>
      </trkpt>
      <trkpt lat="50.43275" lon="6.02605">
        <ele>361</ele>
        <time>2024-09-26T16:12:55+00:00</time>
      </trkpt>
      <trkpt lat="50.433" lon="6.02597">
        <ele>367</ele>
        <time>2024-09-26T16:12:58+00:00</time>
      </trkpt>
      <trkpt lat="50.43338" lon="6.02585">
        <ele>374</ele>
        <time>2024-09-26T16:13:01+00:00</time>
      </trkpt>
      <trkpt lat="50.43342" lon="6.02619">
        <ele>383</ele>
        <time>2024-09-26T16:13:04+00:00</time>
      </trkpt>
      <trkpt lat="50.43371" lon="6.02656">
        <ele>383</ele>
        <time>2024-09-26T16:13:07+00:00</time>
      </trkpt>
      <trkpt lat="50.43392" lon="6.02662">
        <ele>383</ele>
        <time>2024-09-26T16:13:10+00:00</time>
      </trkpt>
      <trkpt lat="50.43406" lon="6.02647">
        <ele>381</ele>
        <time>2024-09-26T16:13:13+00:00</time>
      </trkpt>
      <trkpt lat="50.43432" lon="6.02658">
        <ele>380</ele>
        <time>2024-09-26T16:13:16+00:00</time>
      </trkpt>
      <trkpt lat="50.4345" lon="6.02665">
        <ele>374</ele>
        <time>2024-09-26T16:13:19+00:00</time>
      </trkpt>
      <trkpt lat="50.43469" lon="6.02673">
        <ele>366</ele>
        <time>2024-09-26T16:13:22+00:00</time>
      </trkpt>
      <trkpt lat="50.4349" lon="6.02682">
        <ele>365</ele>
        <time>2024-09-26T16:13:25+00:00</time>
      </trkpt>
      <trkpt lat="50.43531" lon="6.02699">
        <ele>365</ele>
        <time>2024-09-26T16:13:28+00:00</time>
      </trkpt>
      <trkpt lat="50.43553" lon="6.0269">
        <ele>367</ele>
        <time>2024-09-26T16:13:31+00:00</time>
      </trkpt>
      <trkpt lat="50.43578" lon="6.02695">
        <ele>370</ele>
        <time>2024-09-26T16:13:34+00:00</time>
      </trkpt>
      <trkpt lat="50.4362" lon="6.02702">
        <ele>368</ele>
        <time>2024-09-26T16:13:37+00:00</time>
      </trkpt>
      <trkpt lat="50.4363" lon="6.02729">
        <ele>376</ele>
        <time>2024-09-26T16:13:40+00:00</time>
      </trkpt>
      <trkpt lat="50.43635" lon="6.02716">
        <ele>372</ele>
        <time>2024-09-26T16:13:43+00:00</time>
      </trkpt>
      <trkpt lat="50.43632" lon="6.02687">
        <ele>376</ele>
        <time>2024-09-26T16:13:46+00:00</time>
      </trkpt>
      <trkpt lat="50.43638" lon="6.02635">
        <ele>377</ele>
        <time>2024-09-26T16:13:49+00:00</time>
      </trkpt>
      <trkpt lat="50.43659" lon="6.0258">
        <ele>386</ele>
        <time>2024-09-26T16:13:52+00:00</time>
      </trkpt>
      <trkpt lat="50.43678" lon="6.02556">
        <ele>392</ele>
        <time>2024-09-26T16:13:55+00:00</time>
      </trkpt>
      <trkpt lat="50.43703" lon="6.02524">
        <ele>406</ele>
        <time>2024-09-26T16:13:58+00:00</time>
      </trkpt>
      <trkpt lat="50.43719" lon="6.02494">
        <ele>416</ele>
        <time>2024-09-26T16:14:01+00:00</time>
      </trkpt>
      <trkpt lat="50.4374" lon="6.02452">
        <ele>417</ele>
        <time>2024-09-26T16:14:04+00:00</time>
      </trkpt>
      <trkpt lat="50.43746" lon="6.025">
        <ele>418</ele>
        <time>2024-09-26T16:14:07+00:00</time>
      </trkpt>
      <trkpt lat="50.43739" lon="6.02541">
        <ele>422</ele>
        <time>2024-09-26T16:14:10+00:00</time>
      </trkpt>
      <trkpt lat="50.43727" lon="6.02611">
        <ele>423</ele>
        <time>2024-09-26T16:14:13+00:00</time>
      </trkpt>
      <trkpt lat="50.43742" lon="6.02628">
        <ele>434</ele>
        <time>2024-09-26T16:14:16+00:00</time>
      </trkpt>
      <trkpt lat="50.43765" lon="6.02636">
        <ele>443</ele>
        <time>2024-09-26T16:14:19+00:00</time>
      </trkpt>
      <trkpt lat="50.43797" lon="6.02646">
        <ele>444</ele>
        <time>2024-09-26T16:14:22+00:00</time>
      </trkpt>
      <trkpt lat="50.43832" lon="6.02652">
        <ele>444</ele>
        <time>2024-09-26T16:14:25+00:00</time>
      </trkpt>
      <trkpt lat="50.43854" lon="6.02678">
        <ele>444</ele>
        <time>2024-09-26T16:14:28+00:00</time>
      </trkpt>
      <trkpt lat="50.43895" lon="6.02726">
        <ele>441</ele>
        <time>2024-09-26T16:14:31+00:00</time>
      </trkpt>
      <trkpt lat="50.43881" lon="6.02768">
        <ele>440</ele>
        <time>2024-09-26T16:14:34+00:00</time>
      </trkpt>
      <trkpt lat="50.43894" lon="6.02786">
        <ele>440</ele>
        <time>2024-09-26T16:14:37+00:00</time>
      </trkpt>
      <trkpt lat="50.4391" lon="6.02809">
        <ele>440</ele>
        <time>2024-09-26T16:14:40+00:00</time>
      </trkpt>
      <trkpt lat="50.43927" lon="6.02833">
        <ele>438</ele>
        <time>2024-09-26T16:14:43+00:00</time>
      </trkpt>
      <trkpt lat="50.43947" lon="6.02862">
        <ele>437</ele>
        <time>2024-09-26T16:14:46+00:00</time>
      </trkpt>
      <trkpt lat="50.43983" lon="6.02911">
        <ele>424</ele>
        <time>2024-09-26T16:14:49+00:00</time>
      </trkpt>
      <trkpt lat="50.44009" lon="6.02921">
        <ele>433</ele>
        <time>2024-09-26T16:14:52+00:00</time>
      </trkpt>
      <trkpt lat="50.44054" lon="6.02936">
        <ele>437</ele>
        <time>2024-09-26T16:14:55+00:00</time>
      </trkpt>
      <trkpt lat="50.44073" lon="6.02913">
        <ele>438</ele>
        <time>2024-09-26T16:14:58+00:00</time>
      </trkpt>
      <trkpt lat="50.44098" lon="6.02882">
        <ele>440</ele>
        <time>2024-09-26T16:15:01+00:00</time>
      </trkpt>
      <trkpt lat="50.44115" lon="6.02861">
        <ele>434</ele>
        <time>2024-09-26T16:15:04+00:00</time>
      </trkpt>
      <trkpt lat="50.44133" lon="6.02839">
        <ele>433</ele>
        <time>2024-09-26T16:15:07+00:00</time>
      </trkpt>
      <trkpt lat="50.44119" lon="6.02899">
        <ele>433</ele>
        <time>2024-09-26T16:15:10+00:00</time>
      </trkpt>
      <trkpt lat="50.44104" lon="6.02928">
        <ele>431</ele>
        <time>2024-09-26T16:15:13+00:00</time>
      </trkpt>
      <trkpt lat="50.44086" lon="6.02966">
        <ele>427</ele>
        <time>2024-09-26T16:15:16+00:00</time>
      </trkpt>
      <trkpt lat="50.44065" lon="6.02987">
        <ele>425</ele>
        <time>2024-09-26T16:15:19+00:00</time>
      </trkpt>
      <trkpt lat="50.44037" lon="6.03015">
        <ele>408</ele>
        <time>2024-09-26T16:15:22+00:00</time>
      </trkpt>
      <trkpt lat="50.44003" lon="6.03018">
        <ele>395</ele>
        <time>2024-09-26T16:15:25+00:00</time>
      </trkpt>
      <trkpt lat="50.43978" lon="6.03004">
        <ele>391</ele>
        <time>2024-09-26T16:15:28+00:00</time>
      </trkpt>
      <trkpt lat="50.43941" lon="6.02981">
        <ele>393</ele>
        <time>2024-09-26T16:15:31+00:00</time>
      </trkpt>
      <trkpt lat="50.43916" lon="6.02943">
        <ele>389</ele>
        <time>2024-09-26T16:15:34+00:00</time>
      </trkpt>
      <trkpt lat="50.43875" lon="6.02923">
        <ele>386</ele>
        <time>2024-09-26T16:15:37+00:00</time>
      </trkpt>
      <trkpt lat="50.43846" lon="6.02896">
        <ele>383</ele>
        <time>2024-09-26T16:15:40+00:00</time>
      </trkpt>
      <trkpt lat="50.43818" lon="6.02869">
        <ele>377</ele>
        <time>2024-09-26T16:15:43+00:00</time>
      </trkpt>
      <trkpt lat="50.4379" lon="6.02841">
        <ele>371</ele>
        <time>2024-09-26T16:15:46+00:00</time>
      </trkpt>
      <trkpt lat="50.4375" lon="6.02803">
        <ele>369</ele>
        <time>2024-09-26T16:15:49+00:00</time>
      </trkpt>
      <trkpt lat="50.4373" lon="6.02794">
        <ele>366</ele>
        <time>2024-09-26T16:15:52+00:00</time>
      </trkpt>
      <trkpt lat="50.43709" lon="6.02784">
        <ele>363</ele>
        <time>2024-09-26T16:15:55+00:00</time>
      </trkpt>
      <trkpt lat="50.43689" lon="6.02772">
        <ele>361</ele>
        <time>2024-09-26T16:15:58+00:00</time>
      </trkpt>
      <trkpt lat="50.43668" lon="6.0276">
        <ele>359</ele>
        <time>2024-09-26T16:16:01+00:00</time>
      </trkpt>
      <trkpt lat="50.43646" lon="6.02751">
        <ele>356</ele>
        <time>2024-09-26T16:16:04+00:00</time>
      </trkpt>
      <trkpt lat="50.43623" lon="6.02756">
        <ele>353</ele>
        <time>2024-09-26T16:16:07+00:00</time>
      </trkpt>
      <trkpt lat="50.43599" lon="6.02789">
        <ele>344</ele>
        <time>2024-09-26T16:16:10+00:00</time>
      </trkpt>
      <trkpt lat="50.43579" lon="6.02817">
        <ele>343</ele>
        <time>2024-09-26T16:16:13+00:00</time>
      </trkpt>
      <trkpt lat="50.4356" lon="6.02848">
        <ele>342</ele>
        <time>2024-09-26T16:16:16+00:00</time>
      </trkpt>
      <trkpt lat="50.43525" lon="6.02906">
        <ele>342</ele>
        <time>2024-09-26T16:16:19+00:00</time>
      </trkpt>
      <trkpt lat="50.43519" lon="6.02882">
        <ele>341</ele>
        <time>2024-09-26T16:16:22+00:00</time>
      </trkpt>
      <trkpt lat="50.43505" lon="6.0287">
        <ele>340</ele>
        <time>2024-09-26T16:16:25+00:00</time>
      </trkpt>
      <trkpt lat="50.43489" lon="6.02856">
        <ele>339</ele>
        <time>2024-09-26T16:16:28+00:00</time>
      </trkpt>
      <trkpt lat="50.43473" lon="6.02848">
        <ele>339</ele>
        <time>2024-09-26T16:16:31+00:00</time>
      </trkpt>
      <trkpt lat="50.43448" lon="6.02836">
        <ele>339</ele>
        <time>2024-09-26T16:16:34+00:00</time>
      </trkpt>
      <trkpt lat="50.43442" lon="6.02817">
        <ele>339</ele>
        <time>2024-09-26T16:16:37+00:00</time>
      </trkpt>
      <trkpt lat="50.4344" lon="6.02791">
        <ele>339</ele>
        <time>2024-09-26T16:16:40+00:00</time>
      </trkpt>
      <trkpt lat="50.43422" lon="6.02754">
        <ele>343</ele>
        <time>2024-09-26T16:16:43+00:00</time>
      </trkpt>
      <trkpt lat="50.43399" lon="6.02735">
        <ele>342</ele>
        <time>2024-09-26T16:16:46+00:00</time>
      </trkpt>
      <trkpt lat="50.43378" lon="6.02753">
        <ele>342</ele>
        <time>2024-09-26T16:16:49+00:00</time>
      </trkpt>
      <trkpt lat="50.43363" lon="6.02761">
        <ele>338</ele>
        <time>2024-09-26T16:16:52+00:00</time>
      </trkpt>
      <trkpt lat="50.43349" lon="6.02753">
        <ele>340</ele>
        <time>2024-09-26T16:16:55+00:00</time>
      </trkpt>
      <trkpt lat="50.43333" lon="6.02743">
        <ele>340</ele>
        <time>2024-09-26T16:16:58+00:00</time>
      </trkpt>
      <trkpt lat="50.43312" lon="6.02752">
        <ele>339</ele>
        <time>2024-09-26T16:17:01+00:00</time>
      </trkpt>
      <trkpt lat="50.4329" lon="6.0276">
        <ele>340</ele>
        <time>2024-09-26T16:17:04+00:00</time>
      </trkpt>
      <trkpt lat="50.43259" lon="6.0276">
        <ele>339</ele>
        <time>2024-09-26T16:17:07+00:00</time>
      </trkpt>
      <trkpt lat="50.43238" lon="6.02755">
        <ele>339</ele>
        <time>2024-09-26T16:17:10+00:00</time>
      </trkpt>
      <trkpt lat="50.43222" lon="6.02754">
        <ele>338</ele>
        <time>2024-09-26T16:17:13+00:00</time>
      </trkpt>
      <trkpt lat="50.43227" lon="6.0273">
        <ele>336</ele>
        <time>2024-09-26T16:17:16+00:00</time>
      </trkpt>
      <trkpt lat="50.43196" lon="6.0272">
        <ele>335</ele>
        <time>2024-09-26T16:17:19+00:00</time>
      </trkpt>
      <trkpt lat="50.43166" lon="6.0271">
        <ele>335</ele>
        <time>2024-09-26T16:17:22+00:00</time>
      </trkpt>
      <trkpt lat="50.43115" lon="6.02693">
        <ele>334</ele>
        <time>2024-09-26T16:17:25+00:00</time>
      </trkpt>
      <trkpt lat="50.43083" lon="6.0269">
        <ele>334</ele>
        <time>2024-09-26T16:17:28+00:00</time>
      </trkpt>
      <trkpt lat="50.43057" lon="6.02683">
        <ele>334</ele>
        <time>2024-09-26T16:17:31+00:00</time>
      </trkpt>
      <trkpt lat="50.43013" lon="6.02672">
        <ele>334</ele>
        <time>2024-09-26T16:17:34+00:00</time>
      </trkpt>
      <trkpt lat="50.42994" lon="6.02654">
        <ele>333</ele>
        <time>2024-09-26T16:17:37+00:00</time>
      </trkpt>
      <trkpt lat="50.4298" lon="6.02683">
        <ele>333</ele>
        <time>2024-09-26T16:17:40+00:00</time>
      </trkpt>
      <trkpt lat="50.42964" lon="6.02718">
        <ele>335</ele>
        <time>2024-09-26T16:17:43+00:00</time>
      </trkpt>
      <trkpt lat="50.42985" lon="6.02738">
        <ele>335</ele>
        <time>2024-09-26T16:17:46+00:00</time>
      </trkpt>
      <trkpt lat="50.42967" lon="6.02779">
        <ele>334</ele>
        <time>2024-09-26T16:17:49+00:00</time>
      </trkpt>
      <trkpt lat="50.42948" lon="6.0282">
        <ele>334</ele>
        <time>2024-09-26T16:17:52+00:00</time>
      </trkpt>
      <trkpt lat="50.42929" lon="6.02861">
        <ele>335</ele>
        <time>2024-09-26T16:17:55+00:00</time>
      </trkpt>
      <trkpt lat="50.4291" lon="6.02903">
        <ele>335</ele>
        <time>2024-09-26T16:17:58+00:00</time>
      </trkpt>
      <trkpt lat="50.42892" lon="6.02869">
        <ele>335</ele>
        <time>2024-09-26T16:18:01+00:00</time>
      </trkpt>
      <trkpt lat="50.4286" lon="6.02808">
        <ele>335</ele>
        <time>2024-09-26T16:18:04+00:00</time>
      </trkpt>
      <trkpt lat="50.42839" lon="6.02782">
        <ele>336</ele>
        <time>2024-09-26T16:18:07+00:00</time>
      </trkpt>
      <trkpt lat="50.42808" lon="6.02743">
        <ele>337</ele>
        <time>2024-09-26T16:18:10+00:00</time>
      </trkpt>
      <trkpt lat="50.4279" lon="6.0276">
        <ele>342</ele>
        <time>2024-09-26T16:18:13+00:00</time>
      </trkpt>
      <trkpt lat="50.42771" lon="6.02778">
        <ele>343</ele>
        <time>2024-09-26T16:18:16+00:00</time>
      </trkpt>
      <trkpt lat="50.42762" lon="6.02813">
        <ele>347</ele>
        <time>2024-09-26T16:18:19+00:00</time>
      </trkpt>
      <trkpt lat="50.42756" lon="6.02842">
        <ele>351</ele>
        <time>2024-09-26T16:18:22+00:00</time>
      </trkpt>
      <trkpt lat="50.42746" lon="6.02852">
        <ele>351</ele>
        <time>2024-09-26T16:18:25+00:00</time>
      </trkpt>
      <trkpt lat="50.42755" lon="6.02857">
        <ele>352</ele>
        <time>2024-09-26T16:18:28+00:00</time>
      </trkpt>
      <trkpt lat="50.42758" lon="6.02868">
        <ele>354</ele>
        <time>2024-09-26T16:18:31+00:00</time>
      </trkpt>
      <trkpt lat="50.42777" lon="6.02867">
        <ele>356</ele>
        <time>2024-09-26T16:18:34+00:00</time>
      </trkpt>
      <trkpt lat="50.42801" lon="6.02866">
        <ele>358</ele>
        <time>2024-09-26T16:18:37+00:00</time>
      </trkpt>
      <trkpt lat="50.42791" lon="6.02882">
        <ele>361</ele>
        <time>2024-09-26T16:18:40+00:00</time>
      </trkpt>
      <trkpt lat="50.42799" lon="6.02889">
        <ele>361</ele>
        <time>2024-09-26T16:18:43+00:00</time>
      </trkpt>
      <trkpt lat="50.42792" lon="6.02895">
        <ele>362</ele>
        <time>2024-09-26T16:18:46+00:00</time>
      </trkpt>
      <trkpt lat="50.428" lon="6.02906">
        <ele>364</ele>
        <time>2024-09-26T16:18:49+00:00</time>
      </trkpt>
      <trkpt lat="50.42792" lon="6.02911">
        <ele>366</ele>
        <time>2024-09-26T16:18:52+00:00</time>
      </trkpt>
      <trkpt lat="50.42801" lon="6.02924">
        <ele>367</ele>
        <time>2024-09-26T16:18:55+00:00</time>
      </trkpt>
      <trkpt lat="50.42796" lon="6.0295">
        <ele>371</ele>
        <time>2024-09-26T16:18:58+00:00</time>
      </trkpt>
      <trkpt lat="50.42772" lon="6.02945">
        <ele>371</ele>
        <time>2024-09-26T16:19:01+00:00</time>
      </trkpt>
      <trkpt lat="50.42739" lon="6.02939">
        <ele>372</ele>
        <time>2024-09-26T16:19:04+00:00</time>
      </trkpt>
      <trkpt lat="50.42722" lon="6.02979">
        <ele>365</ele>
        <time>2024-09-26T16:19:07+00:00</time>
      </trkpt>
      <trkpt lat="50.42707" lon="6.02986">
        <ele>367</ele>
        <time>2024-09-26T16:19:10+00:00</time>
      </trkpt>
      <trkpt lat="50.42684" lon="6.0299">
        <ele>358</ele>
        <time>2024-09-26T16:19:13+00:00</time>
      </trkpt>
      <trkpt lat="50.42663" lon="6.03011">
        <ele>354</ele>
        <time>2024-09-26T16:19:16+00:00</time>
      </trkpt>
      <trkpt lat="50.42649" lon="6.03022">
        <ele>345</ele>
        <time>2024-09-26T16:19:19+00:00</time>
      </trkpt>
      <trkpt lat="50.42632" lon="6.03053">
        <ele>351</ele>
        <time>2024-09-26T16:19:22+00:00</time>
      </trkpt>
      <trkpt lat="50.42627" lon="6.0307">
        <ele>345</ele>
        <time>2024-09-26T16:19:25+00:00</time>
      </trkpt>
      <trkpt lat="50.42628" lon="6.03093">
        <ele>350</ele>
        <time>2024-09-26T16:19:28+00:00</time>
      </trkpt>
      <trkpt lat="50.42628" lon="6.03093">
        <ele>348</ele>
        <time>2024-09-26T16:19:31+00:00</time>
      </trkpt>
      <trkpt lat="50.42617" lon="6.03122">
        <ele>350</ele>
        <time>2024-09-26T16:19:34+00:00</time>
      </trkpt>
      <trkpt lat="50.42606" lon="6.03169">
        <ele>351</ele>
        <time>2024-09-26T16:19:37+00:00</time>
      </trkpt>
      <trkpt lat="50.42603" lon="6.03202">
        <ele>350</ele>
        <time>2024-09-26T16:19:40+00:00</time>
      </trkpt>
      <trkpt lat="50.42599" lon="6.03236">
        <ele>351</ele>
        <time>2024-09-26T16:19:43+00:00</time>
      </trkpt>
      <trkpt lat="50.42598" lon="6.03284">
        <ele>353</ele>
        <time>2024-09-26T16:19:46+00:00</time>
      </trkpt>
      <trkpt lat="50.426" lon="6.0332">
        <ele>363</ele>
        <time>2024-09-26T16:19:49+00:00</time>
      </trkpt>
      <trkpt lat="50.42604" lon="6.03369">
        <ele>370</ele>
        <time>2024-09-26T16:19:52+00:00</time>
      </trkpt>
      <trkpt lat="50.42616" lon="6.03433">
        <ele>379</ele>
        <time>2024-09-26T16:19:55+00:00</time>
      </trkpt>
      <trkpt lat="50.42632" lon="6.03475">
        <ele>387</ele>
        <time>2024-09-26T16:19:58+00:00</time>
      </trkpt>
      <trkpt lat="50.42648" lon="6.03503">
        <ele>391</ele>
        <time>2024-09-26T16:20:01+00:00</time>
      </trkpt>
      <trkpt lat="50.42648" lon="6.03472">
        <ele>393</ele>
        <time>2024-09-26T16:20:04+00:00</time>
      </trkpt>
      <trkpt lat="50.42663" lon="6.03482">
        <ele>405</ele>
        <time>2024-09-26T16:20:07+00:00</time>
      </trkpt>
      <trkpt lat="50.42661" lon="6.0344">
        <ele>402</ele>
        <time>2024-09-26T16:20:10+00:00</time>
      </trkpt>
      <trkpt lat="50.42659" lon="6.03398">
        <ele>404</ele>
        <time>2024-09-26T16:20:13+00:00</time>
      </trkpt>
      <trkpt lat="50.42656" lon="6.03329">
        <ele>407</ele>
        <time>2024-09-26T16:20:16+00:00</time>
      </trkpt>
      <trkpt lat="50.42662" lon="6.03294">
        <ele>407</ele>
        <time>2024-09-26T16:20:19+00:00</time>
      </trkpt>
      <trkpt lat="50.42669" lon="6.03255">
        <ele>408</ele>
        <time>2024-09-26T16:20:22+00:00</time>
      </trkpt>
      <trkpt lat="50.42675" lon="6.03223">
        <ele>410</ele>
        <time>2024-09-26T16:20:25+00:00</time>
      </trkpt>
      <trkpt lat="50.42681" lon="6.0319">
        <ele>411</ele>
        <time>2024-09-26T16:20:28+00:00</time>
      </trkpt>
      <trkpt lat="50.42686" lon="6.03147">
        <ele>412</ele>
        <time>2024-09-26T16:20:31+00:00</time>
      </trkpt>
      <trkpt lat="50.42693" lon="6.03125">
        <ele>419</ele>
        <time>2024-09-26T16:20:34+00:00</time>
      </trkpt>
      <trkpt lat="50.42708" lon="6.03108">
        <ele>416</ele>
        <time>2024-09-26T16:20:37+00:00</time>
      </trkpt>
      <trkpt lat="50.42729" lon="6.03085">
        <ele>412</ele>
        <time>2024-09-26T16:20:40+00:00</time>
      </trkpt>
      <trkpt lat="50.42759" lon="6.03056">
        <ele>421</ele>
        <time>2024-09-26T16:20:43+00:00</time>
      </trkpt>
      <trkpt lat="50.4275" lon="6.03098">
        <ele>430</ele>
        <time>2024-09-26T16:20:46+00:00</time>
      </trkpt>
      <trkpt lat="50.4274" lon="6.03141">
        <ele>443</ele>
        <time>2024-09-26T16:20:49+00:00</time>
      </trkpt>
      <trkpt lat="50.4273" lon="6.03186">
        <ele>449</ele>
        <time>2024-09-26T16:20:52+00:00</time>
      </trkpt>
      <trkpt lat="50.42731" lon="6.03221">
        <ele>452</ele>
        <time>2024-09-26T16:20:55+00:00</time>
      </trkpt>
      <trkpt lat="50.42738" lon="6.03256">
        <ele>452</ele>
        <time>2024-09-26T16:20:58+00:00</time>
      </trkpt>
      <trkpt lat="50.42752" lon="6.03317">
        <ele>461</ele>
        <time>2024-09-26T16:21:01+00:00</time>
      </trkpt>
      <trkpt lat="50.42761" lon="6.03351">
        <ele>466</ele>
        <time>2024-09-26T16:21:04+00:00</time>
      </trkpt>
      <trkpt lat="50.42771" lon="6.03392">
        <ele>468</ele>
        <time>2024-09-26T16:21:07+00:00</time>
      </trkpt>
      <trkpt lat="50.4278" lon="6.03416">
        <ele>465</ele>
        <time>2024-09-26T16:21:10+00:00</time>
      </trkpt>
      <trkpt lat="50.42791" lon="6.03388">
        <ele>462</ele>
        <time>2024-09-26T16:21:13+00:00</time>
      </trkpt>
      <trkpt lat="50.42807" lon="6.03367">
        <ele>460</ele>
        <time>2024-09-26T16:21:16+00:00</time>
      </trkpt>
      <trkpt lat="50.42829" lon="6.03366">
        <ele>459</ele>
        <time>2024-09-26T16:21:19+00:00</time>
      </trkpt>
      <trkpt lat="50.42852" lon="6.03365">
        <ele>452</ele>
        <time>2024-09-26T16:21:22+00:00</time>
      </trkpt>
      <trkpt lat="50.42886" lon="6.03379">
        <ele>452</ele>
        <time>2024-09-26T16:21:25+00:00</time>
      </trkpt>
      <trkpt lat="50.42899" lon="6.03398">
        <ele>452</ele>
        <time>2024-09-26T16:21:28+00:00</time>
      </trkpt>
      <trkpt lat="50.42896" lon="6.03436">
        <ele>460</ele>
        <time>2024-09-26T16:21:31+00:00</time>
      </trkpt>
      <trkpt lat="50.42892" lon="6.0349">
        <ele>462</ele>
        <time>2024-09-26T16:21:34+00:00</time>
      </trkpt>
      <trkpt lat="50.42921" lon="6.03487">
        <ele>462</ele>
        <time>2024-09-26T16:21:37+00:00</time>
      </trkpt>
      <trkpt lat="50.42951" lon="6.03473">
        <ele>453</ele>
        <time>2024-09-26T16:21:40+00:00</time>
      </trkpt>
      <trkpt lat="50.42989" lon="6.03462">
        <ele>452</ele>
        <time>2024-09-26T16:21:43+00:00</time>
      </trkpt>
      <trkpt lat="50.43013" lon="6.03501">
        <ele>452</ele>
        <time>2024-09-26T16:21:46+00:00</time>
      </trkpt>
      <trkpt lat="50.43036" lon="6.03541">
        <ele>453</ele>
        <time>2024-09-26T16:21:49+00:00</time>
      </trkpt>
      <trkpt lat="50.4306" lon="6.03581">
        <ele>451</ele>
        <time>2024-09-26T16:21:52+00:00</time>
      </trkpt>
      <trkpt lat="50.43083" lon="6.03621">
        <ele>449</ele>
        <time>2024-09-26T16:21:55+00:00</time>
      </trkpt>
      <trkpt lat="50.4311" lon="6.03666">
        <ele>445</ele>
        <time>2024-09-26T16:21:58+00:00</time>
      </trkpt>
      <trkpt lat="50.43135" lon="6.03682">
        <ele>439</ele>
        <time>2024-09-26T16:22:01+00:00</time>
      </trkpt>
      <trkpt lat="50.43176" lon="6.03667">
        <ele>431</ele>
        <time>2024-09-26T16:22:04+00:00</time>
      </trkpt>
      <trkpt lat="50.4321" lon="6.03673">
        <ele>432</ele>
        <time>2024-09-26T16:22:07+00:00</time>
      </trkpt>
      <trkpt lat="50.43242" lon="6.03705">
        <ele>433</ele>
        <time>2024-09-26T16:22:10+00:00</time>
      </trkpt>
      <trkpt lat="50.43271" lon="6.03696">
        <ele>430</ele>
        <time>2024-09-26T16:22:13+00:00</time>
      </trkpt>
      <trkpt lat="50.433" lon="6.03686">
        <ele>428</ele>
        <time>2024-09-26T16:22:16+00:00</time>
      </trkpt>
      <trkpt lat="50.43333" lon="6.03674">
        <ele>416</ele>
        <time>2024-09-26T16:22:19+00:00</time>
      </trkpt>
      <trkpt lat="50.43303" lon="6.03631">
        <ele>412</ele>
        <time>2024-09-26T16:22:22+00:00</time>
      </trkpt>
      <trkpt lat="50.43282" lon="6.036">
        <ele>412</ele>
        <time>2024-09-26T16:22:25+00:00</time>
      </trkpt>
      <trkpt lat="50.43261" lon="6.03569">
        <ele>405</ele>
        <time>2024-09-26T16:22:28+00:00</time>
      </trkpt>
      <trkpt lat="50.43239" lon="6.03537">
        <ele>399</ele>
        <time>2024-09-26T16:22:31+00:00</time>
      </trkpt>
      <trkpt lat="50.43224" lon="6.03476">
        <ele>395</ele>
        <time>2024-09-26T16:22:34+00:00</time>
      </trkpt>
      <trkpt lat="50.43213" lon="6.03429">
        <ele>392</ele>
        <time>2024-09-26T16:22:37+00:00</time>
      </trkpt>
      <trkpt lat="50.43202" lon="6.03382">
        <ele>377</ele>
        <time>2024-09-26T16:22:40+00:00</time>
      </trkpt>
      <trkpt lat="50.43181" lon="6.03296">
        <ele>373</ele>
        <time>2024-09-26T16:22:43+00:00</time>
      </trkpt>
      <trkpt lat="50.43157" lon="6.03265">
        <ele>364</ele>
        <time>2024-09-26T16:22:46+00:00</time>
      </trkpt>
      <trkpt lat="50.43133" lon="6.03235">
        <ele>360</ele>
        <time>2024-09-26T16:22:49+00:00</time>
      </trkpt>
      <trkpt lat="50.43097" lon="6.03188">
        <ele>357</ele>
        <time>2024-09-26T16:22:52+00:00</time>
      </trkpt>
      <trkpt lat="50.43079" lon="6.03154">
        <ele>353</ele>
        <time>2024-09-26T16:22:55+00:00</time>
      </trkpt>
      <trkpt lat="50.43079" lon="6.03114">
        <ele>349</ele>
        <time>2024-09-26T16:22:58+00:00</time>
      </trkpt>
      <trkpt lat="50.43079" lon="6.0306">
        <ele>346</ele>
        <time>2024-09-26T16:23:01+00:00</time>
      </trkpt>
      <trkpt lat="50.43096" lon="6.0304">
        <ele>345</ele>
        <time>2024-09-26T16:23:04+00:00</time>
      </trkpt>
      <trkpt lat="50.43108" lon="6.03032">
        <ele>344</ele>
        <time>2024-09-26T16:23:07+00:00</time>
      </trkpt>
      <trkpt lat="50.43117" lon="6.03039">
        <ele>344</ele>
        <time>2024-09-26T16:23:10+00:00</time>
      </trkpt>
      <trkpt lat="50.43136" lon="6.0304">
        <ele>344</ele>
        <time>2024-09-26T16:23:13+00:00</time>
      </trkpt>
      <trkpt lat="50.43132" lon="6.03066">
        <ele>347</ele>
        <time>2024-09-26T16:23:16+00:00</time>
      </trkpt>
      <trkpt lat="50.43151" lon="6.03083">
        <ele>359</ele>
        <time>2024-09-26T16:23:19+00:00</time>
      </trkpt>
      <trkpt lat="50.4317" lon="6.031">
        <ele>367</ele>
        <time>2024-09-26T16:23:22+00:00</time>
      </trkpt>
      <trkpt lat="50.43193" lon="6.03088">
        <ele>370</ele>
        <time>2024-09-26T16:23:25+00:00</time>
      </trkpt>
      <trkpt lat="50.43223" lon="6.03072">
        <ele>371</ele>
        <time>2024-09-26T16:23:28+00:00</time>
      </trkpt>
      <trkpt lat="50.43244" lon="6.03066">
        <ele>372</ele>
        <time>2024-09-26T16:23:31+00:00</time>
      </trkpt>
      <trkpt lat="50.43265" lon="6.03061">
        <ele>373</ele>
        <time>2024-09-26T16:23:34+00:00</time>
      </trkpt>
      <trkpt lat="50.433" lon="6.03067">
        <ele>379</ele>
        <time>2024-09-26T16:23:37+00:00</time>
      </trkpt>
      <trkpt lat="50.43326" lon="6.03082">
        <ele>393</ele>
        <time>2024-09-26T16:23:40+00:00</time>
      </trkpt>
      <trkpt lat="50.43371" lon="6.03108">
        <ele>403</ele>
        <time>2024-09-26T16:23:43+00:00</time>
      </trkpt>
      <trkpt lat="50.43379" lon="6.03101">
        <ele>403</ele>
        <time>2024-09-26T16:23:46+00:00</time>
      </trkpt>
      <trkpt lat="50.43405" lon="6.03094">
        <ele>401</ele>
        <time>2024-09-26T16:23:49+00:00</time>
      </trkpt>
      <trkpt lat="50.43421" lon="6.03076">
        <ele>408</ele>
        <time>2024-09-26T16:23:52+00:00</time>
      </trkpt>
      <trkpt lat="50.43433" lon="6.03085">
        <ele>409</ele>
        <time>2024-09-26T16:23:55+00:00</time>
      </trkpt>
      <trkpt lat="50.43431" lon="6.03106">
        <ele>416</ele>
        <time>2024-09-26T16:23:58+00:00</time>
      </trkpt>
      <trkpt lat="50.4343" lon="6.03125">
        <ele>420</ele>
        <time>2024-09-26T16:24:01+00:00</time>
      </trkpt>
      <trkpt lat="50.43441" lon="6.03147">
        <ele>424</ele>
        <time>2024-09-26T16:24:04+00:00</time>
      </trkpt>
      <trkpt lat="50.43474" lon="6.03154">
        <ele>424</ele>
        <time>2024-09-26T16:24:07+00:00</time>
      </trkpt>
      <trkpt lat="50.43484" lon="6.03173">
        <ele>432</ele>
        <time>2024-09-26T16:24:10+00:00</time>
      </trkpt>
      <trkpt lat="50.43466" lon="6.03173">
        <ele>434</ele>
        <time>2024-09-26T16:24:13+00:00</time>
      </trkpt>
      <trkpt lat="50.43445" lon="6.03172">
        <ele>436</ele>
        <time>2024-09-26T16:24:16+00:00</time>
      </trkpt>
      <trkpt lat="50.43462" lon="6.03187">
        <ele>439</ele>
        <time>2024-09-26T16:24:19+00:00</time>
      </trkpt>
      <trkpt lat="50.43475" lon="6.03199">
        <ele>442</ele>
        <time>2024-09-26T16:24:22+00:00</time>
      </trkpt>
      <trkpt lat="50.43457" lon="6.03198">
        <ele>441</ele>
        <time>2024-09-26T16:24:25+00:00</time>
      </trkpt>
      <trkpt lat="50.43434" lon="6.03197">
        <ele>444</ele>
        <time>2024-09-26T16:24:28+00:00</time>
      </trkpt>
      <trkpt lat="50.43462" lon="6.03236">
        <ele>449</ele>
        <time>2024-09-26T16:24:31+00:00</time>
      </trkpt>
      <trkpt lat="50.43456" lon="6.03241">
        <ele>463</ele>
        <time>2024-09-26T16:24:34+00:00</time>
      </trkpt>
      <trkpt lat="50.43435" lon="6.03229">
        <ele>455</ele>
        <time>2024-09-26T16:24:37+00:00</time>
      </trkpt>
      <trkpt lat="50.4345" lon="6.0325">
        <ele>462</ele>
        <time>2024-09-26T16:24:40+00:00</time>
      </trkpt>
      <trkpt lat="50.43437" lon="6.03253">
        <ele>464</ele>
        <time>2024-09-26T16:24:43+00:00</time>
      </trkpt>
      <trkpt lat="50.43435" lon="6.03263">
        <ele>466</ele>
        <time>2024-09-26T16:24:46+00:00</time>
      </trkpt>
      <trkpt lat="50.43448" lon="6.03296">
        <ele>466</ele>
        <time>2024-09-26T16:24:49+00:00</time>
      </trkpt>
      <trkpt lat="50.43464" lon="6.03337">
        <ele>464</ele>
        <time>2024-09-26T16:24:52+00:00</time>
      </trkpt>
      <trkpt lat="50.43478" lon="6.03377">
        <ele>463</ele>
        <time>2024-09-26T16:24:55+00:00</time>
      </trkpt>
      <trkpt lat="50.43492" lon="6.03416">
        <ele>463</ele>
        <time>2024-09-26T16:24:58+00:00</time>
      </trkpt>
      <trkpt lat="50.43508" lon="6.03459">
        <ele>466</ele>
        <time>2024-09-26T16:25:01+00:00</time>
      </trkpt>
      <trkpt lat="50.43524" lon="6.03487">
        <ele>470</ele>
        <time>2024-09-26T16:25:04+00:00</time>
      </trkpt>
      <trkpt lat="50.43543" lon="6.03522">
        <ele>479</ele>
        <time>2024-09-26T16:25:07+00:00</time>
      </trkpt>
      <trkpt lat="50.4356" lon="6.03542">
        <ele>483</ele>
        <time>2024-09-26T16:25:10+00:00</time>
      </trkpt>
      <trkpt lat="50.4358" lon="6.03565">
        <ele>482</ele>
        <time>2024-09-26T16:25:13+00:00</time>
      </trkpt>
      <trkpt lat="50.43586" lon="6.03593">
        <ele>482</ele>
        <time>2024-09-26T16:25:16+00:00</time>
      </trkpt>
      <trkpt lat="50.43593" lon="6.03602">
        <ele>481</ele>
        <time>2024-09-26T16:25:19+00:00</time>
      </trkpt>
      <trkpt lat="50.43604" lon="6.03643">
        <ele>481</ele>
        <time>2024-09-26T16:25:22+00:00</time>
      </trkpt>
      <trkpt lat="50.43626" lon="6.0368">
        <ele>481</ele>
        <time>2024-09-26T16:25:25+00:00</time>
      </trkpt>
      <trkpt lat="50.43639" lon="6.03709">
        <ele>481</ele>
        <time>2024-09-26T16:25:28+00:00</time>
      </trkpt>
      <trkpt lat="50.43649" lon="6.03745">
        <ele>484</ele>
        <time>2024-09-26T16:25:31+00:00</time>
      </trkpt>
      <trkpt lat="50.43668" lon="6.03794">
        <ele>486</ele>
        <time>2024-09-26T16:25:34+00:00</time>
      </trkpt>
      <trkpt lat="50.43667" lon="6.03831">
        <ele>485</ele>
        <time>2024-09-26T16:25:37+00:00</time>
      </trkpt>
      <trkpt lat="50.4366" lon="6.0384">
        <ele>487</ele>
        <time>2024-09-26T16:25:40+00:00</time>
      </trkpt>
      <trkpt lat="50.43644" lon="6.03842">
        <ele>485</ele>
        <time>2024-09-26T16:25:43+00:00</time>
      </trkpt>
      <trkpt lat="50.43641" lon="6.03865">
        <ele>483</ele>
        <time>2024-09-26T16:25:46+00:00</time>
      </trkpt>
      <trkpt lat="50.43635" lon="6.03881">
        <ele>482</ele>
        <time>2024-09-26T16:25:49+00:00</time>
      </trkpt>
      <trkpt lat="50.43642" lon="6.03918">
        <ele>483</ele>
        <time>2024-09-26T16:25:52+00:00</time>
      </trkpt>
      <trkpt lat="50.43652" lon="6.03966">
        <ele>482</ele>
        <time>2024-09-26T16:25:55+00:00</time>
      </trkpt>
      <trkpt lat="50.4366" lon="6.04006">
        <ele>481</ele>
        <time>2024-09-26T16:25:58+00:00</time>
      </trkpt>
      <trkpt lat="50.43668" lon="6.04016">
        <ele>481</ele>
        <time>2024-09-26T16:26:01+00:00</time>
      </trkpt>
      <trkpt lat="50.43673" lon="6.04031">
        <ele>473</ele>
        <time>2024-09-26T16:26:04+00:00</time>
      </trkpt>
      <trkpt lat="50.4368" lon="6.04038">
        <ele>468</ele>
        <time>2024-09-26T16:26:07+00:00</time>
      </trkpt>
      <trkpt lat="50.4369" lon="6.04062">
        <ele>473</ele>
        <time>2024-09-26T16:26:10+00:00</time>
      </trkpt>
      <trkpt lat="50.43686" lon="6.04118">
        <ele>462</ele>
        <time>2024-09-26T16:26:13+00:00</time>
      </trkpt>
      <trkpt lat="50.43681" lon="6.04128">
        <ele>458</ele>
        <time>2024-09-26T16:26:16+00:00</time>
      </trkpt>
      <trkpt lat="50.43673" lon="6.04142">
        <ele>460</ele>
        <time>2024-09-26T16:26:19+00:00</time>
      </trkpt>
      <trkpt lat="50.43671" lon="6.04155">
        <ele>456</ele>
        <time>2024-09-26T16:26:22+00:00</time>
      </trkpt>
      <trkpt lat="50.43675" lon="6.04196">
        <ele>459</ele>
        <time>2024-09-26T16:26:25+00:00</time>
      </trkpt>
      <trkpt lat="50.43679" lon="6.04244">
        <ele>452</ele>
        <time>2024-09-26T16:26:28+00:00</time>
      </trkpt>
      <trkpt lat="50.43672" lon="6.04282">
        <ele>448</ele>
        <time>2024-09-26T16:26:31+00:00</time>
      </trkpt>
      <trkpt lat="50.43662" lon="6.04338">
        <ele>448</ele>
        <time>2024-09-26T16:26:34+00:00</time>
      </trkpt>
      <trkpt lat="50.43654" lon="6.0438">
        <ele>448</ele>
        <time>2024-09-26T16:26:37+00:00</time>
      </trkpt>
      <trkpt lat="50.43649" lon="6.04429">
        <ele>447</ele>
        <time>2024-09-26T16:26:40+00:00</time>
      </trkpt>
      <trkpt lat="50.43654" lon="6.04464">
        <ele>447</ele>
        <time>2024-09-26T16:26:43+00:00</time>
      </trkpt>
      <trkpt lat="50.4366" lon="6.04504">
        <ele>448</ele>
        <time>2024-09-26T16:26:46+00:00</time>
      </trkpt>
      <trkpt lat="50.43647" lon="6.04535">
        <ele>456</ele>
        <time>2024-09-26T16:26:49+00:00</time>
      </trkpt>
      <trkpt lat="50.43632" lon="6.04574">
        <ele>465</ele>
        <time>2024-09-26T16:26:52+00:00</time>
      </trkpt>
      <trkpt lat="50.43628" lon="6.04607">
        <ele>468</ele>
        <time>2024-09-26T16:26:55+00:00</time>
      </trkpt>
      <trkpt lat="50.43624" lon="6.04641">
        <ele>472</ele>
        <time>2024-09-26T16:26:58+00:00</time>
      </trkpt>
      <trkpt lat="50.43606" lon="6.04666">
        <ele>474</ele>
        <time>2024-09-26T16:27:01+00:00</time>
      </trkpt>
      <trkpt lat="50.43585" lon="6.04698">
        <ele>474</ele>
        <time>2024-09-26T16:27:04+00:00</time>
      </trkpt>
      <trkpt lat="50.43577" lon="6.04734">
        <ele>474</ele>
        <time>2024-09-26T16:27:07+00:00</time>
      </trkpt>
      <trkpt lat="50.43576" lon="6.04793">
        <ele>465</ele>
        <time>2024-09-26T16:27:10+00:00</time>
      </trkpt>
      <trkpt lat="50.43566" lon="6.04827">
        <ele>463</ele>
        <time>2024-09-26T16:27:13+00:00</time>
      </trkpt>
      <trkpt lat="50.43552" lon="6.04872">
        <ele>457</ele>
        <time>2024-09-26T16:27:16+00:00</time>
      </trkpt>
      <trkpt lat="50.43548" lon="6.049">
        <ele>454</ele>
        <time>2024-09-26T16:27:19+00:00</time>
      </trkpt>
      <trkpt lat="50.43549" lon="6.04936">
        <ele>451</ele>
        <time>2024-09-26T16:27:22+00:00</time>
      </trkpt>
      <trkpt lat="50.43551" lon="6.04978">
        <ele>446</ele>
        <time>2024-09-26T16:27:25+00:00</time>
      </trkpt>
      <trkpt lat="50.4357" lon="6.04946">
        <ele>446</ele>
        <time>2024-09-26T16:27:28+00:00</time>
      </trkpt>
      <trkpt lat="50.43604" lon="6.04916">
        <ele>440</ele>
        <time>2024-09-26T16:27:31+00:00</time>
      </trkpt>
      <trkpt lat="50.43627" lon="6.04911">
        <ele>435</ele>
        <time>2024-09-26T16:27:34+00:00</time>
      </trkpt>
      <trkpt lat="50.43654" lon="6.04904">
        <ele>427</ele>
        <time>2024-09-26T16:27:37+00:00</time>
      </trkpt>
      <trkpt lat="50.43671" lon="6.04886">
        <ele>428</ele>
        <time>2024-09-26T16:27:40+00:00</time>
      </trkpt>
      <trkpt lat="50.43685" lon="6.04848">
        <ele>422</ele>
        <time>2024-09-26T16:27:43+00:00</time>
      </trkpt>
      <trkpt lat="50.43713" lon="6.04776">
        <ele>417</ele>
        <time>2024-09-26T16:27:46+00:00</time>
      </trkpt>
      <trkpt lat="50.43729" lon="6.04749">
        <ele>414</ele>
        <time>2024-09-26T16:27:49+00:00</time>
      </trkpt>
      <trkpt lat="50.4375" lon="6.04713">
        <ele>405</ele>
        <time>2024-09-26T16:27:52+00:00</time>
      </trkpt>
      <trkpt lat="50.43772" lon="6.04695">
        <ele>405</ele>
        <time>2024-09-26T16:27:55+00:00</time>
      </trkpt>
      <trkpt lat="50.43789" lon="6.04651">
        <ele>405</ele>
        <time>2024-09-26T16:27:58+00:00</time>
      </trkpt>
      <trkpt lat="50.43819" lon="6.04617">
        <ele>403</ele>
        <time>2024-09-26T16:28:01+00:00</time>
      </trkpt>
      <trkpt lat="50.4384" lon="6.04572">
        <ele>402</ele>
        <time>2024-09-26T16:28:04+00:00</time>
      </trkpt>
      <trkpt lat="50.43843" lon="6.04532">
        <ele>395</ele>
        <time>2024-09-26T16:28:07+00:00</time>
      </trkpt>
      <trkpt lat="50.43845" lon="6.04482">
        <ele>392</ele>
        <time>2024-09-26T16:28:10+00:00</time>
      </trkpt>
      <trkpt lat="50.43847" lon="6.04449">
        <ele>390</ele>
        <time>2024-09-26T16:28:13+00:00</time>
      </trkpt>
      <trkpt lat="50.43833" lon="6.04404">
        <ele>389</ele>
        <time>2024-09-26T16:28:16+00:00</time>
      </trkpt>
      <trkpt lat="50.43842" lon="6.04369">
        <ele>382</ele>
        <time>2024-09-26T16:28:19+00:00</time>
      </trkpt>
      <trkpt lat="50.43854" lon="6.04325">
        <ele>370</ele>
        <time>2024-09-26T16:28:22+00:00</time>
      </trkpt>
      <trkpt lat="50.43874" lon="6.04338">
        <ele>369</ele>
        <time>2024-09-26T16:28:25+00:00</time>
      </trkpt>
      <trkpt lat="50.43886" lon="6.04383">
        <ele>369</ele>
        <time>2024-09-26T16:28:28+00:00</time>
      </trkpt>
      <trkpt lat="50.43897" lon="6.04427">
        <ele>370</ele>
        <time>2024-09-26T16:28:31+00:00</time>
      </trkpt>
      <trkpt lat="50.439" lon="6.04488">
        <ele>370</ele>
        <time>2024-09-26T16:28:34+00:00</time>
      </trkpt>
      <trkpt lat="50.43896" lon="6.04543">
        <ele>372</ele>
        <time>2024-09-26T16:28:37+00:00</time>
      </trkpt>
      <trkpt lat="50.43897" lon="6.04578">
        <ele>371</ele>
        <time>2024-09-26T16:28:40+00:00</time>
      </trkpt>
      <trkpt lat="50.43898" lon="6.04618">
        <ele>370</ele>
        <time>2024-09-26T16:28:43+00:00</time>
      </trkpt>
      <trkpt lat="50.43903" lon="6.04658">
        <ele>372</ele>
        <time>2024-09-26T16:28:46+00:00</time>
      </trkpt>
      <trkpt lat="50.43903" lon="6.04687">
        <ele>374</ele>
        <time>2024-09-26T16:28:49+00:00</time>
      </trkpt>
      <trkpt lat="50.43887" lon="6.04706">
        <ele>382</ele>
        <time>2024-09-26T16:28:52+00:00</time>
      </trkpt>
      <trkpt lat="50.43849" lon="6.04724">
        <ele>388</ele>
        <time>2024-09-26T16:28:55+00:00</time>
      </trkpt>
      <trkpt lat="50.43828" lon="6.04745">
        <ele>392</ele>
        <time>2024-09-26T16:28:58+00:00</time>
      </trkpt>
      <trkpt lat="50.43801" lon="6.04773">
        <ele>398</ele>
        <time>2024-09-26T16:29:01+00:00</time>
      </trkpt>
      <trkpt lat="50.43789" lon="6.04785">
        <ele>401</ele>
        <time>2024-09-26T16:29:04+00:00</time>
      </trkpt>
      <trkpt lat="50.43796" lon="6.04806">
        <ele>402</ele>
        <time>2024-09-26T16:29:07+00:00</time>
      </trkpt>
      <trkpt lat="50.43804" lon="6.0483">
        <ele>404</ele>
        <time>2024-09-26T16:29:10+00:00</time>
      </trkpt>
      <trkpt lat="50.43817" lon="6.04873">
        <ele>412</ele>
        <time>2024-09-26T16:29:13+00:00</time>
      </trkpt>
      <trkpt lat="50.43825" lon="6.04901">
        <ele>420</ele>
        <time>2024-09-26T16:29:16+00:00</time>
      </trkpt>
      <trkpt lat="50.4383" lon="6.04911">
        <ele>422</ele>
        <time>2024-09-26T16:29:19+00:00</time>
      </trkpt>
      <trkpt lat="50.43824" lon="6.04952">
        <ele>424</ele>
        <time>2024-09-26T16:29:22+00:00</time>
      </trkpt>
      <trkpt lat="50.43848" lon="6.04937">
        <ele>428</ele>
        <time>2024-09-26T16:29:25+00:00</time>
      </trkpt>
      <trkpt lat="50.43882" lon="6.04916">
        <ele>428</ele>
        <time>2024-09-26T16:29:28+00:00</time>
      </trkpt>
      <trkpt lat="50.43905" lon="6.04913">
        <ele>425</ele>
        <time>2024-09-26T16:29:31+00:00</time>
      </trkpt>
      <trkpt lat="50.43933" lon="6.04911">
        <ele>422</ele>
        <time>2024-09-26T16:29:34+00:00</time>
      </trkpt>
      <trkpt lat="50.43974" lon="6.04912">
        <ele>416</ele>
        <time>2024-09-26T16:29:37+00:00</time>
      </trkpt>
      <trkpt lat="50.44001" lon="6.04916">
        <ele>411</ele>
        <time>2024-09-26T16:29:40+00:00</time>
      </trkpt>
      <trkpt lat="50.4402" lon="6.04941">
        <ele>411</ele>
        <time>2024-09-26T16:29:43+00:00</time>
      </trkpt>
      <trkpt lat="50.44028" lon="6.04995">
        <ele>411</ele>
        <time>2024-09-26T16:29:46+00:00</time>
      </trkpt>
      <trkpt lat="50.44025" lon="6.05042">
        <ele>412</ele>
        <time>2024-09-26T16:29:49+00:00</time>
      </trkpt>
      <trkpt lat="50.44023" lon="6.05047">
        <ele>412</ele>
        <time>2024-09-26T16:29:52+00:00</time>
      </trkpt>
      <trkpt lat="50.44018" lon="6.05065">
        <ele>416</ele>
        <time>2024-09-26T16:29:55+00:00</time>
      </trkpt>
      <trkpt lat="50.44017" lon="6.05072">
        <ele>416</ele>
        <time>2024-09-26T16:29:58+00:00</time>
      </trkpt>
      <trkpt lat="50.44017" lon="6.05083">
        <ele>420</ele>
        <time>2024-09-26T16:30:01+00:00</time>
      </trkpt>
      <trkpt lat="50.44015" lon="6.05095">
        <ele>423</ele>
        <time>2024-09-26T16:30:04+00:00</time>
      </trkpt>
      <trkpt lat="50.44011" lon="6.05111">
        <ele>425</ele>
        <time>2024-09-26T16:30:07+00:00</time>
      </trkpt>
      <trkpt lat="50.4401" lon="6.05117">
        <ele>428</ele>
        <time>2024-09-26T16:30:10+00:00</time>
      </trkpt>
      <trkpt lat="50.44009" lon="6.05132">
        <ele>430</ele>
        <time>2024-09-26T16:30:13+00:00</time>
      </trkpt>
      <trkpt lat="50.44008" lon="6.05143">
        <ele>430</ele>
        <time>2024-09-26T16:30:16+00:00</time>
      </trkpt>
      <trkpt lat="50.44008" lon="6.05147">
        <ele>430</ele>
        <time>2024-09-26T16:30:19+00:00</time>
      </trkpt>
      <trkpt lat="50.4401" lon="6.05154">
        <ele>431</ele>
        <time>2024-09-26T16:30:22+00:00</time>
      </trkpt>
      <trkpt lat="50.44011" lon="6.05161">
        <ele>429</ele>
        <time>2024-09-26T16:30:25+00:00</time>
      </trkpt>
      <trkpt lat="50.44013" lon="6.05182">
        <ele>432</ele>
        <time>2024-09-26T16:30:28+00:00</time>
      </trkpt>
      <trkpt lat="50.44016" lon="6.05191">
        <ele>433</ele>
        <time>2024-09-26T16:30:31+00:00</time>
      </trkpt>
      <trkpt lat="50.44022" lon="6.052">
        <ele>432</ele>
        <time>2024-09-26T16:30:34+00:00</time>
      </trkpt>
      <trkpt lat="50.44033" lon="6.05212">
        <ele>432</ele>
        <time>2024-09-26T16:30:37+00:00</time>
      </trkpt>
      <trkpt lat="50.44035" lon="6.05213">
        <ele>432</ele>
        <time>2024-09-26T16:30:40+00:00</time>
      </trkpt>
      <trkpt lat="50.44042" lon="6.05216">
        <ele>429</ele>
        <time>2024-09-26T16:30:43+00:00</time>
      </trkpt>
      <trkpt lat="50.44066" lon="6.0522">
        <ele>432</ele>
        <time>2024-09-26T16:30:46+00:00</time>
      </trkpt>
      <trkpt lat="50.44073" lon="6.0522">
        <ele>434</ele>
        <time>2024-09-26T16:30:49+00:00</time>
      </trkpt>
      <trkpt lat="50.44077" lon="6.05221">
        <ele>434</ele>
        <time>2024-09-26T16:30:52+00:00</time>
      </trkpt>
      <trkpt lat="50.4408" lon="6.05224">
        <ele>436</ele>
        <time>2024-09-26T16:30:55+00:00</time>
      </trkpt>
      <trkpt lat="50.44084" lon="6.05229">
        <ele>436</ele>
        <time>2024-09-26T16:30:58+00:00</time>
      </trkpt>
      <trkpt lat="50.44085" lon="6.05234">
        <ele>438</ele>
        <time>2024-09-26T16:31:01+00:00</time>
      </trkpt>
      <trkpt lat="50.44085" lon="6.05239">
        <ele>438</ele>
        <time>2024-09-26T16:31:04+00:00</time>
      </trkpt>
      <trkpt lat="50.44084" lon="6.05249">
        <ele>438</ele>
        <time>2024-09-26T16:31:07+00:00</time>
      </trkpt>
      <trkpt lat="50.44081" lon="6.05255">
        <ele>438</ele>
        <time>2024-09-26T16:31:10+00:00</time>
      </trkpt>
      <trkpt lat="50.44067" lon="6.05274">
        <ele>438</ele>
        <time>2024-09-26T16:31:13+00:00</time>
      </trkpt>
      <trkpt lat="50.44058" lon="6.05287">
        <ele>439</ele>
        <time>2024-09-26T16:31:16+00:00</time>
      </trkpt>
      <trkpt lat="50.44051" lon="6.05295">
        <ele>439</ele>
        <time>2024-09-26T16:31:19+00:00</time>
      </trkpt>
      <trkpt lat="50.44037" lon="6.05308">
        <ele>441</ele>
        <time>2024-09-26T16:31:22+00:00</time>
      </trkpt>
      <trkpt lat="50.44026" lon="6.05321">
        <ele>442</ele>
        <time>2024-09-26T16:31:25+00:00</time>
      </trkpt>
      <trkpt lat="50.44017" lon="6.05329">
        <ele>443</ele>
        <time>2024-09-26T16:31:28+00:00</time>
      </trkpt>
      <trkpt lat="50.44008" lon="6.05339">
        <ele>445</ele>
        <time>2024-09-26T16:31:31+00:00</time>
      </trkpt>
      <trkpt lat="50.44002" lon="6.05344">
        <ele>445</ele>
        <time>2024-09-26T16:31:34+00:00</time>
      </trkpt>
      <trkpt lat="50.43995" lon="6.05354">
        <ele>447</ele>
        <time>2024-09-26T16:31:37+00:00</time>
      </trkpt>
      <trkpt lat="50.43988" lon="6.05371">
        <ele>450</ele>
        <time>2024-09-26T16:31:40+00:00</time>
      </trkpt>
      <trkpt lat="50.43985" lon="6.0539">
        <ele>451</ele>
        <time>2024-09-26T16:31:43+00:00</time>
      </trkpt>
      <trkpt lat="50.43982" lon="6.05409">
        <ele>451</ele>
        <time>2024-09-26T16:31:46+00:00</time>
      </trkpt>
      <trkpt lat="50.43976" lon="6.05432">
        <ele>454</ele>
        <time>2024-09-26T16:31:49+00:00</time>
      </trkpt>
      <trkpt lat="50.43971" lon="6.05467">
        <ele>451</ele>
        <time>2024-09-26T16:31:52+00:00</time>
      </trkpt>
      <trkpt lat="50.43969" lon="6.05493">
        <ele>456</ele>
        <time>2024-09-26T16:31:55+00:00</time>
      </trkpt>
      <trkpt lat="50.43971" lon="6.05512">
        <ele>450</ele>
        <time>2024-09-26T16:31:58+00:00</time>
      </trkpt>
      <trkpt lat="50.43976" lon="6.05536">
        <ele>451</ele>
        <time>2024-09-26T16:32:01+00:00</time>
      </trkpt>
      <trkpt lat="50.43983" lon="6.05555">
        <ele>450</ele>
        <time>2024-09-26T16:32:04+00:00</time>
      </trkpt>
      <trkpt lat="50.43991" lon="6.05575">
        <ele>450</ele>
        <time>2024-09-26T16:32:07+00:00</time>
      </trkpt>
      <trkpt lat="50.43992" lon="6.05579">
        <ele>450</ele>
        <time>2024-09-26T16:32:10+00:00</time>
      </trkpt>
      <trkpt lat="50.44003" lon="6.05592">
        <ele>449</ele>
        <time>2024-09-26T16:32:13+00:00</time>
      </trkpt>
      <trkpt lat="50.4401" lon="6.05602">
        <ele>449</ele>
        <time>2024-09-26T16:32:16+00:00</time>
      </trkpt>
      <trkpt lat="50.44026" lon="6.05622">
        <ele>449</ele>
        <time>2024-09-26T16:32:19+00:00</time>
      </trkpt>
      <trkpt lat="50.44037" lon="6.05645">
        <ele>449</ele>
        <time>2024-09-26T16:32:22+00:00</time>
      </trkpt>
      <trkpt lat="50.44042" lon="6.0567">
        <ele>451</ele>
        <time>2024-09-26T16:32:25+00:00</time>
      </trkpt>
      <trkpt lat="50.44042" lon="6.05678">
        <ele>451</ele>
        <time>2024-09-26T16:32:28+00:00</time>
      </trkpt>
      <trkpt lat="50.44042" lon="6.05696">
        <ele>454</ele>
        <time>2024-09-26T16:32:31+00:00</time>
      </trkpt>
      <trkpt lat="50.44037" lon="6.05711">
        <ele>461</ele>
        <time>2024-09-26T16:32:34+00:00</time>
      </trkpt>
      <trkpt lat="50.44037" lon="6.05715">
        <ele>461</ele>
        <time>2024-09-26T16:32:37+00:00</time>
      </trkpt>
      <trkpt lat="50.4404" lon="6.05733">
        <ele>460</ele>
        <time>2024-09-26T16:32:40+00:00</time>
      </trkpt>
      <trkpt lat="50.44042" lon="6.05746">
        <ele>459</ele>
        <time>2024-09-26T16:32:43+00:00</time>
      </trkpt>
      <trkpt lat="50.4405" lon="6.05757">
        <ele>459</ele>
        <time>2024-09-26T16:32:46+00:00</time>
      </trkpt>
      <trkpt lat="50.44063" lon="6.05769">
        <ele>458</ele>
        <time>2024-09-26T16:32:49+00:00</time>
      </trkpt>
      <trkpt lat="50.44078" lon="6.0576">
        <ele>455</ele>
        <time>2024-09-26T16:32:52+00:00</time>
      </trkpt>
      <trkpt lat="50.44092" lon="6.05748">
        <ele>451</ele>
        <time>2024-09-26T16:32:55+00:00</time>
      </trkpt>
      <trkpt lat="50.44107" lon="6.05736">
        <ele>450</ele>
        <time>2024-09-26T16:32:58+00:00</time>
      </trkpt>
      <trkpt lat="50.4412" lon="6.05712">
        <ele>448</ele>
        <time>2024-09-26T16:33:01+00:00</time>
      </trkpt>
      <trkpt lat="50.44132" lon="6.05699">
        <ele>446</ele>
        <time>2024-09-26T16:33:04+00:00</time>
      </trkpt>
      <trkpt lat="50.44146" lon="6.05687">
        <ele>445</ele>
        <time>2024-09-26T16:33:07+00:00</time>
      </trkpt>
      <trkpt lat="50.44165" lon="6.05665">
        <ele>450</ele>
        <time>2024-09-26T16:33:10+00:00</time>
      </trkpt>
      <trkpt lat="50.44186" lon="6.0564">
        <ele>455</ele>
        <time>2024-09-26T16:33:13+00:00</time>
      </trkpt>
      <trkpt lat="50.44193" lon="6.05629">
        <ele>454</ele>
        <time>2024-09-26T16:33:16+00:00</time>
      </trkpt>
      <trkpt lat="50.44198" lon="6.05625">
        <ele>454</ele>
        <time>2024-09-26T16:33:19+00:00</time>
      </trkpt>
      <trkpt lat="50.44204" lon="6.0562">
        <ele>456</ele>
        <time>2024-09-26T16:33:22+00:00</time>
      </trkpt>
      <trkpt lat="50.44213" lon="6.05606">
        <ele>458</ele>
        <time>2024-09-26T16:33:25+00:00</time>
      </trkpt>
      <trkpt lat="50.44222" lon="6.05593">
        <ele>455</ele>
        <time>2024-09-26T16:33:28+00:00</time>
      </trkpt>
      <trkpt lat="50.44228" lon="6.05584">
        <ele>455</ele>
        <time>2024-09-26T16:33:31+00:00</time>
      </trkpt>
      <trkpt lat="50.44232" lon="6.05576">
        <ele>454</ele>
        <time>2024-09-26T16:33:34+00:00</time>
      </trkpt>
      <trkpt lat="50.44243" lon="6.05571">
        <ele>454</ele>
        <time>2024-09-26T16:33:37+00:00</time>
      </trkpt>
      <trkpt lat="50.44251" lon="6.05556">
        <ele>450</ele>
        <time>2024-09-26T16:33:40+00:00</time>
      </trkpt>
      <trkpt lat="50.44265" lon="6.05544">
        <ele>451</ele>
        <time>2024-09-26T16:33:43+00:00</time>
      </trkpt>
      <trkpt lat="50.44296" lon="6.05529">
        <ele>449</ele>
        <time>2024-09-26T16:33:46+00:00</time>
      </trkpt>
      <trkpt lat="50.44313" lon="6.05512">
        <ele>448</ele>
        <time>2024-09-26T16:33:49+00:00</time>
      </trkpt>
      <trkpt lat="50.4432" lon="6.05511">
        <ele>447</ele>
        <time>2024-09-26T16:33:52+00:00</time>
      </trkpt>
      <trkpt lat="50.44328" lon="6.05509">
        <ele>446</ele>
        <time>2024-09-26T16:33:55+00:00</time>
      </trkpt>
      <trkpt lat="50.44346" lon="6.05507">
        <ele>448</ele>
        <time>2024-09-26T16:33:58+00:00</time>
      </trkpt>
      <trkpt lat="50.44368" lon="6.05527">
        <ele>448</ele>
        <time>2024-09-26T16:34:01+00:00</time>
      </trkpt>
      <trkpt lat="50.44395" lon="6.05573">
        <ele>448</ele>
        <time>2024-09-26T16:34:04+00:00</time>
      </trkpt>
      <trkpt lat="50.44399" lon="6.05598">
        <ele>450</ele>
        <time>2024-09-26T16:34:07+00:00</time>
      </trkpt>
      <trkpt lat="50.44409" lon="6.05626">
        <ele>451</ele>
        <time>2024-09-26T16:34:10+00:00</time>
      </trkpt>
      <trkpt lat="50.4441" lon="6.05661">
        <ele>449</ele>
        <time>2024-09-26T16:34:13+00:00</time>
      </trkpt>
      <trkpt lat="50.44412" lon="6.05684">
        <ele>454</ele>
        <time>2024-09-26T16:34:16+00:00</time>
      </trkpt>
      <trkpt lat="50.44425" lon="6.05694">
        <ele>451</ele>
        <time>2024-09-26T16:34:19+00:00</time>
      </trkpt>
      <trkpt lat="50.44412" lon="6.05711">
        <ele>453</ele>
        <time>2024-09-26T16:34:22+00:00</time>
      </trkpt>
      <trkpt lat="50.44384" lon="6.05741">
        <ele>455</ele>
        <time>2024-09-26T16:34:25+00:00</time>
      </trkpt>
      <trkpt lat="50.44375" lon="6.05753">
        <ele>459</ele>
        <time>2024-09-26T16:34:28+00:00</time>
      </trkpt>
      <trkpt lat="50.44362" lon="6.0576">
        <ele>458</ele>
        <time>2024-09-26T16:34:31+00:00</time>
      </trkpt>
      <trkpt lat="50.44348" lon="6.05789">
        <ele>459</ele>
        <time>2024-09-26T16:34:34+00:00</time>
      </trkpt>
      <trkpt lat="50.44328" lon="6.05811">
        <ele>459</ele>
        <time>2024-09-26T16:34:37+00:00</time>
      </trkpt>
      <trkpt lat="50.44303" lon="6.0584">
        <ele>459</ele>
        <time>2024-09-26T16:34:40+00:00</time>
      </trkpt>
      <trkpt lat="50.44285" lon="6.0586">
        <ele>458</ele>
        <time>2024-09-26T16:34:43+00:00</time>
      </trkpt>
      <trkpt lat="50.4426" lon="6.059">
        <ele>458</ele>
        <time>2024-09-26T16:34:46+00:00</time>
      </trkpt>
      <trkpt lat="50.4425" lon="6.05906">
        <ele>457</ele>
        <time>2024-09-26T16:34:49+00:00</time>
      </trkpt>
      <trkpt lat="50.44241" lon="6.05907">
        <ele>458</ele>
        <time>2024-09-26T16:34:52+00:00</time>
      </trkpt>
      <trkpt lat="50.44228" lon="6.05908">
        <ele>460</ele>
        <time>2024-09-26T16:34:55+00:00</time>
      </trkpt>
      <trkpt lat="50.44219" lon="6.05907">
        <ele>461</ele>
        <time>2024-09-26T16:34:58+00:00</time>
      </trkpt>
      <trkpt lat="50.4421" lon="6.05907">
        <ele>461</ele>
        <time>2024-09-26T16:35:01+00:00</time>
      </trkpt>
      <trkpt lat="50.44204" lon="6.05909">
        <ele>461</ele>
        <time>2024-09-26T16:35:04+00:00</time>
      </trkpt>
      <trkpt lat="50.44193" lon="6.05915">
        <ele>464</ele>
        <time>2024-09-26T16:35:07+00:00</time>
      </trkpt>
      <trkpt lat="50.44186" lon="6.05921">
        <ele>468</ele>
        <time>2024-09-26T16:35:10+00:00</time>
      </trkpt>
      <trkpt lat="50.4418" lon="6.05924">
        <ele>468</ele>
        <time>2024-09-26T16:35:13+00:00</time>
      </trkpt>
      <trkpt lat="50.44176" lon="6.05929">
        <ele>468</ele>
        <time>2024-09-26T16:35:16+00:00</time>
      </trkpt>
      <trkpt lat="50.44173" lon="6.05931">
        <ele>470</ele>
        <time>2024-09-26T16:35:19+00:00</time>
      </trkpt>
      <trkpt lat="50.44167" lon="6.05941">
        <ele>474</ele>
        <time>2024-09-26T16:35:22+00:00</time>
      </trkpt>
      <trkpt lat="50.44164" lon="6.05946">
        <ele>474</ele>
        <time>2024-09-26T16:35:25+00:00</time>
      </trkpt>
      <trkpt lat="50.4416" lon="6.0595">
        <ele>476</ele>
        <time>2024-09-26T16:35:28+00:00</time>
      </trkpt>
      <trkpt lat="50.44153" lon="6.05962">
        <ele>477</ele>
        <time>2024-09-26T16:35:31+00:00</time>
      </trkpt>
      <trkpt lat="50.44149" lon="6.05973">
        <ele>479</ele>
        <time>2024-09-26T16:35:34+00:00</time>
      </trkpt>
      <trkpt lat="50.44143" lon="6.05984">
        <ele>478</ele>
        <time>2024-09-26T16:35:37+00:00</time>
      </trkpt>
      <trkpt lat="50.44139" lon="6.05988">
        <ele>481</ele>
        <time>2024-09-26T16:35:40+00:00</time>
      </trkpt>
      <trkpt lat="50.44134" lon="6.05997">
        <ele>481</ele>
        <time>2024-09-26T16:35:43+00:00</time>
      </trkpt>
      <trkpt lat="50.44125" lon="6.06018">
        <ele>481</ele>
        <time>2024-09-26T16:35:46+00:00</time>
      </trkpt>
      <trkpt lat="50.44119" lon="6.06029">
        <ele>481</ele>
        <time>2024-09-26T16:35:49+00:00</time>
      </trkpt>
      <trkpt lat="50.44115" lon="6.06034">
        <ele>479</ele>
        <time>2024-09-26T16:35:52+00:00</time>
      </trkpt>
      <trkpt lat="50.44111" lon="6.06039">
        <ele>479</ele>
        <time>2024-09-26T16:35:55+00:00</time>
      </trkpt>
      <trkpt lat="50.44107" lon="6.06045">
        <ele>477</ele>
        <time>2024-09-26T16:35:58+00:00</time>
      </trkpt>
      <trkpt lat="50.44099" lon="6.0605">
        <ele>480</ele>
        <time>2024-09-26T16:36:01+00:00</time>
      </trkpt>
      <trkpt lat="50.44096" lon="6.06053">
        <ele>477</ele>
        <time>2024-09-26T16:36:04+00:00</time>
      </trkpt>
      <trkpt lat="50.44085" lon="6.06058">
        <ele>478</ele>
        <time>2024-09-26T16:36:07+00:00</time>
      </trkpt>
      <trkpt lat="50.44075" lon="6.06065">
        <ele>480</ele>
        <time>2024-09-26T16:36:10+00:00</time>
      </trkpt>
      <trkpt lat="50.44066" lon="6.06066">
        <ele>481</ele>
        <time>2024-09-26T16:36:13+00:00</time>
      </trkpt>
      <trkpt lat="50.44065" lon="6.06067">
        <ele>481</ele>
        <time>2024-09-26T16:36:16+00:00</time>
      </trkpt>
      <trkpt lat="50.4406" lon="6.06067">
        <ele>483</ele>
        <time>2024-09-26T16:36:19+00:00</time>
      </trkpt>
      <trkpt lat="50.44052" lon="6.06071">
        <ele>483</ele>
        <time>2024-09-26T16:36:22+00:00</time>
      </trkpt>
      <trkpt lat="50.44045" lon="6.06078">
        <ele>485</ele>
        <time>2024-09-26T16:36:25+00:00</time>
      </trkpt>
      <trkpt lat="50.44033" lon="6.06081">
        <ele>485</ele>
        <time>2024-09-26T16:36:28+00:00</time>
      </trkpt>
      <trkpt lat="50.44017" lon="6.06086">
        <ele>490</ele>
        <time>2024-09-26T16:36:31+00:00</time>
      </trkpt>
      <trkpt lat="50.43996" lon="6.06086">
        <ele>492</ele>
        <time>2024-09-26T16:36:34+00:00</time>
      </trkpt>
      <trkpt lat="50.4399" lon="6.06087">
        <ele>493</ele>
        <time>2024-09-26T16:36:37+00:00</time>
      </trkpt>
      <trkpt lat="50.43972" lon="6.06087">
        <ele>494</ele>
        <time>2024-09-26T16:36:40+00:00</time>
      </trkpt>
      <trkpt lat="50.4395" lon="6.06084">
        <ele>496</ele>
        <time>2024-09-26T16:36:43+00:00</time>
      </trkpt>
      <trkpt lat="50.43937" lon="6.0608">
        <ele>498</ele>
        <time>2024-09-26T16:36:46+00:00</time>
      </trkpt>
      <trkpt lat="50.43936" lon="6.06083">
        <ele>498</ele>
        <time>2024-09-26T16:36:49+00:00</time>
      </trkpt>
      <trkpt lat="50.43937" lon="6.06084">
        <ele>498</ele>
        <time>2024-09-26T16:36:52+00:00</time>
      </trkpt>
      <trkpt lat="50.43944" lon="6.06089">
        <ele>495</ele>
        <time>2024-09-26T16:36:55+00:00</time>
      </trkpt>
      <trkpt lat="50.43962" lon="6.06099">
        <ele>494</ele>
        <time>2024-09-26T16:36:58+00:00</time>
      </trkpt>
      <trkpt lat="50.43983" lon="6.06114">
        <ele>492</ele>
        <time>2024-09-26T16:37:01+00:00</time>
      </trkpt>
      <trkpt lat="50.43998" lon="6.06127">
        <ele>491</ele>
        <time>2024-09-26T16:37:04+00:00</time>
      </trkpt>
      <trkpt lat="50.44028" lon="6.06148">
        <ele>488</ele>
        <time>2024-09-26T16:37:07+00:00</time>
      </trkpt>
      <trkpt lat="50.44064" lon="6.0617">
        <ele>482</ele>
        <time>2024-09-26T16:37:10+00:00</time>
      </trkpt>
      <trkpt lat="50.4407" lon="6.06175">
        <ele>482</ele>
        <time>2024-09-26T16:37:13+00:00</time>
      </trkpt>
      <trkpt lat="50.44085" lon="6.06185">
        <ele>481</ele>
        <time>2024-09-26T16:37:16+00:00</time>
      </trkpt>
      <trkpt lat="50.441" lon="6.0619">
        <ele>480</ele>
        <time>2024-09-26T16:37:19+00:00</time>
      </trkpt>
      <trkpt lat="50.44118" lon="6.06194">
        <ele>480</ele>
        <time>2024-09-26T16:37:22+00:00</time>
      </trkpt>
      <trkpt lat="50.44129" lon="6.06203">
        <ele>480</ele>
        <time>2024-09-26T16:37:25+00:00</time>
      </trkpt>
      <trkpt lat="50.44149" lon="6.06217">
        <ele>477</ele>
        <time>2024-09-26T16:37:28+00:00</time>
      </trkpt>
      <trkpt lat="50.44155" lon="6.06223">
        <ele>477</ele>
        <time>2024-09-26T16:37:31+00:00</time>
      </trkpt>
      <trkpt lat="50.44179" lon="6.06245">
        <ele>474</ele>
        <time>2024-09-26T16:37:34+00:00</time>
      </trkpt>
      <trkpt lat="50.44198" lon="6.06255">
        <ele>472</ele>
        <time>2024-09-26T16:37:37+00:00</time>
      </trkpt>
      <trkpt lat="50.44208" lon="6.06262">
        <ele>472</ele>
        <time>2024-09-26T16:37:40+00:00</time>
      </trkpt>
      <trkpt lat="50.44229" lon="6.06259">
        <ele>468</ele>
        <time>2024-09-26T16:37:43+00:00</time>
      </trkpt>
      <trkpt lat="50.44262" lon="6.06256">
        <ele>467</ele>
        <time>2024-09-26T16:37:46+00:00</time>
      </trkpt>
      <trkpt lat="50.44278" lon="6.06232">
        <ele>466</ele>
        <time>2024-09-26T16:37:49+00:00</time>
      </trkpt>
      <trkpt lat="50.44297" lon="6.06205">
        <ele>464</ele>
        <time>2024-09-26T16:37:52+00:00</time>
      </trkpt>
      <trkpt lat="50.44304" lon="6.06179">
        <ele>463</ele>
        <time>2024-09-26T16:37:55+00:00</time>
      </trkpt>
      <trkpt lat="50.44296" lon="6.06154">
        <ele>460</ele>
        <time>2024-09-26T16:37:58+00:00</time>
      </trkpt>
      <trkpt lat="50.4427" lon="6.06101">
        <ele>457</ele>
        <time>2024-09-26T16:38:01+00:00</time>
      </trkpt>
      <trkpt lat="50.44269" lon="6.0608">
        <ele>455</ele>
        <time>2024-09-26T16:38:04+00:00</time>
      </trkpt>
      <trkpt lat="50.44287" lon="6.06059">
        <ele>456</ele>
        <time>2024-09-26T16:38:07+00:00</time>
      </trkpt>
      <trkpt lat="50.44308" lon="6.06054">
        <ele>456</ele>
        <time>2024-09-26T16:38:10+00:00</time>
      </trkpt>
      <trkpt lat="50.44333" lon="6.06089">
        <ele>455</ele>
        <time>2024-09-26T16:38:13+00:00</time>
      </trkpt>
      <trkpt lat="50.44354" lon="6.06109">
        <ele>454</ele>
        <time>2024-09-26T16:38:16+00:00</time>
      </trkpt>
      <trkpt lat="50.44383" lon="6.06137">
        <ele>449</ele>
        <time>2024-09-26T16:38:19+00:00</time>
      </trkpt>
      <trkpt lat="50.44386" lon="6.06103">
        <ele>442</ele>
        <time>2024-09-26T16:38:22+00:00</time>
      </trkpt>
      <trkpt lat="50.44389" lon="6.06067">
        <ele>438</ele>
        <time>2024-09-26T16:38:25+00:00</time>
      </trkpt>
      <trkpt lat="50.44382" lon="6.06029">
        <ele>434</ele>
        <time>2024-09-26T16:38:28+00:00</time>
      </trkpt>
      <trkpt lat="50.44373" lon="6.05976">
        <ele>434</ele>
        <time>2024-09-26T16:38:31+00:00</time>
      </trkpt>
      <trkpt lat="50.44398" lon="6.05945">
        <ele>428</ele>
        <time>2024-09-26T16:38:34+00:00</time>
      </trkpt>
      <trkpt lat="50.44421" lon="6.05938">
        <ele>412</ele>
        <time>2024-09-26T16:38:37+00:00</time>
      </trkpt>
      <trkpt lat="50.44435" lon="6.05903">
        <ele>411</ele>
        <time>2024-09-26T16:38:40+00:00</time>
      </trkpt>
      <trkpt lat="50.44453" lon="6.05899">
        <ele>399</ele>
        <time>2024-09-26T16:38:43+00:00</time>
      </trkpt>
      <trkpt lat="50.44482" lon="6.05936">
        <ele>384</ele>
        <time>2024-09-26T16:38:46+00:00</time>
      </trkpt>
      <trkpt lat="50.44503" lon="6.05938">
        <ele>378</ele>
        <time>2024-09-26T16:38:49+00:00</time>
      </trkpt>
      <trkpt lat="50.44526" lon="6.05939">
        <ele>374</ele>
        <time>2024-09-26T16:38:52+00:00</time>
      </trkpt>
      <trkpt lat="50.44557" lon="6.05957">
        <ele>375</ele>
        <time>2024-09-26T16:38:55+00:00</time>
      </trkpt>
      <trkpt lat="50.44538" lon="6.05968">
        <ele>376</ele>
        <time>2024-09-26T16:38:58+00:00</time>
      </trkpt>
      <trkpt lat="50.44562" lon="6.05984">
        <ele>378</ele>
        <time>2024-09-26T16:39:01+00:00</time>
      </trkpt>
      <trkpt lat="50.44598" lon="6.06008">
        <ele>388</ele>
        <time>2024-09-26T16:39:04+00:00</time>
      </trkpt>
      <trkpt lat="50.44622" lon="6.06017">
        <ele>403</ele>
        <time>2024-09-26T16:39:07+00:00</time>
      </trkpt>
      <trkpt lat="50.44653" lon="6.06028">
        <ele>405</ele>
        <time>2024-09-26T16:39:10+00:00</time>
      </trkpt>
      <trkpt lat="50.44682" lon="6.06023">
        <ele>407</ele>
        <time>2024-09-26T16:39:13+00:00</time>
      </trkpt>
      <trkpt lat="50.44711" lon="6.06018">
        <ele>411</ele>
        <time>2024-09-26T16:39:16+00:00</time>
      </trkpt>
      <trkpt lat="50.44744" lon="6.06013">
        <ele>418</ele>
        <time>2024-09-26T16:39:19+00:00</time>
      </trkpt>
      <trkpt lat="50.44775" lon="6.06001">
        <ele>426</ele>
        <time>2024-09-26T16:39:22+00:00</time>
      </trkpt>
      <trkpt lat="50.44787" lon="6.06025">
        <ele>434</ele>
        <time>2024-09-26T16:39:25+00:00</time>
      </trkpt>
      <trkpt lat="50.44788" lon="6.06056">
        <ele>438</ele>
        <time>2024-09-26T16:39:28+00:00</time>
      </trkpt>
      <trkpt lat="50.44783" lon="6.06095">
        <ele>443</ele>
        <time>2024-09-26T16:39:31+00:00</time>
      </trkpt>
      <trkpt lat="50.44776" lon="6.06155">
        <ele>451</ele>
        <time>2024-09-26T16:39:34+00:00</time>
      </trkpt>
      <trkpt lat="50.44801" lon="6.06151">
        <ele>454</ele>
        <time>2024-09-26T16:39:37+00:00</time>
      </trkpt>
      <trkpt lat="50.4484" lon="6.06145">
        <ele>454</ele>
        <time>2024-09-26T16:39:40+00:00</time>
      </trkpt>
      <trkpt lat="50.44879" lon="6.06152">
        <ele>452</ele>
        <time>2024-09-26T16:39:43+00:00</time>
      </trkpt>
      <trkpt lat="50.44904" lon="6.06183">
        <ele>451</ele>
        <time>2024-09-26T16:39:46+00:00</time>
      </trkpt>
      <trkpt lat="50.44927" lon="6.06237">
        <ele>449</ele>
        <time>2024-09-26T16:39:49+00:00</time>
      </trkpt>
      <trkpt lat="50.44935" lon="6.06299">
        <ele>447</ele>
        <time>2024-09-26T16:39:52+00:00</time>
      </trkpt>
      <trkpt lat="50.44941" lon="6.06349">
        <ele>444</ele>
        <time>2024-09-26T16:39:55+00:00</time>
      </trkpt>
      <trkpt lat="50.44962" lon="6.06395">
        <ele>446</ele>
        <time>2024-09-26T16:39:58+00:00</time>
      </trkpt>
      <trkpt lat="50.44961" lon="6.06447">
        <ele>448</ele>
        <time>2024-09-26T16:40:01+00:00</time>
      </trkpt>
      <trkpt lat="50.44946" lon="6.06492">
        <ele>461</ele>
        <time>2024-09-26T16:40:04+00:00</time>
      </trkpt>
      <trkpt lat="50.44932" lon="6.06538">
        <ele>467</ele>
        <time>2024-09-26T16:40:07+00:00</time>
      </trkpt>
      <trkpt lat="50.44917" lon="6.06583">
        <ele>477</ele>
        <time>2024-09-26T16:40:10+00:00</time>
      </trkpt>
      <trkpt lat="50.44902" lon="6.06633">
        <ele>485</ele>
        <time>2024-09-26T16:40:13+00:00</time>
      </trkpt>
      <trkpt lat="50.44885" lon="6.06601">
        <ele>486</ele>
        <time>2024-09-26T16:40:16+00:00</time>
      </trkpt>
      <trkpt lat="50.44859" lon="6.06551">
        <ele>489</ele>
        <time>2024-09-26T16:40:19+00:00</time>
      </trkpt>
      <trkpt lat="50.44842" lon="6.06554">
        <ele>490</ele>
        <time>2024-09-26T16:40:22+00:00</time>
      </trkpt>
      <trkpt lat="50.44828" lon="6.06567">
        <ele>491</ele>
        <time>2024-09-26T16:40:25+00:00</time>
      </trkpt>
      <trkpt lat="50.44799" lon="6.06536">
        <ele>491</ele>
        <time>2024-09-26T16:40:28+00:00</time>
      </trkpt>
      <trkpt lat="50.44759" lon="6.06536">
        <ele>485</ele>
        <time>2024-09-26T16:40:31+00:00</time>
      </trkpt>
      <trkpt lat="50.44753" lon="6.06501">
        <ele>483</ele>
        <time>2024-09-26T16:40:34+00:00</time>
      </trkpt>
      <trkpt lat="50.44742" lon="6.06491">
        <ele>479</ele>
        <time>2024-09-26T16:40:37+00:00</time>
      </trkpt>
      <trkpt lat="50.44741" lon="6.06461">
        <ele>475</ele>
        <time>2024-09-26T16:40:40+00:00</time>
      </trkpt>
      <trkpt lat="50.4474" lon="6.06421">
        <ele>467</ele>
        <time>2024-09-26T16:40:43+00:00</time>
      </trkpt>
      <trkpt lat="50.44718" lon="6.064">
        <ele>457</ele>
        <time>2024-09-26T16:40:46+00:00</time>
      </trkpt>
      <trkpt lat="50.44688" lon="6.06372">
        <ele>444</ele>
        <time>2024-09-26T16:40:49+00:00</time>
      </trkpt>
      <trkpt lat="50.44671" lon="6.06372">
        <ele>447</ele>
        <time>2024-09-26T16:40:52+00:00</time>
      </trkpt>
      <trkpt lat="50.44675" lon="6.06406">
        <ele>450</ele>
        <time>2024-09-26T16:40:55+00:00</time>
      </trkpt>
      <trkpt lat="50.44679" lon="6.06441">
        <ele>460</ele>
        <time>2024-09-26T16:40:58+00:00</time>
      </trkpt>
      <trkpt lat="50.44701" lon="6.06477">
        <ele>463</ele>
        <time>2024-09-26T16:41:01+00:00</time>
      </trkpt>
      <trkpt lat="50.44704" lon="6.06512">
        <ele>471</ele>
        <time>2024-09-26T16:41:04+00:00</time>
      </trkpt>
      <trkpt lat="50.44707" lon="6.06551">
        <ele>477</ele>
        <time>2024-09-26T16:41:07+00:00</time>
      </trkpt>
      <trkpt lat="50.44676" lon="6.06538">
        <ele>480</ele>
        <time>2024-09-26T16:41:10+00:00</time>
      </trkpt>
      <trkpt lat="50.44657" lon="6.06511">
        <ele>480</ele>
        <time>2024-09-26T16:41:13+00:00</time>
      </trkpt>
      <trkpt lat="50.4463" lon="6.06471">
        <ele>477</ele>
        <time>2024-09-26T16:41:16+00:00</time>
      </trkpt>
      <trkpt lat="50.44592" lon="6.0648">
        <ele>474</ele>
        <time>2024-09-26T16:41:19+00:00</time>
      </trkpt>
      <trkpt lat="50.44575" lon="6.06493">
        <ele>474</ele>
        <time>2024-09-26T16:41:22+00:00</time>
      </trkpt>
      <trkpt lat="50.44576" lon="6.06523">
        <ele>482</ele>
        <time>2024-09-26T16:41:25+00:00</time>
      </trkpt>
      <trkpt lat="50.44578" lon="6.06559">
        <ele>486</ele>
        <time>2024-09-26T16:41:28+00:00</time>
      </trkpt>
      <trkpt lat="50.44581" lon="6.06598">
        <ele>482</ele>
        <time>2024-09-26T16:41:31+00:00</time>
      </trkpt>
      <trkpt lat="50.4456" lon="6.06632">
        <ele>482</ele>
        <time>2024-09-26T16:41:34+00:00</time>
      </trkpt>
      <trkpt lat="50.44562" lon="6.06668">
        <ele>482</ele>
        <time>2024-09-26T16:41:37+00:00</time>
      </trkpt>
      <trkpt lat="50.44565" lon="6.06708">
        <ele>477</ele>
        <time>2024-09-26T16:41:40+00:00</time>
      </trkpt>
      <trkpt lat="50.44575" lon="6.06738">
        <ele>477</ele>
        <time>2024-09-26T16:41:43+00:00</time>
      </trkpt>
      <trkpt lat="50.44585" lon="6.06768">
        <ele>478</ele>
        <time>2024-09-26T16:41:46+00:00</time>
      </trkpt>
      <trkpt lat="50.44583" lon="6.0682">
        <ele>476</ele>
        <time>2024-09-26T16:41:49+00:00</time>
      </trkpt>
      <trkpt lat="50.44581" lon="6.06872">
        <ele>475</ele>
        <time>2024-09-26T16:41:52+00:00</time>
      </trkpt>
      <trkpt lat="50.44579" lon="6.06924">
        <ele>460</ele>
        <time>2024-09-26T16:41:55+00:00</time>
      </trkpt>
      <trkpt lat="50.44576" lon="6.06998">
        <ele>448</ele>
        <time>2024-09-26T16:41:58+00:00</time>
      </trkpt>
      <trkpt lat="50.44576" lon="6.0706">
        <ele>439</ele>
        <time>2024-09-26T16:42:01+00:00</time>
      </trkpt>
      <trkpt lat="50.4458" lon="6.07102">
        <ele>430</ele>
        <time>2024-09-26T16:42:04+00:00</time>
      </trkpt>
      <trkpt lat="50.44585" lon="6.0717">
        <ele>416</ele>
        <time>2024-09-26T16:42:07+00:00</time>
      </trkpt>
      <trkpt lat="50.44591" lon="6.07213">
        <ele>411</ele>
        <time>2024-09-26T16:42:10+00:00</time>
      </trkpt>
      <trkpt lat="50.446" lon="6.07294">
        <ele>386</ele>
        <time>2024-09-26T16:42:13+00:00</time>
      </trkpt>
      <trkpt lat="50.44584" lon="6.07307">
        <ele>383</ele>
        <time>2024-09-26T16:42:16+00:00</time>
      </trkpt>
      <trkpt lat="50.44567" lon="6.07285">
        <ele>381</ele>
        <time>2024-09-26T16:42:19+00:00</time>
      </trkpt>
      <trkpt lat="50.44551" lon="6.07262">
        <ele>380</ele>
        <time>2024-09-26T16:42:22+00:00</time>
      </trkpt>
      <trkpt lat="50.44539" lon="6.07228">
        <ele>380</ele>
        <time>2024-09-26T16:42:25+00:00</time>
      </trkpt>
      <trkpt lat="50.4452" lon="6.07179">
        <ele>380</ele>
        <time>2024-09-26T16:42:28+00:00</time>
      </trkpt>
      <trkpt lat="50.44508" lon="6.07126">
        <ele>380</ele>
        <time>2024-09-26T16:42:31+00:00</time>
      </trkpt>
      <trkpt lat="50.44496" lon="6.07073">
        <ele>388</ele>
        <time>2024-09-26T16:42:34+00:00</time>
      </trkpt>
      <trkpt lat="50.44484" lon="6.0702">
        <ele>392</ele>
        <time>2024-09-26T16:42:37+00:00</time>
      </trkpt>
      <trkpt lat="50.44472" lon="6.06967">
        <ele>392</ele>
        <time>2024-09-26T16:42:40+00:00</time>
      </trkpt>
      <trkpt lat="50.4446" lon="6.06915">
        <ele>392</ele>
        <time>2024-09-26T16:42:43+00:00</time>
      </trkpt>
      <trkpt lat="50.44447" lon="6.06862">
        <ele>398</ele>
        <time>2024-09-26T16:42:46+00:00</time>
      </trkpt>
      <trkpt lat="50.44447" lon="6.06817">
        <ele>398</ele>
        <time>2024-09-26T16:42:49+00:00</time>
      </trkpt>
      <trkpt lat="50.44447" lon="6.06731">
        <ele>408</ele>
        <time>2024-09-26T16:42:52+00:00</time>
      </trkpt>
      <trkpt lat="50.44436" lon="6.06682">
        <ele>408</ele>
        <time>2024-09-26T16:42:55+00:00</time>
      </trkpt>
      <trkpt lat="50.44456" lon="6.06649">
        <ele>408</ele>
        <time>2024-09-26T16:42:58+00:00</time>
      </trkpt>
      <trkpt lat="50.44433" lon="6.06658">
        <ele>408</ele>
        <time>2024-09-26T16:43:01+00:00</time>
      </trkpt>
      <trkpt lat="50.44403" lon="6.0667">
        <ele>395</ele>
        <time>2024-09-26T16:43:04+00:00</time>
      </trkpt>
      <trkpt lat="50.44382" lon="6.06646">
        <ele>388</ele>
        <time>2024-09-26T16:43:07+00:00</time>
      </trkpt>
      <trkpt lat="50.44362" lon="6.06662">
        <ele>384</ele>
        <time>2024-09-26T16:43:10+00:00</time>
      </trkpt>
      <trkpt lat="50.44341" lon="6.06668">
        <ele>381</ele>
        <time>2024-09-26T16:43:13+00:00</time>
      </trkpt>
      <trkpt lat="50.44304" lon="6.0669">
        <ele>377</ele>
        <time>2024-09-26T16:43:16+00:00</time>
      </trkpt>
      <trkpt lat="50.44275" lon="6.06727">
        <ele>376</ele>
        <time>2024-09-26T16:43:19+00:00</time>
      </trkpt>
      <trkpt lat="50.44255" lon="6.06719">
        <ele>375</ele>
        <time>2024-09-26T16:43:22+00:00</time>
      </trkpt>
      <trkpt lat="50.44267" lon="6.06767">
        <ele>374</ele>
        <time>2024-09-26T16:43:25+00:00</time>
      </trkpt>
      <trkpt lat="50.44265" lon="6.06798">
        <ele>374</ele>
        <time>2024-09-26T16:43:28+00:00</time>
      </trkpt>
      <trkpt lat="50.44279" lon="6.06848">
        <ele>396</ele>
        <time>2024-09-26T16:43:31+00:00</time>
      </trkpt>
      <trkpt lat="50.44289" lon="6.06883">
        <ele>398</ele>
        <time>2024-09-26T16:43:34+00:00</time>
      </trkpt>
      <trkpt lat="50.44305" lon="6.06936">
        <ele>399</ele>
        <time>2024-09-26T16:43:37+00:00</time>
      </trkpt>
      <trkpt lat="50.44318" lon="6.06973">
        <ele>405</ele>
        <time>2024-09-26T16:43:40+00:00</time>
      </trkpt>
      <trkpt lat="50.44326" lon="6.07001">
        <ele>413</ele>
        <time>2024-09-26T16:43:43+00:00</time>
      </trkpt>
      <trkpt lat="50.44351" lon="6.0704">
        <ele>417</ele>
        <time>2024-09-26T16:43:46+00:00</time>
      </trkpt>
      <trkpt lat="50.44352" lon="6.071">
        <ele>433</ele>
        <time>2024-09-26T16:43:49+00:00</time>
      </trkpt>
      <trkpt lat="50.44323" lon="6.07137">
        <ele>451</ele>
        <time>2024-09-26T16:43:52+00:00</time>
      </trkpt>
      <trkpt lat="50.44286" lon="6.07159">
        <ele>468</ele>
        <time>2024-09-26T16:43:55+00:00</time>
      </trkpt>
      <trkpt lat="50.44271" lon="6.07209">
        <ele>476</ele>
        <time>2024-09-26T16:43:58+00:00</time>
      </trkpt>
      <trkpt lat="50.44279" lon="6.07243">
        <ele>478</ele>
        <time>2024-09-26T16:44:01+00:00</time>
      </trkpt>
      <trkpt lat="50.44289" lon="6.07286">
        <ele>480</ele>
        <time>2024-09-26T16:44:04+00:00</time>
      </trkpt>
      <trkpt lat="50.44294" lon="6.07289">
        <ele>479</ele>
        <time>2024-09-26T16:44:07+00:00</time>
      </trkpt>
      <trkpt lat="50.44303" lon="6.07297">
        <ele>479</ele>
        <time>2024-09-26T16:44:10+00:00</time>
      </trkpt>
      <trkpt lat="50.44309" lon="6.07304">
        <ele>480</ele>
        <time>2024-09-26T16:44:13+00:00</time>
      </trkpt>
      <trkpt lat="50.44313" lon="6.07311">
        <ele>480</ele>
        <time>2024-09-26T16:44:16+00:00</time>
      </trkpt>
      <trkpt lat="50.44316" lon="6.07324">
        <ele>481</ele>
        <time>2024-09-26T16:44:19+00:00</time>
      </trkpt>
      <trkpt lat="50.44316" lon="6.07339">
        <ele>483</ele>
        <time>2024-09-26T16:44:22+00:00</time>
      </trkpt>
      <trkpt lat="50.44318" lon="6.07357">
        <ele>485</ele>
        <time>2024-09-26T16:44:25+00:00</time>
      </trkpt>
      <trkpt lat="50.44317" lon="6.0737">
        <ele>488</ele>
        <time>2024-09-26T16:44:28+00:00</time>
      </trkpt>
      <trkpt lat="50.44316" lon="6.07378">
        <ele>488</ele>
        <time>2024-09-26T16:44:31+00:00</time>
      </trkpt>
      <trkpt lat="50.44315" lon="6.07389">
        <ele>489</ele>
        <time>2024-09-26T16:44:34+00:00</time>
      </trkpt>
      <trkpt lat="50.44316" lon="6.07392">
        <ele>491</ele>
        <time>2024-09-26T16:44:37+00:00</time>
      </trkpt>
      <trkpt lat="50.44323" lon="6.074">
        <ele>492</ele>
        <time>2024-09-26T16:44:40+00:00</time>
      </trkpt>
      <trkpt lat="50.44324" lon="6.07404">
        <ele>492</ele>
        <time>2024-09-26T16:44:43+00:00</time>
      </trkpt>
      <trkpt lat="50.44325" lon="6.07425">
        <ele>494</ele>
        <time>2024-09-26T16:44:46+00:00</time>
      </trkpt>
      <trkpt lat="50.44324" lon="6.07452">
        <ele>497</ele>
        <time>2024-09-26T16:44:49+00:00</time>
      </trkpt>
      <trkpt lat="50.44326" lon="6.07471">
        <ele>499</ele>
        <time>2024-09-26T16:44:52+00:00</time>
      </trkpt>
      <trkpt lat="50.44311" lon="6.07496">
        <ele>499</ele>
        <time>2024-09-26T16:44:55+00:00</time>
      </trkpt>
      <trkpt lat="50.44301" lon="6.07516">
        <ele>500</ele>
        <time>2024-09-26T16:44:58+00:00</time>
      </trkpt>
      <trkpt lat="50.44296" lon="6.07538">
        <ele>501</ele>
        <time>2024-09-26T16:45:01+00:00</time>
      </trkpt>
      <trkpt lat="50.44296" lon="6.07556">
        <ele>502</ele>
        <time>2024-09-26T16:45:04+00:00</time>
      </trkpt>
      <trkpt lat="50.44304" lon="6.07575">
        <ele>504</ele>
        <time>2024-09-26T16:45:07+00:00</time>
      </trkpt>
      <trkpt lat="50.44313" lon="6.07589">
        <ele>506</ele>
        <time>2024-09-26T16:45:10+00:00</time>
      </trkpt>
      <trkpt lat="50.44319" lon="6.0761">
        <ele>505</ele>
        <time>2024-09-26T16:45:13+00:00</time>
      </trkpt>
      <trkpt lat="50.44324" lon="6.07623">
        <ele>508</ele>
        <time>2024-09-26T16:45:16+00:00</time>
      </trkpt>
      <trkpt lat="50.44355" lon="6.07635">
        <ele>513</ele>
        <time>2024-09-26T16:45:19+00:00</time>
      </trkpt>
      <trkpt lat="50.44369" lon="6.07648">
        <ele>513</ele>
        <time>2024-09-26T16:45:22+00:00</time>
      </trkpt>
      <trkpt lat="50.44377" lon="6.07668">
        <ele>513</ele>
        <time>2024-09-26T16:45:25+00:00</time>
      </trkpt>
      <trkpt lat="50.44395" lon="6.07687">
        <ele>511</ele>
        <time>2024-09-26T16:45:28+00:00</time>
      </trkpt>
      <trkpt lat="50.44416" lon="6.07708">
        <ele>509</ele>
        <time>2024-09-26T16:45:31+00:00</time>
      </trkpt>
      <trkpt lat="50.44444" lon="6.07701">
        <ele>509</ele>
        <time>2024-09-26T16:45:34+00:00</time>
      </trkpt>
      <trkpt lat="50.44454" lon="6.07684">
        <ele>510</ele>
        <time>2024-09-26T16:45:37+00:00</time>
      </trkpt>
      <trkpt lat="50.44461" lon="6.0768">
        <ele>505</ele>
        <time>2024-09-26T16:45:40+00:00</time>
      </trkpt>
      <trkpt lat="50.44468" lon="6.07677">
        <ele>508</ele>
        <time>2024-09-26T16:45:43+00:00</time>
      </trkpt>
      <trkpt lat="50.44476" lon="6.07678">
        <ele>503</ele>
        <time>2024-09-26T16:45:46+00:00</time>
      </trkpt>
      <trkpt lat="50.44485" lon="6.07682">
        <ele>499</ele>
        <time>2024-09-26T16:45:49+00:00</time>
      </trkpt>
      <trkpt lat="50.44502" lon="6.07684">
        <ele>496</ele>
        <time>2024-09-26T16:45:52+00:00</time>
      </trkpt>
      <trkpt lat="50.44514" lon="6.0768">
        <ele>495</ele>
        <time>2024-09-26T16:45:55+00:00</time>
      </trkpt>
      <trkpt lat="50.44522" lon="6.07682">
        <ele>492</ele>
        <time>2024-09-26T16:45:58+00:00</time>
      </trkpt>
      <trkpt lat="50.44531" lon="6.07679">
        <ele>491</ele>
        <time>2024-09-26T16:46:01+00:00</time>
      </trkpt>
      <trkpt lat="50.44538" lon="6.07677">
        <ele>491</ele>
        <time>2024-09-26T16:46:04+00:00</time>
      </trkpt>
      <trkpt lat="50.44544" lon="6.07675">
        <ele>492</ele>
        <time>2024-09-26T16:46:07+00:00</time>
      </trkpt>
      <trkpt lat="50.44555" lon="6.07672">
        <ele>492</ele>
        <time>2024-09-26T16:46:10+00:00</time>
      </trkpt>
      <trkpt lat="50.44568" lon="6.07688">
        <ele>491</ele>
        <time>2024-09-26T16:46:13+00:00</time>
      </trkpt>
      <trkpt lat="50.44571" lon="6.07695">
        <ele>492</ele>
        <time>2024-09-26T16:46:16+00:00</time>
      </trkpt>
      <trkpt lat="50.44574" lon="6.07706">
        <ele>491</ele>
        <time>2024-09-26T16:46:19+00:00</time>
      </trkpt>
      <trkpt lat="50.44576" lon="6.07713">
        <ele>490</ele>
        <time>2024-09-26T16:46:22+00:00</time>
      </trkpt>
      <trkpt lat="50.44579" lon="6.07718">
        <ele>490</ele>
        <time>2024-09-26T16:46:25+00:00</time>
      </trkpt>
      <trkpt lat="50.44585" lon="6.07731">
        <ele>486</ele>
        <time>2024-09-26T16:46:28+00:00</time>
      </trkpt>
      <trkpt lat="50.44592" lon="6.07737">
        <ele>486</ele>
        <time>2024-09-26T16:46:31+00:00</time>
      </trkpt>
      <trkpt lat="50.44606" lon="6.07749">
        <ele>488</ele>
        <time>2024-09-26T16:46:34+00:00</time>
      </trkpt>
      <trkpt lat="50.44618" lon="6.0776">
        <ele>489</ele>
        <time>2024-09-26T16:46:37+00:00</time>
      </trkpt>
      <trkpt lat="50.44628" lon="6.07766">
        <ele>485</ele>
        <time>2024-09-26T16:46:40+00:00</time>
      </trkpt>
      <trkpt lat="50.44645" lon="6.07751">
        <ele>493</ele>
        <time>2024-09-26T16:46:43+00:00</time>
      </trkpt>
      <trkpt lat="50.44656" lon="6.07743">
        <ele>498</ele>
        <time>2024-09-26T16:46:46+00:00</time>
      </trkpt>
      <trkpt lat="50.44661" lon="6.07738">
        <ele>501</ele>
        <time>2024-09-26T16:46:49+00:00</time>
      </trkpt>
      <trkpt lat="50.44666" lon="6.07741">
        <ele>500</ele>
        <time>2024-09-26T16:46:52+00:00</time>
      </trkpt>
      <trkpt lat="50.44671" lon="6.07742">
        <ele>501</ele>
        <time>2024-09-26T16:46:55+00:00</time>
      </trkpt>
      <trkpt lat="50.4468" lon="6.07744">
        <ele>501</ele>
        <time>2024-09-26T16:46:58+00:00</time>
      </trkpt>
      <trkpt lat="50.44688" lon="6.07741">
        <ele>501</ele>
        <time>2024-09-26T16:47:01+00:00</time>
      </trkpt>
      <trkpt lat="50.44698" lon="6.07736">
        <ele>500</ele>
        <time>2024-09-26T16:47:04+00:00</time>
      </trkpt>
      <trkpt lat="50.44708" lon="6.07731">
        <ele>499</ele>
        <time>2024-09-26T16:47:07+00:00</time>
      </trkpt>
      <trkpt lat="50.44719" lon="6.07727">
        <ele>496</ele>
        <time>2024-09-26T16:47:10+00:00</time>
      </trkpt>
      <trkpt lat="50.44729" lon="6.07725">
        <ele>495</ele>
        <time>2024-09-26T16:47:13+00:00</time>
      </trkpt>
      <trkpt lat="50.44747" lon="6.07725">
        <ele>495</ele>
        <time>2024-09-26T16:47:16+00:00</time>
      </trkpt>
      <trkpt lat="50.44764" lon="6.07739">
        <ele>495</ele>
        <time>2024-09-26T16:47:19+00:00</time>
      </trkpt>
      <trkpt lat="50.44772" lon="6.07756">
        <ele>501</ele>
        <time>2024-09-26T16:47:22+00:00</time>
      </trkpt>
      <trkpt lat="50.44778" lon="6.07787">
        <ele>507</ele>
        <time>2024-09-26T16:47:25+00:00</time>
      </trkpt>
      <trkpt lat="50.44777" lon="6.07814">
        <ele>506</ele>
        <time>2024-09-26T16:47:28+00:00</time>
      </trkpt>
      <trkpt lat="50.4478" lon="6.07843">
        <ele>505</ele>
        <time>2024-09-26T16:47:31+00:00</time>
      </trkpt>
      <trkpt lat="50.44779" lon="6.07879">
        <ele>504</ele>
        <time>2024-09-26T16:47:34+00:00</time>
      </trkpt>
      <trkpt lat="50.44784" lon="6.07927">
        <ele>498</ele>
        <time>2024-09-26T16:47:37+00:00</time>
      </trkpt>
      <trkpt lat="50.44791" lon="6.07955">
        <ele>495</ele>
        <time>2024-09-26T16:47:40+00:00</time>
      </trkpt>
      <trkpt lat="50.44792" lon="6.0798">
        <ele>493</ele>
        <time>2024-09-26T16:47:43+00:00</time>
      </trkpt>
      <trkpt lat="50.44798" lon="6.07998">
        <ele>490</ele>
        <time>2024-09-26T16:47:46+00:00</time>
      </trkpt>
      <trkpt lat="50.44798" lon="6.0801">
        <ele>490</ele>
        <time>2024-09-26T16:47:49+00:00</time>
      </trkpt>
      <trkpt lat="50.44796" lon="6.08034">
        <ele>489</ele>
        <time>2024-09-26T16:47:52+00:00</time>
      </trkpt>
      <trkpt lat="50.44793" lon="6.08053">
        <ele>490</ele>
        <time>2024-09-26T16:47:55+00:00</time>
      </trkpt>
      <trkpt lat="50.44806" lon="6.08096">
        <ele>489</ele>
        <time>2024-09-26T16:47:58+00:00</time>
      </trkpt>
      <trkpt lat="50.44807" lon="6.08102">
        <ele>488</ele>
        <time>2024-09-26T16:48:01+00:00</time>
      </trkpt>
      <trkpt lat="50.44808" lon="6.08114">
        <ele>484</ele>
        <time>2024-09-26T16:48:04+00:00</time>
      </trkpt>
      <trkpt lat="50.44805" lon="6.08124">
        <ele>479</ele>
        <time>2024-09-26T16:48:07+00:00</time>
      </trkpt>
      <trkpt lat="50.44803" lon="6.08129">
        <ele>479</ele>
        <time>2024-09-26T16:48:10+00:00</time>
      </trkpt>
      <trkpt lat="50.44791" lon="6.08155">
        <ele>478</ele>
        <time>2024-09-26T16:48:13+00:00</time>
      </trkpt>
      <trkpt lat="50.44783" lon="6.08169">
        <ele>478</ele>
        <time>2024-09-26T16:48:16+00:00</time>
      </trkpt>
      <trkpt lat="50.44771" lon="6.0818">
        <ele>477</ele>
        <time>2024-09-26T16:48:19+00:00</time>
      </trkpt>
      <trkpt lat="50.44755" lon="6.08192">
        <ele>472</ele>
        <time>2024-09-26T16:48:22+00:00</time>
      </trkpt>
      <trkpt lat="50.44733" lon="6.08207">
        <ele>470</ele>
        <time>2024-09-26T16:48:25+00:00</time>
      </trkpt>
      <trkpt lat="50.44726" lon="6.08213">
        <ele>468</ele>
        <time>2024-09-26T16:48:28+00:00</time>
      </trkpt>
      <trkpt lat="50.44721" lon="6.0822">
        <ele>468</ele>
        <time>2024-09-26T16:48:31+00:00</time>
      </trkpt>
      <trkpt lat="50.44716" lon="6.08228">
        <ele>468</ele>
        <time>2024-09-26T16:48:34+00:00</time>
      </trkpt>
      <trkpt lat="50.44708" lon="6.08246">
        <ele>465</ele>
        <time>2024-09-26T16:48:37+00:00</time>
      </trkpt>
      <trkpt lat="50.44704" lon="6.0826">
        <ele>460</ele>
        <time>2024-09-26T16:48:40+00:00</time>
      </trkpt>
      <trkpt lat="50.44704" lon="6.08275">
        <ele>458</ele>
        <time>2024-09-26T16:48:43+00:00</time>
      </trkpt>
      <trkpt lat="50.44705" lon="6.08279">
        <ele>458</ele>
        <time>2024-09-26T16:48:46+00:00</time>
      </trkpt>
      <trkpt lat="50.44712" lon="6.08294">
        <ele>460</ele>
        <time>2024-09-26T16:48:49+00:00</time>
      </trkpt>
      <trkpt lat="50.44717" lon="6.083">
        <ele>460</ele>
        <time>2024-09-26T16:48:52+00:00</time>
      </trkpt>
      <trkpt lat="50.44721" lon="6.08306">
        <ele>461</ele>
        <time>2024-09-26T16:48:55+00:00</time>
      </trkpt>
      <trkpt lat="50.44735" lon="6.0833">
        <ele>461</ele>
        <time>2024-09-26T16:48:58+00:00</time>
      </trkpt>
      <trkpt lat="50.44738" lon="6.08339">
        <ele>465</ele>
        <time>2024-09-26T16:49:01+00:00</time>
      </trkpt>
      <trkpt lat="50.4474" lon="6.08346">
        <ele>469</ele>
        <time>2024-09-26T16:49:04+00:00</time>
      </trkpt>
      <trkpt lat="50.44741" lon="6.08358">
        <ele>462</ele>
        <time>2024-09-26T16:49:07+00:00</time>
      </trkpt>
      <trkpt lat="50.44738" lon="6.08391">
        <ele>467</ele>
        <time>2024-09-26T16:49:10+00:00</time>
      </trkpt>
      <trkpt lat="50.44748" lon="6.0844">
        <ele>468</ele>
        <time>2024-09-26T16:49:13+00:00</time>
      </trkpt>
      <trkpt lat="50.44755" lon="6.08479">
        <ele>466</ele>
        <time>2024-09-26T16:49:16+00:00</time>
      </trkpt>
      <trkpt lat="50.44767" lon="6.08533">
        <ele>465</ele>
        <time>2024-09-26T16:49:19+00:00</time>
      </trkpt>
      <trkpt lat="50.44772" lon="6.08573">
        <ele>461</ele>
        <time>2024-09-26T16:49:22+00:00</time>
      </trkpt>
      <trkpt lat="50.44777" lon="6.08601">
        <ele>460</ele>
        <time>2024-09-26T16:49:25+00:00</time>
      </trkpt>
      <trkpt lat="50.44778" lon="6.0863">
        <ele>458</ele>
        <time>2024-09-26T16:49:28+00:00</time>
      </trkpt>
      <trkpt lat="50.4478" lon="6.08646">
        <ele>452</ele>
        <time>2024-09-26T16:49:31+00:00</time>
      </trkpt>
      <trkpt lat="50.4478" lon="6.08656">
        <ele>452</ele>
        <time>2024-09-26T16:49:34+00:00</time>
      </trkpt>
      <trkpt lat="50.44783" lon="6.0869">
        <ele>458</ele>
        <time>2024-09-26T16:49:37+00:00</time>
      </trkpt>
      <trkpt lat="50.44789" lon="6.08698">
        <ele>460</ele>
        <time>2024-09-26T16:49:40+00:00</time>
      </trkpt>
      <trkpt lat="50.44798" lon="6.08709">
        <ele>455</ele>
        <time>2024-09-26T16:49:43+00:00</time>
      </trkpt>
      <trkpt lat="50.44809" lon="6.08722">
        <ele>454</ele>
        <time>2024-09-26T16:49:46+00:00</time>
      </trkpt>
      <trkpt lat="50.44816" lon="6.08741">
        <ele>455</ele>
        <time>2024-09-26T16:49:49+00:00</time>
      </trkpt>
      <trkpt lat="50.44822" lon="6.08761">
        <ele>451</ele>
        <time>2024-09-26T16:49:52+00:00</time>
      </trkpt>
      <trkpt lat="50.44822" lon="6.08779">
        <ele>459</ele>
        <time>2024-09-26T16:49:55+00:00</time>
      </trkpt>
      <trkpt lat="50.44822" lon="6.08794">
        <ele>460</ele>
        <time>2024-09-26T16:49:58+00:00</time>
      </trkpt>
      <trkpt lat="50.44823" lon="6.08806">
        <ele>458</ele>
        <time>2024-09-26T16:50:01+00:00</time>
      </trkpt>
      <trkpt lat="50.44832" lon="6.08825">
        <ele>465</ele>
        <time>2024-09-26T16:50:04+00:00</time>
      </trkpt>
      <trkpt lat="50.44847" lon="6.08827">
        <ele>458</ele>
        <time>2024-09-26T16:50:07+00:00</time>
      </trkpt>
      <trkpt lat="50.44867" lon="6.08826">
        <ele>446</ele>
        <time>2024-09-26T16:50:10+00:00</time>
      </trkpt>
      <trkpt lat="50.44878" lon="6.0883">
        <ele>445</ele>
        <time>2024-09-26T16:50:13+00:00</time>
      </trkpt>
      <trkpt lat="50.4489" lon="6.08838">
        <ele>451</ele>
        <time>2024-09-26T16:50:16+00:00</time>
      </trkpt>
      <trkpt lat="50.44898" lon="6.08845">
        <ele>454</ele>
        <time>2024-09-26T16:50:19+00:00</time>
      </trkpt>
      <trkpt lat="50.44908" lon="6.08859">
        <ele>456</ele>
        <time>2024-09-26T16:50:22+00:00</time>
      </trkpt>
      <trkpt lat="50.44915" lon="6.08877">
        <ele>463</ele>
        <time>2024-09-26T16:50:25+00:00</time>
      </trkpt>
      <trkpt lat="50.44922" lon="6.08896">
        <ele>469</ele>
        <time>2024-09-26T16:50:28+00:00</time>
      </trkpt>
      <trkpt lat="50.4493" lon="6.08914">
        <ele>477</ele>
        <time>2024-09-26T16:50:31+00:00</time>
      </trkpt>
      <trkpt lat="50.44931" lon="6.08925">
        <ele>475</ele>
        <time>2024-09-26T16:50:34+00:00</time>
      </trkpt>
      <trkpt lat="50.44933" lon="6.0893">
        <ele>476</ele>
        <time>2024-09-26T16:50:37+00:00</time>
      </trkpt>
      <trkpt lat="50.4493" lon="6.08944">
        <ele>477</ele>
        <time>2024-09-26T16:50:40+00:00</time>
      </trkpt>
      <trkpt lat="50.44927" lon="6.08956">
        <ele>479</ele>
        <time>2024-09-26T16:50:43+00:00</time>
      </trkpt>
      <trkpt lat="50.44926" lon="6.0897">
        <ele>485</ele>
        <time>2024-09-26T16:50:46+00:00</time>
      </trkpt>
      <trkpt lat="50.44924" lon="6.08984">
        <ele>480</ele>
        <time>2024-09-26T16:50:49+00:00</time>
      </trkpt>
      <trkpt lat="50.44924" lon="6.09005">
        <ele>482</ele>
        <time>2024-09-26T16:50:52+00:00</time>
      </trkpt>
      <trkpt lat="50.44923" lon="6.09016">
        <ele>481</ele>
        <time>2024-09-26T16:50:55+00:00</time>
      </trkpt>
      <trkpt lat="50.44923" lon="6.09025">
        <ele>480</ele>
        <time>2024-09-26T16:50:58+00:00</time>
      </trkpt>
      <trkpt lat="50.44923" lon="6.0904">
        <ele>481</ele>
        <time>2024-09-26T16:51:01+00:00</time>
      </trkpt>
      <trkpt lat="50.44923" lon="6.09055">
        <ele>483</ele>
        <time>2024-09-26T16:51:04+00:00</time>
      </trkpt>
      <trkpt lat="50.44922" lon="6.0907">
        <ele>491</ele>
        <time>2024-09-26T16:51:07+00:00</time>
      </trkpt>
      <trkpt lat="50.44924" lon="6.09091">
        <ele>499</ele>
        <time>2024-09-26T16:51:10+00:00</time>
      </trkpt>
      <trkpt lat="50.44926" lon="6.09101">
        <ele>502</ele>
        <time>2024-09-26T16:51:13+00:00</time>
      </trkpt>
      <trkpt lat="50.44928" lon="6.09114">
        <ele>507</ele>
        <time>2024-09-26T16:51:16+00:00</time>
      </trkpt>
      <trkpt lat="50.44933" lon="6.0913">
        <ele>501</ele>
        <time>2024-09-26T16:51:19+00:00</time>
      </trkpt>
      <trkpt lat="50.44937" lon="6.09136">
        <ele>507</ele>
        <time>2024-09-26T16:51:22+00:00</time>
      </trkpt>
      <trkpt lat="50.44939" lon="6.09144">
        <ele>510</ele>
        <time>2024-09-26T16:51:25+00:00</time>
      </trkpt>
      <trkpt lat="50.44946" lon="6.09153">
        <ele>501</ele>
        <time>2024-09-26T16:51:28+00:00</time>
      </trkpt>
      <trkpt lat="50.44954" lon="6.0916">
        <ele>500</ele>
        <time>2024-09-26T16:51:31+00:00</time>
      </trkpt>
      <trkpt lat="50.44959" lon="6.09167">
        <ele>500</ele>
        <time>2024-09-26T16:51:34+00:00</time>
      </trkpt>
      <trkpt lat="50.44967" lon="6.09176">
        <ele>501</ele>
        <time>2024-09-26T16:51:37+00:00</time>
      </trkpt>
      <trkpt lat="50.44976" lon="6.09188">
        <ele>502</ele>
        <time>2024-09-26T16:51:40+00:00</time>
      </trkpt>
      <trkpt lat="50.44988" lon="6.09201">
        <ele>504</ele>
        <time>2024-09-26T16:51:43+00:00</time>
      </trkpt>
      <trkpt lat="50.44995" lon="6.09209">
        <ele>508</ele>
        <time>2024-09-26T16:51:46+00:00</time>
      </trkpt>
      <trkpt lat="50.45005" lon="6.09219">
        <ele>508</ele>
        <time>2024-09-26T16:51:49+00:00</time>
      </trkpt>
      <trkpt lat="50.45019" lon="6.09233">
        <ele>516</ele>
        <time>2024-09-26T16:51:52+00:00</time>
      </trkpt>
      <trkpt lat="50.45032" lon="6.09242">
        <ele>510</ele>
        <time>2024-09-26T16:51:55+00:00</time>
      </trkpt>
      <trkpt lat="50.45044" lon="6.0924">
        <ele>511</ele>
        <time>2024-09-26T16:51:58+00:00</time>
      </trkpt>
      <trkpt lat="50.45059" lon="6.09249">
        <ele>512</ele>
        <time>2024-09-26T16:52:01+00:00</time>
      </trkpt>
      <trkpt lat="50.45084" lon="6.09261">
        <ele>518</ele>
        <time>2024-09-26T16:52:04+00:00</time>
      </trkpt>
      <trkpt lat="50.45113" lon="6.09267">
        <ele>518</ele>
        <time>2024-09-26T16:52:07+00:00</time>
      </trkpt>
      <trkpt lat="50.45131" lon="6.0927">
        <ele>518</ele>
        <time>2024-09-26T16:52:10+00:00</time>
      </trkpt>
      <trkpt lat="50.45146" lon="6.09263">
        <ele>521</ele>
        <time>2024-09-26T16:52:13+00:00</time>
      </trkpt>
      <trkpt lat="50.45164" lon="6.09252">
        <ele>522</ele>
        <time>2024-09-26T16:52:16+00:00</time>
      </trkpt>
      <trkpt lat="50.45176" lon="6.09253">
        <ele>525</ele>
        <time>2024-09-26T16:52:19+00:00</time>
      </trkpt>
      <trkpt lat="50.45183" lon="6.09256">
        <ele>522</ele>
        <time>2024-09-26T16:52:22+00:00</time>
      </trkpt>
      <trkpt lat="50.45194" lon="6.09264">
        <ele>524</ele>
        <time>2024-09-26T16:52:25+00:00</time>
      </trkpt>
      <trkpt lat="50.45202" lon="6.09271">
        <ele>527</ele>
        <time>2024-09-26T16:52:28+00:00</time>
      </trkpt>
      <trkpt lat="50.45209" lon="6.09279">
        <ele>527</ele>
        <time>2024-09-26T16:52:31+00:00</time>
      </trkpt>
      <trkpt lat="50.45217" lon="6.09283">
        <ele>527</ele>
        <time>2024-09-26T16:52:34+00:00</time>
      </trkpt>
      <trkpt lat="50.45236" lon="6.09294">
        <ele>527</ele>
        <time>2024-09-26T16:52:37+00:00</time>
      </trkpt>
      <trkpt lat="50.45258" lon="6.09301">
        <ele>523</ele>
        <time>2024-09-26T16:52:40+00:00</time>
      </trkpt>
      <trkpt lat="50.45271" lon="6.09301">
        <ele>516</ele>
        <time>2024-09-26T16:52:43+00:00</time>
      </trkpt>
      <trkpt lat="50.4528" lon="6.09305">
        <ele>520</ele>
        <time>2024-09-26T16:52:46+00:00</time>
      </trkpt>
      <trkpt lat="50.45283" lon="6.09322">
        <ele>516</ele>
        <time>2024-09-26T16:52:49+00:00</time>
      </trkpt>
      <trkpt lat="50.45284" lon="6.09331">
        <ele>517</ele>
        <time>2024-09-26T16:52:52+00:00</time>
      </trkpt>
      <trkpt lat="50.45283" lon="6.09337">
        <ele>519</ele>
        <time>2024-09-26T16:52:55+00:00</time>
      </trkpt>
      <trkpt lat="50.45284" lon="6.09359">
        <ele>518</ele>
        <time>2024-09-26T16:52:58+00:00</time>
      </trkpt>
      <trkpt lat="50.45291" lon="6.09372">
        <ele>518</ele>
        <time>2024-09-26T16:53:01+00:00</time>
      </trkpt>
      <trkpt lat="50.45297" lon="6.09381">
        <ele>518</ele>
        <time>2024-09-26T16:53:04+00:00</time>
      </trkpt>
      <trkpt lat="50.45301" lon="6.0939">
        <ele>517</ele>
        <time>2024-09-26T16:53:07+00:00</time>
      </trkpt>
      <trkpt lat="50.45311" lon="6.09404">
        <ele>517</ele>
        <time>2024-09-26T16:53:10+00:00</time>
      </trkpt>
      <trkpt lat="50.45315" lon="6.09408">
        <ele>517</ele>
        <time>2024-09-26T16:53:13+00:00</time>
      </trkpt>
      <trkpt lat="50.45324" lon="6.09422">
        <ele>515</ele>
        <time>2024-09-26T16:53:16+00:00</time>
      </trkpt>
      <trkpt lat="50.45331" lon="6.09469">
        <ele>514</ele>
        <time>2024-09-26T16:53:19+00:00</time>
      </trkpt>
      <trkpt lat="50.45336" lon="6.09482">
        <ele>514</ele>
        <time>2024-09-26T16:53:22+00:00</time>
      </trkpt>
      <trkpt lat="50.45348" lon="6.09501">
        <ele>513</ele>
        <time>2024-09-26T16:53:25+00:00</time>
      </trkpt>
      <trkpt lat="50.45358" lon="6.09511">
        <ele>511</ele>
        <time>2024-09-26T16:53:28+00:00</time>
      </trkpt>
      <trkpt lat="50.45367" lon="6.09512">
        <ele>509</ele>
        <time>2024-09-26T16:53:31+00:00</time>
      </trkpt>
      <trkpt lat="50.45376" lon="6.09512">
        <ele>506</ele>
        <time>2024-09-26T16:53:34+00:00</time>
      </trkpt>
      <trkpt lat="50.45379" lon="6.09517">
        <ele>506</ele>
        <time>2024-09-26T16:53:37+00:00</time>
      </trkpt>
      <trkpt lat="50.45382" lon="6.09526">
        <ele>503</ele>
        <time>2024-09-26T16:53:40+00:00</time>
      </trkpt>
      <trkpt lat="50.45383" lon="6.09529">
        <ele>503</ele>
        <time>2024-09-26T16:53:43+00:00</time>
      </trkpt>
      <trkpt lat="50.45389" lon="6.09536">
        <ele>503</ele>
        <time>2024-09-26T16:53:46+00:00</time>
      </trkpt>
      <trkpt lat="50.45393" lon="6.09539">
        <ele>500</ele>
        <time>2024-09-26T16:53:49+00:00</time>
      </trkpt>
      <trkpt lat="50.45396" lon="6.09544">
        <ele>500</ele>
        <time>2024-09-26T16:53:52+00:00</time>
      </trkpt>
      <trkpt lat="50.45398" lon="6.09566">
        <ele>499</ele>
        <time>2024-09-26T16:53:55+00:00</time>
      </trkpt>
      <trkpt lat="50.45403" lon="6.09594">
        <ele>495</ele>
        <time>2024-09-26T16:53:58+00:00</time>
      </trkpt>
      <trkpt lat="50.45404" lon="6.09604">
        <ele>494</ele>
        <time>2024-09-26T16:54:01+00:00</time>
      </trkpt>
      <trkpt lat="50.45404" lon="6.09612">
        <ele>494</ele>
        <time>2024-09-26T16:54:04+00:00</time>
      </trkpt>
      <trkpt lat="50.45403" lon="6.09615">
        <ele>494</ele>
        <time>2024-09-26T16:54:07+00:00</time>
      </trkpt>
      <trkpt lat="50.45391" lon="6.09638">
        <ele>495</ele>
        <time>2024-09-26T16:54:10+00:00</time>
      </trkpt>
      <trkpt lat="50.45383" lon="6.09657">
        <ele>496</ele>
        <time>2024-09-26T16:54:13+00:00</time>
      </trkpt>
      <trkpt lat="50.45377" lon="6.09669">
        <ele>497</ele>
        <time>2024-09-26T16:54:16+00:00</time>
      </trkpt>
      <trkpt lat="50.45367" lon="6.09682">
        <ele>496</ele>
        <time>2024-09-26T16:54:19+00:00</time>
      </trkpt>
      <trkpt lat="50.45344" lon="6.097">
        <ele>497</ele>
        <time>2024-09-26T16:54:22+00:00</time>
      </trkpt>
      <trkpt lat="50.45334" lon="6.09702">
        <ele>498</ele>
        <time>2024-09-26T16:54:25+00:00</time>
      </trkpt>
      <trkpt lat="50.45324" lon="6.09702">
        <ele>499</ele>
        <time>2024-09-26T16:54:28+00:00</time>
      </trkpt>
      <trkpt lat="50.45314" lon="6.09699">
        <ele>504</ele>
        <time>2024-09-26T16:54:31+00:00</time>
      </trkpt>
      <trkpt lat="50.45293" lon="6.09684">
        <ele>500</ele>
        <time>2024-09-26T16:54:34+00:00</time>
      </trkpt>
      <trkpt lat="50.45282" lon="6.09691">
        <ele>503</ele>
        <time>2024-09-26T16:54:37+00:00</time>
      </trkpt>
      <trkpt lat="50.45266" lon="6.09704">
        <ele>502</ele>
        <time>2024-09-26T16:54:40+00:00</time>
      </trkpt>
      <trkpt lat="50.45254" lon="6.09717">
        <ele>503</ele>
        <time>2024-09-26T16:54:43+00:00</time>
      </trkpt>
      <trkpt lat="50.45241" lon="6.09734">
        <ele>502</ele>
        <time>2024-09-26T16:54:46+00:00</time>
      </trkpt>
      <trkpt lat="50.45236" lon="6.0974">
        <ele>503</ele>
        <time>2024-09-26T16:54:49+00:00</time>
      </trkpt>
      <trkpt lat="50.45225" lon="6.09759">
        <ele>506</ele>
        <time>2024-09-26T16:54:52+00:00</time>
      </trkpt>
      <trkpt lat="50.45218" lon="6.09781">
        <ele>509</ele>
        <time>2024-09-26T16:54:55+00:00</time>
      </trkpt>
      <trkpt lat="50.45205" lon="6.09813">
        <ele>508</ele>
        <time>2024-09-26T16:54:58+00:00</time>
      </trkpt>
      <trkpt lat="50.45203" lon="6.09837">
        <ele>510</ele>
        <time>2024-09-26T16:55:01+00:00</time>
      </trkpt>
      <trkpt lat="50.45196" lon="6.09864">
        <ele>506</ele>
        <time>2024-09-26T16:55:04+00:00</time>
      </trkpt>
      <trkpt lat="50.45201" lon="6.09872">
        <ele>508</ele>
        <time>2024-09-26T16:55:07+00:00</time>
      </trkpt>
      <trkpt lat="50.45203" lon="6.09874">
        <ele>508</ele>
        <time>2024-09-26T16:55:10+00:00</time>
      </trkpt>
      <trkpt lat="50.4522" lon="6.09899">
        <ele>505</ele>
        <time>2024-09-26T16:55:13+00:00</time>
      </trkpt>
      <trkpt lat="50.45223" lon="6.09912">
        <ele>503</ele>
        <time>2024-09-26T16:55:16+00:00</time>
      </trkpt>
      <trkpt lat="50.45225" lon="6.09921">
        <ele>502</ele>
        <time>2024-09-26T16:55:19+00:00</time>
      </trkpt>
      <trkpt lat="50.45228" lon="6.09948">
        <ele>501</ele>
        <time>2024-09-26T16:55:22+00:00</time>
      </trkpt>
      <trkpt lat="50.45232" lon="6.09969">
        <ele>499</ele>
        <time>2024-09-26T16:55:25+00:00</time>
      </trkpt>
      <trkpt lat="50.45233" lon="6.09982">
        <ele>499</ele>
        <time>2024-09-26T16:55:28+00:00</time>
      </trkpt>
      <trkpt lat="50.45232" lon="6.10002">
        <ele>498</ele>
        <time>2024-09-26T16:55:31+00:00</time>
      </trkpt>
      <trkpt lat="50.4523" lon="6.10012">
        <ele>499</ele>
        <time>2024-09-26T16:55:34+00:00</time>
      </trkpt>
      <trkpt lat="50.45207" lon="6.1003">
        <ele>499</ele>
        <time>2024-09-26T16:55:37+00:00</time>
      </trkpt>
      <trkpt lat="50.45201" lon="6.10035">
        <ele>499</ele>
        <time>2024-09-26T16:55:40+00:00</time>
      </trkpt>
      <trkpt lat="50.4519" lon="6.10038">
        <ele>499</ele>
        <time>2024-09-26T16:55:43+00:00</time>
      </trkpt>
      <trkpt lat="50.45173" lon="6.10041">
        <ele>500</ele>
        <time>2024-09-26T16:55:46+00:00</time>
      </trkpt>
      <trkpt lat="50.45164" lon="6.10049">
        <ele>499</ele>
        <time>2024-09-26T16:55:49+00:00</time>
      </trkpt>
      <trkpt lat="50.45159" lon="6.10049">
        <ele>498</ele>
        <time>2024-09-26T16:55:52+00:00</time>
      </trkpt>
      <trkpt lat="50.45135" lon="6.10039">
        <ele>499</ele>
        <time>2024-09-26T16:55:55+00:00</time>
      </trkpt>
      <trkpt lat="50.45118" lon="6.10035">
        <ele>496</ele>
        <time>2024-09-26T16:55:58+00:00</time>
      </trkpt>
      <trkpt lat="50.45107" lon="6.10017">
        <ele>500</ele>
        <time>2024-09-26T16:56:01+00:00</time>
      </trkpt>
      <trkpt lat="50.45095" lon="6.10012">
        <ele>500</ele>
        <time>2024-09-26T16:56:04+00:00</time>
      </trkpt>
      <trkpt lat="50.45091" lon="6.10003">
        <ele>501</ele>
        <time>2024-09-26T16:56:07+00:00</time>
      </trkpt>
      <trkpt lat="50.45084" lon="6.09997">
        <ele>502</ele>
        <time>2024-09-26T16:56:10+00:00</time>
      </trkpt>
      <trkpt lat="50.45076" lon="6.09989">
        <ele>500</ele>
        <time>2024-09-26T16:56:13+00:00</time>
      </trkpt>
      <trkpt lat="50.45069" lon="6.09988">
        <ele>500</ele>
        <time>2024-09-26T16:56:16+00:00</time>
      </trkpt>
      <trkpt lat="50.4506" lon="6.09985">
        <ele>500</ele>
        <time>2024-09-26T16:56:19+00:00</time>
      </trkpt>
      <trkpt lat="50.45045" lon="6.09988">
        <ele>499</ele>
        <time>2024-09-26T16:56:22+00:00</time>
      </trkpt>
      <trkpt lat="50.45031" lon="6.09988">
        <ele>499</ele>
        <time>2024-09-26T16:56:25+00:00</time>
      </trkpt>
      <trkpt lat="50.45024" lon="6.09988">
        <ele>499</ele>
        <time>2024-09-26T16:56:28+00:00</time>
      </trkpt>
      <trkpt lat="50.45013" lon="6.09992">
        <ele>502</ele>
        <time>2024-09-26T16:56:31+00:00</time>
      </trkpt>
      <trkpt lat="50.45009" lon="6.09995">
        <ele>503</ele>
        <time>2024-09-26T16:56:34+00:00</time>
      </trkpt>
      <trkpt lat="50.45001" lon="6.09993">
        <ele>503</ele>
        <time>2024-09-26T16:56:37+00:00</time>
      </trkpt>
      <trkpt lat="50.44987" lon="6.09998">
        <ele>504</ele>
        <time>2024-09-26T16:56:40+00:00</time>
      </trkpt>
      <trkpt lat="50.44971" lon="6.10004">
        <ele>505</ele>
        <time>2024-09-26T16:56:43+00:00</time>
      </trkpt>
      <trkpt lat="50.44972" lon="6.10011">
        <ele>506</ele>
        <time>2024-09-26T16:56:46+00:00</time>
      </trkpt>
      <trkpt lat="50.44997" lon="6.10015">
        <ele>505</ele>
        <time>2024-09-26T16:56:49+00:00</time>
      </trkpt>
      <trkpt lat="50.45012" lon="6.10016">
        <ele>505</ele>
        <time>2024-09-26T16:56:52+00:00</time>
      </trkpt>
      <trkpt lat="50.45021" lon="6.10018">
        <ele>505</ele>
        <time>2024-09-26T16:56:55+00:00</time>
      </trkpt>
      <trkpt lat="50.4503" lon="6.10019">
        <ele>505</ele>
        <time>2024-09-26T16:56:58+00:00</time>
      </trkpt>
      <trkpt lat="50.45039" lon="6.1002">
        <ele>505</ele>
        <time>2024-09-26T16:57:01+00:00</time>
      </trkpt>
      <trkpt lat="50.45049" lon="6.10027">
        <ele>505</ele>
        <time>2024-09-26T16:57:04+00:00</time>
      </trkpt>
      <trkpt lat="50.4506" lon="6.10042">
        <ele>504</ele>
        <time>2024-09-26T16:57:07+00:00</time>
      </trkpt>
      <trkpt lat="50.45067" lon="6.10055">
        <ele>505</ele>
        <time>2024-09-26T16:57:10+00:00</time>
      </trkpt>
      <trkpt lat="50.45073" lon="6.10071">
        <ele>504</ele>
        <time>2024-09-26T16:57:13+00:00</time>
      </trkpt>
      <trkpt lat="50.45073" lon="6.10088">
        <ele>504</ele>
        <time>2024-09-26T16:57:16+00:00</time>
      </trkpt>
      <trkpt lat="50.45077" lon="6.10104">
        <ele>505</ele>
        <time>2024-09-26T16:57:19+00:00</time>
      </trkpt>
      <trkpt lat="50.45079" lon="6.10126">
        <ele>506</ele>
        <time>2024-09-26T16:57:22+00:00</time>
      </trkpt>
      <trkpt lat="50.4508" lon="6.10136">
        <ele>506</ele>
        <time>2024-09-26T16:57:25+00:00</time>
      </trkpt>
      <trkpt lat="50.45081" lon="6.10149">
        <ele>507</ele>
        <time>2024-09-26T16:57:28+00:00</time>
      </trkpt>
      <trkpt lat="50.4508" lon="6.10171">
        <ele>510</ele>
        <time>2024-09-26T16:57:31+00:00</time>
      </trkpt>
      <trkpt lat="50.45077" lon="6.10188">
        <ele>510</ele>
        <time>2024-09-26T16:57:34+00:00</time>
      </trkpt>
      <trkpt lat="50.45073" lon="6.10201">
        <ele>512</ele>
        <time>2024-09-26T16:57:37+00:00</time>
      </trkpt>
      <trkpt lat="50.4507" lon="6.10215">
        <ele>512</ele>
        <time>2024-09-26T16:57:40+00:00</time>
      </trkpt>
      <trkpt lat="50.45068" lon="6.10238">
        <ele>512</ele>
        <time>2024-09-26T16:57:43+00:00</time>
      </trkpt>
      <trkpt lat="50.45068" lon="6.10287">
        <ele>512</ele>
        <time>2024-09-26T16:57:46+00:00</time>
      </trkpt>
      <trkpt lat="50.45066" lon="6.1033">
        <ele>512</ele>
        <time>2024-09-26T16:57:49+00:00</time>
      </trkpt>
      <trkpt lat="50.45068" lon="6.10352">
        <ele>511</ele>
        <time>2024-09-26T16:57:52+00:00</time>
      </trkpt>
      <trkpt lat="50.45075" lon="6.1038">
        <ele>509</ele>
        <time>2024-09-26T16:57:55+00:00</time>
      </trkpt>
      <trkpt lat="50.4508" lon="6.10397">
        <ele>508</ele>
        <time>2024-09-26T16:57:58+00:00</time>
      </trkpt>
      <trkpt lat="50.45083" lon="6.10408">
        <ele>506</ele>
        <time>2024-09-26T16:58:01+00:00</time>
      </trkpt>
      <trkpt lat="50.45085" lon="6.10413">
        <ele>506</ele>
        <time>2024-09-26T16:58:04+00:00</time>
      </trkpt>
      <trkpt lat="50.45087" lon="6.10419">
        <ele>506</ele>
        <time>2024-09-26T16:58:07+00:00</time>
      </trkpt>
      <trkpt lat="50.45089" lon="6.10439">
        <ele>505</ele>
        <time>2024-09-26T16:58:10+00:00</time>
      </trkpt>
      <trkpt lat="50.45092" lon="6.10461">
        <ele>505</ele>
        <time>2024-09-26T16:58:13+00:00</time>
      </trkpt>
      <trkpt lat="50.45099" lon="6.10467">
        <ele>505</ele>
        <time>2024-09-26T16:58:16+00:00</time>
      </trkpt>
      <trkpt lat="50.45105" lon="6.1048">
        <ele>505</ele>
        <time>2024-09-26T16:58:19+00:00</time>
      </trkpt>
      <trkpt lat="50.45108" lon="6.10493">
        <ele>506</ele>
        <time>2024-09-26T16:58:22+00:00</time>
      </trkpt>
      <trkpt lat="50.45114" lon="6.10504">
        <ele>508</ele>
        <time>2024-09-26T16:58:25+00:00</time>
      </trkpt>
      <trkpt lat="50.45119" lon="6.10523">
        <ele>508</ele>
        <time>2024-09-26T16:58:28+00:00</time>
      </trkpt>
      <trkpt lat="50.45124" lon="6.10541">
        <ele>510</ele>
        <time>2024-09-26T16:58:31+00:00</time>
      </trkpt>
      <trkpt lat="50.45132" lon="6.10562">
        <ele>508</ele>
        <time>2024-09-26T16:58:34+00:00</time>
      </trkpt>
      <trkpt lat="50.45152" lon="6.10595">
        <ele>506</ele>
        <time>2024-09-26T16:58:37+00:00</time>
      </trkpt>
      <trkpt lat="50.45155" lon="6.10602">
        <ele>508</ele>
        <time>2024-09-26T16:58:40+00:00</time>
      </trkpt>
      <trkpt lat="50.45162" lon="6.10615">
        <ele>507</ele>
        <time>2024-09-26T16:58:43+00:00</time>
      </trkpt>
      <trkpt lat="50.45173" lon="6.10635">
        <ele>505</ele>
        <time>2024-09-26T16:58:46+00:00</time>
      </trkpt>
      <trkpt lat="50.45181" lon="6.10643">
        <ele>504</ele>
        <time>2024-09-26T16:58:49+00:00</time>
      </trkpt>
      <trkpt lat="50.45193" lon="6.10653">
        <ele>503</ele>
        <time>2024-09-26T16:58:52+00:00</time>
      </trkpt>
      <trkpt lat="50.452" lon="6.10654">
        <ele>503</ele>
        <time>2024-09-26T16:58:55+00:00</time>
      </trkpt>
      <trkpt lat="50.45204" lon="6.10664">
        <ele>502</ele>
        <time>2024-09-26T16:58:58+00:00</time>
      </trkpt>
      <trkpt lat="50.45208" lon="6.10678">
        <ele>502</ele>
        <time>2024-09-26T16:59:01+00:00</time>
      </trkpt>
      <trkpt lat="50.45217" lon="6.10711">
        <ele>502</ele>
        <time>2024-09-26T16:59:04+00:00</time>
      </trkpt>
      <trkpt lat="50.45218" lon="6.10733">
        <ele>502</ele>
        <time>2024-09-26T16:59:07+00:00</time>
      </trkpt>
      <trkpt lat="50.45202" lon="6.10746">
        <ele>502</ele>
        <time>2024-09-26T16:59:10+00:00</time>
      </trkpt>
      <trkpt lat="50.45179" lon="6.10764">
        <ele>502</ele>
        <time>2024-09-26T16:59:13+00:00</time>
      </trkpt>
      <trkpt lat="50.45192" lon="6.10803">
        <ele>502</ele>
        <time>2024-09-26T16:59:16+00:00</time>
      </trkpt>
      <trkpt lat="50.45195" lon="6.10826">
        <ele>502</ele>
        <time>2024-09-26T16:59:19+00:00</time>
      </trkpt>
      <trkpt lat="50.45191" lon="6.10832">
        <ele>502</ele>
        <time>2024-09-26T16:59:22+00:00</time>
      </trkpt>
      <trkpt lat="50.45186" lon="6.10842">
        <ele>504</ele>
        <time>2024-09-26T16:59:25+00:00</time>
      </trkpt>
      <trkpt lat="50.4519" lon="6.10849">
        <ele>501</ele>
        <time>2024-09-26T16:59:28+00:00</time>
      </trkpt>
      <trkpt lat="50.45179" lon="6.10876">
        <ele>508</ele>
        <time>2024-09-26T16:59:31+00:00</time>
      </trkpt>
      <trkpt lat="50.45178" lon="6.10879">
        <ele>508</ele>
        <time>2024-09-26T16:59:34+00:00</time>
      </trkpt>
      <trkpt lat="50.45178" lon="6.10884">
        <ele>508</ele>
        <time>2024-09-26T16:59:37+00:00</time>
      </trkpt>
      <trkpt lat="50.45168" lon="6.1091">
        <ele>510</ele>
        <time>2024-09-26T16:59:40+00:00</time>
      </trkpt>
      <trkpt lat="50.45165" lon="6.1093">
        <ele>510</ele>
        <time>2024-09-26T16:59:43+00:00</time>
      </trkpt>
      <trkpt lat="50.45163" lon="6.1094">
        <ele>510</ele>
        <time>2024-09-26T16:59:46+00:00</time>
      </trkpt>
      <trkpt lat="50.45159" lon="6.10954">
        <ele>512</ele>
        <time>2024-09-26T16:59:49+00:00</time>
      </trkpt>
      <trkpt lat="50.45152" lon="6.10968">
        <ele>511</ele>
        <time>2024-09-26T16:59:52+00:00</time>
      </trkpt>
      <trkpt lat="50.45149" lon="6.10987">
        <ele>512</ele>
        <time>2024-09-26T16:59:55+00:00</time>
      </trkpt>
      <trkpt lat="50.45144" lon="6.11001">
        <ele>512</ele>
        <time>2024-09-26T16:59:58+00:00</time>
      </trkpt>
      <trkpt lat="50.45137" lon="6.11024">
        <ele>513</ele>
        <time>2024-09-26T17:00:01+00:00</time>
      </trkpt>
      <trkpt lat="50.45134" lon="6.11044">
        <ele>512</ele>
        <time>2024-09-26T17:00:04+00:00</time>
      </trkpt>
      <trkpt lat="50.45136" lon="6.1106">
        <ele>511</ele>
        <time>2024-09-26T17:00:07+00:00</time>
      </trkpt>
      <trkpt lat="50.45137" lon="6.1108">
        <ele>510</ele>
        <time>2024-09-26T17:00:10+00:00</time>
      </trkpt>
      <trkpt lat="50.45142" lon="6.11093">
        <ele>509</ele>
        <time>2024-09-26T17:00:13+00:00</time>
      </trkpt>
      <trkpt lat="50.45145" lon="6.11121">
        <ele>507</ele>
        <time>2024-09-26T17:00:16+00:00</time>
      </trkpt>
      <trkpt lat="50.45148" lon="6.1114">
        <ele>507</ele>
        <time>2024-09-26T17:00:19+00:00</time>
      </trkpt>
      <trkpt lat="50.45151" lon="6.11147">
        <ele>506</ele>
        <time>2024-09-26T17:00:22+00:00</time>
      </trkpt>
      <trkpt lat="50.45153" lon="6.11155">
        <ele>505</ele>
        <time>2024-09-26T17:00:25+00:00</time>
      </trkpt>
      <trkpt lat="50.45157" lon="6.11163">
        <ele>504</ele>
        <time>2024-09-26T17:00:28+00:00</time>
      </trkpt>
      <trkpt lat="50.45162" lon="6.11181">
        <ele>501</ele>
        <time>2024-09-26T17:00:31+00:00</time>
      </trkpt>
      <trkpt lat="50.45165" lon="6.11193">
        <ele>500</ele>
        <time>2024-09-26T17:00:34+00:00</time>
      </trkpt>
      <trkpt lat="50.45165" lon="6.11208">
        <ele>499</ele>
        <time>2024-09-26T17:00:37+00:00</time>
      </trkpt>
      <trkpt lat="50.45165" lon="6.11216">
        <ele>499</ele>
        <time>2024-09-26T17:00:40+00:00</time>
      </trkpt>
      <trkpt lat="50.45164" lon="6.1122">
        <ele>499</ele>
        <time>2024-09-26T17:00:43+00:00</time>
      </trkpt>
      <trkpt lat="50.45155" lon="6.11226">
        <ele>499</ele>
        <time>2024-09-26T17:00:46+00:00</time>
      </trkpt>
      <trkpt lat="50.45149" lon="6.11238">
        <ele>500</ele>
        <time>2024-09-26T17:00:49+00:00</time>
      </trkpt>
      <trkpt lat="50.45137" lon="6.11241">
        <ele>499</ele>
        <time>2024-09-26T17:00:52+00:00</time>
      </trkpt>
      <trkpt lat="50.45131" lon="6.11233">
        <ele>502</ele>
        <time>2024-09-26T17:00:55+00:00</time>
      </trkpt>
      <trkpt lat="50.45125" lon="6.11229">
        <ele>500</ele>
        <time>2024-09-26T17:00:58+00:00</time>
      </trkpt>
      <trkpt lat="50.45114" lon="6.11208">
        <ele>500</ele>
        <time>2024-09-26T17:01:01+00:00</time>
      </trkpt>
      <trkpt lat="50.45104" lon="6.11186">
        <ele>500</ele>
        <time>2024-09-26T17:01:04+00:00</time>
      </trkpt>
      <trkpt lat="50.45091" lon="6.11164">
        <ele>500</ele>
        <time>2024-09-26T17:01:07+00:00</time>
      </trkpt>
      <trkpt lat="50.45083" lon="6.11144">
        <ele>500</ele>
        <time>2024-09-26T17:01:10+00:00</time>
      </trkpt>
      <trkpt lat="50.45071" lon="6.11119">
        <ele>498</ele>
        <time>2024-09-26T17:01:13+00:00</time>
      </trkpt>
      <trkpt lat="50.45056" lon="6.111">
        <ele>497</ele>
        <time>2024-09-26T17:01:16+00:00</time>
      </trkpt>
      <trkpt lat="50.45047" lon="6.11086">
        <ele>502</ele>
        <time>2024-09-26T17:01:19+00:00</time>
      </trkpt>
      <trkpt lat="50.45039" lon="6.11081">
        <ele>497</ele>
        <time>2024-09-26T17:01:22+00:00</time>
      </trkpt>
      <trkpt lat="50.45033" lon="6.11061">
        <ele>502</ele>
        <time>2024-09-26T17:01:25+00:00</time>
      </trkpt>
      <trkpt lat="50.45026" lon="6.11047">
        <ele>502</ele>
        <time>2024-09-26T17:01:28+00:00</time>
      </trkpt>
      <trkpt lat="50.45018" lon="6.11026">
        <ele>500</ele>
        <time>2024-09-26T17:01:31+00:00</time>
      </trkpt>
      <trkpt lat="50.45007" lon="6.10998">
        <ele>502</ele>
        <time>2024-09-26T17:01:34+00:00</time>
      </trkpt>
      <trkpt lat="50.44992" lon="6.10973">
        <ele>502</ele>
        <time>2024-09-26T17:01:37+00:00</time>
      </trkpt>
      <trkpt lat="50.44983" lon="6.10966">
        <ele>506</ele>
        <time>2024-09-26T17:01:40+00:00</time>
      </trkpt>
      <trkpt lat="50.44972" lon="6.10955">
        <ele>503</ele>
        <time>2024-09-26T17:01:43+00:00</time>
      </trkpt>
      <trkpt lat="50.44967" lon="6.10948">
        <ele>502</ele>
        <time>2024-09-26T17:01:46+00:00</time>
      </trkpt>
      <trkpt lat="50.44961" lon="6.10937">
        <ele>508</ele>
        <time>2024-09-26T17:01:49+00:00</time>
      </trkpt>
      <trkpt lat="50.4495" lon="6.10919">
        <ele>502</ele>
        <time>2024-09-26T17:01:52+00:00</time>
      </trkpt>
      <trkpt lat="50.44932" lon="6.10902">
        <ele>502</ele>
        <time>2024-09-26T17:01:55+00:00</time>
      </trkpt>
      <trkpt lat="50.44915" lon="6.10936">
        <ele>510</ele>
        <time>2024-09-26T17:01:58+00:00</time>
      </trkpt>
      <trkpt lat="50.44906" lon="6.10926">
        <ele>510</ele>
        <time>2024-09-26T17:02:01+00:00</time>
      </trkpt>
      <trkpt lat="50.44899" lon="6.10926">
        <ele>510</ele>
        <time>2024-09-26T17:02:04+00:00</time>
      </trkpt>
      <trkpt lat="50.44886" lon="6.10922">
        <ele>509</ele>
        <time>2024-09-26T17:02:07+00:00</time>
      </trkpt>
      <trkpt lat="50.44873" lon="6.10931">
        <ele>509</ele>
        <time>2024-09-26T17:02:10+00:00</time>
      </trkpt>
      <trkpt lat="50.44869" lon="6.10934">
        <ele>510</ele>
        <time>2024-09-26T17:02:13+00:00</time>
      </trkpt>
      <trkpt lat="50.44856" lon="6.10939">
        <ele>509</ele>
        <time>2024-09-26T17:02:16+00:00</time>
      </trkpt>
      <trkpt lat="50.44847" lon="6.10942">
        <ele>510</ele>
        <time>2024-09-26T17:02:19+00:00</time>
      </trkpt>
      <trkpt lat="50.44835" lon="6.10942">
        <ele>509</ele>
        <time>2024-09-26T17:02:22+00:00</time>
      </trkpt>
      <trkpt lat="50.44823" lon="6.1094">
        <ele>509</ele>
        <time>2024-09-26T17:02:25+00:00</time>
      </trkpt>
      <trkpt lat="50.44807" lon="6.10942">
        <ele>509</ele>
        <time>2024-09-26T17:02:28+00:00</time>
      </trkpt>
      <trkpt lat="50.44803" lon="6.10941">
        <ele>513</ele>
        <time>2024-09-26T17:02:31+00:00</time>
      </trkpt>
      <trkpt lat="50.44787" lon="6.10937">
        <ele>510</ele>
        <time>2024-09-26T17:02:34+00:00</time>
      </trkpt>
      <trkpt lat="50.44776" lon="6.10933">
        <ele>513</ele>
        <time>2024-09-26T17:02:37+00:00</time>
      </trkpt>
      <trkpt lat="50.4476" lon="6.10924">
        <ele>513</ele>
        <time>2024-09-26T17:02:40+00:00</time>
      </trkpt>
      <trkpt lat="50.44748" lon="6.10917">
        <ele>514</ele>
        <time>2024-09-26T17:02:43+00:00</time>
      </trkpt>
      <trkpt lat="50.44728" lon="6.10912">
        <ele>524</ele>
        <time>2024-09-26T17:02:46+00:00</time>
      </trkpt>
      <trkpt lat="50.4472" lon="6.10911">
        <ele>528</ele>
        <time>2024-09-26T17:02:49+00:00</time>
      </trkpt>
      <trkpt lat="50.44708" lon="6.10904">
        <ele>522</ele>
        <time>2024-09-26T17:02:52+00:00</time>
      </trkpt>
      <trkpt lat="50.44695" lon="6.10891">
        <ele>523</ele>
        <time>2024-09-26T17:02:55+00:00</time>
      </trkpt>
      <trkpt lat="50.44687" lon="6.10885">
        <ele>520</ele>
        <time>2024-09-26T17:02:58+00:00</time>
      </trkpt>
      <trkpt lat="50.44679" lon="6.10883">
        <ele>519</ele>
        <time>2024-09-26T17:03:01+00:00</time>
      </trkpt>
      <trkpt lat="50.44669" lon="6.10884">
        <ele>520</ele>
        <time>2024-09-26T17:03:04+00:00</time>
      </trkpt>
      <trkpt lat="50.4466" lon="6.10886">
        <ele>518</ele>
        <time>2024-09-26T17:03:07+00:00</time>
      </trkpt>
      <trkpt lat="50.44646" lon="6.10893">
        <ele>519</ele>
        <time>2024-09-26T17:03:10+00:00</time>
      </trkpt>
      <trkpt lat="50.44637" lon="6.109">
        <ele>519</ele>
        <time>2024-09-26T17:03:13+00:00</time>
      </trkpt>
      <trkpt lat="50.4463" lon="6.1091">
        <ele>519</ele>
        <time>2024-09-26T17:03:16+00:00</time>
      </trkpt>
      <trkpt lat="50.44662" lon="6.10912">
        <ele>529</ele>
        <time>2024-09-26T17:03:19+00:00</time>
      </trkpt>
      <trkpt lat="50.44679" lon="6.10914">
        <ele>530</ele>
        <time>2024-09-26T17:03:22+00:00</time>
      </trkpt>
      <trkpt lat="50.44692" lon="6.10923">
        <ele>533</ele>
        <time>2024-09-26T17:03:25+00:00</time>
      </trkpt>
      <trkpt lat="50.44721" lon="6.10949">
        <ele>533</ele>
        <time>2024-09-26T17:03:28+00:00</time>
      </trkpt>
      <trkpt lat="50.4475" lon="6.10983">
        <ele>532</ele>
        <time>2024-09-26T17:03:31+00:00</time>
      </trkpt>
      <trkpt lat="50.44768" lon="6.11004">
        <ele>532</ele>
        <time>2024-09-26T17:03:34+00:00</time>
      </trkpt>
      <trkpt lat="50.44787" lon="6.11028">
        <ele>529</ele>
        <time>2024-09-26T17:03:37+00:00</time>
      </trkpt>
      <trkpt lat="50.44801" lon="6.11044">
        <ele>527</ele>
        <time>2024-09-26T17:03:40+00:00</time>
      </trkpt>
      <trkpt lat="50.44823" lon="6.11062">
        <ele>524</ele>
        <time>2024-09-26T17:03:43+00:00</time>
      </trkpt>
      <trkpt lat="50.44833" lon="6.11077">
        <ele>523</ele>
        <time>2024-09-26T17:03:46+00:00</time>
      </trkpt>
      <trkpt lat="50.44836" lon="6.11101">
        <ele>521</ele>
        <time>2024-09-26T17:03:49+00:00</time>
      </trkpt>
      <trkpt lat="50.44829" lon="6.11111">
        <ele>521</ele>
        <time>2024-09-26T17:03:52+00:00</time>
      </trkpt>
      <trkpt lat="50.44821" lon="6.11123">
        <ele>521</ele>
        <time>2024-09-26T17:03:55+00:00</time>
      </trkpt>
      <trkpt lat="50.44814" lon="6.11132">
        <ele>520</ele>
        <time>2024-09-26T17:03:58+00:00</time>
      </trkpt>
      <trkpt lat="50.44808" lon="6.11136">
        <ele>521</ele>
        <time>2024-09-26T17:04:01+00:00</time>
      </trkpt>
      <trkpt lat="50.44794" lon="6.11146">
        <ele>522</ele>
        <time>2024-09-26T17:04:04+00:00</time>
      </trkpt>
      <trkpt lat="50.44786" lon="6.11156">
        <ele>522</ele>
        <time>2024-09-26T17:04:07+00:00</time>
      </trkpt>
      <trkpt lat="50.44779" lon="6.11167">
        <ele>522</ele>
        <time>2024-09-26T17:04:10+00:00</time>
      </trkpt>
      <trkpt lat="50.44762" lon="6.11197">
        <ele>521</ele>
        <time>2024-09-26T17:04:13+00:00</time>
      </trkpt>
      <trkpt lat="50.44747" lon="6.11225">
        <ele>520</ele>
        <time>2024-09-26T17:04:16+00:00</time>
      </trkpt>
      <trkpt lat="50.44734" lon="6.11254">
        <ele>514</ele>
        <time>2024-09-26T17:04:19+00:00</time>
      </trkpt>
      <trkpt lat="50.4472" lon="6.11288">
        <ele>514</ele>
        <time>2024-09-26T17:04:22+00:00</time>
      </trkpt>
      <trkpt lat="50.44699" lon="6.11323">
        <ele>512</ele>
        <time>2024-09-26T17:04:25+00:00</time>
      </trkpt>
      <trkpt lat="50.44686" lon="6.11341">
        <ele>516</ele>
        <time>2024-09-26T17:04:28+00:00</time>
      </trkpt>
      <trkpt lat="50.44668" lon="6.11362">
        <ele>520</ele>
        <time>2024-09-26T17:04:31+00:00</time>
      </trkpt>
      <trkpt lat="50.44653" lon="6.11385">
        <ele>521</ele>
        <time>2024-09-26T17:04:34+00:00</time>
      </trkpt>
      <trkpt lat="50.44638" lon="6.11406">
        <ele>527</ele>
        <time>2024-09-26T17:04:37+00:00</time>
      </trkpt>
      <trkpt lat="50.44631" lon="6.11417">
        <ele>526</ele>
        <time>2024-09-26T17:04:40+00:00</time>
      </trkpt>
      <trkpt lat="50.44622" lon="6.11437">
        <ele>530</ele>
        <time>2024-09-26T17:04:43+00:00</time>
      </trkpt>
      <trkpt lat="50.44611" lon="6.11454">
        <ele>530</ele>
        <time>2024-09-26T17:04:46+00:00</time>
      </trkpt>
      <trkpt lat="50.446" lon="6.11475">
        <ele>528</ele>
        <time>2024-09-26T17:04:49+00:00</time>
      </trkpt>
      <trkpt lat="50.44584" lon="6.11506">
        <ele>527</ele>
        <time>2024-09-26T17:04:52+00:00</time>
      </trkpt>
      <trkpt lat="50.44562" lon="6.11549">
        <ele>525</ele>
        <time>2024-09-26T17:04:55+00:00</time>
      </trkpt>
      <trkpt lat="50.44552" lon="6.11575">
        <ele>522</ele>
        <time>2024-09-26T17:04:58+00:00</time>
      </trkpt>
      <trkpt lat="50.44543" lon="6.11594">
        <ele>522</ele>
        <time>2024-09-26T17:05:01+00:00</time>
      </trkpt>
      <trkpt lat="50.44533" lon="6.11617">
        <ele>522</ele>
        <time>2024-09-26T17:05:04+00:00</time>
      </trkpt>
      <trkpt lat="50.44522" lon="6.11644">
        <ele>522</ele>
        <time>2024-09-26T17:05:07+00:00</time>
      </trkpt>
      <trkpt lat="50.44508" lon="6.11665">
        <ele>523</ele>
        <time>2024-09-26T17:05:10+00:00</time>
      </trkpt>
      <trkpt lat="50.44484" lon="6.11701">
        <ele>523</ele>
        <time>2024-09-26T17:05:13+00:00</time>
      </trkpt>
      <trkpt lat="50.44474" lon="6.11722">
        <ele>521</ele>
        <time>2024-09-26T17:05:16+00:00</time>
      </trkpt>
      <trkpt lat="50.44464" lon="6.11745">
        <ele>523</ele>
        <time>2024-09-26T17:05:19+00:00</time>
      </trkpt>
      <trkpt lat="50.44454" lon="6.11764">
        <ele>522</ele>
        <time>2024-09-26T17:05:22+00:00</time>
      </trkpt>
      <trkpt lat="50.44442" lon="6.1179">
        <ele>523</ele>
        <time>2024-09-26T17:05:25+00:00</time>
      </trkpt>
      <trkpt lat="50.44433" lon="6.11811">
        <ele>522</ele>
        <time>2024-09-26T17:05:28+00:00</time>
      </trkpt>
      <trkpt lat="50.44429" lon="6.11834">
        <ele>526</ele>
        <time>2024-09-26T17:05:31+00:00</time>
      </trkpt>
      <trkpt lat="50.44412" lon="6.11888">
        <ele>526</ele>
        <time>2024-09-26T17:05:34+00:00</time>
      </trkpt>
      <trkpt lat="50.44408" lon="6.11901">
        <ele>529</ele>
        <time>2024-09-26T17:05:37+00:00</time>
      </trkpt>
      <trkpt lat="50.44406" lon="6.11911">
        <ele>526</ele>
        <time>2024-09-26T17:05:40+00:00</time>
      </trkpt>
      <trkpt lat="50.44403" lon="6.11931">
        <ele>524</ele>
        <time>2024-09-26T17:05:43+00:00</time>
      </trkpt>
      <trkpt lat="50.44399" lon="6.11951">
        <ele>522</ele>
        <time>2024-09-26T17:05:46+00:00</time>
      </trkpt>
      <trkpt lat="50.44396" lon="6.11956">
        <ele>523</ele>
        <time>2024-09-26T17:05:49+00:00</time>
      </trkpt>
      <trkpt lat="50.44392" lon="6.11975">
        <ele>523</ele>
        <time>2024-09-26T17:05:52+00:00</time>
      </trkpt>
      <trkpt lat="50.44391" lon="6.1199">
        <ele>523</ele>
        <time>2024-09-26T17:05:55+00:00</time>
      </trkpt>
      <trkpt lat="50.44392" lon="6.12011">
        <ele>523</ele>
        <time>2024-09-26T17:05:58+00:00</time>
      </trkpt>
      <trkpt lat="50.44394" lon="6.12031">
        <ele>524</ele>
        <time>2024-09-26T17:06:01+00:00</time>
      </trkpt>
      <trkpt lat="50.44396" lon="6.12047">
        <ele>525</ele>
        <time>2024-09-26T17:06:04+00:00</time>
      </trkpt>
      <trkpt lat="50.44397" lon="6.12057">
        <ele>526</ele>
        <time>2024-09-26T17:06:07+00:00</time>
      </trkpt>
      <trkpt lat="50.44399" lon="6.12081">
        <ele>522</ele>
        <time>2024-09-26T17:06:10+00:00</time>
      </trkpt>
      <trkpt lat="50.44414" lon="6.12099">
        <ele>521</ele>
        <time>2024-09-26T17:06:13+00:00</time>
      </trkpt>
      <trkpt lat="50.44423" lon="6.12125">
        <ele>521</ele>
        <time>2024-09-26T17:06:16+00:00</time>
      </trkpt>
      <trkpt lat="50.44434" lon="6.12142">
        <ele>520</ele>
        <time>2024-09-26T17:06:19+00:00</time>
      </trkpt>
      <trkpt lat="50.44437" lon="6.12159">
        <ele>520</ele>
        <time>2024-09-26T17:06:22+00:00</time>
      </trkpt>
      <trkpt lat="50.44445" lon="6.12188">
        <ele>518</ele>
        <time>2024-09-26T17:06:25+00:00</time>
      </trkpt>
      <trkpt lat="50.44458" lon="6.12204">
        <ele>518</ele>
        <time>2024-09-26T17:06:28+00:00</time>
      </trkpt>
      <trkpt lat="50.4447" lon="6.12213">
        <ele>517</ele>
        <time>2024-09-26T17:06:31+00:00</time>
      </trkpt>
      <trkpt lat="50.44482" lon="6.12222">
        <ele>514</ele>
        <time>2024-09-26T17:06:34+00:00</time>
      </trkpt>
      <trkpt lat="50.44502" lon="6.12225">
        <ele>509</ele>
        <time>2024-09-26T17:06:37+00:00</time>
      </trkpt>
      <trkpt lat="50.44521" lon="6.12228">
        <ele>508</ele>
        <time>2024-09-26T17:06:40+00:00</time>
      </trkpt>
      <trkpt lat="50.44543" lon="6.12234">
        <ele>507</ele>
        <time>2024-09-26T17:06:43+00:00</time>
      </trkpt>
      <trkpt lat="50.44585" lon="6.12245">
        <ele>506</ele>
        <time>2024-09-26T17:06:46+00:00</time>
      </trkpt>
      <trkpt lat="50.44588" lon="6.12251">
        <ele>501</ele>
        <time>2024-09-26T17:06:49+00:00</time>
      </trkpt>
      <trkpt lat="50.44588" lon="6.12263">
        <ele>504</ele>
        <time>2024-09-26T17:06:52+00:00</time>
      </trkpt>
      <trkpt lat="50.44589" lon="6.12279">
        <ele>506</ele>
        <time>2024-09-26T17:06:55+00:00</time>
      </trkpt>
      <trkpt lat="50.44587" lon="6.1233">
        <ele>509</ele>
        <time>2024-09-26T17:06:58+00:00</time>
      </trkpt>
      <trkpt lat="50.44585" lon="6.12343">
        <ele>509</ele>
        <time>2024-09-26T17:07:01+00:00</time>
      </trkpt>
      <trkpt lat="50.44585" lon="6.12382">
        <ele>507</ele>
        <time>2024-09-26T17:07:04+00:00</time>
      </trkpt>
      <trkpt lat="50.44591" lon="6.12402">
        <ele>509</ele>
        <time>2024-09-26T17:07:07+00:00</time>
      </trkpt>
      <trkpt lat="50.44615" lon="6.12423">
        <ele>506</ele>
        <time>2024-09-26T17:07:10+00:00</time>
      </trkpt>
      <trkpt lat="50.44629" lon="6.12437">
        <ele>506</ele>
        <time>2024-09-26T17:07:13+00:00</time>
      </trkpt>
      <trkpt lat="50.44637" lon="6.1244">
        <ele>505</ele>
        <time>2024-09-26T17:07:16+00:00</time>
      </trkpt>
      <trkpt lat="50.44639" lon="6.12438">
        <ele>505</ele>
        <time>2024-09-26T17:07:19+00:00</time>
      </trkpt>
      <trkpt lat="50.44646" lon="6.12426">
        <ele>504</ele>
        <time>2024-09-26T17:07:22+00:00</time>
      </trkpt>
      <trkpt lat="50.44653" lon="6.12415">
        <ele>502</ele>
        <time>2024-09-26T17:07:25+00:00</time>
      </trkpt>
      <trkpt lat="50.44661" lon="6.12405">
        <ele>501</ele>
        <time>2024-09-26T17:07:28+00:00</time>
      </trkpt>
      <trkpt lat="50.44675" lon="6.12361">
        <ele>502</ele>
        <time>2024-09-26T17:07:31+00:00</time>
      </trkpt>
      <trkpt lat="50.44706" lon="6.12336">
        <ele>493</ele>
        <time>2024-09-26T17:07:34+00:00</time>
      </trkpt>
      <trkpt lat="50.44737" lon="6.12311">
        <ele>493</ele>
        <time>2024-09-26T17:07:37+00:00</time>
      </trkpt>
      <trkpt lat="50.44767" lon="6.12286">
        <ele>493</ele>
        <time>2024-09-26T17:07:40+00:00</time>
      </trkpt>
      <trkpt lat="50.44798" lon="6.12261">
        <ele>493</ele>
        <time>2024-09-26T17:07:43+00:00</time>
      </trkpt>
      <trkpt lat="50.44832" lon="6.12234">
        <ele>497</ele>
        <time>2024-09-26T17:07:46+00:00</time>
      </trkpt>
      <trkpt lat="50.44837" lon="6.12196">
        <ele>506</ele>
        <time>2024-09-26T17:07:49+00:00</time>
      </trkpt>
      <trkpt lat="50.44833" lon="6.12161">
        <ele>506</ele>
        <time>2024-09-26T17:07:52+00:00</time>
      </trkpt>
      <trkpt lat="50.44821" lon="6.1213">
        <ele>506</ele>
        <time>2024-09-26T17:07:55+00:00</time>
      </trkpt>
      <trkpt lat="50.44821" lon="6.12092">
        <ele>503</ele>
        <time>2024-09-26T17:07:58+00:00</time>
      </trkpt>
      <trkpt lat="50.4481" lon="6.12081">
        <ele>504</ele>
        <time>2024-09-26T17:08:01+00:00</time>
      </trkpt>
      <trkpt lat="50.44815" lon="6.12038">
        <ele>500</ele>
        <time>2024-09-26T17:08:04+00:00</time>
      </trkpt>
      <trkpt lat="50.4483" lon="6.12013">
        <ele>500</ele>
        <time>2024-09-26T17:08:07+00:00</time>
      </trkpt>
      <trkpt lat="50.44839" lon="6.11998">
        <ele>502</ele>
        <time>2024-09-26T17:08:10+00:00</time>
      </trkpt>
      <trkpt lat="50.44842" lon="6.11964">
        <ele>499</ele>
        <time>2024-09-26T17:08:13+00:00</time>
      </trkpt>
      <trkpt lat="50.44869" lon="6.11916">
        <ele>501</ele>
        <time>2024-09-26T17:08:16+00:00</time>
      </trkpt>
      <trkpt lat="50.44891" lon="6.11912">
        <ele>500</ele>
        <time>2024-09-26T17:08:19+00:00</time>
      </trkpt>
      <trkpt lat="50.44918" lon="6.11907">
        <ele>499</ele>
        <time>2024-09-26T17:08:22+00:00</time>
      </trkpt>
      <trkpt lat="50.44952" lon="6.11899">
        <ele>500</ele>
        <time>2024-09-26T17:08:25+00:00</time>
      </trkpt>
      <trkpt lat="50.44968" lon="6.11895">
        <ele>501</ele>
        <time>2024-09-26T17:08:28+00:00</time>
      </trkpt>
      <trkpt lat="50.44985" lon="6.11885">
        <ele>502</ele>
        <time>2024-09-26T17:08:31+00:00</time>
      </trkpt>
      <trkpt lat="50.45007" lon="6.11874">
        <ele>503</ele>
        <time>2024-09-26T17:08:34+00:00</time>
      </trkpt>
      <trkpt lat="50.45025" lon="6.11873">
        <ele>505</ele>
        <time>2024-09-26T17:08:37+00:00</time>
      </trkpt>
      <trkpt lat="50.45043" lon="6.11877">
        <ele>505</ele>
        <time>2024-09-26T17:08:40+00:00</time>
      </trkpt>
      <trkpt lat="50.45057" lon="6.11917">
        <ele>506</ele>
        <time>2024-09-26T17:08:43+00:00</time>
      </trkpt>
      <trkpt lat="50.45075" lon="6.11925">
        <ele>507</ele>
        <time>2024-09-26T17:08:46+00:00</time>
      </trkpt>
      <trkpt lat="50.45077" lon="6.1192">
        <ele>507</ele>
        <time>2024-09-26T17:08:49+00:00</time>
      </trkpt>
      <trkpt lat="50.45077" lon="6.11914">
        <ele>507</ele>
        <time>2024-09-26T17:08:52+00:00</time>
      </trkpt>
      <trkpt lat="50.45077" lon="6.11914">
        <ele>507</ele>
        <time>2024-09-26T17:08:55+00:00</time>
      </trkpt>
      <trkpt lat="50.45082" lon="6.11895">
        <ele>508</ele>
        <time>2024-09-26T17:08:58+00:00</time>
      </trkpt>
      <trkpt lat="50.45078" lon="6.11885">
        <ele>508</ele>
        <time>2024-09-26T17:09:01+00:00</time>
      </trkpt>
      <trkpt lat="50.4507" lon="6.11875">
        <ele>507</ele>
        <time>2024-09-26T17:09:04+00:00</time>
      </trkpt>
      <trkpt lat="50.45055" lon="6.11866">
        <ele>503</ele>
        <time>2024-09-26T17:09:07+00:00</time>
      </trkpt>
      <trkpt lat="50.45058" lon="6.11852">
        <ele>507</ele>
        <time>2024-09-26T17:09:10+00:00</time>
      </trkpt>
      <trkpt lat="50.45045" lon="6.11834">
        <ele>507</ele>
        <time>2024-09-26T17:09:13+00:00</time>
      </trkpt>
      <trkpt lat="50.45025" lon="6.11826">
        <ele>507</ele>
        <time>2024-09-26T17:09:16+00:00</time>
      </trkpt>
      <trkpt lat="50.45018" lon="6.11808">
        <ele>508</ele>
        <time>2024-09-26T17:09:19+00:00</time>
      </trkpt>
      <trkpt lat="50.45031" lon="6.11807">
        <ele>508</ele>
        <time>2024-09-26T17:09:22+00:00</time>
      </trkpt>
      <trkpt lat="50.45037" lon="6.11798">
        <ele>508</ele>
        <time>2024-09-26T17:09:25+00:00</time>
      </trkpt>
      <trkpt lat="50.45041" lon="6.1178">
        <ele>513</ele>
        <time>2024-09-26T17:09:28+00:00</time>
      </trkpt>
      <trkpt lat="50.45043" lon="6.11771">
        <ele>513</ele>
        <time>2024-09-26T17:09:31+00:00</time>
      </trkpt>
      <trkpt lat="50.45047" lon="6.11768">
        <ele>514</ele>
        <time>2024-09-26T17:09:34+00:00</time>
      </trkpt>
      <trkpt lat="50.45052" lon="6.1176">
        <ele>518</ele>
        <time>2024-09-26T17:09:37+00:00</time>
      </trkpt>
      <trkpt lat="50.45056" lon="6.11751">
        <ele>518</ele>
        <time>2024-09-26T17:09:40+00:00</time>
      </trkpt>
      <trkpt lat="50.45056" lon="6.11747">
        <ele>519</ele>
        <time>2024-09-26T17:09:43+00:00</time>
      </trkpt>
      <trkpt lat="50.45054" lon="6.1173">
        <ele>519</ele>
        <time>2024-09-26T17:09:46+00:00</time>
      </trkpt>
      <trkpt lat="50.45053" lon="6.11726">
        <ele>519</ele>
        <time>2024-09-26T17:09:49+00:00</time>
      </trkpt>
      <trkpt lat="50.45057" lon="6.11706">
        <ele>518</ele>
        <time>2024-09-26T17:09:52+00:00</time>
      </trkpt>
      <trkpt lat="50.45061" lon="6.11699">
        <ele>519</ele>
        <time>2024-09-26T17:09:55+00:00</time>
      </trkpt>
      <trkpt lat="50.45067" lon="6.11683">
        <ele>519</ele>
        <time>2024-09-26T17:09:58+00:00</time>
      </trkpt>
      <trkpt lat="50.45068" lon="6.11677">
        <ele>519</ele>
        <time>2024-09-26T17:10:01+00:00</time>
      </trkpt>
      <trkpt lat="50.45069" lon="6.11674">
        <ele>519</ele>
        <time>2024-09-26T17:10:04+00:00</time>
      </trkpt>
      <trkpt lat="50.4507" lon="6.11649">
        <ele>521</ele>
        <time>2024-09-26T17:10:07+00:00</time>
      </trkpt>
      <trkpt lat="50.45076" lon="6.11627">
        <ele>520</ele>
        <time>2024-09-26T17:10:10+00:00</time>
      </trkpt>
      <trkpt lat="50.45085" lon="6.11605">
        <ele>521</ele>
        <time>2024-09-26T17:10:13+00:00</time>
      </trkpt>
      <trkpt lat="50.4509" lon="6.11597">
        <ele>520</ele>
        <time>2024-09-26T17:10:16+00:00</time>
      </trkpt>
      <trkpt lat="50.45098" lon="6.11587">
        <ele>521</ele>
        <time>2024-09-26T17:10:19+00:00</time>
      </trkpt>
      <trkpt lat="50.4511" lon="6.1158">
        <ele>523</ele>
        <time>2024-09-26T17:10:22+00:00</time>
      </trkpt>
      <trkpt lat="50.45139" lon="6.11569">
        <ele>524</ele>
        <time>2024-09-26T17:10:25+00:00</time>
      </trkpt>
      <trkpt lat="50.45162" lon="6.11554">
        <ele>528</ele>
        <time>2024-09-26T17:10:28+00:00</time>
      </trkpt>
      <trkpt lat="50.45189" lon="6.11532">
        <ele>529</ele>
        <time>2024-09-26T17:10:31+00:00</time>
      </trkpt>
      <trkpt lat="50.45216" lon="6.11528">
        <ele>532</ele>
        <time>2024-09-26T17:10:34+00:00</time>
      </trkpt>
      <trkpt lat="50.45241" lon="6.11535">
        <ele>532</ele>
        <time>2024-09-26T17:10:37+00:00</time>
      </trkpt>
      <trkpt lat="50.45271" lon="6.11544">
        <ele>530</ele>
        <time>2024-09-26T17:10:40+00:00</time>
      </trkpt>
      <trkpt lat="50.45288" lon="6.11568">
        <ele>528</ele>
        <time>2024-09-26T17:10:43+00:00</time>
      </trkpt>
      <trkpt lat="50.45299" lon="6.11581">
        <ele>526</ele>
        <time>2024-09-26T17:10:46+00:00</time>
      </trkpt>
      <trkpt lat="50.45309" lon="6.11599">
        <ele>525</ele>
        <time>2024-09-26T17:10:49+00:00</time>
      </trkpt>
      <trkpt lat="50.45312" lon="6.116">
        <ele>524</ele>
        <time>2024-09-26T17:10:52+00:00</time>
      </trkpt>
      <trkpt lat="50.45321" lon="6.11608">
        <ele>523</ele>
        <time>2024-09-26T17:10:55+00:00</time>
      </trkpt>
      <trkpt lat="50.45335" lon="6.11616">
        <ele>522</ele>
        <time>2024-09-26T17:10:58+00:00</time>
      </trkpt>
      <trkpt lat="50.45357" lon="6.11628">
        <ele>522</ele>
        <time>2024-09-26T17:11:01+00:00</time>
      </trkpt>
      <trkpt lat="50.45378" lon="6.11636">
        <ele>521</ele>
        <time>2024-09-26T17:11:04+00:00</time>
      </trkpt>
      <trkpt lat="50.45394" lon="6.11647">
        <ele>519</ele>
        <time>2024-09-26T17:11:07+00:00</time>
      </trkpt>
      <trkpt lat="50.45406" lon="6.11655">
        <ele>519</ele>
        <time>2024-09-26T17:11:10+00:00</time>
      </trkpt>
      <trkpt lat="50.45416" lon="6.11672">
        <ele>518</ele>
        <time>2024-09-26T17:11:13+00:00</time>
      </trkpt>
      <trkpt lat="50.45429" lon="6.11689">
        <ele>517</ele>
        <time>2024-09-26T17:11:16+00:00</time>
      </trkpt>
      <trkpt lat="50.45432" lon="6.11692">
        <ele>516</ele>
        <time>2024-09-26T17:11:19+00:00</time>
      </trkpt>
      <trkpt lat="50.45443" lon="6.11708">
        <ele>515</ele>
        <time>2024-09-26T17:11:22+00:00</time>
      </trkpt>
      <trkpt lat="50.45459" lon="6.11715">
        <ele>514</ele>
        <time>2024-09-26T17:11:25+00:00</time>
      </trkpt>
      <trkpt lat="50.45469" lon="6.11718">
        <ele>513</ele>
        <time>2024-09-26T17:11:28+00:00</time>
      </trkpt>
      <trkpt lat="50.45478" lon="6.11719">
        <ele>512</ele>
        <time>2024-09-26T17:11:31+00:00</time>
      </trkpt>
      <trkpt lat="50.45483" lon="6.11721">
        <ele>511</ele>
        <time>2024-09-26T17:11:34+00:00</time>
      </trkpt>
      <trkpt lat="50.45485" lon="6.11723">
        <ele>511</ele>
        <time>2024-09-26T17:11:37+00:00</time>
      </trkpt>
      <trkpt lat="50.45499" lon="6.11743">
        <ele>510</ele>
        <time>2024-09-26T17:11:40+00:00</time>
      </trkpt>
      <trkpt lat="50.45509" lon="6.11767">
        <ele>510</ele>
        <time>2024-09-26T17:11:43+00:00</time>
      </trkpt>
      <trkpt lat="50.45516" lon="6.11781">
        <ele>509</ele>
        <time>2024-09-26T17:11:46+00:00</time>
      </trkpt>
      <trkpt lat="50.45519" lon="6.11785">
        <ele>509</ele>
        <time>2024-09-26T17:11:49+00:00</time>
      </trkpt>
      <trkpt lat="50.45531" lon="6.11798">
        <ele>506</ele>
        <time>2024-09-26T17:11:52+00:00</time>
      </trkpt>
      <trkpt lat="50.45553" lon="6.11814">
        <ele>502</ele>
        <time>2024-09-26T17:11:55+00:00</time>
      </trkpt>
      <trkpt lat="50.45571" lon="6.11816">
        <ele>499</ele>
        <time>2024-09-26T17:11:58+00:00</time>
      </trkpt>
      <trkpt lat="50.45575" lon="6.11816">
        <ele>499</ele>
        <time>2024-09-26T17:12:01+00:00</time>
      </trkpt>
      <trkpt lat="50.45583" lon="6.11812">
        <ele>498</ele>
        <time>2024-09-26T17:12:04+00:00</time>
      </trkpt>
      <trkpt lat="50.45589" lon="6.11811">
        <ele>498</ele>
        <time>2024-09-26T17:12:07+00:00</time>
      </trkpt>
      <trkpt lat="50.45597" lon="6.11793">
        <ele>493</ele>
        <time>2024-09-26T17:12:10+00:00</time>
      </trkpt>
      <trkpt lat="50.45593" lon="6.11785">
        <ele>495</ele>
        <time>2024-09-26T17:12:13+00:00</time>
      </trkpt>
      <trkpt lat="50.45578" lon="6.11767">
        <ele>496</ele>
        <time>2024-09-26T17:12:16+00:00</time>
      </trkpt>
      <trkpt lat="50.45575" lon="6.11755">
        <ele>496</ele>
        <time>2024-09-26T17:12:19+00:00</time>
      </trkpt>
      <trkpt lat="50.45563" lon="6.11747">
        <ele>495</ele>
        <time>2024-09-26T17:12:22+00:00</time>
      </trkpt>
      <trkpt lat="50.45556" lon="6.11742">
        <ele>496</ele>
        <time>2024-09-26T17:12:25+00:00</time>
      </trkpt>
      <trkpt lat="50.45546" lon="6.11728">
        <ele>495</ele>
        <time>2024-09-26T17:12:28+00:00</time>
      </trkpt>
      <trkpt lat="50.45541" lon="6.11711">
        <ele>497</ele>
        <time>2024-09-26T17:12:31+00:00</time>
      </trkpt>
      <trkpt lat="50.45536" lon="6.11687">
        <ele>494</ele>
        <time>2024-09-26T17:12:34+00:00</time>
      </trkpt>
      <trkpt lat="50.45528" lon="6.11666">
        <ele>497</ele>
        <time>2024-09-26T17:12:37+00:00</time>
      </trkpt>
      <trkpt lat="50.45519" lon="6.11651">
        <ele>494</ele>
        <time>2024-09-26T17:12:40+00:00</time>
      </trkpt>
      <trkpt lat="50.45514" lon="6.11636">
        <ele>501</ele>
        <time>2024-09-26T17:12:43+00:00</time>
      </trkpt>
      <trkpt lat="50.45508" lon="6.1162">
        <ele>501</ele>
        <time>2024-09-26T17:12:46+00:00</time>
      </trkpt>
      <trkpt lat="50.45496" lon="6.11604">
        <ele>503</ele>
        <time>2024-09-26T17:12:49+00:00</time>
      </trkpt>
      <trkpt lat="50.4549" lon="6.11588">
        <ele>500</ele>
        <time>2024-09-26T17:12:52+00:00</time>
      </trkpt>
      <trkpt lat="50.45485" lon="6.11573">
        <ele>500</ele>
        <time>2024-09-26T17:12:55+00:00</time>
      </trkpt>
      <trkpt lat="50.4548" lon="6.11549">
        <ele>501</ele>
        <time>2024-09-26T17:12:58+00:00</time>
      </trkpt>
      <trkpt lat="50.45473" lon="6.11523">
        <ele>502</ele>
        <time>2024-09-26T17:13:01+00:00</time>
      </trkpt>
      <trkpt lat="50.45475" lon="6.1149">
        <ele>502</ele>
        <time>2024-09-26T17:13:04+00:00</time>
      </trkpt>
      <trkpt lat="50.45476" lon="6.11474">
        <ele>503</ele>
        <time>2024-09-26T17:13:07+00:00</time>
      </trkpt>
      <trkpt lat="50.45477" lon="6.11468">
        <ele>505</ele>
        <time>2024-09-26T17:13:10+00:00</time>
      </trkpt>
      <trkpt lat="50.45477" lon="6.11448">
        <ele>503</ele>
        <time>2024-09-26T17:13:13+00:00</time>
      </trkpt>
      <trkpt lat="50.45473" lon="6.11442">
        <ele>508</ele>
        <time>2024-09-26T17:13:16+00:00</time>
      </trkpt>
      <trkpt lat="50.4545" lon="6.11405">
        <ele>501</ele>
        <time>2024-09-26T17:13:19+00:00</time>
      </trkpt>
      <trkpt lat="50.45436" lon="6.11381">
        <ele>502</ele>
        <time>2024-09-26T17:13:22+00:00</time>
      </trkpt>
      <trkpt lat="50.45431" lon="6.11372">
        <ele>505</ele>
        <time>2024-09-26T17:13:25+00:00</time>
      </trkpt>
      <trkpt lat="50.45423" lon="6.11358">
        <ele>504</ele>
        <time>2024-09-26T17:13:28+00:00</time>
      </trkpt>
      <trkpt lat="50.4541" lon="6.1134">
        <ele>501</ele>
        <time>2024-09-26T17:13:31+00:00</time>
      </trkpt>
      <trkpt lat="50.45389" lon="6.11335">
        <ele>502</ele>
        <time>2024-09-26T17:13:34+00:00</time>
      </trkpt>
      <trkpt lat="50.45385" lon="6.11328">
        <ele>502</ele>
        <time>2024-09-26T17:13:37+00:00</time>
      </trkpt>
      <trkpt lat="50.45383" lon="6.11308">
        <ele>499</ele>
        <time>2024-09-26T17:13:40+00:00</time>
      </trkpt>
      <trkpt lat="50.45382" lon="6.11296">
        <ele>504</ele>
        <time>2024-09-26T17:13:43+00:00</time>
      </trkpt>
      <trkpt lat="50.45376" lon="6.11273">
        <ele>497</ele>
        <time>2024-09-26T17:13:46+00:00</time>
      </trkpt>
      <trkpt lat="50.45373" lon="6.1126">
        <ele>501</ele>
        <time>2024-09-26T17:13:49+00:00</time>
      </trkpt>
      <trkpt lat="50.45366" lon="6.11242">
        <ele>496</ele>
        <time>2024-09-26T17:13:52+00:00</time>
      </trkpt>
      <trkpt lat="50.4536" lon="6.11227">
        <ele>493</ele>
        <time>2024-09-26T17:13:55+00:00</time>
      </trkpt>
      <trkpt lat="50.45352" lon="6.1121">
        <ele>496</ele>
        <time>2024-09-26T17:13:58+00:00</time>
      </trkpt>
      <trkpt lat="50.45345" lon="6.11199">
        <ele>505</ele>
        <time>2024-09-26T17:14:01+00:00</time>
      </trkpt>
      <trkpt lat="50.45333" lon="6.11189">
        <ele>500</ele>
        <time>2024-09-26T17:14:04+00:00</time>
      </trkpt>
      <trkpt lat="50.45326" lon="6.11181">
        <ele>504</ele>
        <time>2024-09-26T17:14:07+00:00</time>
      </trkpt>
      <trkpt lat="50.45318" lon="6.11163">
        <ele>502</ele>
        <time>2024-09-26T17:14:10+00:00</time>
      </trkpt>
      <trkpt lat="50.45308" lon="6.11144">
        <ele>505</ele>
        <time>2024-09-26T17:14:13+00:00</time>
      </trkpt>
      <trkpt lat="50.453" lon="6.11125">
        <ele>502</ele>
        <time>2024-09-26T17:14:16+00:00</time>
      </trkpt>
      <trkpt lat="50.45294" lon="6.11101">
        <ele>502</ele>
        <time>2024-09-26T17:14:19+00:00</time>
      </trkpt>
      <trkpt lat="50.45294" lon="6.11095">
        <ele>502</ele>
        <time>2024-09-26T17:14:22+00:00</time>
      </trkpt>
      <trkpt lat="50.45295" lon="6.11087">
        <ele>502</ele>
        <time>2024-09-26T17:14:25+00:00</time>
      </trkpt>
      <trkpt lat="50.45298" lon="6.11079">
        <ele>501</ele>
        <time>2024-09-26T17:14:28+00:00</time>
      </trkpt>
      <trkpt lat="50.45303" lon="6.11044">
        <ele>500</ele>
        <time>2024-09-26T17:14:31+00:00</time>
      </trkpt>
      <trkpt lat="50.45309" lon="6.11029">
        <ele>498</ele>
        <time>2024-09-26T17:14:34+00:00</time>
      </trkpt>
      <trkpt lat="50.45314" lon="6.11011">
        <ele>500</ele>
        <time>2024-09-26T17:14:37+00:00</time>
      </trkpt>
      <trkpt lat="50.45323" lon="6.10983">
        <ele>499</ele>
        <time>2024-09-26T17:14:40+00:00</time>
      </trkpt>
      <trkpt lat="50.45336" lon="6.10947">
        <ele>499</ele>
        <time>2024-09-26T17:14:43+00:00</time>
      </trkpt>
      <trkpt lat="50.45339" lon="6.10934">
        <ele>498</ele>
        <time>2024-09-26T17:14:46+00:00</time>
      </trkpt>
      <trkpt lat="50.45345" lon="6.10907">
        <ele>498</ele>
        <time>2024-09-26T17:14:49+00:00</time>
      </trkpt>
      <trkpt lat="50.45346" lon="6.10904">
        <ele>498</ele>
        <time>2024-09-26T17:14:52+00:00</time>
      </trkpt>
      <trkpt lat="50.45356" lon="6.10878">
        <ele>498</ele>
        <time>2024-09-26T17:14:55+00:00</time>
      </trkpt>
      <trkpt lat="50.45373" lon="6.10873">
        <ele>500</ele>
        <time>2024-09-26T17:14:58+00:00</time>
      </trkpt>
      <trkpt lat="50.45402" lon="6.1087">
        <ele>500</ele>
        <time>2024-09-26T17:15:01+00:00</time>
      </trkpt>
      <trkpt lat="50.45414" lon="6.10856">
        <ele>499</ele>
        <time>2024-09-26T17:15:04+00:00</time>
      </trkpt>
      <trkpt lat="50.45419" lon="6.10838">
        <ele>497</ele>
        <time>2024-09-26T17:15:07+00:00</time>
      </trkpt>
      <trkpt lat="50.45422" lon="6.10823">
        <ele>496</ele>
        <time>2024-09-26T17:15:10+00:00</time>
      </trkpt>
      <trkpt lat="50.45432" lon="6.10804">
        <ele>497</ele>
        <time>2024-09-26T17:15:13+00:00</time>
      </trkpt>
      <trkpt lat="50.45438" lon="6.10796">
        <ele>495</ele>
        <time>2024-09-26T17:15:16+00:00</time>
      </trkpt>
      <trkpt lat="50.45448" lon="6.10785">
        <ele>498</ele>
        <time>2024-09-26T17:15:19+00:00</time>
      </trkpt>
      <trkpt lat="50.45473" lon="6.1077">
        <ele>499</ele>
        <time>2024-09-26T17:15:22+00:00</time>
      </trkpt>
      <trkpt lat="50.45483" lon="6.10765">
        <ele>500</ele>
        <time>2024-09-26T17:15:25+00:00</time>
      </trkpt>
      <trkpt lat="50.45493" lon="6.10758">
        <ele>501</ele>
        <time>2024-09-26T17:15:28+00:00</time>
      </trkpt>
      <trkpt lat="50.45493" lon="6.10757">
        <ele>501</ele>
        <time>2024-09-26T17:15:31+00:00</time>
      </trkpt>
      <trkpt lat="50.45497" lon="6.10749">
        <ele>501</ele>
        <time>2024-09-26T17:15:34+00:00</time>
      </trkpt>
      <trkpt lat="50.45497" lon="6.10734">
        <ele>501</ele>
        <time>2024-09-26T17:15:37+00:00</time>
      </trkpt>
      <trkpt lat="50.45495" lon="6.10716">
        <ele>501</ele>
        <time>2024-09-26T17:15:40+00:00</time>
      </trkpt>
      <trkpt lat="50.45477" lon="6.10671">
        <ele>495</ele>
        <time>2024-09-26T17:15:43+00:00</time>
      </trkpt>
      <trkpt lat="50.4547" lon="6.10658">
        <ele>495</ele>
        <time>2024-09-26T17:15:46+00:00</time>
      </trkpt>
      <trkpt lat="50.45456" lon="6.10652">
        <ele>492</ele>
        <time>2024-09-26T17:15:49+00:00</time>
      </trkpt>
      <trkpt lat="50.45442" lon="6.10631">
        <ele>492</ele>
        <time>2024-09-26T17:15:52+00:00</time>
      </trkpt>
      <trkpt lat="50.45432" lon="6.10616">
        <ele>491</ele>
        <time>2024-09-26T17:15:55+00:00</time>
      </trkpt>
      <trkpt lat="50.45419" lon="6.10603">
        <ele>485</ele>
        <time>2024-09-26T17:15:58+00:00</time>
      </trkpt>
      <trkpt lat="50.4541" lon="6.10595">
        <ele>485</ele>
        <time>2024-09-26T17:16:01+00:00</time>
      </trkpt>
      <trkpt lat="50.45393" lon="6.10567">
        <ele>482</ele>
        <time>2024-09-26T17:16:04+00:00</time>
      </trkpt>
      <trkpt lat="50.45387" lon="6.10552">
        <ele>478</ele>
        <time>2024-09-26T17:16:07+00:00</time>
      </trkpt>
      <trkpt lat="50.45376" lon="6.10534">
        <ele>480</ele>
        <time>2024-09-26T17:16:10+00:00</time>
      </trkpt>
      <trkpt lat="50.45362" lon="6.10512">
        <ele>478</ele>
        <time>2024-09-26T17:16:13+00:00</time>
      </trkpt>
      <trkpt lat="50.45356" lon="6.10497">
        <ele>477</ele>
        <time>2024-09-26T17:16:16+00:00</time>
      </trkpt>
      <trkpt lat="50.45344" lon="6.10479">
        <ele>478</ele>
        <time>2024-09-26T17:16:19+00:00</time>
      </trkpt>
      <trkpt lat="50.45338" lon="6.10469">
        <ele>479</ele>
        <time>2024-09-26T17:16:22+00:00</time>
      </trkpt>
      <trkpt lat="50.45334" lon="6.10464">
        <ele>479</ele>
        <time>2024-09-26T17:16:25+00:00</time>
      </trkpt>
      <trkpt lat="50.45325" lon="6.10457">
        <ele>479</ele>
        <time>2024-09-26T17:16:28+00:00</time>
      </trkpt>
      <trkpt lat="50.45315" lon="6.10447">
        <ele>481</ele>
        <time>2024-09-26T17:16:31+00:00</time>
      </trkpt>
      <trkpt lat="50.45303" lon="6.10442">
        <ele>479</ele>
        <time>2024-09-26T17:16:34+00:00</time>
      </trkpt>
      <trkpt lat="50.45285" lon="6.10433">
        <ele>480</ele>
        <time>2024-09-26T17:16:37+00:00</time>
      </trkpt>
      <trkpt lat="50.45263" lon="6.10427">
        <ele>481</ele>
        <time>2024-09-26T17:16:40+00:00</time>
      </trkpt>
      <trkpt lat="50.45259" lon="6.10414">
        <ele>482</ele>
        <time>2024-09-26T17:16:43+00:00</time>
      </trkpt>
      <trkpt lat="50.45253" lon="6.10398">
        <ele>480</ele>
        <time>2024-09-26T17:16:46+00:00</time>
      </trkpt>
      <trkpt lat="50.45249" lon="6.10381">
        <ele>482</ele>
        <time>2024-09-26T17:16:49+00:00</time>
      </trkpt>
      <trkpt lat="50.45247" lon="6.10369">
        <ele>480</ele>
        <time>2024-09-26T17:16:52+00:00</time>
      </trkpt>
      <trkpt lat="50.45252" lon="6.10359">
        <ele>478</ele>
        <time>2024-09-26T17:16:55+00:00</time>
      </trkpt>
      <trkpt lat="50.45262" lon="6.10365">
        <ele>481</ele>
        <time>2024-09-26T17:16:58+00:00</time>
      </trkpt>
      <trkpt lat="50.45281" lon="6.10397">
        <ele>490</ele>
        <time>2024-09-26T17:17:01+00:00</time>
      </trkpt>
      <trkpt lat="50.45297" lon="6.10409">
        <ele>490</ele>
        <time>2024-09-26T17:17:04+00:00</time>
      </trkpt>
      <trkpt lat="50.45308" lon="6.10372">
        <ele>490</ele>
        <time>2024-09-26T17:17:07+00:00</time>
      </trkpt>
      <trkpt lat="50.45312" lon="6.10364">
        <ele>489</ele>
        <time>2024-09-26T17:17:10+00:00</time>
      </trkpt>
      <trkpt lat="50.45324" lon="6.10363">
        <ele>491</ele>
        <time>2024-09-26T17:17:13+00:00</time>
      </trkpt>
      <trkpt lat="50.45341" lon="6.10364">
        <ele>493</ele>
        <time>2024-09-26T17:17:16+00:00</time>
      </trkpt>
      <trkpt lat="50.45352" lon="6.10363">
        <ele>489</ele>
        <time>2024-09-26T17:17:19+00:00</time>
      </trkpt>
      <trkpt lat="50.45363" lon="6.10339">
        <ele>487</ele>
        <time>2024-09-26T17:17:22+00:00</time>
      </trkpt>
      <trkpt lat="50.45355" lon="6.10332">
        <ele>487</ele>
        <time>2024-09-26T17:17:25+00:00</time>
      </trkpt>
      <trkpt lat="50.4535" lon="6.10323">
        <ele>485</ele>
        <time>2024-09-26T17:17:28+00:00</time>
      </trkpt>
      <trkpt lat="50.45353" lon="6.10326">
        <ele>487</ele>
        <time>2024-09-26T17:17:31+00:00</time>
      </trkpt>
      <trkpt lat="50.45349" lon="6.10315">
        <ele>482</ele>
        <time>2024-09-26T17:17:34+00:00</time>
      </trkpt>
      <trkpt lat="50.45372" lon="6.10326">
        <ele>488</ele>
        <time>2024-09-26T17:17:37+00:00</time>
      </trkpt>
      <trkpt lat="50.45385" lon="6.10294">
        <ele>489</ele>
        <time>2024-09-26T17:17:40+00:00</time>
      </trkpt>
      <trkpt lat="50.45406" lon="6.10268">
        <ele>494</ele>
        <time>2024-09-26T17:17:43+00:00</time>
      </trkpt>
      <trkpt lat="50.45426" lon="6.1024">
        <ele>503</ele>
        <time>2024-09-26T17:17:46+00:00</time>
      </trkpt>
      <trkpt lat="50.45461" lon="6.10192">
        <ele>507</ele>
        <time>2024-09-26T17:17:49+00:00</time>
      </trkpt>
      <trkpt lat="50.45475" lon="6.10162">
        <ele>511</ele>
        <time>2024-09-26T17:17:52+00:00</time>
      </trkpt>
      <trkpt lat="50.45493" lon="6.10124">
        <ele>512</ele>
        <time>2024-09-26T17:17:55+00:00</time>
      </trkpt>
      <trkpt lat="50.455" lon="6.10085">
        <ele>512</ele>
        <time>2024-09-26T17:17:58+00:00</time>
      </trkpt>
      <trkpt lat="50.45512" lon="6.10046">
        <ele>515</ele>
        <time>2024-09-26T17:18:01+00:00</time>
      </trkpt>
      <trkpt lat="50.45528" lon="6.10021">
        <ele>516</ele>
        <time>2024-09-26T17:18:04+00:00</time>
      </trkpt>
      <trkpt lat="50.45546" lon="6.09993">
        <ele>519</ele>
        <time>2024-09-26T17:18:07+00:00</time>
      </trkpt>
      <trkpt lat="50.45566" lon="6.0997">
        <ele>524</ele>
        <time>2024-09-26T17:18:10+00:00</time>
      </trkpt>
      <trkpt lat="50.45594" lon="6.09937">
        <ele>524</ele>
        <time>2024-09-26T17:18:13+00:00</time>
      </trkpt>
      <trkpt lat="50.45615" lon="6.09921">
        <ele>524</ele>
        <time>2024-09-26T17:18:16+00:00</time>
      </trkpt>
      <trkpt lat="50.4564" lon="6.09902">
        <ele>523</ele>
        <time>2024-09-26T17:18:19+00:00</time>
      </trkpt>
      <trkpt lat="50.45657" lon="6.09875">
        <ele>523</ele>
        <time>2024-09-26T17:18:22+00:00</time>
      </trkpt>
      <trkpt lat="50.4568" lon="6.0984">
        <ele>524</ele>
        <time>2024-09-26T17:18:25+00:00</time>
      </trkpt>
      <trkpt lat="50.45688" lon="6.09801">
        <ele>525</ele>
        <time>2024-09-26T17:18:28+00:00</time>
      </trkpt>
      <trkpt lat="50.45701" lon="6.09743">
        <ele>529</ele>
        <time>2024-09-26T17:18:31+00:00</time>
      </trkpt>
      <trkpt lat="50.45738" lon="6.09736">
        <ele>530</ele>
        <time>2024-09-26T17:18:34+00:00</time>
      </trkpt>
      <trkpt lat="50.45717" lon="6.09695">
        <ele>528</ele>
        <time>2024-09-26T17:18:37+00:00</time>
      </trkpt>
      <trkpt lat="50.45696" lon="6.09657">
        <ele>526</ele>
        <time>2024-09-26T17:18:40+00:00</time>
      </trkpt>
      <trkpt lat="50.45682" lon="6.09602">
        <ele>526</ele>
        <time>2024-09-26T17:18:43+00:00</time>
      </trkpt>
      <trkpt lat="50.45682" lon="6.0964">
        <ele>524</ele>
        <time>2024-09-26T17:18:46+00:00</time>
      </trkpt>
      <trkpt lat="50.45682" lon="6.09687">
        <ele>522</ele>
        <time>2024-09-26T17:18:49+00:00</time>
      </trkpt>
      <trkpt lat="50.45662" lon="6.09722">
        <ele>515</ele>
        <time>2024-09-26T17:18:52+00:00</time>
      </trkpt>
      <trkpt lat="50.45654" lon="6.0976">
        <ele>513</ele>
        <time>2024-09-26T17:18:55+00:00</time>
      </trkpt>
      <trkpt lat="50.45643" lon="6.09815">
        <ele>513</ele>
        <time>2024-09-26T17:18:58+00:00</time>
      </trkpt>
      <trkpt lat="50.4562" lon="6.09848">
        <ele>508</ele>
        <time>2024-09-26T17:19:01+00:00</time>
      </trkpt>
      <trkpt lat="50.45589" lon="6.09876">
        <ele>500</ele>
        <time>2024-09-26T17:19:04+00:00</time>
      </trkpt>
      <trkpt lat="50.45565" lon="6.09895">
        <ele>500</ele>
        <time>2024-09-26T17:19:07+00:00</time>
      </trkpt>
      <trkpt lat="50.45525" lon="6.09927">
        <ele>493</ele>
        <time>2024-09-26T17:19:10+00:00</time>
      </trkpt>
      <trkpt lat="50.45503" lon="6.09944">
        <ele>491</ele>
        <time>2024-09-26T17:19:13+00:00</time>
      </trkpt>
      <trkpt lat="50.45471" lon="6.09968">
        <ele>483</ele>
        <time>2024-09-26T17:19:16+00:00</time>
      </trkpt>
      <trkpt lat="50.45447" lon="6.09983">
        <ele>475</ele>
        <time>2024-09-26T17:19:19+00:00</time>
      </trkpt>
      <trkpt lat="50.45411" lon="6.10006">
        <ele>474</ele>
        <time>2024-09-26T17:19:22+00:00</time>
      </trkpt>
      <trkpt lat="50.45416" lon="6.10073">
        <ele>474</ele>
        <time>2024-09-26T17:19:25+00:00</time>
      </trkpt>
      <trkpt lat="50.45413" lon="6.10125">
        <ele>474</ele>
        <time>2024-09-26T17:19:28+00:00</time>
      </trkpt>
      <trkpt lat="50.45405" lon="6.10131">
        <ele>469</ele>
        <time>2024-09-26T17:19:31+00:00</time>
      </trkpt>
      <trkpt lat="50.45398" lon="6.10106">
        <ele>465</ele>
        <time>2024-09-26T17:19:34+00:00</time>
      </trkpt>
      <trkpt lat="50.45394" lon="6.10098">
        <ele>464</ele>
        <time>2024-09-26T17:19:37+00:00</time>
      </trkpt>
      <trkpt lat="50.45394" lon="6.1009">
        <ele>464</ele>
        <time>2024-09-26T17:19:40+00:00</time>
      </trkpt>
      <trkpt lat="50.4539" lon="6.10086">
        <ele>464</ele>
        <time>2024-09-26T17:19:43+00:00</time>
      </trkpt>
      <trkpt lat="50.4538" lon="6.10063">
        <ele>457</ele>
        <time>2024-09-26T17:19:46+00:00</time>
      </trkpt>
      <trkpt lat="50.45378" lon="6.1005">
        <ele>457</ele>
        <time>2024-09-26T17:19:49+00:00</time>
      </trkpt>
      <trkpt lat="50.45373" lon="6.1003">
        <ele>457</ele>
        <time>2024-09-26T17:19:52+00:00</time>
      </trkpt>
      <trkpt lat="50.45367" lon="6.10011">
        <ele>453</ele>
        <time>2024-09-26T17:19:55+00:00</time>
      </trkpt>
      <trkpt lat="50.45366" lon="6.09987">
        <ele>451</ele>
        <time>2024-09-26T17:19:58+00:00</time>
      </trkpt>
      <trkpt lat="50.45366" lon="6.09974">
        <ele>450</ele>
        <time>2024-09-26T17:20:01+00:00</time>
      </trkpt>
      <trkpt lat="50.45364" lon="6.09966">
        <ele>448</ele>
        <time>2024-09-26T17:20:04+00:00</time>
      </trkpt>
      <trkpt lat="50.45363" lon="6.09965">
        <ele>448</ele>
        <time>2024-09-26T17:20:07+00:00</time>
      </trkpt>
      <trkpt lat="50.45354" lon="6.09974">
        <ele>449</ele>
        <time>2024-09-26T17:20:10+00:00</time>
      </trkpt>
      <trkpt lat="50.4534" lon="6.10007">
        <ele>448</ele>
        <time>2024-09-26T17:20:13+00:00</time>
      </trkpt>
      <trkpt lat="50.45336" lon="6.10006">
        <ele>448</ele>
        <time>2024-09-26T17:20:16+00:00</time>
      </trkpt>
      <trkpt lat="50.45336" lon="6.10004">
        <ele>448</ele>
        <time>2024-09-26T17:20:19+00:00</time>
      </trkpt>
      <trkpt lat="50.45335" lon="6.09997">
        <ele>447</ele>
        <time>2024-09-26T17:20:22+00:00</time>
      </trkpt>
      <trkpt lat="50.45334" lon="6.09987">
        <ele>446</ele>
        <time>2024-09-26T17:20:25+00:00</time>
      </trkpt>
      <trkpt lat="50.45333" lon="6.09967">
        <ele>440</ele>
        <time>2024-09-26T17:20:28+00:00</time>
      </trkpt>
      <trkpt lat="50.45332" lon="6.09957">
        <ele>433</ele>
        <time>2024-09-26T17:20:31+00:00</time>
      </trkpt>
      <trkpt lat="50.45334" lon="6.0995">
        <ele>431</ele>
        <time>2024-09-26T17:20:34+00:00</time>
      </trkpt>
      <trkpt lat="50.45336" lon="6.09943">
        <ele>431</ele>
        <time>2024-09-26T17:20:37+00:00</time>
      </trkpt>
      <trkpt lat="50.45344" lon="6.09927">
        <ele>437</ele>
        <time>2024-09-26T17:20:40+00:00</time>
      </trkpt>
      <trkpt lat="50.45351" lon="6.09919">
        <ele>434</ele>
        <time>2024-09-26T17:20:43+00:00</time>
      </trkpt>
      <trkpt lat="50.45362" lon="6.09902">
        <ele>435</ele>
        <time>2024-09-26T17:20:46+00:00</time>
      </trkpt>
      <trkpt lat="50.45365" lon="6.09898">
        <ele>435</ele>
        <time>2024-09-26T17:20:49+00:00</time>
      </trkpt>
      <trkpt lat="50.45372" lon="6.09892">
        <ele>436</ele>
        <time>2024-09-26T17:20:52+00:00</time>
      </trkpt>
      <trkpt lat="50.4538" lon="6.09883">
        <ele>434</ele>
        <time>2024-09-26T17:20:55+00:00</time>
      </trkpt>
      <trkpt lat="50.45409" lon="6.0986">
        <ele>433</ele>
        <time>2024-09-26T17:20:58+00:00</time>
      </trkpt>
      <trkpt lat="50.4542" lon="6.09855">
        <ele>427</ele>
        <time>2024-09-26T17:21:01+00:00</time>
      </trkpt>
      <trkpt lat="50.45428" lon="6.0985">
        <ele>433</ele>
        <time>2024-09-26T17:21:04+00:00</time>
      </trkpt>
      <trkpt lat="50.45449" lon="6.09835">
        <ele>432</ele>
        <time>2024-09-26T17:21:07+00:00</time>
      </trkpt>
      <trkpt lat="50.45462" lon="6.09822">
        <ele>434</ele>
        <time>2024-09-26T17:21:10+00:00</time>
      </trkpt>
      <trkpt lat="50.45473" lon="6.0981">
        <ele>431</ele>
        <time>2024-09-26T17:21:13+00:00</time>
      </trkpt>
      <trkpt lat="50.45494" lon="6.09782">
        <ele>433</ele>
        <time>2024-09-26T17:21:16+00:00</time>
      </trkpt>
      <trkpt lat="50.45498" lon="6.09777">
        <ele>434</ele>
        <time>2024-09-26T17:21:19+00:00</time>
      </trkpt>
      <trkpt lat="50.45509" lon="6.09764">
        <ele>435</ele>
        <time>2024-09-26T17:21:22+00:00</time>
      </trkpt>
      <trkpt lat="50.45536" lon="6.09724">
        <ele>435</ele>
        <time>2024-09-26T17:21:25+00:00</time>
      </trkpt>
      <trkpt lat="50.45543" lon="6.09708">
        <ele>432</ele>
        <time>2024-09-26T17:21:28+00:00</time>
      </trkpt>
      <trkpt lat="50.45545" lon="6.09688">
        <ele>434</ele>
        <time>2024-09-26T17:21:31+00:00</time>
      </trkpt>
      <trkpt lat="50.45541" lon="6.09672">
        <ele>434</ele>
        <time>2024-09-26T17:21:34+00:00</time>
      </trkpt>
      <trkpt lat="50.45532" lon="6.0966">
        <ele>434</ele>
        <time>2024-09-26T17:21:37+00:00</time>
      </trkpt>
      <trkpt lat="50.45517" lon="6.09645">
        <ele>436</ele>
        <time>2024-09-26T17:21:40+00:00</time>
      </trkpt>
      <trkpt lat="50.45505" lon="6.0963">
        <ele>438</ele>
        <time>2024-09-26T17:21:43+00:00</time>
      </trkpt>
      <trkpt lat="50.455" lon="6.09617">
        <ele>439</ele>
        <time>2024-09-26T17:21:46+00:00</time>
      </trkpt>
      <trkpt lat="50.45498" lon="6.096">
        <ele>445</ele>
        <time>2024-09-26T17:21:49+00:00</time>
      </trkpt>
      <trkpt lat="50.45498" lon="6.09579">
        <ele>433</ele>
        <time>2024-09-26T17:21:52+00:00</time>
      </trkpt>
      <trkpt lat="50.45499" lon="6.09559">
        <ele>437</ele>
        <time>2024-09-26T17:21:55+00:00</time>
      </trkpt>
      <trkpt lat="50.45501" lon="6.09532">
        <ele>428</ele>
        <time>2024-09-26T17:21:58+00:00</time>
      </trkpt>
      <trkpt lat="50.4551" lon="6.09481">
        <ele>425</ele>
        <time>2024-09-26T17:22:01+00:00</time>
      </trkpt>
      <trkpt lat="50.45512" lon="6.09465">
        <ele>416</ele>
        <time>2024-09-26T17:22:04+00:00</time>
      </trkpt>
      <trkpt lat="50.4551" lon="6.09448">
        <ele>421</ele>
        <time>2024-09-26T17:22:07+00:00</time>
      </trkpt>
      <trkpt lat="50.45508" lon="6.09442">
        <ele>420</ele>
        <time>2024-09-26T17:22:10+00:00</time>
      </trkpt>
      <trkpt lat="50.45502" lon="6.09426">
        <ele>418</ele>
        <time>2024-09-26T17:22:13+00:00</time>
      </trkpt>
      <trkpt lat="50.45505" lon="6.09414">
        <ele>423</ele>
        <time>2024-09-26T17:22:16+00:00</time>
      </trkpt>
      <trkpt lat="50.45498" lon="6.09395">
        <ele>418</ele>
        <time>2024-09-26T17:22:19+00:00</time>
      </trkpt>
      <trkpt lat="50.45489" lon="6.09369">
        <ele>426</ele>
        <time>2024-09-26T17:22:22+00:00</time>
      </trkpt>
      <trkpt lat="50.45481" lon="6.09351">
        <ele>428</ele>
        <time>2024-09-26T17:22:25+00:00</time>
      </trkpt>
      <trkpt lat="50.45475" lon="6.09331">
        <ele>427</ele>
        <time>2024-09-26T17:22:28+00:00</time>
      </trkpt>
      <trkpt lat="50.4547" lon="6.09313">
        <ele>428</ele>
        <time>2024-09-26T17:22:31+00:00</time>
      </trkpt>
      <trkpt lat="50.45472" lon="6.09298">
        <ele>429</ele>
        <time>2024-09-26T17:22:34+00:00</time>
      </trkpt>
      <trkpt lat="50.45473" lon="6.09289">
        <ele>429</ele>
        <time>2024-09-26T17:22:37+00:00</time>
      </trkpt>
      <trkpt lat="50.45475" lon="6.09281">
        <ele>429</ele>
        <time>2024-09-26T17:22:40+00:00</time>
      </trkpt>
      <trkpt lat="50.45479" lon="6.09266">
        <ele>430</ele>
        <time>2024-09-26T17:22:43+00:00</time>
      </trkpt>
      <trkpt lat="50.4548" lon="6.09249">
        <ele>432</ele>
        <time>2024-09-26T17:22:46+00:00</time>
      </trkpt>
      <trkpt lat="50.45475" lon="6.09231">
        <ele>430</ele>
        <time>2024-09-26T17:22:49+00:00</time>
      </trkpt>
      <trkpt lat="50.45467" lon="6.09215">
        <ele>426</ele>
        <time>2024-09-26T17:22:52+00:00</time>
      </trkpt>
      <trkpt lat="50.45459" lon="6.09197">
        <ele>431</ele>
        <time>2024-09-26T17:22:55+00:00</time>
      </trkpt>
      <trkpt lat="50.45447" lon="6.0917">
        <ele>432</ele>
        <time>2024-09-26T17:22:58+00:00</time>
      </trkpt>
      <trkpt lat="50.45442" lon="6.09143">
        <ele>432</ele>
        <time>2024-09-26T17:23:01+00:00</time>
      </trkpt>
      <trkpt lat="50.45439" lon="6.0912">
        <ele>430</ele>
        <time>2024-09-26T17:23:04+00:00</time>
      </trkpt>
      <trkpt lat="50.45434" lon="6.09086">
        <ele>434</ele>
        <time>2024-09-26T17:23:07+00:00</time>
      </trkpt>
      <trkpt lat="50.45457" lon="6.09093">
        <ele>436</ele>
        <time>2024-09-26T17:23:10+00:00</time>
      </trkpt>
      <trkpt lat="50.45477" lon="6.09106">
        <ele>444</ele>
        <time>2024-09-26T17:23:13+00:00</time>
      </trkpt>
      <trkpt lat="50.45495" lon="6.09136">
        <ele>448</ele>
        <time>2024-09-26T17:23:16+00:00</time>
      </trkpt>
      <trkpt lat="50.45523" lon="6.09109">
        <ele>452</ele>
        <time>2024-09-26T17:23:19+00:00</time>
      </trkpt>
      <trkpt lat="50.45548" lon="6.09086">
        <ele>469</ele>
        <time>2024-09-26T17:23:22+00:00</time>
      </trkpt>
      <trkpt lat="50.4557" lon="6.09072">
        <ele>488</ele>
        <time>2024-09-26T17:23:25+00:00</time>
      </trkpt>
      <trkpt lat="50.45587" lon="6.09078">
        <ele>491</ele>
        <time>2024-09-26T17:23:28+00:00</time>
      </trkpt>
      <trkpt lat="50.45604" lon="6.09086">
        <ele>499</ele>
        <time>2024-09-26T17:23:31+00:00</time>
      </trkpt>
      <trkpt lat="50.4562" lon="6.09089">
        <ele>501</ele>
        <time>2024-09-26T17:23:34+00:00</time>
      </trkpt>
      <trkpt lat="50.45629" lon="6.09081">
        <ele>497</ele>
        <time>2024-09-26T17:23:37+00:00</time>
      </trkpt>
      <trkpt lat="50.45647" lon="6.09078">
        <ele>498</ele>
        <time>2024-09-26T17:23:40+00:00</time>
      </trkpt>
      <trkpt lat="50.45668" lon="6.0908">
        <ele>500</ele>
        <time>2024-09-26T17:23:43+00:00</time>
      </trkpt>
      <trkpt lat="50.45688" lon="6.09086">
        <ele>502</ele>
        <time>2024-09-26T17:23:46+00:00</time>
      </trkpt>
      <trkpt lat="50.45705" lon="6.09098">
        <ele>504</ele>
        <time>2024-09-26T17:23:49+00:00</time>
      </trkpt>
      <trkpt lat="50.45719" lon="6.09117">
        <ele>505</ele>
        <time>2024-09-26T17:23:52+00:00</time>
      </trkpt>
      <trkpt lat="50.45741" lon="6.09142">
        <ele>508</ele>
        <time>2024-09-26T17:23:55+00:00</time>
      </trkpt>
      <trkpt lat="50.45777" lon="6.09183">
        <ele>509</ele>
        <time>2024-09-26T17:23:58+00:00</time>
      </trkpt>
      <trkpt lat="50.45806" lon="6.09216">
        <ele>510</ele>
        <time>2024-09-26T17:24:01+00:00</time>
      </trkpt>
      <trkpt lat="50.45824" lon="6.09235">
        <ele>510</ele>
        <time>2024-09-26T17:24:04+00:00</time>
      </trkpt>
      <trkpt lat="50.45842" lon="6.09254">
        <ele>512</ele>
        <time>2024-09-26T17:24:07+00:00</time>
      </trkpt>
      <trkpt lat="50.45861" lon="6.09275">
        <ele>514</ele>
        <time>2024-09-26T17:24:10+00:00</time>
      </trkpt>
      <trkpt lat="50.45885" lon="6.09303">
        <ele>515</ele>
        <time>2024-09-26T17:24:13+00:00</time>
      </trkpt>
      <trkpt lat="50.45911" lon="6.09315">
        <ele>516</ele>
        <time>2024-09-26T17:24:16+00:00</time>
      </trkpt>
      <trkpt lat="50.45926" lon="6.09325">
        <ele>521</ele>
        <time>2024-09-26T17:24:19+00:00</time>
      </trkpt>
      <trkpt lat="50.45941" lon="6.0934">
        <ele>518</ele>
        <time>2024-09-26T17:24:22+00:00</time>
      </trkpt>
      <trkpt lat="50.45961" lon="6.09362">
        <ele>517</ele>
        <time>2024-09-26T17:24:25+00:00</time>
      </trkpt>
      <trkpt lat="50.45981" lon="6.09371">
        <ele>517</ele>
        <time>2024-09-26T17:24:28+00:00</time>
      </trkpt>
      <trkpt lat="50.45995" lon="6.09365">
        <ele>516</ele>
        <time>2024-09-26T17:24:31+00:00</time>
      </trkpt>
      <trkpt lat="50.46018" lon="6.09355">
        <ele>513</ele>
        <time>2024-09-26T17:24:34+00:00</time>
      </trkpt>
      <trkpt lat="50.46041" lon="6.09333">
        <ele>512</ele>
        <time>2024-09-26T17:24:37+00:00</time>
      </trkpt>
      <trkpt lat="50.46063" lon="6.09315">
        <ele>512</ele>
        <time>2024-09-26T17:24:40+00:00</time>
      </trkpt>
      <trkpt lat="50.46075" lon="6.09287">
        <ele>509</ele>
        <time>2024-09-26T17:24:43+00:00</time>
      </trkpt>
      <trkpt lat="50.46087" lon="6.09259">
        <ele>507</ele>
        <time>2024-09-26T17:24:46+00:00</time>
      </trkpt>
      <trkpt lat="50.46096" lon="6.09253">
        <ele>503</ele>
        <time>2024-09-26T17:24:49+00:00</time>
      </trkpt>
      <trkpt lat="50.46105" lon="6.0927">
        <ele>510</ele>
        <time>2024-09-26T17:24:52+00:00</time>
      </trkpt>
      <trkpt lat="50.4611" lon="6.09308">
        <ele>513</ele>
        <time>2024-09-26T17:24:55+00:00</time>
      </trkpt>
      <trkpt lat="50.46111" lon="6.0934">
        <ele>514</ele>
        <time>2024-09-26T17:24:58+00:00</time>
      </trkpt>
      <trkpt lat="50.46133" lon="6.09362">
        <ele>514</ele>
        <time>2024-09-26T17:25:01+00:00</time>
      </trkpt>
      <trkpt lat="50.46164" lon="6.09394">
        <ele>514</ele>
        <time>2024-09-26T17:25:04+00:00</time>
      </trkpt>
      <trkpt lat="50.46184" lon="6.09416">
        <ele>513</ele>
        <time>2024-09-26T17:25:07+00:00</time>
      </trkpt>
      <trkpt lat="50.46211" lon="6.09444">
        <ele>512</ele>
        <time>2024-09-26T17:25:10+00:00</time>
      </trkpt>
      <trkpt lat="50.46228" lon="6.0947">
        <ele>510</ele>
        <time>2024-09-26T17:25:13+00:00</time>
      </trkpt>
      <trkpt lat="50.46238" lon="6.09509">
        <ele>508</ele>
        <time>2024-09-26T17:25:16+00:00</time>
      </trkpt>
      <trkpt lat="50.46264" lon="6.09538">
        <ele>507</ele>
        <time>2024-09-26T17:25:19+00:00</time>
      </trkpt>
      <trkpt lat="50.46291" lon="6.09537">
        <ele>507</ele>
        <time>2024-09-26T17:25:22+00:00</time>
      </trkpt>
      <trkpt lat="50.46321" lon="6.09517">
        <ele>507</ele>
        <time>2024-09-26T17:25:25+00:00</time>
      </trkpt>
      <trkpt lat="50.46306" lon="6.09488">
        <ele>503</ele>
        <time>2024-09-26T17:25:28+00:00</time>
      </trkpt>
      <trkpt lat="50.46303" lon="6.09466">
        <ele>503</ele>
        <time>2024-09-26T17:25:31+00:00</time>
      </trkpt>
      <trkpt lat="50.46297" lon="6.0944">
        <ele>500</ele>
        <time>2024-09-26T17:25:34+00:00</time>
      </trkpt>
      <trkpt lat="50.46288" lon="6.09424">
        <ele>497</ele>
        <time>2024-09-26T17:25:37+00:00</time>
      </trkpt>
      <trkpt lat="50.46278" lon="6.09405">
        <ele>498</ele>
        <time>2024-09-26T17:25:40+00:00</time>
      </trkpt>
      <trkpt lat="50.46263" lon="6.09384">
        <ele>498</ele>
        <time>2024-09-26T17:25:43+00:00</time>
      </trkpt>
      <trkpt lat="50.46248" lon="6.09364">
        <ele>494</ele>
        <time>2024-09-26T17:25:46+00:00</time>
      </trkpt>
      <trkpt lat="50.46238" lon="6.09345">
        <ele>492</ele>
        <time>2024-09-26T17:25:49+00:00</time>
      </trkpt>
      <trkpt lat="50.46229" lon="6.09326">
        <ele>491</ele>
        <time>2024-09-26T17:25:52+00:00</time>
      </trkpt>
      <trkpt lat="50.46221" lon="6.09311">
        <ele>490</ele>
        <time>2024-09-26T17:25:55+00:00</time>
      </trkpt>
      <trkpt lat="50.46216" lon="6.09292">
        <ele>487</ele>
        <time>2024-09-26T17:25:58+00:00</time>
      </trkpt>
      <trkpt lat="50.46211" lon="6.09264">
        <ele>483</ele>
        <time>2024-09-26T17:26:01+00:00</time>
      </trkpt>
      <trkpt lat="50.46206" lon="6.0923">
        <ele>481</ele>
        <time>2024-09-26T17:26:04+00:00</time>
      </trkpt>
      <trkpt lat="50.46199" lon="6.09173">
        <ele>476</ele>
        <time>2024-09-26T17:26:07+00:00</time>
      </trkpt>
      <trkpt lat="50.4619" lon="6.09156">
        <ele>473</ele>
        <time>2024-09-26T17:26:10+00:00</time>
      </trkpt>
      <trkpt lat="50.46173" lon="6.09144">
        <ele>474</ele>
        <time>2024-09-26T17:26:13+00:00</time>
      </trkpt>
      <trkpt lat="50.46163" lon="6.09131">
        <ele>474</ele>
        <time>2024-09-26T17:26:16+00:00</time>
      </trkpt>
      <trkpt lat="50.46144" lon="6.09115">
        <ele>471</ele>
        <time>2024-09-26T17:26:19+00:00</time>
      </trkpt>
      <trkpt lat="50.46125" lon="6.09089">
        <ele>463</ele>
        <time>2024-09-26T17:26:22+00:00</time>
      </trkpt>
      <trkpt lat="50.46111" lon="6.09071">
        <ele>459</ele>
        <time>2024-09-26T17:26:25+00:00</time>
      </trkpt>
      <trkpt lat="50.46101" lon="6.09053">
        <ele>453</ele>
        <time>2024-09-26T17:26:28+00:00</time>
      </trkpt>
      <trkpt lat="50.46095" lon="6.09038">
        <ele>457</ele>
        <time>2024-09-26T17:26:31+00:00</time>
      </trkpt>
      <trkpt lat="50.46092" lon="6.08985">
        <ele>459</ele>
        <time>2024-09-26T17:26:34+00:00</time>
      </trkpt>
      <trkpt lat="50.46101" lon="6.08943">
        <ele>462</ele>
        <time>2024-09-26T17:26:37+00:00</time>
      </trkpt>
      <trkpt lat="50.46112" lon="6.08907">
        <ele>462</ele>
        <time>2024-09-26T17:26:40+00:00</time>
      </trkpt>
      <trkpt lat="50.46127" lon="6.08855">
        <ele>464</ele>
        <time>2024-09-26T17:26:43+00:00</time>
      </trkpt>
      <trkpt lat="50.46131" lon="6.0885">
        <ele>470</ele>
        <time>2024-09-26T17:26:46+00:00</time>
      </trkpt>
      <trkpt lat="50.46136" lon="6.08841">
        <ele>470</ele>
        <time>2024-09-26T17:26:49+00:00</time>
      </trkpt>
      <trkpt lat="50.46156" lon="6.08818">
        <ele>463</ele>
        <time>2024-09-26T17:26:52+00:00</time>
      </trkpt>
      <trkpt lat="50.46166" lon="6.08809">
        <ele>466</ele>
        <time>2024-09-26T17:26:55+00:00</time>
      </trkpt>
      <trkpt lat="50.46174" lon="6.08802">
        <ele>462</ele>
        <time>2024-09-26T17:26:58+00:00</time>
      </trkpt>
      <trkpt lat="50.46176" lon="6.08804">
        <ele>462</ele>
        <time>2024-09-26T17:27:01+00:00</time>
      </trkpt>
      <trkpt lat="50.46182" lon="6.0882">
        <ele>453</ele>
        <time>2024-09-26T17:27:04+00:00</time>
      </trkpt>
      <trkpt lat="50.4619" lon="6.08834">
        <ele>462</ele>
        <time>2024-09-26T17:27:07+00:00</time>
      </trkpt>
      <trkpt lat="50.462" lon="6.08859">
        <ele>462</ele>
        <time>2024-09-26T17:27:10+00:00</time>
      </trkpt>
      <trkpt lat="50.46209" lon="6.08872">
        <ele>464</ele>
        <time>2024-09-26T17:27:13+00:00</time>
      </trkpt>
      <trkpt lat="50.46223" lon="6.08889">
        <ele>453</ele>
        <time>2024-09-26T17:27:16+00:00</time>
      </trkpt>
      <trkpt lat="50.46241" lon="6.08899">
        <ele>451</ele>
        <time>2024-09-26T17:27:19+00:00</time>
      </trkpt>
      <trkpt lat="50.46264" lon="6.08899">
        <ele>451</ele>
        <time>2024-09-26T17:27:22+00:00</time>
      </trkpt>
      <trkpt lat="50.46284" lon="6.08891">
        <ele>450</ele>
        <time>2024-09-26T17:27:25+00:00</time>
      </trkpt>
      <trkpt lat="50.46306" lon="6.08876">
        <ele>450</ele>
        <time>2024-09-26T17:27:28+00:00</time>
      </trkpt>
      <trkpt lat="50.46336" lon="6.08856">
        <ele>450</ele>
        <time>2024-09-26T17:27:31+00:00</time>
      </trkpt>
      <trkpt lat="50.46352" lon="6.0883">
        <ele>453</ele>
        <time>2024-09-26T17:27:34+00:00</time>
      </trkpt>
      <trkpt lat="50.4636" lon="6.08824">
        <ele>460</ele>
        <time>2024-09-26T17:27:37+00:00</time>
      </trkpt>
      <trkpt lat="50.4637" lon="6.08824">
        <ele>455</ele>
        <time>2024-09-26T17:27:40+00:00</time>
      </trkpt>
      <trkpt lat="50.46386" lon="6.0883">
        <ele>456</ele>
        <time>2024-09-26T17:27:43+00:00</time>
      </trkpt>
      <trkpt lat="50.46403" lon="6.08855">
        <ele>457</ele>
        <time>2024-09-26T17:27:46+00:00</time>
      </trkpt>
      <trkpt lat="50.46415" lon="6.08874">
        <ele>459</ele>
        <time>2024-09-26T17:27:49+00:00</time>
      </trkpt>
      <trkpt lat="50.46427" lon="6.08887">
        <ele>459</ele>
        <time>2024-09-26T17:27:52+00:00</time>
      </trkpt>
      <trkpt lat="50.4643" lon="6.08896">
        <ele>458</ele>
        <time>2024-09-26T17:27:55+00:00</time>
      </trkpt>
      <trkpt lat="50.46438" lon="6.0891">
        <ele>464</ele>
        <time>2024-09-26T17:27:58+00:00</time>
      </trkpt>
      <trkpt lat="50.46449" lon="6.0894">
        <ele>464</ele>
        <time>2024-09-26T17:28:01+00:00</time>
      </trkpt>
      <trkpt lat="50.46468" lon="6.0897">
        <ele>466</ele>
        <time>2024-09-26T17:28:04+00:00</time>
      </trkpt>
      <trkpt lat="50.46487" lon="6.09001">
        <ele>465</ele>
        <time>2024-09-26T17:28:07+00:00</time>
      </trkpt>
      <trkpt lat="50.465" lon="6.09009">
        <ele>468</ele>
        <time>2024-09-26T17:28:10+00:00</time>
      </trkpt>
      <trkpt lat="50.46518" lon="6.09012">
        <ele>466</ele>
        <time>2024-09-26T17:28:13+00:00</time>
      </trkpt>
      <trkpt lat="50.4654" lon="6.0901">
        <ele>468</ele>
        <time>2024-09-26T17:28:16+00:00</time>
      </trkpt>
      <trkpt lat="50.46548" lon="6.09013">
        <ele>472</ele>
        <time>2024-09-26T17:28:19+00:00</time>
      </trkpt>
      <trkpt lat="50.46557" lon="6.09018">
        <ele>472</ele>
        <time>2024-09-26T17:28:22+00:00</time>
      </trkpt>
      <trkpt lat="50.4657" lon="6.09039">
        <ele>476</ele>
        <time>2024-09-26T17:28:25+00:00</time>
      </trkpt>
      <trkpt lat="50.46578" lon="6.09073">
        <ele>486</ele>
        <time>2024-09-26T17:28:28+00:00</time>
      </trkpt>
      <trkpt lat="50.46598" lon="6.09112">
        <ele>486</ele>
        <time>2024-09-26T17:28:31+00:00</time>
      </trkpt>
      <trkpt lat="50.46608" lon="6.0913">
        <ele>488</ele>
        <time>2024-09-26T17:28:34+00:00</time>
      </trkpt>
      <trkpt lat="50.46627" lon="6.09152">
        <ele>486</ele>
        <time>2024-09-26T17:28:37+00:00</time>
      </trkpt>
      <trkpt lat="50.46639" lon="6.09171">
        <ele>486</ele>
        <time>2024-09-26T17:28:40+00:00</time>
      </trkpt>
      <trkpt lat="50.46653" lon="6.0918">
        <ele>480</ele>
        <time>2024-09-26T17:28:43+00:00</time>
      </trkpt>
      <trkpt lat="50.46667" lon="6.0918">
        <ele>475</ele>
        <time>2024-09-26T17:28:46+00:00</time>
      </trkpt>
      <trkpt lat="50.46678" lon="6.09178">
        <ele>472</ele>
        <time>2024-09-26T17:28:49+00:00</time>
      </trkpt>
      <trkpt lat="50.46701" lon="6.09162">
        <ele>469</ele>
        <time>2024-09-26T17:28:52+00:00</time>
      </trkpt>
      <trkpt lat="50.46718" lon="6.09154">
        <ele>467</ele>
        <time>2024-09-26T17:28:55+00:00</time>
      </trkpt>
      <trkpt lat="50.46729" lon="6.09155">
        <ele>469</ele>
        <time>2024-09-26T17:28:58+00:00</time>
      </trkpt>
      <trkpt lat="50.46754" lon="6.09157">
        <ele>469</ele>
        <time>2024-09-26T17:29:01+00:00</time>
      </trkpt>
      <trkpt lat="50.46763" lon="6.09163">
        <ele>472</ele>
        <time>2024-09-26T17:29:04+00:00</time>
      </trkpt>
      <trkpt lat="50.46786" lon="6.09176">
        <ele>473</ele>
        <time>2024-09-26T17:29:07+00:00</time>
      </trkpt>
      <trkpt lat="50.46803" lon="6.09189">
        <ele>474</ele>
        <time>2024-09-26T17:29:10+00:00</time>
      </trkpt>
      <trkpt lat="50.46812" lon="6.092">
        <ele>475</ele>
        <time>2024-09-26T17:29:13+00:00</time>
      </trkpt>
      <trkpt lat="50.46827" lon="6.09203">
        <ele>473</ele>
        <time>2024-09-26T17:29:16+00:00</time>
      </trkpt>
      <trkpt lat="50.46839" lon="6.09209">
        <ele>473</ele>
        <time>2024-09-26T17:29:19+00:00</time>
      </trkpt>
      <trkpt lat="50.46849" lon="6.09212">
        <ele>476</ele>
        <time>2024-09-26T17:29:22+00:00</time>
      </trkpt>
      <trkpt lat="50.46867" lon="6.09224">
        <ele>479</ele>
        <time>2024-09-26T17:29:25+00:00</time>
      </trkpt>
      <trkpt lat="50.46881" lon="6.09234">
        <ele>480</ele>
        <time>2024-09-26T17:29:28+00:00</time>
      </trkpt>
      <trkpt lat="50.46892" lon="6.0925">
        <ele>477</ele>
        <time>2024-09-26T17:29:31+00:00</time>
      </trkpt>
      <trkpt lat="50.46901" lon="6.09266">
        <ele>479</ele>
        <time>2024-09-26T17:29:34+00:00</time>
      </trkpt>
      <trkpt lat="50.46911" lon="6.09279">
        <ele>476</ele>
        <time>2024-09-26T17:29:37+00:00</time>
      </trkpt>
      <trkpt lat="50.46916" lon="6.09291">
        <ele>482</ele>
        <time>2024-09-26T17:29:40+00:00</time>
      </trkpt>
      <trkpt lat="50.46925" lon="6.09282">
        <ele>477</ele>
        <time>2024-09-26T17:29:43+00:00</time>
      </trkpt>
      <trkpt lat="50.46931" lon="6.09297">
        <ele>475</ele>
        <time>2024-09-26T17:29:46+00:00</time>
      </trkpt>
      <trkpt lat="50.46935" lon="6.09313">
        <ele>478</ele>
        <time>2024-09-26T17:29:49+00:00</time>
      </trkpt>
      <trkpt lat="50.46937" lon="6.0933">
        <ele>482</ele>
        <time>2024-09-26T17:29:52+00:00</time>
      </trkpt>
      <trkpt lat="50.46937" lon="6.09343">
        <ele>478</ele>
        <time>2024-09-26T17:29:55+00:00</time>
      </trkpt>
      <trkpt lat="50.46936" lon="6.09364">
        <ele>481</ele>
        <time>2024-09-26T17:29:58+00:00</time>
      </trkpt>
      <trkpt lat="50.46935" lon="6.09385">
        <ele>478</ele>
        <time>2024-09-26T17:30:01+00:00</time>
      </trkpt>
      <trkpt lat="50.46935" lon="6.09405">
        <ele>475</ele>
        <time>2024-09-26T17:30:04+00:00</time>
      </trkpt>
      <trkpt lat="50.46937" lon="6.09429">
        <ele>475</ele>
        <time>2024-09-26T17:30:07+00:00</time>
      </trkpt>
      <trkpt lat="50.46942" lon="6.09449">
        <ele>474</ele>
        <time>2024-09-26T17:30:10+00:00</time>
      </trkpt>
      <trkpt lat="50.46944" lon="6.09474">
        <ele>475</ele>
        <time>2024-09-26T17:30:13+00:00</time>
      </trkpt>
      <trkpt lat="50.46947" lon="6.09491">
        <ele>476</ele>
        <time>2024-09-26T17:30:16+00:00</time>
      </trkpt>
      <trkpt lat="50.46966" lon="6.09507">
        <ele>481</ele>
        <time>2024-09-26T17:30:19+00:00</time>
      </trkpt>
      <trkpt lat="50.46998" lon="6.09534">
        <ele>495</ele>
        <time>2024-09-26T17:30:22+00:00</time>
      </trkpt>
      <trkpt lat="50.47035" lon="6.09502">
        <ele>507</ele>
        <time>2024-09-26T17:30:25+00:00</time>
      </trkpt>
      <trkpt lat="50.4707" lon="6.09494">
        <ele>513</ele>
        <time>2024-09-26T17:30:28+00:00</time>
      </trkpt>
      <trkpt lat="50.471" lon="6.09515">
        <ele>517</ele>
        <time>2024-09-26T17:30:31+00:00</time>
      </trkpt>
      <trkpt lat="50.47117" lon="6.09491">
        <ele>522</ele>
        <time>2024-09-26T17:30:34+00:00</time>
      </trkpt>
      <trkpt lat="50.47116" lon="6.09466">
        <ele>524</ele>
        <time>2024-09-26T17:30:37+00:00</time>
      </trkpt>
      <trkpt lat="50.47125" lon="6.09444">
        <ele>527</ele>
        <time>2024-09-26T17:30:40+00:00</time>
      </trkpt>
      <trkpt lat="50.47137" lon="6.09416">
        <ele>531</ele>
        <time>2024-09-26T17:30:43+00:00</time>
      </trkpt>
      <trkpt lat="50.47153" lon="6.09412">
        <ele>532</ele>
        <time>2024-09-26T17:30:46+00:00</time>
      </trkpt>
      <trkpt lat="50.47162" lon="6.09387">
        <ele>536</ele>
        <time>2024-09-26T17:30:49+00:00</time>
      </trkpt>
      <trkpt lat="50.47173" lon="6.09352">
        <ele>539</ele>
        <time>2024-09-26T17:30:52+00:00</time>
      </trkpt>
      <trkpt lat="50.47186" lon="6.09334">
        <ele>540</ele>
        <time>2024-09-26T17:30:55+00:00</time>
      </trkpt>
      <trkpt lat="50.47196" lon="6.09302">
        <ele>540</ele>
        <time>2024-09-26T17:30:58+00:00</time>
      </trkpt>
      <trkpt lat="50.47207" lon="6.09265">
        <ele>537</ele>
        <time>2024-09-26T17:31:01+00:00</time>
      </trkpt>
      <trkpt lat="50.47228" lon="6.09255">
        <ele>536</ele>
        <time>2024-09-26T17:31:04+00:00</time>
      </trkpt>
      <trkpt lat="50.47249" lon="6.09244">
        <ele>531</ele>
        <time>2024-09-26T17:31:07+00:00</time>
      </trkpt>
      <trkpt lat="50.47264" lon="6.0922">
        <ele>528</ele>
        <time>2024-09-26T17:31:10+00:00</time>
      </trkpt>
      <trkpt lat="50.47293" lon="6.09216">
        <ele>521</ele>
        <time>2024-09-26T17:31:13+00:00</time>
      </trkpt>
      <trkpt lat="50.47305" lon="6.09249">
        <ele>509</ele>
        <time>2024-09-26T17:31:16+00:00</time>
      </trkpt>
      <trkpt lat="50.47321" lon="6.09293">
        <ele>501</ele>
        <time>2024-09-26T17:31:19+00:00</time>
      </trkpt>
      <trkpt lat="50.47294" lon="6.09335">
        <ele>499</ele>
        <time>2024-09-26T17:31:22+00:00</time>
      </trkpt>
      <trkpt lat="50.47276" lon="6.09358">
        <ele>499</ele>
        <time>2024-09-26T17:31:25+00:00</time>
      </trkpt>
      <trkpt lat="50.47254" lon="6.09387">
        <ele>496</ele>
        <time>2024-09-26T17:31:28+00:00</time>
      </trkpt>
      <trkpt lat="50.47227" lon="6.09422">
        <ele>493</ele>
        <time>2024-09-26T17:31:31+00:00</time>
      </trkpt>
      <trkpt lat="50.47214" lon="6.09456">
        <ele>491</ele>
        <time>2024-09-26T17:31:34+00:00</time>
      </trkpt>
      <trkpt lat="50.47204" lon="6.09479">
        <ele>492</ele>
        <time>2024-09-26T17:31:37+00:00</time>
      </trkpt>
      <trkpt lat="50.47212" lon="6.09489">
        <ele>491</ele>
        <time>2024-09-26T17:31:40+00:00</time>
      </trkpt>
      <trkpt lat="50.47248" lon="6.09465">
        <ele>505</ele>
        <time>2024-09-26T17:31:43+00:00</time>
      </trkpt>
      <trkpt lat="50.47271" lon="6.09489">
        <ele>523</ele>
        <time>2024-09-26T17:31:46+00:00</time>
      </trkpt>
      <trkpt lat="50.47289" lon="6.09517">
        <ele>530</ele>
        <time>2024-09-26T17:31:49+00:00</time>
      </trkpt>
      <trkpt lat="50.47324" lon="6.0954">
        <ele>535</ele>
        <time>2024-09-26T17:31:52+00:00</time>
      </trkpt>
      <trkpt lat="50.47364" lon="6.09557">
        <ele>534</ele>
        <time>2024-09-26T17:31:55+00:00</time>
      </trkpt>
      <trkpt lat="50.47344" lon="6.09574">
        <ele>533</ele>
        <time>2024-09-26T17:31:58+00:00</time>
      </trkpt>
      <trkpt lat="50.47322" lon="6.09592">
        <ele>528</ele>
        <time>2024-09-26T17:32:01+00:00</time>
      </trkpt>
      <trkpt lat="50.47297" lon="6.09581">
        <ele>524</ele>
        <time>2024-09-26T17:32:04+00:00</time>
      </trkpt>
      <trkpt lat="50.47279" lon="6.09557">
        <ele>524</ele>
        <time>2024-09-26T17:32:07+00:00</time>
      </trkpt>
      <trkpt lat="50.47257" lon="6.09529">
        <ele>516</ele>
        <time>2024-09-26T17:32:10+00:00</time>
      </trkpt>
      <trkpt lat="50.47216" lon="6.0954">
        <ele>500</ele>
        <time>2024-09-26T17:32:13+00:00</time>
      </trkpt>
      <trkpt lat="50.47205" lon="6.09569">
        <ele>499</ele>
        <time>2024-09-26T17:32:16+00:00</time>
      </trkpt>
      <trkpt lat="50.47192" lon="6.09571">
        <ele>497</ele>
        <time>2024-09-26T17:32:19+00:00</time>
      </trkpt>
      <trkpt lat="50.47176" lon="6.0956">
        <ele>489</ele>
        <time>2024-09-26T17:32:22+00:00</time>
      </trkpt>
      <trkpt lat="50.4716" lon="6.09601">
        <ele>487</ele>
        <time>2024-09-26T17:32:25+00:00</time>
      </trkpt>
      <trkpt lat="50.47143" lon="6.09617">
        <ele>485</ele>
        <time>2024-09-26T17:32:28+00:00</time>
      </trkpt>
      <trkpt lat="50.47117" lon="6.09613">
        <ele>484</ele>
        <time>2024-09-26T17:32:31+00:00</time>
      </trkpt>
      <trkpt lat="50.47077" lon="6.09606">
        <ele>482</ele>
        <time>2024-09-26T17:32:34+00:00</time>
      </trkpt>
      <trkpt lat="50.47054" lon="6.09599">
        <ele>482</ele>
        <time>2024-09-26T17:32:37+00:00</time>
      </trkpt>
      <trkpt lat="50.47025" lon="6.09591">
        <ele>485</ele>
        <time>2024-09-26T17:32:40+00:00</time>
      </trkpt>
      <trkpt lat="50.47014" lon="6.09632">
        <ele>489</ele>
        <time>2024-09-26T17:32:43+00:00</time>
      </trkpt>
      <trkpt lat="50.47007" lon="6.09673">
        <ele>492</ele>
        <time>2024-09-26T17:32:46+00:00</time>
      </trkpt>
      <trkpt lat="50.47004" lon="6.09708">
        <ele>497</ele>
        <time>2024-09-26T17:32:49+00:00</time>
      </trkpt>
      <trkpt lat="50.47001" lon="6.09737">
        <ele>501</ele>
        <time>2024-09-26T17:32:52+00:00</time>
      </trkpt>
      <trkpt lat="50.47001" lon="6.09751">
        <ele>500</ele>
        <time>2024-09-26T17:32:55+00:00</time>
      </trkpt>
      <trkpt lat="50.46988" lon="6.09754">
        <ele>508</ele>
        <time>2024-09-26T17:32:58+00:00</time>
      </trkpt>
      <trkpt lat="50.46983" lon="6.09774">
        <ele>508</ele>
        <time>2024-09-26T17:33:01+00:00</time>
      </trkpt>
      <trkpt lat="50.46975" lon="6.09794">
        <ele>510</ele>
        <time>2024-09-26T17:33:04+00:00</time>
      </trkpt>
      <trkpt lat="50.46967" lon="6.09814">
        <ele>511</ele>
        <time>2024-09-26T17:33:07+00:00</time>
      </trkpt>
      <trkpt lat="50.46965" lon="6.09836">
        <ele>511</ele>
        <time>2024-09-26T17:33:10+00:00</time>
      </trkpt>
      <trkpt lat="50.46969" lon="6.09864">
        <ele>515</ele>
        <time>2024-09-26T17:33:13+00:00</time>
      </trkpt>
      <trkpt lat="50.46976" lon="6.09891">
        <ele>516</ele>
        <time>2024-09-26T17:33:16+00:00</time>
      </trkpt>
      <trkpt lat="50.46985" lon="6.09922">
        <ele>518</ele>
        <time>2024-09-26T17:33:19+00:00</time>
      </trkpt>
      <trkpt lat="50.46988" lon="6.09951">
        <ele>524</ele>
        <time>2024-09-26T17:33:22+00:00</time>
      </trkpt>
      <trkpt lat="50.46994" lon="6.09997">
        <ele>526</ele>
        <time>2024-09-26T17:33:25+00:00</time>
      </trkpt>
      <trkpt lat="50.47001" lon="6.10046">
        <ele>530</ele>
        <time>2024-09-26T17:33:28+00:00</time>
      </trkpt>
      <trkpt lat="50.47014" lon="6.10083">
        <ele>535</ele>
        <time>2024-09-26T17:33:31+00:00</time>
      </trkpt>
      <trkpt lat="50.4703" lon="6.10105">
        <ele>538</ele>
        <time>2024-09-26T17:33:34+00:00</time>
      </trkpt>
      <trkpt lat="50.4704" lon="6.10107">
        <ele>540</ele>
        <time>2024-09-26T17:33:37+00:00</time>
      </trkpt>
      <trkpt lat="50.47061" lon="6.10119">
        <ele>543</ele>
        <time>2024-09-26T17:33:40+00:00</time>
      </trkpt>
      <trkpt lat="50.47071" lon="6.10107">
        <ele>548</ele>
        <time>2024-09-26T17:33:43+00:00</time>
      </trkpt>
      <trkpt lat="50.47075" lon="6.10091">
        <ele>547</ele>
        <time>2024-09-26T17:33:46+00:00</time>
      </trkpt>
      <trkpt lat="50.47075" lon="6.10071">
        <ele>547</ele>
        <time>2024-09-26T17:33:49+00:00</time>
      </trkpt>
      <trkpt lat="50.47076" lon="6.10049">
        <ele>546</ele>
        <time>2024-09-26T17:33:52+00:00</time>
      </trkpt>
      <trkpt lat="50.47077" lon="6.10038">
        <ele>548</ele>
        <time>2024-09-26T17:33:55+00:00</time>
      </trkpt>
      <trkpt lat="50.47068" lon="6.10025">
        <ele>546</ele>
        <time>2024-09-26T17:33:58+00:00</time>
      </trkpt>
      <trkpt lat="50.47064" lon="6.09997">
        <ele>544</ele>
        <time>2024-09-26T17:34:01+00:00</time>
      </trkpt>
      <trkpt lat="50.47059" lon="6.09967">
        <ele>541</ele>
        <time>2024-09-26T17:34:04+00:00</time>
      </trkpt>
      <trkpt lat="50.4705" lon="6.09944">
        <ele>540</ele>
        <time>2024-09-26T17:34:07+00:00</time>
      </trkpt>
      <trkpt lat="50.47042" lon="6.09912">
        <ele>537</ele>
        <time>2024-09-26T17:34:10+00:00</time>
      </trkpt>
      <trkpt lat="50.47026" lon="6.0988">
        <ele>532</ele>
        <time>2024-09-26T17:34:13+00:00</time>
      </trkpt>
      <trkpt lat="50.47016" lon="6.09845">
        <ele>526</ele>
        <time>2024-09-26T17:34:16+00:00</time>
      </trkpt>
      <trkpt lat="50.47032" lon="6.09822">
        <ele>524</ele>
        <time>2024-09-26T17:34:19+00:00</time>
      </trkpt>
      <trkpt lat="50.47054" lon="6.09802">
        <ele>525</ele>
        <time>2024-09-26T17:34:22+00:00</time>
      </trkpt>
      <trkpt lat="50.4707" lon="6.09802">
        <ele>524</ele>
        <time>2024-09-26T17:34:25+00:00</time>
      </trkpt>
      <trkpt lat="50.47087" lon="6.09816">
        <ele>527</ele>
        <time>2024-09-26T17:34:28+00:00</time>
      </trkpt>
      <trkpt lat="50.47099" lon="6.09821">
        <ele>529</ele>
        <time>2024-09-26T17:34:31+00:00</time>
      </trkpt>
      <trkpt lat="50.47111" lon="6.09815">
        <ele>527</ele>
        <time>2024-09-26T17:34:34+00:00</time>
      </trkpt>
      <trkpt lat="50.47119" lon="6.09805">
        <ele>528</ele>
        <time>2024-09-26T17:34:37+00:00</time>
      </trkpt>
      <trkpt lat="50.47126" lon="6.09792">
        <ele>525</ele>
        <time>2024-09-26T17:34:40+00:00</time>
      </trkpt>
      <trkpt lat="50.47133" lon="6.09766">
        <ele>527</ele>
        <time>2024-09-26T17:34:43+00:00</time>
      </trkpt>
      <trkpt lat="50.47149" lon="6.09781">
        <ele>529</ele>
        <time>2024-09-26T17:34:46+00:00</time>
      </trkpt>
      <trkpt lat="50.47176" lon="6.09818">
        <ele>536</ele>
        <time>2024-09-26T17:34:49+00:00</time>
      </trkpt>
      <trkpt lat="50.47203" lon="6.09856">
        <ele>542</ele>
        <time>2024-09-26T17:34:52+00:00</time>
      </trkpt>
      <trkpt lat="50.47229" lon="6.09894">
        <ele>547</ele>
        <time>2024-09-26T17:34:55+00:00</time>
      </trkpt>
      <trkpt lat="50.47256" lon="6.09932">
        <ele>554</ele>
        <time>2024-09-26T17:34:58+00:00</time>
      </trkpt>
      <trkpt lat="50.47283" lon="6.0997">
        <ele>559</ele>
        <time>2024-09-26T17:35:01+00:00</time>
      </trkpt>
      <trkpt lat="50.47314" lon="6.10014">
        <ele>565</ele>
        <time>2024-09-26T17:35:04+00:00</time>
      </trkpt>
      <trkpt lat="50.47334" lon="6.10044">
        <ele>569</ele>
        <time>2024-09-26T17:35:07+00:00</time>
      </trkpt>
      <trkpt lat="50.47373" lon="6.10101">
        <ele>576</ele>
        <time>2024-09-26T17:35:10+00:00</time>
      </trkpt>
      <trkpt lat="50.47395" lon="6.1013">
        <ele>581</ele>
        <time>2024-09-26T17:35:13+00:00</time>
      </trkpt>
      <trkpt lat="50.47416" lon="6.10163">
        <ele>589</ele>
        <time>2024-09-26T17:35:16+00:00</time>
      </trkpt>
      <trkpt lat="50.47432" lon="6.10188">
        <ele>595</ele>
        <time>2024-09-26T17:35:19+00:00</time>
      </trkpt>
      <trkpt lat="50.47451" lon="6.10217">
        <ele>601</ele>
        <time>2024-09-26T17:35:22+00:00</time>
      </trkpt>
    </trkseg>
  </trk>
</gpx>
